elapsed_s,gpu_hbm_mb,gpu0_hbm_mb,gpu1_hbm_mb,gpu2_hbm_mb,gpu3_hbm_mb,proc_rss_mb,proc_anon_mb,proc_pss_mb,proc_pss_anon_mb,proc_locked_mb,file_cache_mb,hicache_dir_mb,anonpages_mb,reclaimable_mb,nonreclaimable_mb,mem_used_mb,mem_avail_mb,mem_total_mb,rss_plus_cache_mb,n_pids
0.0,144580.0,27374.0,45052.0,27104.0,45050.0,67815.5,56022.4,15093.0,13096.6,0.0,23637.1,0.0,16038.4,24536.9,19905.4,44481.5,107489.1,128652.3,91452.6,148
1.0,144580.0,27374.0,45052.0,27104.0,45050.0,67815.6,56022.5,15093.1,13096.7,0.0,23637.1,0.0,16814.5,24537.1,20683.0,45259.2,106711.5,128652.3,91452.7,148
2.0,144946.0,27698.0,45052.0,27146.0,45050.0,67816.1,56023.0,15093.6,13097.2,0.0,23637.2,0.0,17286.3,24537.2,21157.8,45734.2,106236.6,128652.3,91453.3,148
3.0,144948.0,27698.0,45052.0,27146.0,45052.0,67964.3,56065.8,15240.2,13140.1,0.0,23637.2,0.0,16594.2,24536.7,20591.7,45167.5,106802.8,128652.3,91601.4,148
4.1,144950.0,27698.0,45052.0,27148.0,45052.0,67974.8,56070.9,15249.6,13145.2,0.0,23637.3,0.0,16603.3,24535.9,20594.2,45169.2,106800.2,128652.3,91612.1,148
5.1,144950.0,27698.0,45052.0,27148.0,45052.0,67975.1,56071.3,15250.0,13145.5,0.0,23637.4,0.0,16606.3,24536.0,20604.7,45179.8,106789.8,128652.3,91612.6,148
6.1,144950.0,27698.0,45052.0,27148.0,45052.0,67981.8,56077.8,15256.6,13152.1,0.0,23637.4,0.0,16613.0,24536.0,20617.7,45192.9,106776.7,128652.3,91619.2,148
7.1,144950.0,27698.0,45052.0,27148.0,45052.0,67982.8,56078.8,15257.6,13153.0,0.0,23637.4,0.0,16613.9,24536.1,20621.0,45196.2,106773.5,128652.3,91620.2,148
8.1,144950.0,27698.0,45052.0,27148.0,45052.0,67982.8,56078.8,15257.6,13153.0,0.0,23637.4,0.0,16614.2,24536.1,20620.6,45195.8,106773.9,128652.3,91620.3,148
9.1,144950.0,27698.0,45052.0,27148.0,45052.0,67982.9,56078.9,15257.7,13153.1,0.0,23637.4,0.0,16614.3,24536.1,20620.4,45195.6,106774.1,128652.3,91620.4,148
10.1,145166.0,27762.0,45116.0,27172.0,45116.0,67983.0,56079.0,15257.8,13153.2,0.0,23637.4,0.0,16614.5,24536.1,20621.2,45196.4,106773.2,128652.3,91620.5,148
11.1,144992.0,27684.0,45054.0,27200.0,45054.0,68052.9,56080.9,15327.6,13155.1,0.0,23637.4,0.0,16607.0,24536.1,20677.8,45253.0,106716.7,128652.3,91690.3,148
12.1,144994.0,27686.0,45054.0,27200.0,45054.0,68057.6,56081.5,15332.2,13155.8,0.0,23637.5,0.0,16608.6,24535.8,20682.4,45257.4,106712.0,128652.3,91695.1,148
13.1,144994.0,27686.0,45054.0,27200.0,45054.0,68057.8,56081.6,15332.4,13155.9,0.0,23637.5,0.0,16609.3,24535.9,20680.3,45255.3,106714.1,128652.3,91695.3,148
14.1,144994.0,27686.0,45054.0,27200.0,45054.0,68057.9,56081.7,15332.4,13155.9,0.0,23637.5,0.0,16610.3,24535.9,20680.2,45255.2,106714.3,128652.3,91695.3,148
15.1,145272.0,27754.0,45074.0,27370.0,45074.0,68057.9,56081.7,15332.5,13156.0,0.0,23637.5,0.0,16610.3,24535.9,20679.7,45254.8,106714.7,128652.3,91695.4,148
16.1,145272.0,27754.0,45074.0,27370.0,45074.0,68067.6,56091.2,15342.0,13165.4,0.0,23637.5,0.0,16613.8,24535.1,20693.1,45267.4,106701.3,128652.3,91705.1,148
17.1,145272.0,27754.0,45074.0,27370.0,45074.0,68067.9,56091.6,15342.3,13165.8,0.0,23637.5,0.0,16620.8,24535.2,20699.4,45273.7,106695.0,128652.3,91705.4,148
18.1,145272.0,27754.0,45074.0,27370.0,45074.0,68068.0,56091.6,15342.4,13165.9,0.0,23637.5,0.0,16620.9,24535.2,20701.4,45275.7,106693.1,128652.3,91705.5,148
19.1,145320.0,27802.0,45074.0,27370.0,45074.0,68068.0,56091.6,15342.4,13165.9,0.0,23637.5,0.0,16620.9,24535.2,20702.6,45276.9,106691.9,128652.3,91705.5,148
20.1,145320.0,27802.0,45074.0,27370.0,45074.0,68068.1,56091.7,15342.5,13165.9,0.0,23637.8,0.0,16621.0,24535.3,20701.5,45276.0,106693.0,128652.3,91705.8,148
21.1,145320.0,27802.0,45074.0,27370.0,45074.0,68069.1,56092.7,15343.5,13167.0,0.0,23637.8,0.0,16621.3,24535.3,20707.8,45282.3,106686.7,128652.3,91706.9,148
22.1,145320.0,27802.0,45074.0,27370.0,45074.0,68069.2,56092.8,15343.6,13167.1,0.0,23637.8,0.0,16622.3,24535.4,20705.9,45280.4,106688.5,128652.3,91707.0,148
23.1,145320.0,27802.0,45074.0,27370.0,45074.0,68070.5,56094.1,15344.9,13168.3,0.0,23637.8,0.0,16623.5,24535.4,20709.1,45283.7,106685.3,128652.3,91708.2,148
24.1,145320.0,27802.0,45074.0,27370.0,45074.0,68070.8,56094.4,15345.3,13168.7,0.0,23637.8,0.0,16623.6,24535.4,20708.5,45283.1,106685.9,128652.3,91708.6,148
25.1,145324.0,27802.0,45074.0,27374.0,45074.0,68072.4,56096.0,15346.9,13170.3,0.0,23637.8,0.0,16622.7,24535.8,20704.7,45279.7,106689.7,128652.3,91710.2,148
26.1,145324.0,27802.0,45074.0,27374.0,45074.0,68072.6,56096.2,15347.0,13170.4,0.0,23637.8,0.0,16622.5,24535.6,20706.6,45281.4,106687.8,128652.3,91710.4,148
27.1,145324.0,27802.0,45074.0,27374.0,45074.0,68072.9,56096.5,15347.3,13170.7,0.0,23637.8,0.0,16623.1,24535.3,20707.0,45281.4,106687.4,128652.3,91710.7,148
28.1,145324.0,27802.0,45074.0,27374.0,45074.0,68072.9,56096.5,15347.4,13170.8,0.0,23637.8,0.0,16623.4,24535.3,20706.8,45281.3,106687.6,128652.3,91710.8,148
29.1,145324.0,27802.0,45074.0,27374.0,45074.0,68074.0,56097.3,15348.2,13171.6,0.0,23637.8,0.0,16624.1,24534.9,20705.3,45279.4,106689.1,128652.3,91711.8,148
30.1,145324.0,27802.0,45074.0,27374.0,45074.0,68076.6,56100.0,15350.8,13174.2,0.0,23637.8,0.0,16626.8,24535.1,20710.8,45285.1,106683.6,128652.3,91714.4,148
31.1,145324.0,27802.0,45074.0,27374.0,45074.0,68076.6,56100.0,15350.9,13174.3,0.0,23637.8,0.0,16627.1,24535.1,20708.0,45282.3,106686.4,128652.3,91714.5,148
32.1,145324.0,27802.0,45074.0,27374.0,45074.0,68076.7,56100.1,15351.0,13174.3,0.0,23636.9,0.0,16627.1,24534.1,20709.0,45282.3,106685.4,128652.3,91713.6,148
33.1,145324.0,27802.0,45074.0,27374.0,45074.0,68080.4,56103.8,15354.6,13178.0,0.0,23636.7,0.0,16630.2,24534.0,20715.2,45288.4,106679.1,128652.3,91717.1,148
34.1,145324.0,27802.0,45074.0,27374.0,45074.0,68080.4,56103.8,15354.7,13178.1,0.0,23636.7,0.0,16630.9,24534.2,20714.5,45288.0,106679.8,128652.3,91717.2,148
35.1,145324.0,27802.0,45074.0,27374.0,45074.0,68080.7,56104.1,15354.9,13178.3,0.0,23636.8,0.0,16631.0,24534.2,20718.6,45292.0,106675.8,128652.3,91717.4,148
36.1,145324.0,27802.0,45074.0,27374.0,45074.0,68080.8,56104.1,15355.0,13178.4,0.0,23636.9,0.0,16631.4,24534.3,20718.3,45291.8,106676.1,128652.3,91717.7,148
37.1,145324.0,27802.0,45074.0,27374.0,45074.0,68080.9,56104.2,15355.1,13178.5,0.0,23636.9,0.0,16631.7,24534.1,20721.7,45294.9,106672.7,128652.3,91717.8,148
38.1,145324.0,27802.0,45074.0,27374.0,45074.0,68084.3,56107.7,15358.5,13181.9,0.0,23636.9,0.0,16634.7,24534.1,20719.3,45292.7,106675.1,128652.3,91721.2,148
39.1,145328.0,27806.0,45074.0,27374.0,45074.0,68084.5,56107.9,15358.8,13182.2,0.0,23636.9,0.0,16635.3,24534.1,20723.9,45297.2,106670.4,128652.3,91721.5,148
40.1,145328.0,27806.0,45074.0,27374.0,45074.0,68084.6,56108.0,15358.8,13182.2,0.0,23636.9,0.0,16635.4,24534.1,20723.4,45296.7,106671.0,128652.3,91721.5,148
41.1,145328.0,27806.0,45074.0,27374.0,45074.0,68084.6,56108.0,15358.8,13182.2,0.0,23636.9,0.0,16635.5,24534.3,20721.7,45295.2,106672.7,128652.3,91721.5,148
42.1,145328.0,27806.0,45074.0,27374.0,45074.0,68084.6,56108.0,15358.9,13182.3,0.0,23636.9,0.0,16635.4,24534.2,20724.0,45297.5,106670.3,128652.3,91721.6,148
43.1,145328.0,27806.0,45074.0,27374.0,45074.0,68087.7,56111.1,15362.0,13185.4,0.0,23637.0,0.0,16638.4,24534.8,20724.2,45298.3,106670.1,128652.3,91724.7,148
44.1,145328.0,27806.0,45074.0,27374.0,45074.0,68087.8,56111.2,15361.9,13185.4,0.0,23637.0,0.0,16640.8,24535.1,20735.3,45309.6,106659.0,128652.3,91724.8,148
45.1,145328.0,27806.0,45074.0,27374.0,45074.0,68087.8,56111.2,15361.9,13185.4,0.0,23637.0,0.0,16640.7,24535.1,20740.1,45314.4,106654.3,128652.3,91724.8,148
46.1,145328.0,27806.0,45074.0,27374.0,45074.0,68088.0,56111.4,15362.2,13185.6,0.0,23637.0,0.0,16642.5,24535.0,20736.6,45310.9,106657.7,128652.3,91725.0,148
47.1,145328.0,27806.0,45074.0,27374.0,45074.0,68088.0,56111.4,15362.2,13185.7,0.0,23637.0,0.0,16642.2,24534.7,20740.7,45314.6,106653.6,128652.3,91725.0,148
48.1,145368.0,27806.0,45094.0,27374.0,45094.0,68088.1,56111.5,15362.3,13185.8,0.0,23637.0,0.0,16642.1,24534.8,20740.9,45314.9,106653.5,128652.3,91725.2,148
49.1,145368.0,27806.0,45094.0,27374.0,45094.0,68091.8,56115.2,15366.0,13189.4,0.0,23637.0,0.0,16645.8,24535.4,20742.9,45317.6,106651.4,128652.3,91728.8,148
50.1,145368.0,27806.0,45094.0,27374.0,45094.0,68091.8,56115.2,15366.0,13189.5,0.0,23637.0,0.0,16645.9,24535.3,20739.9,45314.5,106654.4,128652.3,91728.9,148
51.2,145368.0,27806.0,45094.0,27374.0,45094.0,68092.1,56115.4,15366.2,13189.7,0.0,23637.1,0.0,16646.2,24535.4,20740.2,45314.8,106654.2,128652.3,91729.1,148
52.2,145368.0,27806.0,45094.0,27374.0,45094.0,68092.2,56115.6,15366.4,13189.8,0.0,23637.2,0.0,16646.3,24536.0,20739.3,45314.5,106655.0,128652.3,91729.4,148
53.2,145368.0,27806.0,45094.0,27374.0,45094.0,68092.6,56116.0,15366.8,13190.2,0.0,23637.2,0.0,16646.8,24536.2,20742.6,45318.1,106651.8,128652.3,91729.8,148
54.2,145368.0,27806.0,45094.0,27374.0,45094.0,68092.9,56116.3,15367.1,13190.5,0.0,23637.2,0.0,16647.6,24536.3,20742.2,45317.7,106652.2,128652.3,91730.1,148
55.2,145368.0,27806.0,45094.0,27374.0,45094.0,68092.9,56116.3,15367.1,13190.5,0.0,23637.2,0.0,16647.2,24536.3,20742.3,45317.8,106652.1,128652.3,91730.1,148
56.2,145368.0,27806.0,45094.0,27374.0,45094.0,68092.9,56116.3,15367.1,13190.5,0.0,23637.2,0.0,16647.2,24536.3,20744.4,45319.9,106650.0,128652.3,91730.1,148
57.2,145368.0,27806.0,45094.0,27374.0,45094.0,68093.1,56116.5,15367.3,13190.7,0.0,23637.2,0.0,16647.3,24536.1,20745.4,45320.9,106648.9,128652.3,91730.3,148
58.2,145368.0,27806.0,45094.0,27374.0,45094.0,68093.3,56116.7,15367.5,13190.9,0.0,23637.3,0.0,16648.4,24536.6,20744.4,45320.3,106649.9,128652.3,91730.6,148
59.2,145368.0,27806.0,45094.0,27374.0,45094.0,68093.3,56116.7,15367.5,13191.0,0.0,23637.3,0.0,16648.8,24536.6,20744.5,45320.4,106649.8,128652.3,91730.6,148
60.2,145368.0,27806.0,45094.0,27374.0,45094.0,68094.3,56117.7,15368.5,13192.0,0.0,23637.3,0.0,16649.8,24536.6,20745.0,45320.9,106649.3,128652.3,91731.6,148
61.2,145368.0,27806.0,45094.0,27374.0,45094.0,68095.2,56118.6,15369.4,13192.8,0.0,23637.3,0.0,16650.9,24536.5,20744.5,45320.3,106649.8,128652.3,91732.5,148
62.2,145368.0,27806.0,45094.0,27374.0,45094.0,68095.3,56118.7,15369.5,13192.9,0.0,23637.3,0.0,16651.4,24536.5,20741.6,45317.4,106652.7,128652.3,91732.6,148
63.2,145368.0,27806.0,45094.0,27374.0,45094.0,68101.3,56124.7,15375.4,13198.9,0.0,23637.3,0.0,16657.0,24536.4,20753.9,45329.6,106640.4,128652.3,91738.5,148
64.2,145368.0,27806.0,45094.0,27374.0,45094.0,68101.3,56124.7,15375.5,13198.9,0.0,23637.3,0.0,16657.5,24536.8,20756.8,45332.9,106637.5,128652.3,91738.6,148
65.2,145368.0,27806.0,45094.0,27374.0,45094.0,68101.9,56125.3,15376.1,13199.6,0.0,23637.3,0.0,16658.2,24536.7,20756.6,45332.6,106637.7,128652.3,91739.2,148
66.2,145368.0,27806.0,45094.0,27374.0,45094.0,68104.5,56127.8,15378.6,13202.1,0.0,23637.3,0.0,16660.6,24536.2,20759.5,45335.0,106634.8,128652.3,91741.8,148
67.2,145368.0,27806.0,45094.0,27374.0,45094.0,68104.5,56127.9,15378.7,13202.1,0.0,23637.3,0.0,16661.2,24536.2,20759.0,45334.4,106635.3,128652.3,91741.8,148
68.2,145368.0,27806.0,45094.0,27374.0,45094.0,68104.6,56128.0,15378.8,13202.3,0.0,23637.4,0.0,16661.6,24536.6,20758.0,45333.9,106636.3,128652.3,91742.1,148
69.2,145368.0,27806.0,45094.0,27374.0,45094.0,68104.6,56128.0,15378.8,13202.3,0.0,23637.4,0.0,16661.7,24536.3,20757.6,45333.2,106636.7,128652.3,91742.1,148
70.2,145368.0,27806.0,45094.0,27374.0,45094.0,68106.1,56129.5,15380.3,13203.7,0.0,23637.4,0.0,16661.6,24536.1,20758.2,45333.6,106636.1,128652.3,91743.5,148
71.2,145368.0,27806.0,45094.0,27374.0,45094.0,68106.2,56129.6,15380.4,13203.9,0.0,23637.4,0.0,16663.3,24536.0,20763.4,45338.7,106630.9,128652.3,91743.7,148
72.2,145368.0,27806.0,45094.0,27374.0,45094.0,68106.3,56129.7,15380.5,13203.9,0.0,23637.4,0.0,16663.4,24536.0,20763.8,45339.1,106630.5,128652.3,91743.7,148
73.2,145368.0,27806.0,45094.0,27374.0,45094.0,68106.3,56129.7,15380.5,13203.9,0.0,23637.5,0.0,16663.5,24536.0,20760.0,45335.3,106634.3,128652.3,91743.8,148
74.2,145368.0,27806.0,45094.0,27374.0,45094.0,68106.4,56129.8,15380.6,13204.0,0.0,23637.5,0.0,16663.5,24536.1,20761.2,45336.7,106633.0,128652.3,91743.9,148
75.2,145368.0,27806.0,45094.0,27374.0,45094.0,68106.4,56129.8,15380.6,13204.0,0.0,23637.5,0.0,16660.6,24536.4,20761.4,45337.1,106632.9,128652.3,91743.9,148
76.2,145368.0,27806.0,45094.0,27374.0,45094.0,68106.4,56129.8,15380.6,13204.0,0.0,23637.5,0.0,16660.9,24536.1,20754.5,45329.9,106639.8,128652.3,91743.9,148
77.2,145368.0,27806.0,45094.0,27374.0,45094.0,68106.5,56129.9,15380.7,13204.1,0.0,23637.5,0.0,16660.9,24536.2,20750.7,45326.1,106643.6,128652.3,91744.0,148
78.2,145368.0,27806.0,45094.0,27374.0,45094.0,68106.5,56129.9,15380.7,13204.1,0.0,23637.5,0.0,16661.0,24536.1,20747.9,45323.3,106646.4,128652.3,91744.0,148
79.3,145368.0,27806.0,45094.0,27374.0,45094.0,68106.7,56130.1,15380.9,13204.3,0.0,23637.5,0.0,16661.1,24536.3,20749.5,45325.2,106644.7,128652.3,91744.2,148
80.3,145368.0,27806.0,45094.0,27374.0,45094.0,68106.7,56130.1,15380.9,13204.3,0.0,23637.5,0.0,16661.3,24536.3,20751.5,45327.1,106642.8,128652.3,91744.2,148
81.3,145370.0,27806.0,45096.0,27374.0,45094.0,68106.7,56130.1,15380.9,13204.3,0.0,23637.5,0.0,16661.8,24536.1,20752.6,45328.1,106641.6,128652.3,91744.2,148
82.3,145372.0,27806.0,45096.0,27374.0,45096.0,68106.7,56130.1,15380.9,13204.3,0.0,23637.5,0.0,16662.0,24535.9,20751.4,45326.7,106642.9,128652.3,91744.2,148
83.3,145372.0,27806.0,45096.0,27374.0,45096.0,68106.7,56130.1,15380.9,13204.3,0.0,23637.6,0.0,16662.0,24536.0,20753.8,45329.1,106640.5,128652.3,91744.3,148
84.3,145372.0,27806.0,45096.0,27374.0,45096.0,68106.7,56130.1,15381.0,13204.4,0.0,23637.6,0.0,16662.1,24536.0,20762.1,45337.5,106632.1,128652.3,91744.3,148
85.3,145372.0,27806.0,45096.0,27374.0,45096.0,68106.7,56130.1,15381.0,13204.4,0.0,23637.6,0.0,16662.5,24536.3,20763.1,45338.7,106631.2,128652.3,91744.3,148
86.3,145372.0,27806.0,45096.0,27374.0,45096.0,68106.8,56130.1,15381.0,13204.4,0.0,23637.6,0.0,16662.6,24536.4,20764.2,45339.9,106630.1,128652.3,91744.3,148
87.3,145372.0,27806.0,45096.0,27374.0,45096.0,68106.9,56130.3,15381.1,13204.5,0.0,23637.6,0.0,16662.7,24536.4,20764.0,45339.7,106630.2,128652.3,91744.5,148
88.3,145372.0,27806.0,45096.0,27374.0,45096.0,68107.1,56130.5,15381.4,13204.8,0.0,23637.7,0.0,16662.8,24536.5,20764.9,45340.8,106629.3,128652.3,91744.8,148
89.3,145372.0,27806.0,45096.0,27374.0,45096.0,68107.4,56130.7,15381.6,13205.0,0.0,23637.7,0.0,16663.2,24536.3,20764.6,45340.2,106629.7,128652.3,91745.1,148
90.3,145372.0,27806.0,45096.0,27374.0,45096.0,68107.4,56130.7,15381.6,13205.0,0.0,23637.7,0.0,16663.3,24536.1,20760.4,45335.9,106633.8,128652.3,91745.1,148
91.3,145372.0,27806.0,45096.0,27374.0,45096.0,68107.4,56130.7,15381.6,13205.0,0.0,23637.7,0.0,16663.2,24536.2,20759.2,45334.8,106635.0,128652.3,91745.1,148
92.3,145372.0,27806.0,45096.0,27374.0,45096.0,68107.5,56130.8,15381.7,13205.1,0.0,23637.8,0.0,16663.4,24536.3,20756.9,45332.6,106637.3,128652.3,91745.2,148
93.3,145372.0,27806.0,45096.0,27374.0,45096.0,68108.1,56131.5,15382.3,13205.7,0.0,23637.8,0.0,16664.1,24536.2,20759.3,45334.9,106634.9,128652.3,91745.9,148
94.3,145372.0,27806.0,45096.0,27374.0,45096.0,68108.1,56131.5,15382.3,13205.7,0.0,23637.8,0.0,16664.2,24536.2,20756.1,45331.7,106638.1,128652.3,91745.9,148
95.3,145372.0,27806.0,45096.0,27374.0,45096.0,68108.1,56131.5,15382.3,13205.7,0.0,23637.8,0.0,16667.2,24536.3,20757.1,45332.8,106637.0,128652.3,91745.9,148
96.3,145372.0,27806.0,45096.0,27374.0,45096.0,68108.1,56131.5,15382.3,13205.8,0.0,23637.8,0.0,16682.0,24536.1,20779.6,45355.2,106614.6,128652.3,91746.0,148
97.3,145372.0,27806.0,45096.0,27374.0,45096.0,68108.1,56131.5,15382.3,13205.8,0.0,23637.8,0.0,16667.5,24535.6,20764.4,45339.3,106629.8,128652.3,91746.0,148
98.3,145372.0,27806.0,45096.0,27374.0,45096.0,68108.1,56131.5,15382.3,13205.8,0.0,23637.9,0.0,16667.6,24535.6,20763.1,45338.2,106631.1,128652.3,91746.1,148
99.3,145372.0,27806.0,45096.0,27374.0,45096.0,68108.5,56131.8,15382.7,13206.1,0.0,23637.9,0.0,16668.2,24535.6,20765.5,45340.5,106628.7,128652.3,91746.4,148
100.3,145372.0,27806.0,45096.0,27374.0,45096.0,68108.5,56131.9,15382.7,13206.1,0.0,23637.9,0.0,16668.0,24535.9,20769.2,45344.5,106625.0,128652.3,91746.5,148
101.4,145372.0,27806.0,45096.0,27374.0,45096.0,68108.6,56132.0,15382.8,13206.2,0.0,23637.9,0.0,16667.9,24535.7,20768.5,45343.5,106625.7,128652.3,91746.5,148
102.4,145372.0,27806.0,45096.0,27374.0,45096.0,68108.6,56132.0,15382.8,13206.2,0.0,23637.9,0.0,16668.1,24535.5,20767.4,45342.3,106626.8,128652.3,91746.5,148
103.4,145372.0,27806.0,45096.0,27374.0,45096.0,68108.6,56132.0,15382.8,13206.2,0.0,23637.9,0.0,16668.1,24535.5,20765.9,45340.8,106628.3,128652.3,91746.5,148
104.4,145372.0,27806.0,45096.0,27374.0,45096.0,68108.7,56132.0,15382.9,13206.3,0.0,23638.1,0.0,16668.2,24535.8,20766.7,45341.9,106627.5,128652.3,91746.8,148
105.4,145372.0,27806.0,45096.0,27374.0,45096.0,68108.7,56132.1,15382.9,13206.3,0.0,23638.1,0.0,16668.3,24535.8,20763.1,45338.3,106631.1,128652.3,91746.9,148
106.4,145372.0,27806.0,45096.0,27374.0,45096.0,68108.7,56132.1,15382.9,13206.3,0.0,23638.1,0.0,16668.3,24535.7,20763.2,45338.3,106631.0,128652.3,91746.9,148
107.4,145372.0,27806.0,45096.0,27374.0,45096.0,68108.8,56132.1,15383.0,13206.4,0.0,23638.2,0.0,16668.3,24535.7,20764.0,45339.1,106630.2,128652.3,91747.0,148
108.4,145372.0,27806.0,45096.0,27374.0,45096.0,68108.8,56132.1,15383.0,13206.4,0.0,23638.2,0.0,16668.4,24535.5,20764.7,45339.6,106629.4,128652.3,91747.0,148
109.4,145372.0,27806.0,45096.0,27374.0,45096.0,68108.9,56132.2,15383.1,13206.5,0.0,23638.2,0.0,16668.9,24535.5,20765.6,45340.5,106628.6,128652.3,91747.1,148
110.4,145372.0,27806.0,45096.0,27374.0,45096.0,68108.9,56132.3,15383.1,13206.5,0.0,23638.2,0.0,16668.6,24535.5,20763.9,45338.8,106630.3,128652.3,91747.1,148
111.4,145372.0,27806.0,45096.0,27374.0,45096.0,68138.6,56158.5,15412.7,13232.8,0.0,23638.2,0.0,16694.5,24536.0,20790.6,45366.0,106603.5,128652.3,91776.8,148
112.4,145372.0,27806.0,45096.0,27374.0,45096.0,68138.6,56158.6,15412.8,13232.8,0.0,23638.2,0.0,16695.0,24535.8,20791.5,45366.7,106602.7,128652.3,91776.8,148
113.4,145372.0,27806.0,45096.0,27374.0,45096.0,68141.3,56161.3,15415.5,13235.5,0.0,23638.2,0.0,16697.3,24536.4,20793.9,45369.8,106600.3,128652.3,91779.5,148
114.4,145372.0,27806.0,45096.0,27374.0,45096.0,68141.6,56161.5,15415.8,13235.8,0.0,23638.2,0.0,16697.9,24536.2,20789.0,45364.6,106605.2,128652.3,91779.8,148
115.4,145372.0,27806.0,45096.0,27374.0,45096.0,68184.3,56200.9,15455.1,13275.1,0.0,23638.2,0.0,16737.3,24537.0,20826.9,45403.4,106567.2,128652.3,91822.5,148
116.4,145372.0,27806.0,45096.0,27374.0,45096.0,68184.6,56201.1,15455.3,13275.3,0.0,23638.3,0.0,16738.1,24536.5,20827.6,45403.6,106566.6,128652.3,91822.8,148
117.4,145372.0,27806.0,45096.0,27374.0,45096.0,68184.6,56201.1,15455.3,13275.3,0.0,23638.3,0.0,16737.7,24536.5,20829.0,45404.9,106565.2,128652.3,91822.8,148
118.5,145372.0,27806.0,45096.0,27374.0,45096.0,68184.7,56201.2,15455.4,13275.4,0.0,23638.3,0.0,16737.7,24536.4,20831.6,45407.4,106562.6,128652.3,91822.9,148
119.5,145372.0,27806.0,45096.0,27374.0,45096.0,68184.7,56201.2,15455.4,13275.4,0.0,23638.3,0.0,16737.9,24536.4,20835.8,45411.6,106558.4,128652.3,91822.9,148
120.5,145372.0,27806.0,45096.0,27374.0,45096.0,68184.9,56201.4,15455.7,13275.7,0.0,23638.3,0.0,16737.9,24536.5,20833.7,45409.6,106560.5,128652.3,91823.2,148
121.5,145372.0,27806.0,45096.0,27374.0,45096.0,68184.9,56201.4,15455.7,13275.7,0.0,23638.4,0.0,16738.2,24536.9,20832.8,45409.1,106561.4,128652.3,91823.3,148
122.5,145374.0,27808.0,45096.0,27374.0,45096.0,68185.0,56201.5,15455.7,13275.7,0.0,23638.4,0.0,16738.2,24536.9,20836.9,45413.2,106557.2,128652.3,91823.3,148
123.5,145374.0,27808.0,45096.0,27374.0,45096.0,68191.2,56207.7,15462.0,13282.0,0.0,23638.4,0.0,16738.3,24536.8,20830.4,45406.7,106563.8,128652.3,91829.6,148
124.5,145374.0,27808.0,45096.0,27374.0,45096.0,68191.4,56207.9,15462.2,13282.2,0.0,23638.4,0.0,16744.8,24537.1,20840.4,45417.0,106553.7,128652.3,91829.8,148
125.5,145374.0,27808.0,45096.0,27374.0,45096.0,68191.5,56208.1,15462.3,13282.3,0.0,23638.4,0.0,16744.9,24537.2,20842.0,45418.7,106552.1,128652.3,91829.9,148
126.5,145374.0,27808.0,45096.0,27374.0,45096.0,68191.6,56208.1,15462.4,13282.3,0.0,23638.4,0.0,16739.9,24536.7,20841.8,45418.0,106552.3,128652.3,91830.0,148
127.5,145374.0,27808.0,45096.0,27374.0,45096.0,68191.6,56208.1,15462.4,13282.3,0.0,23638.4,0.0,16739.9,24536.7,20840.2,45416.3,106554.0,128652.3,91830.0,148
128.5,145374.0,27808.0,45096.0,27374.0,45096.0,68191.9,56208.4,15462.7,13282.7,0.0,23638.4,0.0,16740.1,24536.8,20839.2,45415.4,106555.0,128652.3,91830.3,148
129.5,145374.0,27808.0,45096.0,27374.0,45096.0,68191.9,56208.4,15462.7,13282.7,0.0,23638.4,0.0,16740.3,24536.4,20833.6,45409.4,106560.5,128652.3,91830.3,148
130.5,145374.0,27808.0,45096.0,27374.0,45096.0,68191.9,56208.4,15462.7,13282.7,0.0,23638.4,0.0,16740.5,24536.4,20835.8,45411.7,106558.3,128652.3,91830.3,148
131.5,145374.0,27808.0,45096.0,27374.0,45096.0,68192.0,56208.5,15462.8,13282.8,0.0,23638.9,0.0,16740.8,24537.1,20842.5,45419.0,106551.6,128652.3,91830.9,148
132.5,145374.0,27808.0,45096.0,27374.0,45096.0,68192.1,56208.6,15462.9,13282.8,0.0,23639.0,0.0,16741.1,24537.6,20844.2,45421.4,106549.9,128652.3,91831.1,148
133.5,145374.0,27808.0,45096.0,27374.0,45096.0,68193.6,56210.1,15464.4,13284.4,0.0,23639.0,0.0,16741.1,24537.6,20841.8,45418.9,106552.3,128652.3,91832.6,148
134.5,145374.0,27808.0,45096.0,27374.0,45096.0,68193.9,56210.5,15464.8,13284.7,0.0,23639.1,0.0,16742.9,24537.4,20844.8,45421.7,106549.3,128652.3,91833.0,148
135.5,145374.0,27808.0,45096.0,27374.0,45096.0,68194.3,56210.9,15465.1,13285.1,0.0,23639.1,0.0,16743.9,24537.2,20842.2,45418.8,106551.9,128652.3,91833.4,148
136.5,145374.0,27808.0,45096.0,27374.0,45096.0,68202.7,56219.3,15473.6,13293.5,0.0,23639.1,0.0,16751.3,24537.3,20853.4,45430.2,106540.7,128652.3,91841.8,148
137.5,145374.0,27808.0,45096.0,27374.0,45096.0,68202.7,56219.3,15473.6,13293.5,0.0,23639.2,0.0,16752.3,24537.6,20852.8,45429.9,106541.3,128652.3,91842.0,148
138.5,145374.0,27808.0,45096.0,27374.0,45096.0,68202.9,56219.4,15473.7,13293.7,0.0,23639.2,0.0,16753.1,24537.6,20850.6,45427.6,106543.6,128652.3,91842.1,148
139.5,145374.0,27808.0,45096.0,27374.0,45096.0,68202.9,56219.4,15473.7,13293.7,0.0,23639.4,0.0,16753.0,24537.2,20852.6,45429.2,106541.5,128652.3,91842.2,148
140.5,145374.0,27808.0,45096.0,27374.0,45096.0,68242.1,56255.1,15512.9,13329.3,0.0,23639.5,0.0,16788.1,24537.9,20888.4,45465.8,106505.7,128652.3,91881.6,148
141.5,145374.0,27808.0,45096.0,27374.0,45096.0,68242.2,56255.1,15512.9,13329.4,0.0,23639.5,0.0,16788.6,24538.0,20889.6,45467.1,106504.4,128652.3,91881.6,148
142.5,145374.0,27808.0,45096.0,27374.0,45096.0,68242.3,56255.2,15513.0,13329.5,0.0,23639.5,0.0,16788.8,24538.0,20886.1,45463.5,106508.0,128652.3,91881.7,148
143.5,145374.0,27808.0,45096.0,27374.0,45096.0,68242.3,56255.2,15513.0,13329.5,0.0,23639.5,0.0,16789.3,24537.4,20887.7,45464.6,106506.4,128652.3,91881.8,148
144.5,145374.0,27808.0,45096.0,27374.0,45096.0,68242.3,56255.2,15513.0,13329.5,0.0,23639.5,0.0,16789.2,24537.4,20887.3,45464.2,106506.8,128652.3,91881.8,148
145.5,145374.0,27808.0,45096.0,27374.0,45096.0,68281.7,56291.1,15548.8,13365.3,0.0,23639.5,0.0,16852.3,24538.3,20950.2,45528.0,106443.9,128652.3,91921.2,148
146.5,145374.0,27808.0,45096.0,27374.0,45096.0,68281.8,56291.2,15549.0,13365.5,0.0,23639.5,0.0,16837.9,24538.4,20936.7,45514.6,106457.4,128652.3,91921.4,148
147.5,145374.0,27808.0,45096.0,27374.0,45096.0,68281.9,56291.3,15549.0,13365.5,0.0,23639.6,0.0,16829.1,24538.6,20922.8,45500.9,106471.3,128652.3,91921.4,148
148.5,145374.0,27808.0,45096.0,27374.0,45096.0,68281.9,56291.3,15549.0,13365.5,0.0,23639.6,0.0,16829.1,24538.0,20923.6,45501.2,106470.4,128652.3,91921.4,148
149.5,145374.0,27808.0,45096.0,27374.0,45096.0,68281.9,56291.3,15549.0,13365.5,0.0,23639.6,0.0,16829.1,24538.0,20922.6,45500.1,106471.5,128652.3,91921.4,148
150.6,145374.0,27808.0,45096.0,27374.0,45096.0,68281.9,56291.3,15549.1,13365.5,0.0,23639.6,0.0,16829.4,24538.0,20924.0,45501.6,106470.0,128652.3,91921.5,148
151.6,145374.0,27808.0,45096.0,27374.0,45096.0,68282.1,56291.6,15549.3,13365.8,0.0,23639.7,0.0,16829.4,24538.8,20930.3,45508.6,106463.8,128652.3,91921.8,148
152.6,145374.0,27808.0,45096.0,27374.0,45096.0,68282.1,56291.6,15549.3,13365.8,0.0,23639.9,0.0,16830.5,24538.8,20936.3,45514.6,106457.8,128652.3,91922.1,148
153.6,145374.0,27808.0,45096.0,27374.0,45096.0,68282.2,56291.6,15549.3,13365.8,0.0,23639.9,0.0,16830.3,24538.8,20933.6,45511.9,106460.5,128652.3,91922.1,148
154.6,145374.0,27808.0,45096.0,27374.0,45096.0,68282.2,56291.6,15549.3,13365.8,0.0,23639.9,0.0,16830.9,24538.5,20933.7,45511.7,106460.4,128652.3,91922.1,148
155.6,145374.0,27808.0,45096.0,27374.0,45096.0,68282.2,56291.6,15549.3,13365.8,0.0,23640.0,0.0,16831.4,24538.8,20930.9,45509.2,106463.2,128652.3,91922.3,148
156.6,145374.0,27808.0,45096.0,27374.0,45096.0,68282.4,56291.8,15549.5,13366.0,0.0,23640.1,0.0,16831.8,24538.6,20934.6,45512.8,106459.4,128652.3,91922.5,148
157.6,145374.0,27808.0,45096.0,27374.0,45096.0,68282.4,56291.8,15549.6,13366.0,0.0,23640.2,0.0,16832.2,24538.7,20933.4,45511.7,106460.6,128652.3,91922.6,148
158.6,145374.0,27808.0,45096.0,27374.0,45096.0,68282.4,56291.8,15549.6,13366.0,0.0,23640.3,0.0,16832.6,24538.8,20932.0,45510.3,106462.1,128652.3,91922.7,148
159.6,145374.0,27808.0,45096.0,27374.0,45096.0,68282.4,56291.8,15549.6,13366.1,0.0,23640.3,0.0,16832.9,24538.8,20932.9,45511.2,106461.2,128652.3,91922.7,148
160.6,145374.0,27808.0,45096.0,27374.0,45096.0,68282.4,56291.8,15549.6,13366.1,0.0,23640.4,0.0,16833.5,24538.9,20930.2,45508.7,106463.8,128652.3,91922.9,148
161.6,145374.0,27808.0,45096.0,27374.0,45096.0,68282.4,56291.8,15549.6,13366.1,0.0,23640.5,0.0,16834.3,24539.6,20931.6,45510.8,106462.4,128652.3,91922.9,148
162.6,145374.0,27808.0,45096.0,27374.0,45096.0,68282.4,56291.8,15549.6,13366.1,0.0,23640.6,0.0,16834.4,24539.4,20927.2,45506.1,106466.9,128652.3,91923.0,148
163.6,145374.0,27808.0,45096.0,27374.0,45096.0,68282.4,56291.8,15549.6,13366.1,0.0,23640.6,0.0,16833.9,24539.4,20928.0,45506.9,106466.0,128652.3,91923.0,148
164.6,145374.0,27808.0,45096.0,27374.0,45096.0,68285.1,56294.5,15552.2,13368.7,0.0,23640.6,0.0,16836.6,24539.8,20938.1,45517.4,106456.0,128652.3,91925.7,148
165.6,145374.0,27808.0,45096.0,27374.0,45096.0,68285.1,56294.5,15552.2,13368.7,0.0,23640.6,0.0,16837.1,24540.1,20936.5,45516.2,106457.6,128652.3,91925.7,148
166.6,145374.0,27808.0,45096.0,27374.0,45096.0,68285.1,56294.5,15552.2,13368.7,0.0,23640.6,0.0,16837.5,24539.9,20930.9,45510.4,106463.1,128652.3,91925.7,148
167.6,145374.0,27808.0,45096.0,27374.0,45096.0,68285.1,56294.5,15552.2,13368.7,0.0,23640.6,0.0,16828.8,24539.9,20922.8,45502.3,106471.2,128652.3,91925.7,148
168.6,145374.0,27808.0,45096.0,27374.0,45096.0,68285.1,56294.5,15552.2,13368.7,0.0,23640.7,0.0,16829.5,24540.0,20923.3,45502.8,106470.7,128652.3,91925.8,148
169.6,145374.0,27808.0,45096.0,27374.0,45096.0,68285.1,56294.5,15552.3,13368.7,0.0,23640.7,0.0,16829.7,24539.8,20915.3,45494.7,106478.7,128652.3,91925.8,148
170.6,145432.0,27866.0,45096.0,27374.0,45096.0,68285.1,56294.5,15552.3,13368.8,0.0,23640.8,0.0,16829.5,24539.8,20914.5,45493.8,106479.5,128652.3,91925.9,148
171.6,145432.0,27866.0,45096.0,27374.0,45096.0,68285.1,56294.5,15552.3,13368.8,0.0,23640.8,0.0,16829.8,24540.5,20946.7,45526.7,106447.4,128652.3,91925.9,148
172.6,145432.0,27866.0,45096.0,27374.0,45096.0,68288.9,56298.3,15556.0,13372.5,0.0,23640.8,0.0,16833.8,24540.6,20926.9,45507.1,106467.1,128652.3,91929.7,148
173.6,145432.0,27866.0,45096.0,27374.0,45096.0,68288.9,56298.3,15556.0,13372.5,0.0,23640.8,0.0,16833.3,24540.6,20926.6,45506.7,106467.5,128652.3,91929.7,148
174.6,145432.0,27866.0,45096.0,27374.0,45096.0,68292.9,56298.9,15556.7,13373.2,0.0,23640.9,0.0,16833.9,24540.9,20928.9,45509.4,106465.1,128652.3,91933.9,148
175.6,145432.0,27866.0,45096.0,27374.0,45096.0,68293.1,56299.0,15556.8,13373.3,0.0,23641.0,0.0,16834.1,24541.0,20924.2,45504.7,106469.9,128652.3,91934.0,148
176.7,145432.0,27866.0,45096.0,27374.0,45096.0,68293.1,56299.0,15556.8,13373.3,0.0,23641.0,0.0,16831.5,24541.1,20930.1,45510.8,106463.9,128652.3,91934.0,148
177.7,145432.0,27866.0,45096.0,27374.0,45096.0,68293.1,56299.0,15556.8,13373.3,0.0,23641.0,0.0,16831.0,24541.1,20929.9,45510.5,106464.1,128652.3,91934.1,148
178.7,145432.0,27866.0,45096.0,27374.0,45096.0,68293.1,56299.0,15556.8,13373.3,0.0,23641.0,0.0,16831.0,24541.5,20931.0,45512.1,106463.0,128652.3,91934.1,148
179.7,145432.0,27866.0,45096.0,27374.0,45096.0,68293.1,56299.0,15556.8,13373.3,0.0,23641.0,0.0,16831.0,24541.5,20932.3,45513.3,106461.8,128652.3,91934.1,148
180.7,145432.0,27866.0,45096.0,27374.0,45096.0,68293.1,56299.0,15556.8,13373.3,0.0,23641.0,0.0,16831.7,24541.0,20930.1,45510.7,106463.9,128652.3,91934.1,148
181.7,145432.0,27866.0,45096.0,27374.0,45096.0,68293.1,56299.1,15556.9,13373.4,0.0,23641.0,0.0,16831.7,24541.6,20930.7,45511.8,106463.4,128652.3,91934.1,148
182.7,145432.0,27866.0,45096.0,27374.0,45096.0,68293.1,56299.1,15556.9,13373.4,0.0,23641.0,0.0,16831.4,24541.6,20931.3,45512.4,106462.7,128652.3,91934.1,148
183.7,145432.0,27866.0,45096.0,27374.0,45096.0,68293.1,56299.1,15556.9,13373.4,0.0,23641.0,0.0,16832.2,24541.7,20928.4,45509.6,106465.7,128652.3,91934.1,148
184.7,145432.0,27866.0,45096.0,27374.0,45096.0,68293.1,56299.1,15556.9,13373.4,0.0,23641.0,0.0,16832.6,24541.2,20929.0,45509.7,106465.1,128652.3,91934.2,148
185.7,145432.0,27866.0,45096.0,27374.0,45096.0,68293.1,56299.1,15556.9,13373.4,0.0,23641.0,0.0,16832.2,24541.2,20927.7,45508.4,106466.3,128652.3,91934.2,148
186.7,145432.0,27866.0,45096.0,27374.0,45096.0,68296.4,56302.3,15560.1,13376.6,0.0,23641.2,0.0,16833.3,24541.6,20932.0,45513.2,106462.0,128652.3,91937.6,148
187.7,145432.0,27866.0,45096.0,27374.0,45096.0,68298.6,56304.5,15562.3,13378.8,0.0,23641.2,0.0,16838.5,24541.6,20934.8,45515.9,106459.2,128652.3,91939.8,148
188.7,145432.0,27866.0,45096.0,27374.0,45096.0,68298.6,56304.5,15562.3,13378.8,0.0,23641.5,0.0,16838.8,24541.2,20931.0,45511.8,106463.0,128652.3,91940.0,148
189.7,145432.0,27866.0,45096.0,27374.0,45096.0,68298.6,56304.6,15562.4,13378.9,0.0,23641.5,0.0,16839.6,24541.5,20931.5,45512.6,106462.5,128652.3,91940.1,148
190.7,145432.0,27866.0,45096.0,27374.0,45096.0,68298.6,56304.6,15562.4,13378.9,0.0,23641.5,0.0,16839.5,24541.7,20930.7,45512.0,106463.3,128652.3,91940.2,148
191.7,145432.0,27866.0,45096.0,27374.0,45096.0,68299.3,56305.3,15563.1,13379.5,0.0,23641.5,0.0,16839.7,24541.7,20933.6,45514.9,106460.4,128652.3,91940.9,148
192.7,145432.0,27866.0,45096.0,27374.0,45096.0,68299.4,56305.4,15563.2,13379.6,0.0,23641.6,0.0,16839.9,24541.4,20935.0,45516.0,106459.0,128652.3,91941.0,148
193.7,145432.0,27866.0,45096.0,27374.0,45096.0,68299.4,56305.4,15563.2,13379.6,0.0,23641.7,0.0,16840.9,24541.5,20935.8,45516.8,106458.3,128652.3,91941.1,148
194.7,145432.0,27866.0,45096.0,27374.0,45096.0,68299.4,56305.4,15563.2,13379.6,0.0,23641.8,0.0,16841.6,24541.6,20935.8,45517.0,106458.2,128652.3,91941.2,148
195.7,145432.0,27866.0,45096.0,27374.0,45096.0,68299.4,56305.4,15563.2,13379.6,0.0,23641.8,0.0,16842.7,24541.6,20936.9,45518.1,106457.1,128652.3,91941.2,148
196.7,145432.0,27866.0,45096.0,27374.0,45096.0,68303.2,56309.1,15566.9,13383.4,0.0,23641.9,0.0,16849.9,24542.7,20953.4,45535.7,106440.6,128652.3,91945.0,148
197.7,145432.0,27866.0,45096.0,27374.0,45096.0,68303.2,56309.2,15567.0,13383.4,0.0,23641.9,0.0,16850.4,24542.0,20950.6,45532.1,106443.4,128652.3,91945.1,148
198.7,145432.0,27866.0,45096.0,27374.0,45096.0,68303.2,56309.2,15567.0,13383.5,0.0,23642.0,0.0,16850.0,24542.0,20951.5,45533.1,106442.5,128652.3,91945.2,148
199.7,145432.0,27866.0,45096.0,27374.0,45096.0,68303.2,56309.2,15567.0,13383.5,0.0,23642.0,0.0,16850.1,24542.0,20952.6,45534.2,106441.4,128652.3,91945.2,148
200.7,145432.0,27866.0,45096.0,27374.0,45096.0,68306.8,56309.3,15567.0,13383.5,0.0,23642.1,0.0,16849.9,24542.2,20953.8,45535.6,106440.2,128652.3,91948.8,148
201.7,145432.0,27866.0,45096.0,27374.0,45096.0,68306.8,56309.3,15567.1,13383.6,0.0,23642.1,0.0,16850.4,24542.1,20952.7,45534.5,106441.3,128652.3,91948.9,148
202.7,145432.0,27866.0,45096.0,27374.0,45096.0,68306.9,56309.4,15567.1,13383.6,0.0,23642.3,0.0,16851.4,24542.2,20952.5,45534.3,106441.5,128652.3,91949.2,148
203.7,145432.0,27866.0,45096.0,27374.0,45096.0,68306.9,56309.4,15567.2,13383.6,0.0,23642.3,0.0,16850.9,24542.2,20952.8,45534.6,106441.2,128652.3,91949.2,148
204.7,145432.0,27866.0,45096.0,27374.0,45096.0,68307.0,56309.5,15567.2,13383.7,0.0,23642.4,0.0,16851.1,24542.7,20951.8,45534.1,106442.2,128652.3,91949.4,148
205.7,145432.0,27866.0,45096.0,27374.0,45096.0,68307.0,56309.5,15567.2,13383.7,0.0,23642.4,0.0,16851.7,24542.4,20945.2,45527.2,106448.8,128652.3,91949.4,148
206.7,145432.0,27866.0,45096.0,27374.0,45096.0,68307.0,56309.5,15567.2,13383.7,0.0,23642.5,0.0,16852.1,24542.5,20946.9,45529.0,106447.1,128652.3,91949.5,148
207.7,145432.0,27866.0,45096.0,27374.0,45096.0,68307.0,56309.5,15567.2,13383.7,0.0,23642.5,0.0,16851.9,24542.2,20949.4,45531.2,106444.6,128652.3,91949.5,148
208.7,145432.0,27866.0,45096.0,27374.0,45096.0,68307.0,56309.5,15567.3,13383.8,0.0,23642.6,0.0,16852.4,24541.9,20949.4,45530.9,106444.6,128652.3,91949.6,148
209.7,145432.0,27866.0,45096.0,27374.0,45096.0,68307.0,56309.5,15567.3,13383.8,0.0,23642.6,0.0,16852.1,24542.6,20954.5,45536.7,106439.5,128652.3,91949.6,148
210.7,145498.0,27932.0,45096.0,27374.0,45096.0,68307.0,56309.5,15567.3,13383.8,0.0,23642.7,0.0,16852.7,24542.9,20951.2,45533.7,106442.8,128652.3,91949.7,148
211.8,145498.0,27932.0,45096.0,27374.0,45096.0,68307.1,56309.6,15567.3,13383.8,0.0,23642.7,0.0,16852.6,24543.3,20949.9,45532.9,106444.0,128652.3,91949.8,148
212.8,145570.0,28004.0,45096.0,27374.0,45096.0,68307.1,56309.6,15567.3,13383.8,0.0,23642.9,0.0,16852.7,24542.9,20953.1,45535.6,106440.9,128652.3,91950.0,148
213.8,145570.0,28004.0,45096.0,27374.0,45096.0,68307.1,56309.6,15567.3,13383.8,0.0,23642.9,0.0,16853.7,24542.4,20952.3,45534.2,106441.7,128652.3,91950.0,148
214.8,145570.0,28004.0,45096.0,27374.0,45096.0,68313.6,56316.1,15573.8,13390.4,0.0,23643.0,0.0,16860.1,24542.8,20961.9,45544.4,106432.0,128652.3,91956.6,148
215.8,145570.0,28004.0,45096.0,27374.0,45096.0,68313.6,56316.1,15573.8,13390.4,0.0,23646.4,0.0,16862.5,24546.2,20964.8,45550.6,106429.2,128652.3,91960.0,148
216.8,145570.0,28004.0,45096.0,27374.0,45096.0,68313.6,56316.1,15573.8,13390.4,0.0,23646.7,0.0,16862.9,24546.1,20967.8,45553.6,106426.1,128652.3,91960.3,148
217.8,145570.0,28004.0,45096.0,27374.0,45096.0,68313.6,56316.1,15573.8,13390.4,0.0,23646.7,0.0,16854.9,24546.2,20958.9,45544.7,106435.1,128652.3,91960.3,148
218.8,145570.0,28004.0,45096.0,27374.0,45096.0,68313.6,56316.1,15573.8,13390.4,0.0,23646.8,0.0,16855.3,24546.3,20956.4,45542.4,106437.5,128652.3,91960.4,148
219.8,145570.0,28004.0,45096.0,27374.0,45096.0,68313.6,56316.1,15573.9,13390.4,0.0,23646.8,0.0,16853.7,24546.3,20956.6,45542.6,106437.3,128652.3,91960.4,148
220.8,145570.0,28004.0,45096.0,27374.0,45096.0,68313.6,56316.1,15573.9,13390.4,0.0,23646.8,0.0,16853.2,24546.4,20958.0,45544.0,106436.0,128652.3,91960.4,148
221.8,145570.0,28004.0,45096.0,27374.0,45096.0,68316.0,56318.5,15576.3,13392.8,0.0,23646.8,0.0,16855.7,24546.8,20958.4,45544.9,106435.6,128652.3,91962.8,148
222.8,145570.0,28004.0,45096.0,27374.0,45096.0,68316.0,56318.5,15576.3,13392.8,0.0,23647.1,0.0,16856.2,24546.9,20957.6,45544.1,106436.4,128652.3,91963.1,148
223.8,145570.0,28004.0,45096.0,27374.0,45096.0,68316.0,56318.5,15576.3,13392.8,0.0,23647.1,0.0,16856.6,24546.4,20958.5,45544.5,106435.5,128652.3,91963.1,148
224.8,145570.0,28004.0,45096.0,27374.0,45096.0,68316.0,56318.6,15576.3,13392.8,0.0,23647.2,0.0,16856.9,24546.5,20958.1,45544.2,106435.9,128652.3,91963.2,148
225.8,145570.0,28004.0,45096.0,27374.0,45096.0,68316.1,56318.6,15576.3,13392.8,0.0,23647.2,0.0,16857.1,24546.3,20958.2,45544.2,106435.8,128652.3,91963.2,148
226.8,145570.0,28004.0,45096.0,27374.0,45096.0,68316.1,56318.6,15576.4,13392.8,0.0,23647.2,0.0,16854.8,24546.6,20954.9,45541.1,106439.0,128652.3,91963.3,148
227.8,145572.0,28004.0,45096.0,27376.0,45096.0,68316.1,56318.6,15576.4,13392.8,0.0,23647.2,0.0,16853.7,24546.8,20951.8,45538.3,106442.1,128652.3,91963.3,148
228.8,145572.0,28004.0,45096.0,27376.0,45096.0,68316.1,56318.6,15576.4,13392.9,0.0,23647.4,0.0,16854.4,24546.9,20954.6,45541.1,106439.4,128652.3,91963.5,148
229.8,145572.0,28004.0,45096.0,27376.0,45096.0,68316.1,56318.7,15576.5,13392.9,0.0,23649.7,0.0,16868.9,24550.1,20959.7,45550.6,106433.1,128652.3,91965.8,148
230.8,145572.0,28004.0,45096.0,27376.0,45096.0,68316.2,56318.7,15576.5,13392.9,0.0,23652.8,0.0,16868.1,24552.8,20960.3,45553.9,106432.5,128652.3,91969.0,148
231.8,145572.0,28004.0,45096.0,27376.0,45096.0,68316.2,56318.7,15576.5,13393.0,0.0,23652.9,0.0,16869.7,24552.7,20959.5,45553.0,106433.3,128652.3,91969.1,148
232.8,145572.0,28004.0,45096.0,27376.0,45096.0,68316.2,56318.7,15576.5,13393.0,0.0,23653.0,0.0,16871.4,24552.9,20959.3,45553.1,106433.4,128652.3,91969.2,148
233.8,145572.0,28004.0,45096.0,27376.0,45096.0,68316.2,56318.7,15576.5,13393.0,0.0,23653.1,0.0,16864.8,24552.8,20953.3,45546.9,106439.5,128652.3,91969.3,148
234.8,145572.0,28004.0,45096.0,27376.0,45096.0,68316.2,56318.7,15576.5,13393.0,0.0,23653.1,0.0,16866.8,24552.8,20958.0,45551.6,106434.8,128652.3,91969.3,148
235.8,145572.0,28004.0,45096.0,27376.0,45096.0,68316.2,56318.7,15576.5,13393.0,0.0,23653.1,0.0,16868.8,24553.5,20959.7,45554.0,106433.1,128652.3,91969.3,148
236.8,145572.0,28004.0,45096.0,27376.0,45096.0,68316.2,56318.7,15576.5,13393.0,0.0,23653.1,0.0,16868.6,24553.5,20962.8,45557.1,106430.0,128652.3,91969.3,148
237.8,145572.0,28004.0,45096.0,27376.0,45096.0,68319.2,56321.7,15579.5,13395.9,0.0,23653.2,0.0,16870.7,24553.5,20965.6,45559.8,106427.2,128652.3,91972.4,148
238.8,145572.0,28004.0,45096.0,27376.0,45096.0,68319.3,56321.8,15579.6,13396.0,0.0,23653.2,0.0,16874.0,24553.0,20974.1,45567.8,106418.7,128652.3,91972.5,148
239.8,145572.0,28004.0,45096.0,27376.0,45096.0,68319.3,56321.8,15579.6,13396.0,0.0,23653.2,0.0,16869.4,24552.8,20964.9,45558.5,106427.9,128652.3,91972.5,148
240.8,145572.0,28004.0,45096.0,27376.0,45096.0,68319.3,56321.8,15579.6,13396.0,0.0,23653.3,0.0,16869.3,24552.8,20965.0,45558.6,106427.8,128652.3,91972.6,148
241.8,145572.0,28004.0,45096.0,27376.0,45096.0,68319.3,56321.8,15579.6,13396.0,0.0,23653.3,0.0,16871.0,24553.0,20969.4,45563.2,106423.4,128652.3,91972.6,148
242.8,145572.0,28004.0,45096.0,27376.0,45096.0,68319.3,56321.8,15579.6,13396.0,0.0,23653.3,0.0,16871.7,24553.0,20968.9,45562.6,106423.9,128652.3,91972.6,148
243.8,145572.0,28004.0,45096.0,27376.0,45096.0,68319.4,56321.9,15579.7,13396.1,0.0,23653.3,0.0,16874.3,24553.5,20973.1,45567.5,106419.6,128652.3,91972.7,148
244.9,145572.0,28004.0,45096.0,27376.0,45096.0,68319.4,56321.9,15579.7,13396.1,0.0,23653.3,0.0,16875.0,24553.3,20978.5,45572.6,106414.3,128652.3,91972.7,148
245.9,145572.0,28004.0,45096.0,27376.0,45096.0,68326.2,56328.8,15586.5,13403.0,0.0,23653.3,0.0,16880.9,24553.8,20990.0,45584.7,106402.7,128652.3,91979.6,148
246.9,145572.0,28004.0,45096.0,27376.0,45096.0,68326.2,56328.8,15586.5,13403.0,0.0,23653.4,0.0,16875.4,24553.7,20985.6,45580.1,106407.1,128652.3,91979.6,148
247.9,145572.0,28004.0,45096.0,27376.0,45096.0,68326.3,56328.8,15586.5,13403.0,0.0,23653.4,0.0,16890.3,24553.4,21010.5,45604.7,106382.3,128652.3,91979.6,148
248.9,145572.0,28004.0,45096.0,27376.0,45096.0,68326.3,56328.8,15586.6,13403.1,0.0,23653.4,0.0,16879.8,24553.4,20995.8,45590.0,106397.0,128652.3,91979.7,148
249.9,145572.0,28004.0,45096.0,27376.0,45096.0,68326.3,56328.8,15586.6,13403.1,0.0,23653.4,0.0,16880.5,24553.6,20996.2,45590.6,106396.5,128652.3,91979.8,148
250.9,145572.0,28004.0,45096.0,27376.0,45096.0,68326.3,56328.8,15586.6,13403.1,0.0,23653.4,0.0,16881.8,24553.6,20992.6,45587.1,106400.1,128652.3,91979.8,148
251.9,145572.0,28004.0,45096.0,27376.0,45096.0,68326.3,56328.8,15586.6,13403.1,0.0,23653.4,0.0,16883.1,24554.1,20994.8,45589.8,106397.9,128652.3,91979.8,148
252.9,145572.0,28004.0,45096.0,27376.0,45096.0,68326.5,56329.0,15586.8,13403.3,0.0,23653.5,0.0,16884.1,24554.1,21001.2,45596.1,106391.6,128652.3,91980.0,148
253.9,145572.0,28004.0,45096.0,27376.0,45096.0,68326.5,56329.0,15586.8,13403.3,0.0,23653.5,0.0,16878.6,24554.0,20989.9,45584.7,106402.9,128652.3,91980.0,148
254.9,145572.0,28004.0,45096.0,27376.0,45096.0,68326.5,56329.0,15586.8,13403.3,0.0,23653.5,0.0,16879.5,24554.0,20993.7,45588.5,106399.0,128652.3,91980.0,148
255.9,145572.0,28004.0,45096.0,27376.0,45096.0,68326.5,56329.1,15586.8,13403.3,0.0,23653.6,0.0,16880.8,24553.9,20988.0,45582.8,106404.7,128652.3,91980.1,148
256.9,145572.0,28004.0,45096.0,27376.0,45096.0,68326.5,56329.1,15586.8,13403.3,0.0,23653.6,0.0,16882.3,24554.1,20990.3,45585.2,106402.5,128652.3,91980.2,148
257.9,145572.0,28004.0,45096.0,27376.0,45096.0,68326.5,56329.1,15586.8,13403.3,0.0,23653.6,0.0,16883.2,24553.8,20993.8,45588.4,106399.0,128652.3,91980.2,148
258.9,145572.0,28004.0,45096.0,27376.0,45096.0,68326.5,56329.1,15586.8,13403.3,0.0,23653.6,0.0,16884.5,24553.8,20995.1,45589.7,106397.6,128652.3,91980.2,148
260.0,145572.0,28004.0,45096.0,27376.0,45096.0,68326.5,56329.1,15586.8,13403.3,0.0,23653.6,0.0,16878.6,24553.8,20989.1,45583.7,106403.6,128652.3,91980.2,148
261.0,145572.0,28004.0,45096.0,27376.0,45096.0,68326.5,56329.1,15586.8,13403.3,0.0,23653.6,0.0,16879.8,24553.8,20988.4,45583.1,106404.3,128652.3,91980.2,148
262.0,145572.0,28004.0,45096.0,27376.0,45096.0,68326.5,56329.1,15586.8,13403.3,0.0,23653.7,0.0,16880.9,24553.5,20993.9,45588.2,106398.9,128652.3,91980.2,148
263.0,145572.0,28004.0,45096.0,27376.0,45096.0,68326.6,56329.1,15586.8,13403.3,0.0,23653.7,0.0,16881.7,24554.4,20992.9,45588.2,106399.8,128652.3,91980.3,148
264.0,145572.0,28004.0,45096.0,27376.0,45096.0,68326.6,56329.1,15586.8,13403.3,0.0,23653.7,0.0,16882.6,24554.5,20988.6,45584.0,106404.1,128652.3,91980.3,148
265.0,145572.0,28004.0,45096.0,27376.0,45096.0,68326.6,56329.1,15586.8,13403.3,0.0,23653.7,0.0,16883.9,24554.6,20990.5,45585.9,106402.2,128652.3,91980.3,148
266.0,145572.0,28004.0,45096.0,27376.0,45096.0,68326.6,56329.1,15586.8,13403.3,0.0,23653.7,0.0,16885.1,24554.3,20989.6,45584.7,106403.1,128652.3,91980.3,148
267.0,145572.0,28004.0,45096.0,27376.0,45096.0,68326.6,56329.1,15586.8,13403.3,0.0,23653.7,0.0,16878.4,24554.3,20983.7,45578.9,106409.0,128652.3,91980.3,148
268.0,145572.0,28004.0,45096.0,27376.0,45096.0,68326.6,56329.1,15586.8,13403.3,0.0,23653.8,0.0,16879.9,24554.3,20984.6,45579.8,106408.1,128652.3,91980.3,148
269.0,145572.0,28004.0,45096.0,27376.0,45096.0,68326.6,56329.1,15586.8,13403.3,0.0,23653.8,0.0,16882.0,24554.2,20985.5,45580.5,106407.3,128652.3,91980.3,148
270.0,145670.0,28102.0,45096.0,27376.0,45096.0,68326.6,56329.1,15586.9,13403.4,0.0,23653.8,0.0,16882.0,24554.0,20984.3,45579.2,106408.4,128652.3,91980.4,148
271.0,145670.0,28102.0,45096.0,27376.0,45096.0,68326.7,56329.2,15587.0,13403.5,0.0,23653.8,0.0,16883.9,24553.7,20991.4,45586.1,106401.3,128652.3,91980.6,148
272.0,145670.0,28102.0,45096.0,27376.0,45096.0,68326.8,56329.3,15587.0,13403.5,0.0,23653.8,0.0,16884.5,24553.4,20995.8,45590.1,106396.9,128652.3,91980.6,148
273.0,145670.0,28102.0,45096.0,27376.0,45096.0,68326.8,56329.3,15587.0,13403.5,0.0,23653.8,0.0,16878.4,24553.4,20991.6,45585.9,106401.1,128652.3,91980.6,148
274.0,145670.0,28102.0,45096.0,27376.0,45096.0,68326.8,56329.3,15587.0,13403.5,0.0,23653.9,0.0,16880.4,24553.5,20992.9,45587.3,106399.8,128652.3,91980.7,148
275.0,145670.0,28102.0,45096.0,27376.0,45096.0,68326.8,56329.3,15587.0,13403.5,0.0,23653.9,0.0,16881.0,24553.5,20994.3,45588.7,106398.4,128652.3,91980.7,148
276.0,145670.0,28102.0,45096.0,27376.0,45096.0,68326.8,56329.3,15587.0,13403.5,0.0,23654.0,0.0,16882.3,24553.9,20995.1,45589.9,106397.6,128652.3,91980.8,148
277.0,145670.0,28102.0,45096.0,27376.0,45096.0,68326.9,56329.4,15587.2,13403.6,0.0,23654.0,0.0,16883.1,24554.5,21046.5,45642.0,106346.2,128652.3,91980.9,148
278.0,145670.0,28102.0,45096.0,27376.0,45096.0,68326.9,56329.4,15587.2,13403.6,0.0,23654.0,0.0,16880.9,24554.1,20993.9,45588.9,106398.8,128652.3,91980.9,148
279.0,145670.0,28102.0,45096.0,27376.0,45096.0,68326.9,56329.4,15587.2,13403.6,0.0,23654.0,0.0,16881.9,24554.6,20996.3,45591.8,106396.4,128652.3,91980.9,148
280.0,145670.0,28102.0,45096.0,27376.0,45096.0,68338.9,56341.4,15599.2,13415.6,0.0,23654.1,0.0,16886.8,24554.4,20999.4,45594.7,106393.3,128652.3,91992.9,148
281.0,145670.0,28102.0,45096.0,27376.0,45096.0,68338.9,56341.4,15599.2,13415.6,0.0,23654.1,0.0,16887.9,24554.5,20999.7,45595.1,106393.0,128652.3,91992.9,148
282.0,145670.0,28102.0,45096.0,27376.0,45096.0,68338.9,56341.4,15599.2,13415.6,0.0,23654.1,0.0,16889.1,24554.5,20999.5,45594.9,106393.2,128652.3,91992.9,148
283.0,145670.0,28102.0,45096.0,27376.0,45096.0,68338.9,56341.4,15599.2,13415.6,0.0,23654.3,0.0,16889.9,24554.8,21015.0,45610.8,106377.7,128652.3,91993.1,148
284.0,145670.0,28102.0,45096.0,27376.0,45096.0,68339.0,56341.5,15599.3,13415.7,0.0,23654.3,0.0,16890.7,24555.0,21005.2,45601.1,106387.5,128652.3,91993.3,148
285.0,145670.0,28102.0,45096.0,27376.0,45096.0,68339.0,56341.5,15599.3,13415.8,0.0,23654.4,0.0,16891.9,24554.6,20992.4,45588.0,106400.3,128652.3,91993.4,148
286.0,145670.0,28102.0,45096.0,27376.0,45096.0,68339.0,56341.5,15599.3,13415.8,0.0,23654.4,0.0,16892.4,24554.7,20994.3,45589.9,106398.4,128652.3,91993.4,148
287.0,145670.0,28102.0,45096.0,27376.0,45096.0,68339.0,56341.5,15599.3,13415.8,0.0,23654.4,0.0,16893.8,24554.7,20996.0,45591.6,106396.6,128652.3,91993.4,148
288.0,145670.0,28102.0,45096.0,27376.0,45096.0,68339.0,56341.5,15599.3,13415.8,0.0,23654.4,0.0,16893.8,24554.8,20995.0,45590.7,106397.7,128652.3,91993.4,148
289.0,145786.0,28102.0,45096.0,27492.0,45096.0,68339.0,56341.5,15599.3,13415.8,0.0,23654.4,0.0,16895.3,24555.1,20997.4,45593.4,106395.3,128652.3,91993.4,148
290.0,145786.0,28102.0,45096.0,27492.0,45096.0,68339.1,56341.6,15599.4,13415.9,0.0,23654.4,0.0,16895.6,24555.2,20995.2,45591.4,106397.4,128652.3,91993.6,148
291.0,145786.0,28102.0,45096.0,27492.0,45096.0,68339.1,56341.6,15599.4,13415.9,0.0,23654.5,0.0,16889.1,24555.6,20988.8,45585.4,106403.8,128652.3,91993.6,148
292.1,145786.0,28102.0,45096.0,27492.0,45096.0,68339.1,56341.6,15599.4,13415.9,0.0,23654.5,0.0,16890.4,24555.1,20996.5,45592.5,106396.1,128652.3,91993.6,148
293.1,145786.0,28102.0,45096.0,27492.0,45096.0,68339.1,56341.6,15599.4,13415.9,0.0,23654.9,0.0,16890.8,24555.1,20994.3,45590.4,106398.3,128652.3,91994.0,148
294.1,145786.0,28102.0,45096.0,27492.0,45096.0,68339.7,56342.3,15600.1,13416.5,0.0,23654.9,0.0,16892.1,24555.1,20987.9,45583.9,106404.8,128652.3,91994.6,148
295.1,145786.0,28102.0,45096.0,27492.0,45096.0,68315.6,56318.1,15575.9,13392.3,0.0,23654.9,0.0,16869.1,24555.5,20962.2,45558.7,106430.5,128652.3,91970.5,148
296.1,145786.0,28102.0,45096.0,27492.0,45096.0,68315.6,56318.1,15575.9,13392.3,0.0,23654.9,0.0,16869.2,24555.5,20963.7,45560.2,106428.9,128652.3,91970.5,148
297.1,145786.0,28102.0,45096.0,27492.0,45096.0,68315.6,56318.1,15575.9,13392.3,0.0,23654.9,0.0,16871.9,24555.6,20964.1,45560.6,106428.5,128652.3,91970.5,148
298.2,145786.0,28102.0,45096.0,27492.0,45096.0,68337.3,56339.8,15597.5,13414.0,0.0,23655.5,0.0,16908.2,24556.1,21005.2,45602.2,106387.5,128652.3,91992.8,148
299.2,145786.0,28102.0,45096.0,27492.0,45096.0,68338.8,56341.3,15599.0,13415.5,0.0,23655.5,0.0,16898.3,24555.7,20993.8,45590.5,106398.8,128652.3,91994.3,148
300.2,145786.0,28102.0,45096.0,27492.0,45096.0,68338.8,56341.3,15599.0,13415.5,0.0,23655.5,0.0,16899.2,24555.7,20995.4,45592.0,106397.3,128652.3,91994.3,148
301.2,145786.0,28102.0,45096.0,27492.0,45096.0,68338.8,56341.3,15599.0,13415.5,0.0,23655.5,0.0,16892.5,24555.1,20984.7,45580.7,106407.9,128652.3,91994.3,148
302.2,145786.0,28102.0,45096.0,27492.0,45096.0,68338.8,56341.3,15599.1,13415.5,0.0,23655.5,0.0,16893.1,24554.5,20983.8,45579.3,106408.8,128652.3,91994.3,148
303.2,145786.0,28102.0,45096.0,27492.0,45096.0,68338.8,56341.4,15599.1,13415.6,0.0,23655.5,0.0,16894.3,24555.5,20987.5,45584.0,106405.2,128652.3,91994.4,148
304.2,145786.0,28102.0,45096.0,27492.0,45096.0,68338.8,56341.4,15599.1,13415.6,0.0,23655.5,0.0,16894.9,24555.6,20988.3,45584.8,106404.4,128652.3,91994.4,148
305.2,145786.0,28102.0,45096.0,27492.0,45096.0,68342.6,56345.1,15602.9,13419.4,0.0,23655.5,0.0,16898.8,24555.9,20994.6,45591.5,106398.0,128652.3,91998.2,148
306.2,145786.0,28102.0,45096.0,27492.0,45096.0,68342.6,56345.1,15602.9,13419.4,0.0,23655.5,0.0,16899.1,24556.2,20990.5,45587.7,106402.1,128652.3,91998.2,148
307.2,145786.0,28102.0,45096.0,27492.0,45096.0,68342.6,56345.1,15602.9,13419.4,0.0,23655.5,0.0,16900.1,24556.0,20996.0,45592.9,106396.7,128652.3,91998.2,148
308.2,145786.0,28102.0,45096.0,27492.0,45096.0,68342.7,56345.2,15602.9,13419.4,0.0,23655.5,0.0,16900.4,24556.0,20992.6,45589.5,106400.0,128652.3,91998.2,148
309.2,145786.0,28102.0,45096.0,27492.0,45096.0,68342.7,56345.2,15602.9,13419.4,0.0,23656.5,0.0,16901.0,24556.7,20989.3,45586.9,106403.3,128652.3,91999.2,148
310.2,145786.0,28102.0,45096.0,27492.0,45096.0,68342.7,56345.2,15602.9,13419.4,0.0,23656.6,0.0,16901.4,24556.7,20990.2,45587.9,106402.4,128652.3,91999.2,148
311.2,145786.0,28102.0,45096.0,27492.0,45096.0,68342.7,56345.2,15602.9,13419.4,0.0,23656.7,0.0,16890.8,24557.0,20977.6,45575.6,106415.0,128652.3,91999.4,148
312.2,145786.0,28102.0,45096.0,27492.0,45096.0,68352.9,56355.4,15613.2,13429.7,0.0,23656.8,0.0,16901.1,24557.2,20995.4,45593.7,106397.2,128652.3,92009.7,148
313.2,145786.0,28102.0,45096.0,27492.0,45096.0,68352.9,56355.4,15613.2,13429.7,0.0,23656.8,0.0,16901.6,24557.6,20994.1,45592.7,106398.5,128652.3,92009.7,148
314.2,145786.0,28102.0,45096.0,27492.0,45096.0,68352.9,56355.4,15613.2,13429.7,0.0,23656.8,0.0,16901.6,24557.6,20991.6,45590.2,106401.0,128652.3,92009.7,148
315.2,145786.0,28102.0,45096.0,27492.0,45096.0,68352.9,56355.4,15613.2,13429.7,0.0,23656.8,0.0,16901.6,24557.3,20990.2,45588.4,106402.4,128652.3,92009.7,148
316.2,145786.0,28102.0,45096.0,27492.0,45096.0,68352.9,56355.4,15613.2,13429.7,0.0,23656.8,0.0,16901.6,24557.3,20991.0,45589.3,106401.6,128652.3,92009.7,148
317.2,145786.0,28102.0,45096.0,27492.0,45096.0,68352.9,56355.4,15613.2,13429.7,0.0,23656.8,0.0,16901.8,24556.9,20993.5,45591.4,106399.1,128652.3,92009.7,148
318.2,145786.0,28102.0,45096.0,27492.0,45096.0,68352.9,56355.4,15613.2,13429.7,0.0,23656.9,0.0,16901.7,24556.9,20998.7,45596.7,106393.9,128652.3,92009.8,148
319.2,145786.0,28102.0,45096.0,27492.0,45096.0,68353.0,56355.5,15613.2,13429.7,0.0,23656.9,0.0,16901.9,24557.1,20999.9,45598.0,106392.7,128652.3,92009.9,148
320.2,145786.0,28102.0,45096.0,27492.0,45096.0,68353.0,56355.5,15613.2,13429.7,0.0,23656.9,0.0,16901.8,24557.1,20998.0,45596.1,106394.6,128652.3,92009.9,148
321.2,145786.0,28102.0,45096.0,27492.0,45096.0,68353.0,56355.5,15613.2,13429.7,0.0,23657.0,0.0,16901.9,24557.1,20996.7,45594.9,106395.9,128652.3,92009.9,148
322.2,145786.0,28102.0,45096.0,27492.0,45096.0,68353.0,56355.5,15613.3,13429.7,0.0,23657.2,0.0,16901.8,24557.9,20992.3,45591.3,106400.3,128652.3,92010.2,148
323.2,145786.0,28102.0,45096.0,27492.0,45096.0,68353.0,56355.5,15613.3,13429.8,0.0,23657.2,0.0,16901.8,24557.7,20995.2,45593.9,106397.4,128652.3,92010.2,148
324.2,145786.0,28102.0,45096.0,27492.0,45096.0,68353.0,56355.5,15613.3,13429.8,0.0,23657.2,0.0,16901.8,24557.3,20996.3,45594.7,106396.2,128652.3,92010.2,148
325.2,145786.0,28102.0,45096.0,27492.0,45096.0,68353.0,56355.5,15613.3,13429.8,0.0,23657.2,0.0,16901.9,24557.9,21002.6,45601.5,106390.0,128652.3,92010.2,148
326.2,145786.0,28102.0,45096.0,27492.0,45096.0,68353.0,56355.5,15613.3,13429.8,0.0,23657.4,0.0,16901.8,24558.3,20997.7,45597.0,106394.9,128652.3,92010.4,148
327.2,145786.0,28102.0,45096.0,27492.0,45096.0,68353.0,56355.5,15613.3,13429.8,0.0,23657.4,0.0,16902.0,24558.3,20998.6,45597.9,106394.0,128652.3,92010.4,148
328.2,145786.0,28102.0,45096.0,27492.0,45096.0,68353.0,56355.5,15613.3,13429.8,0.0,23657.4,0.0,16899.5,24558.1,20998.8,45597.9,106393.8,128652.3,92010.4,148
329.2,145786.0,28102.0,45096.0,27492.0,45096.0,68353.0,56355.5,15613.3,13429.8,0.0,23657.4,0.0,16899.0,24558.0,20998.2,45597.2,106394.4,128652.3,92010.4,148
330.2,145786.0,28102.0,45096.0,27492.0,45096.0,68353.1,56355.6,15613.4,13429.8,0.0,23657.4,0.0,16899.0,24558.4,20996.1,45595.6,106396.4,128652.3,92010.5,148
331.2,145786.0,28102.0,45096.0,27492.0,45096.0,68353.1,56355.6,15613.4,13429.9,0.0,23657.4,0.0,16899.1,24558.4,20997.2,45596.6,106395.4,128652.3,92010.5,148
332.2,145786.0,28102.0,45096.0,27492.0,45096.0,68353.1,56355.7,15613.5,13429.9,0.0,23657.6,0.0,16899.1,24558.7,20996.7,45596.4,106395.9,128652.3,92010.7,148
333.2,145786.0,28102.0,45096.0,27492.0,45096.0,68353.1,56355.7,15613.5,13429.9,0.0,23657.6,0.0,16899.2,24558.7,20995.5,45595.2,106397.1,128652.3,92010.7,148
334.2,145786.0,28102.0,45096.0,27492.0,45096.0,68353.1,56355.7,15613.5,13429.9,0.0,23657.6,0.0,16899.1,24557.9,20993.1,45592.1,106399.5,128652.3,92010.7,148
335.2,145786.0,28102.0,45096.0,27492.0,45096.0,68353.1,56355.7,15613.5,13429.9,0.0,23657.6,0.0,16899.2,24558.0,20990.4,45589.4,106402.2,128652.3,92010.7,148
336.2,145786.0,28102.0,45096.0,27492.0,45096.0,68353.1,56355.7,15613.5,13429.9,0.0,23657.6,0.0,16899.1,24558.1,20990.5,45589.6,106402.1,128652.3,92010.7,148
337.3,145786.0,28102.0,45096.0,27492.0,45096.0,68353.1,56355.7,15613.5,13429.9,0.0,23657.6,0.0,16899.4,24558.1,20992.5,45591.6,106400.1,128652.3,92010.7,148
338.3,145786.0,28102.0,45096.0,27492.0,45096.0,68310.3,56312.9,15570.7,13387.1,0.0,23657.6,0.0,16856.5,24559.3,20957.2,45557.5,106435.3,128652.3,91967.9,148
339.3,145786.0,28102.0,45096.0,27492.0,45096.0,68333.0,56335.5,15593.3,13409.7,0.0,23657.6,0.0,16879.1,24558.8,20968.5,45568.3,106424.1,128652.3,91990.6,148
340.3,145786.0,28102.0,45096.0,27492.0,45096.0,68333.0,56335.5,15593.3,13409.7,0.0,23657.6,0.0,16879.2,24558.4,20969.2,45568.7,106423.3,128652.3,91990.6,148
341.3,145786.0,28102.0,45096.0,27492.0,45096.0,68333.0,56335.5,15593.3,13409.7,0.0,23657.6,0.0,16879.3,24558.4,20969.6,45569.1,106422.9,128652.3,91990.6,148
342.3,145786.0,28102.0,45096.0,27492.0,45096.0,68338.8,56341.3,15599.1,13415.6,0.0,23657.6,0.0,16885.2,24558.4,20978.3,45577.8,106414.2,128652.3,91996.4,148
343.3,145786.0,28102.0,45096.0,27492.0,45096.0,68338.8,56341.3,15599.1,13415.6,0.0,23657.6,0.0,16885.1,24558.2,20979.6,45578.8,106413.0,128652.3,91996.4,148
344.3,145786.0,28102.0,45096.0,27492.0,45096.0,68339.0,56341.5,15599.3,13415.8,0.0,23657.6,0.0,16885.3,24557.9,20980.9,45579.9,106411.6,128652.3,91996.6,148
345.3,145786.0,28102.0,45096.0,27492.0,45096.0,68339.1,56341.6,15599.4,13415.8,0.0,23657.6,0.0,16885.4,24558.4,20982.5,45582.0,106410.1,128652.3,91996.7,148
346.3,145786.0,28102.0,45096.0,27492.0,45096.0,68339.1,56341.6,15599.4,13415.8,0.0,23657.8,0.0,16885.4,24558.5,20983.9,45583.5,106408.6,128652.3,91996.9,148
347.3,145786.0,28102.0,45096.0,27492.0,45096.0,68357.5,56360.0,15617.8,13434.3,0.0,23657.8,0.0,16885.3,24558.6,20985.1,45584.8,106407.4,128652.3,92015.3,148
348.4,145786.0,28102.0,45096.0,27492.0,45096.0,68357.5,56360.1,15617.8,13434.3,0.0,23657.8,0.0,16907.1,24559.1,21007.9,45608.1,106384.7,128652.3,92015.3,148
349.4,145786.0,28102.0,45096.0,27492.0,45096.0,68357.5,56360.1,15617.8,13434.3,0.0,23657.9,0.0,16921.4,24558.9,21021.4,45621.3,106371.1,128652.3,92015.5,148
350.4,145786.0,28102.0,45096.0,27492.0,45096.0,68357.6,56360.1,15617.8,13434.3,0.0,23657.9,0.0,16907.2,24559.1,21012.7,45612.9,106379.8,128652.3,92015.5,148
351.4,145786.0,28102.0,45096.0,27492.0,45096.0,68357.6,56360.1,15617.8,13434.3,0.0,23657.9,0.0,16907.5,24558.9,21014.3,45614.3,106378.2,128652.3,92015.5,148
352.4,145786.0,28102.0,45096.0,27492.0,45096.0,68357.8,56360.3,15618.1,13434.5,0.0,23657.9,0.0,16907.6,24558.9,21015.2,45615.3,106377.3,128652.3,92015.7,148
353.4,145786.0,28102.0,45096.0,27492.0,45096.0,68357.9,56360.4,15618.1,13434.6,0.0,23658.0,0.0,16907.8,24559.1,21015.3,45615.4,106377.3,128652.3,92015.8,148
354.4,145786.0,28102.0,45096.0,27492.0,45096.0,68309.6,56312.1,15569.9,13386.4,0.0,23658.0,0.0,16859.6,24559.0,20964.6,45564.7,106427.9,128652.3,91967.6,148
355.4,145786.0,28102.0,45096.0,27492.0,45096.0,68313.9,56316.4,15574.2,13390.7,0.0,23658.0,0.0,16863.9,24558.9,20964.8,45564.7,106427.8,128652.3,91971.9,148
356.4,145786.0,28102.0,45096.0,27492.0,45096.0,68313.9,56316.4,15574.2,13390.7,0.0,23658.0,0.0,16863.9,24558.9,20964.9,45564.9,106427.6,128652.3,91971.9,148
357.4,145786.0,28102.0,45096.0,27492.0,45096.0,68317.3,56319.8,15577.6,13394.1,0.0,23658.0,0.0,16867.2,24558.9,20969.8,45569.7,106422.8,128652.3,91975.3,148
358.4,145786.0,28102.0,45096.0,27492.0,45096.0,68317.3,56319.8,15577.6,13394.1,0.0,23658.0,0.0,16867.3,24559.1,20966.8,45566.9,106425.7,128652.3,91975.3,148
359.4,145786.0,28102.0,45096.0,27492.0,45096.0,68268.9,56271.4,15529.2,13345.6,0.0,23658.0,0.0,16819.1,24559.0,20919.2,45519.3,106473.3,128652.3,91926.9,148
360.4,145786.0,28102.0,45096.0,27492.0,45096.0,68330.5,56333.0,15590.7,13407.2,0.0,23658.0,0.0,16880.5,24559.5,20979.9,45580.4,106412.7,128652.3,91988.5,148
361.4,145786.0,28102.0,45096.0,27492.0,45096.0,68338.8,56341.3,15599.0,13415.5,0.0,23658.0,0.0,16888.9,24559.2,20991.1,45591.4,106401.4,128652.3,91996.8,148
362.4,145786.0,28102.0,45096.0,27492.0,45096.0,68338.8,56341.3,15599.0,13415.5,0.0,23658.0,0.0,16888.9,24559.6,20992.6,45593.3,106399.9,128652.3,91996.8,148
363.4,145786.0,28102.0,45096.0,27492.0,45096.0,68338.8,56341.3,15599.0,13415.5,0.0,23658.0,0.0,16889.0,24560.4,21000.6,45602.1,106391.9,128652.3,91996.8,148
364.4,145786.0,28102.0,45096.0,27492.0,45096.0,68359.5,56362.0,15619.7,13436.2,0.0,23658.1,0.0,16909.7,24560.1,21017.5,45618.7,106375.0,128652.3,92017.6,148
365.4,145786.0,28102.0,45096.0,27492.0,45096.0,68311.6,56314.1,15571.8,13388.3,0.0,23658.2,0.0,16861.8,24559.5,20964.5,45565.1,106428.0,128652.3,91969.7,148
366.4,145786.0,28102.0,45096.0,27492.0,45096.0,68311.6,56314.1,15571.8,13388.3,0.0,23658.2,0.0,16861.2,24559.5,20961.1,45561.7,106431.4,128652.3,91969.7,148
367.4,145786.0,28102.0,45096.0,27492.0,45096.0,68317.3,56319.8,15577.6,13394.0,0.0,23658.2,0.0,16867.0,24558.7,20967.6,45567.4,106425.0,128652.3,91975.5,148
368.4,145786.0,28102.0,45096.0,27492.0,45096.0,68335.6,56338.1,15595.9,13412.4,0.0,23658.2,0.0,16885.3,24559.2,20989.6,45589.9,106402.9,128652.3,91993.8,148
369.4,145786.0,28102.0,45096.0,27492.0,45096.0,68335.6,56338.1,15595.9,13412.4,0.0,23658.2,0.0,16885.4,24559.0,20988.1,45588.2,106404.4,128652.3,91993.8,148
370.4,145786.0,28102.0,45096.0,27492.0,45096.0,68335.6,56338.1,15595.9,13412.4,0.0,23658.2,0.0,16885.5,24559.1,20987.2,45587.3,106405.3,128652.3,91993.8,148
371.4,145786.0,28102.0,45096.0,27492.0,45096.0,68335.6,56338.1,15595.9,13412.4,0.0,23658.2,0.0,16885.4,24558.6,20984.0,45583.8,106408.5,128652.3,91993.8,148
372.4,145786.0,28102.0,45096.0,27492.0,45096.0,68335.6,56338.1,15595.9,13412.4,0.0,23658.2,0.0,16885.4,24558.9,20986.2,45586.1,106406.3,128652.3,91993.9,148
373.4,145786.0,28102.0,45096.0,27492.0,45096.0,68339.8,56342.3,15600.0,13416.5,0.0,23658.2,0.0,16889.9,24558.4,20993.8,45593.3,106398.7,128652.3,91998.0,148
374.4,145786.0,28102.0,45096.0,27492.0,45096.0,68339.8,56342.3,15600.1,13416.6,0.0,23658.2,0.0,16889.7,24558.9,20988.7,45588.6,106403.8,128652.3,91998.1,148
375.4,145786.0,28102.0,45096.0,27492.0,45096.0,68339.8,56342.3,15600.1,13416.6,0.0,23658.3,0.0,16889.7,24558.9,20989.9,45589.9,106402.6,128652.3,91998.1,148
376.4,145786.0,28102.0,45096.0,27492.0,45096.0,68339.8,56342.4,15600.1,13416.6,0.0,23658.3,0.0,16889.8,24559.3,20993.3,45593.6,106399.2,128652.3,91998.1,148
377.4,145786.0,28102.0,45096.0,27492.0,45096.0,68339.9,56342.4,15600.1,13416.6,0.0,23658.3,0.0,16889.8,24558.5,20993.9,45593.5,106398.6,128652.3,91998.1,148
378.4,145786.0,28102.0,45096.0,27492.0,45096.0,68339.9,56342.4,15600.2,13416.7,0.0,23658.3,0.0,16889.8,24558.4,20993.9,45593.4,106398.6,128652.3,91998.2,148
379.4,145786.0,28102.0,45096.0,27492.0,45096.0,68340.0,56342.5,15600.3,13416.7,0.0,23658.3,0.0,16886.7,24559.2,20996.9,45597.2,106395.6,128652.3,91998.2,148
380.4,145786.0,28102.0,45096.0,27492.0,45096.0,68355.8,56358.4,15616.2,13432.6,0.0,23658.3,0.0,16902.6,24559.3,21007.3,45607.8,106385.1,128652.3,92014.1,148
381.4,145786.0,28102.0,45096.0,27492.0,45096.0,68355.9,56358.4,15616.2,13432.6,0.0,23658.3,0.0,16903.0,24559.9,21007.3,45608.3,106385.1,128652.3,92014.1,148
382.4,145786.0,28102.0,45096.0,27492.0,45096.0,68306.8,56309.3,15567.1,13383.5,0.0,23658.6,0.0,16853.8,24559.7,20960.9,45561.7,106431.5,128652.3,91965.3,148
383.4,145786.0,28102.0,45096.0,27492.0,45096.0,68306.8,56309.3,15567.1,13383.5,0.0,23658.6,0.0,16853.8,24559.9,20962.4,45563.4,106430.1,128652.3,91965.4,148
384.4,145786.0,28102.0,45096.0,27492.0,45096.0,68316.1,56318.6,15576.5,13392.9,0.0,23658.6,0.0,16853.8,24559.9,20961.6,45562.7,106430.8,128652.3,91974.7,148
385.4,145786.0,28102.0,45096.0,27492.0,45096.0,68316.1,56318.6,15576.5,13392.9,0.0,23658.6,0.0,16863.5,24559.5,20966.0,45566.6,106426.5,128652.3,91974.7,148
386.4,145786.0,28102.0,45096.0,27492.0,45096.0,68316.1,56318.6,15576.4,13392.9,0.0,23658.6,0.0,16863.8,24559.2,20968.0,45568.3,106424.5,128652.3,91974.7,148
387.4,145786.0,28102.0,45096.0,27492.0,45096.0,68316.1,56318.6,15576.5,13392.9,0.0,23658.6,0.0,16863.3,24559.2,20970.2,45570.5,106422.2,128652.3,91974.7,148
388.4,145786.0,28102.0,45096.0,27492.0,45096.0,68335.7,56338.2,15596.0,13412.4,0.0,23658.6,0.0,16882.7,24559.4,20985.0,45585.5,106407.5,128652.3,91994.3,148
389.4,145786.0,28102.0,45096.0,27492.0,45096.0,68335.7,56338.2,15596.0,13412.4,0.0,23658.7,0.0,16883.1,24559.6,20985.6,45586.3,106406.9,128652.3,91994.4,148
390.4,145786.0,28102.0,45096.0,27492.0,45096.0,68335.7,56338.2,15596.0,13412.4,0.0,23658.7,0.0,16883.3,24559.6,20986.2,45586.9,106406.3,128652.3,91994.4,148
391.5,145786.0,28102.0,45096.0,27492.0,45096.0,68335.7,56338.2,15596.0,13412.4,0.0,23658.7,0.0,16883.3,24560.0,20986.8,45587.9,106405.6,128652.3,91994.4,148
392.5,145786.0,28102.0,45096.0,27492.0,45096.0,68335.7,56338.2,15596.0,13412.4,0.0,23658.8,0.0,16882.6,24559.5,20984.4,45585.1,106408.0,128652.3,91994.4,148
393.5,145786.0,28102.0,45096.0,27492.0,45096.0,68344.1,56346.6,15604.4,13420.8,0.0,23658.8,0.0,16890.9,24559.9,20989.7,45590.8,106402.7,128652.3,92002.8,148
394.5,145786.0,28102.0,45096.0,27492.0,45096.0,68344.1,56346.6,15604.4,13420.8,0.0,23658.9,0.0,16891.6,24559.8,20986.9,45587.8,106405.5,128652.3,92003.0,148
395.5,145786.0,28102.0,45096.0,27492.0,45096.0,68344.1,56346.6,15604.4,13420.9,0.0,23658.9,0.0,16891.2,24559.7,20987.1,45588.0,106405.3,128652.3,92003.0,148
396.5,145786.0,28102.0,45096.0,27492.0,45096.0,68344.1,56346.6,15604.4,13420.9,0.0,23658.9,0.0,16891.4,24559.6,20990.3,45591.1,106402.1,128652.3,92003.1,148
397.6,145786.0,28102.0,45096.0,27492.0,45096.0,68344.1,56346.6,15604.4,13420.9,0.0,23659.0,0.0,16891.2,24559.7,20991.6,45592.5,106400.8,128652.3,92003.1,148
398.6,145786.0,28102.0,45096.0,27492.0,45096.0,68344.1,56346.6,15604.4,13420.9,0.0,23659.0,0.0,16893.3,24559.8,20994.0,45594.9,106398.4,128652.3,92003.1,148
399.6,145786.0,28102.0,45096.0,27492.0,45096.0,68344.1,56346.6,15604.4,13420.9,0.0,23659.0,0.0,16908.6,24559.8,21015.0,45616.0,106377.4,128652.3,92003.1,148
400.6,145786.0,28102.0,45096.0,27492.0,45096.0,68344.1,56346.6,15604.4,13420.9,0.0,23659.0,0.0,16895.2,24560.4,21000.2,45601.8,106392.2,128652.3,92003.1,148
401.7,145786.0,28102.0,45096.0,27492.0,45096.0,68352.9,56355.4,15613.1,13429.6,0.0,23659.0,0.0,16904.2,24560.1,21010.0,45611.3,106382.4,128652.3,92011.9,148
402.7,145786.0,28102.0,45096.0,27492.0,45096.0,68352.9,56355.4,15613.1,13429.6,0.0,23659.0,0.0,16903.9,24559.6,21010.0,45610.8,106382.4,128652.3,92011.9,148
403.7,145786.0,28102.0,45096.0,27492.0,45096.0,68352.9,56355.4,15613.1,13429.6,0.0,23659.0,0.0,16904.0,24559.6,21011.3,45612.2,106381.1,128652.3,92011.9,148
404.8,145786.0,28102.0,45096.0,27492.0,45096.0,68358.1,56360.6,15618.4,13434.9,0.0,23659.0,0.0,16909.2,24559.6,21012.7,45613.4,106379.7,128652.3,92017.1,148
405.8,145786.0,28102.0,45096.0,27492.0,45096.0,68358.1,56360.6,15618.4,13434.9,0.0,23659.0,0.0,16909.3,24559.7,21009.2,45610.1,106383.2,128652.3,92017.1,148
406.8,145786.0,28102.0,45096.0,27492.0,45096.0,68358.3,56360.8,15618.5,13435.0,0.0,23659.1,0.0,16909.0,24560.6,21016.0,45617.8,106376.4,128652.3,92017.4,148
407.8,145786.0,28102.0,45096.0,27492.0,45096.0,68366.1,56368.6,15626.4,13442.9,0.0,23659.1,0.0,16917.3,24560.2,21022.2,45623.6,106370.2,128652.3,92025.2,148
408.8,145786.0,28102.0,45096.0,27492.0,45096.0,68366.2,56368.7,15626.5,13443.0,0.0,23659.1,0.0,16917.4,24559.7,21018.9,45619.8,106373.5,128652.3,92025.3,148
409.8,145786.0,28102.0,45096.0,27492.0,45096.0,68318.4,56320.9,15578.6,13395.1,0.0,23659.1,0.0,16869.5,24559.3,20967.8,45568.3,106424.6,128652.3,91977.5,148
410.8,145786.0,28102.0,45096.0,27492.0,45096.0,68318.4,56320.9,15578.6,13395.1,0.0,23659.1,0.0,16869.5,24559.3,20965.4,45565.9,106427.0,128652.3,91977.5,148
411.8,145786.0,28102.0,45096.0,27492.0,45096.0,68318.4,56320.9,15578.6,13395.1,0.0,23659.1,0.0,16869.4,24559.3,20966.7,45567.2,106425.7,128652.3,91977.5,148
412.8,145786.0,28102.0,45096.0,27492.0,45096.0,68345.2,56347.7,15605.4,13421.9,0.0,23659.2,0.0,16896.8,24559.8,20991.3,45592.3,106401.1,128652.3,92004.4,148
413.8,145786.0,28102.0,45096.0,27492.0,45096.0,68325.3,56327.8,15585.6,13402.1,0.0,23659.3,0.0,16924.4,24561.3,21030.2,45632.7,106362.2,128652.3,91984.6,148
414.8,145786.0,28102.0,45096.0,27492.0,45096.0,68331.6,56334.1,15591.8,13408.3,0.0,23659.3,0.0,16882.3,24560.7,20976.0,45577.9,106416.4,128652.3,91990.9,148
415.8,145786.0,28102.0,45096.0,27492.0,45096.0,68331.6,56334.1,15591.9,13408.3,0.0,23659.3,0.0,16883.2,24560.2,20979.1,45580.5,106413.2,128652.3,91990.9,148
416.8,145786.0,28102.0,45096.0,27492.0,45096.0,68339.9,56342.4,15600.1,13416.6,0.0,23659.3,0.0,16892.3,24559.9,20989.9,45591.0,106402.5,128652.3,91999.2,148
417.8,145786.0,28102.0,45096.0,27492.0,45096.0,68339.9,56342.4,15600.1,13416.6,0.0,23659.3,0.0,16892.3,24559.9,20988.4,45589.5,106404.0,128652.3,91999.2,148
418.8,145786.0,28102.0,45096.0,27492.0,45096.0,68339.9,56342.4,15600.1,13416.6,0.0,23659.4,0.0,16892.3,24560.0,20989.5,45590.7,106402.9,128652.3,91999.3,148
419.8,145786.0,28102.0,45096.0,27492.0,45096.0,68346.3,56348.8,15606.5,13423.0,0.0,23659.5,0.0,16898.3,24560.3,20993.1,45594.6,106399.3,128652.3,92005.7,148
420.8,145902.0,28218.0,45096.0,27492.0,45096.0,68346.3,56348.8,15606.6,13423.1,0.0,23659.5,0.0,16898.4,24560.3,20992.8,45594.4,106399.6,128652.3,92005.8,148
421.8,145902.0,28218.0,45096.0,27492.0,45096.0,68385.5,56388.0,15645.7,13462.2,0.0,23659.5,0.0,16928.3,24561.6,21070.6,45673.4,106321.8,128652.3,92045.0,148
422.9,145902.0,28218.0,45096.0,27492.0,45096.0,68343.3,56345.8,15603.6,13420.1,0.0,23659.5,0.0,16895.6,24561.3,20998.4,45600.9,106394.0,128652.3,92002.8,148
423.9,145902.0,28218.0,45096.0,27492.0,45096.0,68296.7,56299.2,15557.0,13373.5,0.0,23659.5,0.0,16845.5,24560.9,20952.2,45554.3,106440.1,128652.3,91956.2,148
424.9,145902.0,28218.0,45096.0,27492.0,45096.0,68296.7,56299.2,15557.0,13373.5,0.0,23659.5,0.0,16849.1,24560.4,20952.5,45554.1,106439.8,128652.3,91956.2,148
425.9,145902.0,28218.0,45096.0,27492.0,45096.0,68296.7,56299.2,15557.0,13373.5,0.0,23659.5,0.0,16849.1,24560.1,20953.4,45554.7,106439.0,128652.3,91956.2,148
426.9,145902.0,28218.0,45096.0,27492.0,45096.0,68337.9,56340.5,15598.2,13414.7,0.0,23659.5,0.0,16890.3,24561.3,20997.4,45600.0,106394.9,128652.3,91997.5,148
427.9,145902.0,28218.0,45096.0,27492.0,45096.0,68345.4,56347.9,15605.7,13422.2,0.0,23659.5,0.0,16897.8,24561.1,21010.4,45612.7,106382.0,128652.3,92004.9,148
428.9,145902.0,28218.0,45096.0,27492.0,45096.0,68345.4,56347.9,15605.7,13422.2,0.0,23659.6,0.0,16897.8,24561.1,21011.3,45613.7,106381.0,128652.3,92005.0,148
429.9,145902.0,28218.0,45096.0,27492.0,45096.0,68345.4,56347.9,15605.7,13422.2,0.0,23659.6,0.0,16894.8,24561.1,21006.4,45608.7,106386.0,128652.3,92005.0,148
430.9,145902.0,28218.0,45096.0,27492.0,45096.0,68345.4,56347.9,15605.7,13422.2,0.0,23659.6,0.0,16894.5,24560.7,21005.3,45607.2,106387.1,128652.3,92005.0,148
431.9,145902.0,28218.0,45096.0,27492.0,45096.0,68392.7,56395.2,15653.0,13469.4,0.0,23659.6,0.0,16942.0,24561.6,21053.5,45656.3,106338.9,128652.3,92052.2,148
432.9,145902.0,28218.0,45096.0,27492.0,45096.0,68343.0,56345.5,15603.3,13419.8,0.0,23659.6,0.0,16892.4,24561.1,21001.4,45603.8,106390.9,128652.3,92002.6,148
433.9,145902.0,28218.0,45096.0,27492.0,45096.0,68390.7,56393.2,15651.0,13467.5,0.0,23659.6,0.0,16939.7,24562.7,21116.3,45720.3,106276.1,128652.3,92050.3,148
434.9,145902.0,28218.0,45096.0,27492.0,45096.0,68390.7,56393.2,15651.0,13467.5,0.0,23659.7,0.0,16940.1,24561.3,21046.0,45648.6,106346.3,128652.3,92050.4,148
435.9,145902.0,28218.0,45096.0,27492.0,45096.0,68380.6,56383.1,15640.9,13457.3,0.0,23659.7,0.0,16930.0,24561.8,21033.8,45636.9,106358.6,128652.3,92040.3,148
436.9,145902.0,28218.0,45096.0,27492.0,45096.0,68380.6,56383.1,15640.9,13457.3,0.0,23659.7,0.0,16930.5,24561.5,21036.1,45638.8,106356.3,128652.3,92040.3,148
437.9,145902.0,28218.0,45096.0,27492.0,45096.0,68380.6,56383.1,15640.9,13457.3,0.0,23659.7,0.0,16930.1,24561.5,21035.2,45637.9,106357.2,128652.3,92040.3,148
438.9,145902.0,28218.0,45096.0,27492.0,45096.0,68380.6,56383.1,15640.9,13457.3,0.0,23659.7,0.0,16930.1,24561.3,21035.3,45637.9,106357.1,128652.3,92040.3,148
439.9,145902.0,28218.0,45096.0,27492.0,45096.0,68380.6,56383.1,15640.9,13457.3,0.0,23659.7,0.0,16929.7,24561.3,21033.2,45635.8,106359.2,128652.3,92040.3,148
440.9,145902.0,28218.0,45096.0,27492.0,45096.0,68343.3,56345.8,15603.6,13420.0,0.0,23659.8,0.0,16892.5,24562.0,20995.4,45598.7,106396.9,128652.3,92003.1,148
441.9,145902.0,28218.0,45096.0,27492.0,45096.0,68343.3,56345.8,15603.6,13420.1,0.0,23659.8,0.0,16893.0,24561.6,20996.3,45599.2,106396.1,128652.3,92003.1,148
442.9,145902.0,28218.0,45096.0,27492.0,45096.0,68343.3,56345.8,15603.6,13420.1,0.0,23659.8,0.0,16893.4,24561.7,20993.7,45596.6,106398.6,128652.3,92003.1,148
443.9,145902.0,28218.0,45096.0,27492.0,45096.0,68352.7,56355.2,15613.1,13429.5,0.0,23659.8,0.0,16892.6,24562.7,20997.8,45601.7,106394.6,128652.3,92012.5,148
444.9,145902.0,28218.0,45096.0,27492.0,45096.0,68304.4,56306.9,15564.7,13381.1,0.0,23659.8,0.0,16853.7,24562.8,20953.9,45557.9,106438.4,128652.3,91964.2,148
446.0,145902.0,28218.0,45096.0,27492.0,45096.0,68335.1,56337.6,15595.4,13411.8,0.0,23659.8,0.0,16884.3,24562.2,20981.4,45584.9,106410.9,128652.3,91994.9,148
447.0,145902.0,28218.0,45096.0,27492.0,45096.0,68335.1,56337.6,15595.4,13411.9,0.0,23659.8,0.0,16884.6,24562.2,20987.3,45590.8,106405.0,128652.3,91995.0,148
448.0,145902.0,28218.0,45096.0,27492.0,45096.0,68348.5,56351.1,15608.8,13425.3,0.0,23659.8,0.0,16898.0,24562.6,21005.2,45609.0,106387.1,128652.3,92008.4,148
449.0,145902.0,28218.0,45096.0,27492.0,45096.0,68364.9,56367.4,15625.1,13441.6,0.0,23659.8,0.0,16940.8,24562.7,21045.9,45649.9,106346.4,128652.3,92024.7,148
450.0,145902.0,28218.0,45096.0,27492.0,45096.0,68364.9,56367.4,15625.1,13441.6,0.0,23659.9,0.0,16929.7,24563.5,21042.8,45647.5,106349.5,128652.3,92024.8,148
451.0,145902.0,28218.0,45096.0,27492.0,45096.0,68364.9,56367.4,15625.1,13441.6,0.0,23660.0,0.0,16918.0,24563.1,21032.6,45637.0,106359.7,128652.3,92024.9,148
452.0,145902.0,28218.0,45096.0,27492.0,45096.0,68364.9,56367.4,15625.1,13441.6,0.0,23660.0,0.0,16917.6,24562.8,21033.2,45637.3,106359.1,128652.3,92024.9,148
453.0,145902.0,28218.0,45096.0,27492.0,45096.0,68364.9,56367.4,15625.1,13441.6,0.0,23660.0,0.0,16917.6,24562.6,21031.4,45635.3,106360.9,128652.3,92024.9,148
454.0,145902.0,28218.0,45096.0,27492.0,45096.0,68364.9,56367.4,15625.1,13441.6,0.0,23660.0,0.0,16917.6,24562.3,21031.0,45634.5,106361.3,128652.3,92024.9,148
455.0,145902.0,28218.0,45096.0,27492.0,45096.0,68364.9,56367.4,15625.1,13441.6,0.0,23660.1,0.0,16917.7,24562.4,21035.4,45639.0,106356.9,128652.3,92025.0,148
456.0,145902.0,28218.0,45096.0,27492.0,45096.0,68364.9,56367.4,15625.1,13441.6,0.0,23660.1,0.0,16917.6,24562.4,21032.4,45636.1,106359.9,128652.3,92025.0,148
457.0,145902.0,28218.0,45096.0,27492.0,45096.0,68364.9,56367.4,15625.1,13441.6,0.0,23660.1,0.0,16917.7,24562.4,21034.1,45637.8,106358.2,128652.3,92025.0,148
458.0,145902.0,28218.0,45096.0,27492.0,45096.0,68364.9,56367.4,15625.2,13441.6,0.0,23660.2,0.0,16917.7,24562.4,21032.5,45636.2,106359.8,128652.3,92025.0,148
459.0,145902.0,28218.0,45096.0,27492.0,45096.0,68364.9,56367.4,15625.2,13441.6,0.0,23660.2,0.0,16917.7,24562.2,21034.3,45637.8,106358.0,128652.3,92025.0,148
460.0,145902.0,28218.0,45096.0,27492.0,45096.0,68378.4,56381.0,15638.7,13455.2,0.0,23660.2,0.0,16931.8,24561.9,21042.7,45645.8,106349.6,128652.3,92038.6,148
461.0,145902.0,28218.0,45096.0,27492.0,45096.0,68379.2,56381.7,15639.4,13455.9,0.0,23660.2,0.0,16931.9,24561.7,21039.5,45642.5,106352.8,128652.3,92039.4,148
462.1,145902.0,28218.0,45096.0,27492.0,45096.0,68361.0,56363.5,15621.3,13437.7,0.0,23660.2,0.0,16914.0,24563.1,21020.4,45624.8,106371.9,128652.3,92021.2,148
463.1,145902.0,28218.0,45096.0,27492.0,45096.0,68374.1,56376.6,15634.4,13450.9,0.0,23660.2,0.0,16915.9,24562.8,21037.6,45641.7,106355.7,128652.3,92034.4,148
464.1,145902.0,28218.0,45096.0,27492.0,45096.0,68374.2,56376.7,15634.5,13451.0,0.0,23660.2,0.0,16927.2,24563.3,21031.2,45635.8,106361.1,128652.3,92034.5,148
465.1,145902.0,28218.0,45096.0,27492.0,45096.0,68384.0,56386.5,15644.2,13460.7,0.0,23660.2,0.0,16936.1,24563.3,21040.7,45645.3,106351.6,128652.3,92044.2,148
466.1,145902.0,28218.0,45096.0,27492.0,45096.0,68384.0,56386.5,15644.3,13460.8,0.0,23660.3,0.0,16936.9,24562.8,21029.6,45633.7,106362.7,128652.3,92044.2,148
467.1,145902.0,28218.0,45096.0,27492.0,45096.0,68384.1,56386.6,15644.3,13460.8,0.0,23660.4,0.0,16937.3,24562.9,21037.4,45641.6,106354.9,128652.3,92044.4,148
468.1,145902.0,28218.0,45096.0,27492.0,45096.0,68384.1,56386.7,15644.4,13460.9,0.0,23660.4,0.0,16937.3,24562.9,21034.2,45638.3,106358.1,128652.3,92044.5,148
469.1,145902.0,28218.0,45096.0,27492.0,45096.0,68384.1,56386.7,15644.4,13460.9,0.0,23660.4,0.0,16937.2,24562.9,21035.0,45639.1,106357.3,128652.3,92044.5,148
470.1,145902.0,28218.0,45096.0,27492.0,45096.0,68384.1,56386.7,15644.4,13460.9,0.0,23660.4,0.0,16939.0,24562.9,21034.8,45639.0,106357.5,128652.3,92044.6,148
471.1,145902.0,28218.0,45096.0,27492.0,45096.0,68385.6,56388.1,15645.9,13462.4,0.0,23660.4,0.0,16937.6,24562.9,21035.4,45639.5,106356.9,128652.3,92046.1,148
472.1,145902.0,28218.0,45096.0,27492.0,45096.0,68396.6,56399.1,15656.8,13473.3,0.0,23660.4,0.0,16949.7,24564.5,21048.8,45654.6,106343.5,128652.3,92057.0,148
473.1,145902.0,28218.0,45096.0,27492.0,45096.0,68397.7,56400.2,15658.0,13474.4,0.0,23660.4,0.0,16948.8,24564.3,21056.1,45661.7,106336.1,128652.3,92058.1,148
474.1,145902.0,28218.0,45096.0,27492.0,45096.0,68405.0,56407.5,15665.2,13481.7,0.0,23660.5,0.0,16956.1,24563.8,21061.3,45666.4,106331.0,128652.3,92065.5,148
475.1,145902.0,28218.0,45096.0,27492.0,45096.0,68405.0,56407.5,15665.2,13481.7,0.0,23660.5,0.0,16956.1,24563.8,21058.2,45663.3,106334.1,128652.3,92065.5,148
476.1,145902.0,28218.0,45096.0,27492.0,45096.0,68405.1,56407.6,15665.4,13481.8,0.0,23660.6,0.0,16956.4,24564.3,21056.0,45661.6,106336.2,128652.3,92065.6,148
477.1,145902.0,28218.0,45096.0,27492.0,45096.0,68405.1,56407.6,15665.4,13481.8,0.0,23660.6,0.0,16956.4,24563.5,21057.4,45662.2,106334.9,128652.3,92065.7,148
478.2,145902.0,28218.0,45096.0,27492.0,45096.0,68417.8,56420.3,15678.1,13494.5,0.0,23660.6,0.0,16969.0,24563.6,21072.5,45677.4,106319.8,128652.3,92078.4,148
479.2,145902.0,28218.0,45096.0,27492.0,45096.0,68417.9,56420.4,15678.2,13494.6,0.0,23660.6,0.0,16969.1,24563.2,21073.1,45677.6,106319.2,128652.3,92078.5,148
480.2,145902.0,28218.0,45096.0,27492.0,45096.0,68417.9,56420.4,15678.2,13494.6,0.0,23660.6,0.0,16966.6,24562.9,21074.9,45679.1,106317.4,128652.3,92078.5,148
481.2,145902.0,28218.0,45096.0,27492.0,45096.0,68417.9,56420.4,15678.2,13494.7,0.0,23660.6,0.0,16966.6,24562.7,21078.8,45682.8,106313.4,128652.3,92078.5,148
482.2,145902.0,28218.0,45096.0,27492.0,45096.0,68424.0,56426.4,15684.3,13500.7,0.0,23660.6,0.0,16972.7,24562.5,21087.5,45691.2,106304.8,128652.3,92084.6,148
483.2,145902.0,28218.0,45096.0,27492.0,45096.0,68424.0,56426.4,15684.3,13500.7,0.0,23660.6,0.0,16972.7,24562.6,21083.6,45687.5,106308.7,128652.3,92084.6,148
484.2,145902.0,28218.0,45096.0,27492.0,45096.0,68424.0,56426.4,15684.3,13500.7,0.0,23660.6,0.0,16972.5,24562.6,21080.2,45684.1,106312.0,128652.3,92084.6,148
485.2,145902.0,28218.0,45096.0,27492.0,45096.0,68410.6,56413.1,15671.0,13487.4,0.0,23660.6,0.0,16958.5,24563.5,21059.0,45663.9,106333.2,128652.3,92071.3,148
486.2,145902.0,28218.0,45096.0,27492.0,45096.0,68410.7,56413.1,15671.0,13487.4,0.0,23660.6,0.0,16959.5,24563.3,21059.8,45664.4,106332.4,128652.3,92071.3,148
487.2,145902.0,28218.0,45096.0,27492.0,45096.0,68410.7,56413.2,15671.0,13487.4,0.0,23660.6,0.0,16959.5,24563.1,21060.1,45664.6,106332.2,128652.3,92071.3,148
488.2,145902.0,28218.0,45096.0,27492.0,45096.0,68410.7,56413.2,15671.0,13487.4,0.0,23660.6,0.0,16959.7,24563.1,21058.2,45662.7,106334.0,128652.3,92071.3,148
489.2,145902.0,28218.0,45096.0,27492.0,45096.0,68410.7,56413.2,15671.0,13487.4,0.0,23660.6,0.0,16959.5,24563.1,21058.1,45662.6,106334.2,128652.3,92071.3,148
490.2,145902.0,28218.0,45096.0,27492.0,45096.0,68410.7,56413.2,15671.0,13487.4,0.0,23660.7,0.0,16959.5,24563.3,21057.6,45662.2,106334.7,128652.3,92071.4,148
491.2,145902.0,28218.0,45096.0,27492.0,45096.0,68410.7,56413.2,15671.0,13487.4,0.0,23660.7,0.0,16959.6,24563.2,21060.9,45665.5,106331.3,128652.3,92071.5,148
492.2,145902.0,28218.0,45096.0,27492.0,45096.0,68383.3,56385.8,15643.6,13460.0,0.0,23660.8,0.0,16981.8,24564.3,21094.1,45699.7,106298.2,128652.3,92044.1,148
493.2,145902.0,28218.0,45096.0,27492.0,45096.0,68421.4,56423.9,15681.7,13498.1,0.0,23660.8,0.0,16970.5,24563.5,21073.5,45678.4,106318.7,128652.3,92082.2,148
494.2,145902.0,28218.0,45096.0,27492.0,45096.0,68421.4,56423.9,15681.7,13498.2,0.0,23660.9,0.0,16970.8,24564.5,21074.8,45680.6,106317.4,128652.3,92082.3,148
495.2,145902.0,28218.0,45096.0,27492.0,45096.0,68433.8,56436.3,15694.1,13510.5,0.0,23660.9,0.0,16971.3,24564.0,21080.7,45686.0,106311.6,128652.3,92094.7,148
496.2,145902.0,28218.0,45096.0,27492.0,45096.0,68438.6,56441.1,15698.9,13515.3,0.0,23660.9,0.0,16943.5,24563.6,21053.4,45658.3,106338.9,128652.3,92099.5,148
497.2,145902.0,28218.0,45096.0,27492.0,45096.0,68390.3,56392.8,15650.6,13467.0,0.0,23660.9,0.0,16939.6,24564.0,21049.4,45654.8,106342.8,128652.3,92051.2,148
498.2,145902.0,28218.0,45096.0,27492.0,45096.0,68390.3,56392.8,15650.6,13467.0,0.0,23660.9,0.0,16939.6,24563.9,21049.9,45655.1,106342.4,128652.3,92051.2,148
499.2,145902.0,28218.0,45096.0,27492.0,45096.0,68376.1,56378.6,15636.4,13452.8,0.0,23660.9,0.0,16925.3,24564.3,21035.4,45641.0,106356.9,128652.3,92037.1,148
500.2,145902.0,28218.0,45096.0,27492.0,45096.0,68406.5,56408.9,15666.7,13483.2,0.0,23661.0,0.0,16956.7,24564.4,21075.6,45681.3,106316.7,128652.3,92067.5,148
501.2,145902.0,28218.0,45096.0,27492.0,45096.0,68406.5,56409.0,15666.7,13483.2,0.0,23661.1,0.0,16974.9,24563.7,21084.3,45689.3,106307.9,128652.3,92067.6,148
502.2,145902.0,28218.0,45096.0,27492.0,45096.0,68406.5,56409.0,15666.7,13483.2,0.0,23661.2,0.0,16961.0,24563.6,21072.9,45677.9,106319.3,128652.3,92067.7,148
503.2,145902.0,28218.0,45096.0,27492.0,45096.0,68406.5,56409.0,15666.7,13483.2,0.0,23661.3,0.0,16961.4,24563.8,21073.3,45678.5,106318.9,128652.3,92067.8,148
504.2,145902.0,28218.0,45096.0,27492.0,45096.0,68406.5,56409.0,15666.7,13483.2,0.0,23661.3,0.0,16961.4,24564.1,21075.4,45680.9,106316.8,128652.3,92067.8,148
505.2,145902.0,28218.0,45096.0,27492.0,45096.0,68406.5,56409.0,15666.8,13483.2,0.0,23661.3,0.0,16961.5,24563.7,21074.7,45679.8,106317.5,128652.3,92067.8,148
506.2,145902.0,28218.0,45096.0,27492.0,45096.0,68388.5,56390.9,15648.7,13465.2,0.0,23661.3,0.0,16941.1,24563.9,21058.5,45663.8,106333.7,128652.3,92049.8,148
507.2,145902.0,28218.0,45096.0,27492.0,45096.0,68388.5,56390.9,15648.7,13465.2,0.0,23661.3,0.0,16941.2,24564.2,21056.1,45661.8,106336.1,128652.3,92049.8,148
508.2,145902.0,28218.0,45096.0,27492.0,45096.0,68397.0,56399.4,15657.2,13473.7,0.0,23661.3,0.0,16949.6,24565.0,21067.3,45673.7,106324.9,128652.3,92058.3,148
509.2,145902.0,28218.0,45096.0,27492.0,45096.0,68394.6,56397.1,15654.9,13471.3,0.0,23661.4,0.0,16947.4,24564.8,21055.1,45661.3,106337.1,128652.3,92056.0,148
510.2,145902.0,28218.0,45096.0,27492.0,45096.0,68349.9,56352.4,15610.2,13426.7,0.0,23661.4,0.0,16951.9,24565.5,21069.6,45676.4,106322.6,128652.3,92011.3,148
511.2,145902.0,28218.0,45096.0,27492.0,45096.0,68350.0,56352.4,15610.2,13426.7,0.0,23661.4,0.0,16902.8,24564.7,21010.6,45616.8,106381.6,128652.3,92011.3,148
512.2,145902.0,28218.0,45096.0,27492.0,45096.0,68350.0,56352.4,15610.2,13426.7,0.0,23661.4,0.0,16903.0,24564.7,21012.9,45619.1,106379.3,128652.3,92011.3,148
513.2,145902.0,28218.0,45096.0,27492.0,45096.0,68350.0,56352.4,15610.2,13426.7,0.0,23661.4,0.0,16902.9,24564.6,21014.5,45620.5,106377.7,128652.3,92011.3,148
514.2,145902.0,28218.0,45096.0,27492.0,45096.0,68350.0,56352.4,15610.2,13426.7,0.0,23661.4,0.0,16902.9,24564.6,21015.4,45621.4,106376.8,128652.3,92011.3,148
515.2,145902.0,28218.0,45096.0,27492.0,45096.0,68350.0,56352.4,15610.2,13426.7,0.0,23661.4,0.0,16902.9,24564.5,21009.2,45615.1,106383.0,128652.3,92011.3,148
516.2,145902.0,28218.0,45096.0,27492.0,45096.0,68350.0,56352.4,15610.2,13426.7,0.0,23661.4,0.0,16902.9,24564.5,21008.4,45614.4,106383.8,128652.3,92011.3,148
517.2,145902.0,28218.0,45096.0,27492.0,45096.0,68350.0,56352.5,15610.2,13426.7,0.0,23661.4,0.0,16903.0,24564.5,21011.0,45616.9,106381.2,128652.3,92011.4,148
518.2,145902.0,28218.0,45096.0,27492.0,45096.0,68350.0,56352.5,15610.2,13426.7,0.0,23661.4,0.0,16903.0,24564.3,21011.1,45616.8,106381.1,128652.3,92011.4,148
519.2,145902.0,28218.0,45096.0,27492.0,45096.0,68370.0,56372.5,15630.3,13446.8,0.0,23661.4,0.0,16923.1,24564.0,21026.0,45631.4,106366.2,128652.3,92031.4,148
520.2,145902.0,28218.0,45096.0,27492.0,45096.0,68374.1,56376.6,15634.4,13450.8,0.0,23661.5,0.0,16927.9,24564.1,21036.1,45641.6,106356.1,128652.3,92035.6,148
521.2,145902.0,28218.0,45096.0,27492.0,45096.0,68381.5,56384.0,15641.8,13458.3,0.0,23661.5,0.0,16931.5,24564.8,21043.3,45649.5,106348.8,128652.3,92043.1,148
522.2,145902.0,28218.0,45096.0,27492.0,45096.0,68381.7,56384.2,15642.0,13458.4,0.0,23661.6,0.0,16935.9,24564.5,21046.4,45652.2,106345.8,128652.3,92043.3,148
523.2,145902.0,28218.0,45096.0,27492.0,45096.0,68380.7,56383.2,15641.0,13457.5,0.0,23661.6,0.0,16934.5,24564.6,21044.7,45650.8,106347.5,128652.3,92042.3,148
524.2,145902.0,28218.0,45096.0,27492.0,45096.0,68382.8,56385.3,15643.1,13459.6,0.0,23661.6,0.0,16936.6,24564.6,21045.4,45651.4,106346.8,128652.3,92044.4,148
525.2,145902.0,28218.0,45096.0,27492.0,45096.0,68382.8,56385.3,15643.1,13459.6,0.0,23661.6,0.0,16936.6,24564.7,21043.6,45649.7,106348.6,128652.3,92044.4,148
526.2,145902.0,28218.0,45096.0,27492.0,45096.0,68382.8,56385.3,15643.1,13459.6,0.0,23661.6,0.0,16936.7,24564.6,21049.5,45655.5,106342.7,128652.3,92044.4,148
527.2,145902.0,28218.0,45096.0,27492.0,45096.0,68382.8,56385.3,15643.1,13459.6,0.0,23661.6,0.0,16936.6,24564.8,21050.6,45656.8,106341.5,128652.3,92044.4,148
528.2,145902.0,28218.0,45096.0,27492.0,45096.0,68382.8,56385.3,15643.1,13459.6,0.0,23661.6,0.0,16936.7,24564.7,21049.8,45655.9,106342.4,128652.3,92044.4,148
529.2,145902.0,28218.0,45096.0,27492.0,45096.0,68382.8,56385.3,15643.1,13459.6,0.0,23661.6,0.0,16936.2,24564.7,21050.0,45656.1,106342.2,128652.3,92044.4,148
530.2,145902.0,28218.0,45096.0,27492.0,45096.0,68382.8,56385.3,15643.1,13459.6,0.0,23661.6,0.0,16934.2,24564.7,21052.6,45658.8,106339.5,128652.3,92044.4,148
531.2,145902.0,28218.0,45096.0,27492.0,45096.0,68382.8,56385.3,15643.1,13459.6,0.0,23661.6,0.0,16933.3,24564.7,21049.0,45655.1,106343.2,128652.3,92044.4,148
532.2,145902.0,28218.0,45096.0,27492.0,45096.0,68388.6,56391.1,15648.9,13465.3,0.0,23661.6,0.0,16933.4,24566.2,21053.8,45661.4,106338.4,128652.3,92050.2,148
533.2,145902.0,28218.0,45096.0,27492.0,45096.0,68394.2,56396.7,15654.5,13470.9,0.0,23661.6,0.0,16944.8,24566.6,21056.5,45664.5,106335.7,128652.3,92055.8,148
534.3,145902.0,28218.0,45096.0,27492.0,45096.0,68394.2,56396.7,15654.5,13470.9,0.0,23661.6,0.0,16944.8,24565.7,21059.1,45666.3,106333.0,128652.3,92055.8,148
535.3,145902.0,28218.0,45096.0,27492.0,45096.0,68405.6,56408.1,15665.9,13482.3,0.0,23661.6,0.0,16956.2,24564.9,21065.9,45672.2,106326.3,128652.3,92067.2,148
536.3,145902.0,28218.0,45096.0,27492.0,45096.0,68405.6,56408.1,15665.9,13482.3,0.0,23661.6,0.0,16955.9,24565.1,21068.6,45675.1,106323.5,128652.3,92067.2,148
537.3,145902.0,28218.0,45096.0,27492.0,45096.0,68405.6,56408.1,15665.9,13482.3,0.0,23661.7,0.0,16956.0,24565.1,21072.1,45678.6,106320.0,128652.3,92067.2,148
538.3,145902.0,28218.0,45096.0,27492.0,45096.0,68405.6,56408.1,15665.9,13482.3,0.0,23661.7,0.0,16956.0,24565.2,21068.9,45675.5,106323.2,128652.3,92067.2,148
539.3,145902.0,28218.0,45096.0,27492.0,45096.0,68405.6,56408.1,15665.9,13482.3,0.0,23661.7,0.0,16956.0,24565.2,21068.8,45675.5,106323.3,128652.3,92067.2,148
540.3,145902.0,28218.0,45096.0,27492.0,45096.0,68412.6,56415.1,15673.0,13489.4,0.0,23661.8,0.0,16962.5,24566.4,21071.8,45679.7,106320.3,128652.3,92074.5,148
541.3,145902.0,28218.0,45096.0,27492.0,45096.0,68412.6,56415.1,15673.0,13489.4,0.0,23661.8,0.0,16963.2,24565.9,21066.1,45673.5,106326.1,128652.3,92074.5,148
542.3,145902.0,28218.0,45096.0,27492.0,45096.0,68412.7,56415.2,15673.0,13489.4,0.0,23661.8,0.0,16963.2,24565.7,21071.9,45679.1,106320.2,128652.3,92074.5,148
543.3,145902.0,28218.0,45096.0,27492.0,45096.0,68412.7,56415.2,15673.0,13489.4,0.0,23661.8,0.0,16963.3,24565.9,21072.3,45679.7,106319.8,128652.3,92074.5,148
544.3,145902.0,28218.0,45096.0,27492.0,45096.0,68412.7,56415.2,15673.0,13489.4,0.0,23662.1,0.0,16963.7,24565.7,21068.0,45675.2,106324.1,128652.3,92074.8,148
545.3,145902.0,28218.0,45096.0,27492.0,45096.0,68412.7,56415.2,15673.0,13489.4,0.0,23662.1,0.0,16963.3,24565.5,21069.9,45676.9,106322.2,128652.3,92074.8,148
546.3,145902.0,28218.0,45096.0,27492.0,45096.0,68412.7,56415.2,15673.0,13489.4,0.0,23662.1,0.0,16963.4,24565.4,21072.6,45679.4,106319.5,128652.3,92074.8,148
547.3,145902.0,28218.0,45096.0,27492.0,45096.0,68412.7,56415.2,15673.0,13489.4,0.0,23662.1,0.0,16963.4,24565.7,21072.1,45679.3,106320.0,128652.3,92074.8,148
548.3,145902.0,28218.0,45096.0,27492.0,45096.0,68416.9,56419.4,15677.2,13493.6,0.0,23662.1,0.0,16967.3,24565.4,21073.0,45679.8,106319.2,128652.3,92079.0,148
549.3,145902.0,28218.0,45096.0,27492.0,45096.0,68416.9,56419.4,15677.2,13493.6,0.0,23662.1,0.0,16967.6,24565.6,21069.6,45676.6,106322.5,128652.3,92079.0,148
550.3,145902.0,28218.0,45096.0,27492.0,45096.0,68419.5,56422.0,15679.8,13496.2,0.0,23662.1,0.0,16996.6,24566.1,21106.7,45714.4,106285.3,128652.3,92081.6,148
551.3,145902.0,28218.0,45096.0,27492.0,45096.0,68419.5,56422.0,15679.7,13496.2,0.0,23662.4,0.0,16984.0,24566.3,21097.8,45705.7,106294.2,128652.3,92081.9,148
552.3,145902.0,28218.0,45096.0,27492.0,45096.0,68419.5,56422.0,15679.8,13496.2,0.0,23662.4,0.0,16973.5,24567.0,21083.5,45692.1,106308.5,128652.3,92081.9,148
553.3,145902.0,28218.0,45096.0,27492.0,45096.0,68427.6,56430.1,15687.9,13504.3,0.0,23662.4,0.0,16972.9,24566.5,21085.8,45694.0,106306.2,128652.3,92090.0,148
554.3,145902.0,28218.0,45096.0,27492.0,45096.0,68397.1,56399.6,15657.4,13473.8,0.0,23662.4,0.0,16944.2,24565.5,21059.0,45666.1,106333.0,128652.3,92059.6,148
555.3,145902.0,28218.0,45096.0,27492.0,45096.0,68416.2,56418.7,15676.5,13492.9,0.0,23662.5,0.0,16969.6,24566.3,21082.2,45690.0,106309.8,128652.3,92078.7,148
556.3,145902.0,28218.0,45096.0,27492.0,45096.0,68416.2,56418.7,15676.5,13492.9,0.0,23662.5,0.0,16969.7,24565.9,21078.7,45686.2,106313.3,128652.3,92078.7,148
557.3,145902.0,28218.0,45096.0,27492.0,45096.0,68416.2,56418.7,15676.5,13493.0,0.0,23662.5,0.0,16969.6,24566.0,21085.4,45693.0,106306.6,128652.3,92078.7,148
558.3,145902.0,28218.0,45096.0,27492.0,45096.0,68416.2,56418.7,15676.5,13493.0,0.0,23662.5,0.0,16969.8,24566.5,21086.5,45694.6,106305.5,128652.3,92078.7,148
559.3,145902.0,28218.0,45096.0,27492.0,45096.0,68418.2,56420.7,15678.5,13494.9,0.0,23662.5,0.0,16969.8,24566.2,21086.5,45694.3,106305.5,128652.3,92080.7,148
560.3,145902.0,28218.0,45096.0,27492.0,45096.0,68418.2,56420.7,15678.5,13494.9,0.0,23662.5,0.0,16972.3,24566.1,21087.8,45695.6,106304.2,128652.3,92080.7,148
561.3,145902.0,28218.0,45096.0,27492.0,45096.0,68418.2,56420.7,15678.5,13494.9,0.0,23662.5,0.0,16971.8,24566.3,21087.3,45695.2,106304.6,128652.3,92080.7,148
562.3,145902.0,28218.0,45096.0,27492.0,45096.0,68418.2,56420.7,15678.5,13494.9,0.0,23662.5,0.0,16971.8,24566.2,21087.6,45695.4,106304.4,128652.3,92080.7,148
563.3,145902.0,28218.0,45096.0,27492.0,45096.0,68438.0,56440.4,15698.2,13514.7,0.0,23662.7,0.0,16972.1,24566.7,21093.9,45702.2,106298.1,128652.3,92100.6,148
564.3,145902.0,28218.0,45096.0,27492.0,45096.0,68388.2,56390.6,15648.4,13464.9,0.0,23662.7,0.0,16941.8,24566.3,21055.3,45663.3,106336.6,128652.3,92050.8,148
565.3,145902.0,28218.0,45096.0,27492.0,45096.0,68388.2,56390.6,15648.4,13464.9,0.0,23662.7,0.0,16941.8,24566.4,21053.3,45661.2,106338.7,128652.3,92050.8,148
566.3,145902.0,28218.0,45096.0,27492.0,45096.0,68388.2,56390.7,15648.4,13464.9,0.0,23662.7,0.0,16941.9,24566.4,21054.3,45662.3,106337.7,128652.3,92050.9,148
567.3,145902.0,28218.0,45096.0,27492.0,45096.0,68444.0,56446.5,15704.3,13520.7,0.0,23662.7,0.0,16997.5,24566.7,21117.4,45725.7,106274.6,128652.3,92106.7,148
568.3,145902.0,28218.0,45096.0,27492.0,45096.0,68420.1,56422.5,15680.3,13496.8,0.0,23662.7,0.0,16973.8,24567.8,21085.4,45694.8,106306.6,128652.3,92082.7,148
569.3,145902.0,28218.0,45096.0,27492.0,45096.0,68420.1,56422.5,15680.3,13496.8,0.0,23662.7,0.0,16973.8,24567.4,21094.9,45703.9,106297.1,128652.3,92082.7,148
570.3,145902.0,28218.0,45096.0,27492.0,45096.0,68420.1,56422.5,15680.3,13496.8,0.0,23662.7,0.0,16973.9,24567.4,21117.3,45726.4,106274.7,128652.3,92082.8,148
571.3,145902.0,28218.0,45096.0,27492.0,45096.0,68420.1,56422.5,15680.3,13496.8,0.0,23662.7,0.0,16973.9,24566.9,21088.5,45697.1,106303.4,128652.3,92082.8,148
572.3,145902.0,28218.0,45096.0,27492.0,45096.0,68420.1,56422.6,15680.3,13496.8,0.0,23662.9,0.0,16973.9,24566.9,21088.2,45696.8,106303.8,128652.3,92082.9,148
573.3,145902.0,28218.0,45096.0,27492.0,45096.0,68420.1,56422.6,15680.3,13496.8,0.0,23662.9,0.0,16973.9,24566.8,21084.1,45692.5,106307.8,128652.3,92082.9,148
574.3,145902.0,28218.0,45096.0,27492.0,45096.0,68420.1,56422.6,15680.3,13496.8,0.0,23663.0,0.0,16973.8,24566.9,21088.9,45697.4,106303.1,128652.3,92083.1,148
575.3,145902.0,28218.0,45096.0,27492.0,45096.0,68420.1,56422.6,15680.3,13496.8,0.0,23663.4,0.0,16973.7,24567.3,21085.0,45693.9,106307.0,128652.3,92083.4,148
576.3,145902.0,28218.0,45096.0,27492.0,45096.0,68420.1,56422.6,15680.4,13496.8,0.0,23663.4,0.0,16974.0,24567.3,21086.6,45695.6,106305.3,128652.3,92083.5,148
577.3,145902.0,28218.0,45096.0,27492.0,45096.0,68420.1,56422.6,15680.4,13496.8,0.0,23663.4,0.0,16974.3,24567.6,21087.6,45696.8,106304.4,128652.3,92083.5,148
578.3,145902.0,28218.0,45096.0,27492.0,45096.0,68420.1,56422.6,15680.4,13496.8,0.0,23663.4,0.0,16974.1,24567.6,21087.8,45697.1,106304.1,128652.3,92083.5,148
579.3,145902.0,28218.0,45096.0,27492.0,45096.0,68420.1,56422.6,15680.4,13496.8,0.0,23663.4,0.0,16974.1,24567.6,21088.0,45697.3,106304.0,128652.3,92083.5,148
580.3,145902.0,28218.0,45096.0,27492.0,45096.0,68420.1,56422.6,15680.4,13496.8,0.0,23663.4,0.0,16974.1,24568.0,21082.5,45692.2,106309.4,128652.3,92083.5,148
581.3,145902.0,28218.0,45096.0,27492.0,45096.0,68458.5,56461.0,15718.8,13535.2,0.0,23663.4,0.0,17009.0,24568.7,21114.6,45724.9,106277.3,128652.3,92121.9,148
582.3,145902.0,28218.0,45096.0,27492.0,45096.0,68458.5,56461.0,15718.8,13535.3,0.0,23663.4,0.0,17009.3,24568.9,21112.5,45723.0,106279.5,128652.3,92121.9,148
583.3,145902.0,28218.0,45096.0,27492.0,45096.0,68465.3,56467.8,15725.6,13542.0,0.0,23663.4,0.0,17015.3,24571.2,21126.2,45739.0,106265.7,128652.3,92128.7,148
584.3,145902.0,28218.0,45096.0,27492.0,45096.0,68465.3,56467.8,15725.6,13542.0,0.0,23663.4,0.0,17016.1,24568.7,21122.2,45732.6,106269.7,128652.3,92128.7,148
585.3,145902.0,28218.0,45096.0,27492.0,45096.0,68465.3,56467.8,15725.6,13542.0,0.0,23663.4,0.0,17016.2,24568.7,21121.8,45732.2,106270.1,128652.3,92128.7,148
586.3,145902.0,28218.0,45096.0,27492.0,45096.0,68468.3,56470.8,15728.6,13545.0,0.0,23663.4,0.0,17016.1,24568.7,21128.3,45738.6,106263.7,128652.3,92131.7,148
587.3,145902.0,28218.0,45096.0,27492.0,45096.0,68468.3,56470.8,15728.6,13545.0,0.0,23663.4,0.0,17019.1,24567.8,21121.9,45731.3,106270.1,128652.3,92131.7,148
588.3,145902.0,28218.0,45096.0,27492.0,45096.0,68468.3,56470.8,15728.6,13545.0,0.0,23663.6,0.0,17019.2,24567.9,21121.7,45731.3,106270.2,128652.3,92131.8,148
589.3,145902.0,28218.0,45096.0,27492.0,45096.0,68421.1,56423.6,15681.4,13497.8,0.0,23663.6,0.0,16971.9,24569.2,21070.8,45681.7,106321.1,128652.3,92084.6,148
590.3,145902.0,28218.0,45096.0,27492.0,45096.0,68424.9,56427.4,15685.2,13501.6,0.0,23663.6,0.0,16975.8,24568.7,21078.0,45688.3,106314.0,128652.3,92088.5,148
591.3,145902.0,28218.0,45096.0,27492.0,45096.0,68424.9,56427.4,15685.2,13501.6,0.0,23663.6,0.0,16975.8,24568.5,21082.3,45692.4,106309.6,128652.3,92088.5,148
592.3,145902.0,28218.0,45096.0,27492.0,45096.0,68424.9,56427.4,15685.2,13501.6,0.0,23663.6,0.0,16975.9,24568.5,21083.8,45693.9,106308.1,128652.3,92088.5,148
593.3,145902.0,28218.0,45096.0,27492.0,45096.0,68438.4,56440.8,15698.7,13515.1,0.0,23663.6,0.0,16989.3,24568.1,21094.1,45703.8,106297.9,128652.3,92102.0,148
594.3,145902.0,28218.0,45096.0,27492.0,45096.0,68438.4,56440.8,15698.7,13515.1,0.0,23663.6,0.0,16989.3,24567.8,21092.2,45701.7,106299.7,128652.3,92102.0,148
595.3,145902.0,28218.0,45096.0,27492.0,45096.0,68454.7,56457.2,15715.0,13531.4,0.0,23663.6,0.0,17005.7,24568.7,21105.8,45716.2,106286.1,128652.3,92118.3,148
596.3,145902.0,28218.0,45096.0,27492.0,45096.0,68454.7,56457.2,15715.0,13531.4,0.0,23663.6,0.0,17005.7,24568.0,21104.6,45714.3,106287.3,128652.3,92118.3,148
597.3,145902.0,28218.0,45096.0,27492.0,45096.0,68460.0,56462.5,15720.3,13536.7,0.0,23663.6,0.0,17012.6,24568.4,21123.7,45733.8,106268.2,128652.3,92123.7,148
598.3,145902.0,28218.0,45096.0,27492.0,45096.0,68460.0,56462.5,15720.3,13536.7,0.0,23663.7,0.0,17013.3,24567.5,21125.6,45734.7,106266.4,128652.3,92123.7,148
599.3,145902.0,28218.0,45096.0,27492.0,45096.0,68460.0,56462.5,15720.3,13536.7,0.0,23663.7,0.0,17013.3,24567.5,21122.7,45731.9,106269.2,128652.3,92123.7,148
600.3,145902.0,28218.0,45096.0,27492.0,45096.0,68460.0,56462.5,15720.3,13536.7,0.0,23663.7,0.0,17013.3,24567.5,21119.1,45728.3,106272.8,128652.3,92123.7,148
601.3,145902.0,28218.0,45096.0,27492.0,45096.0,68460.0,56462.5,15720.3,13536.7,0.0,23663.7,0.0,17014.8,24567.5,21130.9,45740.1,106261.0,128652.3,92123.7,148
602.3,145902.0,28218.0,45096.0,27492.0,45096.0,68460.0,56462.5,15720.3,13536.7,0.0,23663.7,0.0,17014.9,24567.5,21131.8,45741.0,106260.1,128652.3,92123.7,148
603.3,145902.0,28218.0,45096.0,27492.0,45096.0,68460.0,56462.5,15720.3,13536.7,0.0,23663.7,0.0,17014.4,24567.7,21129.8,45739.2,106262.1,128652.3,92123.7,148
604.3,145902.0,28218.0,45096.0,27492.0,45096.0,68460.0,56462.5,15720.3,13536.7,0.0,23664.6,0.0,17014.4,24567.9,21128.6,45738.1,106263.3,128652.3,92124.6,148
605.3,145902.0,28218.0,45096.0,27492.0,45096.0,68460.0,56462.5,15720.3,13536.7,0.0,23664.6,0.0,17014.4,24568.1,21128.2,45738.0,106263.7,128652.3,92124.6,148
606.4,145902.0,28218.0,45096.0,27492.0,45096.0,68460.0,56462.5,15720.3,13536.8,0.0,23664.6,0.0,17014.5,24568.1,21130.0,45739.8,106261.9,128652.3,92124.6,148
607.4,145902.0,28218.0,45096.0,27492.0,45096.0,68460.0,56462.5,15720.3,13536.8,0.0,23664.6,0.0,17014.5,24568.1,21127.3,45737.0,106264.6,128652.3,92124.6,148
608.4,145902.0,28218.0,45096.0,27492.0,45096.0,68460.0,56462.5,15720.3,13536.8,0.0,23664.6,0.0,17014.6,24568.6,21137.3,45747.6,106254.6,128652.3,92124.6,148
609.4,145902.0,28218.0,45096.0,27492.0,45096.0,68460.1,56462.5,15720.3,13536.8,0.0,23664.6,0.0,17014.6,24568.4,21133.9,45744.0,106258.0,128652.3,92124.7,148
610.4,145902.0,28218.0,45096.0,27492.0,45096.0,68460.1,56462.5,15720.3,13536.8,0.0,23664.6,0.0,17014.7,24568.4,21130.9,45741.0,106261.0,128652.3,92124.7,148
611.4,145902.0,28218.0,45096.0,27492.0,45096.0,68460.1,56462.5,15720.3,13536.8,0.0,23664.6,0.0,17014.9,24568.4,21132.1,45742.2,106259.8,128652.3,92124.7,148
612.4,145902.0,28218.0,45096.0,27492.0,45096.0,68460.1,56462.5,15720.3,13536.8,0.0,23664.9,0.0,17015.4,24568.3,21130.9,45740.9,106261.0,128652.3,92125.0,148
613.4,145902.0,28218.0,45096.0,27492.0,45096.0,68460.1,56462.5,15720.3,13536.8,0.0,23664.9,0.0,17015.2,24568.3,21131.2,45741.2,106260.7,128652.3,92125.0,148
614.4,145902.0,28218.0,45096.0,27492.0,45096.0,68460.1,56462.5,15720.3,13536.8,0.0,23664.9,0.0,17015.6,24568.4,21130.8,45740.8,106261.1,128652.3,92125.0,148
615.4,145902.0,28218.0,45096.0,27492.0,45096.0,68460.1,56462.5,15720.3,13536.8,0.0,23664.9,0.0,17016.1,24568.4,21131.8,45741.8,106260.1,128652.3,92125.0,148
616.4,145902.0,28218.0,45096.0,27492.0,45096.0,68462.5,56465.0,15722.8,13539.3,0.0,23664.9,0.0,17018.7,24568.9,21130.1,45740.7,106261.8,128652.3,92127.5,148
617.4,145902.0,28218.0,45096.0,27492.0,45096.0,68462.5,56465.0,15722.8,13539.3,0.0,23664.9,0.0,17018.7,24568.3,21131.9,45741.9,106260.0,128652.3,92127.5,148
618.4,145902.0,28218.0,45096.0,27492.0,45096.0,68466.7,56469.2,15727.0,13543.4,0.0,23664.9,0.0,17023.3,24569.1,21131.9,45742.7,106260.0,128652.3,92131.6,148
619.4,145902.0,28218.0,45096.0,27492.0,45096.0,68466.7,56469.2,15726.9,13543.4,0.0,23664.9,0.0,17024.8,24568.9,21126.9,45737.5,106265.0,128652.3,92131.6,148
620.4,145902.0,28218.0,45096.0,27492.0,45096.0,68466.7,56469.2,15726.9,13543.4,0.0,23665.1,0.0,17025.7,24569.3,21129.4,45740.4,106262.5,128652.3,92131.8,148
621.4,145902.0,28218.0,45096.0,27492.0,45096.0,68462.8,56465.3,15723.1,13539.6,0.0,23665.1,0.0,17021.4,24570.4,21126.3,45738.4,106265.6,128652.3,92127.9,148
622.4,145902.0,28218.0,45096.0,27492.0,45096.0,68462.8,56465.3,15723.1,13539.6,0.0,23665.1,0.0,17022.3,24569.6,21123.8,45735.2,106268.0,128652.3,92127.9,148
623.4,145902.0,28218.0,45096.0,27492.0,45096.0,68462.8,56465.3,15723.1,13539.6,0.0,23665.1,0.0,17021.2,24569.2,21126.1,45737.0,106265.8,128652.3,92127.9,148
624.5,145902.0,28218.0,45096.0,27492.0,45096.0,68481.2,56483.7,15741.5,13557.9,0.0,23665.1,0.0,17038.7,24570.2,21138.2,45750.2,106253.7,128652.3,92146.3,148
625.5,145902.0,28218.0,45096.0,27492.0,45096.0,68481.2,56483.7,15741.5,13557.9,0.0,23665.1,0.0,17039.0,24569.6,21139.4,45750.7,106252.4,128652.3,92146.3,148
626.5,145902.0,28218.0,45096.0,27492.0,45096.0,68481.2,56483.7,15741.5,13557.9,0.0,23665.1,0.0,17031.6,24569.6,21132.5,45743.8,106259.3,128652.3,92146.3,148
627.5,145902.0,28218.0,45096.0,27492.0,45096.0,68481.2,56483.7,15741.5,13557.9,0.0,23665.1,0.0,17031.6,24569.6,21131.9,45743.2,106260.0,128652.3,92146.3,148
628.5,145902.0,28218.0,45096.0,27492.0,45096.0,68431.9,56434.3,15692.1,13508.6,0.0,23665.1,0.0,16982.6,24569.8,21087.7,45699.3,106304.1,128652.3,92097.0,148
629.5,145902.0,28218.0,45096.0,27492.0,45096.0,68438.4,56440.9,15698.7,13515.2,0.0,23665.2,0.0,16982.8,24569.7,21088.0,45699.4,106303.9,128652.3,92103.7,148
630.5,145902.0,28218.0,45096.0,27492.0,45096.0,68464.0,56466.5,15724.2,13540.7,0.0,23665.2,0.0,17015.4,24569.5,21117.9,45729.1,106274.0,128652.3,92129.2,148
631.5,145902.0,28218.0,45096.0,27492.0,45096.0,68479.4,56481.9,15739.7,13556.1,0.0,23665.2,0.0,17028.3,24572.1,21136.8,45750.6,106255.1,128652.3,92144.7,148
632.5,145902.0,28218.0,45096.0,27492.0,45096.0,68430.5,56433.0,15690.8,13507.2,0.0,23665.3,0.0,16979.6,24570.3,21081.7,45693.7,106310.2,128652.3,92095.8,148
633.5,145902.0,28218.0,45096.0,27492.0,45096.0,68430.5,56433.0,15690.8,13507.2,0.0,23665.4,0.0,16979.3,24570.8,21080.4,45692.9,106311.5,128652.3,92095.9,148
634.5,145902.0,28218.0,45096.0,27492.0,45096.0,68470.7,56473.1,15731.0,13547.4,0.0,23665.4,0.0,17002.9,24570.8,21107.6,45720.2,106284.2,128652.3,92136.0,148
635.5,145902.0,28218.0,45096.0,27492.0,45096.0,68470.7,56473.1,15731.0,13547.4,0.0,23665.4,0.0,17019.8,24570.4,21116.6,45728.7,106275.3,128652.3,92136.1,148
636.5,145902.0,28218.0,45096.0,27492.0,45096.0,68475.6,56478.1,15736.0,13552.4,0.0,23665.4,0.0,17024.6,24570.7,21127.4,45739.8,106264.5,128652.3,92141.0,148
637.5,145902.0,28218.0,45096.0,27492.0,45096.0,68437.3,56439.8,15697.6,13514.0,0.0,23665.4,0.0,17035.1,24571.0,21135.4,45748.1,106256.5,128652.3,92102.7,148
638.5,145902.0,28218.0,45096.0,27492.0,45096.0,68437.3,56439.8,15697.6,13514.0,0.0,23665.4,0.0,16986.5,24569.6,21081.0,45692.3,106310.8,128652.3,92102.7,148
639.5,145902.0,28218.0,45096.0,27492.0,45096.0,68437.3,56439.8,15697.6,13514.0,0.0,23665.4,0.0,16986.9,24569.6,21082.6,45693.9,106309.3,128652.3,92102.7,148
640.5,145902.0,28218.0,45096.0,27492.0,45096.0,68437.3,56439.8,15697.6,13514.0,0.0,23665.4,0.0,16987.1,24569.6,21082.2,45693.5,106309.7,128652.3,92102.7,148
641.5,145902.0,28218.0,45096.0,27492.0,45096.0,68437.3,56439.8,15697.6,13514.0,0.0,23665.4,0.0,16987.6,24569.6,21084.2,45695.5,106307.6,128652.3,92102.7,148
642.5,145902.0,28218.0,45096.0,27492.0,45096.0,68437.3,56439.8,15697.6,13514.0,0.0,23665.4,0.0,16987.5,24569.6,21082.4,45693.8,106309.4,128652.3,92102.7,148
643.5,145902.0,28218.0,45096.0,27492.0,45096.0,68437.5,56440.0,15697.8,13514.2,0.0,23665.4,0.0,16987.6,24569.6,21085.8,45697.1,106306.1,128652.3,92102.9,148
644.5,145902.0,28218.0,45096.0,27492.0,45096.0,68437.5,56440.0,15697.9,13514.3,0.0,23665.4,0.0,16987.8,24570.1,21083.5,45695.3,106308.4,128652.3,92103.0,148
645.5,145902.0,28218.0,45096.0,27492.0,45096.0,68437.5,56440.0,15697.8,13514.3,0.0,23665.5,0.0,16988.5,24569.8,21084.3,45695.9,106307.5,128652.3,92103.0,148
646.5,145902.0,28218.0,45096.0,27492.0,45096.0,68431.9,56434.4,15692.2,13508.6,0.0,23665.5,0.0,16983.0,24569.7,21079.6,45691.1,106312.2,128652.3,92097.4,148
647.5,145902.0,28218.0,45096.0,27492.0,45096.0,68431.9,56434.4,15692.2,13508.6,0.0,23665.5,0.0,16982.6,24569.7,21081.8,45693.3,106310.0,128652.3,92097.4,148
648.5,145902.0,28218.0,45096.0,27492.0,45096.0,68431.9,56434.4,15692.2,13508.6,0.0,23665.5,0.0,16982.6,24569.7,21082.0,45693.5,106309.8,128652.3,92097.4,148
649.5,145902.0,28218.0,45096.0,27492.0,45096.0,68431.9,56434.4,15692.2,13508.6,0.0,23665.5,0.0,16982.7,24569.8,21082.5,45694.0,106309.4,128652.3,92097.4,148
650.5,145902.0,28218.0,45096.0,27492.0,45096.0,68431.9,56434.4,15692.2,13508.6,0.0,23665.5,0.0,16982.6,24569.7,21083.1,45694.6,106308.8,128652.3,92097.4,148
651.5,145902.0,28218.0,45096.0,27492.0,45096.0,68431.9,56434.4,15692.2,13508.6,0.0,23665.5,0.0,16985.4,24569.8,21081.2,45692.8,106310.6,128652.3,92097.4,148
652.5,145902.0,28218.0,45096.0,27492.0,45096.0,68431.9,56434.4,15692.1,13508.6,0.0,23665.6,0.0,16998.9,24569.8,21098.5,45710.1,106293.3,128652.3,92097.4,148
653.5,145902.0,28218.0,45096.0,27492.0,45096.0,68431.9,56434.4,15692.2,13508.6,0.0,23665.6,0.0,16985.7,24569.8,21085.4,45697.0,106306.4,128652.3,92097.5,148
654.5,145902.0,28218.0,45096.0,27492.0,45096.0,68431.9,56434.4,15692.2,13508.6,0.0,23665.6,0.0,16986.4,24569.8,21085.4,45696.9,106306.4,128652.3,92097.5,148
655.5,145902.0,28218.0,45096.0,27492.0,45096.0,68431.9,56434.4,15692.1,13508.6,0.0,23665.6,0.0,16986.6,24569.8,21085.7,45697.3,106306.1,128652.3,92097.5,148
656.5,145902.0,28218.0,45096.0,27492.0,45096.0,68431.9,56434.4,15692.1,13508.6,0.0,23665.6,0.0,16988.3,24569.8,21084.4,45696.0,106307.4,128652.3,92097.5,148
657.5,145902.0,28218.0,45096.0,27492.0,45096.0,68494.3,56496.8,15754.5,13571.0,0.0,23665.6,0.0,17051.7,24569.6,21148.3,45759.7,106243.6,128652.3,92159.9,148
658.6,145902.0,28218.0,45096.0,27492.0,45096.0,68494.3,56496.8,15754.6,13571.0,0.0,23665.6,0.0,17052.0,24570.8,21156.8,45769.3,106235.0,128652.3,92159.9,148
659.7,145902.0,28218.0,45096.0,27492.0,45096.0,68494.3,56496.8,15754.6,13571.0,0.0,23665.6,0.0,17050.2,24569.9,21148.8,45760.5,106243.0,128652.3,92159.9,148
660.7,145902.0,28218.0,45096.0,27492.0,45096.0,68494.3,56496.8,15754.6,13571.0,0.0,23665.6,0.0,17051.0,24569.9,21149.6,45761.3,106242.2,128652.3,92159.9,148
661.7,145902.0,28218.0,45096.0,27492.0,45096.0,68494.3,56496.8,15754.6,13571.0,0.0,23665.6,0.0,17050.6,24569.9,21149.9,45761.6,106241.9,128652.3,92159.9,148
662.7,145902.0,28218.0,45096.0,27492.0,45096.0,68494.3,56496.8,15754.5,13571.0,0.0,23665.6,0.0,17050.5,24569.9,21150.1,45761.8,106241.7,128652.3,92159.9,148
663.7,145902.0,28218.0,45096.0,27492.0,45096.0,68494.3,56496.8,15754.5,13571.0,0.0,23665.6,0.0,17052.9,24569.9,21150.5,45762.2,106241.3,128652.3,92159.9,148
664.7,145902.0,28218.0,45096.0,27492.0,45096.0,68494.3,56496.8,15754.5,13571.0,0.0,23665.6,0.0,17053.7,24569.9,21149.1,45760.8,106242.7,128652.3,92159.9,148
665.7,145902.0,28218.0,45096.0,27492.0,45096.0,68494.3,56496.8,15754.5,13571.0,0.0,23665.6,0.0,17053.3,24569.9,21149.3,45761.0,106242.5,128652.3,92159.9,148
666.7,145902.0,28218.0,45096.0,27492.0,45096.0,68494.3,56496.8,15754.6,13571.0,0.0,23665.6,0.0,17052.4,24570.0,21146.7,45758.5,106245.1,128652.3,92159.9,148
667.7,145902.0,28218.0,45096.0,27492.0,45096.0,68494.3,56496.8,15754.6,13571.0,0.0,23665.9,0.0,17062.5,24570.2,21161.2,45773.2,106230.6,128652.3,92160.2,148
668.7,145902.0,28218.0,45096.0,27492.0,45096.0,68494.3,56496.8,15754.6,13571.0,0.0,23665.9,0.0,17057.0,24570.3,21156.1,45768.1,106235.7,128652.3,92160.2,148
669.7,145902.0,28218.0,45096.0,27492.0,45096.0,68494.3,56496.8,15754.6,13571.0,0.0,23665.9,0.0,17057.9,24570.3,21155.9,45767.9,106235.9,128652.3,92160.2,148
