elapsed_s,gpu_hbm_mb,gpu0_hbm_mb,gpu1_hbm_mb,gpu2_hbm_mb,gpu3_hbm_mb,proc_rss_mb,proc_anon_mb,proc_pss_mb,proc_pss_anon_mb,proc_locked_mb,file_cache_mb,hicache_dir_mb,anonpages_mb,reclaimable_mb,nonreclaimable_mb,mem_used_mb,mem_avail_mb,mem_total_mb,rss_plus_cache_mb,n_pids
0.0,148676.0,29420.0,44540.0,29154.0,45562.0,67762.2,56014.1,15092.9,13098.6,0.0,19987.8,0.0,16489.9,20817.4,20372.5,41224.6,107025.9,128652.3,87750.0,148
1.0,148676.0,29420.0,44540.0,29154.0,45562.0,67762.5,56014.5,15093.3,13098.9,0.0,20608.4,0.0,17159.6,21439.3,21045.3,42519.2,106353.7,128652.3,88370.9,148
2.0,149028.0,29732.0,44540.0,29194.0,45562.0,67762.7,56014.7,15093.5,13099.2,0.0,20608.9,0.0,17757.1,21439.6,21650.9,43125.1,105748.1,128652.3,88371.6,148
3.0,149028.0,29732.0,44540.0,29194.0,45562.0,67907.3,56053.7,15236.2,13138.2,0.0,20609.3,0.0,17065.4,21439.7,21076.0,42550.4,106322.9,128652.3,88516.6,148
4.0,149030.0,29732.0,44540.0,29194.0,45564.0,67911.4,56057.4,15240.3,13141.9,0.0,20674.0,0.0,17013.7,21505.9,21023.0,42563.6,106375.9,128652.3,88585.4,148
5.0,148996.0,29692.0,44542.0,29196.0,45566.0,67912.8,56058.8,15241.7,13143.3,0.0,20674.2,0.0,17027.9,21506.1,21037.9,42578.7,106361.0,128652.3,88587.0,148
6.0,149036.0,29732.0,44542.0,29196.0,45566.0,67986.7,56060.6,15315.6,13145.1,0.0,20738.5,0.0,16981.0,21571.8,21066.7,42673.2,106332.2,128652.3,88725.2,148
7.0,149036.0,29732.0,44542.0,29196.0,45566.0,67991.4,56064.2,15319.2,13148.6,0.0,20738.5,0.0,16991.5,21572.0,21077.7,42684.4,106321.2,128652.3,88729.9,148
8.0,149036.0,29732.0,44542.0,29196.0,45566.0,67991.4,56064.2,15319.2,13148.7,0.0,20824.3,0.0,16938.2,21659.8,21032.9,42727.3,106366.0,128652.3,88815.7,148
9.0,149036.0,29732.0,44542.0,29196.0,45566.0,67991.5,56064.3,15319.3,13148.8,0.0,20824.7,0.0,16955.1,21660.4,21048.7,42743.9,106350.1,128652.3,88816.2,148
10.0,149038.0,29732.0,44542.0,29198.0,45566.0,67995.5,56064.4,15323.3,13148.9,0.0,20825.0,0.0,16968.4,21660.7,21061.3,42756.7,106337.6,128652.3,88820.5,148
11.0,149038.0,29732.0,44542.0,29198.0,45566.0,67996.1,56065.0,15323.9,13149.4,0.0,20825.0,0.0,16986.9,21660.6,21084.4,42779.8,106314.5,128652.3,88821.1,148
12.0,149088.0,29782.0,44542.0,29198.0,45566.0,67996.2,56065.0,15324.0,13149.5,0.0,20825.1,0.0,16997.6,21660.8,21093.4,42788.9,106305.5,128652.3,88821.3,148
13.0,149088.0,29782.0,44542.0,29198.0,45566.0,68003.6,56072.4,15331.4,13156.9,0.0,20825.2,0.0,17018.6,21660.8,21118.2,42813.7,106280.7,128652.3,88828.8,148
14.0,149088.0,29782.0,44542.0,29198.0,45566.0,68003.8,56072.6,15331.5,13157.0,0.0,20825.2,0.0,17033.5,21660.6,21133.6,42828.9,106265.3,128652.3,88828.9,148
15.0,149154.0,29848.0,44542.0,29198.0,45566.0,68003.8,56072.6,15331.5,13157.1,0.0,20825.2,0.0,17046.2,21660.6,21145.7,42841.0,106253.1,128652.3,88829.0,148
16.0,149190.0,29884.0,44542.0,29198.0,45566.0,68006.5,56075.1,15334.1,13159.6,0.0,20825.3,0.0,17060.5,21660.5,21159.6,42854.8,106239.3,128652.3,88831.8,148
17.0,149248.0,29922.0,44542.0,29198.0,45586.0,68006.8,56075.4,15334.4,13159.9,0.0,20825.3,0.0,17075.6,21660.6,21179.6,42875.0,106219.2,128652.3,88832.2,148
18.0,149248.0,29922.0,44542.0,29198.0,45586.0,68007.1,56075.7,15334.6,13160.2,0.0,20825.3,0.0,17089.5,21660.8,21191.3,42886.9,106207.5,128652.3,88832.4,148
19.0,149268.0,29922.0,44562.0,29198.0,45586.0,68007.1,56075.7,15334.7,13160.2,0.0,20825.4,0.0,17102.2,21660.8,21205.8,42901.3,106193.1,128652.3,88832.5,148
20.0,149268.0,29922.0,44562.0,29198.0,45586.0,68008.9,56077.5,15336.5,13162.0,0.0,20825.4,0.0,17117.4,21660.8,21221.7,42917.3,106177.1,128652.3,88834.3,148
21.0,149268.0,29922.0,44562.0,29198.0,45586.0,68009.0,56077.6,15336.5,13162.1,0.0,20825.4,0.0,17128.8,21660.8,21237.5,42933.1,106161.3,128652.3,88834.4,148
22.0,149268.0,29922.0,44562.0,29198.0,45586.0,68009.0,56077.6,15336.6,13162.1,0.0,20825.4,0.0,17140.4,21660.8,21251.4,42947.0,106147.4,128652.3,88834.4,148
23.1,149268.0,29922.0,44562.0,29198.0,45586.0,68009.3,56077.9,15336.9,13162.4,0.0,20825.4,0.0,17148.4,21660.7,21266.0,42961.5,106132.8,128652.3,88834.7,148
24.1,149316.0,29970.0,44562.0,29198.0,45586.0,68012.1,56080.7,15339.7,13165.2,0.0,20825.4,0.0,17170.2,21660.6,21286.0,42981.4,106112.9,128652.3,88837.5,148
25.1,149316.0,29970.0,44562.0,29198.0,45586.0,68012.3,56080.9,15339.9,13165.4,0.0,20825.4,0.0,17179.4,21660.6,21299.2,42994.6,106099.7,128652.3,88837.8,148
26.1,149316.0,29970.0,44562.0,29198.0,45586.0,68014.7,56083.3,15342.2,13167.8,0.0,20825.6,0.0,17190.9,21660.9,21309.3,43004.9,106089.5,128652.3,88840.3,148
27.1,149316.0,29970.0,44562.0,29198.0,45586.0,68014.7,56083.3,15342.3,13167.8,0.0,20825.6,0.0,17205.7,21660.9,21323.7,43019.3,106075.1,128652.3,88840.3,148
28.1,149372.0,29970.0,44582.0,29234.0,45586.0,68014.8,56083.4,15342.4,13167.9,0.0,20825.7,0.0,17219.8,21660.8,21339.1,43034.7,106059.7,128652.3,88840.5,148
29.1,149374.0,29972.0,44582.0,29234.0,45586.0,68028.4,56097.0,15356.0,13181.5,0.0,20825.7,0.0,17245.5,21660.8,21370.5,43066.1,106028.3,128652.3,88854.1,148
30.1,149374.0,29972.0,44582.0,29234.0,45586.0,68030.0,56098.5,15357.4,13182.9,0.0,20825.7,0.0,17262.2,21661.0,21376.2,43072.0,106022.6,128652.3,88855.7,148
31.1,149374.0,29972.0,44582.0,29234.0,45586.0,68030.1,56098.6,15357.5,13183.1,0.0,20825.7,0.0,17275.3,21661.1,21393.8,43089.6,106005.0,128652.3,88855.8,148
32.1,149394.0,29972.0,44582.0,29234.0,45606.0,68030.1,56098.6,15357.6,13183.1,0.0,20825.8,0.0,17287.2,21661.2,21403.8,43099.7,105995.1,128652.3,88855.9,148
33.1,149394.0,29972.0,44582.0,29234.0,45606.0,68039.6,56108.1,15367.1,13192.6,0.0,20825.9,0.0,17298.8,21661.2,21415.4,43111.4,105983.5,128652.3,88865.5,148
34.1,149394.0,29972.0,44582.0,29234.0,45606.0,68052.5,56121.0,15379.9,13205.5,0.0,20826.4,0.0,17334.1,21661.7,21445.5,43142.0,105953.3,128652.3,88878.8,148
35.1,149394.0,29972.0,44582.0,29234.0,45606.0,68052.6,56121.1,15380.1,13205.6,0.0,20826.4,0.0,17344.6,21661.8,21452.5,43149.0,105946.3,128652.3,88879.0,148
36.1,149394.0,29972.0,44582.0,29234.0,45606.0,68052.6,56121.1,15380.1,13205.6,0.0,20826.5,0.0,17358.5,21661.9,21471.2,43167.9,105927.6,128652.3,88879.2,148
37.1,149394.0,29972.0,44582.0,29234.0,45606.0,68052.8,56121.3,15380.2,13205.7,0.0,20826.5,0.0,17371.8,21662.0,21487.0,43183.7,105911.9,128652.3,88879.3,148
38.1,149394.0,29972.0,44582.0,29234.0,45606.0,68052.9,56121.3,15380.3,13205.8,0.0,20826.6,0.0,17384.8,21662.0,21495.7,43192.5,105903.1,128652.3,88879.4,148
39.1,149394.0,29972.0,44582.0,29234.0,45606.0,68053.6,56122.0,15380.9,13206.4,0.0,20826.6,0.0,17397.6,21661.7,21512.4,43208.9,105886.4,128652.3,88880.2,148
40.1,149394.0,29972.0,44582.0,29234.0,45606.0,68053.7,56122.0,15381.0,13206.5,0.0,20826.6,0.0,17411.9,21661.6,21522.4,43218.8,105876.4,128652.3,88880.3,148
41.1,149394.0,29972.0,44582.0,29234.0,45606.0,68054.0,56122.4,15381.3,13206.8,0.0,20826.6,0.0,17425.2,21661.6,21538.8,43235.2,105860.0,128652.3,88880.6,148
42.1,149394.0,29972.0,44582.0,29234.0,45606.0,68054.1,56122.4,15381.4,13206.9,0.0,20826.6,0.0,17440.5,21661.8,21557.8,43254.4,105841.0,128652.3,88880.8,148
43.1,149394.0,29972.0,44582.0,29234.0,45606.0,68054.3,56122.7,15381.6,13207.1,0.0,20826.7,0.0,17453.9,21662.0,21569.8,43266.6,105829.0,128652.3,88881.0,148
44.1,149394.0,29972.0,44582.0,29234.0,45606.0,68054.8,56123.2,15382.1,13207.6,0.0,20826.7,0.0,17467.7,21661.8,21591.9,43288.6,105806.8,128652.3,88881.5,148
45.1,149394.0,29972.0,44582.0,29234.0,45606.0,68054.9,56123.2,15382.1,13207.7,0.0,20826.8,0.0,17492.5,21662.0,21614.1,43310.8,105784.7,128652.3,88881.7,148
46.1,149394.0,29972.0,44582.0,29234.0,45606.0,68054.9,56123.2,15382.1,13207.7,0.0,20826.8,0.0,17492.2,21662.1,21613.3,43310.2,105785.5,128652.3,88881.7,148
47.1,149394.0,29972.0,44582.0,29234.0,45606.0,68055.1,56123.4,15382.3,13207.9,0.0,20826.8,0.0,17505.7,21662.2,21626.2,43323.2,105772.6,128652.3,88881.9,148
48.1,149396.0,29974.0,44582.0,29234.0,45606.0,68055.2,56123.5,15382.4,13208.0,0.0,20826.9,0.0,17519.0,21662.6,21638.6,43336.1,105760.1,128652.3,88882.1,148
49.1,149396.0,29974.0,44582.0,29234.0,45606.0,68056.1,56124.4,15383.3,13208.9,0.0,20826.9,0.0,17532.8,21663.1,21648.8,43346.7,105750.0,128652.3,88883.0,148
50.1,149396.0,29974.0,44582.0,29234.0,45606.0,68056.1,56124.4,15383.3,13208.9,0.0,20826.9,0.0,17546.5,21662.8,21667.1,43364.7,105731.7,128652.3,88883.0,148
51.1,149396.0,29974.0,44582.0,29234.0,45606.0,68057.0,56125.3,15384.3,13209.8,0.0,20827.0,0.0,17560.7,21662.9,21681.9,43379.7,105716.8,128652.3,88884.0,148
52.1,149396.0,29974.0,44582.0,29234.0,45606.0,68057.1,56125.4,15384.4,13209.9,0.0,20827.0,0.0,17573.2,21662.4,21689.9,43387.1,105708.9,128652.3,88884.1,148
53.1,149396.0,29974.0,44582.0,29234.0,45606.0,68057.4,56125.7,15384.6,13210.2,0.0,20827.0,0.0,17587.2,21662.0,21702.0,43398.8,105696.8,128652.3,88884.3,148
54.1,149396.0,29974.0,44582.0,29234.0,45606.0,68057.4,56125.7,15384.7,13210.2,0.0,20827.2,0.0,17602.6,21662.3,21723.6,43420.7,105675.2,128652.3,88884.6,148
55.1,149396.0,29974.0,44582.0,29234.0,45606.0,68058.2,56126.5,15385.4,13211.0,0.0,20827.2,0.0,17613.1,21662.6,21732.5,43429.9,105666.2,128652.3,88885.4,148
56.1,149396.0,29974.0,44582.0,29234.0,45606.0,68059.6,56127.9,15386.8,13212.4,0.0,20827.2,0.0,17626.1,21662.6,21751.7,43449.2,105647.1,128652.3,88886.8,148
57.1,149396.0,29974.0,44582.0,29234.0,45606.0,68059.9,56128.2,15387.1,13212.7,0.0,20891.2,0.0,17578.2,21728.4,21691.1,43454.3,105707.7,128652.3,88951.1,148
58.1,149396.0,29974.0,44582.0,29234.0,45606.0,68060.2,56128.5,15387.5,13213.0,0.0,20891.2,0.0,17589.4,21728.4,21913.3,43676.5,105485.5,128652.3,88951.4,148
59.1,149396.0,29974.0,44582.0,29234.0,45606.0,68060.2,56128.6,15387.5,13213.0,0.0,20891.4,0.0,17602.9,21728.8,21716.7,43480.3,105682.0,128652.3,88951.6,148
60.1,149396.0,29974.0,44582.0,29234.0,45606.0,68060.2,56128.6,15387.5,13213.0,0.0,21083.2,0.0,17426.0,21925.6,21536.8,43497.3,105861.9,128652.3,89143.5,148
61.1,149396.0,29974.0,44582.0,29234.0,45606.0,68060.3,56128.6,15387.5,13213.1,0.0,21083.3,0.0,17436.9,21925.5,21551.3,43511.7,105847.4,128652.3,89143.6,148
62.1,149396.0,29974.0,44582.0,29234.0,45606.0,68067.8,56136.1,15395.0,13220.6,0.0,21083.3,0.0,17457.9,21925.7,21568.7,43529.3,105830.0,128652.3,89151.1,148
63.1,149396.0,29974.0,44582.0,29234.0,45606.0,68067.8,56136.1,15395.1,13220.6,0.0,21083.3,0.0,17473.6,21925.5,21585.0,43545.4,105813.7,128652.3,89151.1,148
64.1,149396.0,29974.0,44582.0,29234.0,45606.0,68067.8,56136.1,15395.1,13220.6,0.0,21083.4,0.0,17484.6,21925.6,21598.0,43558.4,105800.8,128652.3,89151.2,148
65.1,149396.0,29974.0,44582.0,29234.0,45606.0,68067.8,56136.1,15395.1,13220.6,0.0,21083.4,0.0,17497.5,21925.6,21613.9,43574.3,105784.9,128652.3,89151.2,148
66.1,149396.0,29974.0,44582.0,29234.0,45606.0,68067.9,56136.2,15395.1,13220.7,0.0,21083.4,0.0,17509.2,21925.6,21620.1,43580.6,105778.6,128652.3,89151.3,148
67.1,149396.0,29974.0,44582.0,29234.0,45606.0,68068.3,56136.6,15395.5,13221.1,0.0,21083.4,0.0,17524.8,21925.4,21637.7,43597.9,105761.0,128652.3,89151.7,148
68.1,149396.0,29974.0,44582.0,29234.0,45606.0,68068.3,56136.6,15395.5,13221.1,0.0,21083.4,0.0,17537.2,21925.4,21651.0,43611.2,105747.8,128652.3,89151.7,148
69.1,149396.0,29974.0,44582.0,29234.0,45606.0,68068.3,56136.6,15395.6,13221.1,0.0,21083.4,0.0,17549.9,21925.6,21661.9,43622.3,105736.8,128652.3,89151.7,148
70.1,149396.0,29974.0,44582.0,29234.0,45606.0,68068.6,56136.9,15395.8,13221.4,0.0,21083.4,0.0,17563.6,21925.7,21678.7,43639.2,105720.1,128652.3,89152.0,148
71.1,149396.0,29974.0,44582.0,29234.0,45606.0,68068.6,56136.9,15395.8,13221.4,0.0,21083.4,0.0,17576.6,21925.8,21696.0,43656.7,105702.7,128652.3,89152.0,148
72.1,149396.0,29974.0,44582.0,29234.0,45606.0,68068.9,56137.2,15396.2,13221.7,0.0,21083.4,0.0,17590.1,21926.3,21708.2,43669.4,105690.5,128652.3,89152.4,148
73.1,149396.0,29974.0,44582.0,29234.0,45606.0,68069.0,56137.3,15396.2,13221.8,0.0,21083.6,0.0,17604.4,21926.2,21726.5,43687.6,105672.2,128652.3,89152.5,148
74.1,149396.0,29974.0,44582.0,29234.0,45606.0,68069.0,56137.3,15396.2,13221.8,0.0,21147.5,0.0,17554.2,21991.8,21672.4,43699.1,105726.3,128652.3,89216.5,148
75.1,149400.0,29974.0,44584.0,29234.0,45608.0,68069.0,56137.4,15396.3,13221.8,0.0,21147.5,0.0,17563.8,21992.5,21680.7,43708.1,105718.0,128652.3,89216.6,148
76.1,149400.0,29974.0,44584.0,29234.0,45608.0,68069.1,56137.4,15396.3,13221.9,0.0,21147.6,0.0,17575.8,21992.2,21694.2,43721.2,105704.5,128652.3,89216.6,148
77.1,149404.0,29978.0,44584.0,29234.0,45608.0,68069.1,56137.4,15396.4,13221.9,0.0,21275.5,0.0,17459.1,22123.6,21569.7,43728.2,105829.0,128652.3,89344.6,148
78.1,149404.0,29978.0,44584.0,29234.0,45608.0,68069.7,56138.0,15397.0,13222.5,0.0,21467.5,0.0,17283.7,22320.2,21400.4,43755.5,105998.3,128652.3,89537.2,148
79.1,149404.0,29978.0,44584.0,29234.0,45608.0,68069.9,56138.2,15397.2,13222.7,0.0,21531.5,0.0,17231.8,22385.9,21340.1,43760.9,106058.6,128652.3,89601.4,148
80.1,149404.0,29978.0,44584.0,29234.0,45608.0,68069.9,56138.2,15397.2,13222.7,0.0,21531.5,0.0,17245.2,22385.7,21349.5,43770.1,106049.2,128652.3,89601.4,148
81.1,149404.0,29978.0,44584.0,29234.0,45608.0,68069.9,56138.2,15397.2,13222.7,0.0,21531.5,0.0,17258.3,22385.8,21368.0,43788.6,106030.7,128652.3,89601.5,148
82.1,149404.0,29978.0,44584.0,29234.0,45608.0,68069.9,56138.2,15397.2,13222.7,0.0,21531.5,0.0,17273.6,22385.8,21384.7,43805.4,106014.0,128652.3,89601.5,148
83.1,149404.0,29978.0,44584.0,29234.0,45608.0,68069.9,56138.3,15397.2,13222.7,0.0,21531.5,0.0,17286.6,22385.8,21396.4,43817.1,106002.2,128652.3,89601.5,148
84.1,149404.0,29978.0,44584.0,29234.0,45608.0,68070.1,56138.4,15397.3,13222.9,0.0,21531.5,0.0,17300.9,22385.6,21409.1,43829.6,105989.6,128652.3,89601.6,148
85.1,149404.0,29978.0,44584.0,29234.0,45608.0,68070.1,56138.4,15397.3,13222.9,0.0,21531.5,0.0,17312.1,22385.9,21421.8,43842.6,105976.9,128652.3,89601.6,148
86.1,149404.0,29978.0,44584.0,29234.0,45608.0,68070.3,56138.6,15397.6,13223.1,0.0,21531.6,0.0,17324.1,22385.7,21437.0,43857.6,105961.7,128652.3,89601.8,148
87.1,149404.0,29978.0,44584.0,29234.0,45608.0,68070.3,56138.6,15397.6,13223.1,0.0,21786.0,0.0,17272.3,22646.1,21385.1,44066.1,106013.6,128652.3,89856.3,148
88.1,149404.0,29978.0,44584.0,29234.0,45608.0,68070.4,56138.7,15397.7,13223.2,0.0,21787.5,0.0,17090.7,22648.6,21203.7,43887.2,106194.9,128652.3,89857.9,148
89.1,149404.0,29978.0,44584.0,29234.0,45608.0,68070.4,56138.7,15397.7,13223.2,0.0,21787.5,0.0,17103.6,22648.6,21220.7,43904.3,106177.9,128652.3,89857.9,148
90.1,149404.0,29978.0,44584.0,29234.0,45608.0,68070.4,56138.8,15397.7,13223.2,0.0,21787.5,0.0,17118.3,22648.7,21239.4,43923.0,106159.3,128652.3,89858.0,148
91.1,149404.0,29978.0,44584.0,29234.0,45608.0,68070.7,56139.0,15398.0,13223.5,0.0,21787.5,0.0,17130.4,22648.7,21250.2,43933.8,106148.4,128652.3,89858.2,148
92.1,149404.0,29978.0,44584.0,29234.0,45608.0,68070.8,56139.1,15398.1,13223.6,0.0,21787.6,0.0,17144.3,22648.6,21262.5,43946.1,106136.1,128652.3,89858.5,148
93.1,149404.0,29978.0,44584.0,29234.0,45608.0,68070.9,56139.2,15398.2,13223.7,0.0,21787.7,0.0,17157.3,22648.6,21274.8,43958.4,106123.8,128652.3,89858.6,148
94.1,149404.0,29978.0,44584.0,29234.0,45608.0,68071.0,56139.3,15398.2,13223.8,0.0,21787.9,0.0,17171.6,22649.1,21286.5,43970.5,106112.2,128652.3,89858.9,148
95.1,149404.0,29978.0,44584.0,29234.0,45608.0,68071.0,56139.3,15398.2,13223.8,0.0,21787.9,0.0,17188.3,22649.3,21305.4,43989.7,106093.2,128652.3,89858.9,148
96.1,149404.0,29978.0,44584.0,29234.0,45608.0,68071.0,56139.4,15398.3,13223.8,0.0,21788.0,0.0,17199.7,22648.9,21326.9,44010.8,106071.7,128652.3,89859.0,148
97.1,149404.0,29978.0,44584.0,29234.0,45608.0,68071.1,56139.4,15398.3,13223.9,0.0,21851.9,0.0,17162.9,22714.6,21279.8,44029.3,106118.9,128652.3,89923.0,148
98.1,149404.0,29978.0,44584.0,29234.0,45608.0,68071.1,56139.4,15398.3,13223.9,0.0,21851.9,0.0,17171.8,22714.6,21287.1,44036.6,106111.5,128652.3,89923.0,148
99.1,149404.0,29978.0,44584.0,29234.0,45608.0,68071.2,56139.5,15398.5,13224.0,0.0,21851.9,0.0,17169.3,22714.8,21283.7,44033.4,106115.0,128652.3,89923.2,148
100.1,149404.0,29978.0,44584.0,29234.0,45608.0,68071.2,56139.5,15398.5,13224.0,0.0,21852.1,0.0,17195.4,22714.8,21312.6,44062.4,106086.0,128652.3,89923.3,148
101.1,149404.0,29978.0,44584.0,29234.0,45608.0,68071.2,56139.6,15398.5,13224.0,0.0,21852.1,0.0,17207.4,22714.8,21326.8,44076.6,106071.8,128652.3,89923.3,148
102.1,149404.0,29978.0,44584.0,29234.0,45608.0,68071.2,56139.6,15398.5,13224.0,0.0,21852.1,0.0,17219.5,22714.7,21341.5,44091.3,106057.1,128652.3,89923.3,148
103.1,149404.0,29978.0,44584.0,29234.0,45608.0,68071.2,56139.6,15398.5,13224.0,0.0,21852.1,0.0,17231.0,22714.8,21353.4,44103.1,106045.2,128652.3,89923.3,148
104.1,149404.0,29978.0,44584.0,29234.0,45608.0,68093.6,56158.4,15420.8,13242.9,0.0,21852.1,0.0,17249.2,22714.8,21370.4,44120.1,106028.2,128652.3,89945.7,148
105.1,149404.0,29978.0,44584.0,29234.0,45608.0,68094.0,56158.9,15421.2,13243.4,0.0,21855.7,0.0,17282.7,22718.3,21404.9,44158.2,105993.6,128652.3,89949.7,148
106.1,149404.0,29978.0,44584.0,29234.0,45608.0,68105.7,56170.6,15432.9,13255.1,0.0,21856.1,0.0,17309.9,22718.9,21433.4,44187.3,105965.2,128652.3,89961.8,148
107.1,149404.0,29978.0,44584.0,29234.0,45608.0,68105.8,56170.7,15433.0,13255.2,0.0,21856.2,0.0,17323.9,22719.1,21449.0,44203.2,105949.5,128652.3,89962.0,148
108.1,149404.0,29978.0,44584.0,29234.0,45608.0,68105.8,56170.7,15433.0,13255.2,0.0,21856.2,0.0,17337.4,22719.2,21464.5,44218.8,105934.0,128652.3,89962.1,148
109.1,149404.0,29978.0,44584.0,29234.0,45608.0,68105.9,56170.7,15433.0,13255.2,0.0,21860.4,0.0,17348.5,22723.7,21474.8,44233.6,105923.7,128652.3,89966.2,148
110.1,149404.0,29978.0,44584.0,29234.0,45608.0,68105.9,56170.7,15433.0,13255.2,0.0,21924.0,0.0,17298.6,22788.8,21420.6,44244.5,105977.8,128652.3,90029.8,148
111.1,149404.0,29978.0,44584.0,29234.0,45608.0,68105.9,56170.8,15433.1,13255.2,0.0,21924.4,0.0,17311.5,22789.4,21428.4,44253.0,105970.0,128652.3,90030.3,148
112.1,149404.0,29978.0,44584.0,29234.0,45608.0,68105.9,56170.8,15433.1,13255.3,0.0,21924.5,0.0,17322.4,22789.1,21434.8,44259.0,105963.6,128652.3,90030.4,148
113.2,149404.0,29978.0,44584.0,29234.0,45608.0,68106.1,56171.0,15433.3,13255.5,0.0,21924.5,0.0,17336.7,22789.3,21451.3,44275.8,105947.1,128652.3,90030.6,148
114.2,149404.0,29978.0,44584.0,29234.0,45608.0,68106.1,56171.0,15433.3,13255.5,0.0,21924.5,0.0,17348.9,22789.6,21457.6,44282.4,105940.8,128652.3,90030.6,148
115.2,149404.0,29978.0,44584.0,29234.0,45608.0,68106.1,56171.0,15433.3,13255.5,0.0,21924.5,0.0,17362.5,22789.6,21475.2,44299.9,105923.3,128652.3,90030.6,148
116.2,149404.0,29978.0,44584.0,29234.0,45608.0,68106.2,56171.1,15433.4,13255.6,0.0,21924.5,0.0,17376.0,22789.4,21483.0,44307.6,105915.4,128652.3,90030.8,148
117.2,149404.0,29978.0,44584.0,29234.0,45608.0,68106.3,56171.1,15433.5,13255.6,0.0,21924.5,0.0,17388.6,22789.3,21491.9,44316.3,105906.5,128652.3,90030.8,148
118.2,149404.0,29978.0,44584.0,29234.0,45608.0,68106.4,56171.3,15433.6,13255.8,0.0,21924.5,0.0,17402.1,22789.3,21506.4,44330.9,105892.0,128652.3,90030.9,148
119.2,149404.0,29978.0,44584.0,29234.0,45608.0,68106.4,56171.3,15433.6,13255.8,0.0,21924.6,0.0,17415.0,22789.9,21518.8,44343.9,105879.6,128652.3,90031.0,148
120.2,149404.0,29978.0,44584.0,29234.0,45608.0,68106.5,56171.3,15433.6,13255.8,0.0,21924.6,0.0,17427.3,22789.8,21530.6,44355.5,105867.8,128652.3,90031.0,148
121.2,149404.0,29978.0,44584.0,29234.0,45608.0,68106.5,56171.3,15433.7,13255.8,0.0,21924.6,0.0,17440.7,22789.6,21543.0,44367.8,105855.4,128652.3,90031.0,148
122.2,149404.0,29978.0,44584.0,29234.0,45608.0,68106.5,56171.4,15433.7,13255.9,0.0,21924.6,0.0,17454.7,22789.6,21559.2,44384.0,105839.2,128652.3,90031.1,148
123.2,149404.0,29978.0,44584.0,29234.0,45608.0,68106.5,56171.4,15433.7,13255.9,0.0,21924.6,0.0,17466.7,22789.7,21572.6,44397.4,105825.8,128652.3,90031.2,148
124.2,149404.0,29978.0,44584.0,29234.0,45608.0,68106.5,56171.4,15433.7,13255.9,0.0,21924.6,0.0,17481.1,22789.7,21584.7,44409.6,105813.7,128652.3,90031.2,148
125.2,149404.0,29978.0,44584.0,29234.0,45608.0,68106.5,56171.4,15433.7,13255.9,0.0,21924.8,0.0,17492.4,22789.8,21595.4,44420.4,105803.0,128652.3,90031.3,148
126.2,149404.0,29978.0,44584.0,29234.0,45608.0,68107.8,56171.5,15434.4,13256.0,0.0,21924.8,0.0,17503.9,22790.0,21609.2,44434.3,105789.2,128652.3,90032.6,148
127.2,149406.0,29978.0,44584.0,29236.0,45608.0,68128.8,56190.3,15452.6,13274.8,0.0,21924.8,0.0,17534.7,22790.4,21635.8,44461.4,105762.6,128652.3,90053.6,148
128.2,149406.0,29978.0,44584.0,29236.0,45608.0,68135.4,56196.9,15459.2,13281.4,0.0,21924.9,0.0,17553.9,22790.4,21653.1,44478.7,105745.3,128652.3,90060.3,148
129.2,149406.0,29978.0,44584.0,29236.0,45608.0,68135.7,56197.2,15459.5,13281.6,0.0,21924.9,0.0,17568.2,22790.0,21666.3,44491.5,105732.1,128652.3,90060.6,148
130.2,149406.0,29978.0,44584.0,29236.0,45608.0,68135.7,56197.2,15459.5,13281.6,0.0,21924.9,0.0,17581.1,22789.9,21681.6,44506.7,105716.8,128652.3,90060.6,148
131.2,149406.0,29978.0,44584.0,29236.0,45608.0,68135.7,56197.2,15459.6,13281.7,0.0,21924.9,0.0,17594.0,22789.9,21695.0,44520.1,105703.4,128652.3,90060.6,148
132.2,149406.0,29978.0,44584.0,29236.0,45608.0,68135.9,56197.4,15459.7,13281.9,0.0,21924.9,0.0,17607.4,22790.5,21709.4,44535.1,105689.0,128652.3,90060.9,148
133.2,149406.0,29978.0,44584.0,29236.0,45608.0,68135.9,56197.4,15459.7,13281.9,0.0,21925.0,0.0,17620.6,22790.3,21721.1,44546.6,105677.2,128652.3,90060.9,148
134.2,149406.0,29978.0,44584.0,29236.0,45608.0,68136.0,56197.5,15459.8,13282.0,0.0,21925.0,0.0,17636.3,22790.1,21737.0,44562.3,105661.4,128652.3,90061.0,148
135.2,149406.0,29978.0,44584.0,29236.0,45608.0,68138.8,56200.3,15462.7,13284.8,0.0,21925.0,0.0,17648.8,22790.6,21754.1,44579.9,105644.3,128652.3,90063.8,148
136.2,149406.0,29978.0,44584.0,29236.0,45608.0,68174.6,56232.5,15498.4,13317.0,0.0,21928.4,0.0,17691.3,22794.0,21797.8,44627.1,105600.6,128652.3,90103.1,148
137.2,149406.0,29978.0,44584.0,29236.0,45608.0,68178.3,56236.2,15502.1,13320.7,0.0,21992.8,0.0,17648.9,22860.3,21754.4,44649.8,105644.0,128652.3,90171.2,148
138.2,149406.0,29978.0,44584.0,29236.0,45608.0,68178.3,56236.2,15502.1,13320.7,0.0,21993.9,0.0,17656.3,22861.3,21763.4,44659.9,105635.0,128652.3,90172.2,148
139.2,149406.0,29978.0,44584.0,29236.0,45608.0,68178.3,56236.2,15502.1,13320.7,0.0,21993.9,0.0,17669.3,22861.3,21776.8,44673.4,105621.5,128652.3,90172.2,148
140.2,149406.0,29978.0,44584.0,29236.0,45608.0,68178.3,56236.2,15502.1,13320.7,0.0,21993.9,0.0,17682.0,22861.0,21790.7,44687.0,105607.6,128652.3,90172.2,148
141.2,149406.0,29978.0,44584.0,29236.0,45608.0,68178.4,56236.3,15502.1,13320.7,0.0,21993.9,0.0,17695.6,22861.4,21807.7,44704.3,105590.6,128652.3,90172.3,148
142.2,149406.0,29978.0,44584.0,29236.0,45608.0,68192.7,56250.6,15516.5,13335.1,0.0,21993.9,0.0,17708.1,22861.9,21820.0,44717.2,105578.4,128652.3,90186.6,148
143.2,149406.0,29978.0,44584.0,29236.0,45608.0,68192.8,56250.7,15516.6,13335.1,0.0,21994.0,0.0,17736.1,22862.7,21846.4,44744.3,105552.0,128652.3,90186.8,148
144.2,149406.0,29978.0,44584.0,29236.0,45608.0,68193.1,56251.0,15516.9,13335.5,0.0,21994.1,0.0,17749.3,22862.7,21865.9,44763.9,105532.4,128652.3,90187.2,148
145.2,149406.0,29978.0,44584.0,29236.0,45608.0,68193.1,56251.0,15516.9,13335.5,0.0,21994.1,0.0,17761.2,22861.9,21877.7,44774.9,105520.6,128652.3,90187.2,148
146.2,149406.0,29978.0,44584.0,29236.0,45608.0,68194.1,56251.9,15517.8,13336.4,0.0,21994.1,0.0,17776.8,22861.9,21896.7,44793.9,105501.6,128652.3,90188.2,148
147.2,149406.0,29978.0,44584.0,29236.0,45608.0,68194.1,56251.9,15517.8,13336.4,0.0,21995.5,0.0,17791.8,22862.9,21906.0,44804.2,105492.2,128652.3,90189.6,148
148.2,149406.0,29978.0,44584.0,29236.0,45608.0,68194.1,56251.9,15517.8,13336.4,0.0,21995.5,0.0,17804.3,22862.9,21917.5,44815.8,105480.7,128652.3,90189.6,148
149.2,149406.0,29978.0,44584.0,29236.0,45608.0,68196.1,56254.0,15519.8,13338.4,0.0,21995.6,0.0,17817.8,22863.0,21926.8,44825.1,105471.4,128652.3,90191.6,148
150.2,149406.0,29978.0,44584.0,29236.0,45608.0,68200.1,56254.7,15520.5,13339.2,0.0,21995.6,0.0,17842.3,22862.8,21952.3,44850.5,105445.9,128652.3,90195.7,148
151.2,149406.0,29978.0,44584.0,29236.0,45608.0,68200.1,56254.7,15520.5,13339.2,0.0,21995.6,0.0,17860.1,22862.6,21961.6,44859.6,105436.6,128652.3,90195.7,148
152.2,149406.0,29978.0,44584.0,29236.0,45608.0,68210.7,56261.8,15527.7,13346.3,0.0,22132.4,0.0,17739.3,23002.9,21843.7,44881.9,105554.5,128652.3,90343.1,148
153.2,149406.0,29978.0,44584.0,29236.0,45608.0,68210.7,56261.8,15527.7,13346.3,0.0,22145.0,0.0,17741.8,23016.6,21846.3,44898.2,105551.9,128652.3,90355.7,148
154.2,149580.0,30152.0,44584.0,29236.0,45608.0,68210.7,56261.8,15527.7,13346.3,0.0,22145.0,0.0,17753.9,23016.6,21859.8,44911.8,105538.4,128652.3,90355.7,148
155.2,149580.0,30152.0,44584.0,29236.0,45608.0,68219.0,56270.2,15536.1,13354.7,0.0,22145.1,0.0,17764.6,23016.7,21864.8,44916.9,105533.4,128652.3,90364.2,148
156.2,149580.0,30152.0,44584.0,29236.0,45608.0,68219.1,56270.3,15536.2,13354.8,0.0,22145.1,0.0,17785.3,23017.1,21885.4,44937.9,105512.8,128652.3,90364.3,148
157.2,149580.0,30152.0,44584.0,29236.0,45608.0,68219.2,56270.3,15536.2,13354.8,0.0,22145.2,0.0,17798.5,23017.1,21897.2,44949.7,105501.0,128652.3,90364.3,148
158.2,149580.0,30152.0,44584.0,29236.0,45608.0,68219.2,56270.3,15536.2,13354.8,0.0,22145.2,0.0,17815.0,23016.7,21913.7,44965.9,105484.4,128652.3,90364.3,148
159.2,149580.0,30152.0,44584.0,29236.0,45608.0,68219.2,56270.3,15536.2,13354.8,0.0,22145.2,0.0,17824.6,23017.0,21923.3,44975.7,105474.9,128652.3,90364.4,148
160.2,149580.0,30152.0,44584.0,29236.0,45608.0,68219.2,56270.3,15536.2,13354.8,0.0,22145.2,0.0,17837.9,23017.0,21937.9,44990.3,105460.3,128652.3,90364.4,148
161.2,149580.0,30152.0,44584.0,29236.0,45608.0,68219.2,56270.3,15536.2,13354.8,0.0,22145.2,0.0,17852.4,23017.2,21954.4,45007.0,105443.8,128652.3,90364.4,148
162.2,149580.0,30152.0,44584.0,29236.0,45608.0,68219.2,56270.3,15536.2,13354.8,0.0,22145.2,0.0,17865.1,23017.2,21966.4,45019.0,105431.8,128652.3,90364.4,148
163.2,149580.0,30152.0,44584.0,29236.0,45608.0,68219.2,56270.3,15536.2,13354.8,0.0,22145.2,0.0,17876.9,23017.2,21978.5,45031.1,105419.7,128652.3,90364.4,148
164.2,149580.0,30152.0,44584.0,29236.0,45608.0,68219.2,56270.3,15536.2,13354.8,0.0,22145.2,0.0,17890.7,23017.2,21988.6,45041.3,105409.6,128652.3,90364.4,148
165.2,149580.0,30152.0,44584.0,29236.0,45608.0,68219.2,56270.3,15536.2,13354.8,0.0,22145.2,0.0,17903.8,23017.2,22001.8,45054.5,105396.4,128652.3,90364.4,148
166.2,149580.0,30152.0,44584.0,29236.0,45608.0,68219.2,56270.3,15536.2,13354.8,0.0,22145.2,0.0,17913.6,23017.2,22018.0,45070.7,105380.2,128652.3,90364.4,148
167.2,149580.0,30152.0,44584.0,29236.0,45608.0,68219.2,56270.3,15536.2,13354.8,0.0,22145.3,0.0,17929.0,23017.0,22032.1,45084.5,105366.0,128652.3,90364.5,148
168.2,149580.0,30152.0,44584.0,29236.0,45608.0,68219.2,56270.3,15536.2,13354.8,0.0,22145.4,0.0,17943.2,23016.8,22050.8,45103.0,105347.4,128652.3,90364.6,148
169.2,149580.0,30152.0,44584.0,29236.0,45608.0,68251.3,56299.0,15564.8,13383.4,0.0,22145.4,0.0,17983.4,23017.0,22090.3,45142.8,105307.9,128652.3,90396.8,148
170.2,149580.0,30152.0,44584.0,29236.0,45608.0,68253.2,56300.8,15566.7,13385.3,0.0,22152.7,0.0,17998.1,23023.6,22107.1,45166.4,105290.8,128652.3,90405.8,148
171.2,149580.0,30152.0,44584.0,29236.0,45608.0,68253.6,56301.2,15567.1,13385.6,0.0,22153.0,0.0,18014.3,23023.9,22125.8,45185.3,105272.2,128652.3,90406.5,148
172.2,149580.0,30152.0,44584.0,29236.0,45608.0,68253.6,56301.2,15567.1,13385.7,0.0,22153.1,0.0,18024.7,23023.7,22137.5,45196.8,105260.4,128652.3,90406.7,148
173.2,149580.0,30152.0,44584.0,29236.0,45608.0,68253.6,56301.2,15567.1,13385.7,0.0,22153.1,0.0,18038.0,23023.7,22151.8,45211.0,105246.2,128652.3,90406.7,148
174.2,149580.0,30152.0,44584.0,29236.0,45608.0,68253.8,56301.4,15567.3,13385.8,0.0,22153.1,0.0,18053.8,23024.1,22161.2,45220.9,105236.8,128652.3,90406.9,148
175.2,149580.0,30152.0,44584.0,29236.0,45608.0,68253.8,56301.4,15567.3,13385.9,0.0,22153.1,0.0,18065.9,23023.9,22173.3,45232.9,105224.6,128652.3,90406.9,148
176.2,149580.0,30152.0,44584.0,29236.0,45608.0,68253.8,56301.4,15567.3,13385.9,0.0,22281.1,0.0,17949.3,23155.1,22053.8,45244.5,105344.2,128652.3,90534.9,148
177.2,149580.0,30152.0,44584.0,29236.0,45608.0,68253.8,56301.4,15567.3,13385.9,0.0,22281.2,0.0,17964.7,23155.3,22070.7,45261.6,105327.3,128652.3,90535.0,148
178.2,149580.0,30152.0,44584.0,29236.0,45608.0,68253.8,56301.4,15567.3,13385.9,0.0,22281.3,0.0,17977.4,23155.3,22082.7,45273.7,105315.2,128652.3,90535.0,148
179.2,149580.0,30152.0,44584.0,29236.0,45608.0,68253.8,56301.4,15567.3,13385.9,0.0,22281.3,0.0,17988.9,23155.3,22094.4,45285.3,105303.6,128652.3,90535.0,148
180.2,149580.0,30152.0,44584.0,29236.0,45608.0,68253.8,56301.4,15567.3,13385.9,0.0,22281.3,0.0,18000.7,23154.8,22107.4,45297.8,105290.6,128652.3,90535.1,148
181.2,149580.0,30152.0,44584.0,29236.0,45608.0,68253.8,56301.4,15567.3,13385.9,0.0,22281.3,0.0,18014.1,23154.8,22119.7,45310.2,105278.2,128652.3,90535.1,148
182.2,149580.0,30152.0,44584.0,29236.0,45608.0,68253.8,56301.4,15567.3,13385.9,0.0,22281.3,0.0,18028.7,23154.3,22120.9,45310.8,105277.0,128652.3,90535.1,148
183.2,149580.0,30152.0,44584.0,29236.0,45608.0,68253.8,56301.4,15567.3,13385.9,0.0,22281.4,0.0,18042.4,23154.3,22135.3,45325.2,105262.7,128652.3,90535.2,148
184.3,149580.0,30152.0,44584.0,29236.0,45608.0,68253.9,56301.5,15567.5,13386.0,0.0,22281.4,0.0,18053.9,23154.9,22153.3,45343.9,105244.7,128652.3,90535.3,148
185.3,149580.0,30152.0,44584.0,29236.0,45608.0,68254.0,56301.6,15567.5,13386.0,0.0,22733.2,0.0,18066.4,23617.9,22166.0,45819.5,105232.0,128652.3,90987.2,148
186.3,149580.0,30152.0,44584.0,29236.0,45608.0,68254.0,56301.6,15567.5,13386.1,0.0,22921.0,0.0,17435.1,23811.0,21534.0,45380.6,105864.0,128652.3,91175.0,148
187.3,149580.0,30152.0,44584.0,29236.0,45608.0,68254.1,56301.7,15567.6,13386.2,0.0,22921.0,0.0,17448.0,23811.3,21543.0,45389.9,105855.0,128652.3,91175.1,148
188.3,149580.0,30152.0,44584.0,29236.0,45608.0,68254.1,56301.7,15567.6,13386.2,0.0,22921.0,0.0,17460.9,23810.6,21558.5,45404.8,105839.4,128652.3,91175.1,148
189.3,149580.0,30152.0,44584.0,29236.0,45608.0,68254.1,56301.7,15567.6,13386.2,0.0,22921.0,0.0,17473.3,23810.6,21574.1,45420.4,105823.8,128652.3,91175.1,148
190.3,149580.0,30152.0,44584.0,29236.0,45608.0,68254.1,56301.7,15567.6,13386.2,0.0,22921.0,0.0,17485.3,23810.6,21586.8,45433.0,105811.2,128652.3,91175.1,148
191.3,149580.0,30152.0,44584.0,29236.0,45608.0,68254.1,56301.7,15567.6,13386.2,0.0,23046.1,0.0,17500.1,23938.6,21602.3,45576.5,105795.7,128652.3,91300.2,148
192.3,149582.0,30154.0,44584.0,29236.0,45608.0,68254.1,56301.7,15567.7,13386.2,0.0,23311.3,0.0,17116.6,24210.9,21222.0,45468.5,106175.9,128652.3,91565.4,148
193.3,149582.0,30154.0,44584.0,29236.0,45608.0,68254.2,56301.8,15567.7,13386.2,0.0,23311.6,0.0,16863.1,24211.0,20962.8,45209.5,106435.1,128652.3,91565.8,148
194.3,149582.0,30154.0,44584.0,29236.0,45608.0,68254.2,56301.8,15567.8,13386.3,0.0,23311.6,0.0,16863.0,24211.0,20961.8,45208.6,106436.0,128652.3,91565.8,148
195.3,149582.0,30154.0,44584.0,29236.0,45608.0,68254.2,56301.8,15567.8,13386.3,0.0,23311.6,0.0,16863.1,24210.9,20961.6,45208.2,106436.3,128652.3,91565.9,148
196.3,149582.0,30154.0,44584.0,29236.0,45608.0,68254.4,56302.0,15568.0,13386.5,0.0,23311.6,0.0,16863.1,24211.3,20956.7,45203.7,106441.2,128652.3,91566.0,148
197.3,149582.0,30154.0,44584.0,29236.0,45608.0,68254.4,56302.0,15568.0,13386.5,0.0,23311.7,0.0,16863.4,24211.4,20957.1,45204.2,106440.8,128652.3,91566.1,148
198.3,149582.0,30154.0,44584.0,29236.0,45608.0,68254.8,56302.4,15568.3,13386.9,0.0,23311.7,0.0,16865.1,24211.3,20960.9,45207.8,106437.0,128652.3,91566.5,148
199.3,149582.0,30154.0,44584.0,29236.0,45608.0,68259.3,56306.9,15572.9,13391.4,0.0,23311.7,0.0,16870.9,24211.5,20976.8,45223.9,106421.1,128652.3,91571.0,148
200.3,149582.0,30154.0,44584.0,29236.0,45608.0,68259.3,56306.9,15572.9,13391.4,0.0,23311.8,0.0,16872.0,24211.7,20982.4,45229.8,106415.5,128652.3,91571.1,148
201.3,149582.0,30154.0,44584.0,29236.0,45608.0,68259.4,56307.0,15572.9,13391.5,0.0,23311.8,0.0,16871.6,24211.6,20984.2,45231.5,106413.7,128652.3,91571.1,148
202.3,149582.0,30154.0,44584.0,29236.0,45608.0,68259.4,56307.0,15573.0,13391.5,0.0,23311.8,0.0,16871.6,24213.0,20988.7,45237.4,106409.2,128652.3,91571.2,148
203.3,149582.0,30154.0,44584.0,29236.0,45608.0,68259.4,56307.0,15573.0,13391.5,0.0,23311.9,0.0,16871.7,24212.2,20984.0,45231.9,106413.8,128652.3,91571.3,148
204.3,149582.0,30154.0,44584.0,29236.0,45608.0,68259.4,56307.0,15573.0,13391.5,0.0,23311.9,0.0,16871.9,24212.2,20985.4,45233.4,106412.4,128652.3,91571.3,148
205.3,149582.0,30154.0,44584.0,29236.0,45608.0,68259.4,56307.0,15573.0,13391.5,0.0,23311.9,0.0,16871.8,24212.0,20983.7,45231.5,106414.1,128652.3,91571.3,148
206.3,149582.0,30154.0,44584.0,29236.0,45608.0,68259.4,56307.0,15573.0,13391.5,0.0,23312.0,0.0,16871.8,24212.0,20982.1,45229.8,106415.7,128652.3,91571.4,148
207.3,149582.0,30154.0,44584.0,29236.0,45608.0,68259.4,56307.0,15573.0,13391.5,0.0,23312.0,0.0,16871.8,24212.0,20981.2,45228.9,106416.7,128652.3,91571.4,148
208.3,149582.0,30154.0,44584.0,29236.0,45608.0,68260.7,56308.3,15574.2,13392.8,0.0,23312.0,0.0,16871.7,24212.8,20991.8,45240.3,106406.0,128652.3,91572.7,148
209.3,149582.0,30154.0,44584.0,29236.0,45608.0,68260.7,56308.3,15574.2,13392.8,0.0,23312.0,0.0,16872.9,24212.9,20986.7,45235.3,106411.1,128652.3,91572.7,148
210.3,149582.0,30154.0,44584.0,29236.0,45608.0,68279.0,56326.6,15592.5,13411.0,0.0,23312.0,0.0,16873.0,24213.1,20988.9,45237.7,106408.9,128652.3,91591.0,148
211.3,149582.0,30154.0,44584.0,29236.0,45608.0,68279.1,56326.6,15592.6,13411.1,0.0,23312.0,0.0,16891.3,24212.6,21009.3,45257.6,106388.6,128652.3,91591.1,148
212.3,149582.0,30154.0,44584.0,29236.0,45608.0,68279.1,56326.6,15592.6,13411.1,0.0,23312.0,0.0,16891.4,24212.2,21007.3,45255.3,106390.5,128652.3,91591.1,148
213.3,149582.0,30154.0,44584.0,29236.0,45608.0,68279.1,56326.6,15592.6,13411.1,0.0,23312.0,0.0,16891.4,24211.9,20998.2,45245.9,106399.6,128652.3,91591.1,148
214.3,149582.0,30154.0,44584.0,29236.0,45608.0,68279.1,56326.6,15592.6,13411.1,0.0,23312.1,0.0,16891.5,24212.3,21001.7,45249.7,106396.1,128652.3,91591.1,148
215.3,149582.0,30154.0,44584.0,29236.0,45608.0,68279.1,56326.6,15592.6,13411.1,0.0,23312.1,0.0,16891.4,24211.9,20995.3,45242.9,106402.5,128652.3,91591.1,148
216.3,149582.0,30154.0,44584.0,29236.0,45608.0,68279.2,56326.7,15592.7,13411.2,0.0,23312.1,0.0,16891.6,24211.8,21003.1,45250.6,106394.8,128652.3,91591.2,148
217.3,149582.0,30154.0,44584.0,29236.0,45608.0,68279.2,56326.7,15592.7,13411.2,0.0,23312.1,0.0,16891.5,24211.8,21002.7,45250.2,106395.2,128652.3,91591.2,148
218.3,149582.0,30154.0,44584.0,29236.0,45608.0,68279.2,56326.7,15592.7,13411.2,0.0,23312.1,0.0,16891.5,24211.8,21001.6,45249.1,106396.3,128652.3,91591.3,148
219.3,149582.0,30154.0,44584.0,29236.0,45608.0,68279.2,56326.7,15592.7,13411.2,0.0,23312.1,0.0,16891.7,24211.8,21001.2,45248.8,106396.6,128652.3,91591.3,148
220.3,149582.0,30154.0,44584.0,29236.0,45608.0,68281.8,56329.4,15595.3,13413.9,0.0,23312.1,0.0,16894.2,24211.7,21006.8,45254.2,106391.0,128652.3,91593.9,148
221.3,149582.0,30154.0,44584.0,29236.0,45608.0,68281.8,56329.4,15595.3,13413.9,0.0,23312.1,0.0,16894.2,24211.7,21007.4,45254.8,106390.5,128652.3,91593.9,148
222.3,149582.0,30154.0,44584.0,29236.0,45608.0,68281.8,56329.4,15595.3,13413.9,0.0,23312.2,0.0,16894.2,24211.4,21003.7,45250.9,106394.1,128652.3,91594.0,148
223.3,149582.0,30154.0,44584.0,29236.0,45608.0,68281.8,56329.4,15595.3,13413.9,0.0,23312.2,0.0,16894.2,24211.4,20999.7,45246.8,106398.1,128652.3,91594.0,148
224.3,149582.0,30154.0,44584.0,29236.0,45608.0,68281.8,56329.4,15595.4,13413.9,0.0,23312.2,0.0,16894.2,24211.3,21000.0,45247.1,106397.8,128652.3,91594.0,148
225.3,149582.0,30154.0,44584.0,29236.0,45608.0,68281.9,56329.4,15595.4,13413.9,0.0,23312.2,0.0,16894.2,24211.0,20996.4,45243.2,106401.4,128652.3,91594.0,148
226.3,149582.0,30154.0,44584.0,29236.0,45608.0,68281.9,56329.4,15595.4,13413.9,0.0,23312.2,0.0,16894.2,24211.1,20997.8,45244.6,106400.0,128652.3,91594.1,148
227.3,149582.0,30154.0,44584.0,29236.0,45608.0,68281.9,56329.4,15595.4,13413.9,0.0,23312.2,0.0,16894.3,24211.1,21002.1,45249.0,106395.7,128652.3,91594.1,148
228.4,149634.0,30154.0,44584.0,29288.0,45608.0,68281.9,56329.4,15595.4,13413.9,0.0,23312.3,0.0,16894.3,24212.0,20996.9,45244.6,106401.0,128652.3,91594.2,148
229.4,149634.0,30154.0,44584.0,29288.0,45608.0,68281.9,56329.4,15595.5,13413.9,0.0,23312.3,0.0,16892.3,24212.0,20997.9,45245.7,106399.9,128652.3,91594.2,148
230.4,149634.0,30154.0,44584.0,29288.0,45608.0,68281.9,56329.4,15595.5,13413.9,0.0,23312.4,0.0,16888.9,24212.3,21001.7,45249.7,106396.2,128652.3,91594.3,148
231.4,149634.0,30154.0,44584.0,29288.0,45608.0,68281.9,56329.4,15595.5,13413.9,0.0,23312.4,0.0,16889.0,24212.5,21003.9,45252.2,106393.9,128652.3,91594.3,148
232.4,149634.0,30154.0,44584.0,29288.0,45608.0,68281.9,56329.4,15595.5,13413.9,0.0,23312.5,0.0,16889.3,24212.7,21004.3,45252.7,106393.5,128652.3,91594.4,148
233.4,149634.0,30154.0,44584.0,29288.0,45608.0,68281.9,56329.4,15595.5,13413.9,0.0,23312.8,0.0,16889.1,24212.5,21006.6,45254.9,106391.2,128652.3,91594.7,148
234.4,149634.0,30154.0,44584.0,29288.0,45608.0,68281.9,56329.4,15595.5,13413.9,0.0,23312.9,0.0,16889.6,24212.4,21006.8,45255.0,106391.1,128652.3,91594.7,148
235.4,149634.0,30154.0,44584.0,29288.0,45608.0,68281.9,56329.4,15595.5,13413.9,0.0,23312.9,0.0,16889.1,24211.8,21008.6,45256.2,106389.2,128652.3,91594.7,148
236.4,149634.0,30154.0,44584.0,29288.0,45608.0,68281.9,56329.4,15595.5,13413.9,0.0,23312.9,0.0,16889.2,24212.0,21012.2,45260.0,106385.6,128652.3,91594.8,148
237.4,149634.0,30154.0,44584.0,29288.0,45608.0,68281.9,56329.4,15595.5,13413.9,0.0,23312.9,0.0,16889.2,24213.6,21008.1,45257.4,106389.7,128652.3,91594.8,148
238.4,149634.0,30154.0,44584.0,29288.0,45608.0,68281.9,56329.4,15595.5,13413.9,0.0,23312.9,0.0,16889.2,24212.0,21004.4,45252.2,106393.4,128652.3,91594.8,148
239.4,149634.0,30154.0,44584.0,29288.0,45608.0,68281.9,56329.4,15595.5,13413.9,0.0,23312.9,0.0,16889.1,24212.7,21004.9,45253.4,106392.9,128652.3,91594.8,148
240.4,149634.0,30154.0,44584.0,29288.0,45608.0,68281.9,56329.4,15595.5,13413.9,0.0,23312.9,0.0,16889.2,24212.7,21010.4,45258.9,106387.4,128652.3,91594.8,148
241.4,149634.0,30154.0,44584.0,29288.0,45608.0,68283.4,56330.9,15596.9,13415.4,0.0,23312.9,0.0,16890.5,24212.4,21008.9,45257.1,106388.9,128652.3,91596.3,148
242.4,149634.0,30154.0,44584.0,29288.0,45608.0,68283.4,56330.9,15597.0,13415.4,0.0,23312.9,0.0,16890.7,24212.5,21009.4,45257.7,106388.4,128652.3,91596.3,148
243.4,149634.0,30154.0,44584.0,29288.0,45608.0,68283.4,56330.9,15597.0,13415.4,0.0,23313.0,0.0,16890.7,24211.6,21002.9,45250.4,106394.9,128652.3,91596.3,148
244.4,149634.0,30154.0,44584.0,29288.0,45608.0,68283.4,56330.9,15597.0,13415.4,0.0,23313.1,0.0,16891.2,24212.1,21004.7,45252.6,106393.1,128652.3,91596.5,148
245.4,149634.0,30154.0,44584.0,29288.0,45608.0,68283.4,56330.9,15597.0,13415.4,0.0,23313.1,0.0,16890.7,24212.5,21002.2,45250.5,106395.6,128652.3,91596.5,148
246.4,149634.0,30154.0,44584.0,29288.0,45608.0,68283.4,56330.9,15597.0,13415.4,0.0,23313.1,0.0,16890.7,24211.9,21003.3,45251.0,106394.5,128652.3,91596.5,148
247.4,149634.0,30154.0,44584.0,29288.0,45608.0,68283.4,56330.9,15597.0,13415.4,0.0,23313.1,0.0,16890.8,24212.1,21002.6,45250.5,106395.2,128652.3,91596.5,148
248.4,149634.0,30154.0,44584.0,29288.0,45608.0,68283.4,56331.0,15597.0,13415.5,0.0,23313.1,0.0,16890.8,24212.2,21001.4,45249.4,106396.3,128652.3,91596.5,148
249.4,149634.0,30154.0,44584.0,29288.0,45608.0,68283.4,56331.0,15597.0,13415.5,0.0,23313.2,0.0,16894.1,24212.2,21005.5,45253.6,106392.2,128652.3,91596.6,148
250.4,149634.0,30154.0,44584.0,29288.0,45608.0,68283.4,56331.0,15597.0,13415.5,0.0,23313.2,0.0,16906.2,24212.4,21020.8,45269.0,106377.0,128652.3,91596.6,148
251.4,149634.0,30154.0,44584.0,29288.0,45608.0,68283.4,56331.0,15597.0,13415.5,0.0,23313.2,0.0,16894.4,24212.4,21008.7,45256.9,106389.1,128652.3,91596.6,148
252.4,149634.0,30154.0,44584.0,29288.0,45608.0,68283.4,56331.0,15597.0,13415.5,0.0,23313.2,0.0,16894.4,24212.6,21004.9,45253.4,106392.9,128652.3,91596.6,148
253.4,149634.0,30154.0,44584.0,29288.0,45608.0,68283.4,56331.0,15597.0,13415.5,0.0,23313.2,0.0,16894.6,24213.2,21006.9,45255.9,106390.9,128652.3,91596.6,148
254.4,149634.0,30154.0,44584.0,29288.0,45608.0,68283.4,56331.0,15597.0,13415.5,0.0,23313.2,0.0,16894.4,24212.6,21011.6,45260.0,106386.2,128652.3,91596.6,148
255.4,149634.0,30154.0,44584.0,29288.0,45608.0,68283.4,56331.0,15597.0,13415.5,0.0,23313.3,0.0,16894.4,24212.7,21010.6,45259.2,106387.1,128652.3,91596.7,148
256.4,149634.0,30154.0,44584.0,29288.0,45608.0,68283.4,56331.0,15597.0,13415.5,0.0,23313.3,0.0,16894.5,24212.7,21018.9,45267.5,106378.8,128652.3,91596.8,148
257.4,149634.0,30154.0,44584.0,29288.0,45608.0,68283.4,56331.0,15597.0,13415.5,0.0,23313.3,0.0,16894.5,24212.1,21010.0,45257.9,106387.8,128652.3,91596.8,148
258.4,149634.0,30154.0,44584.0,29288.0,45608.0,68283.5,56331.0,15597.0,13415.5,0.0,23313.4,0.0,16894.5,24212.0,21008.3,45256.1,106389.5,128652.3,91596.8,148
259.4,149634.0,30154.0,44584.0,29288.0,45608.0,68283.5,56331.0,15597.0,13415.5,0.0,23313.4,0.0,16894.4,24212.1,21009.0,45256.9,106388.8,128652.3,91596.9,148
260.4,149634.0,30154.0,44584.0,29288.0,45608.0,68283.5,56331.0,15597.0,13415.5,0.0,23313.5,0.0,16894.4,24212.1,21011.5,45259.4,106386.3,128652.3,91597.0,148
261.4,149634.0,30154.0,44584.0,29288.0,45608.0,68283.5,56331.0,15597.0,13415.5,0.0,23313.5,0.0,16894.4,24212.1,21012.5,45260.4,106385.3,128652.3,91597.0,148
262.4,149634.0,30154.0,44584.0,29288.0,45608.0,68283.5,56331.0,15597.0,13415.5,0.0,23313.7,0.0,16894.4,24212.0,21010.8,45258.6,106386.9,128652.3,91597.1,148
263.4,149634.0,30154.0,44584.0,29288.0,45608.0,68283.5,56331.0,15597.0,13415.5,0.0,23313.7,0.0,16894.4,24211.7,21010.9,45258.5,106386.8,128652.3,91597.2,148
264.4,149634.0,30154.0,44584.0,29288.0,45608.0,68283.5,56331.0,15597.0,13415.5,0.0,23313.9,0.0,16894.4,24212.2,21012.3,45260.3,106385.5,128652.3,91597.4,148
265.4,149634.0,30154.0,44584.0,29288.0,45608.0,68283.5,56331.1,15597.0,13415.6,0.0,23313.9,0.0,16894.6,24212.3,21011.2,45259.4,106386.5,128652.3,91597.4,148
266.4,149634.0,30154.0,44584.0,29288.0,45608.0,68283.5,56331.1,15597.1,13415.6,0.0,23313.9,0.0,16894.6,24212.5,21012.9,45261.2,106384.9,128652.3,91597.5,148
267.4,149634.0,30154.0,44584.0,29288.0,45608.0,68283.5,56331.1,15597.1,13415.6,0.0,23313.9,0.0,16894.6,24212.5,21018.8,45267.1,106379.0,128652.3,91597.5,148
268.4,149634.0,30154.0,44584.0,29288.0,45608.0,68283.6,56331.1,15597.1,13415.6,0.0,23314.0,0.0,16894.6,24212.2,21015.7,45263.8,106382.1,128652.3,91597.6,148
269.4,149634.0,30154.0,44584.0,29288.0,45608.0,68283.6,56331.1,15597.1,13415.6,0.0,23314.0,0.0,16895.1,24212.0,21015.1,45263.0,106382.6,128652.3,91597.6,148
270.4,149634.0,30154.0,44584.0,29288.0,45608.0,68284.6,56332.2,15598.2,13416.7,0.0,23314.0,0.0,16895.3,24212.0,21016.3,45264.1,106381.5,128652.3,91598.6,148
271.4,149634.0,30154.0,44584.0,29288.0,45608.0,68292.1,56339.7,15605.7,13424.2,0.0,23314.0,0.0,16903.0,24213.7,21031.1,45280.6,106366.6,128652.3,91606.2,148
272.4,149634.0,30154.0,44584.0,29288.0,45608.0,68292.4,56339.9,15605.9,13424.4,0.0,23314.0,0.0,16903.5,24212.8,21022.6,45271.2,106375.2,128652.3,91606.4,148
273.4,149634.0,30154.0,44584.0,29288.0,45608.0,68292.4,56339.9,15605.9,13424.4,0.0,23314.0,0.0,16903.6,24212.8,21022.1,45270.7,106375.7,128652.3,91606.4,148
274.4,149634.0,30154.0,44584.0,29288.0,45608.0,68292.4,56339.9,15605.9,13424.4,0.0,23314.2,0.0,16903.9,24212.8,21022.2,45270.8,106375.6,128652.3,91606.5,148
275.4,149634.0,30154.0,44584.0,29288.0,45608.0,68292.4,56339.9,15605.9,13424.4,0.0,23314.2,0.0,16903.7,24213.5,21026.7,45276.0,106371.1,128652.3,91606.5,148
276.4,149634.0,30154.0,44584.0,29288.0,45608.0,68292.4,56339.9,15605.9,13424.4,0.0,23314.5,0.0,16903.7,24213.7,21031.2,45280.8,106366.6,128652.3,91606.8,148
277.4,149634.0,30154.0,44584.0,29288.0,45608.0,68292.4,56339.9,15605.9,13424.4,0.0,23314.5,0.0,16903.7,24213.5,21026.0,45275.3,106371.7,128652.3,91606.8,148
278.4,149634.0,30154.0,44584.0,29288.0,45608.0,68292.4,56339.9,15605.9,13424.4,0.0,23314.5,0.0,16903.8,24213.7,21028.8,45278.3,106369.0,128652.3,91606.8,148
279.4,149634.0,30154.0,44584.0,29288.0,45608.0,68292.4,56339.9,15605.9,13424.4,0.0,23314.5,0.0,16903.6,24213.9,21029.2,45279.0,106368.5,128652.3,91606.8,148
280.4,149766.0,30154.0,44584.0,29420.0,45608.0,68292.4,56339.9,15605.9,13424.4,0.0,23314.5,0.0,16901.3,24213.9,21025.8,45275.6,106371.9,128652.3,91606.8,148
281.4,149766.0,30154.0,44584.0,29420.0,45608.0,68293.0,56340.5,15606.6,13425.0,0.0,23314.5,0.0,16901.2,24213.2,21028.8,45277.9,106368.9,128652.3,91607.5,148
282.4,149766.0,30154.0,44584.0,29420.0,45608.0,68293.1,56340.7,15606.7,13425.2,0.0,23314.5,0.0,16901.3,24213.1,21022.3,45271.3,106375.4,128652.3,91607.7,148
283.4,149766.0,30154.0,44584.0,29420.0,45608.0,68293.1,56340.7,15606.7,13425.2,0.0,23314.5,0.0,16901.4,24213.0,21021.1,45269.9,106376.7,128652.3,91607.7,148
284.4,149766.0,30154.0,44584.0,29420.0,45608.0,68296.6,56344.1,15610.2,13428.6,0.0,23314.5,0.0,16901.5,24213.0,21028.7,45277.6,106369.0,128652.3,91611.1,148
285.4,149766.0,30154.0,44584.0,29420.0,45608.0,68296.6,56344.1,15610.2,13428.6,0.0,23314.6,0.0,16905.2,24213.4,21023.8,45273.0,106374.0,128652.3,91611.2,148
286.4,149766.0,30154.0,44584.0,29420.0,45608.0,68296.6,56344.1,15610.2,13428.6,0.0,23314.6,0.0,16905.2,24213.9,21022.3,45272.1,106375.4,128652.3,91611.2,148
287.4,149766.0,30154.0,44584.0,29420.0,45608.0,68296.6,56344.1,15610.2,13428.6,0.0,23314.6,0.0,16905.2,24213.9,21022.7,45272.4,106375.1,128652.3,91611.2,148
288.4,149766.0,30154.0,44584.0,29420.0,45608.0,68296.6,56344.1,15610.2,13428.6,0.0,23314.7,0.0,16905.2,24214.2,21022.9,45273.0,106374.8,128652.3,91611.2,148
289.4,149766.0,30154.0,44584.0,29420.0,45608.0,68296.6,56344.1,15610.2,13428.6,0.0,23314.7,0.0,16905.2,24214.0,21020.3,45270.1,106377.5,128652.3,91611.3,148
290.4,149766.0,30154.0,44584.0,29420.0,45608.0,68296.6,56344.1,15610.2,13428.6,0.0,23314.8,0.0,16905.4,24214.1,21020.0,45270.0,106377.8,128652.3,91611.4,148
291.4,149766.0,30154.0,44584.0,29420.0,45608.0,68284.6,56332.2,15598.2,13416.6,0.0,23314.8,0.0,16893.2,24214.1,21005.9,45255.9,106391.8,128652.3,91599.4,148
292.4,149766.0,30154.0,44584.0,29420.0,45608.0,68284.6,56332.2,15598.2,13416.6,0.0,23314.8,0.0,16893.4,24214.0,21007.1,45257.1,106390.6,128652.3,91599.4,148
293.4,149766.0,30154.0,44584.0,29420.0,45608.0,68262.2,56309.7,15575.8,13394.2,0.0,23314.8,0.0,16922.9,24215.2,21036.5,45287.6,106361.2,128652.3,91577.0,148
294.4,149766.0,30154.0,44584.0,29420.0,45608.0,68262.2,56309.8,15575.8,13394.3,0.0,23314.9,0.0,16871.0,24213.8,20974.6,45224.3,106423.1,128652.3,91577.1,148
295.4,149766.0,30154.0,44584.0,29420.0,45608.0,68269.7,56317.3,15583.3,13401.7,0.0,23314.9,0.0,16870.6,24213.8,20977.1,45226.8,106420.6,128652.3,91584.6,148
296.4,149766.0,30154.0,44584.0,29420.0,45608.0,68306.3,56353.9,15619.9,13438.4,0.0,23315.0,0.0,16914.0,24214.3,21024.5,45274.7,106373.2,128652.3,91621.3,148
297.4,149766.0,30154.0,44584.0,29420.0,45608.0,68306.3,56353.9,15619.9,13438.4,0.0,23315.0,0.0,16914.2,24214.3,21025.2,45275.4,106372.5,128652.3,91621.3,148
298.4,149766.0,30154.0,44584.0,29420.0,45608.0,68306.3,56353.9,15619.9,13438.4,0.0,23315.1,0.0,16914.2,24214.3,21022.6,45272.7,106375.1,128652.3,91621.5,148
299.4,149766.0,30154.0,44584.0,29420.0,45608.0,68306.4,56353.9,15619.9,13438.4,0.0,23315.1,0.0,16915.7,24214.0,21021.6,45271.6,106376.1,128652.3,91621.5,148
300.4,149766.0,30154.0,44584.0,29420.0,45608.0,68315.0,56362.5,15628.5,13447.0,0.0,23315.3,0.0,16924.6,24215.0,21035.9,45286.7,106361.8,128652.3,91630.2,148
301.4,149766.0,30154.0,44584.0,29420.0,45608.0,68315.0,56362.5,15628.5,13447.0,0.0,23315.3,0.0,16940.2,24214.9,21050.6,45301.4,106347.0,128652.3,91630.3,148
302.4,149766.0,30154.0,44584.0,29420.0,45608.0,68315.0,56362.5,15628.5,13447.0,0.0,23315.3,0.0,16926.7,24215.2,21034.2,45285.3,106363.5,128652.3,91630.3,148
303.4,149766.0,30154.0,44584.0,29420.0,45608.0,68315.0,56362.5,15628.5,13447.0,0.0,23315.3,0.0,16926.8,24215.1,21036.2,45287.2,106361.5,128652.3,91630.3,148
304.4,149766.0,30154.0,44584.0,29420.0,45608.0,68315.0,56362.5,15628.5,13447.0,0.0,23315.3,0.0,16926.6,24215.1,21039.7,45290.7,106358.0,128652.3,91630.3,148
305.4,149766.0,30154.0,44584.0,29420.0,45608.0,68315.0,56362.5,15628.5,13447.0,0.0,23315.3,0.0,16926.7,24215.1,21038.1,45289.2,106359.6,128652.3,91630.3,148
306.4,149766.0,30154.0,44584.0,29420.0,45608.0,68271.1,56318.7,15584.6,13403.1,0.0,23315.4,0.0,16882.7,24214.9,20992.2,45243.0,106405.5,128652.3,91586.5,148
307.4,149766.0,30154.0,44584.0,29420.0,45608.0,68281.5,56329.0,15595.0,13413.5,0.0,23315.4,0.0,16893.2,24215.3,20999.6,45250.8,106398.1,128652.3,91596.8,148
308.4,149766.0,30154.0,44584.0,29420.0,45608.0,68282.8,56330.3,15596.3,13414.8,0.0,23315.4,0.0,16894.5,24215.3,21001.6,45252.8,106396.1,128652.3,91598.1,148
309.4,149766.0,30154.0,44584.0,29420.0,45608.0,68282.8,56330.3,15596.3,13414.8,0.0,23315.4,0.0,16894.5,24215.3,21003.3,45254.5,106394.4,128652.3,91598.2,148
310.4,149766.0,30154.0,44584.0,29420.0,45608.0,68282.8,56330.3,15596.3,13414.8,0.0,23315.5,0.0,16895.1,24215.4,21001.2,45252.6,106396.4,128652.3,91598.3,148
311.4,149766.0,30154.0,44584.0,29420.0,45608.0,68282.8,56330.3,15596.3,13414.8,0.0,23315.5,0.0,16895.1,24215.1,21002.7,45253.6,106395.0,128652.3,91598.3,148
312.4,149766.0,30154.0,44584.0,29420.0,45608.0,68282.8,56330.4,15596.4,13414.9,0.0,23315.8,0.0,16895.1,24215.3,21003.7,45254.9,106394.0,128652.3,91598.6,148
313.4,149766.0,30154.0,44584.0,29420.0,45608.0,68282.9,56330.4,15596.4,13414.9,0.0,23315.8,0.0,16895.1,24215.3,21005.2,45256.4,106392.4,128652.3,91598.6,148
314.4,149766.0,30154.0,44584.0,29420.0,45608.0,68289.2,56336.7,15602.7,13421.2,0.0,23315.8,0.0,16901.4,24215.1,21008.0,45259.1,106389.7,128652.3,91605.0,148
315.4,149766.0,30154.0,44584.0,29420.0,45608.0,68289.2,56336.7,15602.7,13421.2,0.0,23315.8,0.0,16901.7,24215.0,21008.7,45259.7,106388.9,128652.3,91605.0,148
316.4,149766.0,30154.0,44584.0,29420.0,45608.0,68289.2,56336.7,15602.7,13421.2,0.0,23315.8,0.0,16901.7,24215.1,21005.5,45256.5,106392.2,128652.3,91605.0,148
317.4,149766.0,30154.0,44584.0,29420.0,45608.0,68289.2,56336.7,15602.7,13421.2,0.0,23315.8,0.0,16901.7,24215.1,21005.9,45256.8,106391.8,128652.3,91605.0,148
318.4,149766.0,30154.0,44584.0,29420.0,45608.0,68289.2,56336.7,15602.7,13421.2,0.0,23315.9,0.0,16901.8,24214.9,21007.5,45258.4,106390.1,128652.3,91605.0,148
319.4,149766.0,30154.0,44584.0,29420.0,45608.0,68289.2,56336.8,15602.7,13421.2,0.0,23315.9,0.0,16901.6,24215.1,21008.0,45259.1,106389.6,128652.3,91605.1,148
320.4,149766.0,30154.0,44584.0,29420.0,45608.0,68290.7,56338.3,15604.2,13422.7,0.0,23315.9,0.0,16902.8,24216.3,21010.8,45263.1,106386.9,128652.3,91606.6,148
321.4,149766.0,30154.0,44584.0,29420.0,45608.0,68290.7,56338.3,15604.2,13422.7,0.0,23315.9,0.0,16903.2,24215.7,21019.0,45270.6,106378.7,128652.3,91606.6,148
322.4,149766.0,30154.0,44584.0,29420.0,45608.0,68290.7,56338.3,15604.2,13422.7,0.0,23315.9,0.0,16903.2,24215.4,21016.7,45268.1,106381.0,128652.3,91606.6,148
323.5,149766.0,30154.0,44584.0,29420.0,45608.0,68292.2,56339.7,15605.7,13424.2,0.0,23315.9,0.0,16903.2,24215.4,21020.5,45271.9,106377.1,128652.3,91608.1,148
324.5,149766.0,30154.0,44584.0,29420.0,45608.0,68292.2,56339.7,15605.7,13424.2,0.0,23316.0,0.0,16904.8,24215.1,21021.0,45272.0,106376.7,128652.3,91608.1,148
325.5,149766.0,30154.0,44584.0,29420.0,45608.0,68296.1,56343.6,15609.6,13428.1,0.0,23316.0,0.0,16904.7,24215.0,21019.6,45270.5,106378.1,128652.3,91612.0,148
326.5,149766.0,30154.0,44584.0,29420.0,45608.0,68296.1,56343.6,15609.6,13428.1,0.0,23316.1,0.0,16908.7,24215.6,21025.9,45277.3,106371.8,128652.3,91612.2,148
327.5,149766.0,30154.0,44584.0,29420.0,45608.0,68296.1,56343.7,15609.6,13428.1,0.0,23316.1,0.0,16908.6,24215.7,21024.0,45275.7,106373.6,128652.3,91612.2,148
328.5,149766.0,30154.0,44584.0,29420.0,45608.0,68297.6,56345.1,15611.1,13429.6,0.0,23316.1,0.0,16910.1,24215.3,21020.5,45271.8,106377.1,128652.3,91613.7,148
329.5,149766.0,30154.0,44584.0,29420.0,45608.0,68297.6,56345.1,15611.1,13429.6,0.0,23316.1,0.0,16910.3,24215.6,21023.4,45275.0,106374.2,128652.3,91613.7,148
330.5,149766.0,30154.0,44584.0,29420.0,45608.0,68297.6,56345.1,15611.1,13429.6,0.0,23316.1,0.0,16907.8,24215.8,21022.1,45273.9,106375.5,128652.3,91613.7,148
331.5,149766.0,30154.0,44584.0,29420.0,45608.0,68297.6,56345.1,15611.2,13429.6,0.0,23316.2,0.0,16906.9,24215.9,21022.9,45274.8,106374.7,128652.3,91613.8,148
332.5,149766.0,30154.0,44584.0,29420.0,45608.0,68297.6,56345.1,15611.2,13429.6,0.0,23316.2,0.0,16906.9,24216.0,21022.7,45274.7,106374.9,128652.3,91613.8,148
333.5,149766.0,30154.0,44584.0,29420.0,45608.0,68311.9,56359.5,15625.5,13444.0,0.0,23316.5,0.0,16887.7,24218.8,21008.1,45262.8,106389.6,128652.3,91628.4,148
334.5,149766.0,30154.0,44584.0,29420.0,45608.0,68311.9,56359.5,15625.5,13444.0,0.0,23316.5,0.0,16921.3,24216.6,21040.7,45293.3,106356.9,128652.3,91628.5,148
335.5,149766.0,30154.0,44584.0,29420.0,45608.0,68312.0,56359.5,15625.6,13444.0,0.0,23316.5,0.0,16921.6,24216.5,21039.0,45291.4,106358.6,128652.3,91628.5,148
336.5,149766.0,30154.0,44584.0,29420.0,45608.0,68312.0,56359.5,15625.6,13444.0,0.0,23316.5,0.0,16921.4,24217.1,21035.7,45288.7,106362.0,128652.3,91628.5,148
337.5,149766.0,30154.0,44584.0,29420.0,45608.0,68311.0,56358.6,15624.6,13443.0,0.0,23316.5,0.0,16920.4,24217.2,21038.7,45291.8,106358.9,128652.3,91627.5,148
338.5,149766.0,30154.0,44584.0,29420.0,45608.0,68311.0,56358.6,15624.6,13443.0,0.0,23316.5,0.0,16920.4,24216.4,21034.6,45287.0,106363.0,128652.3,91627.5,148
339.5,149766.0,30154.0,44584.0,29420.0,45608.0,68311.0,56358.6,15624.6,13443.0,0.0,23316.5,0.0,16920.7,24216.4,21032.5,45284.9,106365.2,128652.3,91627.5,148
340.5,149766.0,30154.0,44584.0,29420.0,45608.0,68351.4,56399.0,15665.0,13483.5,0.0,23316.6,0.0,16960.8,24216.6,21070.3,45322.9,106327.4,128652.3,91668.0,148
341.5,149766.0,30154.0,44584.0,29420.0,45608.0,68351.4,56399.0,15665.0,13483.5,0.0,23316.6,0.0,16960.9,24216.9,21065.2,45318.1,106332.4,128652.3,91668.0,148
342.5,149766.0,30154.0,44584.0,29420.0,45608.0,68351.4,56399.0,15665.0,13483.5,0.0,23316.6,0.0,16960.9,24216.1,21069.2,45321.3,106328.4,128652.3,91668.0,148
343.5,149766.0,30154.0,44584.0,29420.0,45608.0,68351.4,56399.0,15665.0,13483.5,0.0,23316.6,0.0,16960.8,24216.1,21068.6,45320.8,106329.0,128652.3,91668.0,148
344.5,149766.0,30154.0,44584.0,29420.0,45608.0,68351.4,56399.0,15665.0,13483.5,0.0,23316.6,0.0,16961.0,24216.1,21068.6,45320.7,106329.0,128652.3,91668.0,148
345.5,149766.0,30154.0,44584.0,29420.0,45608.0,68351.4,56399.0,15665.0,13483.5,0.0,23316.6,0.0,16960.9,24215.7,21068.7,45320.3,106329.0,128652.3,91668.0,148
346.5,149766.0,30154.0,44584.0,29420.0,45608.0,68351.4,56399.0,15665.0,13483.5,0.0,23316.7,0.0,16960.9,24216.4,21067.4,45319.7,106330.3,128652.3,91668.1,148
347.5,149766.0,30154.0,44584.0,29420.0,45608.0,68351.5,56399.1,15665.1,13483.6,0.0,23316.7,0.0,16961.0,24217.5,21065.5,45319.0,106332.1,128652.3,91668.2,148
348.5,149766.0,30154.0,44584.0,29420.0,45608.0,68351.5,56399.1,15665.1,13483.6,0.0,23316.8,0.0,16961.6,24217.2,21066.3,45319.5,106331.3,128652.3,91668.4,148
349.6,149766.0,30154.0,44584.0,29420.0,45608.0,68351.6,56399.1,15665.1,13483.6,0.0,23316.8,0.0,16961.0,24217.2,21062.4,45315.6,106335.2,128652.3,91668.4,148
350.6,149766.0,30154.0,44584.0,29420.0,45608.0,68351.6,56399.1,15665.1,13483.6,0.0,23316.9,0.0,16960.6,24217.2,21071.9,45325.1,106325.7,128652.3,91668.4,148
351.6,149766.0,30154.0,44584.0,29420.0,45608.0,68351.6,56399.1,15665.1,13483.6,0.0,23316.9,0.0,16975.8,24216.9,21094.2,45347.1,106303.4,128652.3,91668.5,148
352.6,149766.0,30154.0,44584.0,29420.0,45608.0,68351.6,56399.1,15665.1,13483.6,0.0,23316.9,0.0,16961.5,24216.9,21079.5,45332.4,106318.1,128652.3,91668.5,148
353.6,149884.0,30272.0,44584.0,29420.0,45608.0,68351.6,56399.1,15665.1,13483.6,0.0,23316.9,0.0,16961.7,24216.8,21072.2,45325.0,106325.4,128652.3,91668.5,148
354.6,149884.0,30272.0,44584.0,29420.0,45608.0,68356.3,56403.8,15669.8,13488.3,0.0,23316.9,0.0,16966.3,24217.6,21077.5,45331.0,106320.1,128652.3,91673.2,148
355.6,149884.0,30272.0,44584.0,29420.0,45608.0,68356.4,56404.0,15669.9,13488.4,0.0,23316.9,0.0,16967.7,24217.0,21082.1,45335.0,106315.5,128652.3,91673.3,148
356.6,149884.0,30272.0,44584.0,29420.0,45608.0,68356.5,56404.0,15670.0,13488.5,0.0,23316.9,0.0,16967.5,24217.6,21082.3,45335.9,106315.3,128652.3,91673.4,148
357.6,149884.0,30272.0,44584.0,29420.0,45608.0,68356.5,56404.0,15670.0,13488.5,0.0,23316.9,0.0,16967.6,24217.4,21080.1,45333.4,106317.5,128652.3,91673.4,148
358.6,149884.0,30272.0,44584.0,29420.0,45608.0,68356.5,56404.0,15670.0,13488.5,0.0,23317.0,0.0,16968.0,24217.0,21079.6,45332.7,106318.0,128652.3,91673.5,148
359.6,149884.0,30272.0,44584.0,29420.0,45608.0,68356.5,56404.1,15670.0,13488.5,0.0,23317.0,0.0,16967.5,24217.2,21078.5,45331.7,106319.0,128652.3,91673.5,148
360.6,149884.0,30272.0,44584.0,29420.0,45608.0,68356.5,56404.1,15670.0,13488.5,0.0,23317.0,0.0,16968.3,24217.4,21080.8,45334.2,106316.8,128652.3,91673.5,148
361.6,149884.0,30272.0,44584.0,29420.0,45608.0,68356.5,56404.1,15670.1,13488.6,0.0,23317.1,0.0,16968.0,24217.0,21080.5,45333.5,106317.1,128652.3,91673.6,148
362.6,149884.0,30272.0,44584.0,29420.0,45608.0,68356.5,56404.1,15670.1,13488.6,0.0,23317.1,0.0,16968.1,24217.3,21081.5,45334.8,106316.1,128652.3,91673.7,148
363.6,149884.0,30272.0,44584.0,29420.0,45608.0,68356.5,56404.1,15670.1,13488.6,0.0,23317.1,0.0,16968.1,24217.2,21087.2,45340.5,106310.3,128652.3,91673.7,148
364.6,149884.0,30272.0,44584.0,29420.0,45608.0,68356.5,56404.1,15670.0,13488.6,0.0,23317.2,0.0,16968.0,24217.1,21084.9,45338.1,106312.7,128652.3,91673.7,148
365.6,149884.0,30272.0,44584.0,29420.0,45608.0,68356.5,56404.1,15670.0,13488.6,0.0,23317.2,0.0,16968.1,24217.4,21086.2,45339.6,106311.4,128652.3,91673.7,148
366.6,149884.0,30272.0,44584.0,29420.0,45608.0,68356.5,56404.1,15670.0,13488.6,0.0,23317.2,0.0,16968.1,24217.4,21084.7,45338.1,106312.8,128652.3,91673.7,148
367.6,149884.0,30272.0,44584.0,29420.0,45608.0,68356.5,56404.1,15670.1,13488.6,0.0,23317.2,0.0,16968.1,24217.0,21085.8,45338.8,106311.8,128652.3,91673.7,148
368.6,149884.0,30272.0,44584.0,29420.0,45608.0,68356.6,56404.1,15670.1,13488.6,0.0,23317.2,0.0,16968.2,24217.3,21088.1,45341.5,106309.5,128652.3,91673.8,148
369.6,149884.0,30272.0,44584.0,29420.0,45608.0,68356.6,56404.2,15670.1,13488.6,0.0,23317.2,0.0,16968.3,24217.3,21091.2,45344.6,106306.3,128652.3,91673.8,148
370.6,149884.0,30272.0,44584.0,29420.0,45608.0,68356.8,56404.3,15670.3,13488.8,0.0,23317.2,0.0,16968.9,24216.5,21089.1,45341.6,106308.5,128652.3,91674.0,148
371.6,149884.0,30272.0,44584.0,29420.0,45608.0,68356.8,56404.3,15670.3,13488.8,0.0,23317.2,0.0,16968.4,24216.5,21094.9,45347.4,106302.7,128652.3,91674.0,148
372.6,149884.0,30272.0,44584.0,29420.0,45608.0,68356.8,56404.3,15670.3,13488.8,0.0,23317.2,0.0,16968.5,24216.5,21093.1,45345.6,106304.5,128652.3,91674.0,148
373.6,149884.0,30272.0,44584.0,29420.0,45608.0,68356.8,56404.3,15670.3,13488.8,0.0,23317.2,0.0,16968.4,24216.5,21092.5,45345.1,106305.0,128652.3,91674.0,148
374.6,149884.0,30272.0,44584.0,29420.0,45608.0,68356.8,56404.4,15670.3,13488.8,0.0,23317.2,0.0,16968.6,24216.4,21092.6,45345.0,106305.0,128652.3,91674.0,148
375.7,149884.0,30272.0,44584.0,29420.0,45608.0,68356.8,56404.4,15670.3,13488.8,0.0,23317.2,0.0,16968.5,24216.4,21090.5,45343.0,106307.1,128652.3,91674.0,148
376.7,149884.0,30272.0,44584.0,29420.0,45608.0,68356.8,56404.4,15670.3,13488.8,0.0,23317.3,0.0,16969.9,24216.5,21095.0,45347.5,106302.6,128652.3,91674.1,148
377.7,149884.0,30272.0,44584.0,29420.0,45608.0,68356.8,56404.4,15670.3,13488.8,0.0,23317.3,0.0,16970.6,24216.5,21095.7,45348.3,106301.8,128652.3,91674.1,148
378.7,149884.0,30272.0,44584.0,29420.0,45608.0,68322.7,56370.2,15636.2,13454.7,0.0,23317.4,0.0,16987.3,24217.7,21117.1,45370.9,106280.4,128652.3,91640.1,148
379.7,149884.0,30272.0,44584.0,29420.0,45608.0,68322.7,56370.2,15636.2,13454.7,0.0,23317.4,0.0,16936.6,24217.4,21057.8,45311.3,106339.7,128652.3,91640.1,148
380.7,149884.0,30272.0,44584.0,29420.0,45608.0,68322.7,56370.2,15636.3,13454.7,0.0,23317.4,0.0,16935.1,24217.4,21056.8,45310.3,106340.8,128652.3,91640.1,148
381.7,149884.0,30272.0,44584.0,29420.0,45608.0,68322.7,56370.3,15636.3,13454.7,0.0,23317.4,0.0,16931.4,24217.4,21057.8,45311.3,106339.8,128652.3,91640.1,148
382.7,149884.0,30272.0,44584.0,29420.0,45608.0,68329.4,56377.0,15643.0,13461.5,0.0,23317.4,0.0,16937.6,24217.4,21061.8,45315.3,106335.7,128652.3,91646.9,148
383.7,149884.0,30272.0,44584.0,29420.0,45608.0,68331.3,56378.9,15644.9,13463.4,0.0,23317.4,0.0,16937.9,24216.9,21060.0,45313.0,106337.5,128652.3,91648.8,148
384.7,149884.0,30272.0,44584.0,29420.0,45608.0,68354.9,56402.5,15668.5,13487.0,0.0,23317.4,0.0,16963.4,24217.7,21083.6,45337.4,106313.9,128652.3,91672.4,148
385.7,149884.0,30272.0,44584.0,29420.0,45608.0,68355.0,56402.5,15668.6,13487.0,0.0,23317.6,0.0,16963.4,24217.8,21085.5,45339.4,106312.1,128652.3,91672.5,148
386.7,149884.0,30272.0,44584.0,29420.0,45608.0,68355.0,56402.5,15668.6,13487.0,0.0,23317.6,0.0,16963.5,24217.0,21086.3,45339.4,106311.2,128652.3,91672.6,148
387.7,149884.0,30272.0,44584.0,29420.0,45608.0,68355.0,56402.5,15668.6,13487.0,0.0,23317.6,0.0,16963.5,24217.0,21084.5,45337.6,106313.0,128652.3,91672.6,148
388.7,149884.0,30272.0,44584.0,29420.0,45608.0,68358.8,56406.4,15672.4,13490.9,0.0,23317.6,0.0,16966.9,24217.0,21095.1,45348.3,106302.4,128652.3,91676.4,148
389.7,149884.0,30272.0,44584.0,29420.0,45608.0,68358.9,56406.5,15672.5,13491.0,0.0,23317.6,0.0,16967.4,24217.0,21086.1,45339.2,106311.4,128652.3,91676.6,148
390.7,149884.0,30272.0,44584.0,29420.0,45608.0,68358.9,56406.5,15672.5,13491.0,0.0,23317.6,0.0,16967.7,24217.0,21087.4,45340.5,106310.1,128652.3,91676.6,148
391.7,149884.0,30272.0,44584.0,29420.0,45608.0,68358.9,56406.5,15672.5,13491.0,0.0,23317.6,0.0,16967.5,24219.2,21088.4,45343.7,106309.1,128652.3,91676.6,148
392.7,149884.0,30272.0,44584.0,29420.0,45608.0,68358.9,56406.5,15672.5,13491.0,0.0,23317.8,0.0,16967.5,24217.2,21085.7,45338.9,106311.8,128652.3,91676.7,148
393.7,149884.0,30272.0,44584.0,29420.0,45608.0,68358.9,56406.5,15672.5,13491.0,0.0,23317.8,0.0,16967.5,24217.3,21089.2,45342.5,106308.3,128652.3,91676.7,148
394.7,149884.0,30272.0,44584.0,29420.0,45608.0,68359.1,56406.7,15672.7,13491.2,0.0,23317.9,0.0,16967.4,24217.5,21088.8,45342.4,106308.7,128652.3,91677.0,148
395.7,149884.0,30272.0,44584.0,29420.0,45608.0,68359.1,56406.7,15672.7,13491.2,0.0,23317.9,0.0,16968.1,24219.0,21086.8,45341.9,106310.7,128652.3,91677.0,148
396.7,149884.0,30272.0,44584.0,29420.0,45608.0,68359.1,56406.7,15672.7,13491.2,0.0,23317.9,0.0,16967.4,24217.9,21087.8,45341.8,106309.7,128652.3,91677.0,148
397.7,149884.0,30272.0,44584.0,29420.0,45608.0,68359.2,56406.7,15672.7,13491.2,0.0,23317.9,0.0,16969.1,24218.5,21091.6,45346.1,106305.9,128652.3,91677.1,148
398.7,149884.0,30272.0,44584.0,29420.0,45608.0,68381.3,56428.8,15694.8,13513.3,0.0,23317.9,0.0,16991.7,24218.8,21095.5,45350.3,106302.0,128652.3,91699.2,148
399.7,149884.0,30272.0,44584.0,29420.0,45608.0,68381.3,56428.8,15694.8,13513.3,0.0,23317.9,0.0,16991.8,24218.7,21096.3,45351.2,106301.2,128652.3,91699.2,148
400.7,149884.0,30272.0,44584.0,29420.0,45608.0,68381.3,56428.8,15694.8,13513.3,0.0,23317.9,0.0,17018.4,24220.0,21124.8,45380.9,106272.7,128652.3,91699.2,148
401.7,149884.0,30272.0,44584.0,29420.0,45608.0,68381.3,56428.8,15694.8,13513.3,0.0,23318.0,0.0,16992.3,24219.2,21112.3,45367.6,106285.2,128652.3,91699.2,148
402.7,149884.0,30272.0,44584.0,29420.0,45608.0,68335.8,56383.4,15649.4,13467.9,0.0,23318.0,0.0,16947.4,24218.7,21064.4,45319.2,106333.1,128652.3,91653.8,148
403.7,149884.0,30272.0,44584.0,29420.0,45608.0,68335.8,56383.4,15649.4,13467.9,0.0,23318.0,0.0,16947.4,24218.7,21063.8,45318.6,106333.7,128652.3,91653.8,148
404.7,149884.0,30272.0,44584.0,29420.0,45608.0,68335.8,56383.4,15649.4,13467.9,0.0,23318.0,0.0,16947.5,24218.5,21063.8,45318.4,106333.7,128652.3,91653.8,148
405.7,149884.0,30272.0,44584.0,29420.0,45608.0,68335.8,56383.4,15649.4,13467.9,0.0,23318.0,0.0,16947.7,24218.9,21064.0,45319.0,106333.4,128652.3,91653.8,148
406.7,149884.0,30272.0,44584.0,29420.0,45608.0,68335.8,56383.4,15649.4,13467.9,0.0,23318.1,0.0,16947.4,24219.5,21064.1,45319.7,106333.4,128652.3,91653.9,148
407.7,149884.0,30272.0,44584.0,29420.0,45608.0,68335.8,56383.4,15649.4,13467.9,0.0,23318.1,0.0,16947.4,24219.5,21066.7,45322.3,106330.8,128652.3,91653.9,148
408.7,149884.0,30272.0,44584.0,29420.0,45608.0,68364.4,56411.9,15677.9,13496.4,0.0,23318.2,0.0,16976.1,24219.5,21090.2,45345.8,106307.3,128652.3,91682.6,148
409.7,149884.0,30272.0,44584.0,29420.0,45608.0,68364.4,56411.9,15677.9,13496.4,0.0,23318.4,0.0,16976.0,24219.2,21096.1,45351.5,106301.4,128652.3,91682.8,148
410.7,149884.0,30272.0,44584.0,29420.0,45608.0,68364.5,56412.0,15678.0,13496.5,0.0,23318.4,0.0,16976.2,24219.3,21093.3,45348.7,106304.2,128652.3,91682.9,148
411.7,149884.0,30272.0,44584.0,29420.0,45608.0,68364.5,56412.0,15678.0,13496.5,0.0,23318.4,0.0,16976.2,24219.7,21091.3,45347.1,106306.2,128652.3,91682.9,148
412.7,149884.0,30272.0,44584.0,29420.0,45608.0,68376.6,56424.2,15690.2,13508.7,0.0,23318.4,0.0,16988.3,24219.6,21102.5,45358.2,106295.0,128652.3,91695.0,148
413.7,149884.0,30272.0,44584.0,29420.0,45608.0,68376.6,56424.2,15690.2,13508.7,0.0,23318.6,0.0,16988.8,24219.3,21102.4,45357.8,106295.1,128652.3,91695.2,148
414.7,149884.0,30272.0,44584.0,29420.0,45608.0,68376.6,56424.2,15690.2,13508.7,0.0,23318.6,0.0,16988.4,24219.6,21103.1,45358.8,106294.4,128652.3,91695.2,148
415.7,149884.0,30272.0,44584.0,29420.0,45608.0,68376.6,56424.2,15690.2,13508.7,0.0,23318.6,0.0,16988.6,24219.2,21104.8,45360.1,106292.7,128652.3,91695.2,148
416.7,149884.0,30272.0,44584.0,29420.0,45608.0,68376.6,56424.2,15690.2,13508.7,0.0,23318.6,0.0,16988.6,24219.5,21105.4,45361.0,106292.1,128652.3,91695.2,148
417.7,149884.0,30272.0,44584.0,29420.0,45608.0,68376.7,56424.2,15690.2,13508.7,0.0,23318.6,0.0,16988.6,24219.5,21105.2,45360.9,106292.2,128652.3,91695.2,148
418.7,149884.0,30272.0,44584.0,29420.0,45608.0,68376.7,56424.2,15690.2,13508.7,0.0,23318.6,0.0,16988.6,24219.5,21105.7,45361.4,106291.8,128652.3,91695.2,148
419.7,149884.0,30272.0,44584.0,29420.0,45608.0,68384.6,56432.1,15698.1,13516.6,0.0,23318.6,0.0,16996.5,24219.6,21111.2,45367.0,106286.2,128652.3,91703.2,148
420.7,149884.0,30272.0,44584.0,29420.0,45608.0,68384.6,56432.2,15698.2,13516.7,0.0,23318.7,0.0,16997.4,24219.4,21153.2,45408.7,106244.2,128652.3,91703.3,148
421.7,149884.0,30272.0,44584.0,29420.0,45608.0,68384.6,56432.2,15698.2,13516.7,0.0,23318.7,0.0,16996.6,24219.4,21106.7,45362.2,106290.8,128652.3,91703.3,148
422.7,149884.0,30272.0,44584.0,29420.0,45608.0,68384.6,56432.2,15698.2,13516.7,0.0,23318.7,0.0,16996.6,24220.2,21100.4,45356.8,106297.0,128652.3,91703.4,148
423.7,149884.0,30272.0,44584.0,29420.0,45608.0,68386.7,56434.2,15700.2,13518.7,0.0,23318.7,0.0,16998.8,24220.5,21104.9,45361.5,106292.5,128652.3,91705.4,148
424.7,149884.0,30272.0,44584.0,29420.0,45608.0,68386.7,56434.2,15700.2,13518.7,0.0,23318.8,0.0,16998.6,24219.5,21107.3,45363.0,106290.1,128652.3,91705.4,148
425.7,149884.0,30272.0,44584.0,29420.0,45608.0,68387.1,56434.6,15700.6,13519.1,0.0,23318.8,0.0,16999.0,24220.2,21108.1,45364.4,106289.3,128652.3,91705.9,148
426.7,149884.0,30272.0,44584.0,29420.0,45608.0,68391.1,56438.7,15704.7,13523.2,0.0,23318.8,0.0,17003.4,24220.4,21144.7,45401.3,106252.7,128652.3,91709.9,148
427.7,149884.0,30272.0,44584.0,29420.0,45608.0,68391.1,56438.7,15704.7,13523.2,0.0,23318.8,0.0,17003.2,24219.5,21109.7,45365.4,106287.7,128652.3,91710.0,148
428.7,149886.0,30272.0,44584.0,29422.0,45608.0,68391.1,56438.7,15704.7,13523.2,0.0,23318.8,0.0,17003.2,24219.5,21111.3,45367.0,106286.1,128652.3,91710.0,148
429.7,149886.0,30272.0,44584.0,29422.0,45608.0,68391.1,56438.7,15704.7,13523.2,0.0,23318.8,0.0,17003.2,24219.4,21108.0,45363.6,106289.5,128652.3,91710.0,148
430.7,149886.0,30272.0,44584.0,29422.0,45608.0,68391.1,56438.7,15704.7,13523.2,0.0,23318.8,0.0,17003.5,24219.5,21108.7,45364.4,106288.7,128652.3,91710.0,148
431.7,149886.0,30272.0,44584.0,29422.0,45608.0,68391.1,56438.7,15704.7,13523.2,0.0,23318.8,0.0,17000.0,24219.5,21108.8,45364.4,106288.7,128652.3,91710.0,148
432.7,149886.0,30272.0,44584.0,29422.0,45608.0,68391.1,56438.7,15704.7,13523.2,0.0,23318.8,0.0,17000.0,24219.5,21108.9,45364.5,106288.6,128652.3,91710.0,148
433.7,149886.0,30272.0,44584.0,29422.0,45608.0,68344.2,56391.7,15657.8,13476.2,0.0,23318.9,0.0,16953.1,24220.0,21051.3,45307.5,106346.1,128652.3,91663.0,148
434.7,149886.0,30272.0,44584.0,29422.0,45608.0,68354.3,56401.8,15667.8,13486.3,0.0,23318.9,0.0,16963.2,24220.4,21068.2,45324.7,106329.2,128652.3,91673.1,148
435.7,149886.0,30272.0,44584.0,29422.0,45608.0,68354.9,56402.4,15668.5,13486.9,0.0,23318.9,0.0,16964.3,24220.0,21070.3,45326.6,106327.1,128652.3,91673.7,148
436.7,149886.0,30272.0,44584.0,29422.0,45608.0,68354.9,56402.4,15668.5,13486.9,0.0,23318.9,0.0,16963.8,24219.6,21070.9,45326.7,106326.5,128652.3,91673.8,148
437.7,149886.0,30272.0,44584.0,29422.0,45608.0,68356.9,56404.4,15670.4,13488.9,0.0,23318.9,0.0,16963.8,24219.6,21071.5,45327.3,106325.9,128652.3,91675.8,148
438.7,149886.0,30272.0,44584.0,29422.0,45608.0,68399.7,56447.3,15713.3,13531.8,0.0,23318.9,0.0,17008.7,24219.9,21114.7,45370.9,106282.7,128652.3,91718.6,148
439.7,149886.0,30272.0,44584.0,29422.0,45608.0,68346.4,56394.0,15660.0,13478.5,0.0,23319.0,0.0,16971.3,24220.7,21120.7,45377.6,106277.2,128652.3,91665.5,148
440.8,149886.0,30272.0,44584.0,29422.0,45608.0,68346.4,56394.0,15660.0,13478.5,0.0,23319.0,0.0,16956.2,24220.0,21063.6,45319.8,106333.9,128652.3,91665.5,148
441.8,149886.0,30272.0,44584.0,29422.0,45608.0,68346.4,56394.0,15660.0,13478.5,0.0,23319.1,0.0,16955.9,24220.0,21064.5,45320.7,106332.9,128652.3,91665.5,148
442.8,149886.0,30272.0,44584.0,29422.0,45608.0,68346.4,56394.0,15660.0,13478.5,0.0,23319.1,0.0,16955.9,24219.3,21065.6,45321.1,106331.8,128652.3,91665.5,148
443.8,149886.0,30272.0,44584.0,29422.0,45608.0,68346.4,56394.0,15660.0,13478.5,0.0,23319.1,0.0,16955.4,24219.3,21060.6,45316.1,106336.8,128652.3,91665.5,148
444.8,149886.0,30272.0,44584.0,29422.0,45608.0,68346.4,56394.0,15660.0,13478.5,0.0,23319.1,0.0,16955.5,24219.3,21056.3,45311.8,106341.1,128652.3,91665.5,148
445.8,149886.0,30272.0,44584.0,29422.0,45608.0,68346.5,56394.0,15660.0,13478.5,0.0,23319.1,0.0,16955.5,24219.4,21060.2,45315.8,106337.2,128652.3,91665.5,148
446.8,149886.0,30272.0,44584.0,29422.0,45608.0,68346.5,56394.0,15660.1,13478.5,0.0,23319.1,0.0,16955.5,24219.4,21062.6,45318.1,106334.8,128652.3,91665.5,148
447.8,149886.0,30272.0,44584.0,29422.0,45608.0,68352.9,56400.4,15666.5,13484.9,0.0,23319.1,0.0,16961.9,24219.6,21065.3,45321.0,106332.1,128652.3,91671.9,148
448.8,149886.0,30272.0,44584.0,29422.0,45608.0,68366.3,56413.9,15679.9,13498.4,0.0,23319.1,0.0,16975.4,24219.3,21073.6,45329.0,106323.8,128652.3,91685.4,148
449.8,149886.0,30272.0,44584.0,29422.0,45608.0,68366.3,56413.9,15679.9,13498.4,0.0,23319.1,0.0,16975.4,24219.2,21074.3,45329.7,106323.1,128652.3,91685.4,148
450.8,149886.0,30272.0,44584.0,29422.0,45608.0,68366.3,56413.9,15679.9,13498.4,0.0,23319.1,0.0,16976.1,24220.7,21082.2,45339.1,106315.2,128652.3,91685.4,148
451.8,149886.0,30272.0,44584.0,29422.0,45608.0,68373.2,56420.8,15686.8,13505.3,0.0,23319.2,0.0,16984.1,24219.8,21090.0,45345.9,106307.5,128652.3,91692.4,148
452.8,149886.0,30272.0,44584.0,29422.0,45608.0,68373.2,56420.8,15686.8,13505.3,0.0,23319.3,0.0,16999.8,24219.8,21103.3,45359.2,106294.1,128652.3,91692.6,148
453.8,149886.0,30272.0,44584.0,29422.0,45608.0,68396.8,56444.3,15710.3,13528.8,0.0,23319.3,0.0,16987.1,24222.0,21136.0,45394.2,106261.4,128652.3,91716.1,148
454.8,149886.0,30272.0,44584.0,29422.0,45608.0,68396.8,56444.3,15710.3,13528.8,0.0,23319.3,0.0,17009.2,24220.3,21121.6,45378.1,106275.8,128652.3,91716.1,148
455.8,149886.0,30272.0,44584.0,29422.0,45608.0,68396.8,56444.3,15710.3,13528.8,0.0,23319.4,0.0,17009.4,24220.2,21115.1,45371.5,106282.3,128652.3,91716.1,148
456.8,149886.0,30272.0,44584.0,29422.0,45608.0,68396.8,56444.4,15710.3,13528.8,0.0,23319.4,0.0,17009.2,24220.3,21116.8,45373.3,106280.6,128652.3,91716.2,148
457.8,149886.0,30272.0,44584.0,29422.0,45608.0,68396.8,56444.4,15710.3,13528.8,0.0,23319.4,0.0,17009.2,24220.3,21114.8,45371.4,106282.6,128652.3,91716.2,148
458.8,149886.0,30272.0,44584.0,29422.0,45608.0,68396.8,56444.4,15710.4,13528.9,0.0,23319.4,0.0,17009.7,24220.5,21113.6,45370.3,106283.8,128652.3,91716.2,148
459.8,149886.0,30272.0,44584.0,29422.0,45608.0,68396.8,56444.4,15710.4,13528.9,0.0,23319.4,0.0,17009.1,24220.5,21112.0,45368.7,106285.4,128652.3,91716.2,148
460.8,149886.0,30272.0,44584.0,29422.0,45608.0,68396.8,56444.4,15710.4,13528.9,0.0,23319.4,0.0,17009.5,24220.7,21114.6,45371.5,106282.8,128652.3,91716.2,148
461.8,149886.0,30272.0,44584.0,29422.0,45608.0,68396.9,56444.4,15710.4,13528.9,0.0,23319.4,0.0,17010.0,24221.3,21118.8,45376.3,106278.6,128652.3,91716.2,148
462.8,149886.0,30272.0,44584.0,29422.0,45608.0,68399.4,56447.0,15713.0,13531.5,0.0,23319.4,0.0,17012.0,24220.5,21121.0,45377.7,106276.4,128652.3,91718.8,148
463.8,149886.0,30272.0,44584.0,29422.0,45608.0,68399.4,56447.0,15713.0,13531.5,0.0,23319.4,0.0,17012.0,24220.4,21121.0,45377.7,106276.3,128652.3,91718.8,148
464.8,149886.0,30272.0,44584.0,29422.0,45608.0,68399.5,56447.1,15713.1,13531.6,0.0,23319.4,0.0,17012.3,24220.8,21114.9,45372.0,106282.4,128652.3,91718.9,148
465.8,149886.0,30272.0,44584.0,29422.0,45608.0,68399.6,56447.1,15713.1,13531.6,0.0,23319.4,0.0,17013.8,24220.8,21116.3,45373.4,106281.0,128652.3,91719.0,148
466.8,149886.0,30272.0,44584.0,29422.0,45608.0,68399.6,56447.1,15713.1,13531.6,0.0,23319.4,0.0,17014.5,24220.9,21119.3,45376.3,106278.1,128652.3,91719.0,148
467.8,149886.0,30272.0,44584.0,29422.0,45608.0,68399.6,56447.1,15713.1,13531.6,0.0,23319.4,0.0,17012.3,24220.9,21114.3,45371.4,106283.1,128652.3,91719.0,148
468.8,149886.0,30272.0,44584.0,29422.0,45608.0,68399.6,56447.2,15713.1,13531.6,0.0,23319.4,0.0,17012.4,24220.3,21115.6,45372.1,106281.7,128652.3,91719.0,148
469.8,149886.0,30272.0,44584.0,29422.0,45608.0,68399.7,56447.3,15713.2,13531.7,0.0,23319.7,0.0,17012.5,24221.0,21120.2,45377.4,106277.2,128652.3,91719.4,148
470.8,149886.0,30272.0,44584.0,29422.0,45608.0,68399.8,56447.3,15713.3,13531.8,0.0,23319.8,0.0,17012.7,24220.8,21119.8,45376.7,106277.6,128652.3,91719.5,148
471.8,149886.0,30272.0,44584.0,29422.0,45608.0,68399.8,56447.3,15713.3,13531.8,0.0,23319.8,0.0,17013.2,24220.8,21120.0,45377.0,106277.4,128652.3,91719.5,148
472.8,149886.0,30272.0,44584.0,29422.0,45608.0,68399.8,56447.3,15713.3,13531.8,0.0,23319.8,0.0,17012.8,24220.8,21120.4,45377.4,106277.0,128652.3,91719.6,148
473.8,149886.0,30272.0,44584.0,29422.0,45608.0,68399.8,56447.3,15713.3,13531.8,0.0,23319.8,0.0,17012.9,24220.7,21117.6,45374.5,106279.8,128652.3,91719.6,148
474.8,149886.0,30272.0,44584.0,29422.0,45608.0,68399.8,56447.4,15713.4,13531.9,0.0,23319.9,0.0,17013.0,24220.4,21114.0,45370.6,106283.4,128652.3,91719.7,148
475.9,149886.0,30272.0,44584.0,29422.0,45608.0,68400.1,56447.6,15713.6,13532.1,0.0,23319.9,0.0,17013.8,24221.8,21122.0,45380.0,106275.4,128652.3,91719.9,148
476.9,149886.0,30272.0,44584.0,29422.0,45608.0,68400.2,56447.7,15713.7,13532.2,0.0,23319.9,0.0,17013.6,24220.3,21118.7,45375.3,106278.7,128652.3,91720.1,148
477.9,149886.0,30272.0,44584.0,29422.0,45608.0,68400.2,56447.7,15713.7,13532.2,0.0,23320.0,0.0,17013.6,24221.0,21121.0,45378.2,106276.4,128652.3,91720.2,148
478.9,149886.0,30272.0,44584.0,29422.0,45608.0,68400.2,56447.7,15713.7,13532.2,0.0,23320.0,0.0,17013.6,24220.8,21126.7,45383.7,106270.7,128652.3,91720.2,148
479.9,149886.0,30272.0,44584.0,29422.0,45608.0,68400.2,56447.7,15713.7,13532.2,0.0,23320.0,0.0,17013.8,24220.5,21124.2,45380.9,106273.2,128652.3,91720.2,148
480.9,149886.0,30272.0,44584.0,29422.0,45608.0,68400.2,56447.7,15713.7,13532.2,0.0,23320.0,0.0,17013.8,24220.5,21126.3,45383.0,106271.1,128652.3,91720.2,148
481.9,149886.0,30272.0,44584.0,29422.0,45608.0,68400.2,56447.7,15713.8,13532.2,0.0,23320.1,0.0,17013.9,24220.9,21123.8,45380.9,106273.6,128652.3,91720.2,148
482.9,149886.0,30272.0,44584.0,29422.0,45608.0,68400.2,56447.7,15713.8,13532.2,0.0,23320.1,0.0,17010.6,24220.9,21120.5,45377.7,106276.8,128652.3,91720.2,148
483.9,149886.0,30272.0,44584.0,29422.0,45608.0,68400.2,56447.7,15713.8,13532.2,0.0,23320.1,0.0,17010.6,24220.9,21121.2,45378.4,106276.2,128652.3,91720.2,148
484.9,149886.0,30272.0,44584.0,29422.0,45608.0,68429.9,56477.4,15743.5,13561.9,0.0,23320.1,0.0,17040.5,24222.1,21150.7,45409.1,106246.6,128652.3,91750.0,148
485.9,149886.0,30272.0,44584.0,29422.0,45608.0,68429.9,56477.5,15743.5,13561.9,0.0,23320.1,0.0,17040.8,24222.3,21159.7,45418.2,106237.7,128652.3,91750.0,148
486.9,149886.0,30272.0,44584.0,29422.0,45608.0,68381.2,56428.8,15694.8,13513.3,0.0,23320.1,0.0,16992.3,24222.5,21105.3,45364.1,106292.0,128652.3,91701.3,148
487.9,149886.0,30272.0,44584.0,29422.0,45608.0,68381.2,56428.8,15694.8,13513.3,0.0,23320.1,0.0,16992.4,24222.5,21106.7,45365.5,106290.6,128652.3,91701.4,148
488.9,149886.0,30272.0,44584.0,29422.0,45608.0,68381.2,56428.8,15694.8,13513.3,0.0,23320.1,0.0,16991.9,24222.1,21105.6,45364.0,106291.7,128652.3,91701.4,148
490.0,149886.0,30272.0,44584.0,29422.0,45608.0,68402.8,56450.4,15716.4,13534.9,0.0,23320.1,0.0,17012.9,24222.9,21132.6,45391.7,106264.8,128652.3,91722.9,148
491.0,149886.0,30272.0,44584.0,29422.0,45608.0,68403.3,56450.9,15716.9,13535.4,0.0,23320.1,0.0,17013.4,24221.5,21127.5,45385.2,106269.9,128652.3,91723.5,148
492.0,149886.0,30272.0,44584.0,29422.0,45608.0,68404.3,56451.8,15717.9,13536.3,0.0,23320.1,0.0,17014.3,24221.8,21129.8,45387.9,106267.6,128652.3,91724.4,148
493.0,149886.0,30272.0,44584.0,29422.0,45608.0,68404.3,56451.9,15717.9,13536.3,0.0,23320.1,0.0,17014.4,24221.8,21130.0,45388.0,106267.3,128652.3,91724.4,148
494.1,149886.0,30272.0,44584.0,29422.0,45608.0,68414.3,56461.8,15727.9,13546.3,0.0,23320.3,0.0,17024.4,24220.8,21143.4,45400.5,106254.0,128652.3,91734.6,148
495.1,149886.0,30272.0,44584.0,29422.0,45608.0,68414.3,56461.8,15727.9,13546.3,0.0,23320.3,0.0,17024.5,24220.8,21146.7,45403.8,106250.6,128652.3,91734.6,148
496.1,149886.0,30272.0,44584.0,29422.0,45608.0,68414.3,56461.8,15727.9,13546.3,0.0,23320.3,0.0,17024.4,24220.8,21145.9,45402.9,106251.4,128652.3,91734.6,148
497.1,149886.0,30272.0,44584.0,29422.0,45608.0,68414.3,56461.8,15727.9,13546.3,0.0,23320.3,0.0,17024.4,24220.8,21146.5,45403.6,106250.8,128652.3,91734.6,148
498.1,149886.0,30272.0,44584.0,29422.0,45608.0,68422.6,56470.2,15736.2,13554.7,0.0,23320.3,0.0,17024.4,24220.8,21146.6,45403.6,106250.8,128652.3,91742.9,148
499.2,149886.0,30272.0,44584.0,29422.0,45608.0,68428.4,56476.0,15742.0,13560.5,0.0,23320.3,0.0,17038.3,24223.2,21168.0,45427.6,106229.3,128652.3,91748.7,148
500.2,149886.0,30272.0,44584.0,29422.0,45608.0,68428.5,56476.1,15742.1,13560.5,0.0,23320.4,0.0,17038.8,24222.5,21163.9,45422.7,106233.4,128652.3,91748.9,148
501.2,149886.0,30272.0,44584.0,29422.0,45608.0,68428.5,56476.1,15742.1,13560.6,0.0,23320.4,0.0,17038.9,24222.6,21162.1,45420.9,106235.2,128652.3,91749.0,148
502.2,149886.0,30272.0,44584.0,29422.0,45608.0,68428.5,56476.1,15742.1,13560.6,0.0,23320.4,0.0,17041.5,24222.3,21168.4,45426.9,106229.0,128652.3,91749.0,148
503.2,149886.0,30272.0,44584.0,29422.0,45608.0,68428.5,56476.1,15742.1,13560.6,0.0,23320.6,0.0,17054.0,24222.4,21183.6,45442.4,106213.7,128652.3,91749.1,148
504.2,149886.0,30272.0,44584.0,29422.0,45608.0,68379.8,56427.4,15693.3,13511.8,0.0,23320.6,0.0,17042.1,24223.3,21168.9,45428.5,106228.5,128652.3,91700.4,148
505.2,149886.0,30272.0,44584.0,29422.0,45608.0,68379.8,56427.4,15693.3,13511.8,0.0,23320.6,0.0,16993.6,24222.9,21113.2,45372.3,106284.1,128652.3,91700.4,148
506.2,149886.0,30272.0,44584.0,29422.0,45608.0,68380.9,56428.5,15694.4,13512.9,0.0,23320.7,0.0,16993.6,24223.0,21112.1,45371.4,106285.2,128652.3,91701.6,148
507.2,149886.0,30272.0,44584.0,29422.0,45608.0,68419.0,56466.6,15732.5,13551.0,0.0,23320.7,0.0,16996.4,24222.8,21111.8,45370.8,106285.5,128652.3,91739.7,148
508.2,149886.0,30272.0,44584.0,29422.0,45608.0,68419.0,56466.6,15732.5,13551.0,0.0,23320.8,0.0,17033.1,24222.7,21143.6,45402.6,106253.7,128652.3,91739.8,148
509.2,149886.0,30272.0,44584.0,29422.0,45608.0,68419.0,56466.6,15732.5,13551.0,0.0,23320.8,0.0,17033.1,24222.0,21142.3,45400.6,106255.0,128652.3,91739.8,148
510.2,149886.0,30272.0,44584.0,29422.0,45608.0,68419.0,56466.6,15732.5,13551.0,0.0,23320.8,0.0,17033.1,24222.0,21142.7,45401.0,106254.6,128652.3,91739.8,148
511.2,149886.0,30272.0,44584.0,29422.0,45608.0,68419.0,56466.6,15732.5,13551.0,0.0,23320.8,0.0,17033.1,24222.0,21144.6,45402.9,106252.7,128652.3,91739.8,148
512.2,149886.0,30272.0,44584.0,29422.0,45608.0,68419.0,56466.6,15732.6,13551.1,0.0,23320.8,0.0,17033.1,24222.0,21149.0,45407.3,106248.3,128652.3,91739.8,148
513.2,149886.0,30272.0,44584.0,29422.0,45608.0,68419.0,56466.6,15732.6,13551.1,0.0,23320.8,0.0,17033.1,24222.0,21151.9,45410.3,106245.4,128652.3,91739.8,148
514.2,149886.0,30272.0,44584.0,29422.0,45608.0,68419.0,56466.6,15732.6,13551.1,0.0,23320.8,0.0,17033.1,24222.0,21148.5,45406.9,106248.8,128652.3,91739.8,148
515.2,149886.0,30272.0,44584.0,29422.0,45608.0,68419.0,56466.6,15732.6,13551.1,0.0,23320.8,0.0,17033.1,24222.0,21146.7,45405.1,106250.6,128652.3,91739.8,148
516.2,149886.0,30272.0,44584.0,29422.0,45608.0,68419.0,56466.6,15732.6,13551.1,0.0,23320.8,0.0,17033.3,24222.0,21149.7,45408.0,106247.6,128652.3,91739.8,148
517.3,149886.0,30272.0,44584.0,29422.0,45608.0,68421.2,56468.8,15734.8,13553.2,0.0,23320.8,0.0,17035.1,24222.5,21155.2,45414.0,106242.1,128652.3,91742.0,148
518.3,149886.0,30272.0,44584.0,29422.0,45608.0,68421.3,56468.8,15734.8,13553.3,0.0,23320.8,0.0,17035.4,24222.6,21151.7,45410.6,106245.6,128652.3,91742.1,148
519.3,149886.0,30272.0,44584.0,29422.0,45608.0,68421.3,56468.9,15734.9,13553.4,0.0,23320.9,0.0,17035.5,24223.0,21154.7,45414.0,106242.6,128652.3,91742.2,148
520.3,149886.0,30272.0,44584.0,29422.0,45608.0,68421.3,56468.9,15734.9,13553.4,0.0,23320.9,0.0,17035.5,24222.9,21155.9,45415.1,106241.4,128652.3,91742.2,148
521.3,149886.0,30272.0,44584.0,29422.0,45608.0,68421.3,56468.9,15734.9,13553.4,0.0,23320.9,0.0,17035.5,24222.7,21154.4,45413.4,106242.9,128652.3,91742.2,148
522.3,149886.0,30272.0,44584.0,29422.0,45608.0,68421.3,56468.9,15734.9,13553.4,0.0,23320.9,0.0,17035.5,24222.6,21150.4,45409.3,106246.9,128652.3,91742.2,148
523.3,149886.0,30272.0,44584.0,29422.0,45608.0,68421.3,56468.9,15734.9,13553.4,0.0,23320.9,0.0,17035.5,24222.7,21150.2,45409.2,106247.1,128652.3,91742.2,148
524.3,149886.0,30272.0,44584.0,29422.0,45608.0,68421.3,56468.9,15734.9,13553.4,0.0,23320.9,0.0,17035.5,24222.7,21151.7,45410.7,106245.6,128652.3,91742.2,148
525.3,149886.0,30272.0,44584.0,29422.0,45608.0,68421.3,56468.9,15734.9,13553.4,0.0,23320.9,0.0,17035.6,24222.8,21148.8,45408.0,106248.5,128652.3,91742.2,148
526.3,149886.0,30272.0,44584.0,29422.0,45608.0,68421.3,56468.9,15734.9,13553.4,0.0,23320.9,0.0,17036.0,24223.1,21148.8,45408.2,106248.5,128652.3,91742.2,148
527.3,149886.0,30272.0,44584.0,29422.0,45608.0,68421.3,56468.9,15734.9,13553.4,0.0,23320.9,0.0,17035.5,24223.1,21150.4,45409.7,106246.9,128652.3,91742.2,148
528.3,149886.0,30272.0,44584.0,29422.0,45608.0,68421.3,56468.9,15734.9,13553.4,0.0,23321.0,0.0,17036.0,24222.5,21144.6,45403.4,106252.7,128652.3,91742.4,148
529.3,149886.0,30272.0,44584.0,29422.0,45608.0,68421.3,56468.9,15734.9,13553.4,0.0,23321.0,0.0,17035.6,24222.8,21155.0,45414.2,106242.2,128652.3,91742.4,148
530.3,149886.0,30272.0,44584.0,29422.0,45608.0,68421.3,56468.9,15734.9,13553.4,0.0,23321.0,0.0,17035.7,24223.3,21142.9,45402.6,106254.3,128652.3,91742.4,148
531.3,149886.0,30272.0,44584.0,29422.0,45608.0,68421.4,56469.0,15735.0,13553.5,0.0,23321.0,0.0,17035.8,24223.4,21148.1,45407.9,106249.2,128652.3,91742.4,148
532.3,149886.0,30272.0,44584.0,29422.0,45608.0,68421.4,56469.0,15735.0,13553.5,0.0,23321.0,0.0,17035.8,24222.9,21151.0,45410.3,106246.2,128652.3,91742.5,148
533.3,149886.0,30272.0,44584.0,29422.0,45608.0,68421.4,56469.0,15735.0,13553.5,0.0,23321.0,0.0,17032.6,24222.9,21146.3,45405.6,106250.9,128652.3,91742.5,148
534.3,149886.0,30272.0,44584.0,29422.0,45608.0,68421.4,56469.0,15735.0,13553.5,0.0,23321.0,0.0,17032.6,24222.9,21145.8,45405.1,106251.4,128652.3,91742.5,148
535.3,149886.0,30272.0,44584.0,29422.0,45608.0,68421.4,56469.0,15735.0,13553.5,0.0,23321.0,0.0,17032.7,24222.7,21150.2,45409.2,106247.1,128652.3,91742.5,148
536.3,149886.0,30272.0,44584.0,29422.0,45608.0,68421.5,56469.0,15735.0,13553.5,0.0,23321.1,0.0,17032.9,24222.9,21146.0,45405.2,106251.3,128652.3,91742.5,148
537.3,149886.0,30272.0,44584.0,29422.0,45608.0,68421.5,56469.0,15735.0,13553.5,0.0,23321.1,0.0,17032.9,24222.6,21144.6,45403.5,106252.7,128652.3,91742.5,148
538.3,149886.0,30272.0,44584.0,29422.0,45608.0,68421.5,56469.0,15735.1,13553.5,0.0,23321.1,0.0,17033.0,24222.8,21144.3,45403.5,106253.0,128652.3,91742.5,148
539.3,149886.0,30272.0,44584.0,29422.0,45608.0,68421.5,56469.0,15735.1,13553.5,0.0,23321.1,0.0,17033.0,24222.1,21145.8,45404.3,106251.4,128652.3,91742.5,148
540.3,149886.0,30272.0,44584.0,29422.0,45608.0,68421.5,56469.0,15735.1,13553.5,0.0,23321.1,0.0,17033.0,24222.7,21148.5,45407.6,106248.7,128652.3,91742.5,148
541.3,149886.0,30272.0,44584.0,29422.0,45608.0,68421.5,56469.0,15735.1,13553.5,0.0,23321.1,0.0,17033.1,24222.7,21149.9,45408.9,106247.4,128652.3,91742.5,148
542.3,149886.0,30272.0,44584.0,29422.0,45608.0,68421.5,56469.0,15735.1,13553.5,0.0,23321.2,0.0,17033.0,24222.9,21149.2,45408.5,106248.0,128652.3,91742.7,148
543.3,149886.0,30272.0,44584.0,29422.0,45608.0,68421.5,56469.0,15735.1,13553.5,0.0,23321.2,0.0,17033.0,24223.0,21144.3,45403.6,106253.0,128652.3,91742.7,148
544.3,149886.0,30272.0,44584.0,29422.0,45608.0,68421.5,56469.1,15735.1,13553.5,0.0,23321.2,0.0,17033.1,24222.4,21149.2,45408.0,106248.1,128652.3,91742.7,148
545.3,149886.0,30272.0,44584.0,29422.0,45608.0,68421.5,56469.1,15735.1,13553.6,0.0,23321.2,0.0,17033.2,24223.9,21149.9,45410.1,106247.3,128652.3,91742.8,148
546.3,149886.0,30272.0,44584.0,29422.0,45608.0,68421.6,56469.1,15735.2,13553.6,0.0,23321.4,0.0,17033.2,24223.9,21183.5,45443.7,106213.8,128652.3,91743.0,148
547.3,149886.0,30272.0,44584.0,29422.0,45608.0,68421.6,56469.2,15735.2,13553.6,0.0,23321.4,0.0,17033.2,24223.3,21153.4,45413.1,106243.8,128652.3,91743.0,148
548.3,149886.0,30272.0,44584.0,29422.0,45608.0,68421.6,56469.2,15735.2,13553.6,0.0,23321.4,0.0,17033.3,24223.0,21139.9,45399.3,106257.3,128652.3,91743.0,148
549.3,149886.0,30272.0,44584.0,29422.0,45608.0,68421.6,56469.2,15735.2,13553.6,0.0,23321.4,0.0,17033.4,24223.6,21144.1,45404.0,106253.1,128652.3,91743.0,148
550.3,149886.0,30272.0,44584.0,29422.0,45608.0,68425.1,56472.7,15738.7,13557.1,0.0,23321.4,0.0,17033.4,24223.7,21149.0,45409.1,106248.2,128652.3,91746.5,148
551.3,149886.0,30272.0,44584.0,29422.0,45608.0,68425.1,56472.7,15738.7,13557.1,0.0,23321.4,0.0,17036.9,24223.2,21144.5,45404.1,106252.7,128652.3,91746.5,148
552.3,149886.0,30272.0,44584.0,29422.0,45608.0,68425.1,56472.7,15738.7,13557.1,0.0,23321.4,0.0,17038.5,24223.1,21152.8,45412.2,106244.4,128652.3,91746.5,148
553.3,149886.0,30272.0,44584.0,29422.0,45608.0,68425.1,56472.7,15738.6,13557.1,0.0,23321.5,0.0,17039.8,24223.1,21164.3,45423.7,106233.0,128652.3,91746.6,148
554.3,149886.0,30272.0,44584.0,29422.0,45608.0,68425.1,56472.7,15738.6,13557.1,0.0,23321.5,0.0,17040.0,24223.1,21160.6,45420.1,106236.6,128652.3,91746.6,148
555.3,149886.0,30272.0,44584.0,29422.0,45608.0,68425.1,56472.7,15738.6,13557.2,0.0,23321.5,0.0,17040.3,24223.1,21162.4,45421.8,106234.8,128652.3,91746.6,148
556.3,149886.0,30272.0,44584.0,29422.0,45608.0,68429.0,56476.5,15742.5,13561.0,0.0,23321.6,0.0,17044.1,24224.9,21168.3,45429.5,106228.9,128652.3,91750.6,148
557.3,149886.0,30272.0,44584.0,29422.0,45608.0,68429.6,56477.1,15743.1,13561.6,0.0,23321.6,0.0,17044.8,24223.5,21163.1,45423.0,106234.1,128652.3,91751.2,148
558.3,149886.0,30272.0,44584.0,29422.0,45608.0,68429.6,56477.1,15743.1,13561.6,0.0,23321.6,0.0,17044.8,24223.1,21162.8,45422.3,106234.4,128652.3,91751.2,148
559.3,149886.0,30272.0,44584.0,29422.0,45608.0,68429.6,56477.1,15743.1,13561.6,0.0,23597.7,0.0,17342.4,24499.1,21456.1,45992.1,105940.6,128652.3,92027.3,148
560.3,149886.0,30272.0,44584.0,29422.0,45608.0,68429.6,56477.1,15743.1,13561.6,0.0,23598.7,0.0,17046.6,24500.1,21163.5,45700.6,106233.1,128652.3,92028.3,148
561.3,149886.0,30272.0,44584.0,29422.0,45608.0,68429.6,56477.1,15743.1,13561.6,0.0,23598.8,0.0,17047.0,24500.2,21155.9,45693.1,106240.7,128652.3,92028.4,148
562.3,149886.0,30272.0,44584.0,29422.0,45608.0,68429.6,56477.2,15743.1,13561.6,0.0,23598.8,0.0,17047.1,24500.0,21157.5,45694.5,106239.1,128652.3,92028.4,148
563.3,149886.0,30272.0,44584.0,29422.0,45608.0,68429.6,56477.2,15743.1,13561.6,0.0,23598.8,0.0,17047.1,24500.0,21160.5,45697.5,106236.1,128652.3,92028.4,148
564.3,149886.0,30272.0,44584.0,29422.0,45608.0,68429.6,56477.2,15743.1,13561.6,0.0,23598.8,0.0,17047.1,24499.9,21161.4,45698.3,106235.2,128652.3,92028.4,148
565.3,149886.0,30272.0,44584.0,29422.0,45608.0,68429.6,56477.2,15743.1,13561.6,0.0,23598.8,0.0,17047.2,24501.7,21163.4,45702.1,106233.2,128652.3,92028.4,148
566.3,149886.0,30272.0,44584.0,29422.0,45608.0,68429.6,56477.2,15743.1,13561.6,0.0,23598.8,0.0,17045.0,24500.7,21161.8,45699.6,106234.8,128652.3,92028.4,148
567.3,149886.0,30272.0,44584.0,29422.0,45608.0,68429.6,56477.2,15743.1,13561.6,0.0,23598.8,0.0,17045.0,24500.7,21162.1,45699.8,106234.5,128652.3,92028.4,148
568.3,149886.0,30272.0,44584.0,29422.0,45608.0,68429.6,56477.2,15743.1,13561.6,0.0,23598.8,0.0,17045.0,24500.9,21164.5,45702.4,106232.1,128652.3,92028.4,148
569.3,149886.0,30272.0,44584.0,29422.0,45608.0,68429.6,56477.2,15743.1,13561.6,0.0,23598.9,0.0,17045.1,24500.4,21158.4,45695.8,106238.2,128652.3,92028.5,148
570.3,149886.0,30272.0,44584.0,29422.0,45608.0,68388.9,56436.4,15702.4,13520.9,0.0,23598.9,0.0,17004.4,24501.9,21121.8,45660.7,106274.8,128652.3,91987.7,148
571.3,149886.0,30272.0,44584.0,29422.0,45608.0,68388.9,56436.4,15702.4,13520.9,0.0,23598.9,0.0,17004.5,24501.4,21122.4,45660.9,106274.1,128652.3,91987.7,148
572.3,149886.0,30272.0,44584.0,29422.0,45608.0,68391.8,56439.4,15705.4,13523.9,0.0,23598.9,0.0,17004.4,24501.4,21122.8,45661.2,106273.8,128652.3,91990.7,148
573.3,149886.0,30272.0,44584.0,29422.0,45608.0,68392.4,56440.0,15706.0,13524.5,0.0,23598.9,0.0,17008.0,24502.6,21123.1,45662.7,106273.5,128652.3,91991.3,148
574.3,149886.0,30272.0,44584.0,29422.0,45608.0,68392.9,56440.5,15706.5,13525.0,0.0,23598.9,0.0,17008.5,24501.0,21124.3,45662.2,106272.3,128652.3,91991.8,148
575.3,149886.0,30272.0,44584.0,29422.0,45608.0,68425.9,56473.5,15739.4,13557.9,0.0,23598.9,0.0,17041.6,24501.5,21155.2,45693.6,106241.4,128652.3,92024.8,148
576.4,149886.0,30272.0,44584.0,29422.0,45608.0,68425.9,56473.5,15739.4,13557.9,0.0,23598.9,0.0,17041.6,24501.1,21145.9,45684.0,106250.7,128652.3,92024.8,148
577.4,149886.0,30272.0,44584.0,29422.0,45608.0,68425.9,56473.5,15739.4,13557.9,0.0,23598.9,0.0,17042.1,24501.1,21148.0,45686.1,106248.6,128652.3,92024.8,148
578.4,149886.0,30272.0,44584.0,29422.0,45608.0,68425.9,56473.5,15739.5,13558.0,0.0,23598.9,0.0,17041.6,24500.6,21150.7,45688.3,106245.9,128652.3,92024.8,148
579.4,149886.0,30272.0,44584.0,29422.0,45608.0,68426.8,56474.3,15740.3,13558.8,0.0,23599.0,0.0,17042.1,24501.7,21158.1,45696.8,106238.4,128652.3,92025.8,148
580.4,149886.0,30272.0,44584.0,29422.0,45608.0,68426.8,56474.3,15740.3,13558.8,0.0,23599.0,0.0,17042.6,24501.2,21154.1,45692.4,106242.4,128652.3,92025.8,148
581.4,149886.0,30272.0,44584.0,29422.0,45608.0,68426.8,56474.3,15740.3,13558.8,0.0,23599.0,0.0,17042.6,24501.3,21154.4,45692.7,106242.2,128652.3,92025.8,148
582.4,149886.0,30272.0,44584.0,29422.0,45608.0,68426.8,56474.3,15740.3,13558.8,0.0,23599.1,0.0,17042.6,24501.3,21162.6,45700.9,106234.0,128652.3,92025.8,148
583.4,149886.0,30272.0,44584.0,29422.0,45608.0,68434.3,56481.9,15747.9,13566.4,0.0,23599.1,0.0,17047.3,24501.2,21170.8,45709.0,106225.8,128652.3,92033.4,148
584.4,149886.0,30272.0,44584.0,29422.0,45608.0,68434.3,56481.9,15747.9,13566.4,0.0,23599.1,0.0,17047.0,24500.9,21169.1,45707.1,106227.4,128652.3,92033.4,148
585.4,149886.0,30272.0,44584.0,29422.0,45608.0,68434.3,56481.9,15747.9,13566.4,0.0,23599.1,0.0,17047.1,24500.9,21166.6,45704.6,106229.9,128652.3,92033.4,148
586.4,149886.0,30272.0,44584.0,29422.0,45608.0,68434.3,56481.9,15747.9,13566.4,0.0,23599.1,0.0,17047.1,24501.0,21167.4,45705.4,106229.1,128652.3,92033.4,148
587.4,149886.0,30272.0,44584.0,29422.0,45608.0,68434.3,56481.9,15747.9,13566.4,0.0,23599.1,0.0,17047.1,24501.0,21158.0,45696.0,106238.5,128652.3,92033.4,148
588.4,149886.0,30272.0,44584.0,29422.0,45608.0,68434.3,56481.9,15747.9,13566.4,0.0,23599.1,0.0,17047.2,24501.0,21163.2,45701.3,106233.3,128652.3,92033.5,148
589.4,149886.0,30272.0,44584.0,29422.0,45608.0,68434.3,56481.9,15747.9,13566.4,0.0,23599.1,0.0,17047.2,24500.7,21160.0,45697.8,106236.5,128652.3,92033.5,148
590.4,149886.0,30272.0,44584.0,29422.0,45608.0,68434.3,56481.9,15747.9,13566.4,0.0,23599.2,0.0,17047.0,24500.7,21154.8,45692.5,106241.8,128652.3,92033.5,148
591.4,149886.0,30272.0,44584.0,29422.0,45608.0,68434.4,56481.9,15748.0,13566.4,0.0,23599.2,0.0,17047.0,24500.8,21152.0,45689.8,106244.6,128652.3,92033.6,148
592.4,149886.0,30272.0,44584.0,29422.0,45608.0,68434.4,56482.0,15748.0,13566.4,0.0,23599.2,0.0,17047.1,24499.9,21154.7,45691.6,106241.8,128652.3,92033.6,148
593.4,149886.0,30272.0,44584.0,29422.0,45608.0,68444.6,56492.2,15758.2,13576.6,0.0,23599.3,0.0,17057.4,24500.7,21163.6,45701.4,106232.9,128652.3,92043.9,148
594.4,149886.0,30272.0,44584.0,29422.0,45608.0,68444.6,56492.2,15758.2,13576.6,0.0,23599.3,0.0,17057.3,24500.6,21161.9,45699.5,106234.6,128652.3,92043.9,148
595.4,149886.0,30272.0,44584.0,29422.0,45608.0,68444.6,56492.2,15758.2,13576.6,0.0,23599.3,0.0,17059.5,24500.6,21164.7,45702.3,106231.9,128652.3,92043.9,148
596.4,149886.0,30272.0,44584.0,29422.0,45608.0,68444.6,56492.2,15758.2,13576.7,0.0,23599.4,0.0,17058.9,24500.8,21164.4,45702.2,106232.1,128652.3,92044.0,148
597.4,149886.0,30272.0,44584.0,29422.0,45608.0,68444.6,56492.2,15758.2,13576.7,0.0,23599.4,0.0,17057.2,24500.2,21165.0,45702.2,106231.5,128652.3,92044.1,148
598.4,149886.0,30272.0,44584.0,29422.0,45608.0,68389.9,56437.5,15703.5,13522.0,0.0,23599.5,0.0,17002.2,24500.2,21104.2,45641.4,106292.4,128652.3,91989.4,148
599.4,149886.0,30272.0,44584.0,29422.0,45608.0,68389.9,56437.5,15703.5,13522.0,0.0,23599.5,0.0,17002.1,24500.2,21104.0,45641.3,106292.5,128652.3,91989.4,148
600.4,149886.0,30272.0,44584.0,29422.0,45608.0,68415.6,56463.2,15729.2,13547.7,0.0,23599.5,0.0,17028.1,24499.8,21132.1,45668.9,106264.4,128652.3,92015.1,148
601.4,149886.0,30272.0,44584.0,29422.0,45608.0,68415.6,56463.2,15729.2,13547.7,0.0,23599.5,0.0,17028.1,24500.0,21134.3,45671.3,106262.2,128652.3,92015.1,148
602.4,149886.0,30272.0,44584.0,29422.0,45608.0,68417.6,56465.1,15731.1,13549.6,0.0,23599.5,0.0,17030.2,24500.5,21130.5,45668.0,106266.1,128652.3,92017.0,148
603.4,149886.0,30272.0,44584.0,29422.0,45608.0,68417.6,56465.1,15731.1,13549.6,0.0,23599.6,0.0,17032.8,24500.7,21137.8,45675.6,106258.8,128652.3,92017.2,148
604.4,149886.0,30272.0,44584.0,29422.0,45608.0,68424.0,56471.6,15737.6,13556.1,0.0,23600.2,0.0,17035.4,24501.9,21146.0,45685.0,106250.5,128652.3,92024.2,148
605.4,149886.0,30272.0,44584.0,29422.0,45608.0,68424.0,56471.6,15737.6,13556.1,0.0,23600.6,0.0,17051.9,24501.3,21157.8,45696.2,106238.7,128652.3,92024.7,148
606.4,149886.0,30272.0,44584.0,29422.0,45608.0,68424.0,56471.6,15737.6,13556.1,0.0,23600.6,0.0,17037.6,24501.3,21144.1,45682.5,106252.5,128652.3,92024.7,148
607.4,149886.0,30272.0,44584.0,29422.0,45608.0,68424.0,56471.6,15737.6,13556.1,0.0,23600.6,0.0,17037.6,24501.3,21146.4,45684.8,106250.1,128652.3,92024.7,148
608.4,149886.0,30272.0,44584.0,29422.0,45608.0,68424.0,56471.6,15737.6,13556.1,0.0,23600.8,0.0,17037.7,24501.4,21144.5,45683.0,106252.0,128652.3,92024.8,148
609.4,149886.0,30272.0,44584.0,29422.0,45608.0,68424.0,56471.6,15737.6,13556.1,0.0,23600.8,0.0,17037.7,24502.7,21147.0,45686.7,106249.5,128652.3,92024.8,148
610.4,149886.0,30272.0,44584.0,29422.0,45608.0,68424.0,56471.6,15737.6,13556.1,0.0,23600.8,0.0,17037.7,24501.7,21148.2,45686.9,106248.4,128652.3,92024.8,148
611.4,149886.0,30272.0,44584.0,29422.0,45608.0,68424.0,56471.6,15737.6,13556.1,0.0,23600.8,0.0,17037.7,24501.7,21149.9,45688.7,106246.6,128652.3,92024.8,148
612.4,149886.0,30272.0,44584.0,29422.0,45608.0,68424.0,56471.6,15737.6,13556.1,0.0,23600.8,0.0,17037.7,24501.5,21150.8,45689.3,106245.8,128652.3,92024.8,148
613.4,149886.0,30272.0,44584.0,29422.0,45608.0,68424.1,56471.6,15737.6,13556.1,0.0,23600.8,0.0,17037.8,24501.8,21148.0,45687.0,106248.5,128652.3,92024.8,148
614.4,149886.0,30272.0,44584.0,29422.0,45608.0,68424.1,56471.6,15737.6,13556.1,0.0,23600.8,0.0,17037.8,24501.8,21144.8,45683.7,106251.7,128652.3,92024.8,148
615.4,149886.0,30272.0,44584.0,29422.0,45608.0,68424.1,56471.6,15737.6,13556.1,0.0,23601.1,0.0,17040.3,24502.3,21141.6,45681.0,106254.9,128652.3,92025.1,148
616.4,149886.0,30272.0,44584.0,29422.0,45608.0,68432.8,56480.4,15746.4,13564.9,0.0,23601.1,0.0,17049.3,24503.3,21157.5,45698.0,106239.0,128652.3,92033.9,148
617.4,149886.0,30272.0,44584.0,29422.0,45608.0,68432.8,56480.4,15746.4,13564.9,0.0,23601.1,0.0,17049.7,24502.5,21148.6,45688.1,106248.0,128652.3,92033.9,148
618.4,149886.0,30272.0,44584.0,29422.0,45608.0,68432.8,56480.4,15746.4,13564.9,0.0,23601.1,0.0,17049.8,24502.5,21141.4,45681.0,106255.1,128652.3,92033.9,148
619.4,149886.0,30272.0,44584.0,29422.0,45608.0,68432.8,56480.4,15746.4,13564.9,0.0,23601.1,0.0,17049.8,24502.4,21141.0,45680.4,106255.5,128652.3,92033.9,148
620.4,149886.0,30272.0,44584.0,29422.0,45608.0,68432.8,56480.4,15746.4,13564.9,0.0,23601.1,0.0,17049.9,24502.4,21141.4,45680.9,106255.1,128652.3,92033.9,148
621.4,149886.0,30272.0,44584.0,29422.0,45608.0,68432.8,56480.4,15746.4,13564.9,0.0,23601.1,0.0,17049.9,24502.9,21141.8,45681.8,106254.7,128652.3,92033.9,148
622.4,149886.0,30272.0,44584.0,29422.0,45608.0,68432.8,56480.4,15746.4,13564.9,0.0,23601.1,0.0,17049.9,24502.7,21142.3,45682.1,106254.2,128652.3,92033.9,148
623.4,149886.0,30272.0,44584.0,29422.0,45608.0,68432.8,56480.4,15746.4,13564.9,0.0,23601.1,0.0,17049.9,24504.4,21148.9,45690.5,106247.6,128652.3,92033.9,148
624.4,149886.0,30272.0,44584.0,29422.0,45608.0,68432.9,56480.4,15746.4,13564.9,0.0,23601.1,0.0,17050.0,24502.8,21146.0,45685.9,106250.5,128652.3,92034.0,148
625.4,149886.0,30272.0,44584.0,29422.0,45608.0,68432.9,56480.4,15746.4,13564.9,0.0,23601.1,0.0,17050.0,24502.9,21146.6,45686.6,106249.9,128652.3,92034.0,148
626.4,149886.0,30272.0,44584.0,29422.0,45608.0,68432.9,56480.4,15746.4,13564.9,0.0,23601.2,0.0,17050.0,24502.9,21148.6,45688.7,106247.9,128652.3,92034.0,148
627.4,149886.0,30272.0,44584.0,29422.0,45608.0,68434.1,56481.7,15747.7,13566.2,0.0,23601.3,0.0,17050.0,24503.6,21162.9,45703.6,106233.6,128652.3,92035.4,148
628.4,149886.0,30272.0,44584.0,29422.0,45608.0,68434.1,56481.7,15747.7,13566.2,0.0,23601.3,0.0,17051.3,24503.3,21155.5,45695.9,106241.0,128652.3,92035.4,148
629.4,149886.0,30272.0,44584.0,29422.0,45608.0,68434.1,56481.7,15747.7,13566.2,0.0,23601.3,0.0,17051.3,24503.2,21153.6,45693.9,106242.9,128652.3,92035.4,148
630.4,149886.0,30272.0,44584.0,29422.0,45608.0,68434.2,56481.7,15747.7,13566.2,0.0,23601.3,0.0,17051.4,24502.3,21156.2,45695.7,106240.3,128652.3,92035.4,148
631.4,149886.0,30272.0,44584.0,29422.0,45608.0,68434.2,56481.7,15747.7,13566.2,0.0,23601.3,0.0,17051.4,24502.5,21157.6,45697.3,106238.8,128652.3,92035.5,148
632.4,149886.0,30272.0,44584.0,29422.0,45608.0,68434.2,56481.7,15747.7,13566.2,0.0,23601.3,0.0,17051.6,24502.5,21157.8,45697.5,106238.6,128652.3,92035.5,148
633.4,149886.0,30272.0,44584.0,29422.0,45608.0,68434.2,56481.7,15747.7,13566.2,0.0,23601.3,0.0,17051.8,24502.5,21158.2,45697.9,106238.3,128652.3,92035.5,148
634.4,149886.0,30272.0,44584.0,29422.0,45608.0,68434.2,56481.7,15747.7,13566.2,0.0,23601.3,0.0,17051.8,24502.5,21159.2,45698.8,106237.3,128652.3,92035.5,148
635.4,149886.0,30272.0,44584.0,29422.0,45608.0,68434.2,56481.7,15747.8,13566.2,0.0,23601.3,0.0,17048.6,24503.5,21158.5,45699.2,106238.0,128652.3,92035.5,148
636.4,149886.0,30272.0,44584.0,29422.0,45608.0,68434.2,56481.7,15747.8,13566.2,0.0,23601.4,0.0,17048.7,24503.1,21159.4,45699.6,106237.1,128652.3,92035.5,148
637.4,149886.0,30272.0,44584.0,29422.0,45608.0,68434.4,56482.0,15748.0,13566.5,0.0,23601.4,0.0,17049.0,24503.9,21155.6,45696.6,106240.9,128652.3,92035.8,148
638.4,149886.0,30272.0,44584.0,29422.0,45608.0,68434.4,56482.0,15748.0,13566.5,0.0,23601.4,0.0,17049.0,24503.6,21155.9,45696.6,106240.5,128652.3,92035.8,148
639.4,149886.0,30272.0,44584.0,29422.0,45608.0,68434.4,56482.0,15748.0,13566.5,0.0,23601.4,0.0,17049.0,24503.6,21155.7,45696.3,106240.8,128652.3,92035.8,148
640.4,149886.0,30272.0,44584.0,29422.0,45608.0,68434.4,56482.0,15748.0,13566.5,0.0,23601.4,0.0,17049.0,24503.6,21155.9,45696.6,106240.6,128652.3,92035.8,148
641.4,149886.0,30272.0,44584.0,29422.0,45608.0,68434.5,56482.0,15748.1,13566.5,0.0,23601.4,0.0,17049.1,24504.5,21162.0,45703.6,106234.4,128652.3,92035.9,148
642.4,149886.0,30272.0,44584.0,29422.0,45608.0,68434.5,56482.0,15748.1,13566.5,0.0,23601.4,0.0,17049.1,24504.5,21162.0,45703.6,106234.5,128652.3,92035.9,148
643.4,149886.0,30272.0,44584.0,29422.0,45608.0,68434.5,56482.1,15748.1,13566.5,0.0,23601.4,0.0,17049.1,24504.4,21162.3,45703.8,106234.2,128652.3,92035.9,148
644.4,149886.0,30272.0,44584.0,29422.0,45608.0,68434.5,56482.1,15748.1,13566.6,0.0,23601.4,0.0,17049.2,24504.8,21160.2,45702.1,106236.3,128652.3,92036.0,148
645.4,149886.0,30272.0,44584.0,29422.0,45608.0,68434.5,56482.1,15748.1,13566.6,0.0,23601.5,0.0,17049.2,24504.3,21158.5,45700.0,106237.9,128652.3,92036.1,148
646.4,149886.0,30272.0,44584.0,29422.0,45608.0,68434.5,56482.1,15748.1,13566.6,0.0,23601.5,0.0,17049.2,24504.3,21158.9,45700.3,106237.6,128652.3,92036.1,148
647.4,149886.0,30272.0,44584.0,29422.0,45608.0,68434.5,56482.1,15748.1,13566.6,0.0,23601.5,0.0,17049.2,24504.3,21159.8,45701.3,106236.6,128652.3,92036.1,148
648.4,149886.0,30272.0,44584.0,29422.0,45608.0,68434.5,56482.1,15748.1,13566.6,0.0,23601.5,0.0,17049.3,24504.3,21159.1,45700.6,106237.3,128652.3,92036.1,148
649.4,149886.0,30272.0,44584.0,29422.0,45608.0,68434.5,56482.1,15748.1,13566.6,0.0,23601.5,0.0,17049.3,24504.1,21154.5,45695.7,106242.0,128652.3,92036.1,148
650.4,149886.0,30272.0,44584.0,29422.0,45608.0,68434.5,56482.1,15748.1,13566.6,0.0,23601.5,0.0,17049.3,24504.1,21155.4,45696.6,106241.0,128652.3,92036.1,148
651.4,149886.0,30272.0,44584.0,29422.0,45608.0,68434.5,56482.1,15748.1,13566.6,0.0,23601.6,0.0,17049.3,24504.1,21156.8,45698.0,106239.7,128652.3,92036.1,148
652.4,149886.0,30272.0,44584.0,29422.0,45608.0,68434.6,56482.1,15748.1,13566.6,0.0,23601.6,0.0,17049.4,24504.1,21158.0,45699.2,106238.5,128652.3,92036.1,148
653.4,149886.0,30272.0,44584.0,29422.0,45608.0,68434.6,56482.1,15748.1,13566.6,0.0,23601.6,0.0,17049.4,24504.1,21159.3,45700.6,106237.1,128652.3,92036.1,148
654.4,149886.0,30272.0,44584.0,29422.0,45608.0,68434.6,56482.1,15748.1,13566.6,0.0,23601.6,0.0,17051.9,24504.1,21160.8,45702.1,106235.6,128652.3,92036.1,148
655.4,149886.0,30272.0,44584.0,29422.0,45608.0,68434.6,56482.1,15748.1,13566.6,0.0,23601.6,0.0,17065.3,24504.1,21175.7,45716.9,106220.8,128652.3,92036.1,148
656.4,149886.0,30272.0,44584.0,29422.0,45608.0,68466.3,56513.9,15779.9,13598.4,0.0,23601.6,0.0,17069.3,24506.7,21188.2,45732.1,106208.3,128652.3,92067.9,148
657.4,149886.0,30272.0,44584.0,29422.0,45608.0,68404.3,56451.9,15717.9,13536.4,0.0,23601.6,0.0,17022.6,24504.1,21132.2,45673.4,106264.2,128652.3,92005.9,148
658.4,149886.0,30272.0,44584.0,29422.0,45608.0,68404.3,56451.9,15717.9,13536.4,0.0,23601.6,0.0,17022.7,24504.1,21131.9,45673.1,106264.6,128652.3,92005.9,148
659.4,149886.0,30272.0,44584.0,29422.0,45608.0,68404.4,56451.9,15717.9,13536.4,0.0,23601.7,0.0,17022.7,24504.1,21131.5,45672.8,106264.9,128652.3,92006.0,148
660.4,149886.0,30272.0,44584.0,29422.0,45608.0,68404.4,56451.9,15717.9,13536.4,0.0,23601.7,0.0,17020.0,24504.1,21132.5,45673.9,106263.9,128652.3,92006.0,148
661.4,149886.0,30272.0,44584.0,29422.0,45608.0,68404.4,56451.9,15717.9,13536.4,0.0,23601.7,0.0,17020.0,24503.9,21134.7,45675.8,106261.7,128652.3,92006.0,148
662.4,149886.0,30272.0,44584.0,29422.0,45608.0,68404.4,56451.9,15717.9,13536.4,0.0,23601.7,0.0,17020.0,24504.1,21135.4,45676.8,106261.0,128652.3,92006.0,148
663.4,149886.0,30272.0,44584.0,29422.0,45608.0,68404.4,56451.9,15717.8,13536.4,0.0,23601.8,0.0,17022.9,24504.2,21135.5,45677.0,106260.9,128652.3,92006.1,148
664.4,149886.0,30272.0,44584.0,29422.0,45608.0,68404.4,56451.9,15717.8,13536.4,0.0,23601.8,0.0,17024.3,24504.2,21137.6,45679.0,106258.8,128652.3,92006.1,148
665.4,149886.0,30272.0,44584.0,29422.0,45608.0,68404.4,56451.9,15717.8,13536.4,0.0,23601.8,0.0,17024.4,24504.2,21137.9,45679.3,106258.5,128652.3,92006.1,148
666.4,149886.0,30272.0,44584.0,29422.0,45608.0,68404.4,56451.9,15717.9,13536.4,0.0,23601.8,0.0,17024.4,24504.2,21140.1,45681.6,106256.3,128652.3,92006.1,148
667.4,149886.0,30272.0,44584.0,29422.0,45608.0,68404.4,56451.9,15717.9,13536.4,0.0,23601.8,0.0,17022.2,24504.3,21140.3,45681.8,106256.1,128652.3,92006.1,148
668.4,149886.0,30272.0,44584.0,29422.0,45608.0,68404.4,56451.9,15717.9,13536.4,0.0,23601.8,0.0,17020.1,24504.3,21138.3,45679.7,106258.1,128652.3,92006.2,148
669.4,149886.0,30272.0,44584.0,29422.0,45608.0,68404.4,56452.0,15718.0,13536.5,0.0,23601.8,0.0,17020.1,24504.3,21138.5,45680.0,106257.9,128652.3,92006.2,148
670.4,149886.0,30272.0,44584.0,29422.0,45608.0,68404.4,56452.0,15718.0,13536.5,0.0,23601.8,0.0,17020.2,24504.2,21138.3,45679.8,106258.1,128652.3,92006.2,148
671.4,149886.0,30272.0,44584.0,29422.0,45608.0,68404.4,56452.0,15718.0,13536.5,0.0,23601.8,0.0,17020.2,24504.3,21138.7,45680.2,106257.7,128652.3,92006.2,148
672.4,149886.0,30272.0,44584.0,29422.0,45608.0,68404.4,56452.0,15718.0,13536.5,0.0,23601.8,0.0,17020.2,24504.3,21138.4,45679.9,106258.0,128652.3,92006.2,148
