elapsed_s,gpu_hbm_mb,gpu0_hbm_mb,gpu1_hbm_mb,gpu2_hbm_mb,gpu3_hbm_mb,proc_rss_mb,proc_anon_mb,proc_pss_mb,proc_pss_anon_mb,proc_locked_mb,file_cache_mb,hicache_dir_mb,anonpages_mb,reclaimable_mb,nonreclaimable_mb,mem_used_mb,mem_avail_mb,mem_total_mb,rss_plus_cache_mb,n_pids
0.0,146586.0,29212.0,28940.0,44240.0,44194.0,67849.4,56045.3,15128.5,13125.7,0.0,45256.0,0.0,15620.8,46534.7,18843.5,66068.3,107900.0,128652.3,113105.4,148
1.0,146586.0,29212.0,28940.0,44240.0,44194.0,67849.4,56045.3,15128.5,13125.7,0.0,45305.2,0.0,16419.8,46584.3,19646.0,66920.3,107097.6,128652.3,113154.6,148
2.1,146896.0,29520.0,28942.0,44240.0,44194.0,67849.5,56045.3,15128.5,13125.7,0.0,45305.3,0.0,17031.9,46584.4,20259.0,67533.4,106484.6,128652.3,113154.7,148
3.1,146896.0,29520.0,28942.0,44240.0,44194.0,67985.5,56075.6,15262.7,13156.1,0.0,45305.3,0.0,16304.4,46583.7,19651.3,66925.0,107092.3,128652.3,113290.9,148
4.2,146944.0,29522.0,28942.0,44240.0,44240.0,67987.2,56076.8,15264.2,13157.3,0.0,45305.5,0.0,16305.6,46584.1,19653.2,66927.3,107090.3,128652.3,113292.7,148
5.2,146944.0,29522.0,28942.0,44240.0,44240.0,67993.6,56077.1,15270.6,13157.6,0.0,45305.6,0.0,16306.7,46584.3,19662.4,66936.7,107081.2,128652.3,113299.2,148
6.3,146944.0,29522.0,28942.0,44240.0,44240.0,67993.6,56077.1,15270.6,13157.6,0.0,45305.6,0.0,16306.5,46584.3,19664.7,66939.0,107078.9,128652.3,113299.2,148
7.3,146944.0,29522.0,28942.0,44240.0,44240.0,67993.6,56077.1,15270.7,13157.6,0.0,45305.6,0.0,16306.7,46584.3,19664.9,66939.2,107078.7,128652.3,113299.3,148
8.3,146944.0,29522.0,28942.0,44240.0,44240.0,67997.2,56080.7,15274.2,13161.2,0.0,45305.6,0.0,16309.9,46584.3,19666.3,66940.6,107077.3,128652.3,113302.9,148
9.3,146944.0,29522.0,28942.0,44240.0,44240.0,67997.6,56081.1,15274.6,13161.6,0.0,45305.6,0.0,16310.2,46584.3,19667.0,66941.4,107076.5,128652.3,113303.3,148
10.4,146946.0,29522.0,28944.0,44240.0,44240.0,67997.7,56081.1,15274.7,13161.6,0.0,45305.6,0.0,16310.6,46584.3,19668.4,66942.7,107075.2,128652.3,113303.3,148
11.4,146946.0,29522.0,28944.0,44240.0,44240.0,67998.4,56081.9,15275.4,13162.3,0.0,45305.6,0.0,16311.8,46584.3,19670.4,66944.8,107073.1,128652.3,113304.1,148
12.4,146946.0,29522.0,28944.0,44240.0,44240.0,67998.6,56081.9,15275.5,13162.4,0.0,45305.6,0.0,16311.6,46584.3,19673.0,66947.4,107070.5,128652.3,113304.2,148
13.5,146948.0,29524.0,28944.0,44240.0,44240.0,67998.7,56082.0,15275.6,13162.4,0.0,45305.6,0.0,16311.5,46584.3,19670.2,66944.5,107073.4,128652.3,113304.3,148
14.5,146968.0,29524.0,28944.0,44240.0,44260.0,68010.9,56094.2,15287.8,13174.7,0.0,45305.7,0.0,16323.7,46584.2,19685.3,66959.5,107058.2,128652.3,113316.6,148
15.6,146992.0,29528.0,28944.0,44260.0,44260.0,68018.8,56100.9,15294.6,13181.4,0.0,45305.7,0.0,16330.4,46584.3,19691.6,66965.9,107052.0,128652.3,113324.4,148
16.6,146992.0,29528.0,28944.0,44260.0,44260.0,68018.8,56100.9,15294.6,13181.4,0.0,45305.7,0.0,16330.5,46584.2,19694.6,66968.9,107048.9,128652.3,113324.5,148
17.6,146992.0,29528.0,28944.0,44260.0,44260.0,68018.8,56100.9,15294.6,13181.4,0.0,45305.7,0.0,16330.6,46584.2,19697.2,66971.5,107046.4,128652.3,113324.5,148
18.6,146992.0,29528.0,28944.0,44260.0,44260.0,68018.9,56101.0,15294.7,13181.5,0.0,45305.8,0.0,16330.7,46584.3,19694.3,66968.6,107049.2,128652.3,113324.7,148
19.6,146992.0,29528.0,28944.0,44260.0,44260.0,68019.6,56101.7,15295.4,13182.2,0.0,45305.8,0.0,16331.5,46584.2,19698.6,66972.9,107044.9,128652.3,113325.4,148
20.6,146992.0,29528.0,28944.0,44260.0,44260.0,68019.7,56101.7,15295.4,13182.2,0.0,45305.8,0.0,16331.4,46584.2,19699.7,66974.0,107043.8,128652.3,113325.5,148
21.7,146996.0,29528.0,28948.0,44260.0,44260.0,68019.7,56101.7,15295.4,13182.2,0.0,45305.8,0.0,16331.5,46584.3,19699.6,66973.9,107044.0,128652.3,113325.5,148
22.7,146996.0,29528.0,28948.0,44260.0,44260.0,68019.8,56101.8,15295.5,13182.3,0.0,45305.9,0.0,16331.6,46584.3,19697.8,66972.2,107045.8,128652.3,113325.7,148
23.7,146996.0,29528.0,28948.0,44260.0,44260.0,68019.8,56101.9,15295.6,13182.4,0.0,45305.9,0.0,16331.7,46584.3,19698.1,66972.5,107045.4,128652.3,113325.7,148
24.8,146996.0,29528.0,28948.0,44260.0,44260.0,68020.1,56102.1,15295.8,13182.6,0.0,45305.9,0.0,16331.7,46584.3,19699.8,66974.2,107043.7,128652.3,113326.0,148
25.8,146996.0,29528.0,28948.0,44260.0,44260.0,68020.1,56102.2,15295.8,13182.6,0.0,45305.9,0.0,16332.0,46584.3,19701.5,66975.9,107042.0,128652.3,113326.0,148
26.9,147062.0,29528.0,28948.0,44326.0,44260.0,68020.6,56102.6,15296.3,13183.1,0.0,45305.9,0.0,16332.4,46584.3,19705.1,66979.5,107038.4,128652.3,113326.5,148
27.9,147062.0,29528.0,28948.0,44326.0,44260.0,68026.6,56102.7,15302.4,13183.2,0.0,45305.9,0.0,16332.6,46584.3,19712.0,66986.4,107031.5,128652.3,113332.5,148
28.9,147128.0,29528.0,28948.0,44326.0,44326.0,68026.7,56102.7,15302.4,13183.2,0.0,45305.9,0.0,16332.6,46584.3,19711.7,66986.1,107031.9,128652.3,113332.6,148
29.9,147128.0,29528.0,28948.0,44326.0,44326.0,68033.9,56104.0,15309.6,13184.5,0.0,45305.9,0.0,16333.8,46584.4,19719.5,66993.9,107024.0,128652.3,113339.8,148
31.0,147128.0,29528.0,28948.0,44326.0,44326.0,68034.0,56104.1,15309.7,13184.6,0.0,45305.9,0.0,16333.8,46584.4,19716.6,66991.0,107027.0,128652.3,113339.9,148
32.0,147128.0,29528.0,28948.0,44326.0,44326.0,68034.0,56104.1,15309.7,13184.6,0.0,45305.9,0.0,16334.0,46584.4,19716.6,66991.0,107027.0,128652.3,113339.9,148
33.0,147128.0,29528.0,28948.0,44326.0,44326.0,68034.1,56104.3,15309.9,13184.7,0.0,45305.9,0.0,16334.1,46584.1,19716.8,66990.9,107026.8,128652.3,113340.1,148
34.0,147128.0,29528.0,28948.0,44326.0,44326.0,68043.3,56113.4,15319.0,13193.9,0.0,45305.9,0.0,16343.5,46584.2,19725.5,66999.7,107018.1,128652.3,113349.2,148
35.1,147128.0,29528.0,28948.0,44326.0,44326.0,68043.6,56113.7,15319.3,13194.2,0.0,45305.9,0.0,16343.8,46584.2,19728.6,67002.9,107014.9,128652.3,113349.5,148
36.1,147128.0,29528.0,28948.0,44326.0,44326.0,68043.6,56113.7,15319.3,13194.2,0.0,45305.9,0.0,16343.8,46584.2,19729.0,67003.2,107014.5,128652.3,113349.5,148
37.1,147128.0,29528.0,28948.0,44326.0,44326.0,68043.7,56113.8,15319.4,13194.3,0.0,45305.9,0.0,16343.7,46584.2,19729.6,67003.8,107013.9,128652.3,113349.6,148
38.1,147128.0,29528.0,28948.0,44326.0,44326.0,68043.7,56113.8,15319.4,13194.3,0.0,45306.0,0.0,16344.0,46584.1,19727.0,67001.2,107016.6,128652.3,113349.7,148
39.1,147128.0,29528.0,28948.0,44326.0,44326.0,68043.9,56114.0,15319.6,13194.5,0.0,45306.1,0.0,16344.0,46584.2,19727.0,67001.3,107016.5,128652.3,113350.0,148
40.1,147128.0,29528.0,28948.0,44326.0,44326.0,68044.2,56114.2,15319.8,13194.6,0.0,45306.1,0.0,16344.5,46584.2,19722.6,66996.8,107020.9,128652.3,113350.2,148
41.1,147128.0,29528.0,28948.0,44326.0,44326.0,68044.2,56114.2,15319.8,13194.6,0.0,45306.1,0.0,16344.6,46584.2,19723.3,66997.5,107020.2,128652.3,113350.2,148
42.1,147128.0,29528.0,28948.0,44326.0,44326.0,68044.2,56114.2,15319.8,13194.7,0.0,45306.1,0.0,16344.6,46584.2,19723.9,66998.1,107019.6,128652.3,113350.3,148
43.1,147128.0,29528.0,28948.0,44326.0,44326.0,68044.2,56114.2,15319.8,13194.7,0.0,45306.1,0.0,16344.7,46584.2,19723.6,66997.8,107020.0,128652.3,113350.3,148
44.2,147128.0,29528.0,28948.0,44326.0,44326.0,68044.3,56114.3,15319.9,13194.8,0.0,45306.1,0.0,16344.7,46584.2,19723.2,66997.4,107020.3,128652.3,113350.4,148
45.2,147128.0,29528.0,28948.0,44326.0,44326.0,68049.6,56119.6,15325.2,13200.0,0.0,45306.1,0.0,16349.9,46584.0,19727.2,67001.2,107016.3,128652.3,113355.6,148
46.2,147128.0,29528.0,28948.0,44326.0,44326.0,68049.6,56119.6,15325.2,13200.1,0.0,45306.1,0.0,16350.1,46584.0,19727.7,67001.9,107015.8,128652.3,113355.7,148
47.3,147128.0,29528.0,28948.0,44326.0,44326.0,68049.6,56119.6,15325.2,13200.1,0.0,45306.1,0.0,16350.0,46584.0,19732.7,67006.8,107010.8,128652.3,113355.7,148
48.3,147128.0,29528.0,28948.0,44326.0,44326.0,68050.2,56120.2,15325.8,13200.7,0.0,45306.1,0.0,16350.3,46584.0,19733.9,67008.0,107009.6,128652.3,113356.3,148
49.4,147128.0,29528.0,28948.0,44326.0,44326.0,68050.7,56120.7,15326.3,13201.1,0.0,45306.1,0.0,16351.2,46584.2,19739.2,67013.4,107004.3,128652.3,113356.7,148
50.4,147128.0,29528.0,28948.0,44326.0,44326.0,68050.7,56120.7,15326.3,13201.1,0.0,45306.1,0.0,16351.7,46584.2,19739.9,67014.2,107003.6,128652.3,113356.8,148
51.4,147128.0,29528.0,28948.0,44326.0,44326.0,68050.7,56120.7,15326.3,13201.2,0.0,45306.1,0.0,16351.8,46584.2,19740.0,67014.3,107003.5,128652.3,113356.8,148
52.4,147128.0,29528.0,28948.0,44326.0,44326.0,68050.7,56120.7,15326.3,13201.2,0.0,45306.1,0.0,16351.4,46584.2,19739.6,67013.9,107003.9,128652.3,113356.8,148
53.4,147128.0,29528.0,28948.0,44326.0,44326.0,68050.7,56120.7,15326.3,13201.2,0.0,45306.2,0.0,16351.5,46584.3,19739.4,67013.8,107004.1,128652.3,113356.9,148
54.4,147128.0,29528.0,28948.0,44326.0,44326.0,68052.3,56122.3,15327.9,13202.8,0.0,45306.3,0.0,16352.8,46584.4,19743.5,67017.9,107000.0,128652.3,113358.6,148
55.5,147128.0,29528.0,28948.0,44326.0,44326.0,68052.3,56122.3,15327.9,13202.8,0.0,45306.3,0.0,16352.9,46584.4,19744.4,67018.9,106999.1,128652.3,113358.6,148
56.5,147128.0,29528.0,28948.0,44326.0,44326.0,68052.3,56122.3,15327.9,13202.8,0.0,45306.3,0.0,16352.9,46584.4,19744.6,67019.2,106998.9,128652.3,113358.6,148
57.5,147128.0,29528.0,28948.0,44326.0,44326.0,68052.5,56122.5,15328.1,13203.0,0.0,45306.3,0.0,16353.1,46584.5,19742.1,67016.6,107001.4,128652.3,113358.8,148
58.5,147128.0,29528.0,28948.0,44326.0,44326.0,68052.9,56122.8,15328.4,13203.3,0.0,45306.3,0.0,16353.8,46584.5,19739.7,67014.3,107003.8,128652.3,113359.2,148
59.6,147128.0,29528.0,28948.0,44326.0,44326.0,68053.9,56123.9,15329.5,13204.4,0.0,45306.3,0.0,16355.2,46584.3,19744.0,67018.4,106999.5,128652.3,113360.2,148
60.6,147128.0,29528.0,28948.0,44326.0,44326.0,68054.1,56124.0,15329.6,13204.5,0.0,45306.3,0.0,16355.3,46584.3,19743.9,67018.2,106999.6,128652.3,113360.4,148
61.6,147128.0,29528.0,28948.0,44326.0,44326.0,68055.0,56125.0,15330.6,13205.5,0.0,45306.3,0.0,16355.4,46584.3,19744.5,67018.9,106998.9,128652.3,113361.4,148
62.7,147128.0,29528.0,28948.0,44326.0,44326.0,68058.2,56128.2,15333.8,13208.7,0.0,45306.3,0.0,16359.5,46583.8,19745.6,67019.5,106997.9,128652.3,113364.5,148
63.7,147128.0,29528.0,28948.0,44326.0,44326.0,68058.2,56128.2,15333.8,13208.7,0.0,45306.3,0.0,16359.5,46583.8,19745.9,67019.9,106997.5,128652.3,113364.6,148
64.7,147128.0,29528.0,28948.0,44326.0,44326.0,68059.1,56129.1,15334.7,13209.6,0.0,45306.3,0.0,16360.2,46583.8,19749.2,67023.1,106994.3,128652.3,113365.5,148
65.7,147128.0,29528.0,28948.0,44326.0,44326.0,68059.2,56129.1,15334.7,13209.6,0.0,45306.3,0.0,16360.5,46583.8,19747.0,67021.0,106996.4,128652.3,113365.5,148
66.8,147128.0,29528.0,28948.0,44326.0,44326.0,68059.2,56129.2,15334.8,13209.6,0.0,45306.3,0.0,16360.5,46583.8,19747.6,67021.6,106995.8,128652.3,113365.5,148
67.8,147128.0,29528.0,28948.0,44326.0,44326.0,68059.2,56129.2,15334.8,13209.7,0.0,45306.3,0.0,16360.5,46583.8,19748.5,67022.4,106995.0,128652.3,113365.5,148
68.9,147128.0,29528.0,28948.0,44326.0,44326.0,68059.2,56129.2,15334.8,13209.7,0.0,45306.3,0.0,16360.5,46583.8,19747.9,67021.8,106995.6,128652.3,113365.5,148
69.9,147128.0,29528.0,28948.0,44326.0,44326.0,68059.3,56129.3,15334.9,13209.8,0.0,45306.3,0.0,16360.7,46583.8,19748.7,67022.6,106994.8,128652.3,113365.7,148
70.9,147128.0,29528.0,28948.0,44326.0,44326.0,68065.3,56135.3,15340.9,13215.8,0.0,45306.3,0.0,16360.7,46583.8,19754.3,67028.3,106989.2,128652.3,113371.7,148
72.0,147128.0,29528.0,28948.0,44326.0,44326.0,68070.3,56140.3,15345.9,13220.8,0.0,45306.3,0.0,16371.7,46584.2,19763.5,67037.9,106980.0,128652.3,113376.7,148
73.0,147154.0,29554.0,28948.0,44326.0,44326.0,68070.3,56140.3,15345.9,13220.8,0.0,45306.4,0.0,16371.8,46584.2,19759.2,67033.5,106984.3,128652.3,113376.7,148
74.1,147154.0,29554.0,28948.0,44326.0,44326.0,68077.8,56147.8,15353.4,13228.3,0.0,45306.4,0.0,16378.7,46584.2,19782.4,67056.8,106961.1,128652.3,113384.2,148
75.1,147154.0,29554.0,28948.0,44326.0,44326.0,68077.9,56147.9,15353.5,13228.3,0.0,45306.5,0.0,16379.4,46584.7,19770.0,67044.8,106973.5,128652.3,113384.4,148
76.1,147154.0,29554.0,28948.0,44326.0,44326.0,68077.9,56147.9,15353.5,13228.3,0.0,45306.5,0.0,16379.5,46584.7,19767.3,67042.0,106976.2,128652.3,113384.4,148
77.1,147154.0,29554.0,28948.0,44326.0,44326.0,68077.9,56147.9,15353.5,13228.3,0.0,45306.5,0.0,16379.7,46584.6,19766.2,67041.0,106977.3,128652.3,113384.4,148
78.1,147154.0,29554.0,28948.0,44326.0,44326.0,68079.2,56149.2,15354.8,13229.7,0.0,45306.5,0.0,16379.7,46584.2,19766.4,67040.7,106977.0,128652.3,113385.8,148
79.1,147154.0,29554.0,28948.0,44326.0,44326.0,68079.4,56149.4,15355.0,13229.9,0.0,45306.6,0.0,16380.9,46584.4,19773.0,67047.5,106970.5,128652.3,113386.0,148
80.1,147154.0,29554.0,28948.0,44326.0,44326.0,68079.4,56149.4,15355.0,13229.9,0.0,45306.6,0.0,16381.1,46584.4,19775.0,67049.6,106968.4,128652.3,113386.0,148
81.1,147154.0,29554.0,28948.0,44326.0,44326.0,68079.4,56149.4,15355.0,13229.9,0.0,45306.6,0.0,16381.1,46584.4,19774.4,67048.9,106969.1,128652.3,113386.0,148
82.1,147154.0,29554.0,28948.0,44326.0,44326.0,68079.4,56149.4,15355.0,13229.9,0.0,45306.6,0.0,16381.3,46584.4,19775.2,67049.7,106968.3,128652.3,113386.0,148
83.1,147154.0,29554.0,28948.0,44326.0,44326.0,68079.4,56149.4,15355.0,13229.9,0.0,45306.6,0.0,16381.1,46584.4,19774.6,67049.1,106968.9,128652.3,113386.0,148
84.1,147154.0,29554.0,28948.0,44326.0,44326.0,68079.5,56149.5,15355.1,13230.0,0.0,45306.6,0.0,16381.2,46584.5,19773.1,67047.8,106970.3,128652.3,113386.1,148
85.2,147154.0,29554.0,28948.0,44326.0,44326.0,68079.6,56149.6,15355.2,13230.1,0.0,45306.6,0.0,16381.4,46584.1,19774.0,67048.2,106969.5,128652.3,113386.2,148
86.2,147154.0,29554.0,28948.0,44326.0,44326.0,68079.6,56149.6,15355.2,13230.1,0.0,45306.6,0.0,16381.9,46584.1,19773.4,67047.7,106970.1,128652.3,113386.2,148
87.2,147154.0,29554.0,28948.0,44326.0,44326.0,68083.9,56153.9,15359.5,13234.4,0.0,45306.6,0.0,16381.9,46584.1,19772.8,67047.1,106970.7,128652.3,113390.5,148
88.2,147154.0,29554.0,28948.0,44326.0,44326.0,68087.1,56157.1,15362.7,13237.6,0.0,45306.6,0.0,16389.0,46584.7,19777.7,67052.5,106965.8,128652.3,113393.7,148
89.2,147154.0,29554.0,28948.0,44326.0,44326.0,68087.2,56157.2,15362.8,13237.7,0.0,45306.6,0.0,16389.4,46584.7,19776.6,67051.4,106966.9,128652.3,113393.8,148
90.2,147154.0,29554.0,28948.0,44326.0,44326.0,68087.2,56157.2,15362.8,13237.7,0.0,45306.6,0.0,16389.4,46584.7,19777.7,67052.6,106965.7,128652.3,113393.8,148
91.2,147154.0,29554.0,28948.0,44326.0,44326.0,68087.3,56157.3,15362.9,13237.7,0.0,45306.7,0.0,16389.5,46584.8,19777.9,67052.9,106965.5,128652.3,113394.0,148
92.2,147154.0,29554.0,28948.0,44326.0,44326.0,68087.3,56157.3,15362.9,13237.7,0.0,45306.7,0.0,16389.7,46584.5,19776.1,67050.7,106967.4,128652.3,113394.0,148
93.2,147154.0,29554.0,28948.0,44326.0,44326.0,68087.3,56157.3,15362.9,13237.7,0.0,45306.7,0.0,16389.6,46584.5,19775.8,67050.4,106967.7,128652.3,113394.0,148
94.2,147154.0,29554.0,28948.0,44326.0,44326.0,68087.3,56157.3,15362.9,13237.8,0.0,45306.7,0.0,16389.6,46584.5,19779.1,67053.8,106964.3,128652.3,113394.0,148
95.3,147154.0,29554.0,28948.0,44326.0,44326.0,68091.0,56161.0,15366.6,13241.4,0.0,45306.7,0.0,16389.6,46584.4,19778.6,67053.2,106964.8,128652.3,113397.7,148
96.4,147154.0,29554.0,28948.0,44326.0,44326.0,68091.0,56161.0,15366.6,13241.5,0.0,45306.7,0.0,16393.6,46584.7,19787.9,67062.7,106955.5,128652.3,113397.8,148
97.4,147154.0,29554.0,28948.0,44326.0,44326.0,68091.0,56161.0,15366.6,13241.5,0.0,45306.7,0.0,16393.5,46584.7,19788.3,67063.2,106955.2,128652.3,113397.8,148
98.4,147154.0,29554.0,28948.0,44326.0,44326.0,68091.0,56161.0,15366.6,13241.5,0.0,45306.8,0.0,16393.4,46584.8,19787.5,67062.4,106956.0,128652.3,113397.8,148
99.5,147154.0,29554.0,28948.0,44326.0,44326.0,68091.1,56161.0,15366.6,13241.5,0.0,45306.8,0.0,16393.6,46584.8,19787.9,67062.8,106955.6,128652.3,113397.8,148
100.5,147154.0,29554.0,28948.0,44326.0,44326.0,68091.2,56161.2,15366.8,13241.6,0.0,45306.8,0.0,16393.9,46584.8,19790.2,67065.2,106953.2,128652.3,113397.9,148
101.5,147154.0,29554.0,28948.0,44326.0,44326.0,68091.2,56161.2,15366.8,13241.6,0.0,45306.8,0.0,16393.7,46584.8,19790.1,67065.1,106953.3,128652.3,113397.9,148
102.5,147154.0,29554.0,28948.0,44326.0,44326.0,68091.2,56161.2,15366.8,13241.6,0.0,45306.8,0.0,16393.7,46584.8,19789.8,67064.7,106953.7,128652.3,113397.9,148
103.5,147154.0,29554.0,28948.0,44326.0,44326.0,68091.3,56161.3,15366.9,13241.7,0.0,45306.8,0.0,16393.9,46585.0,19789.0,67064.2,106954.4,128652.3,113398.0,148
104.5,147154.0,29554.0,28948.0,44326.0,44326.0,68091.3,56161.3,15366.9,13241.8,0.0,45306.8,0.0,16394.0,46585.1,19790.3,67065.5,106953.2,128652.3,113398.1,148
105.5,147154.0,29554.0,28948.0,44326.0,44326.0,68091.3,56161.3,15366.9,13241.8,0.0,45306.8,0.0,16394.1,46585.1,19791.0,67066.3,106952.4,128652.3,113398.1,148
106.5,147174.0,29554.0,28968.0,44326.0,44326.0,68091.3,56161.3,15366.9,13241.8,0.0,45306.8,0.0,16394.0,46585.1,19790.9,67066.1,106952.5,128652.3,113398.1,148
107.5,147174.0,29554.0,28968.0,44326.0,44326.0,68091.5,56161.5,15367.1,13242.0,0.0,45306.8,0.0,16394.2,46585.1,19795.0,67070.2,106948.5,128652.3,113398.3,148
108.6,147174.0,29554.0,28968.0,44326.0,44326.0,68091.5,56161.5,15367.1,13242.0,0.0,45306.8,0.0,16394.4,46584.7,19795.7,67070.5,106947.7,128652.3,113398.3,148
109.6,147174.0,29554.0,28968.0,44326.0,44326.0,68091.6,56161.5,15367.1,13242.0,0.0,45306.8,0.0,16394.2,46584.7,19796.0,67070.9,106947.4,128652.3,113398.4,148
110.6,147174.0,29554.0,28968.0,44326.0,44326.0,68091.7,56161.7,15367.3,13242.1,0.0,45306.9,0.0,16394.4,46584.7,19796.3,67071.2,106947.2,128652.3,113398.6,148
111.6,147174.0,29554.0,28968.0,44326.0,44326.0,68091.7,56161.7,15367.3,13242.1,0.0,45306.9,0.0,16394.4,46584.9,19793.3,67068.4,106950.1,128652.3,113398.6,148
112.6,147174.0,29554.0,28968.0,44326.0,44326.0,68091.7,56161.7,15367.3,13242.1,0.0,45306.9,0.0,16394.4,46584.9,19793.7,67068.7,106949.8,128652.3,113398.6,148
113.6,147174.0,29554.0,28968.0,44326.0,44326.0,68100.8,56170.8,15376.4,13251.3,0.0,45307.0,0.0,16403.5,46585.1,19799.8,67075.1,106943.6,128652.3,113407.8,148
114.6,147176.0,29554.0,28968.0,44328.0,44326.0,68100.9,56170.8,15376.4,13251.3,0.0,45307.0,0.0,16403.5,46584.7,19799.6,67074.5,106943.8,128652.3,113407.9,148
115.6,147176.0,29554.0,28968.0,44328.0,44326.0,68100.9,56170.9,15376.5,13251.3,0.0,45307.0,0.0,16403.6,46584.8,19801.6,67076.5,106941.9,128652.3,113407.9,148
116.7,147176.0,29554.0,28968.0,44328.0,44326.0,68100.9,56170.9,15376.5,13251.3,0.0,45307.0,0.0,16403.6,46584.8,19801.2,67076.1,106942.2,128652.3,113407.9,148
117.7,147176.0,29554.0,28968.0,44328.0,44326.0,68101.0,56171.0,15376.6,13251.5,0.0,45307.0,0.0,16404.1,46584.8,19801.5,67076.5,106941.9,128652.3,113408.1,148
118.7,147176.0,29554.0,28968.0,44328.0,44326.0,68102.2,56172.1,15377.7,13252.6,0.0,45307.0,0.0,16405.0,46585.1,19806.2,67081.5,106937.2,128652.3,113409.2,148
119.8,147176.0,29554.0,28968.0,44328.0,44326.0,68102.2,56172.2,15377.8,13252.7,0.0,45307.0,0.0,16405.1,46585.1,19810.0,67085.3,106933.4,128652.3,113409.2,148
120.8,147176.0,29554.0,28968.0,44328.0,44326.0,68102.2,56172.2,15377.8,13252.7,0.0,45307.0,0.0,16405.1,46585.1,19810.1,67085.4,106933.3,128652.3,113409.3,148
121.9,147176.0,29554.0,28968.0,44328.0,44326.0,68102.2,56172.2,15377.8,13252.7,0.0,45307.0,0.0,16405.1,46585.1,19810.2,67085.5,106933.2,128652.3,113409.3,148
122.9,147176.0,29554.0,28968.0,44328.0,44326.0,68102.2,56172.2,15377.8,13252.7,0.0,45307.0,0.0,16405.1,46585.1,19809.3,67084.6,106934.1,128652.3,113409.3,148
123.9,147176.0,29554.0,28968.0,44328.0,44326.0,68102.2,56172.2,15377.8,13252.7,0.0,45307.0,0.0,16405.1,46585.1,19809.0,67084.2,106934.4,128652.3,113409.3,148
125.0,147176.0,29554.0,28968.0,44328.0,44326.0,68102.3,56172.2,15377.8,13252.7,0.0,45307.0,0.0,16405.1,46584.5,19806.2,67080.9,106937.2,128652.3,113409.3,148
126.0,147176.0,29554.0,28968.0,44328.0,44326.0,68103.5,56173.5,15379.1,13254.0,0.0,45307.0,0.0,16405.6,46584.6,19805.2,67080.0,106938.2,128652.3,113410.6,148
127.2,147176.0,29554.0,28968.0,44328.0,44326.0,68103.8,56173.8,15379.4,13254.2,0.0,45307.1,0.0,16406.6,46584.6,19798.2,67073.1,106945.2,128652.3,113410.9,148
128.2,147176.0,29554.0,28968.0,44328.0,44326.0,68103.8,56173.8,15379.4,13254.2,0.0,45307.1,0.0,16406.7,46584.6,19804.5,67079.3,106938.9,128652.3,113410.9,148
129.2,147176.0,29554.0,28968.0,44328.0,44326.0,68104.1,56174.0,15379.6,13254.5,0.0,45307.1,0.0,16406.7,46584.6,19804.9,67079.7,106938.5,128652.3,113411.1,148
130.2,147176.0,29554.0,28968.0,44328.0,44326.0,68104.1,56174.0,15379.6,13254.5,0.0,45307.2,0.0,16407.0,46584.7,19806.1,67080.9,106937.3,128652.3,113411.2,148
131.3,147176.0,29554.0,28968.0,44328.0,44326.0,68104.1,56174.0,15379.6,13254.5,0.0,45307.2,0.0,16407.0,46584.7,19805.7,67080.5,106937.7,128652.3,113411.2,148
132.3,147176.0,29554.0,28968.0,44328.0,44326.0,68104.1,56174.0,15379.6,13254.5,0.0,45307.2,0.0,16407.0,46584.7,19803.6,67078.4,106939.8,128652.3,113411.2,148
133.3,147176.0,29554.0,28968.0,44328.0,44326.0,68104.1,56174.0,15379.6,13254.5,0.0,45307.2,0.0,16407.0,46584.7,19802.9,67077.8,106940.5,128652.3,113411.2,148
134.3,147176.0,29554.0,28968.0,44328.0,44326.0,68104.1,56174.1,15379.7,13254.5,0.0,45307.2,0.0,16407.1,46584.7,19803.0,67077.9,106940.4,128652.3,113411.3,148
135.3,147176.0,29554.0,28968.0,44328.0,44326.0,68104.1,56174.1,15379.7,13254.5,0.0,45307.2,0.0,16407.0,46584.7,19804.0,67078.9,106939.4,128652.3,113411.3,148
136.4,147176.0,29554.0,28968.0,44328.0,44326.0,68104.1,56174.1,15379.7,13254.5,0.0,45307.2,0.0,16407.0,46584.7,19804.6,67079.4,106938.8,128652.3,113411.3,148
137.4,147176.0,29554.0,28968.0,44328.0,44326.0,68104.1,56174.1,15379.7,13254.5,0.0,45307.2,0.0,16407.5,46584.4,19798.6,67073.2,106944.8,128652.3,113411.3,148
138.4,147176.0,29554.0,28968.0,44328.0,44326.0,68104.1,56174.1,15379.7,13254.5,0.0,45307.2,0.0,16407.1,46584.5,19801.1,67075.8,106942.3,128652.3,113411.3,148
139.4,147176.0,29554.0,28968.0,44328.0,44326.0,68104.1,56174.1,15379.7,13254.5,0.0,45307.2,0.0,16407.1,46584.5,19801.1,67075.8,106942.3,128652.3,113411.4,148
140.4,147176.0,29554.0,28968.0,44328.0,44326.0,68104.1,56174.1,15379.7,13254.5,0.0,45307.2,0.0,16407.1,46584.5,19801.1,67075.8,106942.3,128652.3,113411.4,148
141.5,147176.0,29554.0,28968.0,44328.0,44326.0,68104.1,56174.1,15379.7,13254.5,0.0,45307.2,0.0,16407.1,46584.6,19795.6,67070.4,106947.8,128652.3,113411.4,148
142.5,147176.0,29554.0,28968.0,44328.0,44326.0,68104.1,56174.1,15379.7,13254.5,0.0,45307.3,0.0,16407.1,46584.6,19800.4,67075.2,106943.0,128652.3,113411.4,148
143.5,147176.0,29554.0,28968.0,44328.0,44326.0,68104.1,56174.1,15379.7,13254.5,0.0,45307.3,0.0,16407.1,46584.6,19801.0,67075.8,106942.3,128652.3,113411.4,148
144.6,147176.0,29554.0,28968.0,44328.0,44326.0,68104.1,56174.1,15379.7,13254.6,0.0,45307.3,0.0,16407.1,46584.6,19804.2,67079.0,106939.1,128652.3,113411.4,148
145.6,147250.0,29554.0,29042.0,44328.0,44326.0,68104.4,56174.3,15379.9,13254.8,0.0,45307.3,0.0,16407.3,46584.6,19799.5,67074.4,106943.8,128652.3,113411.7,148
146.6,147250.0,29554.0,29042.0,44328.0,44326.0,68104.6,56174.5,15380.1,13254.9,0.0,45307.3,0.0,16407.7,46584.3,19805.8,67080.3,106937.5,128652.3,113411.9,148
147.6,147252.0,29556.0,29042.0,44328.0,44326.0,68108.3,56178.2,15383.8,13258.7,0.0,45307.3,0.0,16407.7,46584.3,19805.0,67079.5,106938.3,128652.3,113415.6,148
148.7,147252.0,29556.0,29042.0,44328.0,44326.0,68130.4,56196.9,15405.8,13277.4,0.0,45307.3,0.0,16430.2,46584.7,19832.0,67106.9,106911.4,128652.3,113437.7,148
149.7,147252.0,29556.0,29042.0,44328.0,44326.0,68130.4,56196.9,15405.9,13277.4,0.0,45307.3,0.0,16430.3,46584.7,19832.8,67107.7,106910.5,128652.3,113437.7,148
150.7,147252.0,29556.0,29042.0,44328.0,44326.0,68130.4,56196.9,15405.9,13277.4,0.0,45307.3,0.0,16430.2,46584.7,19832.4,67107.4,106910.9,128652.3,113437.7,148
151.8,147252.0,29556.0,29042.0,44328.0,44326.0,68130.4,56196.9,15405.9,13277.4,0.0,45307.4,0.0,16430.2,46585.0,19828.8,67104.1,106914.6,128652.3,113437.8,148
152.8,147252.0,29556.0,29042.0,44328.0,44326.0,68130.4,56196.9,15405.9,13277.4,0.0,45307.4,0.0,16430.2,46585.0,19828.7,67103.9,106914.7,128652.3,113437.8,148
153.8,147252.0,29556.0,29042.0,44328.0,44326.0,68130.4,56196.9,15405.9,13277.4,0.0,45307.4,0.0,16430.2,46585.1,19825.1,67100.4,106918.2,128652.3,113437.8,148
154.9,147252.0,29556.0,29042.0,44328.0,44326.0,68130.4,56196.9,15405.9,13277.4,0.0,45307.5,0.0,16430.5,46585.1,19826.2,67101.5,106917.2,128652.3,113437.9,148
155.9,147252.0,29556.0,29042.0,44328.0,44326.0,68130.4,56196.9,15405.9,13277.4,0.0,45307.5,0.0,16430.2,46585.1,19826.1,67101.4,106917.3,128652.3,113437.9,148
156.9,147252.0,29556.0,29042.0,44328.0,44326.0,68130.4,56196.9,15405.9,13277.4,0.0,45307.5,0.0,16430.2,46585.1,19824.5,67099.8,106918.8,128652.3,113437.9,148
158.0,147252.0,29556.0,29042.0,44328.0,44326.0,68130.4,56196.9,15405.9,13277.4,0.0,45307.5,0.0,16430.2,46585.0,19827.2,67102.5,106916.1,128652.3,113437.9,148
159.1,147252.0,29556.0,29042.0,44328.0,44326.0,68130.4,56196.9,15405.9,13277.4,0.0,45307.5,0.0,16429.7,46585.0,19823.3,67098.6,106920.0,128652.3,113437.9,148
160.1,147252.0,29556.0,29042.0,44328.0,44326.0,68130.4,56197.0,15405.9,13277.4,0.0,45307.5,0.0,16429.6,46585.1,19826.1,67101.4,106917.3,128652.3,113437.9,148
161.2,147252.0,29556.0,29042.0,44328.0,44326.0,68130.4,56197.0,15405.9,13277.4,0.0,45307.5,0.0,16429.7,46585.2,19823.2,67098.7,106920.1,128652.3,113437.9,148
162.3,147252.0,29556.0,29042.0,44328.0,44326.0,68130.4,56197.0,15405.9,13277.4,0.0,45307.5,0.0,16429.4,46585.2,19823.6,67099.1,106919.8,128652.3,113437.9,148
163.3,147252.0,29556.0,29042.0,44328.0,44326.0,68130.4,56197.0,15405.9,13277.4,0.0,45307.5,0.0,16429.6,46585.3,19823.7,67099.2,106919.7,128652.3,113437.9,148
164.4,147252.0,29556.0,29042.0,44328.0,44326.0,68130.5,56197.0,15406.0,13277.5,0.0,45307.5,0.0,16430.0,46585.2,19821.5,67097.0,106921.8,128652.3,113438.0,148
165.4,147252.0,29556.0,29042.0,44328.0,44326.0,68130.5,56197.0,15406.0,13277.5,0.0,45307.5,0.0,16429.8,46585.2,19822.6,67098.1,106920.7,128652.3,113438.0,148
166.4,147252.0,29556.0,29042.0,44328.0,44326.0,68130.5,56197.0,15406.0,13277.5,0.0,45307.5,0.0,16429.9,46585.2,19822.8,67098.3,106920.5,128652.3,113438.0,148
167.5,147252.0,29556.0,29042.0,44328.0,44326.0,68130.5,56197.1,15406.0,13277.5,0.0,45307.6,0.0,16429.8,46585.4,19823.5,67099.1,106919.9,128652.3,113438.2,148
168.5,147252.0,29556.0,29042.0,44328.0,44326.0,68131.6,56198.1,15407.1,13278.6,0.0,45307.6,0.0,16430.3,46585.4,19824.2,67099.8,106919.1,128652.3,113439.2,148
169.5,147252.0,29556.0,29042.0,44328.0,44326.0,68131.6,56198.1,15407.1,13278.6,0.0,45307.7,0.0,16430.9,46585.3,19828.4,67103.9,106915.0,128652.3,113439.2,148
170.6,147252.0,29556.0,29042.0,44328.0,44326.0,68131.6,56198.2,15407.1,13278.6,0.0,45307.7,0.0,16430.9,46585.3,19829.0,67104.5,106914.4,128652.3,113439.3,148
171.6,147254.0,29556.0,29042.0,44328.0,44328.0,68131.6,56198.2,15407.1,13278.6,0.0,45307.7,0.0,16430.9,46585.6,19830.8,67106.7,106912.5,128652.3,113439.3,148
172.6,147254.0,29556.0,29042.0,44328.0,44328.0,68131.6,56198.2,15407.1,13278.7,0.0,45307.7,0.0,16430.9,46585.6,19824.6,67100.5,106918.8,128652.3,113439.3,148
173.7,147254.0,29556.0,29042.0,44328.0,44328.0,68131.6,56198.2,15407.1,13278.7,0.0,45307.7,0.0,16431.1,46585.8,19825.3,67101.4,106918.1,128652.3,113439.3,148
174.7,147254.0,29556.0,29042.0,44328.0,44328.0,68131.6,56198.2,15407.1,13278.7,0.0,45307.7,0.0,16431.0,46585.8,19827.5,67103.6,106915.8,128652.3,113439.3,148
175.8,147254.0,29556.0,29042.0,44328.0,44328.0,68131.6,56198.2,15407.1,13278.7,0.0,45307.7,0.0,16431.0,46585.7,19828.3,67104.2,106915.0,128652.3,113439.3,148
176.8,147254.0,29556.0,29042.0,44328.0,44328.0,68131.6,56198.2,15407.1,13278.7,0.0,45307.7,0.0,16431.0,46585.7,19827.2,67103.1,106916.1,128652.3,113439.3,148
177.8,147254.0,29556.0,29042.0,44328.0,44328.0,68131.6,56198.2,15407.1,13278.7,0.0,45307.7,0.0,16431.0,46585.7,19827.4,67103.4,106915.9,128652.3,113439.4,148
178.8,147254.0,29556.0,29042.0,44328.0,44328.0,68131.6,56198.2,15407.1,13278.7,0.0,45307.7,0.0,16430.5,46585.7,19825.6,67101.6,106917.7,128652.3,113439.4,148
179.8,147254.0,29556.0,29042.0,44328.0,44328.0,68131.7,56198.2,15407.1,13278.7,0.0,45307.7,0.0,16430.0,46585.7,19826.9,67102.9,106916.4,128652.3,113439.4,148
180.9,147254.0,29556.0,29042.0,44328.0,44328.0,68131.7,56198.2,15407.1,13278.7,0.0,45307.7,0.0,16430.0,46585.7,19826.3,67102.3,106917.0,128652.3,113439.4,148
181.9,147254.0,29556.0,29042.0,44328.0,44328.0,68131.8,56198.4,15407.3,13278.8,0.0,45307.7,0.0,16430.0,46585.7,19828.0,67104.0,106915.3,128652.3,113439.6,148
182.9,147254.0,29556.0,29042.0,44328.0,44328.0,68131.8,56198.4,15407.3,13278.8,0.0,45307.7,0.0,16430.7,46585.7,19827.3,67103.2,106916.0,128652.3,113439.6,148
183.9,147254.0,29556.0,29042.0,44328.0,44328.0,68134.6,56201.1,15410.0,13281.6,0.0,45307.7,0.0,16430.3,46585.7,19826.6,67102.5,106916.8,128652.3,113442.3,148
185.0,147274.0,29576.0,29042.0,44328.0,44328.0,68167.2,56230.4,15439.4,13310.9,0.0,45307.7,0.0,16461.2,46585.3,19859.0,67134.7,106884.3,128652.3,113475.0,148
186.0,147274.0,29576.0,29042.0,44328.0,44328.0,68167.2,56230.4,15439.4,13310.9,0.0,45307.7,0.0,16462.4,46585.6,19859.0,67134.8,106884.3,128652.3,113475.0,148
187.0,147274.0,29576.0,29042.0,44328.0,44328.0,68167.3,56230.5,15439.4,13311.0,0.0,45307.7,0.0,16462.4,46585.6,19860.0,67135.9,106883.3,128652.3,113475.0,148
188.1,147294.0,29576.0,29062.0,44328.0,44328.0,68167.3,56230.5,15439.4,13311.0,0.0,45307.8,0.0,16462.4,46585.7,19860.6,67136.5,106882.7,128652.3,113475.1,148
189.1,147294.0,29576.0,29062.0,44328.0,44328.0,68167.7,56230.9,15439.8,13311.3,0.0,45307.8,0.0,16462.6,46585.6,19858.5,67134.4,106884.8,128652.3,113475.5,148
190.1,147294.0,29576.0,29062.0,44328.0,44328.0,68167.9,56231.0,15440.0,13311.5,0.0,45307.8,0.0,16463.0,46585.6,19860.2,67136.1,106883.1,128652.3,113475.7,148
191.1,147294.0,29576.0,29062.0,44328.0,44328.0,68167.9,56231.1,15440.0,13311.5,0.0,45307.9,0.0,16463.0,46585.2,19861.3,67136.8,106882.0,128652.3,113475.8,148
192.2,147294.0,29576.0,29062.0,44328.0,44328.0,68168.2,56231.3,15440.3,13311.8,0.0,45307.9,0.0,16462.9,46585.3,19862.8,67138.3,106880.5,128652.3,113476.1,148
193.3,147294.0,29576.0,29062.0,44328.0,44328.0,68172.8,56236.0,15445.0,13316.5,0.0,45307.9,0.0,16463.3,46585.2,19865.0,67140.6,106878.3,128652.3,113480.8,148
194.3,147294.0,29576.0,29062.0,44328.0,44328.0,68175.8,56239.0,15448.0,13319.5,0.0,45307.9,0.0,16471.9,46584.8,19873.4,67148.5,106869.9,128652.3,113483.8,148
195.3,147294.0,29576.0,29062.0,44328.0,44328.0,68175.8,56239.0,15448.0,13319.5,0.0,45307.9,0.0,16471.5,46584.8,19875.5,67150.6,106867.8,128652.3,113483.8,148
196.3,147294.0,29576.0,29062.0,44328.0,44328.0,68175.8,56239.0,15448.0,13319.5,0.0,45307.9,0.0,16471.4,46584.8,19875.5,67150.6,106867.7,128652.3,113483.8,148
197.4,147294.0,29576.0,29062.0,44328.0,44328.0,68175.8,56239.0,15448.0,13319.5,0.0,45308.0,0.0,16471.5,46584.9,19874.8,67149.9,106868.5,128652.3,113483.9,148
198.4,147294.0,29576.0,29062.0,44328.0,44328.0,68175.9,56239.0,15448.0,13319.5,0.0,45308.0,0.0,16472.1,46584.9,19875.4,67150.5,106867.9,128652.3,113483.9,148
199.4,147294.0,29576.0,29062.0,44328.0,44328.0,68175.9,56239.1,15448.0,13319.5,0.0,45308.0,0.0,16472.2,46584.9,19875.3,67150.5,106867.9,128652.3,113483.9,148
200.5,147294.0,29576.0,29062.0,44328.0,44328.0,68175.9,56239.1,15448.0,13319.6,0.0,45308.0,0.0,16472.2,46584.9,19871.9,67147.1,106871.3,128652.3,113483.9,148
201.5,147294.0,29576.0,29062.0,44328.0,44328.0,68176.0,56239.2,15448.1,13319.6,0.0,45308.0,0.0,16472.3,46585.0,19872.2,67147.5,106871.1,128652.3,113484.0,148
202.5,147294.0,29576.0,29062.0,44328.0,44328.0,68176.0,56239.2,15448.1,13319.6,0.0,45308.1,0.0,16472.3,46585.1,19873.1,67148.5,106870.1,128652.3,113484.1,148
203.5,147294.0,29576.0,29062.0,44328.0,44328.0,68176.1,56239.3,15448.2,13319.8,0.0,45308.1,0.0,16472.3,46585.1,19873.4,67148.7,106869.9,128652.3,113484.2,148
204.6,147294.0,29576.0,29062.0,44328.0,44328.0,68176.2,56239.4,15448.4,13319.9,0.0,45308.2,0.0,16472.4,46585.1,19870.7,67146.1,106872.6,128652.3,113484.4,148
205.6,147294.0,29576.0,29062.0,44328.0,44328.0,68176.2,56239.4,15448.4,13319.9,0.0,45308.2,0.0,16472.6,46585.3,19870.2,67145.8,106873.0,128652.3,113484.4,148
206.6,147294.0,29576.0,29062.0,44328.0,44328.0,68176.2,56239.4,15448.4,13319.9,0.0,45308.2,0.0,16472.6,46585.3,19869.8,67145.4,106873.4,128652.3,113484.5,148
207.6,147294.0,29576.0,29062.0,44328.0,44328.0,68176.2,56239.4,15448.4,13319.9,0.0,45308.2,0.0,16472.6,46585.3,19869.6,67145.3,106873.6,128652.3,113484.5,148
208.7,147294.0,29576.0,29062.0,44328.0,44328.0,68176.2,56239.4,15448.4,13319.9,0.0,45308.2,0.0,16472.6,46585.3,19870.1,67145.7,106873.1,128652.3,113484.5,148
209.7,147294.0,29576.0,29062.0,44328.0,44328.0,68176.2,56239.4,15448.4,13319.9,0.0,45308.2,0.0,16472.6,46585.3,19870.6,67146.2,106872.6,128652.3,113484.5,148
210.7,147294.0,29576.0,29062.0,44328.0,44328.0,68176.5,56239.6,15448.6,13320.1,0.0,45308.2,0.0,16472.8,46585.6,19870.5,67146.4,106872.7,128652.3,113484.7,148
211.7,147294.0,29576.0,29062.0,44328.0,44328.0,68176.5,56239.6,15448.6,13320.1,0.0,45308.2,0.0,16472.8,46585.6,19869.5,67145.5,106873.7,128652.3,113484.7,148
212.7,147294.0,29576.0,29062.0,44328.0,44328.0,68176.5,56239.6,15448.6,13320.1,0.0,45308.2,0.0,16472.8,46585.6,19869.5,67145.4,106873.7,128652.3,113484.7,148
213.7,147294.0,29576.0,29062.0,44328.0,44328.0,68176.5,56239.6,15448.6,13320.1,0.0,45308.2,0.0,16472.8,46585.6,19869.9,67145.8,106873.4,128652.3,113484.7,148
214.8,147294.0,29576.0,29062.0,44328.0,44328.0,68176.5,56239.7,15448.7,13320.2,0.0,45308.2,0.0,16472.9,46585.6,19872.7,67148.6,106870.6,128652.3,113484.7,148
215.8,147294.0,29576.0,29062.0,44328.0,44328.0,68193.4,56256.5,15465.5,13337.0,0.0,45308.2,0.0,16472.9,46585.6,19868.4,67144.3,106874.9,128652.3,113501.6,148
216.9,147294.0,29576.0,29062.0,44328.0,44328.0,68193.4,56256.5,15465.5,13337.0,0.0,45308.3,0.0,16489.8,46585.7,19884.7,67160.8,106858.5,128652.3,113501.6,148
217.9,147294.0,29576.0,29062.0,44328.0,44328.0,68193.5,56256.7,15465.6,13337.2,0.0,45308.3,0.0,16489.8,46585.7,19886.7,67162.7,106856.6,128652.3,113501.8,148
219.0,147294.0,29576.0,29062.0,44328.0,44328.0,68193.9,56257.0,15466.0,13337.5,0.0,45308.3,0.0,16490.1,46585.3,19888.8,67164.4,106854.5,128652.3,113502.1,148
220.0,147294.0,29576.0,29062.0,44328.0,44328.0,68193.9,56257.1,15466.0,13337.6,0.0,45308.3,0.0,16490.6,46585.4,19888.4,67164.2,106854.9,128652.3,113502.2,148
221.1,147294.0,29576.0,29062.0,44328.0,44328.0,68193.9,56257.1,15466.1,13337.6,0.0,45311.4,0.0,16491.0,46588.5,19889.3,67168.5,106853.6,128652.3,113505.3,148
222.1,147294.0,29576.0,29062.0,44328.0,44328.0,68193.9,56257.1,15466.1,13337.6,0.0,45311.5,0.0,16490.7,46588.6,19889.6,67168.8,106853.3,128652.3,113505.4,148
223.1,147294.0,29576.0,29062.0,44328.0,44328.0,68193.9,56257.1,15466.1,13337.6,0.0,45311.5,0.0,16490.4,46588.6,19890.2,67169.5,106852.7,128652.3,113505.4,148
224.2,147294.0,29576.0,29062.0,44328.0,44328.0,68194.1,56257.2,15466.2,13337.7,0.0,45311.5,0.0,16491.1,46588.7,19888.9,67168.3,106854.0,128652.3,113505.6,148
225.2,147294.0,29576.0,29062.0,44328.0,44328.0,68194.1,56257.2,15466.2,13337.7,0.0,45311.6,0.0,16491.1,46588.9,19890.2,67169.8,106852.8,128652.3,113505.7,148
226.3,147294.0,29576.0,29062.0,44328.0,44328.0,68194.1,56257.2,15466.2,13337.7,0.0,45311.6,0.0,16490.8,46588.9,19891.5,67171.1,106851.4,128652.3,113505.7,148
227.3,147294.0,29576.0,29062.0,44328.0,44328.0,68194.1,56257.2,15466.2,13337.7,0.0,45311.6,0.0,16491.1,46588.9,19890.4,67170.0,106852.5,128652.3,113505.7,148
228.3,147294.0,29576.0,29062.0,44328.0,44328.0,68194.1,56257.2,15466.2,13337.7,0.0,45311.6,0.0,16490.9,46588.7,19895.3,67174.7,106847.6,128652.3,113505.7,148
229.3,147294.0,29576.0,29062.0,44328.0,44328.0,68194.1,56257.2,15466.2,13337.7,0.0,45311.6,0.0,16490.9,46588.8,19895.8,67175.3,106847.1,128652.3,113505.7,148
230.4,147294.0,29576.0,29062.0,44328.0,44328.0,68194.1,56257.2,15466.2,13337.7,0.0,45311.6,0.0,16491.0,46588.8,19896.5,67175.9,106846.4,128652.3,113505.7,148
231.4,147294.0,29576.0,29062.0,44328.0,44328.0,68194.1,56257.3,15466.2,13337.7,0.0,45311.7,0.0,16491.5,46588.4,19897.7,67176.9,106845.2,128652.3,113505.7,148
232.4,147294.0,29576.0,29062.0,44328.0,44328.0,68194.1,56257.3,15466.2,13337.7,0.0,45311.7,0.0,16491.0,46588.4,19897.6,67176.8,106845.3,128652.3,113505.7,148
233.5,147294.0,29576.0,29062.0,44328.0,44328.0,68194.1,56257.3,15466.2,13337.7,0.0,45311.7,0.0,16491.0,46588.4,19894.8,67173.9,106848.1,128652.3,113505.8,148
234.5,147294.0,29576.0,29062.0,44328.0,44328.0,68194.1,56257.3,15466.2,13337.7,0.0,45311.7,0.0,16491.0,46588.6,19899.3,67178.6,106843.6,128652.3,113505.8,148
235.5,147294.0,29576.0,29062.0,44328.0,44328.0,68194.3,56257.5,15466.4,13337.9,0.0,45311.7,0.0,16491.3,46588.8,19897.8,67177.3,106845.1,128652.3,113506.0,148
236.5,147294.0,29576.0,29062.0,44328.0,44328.0,68194.3,56257.5,15466.4,13337.9,0.0,45311.7,0.0,16491.2,46588.8,19895.9,67175.4,106847.0,128652.3,113506.0,148
237.5,147294.0,29576.0,29062.0,44328.0,44328.0,68194.3,56257.5,15466.4,13337.9,0.0,45311.7,0.0,16491.2,46588.8,19895.9,67175.4,106847.0,128652.3,113506.0,148
238.5,147294.0,29576.0,29062.0,44328.0,44328.0,68194.3,56257.5,15466.4,13337.9,0.0,45311.7,0.0,16491.2,46588.8,19895.9,67175.4,106847.0,128652.3,113506.0,148
239.6,147294.0,29576.0,29062.0,44328.0,44328.0,68194.3,56257.5,15466.4,13338.0,0.0,45311.7,0.0,16491.2,46588.8,19897.4,67176.9,106845.5,128652.3,113506.0,148
240.6,147294.0,29576.0,29062.0,44328.0,44328.0,68194.3,56257.5,15466.4,13338.0,0.0,45311.8,0.0,16491.2,46588.7,19895.4,67174.8,106847.4,128652.3,113506.1,148
241.6,147294.0,29576.0,29062.0,44328.0,44328.0,68194.4,56257.5,15466.5,13338.0,0.0,45311.8,0.0,16491.2,46589.0,19890.8,67170.5,106852.1,128652.3,113506.2,148
242.7,147294.0,29576.0,29062.0,44328.0,44328.0,68194.4,56257.5,15466.5,13338.0,0.0,45311.8,0.0,16491.2,46589.0,19891.8,67171.5,106851.1,128652.3,113506.2,148
243.8,147294.0,29576.0,29062.0,44328.0,44328.0,68194.4,56257.5,15466.5,13338.0,0.0,45311.8,0.0,16491.2,46589.0,19886.4,67166.2,106856.5,128652.3,113506.2,148
244.8,147294.0,29576.0,29062.0,44328.0,44328.0,68194.4,56257.5,15466.5,13338.0,0.0,45311.8,0.0,16491.3,46589.4,19891.1,67171.2,106851.8,128652.3,113506.2,148
245.8,147294.0,29576.0,29062.0,44328.0,44328.0,68194.4,56257.5,15466.5,13338.0,0.0,45311.8,0.0,16491.3,46589.3,19895.0,67175.0,106847.9,128652.3,113506.2,148
246.8,147294.0,29576.0,29062.0,44328.0,44328.0,68194.4,56257.5,15466.5,13338.0,0.0,45311.8,0.0,16491.3,46589.3,19895.8,67175.9,106847.1,128652.3,113506.2,148
247.9,147294.0,29576.0,29062.0,44328.0,44328.0,68194.4,56257.5,15466.5,13338.0,0.0,45311.8,0.0,16491.3,46589.3,19893.0,67173.1,106849.9,128652.3,113506.2,148
248.9,147294.0,29576.0,29062.0,44328.0,44328.0,68194.4,56257.5,15466.5,13338.0,0.0,45311.8,0.0,16491.3,46589.4,19892.8,67172.9,106850.1,128652.3,113506.2,148
250.0,147294.0,29576.0,29062.0,44328.0,44328.0,68194.4,56257.5,15466.5,13338.0,0.0,45311.8,0.0,16491.3,46589.4,19891.6,67171.7,106851.3,128652.3,113506.3,148
251.0,147294.0,29576.0,29062.0,44328.0,44328.0,68194.4,56257.5,15466.5,13338.0,0.0,45311.8,0.0,16491.3,46589.4,19886.6,67166.7,106856.3,128652.3,113506.3,148
252.0,147294.0,29576.0,29062.0,44328.0,44328.0,68194.4,56257.5,15466.5,13338.0,0.0,45311.9,0.0,16491.3,46589.4,19887.3,67167.4,106855.5,128652.3,113506.3,148
253.1,147294.0,29576.0,29062.0,44328.0,44328.0,68194.4,56257.5,15466.5,13338.0,0.0,45311.9,0.0,16491.3,46589.4,19889.2,67169.4,106853.6,128652.3,113506.3,148
254.1,147294.0,29576.0,29062.0,44328.0,44328.0,68194.4,56257.5,15466.5,13338.0,0.0,45311.9,0.0,16491.1,46589.4,19888.8,67168.9,106854.1,128652.3,113506.3,148
255.1,147294.0,29576.0,29062.0,44328.0,44328.0,68194.4,56257.5,15466.6,13338.0,0.0,45311.9,0.0,16490.6,46589.4,19890.3,67170.4,106852.6,128652.3,113506.3,148
256.1,147294.0,29576.0,29062.0,44328.0,44328.0,68194.5,56257.6,15466.6,13338.1,0.0,45311.9,0.0,16491.0,46588.9,19887.0,67166.6,106855.9,128652.3,113506.4,148
257.2,147294.0,29576.0,29062.0,44328.0,44328.0,68194.5,56257.6,15466.6,13338.1,0.0,45311.9,0.0,16490.8,46589.3,19884.3,67164.3,106858.6,128652.3,113506.4,148
258.2,147294.0,29576.0,29062.0,44328.0,44328.0,68194.5,56257.6,15466.6,13338.1,0.0,45311.9,0.0,16490.8,46589.3,19885.1,67165.2,106857.8,128652.3,113506.4,148
259.2,147294.0,29576.0,29062.0,44328.0,44328.0,68194.5,56257.7,15466.7,13338.1,0.0,45311.9,0.0,16490.8,46589.3,19889.6,67169.6,106853.3,128652.3,113506.4,148
260.2,147294.0,29576.0,29062.0,44328.0,44328.0,68194.6,56257.7,15466.7,13338.2,0.0,45312.0,0.0,16491.3,46589.8,19888.5,67169.1,106854.4,128652.3,113506.6,148
261.2,147294.0,29576.0,29062.0,44328.0,44328.0,68194.6,56257.7,15466.7,13338.2,0.0,45312.0,0.0,16490.8,46589.8,19889.1,67169.7,106853.7,128652.3,113506.6,148
262.2,147294.0,29576.0,29062.0,44328.0,44328.0,68194.6,56257.7,15466.7,13338.2,0.0,45312.0,0.0,16490.9,46589.8,19889.7,67170.3,106853.1,128652.3,113506.6,148
263.3,147294.0,29576.0,29062.0,44328.0,44328.0,68194.9,56258.0,15467.0,13338.5,0.0,45312.0,0.0,16490.8,46590.2,19895.1,67176.0,106847.7,128652.3,113506.9,148
264.3,147294.0,29576.0,29062.0,44328.0,44328.0,68194.9,56258.0,15467.0,13338.5,0.0,45312.0,0.0,16491.2,46589.3,19888.7,67168.8,106854.1,128652.3,113506.9,148
265.3,147294.0,29576.0,29062.0,44328.0,44328.0,68194.9,56258.0,15467.0,13338.5,0.0,45312.0,0.0,16491.2,46589.3,19889.8,67169.8,106853.1,128652.3,113506.9,148
266.3,147294.0,29576.0,29062.0,44328.0,44328.0,68194.9,56258.0,15467.0,13338.5,0.0,45312.0,0.0,16491.2,46589.3,19888.2,67168.2,106854.7,128652.3,113506.9,148
267.3,147294.0,29576.0,29062.0,44328.0,44328.0,68194.9,56258.0,15467.0,13338.5,0.0,45312.0,0.0,16491.2,46589.3,19889.7,67169.8,106853.1,128652.3,113506.9,148
268.3,147294.0,29576.0,29062.0,44328.0,44328.0,68194.9,56258.0,15467.0,13338.5,0.0,45312.0,0.0,16491.2,46589.3,19889.7,67169.8,106853.1,128652.3,113506.9,148
269.3,147294.0,29576.0,29062.0,44328.0,44328.0,68194.9,56258.0,15467.0,13338.5,0.0,45312.0,0.0,16491.2,46589.3,19890.3,67170.4,106852.5,128652.3,113506.9,148
270.4,147294.0,29576.0,29062.0,44328.0,44328.0,68194.9,56258.0,15467.0,13338.5,0.0,45312.0,0.0,16491.2,46589.3,19890.8,67170.9,106852.1,128652.3,113506.9,148
271.4,147294.0,29576.0,29062.0,44328.0,44328.0,68194.9,56258.0,15467.1,13338.5,0.0,45312.1,0.0,16491.2,46589.2,19892.4,67172.4,106850.4,128652.3,113507.0,148
272.4,147294.0,29576.0,29062.0,44328.0,44328.0,68194.9,56258.0,15467.1,13338.5,0.0,45312.1,0.0,16491.3,46589.2,19893.0,67173.0,106849.8,128652.3,113507.0,148
273.4,147294.0,29576.0,29062.0,44328.0,44328.0,68194.9,56258.0,15467.1,13338.5,0.0,45312.1,0.0,16491.3,46589.3,19895.4,67175.4,106847.4,128652.3,113507.0,148
274.4,147294.0,29576.0,29062.0,44328.0,44328.0,68194.9,56258.1,15467.1,13338.5,0.0,45312.1,0.0,16491.3,46589.3,19897.6,67177.7,106845.2,128652.3,113507.0,148
275.5,147294.0,29576.0,29062.0,44328.0,44328.0,68194.9,56258.1,15467.1,13338.5,0.0,45312.1,0.0,16491.3,46589.5,19898.0,67178.3,106844.8,128652.3,113507.0,148
276.5,147294.0,29576.0,29062.0,44328.0,44328.0,68194.9,56258.1,15467.1,13338.5,0.0,45312.1,0.0,16491.3,46589.5,19898.3,67178.6,106844.5,128652.3,113507.0,148
277.6,147294.0,29576.0,29062.0,44328.0,44328.0,68194.9,56258.1,15467.1,13338.5,0.0,45312.1,0.0,16491.2,46589.4,19898.0,67178.2,106844.8,128652.3,113507.0,148
278.7,147294.0,29576.0,29062.0,44328.0,44328.0,68194.9,56258.1,15467.1,13338.5,0.0,45312.2,0.0,16491.2,46589.5,19898.3,67178.5,106844.6,128652.3,113507.1,148
279.7,147294.0,29576.0,29062.0,44328.0,44328.0,68194.9,56258.1,15467.1,13338.5,0.0,45312.2,0.0,16491.4,46589.7,19899.8,67180.3,106843.0,128652.3,113507.1,148
280.8,147294.0,29576.0,29062.0,44328.0,44328.0,68194.9,56258.1,15467.1,13338.5,0.0,45312.3,0.0,16491.5,46589.7,19900.2,67180.6,106842.7,128652.3,113507.2,148
281.8,147294.0,29576.0,29062.0,44328.0,44328.0,68194.9,56258.1,15467.1,13338.5,0.0,45312.3,0.0,16491.5,46589.7,19899.5,67180.0,106843.3,128652.3,113507.2,148
282.8,147294.0,29576.0,29062.0,44328.0,44328.0,68202.3,56265.4,15474.4,13345.9,0.0,45312.3,0.0,16491.4,46589.7,19899.4,67179.9,106843.4,128652.3,113514.6,148
283.9,147294.0,29576.0,29062.0,44328.0,44328.0,68215.7,56278.8,15487.8,13359.3,0.0,45312.3,0.0,16512.2,46589.7,19918.1,67198.7,106824.7,128652.3,113528.0,148
284.9,147294.0,29576.0,29062.0,44328.0,44328.0,68215.9,56279.0,15488.0,13359.5,0.0,45312.3,0.0,16512.2,46589.7,19919.8,67200.3,106823.1,128652.3,113528.1,148
285.9,147294.0,29576.0,29062.0,44328.0,44328.0,68215.9,56279.0,15488.0,13359.5,0.0,45312.3,0.0,16512.4,46589.5,19919.4,67199.6,106823.4,128652.3,113528.1,148
286.9,147294.0,29576.0,29062.0,44328.0,44328.0,68215.9,56279.0,15488.0,13359.5,0.0,45312.3,0.0,16512.4,46589.5,19919.2,67199.5,106823.6,128652.3,113528.1,148
287.9,147294.0,29576.0,29062.0,44328.0,44328.0,68215.9,56279.0,15488.0,13359.5,0.0,45312.3,0.0,16512.4,46589.5,19920.3,67200.6,106822.5,128652.3,113528.2,148
288.9,147294.0,29576.0,29062.0,44328.0,44328.0,68215.9,56279.0,15488.0,13359.5,0.0,45312.3,0.0,16512.4,46589.5,19917.8,67198.1,106825.0,128652.3,113528.2,148
289.9,147294.0,29576.0,29062.0,44328.0,44328.0,68215.9,56279.0,15488.0,13359.5,0.0,45312.3,0.0,16512.5,46589.6,19917.4,67197.8,106825.5,128652.3,113528.2,148
290.9,147294.0,29576.0,29062.0,44328.0,44328.0,68225.5,56288.5,15497.6,13369.0,0.0,45312.3,0.0,16521.8,46589.1,19929.6,67209.5,106813.2,128652.3,113537.9,148
291.9,147294.0,29576.0,29062.0,44328.0,44328.0,68225.5,56288.5,15497.6,13369.0,0.0,45312.3,0.0,16521.9,46589.4,19930.4,67210.5,106812.4,128652.3,113537.9,148
292.9,147294.0,29576.0,29062.0,44328.0,44328.0,68225.5,56288.5,15497.6,13369.0,0.0,45312.3,0.0,16521.5,46589.6,19929.4,67209.8,106813.4,128652.3,113537.9,148
293.9,147294.0,29576.0,29062.0,44328.0,44328.0,68225.5,56288.5,15497.6,13369.0,0.0,45312.3,0.0,16521.9,46589.8,19925.9,67206.4,106817.0,128652.3,113537.9,148
294.9,147294.0,29576.0,29062.0,44328.0,44328.0,68225.5,56288.5,15497.6,13369.0,0.0,45312.3,0.0,16521.9,46589.5,19926.4,67206.7,106816.4,128652.3,113537.9,148
295.9,147294.0,29576.0,29062.0,44328.0,44328.0,68225.5,56288.5,15497.6,13369.0,0.0,45312.3,0.0,16521.9,46589.5,19926.2,67206.5,106816.6,128652.3,113537.9,148
296.9,147294.0,29576.0,29062.0,44328.0,44328.0,68225.5,56288.5,15497.6,13369.0,0.0,45312.5,0.0,16521.9,46589.6,19923.1,67203.5,106819.7,128652.3,113538.0,148
297.9,147294.0,29576.0,29062.0,44328.0,44328.0,68225.5,56288.5,15497.6,13369.0,0.0,45312.5,0.0,16521.9,46589.6,19922.5,67202.9,106820.3,128652.3,113538.0,148
299.0,147294.0,29576.0,29062.0,44328.0,44328.0,68225.8,56288.8,15497.9,13369.2,0.0,45312.5,0.0,16522.1,46589.7,19925.7,67206.2,106817.1,128652.3,113538.3,148
300.0,147294.0,29576.0,29062.0,44328.0,44328.0,68225.8,56288.8,15497.9,13369.2,0.0,45312.5,0.0,16522.2,46589.7,19926.5,67207.0,106816.3,128652.3,113538.3,148
301.0,147294.0,29576.0,29062.0,44328.0,44328.0,68225.8,56288.8,15497.9,13369.3,0.0,45312.5,0.0,16522.2,46589.7,19929.4,67209.9,106813.4,128652.3,113538.3,148
302.0,147294.0,29576.0,29062.0,44328.0,44328.0,68225.8,56288.8,15497.9,13369.3,0.0,45312.5,0.0,16522.2,46589.6,19929.5,67209.9,106813.3,128652.3,113538.3,148
303.0,147294.0,29576.0,29062.0,44328.0,44328.0,68225.8,56288.8,15498.0,13369.3,0.0,45312.5,0.0,16522.3,46589.6,19928.1,67208.5,106814.7,128652.3,113538.3,148
304.0,147294.0,29576.0,29062.0,44328.0,44328.0,68225.8,56288.8,15497.9,13369.3,0.0,45312.5,0.0,16522.2,46589.6,19930.7,67211.1,106812.1,128652.3,113538.3,148
305.0,147294.0,29576.0,29062.0,44328.0,44328.0,68225.8,56288.8,15498.0,13369.3,0.0,45312.5,0.0,16522.3,46589.2,19934.3,67214.2,106808.5,128652.3,113538.3,148
306.0,147294.0,29576.0,29062.0,44328.0,44328.0,68225.8,56288.8,15498.0,13369.3,0.0,45312.5,0.0,16522.2,46589.6,19931.6,67212.1,106811.2,128652.3,113538.3,148
307.0,147294.0,29576.0,29062.0,44328.0,44328.0,68226.1,56289.0,15498.2,13369.5,0.0,45312.5,0.0,16522.4,46589.8,19930.1,67210.7,106812.7,128652.3,113538.6,148
308.0,147294.0,29576.0,29062.0,44328.0,44328.0,68235.5,56298.4,15507.6,13378.9,0.0,45312.5,0.0,16531.3,46590.6,19935.6,67216.9,106807.2,128652.3,113548.0,148
309.0,147294.0,29576.0,29062.0,44328.0,44328.0,68235.5,56298.4,15507.6,13378.9,0.0,45312.5,0.0,16531.9,46589.5,19935.7,67216.0,106807.1,128652.3,113548.0,148
310.0,147294.0,29576.0,29062.0,44328.0,44328.0,68235.5,56298.5,15507.6,13378.9,0.0,45312.5,0.0,16532.4,46589.5,19938.2,67218.5,106804.5,128652.3,113548.0,148
311.0,147294.0,29576.0,29062.0,44328.0,44328.0,68235.5,56298.4,15507.6,13378.9,0.0,45312.5,0.0,16531.9,46589.5,19938.1,67218.4,106804.7,128652.3,113548.0,148
312.0,147294.0,29576.0,29062.0,44328.0,44328.0,68267.7,56327.0,15536.2,13407.5,0.0,45312.5,0.0,16560.1,46590.1,19965.3,67246.2,106777.5,128652.3,113580.3,148
313.1,147294.0,29576.0,29062.0,44328.0,44328.0,68267.7,56327.0,15536.2,13407.5,0.0,45312.5,0.0,16560.5,46590.0,19966.0,67246.8,106776.8,128652.3,113580.3,148
314.1,147294.0,29576.0,29062.0,44328.0,44328.0,68267.7,56327.0,15536.2,13407.5,0.0,45312.5,0.0,16560.5,46590.0,19967.4,67248.1,106775.4,128652.3,113580.3,148
315.1,147294.0,29576.0,29062.0,44328.0,44328.0,68267.8,56327.0,15536.2,13407.5,0.0,45312.5,0.0,16560.5,46589.8,19966.1,67246.8,106776.6,128652.3,113580.3,148
316.1,147294.0,29576.0,29062.0,44328.0,44328.0,68267.8,56327.0,15536.2,13407.5,0.0,45312.5,0.0,16560.5,46589.4,19964.4,67244.6,106778.4,128652.3,113580.3,148
317.1,147294.0,29576.0,29062.0,44328.0,44328.0,68267.8,56327.0,15536.2,13407.5,0.0,45312.6,0.0,16560.5,46589.5,19964.6,67245.0,106778.2,128652.3,113580.4,148
318.1,147294.0,29576.0,29062.0,44328.0,44328.0,68267.8,56327.0,15536.2,13407.5,0.0,45312.6,0.0,16560.5,46589.5,19963.3,67243.6,106779.5,128652.3,113580.4,148
319.2,147294.0,29576.0,29062.0,44328.0,44328.0,68267.8,56327.0,15536.2,13407.5,0.0,45312.6,0.0,16560.5,46589.5,19963.6,67244.0,106779.2,128652.3,113580.4,148
320.2,147294.0,29576.0,29062.0,44328.0,44328.0,68267.8,56327.1,15536.2,13407.5,0.0,45312.7,0.0,16560.6,46589.6,19964.9,67245.3,106777.8,128652.3,113580.5,148
321.2,147294.0,29576.0,29062.0,44328.0,44328.0,68267.8,56327.1,15536.2,13407.5,0.0,45312.7,0.0,16560.6,46589.6,19965.0,67245.4,106777.8,128652.3,113580.5,148
322.2,147294.0,29576.0,29062.0,44328.0,44328.0,68267.8,56327.1,15536.2,13407.5,0.0,45312.7,0.0,16560.6,46589.6,19967.6,67248.1,106775.1,128652.3,113580.6,148
323.2,147294.0,29576.0,29062.0,44328.0,44328.0,68267.8,56327.1,15536.2,13407.5,0.0,45312.7,0.0,16560.6,46589.8,19967.9,67248.5,106774.9,128652.3,113580.6,148
324.4,147294.0,29576.0,29062.0,44328.0,44328.0,68276.0,56335.2,15544.4,13415.7,0.0,45312.7,0.0,16569.0,46590.2,19977.3,67258.3,106765.5,128652.3,113588.7,148
325.4,147294.0,29576.0,29062.0,44328.0,44328.0,68276.0,56335.2,15544.4,13415.7,0.0,45312.7,0.0,16568.9,46590.2,19977.6,67258.6,106765.2,128652.3,113588.7,148
326.4,147294.0,29576.0,29062.0,44328.0,44328.0,68276.0,56335.2,15544.4,13415.7,0.0,45312.7,0.0,16568.8,46590.2,19977.9,67258.9,106764.9,128652.3,113588.7,148
327.5,147294.0,29576.0,29062.0,44328.0,44328.0,68276.0,56335.2,15544.4,13415.7,0.0,45312.7,0.0,16568.8,46590.2,19975.1,67256.1,106767.7,128652.3,113588.8,148
328.6,147294.0,29576.0,29062.0,44328.0,44328.0,68276.3,56335.5,15544.7,13416.0,0.0,45312.8,0.0,16569.1,46590.0,19977.2,67258.1,106765.5,128652.3,113589.1,148
329.6,147294.0,29576.0,29062.0,44328.0,44328.0,68276.3,56335.5,15544.7,13416.0,0.0,45312.8,0.0,16569.1,46590.0,19978.3,67259.1,106764.5,128652.3,113589.1,148
330.6,147294.0,29576.0,29062.0,44328.0,44328.0,68276.3,56335.5,15544.7,13416.0,0.0,45312.8,0.0,16569.3,46589.7,19976.2,67256.7,106766.6,128652.3,113589.1,148
331.6,147294.0,29576.0,29062.0,44328.0,44328.0,68276.3,56335.5,15544.7,13416.0,0.0,45312.8,0.0,16569.1,46589.7,19975.5,67256.1,106767.2,128652.3,113589.1,148
332.7,147294.0,29576.0,29062.0,44328.0,44328.0,68289.8,56349.0,15558.2,13429.5,0.0,45312.8,0.0,16582.0,46590.7,19994.1,67275.6,106748.7,128652.3,113602.6,148
333.7,147294.0,29576.0,29062.0,44328.0,44328.0,68289.8,56349.0,15558.2,13429.5,0.0,45312.9,0.0,16582.7,46589.8,19992.2,67272.8,106750.6,128652.3,113602.7,148
334.7,147294.0,29576.0,29062.0,44328.0,44328.0,68289.8,56349.1,15558.2,13429.6,0.0,45312.9,0.0,16582.8,46589.8,19994.0,67274.6,106748.8,128652.3,113602.7,148
335.7,147294.0,29576.0,29062.0,44328.0,44328.0,68241.0,56300.2,15509.4,13380.7,0.0,45312.9,0.0,16534.1,46589.8,19940.5,67221.1,106802.3,128652.3,113553.9,148
336.8,147294.0,29576.0,29062.0,44328.0,44328.0,68241.0,56300.2,15509.4,13380.7,0.0,45312.9,0.0,16533.9,46589.7,19941.3,67221.9,106801.4,128652.3,113553.9,148
337.8,147294.0,29576.0,29062.0,44328.0,44328.0,68241.0,56300.2,15509.4,13380.7,0.0,45312.9,0.0,16533.9,46589.7,19942.0,67222.5,106800.8,128652.3,113553.9,148
338.8,147294.0,29576.0,29062.0,44328.0,44328.0,68241.0,56300.2,15509.4,13380.7,0.0,45312.9,0.0,16533.9,46589.7,19940.2,67220.8,106802.5,128652.3,113553.9,148
339.8,147294.0,29576.0,29062.0,44328.0,44328.0,68241.1,56300.3,15509.5,13380.8,0.0,45312.9,0.0,16534.1,46589.7,19942.4,67222.9,106800.4,128652.3,113554.0,148
340.8,147294.0,29576.0,29062.0,44328.0,44328.0,68241.1,56300.3,15509.5,13380.8,0.0,45312.9,0.0,16534.2,46589.7,19942.9,67223.5,106799.8,128652.3,113554.0,148
341.8,147294.0,29576.0,29062.0,44328.0,44328.0,68241.2,56300.5,15509.6,13380.9,0.0,45312.9,0.0,16534.4,46590.0,19938.7,67219.6,106804.0,128652.3,113554.2,148
342.8,147294.0,29576.0,29062.0,44328.0,44328.0,68241.2,56300.5,15509.6,13380.9,0.0,45312.9,0.0,16534.4,46590.0,19940.1,67220.9,106802.7,128652.3,113554.2,148
343.8,147296.0,29576.0,29064.0,44328.0,44328.0,68241.2,56300.5,15509.6,13380.9,0.0,45312.9,0.0,16534.4,46590.0,19941.2,67222.0,106801.6,128652.3,113554.2,148
344.9,147296.0,29576.0,29064.0,44328.0,44328.0,68241.4,56300.5,15509.7,13381.0,0.0,45312.9,0.0,16535.0,46590.4,19944.6,67225.9,106798.2,128652.3,113554.3,148
345.9,147296.0,29576.0,29064.0,44328.0,44328.0,68241.4,56300.5,15509.7,13381.0,0.0,45312.9,0.0,16534.5,46590.4,19945.7,67227.0,106797.0,128652.3,113554.3,148
346.9,147296.0,29576.0,29064.0,44328.0,44328.0,68241.4,56300.5,15509.7,13381.0,0.0,45312.9,0.0,16534.5,46590.4,19946.0,67227.3,106796.7,128652.3,113554.3,148
347.9,147296.0,29576.0,29064.0,44328.0,44328.0,68254.4,56313.5,15522.7,13394.0,0.0,45312.9,0.0,16547.4,46590.5,19957.3,67238.6,106785.5,128652.3,113567.3,148
348.9,147296.0,29576.0,29064.0,44328.0,44328.0,68254.4,56313.5,15522.7,13394.0,0.0,45312.9,0.0,16548.1,46590.2,19957.8,67238.8,106785.0,128652.3,113567.3,148
349.9,147296.0,29576.0,29064.0,44328.0,44328.0,68254.4,56313.6,15522.7,13394.0,0.0,45312.9,0.0,16548.2,46590.3,19961.1,67242.2,106781.7,128652.3,113567.3,148
350.9,147296.0,29576.0,29064.0,44328.0,44328.0,68254.4,56313.6,15522.7,13394.0,0.0,45313.0,0.0,16548.2,46590.3,19959.0,67240.2,106783.7,128652.3,113567.4,148
351.9,147296.0,29576.0,29064.0,44328.0,44328.0,68254.4,56313.6,15522.7,13394.0,0.0,45313.0,0.0,16548.2,46590.3,19955.8,67237.0,106786.9,128652.3,113567.4,148
352.9,147296.0,29576.0,29064.0,44328.0,44328.0,68254.4,56313.6,15522.7,13394.0,0.0,45313.0,0.0,16548.2,46590.0,19954.0,67234.9,106788.7,128652.3,113567.4,148
353.9,147296.0,29576.0,29064.0,44328.0,44328.0,68254.4,56313.6,15522.7,13394.0,0.0,45313.0,0.0,16548.2,46590.0,19954.6,67235.4,106788.2,128652.3,113567.4,148
354.9,147296.0,29576.0,29064.0,44328.0,44328.0,68254.4,56313.6,15522.7,13394.0,0.0,45313.0,0.0,16548.2,46590.0,19954.7,67235.6,106788.1,128652.3,113567.4,148
355.9,147296.0,29576.0,29064.0,44328.0,44328.0,68254.4,56313.6,15522.8,13394.1,0.0,45313.1,0.0,16548.1,46590.2,19952.7,67233.7,106790.1,128652.3,113567.5,148
356.9,147296.0,29576.0,29064.0,44328.0,44328.0,68254.4,56313.6,15522.8,13394.1,0.0,45313.1,0.0,16548.1,46590.3,19951.9,67233.1,106790.8,128652.3,113567.5,148
357.9,147296.0,29576.0,29064.0,44328.0,44328.0,68263.5,56322.6,15531.8,13403.1,0.0,45313.1,0.0,16548.1,46591.1,19955.7,67237.7,106787.0,128652.3,113576.5,148
358.9,147296.0,29576.0,29064.0,44328.0,44328.0,68267.9,56327.0,15536.2,13407.5,0.0,45313.2,0.0,16562.2,46591.2,19964.1,67246.1,106778.7,128652.3,113581.0,148
359.9,147296.0,29576.0,29064.0,44328.0,44328.0,68268.0,56327.2,15536.4,13407.7,0.0,45313.2,0.0,16562.4,46590.9,19966.8,67248.6,106775.9,128652.3,113581.2,148
361.0,147296.0,29576.0,29064.0,44328.0,44328.0,68268.0,56327.2,15536.4,13407.7,0.0,45313.2,0.0,16562.4,46590.6,19967.1,67248.5,106775.6,128652.3,113581.2,148
362.0,147296.0,29576.0,29064.0,44328.0,44328.0,68289.4,56348.6,15557.8,13429.1,0.0,45313.2,0.0,16583.3,46591.1,20000.0,67281.9,106742.8,128652.3,113602.6,148
363.0,147296.0,29576.0,29064.0,44328.0,44328.0,68289.4,56348.6,15557.8,13429.1,0.0,45313.2,0.0,16583.8,46590.9,19990.9,67272.6,106751.8,128652.3,113602.6,148
364.1,147296.0,29576.0,29064.0,44328.0,44328.0,68289.5,56348.6,15557.8,13429.1,0.0,45313.2,0.0,16583.8,46590.8,19988.9,67270.6,106753.9,128652.3,113602.6,148
365.1,147296.0,29576.0,29064.0,44328.0,44328.0,68289.5,56348.6,15557.8,13429.1,0.0,45313.2,0.0,16583.8,46590.8,19990.0,67271.7,106752.7,128652.3,113602.6,148
366.1,147296.0,29576.0,29064.0,44328.0,44328.0,68289.5,56348.6,15557.8,13429.1,0.0,45313.2,0.0,16583.8,46590.5,19989.6,67270.9,106753.2,128652.3,113602.7,148
367.1,147296.0,29576.0,29064.0,44328.0,44328.0,68289.5,56348.6,15557.8,13429.1,0.0,45313.2,0.0,16583.8,46590.5,19988.2,67269.6,106754.5,128652.3,113602.7,148
368.1,147296.0,29576.0,29064.0,44328.0,44328.0,68289.5,56348.6,15557.8,13429.1,0.0,45313.2,0.0,16583.8,46590.5,19988.3,67269.6,106754.5,128652.3,113602.7,148
369.1,147296.0,29576.0,29064.0,44328.0,44328.0,68289.5,56348.7,15557.8,13429.1,0.0,45313.2,0.0,16584.3,46589.9,19988.5,67269.3,106754.2,128652.3,113602.7,148
370.1,147296.0,29576.0,29064.0,44328.0,44328.0,68291.4,56350.6,15559.8,13431.1,0.0,45313.3,0.0,16585.8,46591.2,19990.7,67272.8,106752.0,128652.3,113604.8,148
371.2,147296.0,29576.0,29064.0,44328.0,44328.0,68295.4,56351.2,15560.4,13431.7,0.0,45313.3,0.0,16586.8,46590.2,19987.5,67268.6,106755.2,128652.3,113608.7,148
372.2,147296.0,29576.0,29064.0,44328.0,44328.0,68295.4,56351.2,15560.4,13431.7,0.0,45313.4,0.0,16586.3,46590.2,19991.2,67272.3,106751.5,128652.3,113608.8,148
373.2,147296.0,29576.0,29064.0,44328.0,44328.0,68295.4,56351.2,15560.4,13431.7,0.0,45313.4,0.0,16586.4,46590.4,19988.8,67270.1,106753.9,128652.3,113608.8,148
374.2,147296.0,29576.0,29064.0,44328.0,44328.0,68295.5,56351.3,15560.5,13431.8,0.0,45313.4,0.0,16586.6,46590.4,19988.9,67270.2,106753.8,128652.3,113608.9,148
375.3,147296.0,29576.0,29064.0,44328.0,44328.0,68295.6,56351.4,15560.6,13431.9,0.0,45313.4,0.0,16586.5,46590.4,19989.5,67270.8,106753.2,128652.3,113609.0,148
376.3,147296.0,29576.0,29064.0,44328.0,44328.0,68295.6,56351.5,15560.6,13431.9,0.0,45313.4,0.0,16586.7,46590.6,19987.2,67268.7,106755.5,128652.3,113609.0,148
377.3,147296.0,29576.0,29064.0,44328.0,44328.0,68295.6,56351.5,15560.6,13431.9,0.0,45313.4,0.0,16586.7,46590.3,19985.6,67266.8,106757.1,128652.3,113609.0,148
378.3,147296.0,29576.0,29064.0,44328.0,44328.0,68295.6,56351.5,15560.6,13431.9,0.0,45313.4,0.0,16586.7,46590.3,19985.0,67266.2,106757.7,128652.3,113609.0,148
379.4,147296.0,29576.0,29064.0,44328.0,44328.0,68295.7,56351.5,15560.7,13432.0,0.0,45313.4,0.0,16587.5,46590.4,19986.1,67267.4,106756.6,128652.3,113609.1,148
380.4,147296.0,29576.0,29064.0,44328.0,44328.0,68295.7,56351.5,15560.7,13432.0,0.0,45313.4,0.0,16586.7,46590.3,19989.1,67270.2,106753.7,128652.3,113609.1,148
381.5,147296.0,29576.0,29064.0,44328.0,44328.0,68295.7,56351.5,15560.7,13432.0,0.0,45313.4,0.0,16586.7,46590.3,19984.4,67265.6,106758.3,128652.3,113609.1,148
382.5,147296.0,29576.0,29064.0,44328.0,44328.0,68295.7,56351.5,15560.7,13432.0,0.0,45313.4,0.0,16586.7,46590.7,19983.1,67264.7,106759.6,128652.3,113609.1,148
383.5,147296.0,29576.0,29064.0,44328.0,44328.0,68295.7,56351.5,15560.7,13432.0,0.0,45313.4,0.0,16586.7,46590.1,19985.7,67266.6,106757.0,128652.3,113609.1,148
384.5,147296.0,29576.0,29064.0,44328.0,44328.0,68295.8,56351.6,15560.7,13432.0,0.0,45313.4,0.0,16586.8,46590.1,19987.2,67268.1,106755.5,128652.3,113609.2,148
385.5,147296.0,29576.0,29064.0,44328.0,44328.0,68295.8,56351.6,15560.7,13432.0,0.0,45313.4,0.0,16586.8,46589.9,19983.7,67264.4,106759.0,128652.3,113609.2,148
386.6,147384.0,29664.0,29064.0,44328.0,44328.0,68286.3,56342.1,15551.3,13422.6,0.0,45313.4,0.0,16636.7,46591.6,20041.3,67323.7,106701.4,128652.3,113599.7,148
387.7,147384.0,29664.0,29064.0,44328.0,44328.0,68291.6,56347.4,15556.6,13427.9,0.0,45313.4,0.0,16577.9,46590.9,19980.2,67262.0,106762.5,128652.3,113605.1,148
388.7,147384.0,29664.0,29064.0,44328.0,44328.0,68291.7,56347.5,15556.7,13428.0,0.0,45313.4,0.0,16581.8,46590.4,19980.7,67262.0,106762.0,128652.3,113605.2,148
389.7,147384.0,29664.0,29064.0,44328.0,44328.0,68293.5,56349.3,15558.5,13429.8,0.0,45313.6,0.0,16583.3,46590.6,19982.9,67264.3,106759.8,128652.3,113607.0,148
390.7,147384.0,29664.0,29064.0,44328.0,44328.0,68293.5,56349.3,15558.5,13429.8,0.0,45313.6,0.0,16583.5,46590.6,19983.4,67264.9,106759.3,128652.3,113607.0,148
391.8,147384.0,29664.0,29064.0,44328.0,44328.0,68293.5,56349.3,15558.4,13429.8,0.0,45313.6,0.0,16583.6,46590.6,19984.2,67265.8,106758.5,128652.3,113607.0,148
392.8,147384.0,29664.0,29064.0,44328.0,44328.0,68293.5,56349.3,15558.4,13429.8,0.0,45313.6,0.0,16583.5,46590.8,19979.8,67261.5,106762.9,128652.3,113607.0,148
393.9,147384.0,29664.0,29064.0,44328.0,44328.0,68293.5,56349.3,15558.4,13429.8,0.0,45313.6,0.0,16583.6,46591.5,19981.2,67263.6,106761.5,128652.3,113607.1,148
394.9,147384.0,29664.0,29064.0,44328.0,44328.0,68293.6,56349.4,15558.6,13429.9,0.0,45313.6,0.0,16583.8,46591.5,19979.6,67262.1,106763.1,128652.3,113607.2,148
395.9,147384.0,29664.0,29064.0,44328.0,44328.0,68293.6,56349.4,15558.6,13429.9,0.0,45313.6,0.0,16583.7,46591.3,19980.3,67262.6,106762.4,128652.3,113607.2,148
396.9,147384.0,29664.0,29064.0,44328.0,44328.0,68293.6,56349.4,15558.6,13429.9,0.0,45313.6,0.0,16583.7,46591.3,19980.7,67262.9,106762.0,128652.3,113607.2,148
397.9,147384.0,29664.0,29064.0,44328.0,44328.0,68301.7,56354.1,15563.3,13434.6,0.0,45313.6,0.0,16588.2,46592.4,19995.2,67278.5,106747.5,128652.3,113615.3,148
398.9,147384.0,29664.0,29064.0,44328.0,44328.0,68278.5,56330.9,15540.1,13411.4,0.0,45313.6,0.0,16538.6,46591.5,19939.6,67221.9,106803.1,128652.3,113592.1,148
399.9,147384.0,29664.0,29064.0,44328.0,44328.0,68278.7,56331.1,15540.3,13411.6,0.0,45313.6,0.0,16565.6,46591.3,19963.5,67245.7,106779.2,128652.3,113592.3,148
400.9,147384.0,29664.0,29064.0,44328.0,44328.0,68278.7,56331.1,15540.3,13411.6,0.0,45313.6,0.0,16565.6,46590.9,19964.9,67246.8,106777.8,128652.3,113592.3,148
401.9,147384.0,29664.0,29064.0,44328.0,44328.0,68278.7,56331.1,15540.3,13411.6,0.0,45313.6,0.0,16565.6,46591.0,19965.3,67247.1,106777.4,128652.3,113592.3,148
402.9,147384.0,29664.0,29064.0,44328.0,44328.0,68278.7,56331.1,15540.3,13411.6,0.0,45313.6,0.0,16565.6,46591.0,19964.7,67246.5,106778.0,128652.3,113592.3,148
404.0,147384.0,29664.0,29064.0,44328.0,44328.0,68278.7,56331.1,15540.2,13411.6,0.0,45313.6,0.0,16565.6,46591.0,19965.1,67247.0,106777.6,128652.3,113592.3,148
405.0,147384.0,29664.0,29064.0,44328.0,44328.0,68278.7,56331.1,15540.3,13411.6,0.0,45313.7,0.0,16565.6,46591.1,19967.0,67249.0,106775.7,128652.3,113592.4,148
406.1,147384.0,29664.0,29064.0,44328.0,44328.0,68305.7,56358.1,15567.3,13438.6,0.0,45313.7,0.0,16592.3,46591.6,20007.8,67290.3,106734.2,128652.3,113619.5,148
407.1,147384.0,29664.0,29064.0,44328.0,44328.0,68273.3,56325.7,15534.9,13406.2,0.0,45313.7,0.0,16608.4,46592.6,20009.3,67292.8,106733.4,128652.3,113587.1,148
408.1,147384.0,29664.0,29064.0,44328.0,44328.0,68287.5,56339.9,15549.0,13420.3,0.0,45313.8,0.0,16574.3,46591.7,19974.4,67257.0,106768.2,128652.3,113601.2,148
409.1,147384.0,29664.0,29064.0,44328.0,44328.0,68287.5,56339.9,15549.1,13420.4,0.0,45313.8,0.0,16574.4,46591.7,19974.7,67257.2,106768.0,128652.3,113601.3,148
410.2,147384.0,29664.0,29064.0,44328.0,44328.0,68287.5,56339.9,15549.1,13420.4,0.0,45313.8,0.0,16574.4,46591.7,19977.1,67259.7,106765.5,128652.3,113601.3,148
411.2,147384.0,29664.0,29064.0,44328.0,44328.0,68287.5,56339.9,15549.1,13420.4,0.0,45313.8,0.0,16574.4,46591.9,19974.4,67257.3,106768.3,128652.3,113601.3,148
412.3,147384.0,29664.0,29064.0,44328.0,44328.0,68308.6,56361.0,15570.2,13441.5,0.0,45313.8,0.0,16595.7,46592.7,19992.2,67275.8,106750.5,128652.3,113622.4,148
413.4,147384.0,29664.0,29064.0,44328.0,44328.0,68308.6,56361.0,15570.2,13441.5,0.0,45313.8,0.0,16595.6,46592.1,19993.7,67276.7,106749.0,128652.3,113622.4,148
414.4,147384.0,29664.0,29064.0,44328.0,44328.0,68325.8,56378.2,15587.4,13458.7,0.0,45313.8,0.0,16601.6,46594.1,20010.5,67295.5,106732.1,128652.3,113639.6,148
415.4,147384.0,29664.0,29064.0,44328.0,44328.0,68304.1,56356.5,15565.6,13436.9,0.0,45313.8,0.0,16590.8,46593.0,19996.5,67280.5,106746.1,128652.3,113617.8,148
416.5,147384.0,29664.0,29064.0,44328.0,44328.0,68304.1,56356.5,15565.6,13436.9,0.0,45313.8,0.0,16591.0,46593.2,19995.8,67279.9,106746.9,128652.3,113617.8,148
417.5,147384.0,29664.0,29064.0,44328.0,44328.0,68304.1,56356.5,15565.6,13436.9,0.0,45313.8,0.0,16591.0,46593.3,19999.7,67283.9,106743.0,128652.3,113617.9,148
418.5,147384.0,29664.0,29064.0,44328.0,44328.0,68304.1,56356.5,15565.6,13436.9,0.0,45313.8,0.0,16591.0,46593.1,20000.6,67284.6,106742.0,128652.3,113617.9,148
419.6,147384.0,29664.0,29064.0,44328.0,44328.0,68305.3,56357.7,15566.9,13438.2,0.0,45313.8,0.0,16592.3,46592.6,20001.7,67285.3,106740.9,128652.3,113619.1,148
420.6,147384.0,29664.0,29064.0,44328.0,44328.0,68313.1,56365.5,15574.7,13446.0,0.0,45313.8,0.0,16600.1,46593.1,20009.5,67293.5,106733.2,128652.3,113627.0,148
421.7,147384.0,29664.0,29064.0,44328.0,44328.0,68313.1,56365.5,15574.7,13446.0,0.0,45313.8,0.0,16600.1,46593.1,20009.1,67293.1,106733.5,128652.3,113627.0,148
422.7,147384.0,29664.0,29064.0,44328.0,44328.0,68313.1,56365.5,15574.7,13446.0,0.0,45313.9,0.0,16600.0,46593.1,20007.1,67291.1,106735.6,128652.3,113627.0,148
423.7,147398.0,29678.0,29064.0,44328.0,44328.0,68313.1,56365.5,15574.7,13446.0,0.0,45313.9,0.0,16600.1,46593.1,20010.7,67294.7,106732.0,128652.3,113627.0,148
424.8,147398.0,29678.0,29064.0,44328.0,44328.0,68313.1,56365.5,15574.7,13446.0,0.0,45313.9,0.0,16600.1,46593.7,20013.3,67297.9,106729.4,128652.3,113627.0,148
425.8,147398.0,29678.0,29064.0,44328.0,44328.0,68313.1,56365.5,15574.7,13446.0,0.0,45313.9,0.0,16600.1,46593.0,20012.9,67296.8,106729.8,128652.3,113627.0,148
426.9,147398.0,29678.0,29064.0,44328.0,44328.0,68313.1,56365.5,15574.7,13446.0,0.0,45313.9,0.0,16600.1,46593.0,20014.3,67298.2,106728.4,128652.3,113627.0,148
427.9,147398.0,29678.0,29064.0,44328.0,44328.0,68313.1,56365.5,15574.7,13446.0,0.0,45314.0,0.0,16600.1,46593.1,20015.2,67299.3,106727.4,128652.3,113627.2,148
429.0,147398.0,29678.0,29064.0,44328.0,44328.0,68313.1,56365.5,15574.7,13446.0,0.0,45314.0,0.0,16600.1,46593.1,20010.5,67294.6,106732.2,128652.3,113627.2,148
430.0,147398.0,29678.0,29064.0,44328.0,44328.0,68313.1,56365.5,15574.7,13446.0,0.0,45314.0,0.0,16600.1,46593.3,20016.6,67300.9,106726.0,128652.3,113627.2,148
431.0,147398.0,29678.0,29064.0,44328.0,44328.0,68313.1,56365.5,15574.7,13446.0,0.0,45314.0,0.0,16600.1,46593.3,20017.2,67301.5,106725.4,128652.3,113627.2,148
432.1,147398.0,29678.0,29064.0,44328.0,44328.0,68313.1,56365.5,15574.7,13446.0,0.0,45314.0,0.0,16600.6,46593.3,20016.9,67301.2,106725.8,128652.3,113627.2,148
433.1,147398.0,29678.0,29064.0,44328.0,44328.0,68313.1,56365.5,15574.7,13446.0,0.0,45314.0,0.0,16600.5,46593.3,20016.5,67300.8,106726.1,128652.3,113627.2,148
434.1,147398.0,29678.0,29064.0,44328.0,44328.0,68313.1,56365.5,15574.7,13446.0,0.0,45314.0,0.0,16600.1,46593.5,20019.2,67303.6,106723.4,128652.3,113627.2,148
435.2,147398.0,29678.0,29064.0,44328.0,44328.0,68313.1,56365.5,15574.7,13446.0,0.0,45314.0,0.0,16600.3,46592.4,20021.4,67304.7,106721.2,128652.3,113627.2,148
436.2,147398.0,29678.0,29064.0,44328.0,44328.0,68313.1,56365.5,15574.7,13446.0,0.0,45314.0,0.0,16600.1,46592.1,20015.3,67298.4,106727.4,128652.3,113627.2,148
437.3,147398.0,29678.0,29064.0,44328.0,44328.0,68313.1,56365.5,15574.7,13446.0,0.0,45314.1,0.0,16600.5,46592.3,20015.7,67299.0,106727.0,128652.3,113627.2,148
438.3,147398.0,29678.0,29064.0,44328.0,44328.0,68313.1,56365.5,15574.7,13446.0,0.0,45314.1,0.0,16600.2,46592.3,20016.3,67299.6,106726.3,128652.3,113627.2,148
439.3,147398.0,29678.0,29064.0,44328.0,44328.0,68313.1,56365.5,15574.7,13446.0,0.0,45314.1,0.0,16600.2,46592.3,20017.5,67300.8,106725.1,128652.3,113627.2,148
440.3,147398.0,29678.0,29064.0,44328.0,44328.0,68313.1,56365.5,15574.7,13446.0,0.0,45314.1,0.0,16600.2,46592.2,20017.2,67300.4,106725.4,128652.3,113627.2,148
441.3,147398.0,29678.0,29064.0,44328.0,44328.0,68313.1,56365.5,15574.7,13446.0,0.0,45314.1,0.0,16600.2,46592.2,20017.4,67300.5,106725.2,128652.3,113627.2,148
442.4,147398.0,29678.0,29064.0,44328.0,44328.0,68313.1,56365.5,15574.7,13446.0,0.0,45314.2,0.0,16600.2,46592.3,20018.2,67301.5,106724.4,128652.3,113627.3,148
443.4,147398.0,29678.0,29064.0,44328.0,44328.0,68313.2,56365.6,15574.7,13446.0,0.0,45314.2,0.0,16600.2,46592.4,20015.8,67299.1,106726.9,128652.3,113627.3,148
444.4,147398.0,29678.0,29064.0,44328.0,44328.0,68313.2,56365.6,15574.7,13446.0,0.0,45314.2,0.0,16600.2,46592.5,20017.4,67300.8,106725.2,128652.3,113627.3,148
445.4,147398.0,29678.0,29064.0,44328.0,44328.0,68313.2,56365.6,15574.7,13446.0,0.0,45314.2,0.0,16600.2,46592.5,20017.1,67300.6,106725.5,128652.3,113627.3,148
446.5,147398.0,29678.0,29064.0,44328.0,44328.0,68313.2,56365.6,15574.7,13446.0,0.0,45314.2,0.0,16600.2,46592.5,20017.3,67300.8,106725.3,128652.3,113627.3,148
447.6,147398.0,29678.0,29064.0,44328.0,44328.0,68313.2,56365.6,15574.7,13446.0,0.0,45314.2,0.0,16600.2,46592.9,20012.4,67296.3,106730.2,128652.3,113627.4,148
448.6,147398.0,29678.0,29064.0,44328.0,44328.0,68313.2,56365.6,15574.7,13446.0,0.0,45314.2,0.0,16600.2,46592.7,20013.2,67296.9,106729.4,128652.3,113627.4,148
449.7,147398.0,29678.0,29064.0,44328.0,44328.0,68313.2,56365.6,15574.7,13446.0,0.0,45314.2,0.0,16600.2,46592.7,20016.0,67299.7,106726.6,128652.3,113627.4,148
450.7,147398.0,29678.0,29064.0,44328.0,44328.0,68313.2,56365.6,15574.7,13446.0,0.0,45314.2,0.0,16600.2,46592.7,20016.3,67300.0,106726.3,128652.3,113627.4,148
451.8,147398.0,29678.0,29064.0,44328.0,44328.0,68313.2,56365.6,15574.7,13446.0,0.0,45314.2,0.0,16600.2,46592.9,20016.9,67300.7,106725.7,128652.3,113627.4,148
452.8,147398.0,29678.0,29064.0,44328.0,44328.0,68313.2,56365.6,15574.7,13446.0,0.0,45314.2,0.0,16600.2,46593.0,20016.1,67300.1,106726.5,128652.3,113627.4,148
453.8,147398.0,29678.0,29064.0,44328.0,44328.0,68313.2,56365.6,15574.7,13446.0,0.0,45314.2,0.0,16600.2,46593.0,20016.4,67300.4,106726.2,128652.3,113627.4,148
454.9,147398.0,29678.0,29064.0,44328.0,44328.0,68313.2,56365.6,15574.7,13446.0,0.0,45314.2,0.0,16600.2,46593.0,20017.5,67301.5,106725.1,128652.3,113627.4,148
455.9,147398.0,29678.0,29064.0,44328.0,44328.0,68313.2,56365.6,15574.7,13446.0,0.0,45314.2,0.0,16600.2,46593.0,20017.1,67301.1,106725.5,128652.3,113627.4,148
456.9,147398.0,29678.0,29064.0,44328.0,44328.0,68313.2,56365.6,15574.7,13446.0,0.0,45314.2,0.0,16600.4,46593.0,20016.7,67300.7,106725.9,128652.3,113627.4,148
458.0,147398.0,29678.0,29064.0,44328.0,44328.0,68313.2,56365.6,15574.7,13446.0,0.0,45314.3,0.0,16600.2,46592.8,20015.9,67299.7,106726.7,128652.3,113627.4,148
459.0,147398.0,29678.0,29064.0,44328.0,44328.0,68313.2,56365.6,15574.7,13446.0,0.0,45314.3,0.0,16600.2,46593.1,20016.0,67300.1,106726.6,128652.3,113627.4,148
460.0,147398.0,29678.0,29064.0,44328.0,44328.0,68313.2,56365.6,15574.7,13446.0,0.0,45314.3,0.0,16599.6,46593.1,20016.5,67300.7,106726.1,128652.3,113627.4,148
461.0,147398.0,29678.0,29064.0,44328.0,44328.0,68313.2,56365.6,15574.7,13446.0,0.0,45314.3,0.0,16599.6,46593.1,20015.4,67299.5,106727.2,128652.3,113627.4,148
462.1,147398.0,29678.0,29064.0,44328.0,44328.0,68315.6,56368.0,15577.1,13448.4,0.0,45314.3,0.0,16602.5,46593.5,20021.5,67306.0,106721.1,128652.3,113629.8,148
463.1,147398.0,29678.0,29064.0,44328.0,44328.0,68315.6,56368.0,15577.1,13448.4,0.0,45314.3,0.0,16602.5,46593.4,20016.7,67301.1,106725.9,128652.3,113629.8,148
464.1,147398.0,29678.0,29064.0,44328.0,44328.0,68315.6,56368.0,15577.1,13448.4,0.0,45314.3,0.0,16602.2,46593.4,20016.8,67301.2,106725.8,128652.3,113629.9,148
465.1,147398.0,29678.0,29064.0,44328.0,44328.0,68315.6,56368.0,15577.1,13448.4,0.0,45314.3,0.0,16602.1,46593.4,20017.6,67302.1,106724.9,128652.3,113629.9,148
466.2,147398.0,29678.0,29064.0,44328.0,44328.0,68315.6,56368.0,15577.1,13448.4,0.0,45314.4,0.0,16602.1,46593.5,20016.8,67301.4,106725.8,128652.3,113630.0,148
467.2,147398.0,29678.0,29064.0,44328.0,44328.0,68315.6,56368.0,15577.1,13448.4,0.0,45314.4,0.0,16602.1,46593.5,20014.3,67298.8,106728.3,128652.3,113630.0,148
468.2,147398.0,29678.0,29064.0,44328.0,44328.0,68315.6,56368.0,15577.1,13448.4,0.0,45314.4,0.0,16602.0,46593.4,20014.3,67298.8,106728.3,128652.3,113630.0,148
469.3,147398.0,29678.0,29064.0,44328.0,44328.0,68315.6,56368.0,15577.1,13448.4,0.0,45314.4,0.0,16602.5,46593.5,20014.3,67298.8,106728.3,128652.3,113630.0,148
470.3,147398.0,29678.0,29064.0,44328.0,44328.0,68315.6,56368.0,15577.1,13448.4,0.0,45314.4,0.0,16602.1,46593.5,20015.6,67300.1,106727.0,128652.3,113630.0,148
471.3,147398.0,29678.0,29064.0,44328.0,44328.0,68315.6,56368.0,15577.1,13448.4,0.0,45314.4,0.0,16602.0,46593.5,20014.4,67298.9,106728.2,128652.3,113630.0,148
472.3,147398.0,29678.0,29064.0,44328.0,44328.0,68315.6,56368.0,15577.1,13448.4,0.0,45314.4,0.0,16602.1,46593.8,20015.5,67300.3,106727.1,128652.3,113630.0,148
473.3,147398.0,29678.0,29064.0,44328.0,44328.0,68315.6,56368.0,15577.1,13448.4,0.0,45314.4,0.0,16600.5,46593.8,20014.6,67299.4,106728.0,128652.3,113630.0,148
474.4,147398.0,29678.0,29064.0,44328.0,44328.0,68315.6,56368.0,15577.1,13448.4,0.0,45314.4,0.0,16601.0,46593.8,20015.2,67300.0,106727.4,128652.3,113630.0,148
475.4,147398.0,29678.0,29064.0,44328.0,44328.0,68315.6,56368.0,15577.1,13448.4,0.0,45314.4,0.0,16600.5,46593.8,20015.3,67300.1,106727.3,128652.3,113630.0,148
476.4,147398.0,29678.0,29064.0,44328.0,44328.0,68315.6,56368.0,15577.1,13448.4,0.0,45314.4,0.0,16600.5,46593.8,20015.2,67300.0,106727.4,128652.3,113630.0,148
477.5,147398.0,29678.0,29064.0,44328.0,44328.0,68315.6,56368.0,15577.1,13448.5,0.0,45314.4,0.0,16600.5,46593.8,20015.0,67299.9,106727.5,128652.3,113630.0,148
478.6,147398.0,29678.0,29064.0,44328.0,44328.0,68315.6,56368.0,15577.1,13448.5,0.0,45314.6,0.0,16600.5,46593.7,20015.7,67300.4,106726.9,128652.3,113630.1,148
479.6,147398.0,29678.0,29064.0,44328.0,44328.0,68315.6,56368.0,15577.1,13448.5,0.0,45314.6,0.0,16600.5,46593.7,20018.5,67303.2,106724.1,128652.3,113630.1,148
480.6,147398.0,29678.0,29064.0,44328.0,44328.0,68315.6,56368.0,15577.1,13448.5,0.0,45314.6,0.0,16600.5,46593.7,20017.9,67302.6,106724.7,128652.3,113630.1,148
481.7,147398.0,29678.0,29064.0,44328.0,44328.0,68315.6,56368.0,15577.1,13448.5,0.0,45314.6,0.0,16600.5,46593.7,20020.1,67304.8,106722.4,128652.3,113630.1,148
482.7,147398.0,29678.0,29064.0,44328.0,44328.0,68315.6,56368.0,15577.1,13448.5,0.0,45314.6,0.0,16601.0,46594.0,20011.3,67296.3,106731.3,128652.3,113630.1,148
483.8,147398.0,29678.0,29064.0,44328.0,44328.0,68315.6,56368.0,15577.1,13448.5,0.0,45314.6,0.0,16600.7,46592.9,20013.4,67297.4,106729.2,128652.3,113630.1,148
484.8,147398.0,29678.0,29064.0,44328.0,44328.0,68315.6,56368.0,15577.2,13448.5,0.0,45314.6,0.0,16600.5,46592.9,20015.9,67299.9,106726.7,128652.3,113630.2,148
485.9,147398.0,29678.0,29064.0,44328.0,44328.0,68322.0,56374.4,15583.6,13454.9,0.0,45314.6,0.0,16607.0,46593.7,20025.6,67310.3,106717.0,128652.3,113636.6,148
486.9,147398.0,29678.0,29064.0,44328.0,44328.0,68322.0,56374.4,15583.6,13454.9,0.0,45314.6,0.0,16607.0,46593.6,20025.4,67310.0,106717.2,128652.3,113636.6,148
487.9,147398.0,29678.0,29064.0,44328.0,44328.0,68322.0,56374.4,15583.6,13454.9,0.0,45314.6,0.0,16607.0,46593.3,20026.5,67310.9,106716.0,128652.3,113636.6,148
488.9,147398.0,29678.0,29064.0,44328.0,44328.0,68322.0,56374.4,15583.6,13454.9,0.0,45314.6,0.0,16607.0,46593.3,20025.6,67309.9,106717.0,128652.3,113636.6,148
490.0,147398.0,29678.0,29064.0,44328.0,44328.0,68322.0,56374.4,15583.6,13454.9,0.0,45314.7,0.0,16607.5,46593.4,20027.5,67311.9,106715.0,128652.3,113636.7,148
491.0,147398.0,29678.0,29064.0,44328.0,44328.0,68322.0,56374.4,15583.6,13454.9,0.0,45314.7,0.0,16607.0,46593.3,20027.6,67311.9,106714.9,128652.3,113636.7,148
492.1,147398.0,29678.0,29064.0,44328.0,44328.0,68322.0,56374.4,15583.6,13454.9,0.0,45314.7,0.0,16607.0,46593.5,20026.8,67311.2,106715.8,128652.3,113636.7,148
493.1,147398.0,29678.0,29064.0,44328.0,44328.0,68322.0,56374.4,15583.6,13454.9,0.0,45314.7,0.0,16607.2,46593.5,20026.6,67311.1,106715.9,128652.3,113636.7,148
494.1,147398.0,29678.0,29064.0,44328.0,44328.0,68322.0,56374.4,15583.6,13454.9,0.0,45314.7,0.0,16607.0,46593.4,20025.1,67309.5,106717.5,128652.3,113636.7,148
495.2,147398.0,29678.0,29064.0,44328.0,44328.0,68330.7,56383.1,15592.2,13463.5,0.0,45314.7,0.0,16615.4,46593.4,20034.3,67318.8,106708.3,128652.3,113645.4,148
496.3,147398.0,29678.0,29064.0,44328.0,44328.0,68330.7,56383.1,15592.2,13463.5,0.0,45314.7,0.0,16615.7,46593.4,20034.0,67318.5,106708.5,128652.3,113645.4,148
497.3,147398.0,29678.0,29064.0,44328.0,44328.0,68281.5,56333.9,15543.1,13414.4,0.0,45314.7,0.0,16566.5,46593.0,19988.6,67272.6,106754.0,128652.3,113596.2,148
498.3,147398.0,29678.0,29064.0,44328.0,44328.0,68281.5,56333.9,15543.1,13414.4,0.0,45314.7,0.0,16566.6,46593.1,19989.1,67273.3,106753.4,128652.3,113596.2,148
499.4,147398.0,29678.0,29064.0,44328.0,44328.0,68281.5,56333.9,15543.1,13414.4,0.0,45314.7,0.0,16567.1,46593.1,19989.7,67273.8,106752.8,128652.3,113596.2,148
500.4,147398.0,29678.0,29064.0,44328.0,44328.0,68281.5,56333.9,15543.1,13414.4,0.0,45314.9,0.0,16566.6,46593.2,19989.7,67273.9,106752.8,128652.3,113596.4,148
501.5,147398.0,29678.0,29064.0,44328.0,44328.0,68309.2,56361.6,15570.8,13442.1,0.0,45314.9,0.0,16594.3,46592.6,20014.6,67298.2,106728.0,128652.3,113624.1,148
502.5,147398.0,29678.0,29064.0,44328.0,44328.0,68309.2,56361.6,15570.8,13442.1,0.0,45314.9,0.0,16594.3,46592.6,20014.5,67298.1,106728.1,128652.3,113624.1,148
503.6,147398.0,29678.0,29064.0,44328.0,44328.0,68330.1,56382.5,15591.6,13462.9,0.0,45314.9,0.0,16609.7,46593.6,20033.2,67317.8,106709.3,128652.3,113644.9,148
504.6,147398.0,29678.0,29064.0,44328.0,44328.0,68310.4,56362.8,15572.0,13443.3,0.0,45314.9,0.0,16595.5,46592.2,20010.2,67293.5,106732.4,128652.3,113625.3,148
505.6,147398.0,29678.0,29064.0,44328.0,44328.0,68310.4,56362.8,15572.0,13443.3,0.0,45314.9,0.0,16595.5,46592.3,20011.5,67294.8,106731.1,128652.3,113625.3,148
506.7,147398.0,29678.0,29064.0,44328.0,44328.0,68310.4,56362.8,15572.0,13443.3,0.0,45314.9,0.0,16595.6,46592.3,20010.6,67293.9,106731.9,128652.3,113625.3,148
507.7,147398.0,29678.0,29064.0,44328.0,44328.0,68310.4,56362.8,15572.0,13443.3,0.0,45314.9,0.0,16595.6,46592.3,20010.2,67293.5,106732.3,128652.3,113625.3,148
508.8,147398.0,29678.0,29064.0,44328.0,44328.0,68310.4,56362.8,15571.9,13443.3,0.0,45314.9,0.0,16596.0,46592.3,20011.1,67294.4,106731.5,128652.3,113625.3,148
509.8,147398.0,29678.0,29064.0,44328.0,44328.0,68326.2,56378.6,15587.8,13459.1,0.0,45314.9,0.0,16611.9,46592.3,20029.5,67312.9,106713.0,128652.3,113641.1,148
510.8,147398.0,29678.0,29064.0,44328.0,44328.0,68326.2,56378.6,15587.8,13459.1,0.0,45314.9,0.0,16611.9,46592.3,20029.4,67312.8,106713.2,128652.3,113641.2,148
511.9,147398.0,29678.0,29064.0,44328.0,44328.0,68326.2,56378.6,15587.8,13459.1,0.0,45314.9,0.0,16611.9,46592.3,20029.0,67312.4,106713.5,128652.3,113641.2,148
512.9,147398.0,29678.0,29064.0,44328.0,44328.0,68326.4,56378.8,15587.9,13459.2,0.0,45314.9,0.0,16611.9,46592.3,20033.2,67316.6,106709.4,128652.3,113641.3,148
513.9,147398.0,29678.0,29064.0,44328.0,44328.0,68326.4,56378.8,15587.9,13459.2,0.0,45315.0,0.0,16612.0,46591.9,20029.5,67312.5,106713.1,128652.3,113641.4,148
514.9,147398.0,29678.0,29064.0,44328.0,44328.0,68326.4,56378.8,15587.9,13459.2,0.0,45315.1,0.0,16612.5,46592.0,20032.2,67315.3,106710.3,128652.3,113641.4,148
515.9,147398.0,29678.0,29064.0,44328.0,44328.0,68326.4,56378.8,15587.9,13459.2,0.0,45315.1,0.0,16612.5,46592.0,20031.9,67314.9,106710.7,128652.3,113641.4,148
516.9,147398.0,29678.0,29064.0,44328.0,44328.0,68326.4,56378.8,15587.9,13459.2,0.0,45315.1,0.0,16612.0,46592.0,20032.2,67315.2,106710.3,128652.3,113641.4,148
517.9,147398.0,29678.0,29064.0,44328.0,44328.0,68326.4,56378.8,15587.9,13459.3,0.0,45315.1,0.0,16612.1,46592.0,20027.9,67310.9,106714.6,128652.3,113641.4,148
518.9,147398.0,29678.0,29064.0,44328.0,44328.0,68326.4,56378.8,15587.9,13459.3,0.0,45315.1,0.0,16612.1,46591.6,20020.3,67302.9,106722.3,128652.3,113641.4,148
519.9,147398.0,29678.0,29064.0,44328.0,44328.0,68326.4,56378.8,15587.9,13459.3,0.0,45315.1,0.0,16612.1,46591.6,20018.4,67301.0,106724.1,128652.3,113641.4,148
520.9,147398.0,29678.0,29064.0,44328.0,44328.0,68291.8,56344.2,15553.3,13424.6,0.0,45315.1,0.0,16577.6,46592.4,19990.1,67273.5,106752.4,128652.3,113606.8,148
521.9,147398.0,29678.0,29064.0,44328.0,44328.0,68291.8,56344.2,15553.3,13424.6,0.0,45315.1,0.0,16577.7,46592.1,19991.2,67274.4,106751.3,128652.3,113606.8,148
523.0,147398.0,29678.0,29064.0,44328.0,44328.0,68291.8,56344.2,15553.3,13424.7,0.0,45315.1,0.0,16577.7,46592.1,19986.4,67269.6,106756.1,128652.3,113606.9,148
524.0,147398.0,29678.0,29064.0,44328.0,44328.0,68291.8,56344.2,15553.3,13424.7,0.0,45315.1,0.0,16578.4,46591.9,19983.8,67266.8,106758.7,128652.3,113606.9,148
525.1,147398.0,29678.0,29064.0,44328.0,44328.0,68291.8,56344.2,15553.3,13424.7,0.0,45315.1,0.0,16578.4,46591.9,19986.0,67269.0,106756.5,128652.3,113606.9,148
526.1,147398.0,29678.0,29064.0,44328.0,44328.0,68299.7,56352.1,15561.3,13432.6,0.0,45315.1,0.0,16586.2,46591.9,19996.9,67279.9,106745.6,128652.3,113614.8,148
527.2,147398.0,29678.0,29064.0,44328.0,44328.0,68305.1,56357.5,15566.6,13437.9,0.0,45315.1,0.0,16591.7,46591.8,20000.6,67283.5,106741.9,128652.3,113620.1,148
528.2,147398.0,29678.0,29064.0,44328.0,44328.0,68305.1,56357.5,15566.6,13437.9,0.0,45315.1,0.0,16592.0,46591.8,20000.9,67283.7,106741.6,128652.3,113620.1,148
529.3,147398.0,29678.0,29064.0,44328.0,44328.0,68305.1,56357.5,15566.6,13437.9,0.0,45315.1,0.0,16591.7,46591.8,19999.7,67282.5,106742.8,128652.3,113620.2,148
530.3,147398.0,29678.0,29064.0,44328.0,44328.0,68305.1,56357.5,15566.6,13437.9,0.0,45315.1,0.0,16591.8,46591.8,20000.3,67283.2,106742.2,128652.3,113620.2,148
531.3,147398.0,29678.0,29064.0,44328.0,44328.0,68305.1,56357.5,15566.6,13437.9,0.0,45315.1,0.0,16591.7,46591.8,20000.6,67283.5,106741.9,128652.3,113620.2,148
532.3,147398.0,29678.0,29064.0,44328.0,44328.0,68305.1,56357.5,15566.6,13437.9,0.0,45315.1,0.0,16591.7,46591.8,20001.3,67284.1,106741.2,128652.3,113620.2,148
533.3,147398.0,29678.0,29064.0,44328.0,44328.0,68305.1,56357.5,15566.6,13437.9,0.0,45315.1,0.0,16591.7,46591.8,20002.1,67285.0,106740.4,128652.3,113620.2,148
534.3,147398.0,29678.0,29064.0,44328.0,44328.0,68305.2,56357.6,15566.8,13438.1,0.0,45315.1,0.0,16591.6,46591.8,20000.4,67283.3,106742.1,128652.3,113620.3,148
535.3,147398.0,29678.0,29064.0,44328.0,44328.0,68305.2,56357.6,15566.8,13438.1,0.0,45315.1,0.0,16591.7,46591.8,20000.4,67283.3,106742.1,128652.3,113620.3,148
536.3,147398.0,29678.0,29064.0,44328.0,44328.0,68305.2,56357.6,15566.8,13438.1,0.0,45315.1,0.0,16592.0,46591.8,19998.1,67281.0,106744.4,128652.3,113620.4,148
537.3,147398.0,29678.0,29064.0,44328.0,44328.0,68305.2,56357.6,15566.8,13438.1,0.0,45315.1,0.0,16591.6,46591.8,19998.4,67281.3,106744.1,128652.3,113620.4,148
538.3,147398.0,29678.0,29064.0,44328.0,44328.0,68329.8,56382.2,15591.4,13462.7,0.0,45315.2,0.0,16615.9,46591.8,20021.0,67303.9,106721.5,128652.3,113645.1,148
539.4,147398.0,29678.0,29064.0,44328.0,44328.0,68296.7,56349.1,15558.3,13429.6,0.0,45315.3,0.0,16629.7,46592.4,20035.9,67319.4,106706.6,128652.3,113612.0,148
540.5,147398.0,29678.0,29064.0,44328.0,44328.0,68303.2,56355.6,15564.7,13436.1,0.0,45315.3,0.0,16589.9,46591.5,19994.8,67277.4,106747.7,128652.3,113618.4,148
541.5,147398.0,29678.0,29064.0,44328.0,44328.0,68303.2,56355.6,15564.7,13436.1,0.0,45315.3,0.0,16589.7,46591.5,19995.6,67278.2,106746.9,128652.3,113618.4,148
542.5,147398.0,29678.0,29064.0,44328.0,44328.0,68303.2,56355.6,15564.7,13436.1,0.0,45315.3,0.0,16589.7,46591.5,19996.5,67279.1,106746.0,128652.3,113618.4,148
543.6,147398.0,29678.0,29064.0,44328.0,44328.0,68254.9,56307.3,15516.4,13387.7,0.0,45315.3,0.0,16541.4,46591.5,19944.2,67226.8,106798.3,128652.3,113570.1,148
544.6,147398.0,29678.0,29064.0,44328.0,44328.0,68254.9,56307.3,15516.5,13387.8,0.0,45315.3,0.0,16541.5,46591.5,19944.7,67227.3,106797.8,128652.3,113570.2,148
545.6,147398.0,29678.0,29064.0,44328.0,44328.0,68257.5,56309.9,15519.1,13390.4,0.0,45315.3,0.0,16543.9,46591.5,19949.4,67232.0,106793.1,128652.3,113572.8,148
546.7,147398.0,29678.0,29064.0,44328.0,44328.0,68257.5,56309.9,15519.1,13390.4,0.0,45315.3,0.0,16544.1,46591.4,19948.8,67231.3,106793.7,128652.3,113572.8,148
547.8,147398.0,29678.0,29064.0,44328.0,44328.0,68257.5,56309.9,15519.1,13390.4,0.0,45315.3,0.0,16543.9,46591.4,19948.7,67231.2,106793.8,128652.3,113572.8,148
548.8,147398.0,29678.0,29064.0,44328.0,44328.0,68257.5,56309.9,15519.1,13390.4,0.0,45315.3,0.0,16544.1,46591.4,19949.1,67231.6,106793.4,128652.3,113572.8,148
549.9,147398.0,29678.0,29064.0,44328.0,44328.0,68257.5,56309.9,15519.1,13390.4,0.0,45315.3,0.0,16544.1,46591.4,19950.6,67233.1,106791.9,128652.3,113572.8,148
550.9,147398.0,29678.0,29064.0,44328.0,44328.0,68273.6,56326.0,15535.2,13406.5,0.0,45315.3,0.0,16560.2,46591.4,19966.9,67249.4,106775.6,128652.3,113588.9,148
551.9,147398.0,29678.0,29064.0,44328.0,44328.0,68273.6,56326.0,15535.2,13406.5,0.0,45315.3,0.0,16560.2,46591.4,19964.7,67247.2,106777.8,128652.3,113588.9,148
553.0,147398.0,29678.0,29064.0,44328.0,44328.0,68273.6,56326.0,15535.2,13406.5,0.0,45315.4,0.0,16560.2,46591.6,19963.4,67246.1,106779.1,128652.3,113589.0,148
554.0,147398.0,29678.0,29064.0,44328.0,44328.0,68273.6,56326.0,15535.2,13406.5,0.0,45315.4,0.0,16560.2,46591.6,19960.2,67242.9,106782.3,128652.3,113589.0,148
555.1,147398.0,29678.0,29064.0,44328.0,44328.0,68334.9,56387.2,15596.4,13467.7,0.0,45315.4,0.0,16621.2,46593.1,20032.3,67316.5,106710.2,128652.3,113650.3,148
556.1,147398.0,29678.0,29064.0,44328.0,44328.0,68284.4,56336.8,15546.0,13417.3,0.0,45315.5,0.0,16570.6,46591.9,19979.1,67262.2,106763.3,128652.3,113599.9,148
557.1,147398.0,29678.0,29064.0,44328.0,44328.0,68284.4,56336.8,15546.0,13417.3,0.0,45315.5,0.0,16571.0,46591.5,19977.2,67259.8,106765.2,128652.3,113599.9,148
558.2,147398.0,29678.0,29064.0,44328.0,44328.0,68369.1,56421.5,15630.6,13502.0,0.0,45315.5,0.0,16655.2,46591.9,20063.4,67346.5,106679.1,128652.3,113684.6,148
559.2,147398.0,29678.0,29064.0,44328.0,44328.0,68369.1,56421.5,15630.6,13502.0,0.0,45315.5,0.0,16655.7,46591.7,20064.2,67347.0,106678.3,128652.3,113684.6,148
560.3,147398.0,29678.0,29064.0,44328.0,44328.0,68369.1,56421.5,15630.6,13502.0,0.0,45315.5,0.0,16655.7,46591.6,20059.9,67342.6,106682.6,128652.3,113684.6,148
561.3,147398.0,29678.0,29064.0,44328.0,44328.0,68369.1,56421.5,15630.6,13502.0,0.0,45315.5,0.0,16655.7,46591.6,20062.0,67344.7,106680.5,128652.3,113684.6,148
562.3,147398.0,29678.0,29064.0,44328.0,44328.0,68373.0,56425.4,15634.5,13505.9,0.0,45315.5,0.0,16659.6,46591.6,20064.6,67347.3,106677.9,128652.3,113688.5,148
563.3,147398.0,29678.0,29064.0,44328.0,44328.0,68373.2,56425.6,15634.7,13506.1,0.0,45315.5,0.0,16659.8,46591.5,20066.3,67348.9,106676.2,128652.3,113688.7,148
564.3,147398.0,29678.0,29064.0,44328.0,44328.0,68373.2,56425.6,15634.7,13506.1,0.0,45315.6,0.0,16659.8,46591.5,20065.9,67348.6,106676.5,128652.3,113688.7,148
565.3,147398.0,29678.0,29064.0,44328.0,44328.0,68373.2,56425.6,15634.7,13506.1,0.0,45315.6,0.0,16659.8,46591.5,20065.8,67348.4,106676.7,128652.3,113688.7,148
566.3,147398.0,29678.0,29064.0,44328.0,44328.0,68373.2,56425.6,15634.7,13506.1,0.0,45315.6,0.0,16659.8,46591.5,20063.6,67346.3,106678.8,128652.3,113688.7,148
567.3,147398.0,29678.0,29064.0,44328.0,44328.0,68373.2,56425.6,15634.7,13506.1,0.0,45315.6,0.0,16660.4,46591.5,20063.5,67346.2,106679.0,128652.3,113688.7,148
568.3,147398.0,29678.0,29064.0,44328.0,44328.0,68377.0,56429.4,15638.6,13509.9,0.0,45315.6,0.0,16663.3,46591.5,20063.1,67345.7,106679.4,128652.3,113692.5,148
569.3,147398.0,29678.0,29064.0,44328.0,44328.0,68377.0,56429.4,15638.5,13509.9,0.0,45315.6,0.0,16663.6,46591.5,20063.6,67346.3,106678.9,128652.3,113692.6,148
570.3,147398.0,29678.0,29064.0,44328.0,44328.0,68377.0,56429.4,15638.6,13509.9,0.0,45315.6,0.0,16663.7,46591.5,20064.7,67347.4,106677.8,128652.3,113692.6,148
571.3,147398.0,29678.0,29064.0,44328.0,44328.0,68377.0,56429.4,15638.6,13509.9,0.0,45315.6,0.0,16663.6,46591.6,20065.7,67348.4,106676.7,128652.3,113692.6,148
572.4,147398.0,29678.0,29064.0,44328.0,44328.0,68377.0,56429.4,15638.6,13509.9,0.0,45315.6,0.0,16663.7,46591.6,20066.2,67348.9,106676.2,128652.3,113692.6,148
573.4,147398.0,29678.0,29064.0,44328.0,44328.0,68377.0,56429.4,15638.5,13509.9,0.0,45315.6,0.0,16664.2,46591.6,20066.7,67349.4,106675.8,128652.3,113692.6,148
574.5,147398.0,29678.0,29064.0,44328.0,44328.0,68377.0,56429.4,15638.6,13509.9,0.0,45315.7,0.0,16664.5,46591.9,20066.0,67349.0,106676.5,128652.3,113692.7,148
575.5,147398.0,29678.0,29064.0,44328.0,44328.0,68377.0,56429.4,15638.6,13509.9,0.0,45315.7,0.0,16663.7,46591.9,20066.5,67349.5,106676.0,128652.3,113692.7,148
576.5,147398.0,29678.0,29064.0,44328.0,44328.0,68377.0,56429.4,15638.6,13509.9,0.0,45315.7,0.0,16663.7,46592.2,20067.5,67350.9,106674.9,128652.3,113692.7,148
577.5,147398.0,29678.0,29064.0,44328.0,44328.0,68377.0,56429.4,15638.5,13509.9,0.0,45315.7,0.0,16664.2,46592.2,20067.8,67351.2,106674.6,128652.3,113692.7,148
578.5,147398.0,29678.0,29064.0,44328.0,44328.0,68377.0,56429.4,15638.5,13509.9,0.0,45315.7,0.0,16664.3,46592.2,20067.9,67351.3,106674.5,128652.3,113692.7,148
579.5,147398.0,29678.0,29064.0,44328.0,44328.0,68385.7,56438.1,15647.3,13518.6,0.0,45315.7,0.0,16664.5,46592.2,20071.4,67354.8,106671.1,128652.3,113701.5,148
580.6,147398.0,29678.0,29064.0,44328.0,44328.0,68385.7,56438.1,15647.3,13518.6,0.0,45315.7,0.0,16673.3,46592.7,20078.7,67362.5,106663.8,128652.3,113701.5,148
581.6,147398.0,29678.0,29064.0,44328.0,44328.0,68385.8,56438.1,15647.3,13518.6,0.0,45315.8,0.0,16673.3,46592.9,20080.0,67364.0,106662.5,128652.3,113701.5,148
582.6,147398.0,29678.0,29064.0,44328.0,44328.0,68385.8,56438.2,15647.3,13518.7,0.0,45315.8,0.0,16673.5,46592.9,20080.8,67364.9,106661.6,128652.3,113701.5,148
583.7,147398.0,29678.0,29064.0,44328.0,44328.0,68385.8,56438.2,15647.3,13518.7,0.0,45315.8,0.0,16673.5,46592.9,20080.9,67364.9,106661.6,128652.3,113701.5,148
584.7,147398.0,29678.0,29064.0,44328.0,44328.0,68385.8,56438.2,15647.4,13518.7,0.0,45315.8,0.0,16673.5,46592.9,20085.5,67369.6,106656.9,128652.3,113701.6,148
585.7,147398.0,29678.0,29064.0,44328.0,44328.0,68354.2,56406.6,15615.8,13487.1,0.0,45315.8,0.0,16641.9,46593.5,20049.2,67333.9,106693.2,128652.3,113670.0,148
586.7,147398.0,29678.0,29064.0,44328.0,44328.0,68354.2,56406.6,15615.8,13487.1,0.0,45315.8,0.0,16641.9,46593.5,20049.1,67333.8,106693.4,128652.3,113670.0,148
587.7,147398.0,29678.0,29064.0,44328.0,44328.0,68344.3,56396.7,15605.9,13477.2,0.0,45315.8,0.0,16632.0,46592.8,20040.8,67324.8,106701.6,128652.3,113660.1,148
588.7,147398.0,29678.0,29064.0,44328.0,44328.0,68344.3,56396.7,15605.9,13477.2,0.0,45315.9,0.0,16632.0,46592.9,20039.8,67323.9,106702.6,128652.3,113660.2,148
589.7,147398.0,29678.0,29064.0,44328.0,44328.0,68344.3,56396.7,15605.9,13477.2,0.0,45315.9,0.0,16632.0,46592.9,20042.1,67326.2,106700.4,128652.3,113660.2,148
590.7,147398.0,29678.0,29064.0,44328.0,44328.0,68377.9,56430.3,15639.5,13510.8,0.0,45315.9,0.0,16632.0,46592.8,20039.9,67323.8,106702.6,128652.3,113693.8,148
591.7,147398.0,29678.0,29064.0,44328.0,44328.0,68377.9,56430.3,15639.5,13510.8,0.0,45315.9,0.0,16665.6,46593.0,20073.5,67357.6,106668.9,128652.3,113693.8,148
592.8,147398.0,29678.0,29064.0,44328.0,44328.0,68377.9,56430.3,15639.5,13510.8,0.0,45315.9,0.0,16665.6,46593.1,20068.4,67352.6,106674.1,128652.3,113693.8,148
593.8,147398.0,29678.0,29064.0,44328.0,44328.0,68377.9,56430.3,15639.5,13510.8,0.0,45315.9,0.0,16665.6,46593.1,20069.3,67353.6,106673.1,128652.3,113693.8,148
594.9,147398.0,29678.0,29064.0,44328.0,44328.0,68377.9,56430.3,15639.5,13510.8,0.0,45315.9,0.0,16665.6,46593.1,20069.9,67354.1,106672.6,128652.3,113693.8,148
595.9,147398.0,29678.0,29064.0,44328.0,44328.0,68377.9,56430.3,15639.5,13510.8,0.0,45315.9,0.0,16665.6,46593.1,20070.1,67354.3,106672.4,128652.3,113693.8,148
597.0,147398.0,29678.0,29064.0,44328.0,44328.0,68377.9,56430.3,15639.5,13510.8,0.0,45315.9,0.0,16665.6,46593.1,20068.3,67352.6,106674.1,128652.3,113693.8,148
598.0,147398.0,29678.0,29064.0,44328.0,44328.0,68377.9,56430.3,15639.5,13510.8,0.0,45315.9,0.0,16665.6,46593.1,20066.4,67350.6,106676.1,128652.3,113693.8,148
599.0,147398.0,29678.0,29064.0,44328.0,44328.0,68377.9,56430.3,15639.5,13510.8,0.0,45316.0,0.0,16665.7,46593.0,20066.9,67351.0,106675.5,128652.3,113693.9,148
600.0,147398.0,29678.0,29064.0,44328.0,44328.0,68377.9,56430.3,15639.5,13510.8,0.0,45316.0,0.0,16665.8,46592.6,20069.5,67353.2,106673.0,128652.3,113693.9,148
601.1,147398.0,29678.0,29064.0,44328.0,44328.0,68377.9,56430.3,15639.5,13510.8,0.0,45316.0,0.0,16665.7,46592.4,20069.4,67353.0,106673.0,128652.3,113693.9,148
602.1,147398.0,29678.0,29064.0,44328.0,44328.0,68377.9,56430.3,15639.5,13510.8,0.0,45316.0,0.0,16665.7,46592.4,20068.8,67352.4,106673.6,128652.3,113693.9,148
603.1,147398.0,29678.0,29064.0,44328.0,44328.0,68377.9,56430.3,15639.5,13510.8,0.0,45316.0,0.0,16665.6,46592.4,20068.1,67351.6,106674.3,128652.3,113693.9,148
604.1,147398.0,29678.0,29064.0,44328.0,44328.0,68377.9,56430.3,15639.5,13510.8,0.0,45316.0,0.0,16663.9,46592.3,20073.4,67356.9,106669.0,128652.3,113693.9,148
605.2,147398.0,29678.0,29064.0,44328.0,44328.0,68377.9,56430.3,15639.5,13510.8,0.0,45316.0,0.0,16663.9,46592.6,20076.5,67360.2,106666.0,128652.3,113693.9,148
606.2,147398.0,29678.0,29064.0,44328.0,44328.0,68377.9,56430.3,15639.5,13510.8,0.0,45316.0,0.0,16663.9,46592.3,20074.6,67358.1,106667.8,128652.3,113693.9,148
607.2,147398.0,29678.0,29064.0,44328.0,44328.0,68377.9,56430.3,15639.5,13510.8,0.0,45316.0,0.0,16663.9,46592.3,20075.3,67358.8,106667.1,128652.3,113693.9,148
608.2,147398.0,29678.0,29064.0,44328.0,44328.0,68377.9,56430.3,15639.5,13510.8,0.0,45316.0,0.0,16663.9,46592.5,20075.3,67359.0,106667.1,128652.3,113693.9,148
609.2,147398.0,29678.0,29064.0,44328.0,44328.0,68377.9,56430.3,15639.5,13510.8,0.0,45316.0,0.0,16663.8,46592.5,20076.0,67359.7,106666.4,128652.3,113693.9,148
610.2,147398.0,29678.0,29064.0,44328.0,44328.0,68377.9,56430.3,15639.5,13510.8,0.0,45316.0,0.0,16663.9,46592.5,20069.3,67353.0,106673.1,128652.3,113693.9,148
611.3,147398.0,29678.0,29064.0,44328.0,44328.0,68377.9,56430.3,15639.5,13510.8,0.0,45316.1,0.0,16663.9,46592.3,20070.3,67353.8,106672.1,128652.3,113694.1,148
612.3,147398.0,29678.0,29064.0,44328.0,44328.0,68378.0,56430.4,15639.6,13510.9,0.0,45316.1,0.0,16663.9,46592.3,20069.7,67353.2,106672.7,128652.3,113694.1,148
613.3,147398.0,29678.0,29064.0,44328.0,44328.0,68378.0,56430.4,15639.6,13510.9,0.0,45316.1,0.0,16664.0,46592.6,20071.2,67354.9,106671.3,128652.3,113694.1,148
614.3,147398.0,29678.0,29064.0,44328.0,44328.0,68378.8,56431.1,15640.3,13511.6,0.0,45316.1,0.0,16664.1,46592.6,20068.9,67352.7,106673.5,128652.3,113694.9,148
615.3,147398.0,29678.0,29064.0,44328.0,44328.0,68367.3,56419.7,15628.9,13500.2,0.0,45316.2,0.0,16653.5,46593.9,20058.6,67343.8,106683.8,128652.3,113683.5,148
616.4,147398.0,29678.0,29064.0,44328.0,44328.0,68371.3,56423.7,15632.9,13504.2,0.0,45316.2,0.0,16657.9,46593.9,20065.1,67350.3,106677.3,128652.3,113687.5,148
617.4,147398.0,29678.0,29064.0,44328.0,44328.0,68371.3,56423.7,15632.9,13504.2,0.0,45316.2,0.0,16656.0,46593.5,20065.5,67350.2,106676.9,128652.3,113687.5,148
618.4,147398.0,29678.0,29064.0,44328.0,44328.0,68371.3,56423.7,15632.9,13504.2,0.0,45316.2,0.0,16656.5,46593.5,20065.8,67350.5,106676.6,128652.3,113687.5,148
619.4,147398.0,29678.0,29064.0,44328.0,44328.0,68373.0,56425.4,15634.5,13505.8,0.0,45316.2,0.0,16659.6,46593.2,20073.8,67358.1,106668.6,128652.3,113689.2,148
620.4,147398.0,29678.0,29064.0,44328.0,44328.0,68373.0,56425.4,15634.5,13505.8,0.0,45316.2,0.0,16659.6,46593.2,20074.1,67358.5,106668.3,128652.3,113689.2,148
621.4,147398.0,29678.0,29064.0,44328.0,44328.0,68323.5,56375.9,15585.1,13456.4,0.0,45316.2,0.0,16610.4,46593.2,20021.7,67306.1,106720.7,128652.3,113639.7,148
622.5,147398.0,29678.0,29064.0,44328.0,44328.0,68323.5,56375.9,15585.1,13456.4,0.0,45316.2,0.0,16610.2,46592.9,20021.4,67305.5,106721.0,128652.3,113639.7,148
623.5,147398.0,29678.0,29064.0,44328.0,44328.0,68323.5,56375.9,15585.1,13456.4,0.0,45316.2,0.0,16610.2,46592.9,20013.5,67297.5,106728.9,128652.3,113639.7,148
624.5,147398.0,29678.0,29064.0,44328.0,44328.0,68323.5,56375.9,15585.1,13456.4,0.0,45316.2,0.0,16610.5,46592.9,20014.2,67298.3,106728.2,128652.3,113639.8,148
625.5,147398.0,29678.0,29064.0,44328.0,44328.0,68323.5,56375.9,15585.1,13456.4,0.0,45316.2,0.0,16610.3,46592.9,20013.1,67297.2,106729.3,128652.3,113639.8,148
626.5,147398.0,29678.0,29064.0,44328.0,44328.0,68324.7,56377.1,15586.3,13457.6,0.0,45316.2,0.0,16611.4,46592.5,20013.1,67296.7,106729.3,128652.3,113640.9,148
627.5,147398.0,29678.0,29064.0,44328.0,44328.0,68324.7,56377.1,15586.3,13457.6,0.0,45316.3,0.0,16611.5,46593.0,20016.5,67300.7,106725.9,128652.3,113641.0,148
628.5,147398.0,29678.0,29064.0,44328.0,44328.0,68324.7,56377.1,15586.3,13457.6,0.0,45316.3,0.0,16611.4,46593.1,20016.1,67300.4,106726.3,128652.3,113641.0,148
629.5,147398.0,29678.0,29064.0,44328.0,44328.0,68324.8,56377.2,15586.4,13457.7,0.0,45316.4,0.0,16611.5,46593.1,20018.1,67302.5,106724.3,128652.3,113641.2,148
630.5,147398.0,29678.0,29064.0,44328.0,44328.0,68324.8,56377.2,15586.4,13457.7,0.0,45316.4,0.0,16611.5,46593.1,20018.2,67302.6,106724.1,128652.3,113641.2,148
631.5,147398.0,29678.0,29064.0,44328.0,44328.0,68324.8,56377.2,15586.4,13457.7,0.0,45316.4,0.0,16611.5,46593.1,20018.5,67302.9,106723.9,128652.3,113641.2,148
632.5,147398.0,29678.0,29064.0,44328.0,44328.0,68324.8,56377.2,15586.4,13457.7,0.0,45316.4,0.0,16611.5,46593.2,20015.9,67300.3,106726.5,128652.3,113641.2,148
633.5,147398.0,29678.0,29064.0,44328.0,44328.0,68349.6,56402.0,15611.2,13482.5,0.0,45316.4,0.0,16637.0,46592.8,20042.5,67326.6,106699.9,128652.3,113666.0,148
634.5,147398.0,29678.0,29064.0,44328.0,44328.0,68349.6,56402.0,15611.2,13482.5,0.0,45316.4,0.0,16637.0,46592.8,20043.5,67327.6,106698.8,128652.3,113666.0,148
635.5,147398.0,29678.0,29064.0,44328.0,44328.0,68349.6,56402.0,15611.2,13482.5,0.0,45316.4,0.0,16637.0,46592.8,20044.3,67328.4,106698.0,128652.3,113666.0,148
636.5,147398.0,29678.0,29064.0,44328.0,44328.0,68349.6,56402.0,15611.2,13482.5,0.0,45316.4,0.0,16637.0,46592.8,20043.5,67327.6,106698.9,128652.3,113666.0,148
637.5,147398.0,29678.0,29064.0,44328.0,44328.0,68349.6,56402.0,15611.2,13482.5,0.0,45316.4,0.0,16637.0,46592.9,20040.9,67325.0,106701.5,128652.3,113666.0,148
638.5,147398.0,29678.0,29064.0,44328.0,44328.0,68349.6,56402.0,15611.2,13482.5,0.0,45316.4,0.0,16637.0,46592.8,20040.8,67324.8,106701.6,128652.3,113666.0,148
639.5,147398.0,29678.0,29064.0,44328.0,44328.0,68349.7,56402.1,15611.2,13482.5,0.0,45316.4,0.0,16637.0,46592.8,20038.4,67322.4,106704.0,128652.3,113666.0,148
640.6,147398.0,29678.0,29064.0,44328.0,44328.0,68349.7,56402.1,15611.2,13482.5,0.0,45316.4,0.0,16637.2,46592.8,20039.0,67323.1,106703.4,128652.3,113666.1,148
641.6,147414.0,29678.0,29080.0,44328.0,44328.0,68349.7,56402.1,15611.2,13482.5,0.0,45316.4,0.0,16637.2,46592.3,20035.6,67319.2,106706.8,128652.3,113666.1,148
642.7,147414.0,29678.0,29080.0,44328.0,44328.0,68349.8,56402.2,15611.4,13482.7,0.0,45316.4,0.0,16637.4,46592.3,20036.5,67320.0,106705.9,128652.3,113666.2,148
643.7,147414.0,29678.0,29080.0,44328.0,44328.0,68349.8,56402.2,15611.4,13482.7,0.0,45316.4,0.0,16637.4,46592.3,20036.7,67320.2,106705.7,128652.3,113666.2,148
644.7,147414.0,29678.0,29080.0,44328.0,44328.0,68349.8,56402.2,15611.4,13482.7,0.0,45316.4,0.0,16637.4,46592.0,20038.8,67322.1,106703.6,128652.3,113666.2,148
645.9,147414.0,29678.0,29080.0,44328.0,44328.0,68383.3,56435.7,15644.8,13516.2,0.0,45316.4,0.0,16670.6,46593.9,20078.4,67363.5,106664.0,128652.3,113699.7,148
646.9,147414.0,29678.0,29080.0,44328.0,44328.0,68383.3,56435.7,15644.8,13516.2,0.0,45316.5,0.0,16670.9,46592.0,20074.4,67357.7,106668.0,128652.3,113699.7,148
647.9,147414.0,29678.0,29080.0,44328.0,44328.0,68383.3,56435.7,15644.8,13516.2,0.0,45316.6,0.0,16670.9,46592.7,20072.1,67356.0,106670.3,128652.3,113699.9,148
648.9,147414.0,29678.0,29080.0,44328.0,44328.0,68383.3,56435.7,15644.9,13516.2,0.0,45316.6,0.0,16670.9,46593.8,20073.6,67358.6,106668.8,128652.3,113699.9,148
650.0,147414.0,29678.0,29080.0,44328.0,44328.0,68383.3,56435.7,15644.9,13516.2,0.0,45316.6,0.0,16670.9,46593.2,20076.1,67360.5,106666.3,128652.3,113699.9,148
651.0,147414.0,29678.0,29080.0,44328.0,44328.0,68383.3,56435.7,15644.9,13516.2,0.0,45316.6,0.0,16670.9,46593.1,20078.0,67362.4,106664.4,128652.3,113699.9,148
652.0,147414.0,29678.0,29080.0,44328.0,44328.0,68383.3,56435.7,15644.9,13516.2,0.0,45316.6,0.0,16670.9,46593.2,20078.3,67362.7,106664.1,128652.3,113699.9,148
653.0,147414.0,29678.0,29080.0,44328.0,44328.0,68383.3,56435.7,15644.9,13516.2,0.0,45316.6,0.0,16670.9,46593.1,20078.7,67363.1,106663.7,128652.3,113699.9,148
654.0,147414.0,29678.0,29080.0,44328.0,44328.0,68383.3,56435.7,15644.9,13516.2,0.0,45316.6,0.0,16669.6,46593.1,20077.8,67362.1,106664.6,128652.3,113699.9,148
655.1,147414.0,29678.0,29080.0,44328.0,44328.0,68383.3,56435.7,15644.9,13516.2,0.0,45316.6,0.0,16669.6,46593.1,20077.6,67362.0,106664.7,128652.3,113699.9,148
656.2,147414.0,29678.0,29080.0,44328.0,44328.0,68397.2,56449.6,15658.7,13530.0,0.0,45316.6,0.0,16683.4,46593.3,20087.8,67372.4,106654.5,128652.3,113713.8,148
657.2,147414.0,29678.0,29080.0,44328.0,44328.0,68397.2,56449.6,15658.7,13530.0,0.0,45316.6,0.0,16683.5,46593.0,20088.2,67372.5,106654.1,128652.3,113713.8,148
658.2,147414.0,29678.0,29080.0,44328.0,44328.0,68397.2,56449.6,15658.7,13530.0,0.0,45316.6,0.0,16683.5,46593.0,20088.1,67372.4,106654.2,128652.3,113713.8,148
659.2,147414.0,29678.0,29080.0,44328.0,44328.0,68397.2,56449.6,15658.8,13530.1,0.0,45316.6,0.0,16683.5,46593.0,20088.5,67372.7,106653.9,128652.3,113713.8,148
660.2,147414.0,29678.0,29080.0,44328.0,44328.0,68397.2,56449.6,15658.8,13530.1,0.0,45316.6,0.0,16683.6,46593.0,20089.5,67373.8,106652.8,128652.3,113713.8,148
661.2,147414.0,29678.0,29080.0,44328.0,44328.0,68397.2,56449.6,15658.8,13530.1,0.0,45316.6,0.0,16683.6,46593.0,20089.6,67373.9,106652.7,128652.3,113713.8,148
662.2,147414.0,29678.0,29080.0,44328.0,44328.0,68346.9,56399.3,15608.5,13479.8,0.0,45316.6,0.0,16633.4,46593.0,20036.1,67320.3,106706.3,128652.3,113663.5,148
663.2,147414.0,29678.0,29080.0,44328.0,44328.0,68346.9,56399.3,15608.5,13479.8,0.0,45316.6,0.0,16633.3,46593.0,20036.6,67320.9,106705.8,128652.3,113663.5,148
664.2,147414.0,29678.0,29080.0,44328.0,44328.0,68388.5,56440.9,15650.0,13521.3,0.0,45316.6,0.0,16674.8,46593.2,20085.8,67370.3,106656.5,128652.3,113705.1,148
665.3,147414.0,29678.0,29080.0,44328.0,44328.0,68388.5,56440.9,15650.0,13521.3,0.0,45316.7,0.0,16674.9,46593.5,20089.9,67374.7,106652.4,128652.3,113705.1,148
666.3,147414.0,29678.0,29080.0,44328.0,44328.0,68388.5,56440.9,15650.0,13521.3,0.0,45316.8,0.0,16674.9,46593.3,20085.0,67369.5,106657.3,128652.3,113705.3,148
667.4,147414.0,29678.0,29080.0,44328.0,44328.0,68388.5,56440.9,15650.0,13521.3,0.0,45316.8,0.0,16675.4,46593.3,20086.9,67371.5,106655.4,128652.3,113705.3,148
668.4,147414.0,29678.0,29080.0,44328.0,44328.0,68388.5,56440.9,15650.0,13521.3,0.0,45316.8,0.0,16674.9,46593.3,20086.7,67371.2,106655.7,128652.3,113705.3,148
669.4,147414.0,29678.0,29080.0,44328.0,44328.0,68388.5,56440.9,15650.1,13521.4,0.0,45316.8,0.0,16675.7,46593.3,20087.8,67372.4,106654.5,128652.3,113705.3,148
670.4,147414.0,29678.0,29080.0,44328.0,44328.0,68388.5,56440.9,15650.1,13521.4,0.0,45316.8,0.0,16674.9,46593.3,20087.1,67371.7,106655.2,128652.3,113705.3,148
671.4,147432.0,29696.0,29080.0,44328.0,44328.0,68388.5,56440.9,15650.1,13521.4,0.0,45316.8,0.0,16675.4,46593.1,20088.9,67373.3,106653.4,128652.3,113705.3,148
672.4,147432.0,29696.0,29080.0,44328.0,44328.0,68388.5,56440.9,15650.1,13521.4,0.0,45316.8,0.0,16675.0,46593.1,20088.2,67372.5,106654.2,128652.3,113705.4,148
673.4,147432.0,29696.0,29080.0,44328.0,44328.0,68388.5,56440.9,15650.1,13521.4,0.0,45316.8,0.0,16675.5,46593.1,20085.6,67369.9,106656.8,128652.3,113705.4,148
674.5,147480.0,29696.0,29128.0,44328.0,44328.0,68388.5,56440.9,15650.1,13521.4,0.0,45316.8,0.0,16675.0,46593.1,20087.4,67371.8,106654.9,128652.3,113705.4,148
675.6,147480.0,29696.0,29128.0,44328.0,44328.0,68388.6,56440.9,15650.1,13521.4,0.0,45316.8,0.0,16675.0,46593.4,20084.9,67369.6,106657.4,128652.3,113705.4,148
676.6,147480.0,29696.0,29128.0,44328.0,44328.0,68388.6,56440.9,15650.1,13521.4,0.0,45316.8,0.0,16675.2,46593.4,20086.5,67371.2,106655.8,128652.3,113705.4,148
677.7,147480.0,29696.0,29128.0,44328.0,44328.0,68388.6,56440.9,15650.1,13521.4,0.0,45316.9,0.0,16675.0,46593.4,20086.9,67371.6,106655.4,128652.3,113705.4,148
678.7,147480.0,29696.0,29128.0,44328.0,44328.0,68388.6,56440.9,15650.1,13521.4,0.0,45316.9,0.0,16675.0,46593.4,20087.0,67371.7,106655.3,128652.3,113705.4,148
679.8,147480.0,29696.0,29128.0,44328.0,44328.0,68388.6,56440.9,15650.1,13521.4,0.0,45316.9,0.0,16675.2,46593.4,20086.8,67371.5,106655.5,128652.3,113705.4,148
680.8,147480.0,29696.0,29128.0,44328.0,44328.0,68388.6,56440.9,15650.1,13521.4,0.0,45316.9,0.0,16675.0,46593.4,20084.3,67369.0,106658.1,128652.3,113705.4,148
681.9,147480.0,29696.0,29128.0,44328.0,44328.0,68388.6,56440.9,15650.1,13521.4,0.0,45316.9,0.0,16675.0,46593.1,20082.5,67366.9,106659.8,128652.3,113705.4,148
682.9,147480.0,29696.0,29128.0,44328.0,44328.0,68388.6,56441.0,15650.1,13521.4,0.0,45316.9,0.0,16675.1,46593.1,20082.4,67366.8,106659.9,128652.3,113705.4,148
684.0,147480.0,29696.0,29128.0,44328.0,44328.0,68397.2,56449.6,15658.8,13530.1,0.0,45317.0,0.0,16683.1,46594.3,20095.9,67381.5,106646.4,128652.3,113714.2,148
685.0,147480.0,29696.0,29128.0,44328.0,44328.0,68397.2,56449.6,15658.8,13530.1,0.0,45317.0,0.0,16683.8,46593.9,20093.9,67379.0,106648.5,128652.3,113714.2,148
686.1,147480.0,29696.0,29128.0,44328.0,44328.0,68397.2,56449.6,15658.8,13530.1,0.0,45317.0,0.0,16683.8,46594.1,20094.3,67379.7,106648.0,128652.3,113714.2,148
687.1,147480.0,29696.0,29128.0,44328.0,44328.0,68397.2,56449.6,15658.8,13530.1,0.0,45317.0,0.0,16683.8,46594.9,20100.2,67386.4,106642.1,128652.3,113714.2,148
688.1,147480.0,29696.0,29128.0,44328.0,44328.0,68397.2,56449.6,15658.8,13530.1,0.0,45317.0,0.0,16683.8,46593.6,20097.8,67382.6,106644.5,128652.3,113714.3,148
689.2,147480.0,29696.0,29128.0,44328.0,44328.0,68397.2,56449.6,15658.8,13530.1,0.0,45317.0,0.0,16684.1,46593.5,20098.4,67383.2,106643.9,128652.3,113714.3,148
690.2,147480.0,29696.0,29128.0,44328.0,44328.0,68397.2,56449.6,15658.8,13530.1,0.0,45317.1,0.0,16684.0,46593.5,20099.2,67384.0,106643.1,128652.3,113714.3,148
691.2,147480.0,29696.0,29128.0,44328.0,44328.0,68397.2,56449.6,15658.8,13530.1,0.0,45317.1,0.0,16684.0,46593.8,20099.4,67384.5,106642.9,128652.3,113714.3,148
692.2,147480.0,29696.0,29128.0,44328.0,44328.0,68397.2,56449.6,15658.8,13530.1,0.0,45317.1,0.0,16684.0,46593.6,20100.3,67385.2,106642.0,128652.3,113714.3,148
693.3,147480.0,29696.0,29128.0,44328.0,44328.0,68344.2,56396.6,15605.8,13477.1,0.0,45317.1,0.0,16631.4,46593.6,20048.2,67333.1,106694.1,128652.3,113661.3,148
694.3,147480.0,29696.0,29128.0,44328.0,44328.0,68344.2,56396.6,15605.8,13477.1,0.0,45317.1,0.0,16631.0,46593.5,20047.6,67332.5,106694.6,128652.3,113661.3,148
695.3,147480.0,29696.0,29128.0,44328.0,44328.0,68344.2,56396.6,15605.8,13477.1,0.0,45317.1,0.0,16631.0,46593.5,20049.8,67334.7,106692.5,128652.3,113661.3,148
696.3,147480.0,29696.0,29128.0,44328.0,44328.0,68344.2,56396.6,15605.8,13477.1,0.0,45317.1,0.0,16631.0,46593.5,20049.5,67334.3,106692.8,128652.3,113661.3,148
697.4,147480.0,29696.0,29128.0,44328.0,44328.0,68344.2,56396.6,15605.8,13477.1,0.0,45317.1,0.0,16631.5,46593.5,20049.1,67334.0,106693.1,128652.3,113661.3,148
698.5,147480.0,29696.0,29128.0,44328.0,44328.0,68344.2,56396.6,15605.8,13477.1,0.0,45317.1,0.0,16631.1,46593.5,20049.0,67333.8,106693.3,128652.3,113661.3,148
699.5,147480.0,29696.0,29128.0,44328.0,44328.0,68372.5,56424.9,15634.0,13505.3,0.0,45317.1,0.0,16659.4,46593.7,20080.8,67365.8,106661.5,128652.3,113689.6,148
700.5,147480.0,29696.0,29128.0,44328.0,44328.0,68372.5,56424.9,15634.0,13505.3,0.0,45317.1,0.0,16659.4,46593.7,20080.3,67365.4,106661.9,128652.3,113689.6,148
701.6,147480.0,29696.0,29128.0,44328.0,44328.0,68372.5,56424.9,15634.0,13505.3,0.0,45317.1,0.0,16659.4,46593.7,20080.2,67365.2,106662.1,128652.3,113689.6,148
702.6,147480.0,29696.0,29128.0,44328.0,44328.0,68408.9,56461.3,15670.5,13541.8,0.0,45317.1,0.0,16695.9,46594.0,20119.9,67405.2,106622.4,128652.3,113726.0,148
703.6,147480.0,29696.0,29128.0,44328.0,44328.0,68417.7,56470.1,15679.3,13550.6,0.0,45317.2,0.0,16704.7,46594.1,20118.2,67403.6,106624.1,128652.3,113734.9,148
704.7,147480.0,29696.0,29128.0,44328.0,44328.0,68417.7,56470.1,15679.3,13550.6,0.0,45317.2,0.0,16704.7,46594.1,20116.7,67402.1,106625.6,128652.3,113734.9,148
705.7,147480.0,29696.0,29128.0,44328.0,44328.0,68417.7,56470.1,15679.3,13550.6,0.0,45317.2,0.0,16704.7,46595.5,20122.2,67409.1,106620.0,128652.3,113734.9,148
706.8,147480.0,29696.0,29128.0,44328.0,44328.0,68417.7,56470.1,15679.3,13550.6,0.0,45317.2,0.0,16704.7,46594.0,20123.0,67408.4,106619.3,128652.3,113735.0,148
707.8,147480.0,29696.0,29128.0,44328.0,44328.0,68417.7,56470.1,15679.3,13550.6,0.0,45317.2,0.0,16704.7,46595.7,20125.7,67412.7,106616.6,128652.3,113735.0,148
708.8,147480.0,29696.0,29128.0,44328.0,44328.0,68417.7,56470.1,15679.3,13550.6,0.0,45317.2,0.0,16704.8,46594.1,20118.5,67403.9,106623.8,128652.3,113735.0,148
709.8,147480.0,29696.0,29128.0,44328.0,44328.0,68417.7,56470.1,15679.3,13550.6,0.0,45317.3,0.0,16704.8,46594.2,20119.4,67404.9,106622.9,128652.3,113735.0,148
710.8,147480.0,29696.0,29128.0,44328.0,44328.0,68417.7,56470.1,15679.3,13550.6,0.0,45317.3,0.0,16704.7,46594.2,20118.6,67404.1,106623.7,128652.3,113735.0,148
711.8,147480.0,29696.0,29128.0,44328.0,44328.0,68417.7,56470.1,15679.3,13550.6,0.0,45317.3,0.0,16704.8,46594.2,20119.5,67405.0,106622.7,128652.3,113735.0,148
712.8,147480.0,29696.0,29128.0,44328.0,44328.0,68417.7,56470.1,15679.3,13550.6,0.0,45317.3,0.0,16704.7,46594.2,20116.8,67402.3,106625.4,128652.3,113735.0,148
713.9,147480.0,29696.0,29128.0,44328.0,44328.0,68423.7,56476.1,15685.3,13556.6,0.0,45317.3,0.0,16711.4,46595.7,20134.6,67421.6,106607.6,128652.3,113741.0,148
714.9,147480.0,29696.0,29128.0,44328.0,44328.0,68423.7,56476.1,15685.3,13556.6,0.0,45317.3,0.0,16711.4,46594.4,20127.6,67413.3,106614.7,128652.3,113741.0,148
715.9,147480.0,29696.0,29128.0,44328.0,44328.0,68423.7,56476.1,15685.3,13556.6,0.0,45317.3,0.0,16711.4,46594.4,20126.8,67412.5,106615.4,128652.3,113741.0,148
716.9,147480.0,29696.0,29128.0,44328.0,44328.0,68423.7,56476.1,15685.3,13556.6,0.0,45317.3,0.0,16711.7,46594.4,20127.0,67412.7,106615.3,128652.3,113741.0,148
717.9,147480.0,29696.0,29128.0,44328.0,44328.0,68423.7,56476.1,15685.3,13556.6,0.0,45317.3,0.0,16711.7,46594.4,20126.5,67412.3,106615.7,128652.3,113741.0,148
718.9,147480.0,29696.0,29128.0,44328.0,44328.0,68423.7,56476.1,15685.3,13556.6,0.0,45317.3,0.0,16711.1,46594.4,20124.9,67410.6,106617.3,128652.3,113741.0,148
719.9,147480.0,29696.0,29128.0,44328.0,44328.0,68423.7,56476.1,15685.3,13556.6,0.0,45317.4,0.0,16711.1,46594.4,20127.4,67413.2,106614.9,128652.3,113741.1,148
720.9,147480.0,29696.0,29128.0,44328.0,44328.0,68423.7,56476.1,15685.3,13556.6,0.0,45317.4,0.0,16711.1,46594.4,20124.8,67410.6,106617.5,128652.3,113741.1,148
722.0,147480.0,29696.0,29128.0,44328.0,44328.0,68423.7,56476.1,15685.3,13556.6,0.0,45317.4,0.0,16711.3,46595.3,20130.6,67417.2,106611.6,128652.3,113741.1,148
723.0,147480.0,29696.0,29128.0,44328.0,44328.0,68423.7,56476.1,15685.3,13556.6,0.0,45317.4,0.0,16711.3,46594.9,20125.3,67411.5,106617.0,128652.3,113741.1,148
724.0,147480.0,29696.0,29128.0,44328.0,44328.0,68423.7,56476.1,15685.3,13556.6,0.0,45317.4,0.0,16711.2,46594.9,20125.6,67411.9,106616.6,128652.3,113741.1,148
725.0,147480.0,29696.0,29128.0,44328.0,44328.0,68423.7,56476.1,15685.3,13556.6,0.0,45317.4,0.0,16711.4,46594.9,20126.8,67413.0,106615.5,128652.3,113741.2,148
726.0,147480.0,29696.0,29128.0,44328.0,44328.0,68435.6,56488.0,15697.2,13568.5,0.0,45317.4,0.0,16722.9,46597.0,20145.5,67433.9,106596.7,128652.3,113753.0,148
727.1,147480.0,29696.0,29128.0,44328.0,44328.0,68435.6,56488.0,15697.2,13568.5,0.0,45317.4,0.0,16723.2,46595.0,20138.6,67424.9,106603.6,128652.3,113753.0,148
728.1,147480.0,29696.0,29128.0,44328.0,44328.0,68439.8,56492.2,15701.4,13572.7,0.0,45317.4,0.0,16727.3,46596.8,20161.3,67449.5,106580.9,128652.3,113757.2,148
729.1,147480.0,29696.0,29128.0,44328.0,44328.0,68439.8,56492.2,15701.4,13572.7,0.0,45317.5,0.0,16728.0,46596.1,20154.9,67442.3,106587.4,128652.3,113757.2,148
730.1,147480.0,29696.0,29128.0,44328.0,44328.0,68439.8,56492.2,15701.4,13572.7,0.0,45317.5,0.0,16728.0,46595.8,20157.6,67444.8,106584.6,128652.3,113757.2,148
731.1,147480.0,29696.0,29128.0,44328.0,44328.0,68452.0,56504.4,15713.6,13584.9,0.0,45317.5,0.0,16739.8,46598.1,20201.5,67490.9,106540.8,128652.3,113769.5,148
732.2,147480.0,29696.0,29128.0,44328.0,44328.0,68452.9,56505.3,15714.5,13585.8,0.0,45317.5,0.0,16742.7,46597.0,20167.2,67455.6,106575.0,128652.3,113770.4,148
733.2,147480.0,29696.0,29128.0,44328.0,44328.0,68452.9,56505.3,15714.5,13585.8,0.0,45317.5,0.0,16741.1,46595.8,20166.0,67453.2,106576.2,128652.3,113770.4,148
734.2,147480.0,29696.0,29128.0,44328.0,44328.0,68452.9,56505.3,15714.5,13585.8,0.0,45317.5,0.0,16741.5,46595.7,20165.4,67452.5,106576.9,128652.3,113770.4,148
735.2,147480.0,29696.0,29128.0,44328.0,44328.0,68452.9,56505.3,15714.5,13585.8,0.0,45317.5,0.0,16741.6,46595.6,20167.5,67454.5,106574.7,128652.3,113770.4,148
736.2,147480.0,29696.0,29128.0,44328.0,44328.0,68452.9,56505.3,15714.5,13585.8,0.0,45317.5,0.0,16741.6,46595.6,20166.6,67453.6,106575.6,128652.3,113770.4,148
737.2,147480.0,29696.0,29128.0,44328.0,44328.0,68452.9,56505.3,15714.5,13585.8,0.0,45317.5,0.0,16741.6,46595.6,20166.7,67453.7,106575.5,128652.3,113770.4,148
738.2,147480.0,29696.0,29128.0,44328.0,44328.0,68452.9,56505.3,15714.5,13585.8,0.0,45317.5,0.0,16741.6,46595.6,20165.8,67452.9,106576.4,128652.3,113770.4,148
739.3,147480.0,29696.0,29128.0,44328.0,44328.0,68452.9,56505.3,15714.5,13585.8,0.0,45317.5,0.0,16741.6,46595.6,20164.7,67451.7,106577.5,128652.3,113770.4,148
740.3,147480.0,29696.0,29128.0,44328.0,44328.0,68452.9,56505.3,15714.5,13585.8,0.0,45317.6,0.0,16741.6,46595.7,20160.1,67447.1,106582.1,128652.3,113770.5,148
741.4,147480.0,29696.0,29128.0,44328.0,44328.0,68452.9,56505.3,15714.5,13585.8,0.0,45317.6,0.0,16741.6,46595.7,20161.7,67448.9,106580.5,128652.3,113770.5,148
742.4,147480.0,29696.0,29128.0,44328.0,44328.0,68460.9,56513.3,15722.4,13593.7,0.0,45317.6,0.0,16741.6,46596.7,20168.9,67457.0,106573.3,128652.3,113778.4,148
743.4,147480.0,29696.0,29128.0,44328.0,44328.0,68460.9,56513.3,15722.4,13593.7,0.0,45317.7,0.0,16749.6,46596.2,20163.5,67451.1,106578.7,128652.3,113778.6,148
744.5,147480.0,29696.0,29128.0,44328.0,44328.0,68460.9,56513.3,15722.4,13593.7,0.0,45317.7,0.0,16750.1,46596.2,20163.8,67451.4,106578.3,128652.3,113778.6,148
745.5,147480.0,29696.0,29128.0,44328.0,44328.0,68464.3,56516.7,15725.8,13597.1,0.0,45317.7,0.0,16753.0,46595.9,20163.9,67451.2,106578.3,128652.3,113782.0,148
746.5,147480.0,29696.0,29128.0,44328.0,44328.0,68464.3,56516.7,15725.8,13597.1,0.0,45317.7,0.0,16753.0,46596.3,20166.4,67454.1,106575.8,128652.3,113782.0,148
747.6,147480.0,29696.0,29128.0,44328.0,44328.0,68464.3,56516.7,15725.8,13597.1,0.0,45317.7,0.0,16753.0,46596.3,20167.5,67455.1,106574.7,128652.3,113782.0,148
748.6,147480.0,29696.0,29128.0,44328.0,44328.0,68464.3,56516.7,15725.8,13597.1,0.0,45317.7,0.0,16753.0,46596.3,20167.8,67455.5,106574.4,128652.3,113782.0,148
749.6,147480.0,29696.0,29128.0,44328.0,44328.0,68464.3,56516.7,15725.8,13597.1,0.0,45317.7,0.0,16753.0,46596.3,20169.6,67457.3,106572.6,128652.3,113782.0,148
750.7,147480.0,29696.0,29128.0,44328.0,44328.0,68464.3,56516.7,15725.8,13597.1,0.0,45317.7,0.0,16753.0,46596.3,20169.5,67457.2,106572.7,128652.3,113782.0,148
751.7,147480.0,29696.0,29128.0,44328.0,44328.0,68464.3,56516.7,15725.8,13597.1,0.0,45317.7,0.0,16753.0,46596.3,20169.4,67457.1,106572.8,128652.3,113782.0,148
752.7,147480.0,29696.0,29128.0,44328.0,44328.0,68464.3,56516.7,15725.8,13597.1,0.0,45317.7,0.0,16753.5,46596.3,20169.7,67457.4,106572.5,128652.3,113782.0,148
753.8,147480.0,29696.0,29128.0,44328.0,44328.0,68464.3,56516.7,15725.8,13597.1,0.0,45317.7,0.0,16753.0,46596.3,20169.6,67457.3,106572.6,128652.3,113782.0,148
754.8,147480.0,29696.0,29128.0,44328.0,44328.0,68464.3,56516.7,15725.8,13597.1,0.0,45317.8,0.0,16753.0,46596.3,20174.5,67462.2,106567.7,128652.3,113782.0,148
755.9,147480.0,29696.0,29128.0,44328.0,44328.0,68464.3,56516.7,15725.8,13597.1,0.0,45317.8,0.0,16753.0,46596.3,20174.6,67462.4,106567.5,128652.3,113782.0,148
756.9,147480.0,29696.0,29128.0,44328.0,44328.0,68464.3,56516.7,15725.8,13597.1,0.0,45317.9,0.0,16753.0,46595.6,20175.5,67462.6,106566.6,128652.3,113782.1,148
758.1,147480.0,29696.0,29128.0,44328.0,44328.0,68465.7,56518.1,15727.2,13598.5,0.0,45317.9,0.0,16754.9,46597.0,20176.3,67464.7,106565.9,128652.3,113783.5,148
759.1,147480.0,29696.0,29128.0,44328.0,44328.0,68465.7,56518.1,15727.2,13598.5,0.0,45317.9,0.0,16754.9,46596.2,20177.3,67464.8,106564.9,128652.3,113783.5,148
760.1,147480.0,29696.0,29128.0,44328.0,44328.0,68465.8,56518.2,15727.4,13598.7,0.0,45317.9,0.0,16754.0,46596.1,20170.5,67458.0,106571.7,128652.3,113783.7,148
761.1,147480.0,29696.0,29128.0,44328.0,44328.0,68477.3,56529.7,15738.9,13610.2,0.0,45317.9,0.0,16765.5,46596.7,20188.0,67476.1,106554.2,128652.3,113795.2,148
762.2,147480.0,29696.0,29128.0,44328.0,44328.0,68477.3,56529.7,15738.9,13610.2,0.0,45317.9,0.0,16765.5,46596.7,20187.6,67475.8,106554.6,128652.3,113795.2,148
763.2,147480.0,29696.0,29128.0,44328.0,44328.0,68477.3,56529.7,15738.9,13610.2,0.0,45317.9,0.0,16765.5,46596.7,20188.2,67476.4,106553.9,128652.3,113795.2,148
764.2,147480.0,29696.0,29128.0,44328.0,44328.0,68477.4,56529.8,15738.9,13610.2,0.0,45317.9,0.0,16766.1,46596.7,20191.4,67479.6,106550.8,128652.3,113795.3,148
765.2,147480.0,29696.0,29128.0,44328.0,44328.0,68477.4,56529.8,15739.0,13610.3,0.0,45317.9,0.0,16766.2,46596.8,20192.1,67480.3,106550.1,128652.3,113795.3,148
766.2,147480.0,29696.0,29128.0,44328.0,44328.0,68477.4,56529.8,15739.0,13610.3,0.0,45317.9,0.0,16766.2,46596.3,20192.9,67480.6,106549.3,128652.3,113795.3,148
767.2,147480.0,29696.0,29128.0,44328.0,44328.0,68477.4,56529.8,15739.0,13610.3,0.0,45317.9,0.0,16766.2,46596.3,20192.2,67480.0,106550.0,128652.3,113795.3,148
768.2,147480.0,29696.0,29128.0,44328.0,44328.0,68477.4,56529.8,15739.0,13610.3,0.0,45317.9,0.0,16766.3,46596.2,20192.6,67480.2,106549.6,128652.3,113795.3,148
769.2,147480.0,29696.0,29128.0,44328.0,44328.0,68477.5,56529.9,15739.1,13610.4,0.0,45318.0,0.0,16763.9,46596.8,20191.3,67479.6,106550.8,128652.3,113795.4,148
770.3,147480.0,29696.0,29128.0,44328.0,44328.0,68477.5,56529.9,15739.1,13610.4,0.0,45318.0,0.0,16763.9,46596.1,20194.3,67481.9,106547.9,128652.3,113795.4,148
771.3,147480.0,29696.0,29128.0,44328.0,44328.0,68477.5,56529.9,15739.1,13610.4,0.0,45318.0,0.0,16764.5,46596.1,20195.6,67483.2,106546.6,128652.3,113795.4,148
772.3,147480.0,29696.0,29128.0,44328.0,44328.0,68477.5,56529.9,15739.1,13610.4,0.0,45318.0,0.0,16764.1,46596.1,20193.0,67480.6,106549.1,128652.3,113795.4,148
773.3,147480.0,29696.0,29128.0,44328.0,44328.0,68477.5,56529.9,15739.1,13610.4,0.0,45318.0,0.0,16764.1,46596.1,20191.2,67478.8,106550.9,128652.3,113795.5,148
774.3,147480.0,29696.0,29128.0,44328.0,44328.0,68477.5,56529.9,15739.1,13610.4,0.0,45318.0,0.0,16764.7,46596.0,20193.4,67480.9,106548.8,128652.3,113795.5,148
775.4,147630.0,29846.0,29128.0,44328.0,44328.0,68477.5,56529.9,15739.1,13610.4,0.0,45318.0,0.0,16764.6,46596.0,20191.7,67479.1,106550.5,128652.3,113795.5,148
776.4,147630.0,29846.0,29128.0,44328.0,44328.0,68437.8,56490.2,15699.4,13570.7,0.0,45318.0,0.0,16772.3,46598.0,20280.8,67570.3,106461.3,128652.3,113755.8,148
777.5,147630.0,29846.0,29128.0,44328.0,44328.0,68437.8,56490.2,15699.4,13570.7,0.0,45318.0,0.0,16724.7,46596.3,20153.9,67441.6,106588.3,128652.3,113755.8,148
778.6,147630.0,29846.0,29128.0,44328.0,44328.0,68439.8,56492.2,15701.4,13572.7,0.0,45318.0,0.0,16727.0,46597.3,20161.4,67450.1,106580.7,128652.3,113757.8,148
779.6,147630.0,29846.0,29128.0,44328.0,44328.0,68440.0,56492.4,15701.6,13572.9,0.0,45318.0,0.0,16727.6,46596.0,20157.3,67444.8,106584.9,128652.3,113758.0,148
780.6,147630.0,29846.0,29128.0,44328.0,44328.0,68440.0,56492.4,15701.6,13572.9,0.0,45318.0,0.0,16727.6,46596.0,20154.4,67441.9,106587.7,128652.3,113758.0,148
781.6,147630.0,29846.0,29128.0,44328.0,44328.0,68440.0,56492.4,15701.6,13572.9,0.0,45318.1,0.0,16727.6,46596.2,20154.0,67441.6,106588.1,128652.3,113758.1,148
782.7,147630.0,29846.0,29128.0,44328.0,44328.0,68440.0,56492.4,15701.6,13572.9,0.0,45318.2,0.0,16727.6,46596.2,20154.8,67442.4,106587.4,128652.3,113758.2,148
783.7,147630.0,29846.0,29128.0,44328.0,44328.0,68440.0,56492.4,15701.6,13572.9,0.0,45318.2,0.0,16727.6,46596.2,20155.7,67443.3,106586.4,128652.3,113758.2,148
784.7,147630.0,29846.0,29128.0,44328.0,44328.0,68440.0,56492.4,15701.6,13572.9,0.0,45318.2,0.0,16727.6,46596.2,20158.6,67446.2,106583.6,128652.3,113758.2,148
785.8,147630.0,29846.0,29128.0,44328.0,44328.0,68440.0,56492.4,15701.6,13572.9,0.0,45318.2,0.0,16727.8,46596.2,20159.0,67446.6,106583.1,128652.3,113758.2,148
786.8,147630.0,29846.0,29128.0,44328.0,44328.0,68440.0,56492.4,15701.6,13572.9,0.0,45318.2,0.0,16727.6,46596.3,20154.6,67442.3,106587.6,128652.3,113758.2,148
787.9,147630.0,29846.0,29128.0,44328.0,44328.0,68440.0,56492.4,15701.6,13572.9,0.0,45318.2,0.0,16727.6,46596.3,20155.2,67442.9,106587.0,128652.3,113758.2,148
788.9,147630.0,29846.0,29128.0,44328.0,44328.0,68440.0,56492.4,15701.6,13572.9,0.0,45318.2,0.0,16727.6,46596.6,20155.4,67443.5,106586.8,128652.3,113758.2,148
789.9,147630.0,29846.0,29128.0,44328.0,44328.0,68447.0,56499.4,15708.6,13579.9,0.0,45318.2,0.0,16727.6,46596.5,20151.2,67439.1,106591.0,128652.3,113765.2,148
791.0,147630.0,29846.0,29128.0,44328.0,44328.0,68447.0,56499.4,15708.6,13579.9,0.0,45318.2,0.0,16734.6,46597.2,20160.6,67449.3,106581.5,128652.3,113765.2,148
792.0,147630.0,29846.0,29128.0,44328.0,44328.0,68447.0,56499.4,15708.6,13579.9,0.0,45318.2,0.0,16734.6,46597.2,20158.9,67447.6,106583.2,128652.3,113765.2,148
793.1,147630.0,29846.0,29128.0,44328.0,44328.0,68447.0,56499.4,15708.6,13579.9,0.0,45318.2,0.0,16734.6,46597.2,20160.0,67448.7,106582.1,128652.3,113765.2,148
794.1,147630.0,29846.0,29128.0,44328.0,44328.0,68447.0,56499.4,15708.6,13579.9,0.0,45318.3,0.0,16735.3,46597.3,20160.5,67449.2,106581.7,128652.3,113765.3,148
795.2,147630.0,29846.0,29128.0,44328.0,44328.0,68447.0,56499.4,15708.6,13579.9,0.0,45318.3,0.0,16735.3,46597.3,20161.7,67450.5,106580.4,128652.3,113765.3,148
796.2,147630.0,29846.0,29128.0,44328.0,44328.0,68447.0,56499.4,15708.6,13579.9,0.0,45318.3,0.0,16735.3,46596.9,20159.6,67448.0,106582.5,128652.3,113765.3,148
797.3,147630.0,29846.0,29128.0,44328.0,44328.0,68449.7,56502.1,15711.3,13582.6,0.0,45318.3,0.0,16737.6,46597.0,20166.8,67455.3,106575.3,128652.3,113768.1,148
798.3,147630.0,29846.0,29128.0,44328.0,44328.0,68453.4,56505.8,15714.9,13586.2,0.0,45318.3,0.0,16740.1,46596.8,20167.3,67455.5,106574.8,128652.3,113771.7,148
799.4,147630.0,29846.0,29128.0,44328.0,44328.0,68452.4,56504.8,15714.0,13585.3,0.0,45318.3,0.0,16739.3,46596.5,20166.5,67454.4,106575.6,128652.3,113770.7,148
800.4,147630.0,29846.0,29128.0,44328.0,44328.0,68452.4,56504.8,15714.0,13585.3,0.0,45318.3,0.0,16739.5,46596.1,20165.2,67452.8,106576.9,128652.3,113770.7,148
801.4,147630.0,29846.0,29128.0,44328.0,44328.0,68452.4,56504.8,15714.0,13585.3,0.0,45318.3,0.0,16739.0,46596.1,20165.3,67452.8,106576.8,128652.3,113770.7,148
802.5,147630.0,29846.0,29128.0,44328.0,44328.0,68452.4,56504.8,15714.0,13585.3,0.0,45318.3,0.0,16739.0,46596.1,20164.0,67451.6,106578.1,128652.3,113770.7,148
803.5,147630.0,29846.0,29128.0,44328.0,44328.0,68452.4,56504.8,15714.0,13585.3,0.0,45318.3,0.0,16739.0,46596.1,20168.1,67455.7,106574.1,128652.3,113770.7,148
804.5,147630.0,29846.0,29128.0,44328.0,44328.0,68452.4,56504.8,15714.0,13585.3,0.0,45318.3,0.0,16739.0,46596.1,20166.0,67453.6,106576.1,128652.3,113770.7,148
805.5,147630.0,29846.0,29128.0,44328.0,44328.0,68452.4,56504.8,15714.0,13585.3,0.0,45318.3,0.0,16739.0,46596.1,20167.0,67454.6,106575.1,128652.3,113770.7,148
806.5,147630.0,29846.0,29128.0,44328.0,44328.0,68452.4,56504.8,15714.0,13585.3,0.0,45318.4,0.0,16739.0,46596.2,20167.1,67454.7,106575.0,128652.3,113770.7,148
807.6,147630.0,29846.0,29128.0,44328.0,44328.0,68454.8,56507.2,15716.3,13587.6,0.0,45318.4,0.0,16741.1,46596.7,20175.3,67463.5,106566.8,128652.3,113773.1,148
808.6,147630.0,29846.0,29128.0,44328.0,44328.0,68454.8,56507.2,15716.3,13587.6,0.0,45318.4,0.0,16741.0,46596.6,20164.2,67452.3,106577.9,128652.3,113773.1,148
809.6,147630.0,29846.0,29128.0,44328.0,44328.0,68454.8,56507.2,15716.3,13587.6,0.0,45318.4,0.0,16741.5,46596.6,20165.4,67453.5,106576.7,128652.3,113773.2,148
810.6,147630.0,29846.0,29128.0,44328.0,44328.0,68454.8,56507.2,15716.3,13587.6,0.0,45318.4,0.0,16741.5,46596.6,20166.1,67454.2,106576.0,128652.3,113773.2,148
811.6,147630.0,29846.0,29128.0,44328.0,44328.0,68454.8,56507.2,15716.3,13587.6,0.0,45318.4,0.0,16741.5,46596.6,20166.3,67454.4,106575.8,128652.3,113773.2,148
812.6,147630.0,29846.0,29128.0,44328.0,44328.0,68454.8,56507.2,15716.3,13587.6,0.0,45318.4,0.0,16741.4,46596.6,20167.0,67455.0,106575.2,128652.3,113773.2,148
813.6,147630.0,29846.0,29128.0,44328.0,44328.0,68454.8,56507.2,15716.3,13587.6,0.0,45318.4,0.0,16741.5,46596.6,20167.8,67455.9,106574.3,128652.3,113773.2,148
814.6,147630.0,29846.0,29128.0,44328.0,44328.0,68454.8,56507.2,15716.3,13587.7,0.0,45318.4,0.0,16741.5,46596.6,20167.7,67455.8,106574.4,128652.3,113773.2,148
815.6,147630.0,29846.0,29128.0,44328.0,44328.0,68462.5,56514.9,15724.1,13595.4,0.0,45318.4,0.0,16749.2,46597.0,20182.2,67470.7,106559.9,128652.3,113780.9,148
816.6,147630.0,29846.0,29128.0,44328.0,44328.0,68462.5,56514.9,15724.1,13595.4,0.0,45318.6,0.0,16749.2,46597.2,20181.2,67469.8,106560.9,128652.3,113781.1,148
817.6,147630.0,29846.0,29128.0,44328.0,44328.0,68462.5,56514.9,15724.1,13595.4,0.0,45318.6,0.0,16749.6,46597.2,20180.3,67468.9,106561.8,128652.3,113781.1,148
818.6,147630.0,29846.0,29128.0,44328.0,44328.0,68462.5,56514.9,15724.1,13595.4,0.0,45318.6,0.0,16749.2,46597.2,20179.6,67468.3,106562.5,128652.3,113781.1,148
819.6,147630.0,29846.0,29128.0,44328.0,44328.0,68462.5,56514.9,15724.1,13595.4,0.0,45318.6,0.0,16749.4,46596.8,20179.1,67467.3,106563.1,128652.3,113781.1,148
820.6,147630.0,29846.0,29128.0,44328.0,44328.0,68462.5,56514.9,15724.1,13595.4,0.0,45318.6,0.0,16749.4,46596.4,20177.4,67465.3,106564.7,128652.3,113781.1,148
821.6,147630.0,29846.0,29128.0,44328.0,44328.0,68462.5,56514.9,15724.1,13595.4,0.0,45318.6,0.0,16749.4,46596.4,20176.8,67464.8,106565.3,128652.3,113781.1,148
822.6,147630.0,29846.0,29128.0,44328.0,44328.0,68462.5,56514.9,15724.1,13595.4,0.0,45318.6,0.0,16749.3,46596.4,20177.3,67465.2,106564.8,128652.3,113781.1,148
823.6,147630.0,29846.0,29128.0,44328.0,44328.0,68462.5,56514.9,15724.1,13595.4,0.0,45318.6,0.0,16749.4,46596.4,20178.2,67466.2,106563.9,128652.3,113781.1,148
824.6,147630.0,29846.0,29128.0,44328.0,44328.0,68462.5,56514.9,15724.1,13595.4,0.0,45318.6,0.0,16749.4,46596.4,20178.8,67466.7,106563.3,128652.3,113781.1,148
825.6,147630.0,29846.0,29128.0,44328.0,44328.0,68462.5,56514.9,15724.1,13595.4,0.0,45318.6,0.0,16749.4,46596.5,20178.6,67466.6,106563.5,128652.3,113781.1,148
826.6,147630.0,29846.0,29128.0,44328.0,44328.0,68462.5,56514.9,15724.1,13595.4,0.0,45318.6,0.0,16749.4,46596.5,20180.5,67468.5,106561.6,128652.3,113781.1,148
827.7,147630.0,29846.0,29128.0,44328.0,44328.0,68462.5,56514.9,15724.1,13595.4,0.0,45318.6,0.0,16749.4,46596.8,20177.6,67465.9,106564.5,128652.3,113781.1,148
828.7,147630.0,29846.0,29128.0,44328.0,44328.0,68462.5,56514.9,15724.1,13595.4,0.0,45318.6,0.0,16749.4,46596.8,20177.9,67466.2,106564.2,128652.3,113781.1,148
829.7,147630.0,29846.0,29128.0,44328.0,44328.0,68462.5,56514.9,15724.1,13595.4,0.0,45318.6,0.0,16749.5,46596.8,20177.4,67465.8,106564.7,128652.3,113781.2,148
830.7,147630.0,29846.0,29128.0,44328.0,44328.0,68462.5,56514.9,15724.1,13595.4,0.0,45318.6,0.0,16749.5,46596.8,20177.8,67466.1,106564.3,128652.3,113781.2,148
831.7,147630.0,29846.0,29128.0,44328.0,44328.0,68462.5,56514.9,15724.1,13595.4,0.0,45318.6,0.0,16749.5,46596.8,20177.7,67466.0,106564.4,128652.3,113781.2,148
832.7,147630.0,29846.0,29128.0,44328.0,44328.0,68462.5,56514.9,15724.1,13595.4,0.0,45318.8,0.0,16749.6,46596.7,20177.2,67465.5,106564.9,128652.3,113781.3,148
833.7,147630.0,29846.0,29128.0,44328.0,44328.0,68462.5,56514.9,15724.1,13595.4,0.0,45318.8,0.0,16750.1,46596.7,20171.8,67460.0,106570.3,128652.3,113781.3,148
834.8,147630.0,29846.0,29128.0,44328.0,44328.0,68462.5,56514.9,15724.1,13595.4,0.0,45318.8,0.0,16750.1,46597.1,20177.0,67465.6,106565.1,128652.3,113781.3,148
835.8,147630.0,29846.0,29128.0,44328.0,44328.0,68462.5,56514.9,15724.1,13595.4,0.0,45318.8,0.0,16750.1,46597.1,20174.2,67462.8,106567.9,128652.3,113781.3,148
836.8,147630.0,29846.0,29128.0,44328.0,44328.0,68462.6,56514.9,15724.1,13595.4,0.0,45318.8,0.0,16750.1,46597.1,20174.7,67463.3,106567.4,128652.3,113781.3,148
837.9,147630.0,29846.0,29128.0,44328.0,44328.0,68462.6,56514.9,15724.1,13595.4,0.0,45318.8,0.0,16750.1,46597.6,20173.7,67462.9,106568.3,128652.3,113781.3,148
838.9,147630.0,29846.0,29128.0,44328.0,44328.0,68462.6,56514.9,15724.1,13595.4,0.0,45318.8,0.0,16750.1,46597.6,20173.9,67463.0,106568.2,128652.3,113781.3,148
839.9,147630.0,29846.0,29128.0,44328.0,44328.0,68462.6,56515.0,15724.1,13595.4,0.0,45318.8,0.0,16750.1,46597.6,20174.7,67463.8,106567.4,128652.3,113781.4,148
840.9,147630.0,29846.0,29128.0,44328.0,44328.0,68462.6,56515.0,15724.1,13595.4,0.0,45318.8,0.0,16750.1,46597.6,20175.0,67464.2,106567.1,128652.3,113781.4,148
842.0,147630.0,29846.0,29128.0,44328.0,44328.0,68462.6,56515.0,15724.1,13595.4,0.0,45318.8,0.0,16750.1,46597.6,20174.6,67463.7,106567.5,128652.3,113781.4,148
843.0,147630.0,29846.0,29128.0,44328.0,44328.0,68462.6,56515.0,15724.1,13595.4,0.0,45318.8,0.0,16750.2,46597.3,20174.1,67463.0,106567.9,128652.3,113781.4,148
844.1,147630.0,29846.0,29128.0,44328.0,44328.0,68462.6,56515.0,15724.1,13595.4,0.0,45318.8,0.0,16750.1,46597.3,20175.9,67464.8,106566.1,128652.3,113781.4,148
845.1,147630.0,29846.0,29128.0,44328.0,44328.0,68476.1,56528.5,15737.6,13608.9,0.0,45318.8,0.0,16763.6,46598.1,20193.5,67483.2,106548.6,128652.3,113794.9,148
846.1,147630.0,29846.0,29128.0,44328.0,44328.0,68476.1,56528.5,15737.6,13608.9,0.0,45318.8,0.0,16763.6,46597.4,20193.5,67482.4,106548.6,128652.3,113794.9,148
847.2,147630.0,29846.0,29128.0,44328.0,44328.0,68476.1,56528.5,15737.6,13608.9,0.0,45318.8,0.0,16763.6,46597.4,20190.9,67479.8,106551.2,128652.3,113794.9,148
848.2,147630.0,29846.0,29128.0,44328.0,44328.0,68476.1,56528.5,15737.6,13608.9,0.0,45318.8,0.0,16764.0,46597.3,20189.9,67478.7,106552.2,128652.3,113794.9,148
849.2,147630.0,29846.0,29128.0,44328.0,44328.0,68476.1,56528.5,15737.6,13608.9,0.0,45318.8,0.0,16763.6,46598.3,20186.4,67476.3,106555.7,128652.3,113794.9,148
850.3,147630.0,29846.0,29128.0,44328.0,44328.0,68476.1,56528.5,15737.6,13608.9,0.0,45318.8,0.0,16763.7,46598.1,20196.6,67486.3,106545.5,128652.3,113794.9,148
851.3,147630.0,29846.0,29128.0,44328.0,44328.0,68476.1,56528.5,15737.6,13608.9,0.0,45319.0,0.0,16763.7,46598.6,20196.0,67486.1,106546.0,128652.3,113795.0,148
852.3,147630.0,29846.0,29128.0,44328.0,44328.0,68476.1,56528.5,15737.6,13608.9,0.0,45319.0,0.0,16763.7,46598.6,20193.7,67483.8,106548.4,128652.3,113795.0,148
853.3,147630.0,29846.0,29128.0,44328.0,44328.0,68476.1,56528.5,15737.7,13609.0,0.0,45319.1,0.0,16763.7,46598.0,20194.4,67483.9,106547.6,128652.3,113795.2,148
854.4,147630.0,29846.0,29128.0,44328.0,44328.0,68476.1,56528.5,15737.7,13609.0,0.0,45319.1,0.0,16763.7,46598.0,20192.8,67482.3,106549.3,128652.3,113795.2,148
855.5,147630.0,29846.0,29128.0,44328.0,44328.0,68476.1,56528.5,15737.7,13609.0,0.0,45319.1,0.0,16763.8,46599.0,20198.5,67489.0,106543.6,128652.3,113795.2,148
856.5,147630.0,29846.0,29128.0,44328.0,44328.0,68476.1,56528.5,15737.7,13609.0,0.0,45319.1,0.0,16763.7,46598.4,20195.8,67485.8,106546.2,128652.3,113795.2,148
857.5,147630.0,29846.0,29128.0,44328.0,44328.0,68476.1,56528.5,15737.7,13609.0,0.0,45319.1,0.0,16763.7,46598.4,20196.6,67486.6,106545.4,128652.3,113795.2,148
858.5,147630.0,29846.0,29128.0,44328.0,44328.0,68476.1,56528.5,15737.6,13609.0,0.0,45319.1,0.0,16763.8,46598.4,20197.5,67487.4,106544.6,128652.3,113795.2,148
859.5,147630.0,29846.0,29128.0,44328.0,44328.0,68476.1,56528.5,15737.7,13609.0,0.0,45319.4,0.0,16763.7,46598.6,20198.5,67488.7,106543.5,128652.3,113795.4,148
860.5,147630.0,29846.0,29128.0,44328.0,44328.0,68476.1,56528.5,15737.7,13609.0,0.0,45319.4,0.0,16763.7,46598.6,20199.5,67489.6,106542.5,128652.3,113795.4,148
861.7,147630.0,29846.0,29128.0,44328.0,44328.0,68479.7,56532.1,15741.3,13612.6,0.0,45319.4,0.0,16767.4,46599.1,20204.1,67494.7,106538.0,128652.3,113799.1,148
862.8,147630.0,29846.0,29128.0,44328.0,44328.0,68456.9,56509.3,15718.5,13589.8,0.0,45319.5,0.0,16744.9,46599.2,20175.4,67466.1,106566.7,128652.3,113776.4,148
863.8,147630.0,29846.0,29128.0,44328.0,44328.0,68456.9,56509.3,15718.5,13589.8,0.0,45319.5,0.0,16744.5,46598.8,20175.7,67466.0,106566.4,128652.3,113776.4,148
864.8,147630.0,29846.0,29128.0,44328.0,44328.0,68456.9,56509.3,15718.5,13589.8,0.0,45319.9,0.0,16744.5,46599.2,20175.9,67466.6,106566.1,128652.3,113776.8,148
865.9,147630.0,29846.0,29128.0,44328.0,44328.0,68467.0,56519.4,15728.6,13599.9,0.0,45319.9,0.0,16744.5,46599.8,20179.4,67470.7,106562.7,128652.3,113786.9,148
866.9,147630.0,29846.0,29128.0,44328.0,44328.0,68467.0,56519.4,15728.6,13599.9,0.0,45319.9,0.0,16754.7,46599.1,20191.8,67482.4,106550.2,128652.3,113786.9,148
868.0,147630.0,29846.0,29128.0,44328.0,44328.0,68467.0,56519.4,15728.6,13599.9,0.0,45320.0,0.0,16754.7,46598.6,20191.6,67481.8,106550.4,128652.3,113787.0,148
869.0,147630.0,29846.0,29128.0,44328.0,44328.0,68467.0,56519.4,15728.6,13599.9,0.0,45320.0,0.0,16753.9,46599.3,20191.1,67482.0,106550.9,128652.3,113787.0,148
870.0,147630.0,29846.0,29128.0,44328.0,44328.0,68467.0,56519.4,15728.6,13599.9,0.0,45320.0,0.0,16753.9,46599.3,20191.6,67482.4,106550.5,128652.3,113787.0,148
871.0,147630.0,29846.0,29128.0,44328.0,44328.0,68467.0,56519.4,15728.6,13599.9,0.0,45320.0,0.0,16753.9,46599.3,20190.0,67480.8,106552.1,128652.3,113787.0,148
872.0,147630.0,29846.0,29128.0,44328.0,44328.0,68467.0,56519.4,15728.6,13599.9,0.0,45320.0,0.0,16753.9,46599.3,20187.2,67478.0,106554.9,128652.3,113787.0,148
873.0,147630.0,29846.0,29128.0,44328.0,44328.0,68491.7,56544.1,15753.2,13624.5,0.0,45320.1,0.0,16754.0,46599.5,20187.1,67478.1,106554.9,128652.3,113811.8,148
874.0,147630.0,29846.0,29128.0,44328.0,44328.0,68456.8,56509.2,15718.4,13589.7,0.0,45320.1,0.0,16744.2,46599.9,20179.1,67470.5,106563.0,128652.3,113777.0,148
875.0,147630.0,29846.0,29128.0,44328.0,44328.0,68456.8,56509.2,15718.4,13589.7,0.0,45320.3,0.0,16744.0,46600.0,20178.3,67469.8,106563.8,128652.3,113777.1,148
876.0,147630.0,29846.0,29128.0,44328.0,44328.0,68456.8,56509.2,15718.4,13589.7,0.0,45320.3,0.0,16743.8,46600.0,20177.4,67468.9,106564.7,128652.3,113777.1,148
877.0,147630.0,29846.0,29128.0,44328.0,44328.0,68456.8,56509.2,15718.4,13589.7,0.0,45320.6,0.0,16743.8,46599.9,20176.1,67467.6,106565.9,128652.3,113777.4,148
878.0,147630.0,29846.0,29128.0,44328.0,44328.0,68456.8,56509.2,15718.4,13589.7,0.0,45320.6,0.0,16743.7,46600.0,20175.5,67467.1,106566.5,128652.3,113777.4,148
879.0,147630.0,29846.0,29128.0,44328.0,44328.0,68456.8,56509.2,15718.4,13589.7,0.0,45320.6,0.0,16743.8,46600.0,20174.7,67466.2,106567.4,128652.3,113777.4,148
880.0,147630.0,29846.0,29128.0,44328.0,44328.0,68456.8,56509.2,15718.4,13589.7,0.0,45320.6,0.0,16743.8,46600.0,20174.5,67466.0,106567.6,128652.3,113777.4,148
881.0,147630.0,29846.0,29128.0,44328.0,44328.0,68456.8,56509.2,15718.4,13589.7,0.0,45320.7,0.0,16744.0,46600.1,20174.3,67466.0,106567.7,128652.3,113777.6,148
882.0,147630.0,29846.0,29128.0,44328.0,44328.0,68456.8,56509.2,15718.4,13589.7,0.0,45320.7,0.0,16744.0,46600.1,20174.2,67465.9,106567.8,128652.3,113777.6,148
883.0,147630.0,29846.0,29128.0,44328.0,44328.0,68456.8,56509.2,15718.4,13589.7,0.0,45320.7,0.0,16743.9,46599.8,20174.6,67465.9,106567.4,128652.3,113777.6,148
884.0,147630.0,29846.0,29128.0,44328.0,44328.0,68456.8,56509.2,15718.4,13589.7,0.0,45320.9,0.0,16744.0,46599.9,20174.6,67466.0,106567.5,128652.3,113777.7,148
885.0,147630.0,29846.0,29128.0,44328.0,44328.0,68456.8,56509.2,15718.4,13589.7,0.0,45320.9,0.0,16744.0,46599.9,20175.1,67466.6,106566.9,128652.3,113777.7,148
886.0,147630.0,29846.0,29128.0,44328.0,44328.0,68456.8,56509.2,15718.4,13589.7,0.0,45320.9,0.0,16744.0,46599.9,20174.0,67465.4,106568.0,128652.3,113777.7,148
887.0,147630.0,29846.0,29128.0,44328.0,44328.0,68456.8,56509.2,15718.4,13589.7,0.0,45320.9,0.0,16744.0,46599.9,20170.8,67462.2,106571.3,128652.3,113777.7,148
888.1,147630.0,29846.0,29128.0,44328.0,44328.0,68456.8,56509.2,15718.4,13589.7,0.0,45320.9,0.0,16744.0,46599.8,20170.6,67461.9,106571.5,128652.3,113777.7,148
889.1,147630.0,29846.0,29128.0,44328.0,44328.0,68456.8,56509.2,15718.4,13589.7,0.0,45321.3,0.0,16744.0,46600.3,20170.5,67462.3,106571.6,128652.3,113778.2,148
890.1,147630.0,29846.0,29128.0,44328.0,44328.0,68456.8,56509.2,15718.4,13589.7,0.0,45321.4,0.0,16744.0,46600.3,20171.9,67463.7,106570.2,128652.3,113778.2,148
891.1,147630.0,29846.0,29128.0,44328.0,44328.0,68456.8,56509.2,15718.4,13589.7,0.0,45321.4,0.0,16744.0,46600.3,20173.1,67465.0,106568.9,128652.3,113778.2,148
892.1,147630.0,29846.0,29128.0,44328.0,44328.0,68456.9,56509.2,15718.5,13589.7,0.0,45321.4,0.0,16744.1,46601.4,20181.7,67474.7,106560.4,128652.3,113778.3,148
893.1,147686.0,29846.0,29184.0,44328.0,44328.0,68456.9,56509.2,15718.5,13589.7,0.0,45321.4,0.0,16743.9,46600.6,20170.1,67462.3,106571.9,128652.3,113778.3,148
894.2,147686.0,29846.0,29184.0,44328.0,44328.0,68457.6,56509.9,15719.1,13590.4,0.0,45321.4,0.0,16744.5,46600.2,20171.3,67463.1,106570.7,128652.3,113778.9,148
895.2,147686.0,29846.0,29184.0,44328.0,44328.0,68480.2,56532.5,15741.8,13613.0,0.0,45321.4,0.0,16767.1,46600.4,20197.9,67489.9,106544.1,128652.3,113801.6,148
896.3,147686.0,29846.0,29184.0,44328.0,44328.0,68480.2,56532.5,15741.8,13613.0,0.0,45321.4,0.0,16767.4,46600.0,20193.6,67485.2,106548.4,128652.3,113801.6,148
897.3,147686.0,29846.0,29184.0,44328.0,44328.0,68480.2,56532.5,15741.8,13613.0,0.0,45321.4,0.0,16767.2,46600.0,20191.2,67482.8,106550.8,128652.3,113801.6,148
898.3,147686.0,29846.0,29184.0,44328.0,44328.0,68480.2,56532.5,15741.8,13613.0,0.0,45321.4,0.0,16767.5,46600.0,20193.7,67485.3,106548.3,128652.3,113801.6,148
899.3,147686.0,29846.0,29184.0,44328.0,44328.0,68480.2,56532.5,15741.8,13613.0,0.0,45321.4,0.0,16767.4,46600.0,20194.1,67485.7,106547.9,128652.3,113801.6,148
900.3,147686.0,29846.0,29184.0,44328.0,44328.0,68480.2,56532.5,15741.8,13613.0,0.0,45321.4,0.0,16767.4,46600.0,20193.8,67485.4,106548.2,128652.3,113801.6,148
901.4,147686.0,29846.0,29184.0,44328.0,44328.0,68480.2,56532.5,15741.8,13613.0,0.0,45321.4,0.0,16767.4,46600.3,20193.7,67485.5,106548.4,128652.3,113801.6,148
902.4,147686.0,29846.0,29184.0,44328.0,44328.0,68480.2,56532.5,15741.8,13613.0,0.0,45321.5,0.0,16767.6,46600.4,20199.7,67491.7,106542.3,128652.3,113801.7,148
903.4,147686.0,29846.0,29184.0,44328.0,44328.0,68480.2,56532.5,15741.8,13613.0,0.0,45321.5,0.0,16767.9,46600.2,20197.0,67488.8,106545.0,128652.3,113801.7,148
904.4,147686.0,29846.0,29184.0,44328.0,44328.0,68480.2,56532.5,15741.8,13613.0,0.0,45321.5,0.0,16767.9,46600.2,20195.0,67486.8,106547.0,128652.3,113801.7,148
905.4,147686.0,29846.0,29184.0,44328.0,44328.0,68480.2,56532.5,15741.8,13613.0,0.0,45321.5,0.0,16767.4,46600.3,20195.5,67487.3,106546.5,128652.3,113801.7,148
906.4,147686.0,29846.0,29184.0,44328.0,44328.0,68480.2,56532.5,15741.8,13613.0,0.0,45321.5,0.0,16767.4,46600.3,20193.5,67485.4,106548.5,128652.3,113801.7,148
907.4,147686.0,29846.0,29184.0,44328.0,44328.0,68480.2,56532.5,15741.8,13613.0,0.0,45321.5,0.0,16767.6,46600.3,20194.3,67486.1,106547.8,128652.3,113801.7,148
908.4,147686.0,29846.0,29184.0,44328.0,44328.0,68480.2,56532.5,15741.8,13613.0,0.0,45321.5,0.0,16767.9,46599.7,20195.1,67486.4,106546.9,128652.3,113801.7,148
909.4,147686.0,29846.0,29184.0,44328.0,44328.0,68480.2,56532.5,15741.8,13613.0,0.0,45321.5,0.0,16767.8,46599.7,20195.3,67486.6,106546.7,128652.3,113801.7,148
910.4,147686.0,29846.0,29184.0,44328.0,44328.0,68480.2,56532.5,15741.8,13613.0,0.0,45321.5,0.0,16767.4,46599.7,20195.2,67486.5,106546.8,128652.3,113801.8,148
911.4,147686.0,29846.0,29184.0,44328.0,44328.0,68480.2,56532.5,15741.8,13613.0,0.0,45321.5,0.0,16767.4,46599.7,20195.5,67486.9,106546.5,128652.3,113801.8,148
912.5,147686.0,29846.0,29184.0,44328.0,44328.0,68504.2,56556.6,15765.8,13637.0,0.0,45321.5,0.0,16791.3,46601.9,20224.8,67518.3,106517.2,128652.3,113825.8,148
913.5,147686.0,29846.0,29184.0,44328.0,44328.0,68504.2,56556.6,15765.8,13637.1,0.0,45321.6,0.0,16791.5,46600.4,20220.1,67512.1,106521.9,128652.3,113825.8,148
914.5,147686.0,29846.0,29184.0,44328.0,44328.0,68504.2,56556.6,15765.8,13637.1,0.0,45321.6,0.0,16791.6,46600.4,20221.4,67513.4,106520.6,128652.3,113825.8,148
915.5,147686.0,29846.0,29184.0,44328.0,44328.0,68504.2,56556.6,15765.8,13637.1,0.0,45321.6,0.0,16791.6,46600.4,20215.7,67507.7,106526.3,128652.3,113825.8,148
916.5,147686.0,29846.0,29184.0,44328.0,44328.0,68504.2,56556.6,15765.8,13637.1,0.0,45321.6,0.0,16791.6,46600.3,20219.5,67511.4,106522.5,128652.3,113825.8,148
917.5,147686.0,29846.0,29184.0,44328.0,44328.0,68504.2,56556.6,15765.8,13637.1,0.0,45321.6,0.0,16791.6,46600.3,20218.9,67510.8,106523.1,128652.3,113825.8,148
918.6,147686.0,29846.0,29184.0,44328.0,44328.0,68504.2,56556.6,15765.8,13637.1,0.0,45321.6,0.0,16791.6,46600.3,20218.3,67510.2,106523.7,128652.3,113825.8,148
919.6,147686.0,29846.0,29184.0,44328.0,44328.0,68504.2,56556.6,15765.8,13637.1,0.0,45321.6,0.0,16791.6,46600.3,20219.3,67511.2,106522.7,128652.3,113825.8,148
920.6,147686.0,29846.0,29184.0,44328.0,44328.0,68504.2,56556.6,15765.8,13637.1,0.0,45321.6,0.0,16791.6,46600.4,20219.3,67511.3,106522.7,128652.3,113825.8,148
921.6,147686.0,29846.0,29184.0,44328.0,44328.0,68504.3,56556.6,15765.8,13637.1,0.0,45321.6,0.0,16791.7,46600.5,20222.3,67514.4,106519.7,128652.3,113825.9,148
922.6,147686.0,29846.0,29184.0,44328.0,44328.0,68504.3,56556.6,15765.8,13637.1,0.0,45321.6,0.0,16791.8,46600.4,20222.8,67514.8,106519.2,128652.3,113825.9,148
923.6,147686.0,29846.0,29184.0,44328.0,44328.0,68504.3,56556.6,15765.8,13637.1,0.0,45321.6,0.0,16791.7,46600.4,20222.6,67514.6,106519.3,128652.3,113825.9,148
924.6,147686.0,29846.0,29184.0,44328.0,44328.0,68504.3,56556.6,15765.8,13637.1,0.0,45321.6,0.0,16791.7,46600.4,20222.7,67514.7,106519.3,128652.3,113825.9,148
925.7,147686.0,29846.0,29184.0,44328.0,44328.0,68504.3,56556.6,15765.8,13637.1,0.0,45321.6,0.0,16791.7,46599.9,20222.2,67513.7,106519.8,128652.3,113825.9,148
926.7,147686.0,29846.0,29184.0,44328.0,44328.0,68504.3,56556.6,15765.8,13637.1,0.0,45321.6,0.0,16792.2,46599.8,20217.4,67508.8,106524.6,128652.3,113825.9,148
927.7,147686.0,29846.0,29184.0,44328.0,44328.0,68504.3,56556.6,15765.8,13637.1,0.0,45321.6,0.0,16791.7,46599.8,20217.5,67508.9,106524.5,128652.3,113825.9,148
928.7,147686.0,29846.0,29184.0,44328.0,44328.0,68504.3,56556.6,15765.8,13637.1,0.0,45321.6,0.0,16791.7,46599.8,20218.1,67509.5,106523.9,128652.3,113825.9,148
929.7,147686.0,29846.0,29184.0,44328.0,44328.0,68528.0,56580.3,15789.6,13660.8,0.0,45321.6,0.0,16815.5,46602.1,20242.4,67536.1,106499.6,128652.3,113849.6,148
930.8,147686.0,29846.0,29184.0,44328.0,44328.0,68528.0,56580.3,15789.6,13660.8,0.0,45321.6,0.0,16815.5,46602.1,20242.0,67535.7,106500.0,128652.3,113849.6,148
931.8,147686.0,29846.0,29184.0,44328.0,44328.0,68528.0,56580.3,15789.6,13660.8,0.0,45321.6,0.0,16815.5,46600.9,20238.8,67531.3,106503.2,128652.3,113849.6,148
932.8,147686.0,29846.0,29184.0,44328.0,44328.0,68528.0,56580.3,15789.6,13660.8,0.0,45321.7,0.0,16815.5,46601.0,20238.6,67531.2,106503.4,128652.3,113849.7,148
933.8,147686.0,29846.0,29184.0,44328.0,44328.0,68528.0,56580.3,15789.6,13660.8,0.0,45321.7,0.0,16815.6,46600.9,20238.2,67530.8,106503.8,128652.3,113849.7,148
934.8,147686.0,29846.0,29184.0,44328.0,44328.0,68528.0,56580.3,15789.6,13660.8,0.0,45321.7,0.0,16815.6,46600.8,20236.4,67528.9,106505.6,128652.3,113849.7,148
935.8,147686.0,29846.0,29184.0,44328.0,44328.0,68528.0,56580.3,15789.6,13660.8,0.0,45321.7,0.0,16815.6,46600.8,20234.9,67527.4,106507.0,128652.3,113849.7,148
936.9,147686.0,29846.0,29184.0,44328.0,44328.0,68528.0,56580.3,15789.6,13660.8,0.0,45321.7,0.0,16815.6,46600.8,20232.7,67525.1,106509.3,128652.3,113849.7,148
937.9,147686.0,29846.0,29184.0,44328.0,44328.0,68528.0,56580.3,15789.6,13660.8,0.0,45321.9,0.0,16815.5,46601.0,20230.7,67523.3,106511.3,128652.3,113849.9,148
938.9,147686.0,29846.0,29184.0,44328.0,44328.0,68528.0,56580.3,15789.6,13660.8,0.0,45321.9,0.0,16815.6,46601.0,20231.5,67524.1,106510.5,128652.3,113849.9,148
940.0,147686.0,29846.0,29184.0,44328.0,44328.0,68528.0,56580.3,15789.6,13660.8,0.0,45321.9,0.0,16815.6,46601.0,20231.1,67523.8,106510.9,128652.3,113849.9,148
941.0,147686.0,29846.0,29184.0,44328.0,44328.0,68528.0,56580.3,15789.6,13660.8,0.0,45321.9,0.0,16816.0,46601.0,20231.2,67523.9,106510.7,128652.3,113849.9,148
942.0,147686.0,29846.0,29184.0,44328.0,44328.0,68528.0,56580.3,15789.6,13660.8,0.0,45321.9,0.0,16815.8,46602.0,20239.2,67532.9,106502.8,128652.3,113849.9,148
943.0,147686.0,29846.0,29184.0,44328.0,44328.0,68528.0,56580.3,15789.6,13660.8,0.0,45321.9,0.0,16815.8,46601.4,20232.1,67525.2,106509.9,128652.3,113849.9,148
944.0,147686.0,29846.0,29184.0,44328.0,44328.0,68528.0,56580.3,15789.6,13660.8,0.0,45322.0,0.0,16816.1,46601.5,20230.7,67523.8,106511.3,128652.3,113850.0,148
945.0,147686.0,29846.0,29184.0,44328.0,44328.0,68528.0,56580.3,15789.6,13660.8,0.0,45322.0,0.0,16816.1,46601.7,20231.9,67525.2,106510.0,128652.3,113850.0,148
946.1,147686.0,29846.0,29184.0,44328.0,44328.0,68528.0,56580.3,15789.6,13660.8,0.0,45322.0,0.0,16816.3,46601.7,20231.7,67525.0,106510.3,128652.3,113850.0,148
947.1,147686.0,29846.0,29184.0,44328.0,44328.0,68528.0,56580.3,15789.6,13660.8,0.0,45322.1,0.0,16816.1,46601.7,20231.8,67525.1,106510.2,128652.3,113850.1,148
948.1,147686.0,29846.0,29184.0,44328.0,44328.0,68528.0,56580.3,15789.6,13660.8,0.0,45322.1,0.0,16816.0,46601.7,20234.1,67527.5,106507.8,128652.3,113850.1,148
949.1,147686.0,29846.0,29184.0,44328.0,44328.0,68528.0,56580.3,15789.6,13660.8,0.0,45322.1,0.0,16816.2,46601.3,20234.6,67527.5,106507.4,128652.3,113850.1,148
950.2,147686.0,29846.0,29184.0,44328.0,44328.0,68528.1,56580.4,15789.7,13660.9,0.0,45322.1,0.0,16816.3,46601.8,20232.2,67525.6,106509.8,128652.3,113850.2,148
951.2,147686.0,29846.0,29184.0,44328.0,44328.0,68528.1,56580.4,15789.7,13660.9,0.0,45322.1,0.0,16816.3,46601.7,20234.1,67527.4,106507.9,128652.3,113850.2,148
952.2,147686.0,29846.0,29184.0,44328.0,44328.0,68528.1,56580.4,15789.7,13660.9,0.0,45322.1,0.0,16816.4,46601.7,20230.3,67523.6,106511.7,128652.3,113850.2,148
953.2,147686.0,29846.0,29184.0,44328.0,44328.0,68528.1,56580.4,15789.7,13660.9,0.0,45322.1,0.0,16816.5,46601.7,20227.7,67521.1,106514.2,128652.3,113850.2,148
954.3,147686.0,29846.0,29184.0,44328.0,44328.0,68528.1,56580.4,15789.7,13660.9,0.0,45322.1,0.0,16817.2,46601.7,20228.5,67521.9,106513.4,128652.3,113850.2,148
955.3,147686.0,29846.0,29184.0,44328.0,44328.0,68528.1,56580.4,15789.7,13660.9,0.0,45322.1,0.0,16817.0,46601.7,20227.8,67521.1,106514.1,128652.3,113850.2,148
956.3,147686.0,29846.0,29184.0,44328.0,44328.0,68528.1,56580.4,15789.7,13660.9,0.0,45322.1,0.0,16817.0,46601.7,20227.8,67521.1,106514.2,128652.3,113850.2,148
957.3,147686.0,29846.0,29184.0,44328.0,44328.0,68528.1,56580.4,15789.7,13660.9,0.0,45322.1,0.0,16817.0,46601.7,20227.3,67520.6,106514.7,128652.3,113850.2,148
958.3,147686.0,29846.0,29184.0,44328.0,44328.0,68528.1,56580.4,15789.7,13660.9,0.0,45322.1,0.0,16817.1,46601.7,20227.9,67521.3,106514.0,128652.3,113850.2,148
959.4,147686.0,29846.0,29184.0,44328.0,44328.0,68528.1,56580.4,15789.7,13660.9,0.0,45322.1,0.0,16817.6,46602.9,20229.8,67524.3,106512.2,128652.3,113850.2,148
960.4,147686.0,29846.0,29184.0,44328.0,44328.0,68528.1,56580.4,15789.7,13660.9,0.0,45322.1,0.0,16817.1,46602.1,20226.7,67520.5,106515.2,128652.3,113850.2,148
961.4,147686.0,29846.0,29184.0,44328.0,44328.0,68528.1,56580.4,15789.7,13660.9,0.0,45322.3,0.0,16817.2,46601.7,20231.5,67524.8,106510.5,128652.3,113850.4,148
962.4,147686.0,29846.0,29184.0,44328.0,44328.0,68528.1,56580.4,15789.7,13660.9,0.0,45322.3,0.0,16817.2,46601.7,20231.4,67524.7,106510.6,128652.3,113850.4,148
963.4,147686.0,29846.0,29184.0,44328.0,44328.0,68528.1,56580.4,15789.7,13660.9,0.0,45322.3,0.0,16817.0,46601.7,20232.0,67525.3,106510.0,128652.3,113850.4,148
964.5,147686.0,29846.0,29184.0,44328.0,44328.0,68528.1,56580.4,15789.7,13660.9,0.0,45322.3,0.0,16817.1,46601.7,20229.8,67523.2,106512.1,128652.3,113850.4,148
965.5,147686.0,29846.0,29184.0,44328.0,44328.0,68528.1,56580.4,15789.7,13660.9,0.0,45322.3,0.0,16817.1,46601.7,20229.4,67522.8,106512.5,128652.3,113850.4,148
966.5,147686.0,29846.0,29184.0,44328.0,44328.0,68528.1,56580.4,15789.7,13660.9,0.0,45322.3,0.0,16817.1,46601.7,20228.9,67522.3,106513.0,128652.3,113850.4,148
967.5,147686.0,29846.0,29184.0,44328.0,44328.0,68528.1,56580.4,15789.7,13660.9,0.0,45322.3,0.0,16817.5,46601.7,20230.4,67523.7,106511.6,128652.3,113850.4,148
968.5,147686.0,29846.0,29184.0,44328.0,44328.0,68528.1,56580.4,15789.7,13660.9,0.0,45322.3,0.0,16817.2,46601.1,20234.3,67527.1,106507.6,128652.3,113850.4,148
969.6,147686.0,29846.0,29184.0,44328.0,44328.0,68528.1,56580.4,15789.7,13660.9,0.0,45322.3,0.0,16817.2,46601.1,20235.5,67528.3,106506.4,128652.3,113850.4,148
970.6,147686.0,29846.0,29184.0,44328.0,44328.0,68528.1,56580.4,15789.7,13660.9,0.0,45322.3,0.0,16817.2,46601.1,20233.2,67525.9,106508.8,128652.3,113850.4,148
971.7,147686.0,29846.0,29184.0,44328.0,44328.0,68528.1,56580.4,15789.7,13660.9,0.0,45322.3,0.0,16817.2,46601.1,20233.5,67526.3,106508.4,128652.3,113850.4,148
972.7,147686.0,29846.0,29184.0,44328.0,44328.0,68528.1,56580.4,15789.7,13660.9,0.0,45322.3,0.0,16817.2,46601.1,20233.6,67526.3,106508.4,128652.3,113850.4,148
973.7,147686.0,29846.0,29184.0,44328.0,44328.0,68528.1,56580.4,15789.7,13660.9,0.0,45322.3,0.0,16817.2,46601.1,20233.4,67526.2,106508.5,128652.3,113850.4,148
974.7,147686.0,29846.0,29184.0,44328.0,44328.0,68528.1,56580.4,15789.7,13660.9,0.0,45322.3,0.0,16817.2,46601.1,20234.2,67527.0,106507.7,128652.3,113850.4,148
975.7,147686.0,29846.0,29184.0,44328.0,44328.0,68528.1,56580.4,15789.7,13660.9,0.0,45322.3,0.0,16817.2,46601.0,20233.1,67525.8,106508.8,128652.3,113850.4,148
976.7,147686.0,29846.0,29184.0,44328.0,44328.0,68528.1,56580.4,15789.7,13660.9,0.0,45322.3,0.0,16817.3,46601.0,20234.0,67526.7,106508.0,128652.3,113850.4,148
977.7,147686.0,29846.0,29184.0,44328.0,44328.0,68528.1,56580.4,15789.7,13660.9,0.0,45322.3,0.0,16817.4,46601.0,20232.7,67525.4,106509.2,128652.3,113850.4,148
978.9,147686.0,29846.0,29184.0,44328.0,44328.0,68528.1,56580.4,15789.7,13660.9,0.0,45322.3,0.0,16817.3,46603.0,20234.6,67529.2,106507.4,128652.3,113850.4,148
979.9,147686.0,29846.0,29184.0,44328.0,44328.0,68480.4,56532.7,15741.9,13613.2,0.0,45322.3,0.0,16769.7,46601.9,20184.3,67477.9,106557.6,128652.3,113802.7,148
980.9,147686.0,29846.0,29184.0,44328.0,44328.0,68480.4,56532.7,15741.9,13613.2,0.0,45322.4,0.0,16769.6,46601.4,20184.8,67477.9,106557.1,128652.3,113802.7,148
981.9,147686.0,29846.0,29184.0,44328.0,44328.0,68480.4,56532.7,15741.9,13613.2,0.0,45322.5,0.0,16769.6,46601.5,20185.3,67478.5,106556.6,128652.3,113802.9,148
983.0,147686.0,29846.0,29184.0,44328.0,44328.0,68480.4,56532.7,15741.9,13613.2,0.0,45322.5,0.0,16769.7,46601.5,20184.9,67478.1,106557.0,128652.3,113802.9,148
984.0,147686.0,29846.0,29184.0,44328.0,44328.0,68480.4,56532.7,15741.9,13613.2,0.0,45322.5,0.0,16769.6,46601.5,20185.2,67478.4,106556.7,128652.3,113802.9,148
985.0,147686.0,29846.0,29184.0,44328.0,44328.0,68480.4,56532.7,15742.0,13613.2,0.0,45322.5,0.0,16769.6,46601.5,20185.7,67478.9,106556.2,128652.3,113802.9,148
986.0,147686.0,29846.0,29184.0,44328.0,44328.0,68480.4,56532.7,15742.0,13613.2,0.0,45322.5,0.0,16769.6,46601.5,20185.6,67478.8,106556.3,128652.3,113802.9,148
987.0,147686.0,29846.0,29184.0,44328.0,44328.0,68480.4,56532.7,15741.9,13613.2,0.0,45322.5,0.0,16769.2,46601.5,20186.1,67479.3,106555.8,128652.3,113802.9,148
988.0,147686.0,29846.0,29184.0,44328.0,44328.0,68480.4,56532.7,15741.9,13613.2,0.0,45322.5,0.0,16769.5,46601.5,20182.6,67475.8,106559.3,128652.3,113802.9,148
989.1,147686.0,29846.0,29184.0,44328.0,44328.0,68486.3,56538.6,15747.8,13619.1,0.0,45322.5,0.0,16775.1,46601.5,20187.0,67480.2,106554.9,128652.3,113808.8,148
990.1,147686.0,29846.0,29184.0,44328.0,44328.0,68486.3,56538.6,15747.8,13619.1,0.0,45322.5,0.0,16775.6,46602.4,20189.5,67483.5,106552.4,128652.3,113808.8,148
991.1,147686.0,29846.0,29184.0,44328.0,44328.0,68486.3,56538.6,15747.8,13619.1,0.0,45322.5,0.0,16775.8,46602.4,20187.3,67481.4,106554.6,128652.3,113808.8,148
992.2,147686.0,29846.0,29184.0,44328.0,44328.0,68486.3,56538.6,15747.8,13619.1,0.0,45322.5,0.0,16775.6,46602.4,20185.7,67479.8,106556.2,128652.3,113808.8,148
993.2,147686.0,29846.0,29184.0,44328.0,44328.0,68486.3,56538.6,15747.8,13619.1,0.0,45322.5,0.0,16775.8,46602.4,20187.0,67481.1,106554.9,128652.3,113808.8,148
994.2,147686.0,29846.0,29184.0,44328.0,44328.0,68486.3,56538.6,15747.8,13619.1,0.0,45322.5,0.0,16775.6,46602.4,20186.1,67480.2,106555.8,128652.3,113808.8,148
995.2,147686.0,29846.0,29184.0,44328.0,44328.0,68486.3,56538.6,15747.8,13619.1,0.0,45322.5,0.0,16775.6,46602.4,20187.9,67481.9,106554.0,128652.3,113808.8,148
996.3,147686.0,29846.0,29184.0,44328.0,44328.0,68486.3,56538.6,15747.8,13619.1,0.0,45322.5,0.0,16775.6,46602.4,20184.6,67478.7,106557.3,128652.3,113808.8,148
997.3,147686.0,29846.0,29184.0,44328.0,44328.0,68486.3,56538.6,15747.8,13619.1,0.0,45322.5,0.0,16775.6,46602.4,20184.2,67478.3,106557.7,128652.3,113808.8,148
998.3,147686.0,29846.0,29184.0,44328.0,44328.0,68486.3,56538.6,15747.8,13619.1,0.0,45322.7,0.0,16775.6,46602.5,20183.8,67478.0,106558.1,128652.3,113808.9,148
999.5,147686.0,29846.0,29184.0,44328.0,44328.0,68493.7,56546.0,15755.2,13626.5,0.0,45322.7,0.0,16783.1,46602.3,20195.8,67489.8,106546.1,128652.3,113816.3,148
1000.5,147686.0,29846.0,29184.0,44328.0,44328.0,68493.7,56546.0,15755.2,13626.5,0.0,45322.7,0.0,16783.3,46602.3,20194.1,67488.1,106547.8,128652.3,113816.4,148
1001.6,147686.0,29846.0,29184.0,44328.0,44328.0,68493.7,56546.0,15755.2,13626.5,0.0,45322.7,0.0,16783.8,46602.3,20193.7,67487.7,106548.2,128652.3,113816.4,148
1002.6,147686.0,29846.0,29184.0,44328.0,44328.0,68493.7,56546.0,15755.3,13626.5,0.0,45322.7,0.0,16783.5,46602.1,20193.8,67487.6,106548.1,128652.3,113816.4,148
1003.7,147686.0,29846.0,29184.0,44328.0,44328.0,68493.7,56546.0,15755.2,13626.5,0.0,45322.7,0.0,16783.3,46602.1,20195.7,67489.5,106546.2,128652.3,113816.4,148
1004.7,147686.0,29846.0,29184.0,44328.0,44328.0,68493.7,56546.0,15755.3,13626.5,0.0,45322.7,0.0,16783.3,46602.0,20190.1,67483.7,106551.8,128652.3,113816.4,148
1005.7,147686.0,29846.0,29184.0,44328.0,44328.0,68493.7,56546.0,15755.3,13626.5,0.0,45322.7,0.0,16783.3,46602.0,20190.2,67483.8,106551.7,128652.3,113816.4,148
1006.7,147686.0,29846.0,29184.0,44328.0,44328.0,68493.7,56546.0,15755.3,13626.5,0.0,45322.7,0.0,16783.4,46602.0,20189.8,67483.5,106552.1,128652.3,113816.4,148
1007.7,147686.0,29846.0,29184.0,44328.0,44328.0,68493.7,56546.0,15755.3,13626.5,0.0,45322.7,0.0,16783.3,46602.5,20200.5,67494.7,106541.4,128652.3,113816.4,148
1008.7,147686.0,29846.0,29184.0,44328.0,44328.0,68493.7,56546.0,15755.3,13626.5,0.0,45322.7,0.0,16783.3,46602.4,20194.6,67488.8,106547.2,128652.3,113816.4,148
1009.7,147686.0,29846.0,29184.0,44328.0,44328.0,68493.7,56546.0,15755.3,13626.5,0.0,45322.7,0.0,16783.5,46602.1,20195.9,67489.7,106546.0,128652.3,113816.4,148
1010.8,147686.0,29846.0,29184.0,44328.0,44328.0,68493.7,56546.0,15755.3,13626.5,0.0,45322.7,0.0,16783.4,46602.1,20195.6,67489.4,106546.3,128652.3,113816.4,148
1011.9,147686.0,29846.0,29184.0,44328.0,44328.0,68509.9,56562.2,15771.4,13642.7,0.0,45322.8,0.0,16799.3,46603.6,20384.1,67679.4,106357.8,128652.3,113832.6,148
1012.9,147686.0,29846.0,29184.0,44328.0,44328.0,68509.9,56562.2,15771.4,13642.7,0.0,45322.8,0.0,16799.5,46602.5,20214.3,67508.4,106527.6,128652.3,113832.6,148
1014.0,147686.0,29846.0,29184.0,44328.0,44328.0,68509.9,56562.2,15771.4,13642.7,0.0,45322.8,0.0,16799.5,46602.5,20211.6,67505.7,106530.3,128652.3,113832.6,148
1015.0,147686.0,29846.0,29184.0,44328.0,44328.0,68509.9,56562.2,15771.4,13642.7,0.0,45322.8,0.0,16800.0,46602.5,20212.2,67506.4,106529.7,128652.3,113832.6,148
1016.0,147686.0,29846.0,29184.0,44328.0,44328.0,68509.9,56562.2,15771.4,13642.7,0.0,45322.8,0.0,16799.6,46602.5,20213.3,67507.4,106528.6,128652.3,113832.6,148
1017.1,147686.0,29846.0,29184.0,44328.0,44328.0,68509.9,56562.2,15771.4,13642.7,0.0,45322.8,0.0,16799.7,46602.7,20212.8,67507.2,106529.1,128652.3,113832.6,148
1018.1,147686.0,29846.0,29184.0,44328.0,44328.0,68509.9,56562.2,15771.4,13642.7,0.0,45322.8,0.0,16799.8,46603.0,20212.9,67507.5,106529.0,128652.3,113832.6,148
1019.1,147686.0,29846.0,29184.0,44328.0,44328.0,68509.9,56562.2,15771.4,13642.7,0.0,45322.8,0.0,16799.6,46603.0,20212.2,67506.9,106529.7,128652.3,113832.6,148
1020.1,147686.0,29846.0,29184.0,44328.0,44328.0,68509.9,56562.2,15771.4,13642.7,0.0,45322.9,0.0,16799.7,46602.8,20213.6,67508.1,106528.3,128652.3,113832.8,148
1021.1,147686.0,29846.0,29184.0,44328.0,44328.0,68509.9,56562.2,15771.4,13642.7,0.0,45322.9,0.0,16799.8,46602.8,20213.0,67507.5,106528.8,128652.3,113832.8,148
1022.1,147686.0,29846.0,29184.0,44328.0,44328.0,68509.9,56562.2,15771.4,13642.7,0.0,45322.9,0.0,16799.8,46602.8,20210.3,67504.8,106531.6,128652.3,113832.8,148
1023.2,147686.0,29846.0,29184.0,44328.0,44328.0,68509.9,56562.2,15771.4,13642.7,0.0,45322.9,0.0,16799.8,46602.3,20211.4,67505.5,106530.5,128652.3,113832.8,148
1024.2,147686.0,29846.0,29184.0,44328.0,44328.0,68509.9,56562.2,15771.4,13642.7,0.0,45322.9,0.0,16800.0,46602.3,20211.3,67505.3,106530.6,128652.3,113832.8,148
1025.2,147686.0,29846.0,29184.0,44328.0,44328.0,68509.9,56562.2,15771.4,13642.7,0.0,45322.9,0.0,16800.1,46602.7,20210.7,67505.1,106531.2,128652.3,113832.8,148
1026.3,147686.0,29846.0,29184.0,44328.0,44328.0,68509.9,56562.2,15771.4,13642.7,0.0,45322.9,0.0,16799.9,46602.6,20211.7,67506.0,106530.2,128652.3,113832.8,148
1027.3,147686.0,29846.0,29184.0,44328.0,44328.0,68509.9,56562.2,15771.4,13642.7,0.0,45322.9,0.0,16799.9,46602.5,20208.6,67502.9,106533.2,128652.3,113832.8,148
1028.3,147686.0,29846.0,29184.0,44328.0,44328.0,68509.9,56562.2,15771.4,13642.7,0.0,45322.9,0.0,16800.0,46602.5,20209.9,67504.1,106532.0,128652.3,113832.8,148
1029.4,147686.0,29846.0,29184.0,44328.0,44328.0,68509.9,56562.2,15771.4,13642.7,0.0,45322.9,0.0,16800.0,46602.5,20210.5,67504.7,106531.4,128652.3,113832.8,148
1030.5,147686.0,29846.0,29184.0,44328.0,44328.0,68509.9,56562.2,15771.4,13642.7,0.0,45322.9,0.0,16800.0,46602.9,20210.0,67504.6,106531.9,128652.3,113832.8,148
1031.5,147686.0,29846.0,29184.0,44328.0,44328.0,68509.9,56562.2,15771.4,13642.7,0.0,45322.9,0.0,16800.2,46602.8,20210.5,67505.0,106531.4,128652.3,113832.8,148
1032.5,147686.0,29846.0,29184.0,44328.0,44328.0,68509.9,56562.2,15771.4,13642.7,0.0,45323.0,0.0,16800.0,46602.9,20210.4,67505.1,106531.5,128652.3,113832.8,148
1033.5,147686.0,29846.0,29184.0,44328.0,44328.0,68509.9,56562.2,15771.4,13642.7,0.0,45323.0,0.0,16800.3,46603.0,20211.2,67505.9,106530.7,128652.3,113832.8,148
1034.6,147686.0,29846.0,29184.0,44328.0,44328.0,68509.9,56562.3,15771.5,13642.8,0.0,45323.0,0.0,16800.3,46603.1,20209.3,67504.1,106532.5,128652.3,113832.9,148
1035.6,147686.0,29846.0,29184.0,44328.0,44328.0,68509.9,56562.3,15771.5,13642.8,0.0,45323.0,0.0,16800.3,46603.1,20204.2,67499.1,106537.6,128652.3,113832.9,148
1036.7,147686.0,29846.0,29184.0,44328.0,44328.0,68480.5,56532.8,15742.1,13613.3,0.0,45323.1,0.0,16771.3,46606.0,20182.9,67480.6,106559.0,128652.3,113803.6,148
1037.7,147686.0,29846.0,29184.0,44328.0,44328.0,68492.5,56544.8,15754.1,13625.3,0.0,45323.1,0.0,16782.6,46604.2,20187.6,67483.6,106554.2,128652.3,113815.6,148
1038.7,147686.0,29846.0,29184.0,44328.0,44328.0,68492.5,56544.8,15754.1,13625.3,0.0,45323.1,0.0,16783.5,46603.9,20194.1,67489.7,106547.7,128652.3,113815.6,148
1039.8,147686.0,29846.0,29184.0,44328.0,44328.0,68492.5,56544.8,15754.1,13625.3,0.0,45323.1,0.0,16783.7,46609.5,20226.8,67528.1,106515.0,128652.3,113815.6,148
1040.8,147686.0,29846.0,29184.0,44328.0,44328.0,68492.5,56544.8,15754.1,13625.3,0.0,45323.2,0.0,16783.5,46603.7,20199.7,67495.2,106542.1,128652.3,113815.7,148
1041.8,147686.0,29846.0,29184.0,44328.0,44328.0,68492.5,56544.8,15754.1,13625.3,0.0,45323.2,0.0,16783.5,46603.7,20199.7,67495.1,106542.2,128652.3,113815.7,148
1042.8,147686.0,29846.0,29184.0,44328.0,44328.0,68492.5,56544.8,15754.1,13625.3,0.0,45323.2,0.0,16783.4,46603.6,20197.2,67492.6,106544.6,128652.3,113815.7,148
1043.8,147686.0,29846.0,29184.0,44328.0,44328.0,68492.5,56544.8,15754.1,13625.3,0.0,45323.2,0.0,16783.5,46603.7,20196.3,67491.7,106545.5,128652.3,113815.7,148
1044.8,147686.0,29846.0,29184.0,44328.0,44328.0,68492.5,56544.8,15754.1,13625.3,0.0,45323.2,0.0,16783.6,46605.0,20199.7,67496.4,106542.1,128652.3,113815.7,148
1045.8,147686.0,29846.0,29184.0,44328.0,44328.0,68492.5,56544.8,15754.1,13625.3,0.0,45323.2,0.0,16783.6,46605.5,20201.7,67498.9,106540.2,128652.3,113815.7,148
1046.9,147686.0,29846.0,29184.0,44328.0,44328.0,68492.5,56544.8,15754.1,13625.3,0.0,45323.2,0.0,16783.6,46604.8,20202.3,67498.9,106539.5,128652.3,113815.7,148
1047.9,147686.0,29846.0,29184.0,44328.0,44328.0,68492.5,56544.8,15754.1,13625.3,0.0,45323.2,0.0,16784.0,46604.8,20203.2,67499.8,106538.6,128652.3,113815.7,148
1048.9,147686.0,29846.0,29184.0,44328.0,44328.0,68492.5,56544.8,15754.1,13625.3,0.0,45323.2,0.0,16783.6,46604.8,20203.8,67500.4,106538.0,128652.3,113815.7,148
1049.9,147686.0,29846.0,29184.0,44328.0,44328.0,68492.5,56544.8,15754.1,13625.3,0.0,45323.2,0.0,16783.6,46605.9,20203.8,67501.5,106538.0,128652.3,113815.7,148
1050.9,147686.0,29846.0,29184.0,44328.0,44328.0,68492.5,56544.8,15754.1,13625.3,0.0,45323.2,0.0,16783.7,46605.1,20211.2,67508.0,106530.7,128652.3,113815.7,148
1051.9,147686.0,29846.0,29184.0,44328.0,44328.0,68492.5,56544.8,15754.1,13625.3,0.0,45323.2,0.0,16783.6,46605.1,20210.8,67507.7,106531.0,128652.3,113815.7,148
1052.9,147686.0,29846.0,29184.0,44328.0,44328.0,68492.5,56544.8,15754.1,13625.3,0.0,45323.2,0.0,16783.4,46604.7,20209.8,67506.3,106532.0,128652.3,113815.7,148
1053.9,147686.0,29846.0,29184.0,44328.0,44328.0,68492.5,56544.8,15754.1,13625.3,0.0,45323.2,0.0,16783.4,46604.8,20211.8,67508.4,106530.0,128652.3,113815.7,148
1054.9,147686.0,29846.0,29184.0,44328.0,44328.0,68492.5,56544.8,15754.1,13625.3,0.0,45323.2,0.0,16783.6,46604.8,20213.1,67509.7,106528.7,128652.3,113815.7,148
1055.9,147686.0,29846.0,29184.0,44328.0,44328.0,68492.5,56544.8,15754.1,13625.3,0.0,45323.2,0.0,16783.5,46604.8,20213.0,67509.6,106528.8,128652.3,113815.8,148
1056.9,147686.0,29846.0,29184.0,44328.0,44328.0,68492.5,56544.8,15754.1,13625.3,0.0,45323.2,0.0,16783.5,46604.8,20212.8,67509.3,106529.1,128652.3,113815.8,148
1057.9,147686.0,29846.0,29184.0,44328.0,44328.0,68492.5,56544.8,15754.1,13625.3,0.0,45323.2,0.0,16783.5,46604.8,20210.8,67507.4,106531.0,128652.3,113815.8,148
1058.9,147686.0,29846.0,29184.0,44328.0,44328.0,68492.5,56544.8,15754.1,13625.3,0.0,45323.4,0.0,16783.5,46604.9,20211.5,67508.2,106530.3,128652.3,113815.9,148
1059.9,147686.0,29846.0,29184.0,44328.0,44328.0,68494.3,56546.6,15755.8,13627.1,0.0,45323.4,0.0,16784.7,46604.9,20209.1,67505.7,106532.8,128652.3,113817.6,148
1060.9,147686.0,29846.0,29184.0,44328.0,44328.0,68494.3,56546.6,15755.8,13627.1,0.0,45323.4,0.0,16784.7,46605.2,20208.8,67505.7,106533.0,128652.3,113817.6,148
1062.0,147686.0,29846.0,29184.0,44328.0,44328.0,68494.3,56546.6,15755.8,13627.1,0.0,45323.4,0.0,16784.7,46605.2,20209.4,67506.3,106532.4,128652.3,113817.7,148
1063.0,147686.0,29846.0,29184.0,44328.0,44328.0,68499.5,56551.8,15761.0,13632.3,0.0,45323.4,0.0,16784.6,46605.2,20211.6,67508.6,106530.2,128652.3,113822.9,148
1064.0,147686.0,29846.0,29184.0,44328.0,44328.0,68500.7,56553.0,15762.2,13633.5,0.0,45323.4,0.0,16791.0,46611.3,20236.5,67539.6,106505.3,128652.3,113824.1,148
1065.1,147686.0,29846.0,29184.0,44328.0,44328.0,68500.7,56553.1,15762.3,13633.5,0.0,45323.4,0.0,16791.7,46605.8,20278.9,67576.5,106462.9,128652.3,113824.1,148
1066.1,147686.0,29846.0,29184.0,44328.0,44328.0,68500.7,56553.1,15762.3,13633.5,0.0,45323.4,0.0,16791.2,46603.3,20223.4,67518.4,106518.4,128652.3,113824.1,148
1067.1,147686.0,29846.0,29184.0,44328.0,44328.0,68515.2,56567.5,15776.8,13648.0,0.0,45323.4,0.0,16805.0,46603.7,20240.5,67535.9,106501.3,128652.3,113838.6,148
1068.2,147686.0,29846.0,29184.0,44328.0,44328.0,68515.2,56567.5,15776.8,13648.0,0.0,45323.4,0.0,16805.7,46603.7,20241.1,67536.5,106500.7,128652.3,113838.6,148
1069.2,147686.0,29846.0,29184.0,44328.0,44328.0,68515.2,56567.5,15776.8,13648.0,0.0,45323.4,0.0,16805.9,46603.7,20241.9,67537.4,106499.9,128652.3,113838.6,148
1070.3,147686.0,29846.0,29184.0,44328.0,44328.0,68515.2,56567.5,15776.8,13648.0,0.0,45323.4,0.0,16805.7,46603.7,20240.5,67535.9,106501.3,128652.3,113838.6,148
1071.4,147686.0,29846.0,29184.0,44328.0,44328.0,68515.2,56567.5,15776.8,13648.0,0.0,45323.4,0.0,16805.7,46603.7,20241.4,67536.9,106500.4,128652.3,113838.6,148
1072.4,147686.0,29846.0,29184.0,44328.0,44328.0,68515.2,56567.5,15776.8,13648.0,0.0,45323.4,0.0,16805.8,46603.4,20242.6,67537.8,106499.2,128652.3,113838.6,148
1073.4,147686.0,29846.0,29184.0,44328.0,44328.0,68515.2,56567.5,15776.8,13648.0,0.0,45323.4,0.0,16805.7,46603.4,20242.3,67537.5,106499.5,128652.3,113838.6,148
1074.5,147686.0,29846.0,29184.0,44328.0,44328.0,68515.2,56567.5,15776.8,13648.0,0.0,45323.6,0.0,16805.7,46603.5,20243.0,67538.3,106498.8,128652.3,113838.7,148
1075.6,147686.0,29846.0,29184.0,44328.0,44328.0,68515.2,56567.5,15776.8,13648.0,0.0,45323.6,0.0,16805.8,46604.2,20237.6,67533.6,106504.2,128652.3,113838.8,148
1076.6,147686.0,29846.0,29184.0,44328.0,44328.0,68515.2,56567.5,15776.8,13648.0,0.0,45323.6,0.0,16805.8,46604.1,20237.2,67533.1,106504.6,128652.3,113838.8,148
1077.6,147686.0,29846.0,29184.0,44328.0,44328.0,68515.2,56567.5,15776.8,13648.0,0.0,45323.6,0.0,16805.8,46604.1,20236.3,67532.2,106505.5,128652.3,113838.8,148
1078.7,147686.0,29846.0,29184.0,44328.0,44328.0,68515.2,56567.5,15776.8,13648.0,0.0,45323.6,0.0,16805.8,46604.1,20236.7,67532.6,106505.1,128652.3,113838.8,148
1079.7,147686.0,29846.0,29184.0,44328.0,44328.0,68515.2,56567.5,15776.8,13648.0,0.0,45323.6,0.0,16805.8,46604.1,20236.8,67532.6,106505.0,128652.3,113838.8,148
1080.7,147686.0,29846.0,29184.0,44328.0,44328.0,68515.2,56567.5,15776.8,13648.0,0.0,45323.6,0.0,16805.8,46604.1,20237.1,67533.0,106504.7,128652.3,113838.8,148
1081.7,147686.0,29846.0,29184.0,44328.0,44328.0,68515.2,56567.5,15776.8,13648.0,0.0,45323.6,0.0,16805.8,46603.7,20234.3,67529.8,106507.5,128652.3,113838.8,148
1082.8,147686.0,29846.0,29184.0,44328.0,44328.0,68515.2,56567.5,15776.8,13648.0,0.0,45323.6,0.0,16805.8,46603.4,20233.9,67529.1,106507.9,128652.3,113838.8,148
1083.8,147686.0,29846.0,29184.0,44328.0,44328.0,68515.2,56567.5,15776.8,13648.0,0.0,45323.6,0.0,16805.9,46603.4,20231.3,67526.5,106510.5,128652.3,113838.8,148
1084.8,147686.0,29846.0,29184.0,44328.0,44328.0,68515.2,56567.5,15776.8,13648.0,0.0,45323.6,0.0,16805.9,46603.4,20234.7,67529.8,106507.2,128652.3,113838.8,148
1085.8,147686.0,29846.0,29184.0,44328.0,44328.0,68520.6,56573.0,15782.2,13653.4,0.0,45323.6,0.0,16805.9,46603.4,20236.5,67531.7,106505.3,128652.3,113844.2,148
1086.9,147686.0,29846.0,29184.0,44328.0,44328.0,68520.6,56573.0,15782.2,13653.4,0.0,45323.6,0.0,16811.3,46604.4,20239.9,67536.1,106502.0,128652.3,113844.2,148
1087.9,147686.0,29846.0,29184.0,44328.0,44328.0,68520.6,56573.0,15782.2,13653.4,0.0,45323.6,0.0,16811.3,46604.4,20240.2,67536.4,106501.6,128652.3,113844.2,148
1088.9,147686.0,29846.0,29184.0,44328.0,44328.0,68520.6,56573.0,15782.2,13653.4,0.0,45323.6,0.0,16811.4,46604.4,20239.3,67535.5,106502.6,128652.3,113844.2,148
1089.9,147686.0,29846.0,29184.0,44328.0,44328.0,68520.6,56573.0,15782.2,13653.4,0.0,45323.6,0.0,16811.4,46604.4,20241.6,67537.8,106500.2,128652.3,113844.2,148
1091.0,147686.0,29846.0,29184.0,44328.0,44328.0,68520.6,56573.0,15782.2,13653.4,0.0,45323.6,0.0,16811.4,46604.4,20241.2,67537.4,106500.6,128652.3,113844.2,148
1092.0,147686.0,29846.0,29184.0,44328.0,44328.0,68520.6,56573.0,15782.2,13653.4,0.0,45323.6,0.0,16811.4,46604.4,20241.6,67537.8,106500.2,128652.3,113844.3,148
1093.0,147686.0,29846.0,29184.0,44328.0,44328.0,68520.6,56573.0,15782.2,13653.4,0.0,45323.6,0.0,16811.4,46604.4,20245.0,67541.2,106496.8,128652.3,113844.3,148
1094.1,147686.0,29846.0,29184.0,44328.0,44328.0,68520.6,56573.0,15782.2,13653.4,0.0,45323.6,0.0,16811.4,46604.1,20242.5,67538.4,106499.3,128652.3,113844.3,148
1095.1,147686.0,29846.0,29184.0,44328.0,44328.0,68520.6,56573.0,15782.2,13653.4,0.0,45323.6,0.0,16811.4,46604.5,20240.1,67536.4,106501.7,128652.3,113844.3,148
1096.1,147686.0,29846.0,29184.0,44328.0,44328.0,68520.6,56573.0,15782.2,13653.4,0.0,45323.8,0.0,16811.4,46604.3,20240.4,67536.5,106501.4,128652.3,113844.4,148
1097.1,147686.0,29846.0,29184.0,44328.0,44328.0,68520.6,56573.0,15782.2,13653.4,0.0,45323.8,0.0,16811.9,46604.3,20238.1,67534.2,106503.7,128652.3,113844.4,148
1098.2,147686.0,29846.0,29184.0,44328.0,44328.0,68520.6,56573.0,15782.2,13653.4,0.0,45323.8,0.0,16811.4,46604.2,20241.5,67537.5,106500.3,128652.3,113844.4,148
1099.2,147686.0,29846.0,29184.0,44328.0,44328.0,68520.6,56573.0,15782.2,13653.4,0.0,45323.8,0.0,16811.4,46604.5,20240.6,67536.8,106501.2,128652.3,113844.4,148
1100.2,147686.0,29846.0,29184.0,44328.0,44328.0,68520.6,56573.0,15782.2,13653.4,0.0,45323.8,0.0,16811.4,46604.4,20242.2,67538.4,106499.6,128652.3,113844.4,148
1101.3,147686.0,29846.0,29184.0,44328.0,44328.0,68520.6,56573.0,15782.2,13653.4,0.0,45323.8,0.0,16811.4,46604.4,20242.5,67538.8,106499.2,128652.3,113844.4,148
1102.3,147686.0,29846.0,29184.0,44328.0,44328.0,68520.6,56573.0,15782.2,13653.4,0.0,45323.8,0.0,16810.9,46604.4,20241.8,67538.0,106500.0,128652.3,113844.4,148
1103.3,147686.0,29846.0,29184.0,44328.0,44328.0,68520.6,56573.0,15782.2,13653.4,0.0,45323.8,0.0,16811.4,46604.4,20243.0,67539.3,106498.8,128652.3,113844.4,148
1104.4,147686.0,29846.0,29184.0,44328.0,44328.0,68520.6,56573.0,15782.2,13653.4,0.0,45323.8,0.0,16811.5,46604.4,20243.3,67539.6,106498.4,128652.3,113844.4,148
1105.4,147686.0,29846.0,29184.0,44328.0,44328.0,68520.6,56573.0,15782.2,13653.4,0.0,45323.8,0.0,16812.0,46605.1,20242.2,67539.1,106499.6,128652.3,113844.4,148
1106.4,147746.0,29846.0,29244.0,44328.0,44328.0,68520.6,56573.0,15782.2,13653.4,0.0,45323.8,0.0,16811.5,46605.1,20242.3,67539.2,106499.5,128652.3,113844.4,148
1107.4,147746.0,29846.0,29244.0,44328.0,44328.0,68520.6,56573.0,15782.2,13653.4,0.0,45323.8,0.0,16811.7,46605.2,20239.1,67536.1,106502.7,128652.3,113844.4,148
1108.5,147746.0,29846.0,29244.0,44328.0,44328.0,68520.6,56573.0,15782.2,13653.4,0.0,45323.8,0.0,16811.7,46605.7,20242.0,67539.5,106499.8,128652.3,113844.4,148
1109.5,147746.0,29846.0,29244.0,44328.0,44328.0,68487.1,56539.4,15748.6,13619.9,0.0,45323.8,0.0,16778.0,46605.5,20206.9,67504.2,106534.9,128652.3,113810.9,148
1110.5,147746.0,29846.0,29244.0,44328.0,44328.0,68487.1,56539.4,15748.6,13619.9,0.0,45323.8,0.0,16778.0,46605.5,20206.5,67503.8,106535.3,128652.3,113810.9,148
1111.5,147746.0,29846.0,29244.0,44328.0,44328.0,68487.1,56539.4,15748.6,13619.9,0.0,45323.8,0.0,16778.0,46605.1,20210.3,67507.2,106531.5,128652.3,113810.9,148
1112.5,147746.0,29846.0,29244.0,44328.0,44328.0,68487.1,56539.4,15748.6,13619.9,0.0,45323.8,0.0,16778.0,46604.9,20214.0,67510.7,106527.8,128652.3,113810.9,148
1113.6,147746.0,29846.0,29244.0,44328.0,44328.0,68487.1,56539.4,15748.6,13619.9,0.0,45324.0,0.0,16775.9,46605.1,20214.5,67511.4,106527.3,128652.3,113811.0,148
1114.7,147746.0,29846.0,29244.0,44328.0,44328.0,68497.5,56549.9,15759.1,13630.3,0.0,45324.0,0.0,16786.4,46605.4,20227.3,67524.5,106514.5,128652.3,113821.5,148
1115.7,147746.0,29846.0,29244.0,44328.0,44328.0,68497.5,56549.9,15759.1,13630.3,0.0,45324.0,0.0,16786.4,46605.4,20224.8,67522.0,106517.0,128652.3,113821.5,148
1116.7,147746.0,29846.0,29244.0,44328.0,44328.0,68497.5,56549.9,15759.1,13630.3,0.0,45324.0,0.0,16786.4,46605.2,20218.8,67515.9,106523.0,128652.3,113821.5,148
1117.7,147746.0,29846.0,29244.0,44328.0,44328.0,68497.5,56549.9,15759.1,13630.3,0.0,45324.0,0.0,16786.6,46605.1,20214.4,67511.4,106527.4,128652.3,113821.5,148
1118.8,147746.0,29846.0,29244.0,44328.0,44328.0,68497.5,56549.9,15759.1,13630.3,0.0,45324.0,0.0,16786.5,46605.3,20216.5,67513.6,106525.2,128652.3,113821.5,148
1119.8,147746.0,29846.0,29244.0,44328.0,44328.0,68497.5,56549.9,15759.1,13630.4,0.0,45324.0,0.0,16786.5,46605.3,20216.5,67513.6,106525.3,128652.3,113821.5,148
1120.8,147746.0,29846.0,29244.0,44328.0,44328.0,68497.5,56549.9,15759.1,13630.4,0.0,45324.0,0.0,16786.7,46605.3,20216.6,67513.7,106525.2,128652.3,113821.5,148
1121.8,147746.0,29846.0,29244.0,44328.0,44328.0,68497.5,56549.9,15759.1,13630.4,0.0,45324.0,0.0,16786.7,46605.3,20217.0,67514.1,106524.8,128652.3,113821.5,148
1122.8,147746.0,29846.0,29244.0,44328.0,44328.0,68497.5,56549.9,15759.1,13630.4,0.0,45324.0,0.0,16786.2,46604.9,20220.1,67516.8,106521.7,128652.3,113821.5,148
1123.8,147746.0,29846.0,29244.0,44328.0,44328.0,68497.5,56549.9,15759.1,13630.4,0.0,45324.0,0.0,16786.7,46604.9,20220.5,67517.3,106521.2,128652.3,113821.5,148
1124.8,147746.0,29846.0,29244.0,44328.0,44328.0,68497.5,56549.9,15759.1,13630.4,0.0,45324.0,0.0,16786.7,46605.0,20220.8,67517.6,106521.0,128652.3,113821.5,148
1125.8,147746.0,29846.0,29244.0,44328.0,44328.0,68497.5,56549.9,15759.1,13630.4,0.0,45324.0,0.0,16786.7,46605.0,20220.2,67517.0,106521.6,128652.3,113821.5,148
1126.8,147746.0,29846.0,29244.0,44328.0,44328.0,68497.5,56549.9,15759.1,13630.4,0.0,45324.0,0.0,16786.8,46605.0,20220.3,67517.1,106521.5,128652.3,113821.5,148
1127.8,147746.0,29846.0,29244.0,44328.0,44328.0,68497.5,56549.9,15759.1,13630.4,0.0,45324.0,0.0,16786.8,46605.0,20218.9,67515.7,106522.9,128652.3,113821.5,148
1128.8,147746.0,29846.0,29244.0,44328.0,44328.0,68497.5,56549.9,15759.1,13630.4,0.0,45324.0,0.0,16786.8,46605.3,20218.6,67515.7,106523.1,128652.3,113821.5,148
1129.8,147746.0,29846.0,29244.0,44328.0,44328.0,68504.9,56557.3,15766.5,13637.8,0.0,45324.0,0.0,16786.8,46605.3,20220.8,67518.0,106520.9,128652.3,113829.0,148
1130.8,147746.0,29846.0,29244.0,44328.0,44328.0,68504.9,56557.3,15766.5,13637.8,0.0,45324.1,0.0,16794.2,46605.5,20226.8,67524.1,106515.0,128652.3,113829.1,148
1131.8,147746.0,29846.0,29244.0,44328.0,44328.0,68505.0,56557.3,15766.5,13637.8,0.0,45324.1,0.0,16794.2,46605.5,20225.9,67523.2,106515.9,128652.3,113829.1,148
1132.8,147746.0,29846.0,29244.0,44328.0,44328.0,68505.0,56557.3,15766.5,13637.8,0.0,45324.1,0.0,16794.3,46605.5,20225.7,67523.0,106516.0,128652.3,113829.1,148
1133.8,147746.0,29846.0,29244.0,44328.0,44328.0,68505.0,56557.3,15766.5,13637.8,0.0,45324.2,0.0,16794.6,46605.6,20226.9,67524.4,106514.8,128652.3,113829.2,148
1134.9,147746.0,29846.0,29244.0,44328.0,44328.0,68505.0,56557.3,15766.5,13637.8,0.0,45324.2,0.0,16794.6,46605.6,20225.7,67523.2,106516.0,128652.3,113829.2,148
1135.9,147746.0,29846.0,29244.0,44328.0,44328.0,68505.0,56557.3,15766.5,13637.8,0.0,45324.2,0.0,16794.6,46605.6,20225.7,67523.1,106516.1,128652.3,113829.2,148
1136.9,147746.0,29846.0,29244.0,44328.0,44328.0,68505.0,56557.3,15766.5,13637.8,0.0,45324.2,0.0,16794.6,46605.6,20224.8,67522.2,106516.9,128652.3,113829.2,148
1138.0,147746.0,29846.0,29244.0,44328.0,44328.0,68505.0,56557.3,15766.5,13637.8,0.0,45324.2,0.0,16794.7,46606.0,20223.9,67521.7,106517.9,128652.3,113829.2,148
1139.0,147746.0,29846.0,29244.0,44328.0,44328.0,68505.0,56557.3,15766.5,13637.8,0.0,45324.2,0.0,16794.6,46605.6,20222.3,67519.7,106519.4,128652.3,113829.2,148
1140.0,147746.0,29846.0,29244.0,44328.0,44328.0,68505.0,56557.3,15766.5,13637.8,0.0,45324.2,0.0,16794.6,46606.0,20228.1,67525.9,106513.6,128652.3,113829.2,148
1141.0,147746.0,29846.0,29244.0,44328.0,44328.0,68505.0,56557.3,15766.5,13637.8,0.0,45324.2,0.0,16794.7,46605.6,20222.0,67519.5,106519.8,128652.3,113829.2,148
1142.0,147746.0,29846.0,29244.0,44328.0,44328.0,68505.0,56557.3,15766.5,13637.8,0.0,45324.2,0.0,16794.7,46604.8,20220.4,67517.0,106521.3,128652.3,113829.2,148
1143.0,147746.0,29846.0,29244.0,44328.0,44328.0,68505.0,56557.3,15766.5,13637.8,0.0,45324.2,0.0,16794.6,46605.0,20220.0,67516.8,106521.8,128652.3,113829.2,148
1144.1,147746.0,29846.0,29244.0,44328.0,44328.0,68505.0,56557.3,15766.5,13637.8,0.0,45324.2,0.0,16794.6,46605.0,20219.7,67516.6,106522.0,128652.3,113829.2,148
1145.1,147746.0,29846.0,29244.0,44328.0,44328.0,68505.0,56557.3,15766.5,13637.8,0.0,45324.3,0.0,16794.7,46605.0,20221.3,67518.2,106520.4,128652.3,113829.2,148
1146.1,147746.0,29846.0,29244.0,44328.0,44328.0,68505.0,56557.3,15766.5,13637.8,0.0,45324.3,0.0,16795.2,46605.0,20222.2,67519.1,106519.5,128652.3,113829.2,148
1147.1,147746.0,29846.0,29244.0,44328.0,44328.0,68505.0,56557.3,15766.5,13637.8,0.0,45324.3,0.0,16794.8,46607.0,20223.3,67522.2,106518.4,128652.3,113829.2,148
1148.2,147746.0,29846.0,29244.0,44328.0,44328.0,68505.0,56557.3,15766.5,13637.8,0.0,45324.3,0.0,16795.2,46606.1,20224.8,67522.8,106516.9,128652.3,113829.2,148
1149.2,147746.0,29846.0,29244.0,44328.0,44328.0,68505.0,56557.3,15766.5,13637.8,0.0,45324.4,0.0,16795.3,46606.2,20224.3,67522.4,106517.4,128652.3,113829.4,148
1150.2,147746.0,29846.0,29244.0,44328.0,44328.0,68505.0,56557.3,15766.5,13637.8,0.0,45324.4,0.0,16794.9,46605.8,20224.7,67522.4,106517.0,128652.3,113829.4,148
1151.3,147746.0,29846.0,29244.0,44328.0,44328.0,68505.0,56557.3,15766.5,13637.8,0.0,45324.4,0.0,16794.9,46607.6,20226.2,67525.6,106515.6,128652.3,113829.4,148
1152.3,147746.0,29846.0,29244.0,44328.0,44328.0,68505.0,56557.3,15766.5,13637.8,0.0,45324.4,0.0,16794.9,46606.4,20217.8,67516.0,106524.0,128652.3,113829.4,148
1153.3,147746.0,29846.0,29244.0,44328.0,44328.0,68505.0,56557.3,15766.5,13637.8,0.0,45324.4,0.0,16794.9,46606.5,20219.8,67518.1,106521.9,128652.3,113829.4,148
1154.3,147746.0,29846.0,29244.0,44328.0,44328.0,68505.0,56557.3,15766.6,13637.8,0.0,45324.4,0.0,16794.9,46606.5,20222.9,67521.3,106518.8,128652.3,113829.4,148
1155.3,147746.0,29846.0,29244.0,44328.0,44328.0,68505.0,56557.3,15766.6,13637.8,0.0,45324.4,0.0,16794.9,46606.2,20222.4,67520.5,106519.3,128652.3,113829.4,148
1156.3,147746.0,29846.0,29244.0,44328.0,44328.0,68505.0,56557.3,15766.6,13637.8,0.0,45324.4,0.0,16795.4,46606.2,20220.9,67519.0,106520.8,128652.3,113829.4,148
1157.3,147746.0,29846.0,29244.0,44328.0,44328.0,68505.0,56557.3,15766.6,13637.8,0.0,45324.4,0.0,16795.6,46606.2,20219.1,67517.2,106522.7,128652.3,113829.4,148
1158.4,147746.0,29846.0,29244.0,44328.0,44328.0,68505.0,56557.3,15766.6,13637.8,0.0,45324.5,0.0,16795.3,46606.2,20220.5,67518.6,106521.2,128652.3,113829.4,148
1159.4,147746.0,29846.0,29244.0,44328.0,44328.0,68505.0,56557.3,15766.6,13637.8,0.0,45324.5,0.0,16795.0,46606.2,20220.0,67518.1,106521.7,128652.3,113829.4,148
1160.4,147746.0,29846.0,29244.0,44328.0,44328.0,68505.0,56557.3,15766.6,13637.8,0.0,45324.5,0.0,16795.5,46606.3,20221.3,67519.5,106520.4,128652.3,113829.5,148
1161.5,147746.0,29846.0,29244.0,44328.0,44328.0,68505.0,56557.3,15766.6,13637.8,0.0,45324.5,0.0,16795.0,46606.3,20221.6,67519.8,106520.1,128652.3,113829.5,148
1162.5,147746.0,29846.0,29244.0,44328.0,44328.0,68505.0,56557.3,15766.6,13637.8,0.0,45324.5,0.0,16795.0,46606.3,20221.1,67519.2,106520.6,128652.3,113829.5,148
1163.5,147746.0,29846.0,29244.0,44328.0,44328.0,68505.0,56557.3,15766.6,13637.8,0.0,45324.5,0.0,16795.7,46606.3,20222.4,67520.5,106519.3,128652.3,113829.5,148
1164.5,147746.0,29846.0,29244.0,44328.0,44328.0,68505.0,56557.3,15766.6,13637.8,0.0,45324.5,0.0,16795.7,46606.3,20224.1,67522.3,106517.6,128652.3,113829.5,148
1165.5,147746.0,29846.0,29244.0,44328.0,44328.0,68505.0,56557.3,15766.6,13637.8,0.0,45324.5,0.0,16795.7,46606.5,20227.2,67525.7,106514.5,128652.3,113829.5,148
1166.6,147746.0,29846.0,29244.0,44328.0,44328.0,68505.0,56557.3,15766.6,13637.8,0.0,45324.5,0.0,16795.7,46606.6,20228.6,67527.1,106513.1,128652.3,113829.5,148
1167.6,147746.0,29846.0,29244.0,44328.0,44328.0,68505.0,56557.3,15766.6,13637.8,0.0,45324.5,0.0,16795.8,46608.9,20241.2,67542.0,106500.5,128652.3,113829.5,148
1168.6,147746.0,29846.0,29244.0,44328.0,44328.0,68505.0,56557.3,15766.6,13637.8,0.0,45324.6,0.0,16795.7,46606.2,20229.5,67527.6,106512.2,128652.3,113829.6,148
1169.6,147746.0,29846.0,29244.0,44328.0,44328.0,68505.0,56557.3,15766.6,13637.8,0.0,45324.6,0.0,16795.8,46605.4,20227.0,67524.3,106514.7,128652.3,113829.6,148
1170.7,147746.0,29846.0,29244.0,44328.0,44328.0,68505.0,56557.3,15766.6,13637.8,0.0,45324.6,0.0,16795.8,46605.5,20223.9,67521.2,106517.8,128652.3,113829.7,148
1171.7,147746.0,29846.0,29244.0,44328.0,44328.0,68505.0,56557.3,15766.6,13637.8,0.0,45324.6,0.0,16795.8,46605.5,20223.7,67521.1,106518.0,128652.3,113829.7,148
1172.8,147746.0,29846.0,29244.0,44328.0,44328.0,68505.0,56557.3,15766.6,13637.8,0.0,45324.7,0.0,16795.7,46605.4,20223.5,67520.8,106518.2,128652.3,113829.7,148
1173.8,147746.0,29846.0,29244.0,44328.0,44328.0,68505.0,56557.3,15766.6,13637.8,0.0,45324.7,0.0,16795.0,46605.4,20222.5,67519.9,106519.1,128652.3,113829.7,148
1174.9,147746.0,29846.0,29244.0,44328.0,44328.0,68505.0,56557.3,15766.6,13637.8,0.0,45324.7,0.0,16795.0,46606.6,20223.0,67521.5,106518.7,128652.3,113829.7,148
1176.0,147746.0,29846.0,29244.0,44328.0,44328.0,68505.0,56557.3,15766.6,13637.8,0.0,45324.7,0.0,16795.0,46606.4,20231.4,67529.7,106510.3,128652.3,113829.7,148
1177.0,147746.0,29846.0,29244.0,44328.0,44328.0,68505.0,56557.3,15766.6,13637.8,0.0,45324.7,0.0,16795.2,46606.3,20228.1,67526.3,106513.6,128652.3,113829.7,148
1178.0,147746.0,29846.0,29244.0,44328.0,44328.0,68505.0,56557.3,15766.6,13637.8,0.0,45324.7,0.0,16795.1,46606.3,20228.4,67526.7,106513.2,128652.3,113829.7,148
1179.0,147746.0,29846.0,29244.0,44328.0,44328.0,68505.0,56557.3,15766.6,13637.8,0.0,45324.7,0.0,16795.0,46606.3,20230.3,67528.5,106511.4,128652.3,113829.7,148
1180.0,147746.0,29846.0,29244.0,44328.0,44328.0,68505.0,56557.3,15766.6,13637.8,0.0,45324.7,0.0,16795.0,46606.3,20230.1,67528.3,106511.6,128652.3,113829.7,148
1181.0,147746.0,29846.0,29244.0,44328.0,44328.0,68505.0,56557.3,15766.6,13637.8,0.0,45324.7,0.0,16795.2,46606.2,20229.1,67527.2,106512.6,128652.3,113829.7,148
1182.1,147746.0,29846.0,29244.0,44328.0,44328.0,68505.0,56557.3,15766.6,13637.8,0.0,45324.7,0.0,16795.2,46606.5,20226.0,67524.4,106515.7,128652.3,113829.7,148
1183.1,147746.0,29846.0,29244.0,44328.0,44328.0,68505.0,56557.3,15766.6,13637.8,0.0,45324.7,0.0,16795.2,46605.9,20227.1,67525.0,106514.6,128652.3,113829.7,148
1184.1,147746.0,29846.0,29244.0,44328.0,44328.0,68505.0,56557.3,15766.6,13637.8,0.0,45324.8,0.0,16795.3,46606.6,20227.8,67526.3,106513.9,128652.3,113829.8,148
1185.1,147746.0,29846.0,29244.0,44328.0,44328.0,68506.0,56558.3,15767.6,13638.8,0.0,45324.8,0.0,16795.4,46606.6,20227.4,67525.9,106514.3,128652.3,113830.8,148
1186.1,147746.0,29846.0,29244.0,44328.0,44328.0,68506.0,56558.3,15767.6,13638.8,0.0,45324.8,0.0,16796.3,46607.4,20224.7,67524.0,106517.0,128652.3,113830.8,148
1187.1,147746.0,29846.0,29244.0,44328.0,44328.0,68506.0,56558.3,15767.6,13638.8,0.0,45324.8,0.0,16796.3,46607.1,20221.5,67520.5,106520.2,128652.3,113830.8,148
1188.2,147746.0,29846.0,29244.0,44328.0,44328.0,68506.1,56558.4,15767.7,13638.9,0.0,45324.8,0.0,16796.2,46606.2,20225.7,67523.9,106515.9,128652.3,113830.9,148
1189.2,147746.0,29846.0,29244.0,44328.0,44328.0,68506.1,56558.4,15767.7,13638.9,0.0,45324.8,0.0,16796.4,46606.5,20225.5,67524.0,106516.2,128652.3,113830.9,148
1190.2,147746.0,29846.0,29244.0,44328.0,44328.0,68506.1,56558.4,15767.7,13638.9,0.0,45324.8,0.0,16796.4,46606.1,20226.1,67524.2,106515.5,128652.3,113830.9,148
1191.2,147746.0,29846.0,29244.0,44328.0,44328.0,68506.1,56558.4,15767.7,13638.9,0.0,45324.8,0.0,16796.4,46606.1,20223.6,67521.6,106518.1,128652.3,113830.9,148
1192.2,147746.0,29846.0,29244.0,44328.0,44328.0,68506.1,56558.4,15767.7,13638.9,0.0,45324.8,0.0,16796.4,46606.1,20223.9,67522.0,106517.7,128652.3,113830.9,148
1193.3,147746.0,29846.0,29244.0,44328.0,44328.0,68506.1,56558.4,15767.7,13638.9,0.0,45324.8,0.0,16796.3,46606.1,20226.2,67524.3,106515.5,128652.3,113830.9,148
1194.3,147746.0,29846.0,29244.0,44328.0,44328.0,68506.1,56558.4,15767.7,13638.9,0.0,45324.9,0.0,16797.5,46606.6,20226.7,67525.2,106515.0,128652.3,113830.9,148
1195.3,147746.0,29846.0,29244.0,44328.0,44328.0,68506.1,56558.4,15767.7,13638.9,0.0,45324.9,0.0,16797.1,46608.2,20228.6,67528.7,106513.1,128652.3,113830.9,148
1196.3,147746.0,29846.0,29244.0,44328.0,44328.0,68506.1,56558.4,15767.7,13638.9,0.0,45324.9,0.0,16797.1,46607.2,20225.6,67524.7,106516.1,128652.3,113830.9,148
1197.4,147746.0,29846.0,29244.0,44328.0,44328.0,68517.5,56569.9,15779.1,13650.3,0.0,45324.9,0.0,16797.6,46607.0,20235.0,67534.0,106506.7,128652.3,113842.4,148
1198.4,147746.0,29846.0,29244.0,44328.0,44328.0,68521.3,56573.6,15782.9,13654.1,0.0,45324.9,0.0,16812.3,46605.8,20242.9,67540.6,106498.8,128652.3,113846.2,148
1199.4,147746.0,29846.0,29244.0,44328.0,44328.0,68559.4,56611.8,15821.0,13692.3,0.0,45324.9,0.0,16812.5,46605.6,20246.2,67543.8,106495.4,128652.3,113884.3,148
1200.5,147746.0,29846.0,29244.0,44328.0,44328.0,68512.7,56565.0,15774.3,13645.5,0.0,45324.9,0.0,16804.2,46605.3,20236.3,67533.5,106505.4,128652.3,113837.6,148
1201.5,147746.0,29846.0,29244.0,44328.0,44328.0,68512.7,56565.0,15774.3,13645.5,0.0,45324.9,0.0,16803.7,46605.2,20240.4,67537.6,106501.2,128652.3,113837.6,148
1202.5,147746.0,29846.0,29244.0,44328.0,44328.0,68512.7,56565.0,15774.3,13645.5,0.0,45324.9,0.0,16803.8,46605.2,20241.3,67538.5,106500.4,128652.3,113837.6,148
1203.5,147746.0,29846.0,29244.0,44328.0,44328.0,68512.7,56565.0,15774.3,13645.5,0.0,45325.0,0.0,16803.8,46605.9,20241.8,67539.7,106499.8,128652.3,113837.7,148
1204.5,147746.0,29846.0,29244.0,44328.0,44328.0,68536.8,56589.2,15798.4,13669.6,0.0,45325.1,0.0,16828.2,46605.5,20260.1,67557.5,106481.6,128652.3,113861.9,148
1205.5,147746.0,29846.0,29244.0,44328.0,44328.0,68536.8,56589.2,15798.4,13669.6,0.0,45325.1,0.0,16827.9,46605.5,20259.3,67556.8,106482.3,128652.3,113861.9,148
1206.6,147746.0,29846.0,29244.0,44328.0,44328.0,68536.8,56589.2,15798.4,13669.6,0.0,45325.1,0.0,16828.1,46605.5,20256.7,67554.2,106484.9,128652.3,113861.9,148
1207.6,147746.0,29846.0,29244.0,44328.0,44328.0,68536.8,56589.2,15798.4,13669.6,0.0,45325.1,0.0,16827.9,46605.5,20257.8,67555.3,106483.8,128652.3,113861.9,148
1208.6,147746.0,29846.0,29244.0,44328.0,44328.0,68536.8,56589.2,15798.4,13669.6,0.0,45325.1,0.0,16828.1,46605.5,20260.8,67558.3,106480.8,128652.3,113861.9,148
1209.6,147746.0,29846.0,29244.0,44328.0,44328.0,68536.8,56589.2,15798.4,13669.7,0.0,45325.1,0.0,16828.0,46605.2,20261.4,67558.6,106480.3,128652.3,113861.9,148
1210.7,147746.0,29846.0,29244.0,44328.0,44328.0,68536.8,56589.2,15798.4,13669.7,0.0,45325.1,0.0,16828.0,46604.8,20257.4,67554.2,106484.2,128652.3,113861.9,148
1211.7,147746.0,29846.0,29244.0,44328.0,44328.0,68536.8,56589.2,15798.4,13669.7,0.0,45325.1,0.0,16828.5,46605.1,20257.9,67554.9,106483.8,128652.3,113861.9,148
1212.8,147746.0,29846.0,29244.0,44328.0,44328.0,68536.8,56589.2,15798.4,13669.7,0.0,45325.1,0.0,16828.1,46604.7,20258.1,67554.8,106483.5,128652.3,113861.9,148
1213.8,147746.0,29846.0,29244.0,44328.0,44328.0,68536.8,56589.2,15798.4,13669.7,0.0,45325.1,0.0,16828.0,46604.2,20251.1,67547.3,106490.5,128652.3,113861.9,148
1214.9,147746.0,29846.0,29244.0,44328.0,44328.0,68536.8,56589.2,15798.4,13669.7,0.0,45325.1,0.0,16828.0,46604.3,20251.1,67547.3,106490.5,128652.3,113861.9,148
1215.9,147746.0,29846.0,29244.0,44328.0,44328.0,68536.8,56589.2,15798.4,13669.7,0.0,45325.1,0.0,16828.0,46604.3,20249.8,67546.1,106491.8,128652.3,113861.9,148
1216.9,147746.0,29846.0,29244.0,44328.0,44328.0,68536.8,56589.2,15798.4,13669.7,0.0,45325.1,0.0,16828.0,46604.3,20249.4,67545.6,106492.2,128652.3,113861.9,148
1218.0,147746.0,29846.0,29244.0,44328.0,44328.0,68536.8,56589.2,15798.4,13669.7,0.0,45325.1,0.0,16828.1,46604.3,20249.5,67545.8,106492.1,128652.3,113861.9,148
1219.0,147746.0,29846.0,29244.0,44328.0,44328.0,68536.8,56589.2,15798.4,13669.7,0.0,45325.1,0.0,16828.1,46604.5,20249.9,67546.3,106491.7,128652.3,113861.9,148
1220.0,147746.0,29846.0,29244.0,44328.0,44328.0,68536.9,56589.2,15798.5,13669.7,0.0,45325.1,0.0,16828.1,46604.4,20248.3,67544.7,106493.4,128652.3,113862.0,148
1221.1,147746.0,29846.0,29244.0,44328.0,44328.0,68545.5,56597.9,15807.1,13678.3,0.0,45325.1,0.0,16836.6,46604.9,20261.8,67558.7,106479.8,128652.3,113870.6,148
1222.2,147746.0,29846.0,29244.0,44328.0,44328.0,68545.5,56597.9,15807.1,13678.3,0.0,45325.2,0.0,16836.7,46605.7,20261.7,67559.4,106479.9,128652.3,113870.7,148
1223.2,147746.0,29846.0,29244.0,44328.0,44328.0,68545.5,56597.9,15807.1,13678.3,0.0,45325.2,0.0,16836.7,46605.7,20260.5,67558.2,106481.1,128652.3,113870.7,148
1224.2,147746.0,29846.0,29244.0,44328.0,44328.0,68545.5,56597.9,15807.1,13678.3,0.0,45325.2,0.0,16836.2,46605.1,20258.9,67556.0,106482.8,128652.3,113870.8,148
1225.3,147746.0,29846.0,29244.0,44328.0,44328.0,68545.5,56597.9,15807.1,13678.3,0.0,45325.2,0.0,16836.3,46605.0,20260.2,67557.2,106481.4,128652.3,113870.8,148
1226.3,147746.0,29846.0,29244.0,44328.0,44328.0,68547.0,56599.3,15808.5,13679.8,0.0,45325.3,0.0,16836.2,46605.3,20260.2,67557.4,106481.4,128652.3,113872.2,148
1227.3,147746.0,29846.0,29244.0,44328.0,44328.0,68523.4,56575.8,15785.0,13656.2,0.0,45325.3,0.0,16812.9,46605.7,20238.3,67536.0,106503.3,128652.3,113848.7,148
1228.3,147746.0,29846.0,29244.0,44328.0,44328.0,68523.4,56575.8,15785.0,13656.2,0.0,45325.3,0.0,16814.2,46606.2,20237.0,67535.2,106504.6,128652.3,113848.8,148
1229.3,147746.0,29846.0,29244.0,44328.0,44328.0,68523.4,56575.8,15785.0,13656.2,0.0,45325.3,0.0,16814.2,46606.0,20238.1,67536.1,106503.5,128652.3,113848.8,148
1230.4,147746.0,29846.0,29244.0,44328.0,44328.0,68523.4,56575.8,15785.0,13656.2,0.0,45325.3,0.0,16814.3,46606.2,20237.7,67535.9,106503.9,128652.3,113848.8,148
1231.4,147746.0,29846.0,29244.0,44328.0,44328.0,68523.4,56575.8,15785.0,13656.2,0.0,45325.3,0.0,16814.2,46606.2,20238.8,67537.0,106502.8,128652.3,113848.8,148
1232.4,147746.0,29846.0,29244.0,44328.0,44328.0,68523.4,56575.8,15785.0,13656.2,0.0,45325.3,0.0,16814.2,46606.0,20240.5,67538.5,106501.1,128652.3,113848.8,148
1233.5,147746.0,29846.0,29244.0,44328.0,44328.0,68523.4,56575.8,15785.0,13656.2,0.0,45325.3,0.0,16814.3,46606.0,20240.5,67538.5,106501.1,128652.3,113848.8,148
1234.5,147746.0,29846.0,29244.0,44328.0,44328.0,68523.4,56575.8,15785.0,13656.2,0.0,45325.4,0.0,16814.2,46606.5,20237.9,67536.4,106503.7,128652.3,113848.8,148
1235.5,147746.0,29846.0,29244.0,44328.0,44328.0,68523.4,56575.8,15785.0,13656.2,0.0,45325.4,0.0,16814.2,46606.5,20238.9,67537.4,106502.7,128652.3,113848.8,148
1236.5,147746.0,29846.0,29244.0,44328.0,44328.0,68523.4,56575.8,15785.0,13656.2,0.0,45325.4,0.0,16814.2,46605.9,20234.9,67532.8,106506.7,128652.3,113848.8,148
1237.6,147746.0,29846.0,29244.0,44328.0,44328.0,68559.4,56611.7,15820.9,13692.2,0.0,45325.4,0.0,16827.0,46608.6,20256.8,67557.4,106484.8,128652.3,113884.7,148
1238.6,147746.0,29846.0,29244.0,44328.0,44328.0,68559.4,56611.7,15820.9,13692.2,0.0,45325.4,0.0,16850.2,46606.1,20270.0,67568.1,106471.6,128652.3,113884.8,148
1239.6,147746.0,29846.0,29244.0,44328.0,44328.0,68559.4,56611.7,15820.9,13692.2,0.0,45325.5,0.0,16850.2,46606.2,20275.1,67573.3,106466.5,128652.3,113884.9,148
1240.7,147746.0,29846.0,29244.0,44328.0,44328.0,68559.4,56611.7,15820.9,13692.2,0.0,45325.5,0.0,16850.4,46606.3,20267.1,67565.3,106474.5,128652.3,113884.9,148
1241.7,147746.0,29846.0,29244.0,44328.0,44328.0,68559.4,56611.7,15820.9,13692.2,0.0,45325.5,0.0,16850.4,46606.3,20266.4,67564.7,106475.1,128652.3,113884.9,148
1242.7,147746.0,29846.0,29244.0,44328.0,44328.0,68559.4,56611.7,15820.9,13692.2,0.0,45325.5,0.0,16850.4,46606.3,20267.5,67565.8,106474.1,128652.3,113884.9,148
1243.7,147746.0,29846.0,29244.0,44328.0,44328.0,68559.4,56611.7,15820.9,13692.2,0.0,45325.5,0.0,16850.4,46606.3,20266.7,67564.9,106474.9,128652.3,113884.9,148
1244.8,147746.0,29846.0,29244.0,44328.0,44328.0,68559.4,56611.7,15820.9,13692.2,0.0,45325.5,0.0,16850.4,46606.3,20269.4,67567.7,106472.2,128652.3,113884.9,148
1245.8,147746.0,29846.0,29244.0,44328.0,44328.0,68559.4,56611.7,15820.9,13692.2,0.0,45325.5,0.0,16850.4,46606.3,20270.0,67568.3,106471.6,128652.3,113884.9,148
1246.8,147746.0,29846.0,29244.0,44328.0,44328.0,68559.4,56611.7,15820.9,13692.2,0.0,45325.5,0.0,16850.4,46606.7,20269.4,67568.1,106472.2,128652.3,113884.9,148
1247.8,147746.0,29846.0,29244.0,44328.0,44328.0,68559.4,56611.7,15820.9,13692.2,0.0,45325.5,0.0,16850.4,46606.3,20269.4,67567.7,106472.2,128652.3,113884.9,148
1248.8,147746.0,29846.0,29244.0,44328.0,44328.0,68559.4,56611.7,15820.9,13692.2,0.0,45325.5,0.0,16850.4,46606.0,20273.3,67571.4,106468.3,128652.3,113884.9,148
1249.8,147746.0,29846.0,29244.0,44328.0,44328.0,68559.4,56611.7,15820.9,13692.2,0.0,45325.5,0.0,16850.5,46606.1,20273.8,67572.0,106467.7,128652.3,113884.9,148
1250.8,147746.0,29846.0,29244.0,44328.0,44328.0,68559.4,56611.7,15820.9,13692.2,0.0,45325.5,0.0,16850.5,46606.1,20273.4,67571.6,106468.1,128652.3,113884.9,148
1251.8,147746.0,29846.0,29244.0,44328.0,44328.0,68559.4,56611.7,15820.9,13692.2,0.0,45325.6,0.0,16850.5,46606.6,20270.5,67569.1,106471.1,128652.3,113884.9,148
1252.8,147746.0,29846.0,29244.0,44328.0,44328.0,68559.4,56611.7,15820.9,13692.2,0.0,45325.6,0.0,16850.4,46606.5,20270.3,67568.8,106471.3,128652.3,113884.9,148
1253.9,147746.0,29846.0,29244.0,44328.0,44328.0,68559.4,56611.7,15820.9,13692.2,0.0,45325.6,0.0,16850.5,46606.5,20270.1,67568.6,106471.5,128652.3,113884.9,148
1254.9,147746.0,29846.0,29244.0,44328.0,44328.0,68559.4,56611.7,15820.9,13692.2,0.0,45325.6,0.0,16850.5,46605.9,20277.3,67575.2,106464.3,128652.3,113884.9,148
1255.9,147746.0,29846.0,29244.0,44328.0,44328.0,68559.4,56611.7,15820.9,13692.2,0.0,45325.6,0.0,16850.5,46605.9,20277.4,67575.3,106464.2,128652.3,113884.9,148
1257.0,147746.0,29846.0,29244.0,44328.0,44328.0,68559.4,56611.7,15820.9,13692.2,0.0,45325.6,0.0,16850.5,46605.4,20277.5,67574.9,106464.1,128652.3,113884.9,148
1258.0,147746.0,29846.0,29244.0,44328.0,44328.0,68559.4,56611.7,15820.9,13692.2,0.0,45325.6,0.0,16850.5,46605.5,20277.7,67575.3,106463.8,128652.3,113884.9,148
1259.0,147746.0,29846.0,29244.0,44328.0,44328.0,68559.4,56611.7,15820.9,13692.2,0.0,45325.6,0.0,16850.5,46605.9,20275.5,67573.4,106466.1,128652.3,113884.9,148
1260.0,147746.0,29846.0,29244.0,44328.0,44328.0,68559.4,56611.7,15820.9,13692.2,0.0,45325.7,0.0,16850.4,46607.0,20282.1,67581.2,106459.4,128652.3,113885.1,148
1261.1,147746.0,29846.0,29244.0,44328.0,44328.0,68559.4,56611.7,15820.9,13692.2,0.0,45325.7,0.0,16850.7,46606.3,20277.6,67576.0,106464.0,128652.3,113885.1,148
1262.1,147746.0,29846.0,29244.0,44328.0,44328.0,68559.4,56611.7,15820.9,13692.2,0.0,45325.7,0.0,16850.6,46606.6,20271.2,67569.9,106470.3,128652.3,113885.1,148
1263.1,147746.0,29846.0,29244.0,44328.0,44328.0,68559.4,56611.7,15821.0,13692.2,0.0,45325.7,0.0,16850.6,46606.2,20270.9,67569.1,106470.7,128652.3,113885.1,148
1264.2,147746.0,29846.0,29244.0,44328.0,44328.0,68529.6,56582.0,15791.2,13662.4,0.0,45325.7,0.0,16883.6,46610.2,20315.6,67617.9,106425.9,128652.3,113855.3,148
1265.2,147746.0,29846.0,29244.0,44328.0,44328.0,68529.6,56582.0,15791.2,13662.4,0.0,45325.8,0.0,16820.9,46607.3,20244.5,67543.9,106497.1,128652.3,113855.4,148
1266.2,147746.0,29846.0,29244.0,44328.0,44328.0,68529.6,56582.0,15791.2,13662.4,0.0,45325.8,0.0,16820.9,46607.3,20244.4,67543.7,106497.2,128652.3,113855.4,148
1267.2,147746.0,29846.0,29244.0,44328.0,44328.0,68529.6,56582.0,15791.2,13662.4,0.0,45325.8,0.0,16820.9,46607.3,20245.0,67544.4,106496.6,128652.3,113855.4,148
1268.2,147746.0,29846.0,29244.0,44328.0,44328.0,68529.6,56582.0,15791.2,13662.4,0.0,45325.8,0.0,16821.0,46607.3,20247.4,67546.7,106494.2,128652.3,113855.4,148
1269.2,147746.0,29846.0,29244.0,44328.0,44328.0,68541.5,56593.8,15803.1,13674.3,0.0,45325.8,0.0,16832.7,46607.8,20258.6,67558.4,106483.0,128652.3,113867.3,148
1270.2,147746.0,29846.0,29244.0,44328.0,44328.0,68546.0,56598.3,15807.6,13678.8,0.0,45325.8,0.0,16837.3,46607.7,20260.3,67560.1,106481.2,128652.3,113871.7,148
1271.3,147746.0,29846.0,29244.0,44328.0,44328.0,68546.0,56598.3,15807.6,13678.8,0.0,45325.8,0.0,16837.4,46607.3,20261.9,67561.2,106479.7,128652.3,113871.8,148
1272.3,147746.0,29846.0,29244.0,44328.0,44328.0,68546.0,56598.3,15807.6,13678.8,0.0,45325.8,0.0,16837.4,46607.3,20262.7,67562.1,106478.9,128652.3,113871.8,148
1273.3,147746.0,29846.0,29244.0,44328.0,44328.0,68546.0,56598.3,15807.6,13678.8,0.0,45325.8,0.0,16837.4,46607.3,20261.8,67561.2,106479.8,128652.3,113871.8,148
1274.3,147746.0,29846.0,29244.0,44328.0,44328.0,68546.0,56598.3,15807.6,13678.8,0.0,45325.8,0.0,16837.6,46606.8,20257.3,67556.1,106484.2,128652.3,113871.8,148
1275.4,147746.0,29846.0,29244.0,44328.0,44328.0,68546.0,56598.3,15807.6,13678.8,0.0,45325.8,0.0,16837.4,46606.8,20260.2,67559.0,106481.4,128652.3,113871.8,148
1276.4,147746.0,29846.0,29244.0,44328.0,44328.0,68546.0,56598.3,15807.6,13678.8,0.0,45325.9,0.0,16837.4,46607.4,20260.9,67560.3,106480.7,128652.3,113871.9,148
1277.5,147746.0,29846.0,29244.0,44328.0,44328.0,68546.0,56598.3,15807.6,13678.8,0.0,45325.9,0.0,16837.5,46607.3,20257.6,67557.0,106483.9,128652.3,113871.9,148
1278.6,147746.0,29846.0,29244.0,44328.0,44328.0,68546.0,56598.3,15807.6,13678.8,0.0,45325.9,0.0,16837.5,46607.0,20258.6,67557.6,106482.9,128652.3,113871.9,148
1279.6,147746.0,29846.0,29244.0,44328.0,44328.0,68546.0,56598.3,15807.6,13678.8,0.0,45325.9,0.0,16837.4,46607.3,20262.2,67561.5,106479.4,128652.3,113871.9,148
1280.6,147746.0,29846.0,29244.0,44328.0,44328.0,68546.0,56598.3,15807.6,13678.8,0.0,45326.0,0.0,16837.4,46607.4,20260.0,67559.4,106481.5,128652.3,113871.9,148
1281.6,147746.0,29846.0,29244.0,44328.0,44328.0,68546.0,56598.3,15807.6,13678.8,0.0,45326.0,0.0,16837.9,46607.4,20259.3,67558.7,106482.2,128652.3,113871.9,148
1282.7,147746.0,29846.0,29244.0,44328.0,44328.0,68546.0,56598.3,15807.6,13678.8,0.0,45326.0,0.0,16837.4,46607.4,20258.9,67558.3,106482.6,128652.3,113871.9,148
1283.7,147746.0,29846.0,29244.0,44328.0,44328.0,68546.0,56598.3,15807.5,13678.8,0.0,45326.0,0.0,16837.4,46607.4,20255.8,67555.2,106485.7,128652.3,113871.9,148
1284.8,147746.0,29846.0,29244.0,44328.0,44328.0,68546.0,56598.3,15807.6,13678.8,0.0,45326.0,0.0,16837.4,46607.5,20260.4,67560.0,106481.1,128652.3,113871.9,148
1285.8,147746.0,29846.0,29244.0,44328.0,44328.0,68546.0,56598.3,15807.6,13678.8,0.0,45326.0,0.0,16837.4,46607.5,20260.8,67560.3,106480.7,128652.3,113871.9,148
1286.8,147746.0,29846.0,29244.0,44328.0,44328.0,68546.0,56598.3,15807.6,13678.8,0.0,45326.0,0.0,16836.9,46607.5,20254.5,67554.0,106487.1,128652.3,113872.0,148
1287.9,147746.0,29846.0,29244.0,44328.0,44328.0,68546.0,56598.3,15807.6,13678.8,0.0,45326.0,0.0,16837.6,46607.1,20253.5,67552.6,106488.1,128652.3,113872.0,148
1288.9,147746.0,29846.0,29244.0,44328.0,44328.0,68546.0,56598.3,15807.6,13678.8,0.0,45326.0,0.0,16837.5,46606.5,20254.9,67553.5,106486.6,128652.3,113872.0,148
1289.9,147746.0,29846.0,29244.0,44328.0,44328.0,68546.0,56598.3,15807.6,13678.8,0.0,45326.0,0.0,16837.6,46606.9,20256.2,67555.2,106485.3,128652.3,113872.0,148
1290.9,147746.0,29846.0,29244.0,44328.0,44328.0,68546.0,56598.3,15807.6,13678.8,0.0,45326.0,0.0,16837.5,46606.9,20256.8,67555.8,106484.7,128652.3,113872.0,148
1291.9,147746.0,29846.0,29244.0,44328.0,44328.0,68546.0,56598.3,15807.6,13678.8,0.0,45326.0,0.0,16837.6,46606.9,20257.0,67555.9,106484.5,128652.3,113872.0,148
1292.9,147746.0,29846.0,29244.0,44328.0,44328.0,68546.0,56598.3,15807.6,13678.8,0.0,45326.0,0.0,16837.6,46606.8,20260.4,67559.2,106481.1,128652.3,113872.0,148
1293.9,147746.0,29846.0,29244.0,44328.0,44328.0,68546.0,56598.3,15807.6,13678.8,0.0,45326.0,0.0,16837.5,46606.8,20261.0,67559.8,106480.6,128652.3,113872.0,148
1295.0,147746.0,29846.0,29244.0,44328.0,44328.0,68546.0,56598.3,15807.6,13678.8,0.0,45326.0,0.0,16837.5,46607.0,20262.6,67561.6,106479.0,128652.3,113872.0,148
1296.0,147746.0,29846.0,29244.0,44328.0,44328.0,68546.0,56598.3,15807.6,13678.8,0.0,45326.0,0.0,16837.5,46606.7,20260.0,67558.8,106481.6,128652.3,113872.0,148
1297.1,147746.0,29846.0,29244.0,44328.0,44328.0,68546.0,56598.3,15807.6,13678.8,0.0,45326.0,0.0,16837.5,46606.8,20257.8,67556.6,106483.7,128652.3,113872.0,148
1298.1,147746.0,29846.0,29244.0,44328.0,44328.0,68546.0,56598.3,15807.6,13678.8,0.0,45326.0,0.0,16837.6,46606.8,20257.7,67556.5,106483.8,128652.3,113872.0,148
1299.2,147746.0,29846.0,29244.0,44328.0,44328.0,68546.0,56598.3,15807.6,13678.8,0.0,45326.0,0.0,16837.6,46606.8,20258.8,67557.6,106482.8,128652.3,113872.0,148
1300.2,147746.0,29846.0,29244.0,44328.0,44328.0,68546.0,56598.3,15807.6,13678.8,0.0,45326.0,0.0,16837.8,46606.7,20257.9,67556.7,106483.6,128652.3,113872.0,148
1301.2,147746.0,29846.0,29244.0,44328.0,44328.0,68546.0,56598.3,15807.6,13678.8,0.0,45326.2,0.0,16837.8,46606.9,20257.1,67556.1,106484.4,128652.3,113872.2,148
1302.3,147746.0,29846.0,29244.0,44328.0,44328.0,68546.0,56598.3,15807.6,13678.8,0.0,45326.2,0.0,16837.8,46607.5,20256.6,67556.2,106484.9,128652.3,113872.2,148
1303.3,147746.0,29846.0,29244.0,44328.0,44328.0,68546.0,56598.3,15807.6,13678.8,0.0,45326.2,0.0,16837.7,46607.3,20257.6,67557.0,106483.9,128652.3,113872.2,148
1304.3,147746.0,29846.0,29244.0,44328.0,44328.0,68546.0,56598.3,15807.6,13678.8,0.0,45326.2,0.0,16838.1,46607.0,20262.2,67561.2,106479.3,128652.3,113872.2,148
1305.4,147746.0,29846.0,29244.0,44328.0,44328.0,68546.0,56598.3,15807.6,13678.8,0.0,45326.2,0.0,16837.8,46607.0,20261.3,67560.4,106480.2,128652.3,113872.2,148
1306.4,147746.0,29846.0,29244.0,44328.0,44328.0,68546.0,56598.3,15807.6,13678.8,0.0,45326.2,0.0,16838.0,46607.0,20260.5,67559.5,106481.1,128652.3,113872.2,148
1307.5,147746.0,29846.0,29244.0,44328.0,44328.0,68546.0,56598.3,15807.6,13678.8,0.0,45326.2,0.0,16837.7,46607.0,20261.1,67560.1,106480.4,128652.3,113872.2,148
1308.5,147746.0,29846.0,29244.0,44328.0,44328.0,68546.0,56598.3,15807.6,13678.8,0.0,45326.2,0.0,16837.8,46607.0,20260.7,67559.7,106480.8,128652.3,113872.2,148
1309.5,147746.0,29846.0,29244.0,44328.0,44328.0,68546.0,56598.3,15807.6,13678.8,0.0,45326.2,0.0,16838.1,46607.0,20260.5,67559.6,106481.0,128652.3,113872.2,148
1310.6,147746.0,29846.0,29244.0,44328.0,44328.0,68546.0,56598.3,15807.6,13678.8,0.0,45326.2,0.0,16837.8,46607.3,20263.5,67562.9,106478.0,128652.3,113872.2,148
1311.7,147746.0,29846.0,29244.0,44328.0,44328.0,68546.0,56598.3,15807.6,13678.8,0.0,45326.2,0.0,16837.8,46607.2,20262.8,67562.1,106478.7,128652.3,113872.2,148
1312.7,147746.0,29846.0,29244.0,44328.0,44328.0,68546.0,56598.3,15807.6,13678.8,0.0,45326.2,0.0,16837.8,46606.5,20260.9,67559.5,106480.6,128652.3,113872.2,148
1313.8,147746.0,29846.0,29244.0,44328.0,44328.0,68546.0,56598.3,15807.6,13678.8,0.0,45326.2,0.0,16837.9,46606.5,20258.6,67557.1,106482.9,128652.3,113872.2,148
1314.8,147746.0,29846.0,29244.0,44328.0,44328.0,68548.1,56600.4,15809.7,13680.9,0.0,45326.4,0.0,16837.9,46607.6,20265.4,67565.0,106476.1,128652.3,113874.4,148
1315.8,147746.0,29846.0,29244.0,44328.0,44328.0,68555.5,56607.8,15817.0,13688.3,0.0,45326.4,0.0,16840.0,46607.9,20260.0,67560.1,106481.5,128652.3,113881.8,148
1316.9,147746.0,29846.0,29244.0,44328.0,44328.0,68555.5,56607.8,15817.0,13688.3,0.0,45326.4,0.0,16847.4,46607.2,20264.9,67564.2,106476.6,128652.3,113881.8,148
1317.9,147746.0,29846.0,29244.0,44328.0,44328.0,68555.5,56607.8,15817.1,13688.3,0.0,45326.4,0.0,16847.6,46607.3,20264.2,67563.6,106477.4,128652.3,113881.9,148
1318.9,147746.0,29846.0,29244.0,44328.0,44328.0,68555.5,56607.8,15817.0,13688.3,0.0,45326.4,0.0,16847.4,46607.4,20264.8,67564.3,106476.7,128652.3,113881.9,148
1320.0,147746.0,29846.0,29244.0,44328.0,44328.0,68555.5,56607.8,15817.1,13688.3,0.0,45326.4,0.0,16847.4,46607.6,20268.6,67568.2,106473.0,128652.3,113881.9,148
1321.0,147746.0,29846.0,29244.0,44328.0,44328.0,68555.5,56607.8,15817.1,13688.3,0.0,45326.4,0.0,16847.5,46607.6,20269.9,67569.6,106471.6,128652.3,113881.9,148
1322.0,147746.0,29846.0,29244.0,44328.0,44328.0,68555.5,56607.8,15817.1,13688.3,0.0,45326.4,0.0,16847.5,46607.5,20267.2,67566.8,106474.3,128652.3,113881.9,148
1323.0,147746.0,29846.0,29244.0,44328.0,44328.0,68555.5,56607.8,15817.1,13688.3,0.0,45326.4,0.0,16847.5,46607.5,20267.1,67566.7,106474.4,128652.3,113881.9,148
1324.0,147746.0,29846.0,29244.0,44328.0,44328.0,68555.5,56607.8,15817.1,13688.3,0.0,45326.4,0.0,16847.5,46607.5,20266.7,67566.3,106474.8,128652.3,113881.9,148
1325.1,147746.0,29846.0,29244.0,44328.0,44328.0,68555.5,56607.8,15817.1,13688.3,0.0,45326.4,0.0,16847.7,46607.5,20266.8,67566.4,106474.7,128652.3,113881.9,148
1326.2,147746.0,29846.0,29244.0,44328.0,44328.0,68555.5,56607.8,15817.1,13688.3,0.0,45326.4,0.0,16847.5,46607.5,20266.8,67566.5,106474.7,128652.3,113881.9,148
1327.2,147746.0,29846.0,29244.0,44328.0,44328.0,68555.5,56607.8,15817.1,13688.3,0.0,45326.4,0.0,16847.7,46607.5,20267.0,67566.6,106474.5,128652.3,113881.9,148
1328.2,147746.0,29846.0,29244.0,44328.0,44328.0,68555.5,56607.8,15817.1,13688.3,0.0,45326.4,0.0,16847.5,46607.5,20263.6,67563.2,106477.9,128652.3,113881.9,148
1329.3,147746.0,29846.0,29244.0,44328.0,44328.0,68555.5,56607.8,15817.1,13688.3,0.0,45326.4,0.0,16848.2,46607.8,20259.6,67559.4,106481.9,128652.3,113881.9,148
1330.3,147746.0,29846.0,29244.0,44328.0,44328.0,68555.5,56607.8,15817.1,13688.3,0.0,45326.4,0.0,16847.9,46607.3,20259.0,67558.4,106482.5,128652.3,113881.9,148
1331.3,147746.0,29846.0,29244.0,44328.0,44328.0,68555.5,56607.8,15817.1,13688.3,0.0,45326.4,0.0,16847.9,46607.3,20259.1,67558.5,106482.4,128652.3,113881.9,148
1332.3,147746.0,29846.0,29244.0,44328.0,44328.0,68555.5,56607.8,15817.1,13688.3,0.0,45326.4,0.0,16847.9,46607.3,20258.8,67558.2,106482.7,128652.3,113881.9,148
1333.4,147746.0,29846.0,29244.0,44328.0,44328.0,68555.5,56607.8,15817.1,13688.3,0.0,45326.4,0.0,16848.1,46607.1,20260.4,67559.6,106481.1,128652.3,113881.9,148
1334.4,147746.0,29846.0,29244.0,44328.0,44328.0,68555.5,56607.8,15817.1,13688.3,0.0,45326.4,0.0,16848.4,46607.0,20258.8,67557.9,106482.7,128652.3,113881.9,148
1335.4,147746.0,29846.0,29244.0,44328.0,44328.0,68555.5,56607.8,15817.1,13688.3,0.0,45326.4,0.0,16848.0,46609.6,20270.3,67572.0,106471.2,128652.3,113881.9,148
1336.5,147746.0,29846.0,29244.0,44328.0,44328.0,68555.5,56607.8,15817.1,13688.3,0.0,45326.6,0.0,16848.0,46607.5,20265.3,67564.8,106476.2,128652.3,113882.1,148
1337.5,147746.0,29846.0,29244.0,44328.0,44328.0,68555.5,56607.8,15817.1,13688.3,0.0,45326.6,0.0,16848.0,46607.6,20268.0,67567.8,106473.4,128652.3,113882.1,148
1338.6,147746.0,29846.0,29244.0,44328.0,44328.0,68555.5,56607.8,15817.1,13688.3,0.0,45326.6,0.0,16848.2,46606.9,20268.3,67567.2,106473.2,128652.3,113882.1,148
1339.6,147746.0,29846.0,29244.0,44328.0,44328.0,68555.5,56607.8,15817.1,13688.3,0.0,45326.6,0.0,16848.1,46606.9,20270.6,67569.7,106470.8,128652.3,113882.1,148
1340.6,147746.0,29846.0,29244.0,44328.0,44328.0,68555.5,56607.8,15817.1,13688.3,0.0,45326.6,0.0,16848.2,46606.9,20270.8,67569.8,106470.7,128652.3,113882.1,148
1341.7,147746.0,29846.0,29244.0,44328.0,44328.0,68555.5,56607.8,15817.1,13688.3,0.0,45326.6,0.0,16848.1,46606.9,20270.6,67569.6,106470.9,128652.3,113882.1,148
1342.7,147746.0,29846.0,29244.0,44328.0,44328.0,68555.5,56607.8,15817.1,13688.3,0.0,45326.6,0.0,16848.2,46606.8,20269.8,67568.7,106471.7,128652.3,113882.1,148
1343.7,147746.0,29846.0,29244.0,44328.0,44328.0,68555.5,56607.8,15817.1,13688.3,0.0,45326.6,0.0,16847.7,46606.8,20269.3,67568.3,106472.1,128652.3,113882.1,148
1344.7,147746.0,29846.0,29244.0,44328.0,44328.0,68555.5,56607.8,15817.1,13688.3,0.0,45326.6,0.0,16847.7,46606.8,20269.7,67568.6,106471.8,128652.3,113882.1,148
1345.7,147746.0,29846.0,29244.0,44328.0,44328.0,68555.5,56607.8,15817.1,13688.3,0.0,45326.6,0.0,16847.8,46607.0,20268.3,67567.4,106473.2,128652.3,113882.1,148
1346.8,147746.0,29846.0,29244.0,44328.0,44328.0,68555.5,56607.8,15817.1,13688.3,0.0,45326.6,0.0,16847.7,46607.0,20265.5,67564.6,106476.0,128652.3,113882.1,148
1347.9,147746.0,29846.0,29244.0,44328.0,44328.0,68555.5,56607.8,15817.1,13688.3,0.0,45326.6,0.0,16847.6,46608.0,20260.8,67560.9,106480.7,128652.3,113882.1,148
1348.9,147746.0,29846.0,29244.0,44328.0,44328.0,68555.5,56607.8,15817.1,13688.3,0.0,45326.6,0.0,16847.7,46607.2,20261.4,67560.7,106480.1,128652.3,113882.2,148
1349.9,147746.0,29846.0,29244.0,44328.0,44328.0,68555.5,56607.8,15817.1,13688.3,0.0,45326.7,0.0,16847.7,46607.2,20262.5,67561.8,106479.0,128652.3,113882.2,148
1351.0,147746.0,29846.0,29244.0,44328.0,44328.0,68555.5,56607.8,15817.1,13688.3,0.0,45326.7,0.0,16847.7,46607.2,20261.8,67561.1,106479.7,128652.3,113882.2,148
1352.0,147746.0,29846.0,29244.0,44328.0,44328.0,68555.5,56607.8,15817.1,13688.3,0.0,45326.7,0.0,16847.7,46607.2,20262.1,67561.5,106479.3,128652.3,113882.2,148
1353.1,147746.0,29846.0,29244.0,44328.0,44328.0,68555.5,56607.8,15817.1,13688.3,0.0,45326.8,0.0,16847.7,46607.3,20261.6,67561.1,106479.9,128652.3,113882.3,148
1354.1,147746.0,29846.0,29244.0,44328.0,44328.0,68555.5,56607.8,15817.1,13688.3,0.0,45326.8,0.0,16847.8,46607.8,20262.8,67562.8,106478.7,128652.3,113882.3,148
1355.1,147746.0,29846.0,29244.0,44328.0,44328.0,68555.5,56607.8,15817.1,13688.3,0.0,45326.8,0.0,16847.8,46607.9,20260.6,67560.7,106480.8,128652.3,113882.3,148
1356.2,147746.0,29846.0,29244.0,44328.0,44328.0,68555.5,56607.8,15817.1,13688.3,0.0,45326.8,0.0,16847.8,46607.9,20260.5,67560.5,106481.0,128652.3,113882.3,148
1357.2,147746.0,29846.0,29244.0,44328.0,44328.0,68555.5,56607.8,15817.1,13688.3,0.0,45326.8,0.0,16847.8,46607.9,20259.9,67559.9,106481.6,128652.3,113882.3,148
1358.2,147746.0,29846.0,29244.0,44328.0,44328.0,68555.5,56607.8,15817.1,13688.3,0.0,45326.8,0.0,16847.9,46606.9,20260.8,67559.8,106480.7,128652.3,113882.3,148
1359.2,147746.0,29846.0,29244.0,44328.0,44328.0,68555.5,56607.8,15817.1,13688.3,0.0,45326.8,0.0,16847.8,46607.3,20261.2,67560.6,106480.2,128652.3,113882.3,148
1360.3,147746.0,29846.0,29244.0,44328.0,44328.0,68555.5,56607.8,15817.1,13688.3,0.0,45326.8,0.0,16847.3,46607.3,20266.3,67565.7,106475.2,128652.3,113882.3,148
1361.3,147746.0,29846.0,29244.0,44328.0,44328.0,68555.5,56607.8,15817.1,13688.3,0.0,45326.8,0.0,16847.2,46606.7,20263.6,67562.4,106477.9,128652.3,113882.4,148
1362.3,147746.0,29846.0,29244.0,44328.0,44328.0,68555.5,56607.8,15817.1,13688.3,0.0,45326.8,0.0,16847.1,46606.7,20263.5,67562.3,106478.0,128652.3,113882.4,148
1363.4,147746.0,29846.0,29244.0,44328.0,44328.0,68555.5,56607.8,15817.1,13688.3,0.0,45326.9,0.0,16847.7,46606.7,20263.6,67562.4,106477.9,128652.3,113882.4,148
1364.4,147746.0,29846.0,29244.0,44328.0,44328.0,68555.5,56607.9,15817.1,13688.3,0.0,45326.9,0.0,16847.6,46607.1,20263.9,67563.1,106477.5,128652.3,113882.4,148
1365.5,147746.0,29846.0,29244.0,44328.0,44328.0,68571.9,56624.3,15833.5,13704.7,0.0,45326.9,0.0,16847.4,46607.1,20264.0,67563.2,106477.4,128652.3,113898.8,148
1366.5,147746.0,29846.0,29244.0,44328.0,44328.0,68571.9,56624.3,15833.5,13704.7,0.0,45326.9,0.0,16863.6,46607.0,20284.1,67583.2,106457.3,128652.3,113898.8,148
1367.5,147746.0,29846.0,29244.0,44328.0,44328.0,68571.9,56624.3,15833.5,13704.7,0.0,45326.9,0.0,16863.6,46607.3,20283.4,67582.9,106458.0,128652.3,113898.8,148
1368.6,147746.0,29846.0,29244.0,44328.0,44328.0,68571.9,56624.3,15833.5,13704.7,0.0,45326.9,0.0,16863.6,46607.3,20284.2,67583.7,106457.2,128652.3,113898.8,148
1369.6,147746.0,29846.0,29244.0,44328.0,44328.0,68571.9,56624.3,15833.5,13704.7,0.0,45326.9,0.0,16863.6,46607.3,20284.4,67583.8,106457.1,128652.3,113898.8,148
1370.6,147746.0,29846.0,29244.0,44328.0,44328.0,68571.9,56624.3,15833.5,13704.7,0.0,45326.9,0.0,16863.6,46607.3,20284.9,67584.4,106456.5,128652.3,113898.8,148
1371.6,147746.0,29846.0,29244.0,44328.0,44328.0,68571.9,56624.3,15833.5,13704.7,0.0,45326.9,0.0,16863.7,46607.3,20284.6,67584.0,106456.9,128652.3,113898.8,148
1372.7,147746.0,29846.0,29244.0,44328.0,44328.0,68571.9,56624.3,15833.5,13704.7,0.0,45326.9,0.0,16863.6,46607.3,20283.5,67582.9,106458.0,128652.3,113898.8,148
1373.7,147746.0,29846.0,29244.0,44328.0,44328.0,68571.9,56624.3,15833.5,13704.7,0.0,45327.1,0.0,16864.3,46607.7,20285.1,67584.9,106456.4,128652.3,113899.1,148
1374.7,147746.0,29846.0,29244.0,44328.0,44328.0,68571.9,56624.3,15833.5,13704.7,0.0,45327.1,0.0,16864.3,46607.6,20277.4,67577.1,106464.0,128652.3,113899.1,148
1375.8,147746.0,29846.0,29244.0,44328.0,44328.0,68571.9,56624.3,15833.5,13704.7,0.0,45327.1,0.0,16864.3,46607.6,20276.5,67576.3,106464.9,128652.3,113899.1,148
1376.8,147746.0,29846.0,29244.0,44328.0,44328.0,68571.9,56624.3,15833.5,13704.7,0.0,45327.2,0.0,16864.5,46609.6,20283.0,67584.7,106458.4,128652.3,113899.1,148
1377.8,147746.0,29846.0,29244.0,44328.0,44328.0,68571.9,56624.3,15833.5,13704.7,0.0,45327.2,0.0,16864.5,46607.7,20277.5,67577.3,106464.0,128652.3,113899.1,148
1378.9,147746.0,29846.0,29244.0,44328.0,44328.0,68571.9,56624.3,15833.5,13704.7,0.0,45327.2,0.0,16864.4,46607.5,20276.1,67575.8,106465.3,128652.3,113899.1,148
1379.9,147746.0,29846.0,29244.0,44328.0,44328.0,68571.9,56624.3,15833.5,13704.8,0.0,45327.2,0.0,16864.4,46607.9,20278.0,67578.1,106463.4,128652.3,113899.1,148
1381.0,147746.0,29846.0,29244.0,44328.0,44328.0,68571.9,56624.3,15833.5,13704.8,0.0,45327.2,0.0,16864.4,46608.5,20278.2,67578.8,106463.2,128652.3,113899.1,148
1382.0,147746.0,29846.0,29244.0,44328.0,44328.0,68571.9,56624.3,15833.5,13704.8,0.0,45327.2,0.0,16864.4,46608.5,20278.5,67579.2,106462.9,128652.3,113899.1,148
1383.0,147746.0,29846.0,29244.0,44328.0,44328.0,68571.9,56624.3,15833.5,13704.8,0.0,45327.2,0.0,16864.4,46608.5,20279.4,67580.0,106462.1,128652.3,113899.1,148
1384.1,147746.0,29846.0,29244.0,44328.0,44328.0,68571.9,56624.3,15833.5,13704.8,0.0,45327.2,0.0,16863.6,46608.8,20278.6,67579.6,106462.8,128652.3,113899.1,148
1385.1,147746.0,29846.0,29244.0,44328.0,44328.0,68571.9,56624.3,15833.5,13704.8,0.0,45327.2,0.0,16863.6,46608.0,20278.9,67579.1,106462.5,128652.3,113899.1,148
1386.2,147746.0,29846.0,29244.0,44328.0,44328.0,68571.9,56624.3,15833.5,13704.8,0.0,45327.2,0.0,16863.7,46608.0,20278.7,67578.9,106462.7,128652.3,113899.1,148
1387.2,147746.0,29846.0,29244.0,44328.0,44328.0,68571.9,56624.3,15833.5,13704.8,0.0,45327.2,0.0,16863.6,46608.0,20279.6,67579.8,106461.8,128652.3,113899.1,148
1388.3,147746.0,29846.0,29244.0,44328.0,44328.0,68571.9,56624.3,15833.5,13704.8,0.0,45327.2,0.0,16863.7,46608.0,20277.0,67577.2,106464.5,128652.3,113899.1,148
1389.3,147746.0,29846.0,29244.0,44328.0,44328.0,68571.9,56624.3,15833.5,13704.8,0.0,45327.2,0.0,16863.6,46608.0,20278.5,67578.7,106462.9,128652.3,113899.2,148
1390.4,147746.0,29846.0,29244.0,44328.0,44328.0,68571.9,56624.3,15833.5,13704.8,0.0,45327.2,0.0,16863.6,46609.1,20279.3,67580.6,106462.1,128652.3,113899.2,148
1391.4,147746.0,29846.0,29244.0,44328.0,44328.0,68571.9,56624.3,15833.5,13704.8,0.0,45327.2,0.0,16863.6,46608.1,20278.9,67579.2,106462.5,128652.3,113899.2,148
1392.5,147746.0,29846.0,29244.0,44328.0,44328.0,68571.9,56624.3,15833.5,13704.8,0.0,45327.4,0.0,16863.6,46609.2,20285.9,67587.3,106455.5,128652.3,113899.3,148
1393.5,147746.0,29846.0,29244.0,44328.0,44328.0,68571.9,56624.3,15833.5,13704.8,0.0,45327.4,0.0,16863.7,46608.3,20286.2,67586.7,106455.2,128652.3,113899.3,148
1394.5,147746.0,29846.0,29244.0,44328.0,44328.0,68571.9,56624.3,15833.5,13704.8,0.0,45327.4,0.0,16863.7,46608.3,20285.1,67585.6,106456.3,128652.3,113899.3,148
1395.6,147746.0,29846.0,29244.0,44328.0,44328.0,68571.9,56624.3,15833.5,13704.8,0.0,45327.4,0.0,16863.7,46608.3,20284.5,67585.0,106456.9,128652.3,113899.3,148
1396.6,147746.0,29846.0,29244.0,44328.0,44328.0,68571.9,56624.3,15833.5,13704.8,0.0,45327.4,0.0,16863.7,46608.3,20284.3,67584.9,106457.1,128652.3,113899.3,148
1397.6,147746.0,29846.0,29244.0,44328.0,44328.0,68571.9,56624.3,15833.5,13704.8,0.0,45327.4,0.0,16863.7,46608.3,20284.7,67585.2,106456.7,128652.3,113899.3,148
1398.6,147746.0,29846.0,29244.0,44328.0,44328.0,68571.9,56624.3,15833.5,13704.8,0.0,45327.4,0.0,16863.7,46608.3,20285.1,67585.6,106456.3,128652.3,113899.3,148
1399.7,147746.0,29846.0,29244.0,44328.0,44328.0,68571.9,56624.3,15833.5,13704.8,0.0,45327.4,0.0,16864.0,46608.3,20285.7,67586.2,106455.7,128652.3,113899.3,148
1400.7,147746.0,29846.0,29244.0,44328.0,44328.0,68576.0,56628.3,15837.5,13708.8,0.0,45327.4,0.0,16863.7,46608.9,20291.9,67593.0,106449.5,128652.3,113903.3,148
1401.8,147746.0,29846.0,29244.0,44328.0,44328.0,68576.0,56628.3,15837.5,13708.8,0.0,45327.4,0.0,16867.7,46607.9,20282.5,67582.7,106458.9,128652.3,113903.3,148
1402.8,147746.0,29846.0,29244.0,44328.0,44328.0,68576.0,56628.3,15837.5,13708.8,0.0,45327.4,0.0,16867.9,46607.9,20282.2,67582.3,106459.2,128652.3,113903.3,148
1403.9,147746.0,29846.0,29244.0,44328.0,44328.0,68576.0,56628.3,15837.5,13708.8,0.0,45327.4,0.0,16868.2,46608.7,20280.9,67581.7,106460.5,128652.3,113903.4,148
1404.9,147746.0,29846.0,29244.0,44328.0,44328.0,68576.0,56628.3,15837.5,13708.8,0.0,45327.4,0.0,16868.2,46608.2,20283.3,67583.6,106458.1,128652.3,113903.4,148
1406.0,147746.0,29846.0,29244.0,44328.0,44328.0,68576.0,56628.3,15837.5,13708.8,0.0,45327.4,0.0,16868.4,46608.2,20282.9,67583.3,106458.5,128652.3,113903.4,148
1407.1,147746.0,29846.0,29244.0,44328.0,44328.0,68576.0,56628.3,15837.5,13708.8,0.0,45327.4,0.0,16868.4,46609.0,20407.9,67709.1,106333.5,128652.3,113903.4,148
1408.1,147746.0,29846.0,29244.0,44328.0,44328.0,68576.0,56628.3,15837.5,13708.8,0.0,45327.4,0.0,16868.5,46608.2,20287.4,67587.8,106454.0,128652.3,113903.4,148
1409.2,147746.0,29846.0,29244.0,44328.0,44328.0,68576.0,56628.3,15837.5,13708.8,0.0,45327.6,0.0,16868.4,46608.4,20285.8,67586.4,106455.5,128652.3,113903.5,148
1410.2,147746.0,29846.0,29244.0,44328.0,44328.0,68576.0,56628.3,15837.5,13708.8,0.0,45327.6,0.0,16868.4,46608.4,20285.9,67586.5,106455.5,128652.3,113903.6,148
1411.2,147746.0,29846.0,29244.0,44328.0,44328.0,68576.0,56628.3,15837.5,13708.8,0.0,45327.6,0.0,16868.4,46608.0,20280.2,67580.4,106461.2,128652.3,113903.6,148
1412.3,147746.0,29846.0,29244.0,44328.0,44328.0,68576.0,56628.3,15837.5,13708.8,0.0,45327.6,0.0,16868.4,46608.1,20281.2,67581.5,106460.2,128652.3,113903.6,148
1413.3,147746.0,29846.0,29244.0,44328.0,44328.0,68576.0,56628.3,15837.5,13708.8,0.0,45327.6,0.0,16868.4,46608.0,20286.3,67586.5,106455.1,128652.3,113903.6,148
1414.4,147746.0,29846.0,29244.0,44328.0,44328.0,68576.0,56628.3,15837.5,13708.8,0.0,45327.6,0.0,16868.4,46608.0,20287.8,67588.0,106453.6,128652.3,113903.6,148
1415.4,147746.0,29846.0,29244.0,44328.0,44328.0,68576.0,56628.3,15837.5,13708.8,0.0,45327.6,0.0,16868.9,46608.0,20288.5,67588.7,106452.9,128652.3,113903.6,148
1416.4,147746.0,29846.0,29244.0,44328.0,44328.0,68576.0,56628.3,15837.5,13708.8,0.0,45327.6,0.0,16868.4,46608.0,20286.8,67587.0,106454.6,128652.3,113903.6,148
1417.4,147746.0,29846.0,29244.0,44328.0,44328.0,68576.0,56628.3,15837.5,13708.8,0.0,45327.6,0.0,16868.9,46608.0,20286.0,67586.2,106455.4,128652.3,113903.6,148
1418.5,147746.0,29846.0,29244.0,44328.0,44328.0,68576.0,56628.3,15837.5,13708.8,0.0,45327.6,0.0,16868.9,46608.0,20286.0,67586.2,106455.4,128652.3,113903.6,148
1419.5,147746.0,29846.0,29244.0,44328.0,44328.0,68576.0,56628.3,15837.5,13708.8,0.0,45327.7,0.0,16868.4,46608.0,20287.2,67587.4,106454.2,128652.3,113903.6,148
1420.5,147746.0,29846.0,29244.0,44328.0,44328.0,68576.0,56628.3,15837.5,13708.8,0.0,45327.7,0.0,16868.5,46608.3,20286.1,67586.7,106455.2,128652.3,113903.6,148
1421.6,147746.0,29846.0,29244.0,44328.0,44328.0,68576.0,56628.3,15837.5,13708.8,0.0,45327.7,0.0,16868.4,46608.3,20286.2,67586.7,106455.2,128652.3,113903.6,148
1422.6,147746.0,29846.0,29244.0,44328.0,44328.0,68576.0,56628.3,15837.5,13708.8,0.0,45327.7,0.0,16868.5,46608.3,20283.1,67583.6,106458.3,128652.3,113903.6,148
1423.6,147746.0,29846.0,29244.0,44328.0,44328.0,68576.0,56628.3,15837.5,13708.8,0.0,45327.7,0.0,16868.5,46608.6,20285.8,67586.6,106455.6,128652.3,113903.7,148
1424.7,147746.0,29846.0,29244.0,44328.0,44328.0,68576.0,56628.3,15837.5,13708.8,0.0,45327.7,0.0,16868.5,46608.6,20286.1,67586.9,106455.3,128652.3,113903.7,148
1425.7,147746.0,29846.0,29244.0,44328.0,44328.0,68576.0,56628.3,15837.5,13708.8,0.0,45327.7,0.0,16868.5,46608.6,20285.7,67586.6,106455.7,128652.3,113903.7,148
1426.7,147852.0,29846.0,29350.0,44328.0,44328.0,68576.0,56628.3,15837.5,13708.8,0.0,45327.7,0.0,16868.5,46608.6,20285.0,67585.8,106456.4,128652.3,113903.7,148
1427.8,147852.0,29846.0,29350.0,44328.0,44328.0,68576.0,56628.3,15837.5,13708.8,0.0,45327.7,0.0,16868.6,46608.9,20627.6,67928.7,106113.8,128652.3,113903.7,148
1428.9,147852.0,29846.0,29350.0,44328.0,44328.0,68576.0,56628.3,15837.5,13708.8,0.0,45327.7,0.0,16868.5,46608.5,20285.2,67585.9,106456.2,128652.3,113903.7,148
1429.9,147852.0,29846.0,29350.0,44328.0,44328.0,68576.0,56628.3,15837.5,13708.8,0.0,45327.8,0.0,16868.6,46608.7,20288.5,67589.4,106452.9,128652.3,113903.8,148
1430.9,147852.0,29846.0,29350.0,44328.0,44328.0,68576.0,56628.3,15837.5,13708.8,0.0,45327.8,0.0,16868.6,46609.8,20291.7,67593.7,106449.7,128652.3,113903.8,148
1432.0,147852.0,29846.0,29350.0,44328.0,44328.0,68576.1,56628.4,15837.7,13708.9,0.0,45327.8,0.0,16868.6,46609.4,20291.7,67593.3,106449.7,128652.3,113903.9,148
1433.0,147852.0,29846.0,29350.0,44328.0,44328.0,68576.1,56628.4,15837.7,13708.9,0.0,45327.8,0.0,16868.7,46608.8,20289.6,67590.7,106451.8,128652.3,113903.9,148
1434.0,147852.0,29846.0,29350.0,44328.0,44328.0,68576.1,56628.4,15837.6,13708.9,0.0,45327.8,0.0,16868.7,46608.8,20289.9,67591.0,106451.4,128652.3,113903.9,148
1435.0,147852.0,29846.0,29350.0,44328.0,44328.0,68576.1,56628.4,15837.7,13708.9,0.0,45327.9,0.0,16868.7,46608.9,20289.0,67590.1,106452.4,128652.3,113903.9,148
1436.1,147852.0,29846.0,29350.0,44328.0,44328.0,68576.1,56628.4,15837.7,13708.9,0.0,45327.9,0.0,16868.7,46608.9,20288.6,67589.6,106452.8,128652.3,113903.9,148
1437.1,147852.0,29846.0,29350.0,44328.0,44328.0,68576.1,56628.4,15837.7,13708.9,0.0,45327.9,0.0,16868.7,46608.9,20289.1,67590.2,106452.2,128652.3,113903.9,148
1438.2,147852.0,29846.0,29350.0,44328.0,44328.0,68576.1,56628.4,15837.7,13708.9,0.0,45327.9,0.0,16868.4,46608.8,20288.8,67589.9,106452.6,128652.3,113903.9,148
1439.2,147852.0,29846.0,29350.0,44328.0,44328.0,68576.1,56628.4,15837.7,13708.9,0.0,45327.9,0.0,16868.5,46608.8,20290.2,67591.2,106451.2,128652.3,113903.9,148
1440.3,147852.0,29846.0,29350.0,44328.0,44328.0,68576.1,56628.4,15837.7,13708.9,0.0,45327.9,0.0,16868.5,46608.8,20290.1,67591.2,106451.3,128652.3,113903.9,148
1441.3,147852.0,29846.0,29350.0,44328.0,44328.0,68576.1,56628.4,15837.7,13708.9,0.0,45327.9,0.0,16868.5,46608.7,20291.3,67592.2,106450.1,128652.3,113903.9,148
1442.4,147852.0,29846.0,29350.0,44328.0,44328.0,68576.1,56628.4,15837.7,13708.9,0.0,45327.9,0.0,16868.5,46608.7,20286.3,67587.3,106455.0,128652.3,113903.9,148
1443.4,147852.0,29846.0,29350.0,44328.0,44328.0,68576.1,56628.4,15837.7,13708.9,0.0,45327.9,0.0,16868.5,46608.7,20286.5,67587.4,106454.9,128652.3,113904.0,148
1444.4,147852.0,29846.0,29350.0,44328.0,44328.0,68576.1,56628.4,15837.7,13708.9,0.0,45327.9,0.0,16869.0,46608.7,20288.1,67589.0,106453.3,128652.3,113904.0,148
1445.5,147852.0,29846.0,29350.0,44328.0,44328.0,68602.8,56655.1,15864.4,13735.6,0.0,45328.0,0.0,16868.6,46608.8,20289.2,67590.3,106452.2,128652.3,113930.8,148
1446.5,147852.0,29846.0,29350.0,44328.0,44328.0,68602.8,56655.2,15864.4,13735.6,0.0,45328.0,0.0,16895.8,46608.7,20321.2,67622.2,106420.1,128652.3,113930.8,148
1447.5,147852.0,29846.0,29350.0,44328.0,44328.0,68602.8,56655.2,15864.4,13735.6,0.0,45328.0,0.0,16895.3,46608.8,20320.1,67621.1,106421.2,128652.3,113930.9,148
1448.5,147852.0,29846.0,29350.0,44328.0,44328.0,68602.8,56655.2,15864.4,13735.6,0.0,45328.1,0.0,16895.4,46608.8,20321.4,67622.4,106420.0,128652.3,113930.9,148
1449.5,147852.0,29846.0,29350.0,44328.0,44328.0,68602.8,56655.2,15864.4,13735.6,0.0,45328.1,0.0,16895.4,46608.8,20321.4,67622.5,106419.9,128652.3,113930.9,148
1450.6,147852.0,29846.0,29350.0,44328.0,44328.0,68602.8,56655.2,15864.4,13735.6,0.0,45328.1,0.0,16895.4,46608.8,20318.3,67619.3,106423.1,128652.3,113930.9,148
1451.6,147852.0,29846.0,29350.0,44328.0,44328.0,68602.8,56655.2,15864.4,13735.6,0.0,45328.1,0.0,16895.4,46608.8,20324.7,67625.8,106416.7,128652.3,113930.9,148
1452.6,147852.0,29846.0,29350.0,44328.0,44328.0,68602.8,56655.2,15864.4,13735.6,0.0,45328.1,0.0,16895.5,46608.8,20324.7,67625.7,106416.7,128652.3,113930.9,148
1453.6,147852.0,29846.0,29350.0,44328.0,44328.0,68602.8,56655.2,15864.4,13735.6,0.0,45328.1,0.0,16895.5,46608.8,20325.2,67626.3,106416.1,128652.3,113930.9,148
1454.6,147852.0,29846.0,29350.0,44328.0,44328.0,68602.8,56655.2,15864.4,13735.6,0.0,45328.1,0.0,16895.4,46609.1,20326.6,67627.9,106414.8,128652.3,113930.9,148
1455.7,147852.0,29846.0,29350.0,44328.0,44328.0,68602.8,56655.2,15864.4,13735.6,0.0,45328.1,0.0,16895.5,46608.5,20325.4,67626.2,106415.9,128652.3,113930.9,148
1456.7,147852.0,29846.0,29350.0,44328.0,44328.0,68602.8,56655.2,15864.4,13735.6,0.0,45328.1,0.0,16895.4,46608.5,20323.8,67624.6,106417.5,128652.3,113930.9,148
1457.7,147852.0,29846.0,29350.0,44328.0,44328.0,68602.8,56655.2,15864.4,13735.6,0.0,45328.1,0.0,16895.4,46608.5,20327.9,67628.7,106413.4,128652.3,113930.9,148
1458.7,147852.0,29846.0,29350.0,44328.0,44328.0,68602.8,56655.2,15864.4,13735.6,0.0,45328.1,0.0,16895.4,46608.8,20329.5,67630.6,106411.9,128652.3,113930.9,148
1459.7,147852.0,29846.0,29350.0,44328.0,44328.0,68602.8,56655.2,15864.4,13735.6,0.0,45328.1,0.0,16895.4,46608.9,20329.5,67630.6,106411.8,128652.3,113930.9,148
1460.7,147852.0,29846.0,29350.0,44328.0,44328.0,68602.8,56655.2,15864.4,13735.6,0.0,45328.1,0.0,16895.4,46608.9,20328.9,67630.1,106412.4,128652.3,113930.9,148
1461.7,147852.0,29846.0,29350.0,44328.0,44328.0,68602.8,56655.2,15864.4,13735.6,0.0,45328.1,0.0,16895.4,46608.9,20329.3,67630.4,106412.1,128652.3,113930.9,148
1462.7,147852.0,29846.0,29350.0,44328.0,44328.0,68602.8,56655.2,15864.4,13735.6,0.0,45328.1,0.0,16895.4,46608.9,20328.4,67629.5,106412.9,128652.3,113930.9,148
1463.7,147852.0,29846.0,29350.0,44328.0,44328.0,68602.8,56655.2,15864.4,13735.6,0.0,45328.1,0.0,16895.4,46608.9,20327.8,67628.9,106413.6,128652.3,113930.9,148
1464.7,147852.0,29846.0,29350.0,44328.0,44328.0,68602.8,56655.2,15864.4,13735.6,0.0,45328.1,0.0,16895.4,46608.8,20327.8,67628.9,106413.5,128652.3,113930.9,148
1465.8,147852.0,29846.0,29350.0,44328.0,44328.0,68602.8,56655.2,15864.4,13735.6,0.0,45328.1,0.0,16895.7,46609.5,20330.6,67632.3,106410.8,128652.3,113930.9,148
1466.8,147852.0,29846.0,29350.0,44328.0,44328.0,68602.8,56655.2,15864.4,13735.6,0.0,45328.1,0.0,16895.7,46609.0,20327.8,67629.0,106413.6,128652.3,113931.0,148
1467.8,147852.0,29846.0,29350.0,44328.0,44328.0,68602.8,56655.2,15864.4,13735.6,0.0,45328.3,0.0,16895.7,46609.1,20328.4,67629.8,106412.9,128652.3,113931.1,148
1468.8,147852.0,29846.0,29350.0,44328.0,44328.0,68602.8,56655.2,15864.4,13735.6,0.0,45328.3,0.0,16895.7,46609.9,20327.8,67629.9,106413.5,128652.3,113931.1,148
1469.9,147852.0,29846.0,29350.0,44328.0,44328.0,68602.8,56655.2,15864.4,13735.7,0.0,45328.3,0.0,16895.7,46609.9,20329.1,67631.2,106412.3,128652.3,113931.1,148
1471.0,147852.0,29846.0,29350.0,44328.0,44328.0,68602.8,56655.2,15864.4,13735.7,0.0,45328.3,0.0,16895.7,46608.9,20326.6,67627.8,106414.7,128652.3,113931.1,148
1472.1,147852.0,29846.0,29350.0,44328.0,44328.0,68602.8,56655.2,15864.4,13735.7,0.0,45328.3,0.0,16895.7,46608.9,20326.5,67627.7,106414.8,128652.3,113931.1,148
1473.1,147852.0,29846.0,29350.0,44328.0,44328.0,68602.8,56655.2,15864.4,13735.7,0.0,45328.3,0.0,16895.9,46608.9,20323.9,67625.1,106417.4,128652.3,113931.1,148
1474.2,147852.0,29846.0,29350.0,44328.0,44328.0,68602.8,56655.2,15864.4,13735.7,0.0,45328.3,0.0,16895.7,46608.9,20324.3,67625.4,106417.0,128652.3,113931.1,148
1475.2,147852.0,29846.0,29350.0,44328.0,44328.0,68602.8,56655.2,15864.4,13735.7,0.0,45328.3,0.0,16896.0,46609.5,20320.7,67622.5,106420.6,128652.3,113931.1,148
1476.2,147852.0,29846.0,29350.0,44328.0,44328.0,68602.8,56655.2,15864.4,13735.7,0.0,45328.3,0.0,16895.8,46609.5,20321.0,67622.8,106420.3,128652.3,113931.1,148
1477.3,147852.0,29846.0,29350.0,44328.0,44328.0,68602.8,56655.2,15864.4,13735.7,0.0,45328.3,0.0,16895.7,46609.5,20319.9,67621.6,106421.4,128652.3,113931.1,148
1478.3,147852.0,29846.0,29350.0,44328.0,44328.0,68602.8,56655.2,15864.4,13735.7,0.0,45328.3,0.0,16895.7,46610.0,20320.5,67622.8,106420.8,128652.3,113931.1,148
1479.3,147852.0,29846.0,29350.0,44328.0,44328.0,68602.9,56655.2,15864.4,13735.7,0.0,45328.3,0.0,16896.0,46609.4,20323.7,67625.4,106417.6,128652.3,113931.1,148
1480.3,147852.0,29846.0,29350.0,44328.0,44328.0,68602.9,56655.2,15864.4,13735.7,0.0,45328.3,0.0,16895.8,46609.4,20324.8,67626.4,106416.5,128652.3,113931.1,148
1481.3,147852.0,29846.0,29350.0,44328.0,44328.0,68602.9,56655.2,15864.4,13735.7,0.0,45328.3,0.0,16895.8,46609.4,20325.4,67627.1,106415.9,128652.3,113931.2,148
1482.3,147852.0,29846.0,29350.0,44328.0,44328.0,68602.9,56655.2,15864.4,13735.7,0.0,45328.4,0.0,16895.8,46609.5,20325.7,67627.4,106415.6,128652.3,113931.3,148
1483.3,147852.0,29846.0,29350.0,44328.0,44328.0,68602.9,56655.2,15864.4,13735.7,0.0,45328.5,0.0,16895.8,46611.0,20324.8,67628.1,106416.5,128652.3,113931.3,148
1484.3,147852.0,29846.0,29350.0,44328.0,44328.0,68602.9,56655.2,15864.4,13735.7,0.0,45328.5,0.0,16895.8,46609.3,20321.7,67623.3,106419.6,128652.3,113931.3,148
1485.3,147852.0,29846.0,29350.0,44328.0,44328.0,68602.9,56655.2,15864.4,13735.7,0.0,45328.5,0.0,16895.8,46609.3,20322.8,67624.4,106418.5,128652.3,113931.3,148
1486.3,147852.0,29846.0,29350.0,44328.0,44328.0,68602.9,56655.2,15864.4,13735.7,0.0,45328.5,0.0,16895.8,46610.2,20322.7,67625.1,106418.6,128652.3,113931.3,148
1487.3,147852.0,29846.0,29350.0,44328.0,44328.0,68602.9,56655.2,15864.4,13735.7,0.0,45328.5,0.0,16895.8,46610.1,20321.9,67624.3,106419.4,128652.3,113931.3,148
1488.3,147852.0,29846.0,29350.0,44328.0,44328.0,68602.9,56655.2,15864.4,13735.7,0.0,45328.5,0.0,16896.0,46610.1,20322.2,67624.6,106419.1,128652.3,113931.3,148
1489.4,147852.0,29846.0,29350.0,44328.0,44328.0,68602.9,56655.2,15864.4,13735.7,0.0,45328.5,0.0,16895.8,46610.1,20323.6,67625.9,106417.8,128652.3,113931.3,148
1490.4,147852.0,29846.0,29350.0,44328.0,44328.0,68602.9,56655.2,15864.4,13735.7,0.0,45328.5,0.0,16895.9,46609.5,20323.8,67625.6,106417.5,128652.3,113931.3,148
1491.4,147852.0,29846.0,29350.0,44328.0,44328.0,68602.9,56655.2,15864.4,13735.7,0.0,45328.5,0.0,16895.9,46608.5,20323.3,67624.1,106418.0,128652.3,113931.3,148
1492.4,147852.0,29846.0,29350.0,44328.0,44328.0,68602.9,56655.2,15864.4,13735.7,0.0,45328.5,0.0,16895.9,46608.4,20323.3,67624.0,106418.0,128652.3,113931.3,148
1493.4,147852.0,29846.0,29350.0,44328.0,44328.0,68602.9,56655.2,15864.4,13735.7,0.0,45328.5,0.0,16896.4,46608.4,20324.0,67624.7,106417.3,128652.3,113931.3,148
1494.4,147852.0,29846.0,29350.0,44328.0,44328.0,68602.9,56655.2,15864.4,13735.7,0.0,45328.5,0.0,16896.4,46608.4,20325.1,67625.8,106416.2,128652.3,113931.4,148
1495.4,147852.0,29846.0,29350.0,44328.0,44328.0,68602.9,56655.2,15864.4,13735.7,0.0,45328.5,0.0,16896.0,46608.4,20325.1,67625.8,106416.2,128652.3,113931.4,148
1496.4,147852.0,29846.0,29350.0,44328.0,44328.0,68602.9,56655.2,15864.4,13735.7,0.0,45328.5,0.0,16896.0,46608.4,20325.3,67626.0,106416.0,128652.3,113931.4,148
1497.5,147852.0,29846.0,29350.0,44328.0,44328.0,68602.9,56655.2,15864.4,13735.7,0.0,45328.5,0.0,16896.5,46608.6,20323.0,67624.0,106418.3,128652.3,113931.4,148
1498.5,147852.0,29846.0,29350.0,44328.0,44328.0,68602.9,56655.2,15864.4,13735.7,0.0,45328.5,0.0,16896.0,46609.5,20328.2,67630.1,106413.1,128652.3,113931.4,148
1499.5,147852.0,29846.0,29350.0,44328.0,44328.0,68602.9,56655.2,15864.5,13735.7,0.0,45328.5,0.0,16896.1,46608.3,20322.0,67622.6,106419.3,128652.3,113931.4,148
1500.5,147852.0,29846.0,29350.0,44328.0,44328.0,68602.9,56655.2,15864.5,13735.7,0.0,45328.5,0.0,16896.1,46608.3,20322.2,67622.7,106419.1,128652.3,113931.4,148
1501.5,147852.0,29846.0,29350.0,44328.0,44328.0,68602.9,56655.2,15864.5,13735.7,0.0,45328.5,0.0,16896.1,46608.3,20322.0,67622.6,106419.2,128652.3,113931.4,148
1502.6,147852.0,29846.0,29350.0,44328.0,44328.0,68602.9,56655.2,15864.5,13735.7,0.0,45328.5,0.0,16896.1,46608.7,20318.7,67619.8,106422.6,128652.3,113931.4,148
1503.6,147852.0,29846.0,29350.0,44328.0,44328.0,68602.9,56655.2,15864.5,13735.7,0.0,45328.5,0.0,16896.2,46608.8,20318.6,67619.6,106422.7,128652.3,113931.4,148
1504.6,147852.0,29846.0,29350.0,44328.0,44328.0,68602.9,56655.2,15864.5,13735.7,0.0,45328.5,0.0,16896.2,46608.8,20320.9,67621.9,106420.4,128652.3,113931.4,148
1505.6,147852.0,29846.0,29350.0,44328.0,44328.0,68602.9,56655.2,15864.5,13735.7,0.0,45328.7,0.0,16896.2,46608.9,20320.3,67621.5,106420.9,128652.3,113931.6,148
1506.6,147852.0,29846.0,29350.0,44328.0,44328.0,68602.9,56655.2,15864.5,13735.7,0.0,45328.7,0.0,16896.2,46608.9,20320.0,67621.2,106421.3,128652.3,113931.6,148
1507.6,147852.0,29846.0,29350.0,44328.0,44328.0,68602.9,56655.2,15864.5,13735.7,0.0,45328.7,0.0,16896.3,46608.9,20320.6,67621.8,106420.7,128652.3,113931.6,148
1508.6,147852.0,29846.0,29350.0,44328.0,44328.0,68602.9,56655.2,15864.5,13735.7,0.0,45328.7,0.0,16896.4,46608.9,20320.0,67621.2,106421.3,128652.3,113931.6,148
1509.6,147852.0,29846.0,29350.0,44328.0,44328.0,68603.7,56656.1,15865.3,13736.6,0.0,45328.7,0.0,16897.3,46609.3,20326.2,67627.8,106415.1,128652.3,113932.4,148
1510.7,147852.0,29846.0,29350.0,44328.0,44328.0,68603.7,56656.1,15865.3,13736.6,0.0,45328.7,0.0,16897.3,46609.3,20326.2,67627.8,106415.1,128652.3,113932.4,148
1511.8,147852.0,29846.0,29350.0,44328.0,44328.0,68603.7,56656.1,15865.3,13736.6,0.0,45328.7,0.0,16897.3,46609.3,20326.3,67627.9,106415.0,128652.3,113932.4,148
1512.9,147852.0,29846.0,29350.0,44328.0,44328.0,68603.7,56656.1,15865.3,13736.6,0.0,45328.7,0.0,16897.2,46608.9,20324.1,67625.4,106417.2,128652.3,113932.4,148
1513.9,147852.0,29846.0,29350.0,44328.0,44328.0,68603.7,56656.1,15865.3,13736.6,0.0,45328.7,0.0,16898.2,46608.7,20325.4,67626.4,106415.9,128652.3,113932.4,148
1515.0,147852.0,29846.0,29350.0,44328.0,44328.0,68603.7,56656.1,15865.3,13736.6,0.0,45328.7,0.0,16898.2,46608.7,20327.7,67628.6,106413.6,128652.3,113932.4,148
1516.0,147852.0,29846.0,29350.0,44328.0,44328.0,68603.7,56656.1,15865.3,13736.6,0.0,45328.7,0.0,16898.3,46608.7,20327.9,67628.9,106413.4,128652.3,113932.4,148
1517.0,147852.0,29846.0,29350.0,44328.0,44328.0,68603.7,56656.1,15865.3,13736.6,0.0,45328.7,0.0,16898.3,46608.7,20327.8,67628.8,106413.4,128652.3,113932.4,148
1518.1,147852.0,29846.0,29350.0,44328.0,44328.0,68603.7,56656.1,15865.3,13736.6,0.0,45328.7,0.0,16898.2,46609.2,20329.7,67631.3,106411.6,128652.3,113932.4,148
1519.1,147852.0,29846.0,29350.0,44328.0,44328.0,68603.7,56656.1,15865.3,13736.6,0.0,45328.7,0.0,16898.3,46609.4,20328.6,67630.4,106412.6,128652.3,113932.4,148
1520.2,147852.0,29846.0,29350.0,44328.0,44328.0,68603.7,56656.1,15865.3,13736.6,0.0,45328.7,0.0,16898.8,46611.5,20343.1,67646.9,106398.2,128652.3,113932.4,148
1521.3,147852.0,29846.0,29350.0,44328.0,44328.0,68603.7,56656.1,15865.3,13736.6,0.0,45328.8,0.0,16898.4,46610.4,20331.6,67634.3,106409.7,128652.3,113932.5,148
1522.3,147852.0,29846.0,29350.0,44328.0,44328.0,68603.7,56656.1,15865.3,13736.6,0.0,45328.9,0.0,16898.9,46610.4,20331.8,67634.6,106409.5,128652.3,113932.6,148
1523.3,147852.0,29846.0,29350.0,44328.0,44328.0,68603.7,56656.1,15865.3,13736.6,0.0,45328.9,0.0,16898.5,46610.4,20332.2,67635.0,106409.1,128652.3,113932.6,148
1524.4,147852.0,29846.0,29350.0,44328.0,44328.0,68603.7,56656.1,15865.3,13736.6,0.0,45328.9,0.0,16898.1,46610.5,20332.0,67634.8,106409.3,128652.3,113932.6,148
1525.4,147852.0,29846.0,29350.0,44328.0,44328.0,68603.7,56656.1,15865.3,13736.6,0.0,45328.9,0.0,16898.4,46611.7,20331.5,67635.6,106409.7,128652.3,113932.6,148
1526.4,147852.0,29846.0,29350.0,44328.0,44328.0,68603.7,56656.1,15865.3,13736.6,0.0,45328.9,0.0,16899.1,46609.7,20325.7,67627.7,106415.6,128652.3,113932.6,148
1527.4,147852.0,29846.0,29350.0,44328.0,44328.0,68603.7,56656.1,15865.3,13736.6,0.0,45328.9,0.0,16898.8,46609.7,20323.8,67625.8,106417.4,128652.3,113932.6,148
1528.4,147852.0,29846.0,29350.0,44328.0,44328.0,68603.7,56656.1,15865.3,13736.6,0.0,45328.9,0.0,16899.1,46609.3,20322.4,67624.1,106418.8,128652.3,113932.6,148
1529.5,147852.0,29846.0,29350.0,44328.0,44328.0,68603.8,56656.1,15865.4,13736.6,0.0,45328.9,0.0,16898.7,46608.7,20341.1,67642.2,106400.1,128652.3,113932.7,148
1530.6,147852.0,29846.0,29350.0,44328.0,44328.0,68603.8,56656.1,15865.4,13736.6,0.0,45328.9,0.0,16898.7,46608.7,20338.4,67639.5,106402.8,128652.3,113932.7,148
1531.6,147852.0,29846.0,29350.0,44328.0,44328.0,68603.8,56656.1,15865.4,13736.6,0.0,45328.9,0.0,16898.7,46608.7,20338.3,67639.3,106403.0,128652.3,113932.7,148
1532.6,147852.0,29846.0,29350.0,44328.0,44328.0,68603.8,56656.1,15865.4,13736.6,0.0,45328.9,0.0,16898.7,46608.7,20335.4,67636.5,106405.8,128652.3,113932.7,148
1533.6,147852.0,29846.0,29350.0,44328.0,44328.0,68603.8,56656.1,15865.4,13736.6,0.0,45328.9,0.0,16898.7,46608.7,20335.8,67636.8,106405.5,128652.3,113932.7,148
1534.6,147852.0,29846.0,29350.0,44328.0,44328.0,68603.8,56656.2,15865.4,13736.6,0.0,45328.9,0.0,16898.8,46608.7,20334.6,67635.6,106406.7,128652.3,113932.7,148
1535.6,147852.0,29846.0,29350.0,44328.0,44328.0,68603.8,56656.2,15865.4,13736.6,0.0,45328.9,0.0,16898.8,46608.7,20334.7,67635.7,106406.6,128652.3,113932.7,148
1536.6,147852.0,29846.0,29350.0,44328.0,44328.0,68603.8,56656.2,15865.4,13736.6,0.0,45328.9,0.0,16898.8,46608.7,20333.9,67635.0,106407.3,128652.3,113932.7,148
1537.6,147852.0,29846.0,29350.0,44328.0,44328.0,68603.8,56656.2,15865.4,13736.6,0.0,45328.9,0.0,16898.8,46608.7,20333.5,67634.6,106407.7,128652.3,113932.7,148
1538.6,147852.0,29846.0,29350.0,44328.0,44328.0,68603.8,56656.2,15865.4,13736.6,0.0,45328.9,0.0,16898.8,46608.7,20333.6,67634.7,106407.6,128652.3,113932.7,148
1539.7,147852.0,29846.0,29350.0,44328.0,44328.0,68603.8,56656.2,15865.4,13736.6,0.0,45328.9,0.0,16898.8,46608.0,20336.9,67637.3,106404.3,128652.3,113932.8,148
1540.7,147852.0,29846.0,29350.0,44328.0,44328.0,68603.8,56656.2,15865.4,13736.6,0.0,45328.9,0.0,16898.8,46608.0,20335.3,67635.7,106405.9,128652.3,113932.8,148
1541.8,147852.0,29846.0,29350.0,44328.0,44328.0,68603.8,56656.2,15865.4,13736.6,0.0,45328.9,0.0,16898.8,46608.7,20332.2,67633.3,106409.0,128652.3,113932.8,148
1542.8,147852.0,29846.0,29350.0,44328.0,44328.0,68603.8,56656.2,15865.4,13736.6,0.0,45329.1,0.0,16898.7,46608.9,20331.6,67632.8,106409.7,128652.3,113932.9,148
1543.8,147852.0,29846.0,29350.0,44328.0,44328.0,68603.8,56656.2,15865.4,13736.6,0.0,45329.1,0.0,16898.8,46608.9,20331.9,67633.2,106409.3,128652.3,113932.9,148
1544.9,147852.0,29846.0,29350.0,44328.0,44328.0,68603.8,56656.2,15865.4,13736.6,0.0,45329.1,0.0,16898.8,46609.6,20331.9,67633.9,106409.3,128652.3,113932.9,148
1545.9,147852.0,29846.0,29350.0,44328.0,44328.0,68603.8,56656.2,15865.4,13736.6,0.0,45329.1,0.0,16898.8,46609.5,20329.1,67630.9,106412.2,128652.3,113932.9,148
1546.9,147852.0,29846.0,29350.0,44328.0,44328.0,68603.8,56656.2,15865.4,13736.6,0.0,45329.1,0.0,16898.8,46609.5,20327.6,67629.4,106413.7,128652.3,113932.9,148
1547.9,147852.0,29846.0,29350.0,44328.0,44328.0,68603.8,56656.2,15865.4,13736.6,0.0,45329.1,0.0,16898.9,46609.5,20328.8,67630.7,106412.5,128652.3,113932.9,148
1548.9,147852.0,29846.0,29350.0,44328.0,44328.0,68603.8,56656.2,15865.4,13736.6,0.0,45329.1,0.0,16899.0,46609.5,20329.1,67631.0,106412.1,128652.3,113932.9,148
1549.9,147852.0,29846.0,29350.0,44328.0,44328.0,68603.8,56656.2,15865.4,13736.6,0.0,45329.1,0.0,16898.9,46609.1,20326.9,67628.4,106414.3,128652.3,113932.9,148
1550.9,147852.0,29846.0,29350.0,44328.0,44328.0,68603.8,56656.2,15865.4,13736.6,0.0,45329.1,0.0,16898.9,46609.3,20326.8,67628.5,106414.4,128652.3,113932.9,148
1551.9,147852.0,29846.0,29350.0,44328.0,44328.0,68603.8,56656.2,15865.4,13736.6,0.0,45329.1,0.0,16898.9,46609.3,20326.9,67628.6,106414.3,128652.3,113932.9,148
1552.9,147852.0,29846.0,29350.0,44328.0,44328.0,68603.8,56656.2,15865.4,13736.6,0.0,45329.1,0.0,16898.9,46609.1,20330.9,67632.4,106410.3,128652.3,113932.9,148
1553.9,147852.0,29846.0,29350.0,44328.0,44328.0,68603.8,56656.2,15865.4,13736.6,0.0,45329.1,0.0,16899.1,46609.1,20323.3,67624.8,106417.9,128652.3,113932.9,148
1554.9,147852.0,29846.0,29350.0,44328.0,44328.0,68603.8,56656.2,15865.4,13736.6,0.0,45329.1,0.0,16898.9,46609.1,20324.7,67626.1,106416.6,128652.3,113932.9,148
1555.9,147852.0,29846.0,29350.0,44328.0,44328.0,68603.8,56656.2,15865.4,13736.6,0.0,45329.1,0.0,16898.9,46609.1,20324.3,67625.8,106416.9,128652.3,113932.9,148
1556.9,147852.0,29846.0,29350.0,44328.0,44328.0,68603.8,56656.2,15865.4,13736.6,0.0,45329.1,0.0,16898.9,46609.0,20327.6,67628.9,106413.7,128652.3,113932.9,148
1557.9,147852.0,29846.0,29350.0,44328.0,44328.0,68603.8,56656.2,15865.4,13736.6,0.0,45329.1,0.0,16899.0,46609.8,20328.1,67630.2,106413.2,128652.3,113933.0,148
1558.9,147852.0,29846.0,29350.0,44328.0,44328.0,68603.8,56656.2,15865.4,13736.6,0.0,45329.1,0.0,16899.0,46609.6,20328.3,67630.3,106412.9,128652.3,113933.0,148
1560.0,147852.0,29846.0,29350.0,44328.0,44328.0,68603.8,56656.2,15865.4,13736.6,0.0,45329.1,0.0,16899.0,46609.6,20332.9,67634.8,106408.3,128652.3,113933.0,148
1561.0,147852.0,29846.0,29350.0,44328.0,44328.0,68603.8,56656.2,15865.4,13736.6,0.0,45329.3,0.0,16899.1,46609.7,20328.6,67630.7,106412.6,128652.3,113933.1,148
1562.0,147852.0,29846.0,29350.0,44328.0,44328.0,68603.8,56656.2,15865.4,13736.6,0.0,45329.3,0.0,16899.1,46609.6,20336.2,67638.2,106405.0,128652.3,113933.1,148
1563.0,147852.0,29846.0,29350.0,44328.0,44328.0,68603.8,56656.2,15865.4,13736.6,0.0,45329.3,0.0,16898.8,46609.8,20331.0,67633.2,106410.2,128652.3,113933.1,148
1564.0,147852.0,29846.0,29350.0,44328.0,44328.0,68603.8,56656.2,15865.4,13736.6,0.0,45329.3,0.0,16898.9,46610.1,20333.2,67635.7,106408.0,128652.3,113933.1,148
1565.0,147852.0,29846.0,29350.0,44328.0,44328.0,68603.8,56656.2,15865.4,13736.6,0.0,45329.3,0.0,16898.9,46610.1,20334.8,67637.3,106406.4,128652.3,113933.1,148
1566.0,147852.0,29846.0,29350.0,44328.0,44328.0,68603.8,56656.2,15865.4,13736.6,0.0,45329.3,0.0,16898.9,46609.6,20333.4,67635.4,106407.8,128652.3,113933.1,148
1567.1,147852.0,29846.0,29350.0,44328.0,44328.0,68603.8,56656.2,15865.4,13736.6,0.0,45329.3,0.0,16898.9,46610.6,20338.5,67641.5,106402.7,128652.3,113933.1,148
1568.1,147852.0,29846.0,29350.0,44328.0,44328.0,68603.8,56656.2,15865.4,13736.6,0.0,45329.3,0.0,16899.0,46610.2,20337.0,67639.6,106404.2,128652.3,113933.1,148
1569.1,147852.0,29846.0,29350.0,44328.0,44328.0,68603.8,56656.2,15865.4,13736.6,0.0,45329.3,0.0,16898.9,46609.7,20335.6,67637.7,106405.6,128652.3,113933.1,148
1570.1,147852.0,29846.0,29350.0,44328.0,44328.0,68603.9,56656.2,15865.4,13736.7,0.0,45329.3,0.0,16899.0,46609.7,20335.2,67637.3,106406.0,128652.3,113933.1,148
1571.1,147852.0,29846.0,29350.0,44328.0,44328.0,68603.9,56656.2,15865.4,13736.7,0.0,45329.3,0.0,16899.0,46609.7,20335.5,67637.6,106405.7,128652.3,113933.2,148
1572.1,147852.0,29846.0,29350.0,44328.0,44328.0,68603.9,56656.2,15865.4,13736.7,0.0,45329.3,0.0,16899.0,46609.7,20335.8,67638.0,106405.4,128652.3,113933.2,148
1573.2,147852.0,29846.0,29350.0,44328.0,44328.0,68603.9,56656.2,15865.4,13736.7,0.0,45329.3,0.0,16899.1,46610.5,20332.8,67635.7,106408.4,128652.3,113933.2,148
1574.2,147852.0,29846.0,29350.0,44328.0,44328.0,68603.9,56656.2,15865.4,13736.7,0.0,45329.3,0.0,16899.3,46609.9,20336.2,67638.5,106405.0,128652.3,113933.2,148
1575.2,147852.0,29846.0,29350.0,44328.0,44328.0,68603.9,56656.2,15865.4,13736.7,0.0,45329.3,0.0,16899.1,46610.0,20338.3,67640.7,106402.9,128652.3,113933.2,148
1576.2,147852.0,29846.0,29350.0,44328.0,44328.0,68603.9,56656.2,15865.4,13736.7,0.0,45329.3,0.0,16899.1,46610.0,20332.4,67634.8,106408.8,128652.3,113933.2,148
1577.2,147852.0,29846.0,29350.0,44328.0,44328.0,68603.9,56656.2,15865.4,13736.7,0.0,45329.3,0.0,16899.1,46609.8,20341.6,67643.7,106399.6,128652.3,113933.2,148
1578.2,147852.0,29846.0,29350.0,44328.0,44328.0,68603.9,56656.2,15865.4,13736.7,0.0,45329.3,0.0,16899.0,46609.4,20340.2,67641.9,106401.0,128652.3,113933.2,148
1579.2,147852.0,29846.0,29350.0,44328.0,44328.0,68603.9,56656.2,15865.4,13736.7,0.0,45329.5,0.0,16899.1,46609.5,20337.4,67639.3,106403.8,128652.3,113933.3,148
1580.3,147852.0,29846.0,29350.0,44328.0,44328.0,68603.9,56656.2,15865.4,13736.7,0.0,45329.6,0.0,16899.1,46610.4,20337.4,67640.2,106403.8,128652.3,113933.4,148
1581.3,147852.0,29846.0,29350.0,44328.0,44328.0,68603.9,56656.2,15865.4,13736.7,0.0,45329.6,0.0,16899.1,46609.7,20337.2,67639.3,106404.0,128652.3,113933.4,148
1582.3,147852.0,29846.0,29350.0,44328.0,44328.0,68603.9,56656.2,15865.4,13736.7,0.0,45329.6,0.0,16899.1,46609.8,20336.7,67638.9,106404.5,128652.3,113933.4,148
1583.4,147852.0,29846.0,29350.0,44328.0,44328.0,68603.9,56656.2,15865.4,13736.7,0.0,45329.6,0.0,16899.6,46612.8,20347.6,67652.8,106393.6,128652.3,113933.4,148
1584.4,147852.0,29846.0,29350.0,44328.0,44328.0,68556.2,56608.5,15817.8,13689.0,0.0,45329.6,0.0,16851.8,46610.6,20289.6,67592.6,106451.6,128652.3,113885.8,148
1585.5,147852.0,29846.0,29350.0,44328.0,44328.0,68556.2,56608.5,15817.8,13689.0,0.0,45329.6,0.0,16851.7,46610.6,20291.2,67594.1,106450.0,128652.3,113885.8,148
1586.5,147852.0,29846.0,29350.0,44328.0,44328.0,68556.2,56608.5,15817.8,13689.0,0.0,45329.6,0.0,16851.6,46610.6,20291.0,67594.0,106450.2,128652.3,113885.8,148
1587.6,147852.0,29846.0,29350.0,44328.0,44328.0,68556.2,56608.5,15817.8,13689.0,0.0,45329.6,0.0,16851.8,46610.6,20291.9,67594.9,106449.2,128652.3,113885.8,148
1588.6,147852.0,29846.0,29350.0,44328.0,44328.0,68556.2,56608.5,15817.8,13689.0,0.0,45329.6,0.0,16851.7,46610.6,20290.1,67593.1,106451.1,128652.3,113885.8,148
1589.6,147852.0,29846.0,29350.0,44328.0,44328.0,68556.2,56608.5,15817.8,13689.0,0.0,45329.6,0.0,16852.0,46610.6,20291.8,67594.8,106449.4,128652.3,113885.8,148
1590.6,147852.0,29846.0,29350.0,44328.0,44328.0,68556.2,56608.5,15817.8,13689.0,0.0,45329.6,0.0,16851.7,46610.6,20292.1,67595.2,106449.0,128652.3,113885.8,148
1591.6,147852.0,29846.0,29350.0,44328.0,44328.0,68556.2,56608.5,15817.8,13689.0,0.0,45329.6,0.0,16851.7,46610.6,20291.8,67594.8,106449.4,128652.3,113885.8,148
1592.6,147852.0,29846.0,29350.0,44328.0,44328.0,68556.2,56608.5,15817.8,13689.0,0.0,45329.6,0.0,16851.7,46613.4,20301.7,67607.5,106439.5,128652.3,113885.8,148
1593.6,147852.0,29846.0,29350.0,44328.0,44328.0,68556.2,56608.5,15817.8,13689.0,0.0,45329.6,0.0,16851.8,46610.4,20291.8,67594.6,106449.4,128652.3,113885.8,148
1594.6,147852.0,29846.0,29350.0,44328.0,44328.0,68556.2,56608.5,15817.8,13689.0,0.0,45329.6,0.0,16851.8,46610.4,20290.2,67592.9,106451.0,128652.3,113885.8,148
1595.6,147852.0,29846.0,29350.0,44328.0,44328.0,68556.2,56608.5,15817.8,13689.0,0.0,45329.7,0.0,16851.8,46610.5,20284.7,67587.6,106456.5,128652.3,113885.9,148
1596.6,147852.0,29846.0,29350.0,44328.0,44328.0,68556.2,56608.5,15817.8,13689.0,0.0,45329.7,0.0,16851.8,46610.5,20282.2,67585.1,106458.9,128652.3,113885.9,148
1597.6,147852.0,29846.0,29350.0,44328.0,44328.0,68556.2,56608.5,15817.8,13689.0,0.0,45329.7,0.0,16851.9,46612.1,20285.1,67589.6,106456.0,128652.3,113885.9,148
1598.6,147852.0,29846.0,29350.0,44328.0,44328.0,68556.2,56608.5,15817.8,13689.0,0.0,45329.8,0.0,16851.9,46610.7,20286.7,67589.8,106454.4,128652.3,113886.0,148
1599.6,147852.0,29846.0,29350.0,44328.0,44328.0,68556.2,56608.6,15817.8,13689.0,0.0,45329.8,0.0,16851.9,46610.7,20284.0,67587.1,106457.2,128652.3,113886.0,148
1600.6,147852.0,29846.0,29350.0,44328.0,44328.0,68556.2,56608.6,15817.8,13689.0,0.0,45329.8,0.0,16851.9,46611.1,20280.0,67583.5,106461.2,128652.3,113886.0,148
1601.6,147852.0,29846.0,29350.0,44328.0,44328.0,68556.2,56608.6,15817.8,13689.0,0.0,45329.8,0.0,16851.9,46611.1,20281.4,67584.8,106459.8,128652.3,113886.0,148
1602.7,147852.0,29846.0,29350.0,44328.0,44328.0,68556.2,56608.6,15817.8,13689.0,0.0,45329.8,0.0,16851.9,46610.8,20282.7,67585.9,106458.4,128652.3,113886.0,148
1603.7,147852.0,29846.0,29350.0,44328.0,44328.0,68556.2,56608.6,15817.8,13689.0,0.0,45329.8,0.0,16852.0,46610.8,20282.0,67585.3,106459.1,128652.3,113886.0,148
1604.7,147852.0,29846.0,29350.0,44328.0,44328.0,68556.2,56608.6,15817.8,13689.0,0.0,45329.8,0.0,16852.0,46610.9,20278.4,67581.7,106462.7,128652.3,113886.1,148
1605.8,147852.0,29846.0,29350.0,44328.0,44328.0,68556.2,56608.6,15817.8,13689.0,0.0,45329.8,0.0,16852.0,46611.0,20274.3,67577.7,106466.8,128652.3,113886.1,148
1606.8,147852.0,29846.0,29350.0,44328.0,44328.0,68556.2,56608.6,15817.8,13689.0,0.0,45329.8,0.0,16852.0,46610.9,20274.5,67577.9,106466.7,128652.3,113886.1,148
1607.8,147852.0,29846.0,29350.0,44328.0,44328.0,68556.2,56608.6,15817.8,13689.0,0.0,45329.8,0.0,16851.9,46610.5,20275.1,67578.0,106466.1,128652.3,113886.1,148
1608.9,147852.0,29846.0,29350.0,44328.0,44328.0,68556.2,56608.6,15817.8,13689.0,0.0,45329.8,0.0,16852.1,46610.5,20276.7,67579.6,106464.5,128652.3,113886.1,148
1609.9,147852.0,29846.0,29350.0,44328.0,44328.0,68556.2,56608.6,15817.8,13689.0,0.0,45329.8,0.0,16852.1,46610.2,20276.8,67579.5,106464.3,128652.3,113886.1,148
1610.9,147852.0,29846.0,29350.0,44328.0,44328.0,68556.2,56608.6,15817.8,13689.0,0.0,45329.8,0.0,16852.1,46610.2,20276.9,67579.6,106464.2,128652.3,113886.1,148
1611.9,147852.0,29846.0,29350.0,44328.0,44328.0,68556.2,56608.6,15817.8,13689.0,0.0,45329.8,0.0,16852.1,46610.2,20277.8,67580.5,106463.3,128652.3,113886.1,148
1612.9,147852.0,29846.0,29350.0,44328.0,44328.0,68556.2,56608.6,15817.8,13689.0,0.0,45329.8,0.0,16852.2,46610.2,20277.2,67579.9,106463.9,128652.3,113886.1,148
1614.0,147852.0,29846.0,29350.0,44328.0,44328.0,68556.2,56608.6,15817.8,13689.0,0.0,45329.8,0.0,16852.2,46611.2,20274.0,67577.7,106467.1,128652.3,113886.1,148
1615.0,147852.0,29846.0,29350.0,44328.0,44328.0,68556.2,56608.6,15817.8,13689.0,0.0,45330.0,0.0,16852.2,46611.5,20275.6,67579.6,106465.5,128652.3,113886.2,148
1616.0,147852.0,29846.0,29350.0,44328.0,44328.0,68556.2,56608.6,15817.8,13689.0,0.0,45330.0,0.0,16852.2,46611.5,20275.5,67579.5,106465.6,128652.3,113886.2,148
1617.1,147852.0,29846.0,29350.0,44328.0,44328.0,68556.2,56608.6,15817.8,13689.0,0.0,45330.0,0.0,16852.2,46611.5,20275.6,67579.6,106465.5,128652.3,113886.2,148
1618.1,147852.0,29846.0,29350.0,44328.0,44328.0,68556.2,56608.6,15817.8,13689.0,0.0,45330.0,0.0,16852.2,46611.5,20275.7,67579.7,106465.4,128652.3,113886.2,148
1619.1,147852.0,29846.0,29350.0,44328.0,44328.0,68556.2,56608.6,15817.8,13689.0,0.0,45330.0,0.0,16852.4,46611.6,20268.6,67572.6,106472.6,128652.3,113886.2,148
1620.1,147852.0,29846.0,29350.0,44328.0,44328.0,68556.2,56608.6,15817.8,13689.0,0.0,45330.0,0.0,16852.4,46611.6,20269.3,67573.4,106471.8,128652.3,113886.2,148
1621.1,147852.0,29846.0,29350.0,44328.0,44328.0,68556.2,56608.6,15817.8,13689.0,0.0,45330.0,0.0,16852.9,46611.6,20268.7,67572.8,106472.5,128652.3,113886.2,148
1622.2,147852.0,29846.0,29350.0,44328.0,44328.0,68556.2,56608.6,15817.8,13689.0,0.0,45330.0,0.0,16852.4,46611.6,20269.8,67573.9,106471.4,128652.3,113886.3,148
1623.2,147852.0,29846.0,29350.0,44328.0,44328.0,68556.2,56608.6,15817.8,13689.0,0.0,45330.0,0.0,16852.4,46611.6,20266.8,67570.9,106474.3,128652.3,113886.3,148
1624.3,147852.0,29846.0,29350.0,44328.0,44328.0,68556.2,56608.6,15817.8,13689.0,0.0,45330.1,0.0,16852.6,46612.0,20265.5,67570.0,106475.6,128652.3,113886.3,148
1625.3,147852.0,29846.0,29350.0,44328.0,44328.0,68556.2,56608.6,15817.8,13689.0,0.0,45330.1,0.0,16852.6,46611.7,20266.2,67570.3,106475.0,128652.3,113886.3,148
1626.3,147852.0,29846.0,29350.0,44328.0,44328.0,68556.2,56608.6,15817.8,13689.0,0.0,45330.1,0.0,16852.6,46611.7,20269.2,67573.4,106471.9,128652.3,113886.3,148
1627.3,147852.0,29846.0,29350.0,44328.0,44328.0,68556.2,56608.6,15817.8,13689.0,0.0,45330.1,0.0,16852.6,46611.7,20273.8,67578.0,106467.4,128652.3,113886.3,148
1628.4,147852.0,29846.0,29350.0,44328.0,44328.0,68556.2,56608.6,15817.8,13689.0,0.0,45330.1,0.0,16853.4,46612.0,20272.2,67576.7,106468.9,128652.3,113886.3,148
1629.4,147852.0,29846.0,29350.0,44328.0,44328.0,68556.2,56608.6,15817.8,13689.0,0.0,45330.1,0.0,16853.4,46612.3,20276.2,67580.9,106465.0,128652.3,113886.3,148
1630.4,147852.0,29846.0,29350.0,44328.0,44328.0,68556.2,56608.6,15817.8,13689.0,0.0,45330.1,0.0,16852.9,46611.8,20276.5,67580.8,106464.7,128652.3,113886.3,148
1631.5,147852.0,29846.0,29350.0,44328.0,44328.0,68556.2,56608.6,15817.8,13689.0,0.0,45330.1,0.0,16852.9,46611.8,20276.6,67580.9,106464.5,128652.3,113886.3,148
1632.5,147852.0,29846.0,29350.0,44328.0,44328.0,68556.2,56608.6,15817.8,13689.0,0.0,45330.1,0.0,16852.9,46611.8,20277.1,67581.4,106464.0,128652.3,113886.3,148
1633.6,147852.0,29846.0,29350.0,44328.0,44328.0,68556.2,56608.6,15817.8,13689.0,0.0,45330.1,0.0,16853.2,46612.1,20277.4,67582.0,106463.7,128652.3,113886.3,148
1634.7,147852.0,29846.0,29350.0,44328.0,44328.0,68559.2,56611.6,15820.8,13692.1,0.0,45330.1,0.0,16856.2,46611.7,20287.3,67591.5,106453.8,128652.3,113889.4,148
1635.7,147852.0,29846.0,29350.0,44328.0,44328.0,68559.2,56611.6,15820.8,13692.1,0.0,45330.1,0.0,16856.2,46611.8,20286.9,67591.1,106454.2,128652.3,113889.4,148
1636.7,147852.0,29846.0,29350.0,44328.0,44328.0,68559.2,56611.6,15820.8,13692.1,0.0,45330.2,0.0,16856.2,46611.9,20286.9,67591.2,106454.2,128652.3,113889.5,148
1637.7,147852.0,29846.0,29350.0,44328.0,44328.0,68559.2,56611.6,15820.8,13692.1,0.0,45330.2,0.0,16856.3,46611.9,20286.8,67591.1,106454.4,128652.3,113889.5,148
1638.7,147852.0,29846.0,29350.0,44328.0,44328.0,68559.2,56611.6,15820.8,13692.1,0.0,45330.3,0.0,16854.6,46612.2,20281.9,67586.6,106459.2,128652.3,113889.5,148
1639.7,147852.0,29846.0,29350.0,44328.0,44328.0,68559.2,56611.6,15820.8,13692.1,0.0,45330.3,0.0,16854.7,46612.2,20281.7,67586.4,106459.4,128652.3,113889.5,148
1640.8,147852.0,29846.0,29350.0,44328.0,44328.0,68559.2,56611.6,15820.8,13692.1,0.0,45330.3,0.0,16854.7,46612.2,20282.5,67587.2,106458.6,128652.3,113889.5,148
1641.8,147852.0,29846.0,29350.0,44328.0,44328.0,68559.2,56611.6,15820.8,13692.1,0.0,45330.3,0.0,16854.7,46612.1,20283.0,67587.6,106458.1,128652.3,113889.5,148
1642.8,147852.0,29846.0,29350.0,44328.0,44328.0,68559.2,56611.6,15820.8,13692.1,0.0,45330.3,0.0,16854.7,46612.2,20284.1,67588.7,106457.0,128652.3,113889.5,148
1643.8,147852.0,29846.0,29350.0,44328.0,44328.0,68559.2,56611.6,15820.8,13692.1,0.0,45330.3,0.0,16855.3,46612.2,20283.7,67588.3,106457.4,128652.3,113889.5,148
1644.8,147852.0,29846.0,29350.0,44328.0,44328.0,68559.2,56611.6,15820.8,13692.1,0.0,45330.3,0.0,16855.4,46612.2,20284.9,67589.6,106456.2,128652.3,113889.5,148
1645.8,147852.0,29846.0,29350.0,44328.0,44328.0,68559.2,56611.6,15820.8,13692.1,0.0,45330.3,0.0,16854.8,46612.2,20284.7,67589.4,106456.4,128652.3,113889.5,148
1646.8,147852.0,29846.0,29350.0,44328.0,44328.0,68559.2,56611.6,15820.8,13692.1,0.0,45330.3,0.0,16854.8,46612.2,20282.3,67586.9,106458.8,128652.3,113889.5,148
1647.8,147852.0,29846.0,29350.0,44328.0,44328.0,68559.2,56611.6,15820.8,13692.1,0.0,45330.3,0.0,16855.5,46612.2,20281.5,67586.2,106459.6,128652.3,113889.5,148
1648.8,147852.0,29846.0,29350.0,44328.0,44328.0,68559.2,56611.6,15820.8,13692.1,0.0,45330.3,0.0,16854.8,46612.2,20281.0,67585.7,106460.0,128652.3,113889.5,148
1649.8,147852.0,29846.0,29350.0,44328.0,44328.0,68559.2,56611.6,15820.8,13692.1,0.0,45330.3,0.0,16854.8,46612.2,20282.6,67587.2,106458.5,128652.3,113889.5,148
1650.8,147852.0,29846.0,29350.0,44328.0,44328.0,68559.2,56611.6,15820.8,13692.1,0.0,45330.4,0.0,16854.8,46612.6,20279.9,67585.0,106461.2,128652.3,113889.7,148
1651.8,147852.0,29846.0,29350.0,44328.0,44328.0,68559.2,56611.6,15820.8,13692.1,0.0,45330.4,0.0,16854.8,46612.1,20279.6,67584.2,106461.5,128652.3,113889.7,148
1652.8,147852.0,29846.0,29350.0,44328.0,44328.0,68559.2,56611.6,15820.8,13692.1,0.0,45330.6,0.0,16854.9,46612.2,20280.6,67585.3,106460.5,128652.3,113889.8,148
1653.8,147852.0,29846.0,29350.0,44328.0,44328.0,68559.2,56611.6,15820.8,13692.1,0.0,45330.6,0.0,16855.6,46612.4,20279.4,67584.3,106461.7,128652.3,113889.8,148
1654.8,147852.0,29846.0,29350.0,44328.0,44328.0,68559.2,56611.6,15820.8,13692.1,0.0,45330.6,0.0,16855.6,46611.7,20279.9,67584.1,106461.2,128652.3,113889.8,148
1655.9,147852.0,29846.0,29350.0,44328.0,44328.0,68559.2,56611.6,15820.8,13692.1,0.0,45330.6,0.0,16856.1,46611.7,20279.0,67583.2,106462.1,128652.3,113889.8,148
1656.9,147852.0,29846.0,29350.0,44328.0,44328.0,68559.2,56611.6,15820.8,13692.1,0.0,45330.6,0.0,16855.6,46611.7,20278.5,67582.7,106462.5,128652.3,113889.8,148
1657.9,147852.0,29846.0,29350.0,44328.0,44328.0,68566.8,56619.1,15828.3,13699.6,0.0,45330.6,0.0,16863.2,46613.3,20285.9,67591.7,106455.1,128652.3,113897.4,148
1658.9,147852.0,29846.0,29350.0,44328.0,44328.0,68566.8,56619.1,15828.3,13699.6,0.0,45330.6,0.0,16864.1,46612.9,20286.7,67592.1,106454.4,128652.3,113897.4,148
1659.9,147852.0,29846.0,29350.0,44328.0,44328.0,68566.8,56619.1,15828.4,13699.6,0.0,45330.6,0.0,16864.1,46612.9,20284.7,67590.2,106456.4,128652.3,113897.4,148
1661.0,147852.0,29846.0,29350.0,44328.0,44328.0,68566.8,56619.1,15828.4,13699.6,0.0,45330.6,0.0,16864.1,46612.9,20284.8,67590.2,106456.3,128652.3,113897.4,148
1662.0,147852.0,29846.0,29350.0,44328.0,44328.0,68566.8,56619.1,15828.4,13699.6,0.0,45330.6,0.0,16864.1,46612.9,20282.7,67588.2,106458.3,128652.3,113897.4,148
1663.0,147852.0,29846.0,29350.0,44328.0,44328.0,68566.8,56619.1,15828.3,13699.6,0.0,45330.6,0.0,16864.1,46612.9,20282.1,67587.6,106459.0,128652.3,113897.4,148
1664.0,147852.0,29846.0,29350.0,44328.0,44328.0,68566.8,56619.1,15828.3,13699.6,0.0,45330.6,0.0,16864.2,46612.9,20282.0,67587.4,106459.1,128652.3,113897.4,148
1665.1,147852.0,29846.0,29350.0,44328.0,44328.0,68566.8,56619.1,15828.3,13699.6,0.0,45330.6,0.0,16864.5,46612.9,20280.6,67586.0,106460.5,128652.3,113897.4,148
1666.1,147852.0,29846.0,29350.0,44328.0,44328.0,68566.8,56619.1,15828.3,13699.6,0.0,45330.6,0.0,16864.2,46612.9,20282.1,67587.6,106458.9,128652.3,113897.4,148
1667.2,147852.0,29846.0,29350.0,44328.0,44328.0,68566.8,56619.1,15828.3,13699.6,0.0,45330.6,0.0,16864.2,46612.9,20287.6,67593.1,106453.5,128652.3,113897.4,148
1668.2,147852.0,29846.0,29350.0,44328.0,44328.0,68566.8,56619.1,15828.3,13699.6,0.0,45330.6,0.0,16864.0,46612.6,20283.8,67589.0,106457.2,128652.3,113897.4,148
1669.2,147852.0,29846.0,29350.0,44328.0,44328.0,68566.8,56619.1,15828.3,13699.6,0.0,45330.6,0.0,16864.9,46612.6,20283.9,67589.1,106457.1,128652.3,113897.4,148
1670.2,147852.0,29846.0,29350.0,44328.0,44328.0,68566.8,56619.1,15828.3,13699.6,0.0,45330.6,0.0,16864.9,46612.6,20284.7,67589.9,106456.4,128652.3,113897.4,148
1671.2,147852.0,29846.0,29350.0,44328.0,44328.0,68566.8,56619.1,15828.3,13699.6,0.0,45330.6,0.0,16864.9,46612.6,20284.1,67589.2,106457.0,128652.3,113897.4,148
1672.2,147852.0,29846.0,29350.0,44328.0,44328.0,68566.8,56619.1,15828.3,13699.6,0.0,45330.6,0.0,16864.9,46612.6,20282.7,67587.9,106458.4,128652.3,113897.4,148
1673.2,147852.0,29846.0,29350.0,44328.0,44328.0,68566.8,56619.1,15828.3,13699.6,0.0,45330.6,0.0,16864.8,46613.1,20280.3,67585.9,106460.8,128652.3,113897.4,148
1674.3,147852.0,29846.0,29350.0,44328.0,44328.0,68566.8,56619.1,15828.3,13699.6,0.0,45330.6,0.0,16864.9,46612.2,20276.7,67581.5,106464.3,128652.3,113897.4,148
1675.3,147852.0,29846.0,29350.0,44328.0,44328.0,68566.8,56619.1,15828.3,13699.6,0.0,45330.8,0.0,16864.9,46612.3,20276.7,67581.5,106464.4,128652.3,113897.6,148
1676.3,147852.0,29846.0,29350.0,44328.0,44328.0,68566.8,56619.1,15828.3,13699.6,0.0,45330.8,0.0,16864.9,46612.3,20274.1,67578.9,106467.0,128652.3,113897.6,148
1677.3,147852.0,29846.0,29350.0,44328.0,44328.0,68566.8,56619.1,15828.3,13699.6,0.0,45330.8,0.0,16864.9,46612.3,20274.4,67579.3,106466.6,128652.3,113897.6,148
1678.3,147852.0,29846.0,29350.0,44328.0,44328.0,68566.8,56619.1,15828.4,13699.6,0.0,45330.8,0.0,16864.9,46612.3,20274.9,67579.8,106466.1,128652.3,113897.6,148
1679.3,147852.0,29846.0,29350.0,44328.0,44328.0,68566.8,56619.1,15828.3,13699.6,0.0,45330.8,0.0,16865.2,46614.0,20277.4,67583.9,106463.7,128652.3,113897.6,148
1680.4,147852.0,29846.0,29350.0,44328.0,44328.0,68586.9,56639.3,15848.5,13719.8,0.0,45330.8,0.0,16885.2,46615.6,20307.8,67615.9,106433.3,128652.3,113917.8,148
1681.4,147852.0,29846.0,29350.0,44328.0,44328.0,68586.9,56639.3,15848.5,13719.8,0.0,45330.8,0.0,16885.6,46613.6,20299.0,67605.1,106442.0,128652.3,113917.8,148
1682.4,147852.0,29846.0,29350.0,44328.0,44328.0,68600.0,56652.3,15861.5,13732.8,0.0,45330.8,0.0,16885.1,46617.7,20310.3,67620.5,106430.8,128652.3,113930.8,148
1683.5,147852.0,29846.0,29350.0,44328.0,44328.0,68600.0,56652.3,15861.5,13732.8,0.0,45330.8,0.0,16898.2,46613.8,20316.1,67622.4,106424.9,128652.3,113930.8,148
1684.5,147852.0,29846.0,29350.0,44328.0,44328.0,68600.0,56652.3,15861.5,13732.8,0.0,45330.8,0.0,16898.2,46613.7,20311.9,67618.1,106429.1,128652.3,113930.8,148
1685.5,147852.0,29846.0,29350.0,44328.0,44328.0,68600.0,56652.3,15861.5,13732.8,0.0,45330.8,0.0,16898.2,46613.7,20311.6,67617.8,106429.5,128652.3,113930.8,148
1686.5,147852.0,29846.0,29350.0,44328.0,44328.0,68600.0,56652.3,15861.5,13732.8,0.0,45330.8,0.0,16898.2,46613.7,20311.1,67617.3,106430.0,128652.3,113930.8,148
1687.5,147852.0,29846.0,29350.0,44328.0,44328.0,68600.0,56652.3,15861.5,13732.8,0.0,45330.8,0.0,16898.2,46613.7,20310.8,67617.0,106430.3,128652.3,113930.8,148
1688.6,147852.0,29846.0,29350.0,44328.0,44328.0,68600.0,56652.3,15861.5,13732.8,0.0,45330.8,0.0,16895.7,46613.7,20311.9,67618.1,106429.2,128652.3,113930.8,148
1689.6,147852.0,29846.0,29350.0,44328.0,44328.0,68600.0,56652.3,15861.5,13732.8,0.0,45331.0,0.0,16895.7,46614.2,20313.3,67620.0,106427.8,128652.3,113930.9,148
1690.6,147852.0,29846.0,29350.0,44328.0,44328.0,68600.0,56652.3,15861.5,13732.8,0.0,45331.0,0.0,16895.7,46614.2,20313.2,67619.9,106427.9,128652.3,113930.9,148
1691.6,147852.0,29846.0,29350.0,44328.0,44328.0,68600.0,56652.3,15861.5,13732.8,0.0,45331.0,0.0,16895.7,46614.2,20314.7,67621.4,106426.3,128652.3,113930.9,148
1692.6,147852.0,29846.0,29350.0,44328.0,44328.0,68600.0,56652.3,15861.5,13732.8,0.0,45331.0,0.0,16895.8,46614.2,20315.3,67622.0,106425.7,128652.3,113930.9,148
1693.6,147852.0,29846.0,29350.0,44328.0,44328.0,68600.0,56652.3,15861.5,13732.8,0.0,45331.0,0.0,16895.8,46614.2,20315.9,67622.6,106425.2,128652.3,113930.9,148
1694.6,147852.0,29846.0,29350.0,44328.0,44328.0,68600.0,56652.3,15861.5,13732.8,0.0,45331.0,0.0,16895.8,46614.2,20316.9,67623.6,106424.2,128652.3,113931.0,148
1695.6,147852.0,29846.0,29350.0,44328.0,44328.0,68600.0,56652.3,15861.5,13732.8,0.0,45331.0,0.0,16895.8,46614.2,20314.6,67621.3,106426.5,128652.3,113931.0,148
1696.6,147852.0,29846.0,29350.0,44328.0,44328.0,68600.0,56652.3,15861.5,13732.8,0.0,45331.0,0.0,16895.8,46614.3,20314.1,67621.0,106426.9,128652.3,113931.0,148
1697.6,147852.0,29846.0,29350.0,44328.0,44328.0,68600.0,56652.3,15861.5,13732.8,0.0,45331.0,0.0,16895.8,46613.8,20313.9,67620.2,106427.1,128652.3,113931.0,148
1698.6,147852.0,29846.0,29350.0,44328.0,44328.0,68600.0,56652.3,15861.5,13732.8,0.0,45331.0,0.0,16895.9,46615.7,20324.5,67632.8,106416.5,128652.3,113931.0,148
1699.6,147852.0,29846.0,29350.0,44328.0,44328.0,68600.0,56652.3,15861.5,13732.8,0.0,45331.0,0.0,16895.9,46613.9,20315.8,67622.2,106425.3,128652.3,113931.0,148
1700.6,147852.0,29846.0,29350.0,44328.0,44328.0,68600.0,56652.3,15861.5,13732.8,0.0,45331.0,0.0,16895.9,46613.9,20314.0,67620.5,106427.0,128652.3,113931.0,148
1701.6,147852.0,29846.0,29350.0,44328.0,44328.0,68600.0,56652.3,15861.5,13732.8,0.0,45331.0,0.0,16895.9,46613.4,20314.5,67620.4,106426.6,128652.3,113931.0,148
1702.6,147852.0,29846.0,29350.0,44328.0,44328.0,68600.0,56652.3,15861.5,13732.8,0.0,45331.0,0.0,16895.9,46614.1,20324.0,67630.7,106417.0,128652.3,113931.0,148
1703.6,147852.0,29846.0,29350.0,44328.0,44328.0,68600.0,56652.3,15861.5,13732.8,0.0,45331.0,0.0,16895.9,46613.2,20308.0,67613.7,106433.0,128652.3,113931.0,148
1704.6,147852.0,29846.0,29350.0,44328.0,44328.0,68600.0,56652.3,15861.5,13732.8,0.0,45331.0,0.0,16895.9,46613.4,20311.1,67617.1,106429.9,128652.3,113931.0,148
1705.7,147852.0,29846.0,29350.0,44328.0,44328.0,68563.8,56616.1,15825.4,13696.6,0.0,45331.1,0.0,16860.0,46613.4,20273.3,67579.2,106467.8,128652.3,113894.8,148
1706.7,147852.0,29846.0,29350.0,44328.0,44328.0,68563.8,56616.1,15825.4,13696.6,0.0,45331.1,0.0,16860.0,46613.4,20273.1,67579.1,106467.9,128652.3,113894.8,148
1707.7,147852.0,29846.0,29350.0,44328.0,44328.0,68563.8,56616.1,15825.4,13696.6,0.0,45331.1,0.0,16859.8,46613.4,20273.5,67579.5,106467.5,128652.3,113894.8,148
1708.7,147852.0,29846.0,29350.0,44328.0,44328.0,68563.8,56616.1,15825.4,13696.6,0.0,45331.1,0.0,16860.0,46613.4,20277.5,67583.5,106463.5,128652.3,113894.9,148
1709.7,147852.0,29846.0,29350.0,44328.0,44328.0,68563.8,56616.1,15825.4,13696.6,0.0,45331.1,0.0,16860.0,46613.4,20277.1,67583.0,106464.0,128652.3,113894.9,148
1710.8,147852.0,29846.0,29350.0,44328.0,44328.0,68563.8,56616.1,15825.4,13696.6,0.0,45331.1,0.0,16860.0,46613.0,20272.4,67578.0,106468.6,128652.3,113894.9,148
1711.8,147852.0,29846.0,29350.0,44328.0,44328.0,68563.8,56616.1,15825.4,13696.6,0.0,45331.2,0.0,16860.0,46613.5,20271.0,67577.1,106470.1,128652.3,113895.0,148
1712.8,147852.0,29846.0,29350.0,44328.0,44328.0,68563.8,56616.1,15825.4,13696.6,0.0,45331.2,0.0,16860.1,46613.5,20273.4,67579.5,106467.7,128652.3,113895.0,148
1713.8,147852.0,29846.0,29350.0,44328.0,44328.0,68563.8,56616.1,15825.4,13696.6,0.0,45331.2,0.0,16860.6,46613.6,20274.3,67580.4,106466.7,128652.3,113895.0,148
1714.9,147852.0,29846.0,29350.0,44328.0,44328.0,68563.8,56616.1,15825.4,13696.6,0.0,45331.2,0.0,16860.6,46613.6,20272.6,67578.8,106468.4,128652.3,113895.0,148
1715.9,147852.0,29846.0,29350.0,44328.0,44328.0,68563.8,56616.1,15825.4,13696.6,0.0,45331.2,0.0,16860.6,46613.6,20273.0,67579.1,106468.0,128652.3,113895.0,148
1716.9,147852.0,29846.0,29350.0,44328.0,44328.0,68563.8,56616.1,15825.4,13696.6,0.0,45331.2,0.0,16860.6,46613.6,20272.8,67579.0,106468.2,128652.3,113895.0,148
1717.9,147852.0,29846.0,29350.0,44328.0,44328.0,68563.8,56616.1,15825.4,13696.6,0.0,45331.2,0.0,16860.8,46613.6,20271.5,67577.6,106469.5,128652.3,113895.0,148
1719.0,147852.0,29846.0,29350.0,44328.0,44328.0,68563.8,56616.1,15825.4,13696.6,0.0,45331.2,0.0,16860.6,46613.6,20272.6,67578.7,106468.4,128652.3,113895.0,148
1720.1,147852.0,29846.0,29350.0,44328.0,44328.0,68599.8,56652.2,15861.4,13732.7,0.0,45331.2,0.0,16896.5,46622.0,20330.2,67644.8,106410.8,128652.3,113931.1,148
1721.2,147852.0,29846.0,29350.0,44328.0,44328.0,68599.8,56652.2,15861.4,13732.7,0.0,45331.2,0.0,16896.8,46613.3,20314.1,67620.0,106426.9,128652.3,113931.1,148
1722.2,147852.0,29846.0,29350.0,44328.0,44328.0,68599.8,56652.2,15861.4,13732.7,0.0,45331.4,0.0,16896.7,46612.9,20313.2,67618.6,106427.8,128652.3,113931.2,148
1723.2,147852.0,29846.0,29350.0,44328.0,44328.0,68602.2,56654.6,15863.8,13735.1,0.0,45331.4,0.0,16898.6,46613.4,20321.2,67627.2,106419.8,128652.3,113933.6,148
1724.3,147852.0,29846.0,29350.0,44328.0,44328.0,68602.2,56654.6,15863.8,13735.1,0.0,45336.2,0.0,16899.1,46616.9,20322.4,67632.0,106418.5,128652.3,113938.5,148
1725.3,147852.0,29846.0,29350.0,44328.0,44328.0,68602.2,56654.6,15863.8,13735.1,0.0,45336.3,0.0,16899.1,46616.9,20320.1,67629.7,106420.8,128652.3,113938.5,148
1726.4,147852.0,29846.0,29350.0,44328.0,44328.0,68602.2,56654.6,15863.8,13735.1,0.0,45336.3,0.0,16899.6,46617.0,20317.6,67627.2,106423.3,128652.3,113938.6,148
1727.4,147852.0,29846.0,29350.0,44328.0,44328.0,68602.2,56654.6,15863.8,13735.1,0.0,45336.3,0.0,16899.3,46617.0,20318.2,67627.9,106422.7,128652.3,113938.6,148
1728.5,147852.0,29846.0,29350.0,44328.0,44328.0,68602.2,56654.6,15863.8,13735.1,0.0,45336.3,0.0,16899.7,46617.0,20319.7,67629.4,106421.2,128652.3,113938.6,148
1729.5,147852.0,29846.0,29350.0,44328.0,44328.0,68602.2,56654.6,15863.8,13735.1,0.0,45336.3,0.0,16900.0,46616.9,20320.4,67630.1,106420.5,128652.3,113938.6,148
1730.5,147852.0,29846.0,29350.0,44328.0,44328.0,68602.2,56654.6,15863.8,13735.1,0.0,45336.3,0.0,16899.7,46616.9,20320.5,67630.1,106420.4,128652.3,113938.6,148
1731.5,147852.0,29846.0,29350.0,44328.0,44328.0,68602.2,56654.6,15863.8,13735.1,0.0,45336.3,0.0,16899.8,46616.9,20321.0,67630.7,106419.8,128652.3,113938.6,148
1732.6,147852.0,29846.0,29350.0,44328.0,44328.0,68602.2,56654.6,15863.8,13735.1,0.0,45336.3,0.0,16899.8,46616.9,20318.7,67628.4,106422.2,128652.3,113938.6,148
1733.6,147852.0,29846.0,29350.0,44328.0,44328.0,68602.2,56654.6,15863.8,13735.1,0.0,45336.4,0.0,16899.8,46617.7,20313.1,67623.5,106427.8,128652.3,113938.7,148
1734.6,147852.0,29846.0,29350.0,44328.0,44328.0,68602.2,56654.6,15863.8,13735.1,0.0,45336.5,0.0,16899.8,46617.7,20313.9,67624.3,106427.0,128652.3,113938.7,148
1735.7,147852.0,29846.0,29350.0,44328.0,44328.0,68602.2,56654.6,15863.8,13735.1,0.0,45336.5,0.0,16899.8,46617.7,20313.8,67624.2,106427.1,128652.3,113938.7,148
1736.7,147852.0,29846.0,29350.0,44328.0,44328.0,68602.2,56654.6,15863.8,13735.1,0.0,45336.5,0.0,16899.8,46617.7,20317.6,67628.0,106423.3,128652.3,113938.7,148
1737.7,147852.0,29846.0,29350.0,44328.0,44328.0,68602.2,56654.6,15863.8,13735.1,0.0,45336.5,0.0,16899.8,46617.7,20317.2,67627.7,106423.6,128652.3,113938.7,148
1738.8,147852.0,29846.0,29350.0,44328.0,44328.0,68560.5,56612.8,15822.0,13693.3,0.0,45336.5,0.0,16858.1,46621.7,20277.4,67591.8,106463.5,128652.3,113897.0,148
1739.8,147852.0,29846.0,29350.0,44328.0,44328.0,68560.5,56612.8,15822.0,13693.3,0.0,45336.5,0.0,16858.1,46618.9,20274.9,67586.6,106465.9,128652.3,113897.0,148
1740.8,147852.0,29846.0,29350.0,44328.0,44328.0,68560.5,56612.8,15822.1,13693.3,0.0,45336.5,0.0,16858.1,46618.3,20281.7,67592.7,106459.2,128652.3,113897.0,148
1741.8,147852.0,29846.0,29350.0,44328.0,44328.0,68560.5,56612.8,15822.1,13693.3,0.0,45336.5,0.0,16858.1,46618.4,20278.4,67589.6,106462.4,128652.3,113897.0,148
1742.9,147852.0,29846.0,29350.0,44328.0,44328.0,68577.6,56629.9,15839.1,13710.4,0.0,45336.5,0.0,16858.2,46618.4,20279.1,67590.2,106461.8,128652.3,113914.1,148
1744.1,147852.0,29846.0,29350.0,44328.0,44328.0,68580.4,56632.8,15842.0,13713.2,0.0,45336.6,0.0,16878.1,46618.2,20298.2,67609.2,106442.7,128652.3,113917.0,148
1745.1,147852.0,29846.0,29350.0,44328.0,44328.0,68580.4,56632.8,15842.0,13713.2,0.0,45336.6,0.0,16878.1,46618.2,20299.9,67610.9,106440.9,128652.3,113917.1,148
1746.2,147852.0,29846.0,29350.0,44328.0,44328.0,68580.4,56632.8,15842.0,13713.2,0.0,45336.6,0.0,16878.1,46618.2,20297.6,67608.5,106443.3,128652.3,113917.1,148
1747.2,147852.0,29846.0,29350.0,44328.0,44328.0,68580.4,56632.8,15842.0,13713.2,0.0,45336.6,0.0,16878.1,46618.2,20296.7,67607.7,106444.2,128652.3,113917.1,148
1748.2,147852.0,29846.0,29350.0,44328.0,44328.0,68580.4,56632.8,15842.0,13713.2,0.0,45336.6,0.0,16878.1,46618.3,20292.0,67603.0,106448.9,128652.3,113917.1,148
1749.2,147852.0,29846.0,29350.0,44328.0,44328.0,68580.4,56632.8,15842.0,13713.3,0.0,45336.7,0.0,16878.5,46618.3,20293.3,67604.3,106447.6,128652.3,113917.1,148
1750.3,147852.0,29846.0,29350.0,44328.0,44328.0,68580.4,56632.8,15842.0,13713.3,0.0,45336.8,0.0,16878.6,46618.4,20292.3,67603.5,106448.6,128652.3,113917.2,148
1751.3,147852.0,29846.0,29350.0,44328.0,44328.0,68580.4,56632.8,15842.0,13713.3,0.0,45336.8,0.0,16878.2,46618.4,20296.3,67607.5,106444.5,128652.3,113917.2,148
1752.3,147852.0,29846.0,29350.0,44328.0,44328.0,68580.4,56632.8,15842.0,13713.3,0.0,45336.8,0.0,16878.2,46618.4,20294.1,67605.3,106446.7,128652.3,113917.2,148
1753.4,147852.0,29846.0,29350.0,44328.0,44328.0,68580.4,56632.8,15842.0,13713.3,0.0,45336.8,0.0,16877.6,46619.5,20299.1,67611.4,106441.7,128652.3,113917.3,148
1754.4,147852.0,29846.0,29350.0,44328.0,44328.0,68580.4,56632.8,15842.0,13713.3,0.0,45336.8,0.0,16878.1,46619.4,20293.6,67605.8,106447.2,128652.3,113917.3,148
1755.5,147852.0,29846.0,29350.0,44328.0,44328.0,68580.4,56632.8,15842.0,13713.3,0.0,45336.8,0.0,16877.8,46618.4,20297.3,67608.5,106443.5,128652.3,113917.3,148
1756.5,147852.0,29846.0,29350.0,44328.0,44328.0,68580.4,56632.8,15842.0,13713.3,0.0,45336.8,0.0,16877.6,46618.4,20297.6,67608.8,106443.3,128652.3,113917.3,148
1757.5,147852.0,29846.0,29350.0,44328.0,44328.0,68580.4,56632.8,15842.0,13713.3,0.0,45336.8,0.0,16878.1,46618.1,20298.7,67609.5,106442.1,128652.3,113917.3,148
1758.6,147852.0,29846.0,29350.0,44328.0,44328.0,68580.4,56632.8,15842.0,13713.3,0.0,45336.9,0.0,16877.7,46618.8,20307.9,67619.5,106433.0,128652.3,113917.3,148
1759.7,147852.0,29846.0,29350.0,44328.0,44328.0,68580.5,56632.8,15842.0,13713.3,0.0,45336.9,0.0,16877.7,46618.1,20298.7,67609.5,106442.1,128652.3,113917.3,148
1760.7,147852.0,29846.0,29350.0,44328.0,44328.0,68580.5,56632.8,15842.0,13713.3,0.0,45336.9,0.0,16877.7,46618.1,20300.7,67611.6,106440.1,128652.3,113917.3,148
1761.7,147852.0,29846.0,29350.0,44328.0,44328.0,68622.7,56675.1,15884.3,13755.6,0.0,45336.9,0.0,16919.2,46624.0,20356.5,67673.2,106384.4,128652.3,113959.6,148
1762.8,147852.0,29846.0,29350.0,44328.0,44328.0,68561.6,56613.9,15823.1,13694.4,0.0,45336.9,0.0,16858.9,46618.4,20272.8,67583.9,106468.0,128652.3,113898.4,148
1763.8,147852.0,29846.0,29350.0,44328.0,44328.0,68561.6,56613.9,15823.2,13694.4,0.0,45336.9,0.0,16858.9,46618.4,20274.1,67585.3,106466.7,128652.3,113898.5,148
1764.9,147852.0,29846.0,29350.0,44328.0,44328.0,68562.9,56615.2,15824.4,13695.7,0.0,45337.0,0.0,16859.9,46619.2,20295.3,67607.3,106445.5,128652.3,113899.9,148
1765.9,147852.0,29846.0,29350.0,44328.0,44328.0,68562.9,56615.2,15824.4,13695.7,0.0,45337.0,0.0,16860.4,46618.8,20280.5,67592.1,106460.3,128652.3,113899.9,148
1767.0,147852.0,29846.0,29350.0,44328.0,44328.0,68561.9,56614.3,15823.5,13694.7,0.0,45337.0,0.0,16859.6,46618.8,20279.5,67591.1,106461.3,128652.3,113898.9,148
1768.0,147852.0,29846.0,29350.0,44328.0,44328.0,68561.9,56614.3,15823.5,13694.7,0.0,45337.0,0.0,16859.2,46618.1,20282.3,67593.2,106458.5,128652.3,113899.0,148
1769.0,147852.0,29846.0,29350.0,44328.0,44328.0,68561.9,56614.3,15823.5,13694.7,0.0,45337.0,0.0,16859.5,46618.1,20285.6,67596.5,106455.2,128652.3,113899.0,148
1770.1,147852.0,29846.0,29350.0,44328.0,44328.0,68576.1,56628.4,15837.6,13708.9,0.0,45337.1,0.0,16873.3,46619.6,20302.0,67614.4,106438.8,128652.3,113913.1,148
1771.1,147852.0,29846.0,29350.0,44328.0,44328.0,68576.1,56628.4,15837.6,13708.9,0.0,45337.1,0.0,16873.6,46618.6,20295.9,67607.3,106444.9,128652.3,113913.1,148
1772.1,147852.0,29846.0,29350.0,44328.0,44328.0,68576.3,56628.7,15837.9,13709.1,0.0,45337.1,0.0,16873.7,46617.9,20298.0,67608.7,106442.8,128652.3,113913.4,148
1773.2,147852.0,29846.0,29350.0,44328.0,44328.0,68575.6,56627.9,15837.1,13708.4,0.0,45337.1,0.0,16875.8,46619.2,20300.3,67612.3,106440.5,128652.3,113912.6,148
1774.2,147852.0,29846.0,29350.0,44328.0,44328.0,68575.6,56627.9,15837.1,13708.4,0.0,45337.1,0.0,16873.1,46618.2,20300.4,67611.4,106440.4,128652.3,113912.6,148
1775.2,147852.0,29846.0,29350.0,44328.0,44328.0,68575.6,56627.9,15837.1,13708.4,0.0,45337.1,0.0,16873.2,46618.2,20299.1,67610.0,106441.7,128652.3,113912.6,148
1776.2,147852.0,29846.0,29350.0,44328.0,44328.0,68575.6,56627.9,15837.1,13708.4,0.0,45337.1,0.0,16873.3,46618.2,20298.9,67609.9,106441.9,128652.3,113912.6,148
1777.2,147852.0,29846.0,29350.0,44328.0,44328.0,68575.6,56627.9,15837.1,13708.4,0.0,45337.1,0.0,16873.2,46618.2,20296.5,67607.5,106444.2,128652.3,113912.6,148
1778.3,147852.0,29846.0,29350.0,44328.0,44328.0,68583.5,56635.8,15845.0,13716.3,0.0,45337.1,0.0,16880.6,46618.2,20307.9,67618.9,106432.9,128652.3,113920.5,148
1779.3,147852.0,29846.0,29350.0,44328.0,44328.0,68583.5,56635.8,15845.0,13716.3,0.0,45337.1,0.0,16881.0,46618.7,20307.7,67619.2,106433.1,128652.3,113920.5,148
1780.3,147852.0,29846.0,29350.0,44328.0,44328.0,68583.5,56635.8,15845.0,13716.3,0.0,45337.1,0.0,16881.3,46618.9,20306.8,67618.5,106434.0,128652.3,113920.5,148
1781.4,147852.0,29846.0,29350.0,44328.0,44328.0,68583.5,56635.8,15845.0,13716.3,0.0,45337.1,0.0,16881.2,46618.9,20307.5,67619.2,106433.3,128652.3,113920.5,148
1782.4,147854.0,29846.0,29352.0,44328.0,44328.0,68582.5,56634.8,15844.1,13715.3,0.0,45337.2,0.0,16880.7,46618.9,20306.4,67618.2,106434.4,128652.3,113919.7,148
1783.4,147854.0,29846.0,29352.0,44328.0,44328.0,68582.6,56634.9,15844.1,13715.4,0.0,45337.2,0.0,16881.4,46618.9,20305.5,67617.2,106435.3,128652.3,113919.8,148
1784.4,147854.0,29846.0,29352.0,44328.0,44328.0,68582.6,56634.9,15844.1,13715.4,0.0,45337.2,0.0,16881.2,46618.9,20306.8,67618.5,106434.0,128652.3,113919.8,148
1785.5,147854.0,29846.0,29352.0,44328.0,44328.0,68582.6,56634.9,15844.1,13715.4,0.0,45337.2,0.0,16881.1,46618.9,20306.4,67618.1,106434.4,128652.3,113919.8,148
1786.5,147854.0,29846.0,29352.0,44328.0,44328.0,68582.6,56634.9,15844.1,13715.4,0.0,45337.2,0.0,16880.9,46618.9,20306.8,67618.5,106434.0,128652.3,113919.8,148
1787.5,147854.0,29846.0,29352.0,44328.0,44328.0,68582.6,56634.9,15844.1,13715.4,0.0,45337.2,0.0,16880.9,46618.9,20307.7,67619.4,106433.1,128652.3,113919.8,148
1788.6,147854.0,29846.0,29352.0,44328.0,44328.0,68582.6,56634.9,15844.1,13715.4,0.0,45337.3,0.0,16880.9,46618.9,20307.1,67618.8,106433.7,128652.3,113919.8,148
1789.7,147854.0,29846.0,29352.0,44328.0,44328.0,68582.6,56634.9,15844.1,13715.4,0.0,45337.3,0.0,16881.0,46618.6,20316.9,67628.3,106423.9,128652.3,113919.8,148
1790.7,147854.0,29846.0,29352.0,44328.0,44328.0,68582.6,56634.9,15844.1,13715.4,0.0,45337.3,0.0,16881.0,46618.5,20313.1,67624.4,106427.7,128652.3,113919.8,148
1791.7,147854.0,29846.0,29352.0,44328.0,44328.0,68582.6,56634.9,15844.1,13715.4,0.0,45337.3,0.0,16881.0,46618.5,20313.2,67624.5,106427.6,128652.3,113919.8,148
1792.8,147854.0,29846.0,29352.0,44328.0,44328.0,68582.6,56634.9,15844.1,13715.4,0.0,45337.3,0.0,16881.0,46618.5,20313.5,67624.8,106427.3,128652.3,113919.8,148
1793.8,147854.0,29846.0,29352.0,44328.0,44328.0,68582.6,56634.9,15844.1,13715.4,0.0,45337.3,0.0,16881.0,46618.5,20313.6,67624.9,106427.2,128652.3,113919.8,148
1794.8,147854.0,29846.0,29352.0,44328.0,44328.0,68582.6,56634.9,15844.2,13715.4,0.0,45337.3,0.0,16881.2,46618.5,20315.1,67626.5,106425.6,128652.3,113919.9,148
1795.9,147854.0,29846.0,29352.0,44328.0,44328.0,68582.6,56634.9,15844.2,13715.4,0.0,45337.3,0.0,16881.0,46618.0,20316.0,67626.8,106424.8,128652.3,113919.9,148
1796.9,147854.0,29846.0,29352.0,44328.0,44328.0,68582.6,56634.9,15844.2,13715.4,0.0,45337.4,0.0,16881.0,46618.4,20318.2,67629.3,106422.6,128652.3,113920.0,148
1797.9,147854.0,29846.0,29352.0,44328.0,44328.0,68582.6,56634.9,15844.2,13715.4,0.0,45337.4,0.0,16880.9,46618.4,20315.3,67626.5,106425.5,128652.3,113920.0,148
1799.0,147854.0,29846.0,29352.0,44328.0,44328.0,68582.6,56634.9,15844.1,13715.4,0.0,45337.4,0.0,16881.0,46618.4,20315.2,67626.4,106425.6,128652.3,113920.0,148
1800.0,147854.0,29846.0,29352.0,44328.0,44328.0,68597.5,56649.8,15859.0,13730.3,0.0,45337.4,0.0,16895.9,46618.4,20333.1,67644.3,106407.6,128652.3,113934.9,148
1801.1,147854.0,29846.0,29352.0,44328.0,44328.0,68597.5,56649.8,15859.0,13730.3,0.0,45337.4,0.0,16896.4,46617.7,20333.8,67644.4,106407.0,128652.3,113934.9,148
1802.1,147854.0,29846.0,29352.0,44328.0,44328.0,68597.5,56649.8,15859.0,13730.3,0.0,45337.4,0.0,16895.9,46618.7,20335.4,67646.9,106405.3,128652.3,113934.9,148
1803.2,147854.0,29846.0,29352.0,44328.0,44328.0,68603.3,56655.6,15864.9,13736.1,0.0,45337.6,0.0,16901.7,46619.4,20331.5,67643.7,106409.3,128652.3,113940.9,148
1804.2,147854.0,29846.0,29352.0,44328.0,44328.0,68603.3,56655.7,15864.9,13736.1,0.0,45337.6,0.0,16901.8,46617.8,20333.4,67644.0,106407.4,128652.3,113940.9,148
1805.3,147854.0,29846.0,29352.0,44328.0,44328.0,68603.3,56655.7,15864.9,13736.1,0.0,45337.6,0.0,16901.8,46617.8,20334.8,67645.4,106406.0,128652.3,113940.9,148
1806.3,147854.0,29846.0,29352.0,44328.0,44328.0,68603.3,56655.7,15864.9,13736.1,0.0,45337.6,0.0,16901.8,46617.8,20335.6,67646.2,106405.2,128652.3,113940.9,148
1807.3,147854.0,29846.0,29352.0,44328.0,44328.0,68603.3,56655.7,15864.9,13736.1,0.0,45337.6,0.0,16901.8,46617.8,20335.7,67646.4,106405.1,128652.3,113940.9,148
1808.4,147854.0,29846.0,29352.0,44328.0,44328.0,68603.3,56655.7,15864.9,13736.1,0.0,45337.7,0.0,16901.8,46617.9,20329.6,67640.4,106411.1,128652.3,113941.0,148
1809.4,147854.0,29846.0,29352.0,44328.0,44328.0,68603.3,56655.7,15864.9,13736.1,0.0,45337.7,0.0,16901.9,46617.4,20332.0,67642.1,106408.8,128652.3,113941.0,148
1810.4,147854.0,29846.0,29352.0,44328.0,44328.0,68603.3,56655.7,15864.9,13736.1,0.0,45337.7,0.0,16901.9,46617.4,20330.1,67640.3,106410.7,128652.3,113941.0,148
1811.5,147854.0,29846.0,29352.0,44328.0,44328.0,68603.3,56655.7,15864.9,13736.1,0.0,45337.8,0.0,16901.9,46617.9,20327.3,67638.1,106413.4,128652.3,113941.1,148
1812.5,147854.0,29846.0,29352.0,44328.0,44328.0,68603.3,56655.7,15864.9,13736.1,0.0,45337.8,0.0,16901.9,46617.9,20328.2,67638.9,106412.6,128652.3,113941.1,148
1813.5,147854.0,29846.0,29352.0,44328.0,44328.0,68603.3,56655.7,15864.9,13736.1,0.0,45337.8,0.0,16901.9,46617.9,20328.7,67639.4,106412.1,128652.3,113941.1,148
1814.5,147854.0,29846.0,29352.0,44328.0,44328.0,68603.3,56655.7,15864.9,13736.1,0.0,45337.8,0.0,16901.9,46617.9,20329.8,67640.5,106411.0,128652.3,113941.1,148
1815.6,147854.0,29846.0,29352.0,44328.0,44328.0,68603.3,56655.7,15864.9,13736.1,0.0,45337.8,0.0,16901.9,46617.8,20330.5,67641.0,106410.3,128652.3,113941.1,148
1816.6,147854.0,29846.0,29352.0,44328.0,44328.0,68603.3,56655.7,15864.9,13736.1,0.0,45337.8,0.0,16901.9,46617.8,20330.6,67641.2,106410.2,128652.3,113941.2,148
1817.6,147854.0,29846.0,29352.0,44328.0,44328.0,68603.3,56655.7,15864.9,13736.1,0.0,45337.8,0.0,16902.0,46617.8,20331.0,67641.5,106409.8,128652.3,113941.2,148
1818.6,147854.0,29846.0,29352.0,44328.0,44328.0,68603.3,56655.7,15864.9,13736.1,0.0,45337.8,0.0,16901.9,46617.7,20334.1,67644.7,106406.6,128652.3,113941.2,148
1819.6,147854.0,29846.0,29352.0,44328.0,44328.0,68603.3,56655.7,15864.9,13736.1,0.0,45337.9,0.0,16901.9,46617.8,20326.7,67637.3,106414.1,128652.3,113941.2,148
1820.7,147854.0,29846.0,29352.0,44328.0,44328.0,68603.3,56655.7,15864.9,13736.1,0.0,45337.9,0.0,16901.9,46617.8,20326.3,67636.9,106414.5,128652.3,113941.2,148
1821.7,147854.0,29846.0,29352.0,44328.0,44328.0,68603.3,56655.7,15864.9,13736.1,0.0,45337.9,0.0,16901.9,46617.6,20324.7,67635.2,106416.0,128652.3,113941.2,148
1822.7,147854.0,29846.0,29352.0,44328.0,44328.0,68603.3,56655.7,15864.9,13736.1,0.0,45337.9,0.0,16901.9,46617.7,20325.8,67636.3,106415.0,128652.3,113941.2,148
1823.8,147854.0,29846.0,29352.0,44328.0,44328.0,68603.3,56655.7,15864.9,13736.1,0.0,45337.9,0.0,16901.9,46617.7,20326.4,67636.9,106414.4,128652.3,113941.2,148
1824.8,147854.0,29846.0,29352.0,44328.0,44328.0,68603.3,56655.7,15864.9,13736.1,0.0,45337.9,0.0,16901.9,46617.7,20325.0,67635.5,106415.8,128652.3,113941.2,148
1825.9,147854.0,29846.0,29352.0,44328.0,44328.0,68603.3,56655.7,15864.9,13736.1,0.0,45337.9,0.0,16902.0,46617.7,20330.3,67640.8,106410.5,128652.3,113941.2,148
1826.9,147854.0,29846.0,29352.0,44328.0,44328.0,68603.3,56655.7,15864.9,13736.1,0.0,45337.9,0.0,16902.2,46617.5,20325.4,67635.7,106415.4,128652.3,113941.2,148
1827.9,147854.0,29846.0,29352.0,44328.0,44328.0,68603.3,56655.7,15864.9,13736.1,0.0,45337.9,0.0,16902.2,46617.4,20328.8,67639.1,106411.9,128652.3,113941.3,148
1829.0,147854.0,29846.0,29352.0,44328.0,44328.0,68603.3,56655.7,15864.9,13736.1,0.0,45337.9,0.0,16902.4,46617.9,20324.5,67635.2,106416.2,128652.3,113941.3,148
1830.0,147854.0,29846.0,29352.0,44328.0,44328.0,68603.3,56655.7,15864.9,13736.1,0.0,45337.9,0.0,16902.3,46617.8,20322.8,67633.5,106418.0,128652.3,113941.3,148
1831.0,147854.0,29846.0,29352.0,44328.0,44328.0,68603.3,56655.7,15864.9,13736.1,0.0,45337.9,0.0,16902.3,46617.8,20320.4,67631.1,106420.3,128652.3,113941.3,148
1832.0,147854.0,29846.0,29352.0,44328.0,44328.0,68603.3,56655.7,15864.9,13736.1,0.0,45337.9,0.0,16902.7,46617.8,20320.3,67631.0,106420.4,128652.3,113941.3,148
1833.1,147854.0,29846.0,29352.0,44328.0,44328.0,68603.3,56655.7,15864.9,13736.1,0.0,45338.1,0.0,16902.2,46617.9,20319.3,67630.1,106421.4,128652.3,113941.4,148
1834.1,147854.0,29846.0,29352.0,44328.0,44328.0,68603.4,56655.7,15864.9,13736.2,0.0,45338.1,0.0,16902.3,46617.9,20319.9,67630.6,106420.9,128652.3,113941.4,148
1835.2,147854.0,29846.0,29352.0,44328.0,44328.0,68603.4,56655.7,15864.9,13736.2,0.0,45338.1,0.0,16902.3,46620.8,20329.8,67643.5,106411.0,128652.3,113941.4,148
1836.2,147854.0,29846.0,29352.0,44328.0,44328.0,68603.4,56655.7,15864.9,13736.2,0.0,45338.1,0.0,16902.4,46618.9,20318.7,67630.5,106422.0,128652.3,113941.4,148
1837.2,147854.0,29846.0,29352.0,44328.0,44328.0,68603.4,56655.7,15864.9,13736.2,0.0,45338.1,0.0,16902.3,46619.1,20319.2,67631.2,106421.5,128652.3,113941.4,148
1838.2,147854.0,29846.0,29352.0,44328.0,44328.0,68603.4,56655.7,15864.9,13736.2,0.0,45338.1,0.0,16902.5,46618.8,20320.6,67632.2,106420.2,128652.3,113941.4,148
1839.2,147854.0,29846.0,29352.0,44328.0,44328.0,68603.4,56655.7,15864.9,13736.2,0.0,45338.1,0.0,16901.6,46618.8,20321.4,67633.1,106419.3,128652.3,113941.4,148
1840.2,147854.0,29846.0,29352.0,44328.0,44328.0,68603.4,56655.7,15864.9,13736.2,0.0,45338.1,0.0,16901.6,46618.8,20321.7,67633.3,106419.1,128652.3,113941.4,148
1841.3,147854.0,29846.0,29352.0,44328.0,44328.0,68603.4,56655.7,15864.9,13736.2,0.0,45338.1,0.0,16901.6,46618.8,20322.4,67634.1,106418.3,128652.3,113941.4,148
1842.3,147854.0,29846.0,29352.0,44328.0,44328.0,68603.4,56655.7,15864.9,13736.2,0.0,45338.1,0.0,16901.6,46618.3,20322.2,67633.4,106418.5,128652.3,113941.4,148
1843.4,147854.0,29846.0,29352.0,44328.0,44328.0,68603.4,56655.7,15864.9,13736.2,0.0,45338.1,0.0,16901.6,46618.6,20326.3,67637.8,106414.4,128652.3,113941.4,148
1844.4,147854.0,29846.0,29352.0,44328.0,44328.0,68603.4,56655.7,15864.9,13736.2,0.0,45338.2,0.0,16902.1,46618.7,20325.4,67637.0,106415.4,128652.3,113941.5,148
1845.4,147854.0,29846.0,29352.0,44328.0,44328.0,68603.4,56655.7,15864.9,13736.2,0.0,45338.2,0.0,16902.1,46618.9,20326.3,67638.1,106414.4,128652.3,113941.5,148
1846.4,147854.0,29846.0,29352.0,44328.0,44328.0,68603.4,56655.7,15864.9,13736.2,0.0,45338.2,0.0,16902.1,46619.0,20326.5,67638.4,106414.2,128652.3,113941.6,148
1847.5,147854.0,29846.0,29352.0,44328.0,44328.0,68603.4,56655.7,15864.9,13736.2,0.0,45338.2,0.0,16901.7,46619.0,20326.9,67638.8,106413.8,128652.3,113941.6,148
1848.5,147854.0,29846.0,29352.0,44328.0,44328.0,68603.4,56655.7,15864.9,13736.2,0.0,45338.2,0.0,16901.8,46619.1,20327.2,67639.1,106413.5,128652.3,113941.6,148
1849.6,147854.0,29846.0,29352.0,44328.0,44328.0,68603.4,56655.7,15864.9,13736.2,0.0,45338.2,0.0,16901.7,46620.7,20337.7,67651.3,106403.0,128652.3,113941.6,148
1850.6,147854.0,29846.0,29352.0,44328.0,44328.0,68603.4,56655.7,15864.9,13736.2,0.0,45338.3,0.0,16901.7,46619.2,20330.0,67642.1,106410.7,128652.3,113941.6,148
1851.6,147854.0,29846.0,29352.0,44328.0,44328.0,68603.4,56655.7,15864.9,13736.2,0.0,45338.3,0.0,16901.7,46619.2,20330.4,67642.5,106410.3,128652.3,113941.6,148
1852.7,147854.0,29846.0,29352.0,44328.0,44328.0,68631.2,56683.6,15892.8,13764.1,0.0,45338.3,0.0,16901.7,46619.2,20335.3,67647.3,106405.5,128652.3,113969.5,148
1853.7,147854.0,29846.0,29352.0,44328.0,44328.0,68528.0,56580.4,15789.6,13660.8,0.0,45338.3,0.0,16826.4,46619.7,20256.5,67569.1,106484.2,128652.3,113866.3,148
1854.7,147854.0,29846.0,29352.0,44328.0,44328.0,68528.0,56580.4,15789.6,13660.8,0.0,45338.3,0.0,16826.5,46620.0,20257.1,67569.9,106483.7,128652.3,113866.4,148
1855.7,147854.0,29846.0,29352.0,44328.0,44328.0,68528.0,56580.4,15789.6,13660.8,0.0,45338.3,0.0,16826.5,46620.0,20255.2,67568.1,106485.5,128652.3,113866.4,148
1856.8,147854.0,29846.0,29352.0,44328.0,44328.0,68528.0,56580.4,15789.6,13660.8,0.0,45338.3,0.0,16826.5,46620.0,20255.8,67568.6,106484.9,128652.3,113866.4,148
1857.8,147854.0,29846.0,29352.0,44328.0,44328.0,68528.0,56580.4,15789.6,13660.8,0.0,45338.3,0.0,16826.4,46620.5,20257.9,67571.3,106482.9,128652.3,113866.4,148
1858.8,147854.0,29846.0,29352.0,44328.0,44328.0,68528.0,56580.4,15789.6,13660.9,0.0,45338.3,0.0,16826.5,46619.8,20258.3,67571.0,106482.4,128652.3,113866.4,148
1859.8,147854.0,29846.0,29352.0,44328.0,44328.0,68528.0,56580.4,15789.6,13660.9,0.0,45338.3,0.0,16826.5,46619.8,20258.2,67570.8,106482.5,128652.3,113866.4,148
1860.8,147854.0,29846.0,29352.0,44328.0,44328.0,68528.0,56580.4,15789.6,13660.9,0.0,45338.3,0.0,16826.5,46620.0,20258.3,67571.2,106482.4,128652.3,113866.4,148
1861.8,147854.0,29846.0,29352.0,44328.0,44328.0,68528.0,56580.4,15789.6,13660.9,0.0,45338.3,0.0,16826.5,46619.3,20253.9,67566.1,106486.8,128652.3,113866.4,148
1862.8,147854.0,29846.0,29352.0,44328.0,44328.0,68528.0,56580.4,15789.6,13660.9,0.0,45338.3,0.0,16826.9,46619.2,20257.9,67570.0,106482.8,128652.3,113866.4,148
1863.9,147854.0,29846.0,29352.0,44328.0,44328.0,68528.0,56580.4,15789.6,13660.9,0.0,45338.3,0.0,16826.6,46619.7,20257.3,67569.9,106483.4,128652.3,113866.4,148
1864.9,147854.0,29846.0,29352.0,44328.0,44328.0,68528.0,56580.4,15789.6,13660.9,0.0,45338.3,0.0,16826.6,46619.7,20259.1,67571.7,106481.6,128652.3,113866.4,148
1865.9,147854.0,29846.0,29352.0,44328.0,44328.0,68550.6,56602.9,15812.1,13683.4,0.0,45338.3,0.0,16849.2,46619.2,20278.4,67590.4,106462.3,128652.3,113888.9,148
1866.9,147854.0,29846.0,29352.0,44328.0,44328.0,68550.6,56602.9,15812.1,13683.4,0.0,45338.5,0.0,16849.3,46619.4,20277.5,67589.8,106463.2,128652.3,113889.0,148
1867.9,147854.0,29846.0,29352.0,44328.0,44328.0,68550.6,56602.9,15812.1,13683.4,0.0,45338.5,0.0,16849.4,46619.9,20275.4,67588.2,106465.3,128652.3,113889.0,148
1869.0,147854.0,29846.0,29352.0,44328.0,44328.0,68570.3,56622.6,15831.9,13703.1,0.0,45338.5,0.0,16868.2,46622.9,20297.5,67613.3,106443.2,128652.3,113908.8,148
1870.0,147854.0,29846.0,29352.0,44328.0,44328.0,68570.3,56622.6,15831.9,13703.1,0.0,45338.5,0.0,16869.0,46619.6,20290.0,67602.5,106450.7,128652.3,113908.8,148
1871.0,147854.0,29846.0,29352.0,44328.0,44328.0,68570.3,56622.6,15831.9,13703.1,0.0,45338.5,0.0,16869.3,46619.6,20290.9,67603.4,106449.8,128652.3,113908.8,148
1872.1,147854.0,29846.0,29352.0,44328.0,44328.0,68570.3,56622.6,15831.9,13703.1,0.0,45338.5,0.0,16869.0,46620.3,20299.0,67612.3,106441.7,128652.3,113908.8,148
1873.1,147854.0,29846.0,29352.0,44328.0,44328.0,68570.3,56622.6,15831.9,13703.1,0.0,45338.5,0.0,16868.9,46620.3,20298.7,67611.9,106442.0,128652.3,113908.8,148
1874.1,147854.0,29846.0,29352.0,44328.0,44328.0,68570.3,56622.6,15831.9,13703.1,0.0,45338.5,0.0,16869.1,46619.6,20302.4,67614.9,106438.3,128652.3,113908.8,148
1875.2,147854.0,29846.0,29352.0,44328.0,44328.0,68570.3,56622.6,15831.9,13703.1,0.0,45338.5,0.0,16869.0,46619.9,20302.0,67614.8,106438.7,128652.3,113908.8,148
1876.2,147854.0,29846.0,29352.0,44328.0,44328.0,68570.3,56622.6,15831.9,13703.1,0.0,45338.5,0.0,16869.0,46619.9,20301.8,67614.6,106438.9,128652.3,113908.8,148
1877.2,147854.0,29846.0,29352.0,44328.0,44328.0,68570.3,56622.6,15831.9,13703.1,0.0,45338.5,0.0,16869.0,46619.9,20295.3,67608.1,106445.4,128652.3,113908.8,148
1878.3,147854.0,29846.0,29352.0,44328.0,44328.0,68570.3,56622.6,15831.9,13703.1,0.0,45338.6,0.0,16869.3,46619.2,20299.2,67611.3,106441.5,128652.3,113908.9,148
1879.3,147854.0,29846.0,29352.0,44328.0,44328.0,68570.3,56622.6,15831.9,13703.1,0.0,45338.7,0.0,16869.3,46619.7,20297.2,67609.8,106443.5,128652.3,113909.0,148
1880.4,147854.0,29846.0,29352.0,44328.0,44328.0,68570.3,56622.6,15831.9,13703.1,0.0,45338.7,0.0,16869.0,46619.7,20298.8,67611.5,106441.8,128652.3,113909.0,148
1881.4,147854.0,29846.0,29352.0,44328.0,44328.0,68570.3,56622.6,15831.9,13703.1,0.0,45338.7,0.0,16869.5,46619.7,20300.0,67612.6,106440.7,128652.3,113909.0,148
1882.4,147854.0,29846.0,29352.0,44328.0,44328.0,68570.3,56622.6,15831.9,13703.1,0.0,45338.7,0.0,16869.0,46619.7,20298.6,67611.2,106442.1,128652.3,113909.0,148
1883.5,147854.0,29846.0,29352.0,44328.0,44328.0,68570.3,56622.6,15831.9,13703.1,0.0,45338.7,0.0,16869.0,46619.7,20298.2,67610.8,106442.5,128652.3,113909.0,148
1884.6,147854.0,29846.0,29352.0,44328.0,44328.0,68570.3,56622.6,15831.9,13703.1,0.0,45338.7,0.0,16869.3,46621.9,20304.5,67619.3,106436.2,128652.3,113909.0,148
1885.6,147854.0,29846.0,29352.0,44328.0,44328.0,68586.0,56638.3,15847.5,13718.8,0.0,45338.8,0.0,16884.7,46619.2,20305.2,67617.2,106435.5,128652.3,113924.8,148
1886.7,147854.0,29846.0,29352.0,44328.0,44328.0,68586.0,56638.3,15847.5,13718.8,0.0,45338.8,0.0,16884.9,46619.3,20306.1,67618.3,106434.6,128652.3,113924.8,148
1887.7,147854.0,29846.0,29352.0,44328.0,44328.0,68586.0,56638.3,15847.5,13718.8,0.0,45338.8,0.0,16884.8,46619.5,20307.8,67620.2,106432.9,128652.3,113924.8,148
1888.8,147854.0,29846.0,29352.0,44328.0,44328.0,68586.0,56638.3,15847.5,13718.8,0.0,45338.8,0.0,16885.0,46619.5,20304.9,67617.3,106435.7,128652.3,113924.8,148
1889.8,147854.0,29846.0,29352.0,44328.0,44328.0,68586.0,56638.3,15847.5,13718.8,0.0,45338.9,0.0,16885.0,46620.1,20306.1,67619.1,106434.6,128652.3,113924.8,148
1890.9,147854.0,29846.0,29352.0,44328.0,44328.0,68586.0,56638.3,15847.5,13718.8,0.0,45338.9,0.0,16885.0,46620.1,20306.4,67619.4,106434.3,128652.3,113924.8,148
1891.9,147854.0,29846.0,29352.0,44328.0,44328.0,68586.0,56638.3,15847.5,13718.8,0.0,45338.9,0.0,16885.0,46620.1,20306.1,67619.1,106434.6,128652.3,113924.8,148
1893.0,147854.0,29846.0,29352.0,44328.0,44328.0,68586.0,56638.3,15847.5,13718.8,0.0,45338.9,0.0,16885.1,46620.1,20305.8,67618.8,106434.9,128652.3,113924.8,148
1894.0,147854.0,29846.0,29352.0,44328.0,44328.0,68586.0,56638.3,15847.5,13718.8,0.0,45338.9,0.0,16884.9,46620.8,20307.4,67621.1,106433.3,128652.3,113924.8,148
1895.1,147854.0,29846.0,29352.0,44328.0,44328.0,68586.0,56638.3,15847.5,13718.8,0.0,45338.9,0.0,16885.1,46620.5,20309.9,67623.3,106430.8,128652.3,113924.9,148
1896.1,147854.0,29846.0,29352.0,44328.0,44328.0,68586.0,56638.3,15847.5,13718.8,0.0,45338.9,0.0,16884.9,46620.5,20309.0,67622.4,106431.7,128652.3,113924.9,148
1897.1,147854.0,29846.0,29352.0,44328.0,44328.0,68586.0,56638.3,15847.5,13718.8,0.0,45338.9,0.0,16884.9,46620.5,20308.7,67622.1,106432.0,128652.3,113924.9,148
1898.3,147854.0,29846.0,29352.0,44328.0,44328.0,68586.0,56638.3,15847.5,13718.8,0.0,45338.9,0.0,16885.1,46620.3,20305.1,67618.4,106435.5,128652.3,113924.9,148
1899.3,147854.0,29846.0,29352.0,44328.0,44328.0,68586.0,56638.3,15847.5,13718.8,0.0,45338.9,0.0,16885.0,46620.3,20305.9,67619.2,106434.7,128652.3,113924.9,148
1900.4,147854.0,29846.0,29352.0,44328.0,44328.0,68586.0,56638.3,15847.5,13718.8,0.0,45338.9,0.0,16885.0,46620.3,20306.2,67619.5,106434.4,128652.3,113924.9,148
1901.4,147854.0,29846.0,29352.0,44328.0,44328.0,68586.0,56638.3,15847.5,13718.8,0.0,45338.9,0.0,16885.0,46620.6,20309.0,67622.5,106431.6,128652.3,113924.9,148
1902.4,147854.0,29846.0,29352.0,44328.0,44328.0,68586.0,56638.3,15847.5,13718.8,0.0,45338.9,0.0,16885.0,46620.9,20311.5,67625.4,106429.2,128652.3,113924.9,148
1903.4,147854.0,29846.0,29352.0,44328.0,44328.0,68586.0,56638.3,15847.5,13718.8,0.0,45338.9,0.0,16885.5,46620.8,20311.4,67625.2,106429.2,128652.3,113924.9,148
1904.4,147854.0,29846.0,29352.0,44328.0,44328.0,68586.0,56638.3,15847.5,13718.8,0.0,45338.9,0.0,16885.2,46620.8,20310.8,67624.5,106429.9,128652.3,113924.9,148
1905.4,147854.0,29846.0,29352.0,44328.0,44328.0,68586.0,56638.3,15847.5,13718.8,0.0,45339.1,0.0,16885.5,46621.0,20311.4,67625.3,106429.2,128652.3,113925.0,148
1906.4,147854.0,29846.0,29352.0,44328.0,44328.0,68586.0,56638.3,15847.5,13718.8,0.0,45339.1,0.0,16885.0,46621.0,20311.5,67625.4,106429.1,128652.3,113925.0,148
1907.5,147854.0,29846.0,29352.0,44328.0,44328.0,68586.0,56638.3,15847.5,13718.8,0.0,45339.1,0.0,16885.0,46621.0,20308.9,67622.8,106431.8,128652.3,113925.0,148
1908.5,147854.0,29846.0,29352.0,44328.0,44328.0,68586.0,56638.3,15847.5,13718.8,0.0,45339.1,0.0,16885.1,46621.0,20308.3,67622.2,106432.4,128652.3,113925.0,148
1909.5,147854.0,29846.0,29352.0,44328.0,44328.0,68586.0,56638.3,15847.5,13718.8,0.0,45339.1,0.0,16885.0,46621.0,20307.3,67621.2,106433.3,128652.3,113925.0,148
1910.5,147854.0,29846.0,29352.0,44328.0,44328.0,68586.0,56638.3,15847.5,13718.8,0.0,45339.1,0.0,16885.0,46621.2,20305.6,67619.7,106435.1,128652.3,113925.0,148
1911.5,147854.0,29846.0,29352.0,44328.0,44328.0,68586.0,56638.3,15847.5,13718.8,0.0,45339.1,0.0,16885.0,46621.2,20306.1,67620.2,106434.5,128652.3,113925.0,148
1912.5,147854.0,29846.0,29352.0,44328.0,44328.0,68586.0,56638.3,15847.5,13718.8,0.0,45339.1,0.0,16885.0,46621.0,20302.3,67616.2,106438.4,128652.3,113925.0,148
1913.6,147854.0,29846.0,29352.0,44328.0,44328.0,68586.0,56638.3,15847.5,13718.8,0.0,45339.1,0.0,16885.1,46621.0,20303.3,67617.3,106437.3,128652.3,113925.1,148
1914.7,147854.0,29846.0,29352.0,44328.0,44328.0,68586.0,56638.3,15847.5,13718.8,0.0,45339.1,0.0,16885.1,46626.0,20318.7,67637.6,106421.9,128652.3,113925.1,148
1915.7,147854.0,29846.0,29352.0,44328.0,44328.0,68586.0,56638.3,15847.5,13718.8,0.0,45339.1,0.0,16885.1,46621.4,20312.3,67626.7,106428.3,128652.3,113925.1,148
1916.8,147854.0,29846.0,29352.0,44328.0,44328.0,68586.0,56638.3,15847.5,13718.8,0.0,45339.1,0.0,16885.1,46623.6,20323.8,67640.3,106416.8,128652.3,113925.1,148
1917.8,147854.0,29846.0,29352.0,44328.0,44328.0,68586.0,56638.3,15847.5,13718.8,0.0,45339.1,0.0,16885.1,46621.8,20314.0,67628.8,106426.6,128652.3,113925.1,148
1918.8,147854.0,29846.0,29352.0,44328.0,44328.0,68586.0,56638.3,15847.5,13718.8,0.0,45339.1,0.0,16885.1,46621.5,20315.2,67629.6,106425.5,128652.3,113925.1,148
1919.8,147854.0,29846.0,29352.0,44328.0,44328.0,68586.0,56638.3,15847.5,13718.8,0.0,45339.1,0.0,16885.1,46621.5,20314.5,67628.9,106426.1,128652.3,113925.1,148
1920.9,147854.0,29846.0,29352.0,44328.0,44328.0,68586.0,56638.3,15847.5,13718.8,0.0,45339.1,0.0,16885.1,46621.6,20317.5,67632.1,106423.1,128652.3,113925.1,148
1921.9,147854.0,29846.0,29352.0,44328.0,44328.0,68586.0,56638.3,15847.5,13718.8,0.0,45339.2,0.0,16885.1,46621.8,20318.0,67632.7,106422.6,128652.3,113925.2,148
1922.9,147854.0,29846.0,29352.0,44328.0,44328.0,68586.0,56638.3,15847.5,13718.8,0.0,45339.3,0.0,16885.2,46621.8,20318.6,67633.3,106422.1,128652.3,113925.2,148
1923.9,147854.0,29846.0,29352.0,44328.0,44328.0,68586.0,56638.3,15847.5,13718.8,0.0,45339.3,0.0,16884.9,46621.8,20315.8,67630.5,106424.9,128652.3,113925.2,148
1924.9,147854.0,29846.0,29352.0,44328.0,44328.0,68586.0,56638.3,15847.5,13718.8,0.0,45339.3,0.0,16884.9,46621.8,20316.0,67630.7,106424.7,128652.3,113925.2,148
1926.0,147854.0,29846.0,29352.0,44328.0,44328.0,68586.0,56638.3,15847.5,13718.8,0.0,45339.3,0.0,16884.9,46620.7,20317.5,67631.1,106423.2,128652.3,113925.2,148
1927.0,147854.0,29846.0,29352.0,44328.0,44328.0,68586.0,56638.3,15847.5,13718.8,0.0,45339.3,0.0,16884.9,46620.7,20315.2,67628.8,106425.5,128652.3,113925.2,148
1928.0,147854.0,29846.0,29352.0,44328.0,44328.0,68586.0,56638.3,15847.5,13718.8,0.0,45339.3,0.0,16885.1,46620.7,20313.8,67627.4,106426.8,128652.3,113925.2,148
1929.1,147854.0,29846.0,29352.0,44328.0,44328.0,68586.0,56638.3,15847.5,13718.8,0.0,45339.3,0.0,16884.9,46620.7,20313.8,67627.4,106426.8,128652.3,113925.3,148
1930.2,147854.0,29846.0,29352.0,44328.0,44328.0,68586.0,56638.3,15847.5,13718.8,0.0,45339.3,0.0,16884.9,46625.8,20319.4,67638.2,106421.2,128652.3,113925.3,148
1931.2,147854.0,29846.0,29352.0,44328.0,44328.0,68586.0,56638.3,15847.5,13718.8,0.0,45339.3,0.0,16885.0,46621.5,20310.1,67624.5,106430.6,128652.3,113925.3,148
1932.2,147854.0,29846.0,29352.0,44328.0,44328.0,68586.0,56638.3,15847.5,13718.8,0.0,45339.3,0.0,16885.0,46621.1,20313.7,67627.8,106426.9,128652.3,113925.3,148
1933.2,147854.0,29846.0,29352.0,44328.0,44328.0,68586.0,56638.3,15847.5,13718.8,0.0,45339.3,0.0,16885.0,46621.1,20312.2,67626.2,106428.5,128652.3,113925.3,148
1934.2,147854.0,29846.0,29352.0,44328.0,44328.0,68586.0,56638.3,15847.5,13718.8,0.0,45339.3,0.0,16885.0,46621.1,20312.0,67626.1,106428.6,128652.3,113925.3,148
1935.3,147854.0,29846.0,29352.0,44328.0,44328.0,68586.0,56638.3,15847.5,13718.8,0.0,45339.3,0.0,16885.0,46621.6,20312.7,67627.4,106427.9,128652.3,113925.3,148
1936.3,147854.0,29846.0,29352.0,44328.0,44328.0,68586.0,56638.3,15847.5,13718.8,0.0,45339.3,0.0,16885.2,46621.7,20310.0,67624.7,106430.6,128652.3,113925.3,148
1937.3,147854.0,29846.0,29352.0,44328.0,44328.0,68586.0,56638.3,15847.5,13718.8,0.0,45339.3,0.0,16885.0,46621.7,20309.1,67623.8,106431.5,128652.3,113925.3,148
1938.3,147854.0,29846.0,29352.0,44328.0,44328.0,68586.0,56638.3,15847.5,13718.8,0.0,45339.3,0.0,16884.9,46621.7,20308.2,67623.0,106432.4,128652.3,113925.3,148
1939.4,147854.0,29846.0,29352.0,44328.0,44328.0,68586.0,56638.3,15847.5,13718.8,0.0,45339.4,0.0,16885.1,46621.3,20308.8,67623.1,106431.8,128652.3,113925.3,148
1940.4,147854.0,29846.0,29352.0,44328.0,44328.0,68586.0,56638.3,15847.5,13718.8,0.0,45339.4,0.0,16885.1,46621.7,20309.2,67623.9,106431.4,128652.3,113925.3,148
1941.5,147854.0,29846.0,29352.0,44328.0,44328.0,68586.0,56638.3,15847.5,13718.8,0.0,45339.5,0.0,16885.2,46621.8,20309.0,67623.7,106431.6,128652.3,113925.5,148
1942.5,147854.0,29846.0,29352.0,44328.0,44328.0,68586.0,56638.3,15847.5,13718.8,0.0,45339.5,0.0,16885.6,46622.6,20313.6,67629.2,106427.0,128652.3,113925.5,148
1943.5,147854.0,29846.0,29352.0,44328.0,44328.0,68586.0,56638.3,15847.5,13718.8,0.0,45339.5,0.0,16885.6,46622.6,20314.2,67629.8,106426.4,128652.3,113925.5,148
1944.5,147854.0,29846.0,29352.0,44328.0,44328.0,68586.0,56638.3,15847.5,13718.8,0.0,45339.5,0.0,16885.2,46622.6,20315.5,67631.2,106425.1,128652.3,113925.5,148
1945.6,147854.0,29846.0,29352.0,44328.0,44328.0,68586.0,56638.3,15847.5,13718.8,0.0,45339.5,0.0,16884.5,46622.3,20309.3,67624.5,106431.3,128652.3,113925.5,148
1946.6,147854.0,29846.0,29352.0,44328.0,44328.0,68586.0,56638.3,15847.5,13718.8,0.0,45339.5,0.0,16884.5,46622.3,20308.8,67624.1,106431.8,128652.3,113925.5,148
1947.7,147854.0,29846.0,29352.0,44328.0,44328.0,68586.0,56638.3,15847.5,13718.8,0.0,45339.5,0.0,16884.5,46622.1,20308.7,67623.8,106431.9,128652.3,113925.5,148
1948.7,147854.0,29846.0,29352.0,44328.0,44328.0,68586.0,56638.3,15847.5,13718.8,0.0,45339.5,0.0,16884.5,46621.8,20310.3,67625.1,106430.3,128652.3,113925.5,148
1949.7,147854.0,29846.0,29352.0,44328.0,44328.0,68586.0,56638.3,15847.6,13718.8,0.0,45339.6,0.0,16884.5,46621.8,20309.1,67623.9,106431.5,128652.3,113925.5,148
1950.7,147854.0,29846.0,29352.0,44328.0,44328.0,68586.0,56638.3,15847.6,13718.8,0.0,45339.6,0.0,16884.5,46621.8,20308.5,67623.3,106432.1,128652.3,113925.5,148
1951.7,147854.0,29846.0,29352.0,44328.0,44328.0,68586.0,56638.3,15847.6,13718.8,0.0,45339.6,0.0,16884.6,46621.8,20307.6,67622.4,106433.0,128652.3,113925.5,148
1952.8,147854.0,29846.0,29352.0,44328.0,44328.0,68586.0,56638.3,15847.5,13718.8,0.0,45339.6,0.0,16884.5,46621.6,20311.8,67626.4,106428.8,128652.3,113925.5,148
1953.8,147854.0,29846.0,29352.0,44328.0,44328.0,68600.2,56652.6,15861.8,13733.0,0.0,45340.3,0.0,16898.7,46629.0,20339.4,67661.4,106401.2,128652.3,113940.5,148
1954.9,147854.0,29846.0,29352.0,44328.0,44328.0,68600.2,56652.6,15861.8,13733.0,0.0,45340.3,0.0,16898.7,46622.5,20320.4,67635.9,106420.2,128652.3,113940.5,148
1955.9,147854.0,29846.0,29352.0,44328.0,44328.0,68600.2,56652.6,15861.8,13733.0,0.0,45340.3,0.0,16898.8,46622.5,20320.6,67636.1,106420.0,128652.3,113940.5,148
1957.0,147854.0,29846.0,29352.0,44328.0,44328.0,68509.1,56561.4,15770.6,13641.9,0.0,45340.3,0.0,16807.7,46622.5,20228.8,67544.4,106511.8,128652.3,113849.3,148
1958.0,147854.0,29846.0,29352.0,44328.0,44328.0,68509.1,56561.4,15770.6,13641.9,0.0,45340.3,0.0,16808.2,46621.7,20229.7,67544.5,106510.9,128652.3,113849.3,148
1959.0,147854.0,29846.0,29352.0,44328.0,44328.0,68509.1,56561.4,15770.6,13641.9,0.0,45340.3,0.0,16807.6,46621.7,20229.3,67544.0,106511.3,128652.3,113849.3,148
1960.1,147854.0,29846.0,29352.0,44328.0,44328.0,68514.9,56567.2,15776.5,13647.7,0.0,45340.3,0.0,16813.0,46621.9,20235.7,67550.6,106504.9,128652.3,113855.2,148
1961.1,147854.0,29846.0,29352.0,44328.0,44328.0,68514.9,56567.2,15776.5,13647.7,0.0,45340.3,0.0,16813.5,46621.9,20234.9,67549.8,106505.7,128652.3,113855.2,148
1962.2,147854.0,29846.0,29352.0,44328.0,44328.0,68514.9,56567.2,15776.5,13647.7,0.0,45340.4,0.0,16813.5,46622.5,20245.8,67561.3,106494.8,128652.3,113855.3,148
1963.2,147854.0,29846.0,29352.0,44328.0,44328.0,68514.9,56567.2,15776.5,13647.7,0.0,45340.4,0.0,16813.5,46622.0,20237.1,67552.0,106503.5,128652.3,113855.3,148
1964.2,147854.0,29846.0,29352.0,44328.0,44328.0,68514.9,56567.2,15776.5,13647.7,0.0,45340.4,0.0,16814.1,46622.0,20236.4,67551.3,106504.2,128652.3,113855.3,148
1965.2,147854.0,29846.0,29352.0,44328.0,44328.0,68514.9,56567.2,15776.5,13647.7,0.0,45340.4,0.0,16814.1,46622.0,20236.6,67551.6,106504.0,128652.3,113855.3,148
1966.2,147854.0,29846.0,29352.0,44328.0,44328.0,68514.9,56567.2,15776.5,13647.7,0.0,45340.6,0.0,16814.1,46622.1,20236.8,67552.0,106503.8,128652.3,113855.5,148
1967.3,147854.0,29846.0,29352.0,44328.0,44328.0,68514.9,56567.2,15776.5,13647.7,0.0,45340.6,0.0,16814.1,46622.1,20235.9,67551.1,106504.6,128652.3,113855.5,148
1968.3,147854.0,29846.0,29352.0,44328.0,44328.0,68529.1,56581.5,15790.7,13661.9,0.0,45340.6,0.0,16828.4,46622.4,20252.4,67567.8,106488.1,128652.3,113869.7,148
1969.3,147854.0,29846.0,29352.0,44328.0,44328.0,68529.1,56581.5,15790.7,13661.9,0.0,45340.6,0.0,16828.3,46622.7,20251.9,67567.6,106488.7,128652.3,113869.7,148
1970.3,147854.0,29846.0,29352.0,44328.0,44328.0,68529.1,56581.5,15790.7,13661.9,0.0,45340.6,0.0,16828.3,46622.7,20252.2,67567.9,106488.4,128652.3,113869.7,148
1971.3,147854.0,29846.0,29352.0,44328.0,44328.0,68529.1,56581.5,15790.7,13661.9,0.0,45340.6,0.0,16828.3,46622.7,20252.5,67568.2,106488.1,128652.3,113869.7,148
1972.4,147854.0,29846.0,29352.0,44328.0,44328.0,68529.1,56581.5,15790.7,13661.9,0.0,45340.6,0.0,16828.3,46622.4,20250.6,67566.0,106490.0,128652.3,113869.7,148
1973.5,147854.0,29846.0,29352.0,44328.0,44328.0,68578.6,56630.9,15840.1,13711.4,0.0,45340.6,0.0,16828.4,46622.4,20256.5,67571.8,106484.1,128652.3,113919.1,148
1974.6,147854.0,29846.0,29352.0,44328.0,44328.0,68528.3,56580.6,15789.9,13661.1,0.0,45340.6,0.0,16827.6,46622.5,20252.2,67567.7,106488.3,128652.3,113868.9,148
1975.6,147854.0,29846.0,29352.0,44328.0,44328.0,68528.3,56580.6,15789.9,13661.1,0.0,45340.6,0.0,16827.6,46622.5,20250.3,67565.8,106490.2,128652.3,113868.9,148
1976.6,147854.0,29846.0,29352.0,44328.0,44328.0,68528.3,56580.6,15789.9,13661.1,0.0,45340.6,0.0,16827.6,46622.5,20250.9,67566.4,106489.7,128652.3,113868.9,148
1977.7,147854.0,29846.0,29352.0,44328.0,44328.0,68531.3,56583.6,15792.8,13664.1,0.0,45340.6,0.0,16830.6,46622.8,20253.7,67569.5,106486.9,128652.3,113871.9,148
1978.7,147854.0,29846.0,29352.0,44328.0,44328.0,68531.3,56583.6,15792.8,13664.1,0.0,45340.6,0.0,16830.6,46622.8,20255.4,67571.3,106485.1,128652.3,113871.9,148
1979.7,147854.0,29846.0,29352.0,44328.0,44328.0,68531.3,56583.6,15792.8,13664.1,0.0,45340.6,0.0,16830.6,46624.8,20260.0,67577.8,106480.6,128652.3,113871.9,148
1980.7,147854.0,29846.0,29352.0,44328.0,44328.0,68582.5,56634.8,15844.1,13715.3,0.0,45340.6,0.0,16830.6,46625.2,20264.8,67583.0,106475.8,128652.3,113923.1,148
1981.8,147854.0,29846.0,29352.0,44328.0,44328.0,68582.5,56634.8,15844.1,13715.3,0.0,45340.6,0.0,16881.9,46623.3,20304.8,67621.1,106435.7,128652.3,113923.1,148
1982.8,147854.0,29846.0,29352.0,44328.0,44328.0,68582.5,56634.8,15844.1,13715.3,0.0,45340.6,0.0,16881.8,46623.3,20305.2,67621.5,106435.4,128652.3,113923.1,148
1983.8,147854.0,29846.0,29352.0,44328.0,44328.0,68582.5,56634.8,15844.0,13715.3,0.0,45340.6,0.0,16881.9,46623.2,20304.7,67621.0,106435.8,128652.3,113923.1,148
1984.9,147854.0,29846.0,29352.0,44328.0,44328.0,68582.5,56634.8,15844.0,13715.3,0.0,45340.8,0.0,16881.9,46623.3,20305.3,67621.7,106435.3,128652.3,113923.2,148
1985.9,147854.0,29846.0,29352.0,44328.0,44328.0,68582.5,56634.8,15844.1,13715.3,0.0,45340.8,0.0,16882.1,46623.2,20306.2,67622.4,106434.3,128652.3,113923.2,148
1986.9,147854.0,29846.0,29352.0,44328.0,44328.0,68582.5,56634.8,15844.1,13715.3,0.0,45340.8,0.0,16881.9,46623.1,20301.8,67618.0,106438.7,128652.3,113923.2,148
1988.0,147854.0,29846.0,29352.0,44328.0,44328.0,68582.5,56634.8,15844.1,13715.3,0.0,45340.8,0.0,16882.1,46623.1,20301.5,67617.6,106439.1,128652.3,113923.2,148
1989.0,147854.0,29846.0,29352.0,44328.0,44328.0,68599.3,56651.7,15860.9,13732.1,0.0,45340.8,0.0,16899.0,46622.5,20321.8,67637.4,106418.7,128652.3,113940.1,148
1990.0,147854.0,29846.0,29352.0,44328.0,44328.0,68599.3,56651.7,15860.9,13732.2,0.0,45340.8,0.0,16899.2,46623.0,20322.9,67638.9,106417.7,128652.3,113940.1,148
1991.0,147854.0,29846.0,29352.0,44328.0,44328.0,68599.3,56651.7,15860.9,13732.2,0.0,45340.8,0.0,16899.1,46623.0,20322.4,67638.5,106418.1,128652.3,113940.1,148
1992.1,147854.0,29846.0,29352.0,44328.0,44328.0,68599.3,56651.7,15860.9,13732.2,0.0,45340.8,0.0,16899.1,46623.0,20318.3,67634.4,106422.2,128652.3,113940.1,148
1993.1,147854.0,29846.0,29352.0,44328.0,44328.0,68669.0,56721.3,15930.6,13801.8,0.0,45340.8,0.0,16968.4,46628.5,20405.7,67727.3,106334.8,128652.3,114009.8,148
1994.1,147854.0,29846.0,29352.0,44328.0,44328.0,68669.0,56721.3,15930.5,13801.8,0.0,45340.8,0.0,16968.3,46622.6,20383.3,67698.9,106357.3,128652.3,114009.8,148
1995.2,147854.0,29846.0,29352.0,44328.0,44328.0,68669.0,56721.3,15930.6,13801.8,0.0,45340.8,0.0,16968.1,46622.3,20385.7,67701.0,106354.9,128652.3,114009.8,148
1996.2,147854.0,29846.0,29352.0,44328.0,44328.0,68669.0,56721.3,15930.6,13801.8,0.0,45340.8,0.0,16968.1,46623.3,20391.6,67707.9,106349.0,128652.3,114009.8,148
1997.3,147854.0,29846.0,29352.0,44328.0,44328.0,68669.0,56721.3,15930.6,13801.8,0.0,45340.8,0.0,16968.1,46623.0,20383.6,67699.6,106356.9,128652.3,114009.8,148
1998.3,147854.0,29846.0,29352.0,44328.0,44328.0,68669.0,56721.3,15930.6,13801.8,0.0,45340.8,0.0,16968.2,46623.0,20383.1,67699.1,106357.4,128652.3,114009.8,148
1999.3,147854.0,29846.0,29352.0,44328.0,44328.0,68623.6,56676.0,15885.2,13756.5,0.0,45340.8,0.0,16971.4,46625.7,20392.5,67711.2,106348.1,128652.3,113964.5,148
2000.4,147854.0,29846.0,29352.0,44328.0,44328.0,68647.2,56699.6,15908.8,13780.0,0.0,45340.8,0.0,16946.4,46626.1,20361.9,67681.1,106378.6,128652.3,113988.1,148
2001.4,147854.0,29846.0,29352.0,44328.0,44328.0,68647.2,56699.6,15908.8,13780.0,0.0,45340.8,0.0,16946.4,46624.3,20354.7,67672.0,106385.9,128652.3,113988.1,148
2002.4,147854.0,29846.0,29352.0,44328.0,44328.0,68647.2,56699.6,15908.8,13780.0,0.0,45341.0,0.0,16946.9,46623.9,20353.5,67670.5,106387.0,128652.3,113988.2,148
2003.4,147854.0,29846.0,29352.0,44328.0,44328.0,68647.2,56699.6,15908.8,13780.0,0.0,45341.0,0.0,16946.6,46623.9,20351.9,67668.9,106388.6,128652.3,113988.2,148
2004.4,147854.0,29846.0,29352.0,44328.0,44328.0,68647.2,56699.6,15908.8,13780.0,0.0,45341.0,0.0,16947.2,46623.9,20352.8,67669.8,106387.8,128652.3,113988.2,148
2005.4,147854.0,29846.0,29352.0,44328.0,44328.0,68647.2,56699.6,15908.8,13780.0,0.0,45341.0,0.0,16946.5,46623.9,20353.9,67670.9,106386.6,128652.3,113988.2,148
2006.4,147854.0,29846.0,29352.0,44328.0,44328.0,68647.2,56699.6,15908.8,13780.0,0.0,45341.0,0.0,16946.7,46624.0,20353.8,67670.8,106386.7,128652.3,113988.3,148
2007.4,147854.0,29846.0,29352.0,44328.0,44328.0,68647.2,56699.6,15908.8,13780.0,0.0,45341.0,0.0,16947.1,46624.0,20353.1,67670.1,106387.5,128652.3,113988.3,148
2008.4,147854.0,29846.0,29352.0,44328.0,44328.0,68647.2,56699.6,15908.8,13780.0,0.0,45341.0,0.0,16947.1,46623.3,20350.4,67666.7,106390.2,128652.3,113988.3,148
2009.5,147854.0,29846.0,29352.0,44328.0,44328.0,68647.2,56699.6,15908.8,13780.0,0.0,45341.1,0.0,16946.7,46623.3,20351.9,67668.3,106388.6,128652.3,113988.3,148
2010.5,147854.0,29846.0,29352.0,44328.0,44328.0,68647.2,56699.6,15908.8,13780.0,0.0,45341.1,0.0,16946.8,46623.3,20350.9,67667.2,106389.7,128652.3,113988.3,148
2011.5,147854.0,29846.0,29352.0,44328.0,44328.0,68647.2,56699.6,15908.8,13780.0,0.0,45341.1,0.0,16946.7,46623.3,20350.7,67667.1,106389.8,128652.3,113988.3,148
2012.6,147854.0,29846.0,29352.0,44328.0,44328.0,68658.3,56710.6,15919.8,13791.1,0.0,45341.1,0.0,16957.6,46628.0,20381.7,67702.8,106358.8,128652.3,113999.3,148
2013.7,147854.0,29846.0,29352.0,44328.0,44328.0,68658.3,56710.6,15919.8,13791.1,0.0,45341.1,0.0,16957.7,46623.4,20369.7,67686.1,106370.9,128652.3,113999.3,148
2014.7,148124.0,29846.0,29622.0,44328.0,44328.0,68658.3,56710.6,15919.8,13791.1,0.0,45341.1,0.0,16957.7,46623.4,20371.4,67687.8,106369.1,128652.3,113999.3,148
2015.7,148124.0,29846.0,29622.0,44328.0,44328.0,68658.4,56710.7,15919.9,13791.2,0.0,45341.1,0.0,16957.8,46623.4,20375.4,67691.9,106365.1,128652.3,113999.4,148
2016.8,148124.0,29846.0,29622.0,44328.0,44328.0,68658.4,56710.8,15920.0,13791.2,0.0,45341.1,0.0,16957.9,46623.6,20428.2,67744.9,106312.3,128652.3,113999.5,148
2017.9,148124.0,29846.0,29622.0,44328.0,44328.0,68658.6,56710.9,15920.1,13791.4,0.0,45341.1,0.0,16957.9,46624.7,20637.7,67955.4,106102.9,128652.3,113999.6,148
2018.9,148124.0,29846.0,29622.0,44328.0,44328.0,68658.6,56710.9,15920.1,13791.4,0.0,45341.1,0.0,16958.8,46624.5,20369.6,67687.1,106371.0,128652.3,113999.7,148
2019.9,148124.0,29846.0,29622.0,44328.0,44328.0,68658.7,56711.0,15920.3,13791.5,0.0,45341.1,0.0,16958.9,46624.5,20372.3,67689.9,106368.2,128652.3,113999.8,148
2020.9,148124.0,29846.0,29622.0,44328.0,44328.0,68658.7,56711.0,15920.3,13791.5,0.0,45341.2,0.0,16958.9,46624.6,20372.4,67690.1,106368.2,128652.3,113999.9,148
2022.0,148124.0,29846.0,29622.0,44328.0,44328.0,68658.7,56711.0,15920.3,13791.5,0.0,45341.2,0.0,16958.9,46624.6,20371.7,67689.4,106368.8,128652.3,113999.9,148
2023.0,148124.0,29846.0,29622.0,44328.0,44328.0,68658.7,56711.0,15920.3,13791.5,0.0,45341.2,0.0,16959.1,46624.6,20372.1,67689.8,106368.4,128652.3,113999.9,148
2024.0,148124.0,29846.0,29622.0,44328.0,44328.0,68658.7,56711.0,15920.3,13791.5,0.0,45341.2,0.0,16958.9,46624.1,20375.1,67692.3,106365.4,128652.3,113999.9,148
2025.1,148124.0,29846.0,29622.0,44328.0,44328.0,68658.7,56711.0,15920.3,13791.5,0.0,45341.2,0.0,16959.0,46624.1,20377.0,67694.2,106363.5,128652.3,113999.9,148
2026.1,148124.0,29846.0,29622.0,44328.0,44328.0,68658.7,56711.0,15920.3,13791.5,0.0,45341.2,0.0,16958.9,46624.6,20382.0,67699.7,106358.5,128652.3,113999.9,148
2027.2,148124.0,29846.0,29622.0,44328.0,44328.0,68658.7,56711.0,15920.3,13791.5,0.0,45341.2,0.0,16959.4,46624.5,20378.5,67696.0,106362.0,128652.3,113999.9,148
2028.2,148124.0,29846.0,29622.0,44328.0,44328.0,68658.7,56711.0,15920.3,13791.5,0.0,45341.3,0.0,16959.2,46624.4,20379.7,67697.2,106360.8,128652.3,114000.0,148
2029.2,148124.0,29846.0,29622.0,44328.0,44328.0,68658.9,56711.2,15920.4,13791.7,0.0,45341.3,0.0,16959.0,46624.4,20380.1,67697.6,106360.4,128652.3,114000.1,148
2030.3,148124.0,29846.0,29622.0,44328.0,44328.0,68658.9,56711.2,15920.4,13791.7,0.0,45341.3,0.0,16959.1,46624.4,20380.4,67697.9,106360.1,128652.3,114000.1,148
2031.3,148124.0,29846.0,29622.0,44328.0,44328.0,68659.0,56711.3,15920.5,13791.8,0.0,45341.3,0.0,16959.1,46624.4,20380.4,67697.9,106360.1,128652.3,114000.2,148
2032.3,148124.0,29846.0,29622.0,44328.0,44328.0,68659.0,56711.3,15920.5,13791.8,0.0,45341.3,0.0,16959.2,46624.1,20381.9,67699.1,106358.6,128652.3,114000.2,148
2033.4,148124.0,29846.0,29622.0,44328.0,44328.0,68659.0,56711.3,15920.5,13791.8,0.0,45341.3,0.0,16959.2,46624.1,20381.7,67698.8,106358.8,128652.3,114000.2,148
2034.4,148124.0,29846.0,29622.0,44328.0,44328.0,68659.0,56711.3,15920.6,13791.8,0.0,45341.3,0.0,16959.5,46624.1,20383.3,67700.5,106357.2,128652.3,114000.3,148
2035.5,148124.0,29846.0,29622.0,44328.0,44328.0,68659.0,56711.3,15920.6,13791.8,0.0,45341.3,0.0,16959.4,46624.2,20383.3,67700.6,106357.2,128652.3,114000.3,148
2036.5,148124.0,29846.0,29622.0,44328.0,44328.0,68659.0,56711.3,15920.6,13791.8,0.0,45341.3,0.0,16959.3,46624.2,20383.4,67700.7,106357.1,128652.3,114000.3,148
2037.5,148124.0,29846.0,29622.0,44328.0,44328.0,68659.0,56711.3,15920.6,13791.8,0.0,45341.3,0.0,16959.3,46624.2,20383.8,67701.0,106356.7,128652.3,114000.3,148
2038.6,148124.0,29846.0,29622.0,44328.0,44328.0,68659.0,56711.3,15920.6,13791.8,0.0,45341.4,0.0,16959.3,46624.3,20383.7,67701.1,106356.8,128652.3,114000.4,148
2039.6,148124.0,29846.0,29622.0,44328.0,44328.0,68659.0,56711.3,15920.6,13791.8,0.0,45341.4,0.0,16959.3,46624.4,20383.9,67701.4,106356.6,128652.3,114000.4,148
2040.6,148124.0,29846.0,29622.0,44328.0,44328.0,68659.0,56711.3,15920.6,13791.8,0.0,45341.4,0.0,16959.3,46624.4,20383.6,67701.1,106356.9,128652.3,114000.4,148
2041.6,148124.0,29846.0,29622.0,44328.0,44328.0,68629.0,56681.4,15890.6,13761.8,0.0,45341.4,0.0,16929.4,46624.6,20359.9,67677.6,106380.6,128652.3,113970.4,148
2042.7,148124.0,29846.0,29622.0,44328.0,44328.0,68607.9,56660.2,15869.5,13740.7,0.0,45341.4,0.0,16983.1,46629.2,20423.7,67746.1,106316.8,128652.3,113949.3,148
2043.7,148124.0,29846.0,29622.0,44328.0,44328.0,68607.9,56660.2,15869.5,13740.7,0.0,45341.4,0.0,16907.5,46623.7,20333.1,67649.9,106407.4,128652.3,113949.3,148
2044.8,148124.0,29846.0,29622.0,44328.0,44328.0,68608.0,56660.4,15869.6,13740.8,0.0,45341.5,0.0,16907.6,46623.4,20335.0,67651.5,106405.5,128652.3,113949.5,148
2045.8,148124.0,29846.0,29622.0,44328.0,44328.0,68608.0,56660.4,15869.6,13740.8,0.0,45341.5,0.0,16907.7,46623.4,20335.4,67651.9,106405.1,128652.3,113949.5,148
2046.9,148124.0,29846.0,29622.0,44328.0,44328.0,68608.0,56660.4,15869.6,13740.8,0.0,45341.5,0.0,16907.6,46623.4,20335.1,67651.6,106405.4,128652.3,113949.5,148
2047.9,148124.0,29846.0,29622.0,44328.0,44328.0,68608.0,56660.4,15869.6,13740.8,0.0,45341.5,0.0,16907.6,46623.4,20336.1,67652.7,106404.3,128652.3,113949.5,148
2049.0,148124.0,29846.0,29622.0,44328.0,44328.0,68608.0,56660.4,15869.6,13740.8,0.0,45341.5,0.0,16908.3,46623.4,20338.0,67654.5,106402.5,128652.3,113949.5,148
2050.0,148124.0,29846.0,29622.0,44328.0,44328.0,68608.0,56660.4,15869.6,13740.8,0.0,45341.5,0.0,16908.3,46623.4,20337.8,67654.4,106402.7,128652.3,113949.5,148
2051.0,148124.0,29846.0,29622.0,44328.0,44328.0,68608.0,56660.4,15869.6,13740.8,0.0,45341.5,0.0,16908.3,46623.5,20335.6,67652.1,106404.9,128652.3,113949.5,148
2052.1,148124.0,29846.0,29622.0,44328.0,44328.0,68608.0,56660.4,15869.6,13740.8,0.0,45341.5,0.0,16908.3,46623.3,20341.5,67657.9,106399.0,128652.3,113949.5,148
2053.1,148124.0,29846.0,29622.0,44328.0,44328.0,68608.0,56660.4,15869.6,13740.8,0.0,45341.5,0.0,16908.3,46623.3,20343.2,67659.6,106397.3,128652.3,113949.5,148
2054.2,148124.0,29846.0,29622.0,44328.0,44328.0,68608.0,56660.4,15869.6,13740.8,0.0,45341.5,0.0,16908.3,46623.3,20340.9,67657.3,106399.6,128652.3,113949.5,148
2055.2,148124.0,29846.0,29622.0,44328.0,44328.0,68608.0,56660.4,15869.6,13740.8,0.0,45341.5,0.0,16908.3,46623.4,20341.2,67657.6,106399.3,128652.3,113949.5,148
2056.3,148124.0,29846.0,29622.0,44328.0,44328.0,68608.0,56660.4,15869.6,13740.8,0.0,45341.6,0.0,16908.5,46623.5,20336.7,67653.3,106403.8,128652.3,113949.7,148
2057.3,148124.0,29846.0,29622.0,44328.0,44328.0,68608.0,56660.4,15869.6,13740.8,0.0,45341.7,0.0,16908.3,46623.3,20337.0,67653.4,106403.5,128652.3,113949.7,148
2058.3,148124.0,29846.0,29622.0,44328.0,44328.0,68608.0,56660.4,15869.6,13740.8,0.0,45341.7,0.0,16911.5,46623.3,20338.8,67655.3,106401.6,128652.3,113949.7,148
2059.3,148124.0,29846.0,29622.0,44328.0,44328.0,68608.0,56660.4,15869.6,13740.8,0.0,45341.7,0.0,16908.7,46623.3,20337.1,67653.5,106403.3,128652.3,113949.7,148
2060.4,148124.0,29846.0,29622.0,44328.0,44328.0,68608.0,56660.4,15869.6,13740.8,0.0,45341.7,0.0,16908.4,46623.1,20342.8,67659.0,106397.7,128652.3,113949.7,148
2061.4,148124.0,29846.0,29622.0,44328.0,44328.0,68608.0,56660.4,15869.6,13740.8,0.0,45341.7,0.0,16908.4,46623.1,20343.6,67659.8,106396.9,128652.3,113949.7,148
2062.4,148124.0,29846.0,29622.0,44328.0,44328.0,68608.0,56660.4,15869.6,13740.8,0.0,45341.7,0.0,16908.4,46623.7,20335.8,67652.6,106404.7,128652.3,113949.7,148
2063.5,148124.0,29846.0,29622.0,44328.0,44328.0,68608.0,56660.4,15869.6,13740.8,0.0,45341.7,0.0,16908.4,46623.5,20337.6,67654.2,106402.9,128652.3,113949.7,148
2064.5,148124.0,29846.0,29622.0,44328.0,44328.0,68608.0,56660.4,15869.6,13740.8,0.0,45341.7,0.0,16908.4,46623.5,20337.9,67654.5,106402.5,128652.3,113949.7,148
2065.6,148124.0,29846.0,29622.0,44328.0,44328.0,68608.0,56660.4,15869.6,13740.8,0.0,45341.7,0.0,16908.7,46623.5,20338.0,67654.6,106402.5,128652.3,113949.7,148
2066.7,148124.0,29846.0,29622.0,44328.0,44328.0,68608.0,56660.4,15869.6,13740.8,0.0,45341.7,0.0,16908.8,46623.6,20339.4,67656.1,106401.0,128652.3,113949.7,148
2067.7,148124.0,29846.0,29622.0,44328.0,44328.0,68608.0,56660.4,15869.6,13740.8,0.0,45341.7,0.0,16908.5,46623.7,20338.2,67655.1,106402.2,128652.3,113949.7,148
2068.8,148124.0,29846.0,29622.0,44328.0,44328.0,68608.0,56660.4,15869.6,13740.8,0.0,45341.7,0.0,16908.6,46623.7,20339.5,67656.4,106400.9,128652.3,113949.7,148
2069.8,148124.0,29846.0,29622.0,44328.0,44328.0,68608.0,56660.4,15869.6,13740.8,0.0,45341.7,0.0,16908.6,46623.7,20338.1,67654.9,106402.4,128652.3,113949.7,148
2070.9,148124.0,29846.0,29622.0,44328.0,44328.0,68608.0,56660.4,15869.6,13740.8,0.0,45341.7,0.0,16908.7,46623.7,20336.5,67653.3,106404.0,128652.3,113949.7,148
2071.9,148124.0,29846.0,29622.0,44328.0,44328.0,68608.0,56660.4,15869.6,13740.8,0.0,45341.7,0.0,16908.7,46623.6,20332.6,67649.3,106407.9,128652.3,113949.7,148
2073.0,148124.0,29846.0,29622.0,44328.0,44328.0,68608.0,56660.4,15869.6,13740.8,0.0,45341.7,0.0,16908.7,46627.2,20339.6,67659.9,106400.9,128652.3,113949.7,148
2074.0,148124.0,29846.0,29622.0,44328.0,44328.0,68608.0,56660.4,15869.6,13740.8,0.0,45341.7,0.0,16908.7,46623.0,20325.6,67641.7,106414.9,128652.3,113949.7,148
2075.0,148124.0,29846.0,29622.0,44328.0,44328.0,68608.0,56660.4,15869.6,13740.8,0.0,45341.8,0.0,16908.7,46623.1,20325.1,67641.3,106415.3,128652.3,113949.9,148
2076.1,148124.0,29846.0,29622.0,44328.0,44328.0,68608.0,56660.4,15869.6,13740.8,0.0,45341.8,0.0,16908.7,46623.4,20325.7,67642.2,106414.8,128652.3,113949.9,148
2077.1,148124.0,29846.0,29622.0,44328.0,44328.0,68608.0,56660.4,15869.6,13740.8,0.0,45341.9,0.0,16908.7,46623.4,20325.8,67642.3,106414.7,128652.3,113949.9,148
2078.2,148124.0,29846.0,29622.0,44328.0,44328.0,68608.0,56660.4,15869.6,13740.8,0.0,45341.9,0.0,16908.8,46623.4,20326.1,67642.7,106414.3,128652.3,113949.9,148
2079.2,148124.0,29846.0,29622.0,44328.0,44328.0,68608.0,56660.4,15869.6,13740.8,0.0,45341.9,0.0,16908.8,46623.4,20327.2,67643.8,106413.2,128652.3,113949.9,148
2080.3,148124.0,29846.0,29622.0,44328.0,44328.0,68608.0,56660.4,15869.6,13740.8,0.0,45341.9,0.0,16908.6,46623.9,20333.1,67650.2,106407.4,128652.3,113949.9,148
2081.3,148124.0,29846.0,29622.0,44328.0,44328.0,68608.0,56660.4,15869.6,13740.8,0.0,45341.9,0.0,16908.6,46623.8,20331.0,67647.9,106409.5,128652.3,113949.9,148
2082.3,148124.0,29846.0,29622.0,44328.0,44328.0,68608.0,56660.4,15869.6,13740.8,0.0,45341.9,0.0,16908.6,46623.8,20331.9,67648.8,106408.6,128652.3,113949.9,148
2083.4,148124.0,29846.0,29622.0,44328.0,44328.0,68608.0,56660.4,15869.6,13740.8,0.0,45341.9,0.0,16908.9,46624.8,20337.2,67655.2,106403.2,128652.3,113949.9,148
2084.4,148124.0,29846.0,29622.0,44328.0,44328.0,68608.0,56660.4,15869.6,13740.8,0.0,45341.9,0.0,16909.2,46625.5,20336.9,67655.6,106403.5,128652.3,113949.9,148
2085.4,148124.0,29846.0,29622.0,44328.0,44328.0,68608.0,56660.4,15869.6,13740.8,0.0,45341.9,0.0,16908.7,46623.3,20335.0,67651.4,106405.4,128652.3,113949.9,148
2086.5,148124.0,29846.0,29622.0,44328.0,44328.0,68608.0,56660.4,15869.6,13740.8,0.0,45341.9,0.0,16908.7,46623.3,20336.3,67652.7,106404.1,128652.3,113949.9,148
2087.5,148124.0,29846.0,29622.0,44328.0,44328.0,68608.0,56660.4,15869.6,13740.8,0.0,45341.9,0.0,16908.7,46623.6,20332.5,67649.3,106407.9,128652.3,113949.9,148
2088.5,148124.0,29846.0,29622.0,44328.0,44328.0,68608.0,56660.4,15869.6,13740.8,0.0,45342.0,0.0,16908.7,46623.0,20340.5,67656.6,106400.0,128652.3,113950.1,148
2089.5,148124.0,29846.0,29622.0,44328.0,44328.0,68608.0,56660.4,15869.6,13740.8,0.0,45342.0,0.0,16908.7,46622.9,20339.3,67655.4,106401.2,128652.3,113950.1,148
2090.6,148124.0,29846.0,29622.0,44328.0,44328.0,68608.0,56660.4,15869.6,13740.8,0.0,45342.1,0.0,16908.7,46622.9,20338.9,67655.0,106401.6,128652.3,113950.1,148
2091.6,148124.0,29846.0,29622.0,44328.0,44328.0,68608.0,56660.4,15869.6,13740.8,0.0,45342.1,0.0,16908.7,46622.9,20339.2,67655.3,106401.2,128652.3,113950.1,148
2092.6,148124.0,29846.0,29622.0,44328.0,44328.0,68608.0,56660.4,15869.6,13740.8,0.0,45342.1,0.0,16908.7,46623.7,20327.5,67644.3,106413.0,128652.3,113950.1,148
2093.6,148124.0,29846.0,29622.0,44328.0,44328.0,68608.0,56660.4,15869.6,13740.8,0.0,45342.1,0.0,16908.6,46623.7,20327.3,67644.1,106413.1,128652.3,113950.1,148
2094.7,148124.0,29846.0,29622.0,44328.0,44328.0,68608.0,56660.4,15869.6,13740.8,0.0,45342.1,0.0,16908.6,46624.2,20330.8,67648.1,106409.6,128652.3,113950.1,148
2095.7,148124.0,29846.0,29622.0,44328.0,44328.0,68608.0,56660.4,15869.6,13740.8,0.0,45342.1,0.0,16908.7,46623.7,20329.3,67646.2,106411.1,128652.3,113950.1,148
2096.7,148124.0,29846.0,29622.0,44328.0,44328.0,68608.0,56660.4,15869.6,13740.8,0.0,45342.1,0.0,16908.6,46623.7,20329.5,67646.3,106411.0,128652.3,113950.1,148
2097.7,148124.0,29846.0,29622.0,44328.0,44328.0,68608.0,56660.4,15869.6,13740.8,0.0,45342.1,0.0,16908.5,46623.7,20329.9,67646.8,106410.5,128652.3,113950.1,148
2098.8,148124.0,29846.0,29622.0,44328.0,44328.0,68608.0,56660.4,15869.6,13740.8,0.0,45342.1,0.0,16908.8,46623.7,20329.8,67646.6,106410.7,128652.3,113950.1,148
2099.8,148124.0,29846.0,29622.0,44328.0,44328.0,68608.0,56660.4,15869.6,13740.8,0.0,45342.1,0.0,16908.7,46623.7,20330.6,67647.4,106409.8,128652.3,113950.1,148
2100.8,148124.0,29846.0,29622.0,44328.0,44328.0,68608.0,56660.4,15869.6,13740.8,0.0,45342.1,0.0,16908.7,46624.4,20329.8,67647.4,106410.6,128652.3,113950.1,148
2101.9,148124.0,29846.0,29622.0,44328.0,44328.0,68608.0,56660.4,15869.6,13740.8,0.0,45342.1,0.0,16908.7,46624.2,20329.8,67647.2,106410.6,128652.3,113950.1,148
2102.9,148124.0,29846.0,29622.0,44328.0,44328.0,68608.0,56660.4,15869.6,13740.8,0.0,45342.1,0.0,16908.7,46623.9,20332.8,67649.9,106407.6,128652.3,113950.1,148
2103.9,148124.0,29846.0,29622.0,44328.0,44328.0,68608.0,56660.4,15869.6,13740.8,0.0,45342.1,0.0,16908.7,46624.2,20332.3,67649.7,106408.1,128652.3,113950.1,148
2105.0,148124.0,29846.0,29622.0,44328.0,44328.0,68608.0,56660.4,15869.6,13740.8,0.0,45342.1,0.0,16908.9,46624.2,20333.6,67650.9,106406.9,128652.3,113950.1,148
2106.1,148124.0,29846.0,29622.0,44328.0,44328.0,68608.0,56660.4,15869.6,13740.8,0.0,45342.1,0.0,16908.7,46625.5,20330.3,67649.0,106410.1,128652.3,113950.2,148
2107.1,148124.0,29846.0,29622.0,44328.0,44328.0,68608.0,56660.4,15869.6,13740.8,0.0,45342.1,0.0,16908.8,46624.7,20330.0,67647.9,106410.4,128652.3,113950.2,148
2108.1,148124.0,29846.0,29622.0,44328.0,44328.0,68608.0,56660.4,15869.6,13740.8,0.0,45342.1,0.0,16908.8,46627.7,20339.4,67660.3,106401.0,128652.3,113950.2,148
2109.2,148124.0,29846.0,29622.0,44328.0,44328.0,68608.0,56660.4,15869.6,13740.8,0.0,45342.1,0.0,16909.2,46625.4,20335.9,67654.5,106404.5,128652.3,113950.2,148
2110.2,148124.0,29846.0,29622.0,44328.0,44328.0,68608.0,56660.4,15869.6,13740.8,0.0,45342.2,0.0,16908.7,46625.5,20335.7,67654.4,106404.7,128652.3,113950.2,148
2111.2,148124.0,29846.0,29622.0,44328.0,44328.0,68608.0,56660.4,15869.6,13740.8,0.0,45342.3,0.0,16908.9,46625.6,20343.5,67662.3,106396.9,128652.3,113950.3,148
2112.3,148124.0,29846.0,29622.0,44328.0,44328.0,68608.0,56660.4,15869.6,13740.8,0.0,45342.3,0.0,16908.8,46625.1,20342.3,67660.6,106398.1,128652.3,113950.3,148
2113.3,148124.0,29846.0,29622.0,44328.0,44328.0,68616.8,56669.1,15878.4,13749.6,0.0,45342.3,0.0,16917.4,46625.0,20347.7,67665.9,106392.7,128652.3,113959.1,148
2114.3,148124.0,29846.0,29622.0,44328.0,44328.0,68616.8,56669.1,15878.4,13749.6,0.0,45342.3,0.0,16917.6,46625.0,20350.6,67668.8,106389.8,128652.3,113959.1,148
2115.4,148124.0,29846.0,29622.0,44328.0,44328.0,68616.8,56669.1,15878.4,13749.6,0.0,45342.3,0.0,16917.6,46625.0,20349.9,67668.1,106390.5,128652.3,113959.1,148
2116.4,148124.0,29846.0,29622.0,44328.0,44328.0,68616.8,56669.1,15878.4,13749.6,0.0,45342.3,0.0,16918.1,46625.0,20350.9,67669.2,106389.5,128652.3,113959.1,148
2117.4,148124.0,29846.0,29622.0,44328.0,44328.0,68616.8,56669.1,15878.4,13749.6,0.0,45342.3,0.0,16918.1,46625.0,20350.8,67669.0,106389.6,128652.3,113959.1,148
2118.4,148124.0,29846.0,29622.0,44328.0,44328.0,68623.4,56675.7,15884.9,13756.2,0.0,45342.3,0.0,16924.2,46625.0,20359.6,67677.8,106380.8,128652.3,113965.7,148
2119.5,148124.0,29846.0,29622.0,44328.0,44328.0,68625.5,56677.9,15887.1,13758.3,0.0,45342.3,0.0,16924.9,46626.3,20368.7,67688.2,106371.7,128652.3,113967.8,148
2120.5,148124.0,29846.0,29622.0,44328.0,44328.0,68625.0,56677.4,15886.6,13757.8,0.0,45342.3,0.0,16926.3,46625.4,20354.5,67673.1,106385.9,128652.3,113967.4,148
2121.5,148124.0,29846.0,29622.0,44328.0,44328.0,68625.0,56677.4,15886.6,13757.8,0.0,45342.4,0.0,16926.0,46626.1,20385.8,67705.1,106354.6,128652.3,113967.4,148
2122.6,148124.0,29846.0,29622.0,44328.0,44328.0,68625.0,56677.4,15886.6,13757.8,0.0,45342.4,0.0,16925.8,46627.7,20360.1,67681.1,106380.3,128652.3,113967.4,148
2123.6,148124.0,29846.0,29622.0,44328.0,44328.0,68625.0,56677.4,15886.6,13757.8,0.0,45342.4,0.0,16925.8,46625.6,20370.6,67689.4,106369.8,128652.3,113967.4,148
2124.6,148124.0,29846.0,29622.0,44328.0,44328.0,68625.0,56677.4,15886.6,13757.9,0.0,45342.4,0.0,16925.9,46628.2,20372.4,67693.8,106368.0,128652.3,113967.4,148
2125.7,148124.0,29846.0,29622.0,44328.0,44328.0,68625.6,56677.9,15887.1,13758.4,0.0,45342.5,0.0,16926.4,46626.1,20370.7,67690.0,106369.7,128652.3,113968.1,148
2126.7,148124.0,29846.0,29622.0,44328.0,44328.0,68625.6,56677.9,15887.1,13758.4,0.0,45342.5,0.0,16926.6,46627.8,20369.4,67690.5,106370.9,128652.3,113968.1,148
2127.7,148124.0,29846.0,29622.0,44328.0,44328.0,68625.6,56677.9,15887.1,13758.4,0.0,45342.5,0.0,16926.6,46627.7,20368.7,67689.7,106371.7,128652.3,113968.1,148
2128.7,148124.0,29846.0,29622.0,44328.0,44328.0,68625.6,56677.9,15887.1,13758.4,0.0,45342.5,0.0,16926.6,46626.8,20370.5,67690.5,106369.9,128652.3,113968.1,148
2129.8,148124.0,29846.0,29622.0,44328.0,44328.0,68625.6,56677.9,15887.1,13758.4,0.0,45342.6,0.0,16926.6,46625.8,20369.6,67688.7,106370.8,128652.3,113968.1,148
2130.8,148124.0,29846.0,29622.0,44328.0,44328.0,68625.6,56677.9,15887.1,13758.4,0.0,45342.6,0.0,16926.7,46625.8,20369.0,67688.1,106371.3,128652.3,113968.1,148
2131.8,148124.0,29846.0,29622.0,44328.0,44328.0,68625.6,56677.9,15887.1,13758.4,0.0,45342.6,0.0,16926.6,46625.8,20366.6,67685.6,106373.8,128652.3,113968.1,148
2132.8,148124.0,29846.0,29622.0,44328.0,44328.0,68625.6,56677.9,15887.1,13758.4,0.0,45342.6,0.0,16926.7,46625.9,20370.2,67689.3,106370.2,128652.3,113968.1,148
2133.8,148124.0,29846.0,29622.0,44328.0,44328.0,68625.6,56677.9,15887.1,13758.4,0.0,45342.6,0.0,16926.7,46625.9,20371.0,67690.1,106369.4,128652.3,113968.1,148
2134.9,148124.0,29846.0,29622.0,44328.0,44328.0,68625.6,56677.9,15887.1,13758.4,0.0,45342.6,0.0,16926.7,46625.9,20370.6,67689.7,106369.8,128652.3,113968.1,148
2135.9,148124.0,29846.0,29622.0,44328.0,44328.0,68625.6,56677.9,15887.1,13758.4,0.0,45342.6,0.0,16927.1,46625.5,20368.5,67687.2,106371.9,128652.3,113968.1,148
2136.9,148124.0,29846.0,29622.0,44328.0,44328.0,68625.6,56677.9,15887.1,13758.4,0.0,45342.6,0.0,16926.7,46625.6,20368.4,67687.2,106371.9,128652.3,113968.1,148
2137.9,148124.0,29846.0,29622.0,44328.0,44328.0,68675.5,56727.9,15937.1,13808.3,0.0,45342.6,0.0,16976.4,46630.0,20434.9,67758.1,106305.4,128652.3,114018.1,148
2138.9,148124.0,29846.0,29622.0,44328.0,44328.0,68625.3,56677.7,15886.9,13758.1,0.0,45342.6,0.0,16926.9,46626.6,20371.7,67691.5,106368.7,128652.3,113967.9,148
2139.9,148124.0,29846.0,29622.0,44328.0,44328.0,68625.3,56677.7,15886.9,13758.1,0.0,45342.6,0.0,16926.4,46626.6,20371.0,67690.9,106369.3,128652.3,113967.9,148
2141.0,148124.0,29846.0,29622.0,44328.0,44328.0,68625.3,56677.7,15886.9,13758.1,0.0,45342.6,0.0,16926.4,46627.2,20372.3,67692.7,106368.1,128652.3,113967.9,148
2142.1,148124.0,29846.0,29622.0,44328.0,44328.0,68625.3,56677.7,15886.9,13758.1,0.0,45342.6,0.0,16926.4,46626.5,20371.6,67691.3,106368.8,128652.3,113967.9,148
2143.1,148124.0,29846.0,29622.0,44328.0,44328.0,68625.3,56677.7,15886.9,13758.1,0.0,45342.6,0.0,16926.6,46626.2,20372.2,67691.7,106368.1,128652.3,113967.9,148
2144.1,148124.0,29846.0,29622.0,44328.0,44328.0,68631.3,56683.6,15892.8,13764.1,0.0,45342.6,0.0,16932.4,46625.9,20375.3,67694.4,106365.1,128652.3,113973.9,148
2145.1,148124.0,29846.0,29622.0,44328.0,44328.0,68631.3,56683.6,15892.8,13764.1,0.0,45342.6,0.0,16932.4,46625.9,20375.8,67695.0,106364.5,128652.3,113973.9,148
2146.2,148124.0,29846.0,29622.0,44328.0,44328.0,68631.3,56683.6,15892.8,13764.1,0.0,45342.6,0.0,16932.4,46625.9,20374.7,67693.9,106365.7,128652.3,113973.9,148
2147.3,148124.0,29846.0,29622.0,44328.0,44328.0,68631.3,56683.6,15892.8,13764.1,0.0,45342.6,0.0,16932.4,46625.9,20374.3,67693.5,106366.1,128652.3,113973.9,148
2148.4,148124.0,29846.0,29622.0,44328.0,44328.0,68651.1,56703.4,15912.7,13783.9,0.0,45342.6,0.0,16952.3,46626.4,20391.5,67711.2,106348.8,128652.3,113993.7,148
2149.4,148124.0,29846.0,29622.0,44328.0,44328.0,68651.1,56703.4,15912.7,13783.9,0.0,45342.6,0.0,16952.4,46626.4,20393.2,67712.9,106347.1,128652.3,113993.7,148
2150.5,148124.0,29846.0,29622.0,44328.0,44328.0,68651.1,56703.4,15912.7,13783.9,0.0,45342.7,0.0,16952.3,46626.6,20390.7,67710.5,106349.7,128652.3,113993.8,148
2151.7,148124.0,29846.0,29622.0,44328.0,44328.0,68651.1,56703.4,15912.7,13783.9,0.0,45342.7,0.0,16952.3,46627.1,20392.6,67712.9,106347.8,128652.3,113993.8,148
2152.7,148124.0,29846.0,29622.0,44328.0,44328.0,68651.1,56703.4,15912.7,13783.9,0.0,45342.7,0.0,16952.3,46628.5,20392.6,67714.4,106347.7,128652.3,113993.8,148
2153.8,148124.0,29846.0,29622.0,44328.0,44328.0,68651.1,56703.4,15912.7,13783.9,0.0,45342.7,0.0,16952.3,46627.8,20390.5,67711.5,106349.9,128652.3,113993.8,148
2154.8,148124.0,29846.0,29622.0,44328.0,44328.0,68651.1,56703.4,15912.7,13783.9,0.0,45342.7,0.0,16952.3,46627.8,20391.8,67712.8,106348.6,128652.3,113993.8,148
2155.9,148124.0,29846.0,29622.0,44328.0,44328.0,68651.1,56703.4,15912.7,13783.9,0.0,45342.7,0.0,16952.3,46628.2,20390.3,67711.8,106350.0,128652.3,113993.8,148
2156.9,148124.0,29846.0,29622.0,44328.0,44328.0,68651.1,56703.4,15912.7,13783.9,0.0,45342.7,0.0,16952.3,46628.5,20392.6,67714.4,106347.7,128652.3,113993.8,148
2158.0,148124.0,29846.0,29622.0,44328.0,44328.0,68651.1,56703.4,15912.7,13783.9,0.0,45342.7,0.0,16952.8,46628.5,20391.3,67713.0,106349.1,128652.3,113993.8,148
2159.0,148124.0,29846.0,29622.0,44328.0,44328.0,68651.1,56703.4,15912.7,13783.9,0.0,45342.7,0.0,16952.3,46628.5,20391.6,67713.4,106348.7,128652.3,113993.8,148
2160.0,148124.0,29846.0,29622.0,44328.0,44328.0,68651.1,56703.4,15912.7,13783.9,0.0,45342.7,0.0,16952.4,46628.5,20392.5,67714.2,106347.9,128652.3,113993.8,148
2161.1,148124.0,29846.0,29622.0,44328.0,44328.0,68651.1,56703.4,15912.7,13783.9,0.0,45342.7,0.0,16952.4,46628.3,20388.2,67709.8,106352.2,128652.3,113993.8,148
2162.1,148124.0,29846.0,29622.0,44328.0,44328.0,68651.1,56703.4,15912.7,13783.9,0.0,45342.7,0.0,16952.4,46629.3,20387.3,67709.8,106353.1,128652.3,113993.8,148
2163.1,148124.0,29846.0,29622.0,44328.0,44328.0,68651.1,56703.4,15912.7,13783.9,0.0,45342.8,0.0,16952.5,46628.6,20394.6,67716.4,106345.7,128652.3,113993.9,148
2164.1,148124.0,29846.0,29622.0,44328.0,44328.0,68651.1,56703.4,15912.7,13783.9,0.0,45342.8,0.0,16952.4,46628.9,20395.7,67717.8,106344.7,128652.3,113993.9,148
2165.1,148124.0,29846.0,29622.0,44328.0,44328.0,68651.1,56703.4,15912.7,13783.9,0.0,45342.8,0.0,16952.4,46628.9,20396.5,67718.6,106343.9,128652.3,113993.9,148
2166.2,148124.0,29846.0,29622.0,44328.0,44328.0,68651.1,56703.4,15912.7,13783.9,0.0,45342.8,0.0,16952.4,46628.9,20395.9,67718.0,106344.5,128652.3,113993.9,148
2167.2,148124.0,29846.0,29622.0,44328.0,44328.0,68651.1,56703.4,15912.7,13783.9,0.0,45342.8,0.0,16952.4,46629.3,20398.5,67721.1,106341.8,128652.3,113993.9,148
2168.4,148124.0,29846.0,29622.0,44328.0,44328.0,68601.8,56654.2,15863.4,13734.6,0.0,45342.8,0.0,16903.2,46627.7,20345.2,67666.2,106395.1,128652.3,113944.6,148
2169.5,148124.0,29846.0,29622.0,44328.0,44328.0,68601.8,56654.2,15863.4,13734.6,0.0,45342.9,0.0,16903.3,46627.8,20344.8,67665.8,106395.6,128652.3,113944.8,148
2170.5,148124.0,29846.0,29622.0,44328.0,44328.0,68601.8,56654.2,15863.4,13734.6,0.0,45342.9,0.0,16903.2,46627.7,20344.1,67665.1,106396.2,128652.3,113944.8,148
2171.6,148124.0,29846.0,29622.0,44328.0,44328.0,68601.8,56654.2,15863.4,13734.6,0.0,45343.1,0.0,16903.2,46627.9,20347.6,67668.7,106392.7,128652.3,113944.9,148
2172.6,148124.0,29846.0,29622.0,44328.0,44328.0,68601.8,56654.2,15863.4,13734.6,0.0,45343.1,0.0,16903.7,46627.9,20346.0,67667.1,106394.3,128652.3,113944.9,148
2173.7,148124.0,29846.0,29622.0,44328.0,44328.0,68601.8,56654.2,15863.4,13734.6,0.0,45343.1,0.0,16903.3,46631.9,20353.4,67678.5,106387.0,128652.3,113944.9,148
2174.7,148124.0,29846.0,29622.0,44328.0,44328.0,68601.8,56654.2,15863.4,13734.6,0.0,45343.1,0.0,16903.3,46628.4,20346.2,67667.8,106394.2,128652.3,113944.9,148
2175.8,148124.0,29846.0,29622.0,44328.0,44328.0,68635.4,56687.7,15896.9,13768.2,0.0,45343.1,0.0,16903.4,46629.5,20360.3,67683.1,106380.0,128652.3,113978.5,148
2176.8,148124.0,29846.0,29622.0,44328.0,44328.0,68635.4,56687.7,15896.9,13768.2,0.0,45343.1,0.0,16936.9,46627.5,20383.7,67704.5,106356.6,128652.3,113978.5,148
2177.8,148124.0,29846.0,29622.0,44328.0,44328.0,68635.4,56687.7,15896.9,13768.2,0.0,45343.1,0.0,16937.1,46628.1,20376.5,67697.8,106363.9,128652.3,113978.5,148
2178.8,148124.0,29846.0,29622.0,44328.0,44328.0,68635.4,56687.7,15896.9,13768.2,0.0,45343.1,0.0,16936.1,46628.1,20375.7,67697.1,106364.6,128652.3,113978.5,148
2179.9,148124.0,29846.0,29622.0,44328.0,44328.0,68635.4,56687.7,15896.9,13768.2,0.0,45343.1,0.0,16936.3,46628.1,20376.6,67697.9,106363.8,128652.3,113978.5,148
2180.9,148124.0,29846.0,29622.0,44328.0,44328.0,68635.4,56687.7,15896.9,13768.2,0.0,45343.1,0.0,16936.1,46628.1,20376.9,67698.3,106363.4,128652.3,113978.5,148
2181.9,148124.0,29846.0,29622.0,44328.0,44328.0,68635.4,56687.7,15896.9,13768.2,0.0,45343.1,0.0,16936.1,46628.1,20372.3,67693.7,106368.0,128652.3,113978.5,148
2182.9,148124.0,29846.0,29622.0,44328.0,44328.0,68635.4,56687.7,15896.9,13768.2,0.0,45343.1,0.0,16936.6,46627.8,20368.5,67689.6,106371.8,128652.3,113978.5,148
2183.9,148124.0,29846.0,29622.0,44328.0,44328.0,68635.4,56687.7,15896.9,13768.2,0.0,45343.4,0.0,16936.2,46628.0,20372.6,67693.9,106367.7,128652.3,113978.7,148
2184.9,148124.0,29846.0,29622.0,44328.0,44328.0,68635.4,56687.7,15896.9,13768.2,0.0,45343.4,0.0,16936.2,46628.0,20368.5,67689.8,106371.8,128652.3,113978.7,148
2186.0,148124.0,29846.0,29622.0,44328.0,44328.0,68635.4,56687.7,15896.9,13768.2,0.0,45343.4,0.0,16936.4,46628.0,20370.6,67691.8,106369.8,128652.3,113978.7,148
2187.0,148124.0,29846.0,29622.0,44328.0,44328.0,68635.4,56687.7,15896.9,13768.2,0.0,45343.4,0.0,16936.4,46628.0,20371.4,67692.7,106368.9,128652.3,113978.7,148
2188.0,148124.0,29846.0,29622.0,44328.0,44328.0,68635.4,56687.7,15896.9,13768.2,0.0,45343.4,0.0,16936.6,46628.0,20370.3,67691.6,106370.0,128652.3,113978.7,148
2189.1,148124.0,29846.0,29622.0,44328.0,44328.0,68635.4,56687.7,15896.9,13768.2,0.0,45343.4,0.0,16936.6,46628.0,20371.3,67692.6,106369.0,128652.3,113978.8,148
2190.1,148124.0,29846.0,29622.0,44328.0,44328.0,68635.4,56687.7,15896.9,13768.2,0.0,45343.4,0.0,16936.4,46628.0,20370.8,67692.1,106369.5,128652.3,113978.8,148
2191.2,148124.0,29846.0,29622.0,44328.0,44328.0,68635.4,56687.7,15896.9,13768.2,0.0,45343.4,0.0,16936.4,46628.2,20369.8,67691.3,106370.5,128652.3,113978.8,148
2192.3,148124.0,29846.0,29622.0,44328.0,44328.0,68635.4,56687.7,15896.9,13768.2,0.0,45343.5,0.0,16936.4,46628.4,20369.9,67691.6,106370.4,128652.3,113978.9,148
2193.4,148124.0,29846.0,29622.0,44328.0,44328.0,68635.4,56687.7,15896.9,13768.2,0.0,45343.5,0.0,16936.5,46628.9,20372.5,67694.6,106367.9,128652.3,113978.9,148
2194.5,148124.0,29846.0,29622.0,44328.0,44328.0,68635.4,56687.7,15896.9,13768.2,0.0,45343.5,0.0,16937.2,46628.8,20374.6,67696.7,106365.7,128652.3,113978.9,148
2195.6,148124.0,29846.0,29622.0,44328.0,44328.0,68635.4,56687.7,15896.9,13768.2,0.0,45343.7,0.0,16936.5,46628.2,20373.0,67694.5,106367.3,128652.3,113979.0,148
2196.6,148124.0,29846.0,29622.0,44328.0,44328.0,68635.4,56687.7,15896.9,13768.2,0.0,45343.7,0.0,16937.0,46628.2,20370.0,67691.5,106370.4,128652.3,113979.0,148
2197.8,148124.0,29846.0,29622.0,44328.0,44328.0,68640.9,56693.2,15902.4,13773.7,0.0,45343.7,0.0,16941.9,46629.7,20371.5,67694.5,106368.8,128652.3,113984.5,148
2198.9,148124.0,29846.0,29622.0,44328.0,44328.0,68640.9,56693.2,15902.4,13773.7,0.0,45343.7,0.0,16942.0,46628.3,20372.7,67694.3,106367.6,128652.3,113984.5,148
2199.9,148124.0,29846.0,29622.0,44328.0,44328.0,68640.9,56693.2,15902.4,13773.7,0.0,45343.7,0.0,16942.0,46628.4,20375.6,67697.3,106364.8,128652.3,113984.5,148
2201.0,148124.0,29846.0,29622.0,44328.0,44328.0,68640.9,56693.2,15902.4,13773.7,0.0,45343.7,0.0,16942.0,46628.4,20375.4,67697.1,106364.9,128652.3,113984.5,148
2202.0,148124.0,29846.0,29622.0,44328.0,44328.0,68640.9,56693.2,15902.4,13773.7,0.0,45343.7,0.0,16942.5,46628.4,20374.8,67696.5,106365.5,128652.3,113984.5,148
2203.0,148124.0,29846.0,29622.0,44328.0,44328.0,68640.9,56693.2,15902.4,13773.7,0.0,45343.7,0.0,16942.0,46628.4,20375.4,67697.1,106364.9,128652.3,113984.5,148
2204.1,148124.0,29846.0,29622.0,44328.0,44328.0,68640.9,56693.2,15902.4,13773.7,0.0,45343.7,0.0,16942.0,46628.4,20373.0,67694.8,106367.3,128652.3,113984.5,148
2205.1,148124.0,29846.0,29622.0,44328.0,44328.0,68640.9,56693.2,15902.4,13773.7,0.0,45343.7,0.0,16942.0,46628.6,20373.3,67695.2,106367.0,128652.3,113984.5,148
2206.1,148124.0,29846.0,29622.0,44328.0,44328.0,68640.9,56693.2,15902.4,13773.7,0.0,45343.7,0.0,16942.5,46628.6,20371.2,67693.1,106369.1,128652.3,113984.5,148
2207.1,148124.0,29846.0,29622.0,44328.0,44328.0,68640.9,56693.2,15902.4,13773.7,0.0,45343.7,0.0,16942.0,46628.6,20371.1,67693.0,106369.2,128652.3,113984.5,148
2208.2,148124.0,29846.0,29622.0,44328.0,44328.0,68640.9,56693.2,15902.4,13773.7,0.0,45343.7,0.0,16942.0,46628.2,20373.6,67695.1,106366.7,128652.3,113984.6,148
2209.3,148124.0,29846.0,29622.0,44328.0,44328.0,68640.9,56693.2,15902.4,13773.7,0.0,45343.7,0.0,16942.1,46628.2,20369.7,67691.2,106370.6,128652.3,113984.6,148
2210.5,148124.0,29846.0,29622.0,44328.0,44328.0,68640.9,56693.2,15902.4,13773.7,0.0,45343.7,0.0,16942.1,46628.8,20374.4,67696.5,106365.9,128652.3,113984.6,148
2211.5,148124.0,29846.0,29622.0,44328.0,44328.0,68640.9,56693.2,15902.4,13773.7,0.0,45343.7,0.0,16942.1,46628.8,20374.7,67696.9,106365.5,128652.3,113984.6,148
2212.6,148124.0,29846.0,29622.0,44328.0,44328.0,68640.9,56693.2,15902.4,13773.7,0.0,45343.7,0.0,16942.1,46629.3,20377.3,67699.9,106363.0,128652.3,113984.6,148
2213.6,148124.0,29846.0,29622.0,44328.0,44328.0,68640.9,56693.2,15902.4,13773.7,0.0,45343.9,0.0,16942.1,46629.0,20375.7,67698.1,106364.6,128652.3,113984.7,148
2214.6,148124.0,29846.0,29622.0,44328.0,44328.0,68640.9,56693.2,15902.4,13773.7,0.0,45343.9,0.0,16942.1,46629.0,20373.8,67696.1,106366.5,128652.3,113984.7,148
2215.6,148124.0,29846.0,29622.0,44328.0,44328.0,68640.9,56693.2,15902.4,13773.7,0.0,45343.9,0.0,16942.1,46629.0,20374.3,67696.7,106365.9,128652.3,113984.7,148
2216.6,148124.0,29846.0,29622.0,44328.0,44328.0,68640.9,56693.2,15902.4,13773.7,0.0,45343.9,0.0,16942.1,46629.0,20375.2,67697.5,106365.1,128652.3,113984.7,148
2217.7,148124.0,29846.0,29622.0,44328.0,44328.0,68640.9,56693.2,15902.4,13773.7,0.0,45343.9,0.0,16942.1,46629.0,20380.1,67702.5,106360.2,128652.3,113984.7,148
2218.7,148124.0,29846.0,29622.0,44328.0,44328.0,68640.9,56693.2,15902.4,13773.7,0.0,45343.9,0.0,16942.6,46628.5,20376.7,67698.6,106363.6,128652.3,113984.8,148
2219.7,148124.0,29846.0,29622.0,44328.0,44328.0,68640.9,56693.2,15902.4,13773.7,0.0,45343.9,0.0,16942.2,46628.5,20379.4,67701.3,106360.9,128652.3,113984.8,148
2220.7,148124.0,29846.0,29622.0,44328.0,44328.0,68640.9,56693.2,15902.4,13773.7,0.0,45343.9,0.0,16942.2,46628.6,20378.0,67699.9,106362.3,128652.3,113984.8,148
2221.7,148124.0,29846.0,29622.0,44328.0,44328.0,68640.9,56693.2,15902.4,13773.7,0.0,45343.9,0.0,16942.2,46628.6,20378.1,67700.0,106362.2,128652.3,113984.8,148
2222.7,148124.0,29846.0,29622.0,44328.0,44328.0,68640.9,56693.2,15902.4,13773.7,0.0,45343.9,0.0,16942.2,46628.6,20378.0,67699.9,106362.3,128652.3,113984.8,148
2223.7,148124.0,29846.0,29622.0,44328.0,44328.0,68640.9,56693.2,15902.4,13773.7,0.0,45343.9,0.0,16942.2,46628.6,20375.4,67697.3,106364.9,128652.3,113984.8,148
2224.7,148124.0,29846.0,29622.0,44328.0,44328.0,68640.9,56693.2,15902.4,13773.7,0.0,45343.9,0.0,16942.2,46629.4,20376.3,67699.0,106364.0,128652.3,113984.8,148
2225.8,148124.0,29846.0,29622.0,44328.0,44328.0,68640.9,56693.2,15902.4,13773.7,0.0,45343.9,0.0,16942.3,46628.8,20375.0,67697.2,106365.3,128652.3,113984.8,148
2226.8,148124.0,29846.0,29622.0,44328.0,44328.0,68640.9,56693.2,15902.4,13773.7,0.0,45344.0,0.0,16942.3,46628.6,20376.0,67698.0,106364.2,128652.3,113984.8,148
2227.9,148124.0,29846.0,29622.0,44328.0,44328.0,68651.4,56703.8,15913.0,13784.2,0.0,45344.0,0.0,16953.2,46630.0,20383.3,67706.7,106356.9,128652.3,113995.4,148
2228.9,148124.0,29846.0,29622.0,44328.0,44328.0,68651.4,56703.8,15913.0,13784.2,0.0,45344.0,0.0,16953.0,46629.2,20384.7,67707.2,106355.6,128652.3,113995.4,148
2229.9,148124.0,29846.0,29622.0,44328.0,44328.0,68651.4,56703.8,15913.0,13784.2,0.0,45344.0,0.0,16952.9,46629.2,20385.7,67708.2,106354.6,128652.3,113995.4,148
2231.0,148124.0,29846.0,29622.0,44328.0,44328.0,68651.4,56703.8,15913.0,13784.2,0.0,45344.0,0.0,16953.0,46630.0,20381.6,67704.9,106358.7,128652.3,113995.4,148
2232.0,148124.0,29846.0,29622.0,44328.0,44328.0,68651.4,56703.8,15913.0,13784.2,0.0,45344.1,0.0,16953.1,46629.5,20385.6,67708.4,106354.7,128652.3,113995.5,148
2233.0,148124.0,29846.0,29622.0,44328.0,44328.0,68651.4,56703.8,15913.0,13784.2,0.0,45344.1,0.0,16952.9,46629.5,20385.9,67708.8,106354.4,128652.3,113995.5,148
2234.0,148124.0,29846.0,29622.0,44328.0,44328.0,68651.4,56703.8,15913.0,13784.2,0.0,45344.1,0.0,16953.0,46629.5,20384.8,67707.6,106355.5,128652.3,113995.5,148
2235.2,148124.0,29846.0,29622.0,44328.0,44328.0,68651.4,56703.8,15913.0,13784.2,0.0,45344.1,0.0,16953.1,46628.6,20383.9,67705.8,106356.4,128652.3,113995.5,148
2236.2,148124.0,29846.0,29622.0,44328.0,44328.0,68651.4,56703.8,15913.0,13784.2,0.0,45344.1,0.0,16952.9,46629.0,20385.2,67707.6,106355.0,128652.3,113995.5,148
2237.2,148124.0,29846.0,29622.0,44328.0,44328.0,68651.4,56703.8,15913.0,13784.2,0.0,45344.1,0.0,16952.9,46629.0,20385.6,67707.9,106354.6,128652.3,113995.5,148
2238.2,148124.0,29846.0,29622.0,44328.0,44328.0,68651.4,56703.8,15913.0,13784.2,0.0,45344.1,0.0,16952.9,46629.0,20386.4,67708.8,106353.8,128652.3,113995.5,148
2239.3,148124.0,29846.0,29622.0,44328.0,44328.0,68651.4,56703.8,15913.0,13784.2,0.0,45344.1,0.0,16953.4,46629.0,20383.2,67705.6,106357.0,128652.3,113995.5,148
2240.4,148124.0,29846.0,29622.0,44328.0,44328.0,68651.4,56703.8,15913.0,13784.2,0.0,45344.1,0.0,16953.4,46629.0,20383.8,67706.1,106356.4,128652.3,113995.5,148
2241.4,148124.0,29846.0,29622.0,44328.0,44328.0,68651.4,56703.8,15913.0,13784.2,0.0,45344.2,0.0,16953.3,46629.0,20382.8,67705.1,106357.5,128652.3,113995.6,148
2242.4,148124.0,29846.0,29622.0,44328.0,44328.0,68651.4,56703.8,15913.0,13784.2,0.0,45344.2,0.0,16953.3,46629.0,20381.0,67703.4,106359.2,128652.3,113995.6,148
2243.5,148124.0,29846.0,29622.0,44328.0,44328.0,68651.4,56703.8,15913.0,13784.2,0.0,45344.2,0.0,16953.3,46630.1,20382.2,67705.7,106358.0,128652.3,113995.6,148
2244.6,148124.0,29846.0,29622.0,44328.0,44328.0,68651.4,56703.8,15913.0,13784.2,0.0,45344.2,0.0,16953.3,46630.1,20384.7,67708.2,106355.5,128652.3,113995.6,148
2245.6,148124.0,29846.0,29622.0,44328.0,44328.0,68651.4,56703.8,15913.0,13784.2,0.0,45344.2,0.0,16953.3,46630.1,20384.1,67707.5,106356.1,128652.3,113995.6,148
2246.6,148124.0,29846.0,29622.0,44328.0,44328.0,68651.4,56703.8,15913.0,13784.2,0.0,45344.2,0.0,16952.7,46630.1,20380.6,67704.1,106359.6,128652.3,113995.6,148
2247.7,148124.0,29846.0,29622.0,44328.0,44328.0,68651.4,56703.8,15913.0,13784.2,0.0,45344.2,0.0,16952.8,46629.7,20381.8,67704.8,106358.5,128652.3,113995.6,148
2248.7,148124.0,29846.0,29622.0,44328.0,44328.0,68651.4,56703.8,15913.0,13784.2,0.0,45344.2,0.0,16950.7,46630.1,20378.4,67701.9,106361.8,128652.3,113995.6,148
2249.8,148124.0,29846.0,29622.0,44328.0,44328.0,68651.4,56703.8,15913.0,13784.2,0.0,45344.3,0.0,16950.7,46629.6,20380.1,67703.1,106360.1,128652.3,113995.7,148
2250.8,148124.0,29846.0,29622.0,44328.0,44328.0,68651.4,56703.8,15913.0,13784.2,0.0,45344.3,0.0,16950.7,46629.3,20377.5,67700.2,106362.7,128652.3,113995.7,148
2251.9,148124.0,29846.0,29622.0,44328.0,44328.0,68651.4,56703.8,15913.0,13784.2,0.0,45344.3,0.0,16951.2,46629.3,20378.3,67701.0,106361.9,128652.3,113995.7,148
2252.9,148124.0,29846.0,29622.0,44328.0,44328.0,68651.4,56703.8,15913.0,13784.2,0.0,45344.3,0.0,16950.7,46629.3,20376.9,67699.6,106363.3,128652.3,113995.7,148
2253.9,148124.0,29846.0,29622.0,44328.0,44328.0,68651.4,56703.8,15913.0,13784.2,0.0,45344.3,0.0,16950.7,46629.3,20376.3,67699.0,106363.9,128652.3,113995.7,148
2255.0,148124.0,29846.0,29622.0,44328.0,44328.0,68651.4,56703.8,15913.0,13784.2,0.0,45344.3,0.0,16950.7,46629.3,20372.5,67695.2,106367.7,128652.3,113995.7,148
2256.0,148124.0,29846.0,29622.0,44328.0,44328.0,68651.4,56703.8,15913.0,13784.2,0.0,45344.3,0.0,16950.7,46629.3,20372.5,67695.2,106367.7,128652.3,113995.7,148
2257.1,148124.0,29846.0,29622.0,44328.0,44328.0,68651.4,56703.8,15913.0,13784.2,0.0,45344.3,0.0,16950.7,46629.3,20372.2,67694.9,106368.0,128652.3,113995.7,148
2258.1,148124.0,29846.0,29622.0,44328.0,44328.0,68651.4,56703.8,15913.0,13784.2,0.0,45344.3,0.0,16950.7,46628.4,20375.5,67697.3,106364.7,128652.3,113995.8,148
2259.1,148124.0,29846.0,29622.0,44328.0,44328.0,68651.4,56703.8,15913.0,13784.2,0.0,45344.3,0.0,16950.8,46629.1,20372.4,67694.9,106367.8,128652.3,113995.8,148
2260.2,148124.0,29846.0,29622.0,44328.0,44328.0,68651.4,56703.8,15913.0,13784.2,0.0,45344.3,0.0,16950.7,46630.8,20380.4,67704.7,106359.8,128652.3,113995.8,148
2261.2,148124.0,29846.0,29622.0,44328.0,44328.0,68651.4,56703.8,15913.0,13784.2,0.0,45344.4,0.0,16951.2,46628.5,20373.9,67695.9,106366.3,128652.3,113995.8,148
2262.3,148124.0,29846.0,29622.0,44328.0,44328.0,68651.4,56703.8,15913.0,13784.2,0.0,45344.4,0.0,16950.7,46628.5,20374.3,67696.2,106365.9,128652.3,113995.8,148
2263.3,148124.0,29846.0,29622.0,44328.0,44328.0,68651.4,56703.8,15913.0,13784.2,0.0,45344.4,0.0,16950.7,46628.6,20372.5,67694.5,106367.7,128652.3,113995.8,148
2264.4,148124.0,29846.0,29622.0,44328.0,44328.0,68651.4,56703.8,15913.0,13784.2,0.0,45344.4,0.0,16951.5,46628.6,20374.0,67695.9,106366.2,128652.3,113995.8,148
2265.4,148124.0,29846.0,29622.0,44328.0,44328.0,68651.4,56703.8,15913.0,13784.2,0.0,45344.4,0.0,16950.8,46628.6,20374.8,67696.8,106365.4,128652.3,113995.8,148
2266.5,148124.0,29846.0,29622.0,44328.0,44328.0,68651.4,56703.8,15913.0,13784.2,0.0,45344.4,0.0,16950.8,46628.6,20374.7,67696.7,106365.5,128652.3,113995.9,148
2267.5,148124.0,29846.0,29622.0,44328.0,44328.0,68651.4,56703.8,15913.0,13784.2,0.0,45344.4,0.0,16950.8,46628.6,20373.8,67695.8,106366.4,128652.3,113995.9,148
2268.5,148124.0,29846.0,29622.0,44328.0,44328.0,68651.4,56703.8,15912.9,13784.2,0.0,45344.6,0.0,16952.4,46629.1,20373.2,67695.7,106367.0,128652.3,113996.0,148
2269.5,148124.0,29846.0,29622.0,44328.0,44328.0,68651.4,56703.8,15912.9,13784.2,0.0,45344.6,0.0,16953.2,46629.0,20375.0,67697.4,106365.2,128652.3,113996.0,148
2270.6,148124.0,29846.0,29622.0,44328.0,44328.0,68651.4,56703.8,15912.9,13784.2,0.0,45344.6,0.0,16953.0,46629.8,20377.2,67700.4,106362.9,128652.3,113996.0,148
2271.6,148124.0,29846.0,29622.0,44328.0,44328.0,68698.1,56750.4,15959.6,13830.9,0.0,45344.6,0.0,16977.7,46634.3,20419.5,67747.2,106320.7,128652.3,114042.6,148
2272.6,148124.0,29846.0,29622.0,44328.0,44328.0,68643.5,56695.9,15905.0,13776.3,0.0,45344.6,0.0,16945.1,46629.6,20378.2,67701.2,106361.9,128652.3,113988.1,148
2273.7,148124.0,29846.0,29622.0,44328.0,44328.0,68643.5,56695.9,15905.0,13776.3,0.0,45344.6,0.0,16945.1,46629.6,20378.6,67701.6,106361.6,128652.3,113988.1,148
2274.8,148124.0,29846.0,29622.0,44328.0,44328.0,68643.5,56695.9,15905.0,13776.3,0.0,45344.6,0.0,16945.1,46629.5,20378.6,67701.5,106361.6,128652.3,113988.1,148
2275.8,148124.0,29846.0,29622.0,44328.0,44328.0,68654.4,56706.8,15915.9,13787.2,0.0,45344.6,0.0,16955.9,46630.1,20391.8,67715.3,106348.4,128652.3,113999.0,148
2276.9,148124.0,29846.0,29622.0,44328.0,44328.0,68654.4,56706.8,15915.9,13787.2,0.0,45344.6,0.0,16956.0,46629.7,20385.9,67709.0,106354.3,128652.3,113999.0,148
2278.0,148124.0,29846.0,29622.0,44328.0,44328.0,68654.4,56706.8,15915.9,13787.2,0.0,45344.6,0.0,16956.0,46629.5,20379.4,67702.2,106360.8,128652.3,113999.0,148
2279.0,148124.0,29846.0,29622.0,44328.0,44328.0,68654.4,56706.8,15915.9,13787.2,0.0,45344.6,0.0,16956.1,46629.5,20378.7,67701.6,106361.4,128652.3,113999.0,148
2280.1,148124.0,29846.0,29622.0,44328.0,44328.0,68654.4,56706.8,15915.9,13787.2,0.0,45344.6,0.0,16956.1,46629.4,20377.6,67700.5,106362.6,128652.3,113999.0,148
2281.1,148124.0,29846.0,29622.0,44328.0,44328.0,68654.4,56706.8,15915.9,13787.2,0.0,45344.6,0.0,16956.1,46629.4,20375.2,67698.1,106364.9,128652.3,113999.1,148
2282.2,148124.0,29846.0,29622.0,44328.0,44328.0,68654.4,56706.8,15915.9,13787.2,0.0,45344.6,0.0,16956.1,46629.4,20375.3,67698.2,106364.8,128652.3,113999.1,148
2283.2,148124.0,29846.0,29622.0,44328.0,44328.0,68687.9,56740.2,15949.4,13820.7,0.0,45344.6,0.0,16989.4,46629.8,20405.9,67729.1,106334.3,128652.3,114032.5,148
2284.2,148124.0,29846.0,29622.0,44328.0,44328.0,68687.9,56740.2,15949.4,13820.7,0.0,45344.6,0.0,16989.7,46629.5,20407.8,67730.7,106332.4,128652.3,114032.5,148
2285.3,148124.0,29846.0,29622.0,44328.0,44328.0,68687.9,56740.2,15949.4,13820.7,0.0,45344.6,0.0,16989.9,46629.5,20409.3,67732.3,106330.9,128652.3,114032.5,148
2286.4,148124.0,29846.0,29622.0,44328.0,44328.0,68687.9,56740.2,15949.4,13820.7,0.0,45344.7,0.0,16989.9,46629.7,20409.3,67732.4,106330.9,128652.3,114032.6,148
2287.5,148124.0,29846.0,29622.0,44328.0,44328.0,68687.9,56740.2,15949.4,13820.7,0.0,45344.7,0.0,16989.8,46630.3,20416.1,67739.9,106324.0,128652.3,114032.6,148
2288.6,148124.0,29846.0,29622.0,44328.0,44328.0,68687.9,56740.2,15949.4,13820.7,0.0,45344.8,0.0,16989.8,46630.2,20414.8,67738.4,106325.4,128652.3,114032.7,148
2289.6,148124.0,29846.0,29622.0,44328.0,44328.0,68687.9,56740.2,15949.4,13820.7,0.0,45344.8,0.0,16989.8,46630.2,20415.9,67739.6,106324.2,128652.3,114032.7,148
2290.6,148124.0,29846.0,29622.0,44328.0,44328.0,68687.9,56740.2,15949.4,13820.7,0.0,45344.8,0.0,16989.8,46633.1,20422.5,67749.1,106317.6,128652.3,114032.7,148
2291.7,148124.0,29846.0,29622.0,44328.0,44328.0,68687.9,56740.2,15949.4,13820.7,0.0,45344.8,0.0,16989.8,46631.1,20409.4,67733.9,106330.8,128652.3,114032.7,148
2292.7,148124.0,29846.0,29622.0,44328.0,44328.0,68687.9,56740.2,15949.4,13820.7,0.0,45344.8,0.0,16989.8,46631.1,20409.5,67734.0,106330.7,128652.3,114032.7,148
2293.7,148124.0,29846.0,29622.0,44328.0,44328.0,68687.9,56740.2,15949.4,13820.7,0.0,45344.8,0.0,16989.8,46631.1,20409.8,67734.3,106330.3,128652.3,114032.7,148
2294.7,148124.0,29846.0,29622.0,44328.0,44328.0,68687.9,56740.2,15949.4,13820.7,0.0,45344.8,0.0,16989.8,46631.1,20412.1,67736.6,106328.1,128652.3,114032.7,148
2295.8,148124.0,29846.0,29622.0,44328.0,44328.0,68687.9,56740.2,15949.4,13820.7,0.0,45344.8,0.0,16989.8,46631.1,20409.2,67733.8,106330.9,128652.3,114032.7,148
2296.8,148124.0,29846.0,29622.0,44328.0,44328.0,68687.9,56740.2,15949.4,13820.7,0.0,45344.8,0.0,16989.8,46632.6,20415.6,67741.6,106324.5,128652.3,114032.7,148
2297.9,148124.0,29846.0,29622.0,44328.0,44328.0,68687.9,56740.2,15949.4,13820.7,0.0,45344.8,0.0,16989.7,46630.8,20412.6,67736.8,106327.5,128652.3,114032.7,148
2298.9,148124.0,29846.0,29622.0,44328.0,44328.0,68687.9,56740.2,15949.4,13820.7,0.0,45344.8,0.0,16990.3,46630.4,20411.9,67735.7,106328.2,128652.3,114032.8,148
2299.9,148124.0,29846.0,29622.0,44328.0,44328.0,68687.9,56740.2,15949.4,13820.7,0.0,45344.9,0.0,16989.9,46630.4,20413.0,67736.8,106327.2,128652.3,114032.8,148
2301.0,148124.0,29846.0,29622.0,44328.0,44328.0,68687.9,56740.2,15949.4,13820.7,0.0,45344.9,0.0,16989.9,46630.4,20413.5,67737.3,106326.6,128652.3,114032.8,148
2302.0,148124.0,29846.0,29622.0,44328.0,44328.0,68687.9,56740.2,15949.4,13820.7,0.0,45344.9,0.0,16989.9,46633.6,20416.1,67743.2,106324.1,128652.3,114032.8,148
2303.0,148124.0,29846.0,29622.0,44328.0,44328.0,68687.9,56740.2,15949.4,13820.7,0.0,45344.9,0.0,16989.9,46629.7,20406.2,67729.4,106333.9,128652.3,114032.8,148
2304.1,148124.0,29846.0,29622.0,44328.0,44328.0,68687.9,56740.2,15949.4,13820.7,0.0,45345.0,0.0,16989.6,46630.4,20413.7,67737.5,106326.4,128652.3,114032.9,148
2305.1,148124.0,29846.0,29622.0,44328.0,44328.0,68687.9,56740.2,15949.4,13820.7,0.0,45345.0,0.0,16989.6,46629.7,20413.9,67737.1,106326.2,128652.3,114032.9,148
2306.2,148124.0,29846.0,29622.0,44328.0,44328.0,68687.9,56740.2,15949.4,13820.7,0.0,45345.0,0.0,16989.8,46629.7,20414.7,67737.9,106325.4,128652.3,114032.9,148
2307.2,148124.0,29846.0,29622.0,44328.0,44328.0,68687.9,56740.2,15949.4,13820.7,0.0,45345.1,0.0,16989.8,46629.8,20415.0,67738.3,106325.1,128652.3,114033.0,148
2308.3,148124.0,29846.0,29622.0,44328.0,44328.0,68687.9,56740.2,15949.4,13820.7,0.0,45345.1,0.0,16990.3,46630.1,20413.8,67737.4,106326.3,128652.3,114033.0,148
2309.3,148124.0,29846.0,29622.0,44328.0,44328.0,68687.9,56740.2,15949.4,13820.7,0.0,45345.1,0.0,16991.1,46630.0,20416.9,67740.4,106323.2,128652.3,114033.0,148
2310.4,148124.0,29846.0,29622.0,44328.0,44328.0,68687.9,56740.2,15949.4,13820.7,0.0,45345.1,0.0,16990.5,46630.0,20418.0,67741.5,106322.2,128652.3,114033.0,148
2311.4,148124.0,29846.0,29622.0,44328.0,44328.0,68687.9,56740.2,15949.4,13820.7,0.0,45345.1,0.0,16990.9,46630.1,20417.3,67740.8,106322.8,128652.3,114033.0,148
2312.4,148124.0,29846.0,29622.0,44328.0,44328.0,68687.9,56740.2,15949.4,13820.7,0.0,45345.1,0.0,16990.4,46629.8,20415.3,67738.7,106324.8,128652.3,114033.0,148
2313.4,148124.0,29846.0,29622.0,44328.0,44328.0,68687.9,56740.2,15949.4,13820.7,0.0,45345.1,0.0,16990.4,46629.8,20421.3,67744.6,106318.8,128652.3,114033.0,148
2314.5,148124.0,29846.0,29622.0,44328.0,44328.0,68687.9,56740.2,15949.4,13820.7,0.0,45345.1,0.0,16990.4,46629.8,20420.6,67743.9,106319.5,128652.3,114033.0,148
2315.5,148124.0,29846.0,29622.0,44328.0,44328.0,68687.9,56740.2,15949.4,13820.7,0.0,45345.1,0.0,16990.4,46629.8,20420.7,67744.0,106319.4,128652.3,114033.0,148
2316.5,148124.0,29846.0,29622.0,44328.0,44328.0,68687.9,56740.2,15949.4,13820.7,0.0,45345.1,0.0,16990.4,46629.8,20420.8,67744.0,106319.3,128652.3,114033.0,148
2317.6,148124.0,29846.0,29622.0,44328.0,44328.0,68687.9,56740.2,15949.4,13820.7,0.0,45345.1,0.0,16990.6,46630.2,20421.3,67745.0,106318.8,128652.3,114033.0,148
2318.7,148124.0,29846.0,29622.0,44328.0,44328.0,68687.9,56740.2,15949.4,13820.7,0.0,45345.1,0.0,16990.5,46630.4,20418.0,67741.8,106322.1,128652.3,114033.0,148
2319.8,148124.0,29846.0,29622.0,44328.0,44328.0,68687.9,56740.2,15949.4,13820.7,0.0,45345.1,0.0,16990.5,46630.4,20420.0,67743.8,106320.1,128652.3,114033.0,148
2320.8,148124.0,29846.0,29622.0,44328.0,44328.0,68687.9,56740.2,15949.4,13820.7,0.0,45345.1,0.0,16990.5,46630.3,20418.7,67742.4,106321.4,128652.3,114033.1,148
2321.9,148124.0,29846.0,29622.0,44328.0,44328.0,68687.9,56740.2,15949.4,13820.7,0.0,45345.1,0.0,16990.6,46630.3,20418.2,67742.0,106321.9,128652.3,114033.1,148
2322.9,148124.0,29846.0,29622.0,44328.0,44328.0,68687.9,56740.2,15949.4,13820.7,0.0,45345.1,0.0,16990.4,46630.3,20418.9,67742.6,106321.2,128652.3,114033.1,148
2323.9,148124.0,29846.0,29622.0,44328.0,44328.0,68687.9,56740.2,15949.4,13820.7,0.0,45345.1,0.0,16990.5,46630.3,20418.7,67742.5,106321.4,128652.3,114033.1,148
2325.0,148124.0,29846.0,29622.0,44328.0,44328.0,68687.9,56740.2,15949.4,13820.7,0.0,45345.3,0.0,16990.5,46630.4,20419.4,67743.3,106320.7,128652.3,114033.2,148
2326.1,148124.0,29846.0,29622.0,44328.0,44328.0,68687.9,56740.2,15949.4,13820.7,0.0,45345.3,0.0,16990.5,46630.4,20417.8,67741.7,106322.3,128652.3,114033.2,148
2327.1,148124.0,29846.0,29622.0,44328.0,44328.0,68687.9,56740.2,15949.4,13820.7,0.0,45345.3,0.0,16990.5,46630.4,20417.6,67741.5,106322.5,128652.3,114033.2,148
2328.2,148124.0,29846.0,29622.0,44328.0,44328.0,68687.9,56740.2,15949.4,13820.7,0.0,45345.3,0.0,16990.5,46630.1,20419.8,67743.4,106320.2,128652.3,114033.2,148
2329.2,148124.0,29846.0,29622.0,44328.0,44328.0,68687.9,56740.2,15949.4,13820.7,0.0,45345.3,0.0,16990.5,46630.1,20418.9,67742.5,106321.2,128652.3,114033.2,148
2330.2,148124.0,29846.0,29622.0,44328.0,44328.0,68687.9,56740.2,15949.4,13820.7,0.0,45345.3,0.0,16990.5,46629.6,20417.0,67740.1,106323.1,128652.3,114033.2,148
2331.2,148124.0,29846.0,29622.0,44328.0,44328.0,68687.9,56740.2,15949.4,13820.7,0.0,45345.3,0.0,16990.5,46629.7,20414.6,67737.8,106325.5,128652.3,114033.2,148
2332.2,148124.0,29846.0,29622.0,44328.0,44328.0,68687.9,56740.2,15949.4,13820.7,0.0,45345.3,0.0,16990.5,46629.5,20414.9,67738.0,106325.1,128652.3,114033.2,148
2333.3,148124.0,29846.0,29622.0,44328.0,44328.0,68687.9,56740.2,15949.4,13820.7,0.0,45345.3,0.0,16990.4,46629.5,20415.3,67738.3,106324.8,128652.3,114033.2,148
2334.3,148124.0,29846.0,29622.0,44328.0,44328.0,68687.9,56740.2,15949.4,13820.7,0.0,45345.3,0.0,16991.0,46631.0,20421.0,67745.5,106319.1,128652.3,114033.2,148
2335.4,148124.0,29846.0,29622.0,44328.0,44328.0,68687.9,56740.2,15949.4,13820.7,0.0,45345.3,0.0,16991.0,46629.9,20414.9,67738.3,106325.2,128652.3,114033.2,148
2336.4,148124.0,29846.0,29622.0,44328.0,44328.0,68687.9,56740.2,15949.4,13820.7,0.0,45345.3,0.0,16990.7,46629.3,20411.3,67734.1,106328.8,128652.3,114033.2,148
2337.5,148124.0,29846.0,29622.0,44328.0,44328.0,68687.9,56740.2,15949.4,13820.7,0.0,45345.3,0.0,16990.6,46629.2,20412.4,67735.1,106327.7,128652.3,114033.2,148
2338.5,148124.0,29846.0,29622.0,44328.0,44328.0,68687.9,56740.2,15949.4,13820.7,0.0,45345.3,0.0,16990.6,46629.2,20410.6,67733.3,106329.5,128652.3,114033.3,148
2339.5,148124.0,29846.0,29622.0,44328.0,44328.0,68687.9,56740.2,15949.4,13820.7,0.0,45345.3,0.0,16990.6,46630.3,20417.5,67741.3,106322.6,128652.3,114033.3,148
2340.6,148124.0,29846.0,29622.0,44328.0,44328.0,68687.9,56740.2,15949.4,13820.7,0.0,45345.5,0.0,16990.6,46629.4,20413.9,67736.8,106326.2,128652.3,114033.4,148
2341.7,148124.0,29846.0,29622.0,44328.0,44328.0,68687.9,56740.2,15949.4,13820.7,0.0,45345.5,0.0,16990.6,46629.4,20411.8,67734.7,106328.3,128652.3,114033.4,148
2342.7,148124.0,29846.0,29622.0,44328.0,44328.0,68687.9,56740.2,15949.4,13820.7,0.0,45345.5,0.0,16990.6,46629.4,20409.5,67732.4,106330.6,128652.3,114033.4,148
2343.8,148124.0,29846.0,29622.0,44328.0,44328.0,68687.9,56740.2,15949.4,13820.7,0.0,45345.5,0.0,16990.6,46629.4,20410.3,67733.3,106329.7,128652.3,114033.4,148
2344.8,148124.0,29846.0,29622.0,44328.0,44328.0,68687.9,56740.2,15949.4,13820.7,0.0,45345.5,0.0,16990.6,46629.4,20413.1,67736.0,106327.0,128652.3,114033.4,148
2345.9,148124.0,29846.0,29622.0,44328.0,44328.0,68687.9,56740.2,15949.4,13820.7,0.0,45345.5,0.0,16990.7,46629.8,20414.7,67738.0,106325.4,128652.3,114033.4,148
2346.9,148124.0,29846.0,29622.0,44328.0,44328.0,68687.9,56740.2,15949.4,13820.7,0.0,45345.5,0.0,16990.7,46629.8,20414.9,67738.2,106325.2,128652.3,114033.4,148
2348.0,148124.0,29846.0,29622.0,44328.0,44328.0,68687.9,56740.2,15949.4,13820.7,0.0,45345.5,0.0,16991.1,46629.8,20414.0,67737.3,106326.1,128652.3,114033.4,148
2349.0,148124.0,29846.0,29622.0,44328.0,44328.0,68687.9,56740.2,15949.4,13820.7,0.0,45345.5,0.0,16990.7,46629.8,20413.8,67737.1,106326.2,128652.3,114033.4,148
2350.0,148124.0,29846.0,29622.0,44328.0,44328.0,68687.9,56740.2,15949.4,13820.7,0.0,45345.5,0.0,16990.7,46629.8,20413.9,67737.2,106326.2,128652.3,114033.4,148
2351.1,148124.0,29846.0,29622.0,44328.0,44328.0,68687.9,56740.2,15949.4,13820.7,0.0,45345.5,0.0,16990.7,46629.5,20415.9,67739.0,106324.2,128652.3,114033.4,148
2352.1,148124.0,29846.0,29622.0,44328.0,44328.0,68687.9,56740.2,15949.4,13820.7,0.0,45345.5,0.0,16990.7,46629.5,20416.7,67739.7,106323.4,128652.3,114033.4,148
2353.2,148124.0,29846.0,29622.0,44328.0,44328.0,68687.9,56740.2,15949.4,13820.7,0.0,45345.5,0.0,16990.8,46629.6,20414.6,67737.7,106325.5,128652.3,114033.4,148
2354.2,148124.0,29846.0,29622.0,44328.0,44328.0,68687.9,56740.2,15949.4,13820.7,0.0,45345.5,0.0,16990.4,46629.9,20414.9,67738.3,106325.1,128652.3,114033.4,148
2355.3,148124.0,29846.0,29622.0,44328.0,44328.0,68687.9,56740.2,15949.4,13820.7,0.0,45345.5,0.0,16990.4,46630.1,20413.8,67737.4,106326.2,128652.3,114033.4,148
2356.4,148124.0,29846.0,29622.0,44328.0,44328.0,68687.9,56740.2,15949.4,13820.7,0.0,45345.5,0.0,16990.5,46630.0,20415.7,67739.3,106324.3,128652.3,114033.5,148
2357.4,148124.0,29846.0,29622.0,44328.0,44328.0,68687.9,56740.2,15949.4,13820.7,0.0,45345.5,0.0,16990.9,46630.0,20415.4,67738.9,106324.7,128652.3,114033.5,148
2358.5,148124.0,29846.0,29622.0,44328.0,44328.0,68687.9,56740.2,15949.4,13820.7,0.0,45345.5,0.0,16990.5,46630.0,20413.1,67736.6,106327.0,128652.3,114033.5,148
2359.5,148124.0,29846.0,29622.0,44328.0,44328.0,68687.9,56740.2,15949.4,13820.7,0.0,45345.5,0.0,16990.7,46629.5,20405.6,67728.5,106334.5,128652.3,114033.5,148
2360.5,148124.0,29846.0,29622.0,44328.0,44328.0,68687.9,56740.2,15949.4,13820.7,0.0,45345.7,0.0,16990.5,46629.6,20405.5,67728.6,106334.5,128652.3,114033.6,148
2361.6,148124.0,29846.0,29622.0,44328.0,44328.0,68687.9,56740.2,15949.4,13820.7,0.0,45345.7,0.0,16990.5,46629.6,20405.0,67728.1,106335.1,128652.3,114033.6,148
2362.6,148124.0,29846.0,29622.0,44328.0,44328.0,68687.9,56740.2,15949.4,13820.7,0.0,45345.7,0.0,16990.4,46629.6,20404.8,67728.0,106335.2,128652.3,114033.6,148
2363.6,148124.0,29846.0,29622.0,44328.0,44328.0,68687.9,56740.2,15949.4,13820.7,0.0,45345.7,0.0,16990.5,46629.6,20404.5,67727.6,106335.6,128652.3,114033.6,148
2364.8,148124.0,29846.0,29622.0,44328.0,44328.0,68645.8,56698.2,15907.3,13778.7,0.0,45345.7,0.0,16948.4,46629.7,20366.4,67689.6,106373.7,128652.3,113991.5,148
2365.8,148124.0,29846.0,29622.0,44328.0,44328.0,68645.8,56698.2,15907.3,13778.7,0.0,45345.7,0.0,16948.9,46629.7,20365.8,67689.1,106374.2,128652.3,113991.5,148
2366.8,148124.0,29846.0,29622.0,44328.0,44328.0,68645.8,56698.2,15907.3,13778.7,0.0,45345.7,0.0,16948.7,46630.1,20366.6,67690.2,106373.5,128652.3,113991.5,148
2367.8,148124.0,29846.0,29622.0,44328.0,44328.0,68645.8,56698.2,15907.3,13778.7,0.0,45345.7,0.0,16948.6,46630.1,20366.4,67690.0,106373.6,128652.3,113991.5,148
2368.8,148124.0,29846.0,29622.0,44328.0,44328.0,68645.8,56698.2,15907.3,13778.7,0.0,45345.7,0.0,16949.2,46629.7,20366.9,67690.1,106373.1,128652.3,113991.6,148
2369.9,148124.0,29846.0,29622.0,44328.0,44328.0,68645.8,56698.2,15907.3,13778.7,0.0,45345.7,0.0,16948.7,46629.7,20368.9,67692.1,106371.2,128652.3,113991.6,148
2370.9,148124.0,29846.0,29622.0,44328.0,44328.0,68645.8,56698.2,15907.3,13778.7,0.0,45345.7,0.0,16948.7,46629.8,20368.1,67691.5,106372.0,128652.3,113991.6,148
2372.0,148124.0,29846.0,29622.0,44328.0,44328.0,68645.8,56698.2,15907.3,13778.7,0.0,45345.7,0.0,16948.7,46630.2,20367.8,67691.5,106372.2,128652.3,113991.6,148
2373.0,148124.0,29846.0,29622.0,44328.0,44328.0,68645.8,56698.2,15907.3,13778.7,0.0,45345.7,0.0,16948.7,46630.4,20364.1,67688.1,106375.9,128652.3,113991.6,148
2374.0,148124.0,29846.0,29622.0,44328.0,44328.0,68645.9,56698.2,15907.3,13778.7,0.0,45345.8,0.0,16948.9,46630.4,20364.9,67688.9,106375.1,128652.3,113991.6,148
2375.1,148124.0,29846.0,29622.0,44328.0,44328.0,68645.9,56698.2,15907.3,13778.7,0.0,45345.8,0.0,16948.7,46630.4,20367.0,67691.0,106373.0,128652.3,113991.6,148
2376.1,148124.0,29846.0,29622.0,44328.0,44328.0,68645.9,56698.2,15907.3,13778.7,0.0,45345.8,0.0,16948.8,46630.1,20368.6,67692.3,106371.4,128652.3,113991.6,148
2377.2,148124.0,29846.0,29622.0,44328.0,44328.0,68645.9,56698.2,15907.3,13778.7,0.0,45345.8,0.0,16948.8,46629.9,20365.8,67689.2,106374.2,128652.3,113991.6,148
2378.2,148124.0,29846.0,29622.0,44328.0,44328.0,68645.9,56698.2,15907.3,13778.7,0.0,45345.9,0.0,16948.8,46631.0,20377.0,67701.5,106363.0,128652.3,113991.7,148
2379.2,148124.0,29846.0,29622.0,44328.0,44328.0,68645.9,56698.2,15907.3,13778.7,0.0,45345.9,0.0,16949.4,46630.0,20367.0,67690.6,106373.1,128652.3,113991.7,148
2380.3,148124.0,29846.0,29622.0,44328.0,44328.0,68645.9,56698.2,15907.3,13778.7,0.0,45345.9,0.0,16949.5,46630.3,20367.2,67691.1,106372.9,128652.3,113991.7,148
2381.3,148124.0,29846.0,29622.0,44328.0,44328.0,68645.9,56698.2,15907.3,13778.7,0.0,45345.9,0.0,16949.7,46630.3,20369.0,67692.9,106371.0,128652.3,113991.7,148
2382.3,148124.0,29846.0,29622.0,44328.0,44328.0,68645.9,56698.2,15907.3,13778.7,0.0,45345.9,0.0,16949.6,46630.3,20369.2,67693.1,106370.8,128652.3,113991.7,148
2383.4,148124.0,29846.0,29622.0,44328.0,44328.0,68645.9,56698.2,15907.3,13778.7,0.0,45345.9,0.0,16949.6,46630.4,20368.8,67692.8,106371.2,128652.3,113991.8,148
2384.4,148124.0,29846.0,29622.0,44328.0,44328.0,68645.9,56698.2,15907.3,13778.7,0.0,45345.9,0.0,16950.4,46629.6,20369.9,67693.1,106370.1,128652.3,113991.8,148
2385.4,148124.0,29846.0,29622.0,44328.0,44328.0,68645.9,56698.2,15907.3,13778.7,0.0,45345.9,0.0,16949.6,46629.7,20370.9,67694.1,106369.2,128652.3,113991.8,148
2386.4,148124.0,29846.0,29622.0,44328.0,44328.0,68645.9,56698.2,15907.3,13778.7,0.0,45345.9,0.0,16949.8,46629.7,20370.9,67694.1,106369.2,128652.3,113991.8,148
2387.5,148124.0,29846.0,29622.0,44328.0,44328.0,68645.9,56698.2,15907.3,13778.7,0.0,45345.9,0.0,16949.6,46629.7,20368.3,67691.5,106371.7,128652.3,113991.8,148
2388.5,148124.0,29846.0,29622.0,44328.0,44328.0,68645.9,56698.2,15907.4,13778.7,0.0,45345.9,0.0,16950.2,46629.7,20368.1,67691.4,106371.9,128652.3,113991.8,148
2389.5,148124.0,29846.0,29622.0,44328.0,44328.0,68670.2,56722.6,15931.8,13803.0,0.0,45345.9,0.0,16971.7,46633.8,20399.1,67726.5,106340.9,128652.3,114016.2,148
2390.5,148124.0,29846.0,29622.0,44328.0,44328.0,68670.2,56722.6,15931.8,13803.0,0.0,45346.0,0.0,16971.9,46630.8,20389.2,67713.6,106350.8,128652.3,114016.2,148
2391.6,148124.0,29846.0,29622.0,44328.0,44328.0,68670.2,56722.6,15931.8,13803.0,0.0,45346.0,0.0,16971.9,46630.8,20390.1,67714.5,106350.0,128652.3,114016.2,148
2392.6,148124.0,29846.0,29622.0,44328.0,44328.0,68670.2,56722.6,15931.8,13803.0,0.0,45346.0,0.0,16971.9,46630.8,20390.4,67714.8,106349.6,128652.3,114016.2,148
2393.7,148124.0,29846.0,29622.0,44328.0,44328.0,68669.2,56721.6,15930.8,13802.1,0.0,45346.0,0.0,16971.0,46631.5,20395.3,67720.4,106344.7,128652.3,114015.2,148
2394.7,148124.0,29846.0,29622.0,44328.0,44328.0,68669.2,56721.6,15930.8,13802.1,0.0,45346.0,0.0,16971.0,46631.3,20395.6,67720.5,106344.4,128652.3,114015.2,148
2395.8,148124.0,29846.0,29622.0,44328.0,44328.0,68669.2,56721.6,15930.8,13802.1,0.0,45346.0,0.0,16971.0,46631.1,20394.5,67719.2,106345.5,128652.3,114015.2,148
2396.8,148124.0,29846.0,29622.0,44328.0,44328.0,68669.2,56721.6,15930.8,13802.1,0.0,45346.0,0.0,16971.0,46631.1,20392.8,67717.5,106347.2,128652.3,114015.2,148
2397.8,148124.0,29846.0,29622.0,44328.0,44328.0,68669.2,56721.6,15930.8,13802.1,0.0,45346.0,0.0,16971.1,46631.1,20391.7,67716.3,106348.3,128652.3,114015.2,148
2398.9,148124.0,29846.0,29622.0,44328.0,44328.0,68669.2,56721.6,15930.8,13802.1,0.0,45346.1,0.0,16970.2,46631.2,20391.6,67716.4,106348.4,128652.3,114015.4,148
2399.9,148124.0,29846.0,29622.0,44328.0,44328.0,68669.2,56721.6,15930.8,13802.1,0.0,45346.1,0.0,16970.3,46631.2,20394.4,67719.2,106345.6,128652.3,114015.4,148
2401.0,148124.0,29846.0,29622.0,44328.0,44328.0,68669.2,56721.6,15930.8,13802.1,0.0,45346.1,0.0,16970.1,46631.2,20394.0,67718.8,106346.0,128652.3,114015.4,148
2402.0,148124.0,29846.0,29622.0,44328.0,44328.0,68669.2,56721.6,15930.8,13802.1,0.0,45346.1,0.0,16970.3,46631.2,20392.5,67717.3,106347.5,128652.3,114015.4,148
2403.0,148124.0,29846.0,29622.0,44328.0,44328.0,68669.2,56721.6,15930.8,13802.1,0.0,45346.1,0.0,16970.3,46630.5,20388.0,67712.1,106352.0,128652.3,114015.4,148
2404.1,148124.0,29846.0,29622.0,44328.0,44328.0,68669.2,56721.6,15930.8,13802.1,0.0,45346.1,0.0,16970.3,46631.1,20391.1,67715.7,106348.9,128652.3,114015.4,148
2405.1,148124.0,29846.0,29622.0,44328.0,44328.0,68669.2,56721.6,15930.8,13802.1,0.0,45346.1,0.0,16970.3,46630.5,20395.0,67719.1,106345.0,128652.3,114015.4,148
2406.2,148124.0,29846.0,29622.0,44328.0,44328.0,68669.2,56721.6,15930.8,13802.1,0.0,45346.1,0.0,16970.3,46631.2,20399.6,67724.4,106340.4,128652.3,114015.4,148
2407.2,148124.0,29846.0,29622.0,44328.0,44328.0,68669.2,56721.6,15930.8,13802.1,0.0,45346.2,0.0,16970.3,46630.6,20400.1,67724.4,106339.9,128652.3,114015.4,148
2408.2,148124.0,29846.0,29622.0,44328.0,44328.0,68669.2,56721.6,15930.8,13802.1,0.0,45346.2,0.0,16970.2,46630.6,20400.3,67724.5,106339.7,128652.3,114015.4,148
2409.3,148124.0,29846.0,29622.0,44328.0,44328.0,68669.2,56721.6,15930.8,13802.1,0.0,45346.2,0.0,16970.8,46631.6,20404.1,67729.3,106335.9,128652.3,114015.4,148
2410.3,148124.0,29846.0,29622.0,44328.0,44328.0,68669.2,56721.6,15930.8,13802.1,0.0,45346.2,0.0,16970.9,46631.2,20396.1,67720.9,106343.9,128652.3,114015.4,148
2411.4,148124.0,29846.0,29622.0,44328.0,44328.0,68669.2,56721.6,15930.8,13802.1,0.0,45348.2,0.0,16970.9,46633.2,20396.4,67723.2,106343.6,128652.3,114017.4,148
2412.4,148124.0,29846.0,29622.0,44328.0,44328.0,68688.2,56740.5,15949.8,13821.0,0.0,45348.2,0.0,16970.5,46633.7,20400.1,67727.3,106339.9,128652.3,114036.4,148
2413.4,148124.0,29846.0,29622.0,44328.0,44328.0,68688.2,56740.5,15949.7,13821.0,0.0,45348.3,0.0,16989.5,46633.8,20421.0,67748.5,106319.0,128652.3,114036.5,148
2414.5,148124.0,29846.0,29622.0,44328.0,44328.0,68688.2,56740.5,15949.8,13821.0,0.0,45348.3,0.0,16989.3,46633.8,20419.6,67747.0,106320.4,128652.3,114036.5,148
2415.5,148124.0,29846.0,29622.0,44328.0,44328.0,68688.2,56740.5,15949.8,13821.0,0.0,45348.3,0.0,16989.3,46633.8,20416.5,67743.9,106323.5,128652.3,114036.5,148
2416.6,148124.0,29846.0,29622.0,44328.0,44328.0,68688.2,56740.5,15949.8,13821.0,0.0,45348.3,0.0,16989.3,46633.8,20416.4,67743.8,106323.6,128652.3,114036.5,148
2417.6,148124.0,29846.0,29622.0,44328.0,44328.0,68688.2,56740.5,15949.8,13821.0,0.0,45348.3,0.0,16989.3,46633.8,20417.0,67744.4,106323.0,128652.3,114036.5,148
2418.6,148124.0,29846.0,29622.0,44328.0,44328.0,68688.2,56740.5,15949.7,13821.0,0.0,45348.3,0.0,16989.3,46634.8,20422.6,67751.1,106317.3,128652.3,114036.5,148
2419.7,148124.0,29846.0,29622.0,44328.0,44328.0,68688.2,56740.5,15949.8,13821.0,0.0,45348.5,0.0,16989.4,46634.3,20420.9,67748.7,106319.1,128652.3,114036.6,148
2420.7,148124.0,29846.0,29622.0,44328.0,44328.0,68688.2,56740.5,15949.8,13821.0,0.0,45348.5,0.0,16988.4,46634.3,20418.2,67746.1,106321.8,128652.3,114036.6,148
2421.7,148124.0,29846.0,29622.0,44328.0,44328.0,68688.2,56740.5,15949.8,13821.0,0.0,45348.5,0.0,16988.2,46633.9,20415.4,67742.9,106324.5,128652.3,114036.6,148
2422.7,148124.0,29846.0,29622.0,44328.0,44328.0,68688.2,56740.5,15949.8,13821.0,0.0,45348.5,0.0,16988.2,46633.9,20416.0,67743.5,106324.0,128652.3,114036.6,148
2423.8,148124.0,29846.0,29622.0,44328.0,44328.0,68688.2,56740.5,15949.7,13821.0,0.0,45348.5,0.0,16988.2,46634.9,20424.1,67752.5,106315.9,128652.3,114036.6,148
2424.8,148124.0,29846.0,29622.0,44328.0,44328.0,68688.2,56740.5,15949.8,13821.0,0.0,45348.5,0.0,16988.2,46634.5,20420.3,67748.5,106319.7,128652.3,114036.6,148
2425.9,148124.0,29846.0,29622.0,44328.0,44328.0,68688.2,56740.5,15949.8,13821.0,0.0,45348.5,0.0,16988.2,46633.9,20422.6,67750.2,106317.4,128652.3,114036.6,148
2426.9,148124.0,29846.0,29622.0,44328.0,44328.0,68688.2,56740.5,15949.8,13821.0,0.0,45348.5,0.0,16988.4,46633.9,20422.4,67750.0,106317.6,128652.3,114036.7,148
2427.9,148124.0,29846.0,29622.0,44328.0,44328.0,68688.2,56740.5,15949.8,13821.0,0.0,45348.5,0.0,16988.4,46634.0,20422.0,67749.6,106318.0,128652.3,114036.7,148
2429.0,148124.0,29846.0,29622.0,44328.0,44328.0,68688.2,56740.5,15949.8,13821.0,0.0,45348.5,0.0,16988.6,46634.9,20418.8,67747.3,106321.2,128652.3,114036.7,148
2430.0,148124.0,29846.0,29622.0,44328.0,44328.0,68688.2,56740.5,15949.8,13821.0,0.0,45348.5,0.0,16988.6,46634.7,20419.6,67747.9,106320.4,128652.3,114036.7,148
2431.1,148124.0,29846.0,29622.0,44328.0,44328.0,68688.2,56740.5,15949.8,13821.0,0.0,45348.5,0.0,16988.6,46634.7,20420.7,67749.1,106319.3,128652.3,114036.7,148
2432.1,148124.0,29846.0,29622.0,44328.0,44328.0,68688.2,56740.5,15949.8,13821.0,0.0,45348.5,0.0,16988.6,46634.7,20419.6,67747.9,106320.4,128652.3,114036.7,148
2433.1,148124.0,29846.0,29622.0,44328.0,44328.0,68688.2,56740.5,15949.8,13821.0,0.0,45348.5,0.0,16988.6,46634.7,20419.7,67748.0,106320.2,128652.3,114036.7,148
2434.2,148124.0,29846.0,29622.0,44328.0,44328.0,68688.2,56740.5,15949.8,13821.0,0.0,45348.5,0.0,16988.6,46634.7,20420.7,67749.0,106319.3,128652.3,114036.7,148
2435.2,148124.0,29846.0,29622.0,44328.0,44328.0,68645.7,56698.0,15907.2,13778.5,0.0,45348.6,0.0,16946.1,46635.3,20382.8,67711.7,106357.2,128652.3,113994.2,148
2436.2,148124.0,29846.0,29622.0,44328.0,44328.0,68645.7,56698.0,15907.2,13778.5,0.0,45348.6,0.0,16946.1,46634.9,20383.3,67711.8,106356.7,128652.3,113994.2,148
2437.3,148124.0,29846.0,29622.0,44328.0,44328.0,68645.7,56698.0,15907.2,13778.5,0.0,45348.6,0.0,16946.1,46635.1,20380.1,67708.8,106359.9,128652.3,113994.2,148
2438.3,148124.0,29846.0,29622.0,44328.0,44328.0,68645.7,56698.0,15907.2,13778.5,0.0,45348.7,0.0,16946.1,46635.3,20379.5,67708.5,106360.4,128652.3,113994.4,148
2439.3,148124.0,29846.0,29622.0,44328.0,44328.0,68645.7,56698.0,15907.2,13778.5,0.0,45348.7,0.0,16946.3,46635.3,20379.4,67708.3,106360.5,128652.3,113994.4,148
2440.5,148124.0,29846.0,29622.0,44328.0,44328.0,68683.2,56735.5,15944.8,13816.0,0.0,45348.7,0.0,16983.7,46636.0,20411.4,67741.1,106328.5,128652.3,114031.9,148
2441.6,148124.0,29846.0,29622.0,44328.0,44328.0,68683.2,56735.5,15944.8,13816.0,0.0,45348.7,0.0,16983.7,46635.9,20411.7,67741.2,106328.3,128652.3,114031.9,148
2442.6,148124.0,29846.0,29622.0,44328.0,44328.0,68683.2,56735.5,15944.8,13816.0,0.0,45348.7,0.0,16983.6,46635.9,20412.0,67741.6,106327.9,128652.3,114031.9,148
2443.6,148124.0,29846.0,29622.0,44328.0,44328.0,68683.2,56735.5,15944.8,13816.0,0.0,45348.7,0.0,16983.8,46635.9,20411.8,67741.4,106328.1,128652.3,114031.9,148
2444.7,148124.0,29846.0,29622.0,44328.0,44328.0,68683.2,56735.5,15944.8,13816.0,0.0,45348.7,0.0,16983.7,46638.1,20415.6,67747.3,106324.4,128652.3,114031.9,148
2445.7,148124.0,29846.0,29622.0,44328.0,44328.0,68683.2,56735.5,15944.8,13816.0,0.0,45348.7,0.0,16983.8,46635.9,20415.0,67744.6,106324.9,128652.3,114031.9,148
2446.8,148124.0,29846.0,29622.0,44328.0,44328.0,68683.2,56735.5,15944.8,13816.0,0.0,45348.7,0.0,16983.7,46635.9,20414.7,67744.3,106325.3,128652.3,114031.9,148
2447.8,148124.0,29846.0,29622.0,44328.0,44328.0,68683.2,56735.5,15944.8,13816.0,0.0,45348.7,0.0,16983.7,46635.9,20415.4,67745.0,106324.5,128652.3,114031.9,148
2448.8,148124.0,29846.0,29622.0,44328.0,44328.0,68683.2,56735.5,15944.8,13816.0,0.0,45348.7,0.0,16983.7,46635.9,20416.2,67745.7,106323.8,128652.3,114031.9,148
2449.9,148124.0,29846.0,29622.0,44328.0,44328.0,68683.2,56735.5,15944.8,13816.0,0.0,45348.7,0.0,16983.7,46635.9,20418.4,67748.0,106321.5,128652.3,114031.9,148
2450.9,148124.0,29846.0,29622.0,44328.0,44328.0,68677.5,56729.9,15939.1,13810.3,0.0,45348.7,0.0,17035.9,46640.8,20483.9,67818.4,106256.1,128652.3,114026.3,148
2451.9,148124.0,29846.0,29622.0,44328.0,44328.0,68677.5,56729.9,15939.1,13810.3,0.0,45348.7,0.0,16978.0,46635.3,20417.2,67746.2,106322.7,128652.3,114026.3,148
2453.0,148124.0,29846.0,29622.0,44328.0,44328.0,68677.5,56729.9,15939.1,13810.3,0.0,45348.8,0.0,16977.9,46635.3,20417.6,67746.5,106322.4,128652.3,114026.3,148
2454.0,148124.0,29846.0,29622.0,44328.0,44328.0,68677.5,56729.9,15939.1,13810.3,0.0,45348.8,0.0,16978.2,46634.6,20416.3,67744.5,106323.7,128652.3,114026.3,148
2455.1,148124.0,29846.0,29622.0,44328.0,44328.0,68677.5,56729.9,15939.1,13810.3,0.0,45348.8,0.0,16978.1,46634.6,20419.6,67747.9,106320.3,128652.3,114026.3,148
2456.1,148124.0,29846.0,29622.0,44328.0,44328.0,68687.6,56739.9,15949.2,13820.4,0.0,45348.9,0.0,16987.9,46638.7,20438.9,67771.3,106301.0,128652.3,114036.5,148
2457.1,148124.0,29846.0,29622.0,44328.0,44328.0,68687.6,56739.9,15949.2,13820.4,0.0,45348.9,0.0,16988.2,46635.6,20423.7,67752.9,106316.3,128652.3,114036.5,148
2458.2,148124.0,29846.0,29622.0,44328.0,44328.0,68687.6,56739.9,15949.2,13820.4,0.0,45348.9,0.0,16988.1,46635.6,20424.4,67753.7,106315.5,128652.3,114036.5,148
2459.2,148124.0,29846.0,29622.0,44328.0,44328.0,68687.6,56739.9,15949.2,13820.4,0.0,45348.9,0.0,16988.2,46635.6,20423.1,67752.3,106316.8,128652.3,114036.5,148
2460.2,148124.0,29846.0,29622.0,44328.0,44328.0,68687.6,56739.9,15949.2,13820.4,0.0,45348.9,0.0,16988.3,46635.6,20428.2,67757.5,106311.7,128652.3,114036.5,148
2461.2,148124.0,29846.0,29622.0,44328.0,44328.0,68687.6,56739.9,15949.2,13820.4,0.0,45348.9,0.0,16988.2,46635.6,20429.1,67758.3,106310.9,128652.3,114036.5,148
2462.2,148124.0,29846.0,29622.0,44328.0,44328.0,68687.6,56739.9,15949.2,13820.4,0.0,45348.9,0.0,16988.2,46635.6,20425.6,67754.8,106314.4,128652.3,114036.5,148
2463.2,148124.0,29846.0,29622.0,44328.0,44328.0,68687.6,56739.9,15949.2,13820.4,0.0,45348.9,0.0,16988.3,46635.2,20426.2,67755.1,106313.7,128652.3,114036.6,148
2464.3,148124.0,29846.0,29622.0,44328.0,44328.0,68687.6,56739.9,15949.2,13820.4,0.0,45348.9,0.0,16988.2,46635.2,20426.3,67755.2,106313.7,128652.3,114036.6,148
2465.3,148124.0,29846.0,29622.0,44328.0,44328.0,68687.6,56739.9,15949.2,13820.4,0.0,45348.9,0.0,16988.1,46636.0,20429.7,67759.3,106310.2,128652.3,114036.6,148
2466.4,148124.0,29846.0,29622.0,44328.0,44328.0,68687.6,56739.9,15949.2,13820.4,0.0,45348.9,0.0,16988.2,46635.5,20430.0,67759.1,106309.9,128652.3,114036.6,148
2467.4,148124.0,29846.0,29622.0,44328.0,44328.0,68687.6,56739.9,15949.2,13820.4,0.0,45348.9,0.0,16988.2,46635.5,20426.3,67755.4,106313.7,128652.3,114036.6,148
2468.4,148124.0,29846.0,29622.0,44328.0,44328.0,68687.6,56739.9,15949.2,13820.4,0.0,45348.9,0.0,16988.2,46635.2,20424.7,67753.6,106315.2,128652.3,114036.6,148
2469.4,148124.0,29846.0,29622.0,44328.0,44328.0,68687.6,56739.9,15949.2,13820.4,0.0,45349.0,0.0,16988.5,46635.5,20422.9,67752.1,106317.0,128652.3,114036.6,148
2470.4,148124.0,29846.0,29622.0,44328.0,44328.0,68687.6,56739.9,15949.2,13820.4,0.0,45349.0,0.0,16988.3,46635.7,20425.2,67754.6,106314.7,128652.3,114036.6,148
2471.4,148124.0,29846.0,29622.0,44328.0,44328.0,68687.6,56739.9,15949.2,13820.4,0.0,45349.0,0.0,16988.3,46635.7,20424.9,67754.3,106315.0,128652.3,114036.6,148
2472.4,148124.0,29846.0,29622.0,44328.0,44328.0,68687.6,56739.9,15949.2,13820.4,0.0,45349.0,0.0,16988.4,46636.7,20430.3,67760.7,106309.7,128652.3,114036.6,148
2473.4,148124.0,29846.0,29622.0,44328.0,44328.0,68687.6,56739.9,15949.2,13820.4,0.0,45349.1,0.0,16988.8,46636.2,20420.8,67750.7,106319.1,128652.3,114036.7,148
2474.5,148124.0,29846.0,29622.0,44328.0,44328.0,68687.6,56739.9,15949.2,13820.4,0.0,45349.1,0.0,16989.1,46636.2,20422.6,67752.4,106317.4,128652.3,114036.7,148
2475.5,148124.0,29846.0,29622.0,44328.0,44328.0,68687.6,56739.9,15949.2,13820.4,0.0,45349.1,0.0,16988.4,46636.1,20422.3,67752.1,106317.6,128652.3,114036.7,148
2476.5,148124.0,29846.0,29622.0,44328.0,44328.0,68687.6,56739.9,15949.2,13820.4,0.0,45349.1,0.0,16988.3,46637.2,20424.1,67755.0,106315.8,128652.3,114036.7,148
2477.5,148124.0,29846.0,29622.0,44328.0,44328.0,68687.6,56739.9,15949.2,13820.4,0.0,45349.1,0.0,16988.5,46636.2,20424.0,67753.9,106315.9,128652.3,114036.7,148
2478.5,148124.0,29846.0,29622.0,44328.0,44328.0,68687.6,56739.9,15949.2,13820.4,0.0,45349.1,0.0,16988.5,46635.4,20419.8,67748.9,106320.1,128652.3,114036.7,148
2479.5,148124.0,29846.0,29622.0,44328.0,44328.0,68687.6,56739.9,15949.2,13820.4,0.0,45349.1,0.0,16988.4,46635.3,20421.7,67750.7,106318.2,128652.3,114036.7,148
2480.5,148124.0,29846.0,29622.0,44328.0,44328.0,68687.6,56739.9,15949.2,13820.4,0.0,45349.1,0.0,16988.4,46635.3,20419.0,67748.1,106320.9,128652.3,114036.8,148
2481.5,148124.0,29846.0,29622.0,44328.0,44328.0,68687.6,56739.9,15949.2,13820.4,0.0,45349.1,0.0,16988.4,46635.3,20418.7,67747.7,106321.2,128652.3,114036.8,148
2482.5,148124.0,29846.0,29622.0,44328.0,44328.0,68687.6,56739.9,15949.2,13820.4,0.0,45349.2,0.0,16988.4,46635.4,20418.7,67747.8,106321.2,128652.3,114036.8,148
2483.6,148124.0,29846.0,29622.0,44328.0,44328.0,68687.6,56739.9,15949.2,13820.4,0.0,45349.2,0.0,16988.4,46635.8,20420.8,67750.2,106319.1,128652.3,114036.8,148
2484.6,148124.0,29846.0,29622.0,44328.0,44328.0,68687.6,56739.9,15949.2,13820.4,0.0,45349.2,0.0,16988.4,46635.3,20424.6,67753.6,106315.3,128652.3,114036.8,148
2485.6,148124.0,29846.0,29622.0,44328.0,44328.0,68687.6,56739.9,15949.2,13820.4,0.0,45349.2,0.0,16988.9,46635.3,20425.1,67754.1,106314.7,128652.3,114036.8,148
2486.6,148124.0,29846.0,29622.0,44328.0,44328.0,68687.6,56739.9,15949.2,13820.4,0.0,45349.2,0.0,16988.6,46637.2,20434.9,67765.8,106305.0,128652.3,114036.8,148
2487.7,148124.0,29846.0,29622.0,44328.0,44328.0,68687.6,56739.9,15949.2,13820.4,0.0,45349.2,0.0,16988.6,46635.2,20422.0,67750.9,106317.9,128652.3,114036.8,148
2488.7,148124.0,29846.0,29622.0,44328.0,44328.0,68687.6,56739.9,15949.2,13820.4,0.0,45349.2,0.0,16988.6,46635.2,20419.6,67748.6,106320.2,128652.3,114036.8,148
2489.8,148124.0,29846.0,29622.0,44328.0,44328.0,68687.6,56739.9,15949.2,13820.4,0.0,45349.2,0.0,16988.6,46635.1,20421.4,67750.2,106318.5,128652.3,114036.8,148
2490.8,148124.0,29846.0,29622.0,44328.0,44328.0,68687.6,56739.9,15949.2,13820.4,0.0,45349.2,0.0,16988.6,46635.0,20421.1,67749.8,106318.8,128652.3,114036.8,148
2491.8,148124.0,29846.0,29622.0,44328.0,44328.0,68687.6,56739.9,15949.2,13820.4,0.0,45349.2,0.0,16988.6,46635.0,20421.2,67749.9,106318.7,128652.3,114036.8,148
2492.8,148124.0,29846.0,29622.0,44328.0,44328.0,68687.6,56739.9,15949.2,13820.4,0.0,45349.2,0.0,16988.7,46635.5,20421.3,67750.6,106318.6,128652.3,114036.8,148
2493.9,148124.0,29846.0,29622.0,44328.0,44328.0,68687.6,56739.9,15949.2,13820.4,0.0,45349.2,0.0,16988.6,46634.7,20418.3,67746.7,106321.6,128652.3,114036.8,148
2494.9,148124.0,29846.0,29622.0,44328.0,44328.0,68687.6,56739.9,15949.2,13820.4,0.0,45349.3,0.0,16988.6,46637.8,20421.6,67753.2,106318.2,128652.3,114036.9,148
2496.0,148124.0,29846.0,29622.0,44328.0,44328.0,68687.6,56739.9,15949.2,13820.4,0.0,45349.3,0.0,16988.8,46634.8,20411.6,67740.2,106328.3,128652.3,114036.9,148
2497.0,148124.0,29846.0,29622.0,44328.0,44328.0,68687.6,56739.9,15949.2,13820.4,0.0,45349.3,0.0,16988.7,46635.0,20411.1,67739.8,106328.8,128652.3,114036.9,148
2498.0,148124.0,29846.0,29622.0,44328.0,44328.0,68687.6,56739.9,15949.2,13820.4,0.0,45349.3,0.0,16988.8,46635.0,20411.7,67740.4,106328.2,128652.3,114036.9,148
2499.1,148124.0,29846.0,29622.0,44328.0,44328.0,68687.6,56739.9,15949.2,13820.4,0.0,45349.3,0.0,16989.2,46634.5,20413.2,67741.4,106326.7,128652.3,114036.9,148
2500.1,148124.0,29846.0,29622.0,44328.0,44328.0,68687.6,56739.9,15949.2,13820.4,0.0,45349.3,0.0,16988.7,46634.6,20414.6,67742.9,106325.3,128652.3,114036.9,148
2501.2,148124.0,29846.0,29622.0,44328.0,44328.0,68687.6,56739.9,15949.2,13820.4,0.0,45349.3,0.0,16988.7,46634.6,20412.1,67740.4,106327.8,128652.3,114036.9,148
2502.2,148124.0,29846.0,29622.0,44328.0,44328.0,68687.6,56739.9,15949.2,13820.4,0.0,45349.3,0.0,16988.7,46635.3,20415.6,67744.6,106324.3,128652.3,114036.9,148
2503.3,148124.0,29846.0,29622.0,44328.0,44328.0,68687.6,56739.9,15949.2,13820.4,0.0,45349.3,0.0,16988.7,46635.4,20419.4,67748.6,106320.4,128652.3,114037.0,148
2504.4,148124.0,29846.0,29622.0,44328.0,44328.0,68687.6,56739.9,15949.2,13820.4,0.0,45349.4,0.0,16989.0,46635.3,20417.4,67746.4,106322.4,128652.3,114037.0,148
2505.4,148124.0,29846.0,29622.0,44328.0,44328.0,68687.6,56739.9,15949.2,13820.4,0.0,45349.4,0.0,16988.7,46634.9,20425.5,67754.2,106314.4,128652.3,114037.0,148
2506.5,148124.0,29846.0,29622.0,44328.0,44328.0,68687.6,56739.9,15949.2,13820.4,0.0,45349.4,0.0,16988.7,46635.2,20418.4,67747.3,106321.5,128652.3,114037.0,148
2507.5,148124.0,29846.0,29622.0,44328.0,44328.0,68687.6,56739.9,15949.2,13820.4,0.0,45349.4,0.0,16988.7,46635.2,20417.0,67745.9,106322.8,128652.3,114037.0,148
2508.6,148124.0,29846.0,29622.0,44328.0,44328.0,68687.6,56739.9,15949.2,13820.4,0.0,45349.4,0.0,16988.7,46636.5,20530.2,67860.4,106209.7,128652.3,114037.0,148
2509.6,148124.0,29846.0,29622.0,44328.0,44328.0,68687.6,56739.9,15949.2,13820.4,0.0,45349.5,0.0,16988.8,46635.5,20415.0,67744.2,106324.9,128652.3,114037.2,148
2510.6,148124.0,29846.0,29622.0,44328.0,44328.0,68687.6,56739.9,15949.2,13820.4,0.0,45349.6,0.0,16988.8,46635.5,20415.1,67744.3,106324.8,128652.3,114037.2,148
2511.7,148124.0,29846.0,29622.0,44328.0,44328.0,68687.6,56739.9,15949.2,13820.4,0.0,45349.6,0.0,16988.8,46635.5,20415.5,67744.7,106324.4,128652.3,114037.2,148
2512.7,148124.0,29846.0,29622.0,44328.0,44328.0,68687.6,56739.9,15949.2,13820.4,0.0,45349.6,0.0,16988.8,46635.5,20415.8,67745.0,106324.0,128652.3,114037.2,148
2513.7,148124.0,29846.0,29622.0,44328.0,44328.0,68687.6,56739.9,15949.2,13820.4,0.0,45349.6,0.0,16988.8,46635.5,20416.4,67745.6,106323.4,128652.3,114037.2,148
2514.8,148124.0,29846.0,29622.0,44328.0,44328.0,68687.6,56740.0,15949.2,13820.4,0.0,45349.6,0.0,16988.8,46635.4,20417.6,67746.8,106322.2,128652.3,114037.2,148
2515.8,148124.0,29846.0,29622.0,44328.0,44328.0,68687.6,56740.0,15949.2,13820.4,0.0,45349.6,0.0,16988.8,46635.4,20417.8,67746.9,106322.1,128652.3,114037.2,148
2516.9,148124.0,29846.0,29622.0,44328.0,44328.0,68687.6,56740.0,15949.2,13820.4,0.0,45349.6,0.0,16988.8,46635.4,20415.2,67744.4,106324.6,128652.3,114037.2,148
2517.9,148126.0,29848.0,29622.0,44328.0,44328.0,68687.6,56740.0,15949.2,13820.4,0.0,45349.6,0.0,16988.8,46635.1,20413.5,67742.3,106326.4,128652.3,114037.2,148
2518.9,148126.0,29848.0,29622.0,44328.0,44328.0,68687.6,56740.0,15949.2,13820.4,0.0,45349.6,0.0,16988.8,46636.1,20419.0,67748.8,106320.9,128652.3,114037.2,148
2520.0,148440.0,30162.0,29622.0,44328.0,44328.0,68687.6,56740.0,15949.2,13820.4,0.0,45349.6,0.0,16988.8,46635.2,20412.5,67741.5,106327.4,128652.3,114037.2,148
2521.0,148440.0,30162.0,29622.0,44328.0,44328.0,68687.6,56740.0,15949.2,13820.4,0.0,45349.6,0.0,16988.8,46635.2,20412.1,67741.1,106327.7,128652.3,114037.2,148
2522.1,148440.0,30162.0,29622.0,44328.0,44328.0,68687.6,56740.0,15949.2,13820.4,0.0,45349.6,0.0,16988.8,46635.7,20417.7,67747.1,106322.2,128652.3,114037.2,148
2523.1,148440.0,30162.0,29622.0,44328.0,44328.0,68687.6,56740.0,15949.2,13820.4,0.0,45349.6,0.0,16988.9,46635.4,20417.6,67746.8,106322.2,128652.3,114037.2,148
2524.2,148440.0,30162.0,29622.0,44328.0,44328.0,68687.6,56740.0,15949.2,13820.4,0.0,45349.6,0.0,16988.9,46635.1,20418.7,67747.6,106321.1,128652.3,114037.2,148
2525.2,148440.0,30162.0,29622.0,44328.0,44328.0,68687.6,56740.0,15949.2,13820.4,0.0,45349.6,0.0,16988.9,46635.1,20419.7,67748.5,106320.2,128652.3,114037.2,148
2526.3,148440.0,30162.0,29622.0,44328.0,44328.0,68687.6,56740.0,15949.2,13820.4,0.0,45349.6,0.0,16988.9,46635.1,20422.0,67750.9,106317.8,128652.3,114037.3,148
2527.3,148440.0,30162.0,29622.0,44328.0,44328.0,68687.6,56740.0,15949.2,13820.4,0.0,45349.6,0.0,16988.9,46634.9,20419.2,67747.8,106320.6,128652.3,114037.3,148
2528.3,148440.0,30162.0,29622.0,44328.0,44328.0,68687.6,56740.0,15949.2,13820.4,0.0,45349.6,0.0,16989.0,46635.1,20419.8,67748.6,106320.1,128652.3,114037.3,148
2529.3,148440.0,30162.0,29622.0,44328.0,44328.0,68687.6,56740.0,15949.2,13820.4,0.0,45349.6,0.0,16988.9,46635.1,20419.6,67748.4,106320.2,128652.3,114037.3,148
2530.4,148440.0,30162.0,29622.0,44328.0,44328.0,68687.6,56740.0,15949.2,13820.4,0.0,45349.8,0.0,16988.9,46634.8,20424.6,67753.2,106315.2,128652.3,114037.4,148
2531.4,148440.0,30162.0,29622.0,44328.0,44328.0,68687.6,56740.0,15949.2,13820.4,0.0,45349.8,0.0,16988.9,46634.2,20426.7,67754.7,106313.2,128652.3,114037.4,148
2532.4,148440.0,30162.0,29622.0,44328.0,44328.0,68687.6,56740.0,15949.2,13820.4,0.0,45349.8,0.0,16988.9,46634.2,20425.4,67753.4,106314.4,128652.3,114037.4,148
2533.4,148440.0,30162.0,29622.0,44328.0,44328.0,68687.6,56740.0,15949.2,13820.4,0.0,45349.8,0.0,16989.0,46634.2,20426.4,67754.4,106313.4,128652.3,114037.4,148
2534.4,148440.0,30162.0,29622.0,44328.0,44328.0,68687.6,56740.0,15949.2,13820.4,0.0,45349.8,0.0,16989.3,46634.5,20422.0,67750.3,106317.8,128652.3,114037.4,148
2535.4,148440.0,30162.0,29622.0,44328.0,44328.0,68687.6,56740.0,15949.2,13820.4,0.0,45349.8,0.0,16989.5,46634.5,20423.4,67751.7,106316.4,128652.3,114037.4,148
2536.4,148440.0,30162.0,29622.0,44328.0,44328.0,68687.6,56740.0,15949.2,13820.4,0.0,45349.8,0.0,16989.1,46634.5,20423.2,67751.5,106316.6,128652.3,114037.4,148
2537.4,148440.0,30162.0,29622.0,44328.0,44328.0,68672.1,56724.4,15933.6,13804.9,0.0,45349.8,0.0,16973.2,46635.2,20400.2,67729.1,106339.6,128652.3,114021.9,148
2538.4,148440.0,30162.0,29622.0,44328.0,44328.0,68695.9,56748.2,15957.5,13828.7,0.0,45349.8,0.0,16973.6,46635.1,20399.3,67728.2,106340.5,128652.3,114045.7,148
2539.4,148440.0,30162.0,29622.0,44328.0,44328.0,68707.8,56760.1,15969.4,13840.6,0.0,45349.8,0.0,17009.8,46636.6,20444.2,67774.6,106295.6,128652.3,114057.6,148
2540.5,148440.0,30162.0,29622.0,44328.0,44328.0,68707.8,56760.1,15969.4,13840.6,0.0,45349.8,0.0,17009.4,46636.1,20436.3,67766.3,106303.5,128652.3,114057.6,148
2541.5,148440.0,30162.0,29622.0,44328.0,44328.0,68707.8,56760.1,15969.4,13840.6,0.0,45349.8,0.0,17009.4,46636.1,20435.5,67765.4,106304.3,128652.3,114057.6,148
2542.5,148440.0,30162.0,29622.0,44328.0,44328.0,68707.8,56760.1,15969.4,13840.6,0.0,45349.8,0.0,17009.4,46636.2,20435.1,67765.0,106304.7,128652.3,114057.6,148
2543.6,148440.0,30162.0,29622.0,44328.0,44328.0,68707.8,56760.1,15969.4,13840.6,0.0,45349.8,0.0,17009.4,46636.2,20435.4,67765.4,106304.4,128652.3,114057.6,148
2544.6,148440.0,30162.0,29622.0,44328.0,44328.0,68707.8,56760.1,15969.4,13840.6,0.0,45349.8,0.0,17009.5,46636.2,20435.2,67765.1,106304.6,128652.3,114057.6,148
2545.7,148440.0,30162.0,29622.0,44328.0,44328.0,68707.8,56760.1,15969.4,13840.6,0.0,45349.8,0.0,17009.6,46636.2,20432.6,67762.6,106307.2,128652.3,114057.6,148
2546.7,148440.0,30162.0,29622.0,44328.0,44328.0,68707.8,56760.1,15969.4,13840.6,0.0,45350.0,0.0,17008.9,46636.1,20430.6,67760.4,106309.2,128652.3,114057.8,148
2547.8,148440.0,30162.0,29622.0,44328.0,44328.0,68707.8,56760.1,15969.4,13840.6,0.0,45350.0,0.0,17009.0,46636.7,20433.6,67764.2,106306.2,128652.3,114057.8,148
2548.8,148440.0,30162.0,29622.0,44328.0,44328.0,68707.8,56760.1,15969.4,13840.6,0.0,45350.0,0.0,17009.0,46636.6,20437.3,67767.6,106302.5,128652.3,114057.8,148
2549.8,148440.0,30162.0,29622.0,44328.0,44328.0,68707.8,56760.1,15969.4,13840.6,0.0,45350.0,0.0,17009.0,46636.2,20437.8,67767.8,106302.0,128652.3,114057.8,148
2550.8,148440.0,30162.0,29622.0,44328.0,44328.0,68707.8,56760.1,15969.4,13840.6,0.0,45350.0,0.0,17009.0,46636.2,20435.2,67765.1,106304.6,128652.3,114057.8,148
2551.9,148440.0,30162.0,29622.0,44328.0,44328.0,68707.8,56760.1,15969.4,13840.6,0.0,45350.0,0.0,17009.0,46635.7,20441.0,67770.5,106298.7,128652.3,114057.8,148
2553.0,148440.0,30162.0,29622.0,44328.0,44328.0,68707.8,56760.1,15969.4,13840.6,0.0,45350.0,0.0,17009.0,46635.7,20441.3,67770.8,106298.5,128652.3,114057.8,148
2554.0,148440.0,30162.0,29622.0,44328.0,44328.0,68707.8,56760.1,15969.4,13840.6,0.0,45350.0,0.0,17009.2,46635.6,20439.5,67768.9,106300.3,128652.3,114057.8,148
2555.0,148440.0,30162.0,29622.0,44328.0,44328.0,68707.8,56760.2,15969.4,13840.6,0.0,45350.0,0.0,17009.2,46635.6,20440.6,67770.1,106299.2,128652.3,114057.9,148
2556.1,148440.0,30162.0,29622.0,44328.0,44328.0,68707.8,56760.2,15969.4,13840.6,0.0,45350.0,0.0,17009.4,46635.6,20438.7,67768.1,106301.1,128652.3,114057.9,148
2557.1,148440.0,30162.0,29622.0,44328.0,44328.0,68707.8,56760.2,15969.4,13840.6,0.0,45350.0,0.0,17009.3,46635.6,20439.0,67768.5,106300.8,128652.3,114057.9,148
2558.2,148440.0,30162.0,29622.0,44328.0,44328.0,68707.8,56760.2,15969.4,13840.6,0.0,45350.0,0.0,17009.3,46635.6,20440.1,67769.6,106299.7,128652.3,114057.9,148
2559.2,148440.0,30162.0,29622.0,44328.0,44328.0,68707.8,56760.2,15969.4,13840.6,0.0,45350.0,0.0,17009.5,46636.3,20439.7,67769.8,106300.1,128652.3,114057.9,148
2560.3,148440.0,30162.0,29622.0,44328.0,44328.0,68623.3,56675.6,15884.9,13756.1,0.0,45350.0,0.0,17010.4,46643.2,20458.9,67795.9,106280.9,128652.3,113973.3,148
2561.3,148440.0,30162.0,29622.0,44328.0,44328.0,68623.3,56675.6,15884.9,13756.1,0.0,45350.0,0.0,16924.8,46636.0,20355.8,67685.6,106384.0,128652.3,113973.3,148
2562.3,148440.0,30162.0,29622.0,44328.0,44328.0,68623.3,56675.6,15884.9,13756.1,0.0,45350.1,0.0,16924.9,46636.0,20356.1,67686.0,106383.6,128652.3,113973.4,148
2563.4,148440.0,30162.0,29622.0,44328.0,44328.0,68623.3,56675.6,15884.9,13756.1,0.0,45350.1,0.0,16925.6,46635.5,20355.1,67684.4,106384.7,128652.3,113973.4,148
2564.5,148440.0,30162.0,29622.0,44328.0,44328.0,68623.3,56675.6,15884.9,13756.1,0.0,45350.1,0.0,16925.3,46635.7,20354.3,67683.8,106385.5,128652.3,113973.4,148
2565.5,148440.0,30162.0,29622.0,44328.0,44328.0,68623.3,56675.6,15884.9,13756.1,0.0,45350.1,0.0,16925.3,46635.7,20353.9,67683.4,106385.9,128652.3,113973.4,148
2566.5,148440.0,30162.0,29622.0,44328.0,44328.0,68623.3,56675.6,15884.9,13756.1,0.0,45350.2,0.0,16925.1,46635.8,20353.9,67683.5,106385.9,128652.3,113973.5,148
2567.6,148440.0,30162.0,29622.0,44328.0,44328.0,68623.3,56675.6,15884.9,13756.1,0.0,45350.2,0.0,16925.2,46635.6,20352.0,67681.4,106387.8,128652.3,113973.5,148
2568.6,148440.0,30162.0,29622.0,44328.0,44328.0,68623.3,56675.6,15884.9,13756.1,0.0,45350.2,0.0,16925.5,46635.3,20357.4,67686.6,106382.4,128652.3,113973.5,148
2569.6,148440.0,30162.0,29622.0,44328.0,44328.0,68623.3,56675.6,15884.9,13756.1,0.0,45350.2,0.0,16925.5,46635.3,20359.1,67688.3,106380.7,128652.3,113973.5,148
2570.7,148440.0,30162.0,29622.0,44328.0,44328.0,68624.8,56677.1,15886.4,13757.6,0.0,45350.2,0.0,16927.0,46636.5,20356.8,67687.2,106382.9,128652.3,113975.0,148
2571.7,148440.0,30162.0,29622.0,44328.0,44328.0,68624.8,56677.1,15886.4,13757.6,0.0,45350.2,0.0,16927.5,46635.9,20356.5,67686.2,106383.3,128652.3,113975.0,148
2572.7,148440.0,30162.0,29622.0,44328.0,44328.0,68624.8,56677.1,15886.4,13757.6,0.0,45350.2,0.0,16927.0,46635.5,20355.8,67685.1,106383.9,128652.3,113975.0,148
2573.7,148440.0,30162.0,29622.0,44328.0,44328.0,68624.8,56677.1,15886.4,13757.6,0.0,45350.2,0.0,16927.1,46635.5,20355.2,67684.5,106384.5,128652.3,113975.0,148
2574.7,148440.0,30162.0,29622.0,44328.0,44328.0,68624.8,56677.1,15886.4,13757.6,0.0,45350.3,0.0,16927.2,46635.5,20355.5,67684.8,106384.3,128652.3,113975.0,148
2575.7,148440.0,30162.0,29622.0,44328.0,44328.0,68624.8,56677.1,15886.4,13757.6,0.0,45350.3,0.0,16927.2,46635.5,20353.2,67682.5,106386.6,128652.3,113975.1,148
2576.7,148440.0,30162.0,29622.0,44328.0,44328.0,68624.8,56677.1,15886.4,13757.6,0.0,45350.3,0.0,16927.1,46635.5,20352.7,67682.0,106387.1,128652.3,113975.1,148
2577.7,148440.0,30162.0,29622.0,44328.0,44328.0,68624.8,56677.1,15886.4,13757.6,0.0,45350.3,0.0,16927.2,46635.5,20352.9,67682.3,106386.8,128652.3,113975.1,148
2578.7,148440.0,30162.0,29622.0,44328.0,44328.0,68624.8,56677.1,15886.4,13757.6,0.0,45350.3,0.0,16927.2,46635.5,20352.5,67681.8,106387.3,128652.3,113975.1,148
2579.7,148440.0,30162.0,29622.0,44328.0,44328.0,68624.8,56677.1,15886.4,13757.6,0.0,45350.3,0.0,16927.2,46635.5,20353.6,67682.9,106386.2,128652.3,113975.1,148
2580.7,148440.0,30162.0,29622.0,44328.0,44328.0,68624.8,56677.1,15886.4,13757.6,0.0,45350.3,0.0,16927.2,46635.6,20352.3,67681.7,106387.5,128652.3,113975.1,148
2581.8,148440.0,30162.0,29622.0,44328.0,44328.0,68634.4,56686.7,15896.0,13767.2,0.0,45350.3,0.0,16936.8,46636.7,20363.4,67694.0,106376.4,128652.3,113984.7,148
2582.8,148440.0,30162.0,29622.0,44328.0,44328.0,68634.4,56686.7,15896.0,13767.2,0.0,45350.4,0.0,16936.8,46635.8,20365.0,67694.6,106374.8,128652.3,113984.8,148
2583.8,148440.0,30162.0,29622.0,44328.0,44328.0,68634.4,56686.7,15896.0,13767.2,0.0,45350.4,0.0,16936.8,46635.9,20360.6,67690.4,106379.1,128652.3,113984.8,148
2584.8,148440.0,30162.0,29622.0,44328.0,44328.0,68634.4,56686.7,15896.0,13767.2,0.0,45350.4,0.0,16936.8,46635.9,20361.2,67691.0,106378.5,128652.3,113984.8,148
2585.8,148440.0,30162.0,29622.0,44328.0,44328.0,68634.4,56686.7,15896.0,13767.2,0.0,45350.4,0.0,16936.8,46635.9,20362.1,67691.8,106377.7,128652.3,113984.8,148
2586.8,148440.0,30162.0,29622.0,44328.0,44328.0,68634.4,56686.7,15896.0,13767.2,0.0,45350.4,0.0,16936.8,46635.9,20361.7,67691.5,106378.1,128652.3,113984.8,148
2587.8,148440.0,30162.0,29622.0,44328.0,44328.0,68634.4,56686.7,15896.0,13767.2,0.0,45350.5,0.0,16936.8,46635.9,20361.7,67691.5,106378.0,128652.3,113984.8,148
2588.8,148440.0,30162.0,29622.0,44328.0,44328.0,68634.4,56686.7,15895.9,13767.2,0.0,45350.5,0.0,16936.9,46635.9,20361.9,67691.6,106377.9,128652.3,113984.8,148
2589.9,148440.0,30162.0,29622.0,44328.0,44328.0,68633.3,56685.7,15894.9,13766.1,0.0,45350.5,0.0,16947.7,46641.4,20397.9,67733.1,106341.9,128652.3,113983.8,148
2590.9,148440.0,30162.0,29622.0,44328.0,44328.0,68642.3,56694.6,15903.8,13775.1,0.0,45350.5,0.0,16944.9,46635.6,20369.6,67699.1,106370.1,128652.3,113992.7,148
2592.0,148440.0,30162.0,29622.0,44328.0,44328.0,68642.3,56694.6,15903.8,13775.1,0.0,45350.5,0.0,16944.9,46635.6,20369.7,67699.2,106370.0,128652.3,113992.7,148
2593.0,148440.0,30162.0,29622.0,44328.0,44328.0,68642.3,56694.6,15903.8,13775.1,0.0,45350.5,0.0,16944.6,46635.6,20367.4,67696.9,106372.4,128652.3,113992.7,148
2594.0,148440.0,30162.0,29622.0,44328.0,44328.0,68642.3,56694.6,15903.8,13775.1,0.0,45350.5,0.0,16944.9,46635.6,20367.7,67697.2,106372.0,128652.3,113992.7,148
2595.0,148440.0,30162.0,29622.0,44328.0,44328.0,68642.3,56694.6,15903.8,13775.1,0.0,45350.5,0.0,16944.8,46635.9,20370.4,67700.1,106369.4,128652.3,113992.7,148
2596.0,148440.0,30162.0,29622.0,44328.0,44328.0,68642.3,56694.6,15903.8,13775.1,0.0,45350.5,0.0,16944.8,46635.8,20370.5,67700.2,106369.2,128652.3,113992.7,148
2597.0,148440.0,30162.0,29622.0,44328.0,44328.0,68642.3,56694.6,15903.8,13775.1,0.0,45350.5,0.0,16944.8,46635.8,20368.8,67698.5,106370.9,128652.3,113992.7,148
2598.0,148440.0,30162.0,29622.0,44328.0,44328.0,68642.3,56694.6,15903.8,13775.1,0.0,45350.5,0.0,16944.7,46635.8,20368.3,67698.0,106371.4,128652.3,113992.7,148
2599.1,148440.0,30162.0,29622.0,44328.0,44328.0,68655.7,56708.1,15917.3,13788.6,0.0,45350.5,0.0,16958.1,46635.6,20385.6,67715.1,106354.1,128652.3,114006.2,148
2600.1,148440.0,30162.0,29622.0,44328.0,44328.0,68655.7,56708.1,15917.3,13788.6,0.0,45350.5,0.0,16958.3,46635.1,20386.1,67715.1,106353.6,128652.3,114006.2,148
2601.1,148440.0,30162.0,29622.0,44328.0,44328.0,68655.7,56708.1,15917.3,13788.6,0.0,45350.5,0.0,16959.5,46635.1,20386.6,67715.6,106353.1,128652.3,114006.2,148
2602.1,148440.0,30162.0,29622.0,44328.0,44328.0,68655.7,56708.1,15917.3,13788.6,0.0,45350.5,0.0,16959.5,46635.1,20387.4,67716.3,106352.4,128652.3,114006.2,148
2603.1,148440.0,30162.0,29622.0,44328.0,44328.0,68655.7,56708.1,15917.3,13788.6,0.0,45350.6,0.0,16959.5,46635.1,20386.9,67715.9,106352.8,128652.3,114006.3,148
2604.1,148440.0,30162.0,29622.0,44328.0,44328.0,68655.7,56708.1,15917.3,13788.6,0.0,45350.6,0.0,16960.0,46635.1,20395.4,67724.4,106344.3,128652.3,114006.3,148
2605.2,148440.0,30162.0,29622.0,44328.0,44328.0,68655.7,56708.1,15917.3,13788.6,0.0,45350.7,0.0,16959.5,46635.3,20397.8,67726.9,106341.9,128652.3,114006.4,148
2606.2,148440.0,30162.0,29622.0,44328.0,44328.0,68655.7,56708.1,15917.3,13788.6,0.0,45350.7,0.0,16959.5,46635.3,20397.9,67727.1,106341.8,128652.3,114006.4,148
2607.2,148440.0,30162.0,29622.0,44328.0,44328.0,68655.7,56708.1,15917.3,13788.6,0.0,45350.7,0.0,16960.2,46635.9,20390.4,67720.1,106349.3,128652.3,114006.4,148
2608.2,148440.0,30162.0,29622.0,44328.0,44328.0,68655.7,56708.1,15917.3,13788.6,0.0,45350.7,0.0,16959.9,46635.6,20390.8,67720.3,106348.9,128652.3,114006.4,148
2609.2,148440.0,30162.0,29622.0,44328.0,44328.0,68655.7,56708.1,15917.3,13788.6,0.0,45350.7,0.0,16959.8,46635.6,20395.1,67724.5,106344.6,128652.3,114006.5,148
2610.2,148440.0,30162.0,29622.0,44328.0,44328.0,68655.7,56708.1,15917.3,13788.6,0.0,45350.7,0.0,16960.1,46635.8,20390.3,67720.0,106349.4,128652.3,114006.5,148
2611.3,148440.0,30162.0,29622.0,44328.0,44328.0,68655.7,56708.1,15917.3,13788.6,0.0,45350.7,0.0,16959.8,46635.6,20391.6,67721.1,106348.1,128652.3,114006.5,148
2612.3,148440.0,30162.0,29622.0,44328.0,44328.0,68655.7,56708.1,15917.3,13788.6,0.0,45350.8,0.0,16959.8,46635.6,20390.4,67720.0,106349.3,128652.3,114006.5,148
2613.3,148440.0,30162.0,29622.0,44328.0,44328.0,68655.7,56708.1,15917.3,13788.6,0.0,45350.8,0.0,16959.8,46635.6,20390.1,67719.7,106349.6,128652.3,114006.5,148
2614.3,148440.0,30162.0,29622.0,44328.0,44328.0,68655.7,56708.1,15917.3,13788.6,0.0,45350.8,0.0,16960.2,46636.2,20392.0,67722.2,106347.7,128652.3,114006.5,148
2615.4,148440.0,30162.0,29622.0,44328.0,44328.0,68674.2,56726.6,15935.8,13807.0,0.0,45350.8,0.0,16979.0,46643.2,20434.2,67771.3,106305.5,128652.3,114025.0,148
2616.4,148440.0,30162.0,29622.0,44328.0,44328.0,68694.5,56746.9,15956.1,13827.3,0.0,45350.8,0.0,16994.1,46640.3,20428.3,67762.5,106311.4,128652.3,114045.3,148
2617.4,148440.0,30162.0,29622.0,44328.0,44328.0,68694.5,56746.9,15956.1,13827.3,0.0,45350.8,0.0,16998.8,46635.3,20422.9,67752.1,106316.8,128652.3,114045.3,148
2618.4,148440.0,30162.0,29622.0,44328.0,44328.0,68694.5,56746.9,15956.1,13827.3,0.0,45350.8,0.0,16998.8,46635.3,20421.8,67751.0,106317.9,128652.3,114045.3,148
2619.4,148440.0,30162.0,29622.0,44328.0,44328.0,68694.5,56746.9,15956.1,13827.3,0.0,45350.8,0.0,16998.9,46635.3,20424.5,67753.7,106315.2,128652.3,114045.3,148
2620.4,148440.0,30162.0,29622.0,44328.0,44328.0,68694.5,56746.9,15956.1,13827.3,0.0,45350.9,0.0,16999.2,46635.3,20425.6,67754.8,106314.1,128652.3,114045.4,148
2621.5,148440.0,30162.0,29622.0,44328.0,44328.0,68694.5,56746.9,15956.1,13827.3,0.0,45351.0,0.0,16998.8,46635.4,20426.4,67755.6,106313.3,128652.3,114045.5,148
2622.5,148440.0,30162.0,29622.0,44328.0,44328.0,68694.5,56746.9,15956.1,13827.3,0.0,45351.0,0.0,16998.8,46635.4,20426.7,67756.0,106313.0,128652.3,114045.5,148
2623.6,148440.0,30162.0,29622.0,44328.0,44328.0,68694.5,56746.9,15956.1,13827.3,0.0,45351.0,0.0,16998.9,46635.3,20424.0,67753.2,106315.7,128652.3,114045.5,148
2624.6,148440.0,30162.0,29622.0,44328.0,44328.0,68694.5,56746.9,15956.1,13827.3,0.0,45351.0,0.0,16998.9,46635.3,20425.2,67754.5,106314.4,128652.3,114045.5,148
2625.6,148440.0,30162.0,29622.0,44328.0,44328.0,68694.5,56746.9,15956.1,13827.3,0.0,45351.0,0.0,16998.9,46635.3,20424.6,67753.8,106315.1,128652.3,114045.5,148
2626.7,148440.0,30162.0,29622.0,44328.0,44328.0,68694.5,56746.9,15956.1,13827.3,0.0,45351.0,0.0,16998.9,46635.3,20422.2,67751.5,106317.4,128652.3,114045.5,148
2627.7,148440.0,30162.0,29622.0,44328.0,44328.0,68694.5,56746.9,15956.1,13827.3,0.0,45351.0,0.0,16998.9,46635.3,20419.7,67749.0,106320.0,128652.3,114045.5,148
2628.7,148440.0,30162.0,29622.0,44328.0,44328.0,68694.5,56746.9,15956.1,13827.3,0.0,45351.0,0.0,16999.0,46635.3,20426.5,67755.7,106313.2,128652.3,114045.5,148
2629.7,148440.0,30162.0,29622.0,44328.0,44328.0,68694.6,56746.9,15956.2,13827.4,0.0,45351.0,0.0,16999.0,46635.3,20427.4,67756.5,106312.3,128652.3,114045.6,148
2630.7,148440.0,30162.0,29622.0,44328.0,44328.0,68694.6,56746.9,15956.2,13827.4,0.0,45351.0,0.0,16999.5,46635.3,20426.5,67755.7,106313.2,128652.3,114045.6,148
2631.7,148440.0,30162.0,29622.0,44328.0,44328.0,68694.6,56746.9,15956.2,13827.4,0.0,45351.0,0.0,16999.0,46635.3,20423.9,67753.1,106315.8,128652.3,114045.6,148
2632.7,148440.0,30162.0,29622.0,44328.0,44328.0,68694.6,56746.9,15956.2,13827.4,0.0,45351.0,0.0,16999.0,46635.3,20424.5,67753.7,106315.2,128652.3,114045.6,148
2633.7,148440.0,30162.0,29622.0,44328.0,44328.0,68694.6,56746.9,15956.2,13827.4,0.0,45351.0,0.0,16999.1,46635.3,20421.6,67750.8,106318.0,128652.3,114045.6,148
2634.8,148440.0,30162.0,29622.0,44328.0,44328.0,68694.6,56746.9,15956.2,13827.4,0.0,45351.0,0.0,16999.1,46636.8,20430.6,67761.3,106309.1,128652.3,114045.6,148
2635.8,148440.0,30162.0,29622.0,44328.0,44328.0,68694.6,56746.9,15956.2,13827.4,0.0,45351.0,0.0,16999.1,46635.8,20421.0,67750.8,106318.6,128652.3,114045.7,148
2636.8,148440.0,30162.0,29622.0,44328.0,44328.0,68694.6,56746.9,15956.2,13827.4,0.0,45351.1,0.0,16999.1,46635.8,20420.8,67750.5,106318.9,128652.3,114045.7,148
2637.8,148440.0,30162.0,29622.0,44328.0,44328.0,68694.6,56746.9,15956.2,13827.4,0.0,45351.1,0.0,16999.1,46635.9,20420.2,67750.0,106319.5,128652.3,114045.7,148
2638.8,148440.0,30162.0,29622.0,44328.0,44328.0,68694.6,56746.9,15956.2,13827.4,0.0,45351.1,0.0,16999.1,46635.9,20421.4,67751.2,106318.3,128652.3,114045.7,148
2639.8,148440.0,30162.0,29622.0,44328.0,44328.0,68694.6,56747.0,15956.2,13827.4,0.0,45351.1,0.0,16999.2,46635.9,20422.4,67752.2,106317.2,128652.3,114045.7,148
2640.8,148440.0,30162.0,29622.0,44328.0,44328.0,68694.6,56747.0,15956.2,13827.4,0.0,45351.1,0.0,16999.1,46635.9,20419.8,67749.6,106319.8,128652.3,114045.7,148
2641.8,148440.0,30162.0,29622.0,44328.0,44328.0,68694.6,56747.0,15956.2,13827.4,0.0,45351.1,0.0,16999.2,46636.3,20416.9,67747.1,106322.7,128652.3,114045.7,148
2642.9,148440.0,30162.0,29622.0,44328.0,44328.0,68694.6,56747.0,15956.2,13827.4,0.0,45351.1,0.0,16999.2,46636.2,20417.1,67747.2,106322.6,128652.3,114045.7,148
2643.9,148440.0,30162.0,29622.0,44328.0,44328.0,68694.6,56747.0,15956.2,13827.4,0.0,45351.2,0.0,16999.2,46636.4,20416.7,67747.0,106323.0,128652.3,114045.8,148
2644.9,148440.0,30162.0,29622.0,44328.0,44328.0,68694.6,56747.0,15956.2,13827.4,0.0,45351.2,0.0,16999.2,46636.4,20416.6,67746.9,106323.0,128652.3,114045.9,148
2645.9,148440.0,30162.0,29622.0,44328.0,44328.0,68694.6,56747.0,15956.2,13827.4,0.0,45351.2,0.0,16999.2,46636.4,20417.0,67747.2,106322.7,128652.3,114045.9,148
2646.9,148440.0,30162.0,29622.0,44328.0,44328.0,68694.6,56747.0,15956.2,13827.4,0.0,45351.2,0.0,16999.2,46636.4,20416.8,67747.1,106322.8,128652.3,114045.9,148
2647.9,148440.0,30162.0,29622.0,44328.0,44328.0,68694.6,56747.0,15956.2,13827.4,0.0,45351.3,0.0,16999.1,46636.4,20416.6,67746.9,106323.1,128652.3,114045.9,148
2648.9,148440.0,30162.0,29622.0,44328.0,44328.0,68694.6,56747.0,15956.2,13827.4,0.0,45351.3,0.0,16999.2,46636.4,20417.3,67747.6,106322.4,128652.3,114045.9,148
2649.9,148440.0,30162.0,29622.0,44328.0,44328.0,68694.6,56747.0,15956.2,13827.4,0.0,45351.3,0.0,16999.2,46636.4,20418.5,67748.8,106321.2,128652.3,114045.9,148
2650.9,148440.0,30162.0,29622.0,44328.0,44328.0,68694.6,56747.0,15956.2,13827.4,0.0,45351.3,0.0,16999.2,46636.4,20417.7,67748.0,106322.0,128652.3,114045.9,148
2651.9,148440.0,30162.0,29622.0,44328.0,44328.0,68694.6,56747.0,15956.2,13827.4,0.0,45351.3,0.0,16999.3,46636.4,20416.6,67746.9,106323.1,128652.3,114045.9,148
2652.9,148440.0,30162.0,29622.0,44328.0,44328.0,68694.6,56747.0,15956.2,13827.4,0.0,45351.3,0.0,16999.2,46636.4,20415.9,67746.2,106323.7,128652.3,114045.9,148
2653.9,148440.0,30162.0,29622.0,44328.0,44328.0,68694.6,56747.0,15956.2,13827.4,0.0,45351.3,0.0,16999.4,46636.4,20416.0,67746.4,106323.6,128652.3,114045.9,148
2654.9,148440.0,30162.0,29622.0,44328.0,44328.0,68694.6,56747.0,15956.2,13827.4,0.0,45351.3,0.0,16999.4,46636.4,20415.6,67745.9,106324.1,128652.3,114045.9,148
2655.9,148440.0,30162.0,29622.0,44328.0,44328.0,68694.6,56747.0,15956.2,13827.4,0.0,45351.3,0.0,16999.2,46636.4,20414.3,67744.6,106325.3,128652.3,114045.9,148
2656.9,148440.0,30162.0,29622.0,44328.0,44328.0,68694.6,56747.0,15956.2,13827.4,0.0,45351.3,0.0,16999.1,46636.4,20411.5,67741.8,106328.1,128652.3,114045.9,148
2657.9,148440.0,30162.0,29622.0,44328.0,44328.0,68694.6,56747.0,15956.2,13827.4,0.0,45351.4,0.0,16999.2,46636.5,20409.1,67739.6,106330.5,128652.3,114046.0,148
2658.9,148440.0,30162.0,29622.0,44328.0,44328.0,68694.6,56747.0,15956.2,13827.4,0.0,45351.4,0.0,16999.3,46636.5,20410.0,67740.4,106329.7,128652.3,114046.0,148
2659.9,148440.0,30162.0,29622.0,44328.0,44328.0,68694.6,56747.0,15956.2,13827.4,0.0,45351.4,0.0,16999.3,46636.5,20410.3,67740.7,106329.3,128652.3,114046.0,148
2661.0,148440.0,30162.0,29622.0,44328.0,44328.0,68694.6,56747.0,15956.2,13827.4,0.0,45351.4,0.0,16999.3,46636.4,20408.6,67738.9,106331.0,128652.3,114046.0,148
2662.0,148440.0,30162.0,29622.0,44328.0,44328.0,68694.6,56747.0,15956.2,13827.4,0.0,45351.4,0.0,16999.3,46636.6,20408.7,67739.3,106330.9,128652.3,114046.0,148
2663.0,148440.0,30162.0,29622.0,44328.0,44328.0,68694.6,56747.0,15956.2,13827.4,0.0,45351.4,0.0,16999.3,46636.0,20413.7,67743.7,106325.9,128652.3,114046.0,148
2664.0,148440.0,30162.0,29622.0,44328.0,44328.0,68694.6,56747.0,15956.2,13827.4,0.0,45351.4,0.0,16998.5,46636.2,20413.8,67744.0,106325.8,128652.3,114046.0,148
2665.0,148440.0,30162.0,29622.0,44328.0,44328.0,68694.6,56747.0,15956.2,13827.4,0.0,45351.4,0.0,16998.5,46636.2,20411.4,67741.6,106328.2,128652.3,114046.0,148
2666.0,148440.0,30162.0,29622.0,44328.0,44328.0,68694.6,56747.0,15956.2,13827.4,0.0,45351.4,0.0,16998.5,46636.2,20409.8,67740.0,106329.8,128652.3,114046.0,148
2667.0,148440.0,30162.0,29622.0,44328.0,44328.0,68694.6,56747.0,15956.2,13827.4,0.0,45351.4,0.0,16998.7,46636.2,20407.9,67738.2,106331.7,128652.3,114046.0,148
2668.0,148440.0,30162.0,29622.0,44328.0,44328.0,68694.6,56747.0,15956.2,13827.4,0.0,45351.5,0.0,16998.6,46636.3,20408.7,67739.0,106330.9,128652.3,114046.1,148
2669.0,148440.0,30162.0,29622.0,44328.0,44328.0,68694.6,56747.0,15956.2,13827.4,0.0,45351.5,0.0,16998.7,46636.3,20408.6,67738.9,106331.1,128652.3,114046.1,148
2670.0,148440.0,30162.0,29622.0,44328.0,44328.0,68694.6,56747.0,15956.2,13827.4,0.0,45351.5,0.0,16998.7,46636.4,20408.6,67738.9,106331.0,128652.3,114046.2,148
2671.0,148440.0,30162.0,29622.0,44328.0,44328.0,68694.6,56747.0,15956.2,13827.4,0.0,45351.5,0.0,16998.9,46636.4,20408.2,67738.6,106331.4,128652.3,114046.2,148
2672.1,148440.0,30162.0,29622.0,44328.0,44328.0,68694.6,56747.0,15956.2,13827.4,0.0,45351.5,0.0,16998.7,46636.4,20408.1,67738.5,106331.5,128652.3,114046.2,148
2673.1,148440.0,30162.0,29622.0,44328.0,44328.0,68694.6,56747.0,15956.2,13827.4,0.0,45351.5,0.0,16998.7,46636.4,20408.0,67738.3,106331.6,128652.3,114046.2,148
2674.1,148440.0,30162.0,29622.0,44328.0,44328.0,68694.6,56747.0,15956.2,13827.4,0.0,45351.6,0.0,16999.0,46636.4,20408.5,67738.9,106331.1,128652.3,114046.2,148
2675.1,148440.0,30162.0,29622.0,44328.0,44328.0,68694.6,56747.0,15956.2,13827.4,0.0,45351.6,0.0,16999.0,46636.4,20409.1,67739.5,106330.5,128652.3,114046.2,148
2676.1,148440.0,30162.0,29622.0,44328.0,44328.0,68694.6,56747.0,15956.2,13827.4,0.0,45351.6,0.0,16999.0,46636.4,20409.8,67740.2,106329.9,128652.3,114046.2,148
2677.1,148440.0,30162.0,29622.0,44328.0,44328.0,68694.6,56747.0,15956.2,13827.4,0.0,45351.6,0.0,16999.0,46636.4,20409.6,67740.0,106330.0,128652.3,114046.2,148
2678.1,148440.0,30162.0,29622.0,44328.0,44328.0,68694.6,56747.0,15956.2,13827.4,0.0,45351.6,0.0,16999.0,46636.5,20409.3,67739.8,106330.3,128652.3,114046.3,148
2679.1,148440.0,30162.0,29622.0,44328.0,44328.0,68694.6,56747.0,15956.2,13827.4,0.0,45351.8,0.0,16999.6,46636.6,20410.9,67741.5,106328.7,128652.3,114046.4,148
2680.1,148440.0,30162.0,29622.0,44328.0,44328.0,68694.6,56747.0,15956.2,13827.4,0.0,45351.8,0.0,16999.6,46636.6,20411.5,67742.0,106328.2,128652.3,114046.4,148
2681.1,148440.0,30162.0,29622.0,44328.0,44328.0,68694.6,56747.0,15956.2,13827.4,0.0,45351.8,0.0,16999.6,46636.6,20411.1,67741.6,106328.5,128652.3,114046.4,148
2682.1,148440.0,30162.0,29622.0,44328.0,44328.0,68694.6,56747.0,15956.2,13827.4,0.0,45351.8,0.0,16999.6,46636.6,20410.7,67741.3,106328.9,128652.3,114046.4,148
2683.1,148440.0,30162.0,29622.0,44328.0,44328.0,68694.6,56747.0,15956.2,13827.4,0.0,45351.8,0.0,16999.8,46636.6,20410.8,67741.4,106328.8,128652.3,114046.4,148
2684.2,148440.0,30162.0,29622.0,44328.0,44328.0,68650.5,56702.9,15912.1,13783.4,0.0,45351.8,0.0,16955.8,46637.2,20366.6,67697.8,106373.0,128652.3,114002.3,148
2685.2,148440.0,30162.0,29622.0,44328.0,44328.0,68650.5,56702.9,15912.1,13783.4,0.0,45351.8,0.0,16955.6,46636.6,20366.2,67696.7,106373.5,128652.3,114002.3,148
2686.2,148440.0,30162.0,29622.0,44328.0,44328.0,68650.5,56702.9,15912.1,13783.4,0.0,45351.8,0.0,16955.6,46636.6,20365.8,67696.3,106373.8,128652.3,114002.3,148
2687.3,148440.0,30162.0,29622.0,44328.0,44328.0,68650.5,56702.9,15912.1,13783.4,0.0,45351.8,0.0,16955.6,46636.6,20366.4,67697.0,106373.2,128652.3,114002.3,148
2688.3,148440.0,30162.0,29622.0,44328.0,44328.0,68650.5,56702.9,15912.1,13783.4,0.0,45351.8,0.0,16955.6,46636.6,20365.9,67696.4,106373.7,128652.3,114002.4,148
2689.4,148440.0,30162.0,29622.0,44328.0,44328.0,68650.5,56702.9,15912.1,13783.4,0.0,45351.8,0.0,16956.1,46636.6,20367.1,67697.6,106372.5,128652.3,114002.4,148
2690.4,148440.0,30162.0,29622.0,44328.0,44328.0,68650.5,56702.9,15912.1,13783.4,0.0,45351.8,0.0,16955.7,46636.6,20367.6,67698.2,106372.0,128652.3,114002.4,148
2691.5,148440.0,30162.0,29622.0,44328.0,44328.0,68650.5,56702.9,15912.1,13783.4,0.0,45351.8,0.0,16955.6,46636.6,20367.0,67697.6,106372.6,128652.3,114002.4,148
2692.6,148440.0,30162.0,29622.0,44328.0,44328.0,68650.5,56702.9,15912.1,13783.4,0.0,45351.8,0.0,16955.6,46636.6,20367.1,67697.6,106372.5,128652.3,114002.4,148
2693.6,148440.0,30162.0,29622.0,44328.0,44328.0,68650.5,56702.9,15912.1,13783.4,0.0,45351.8,0.0,16956.2,46636.6,20367.2,67697.7,106372.4,128652.3,114002.4,148
2694.7,148440.0,30162.0,29622.0,44328.0,44328.0,68650.5,56702.9,15912.1,13783.4,0.0,45351.8,0.0,16956.2,46636.6,20367.5,67698.0,106372.1,128652.3,114002.4,148
2695.7,148440.0,30162.0,29622.0,44328.0,44328.0,68650.5,56702.9,15912.1,13783.4,0.0,45352.0,0.0,16956.2,46636.7,20367.4,67698.1,106372.1,128652.3,114002.5,148
2696.7,148440.0,30162.0,29622.0,44328.0,44328.0,68650.5,56702.9,15912.1,13783.4,0.0,45352.0,0.0,16956.2,46636.7,20367.3,67698.0,106372.3,128652.3,114002.5,148
2697.8,148440.0,30162.0,29622.0,44328.0,44328.0,68650.5,56702.9,15912.1,13783.4,0.0,45352.0,0.0,16956.2,46636.7,20367.2,67697.9,106372.4,128652.3,114002.5,148
2698.8,148440.0,30162.0,29622.0,44328.0,44328.0,68650.5,56702.9,15912.1,13783.4,0.0,45352.0,0.0,16956.9,46641.6,20388.3,67724.0,106351.2,128652.3,114002.5,148
2699.9,148440.0,30162.0,29622.0,44328.0,44328.0,68650.5,56702.9,15912.1,13783.4,0.0,45352.0,0.0,16957.4,46636.8,20372.4,67703.2,106367.2,128652.3,114002.5,148
2700.9,148440.0,30162.0,29622.0,44328.0,44328.0,68650.5,56702.9,15912.1,13783.4,0.0,45352.0,0.0,16956.9,46636.8,20373.0,67703.8,106366.6,128652.3,114002.5,148
2701.9,148440.0,30162.0,29622.0,44328.0,44328.0,68650.5,56702.9,15912.1,13783.4,0.0,45352.1,0.0,16956.9,46636.9,20373.8,67704.7,106365.8,128652.3,114002.6,148
2703.0,148440.0,30162.0,29622.0,44328.0,44328.0,68650.5,56702.9,15912.1,13783.4,0.0,45352.1,0.0,16957.0,46636.9,20373.7,67704.5,106365.9,128652.3,114002.6,148
2704.0,148440.0,30162.0,29622.0,44328.0,44328.0,68650.5,56702.9,15912.1,13783.4,0.0,45352.1,0.0,16956.1,46636.9,20372.7,67703.7,106366.9,128652.3,114002.7,148
2705.0,148440.0,30162.0,29622.0,44328.0,44328.0,68650.5,56702.9,15912.1,13783.4,0.0,45352.1,0.0,16956.1,46636.9,20371.9,67702.7,106367.7,128652.3,114002.7,148
2706.1,148440.0,30162.0,29622.0,44328.0,44328.0,68650.5,56702.9,15912.1,13783.4,0.0,45352.1,0.0,16956.1,46636.9,20371.0,67701.9,106368.6,128652.3,114002.7,148
2707.1,148440.0,30162.0,29622.0,44328.0,44328.0,68650.5,56702.9,15912.1,13783.4,0.0,45352.1,0.0,16956.1,46636.9,20371.3,67702.2,106368.2,128652.3,114002.7,148
2708.2,148440.0,30162.0,29622.0,44328.0,44328.0,68650.5,56702.9,15912.1,13783.4,0.0,45352.1,0.0,16956.1,46636.9,20370.5,67701.3,106369.1,128652.3,114002.7,148
2709.2,148440.0,30162.0,29622.0,44328.0,44328.0,68650.5,56702.9,15912.1,13783.4,0.0,45352.1,0.0,16956.1,46636.9,20370.8,67701.7,106368.8,128652.3,114002.7,148
2710.2,148440.0,30162.0,29622.0,44328.0,44328.0,68650.5,56702.9,15912.1,13783.4,0.0,45352.1,0.0,16956.1,46636.9,20370.6,67701.5,106369.0,128652.3,114002.7,148
