elapsed_s,gpu_hbm_mb,gpu0_hbm_mb,gpu1_hbm_mb,gpu2_hbm_mb,gpu3_hbm_mb,proc_rss_mb,proc_anon_mb,proc_pss_mb,proc_pss_anon_mb,proc_locked_mb,file_cache_mb,hicache_dir_mb,anonpages_mb,reclaimable_mb,nonreclaimable_mb,mem_used_mb,mem_avail_mb,mem_total_mb,rss_plus_cache_mb,n_pids
0.0,136902.0,24807.0,24805.0,43645.0,43645.0,84759.0,73760.4,32043.1,30844.1,0.0,51710.0,0.6,33449.4,53023.2,35984.4,89774.1,90682.8,128652.3,136469.0,148
1.2,136902.0,24807.0,24805.0,43645.0,43645.0,84759.1,73760.5,32043.2,30844.2,0.0,51710.0,0.6,34361.3,53023.6,36896.7,90686.7,89770.5,128652.3,136469.1,148
2.3,136918.0,24821.0,24807.0,43645.0,43645.0,84761.3,73762.7,32045.2,30846.5,0.0,51710.0,0.6,34995.3,53023.7,37534.8,91324.9,89132.4,128652.3,136471.3,148
3.3,136918.0,24821.0,24807.0,43645.0,43645.0,84776.5,73775.1,32058.7,30859.0,0.0,51714.0,0.6,34113.7,53027.5,36657.9,90451.8,90009.3,128652.3,136490.5,148
4.4,136918.0,24821.0,24807.0,43645.0,43645.0,84776.6,73775.2,32058.8,30859.0,0.0,51714.2,0.6,34117.3,53027.9,36660.5,90454.9,90006.6,128652.3,136490.8,148
5.5,136918.0,24821.0,24807.0,43645.0,43645.0,84776.8,73775.3,32059.0,30859.1,0.0,51714.3,0.6,34118.0,53028.0,36661.0,90455.5,90006.2,128652.3,136491.2,148
6.7,136918.0,24821.0,24807.0,43645.0,43645.0,84777.8,73776.2,32059.9,30860.0,0.0,51714.3,0.6,34118.7,53028.1,36659.5,90454.1,90007.6,128652.3,136492.1,148
7.8,136934.0,24837.0,24807.0,43645.0,43645.0,84779.9,73778.4,32062.1,30862.2,0.0,51714.3,0.6,34118.7,53028.1,36659.8,90454.4,90007.3,128652.3,136494.3,148
8.9,136934.0,24837.0,24807.0,43645.0,43645.0,84793.5,73791.9,32075.6,30875.7,0.0,51742.4,0.6,34134.2,53056.2,36679.0,90501.7,89988.1,128652.3,136535.9,148
10.0,136934.0,24837.0,24807.0,43645.0,43645.0,84793.5,73791.9,32075.7,30875.8,0.0,51742.4,0.6,34134.3,53056.2,36679.6,90502.3,89987.5,128652.3,136536.0,148
11.0,136934.0,24837.0,24807.0,43645.0,43645.0,84793.7,73792.1,32075.8,30875.9,0.0,51742.4,32.8,34134.9,53056.2,36679.7,90502.4,89987.4,128652.3,136536.1,148
12.1,136934.0,24837.0,24807.0,43645.0,43645.0,84794.1,73792.3,32076.0,30876.2,0.0,51742.6,32.8,34134.8,53056.3,36681.9,90504.7,89985.3,128652.3,136536.6,148
13.2,136934.0,24837.0,24807.0,43645.0,43645.0,84794.1,73792.3,32076.1,30876.2,0.0,51742.6,32.8,34134.8,53056.3,36680.6,90503.4,89986.5,128652.3,136536.6,148
14.3,137004.0,24837.0,24877.0,43645.0,43645.0,84794.1,73792.3,32076.1,30876.2,0.0,51742.6,32.8,34135.4,53056.4,36686.6,90509.4,89980.6,128652.3,136536.7,148
15.4,137036.0,24837.0,24909.0,43645.0,43645.0,84822.2,73819.5,32103.2,30903.3,0.0,51749.6,32.8,34147.8,53063.4,36696.2,90526.1,89970.9,128652.3,136571.8,148
16.6,137036.0,24837.0,24909.0,43645.0,43645.0,84823.8,73821.1,32104.8,30904.9,0.0,51894.5,32.8,34164.0,53208.6,36717.6,90692.7,89949.5,128652.3,136718.3,148
17.7,137068.0,24869.0,24909.0,43645.0,43645.0,84823.8,73821.1,32104.8,30904.9,0.0,51895.4,32.8,34163.8,53209.6,36716.8,90692.8,89950.3,128652.3,136719.2,148
18.8,137068.0,24869.0,24909.0,43645.0,43645.0,84832.8,73830.1,32113.8,30913.9,0.0,51926.1,32.8,34171.2,53240.2,36729.4,90736.1,89937.7,128652.3,136758.8,148
19.9,137068.0,24869.0,24909.0,43645.0,43645.0,84832.8,73830.1,32113.8,30913.9,0.0,51927.6,32.8,34172.8,53242.0,36730.3,90738.8,89936.8,128652.3,136760.4,148
21.0,137110.0,24911.0,24909.0,43645.0,43645.0,84832.8,73830.1,32113.8,30913.9,0.0,51928.4,32.8,34172.8,53242.8,36731.6,90740.9,89935.5,128652.3,136761.2,148
22.1,137110.0,24911.0,24909.0,43645.0,43645.0,84833.4,73830.7,32114.4,30914.5,0.0,52000.2,290.9,34173.4,53315.3,36732.0,90813.7,89935.1,128652.3,136833.6,148
23.2,137154.0,24955.0,24909.0,43645.0,43645.0,84833.4,73830.7,32114.4,30914.5,0.0,52000.2,290.9,34173.5,53315.3,36732.3,90814.1,89934.8,128652.3,136833.6,148
24.3,137154.0,24955.0,24909.0,43645.0,43645.0,84834.4,73831.7,32115.4,30915.5,0.0,52072.6,290.9,34174.0,53387.6,36734.3,90888.4,89932.8,128652.3,136907.0,148
25.4,137154.0,24955.0,24909.0,43645.0,43645.0,84834.4,73831.7,32115.4,30915.6,0.0,52085.3,290.9,34174.5,53400.3,36735.6,90902.4,89931.5,128652.3,136919.7,148
26.5,137154.0,24955.0,24909.0,43645.0,43645.0,84840.3,73837.6,32121.3,30921.4,0.0,52171.7,290.9,34181.1,53486.8,36743.0,90996.3,89924.1,128652.3,137012.0,148
27.6,137154.0,24955.0,24909.0,43645.0,43645.0,84840.3,73837.6,32121.3,30921.4,0.0,52177.2,290.9,34180.0,53492.3,36741.9,91000.7,89925.1,128652.3,137017.5,148
28.8,137154.0,24955.0,24909.0,43645.0,43645.0,84840.3,73837.6,32121.4,30921.5,0.0,52184.9,290.9,34180.7,53500.0,36743.5,91010.1,89923.6,128652.3,137025.3,148
29.9,137154.0,24955.0,24909.0,43645.0,43645.0,84848.9,73846.2,32129.9,30930.0,0.0,52191.8,290.9,34181.2,53506.9,36743.7,91017.1,89923.4,128652.3,137040.7,148
31.0,137154.0,24955.0,24909.0,43645.0,43645.0,84848.9,73846.2,32129.9,30930.0,0.0,52254.9,290.9,34189.4,53570.0,36752.0,91088.6,89915.1,128652.3,137103.8,148
32.1,137154.0,24955.0,24909.0,43645.0,43645.0,84849.0,73846.3,32130.0,30930.1,0.0,52254.9,290.9,34189.5,53570.1,36752.9,91089.4,89914.2,128652.3,137103.9,148
33.2,137218.0,25019.0,24909.0,43645.0,43645.0,84849.0,73846.3,32130.0,30930.1,0.0,52255.1,626.7,34189.5,53570.2,36752.0,91088.8,89915.0,128652.3,137104.1,148
34.4,137326.0,25019.0,25017.0,43645.0,43645.0,84872.4,73853.7,32153.5,30937.5,0.0,52335.8,626.7,34191.7,53651.0,36771.6,91189.1,89895.5,128652.3,137208.3,148
35.5,137326.0,25019.0,25017.0,43645.0,43645.0,84896.1,73861.3,32177.0,30945.1,0.0,52539.9,626.7,34204.5,53854.9,36797.1,91418.5,89870.0,128652.3,137436.1,148
36.6,137326.0,25019.0,25017.0,43645.0,43645.0,84896.5,73861.7,32177.4,30945.5,0.0,52547.9,626.7,34204.9,53862.7,36803.7,91433.0,89863.3,128652.3,137444.4,148
37.7,137326.0,25019.0,25017.0,43645.0,43645.0,84896.5,73861.7,32177.5,30945.5,0.0,52548.7,626.7,34205.0,53863.5,36804.5,91434.6,89862.6,128652.3,137445.2,148
38.8,137326.0,25019.0,25017.0,43645.0,43645.0,84896.5,73861.7,32177.5,30945.5,0.0,52548.7,626.7,34205.2,53863.5,36804.9,91434.9,89862.2,128652.3,137445.2,148
39.9,137326.0,25019.0,25017.0,43645.0,43645.0,84896.5,73861.7,32177.5,30945.5,0.0,52548.7,626.7,34205.0,53863.5,36805.3,91435.3,89861.8,128652.3,137445.2,148
41.0,137326.0,25019.0,25017.0,43645.0,43645.0,84896.5,73861.7,32177.5,30945.5,0.0,52548.7,626.7,34205.0,53863.5,36805.1,91435.2,89861.9,128652.3,137445.3,148
42.1,137326.0,25019.0,25017.0,43645.0,43645.0,84896.6,73861.8,32177.6,30945.6,0.0,52548.8,626.7,34205.2,53863.6,36807.8,91437.9,89859.2,128652.3,137445.4,148
43.2,137408.0,25019.0,25099.0,43645.0,43645.0,84896.6,73861.8,32177.6,30945.6,0.0,52548.8,626.7,34205.1,53863.6,36808.7,91438.8,89858.4,128652.3,137445.4,148
44.3,137408.0,25019.0,25099.0,43645.0,43645.0,84897.6,73862.8,32178.6,30946.6,0.0,52695.4,987.5,34205.7,54011.2,36806.5,91584.3,89860.6,128652.3,137593.1,148
45.5,137408.0,25019.0,25099.0,43645.0,43645.0,84897.6,73862.8,32178.6,30946.6,0.0,52696.0,987.5,34206.7,54012.2,36808.6,91587.3,89858.5,128652.3,137593.6,148
46.6,137408.0,25019.0,25099.0,43645.0,43645.0,84897.8,73862.9,32178.7,30946.7,0.0,52696.8,987.5,34206.3,54013.1,36810.2,91589.8,89856.9,128652.3,137594.6,148
47.7,137496.0,25105.0,25101.0,43645.0,43645.0,84897.8,73862.9,32178.7,30946.8,0.0,52697.1,987.5,34206.3,54013.3,36806.1,91586.0,89861.0,128652.3,137594.8,148
48.8,137496.0,25105.0,25101.0,43645.0,43645.0,84899.6,73864.8,32180.5,30948.6,0.0,52912.6,987.5,34208.5,54231.1,36814.2,91811.9,89852.9,128652.3,137812.2,148
49.9,137586.0,25105.0,25191.0,43645.0,43645.0,84900.4,73865.6,32181.4,30949.4,0.0,52912.6,987.5,34208.7,54231.2,36814.2,91812.0,89852.9,128652.3,137813.1,148
51.0,137586.0,25105.0,25191.0,43645.0,43645.0,84900.5,73865.7,32181.5,30949.5,0.0,52971.5,987.5,34209.1,54290.9,36812.9,91870.4,89854.1,128652.3,137872.1,148
52.1,137586.0,25105.0,25191.0,43645.0,43645.0,84901.1,73866.3,32182.0,30950.1,0.0,53034.1,987.5,34209.5,54354.1,36816.2,91936.8,89850.8,128652.3,137935.2,148
53.3,137586.0,25105.0,25191.0,43645.0,43645.0,84901.1,73866.3,32182.0,30950.1,0.0,53034.6,987.5,34209.8,54354.7,36816.3,91937.5,89850.7,128652.3,137935.7,148
54.4,137588.0,25105.0,25191.0,43647.0,43645.0,84901.7,73866.9,32182.6,30950.7,0.0,53105.1,1478.7,34209.7,54425.9,36816.6,92009.1,89850.4,128652.3,138006.8,148
55.5,137588.0,25105.0,25191.0,43647.0,43645.0,84902.8,73867.9,32183.7,30951.7,0.0,53186.8,1478.7,34211.3,54508.6,36817.9,92093.1,89849.1,128652.3,138089.6,148
56.6,137694.0,25211.0,25191.0,43647.0,43645.0,84902.9,73868.1,32183.9,30951.9,0.0,53186.8,1478.7,34211.7,54508.4,36819.2,92094.2,89847.8,128652.3,138089.7,148
57.7,137694.0,25211.0,25191.0,43647.0,43645.0,84903.8,73869.0,32184.8,30952.8,0.0,53268.1,1478.7,34212.9,54590.6,36816.4,92173.6,89850.6,128652.3,138171.9,148
58.8,137694.0,25211.0,25191.0,43647.0,43645.0,84903.8,73869.0,32184.8,30952.8,0.0,53268.1,1478.7,34213.0,54590.3,36817.8,92174.7,89849.2,128652.3,138172.0,148
60.0,137694.0,25211.0,25191.0,43647.0,43645.0,84903.8,73869.0,32184.8,30952.8,0.0,53268.1,1478.7,34213.1,54590.3,36817.2,92174.1,89849.8,128652.3,138172.0,148
61.1,137694.0,25211.0,25191.0,43647.0,43645.0,84903.9,73869.0,32184.8,30952.8,0.0,53268.6,1478.7,34213.1,54590.8,36816.6,92174.0,89850.4,128652.3,138172.5,148
62.2,137694.0,25211.0,25191.0,43647.0,43645.0,84904.0,73869.1,32184.9,30952.9,0.0,53273.7,1478.7,34213.2,54595.9,36817.8,92180.4,89849.2,128652.3,138177.7,148
63.3,137696.0,25211.0,25191.0,43647.0,43647.0,84904.0,73869.1,32184.9,30952.9,0.0,53278.2,1478.7,34213.2,54600.4,36817.0,92184.0,89850.0,128652.3,138182.1,148
64.4,137696.0,25211.0,25191.0,43647.0,43647.0,84904.0,73869.1,32184.9,30952.9,0.0,53284.0,1656.9,34213.3,54606.3,36816.1,92189.0,89850.9,128652.3,138188.0,148
65.6,137696.0,25211.0,25191.0,43647.0,43647.0,84916.9,73882.1,32197.9,30965.9,0.0,53364.9,1656.9,34225.8,54688.1,36827.9,92282.6,89839.0,128652.3,138281.8,148
66.7,137696.0,25211.0,25191.0,43647.0,43647.0,84917.0,73882.1,32197.9,30966.0,0.0,53364.9,1656.9,34226.2,54688.2,36828.7,92283.5,89838.3,128652.3,138281.9,148
67.8,137696.0,25211.0,25191.0,43647.0,43647.0,84922.3,73887.5,32203.3,30971.3,0.0,53521.4,1656.9,34231.4,54846.5,36836.9,92450.0,89830.1,128652.3,138443.8,148
68.9,137696.0,25211.0,25191.0,43647.0,43647.0,84922.9,73888.0,32203.8,30971.8,0.0,53589.1,1656.9,34231.7,54915.0,36833.6,92515.3,89833.4,128652.3,138512.0,148
70.0,137696.0,25211.0,25191.0,43647.0,43647.0,84922.9,73888.0,32203.8,30971.8,0.0,53590.4,1656.9,34232.2,54917.0,36837.2,92520.8,89829.8,128652.3,138513.3,148
71.1,137696.0,25211.0,25191.0,43647.0,43647.0,84922.9,73888.0,32203.8,30971.9,0.0,53590.5,1656.9,34232.3,54917.1,36837.9,92521.7,89829.0,128652.3,138513.4,148
72.2,137696.0,25211.0,25191.0,43647.0,43647.0,84923.0,73888.1,32203.9,30971.9,0.0,53590.5,1656.9,34232.3,54917.1,36836.9,92520.7,89830.0,128652.3,138513.5,148
73.3,137696.0,25211.0,25191.0,43647.0,43647.0,84924.5,73889.7,32205.5,30973.5,0.0,53678.5,1656.9,34234.0,55006.3,36835.3,92608.2,89831.7,128652.3,138603.1,148
74.5,137696.0,25211.0,25191.0,43647.0,43647.0,84925.6,73890.7,32206.5,30974.6,0.0,53848.7,2205.2,34234.6,55178.0,36831.7,92776.4,89835.3,128652.3,138774.3,148
75.6,137696.0,25211.0,25191.0,43647.0,43647.0,84926.1,73891.2,32207.0,30975.0,0.0,53912.4,2205.2,34235.6,55243.2,36834.5,92844.4,89832.4,128652.3,138838.5,148
76.7,137696.0,25211.0,25191.0,43647.0,43647.0,84926.3,73891.5,32207.3,30975.3,0.0,53912.5,2205.2,34235.8,55243.2,36839.4,92849.3,89827.5,128652.3,138838.8,148
77.8,137696.0,25211.0,25191.0,43647.0,43647.0,84926.3,73891.5,32207.3,30975.3,0.0,53912.5,2205.2,34235.8,55243.3,36838.9,92848.9,89828.0,128652.3,138838.9,148
78.9,137696.0,25211.0,25191.0,43647.0,43647.0,84926.3,73891.5,32207.3,30975.3,0.0,53912.5,2205.2,34235.8,55243.3,36838.3,92848.3,89828.6,128652.3,138838.9,148
79.9,137696.0,25211.0,25191.0,43647.0,43647.0,84926.3,73891.5,32207.3,30975.3,0.0,53912.6,2205.2,34235.9,55243.4,36838.2,92848.2,89828.8,128652.3,138838.9,148
81.0,137696.0,25211.0,25191.0,43647.0,43647.0,84926.5,73891.7,32207.5,30975.5,0.0,53997.0,2205.2,34236.1,55328.9,36835.9,92931.4,89831.0,128652.3,138923.5,148
82.1,137696.0,25211.0,25191.0,43647.0,43647.0,84927.2,73892.3,32208.1,30976.2,0.0,54078.2,2205.2,34236.2,55410.6,36835.2,93012.4,89831.8,128652.3,139005.4,148
83.2,137696.0,25211.0,25191.0,43647.0,43647.0,84927.2,73892.3,32208.1,30976.2,0.0,54097.3,2205.2,34237.8,55430.6,36840.4,93037.7,89826.5,128652.3,139024.5,148
84.3,137696.0,25211.0,25191.0,43647.0,43647.0,84927.2,73892.3,32208.1,30976.2,0.0,54097.4,2205.2,34237.0,55430.8,36839.7,93037.1,89827.2,128652.3,139024.5,148
85.4,137696.0,25211.0,25191.0,43647.0,43647.0,84928.3,73893.5,32209.3,30977.3,0.0,54184.0,2477.3,34237.9,55517.4,36841.0,93125.1,89825.9,128652.3,139112.3,148
86.5,137696.0,25211.0,25191.0,43647.0,43647.0,84928.4,73893.5,32209.3,30977.4,0.0,54184.5,2477.3,34239.1,55518.9,36842.1,93127.7,89824.8,128652.3,139112.9,148
87.6,137696.0,25211.0,25191.0,43647.0,43647.0,84930.5,73895.6,32211.4,30979.5,0.0,54258.3,2477.3,34240.4,55593.7,36848.7,93209.1,89818.2,128652.3,139188.8,148
88.7,137696.0,25211.0,25191.0,43647.0,43647.0,84930.5,73895.6,32211.4,30979.5,0.0,54258.3,2477.3,34240.6,55593.8,36849.0,93209.5,89817.9,128652.3,139188.8,148
89.8,137696.0,25211.0,25191.0,43647.0,43647.0,84930.7,73895.9,32211.7,30979.7,0.0,54310.6,2477.3,34240.8,55647.0,36842.7,93256.4,89824.2,128652.3,139241.4,148
91.0,137696.0,25211.0,25191.0,43647.0,43647.0,84931.3,73896.4,32212.2,30980.2,0.0,54376.8,2477.3,34241.3,55713.9,36840.5,93321.1,89826.4,128652.3,139308.1,148
92.1,137696.0,25211.0,25191.0,43647.0,43647.0,84931.4,73896.6,32212.3,30980.4,0.0,54376.9,2477.3,34241.6,55714.5,36839.0,93320.2,89827.9,128652.3,139308.3,148
93.2,137696.0,25211.0,25191.0,43647.0,43647.0,84931.4,73896.6,32212.3,30980.4,0.0,54376.9,2477.3,34241.6,55714.5,36840.0,93321.2,89826.9,128652.3,139308.3,148
94.3,137696.0,25211.0,25191.0,43647.0,43647.0,84931.4,73896.6,32212.3,30980.4,0.0,54376.9,2477.3,34241.6,55714.5,36840.9,93322.1,89826.0,128652.3,139308.3,148
95.3,137696.0,25211.0,25191.0,43647.0,43647.0,84931.4,73896.6,32212.3,30980.4,0.0,54376.9,2477.3,34241.6,55714.5,36841.0,93322.2,89825.9,128652.3,139308.3,148
96.5,137696.0,25211.0,25191.0,43647.0,43647.0,84931.5,73896.6,32212.4,30980.5,0.0,54379.9,2672.9,34242.0,55717.4,36842.7,93326.8,89824.2,128652.3,139311.4,148
97.6,137696.0,25211.0,25191.0,43647.0,43647.0,84931.5,73896.6,32212.4,30980.5,0.0,54379.9,2672.9,34242.2,55717.4,36843.2,93327.3,89823.7,128652.3,139311.4,148
98.7,137696.0,25211.0,25191.0,43647.0,43647.0,84931.6,73896.8,32212.6,30980.6,0.0,54384.3,2672.9,34241.9,55721.9,36844.1,93332.6,89822.8,128652.3,139316.0,148
99.8,137696.0,25211.0,25191.0,43647.0,43647.0,84936.6,73901.8,32217.6,30985.6,0.0,54453.2,2672.9,34246.8,55791.4,36846.2,93404.3,89820.7,128652.3,139389.8,148
100.9,137696.0,25211.0,25191.0,43647.0,43647.0,84936.6,73901.8,32217.5,30985.6,0.0,54458.4,2672.9,34246.9,55796.7,36846.1,93409.5,89820.8,128652.3,139395.0,148
102.0,137696.0,25211.0,25191.0,43647.0,43647.0,84936.6,73901.8,32217.6,30985.6,0.0,54465.6,2672.9,34246.9,55803.9,36845.0,93415.6,89821.9,128652.3,139402.2,148
103.1,137696.0,25211.0,25191.0,43647.0,43647.0,84937.1,73902.3,32218.1,30986.1,0.0,54521.3,2672.9,34247.3,55859.9,36847.3,93473.9,89819.6,128652.3,139458.4,148
104.2,137698.0,25213.0,25191.0,43647.0,43647.0,84938.1,73903.2,32219.0,30987.1,0.0,54585.3,2672.9,34248.1,55924.4,36848.3,93539.4,89818.6,128652.3,139523.4,148
105.3,137698.0,25213.0,25191.0,43647.0,43647.0,84938.5,73903.6,32219.4,30987.4,0.0,54662.1,2672.9,34248.9,56002.0,36850.3,93619.0,89816.6,128652.3,139600.5,148
106.4,137698.0,25213.0,25191.0,43647.0,43647.0,84938.5,73903.7,32219.5,30987.5,0.0,54679.9,2672.9,34249.1,56020.2,36855.1,93642.0,89811.8,128652.3,139618.4,148
107.5,137698.0,25213.0,25191.0,43647.0,43647.0,84938.5,73903.7,32219.5,30987.5,0.0,54696.5,3037.6,34249.4,56036.9,36858.6,93662.2,89808.3,128652.3,139635.1,148
108.6,137698.0,25213.0,25191.0,43647.0,43647.0,84938.5,73903.7,32219.5,30987.5,0.0,54745.4,3037.6,34249.0,56086.4,36859.7,93712.9,89807.1,128652.3,139683.9,148
109.7,137698.0,25213.0,25191.0,43647.0,43647.0,84938.5,73903.7,32219.5,30987.5,0.0,54761.9,3037.6,34249.0,56103.0,36855.2,93725.0,89811.7,128652.3,139700.4,148
110.9,137698.0,25213.0,25191.0,43647.0,43647.0,84940.6,73905.7,32221.5,30989.6,0.0,54774.4,3037.6,34251.0,56116.2,36857.1,93740.1,89809.7,128652.3,139715.0,148
112.0,137698.0,25213.0,25191.0,43647.0,43647.0,84940.6,73905.8,32221.6,30989.6,0.0,54774.4,3037.6,34251.1,56116.3,36860.1,93743.1,89806.8,128652.3,139715.1,148
113.1,137698.0,25213.0,25191.0,43647.0,43647.0,84940.6,73905.8,32221.6,30989.6,0.0,54807.0,3037.6,34251.2,56148.6,36863.2,93778.6,89803.7,128652.3,139747.7,148
114.2,137698.0,25213.0,25191.0,43647.0,43647.0,84940.6,73905.8,32221.6,30989.6,0.0,54807.4,3037.6,34251.1,56149.0,36862.0,93777.7,89804.9,128652.3,139748.0,148
115.3,137698.0,25213.0,25191.0,43647.0,43647.0,84940.6,73905.8,32221.6,30989.6,0.0,54808.2,3037.6,34251.2,56149.8,36861.1,93777.7,89805.7,128652.3,139748.8,148
116.5,137698.0,25213.0,25191.0,43647.0,43647.0,84941.1,73906.2,32222.0,30990.0,0.0,54850.9,3037.6,34252.1,56193.0,36860.1,93819.8,89806.7,128652.3,139792.0,148
117.6,137698.0,25213.0,25191.0,43647.0,43647.0,84941.1,73906.2,32222.0,30990.0,0.0,54871.9,3191.3,34251.7,56213.9,36863.7,93844.3,89803.2,128652.3,139812.9,148
118.7,137698.0,25213.0,25191.0,43647.0,43647.0,84941.1,73906.2,32222.0,30990.0,0.0,54897.6,3191.3,34251.6,56240.2,36865.6,93872.5,89801.2,128652.3,139838.7,148
119.9,137698.0,25213.0,25191.0,43647.0,43647.0,84941.1,73906.2,32222.0,30990.0,0.0,54965.4,3191.3,34251.6,56308.7,36862.8,93938.3,89804.1,128652.3,139906.5,148
121.0,137698.0,25213.0,25191.0,43647.0,43647.0,84941.1,73906.2,32222.0,30990.0,0.0,54971.9,3191.3,34251.6,56315.1,36865.5,93947.4,89801.4,128652.3,139913.0,148
122.1,137698.0,25213.0,25191.0,43647.0,43647.0,84941.4,73906.6,32222.4,30990.4,0.0,55037.1,3191.3,34251.6,56380.8,36863.4,94011.0,89803.5,128652.3,139978.5,148
123.2,137698.0,25213.0,25191.0,43647.0,43647.0,84941.4,73906.6,32222.4,30990.4,0.0,55066.6,3191.3,34252.0,56410.7,36860.1,94037.6,89806.7,128652.3,140008.0,148
124.4,137698.0,25213.0,25191.0,43647.0,43647.0,84942.0,73907.2,32223.0,30991.0,0.0,55223.3,3191.3,34252.0,56569.2,36860.4,94196.3,89806.4,128652.3,140165.3,148
125.5,137698.0,25213.0,25191.0,43647.0,43647.0,84951.8,73917.0,32232.8,31000.8,0.0,55246.8,3191.3,34262.5,56593.7,36869.4,94229.9,89797.4,128652.3,140198.7,148
126.6,137698.0,25213.0,25191.0,43647.0,43647.0,84952.3,73917.4,32233.2,31001.3,0.0,55260.6,3191.3,34262.9,56607.3,36869.5,94243.6,89797.3,128652.3,140213.0,148
127.6,137698.0,25213.0,25191.0,43647.0,43647.0,84953.0,73918.1,32233.9,31001.9,0.0,55349.2,3671.8,34263.6,56696.8,36859.4,94323.0,89807.4,128652.3,140302.1,148
128.8,137698.0,25213.0,25191.0,43647.0,43647.0,84953.0,73918.1,32233.9,31001.9,0.0,55381.4,3671.8,34263.7,56729.2,36859.8,94355.8,89807.0,128652.3,140334.4,148
129.9,137698.0,25213.0,25191.0,43647.0,43647.0,84953.3,73918.4,32234.2,31002.2,0.0,55485.0,3671.8,34263.6,56833.8,36861.0,94461.6,89805.8,128652.3,140438.3,148
131.1,137698.0,25213.0,25191.0,43647.0,43647.0,84953.6,73918.7,32234.5,31002.5,0.0,55511.2,3671.8,34264.4,56860.6,36862.2,94489.6,89804.6,128652.3,140464.8,148
132.2,137698.0,25213.0,25191.0,43647.0,43647.0,84953.8,73918.9,32234.7,31002.7,0.0,55511.5,3671.8,34264.2,56860.9,36863.6,94491.4,89803.2,128652.3,140465.3,148
133.3,137698.0,25213.0,25191.0,43647.0,43647.0,84953.8,73918.9,32234.7,31002.7,0.0,55511.6,3671.8,34264.4,56861.0,36864.7,94492.5,89802.1,128652.3,140465.4,148
134.3,137698.0,25213.0,25191.0,43647.0,43647.0,84954.2,73919.3,32235.1,31003.1,0.0,55516.1,3671.8,34264.4,56865.5,36869.0,94501.3,89797.8,128652.3,140470.2,148
135.4,137698.0,25213.0,25191.0,43647.0,43647.0,84954.6,73919.7,32235.5,31003.5,0.0,55552.4,3671.8,34265.1,56902.4,36862.8,94532.0,89804.0,128652.3,140506.9,148
136.5,137698.0,25213.0,25191.0,43647.0,43647.0,84954.6,73919.7,32235.5,31003.5,0.0,55552.4,3671.8,34266.2,56902.4,36861.8,94531.0,89804.9,128652.3,140507.0,148
137.6,137698.0,25213.0,25191.0,43647.0,43647.0,84954.6,73919.7,32235.5,31003.5,0.0,55552.4,3671.8,34265.3,56902.4,36854.4,94523.6,89812.3,128652.3,140507.0,148
138.7,137698.0,25213.0,25191.0,43647.0,43647.0,84954.6,73919.7,32235.5,31003.5,0.0,55642.2,3962.1,34265.3,56992.3,36864.7,94623.9,89802.0,128652.3,140596.8,148
139.9,137698.0,25213.0,25191.0,43647.0,43647.0,84954.6,73919.7,32235.5,31003.5,0.0,55669.3,3962.1,34265.3,57020.7,36862.7,94650.3,89804.0,128652.3,140623.9,148
141.0,137698.0,25213.0,25191.0,43647.0,43647.0,84954.6,73919.7,32235.5,31003.5,0.0,55685.4,3962.1,34265.3,57037.1,36862.0,94665.9,89804.8,128652.3,140640.0,148
142.2,137698.0,25213.0,25191.0,43647.0,43647.0,84955.0,73920.1,32235.9,31003.9,0.0,55707.4,3962.1,34265.3,57059.3,36863.5,94689.7,89803.2,128652.3,140662.4,148
143.3,137698.0,25213.0,25191.0,43647.0,43647.0,84955.0,73920.1,32235.9,31003.9,0.0,55726.3,3962.1,34265.6,57078.1,36867.7,94712.7,89799.0,128652.3,140681.4,148
144.3,137698.0,25213.0,25191.0,43647.0,43647.0,84955.0,73920.1,32235.9,31003.9,0.0,55765.0,3962.1,34265.8,57117.2,36867.2,94751.3,89799.5,128652.3,140720.0,148
145.4,137698.0,25213.0,25191.0,43647.0,43647.0,84955.0,73920.1,32235.9,31003.9,0.0,55785.7,3962.1,34265.8,57138.3,36868.1,94773.3,89798.6,128652.3,140740.7,148
146.6,137698.0,25213.0,25191.0,43647.0,43647.0,84959.7,73924.8,32240.6,31008.6,0.0,55853.6,3962.1,34270.8,57206.7,36873.3,94846.9,89793.4,128652.3,140813.3,148
147.7,137698.0,25213.0,25191.0,43647.0,43647.0,84959.7,73924.8,32240.6,31008.6,0.0,55853.6,3962.1,34270.7,57206.8,36873.5,94847.2,89793.2,128652.3,140813.3,148
148.8,137698.0,25213.0,25191.0,43647.0,43647.0,84959.7,73924.8,32240.6,31008.6,0.0,55853.6,4146.9,34270.9,57206.8,36872.4,94846.0,89794.3,128652.3,140813.3,148
149.9,137698.0,25213.0,25191.0,43647.0,43647.0,84959.7,73924.8,32240.6,31008.6,0.0,55853.6,4146.9,34270.9,57206.8,36870.3,94844.0,89796.4,128652.3,140813.3,148
151.0,137698.0,25213.0,25191.0,43647.0,43647.0,84959.7,73924.8,32240.6,31008.6,0.0,55853.7,4146.9,34269.1,57206.9,36870.8,94844.6,89795.9,128652.3,140813.4,148
152.1,137698.0,25213.0,25191.0,43647.0,43647.0,84960.0,73925.1,32240.9,31009.0,0.0,55943.7,4146.9,34269.4,57297.9,36870.2,94935.1,89796.4,128652.3,140903.7,148
153.2,137698.0,25213.0,25191.0,43647.0,43647.0,84960.1,73925.2,32240.9,31009.0,0.0,55943.7,4146.9,34269.8,57297.8,36871.8,94936.5,89794.8,128652.3,140903.8,148
154.3,137698.0,25213.0,25191.0,43647.0,43647.0,84960.1,73925.2,32240.9,31009.0,0.0,55946.2,4146.9,34269.3,57299.9,36869.6,94936.5,89797.1,128652.3,140906.2,148
155.4,137698.0,25213.0,25191.0,43647.0,43647.0,84960.4,73925.5,32241.3,31009.3,0.0,55992.9,4146.9,34269.4,57347.3,36870.7,94984.8,89796.0,128652.3,140953.3,148
156.4,137698.0,25213.0,25191.0,43647.0,43647.0,84960.4,73925.5,32241.3,31009.3,0.0,55993.8,4146.9,34269.7,57348.2,36871.1,94986.2,89795.6,128652.3,140954.2,148
157.6,137790.0,25213.0,25283.0,43647.0,43647.0,84960.4,73925.5,32241.3,31009.3,0.0,55995.1,4146.9,34269.9,57349.5,36871.5,94988.0,89795.1,128652.3,140955.5,148
158.7,137790.0,25213.0,25283.0,43647.0,43647.0,84961.1,73926.2,32242.0,31010.0,0.0,56047.7,4146.9,34270.3,57402.7,36874.4,95044.0,89792.3,128652.3,141008.8,148
159.8,137792.0,25213.0,25283.0,43649.0,43647.0,84961.7,73926.7,32242.6,31010.6,0.0,56128.9,4432.4,34270.4,57484.3,36875.5,95126.7,89791.2,128652.3,141090.5,148
161.0,137792.0,25213.0,25283.0,43649.0,43647.0,84961.7,73926.7,32242.6,31010.6,0.0,56139.5,4432.4,34271.5,57495.5,36874.0,95136.4,89792.6,128652.3,141101.2,148
162.1,137792.0,25213.0,25283.0,43649.0,43647.0,84961.8,73926.8,32242.7,31010.7,0.0,56255.1,4432.4,34271.6,57612.1,36873.0,95252.0,89793.7,128652.3,141216.9,148
163.2,137792.0,25213.0,25283.0,43649.0,43647.0,84962.2,73927.2,32243.1,31011.0,0.0,56278.4,4432.4,34271.6,57635.8,36873.3,95276.1,89793.3,128652.3,141240.5,148
164.3,137792.0,25213.0,25283.0,43649.0,43647.0,84962.2,73927.2,32243.1,31011.0,0.0,56384.4,4432.4,34272.0,57743.1,36873.0,95383.1,89793.6,128652.3,141346.5,148
165.4,137792.0,25213.0,25283.0,43649.0,43647.0,84962.2,73927.2,32243.1,31011.1,0.0,56415.0,4432.4,34272.1,57773.8,36867.2,95408.0,89799.4,128652.3,141377.2,148
166.5,137792.0,25213.0,25283.0,43649.0,43647.0,84962.2,73927.3,32243.1,31011.1,0.0,56491.6,4432.4,34287.4,57851.5,36884.8,95503.3,89781.8,128652.3,141453.8,148
167.6,137792.0,25213.0,25283.0,43649.0,43647.0,84962.2,73927.3,32243.1,31011.1,0.0,56491.6,4432.4,34272.1,57851.5,36867.3,95485.8,89799.3,128652.3,141453.8,148
168.7,137792.0,25213.0,25283.0,43649.0,43647.0,84962.2,73927.3,32243.1,31011.1,0.0,56491.7,4432.4,34272.1,57851.6,36867.1,95485.7,89799.5,128652.3,141453.9,148
169.8,137792.0,25213.0,25283.0,43649.0,43647.0,84962.6,73927.6,32243.4,31011.4,0.0,56518.8,4876.0,34272.4,57879.0,36869.7,95515.6,89796.9,128652.3,141481.3,148
171.0,137792.0,25213.0,25283.0,43649.0,43647.0,84963.2,73928.2,32244.1,31012.0,0.0,56582.9,4876.0,34273.1,57943.8,36871.3,95582.1,89795.3,128652.3,141546.1,148
172.0,137792.0,25213.0,25283.0,43649.0,43647.0,84963.2,73928.2,32244.1,31012.0,0.0,56582.9,4876.0,34273.1,57943.9,36870.1,95581.0,89796.5,128652.3,141546.2,148
173.1,137792.0,25213.0,25283.0,43649.0,43647.0,84963.6,73928.6,32244.4,31012.4,0.0,56582.9,4876.0,34273.1,57943.9,36870.1,95581.1,89796.5,128652.3,141546.5,148
174.2,137792.0,25213.0,25283.0,43649.0,43647.0,84964.1,73929.1,32245.0,31012.9,0.0,56705.4,4876.0,34273.6,58068.0,36868.6,95703.5,89798.0,128652.3,141669.5,148
175.3,137792.0,25213.0,25283.0,43649.0,43647.0,84964.1,73929.1,32245.0,31012.9,0.0,56705.4,4876.0,34273.9,58068.0,36870.0,95705.0,89796.6,128652.3,141669.5,148
176.4,137792.0,25213.0,25283.0,43649.0,43647.0,84964.1,73929.1,32245.0,31012.9,0.0,56705.4,4876.0,34289.8,58068.0,36886.5,95721.5,89780.1,128652.3,141669.5,148
177.4,137792.0,25213.0,25283.0,43649.0,43647.0,84964.1,73929.1,32245.0,31012.9,0.0,56705.4,4876.0,34274.0,58068.0,36872.0,95707.0,89794.6,128652.3,141669.6,148
178.5,137792.0,25213.0,25283.0,43649.0,43647.0,84964.6,73929.6,32245.4,31013.4,0.0,56799.4,4876.0,34275.0,58163.0,36865.3,95795.4,89801.3,128652.3,141764.0,148
179.7,137792.0,25213.0,25283.0,43649.0,43647.0,84965.0,73930.0,32245.8,31013.8,0.0,56888.5,4876.0,34274.9,58252.8,36868.5,95888.3,89798.1,128652.3,141853.5,148
180.8,137792.0,25213.0,25283.0,43649.0,43647.0,84965.0,73930.0,32245.8,31013.8,0.0,56888.6,5182.1,34274.9,58253.0,36868.6,95888.6,89797.9,128652.3,141853.6,148
182.0,137792.0,25213.0,25283.0,43649.0,43647.0,84965.0,73930.0,32245.8,31013.8,0.0,56888.7,5182.1,34274.9,58253.0,36873.5,95893.6,89793.0,128652.3,141853.7,148
183.1,137792.0,25213.0,25283.0,43649.0,43647.0,84965.0,73930.0,32245.8,31013.8,0.0,56888.7,5182.1,34275.0,58253.0,36875.0,95895.0,89791.6,128652.3,141853.7,148
184.2,137792.0,25213.0,25283.0,43649.0,43647.0,84965.4,73930.4,32246.2,31014.2,0.0,56974.4,5182.1,34275.0,58339.3,36873.6,95979.9,89793.0,128652.3,141939.8,148
185.3,137792.0,25213.0,25283.0,43649.0,43647.0,84965.4,73930.4,32246.2,31014.2,0.0,56974.8,5182.1,34275.0,58340.3,36875.1,95982.4,89791.5,128652.3,141940.2,148
186.4,137792.0,25213.0,25283.0,43649.0,43647.0,84967.5,73932.5,32248.3,31016.3,0.0,57034.2,5182.1,34277.6,58400.6,36882.9,96050.5,89783.7,128652.3,142001.7,148
187.5,137792.0,25213.0,25283.0,43649.0,43647.0,84967.5,73932.5,32248.3,31016.3,0.0,57035.0,5182.1,34277.5,58401.5,36886.6,96055.2,89779.9,128652.3,142002.5,148
188.6,137792.0,25213.0,25283.0,43649.0,43647.0,84967.5,73932.5,32248.3,31016.3,0.0,57035.0,5182.1,34278.1,58401.5,36888.7,96057.3,89777.8,128652.3,142002.5,148
189.7,137792.0,25213.0,25283.0,43649.0,43647.0,84967.5,73932.5,32248.3,31016.3,0.0,57035.0,5182.1,34277.5,58401.5,36888.3,96056.9,89778.2,128652.3,142002.5,148
190.9,137896.0,25213.0,25387.0,43649.0,43647.0,84967.9,73932.9,32248.7,31016.7,0.0,57236.8,5655.6,34278.0,58605.3,36884.1,96256.5,89782.4,128652.3,142204.7,148
192.1,137896.0,25213.0,25387.0,43649.0,43647.0,84968.7,73933.7,32249.5,31017.5,0.0,57361.8,5655.6,34279.0,58731.7,36882.5,96381.3,89784.0,128652.3,142330.5,148
193.2,137896.0,25213.0,25387.0,43649.0,43647.0,84968.7,73933.7,32249.5,31017.5,0.0,57361.8,5655.6,34278.8,58731.5,36884.1,96382.7,89782.5,128652.3,142330.5,148
194.3,137896.0,25213.0,25387.0,43649.0,43647.0,84968.7,73933.7,32249.5,31017.5,0.0,57361.8,5655.6,34278.8,58731.5,36883.2,96381.8,89783.3,128652.3,142330.5,148
195.4,137896.0,25213.0,25387.0,43649.0,43647.0,84968.7,73933.7,32249.5,31017.5,0.0,57361.8,5655.6,34278.8,58731.6,36887.9,96386.5,89778.6,128652.3,142330.5,148
196.5,137896.0,25213.0,25387.0,43649.0,43647.0,84968.7,73933.7,32249.5,31017.5,0.0,57361.9,5655.6,34297.0,58731.7,36905.1,96403.9,89761.3,128652.3,142330.6,148
197.6,137896.0,25213.0,25387.0,43649.0,43647.0,84969.7,73934.7,32250.5,31018.5,0.0,57509.0,5655.6,34279.8,58879.8,36887.9,96534.8,89778.6,128652.3,142478.7,148
198.7,137896.0,25213.0,25387.0,43649.0,43647.0,84970.2,73935.2,32251.0,31019.0,0.0,57617.1,5655.6,34280.4,58990.1,36889.6,96646.8,89776.9,128652.3,142587.4,148
199.8,137896.0,25213.0,25387.0,43649.0,43647.0,84970.2,73935.2,32251.0,31019.0,0.0,57617.2,5655.6,34280.3,58990.1,36890.2,96647.4,89776.3,128652.3,142587.4,148
200.9,137896.0,25213.0,25387.0,43649.0,43647.0,84970.2,73935.2,32251.0,31019.0,0.0,57617.2,5911.3,34280.3,58990.1,36890.7,96647.9,89775.8,128652.3,142587.4,148
202.2,137896.0,25213.0,25387.0,43649.0,43647.0,84970.2,73935.2,32251.1,31019.0,0.0,57617.3,5911.3,34280.3,58990.2,36889.9,96647.3,89776.5,128652.3,142587.5,148
203.3,137896.0,25213.0,25387.0,43649.0,43647.0,84970.7,73935.6,32251.5,31019.5,0.0,57643.8,5911.3,34280.2,59016.8,36890.5,96674.4,89776.0,128652.3,142614.5,148
204.4,137896.0,25213.0,25387.0,43649.0,43647.0,84970.7,73935.6,32251.5,31019.5,0.0,57664.1,5911.3,34280.8,59037.8,36891.2,96696.1,89775.2,128652.3,142634.8,148
205.5,137896.0,25213.0,25387.0,43649.0,43647.0,84970.7,73935.6,32251.5,31019.5,0.0,57664.1,5911.3,34278.7,59037.8,36889.6,96694.5,89776.9,128652.3,142634.8,148
206.6,137896.0,25213.0,25387.0,43649.0,43647.0,84970.7,73935.7,32251.5,31019.5,0.0,57664.2,5911.3,34278.3,59037.8,36889.7,96694.7,89776.8,128652.3,142634.9,148
207.7,137896.0,25213.0,25387.0,43649.0,43647.0,84970.7,73935.7,32251.5,31019.5,0.0,57664.2,5911.3,34278.4,59037.9,36890.8,96695.8,89775.6,128652.3,142634.9,148
208.8,137896.0,25213.0,25387.0,43649.0,43647.0,84970.7,73935.7,32251.5,31019.5,0.0,57664.2,5911.3,34278.4,59037.9,36890.9,96695.9,89775.5,128652.3,142634.9,148
209.9,137896.0,25213.0,25387.0,43649.0,43647.0,84970.7,73935.7,32251.5,31019.5,0.0,57664.2,5911.3,34278.6,59037.9,36891.9,96696.9,89774.5,128652.3,142634.9,148
211.0,138054.0,25371.0,25387.0,43649.0,43647.0,84970.7,73935.7,32251.5,31019.5,0.0,57664.2,6047.4,34278.4,59037.9,36892.4,96697.4,89774.0,128652.3,142634.9,148
212.3,138054.0,25371.0,25387.0,43649.0,43647.0,84971.9,73936.9,32252.7,31020.7,0.0,57753.2,6047.4,34278.8,59127.6,36892.9,96787.6,89773.6,128652.3,142725.1,148
213.4,138054.0,25371.0,25387.0,43649.0,43647.0,84972.3,73937.3,32253.2,31021.1,0.0,57867.9,6047.4,34280.1,59243.2,36894.6,96905.0,89771.8,128652.3,142840.2,148
214.5,138054.0,25371.0,25387.0,43649.0,43647.0,84972.7,73937.7,32253.5,31021.5,0.0,57945.9,6047.4,34280.9,59322.5,36892.6,96982.3,89773.8,128652.3,142918.5,148
215.6,138172.0,25371.0,25505.0,43649.0,43647.0,84973.1,73938.1,32254.0,31021.9,0.0,57979.2,6047.4,34281.4,59356.3,36891.1,97014.5,89775.4,128652.3,142952.4,148
216.7,138172.0,25371.0,25505.0,43649.0,43647.0,84973.7,73938.7,32254.5,31022.5,0.0,58110.1,6047.4,34282.1,59488.5,36884.8,97140.5,89781.6,128652.3,143083.7,148
217.8,138176.0,25371.0,25509.0,43649.0,43647.0,84973.9,73938.9,32254.8,31022.7,0.0,58110.1,6047.4,34282.2,59488.6,36887.6,97143.3,89778.8,128652.3,143084.0,148
218.9,138176.0,25371.0,25509.0,43649.0,43647.0,84973.9,73938.9,32254.8,31022.7,0.0,58138.6,6047.4,34282.4,59517.1,36890.0,97174.3,89776.4,128652.3,143112.5,148
220.0,138176.0,25371.0,25509.0,43649.0,43647.0,84973.9,73938.9,32254.8,31022.7,0.0,58179.9,6047.4,34282.4,59559.0,36891.0,97217.1,89775.5,128652.3,143153.8,148
221.1,138176.0,25371.0,25509.0,43649.0,43647.0,84973.9,73938.9,32254.8,31022.7,0.0,58223.7,6528.0,34283.0,59603.4,36890.6,97261.2,89775.8,128652.3,143197.6,148
222.4,138176.0,25371.0,25509.0,43649.0,43647.0,84973.9,73938.9,32254.8,31022.7,0.0,58233.4,6528.0,34283.0,59613.2,36896.0,97276.4,89770.4,128652.3,143207.4,148
223.5,138310.0,25371.0,25643.0,43649.0,43647.0,84974.0,73938.9,32254.8,31022.8,0.0,58265.3,6528.0,34283.0,59645.2,36898.8,97311.2,89767.6,128652.3,143239.2,148
224.6,138310.0,25371.0,25643.0,43649.0,43647.0,84974.8,73939.8,32255.6,31023.6,0.0,58270.4,6528.0,34283.8,59650.9,36895.0,97313.1,89771.4,128652.3,143245.2,148
225.7,138310.0,25371.0,25643.0,43649.0,43647.0,84974.9,73939.9,32255.7,31023.7,0.0,58270.4,6528.0,34283.9,59650.9,36895.8,97313.9,89770.6,128652.3,143245.3,148
226.9,138310.0,25371.0,25643.0,43649.0,43647.0,84975.8,73940.7,32256.6,31024.6,0.0,58340.9,6528.0,34284.5,59722.4,36896.6,97386.2,89769.8,128652.3,143316.7,148
228.0,138310.0,25371.0,25643.0,43649.0,43647.0,84975.8,73940.8,32256.6,31024.6,0.0,58341.1,6528.0,34284.9,59722.5,36897.1,97386.9,89769.2,128652.3,143316.8,148
229.1,138310.0,25371.0,25643.0,43649.0,43647.0,84975.8,73940.8,32256.6,31024.6,0.0,58341.1,6528.0,34284.9,59722.5,36897.2,97387.0,89769.1,128652.3,143316.8,148
230.2,138310.0,25371.0,25643.0,43649.0,43647.0,84975.8,73940.8,32256.6,31024.6,0.0,58341.1,6528.0,34284.9,59722.5,36896.6,97386.4,89769.7,128652.3,143316.8,148
231.3,138310.0,25371.0,25643.0,43649.0,43647.0,84975.8,73940.8,32256.6,31024.6,0.0,58341.1,6639.4,34285.2,59722.6,36897.2,97387.0,89769.1,128652.3,143316.9,148
232.5,138310.0,25371.0,25643.0,43649.0,43647.0,84975.8,73940.8,32256.7,31024.6,0.0,58359.4,6639.4,34285.5,59740.9,36901.0,97409.1,89765.4,128652.3,143335.2,148
233.6,138310.0,25371.0,25643.0,43649.0,43647.0,84975.8,73940.8,32256.7,31024.6,0.0,58359.6,6639.4,34285.3,59741.2,36902.2,97410.7,89764.1,128652.3,143335.4,148
234.8,138310.0,25371.0,25643.0,43649.0,43647.0,84976.1,73941.1,32256.9,31024.9,0.0,58395.9,6639.4,34285.5,59777.6,36900.4,97445.3,89765.9,128652.3,143372.0,148
235.9,138310.0,25371.0,25643.0,43649.0,43647.0,84976.6,73941.6,32257.4,31025.4,0.0,58553.9,6639.4,34286.1,59937.6,36907.8,97612.7,89758.5,128652.3,143530.5,148
237.0,138310.0,25371.0,25643.0,43649.0,43647.0,84976.7,73941.6,32257.5,31025.5,0.0,58634.9,6639.4,34286.1,60019.7,36906.2,97693.2,89760.1,128652.3,143611.5,148
238.2,138310.0,25371.0,25643.0,43649.0,43647.0,84976.7,73941.6,32257.5,31025.5,0.0,58686.2,6639.4,34286.1,60071.3,36906.0,97744.6,89760.3,128652.3,143662.9,148
239.3,138310.0,25371.0,25643.0,43649.0,43647.0,84976.7,73941.6,32257.5,31025.5,0.0,58718.1,6639.4,34286.1,60103.7,36906.0,97777.0,89760.3,128652.3,143694.8,148
240.3,138310.0,25371.0,25643.0,43649.0,43647.0,84976.7,73941.6,32257.5,31025.5,0.0,58721.5,6639.4,34286.6,60107.2,36906.6,97781.1,89759.7,128652.3,143698.1,148
241.4,138310.0,25371.0,25643.0,43649.0,43647.0,84976.7,73941.6,32257.5,31025.5,0.0,58721.5,7027.1,34308.3,60107.2,36928.6,97803.1,89737.7,128652.3,143698.2,148
242.7,138310.0,25371.0,25643.0,43649.0,43647.0,84977.4,73942.4,32258.3,31026.2,0.0,58732.2,7027.1,34286.7,60118.5,36914.9,97800.7,89751.4,128652.3,143709.6,148
243.7,138310.0,25371.0,25643.0,43649.0,43647.0,84977.4,73942.4,32258.3,31026.2,0.0,58732.2,7027.1,34287.0,60118.8,36904.9,97791.0,89761.4,128652.3,143709.6,148
244.8,138310.0,25371.0,25643.0,43649.0,43647.0,84977.4,73942.4,32258.3,31026.2,0.0,58732.2,7027.1,34287.0,60118.8,36906.3,97792.5,89760.0,128652.3,143709.6,148
246.0,138310.0,25371.0,25643.0,43649.0,43647.0,84978.6,73943.6,32259.4,31027.4,0.0,58896.1,7027.1,34287.5,60285.1,36897.8,97950.2,89768.5,128652.3,143874.7,148
247.1,138310.0,25371.0,25643.0,43649.0,43647.0,84978.6,73943.6,32259.4,31027.4,0.0,58903.7,7027.1,34288.2,60293.4,36904.5,97965.2,89761.8,128652.3,143882.3,148
248.2,138310.0,25371.0,25643.0,43649.0,43647.0,84978.6,73943.6,32259.4,31027.4,0.0,58909.2,7027.1,34288.2,60298.8,36907.8,97973.9,89758.5,128652.3,143887.8,148
249.3,138312.0,25371.0,25643.0,43649.0,43649.0,84978.6,73943.6,32259.4,31027.4,0.0,58911.7,7027.1,34288.2,60301.4,36906.3,97975.0,89760.0,128652.3,143890.3,148
250.4,138312.0,25371.0,25643.0,43649.0,43649.0,84978.7,73943.7,32259.5,31027.5,0.0,58992.9,7027.1,34288.2,60384.1,36905.2,98056.7,89761.0,128652.3,143971.6,148
251.5,138312.0,25371.0,25643.0,43649.0,43649.0,84978.7,73943.7,32259.5,31027.5,0.0,59008.3,7379.7,34311.2,60399.4,36927.0,98093.7,89739.3,128652.3,143987.0,148
252.8,138312.0,25371.0,25643.0,43649.0,43649.0,84978.7,73943.7,32259.5,31027.5,0.0,59085.3,7379.7,34288.3,60477.5,36909.7,98154.5,89756.6,128652.3,144064.0,148
253.9,138312.0,25371.0,25643.0,43649.0,43649.0,84978.8,73943.8,32259.7,31027.7,0.0,59155.1,7379.7,34288.5,60548.6,36911.8,98227.8,89754.4,128652.3,144134.0,148
255.1,138312.0,25371.0,25643.0,43649.0,43649.0,84978.9,73943.8,32259.7,31027.7,0.0,59215.6,7379.7,34288.5,60610.0,36909.5,98286.8,89756.8,128652.3,144194.4,148
256.2,138312.0,25371.0,25643.0,43649.0,43649.0,84978.9,73943.8,32259.7,31027.7,0.0,59218.3,7379.7,34288.5,60612.8,36908.3,98288.4,89758.0,128652.3,144197.2,148
257.3,138312.0,25371.0,25643.0,43649.0,43649.0,84978.9,73943.9,32259.7,31027.7,0.0,59220.6,7379.7,34288.5,60615.1,36906.1,98288.6,89760.1,128652.3,144199.5,148
258.4,138312.0,25371.0,25643.0,43649.0,43649.0,84978.9,73943.9,32259.7,31027.7,0.0,59237.0,7379.7,34288.9,60631.6,36903.8,98302.7,89762.5,128652.3,144215.8,148
259.5,138312.0,25371.0,25643.0,43649.0,43649.0,84978.9,73943.9,32259.7,31027.7,0.0,59248.2,7379.7,34289.0,60643.2,36902.7,98313.3,89763.5,128652.3,144227.0,148
260.6,138312.0,25371.0,25643.0,43649.0,43649.0,84978.9,73943.9,32259.7,31027.7,0.0,59253.4,7379.7,34288.5,60648.7,36901.9,98318.0,89764.3,128652.3,144232.3,148
261.7,138312.0,25371.0,25643.0,43649.0,43649.0,84978.9,73943.9,32259.7,31027.7,0.0,59258.2,7561.8,34288.5,60653.4,36904.2,98325.0,89762.0,128652.3,144237.1,148
263.0,138312.0,25371.0,25643.0,43649.0,43649.0,84978.9,73943.9,32259.7,31027.7,0.0,59266.5,7561.8,34288.5,60661.9,36903.4,98332.7,89762.8,128652.3,144245.4,148
264.1,138312.0,25371.0,25643.0,43649.0,43649.0,84978.9,73943.9,32259.7,31027.7,0.0,59266.5,7561.8,34288.5,60661.9,36902.6,98331.9,89763.6,128652.3,144245.4,148
265.2,138312.0,25371.0,25643.0,43649.0,43649.0,84979.9,73944.9,32260.7,31028.7,0.0,59331.5,7561.8,34288.9,60728.2,36906.5,98402.0,89759.8,128652.3,144311.4,148
266.3,138312.0,25371.0,25643.0,43649.0,43649.0,84980.1,73945.1,32260.9,31028.9,0.0,59333.2,7561.8,34289.5,60729.7,36904.1,98401.2,89762.1,128652.3,144313.3,148
267.4,138312.0,25371.0,25643.0,43649.0,43649.0,84980.1,73945.1,32260.9,31028.9,0.0,59333.6,7561.8,34289.7,60730.2,36907.0,98404.6,89759.2,128652.3,144313.8,148
268.5,138312.0,25371.0,25643.0,43649.0,43649.0,84980.3,73945.3,32261.1,31029.1,0.0,59401.3,7561.8,34289.9,60798.8,36901.9,98468.1,89764.3,128652.3,144381.6,148
269.5,138312.0,25371.0,25643.0,43649.0,43649.0,84980.3,73945.3,32261.1,31029.1,0.0,59401.4,7561.8,34289.8,60798.9,36901.9,98468.2,89764.3,128652.3,144381.7,148
270.6,138312.0,25371.0,25643.0,43649.0,43649.0,84980.3,73945.3,32261.1,31029.1,0.0,59411.7,7561.8,34289.4,60809.2,36904.2,98480.8,89762.0,128652.3,144392.0,148
271.7,138312.0,25371.0,25643.0,43649.0,43649.0,84981.0,73945.9,32261.8,31029.8,0.0,59548.9,7561.8,34289.9,60948.1,36906.6,98622.0,89759.6,128652.3,144529.8,148
272.8,138312.0,25371.0,25643.0,43649.0,43649.0,84981.0,73945.9,32261.8,31029.8,0.0,59549.1,7845.1,34290.0,60949.0,36910.6,98627.0,89755.6,128652.3,144530.1,148
274.0,138312.0,25371.0,25643.0,43649.0,43649.0,84981.0,73945.9,32261.8,31029.8,0.0,59549.1,7845.1,34290.0,60949.0,36911.4,98627.9,89754.8,128652.3,144530.1,148
275.1,138312.0,25371.0,25643.0,43649.0,43649.0,84981.2,73946.2,32262.1,31030.0,0.0,59623.7,7845.1,34290.2,61024.8,36907.5,98699.8,89758.7,128652.3,144604.9,148
276.2,138312.0,25371.0,25643.0,43649.0,43649.0,84981.2,73946.2,32262.1,31030.0,0.0,59623.7,7845.1,34290.3,61024.8,36907.4,98699.6,89758.8,128652.3,144604.9,148
277.3,138312.0,25371.0,25643.0,43649.0,43649.0,84981.2,73946.2,32262.1,31030.0,0.0,59623.7,7845.1,34290.3,61024.9,36907.8,98700.1,89758.4,128652.3,144604.9,148
278.4,138312.0,25371.0,25643.0,43649.0,43649.0,85013.5,73974.8,32294.3,31058.6,0.0,59755.1,7845.1,34318.8,61158.6,36942.8,98868.8,89723.4,128652.3,144768.6,148
279.5,138312.0,25371.0,25643.0,43649.0,43649.0,85013.5,73974.8,32294.3,31058.6,0.0,59755.5,7845.1,34318.8,61159.3,36941.0,98867.7,89725.2,128652.3,144769.0,148
280.6,138312.0,25371.0,25643.0,43649.0,43649.0,85013.5,73974.8,32294.3,31058.6,0.0,59755.5,7845.1,34318.8,61159.3,36941.7,98868.4,89724.5,128652.3,144769.0,148
281.7,138312.0,25371.0,25643.0,43649.0,43649.0,85014.6,73975.9,32295.5,31059.7,0.0,59847.3,7845.1,34320.1,61252.5,36938.8,98958.8,89727.3,128652.3,144861.9,148
282.8,138312.0,25371.0,25643.0,43649.0,43649.0,85014.6,73975.9,32295.5,31059.7,0.0,59849.8,7845.1,34320.0,61255.0,36937.0,98959.4,89729.2,128652.3,144864.4,148
283.9,138312.0,25371.0,25643.0,43649.0,43649.0,85014.6,73975.9,32295.5,31059.7,0.0,59852.4,8151.1,34320.0,61257.7,36934.6,98959.7,89731.6,128652.3,144867.1,148
285.1,138312.0,25371.0,25643.0,43649.0,43649.0,85014.6,73975.9,32295.5,31059.7,0.0,59854.8,8151.1,34320.0,61260.3,36936.1,98963.9,89730.0,128652.3,144869.5,148
286.2,138312.0,25371.0,25643.0,43649.0,43649.0,85014.7,73975.9,32295.4,31059.7,0.0,59856.2,8151.1,34320.0,61261.7,36935.1,98964.3,89731.0,128652.3,144870.8,148
287.3,138312.0,25371.0,25643.0,43649.0,43649.0,85014.7,73975.9,32295.5,31059.7,0.0,59857.1,8151.1,34320.0,61262.6,36933.9,98964.0,89732.3,128652.3,144871.8,148
288.4,138312.0,25371.0,25643.0,43649.0,43649.0,85015.1,73976.4,32295.9,31060.2,0.0,59908.1,8151.1,34320.0,61314.0,36937.3,99018.8,89728.9,128652.3,144923.3,148
289.5,138312.0,25371.0,25643.0,43649.0,43649.0,85015.1,73976.4,32295.9,31060.2,0.0,59981.3,8151.1,34320.5,61388.2,36932.0,99087.6,89734.1,128652.3,144996.5,148
290.6,138312.0,25371.0,25643.0,43649.0,43649.0,85015.1,73976.4,32295.9,31060.2,0.0,59981.3,8151.1,34320.5,61388.2,36932.2,99087.9,89733.9,128652.3,144996.5,148
291.7,138312.0,25371.0,25643.0,43649.0,43649.0,85018.4,73979.7,32299.2,31063.5,0.0,59997.3,8151.1,34346.9,61404.5,36959.0,99131.0,89707.1,128652.3,145015.7,148
292.8,138312.0,25371.0,25643.0,43649.0,43649.0,85022.1,73983.3,32302.9,31067.2,0.0,60100.7,8151.1,34327.4,61509.8,36935.4,99212.7,89730.7,128652.3,145122.7,148
293.8,138312.0,25371.0,25643.0,43649.0,43649.0,85022.4,73983.7,32303.2,31067.5,0.0,60100.8,8151.1,34327.5,61510.0,36935.4,99212.8,89730.7,128652.3,145123.2,148
294.9,138312.0,25371.0,25643.0,43649.0,43649.0,85022.4,73983.7,32303.2,31067.5,0.0,60257.5,8554.9,34327.8,61669.0,36938.5,99375.0,89727.6,128652.3,145279.9,148
296.2,138312.0,25371.0,25643.0,43649.0,43649.0,85022.4,73983.7,32303.2,31067.5,0.0,60258.4,8554.9,34327.8,61670.0,36936.5,99374.1,89729.6,128652.3,145280.9,148
297.3,138312.0,25371.0,25643.0,43649.0,43649.0,85022.6,73983.9,32303.4,31067.7,0.0,60360.8,8554.9,34327.8,61773.9,36942.2,99483.6,89723.9,128652.3,145383.4,148
298.4,138312.0,25371.0,25643.0,43649.0,43649.0,85022.7,73983.9,32303.5,31067.7,0.0,60476.5,8554.9,34328.3,61891.1,36947.5,99606.1,89718.6,128652.3,145499.1,148
299.5,138312.0,25371.0,25643.0,43649.0,43649.0,85022.8,73984.1,32303.6,31067.9,0.0,60533.1,8554.9,34328.9,61949.3,36944.6,99661.4,89721.5,128652.3,145555.9,148
300.5,138312.0,25371.0,25643.0,43649.0,43649.0,85022.9,73984.2,32303.7,31068.0,0.0,60577.6,8554.9,34328.8,61994.8,36945.7,99708.1,89720.4,128652.3,145600.5,148
301.7,138312.0,25371.0,25643.0,43649.0,43649.0,85022.9,73984.2,32303.7,31068.0,0.0,60587.3,8554.9,34356.6,62004.7,36970.6,99742.7,89695.5,128652.3,145610.3,148
302.8,138312.0,25371.0,25643.0,43649.0,43649.0,85022.9,73984.2,32303.8,31068.0,0.0,60594.1,8554.9,34328.4,62011.5,36945.4,99724.4,89720.6,128652.3,145617.0,148
303.9,138312.0,25371.0,25643.0,43649.0,43649.0,85022.9,73984.2,32303.8,31068.0,0.0,60596.8,8554.9,34328.4,62014.3,36946.2,99728.0,89719.9,128652.3,145619.8,148
305.0,138312.0,25371.0,25643.0,43649.0,43649.0,85022.9,73984.2,32303.8,31068.0,0.0,60612.1,8965.3,34328.4,62029.7,36946.6,99743.8,89719.5,128652.3,145635.1,148
306.3,138312.0,25371.0,25643.0,43649.0,43649.0,85023.3,73984.5,32304.1,31068.3,0.0,60669.3,8965.3,34352.6,62088.5,36967.8,99823.9,89698.2,128652.3,145692.5,148
307.4,138312.0,25371.0,25643.0,43649.0,43649.0,85023.7,73984.9,32304.5,31068.8,0.0,60738.6,8965.3,34328.5,62159.0,36943.2,99869.8,89722.9,128652.3,145762.3,148
308.6,138312.0,25371.0,25643.0,43649.0,43649.0,85023.8,73985.1,32304.6,31068.9,0.0,60817.9,8965.3,34329.3,62239.4,36940.8,99947.7,89725.3,128652.3,145841.7,148
309.7,138312.0,25371.0,25643.0,43649.0,43649.0,85024.3,73985.6,32305.1,31069.4,0.0,60873.8,8965.3,34329.8,62296.9,36942.9,100007.3,89723.2,128652.3,145898.1,148
310.8,138312.0,25371.0,25643.0,43649.0,43649.0,85024.6,73985.8,32305.4,31069.7,0.0,60945.1,8965.3,34330.0,62369.8,36937.7,100075.1,89728.3,128652.3,145969.7,148
312.0,138312.0,25371.0,25643.0,43649.0,43649.0,85024.6,73985.8,32305.4,31069.7,0.0,60945.1,8965.3,34330.1,62369.6,36934.3,100071.5,89731.7,128652.3,145969.7,148
313.1,138312.0,25371.0,25643.0,43649.0,43649.0,85024.8,73986.1,32305.6,31069.9,0.0,61016.0,8965.3,34330.1,62441.6,36937.0,100146.2,89729.0,128652.3,146040.9,148
314.2,138312.0,25371.0,25643.0,43649.0,43649.0,85024.9,73986.2,32305.7,31070.0,0.0,61039.4,8965.3,34330.4,62465.0,36940.3,100172.9,89725.7,128652.3,146064.4,148
315.3,138312.0,25371.0,25643.0,43649.0,43649.0,85024.9,73986.2,32305.7,31070.0,0.0,61039.5,9336.8,34330.4,62465.1,36940.5,100173.1,89725.6,128652.3,146064.4,148
316.6,138312.0,25371.0,25643.0,43649.0,43649.0,85024.9,73986.2,32305.7,31070.0,0.0,61039.5,9336.8,34338.8,62465.1,36949.1,100181.8,89716.9,128652.3,146064.4,148
317.7,138312.0,25371.0,25643.0,43649.0,43649.0,85024.9,73986.2,32305.7,31070.0,0.0,61039.5,9336.8,34330.4,62465.1,36940.6,100173.3,89725.4,128652.3,146064.4,148
318.8,138312.0,25371.0,25643.0,43649.0,43649.0,85024.9,73986.2,32305.7,31070.0,0.0,61084.0,9336.8,34330.4,62510.6,36938.9,100217.0,89727.2,128652.3,146108.9,148
319.9,138312.0,25371.0,25643.0,43649.0,43649.0,85059.3,74016.8,32336.3,31100.6,0.0,61129.9,9336.8,34361.0,62557.8,36974.0,100299.4,89692.0,128652.3,146189.2,148
321.0,138312.0,25371.0,25643.0,43649.0,43649.0,85059.3,74016.8,32336.3,31100.6,0.0,61129.9,9336.8,34361.0,62557.5,36975.3,100300.4,89690.7,128652.3,146189.2,148
322.1,138312.0,25371.0,25643.0,43649.0,43649.0,85082.1,74036.2,32359.0,31120.1,0.0,61207.5,9336.8,34380.0,62636.3,36990.2,100394.1,89675.8,128652.3,146289.6,148
323.3,138312.0,25371.0,25643.0,43649.0,43649.0,85082.1,74036.2,32359.0,31120.1,0.0,61243.1,9336.8,34380.6,62672.8,36994.0,100434.4,89672.0,128652.3,146325.2,148
324.4,138312.0,25371.0,25643.0,43649.0,43649.0,85082.1,74036.2,32359.0,31120.1,0.0,61243.1,9336.8,34380.5,62672.8,36993.6,100433.9,89672.5,128652.3,146325.2,148
325.5,138312.0,25371.0,25643.0,43649.0,43649.0,85082.1,74036.2,32359.0,31120.1,0.0,61243.2,9540.7,34381.2,62672.8,36994.9,100435.3,89671.1,128652.3,146325.2,148
326.8,138312.0,25371.0,25643.0,43649.0,43649.0,85082.1,74036.3,32359.0,31120.1,0.0,61243.2,9540.7,34381.0,62672.9,36997.4,100437.9,89668.6,128652.3,146325.2,148
327.9,138312.0,25371.0,25643.0,43649.0,43649.0,85082.1,74036.3,32359.0,31120.1,0.0,61243.3,9540.7,34380.5,62673.0,36996.6,100437.2,89669.4,128652.3,146325.3,148
329.0,138484.0,25371.0,25815.0,43649.0,43649.0,85082.9,74037.1,32359.9,31120.9,0.0,61281.7,9540.7,34380.6,62711.9,36994.7,100474.1,89671.3,128652.3,146364.5,148
330.2,138484.0,25371.0,25815.0,43649.0,43649.0,85087.1,74037.9,32361.8,31121.7,0.0,61328.5,9540.7,34382.3,62760.2,36999.7,100527.5,89666.3,128652.3,146415.6,148
331.3,138484.0,25371.0,25815.0,43649.0,43649.0,85087.2,74038.0,32360.8,31121.8,0.0,61386.8,9540.7,34405.5,62818.9,37025.1,100611.6,89640.8,128652.3,146474.1,148
332.4,138484.0,25371.0,25815.0,43649.0,43649.0,85087.4,74038.2,32361.0,31122.0,0.0,61492.1,9540.7,34382.9,62927.0,36996.9,100691.6,89669.0,128652.3,146579.5,148
333.6,138484.0,25371.0,25815.0,43649.0,43649.0,85087.4,74038.2,32361.0,31122.0,0.0,61492.1,9540.7,34382.8,62926.8,36998.1,100692.5,89667.9,128652.3,146579.5,148
334.7,138484.0,25371.0,25815.0,43649.0,43649.0,85087.4,74038.2,32361.0,31122.0,0.0,61492.1,9540.7,34382.8,62926.8,36997.8,100692.2,89668.2,128652.3,146579.6,148
335.8,138484.0,25371.0,25815.0,43649.0,43649.0,85087.4,74038.2,32361.0,31122.0,0.0,61492.1,9789.8,34382.8,62926.8,36997.8,100692.3,89668.1,128652.3,146579.6,148
337.1,138484.0,25371.0,25815.0,43649.0,43649.0,85087.5,74038.2,32361.0,31122.0,0.0,61492.1,9789.8,34382.8,62926.8,36997.3,100691.8,89668.7,128652.3,146579.6,148
338.3,138484.0,25371.0,25815.0,43649.0,43649.0,85088.9,74039.7,32362.5,31123.5,0.0,61601.9,9789.8,34384.4,63038.3,36999.5,100805.4,89666.5,128652.3,146690.8,148
339.4,138484.0,25371.0,25815.0,43649.0,43649.0,85088.9,74039.7,32362.5,31123.5,0.0,61634.1,9789.8,34384.4,63071.0,36997.7,100836.4,89668.3,128652.3,146723.0,148
340.5,138484.0,25371.0,25815.0,43649.0,43649.0,85088.9,74039.7,32362.5,31123.5,0.0,61634.1,9789.8,34384.4,63071.1,36999.1,100837.9,89666.8,128652.3,146723.0,148
341.6,138484.0,25371.0,25815.0,43649.0,43649.0,85094.4,74045.2,32368.0,31129.0,0.0,61634.1,9789.8,34415.6,63071.3,37028.2,100867.1,89637.8,128652.3,146728.6,148
342.8,138484.0,25371.0,25815.0,43649.0,43649.0,85100.0,74050.8,32373.6,31134.6,0.0,61759.6,9789.8,34395.5,63199.0,37008.1,100974.8,89657.8,128652.3,146859.7,148
343.9,138484.0,25371.0,25815.0,43649.0,43649.0,85100.0,74050.8,32373.6,31134.6,0.0,61842.7,9789.8,34395.5,63283.3,37005.7,101056.7,89660.2,128652.3,146942.7,148
345.0,138484.0,25371.0,25815.0,43649.0,43649.0,85100.1,74050.9,32373.6,31134.7,0.0,61894.4,9789.8,34395.5,63335.9,37006.4,101109.9,89659.6,128652.3,146994.5,148
346.1,138484.0,25371.0,25815.0,43649.0,43649.0,85100.1,74050.9,32373.6,31134.7,0.0,61894.7,10249.5,34395.6,63336.1,37006.4,101110.2,89659.5,128652.3,146994.7,148
347.4,138484.0,25371.0,25815.0,43649.0,43649.0,85100.2,74051.0,32373.8,31134.8,0.0,61980.9,10249.5,34395.7,63424.0,37006.3,101197.9,89659.6,128652.3,147081.1,148
348.5,138484.0,25371.0,25815.0,43649.0,43649.0,85100.2,74051.0,32373.8,31134.8,0.0,62018.2,10249.5,34395.8,63462.3,37001.9,101231.9,89664.0,128652.3,147118.5,148
349.6,138484.0,25371.0,25815.0,43649.0,43649.0,85106.1,74056.9,32379.7,31140.7,0.0,62018.5,10249.5,34395.8,63462.6,37003.3,101233.6,89662.6,128652.3,147124.6,148
350.7,138484.0,25371.0,25815.0,43649.0,43649.0,85106.3,74057.0,32379.8,31140.9,0.0,62111.8,10249.5,34401.9,63557.6,37012.3,101337.6,89653.6,128652.3,147218.1,148
351.8,138484.0,25371.0,25815.0,43649.0,43649.0,85106.3,74057.1,32379.9,31140.9,0.0,62111.8,10249.5,34401.9,63557.6,37013.0,101338.3,89652.9,128652.3,147218.1,148
353.0,138484.0,25371.0,25815.0,43649.0,43649.0,85106.3,74057.1,32379.9,31140.9,0.0,62174.1,10249.5,34402.0,63620.4,37013.0,101401.1,89652.9,128652.3,147280.4,148
354.1,138484.0,25371.0,25815.0,43649.0,43649.0,85106.3,74057.1,32379.9,31140.9,0.0,62174.2,10249.5,34401.9,63620.5,37012.2,101400.4,89653.7,128652.3,147280.5,148
355.2,138484.0,25371.0,25815.0,43649.0,43649.0,85106.3,74057.1,32379.9,31140.9,0.0,62246.4,10249.5,34401.9,63693.4,37013.7,101474.8,89652.2,128652.3,147352.7,148
356.4,138484.0,25371.0,25815.0,43649.0,43649.0,85106.3,74057.1,32379.9,31140.9,0.0,62247.6,10546.9,34434.9,63695.2,37043.2,101506.1,89622.7,128652.3,147353.9,148
357.7,138484.0,25371.0,25815.0,43649.0,43649.0,85106.3,74057.1,32379.9,31140.9,0.0,62248.1,10546.9,34402.4,63695.8,37009.4,101472.9,89656.5,128652.3,147354.5,148
358.8,138484.0,25371.0,25815.0,43649.0,43649.0,85106.3,74057.1,32379.9,31140.9,0.0,62273.8,10546.9,34401.9,63721.8,37008.9,101498.4,89657.0,128652.3,147380.1,148
360.0,138484.0,25371.0,25815.0,43649.0,43649.0,85106.3,74057.1,32379.9,31140.9,0.0,62288.2,10546.9,34402.0,63736.3,37009.0,101513.0,89656.9,128652.3,147394.5,148
361.1,138484.0,25371.0,25815.0,43649.0,43649.0,85106.3,74057.1,32379.9,31140.9,0.0,62350.3,10546.9,34402.0,63799.5,37001.8,101569.1,89664.1,128652.3,147456.6,148
362.2,138484.0,25371.0,25815.0,43649.0,43649.0,85106.3,74057.1,32379.9,31140.9,0.0,62355.3,10546.9,34402.0,63804.5,37002.6,101574.9,89663.2,128652.3,147461.6,148
363.3,138484.0,25371.0,25815.0,43649.0,43649.0,85106.3,74057.1,32379.9,31140.9,0.0,62360.9,10546.9,34402.1,63810.3,37006.7,101584.8,89659.2,128652.3,147467.2,148
364.5,138484.0,25371.0,25815.0,43649.0,43649.0,85106.3,74057.1,32379.9,31140.9,0.0,62429.8,10546.9,34401.9,63880.0,37008.2,101655.9,89657.7,128652.3,147536.2,148
365.6,138484.0,25371.0,25815.0,43649.0,43649.0,85106.3,74057.1,32379.9,31140.9,0.0,62431.2,10546.9,34402.1,63881.9,37004.5,101654.1,89661.4,128652.3,147537.6,148
366.6,138484.0,25371.0,25815.0,43649.0,43649.0,85106.4,74057.2,32380.0,31141.0,0.0,62441.6,10798.3,34435.6,63892.2,37043.6,101703.6,89622.3,128652.3,147548.0,148
368.0,138484.0,25371.0,25815.0,43649.0,43649.0,85107.0,74057.8,32380.6,31141.6,0.0,62499.5,10798.3,34402.9,63950.8,37008.8,101727.4,89657.0,128652.3,147606.5,148
369.1,138484.0,25371.0,25815.0,43649.0,43649.0,85117.7,74068.5,32391.3,31152.3,0.0,62628.0,10798.3,34412.7,64081.2,37022.0,101871.0,89643.8,128652.3,147745.7,148
370.2,138708.0,25595.0,25815.0,43649.0,43649.0,85117.7,74068.5,32391.3,31152.3,0.0,62629.5,10798.3,34413.6,64083.4,37020.5,101871.7,89645.3,128652.3,147747.2,148
371.3,138708.0,25595.0,25815.0,43649.0,43649.0,85119.3,74070.1,32392.8,31153.9,0.0,62688.1,10798.3,34414.0,64142.7,37021.9,101932.4,89643.9,128652.3,147807.4,148
372.4,138708.0,25595.0,25815.0,43649.0,43649.0,85138.9,74089.6,32412.4,31173.4,0.0,62703.1,10798.3,34433.7,64158.8,37046.4,101973.1,89619.4,128652.3,147842.0,148
373.5,138708.0,25595.0,25815.0,43649.0,43649.0,85138.9,74089.6,32412.4,31173.4,0.0,62730.8,10798.3,34434.7,64186.3,37044.5,101998.5,89621.3,128652.3,147869.7,148
374.6,138708.0,25595.0,25815.0,43649.0,43649.0,85138.9,74089.6,32412.4,31173.4,0.0,62735.8,10798.3,34445.0,64191.6,37054.7,102014.1,89611.1,128652.3,147874.6,148
375.7,138708.0,25595.0,25815.0,43649.0,43649.0,85138.9,74089.6,32412.4,31173.4,0.0,62736.2,10798.3,34435.8,64191.9,37044.6,102004.2,89621.2,128652.3,147875.1,148
376.8,138708.0,25595.0,25815.0,43649.0,43649.0,85138.9,74089.6,32412.5,31173.5,0.0,62736.2,11035.4,34470.0,64191.9,37074.9,102034.6,89590.9,128652.3,147875.2,148
378.1,138708.0,25595.0,25815.0,43649.0,43649.0,85138.9,74089.6,32412.5,31173.5,0.0,62736.3,11035.4,34435.3,64191.9,37044.7,102004.4,89621.1,128652.3,147875.2,148
379.2,138708.0,25595.0,25815.0,43649.0,43649.0,85138.9,74089.6,32412.5,31173.5,0.0,62772.0,11035.4,34435.4,64228.3,37041.4,102037.5,89624.4,128652.3,147910.9,148
380.3,138708.0,25595.0,25815.0,43649.0,43649.0,85138.9,74089.6,32412.5,31173.5,0.0,62871.2,11035.4,34435.3,64328.9,37043.1,102139.8,89622.7,128652.3,148010.1,148
381.5,138708.0,25595.0,25815.0,43649.0,43649.0,85138.9,74089.7,32412.5,31173.5,0.0,62910.6,11035.4,34470.8,64369.7,37080.7,102218.3,89585.0,128652.3,148049.5,148
382.6,138708.0,25595.0,25815.0,43649.0,43649.0,85138.9,74089.7,32412.5,31173.5,0.0,62913.1,11035.4,34435.3,64372.3,37049.6,102189.7,89616.1,128652.3,148052.0,148
383.7,138708.0,25595.0,25815.0,43649.0,43649.0,85138.9,74089.7,32412.5,31173.5,0.0,62971.9,11035.4,34435.4,64432.8,37049.9,102250.5,89615.9,128652.3,148110.8,148
384.8,138708.0,25595.0,25815.0,43649.0,43649.0,85138.9,74089.7,32412.5,31173.5,0.0,63001.0,11035.4,34435.6,64461.6,37051.8,102281.2,89614.0,128652.3,148139.9,148
385.9,138708.0,25595.0,25815.0,43649.0,43649.0,85138.9,74089.7,32412.5,31173.5,0.0,63003.9,11035.4,34435.4,64465.1,37051.8,102284.8,89613.9,128652.3,148142.9,148
387.0,138708.0,25595.0,25815.0,43649.0,43649.0,85138.9,74089.7,32412.5,31173.5,0.0,63005.9,11335.3,34435.4,64467.1,37054.6,102289.5,89611.2,128652.3,148144.9,148
388.3,138708.0,25595.0,25815.0,43649.0,43649.0,85138.9,74089.7,32412.5,31173.5,0.0,63035.9,11335.3,34435.4,64497.8,37058.7,102324.4,89607.1,128652.3,148174.9,148
389.4,138708.0,25595.0,25815.0,43649.0,43649.0,85138.9,74089.7,32412.5,31173.5,0.0,63254.2,11335.3,34435.7,64719.8,37053.2,102540.8,89612.6,128652.3,148393.2,148
390.5,138708.0,25595.0,25815.0,43649.0,43649.0,85138.9,74089.7,32412.5,31173.5,0.0,63275.6,11335.3,34435.8,64740.9,37056.8,102565.5,89609.0,128652.3,148414.6,148
391.6,138708.0,25595.0,25815.0,43649.0,43649.0,85138.9,74089.7,32412.5,31173.5,0.0,63343.4,11335.3,34439.0,64809.8,37057.0,102634.7,89608.8,128652.3,148482.3,148
392.7,138708.0,25595.0,25815.0,43649.0,43649.0,85138.9,74089.7,32412.5,31173.5,0.0,63343.5,11335.3,34436.1,64809.9,37053.6,102631.4,89612.2,128652.3,148482.4,148
393.8,138708.0,25595.0,25815.0,43649.0,43649.0,85145.5,74096.2,32419.0,31180.0,0.0,63476.1,11335.3,34435.7,64944.7,37059.5,102772.1,89606.2,128652.3,148621.6,148
394.9,138708.0,25595.0,25815.0,43649.0,43649.0,85145.5,74096.2,32419.0,31180.0,0.0,63476.2,11335.3,34442.2,64945.5,37060.6,102774.0,89605.1,128652.3,148621.6,148
396.0,138708.0,25595.0,25815.0,43649.0,43649.0,85145.5,74096.2,32419.0,31180.0,0.0,63539.2,11335.3,34442.2,65009.3,37063.0,102840.1,89602.7,128652.3,148684.6,148
397.2,138708.0,25595.0,25815.0,43649.0,43649.0,85145.6,74096.3,32419.2,31180.1,0.0,63581.3,11940.8,34442.2,65052.1,37068.4,102888.3,89597.3,128652.3,148726.9,148
398.5,138708.0,25595.0,25815.0,43649.0,43649.0,85145.6,74096.3,32419.2,31180.1,0.0,63641.8,11940.8,34442.3,65113.6,37062.2,102943.6,89603.5,128652.3,148787.4,148
399.6,138708.0,25595.0,25815.0,43649.0,43649.0,85145.6,74096.3,32419.2,31180.1,0.0,63646.7,11940.8,34442.3,65118.5,37060.5,102946.9,89605.2,128652.3,148792.3,148
400.7,138708.0,25595.0,25815.0,43649.0,43649.0,85145.6,74096.3,32419.2,31180.1,0.0,63655.5,11940.8,34442.9,65127.4,37061.2,102956.5,89604.5,128652.3,148801.1,148
401.7,138708.0,25595.0,25815.0,43649.0,43649.0,85145.7,74096.4,32419.2,31180.2,0.0,63684.9,11940.8,34479.8,65157.6,37100.1,103025.6,89565.6,128652.3,148830.6,148
402.9,138708.0,25595.0,25815.0,43649.0,43649.0,85145.7,74096.4,32419.2,31180.2,0.0,63694.9,11940.8,34442.6,65167.7,37063.5,102999.0,89602.2,128652.3,148840.6,148
404.0,138708.0,25595.0,25815.0,43649.0,43649.0,85145.7,74096.4,32419.2,31180.2,0.0,63698.3,11940.8,34442.4,65171.1,37064.0,103003.0,89601.7,128652.3,148843.9,148
405.1,138708.0,25595.0,25815.0,43649.0,43649.0,85145.7,74096.4,32419.2,31180.2,0.0,63716.0,11940.8,34442.5,65189.2,37066.7,103023.9,89599.0,128652.3,148861.7,148
406.2,138708.0,25595.0,25815.0,43649.0,43649.0,85145.7,74096.4,32419.2,31180.2,0.0,63718.0,11940.8,34442.5,65191.2,37064.4,103023.5,89601.3,128652.3,148863.7,148
407.3,138708.0,25595.0,25815.0,43649.0,43649.0,85145.7,74096.4,32419.2,31180.2,0.0,63771.1,12130.9,34442.5,65244.9,37060.0,103072.8,89605.7,128652.3,148916.8,148
408.7,138708.0,25595.0,25815.0,43649.0,43649.0,85145.7,74096.4,32419.2,31180.2,0.0,63866.0,12130.9,34443.0,65341.7,37066.1,103175.6,89599.6,128652.3,149011.7,148
409.8,138708.0,25595.0,25815.0,43649.0,43649.0,85145.7,74096.4,32419.2,31180.2,0.0,63866.4,12130.9,34442.6,65342.1,37066.4,103176.4,89599.3,128652.3,149012.1,148
410.8,138708.0,25595.0,25815.0,43649.0,43649.0,85145.7,74096.4,32419.2,31180.2,0.0,63866.4,12130.9,34441.4,65342.1,37067.2,103177.2,89598.5,128652.3,149012.1,148
411.9,138708.0,25595.0,25815.0,43649.0,43649.0,85145.7,74096.4,32419.3,31180.2,0.0,63987.4,12130.9,34479.8,65465.2,37105.8,103338.9,89559.9,128652.3,149133.1,148
413.0,138708.0,25595.0,25815.0,43649.0,43649.0,85145.7,74096.4,32419.3,31180.2,0.0,64048.9,12130.9,34441.5,65527.3,37072.7,103368.0,89593.0,128652.3,149194.7,148
414.1,138708.0,25595.0,25815.0,43649.0,43649.0,85145.7,74096.4,32419.3,31180.2,0.0,64049.5,12130.9,34441.4,65528.0,37071.5,103367.4,89594.2,128652.3,149195.2,148
415.2,138708.0,25595.0,25815.0,43649.0,43649.0,85145.7,74096.4,32419.3,31180.2,0.0,64051.2,12130.9,34441.5,65529.7,37071.8,103369.5,89593.8,128652.3,149196.9,148
416.4,138708.0,25595.0,25815.0,43649.0,43649.0,85145.7,74096.4,32419.3,31180.3,0.0,64069.6,12130.9,34470.0,65548.4,37102.5,103418.8,89563.2,128652.3,149215.3,148
417.5,138708.0,25595.0,25815.0,43649.0,43649.0,85145.7,74096.4,32419.3,31180.3,0.0,64094.6,12496.1,34441.9,65573.5,37077.2,103418.7,89588.5,128652.3,149240.3,148
418.8,138708.0,25595.0,25815.0,43649.0,43649.0,85145.7,74096.4,32419.3,31180.3,0.0,64195.6,12496.1,34441.5,65676.5,37079.6,103524.0,89586.1,128652.3,149341.3,148
420.0,138708.0,25595.0,25815.0,43649.0,43649.0,85145.7,74096.4,32419.3,31180.3,0.0,64199.9,12496.1,34441.5,65680.8,37078.5,103527.3,89587.1,128652.3,149345.6,148
421.1,138708.0,25595.0,25815.0,43649.0,43649.0,85145.7,74096.4,32419.3,31180.3,0.0,64274.1,12496.1,34441.5,65756.0,37085.9,103609.9,89579.8,128652.3,149419.8,148
422.2,138708.0,25595.0,25815.0,43649.0,43649.0,85146.6,74097.3,32420.2,31181.2,0.0,64274.5,12496.1,34441.5,65757.6,37084.5,103610.0,89581.2,128652.3,149421.1,148
423.3,138708.0,25595.0,25815.0,43649.0,43649.0,85146.9,74097.6,32420.4,31181.4,0.0,64382.4,12496.1,34443.1,65867.3,37079.8,103715.1,89585.8,128652.3,149529.2,148
424.4,138708.0,25595.0,25815.0,43649.0,43649.0,85146.9,74097.6,32420.4,31181.4,0.0,64382.4,12496.1,34442.7,65867.3,37078.4,103713.7,89587.2,128652.3,149529.2,148
425.5,138708.0,25595.0,25815.0,43649.0,43649.0,85146.9,74097.6,32420.4,31181.4,0.0,64382.4,12496.1,34442.7,65867.3,37079.2,103714.5,89586.4,128652.3,149529.2,148
426.6,138708.0,25595.0,25815.0,43649.0,43649.0,85146.9,74097.6,32420.4,31181.4,0.0,64402.4,12496.1,34442.7,65887.2,37078.9,103734.1,89586.7,128652.3,149549.3,148
427.7,138708.0,25595.0,25815.0,43649.0,43649.0,85146.9,74097.6,32420.4,31181.4,0.0,64416.7,12718.2,34442.7,65902.4,37079.3,103749.6,89586.3,128652.3,149563.6,148
429.1,138708.0,25595.0,25815.0,43649.0,43649.0,85146.9,74097.6,32420.4,31181.4,0.0,64472.1,12718.2,34443.1,65958.2,37081.7,103807.9,89583.9,128652.3,149618.9,148
430.1,138708.0,25595.0,25815.0,43649.0,43649.0,85146.9,74097.6,32420.4,31181.4,0.0,64572.0,12718.2,34442.7,66060.1,37084.3,103912.3,89581.3,128652.3,149718.8,148
431.2,138708.0,25595.0,25815.0,43649.0,43649.0,85146.9,74097.6,32420.4,31181.4,0.0,64581.7,12718.2,34442.7,66070.3,37080.5,103918.8,89585.1,128652.3,149728.5,148
432.3,138708.0,25595.0,25815.0,43649.0,43649.0,85146.9,74097.6,32420.4,31181.4,0.0,64593.4,12718.2,34442.7,66082.0,37074.1,103924.1,89591.5,128652.3,149740.3,148
433.4,138708.0,25595.0,25815.0,43649.0,43649.0,85146.9,74097.6,32420.4,31181.4,0.0,64636.7,12718.2,34442.7,66126.1,37072.7,103966.9,89592.8,128652.3,149783.5,148
434.5,138708.0,25595.0,25815.0,43649.0,43649.0,85146.9,74097.6,32420.4,31181.4,0.0,64636.7,12718.2,34442.7,66126.6,37071.9,103966.6,89593.6,128652.3,149783.6,148
435.6,138708.0,25595.0,25815.0,43649.0,43649.0,85146.9,74097.6,32420.4,31181.4,0.0,64713.7,12718.2,34442.7,66205.3,37073.4,104046.8,89592.1,128652.3,149860.6,148
436.7,138708.0,25595.0,25815.0,43649.0,43649.0,85146.9,74097.6,32420.4,31181.4,0.0,64750.9,12718.2,34475.2,66243.4,37107.9,104119.3,89557.6,128652.3,149897.7,148
437.8,138708.0,25595.0,25815.0,43649.0,43649.0,85146.9,74097.6,32420.4,31181.4,0.0,64772.5,13118.1,34442.7,66265.5,37067.2,104100.7,89598.4,128652.3,149919.4,148
439.2,138708.0,25595.0,25815.0,43649.0,43649.0,85146.9,74097.6,32420.4,31181.4,0.0,64817.1,13118.1,34442.7,66310.7,37070.2,104149.0,89595.4,128652.3,149964.0,148
440.3,138708.0,25595.0,25815.0,43649.0,43649.0,85146.9,74097.6,32420.4,31181.4,0.0,64817.1,13118.1,34442.7,66310.8,37070.0,104148.8,89595.5,128652.3,149964.0,148
441.3,138708.0,25595.0,25815.0,43649.0,43649.0,85168.5,74115.9,32438.7,31199.7,0.0,64867.1,13118.1,34490.5,66361.3,37122.6,104252.0,89542.9,128652.3,150035.7,148
442.5,138708.0,25595.0,25815.0,43649.0,43649.0,85168.5,74115.9,32438.7,31199.7,0.0,64867.5,13118.1,34461.0,66361.8,37098.9,104228.8,89566.6,128652.3,150036.0,148
443.6,138708.0,25595.0,25815.0,43649.0,43649.0,85168.5,74115.9,32438.7,31199.7,0.0,64867.5,13118.1,34461.2,66361.8,37099.2,104229.1,89566.3,128652.3,150036.1,148
444.7,138708.0,25595.0,25815.0,43649.0,43649.0,85168.5,74115.9,32438.7,31199.7,0.0,64867.6,13118.1,34461.0,66361.9,37097.3,104227.2,89568.2,128652.3,150036.1,148
445.8,138708.0,25595.0,25815.0,43649.0,43649.0,85168.5,74115.9,32438.7,31199.7,0.0,64867.6,13118.1,34460.9,66362.0,37096.8,104226.8,89568.7,128652.3,150036.2,148
446.9,138708.0,25595.0,25815.0,43649.0,43649.0,85168.6,74115.9,32438.8,31199.7,0.0,64907.6,13118.1,34461.1,66402.6,37096.2,104266.9,89569.3,128652.3,150076.1,148
448.1,138708.0,25595.0,25815.0,43649.0,43649.0,85168.6,74115.9,32438.8,31199.7,0.0,64910.6,13211.7,34461.0,66405.6,37097.9,104271.6,89567.6,128652.3,150079.1,148
449.5,138708.0,25595.0,25815.0,43649.0,43649.0,85168.6,74115.9,32438.8,31199.7,0.0,64910.8,13211.7,34461.3,66405.7,37096.3,104270.1,89569.2,128652.3,150079.3,148
450.6,138708.0,25595.0,25815.0,43649.0,43649.0,85168.6,74115.9,32438.7,31199.7,0.0,64953.0,13211.7,34461.2,66448.6,37095.5,104312.2,89570.0,128652.3,150121.6,148
451.7,138708.0,25595.0,25815.0,43649.0,43649.0,85168.6,74115.9,32438.7,31199.7,0.0,64954.7,13211.7,34500.2,66450.3,37132.5,104350.8,89533.0,128652.3,150123.3,148
452.7,138708.0,25595.0,25815.0,43649.0,43649.0,85168.6,74115.9,32438.8,31199.7,0.0,64955.4,13211.7,34461.2,66450.6,37090.9,104309.6,89574.6,128652.3,150123.9,148
453.8,138708.0,25595.0,25815.0,43649.0,43649.0,85168.6,74115.9,32438.8,31199.7,0.0,64981.4,13211.7,34461.2,66477.0,37091.4,104336.5,89574.1,128652.3,150149.9,148
454.9,138708.0,25595.0,25815.0,43649.0,43649.0,85168.6,74115.9,32438.8,31199.7,0.0,64995.0,13211.7,34461.2,66491.0,37089.6,104348.6,89575.9,128652.3,150163.6,148
456.0,138708.0,25595.0,25815.0,43649.0,43649.0,85168.6,74115.9,32438.7,31199.7,0.0,64995.0,13211.7,34461.2,66491.0,37089.6,104348.7,89575.9,128652.3,150163.6,148
457.1,138708.0,25595.0,25815.0,43649.0,43649.0,85168.6,74115.9,32438.8,31199.7,0.0,64995.0,13211.7,34461.3,66491.0,37091.6,104350.7,89573.9,128652.3,150163.6,148
458.2,138708.0,25595.0,25815.0,43649.0,43649.0,85186.9,74131.0,32453.8,31214.8,0.0,65030.9,13332.6,34476.1,66527.2,37107.7,104403.0,89557.8,128652.3,150217.8,148
459.5,138708.0,25595.0,25815.0,43649.0,43649.0,85186.9,74131.0,32453.8,31214.8,0.0,65031.7,13332.6,34476.4,66528.5,37105.6,104402.1,89559.9,128652.3,150218.5,148
460.6,138708.0,25595.0,25815.0,43649.0,43649.0,85186.9,74131.0,32453.8,31214.8,0.0,65135.0,13332.6,34476.3,66633.3,37104.2,104505.7,89561.2,128652.3,150321.9,148
461.8,138708.0,25595.0,25815.0,43649.0,43649.0,85186.9,74131.0,32453.9,31214.8,0.0,65140.1,13332.6,34476.3,66638.8,37105.0,104511.9,89560.5,128652.3,150327.0,148
462.9,138708.0,25595.0,25815.0,43649.0,43649.0,85186.9,74131.0,32453.9,31214.8,0.0,65286.8,13332.6,34476.3,66787.0,37116.1,104671.2,89549.4,128652.3,150473.7,148
464.0,138708.0,25595.0,25815.0,43649.0,43649.0,85186.9,74131.0,32453.9,31214.8,0.0,65293.8,13332.6,34476.3,66794.2,37114.0,104676.3,89551.5,128652.3,150480.7,148
465.1,138708.0,25595.0,25815.0,43649.0,43649.0,85186.9,74131.0,32453.9,31214.8,0.0,65302.4,13332.6,34476.3,66802.9,37113.4,104684.4,89552.1,128652.3,150489.3,148
466.2,138708.0,25595.0,25815.0,43649.0,43649.0,85186.9,74131.0,32453.9,31214.8,0.0,65304.2,13332.6,34476.3,66804.8,37111.9,104684.8,89553.6,128652.3,150491.1,148
467.3,138708.0,25595.0,25815.0,43649.0,43649.0,85186.9,74131.0,32453.9,31214.8,0.0,65315.0,13332.6,34476.5,66815.6,37111.9,104695.6,89553.6,128652.3,150501.9,148
468.5,138708.0,25595.0,25815.0,43649.0,43649.0,85186.9,74131.0,32453.9,31214.8,0.0,65320.3,13665.7,34476.3,66821.1,37109.4,104698.6,89556.1,128652.3,150507.2,148
469.9,138708.0,25595.0,25815.0,43649.0,43649.0,85186.9,74131.0,32453.9,31214.8,0.0,65365.6,13665.7,34476.8,66867.0,37104.2,104739.4,89561.2,128652.3,150552.5,148
471.0,138708.0,25595.0,25815.0,43649.0,43649.0,85186.9,74131.0,32453.9,31214.8,0.0,65368.3,13665.7,34476.3,66869.8,37102.2,104740.1,89563.3,128652.3,150555.2,148
472.1,138708.0,25595.0,25815.0,43649.0,43649.0,85186.9,74131.1,32453.9,31214.9,0.0,65370.3,13665.7,34476.3,66871.8,37103.4,104743.4,89562.0,128652.3,150557.2,148
473.2,138708.0,25595.0,25815.0,43649.0,43649.0,85186.9,74131.1,32453.9,31214.9,0.0,65373.4,13665.7,34476.3,66875.0,37105.9,104749.0,89559.5,128652.3,150560.3,148
474.3,138708.0,25595.0,25815.0,43649.0,43649.0,85186.9,74131.1,32453.9,31214.9,0.0,65385.2,13665.7,34476.3,66887.1,37103.9,104759.2,89561.5,128652.3,150572.2,148
475.4,138708.0,25595.0,25815.0,43649.0,43649.0,85186.9,74131.1,32453.9,31214.9,0.0,65394.8,13665.7,34476.4,66896.8,37101.7,104766.6,89563.8,128652.3,150581.7,148
476.5,138708.0,25595.0,25815.0,43649.0,43649.0,85186.9,74131.1,32453.9,31214.9,0.0,65481.7,13665.7,34515.6,66985.5,37144.7,104898.4,89520.7,128652.3,150668.6,148
477.7,138708.0,25595.0,25815.0,43649.0,43649.0,85186.9,74131.1,32453.9,31214.9,0.0,65576.3,13665.7,34476.4,67082.2,37102.7,104953.1,89562.7,128652.3,150763.2,148
478.8,138708.0,25595.0,25815.0,43649.0,43649.0,85187.0,74131.1,32454.0,31214.9,0.0,65720.1,14030.8,34476.5,67228.6,37105.3,105102.1,89560.2,128652.3,150907.1,148
480.2,138708.0,25595.0,25815.0,43649.0,43649.0,85187.0,74131.1,32454.0,31214.9,0.0,65729.1,14030.8,34476.9,67237.5,37104.8,105110.5,89560.7,128652.3,150916.1,148
481.3,138708.0,25595.0,25815.0,43649.0,43649.0,85187.0,74131.1,32454.0,31214.9,0.0,65770.4,14030.8,34476.4,67279.4,37113.8,105161.4,89551.6,128652.3,150957.4,148
482.4,138708.0,25595.0,25815.0,43649.0,43649.0,85187.0,74131.1,32454.0,31214.9,0.0,65771.3,14030.8,34476.5,67280.2,37113.2,105161.7,89552.2,128652.3,150958.3,148
483.5,138708.0,25595.0,25815.0,43649.0,43649.0,85187.0,74131.1,32454.0,31215.0,0.0,65771.3,14030.8,34476.5,67280.3,37110.4,105158.8,89555.0,128652.3,150958.3,148
484.6,138708.0,25595.0,25815.0,43649.0,43649.0,85187.1,74131.2,32454.1,31215.0,0.0,65927.2,14030.8,34476.6,67439.1,37107.2,105314.6,89558.2,128652.3,151114.3,148
485.7,138708.0,25595.0,25815.0,43649.0,43649.0,85187.1,74131.2,32454.1,31215.0,0.0,65927.2,14030.8,34476.6,67439.2,37105.3,105312.7,89560.1,128652.3,151114.3,148
486.9,138708.0,25595.0,25815.0,43649.0,43649.0,85187.1,74131.2,32454.1,31215.0,0.0,65927.3,14030.8,34515.9,67439.2,37139.9,105347.3,89525.5,128652.3,151114.4,148
488.0,138708.0,25595.0,25815.0,43649.0,43649.0,85187.1,74131.2,32454.1,31215.0,0.0,65927.5,14030.8,34476.6,67439.4,37102.5,105310.2,89562.8,128652.3,151114.6,148
489.0,138708.0,25595.0,25815.0,43649.0,43649.0,85187.1,74131.2,32454.1,31215.0,0.0,65928.3,14316.7,34476.6,67440.2,37102.1,105310.5,89563.3,128652.3,151115.4,148
490.5,138708.0,25595.0,25815.0,43649.0,43649.0,85187.1,74131.2,32454.1,31215.0,0.0,66014.6,14316.7,34476.6,67528.2,37097.5,105393.9,89567.8,128652.3,151201.7,148
491.6,138708.0,25595.0,25815.0,43649.0,43649.0,85187.1,74131.2,32454.1,31215.0,0.0,66122.7,14316.7,34515.6,67637.7,37139.3,105545.3,89526.0,128652.3,151309.8,148
492.7,138708.0,25595.0,25815.0,43649.0,43649.0,85187.1,74131.2,32454.1,31215.0,0.0,66147.4,14316.7,34476.6,67662.5,37097.8,105528.5,89567.6,128652.3,151334.5,148
493.8,138708.0,25595.0,25815.0,43649.0,43649.0,85187.1,74131.2,32454.1,31215.0,0.0,66214.6,14316.7,34476.6,67731.3,37100.7,105600.3,89564.7,128652.3,151401.7,148
494.9,138708.0,25595.0,25815.0,43649.0,43649.0,85187.1,74131.2,32454.1,31215.0,0.0,66239.6,14316.7,34476.6,67756.3,37103.3,105627.9,89562.0,128652.3,151426.7,148
496.0,138708.0,25595.0,25815.0,43649.0,43649.0,85187.1,74131.2,32454.1,31215.0,0.0,66295.8,14316.7,34476.6,67813.5,37103.4,105685.2,89561.9,128652.3,151482.9,148
497.1,138708.0,25595.0,25815.0,43649.0,43649.0,85187.1,74131.2,32454.1,31215.0,0.0,66308.9,14316.7,34476.6,67826.7,37101.2,105696.2,89564.1,128652.3,151496.0,148
498.2,138708.0,25595.0,25815.0,43649.0,43649.0,85187.1,74131.2,32454.1,31215.0,0.0,66400.5,14316.7,34476.6,67920.4,37099.3,105788.1,89566.0,128652.3,151587.6,148
499.3,138708.0,25595.0,25815.0,43649.0,43649.0,85187.1,74131.2,32454.1,31215.0,0.0,66402.4,14705.6,34476.7,67922.3,37100.7,105791.3,89564.6,128652.3,151589.6,148
500.7,138708.0,25595.0,25815.0,43649.0,43649.0,85187.1,74131.2,32454.1,31215.0,0.0,66403.2,14705.6,34476.7,67923.1,37103.8,105795.2,89561.4,128652.3,151590.3,148
501.8,138708.0,25595.0,25815.0,43649.0,43649.0,85187.1,74131.2,32454.1,31215.0,0.0,66404.0,14705.6,34516.0,67923.9,37139.4,105831.6,89525.8,128652.3,151591.1,148
502.9,138708.0,25595.0,25815.0,43649.0,43649.0,85187.1,74131.2,32454.1,31215.0,0.0,66404.6,14705.6,34476.6,67924.5,37101.9,105794.7,89563.4,128652.3,151591.7,148
504.0,138708.0,25595.0,25815.0,43649.0,43649.0,85187.1,74131.2,32454.1,31215.0,0.0,66405.3,14705.6,34476.6,67925.3,37102.0,105795.6,89563.3,128652.3,151592.4,148
505.1,138708.0,25595.0,25815.0,43649.0,43649.0,85187.1,74131.2,32454.1,31215.0,0.0,66406.4,14705.6,34476.6,67926.3,37100.8,105795.5,89564.4,128652.3,151593.5,148
506.3,138708.0,25595.0,25815.0,43649.0,43649.0,85187.1,74131.2,32454.1,31215.0,0.0,66445.9,14705.6,34476.8,67966.3,37100.4,105835.1,89564.8,128652.3,151633.0,148
507.4,138708.0,25595.0,25815.0,43649.0,43649.0,85187.1,74131.2,32454.1,31215.0,0.0,66565.1,14705.6,34476.8,68088.1,37109.5,105965.9,89555.8,128652.3,151752.2,148
508.5,138708.0,25595.0,25815.0,43649.0,43649.0,85187.1,74131.2,32454.1,31215.1,0.0,66676.2,14705.6,34476.7,68200.1,37105.5,106073.9,89559.8,128652.3,151863.3,148
509.6,138708.0,25595.0,25815.0,43649.0,43649.0,85187.1,74131.2,32454.1,31215.1,0.0,66677.4,15177.3,34476.6,68202.7,37103.3,106074.3,89562.0,128652.3,151864.5,148
511.0,138708.0,25595.0,25815.0,43649.0,43649.0,85187.1,74131.2,32454.1,31215.1,0.0,66951.9,15177.3,34476.9,68481.8,37103.5,106353.6,89561.8,128652.3,152139.0,148
512.2,138708.0,25595.0,25815.0,43649.0,43649.0,85187.1,74131.2,32454.1,31215.1,0.0,66952.2,15177.3,34476.9,68481.8,37099.8,106350.1,89565.4,128652.3,152139.3,148
513.2,138708.0,25595.0,25815.0,43649.0,43649.0,85187.1,74131.2,32454.1,31215.1,0.0,66952.5,15177.3,34477.1,68482.1,37098.2,106348.8,89566.9,128652.3,152139.6,148
514.3,138708.0,25595.0,25815.0,43649.0,43649.0,85187.2,74131.3,32454.1,31215.1,0.0,67015.0,15177.3,34476.7,68546.1,37103.1,106417.6,89562.1,128652.3,152202.1,148
515.5,138708.0,25595.0,25815.0,43649.0,43649.0,85187.2,74131.3,32454.1,31215.1,0.0,67015.2,15177.3,34477.5,68546.0,37098.8,106413.2,89566.4,128652.3,152202.3,148
516.6,138708.0,25595.0,25815.0,43649.0,43649.0,85187.2,74131.3,32454.1,31215.1,0.0,67015.2,15177.3,34517.0,68546.1,37135.2,106449.8,89529.9,128652.3,152202.4,148
517.7,138708.0,25595.0,25815.0,43649.0,43649.0,85187.2,74131.3,32454.1,31215.1,0.0,67015.2,15177.3,34477.5,68546.1,37102.1,106416.7,89563.0,128652.3,152202.4,148
518.7,138708.0,25595.0,25815.0,43649.0,43649.0,85187.2,74131.3,32454.1,31215.1,0.0,67015.2,15177.3,34477.4,68546.1,37102.2,106416.8,89562.9,128652.3,152202.4,148
519.8,138708.0,25595.0,25815.0,43649.0,43649.0,85187.2,74131.3,32454.1,31215.1,0.0,67124.7,15434.5,34477.5,68657.1,37095.2,106520.8,89569.9,128652.3,152311.8,148
521.2,138708.0,25595.0,25815.0,43649.0,43649.0,85187.2,74131.3,32454.1,31215.1,0.0,67132.9,15434.5,34478.1,68665.5,37097.4,106531.3,89567.7,128652.3,152320.0,148
522.3,138708.0,25595.0,25815.0,43649.0,43649.0,85187.2,74131.3,32454.1,31215.1,0.0,67132.9,15434.5,34478.1,68665.5,37101.9,106535.9,89563.2,128652.3,152320.0,148
523.4,138708.0,25595.0,25815.0,43649.0,43649.0,85190.6,74134.7,32457.5,31218.5,0.0,67241.2,15434.5,34479.9,68776.3,37116.1,106660.9,89549.0,128652.3,152431.7,148
524.6,138708.0,25595.0,25815.0,43649.0,43649.0,85190.6,74134.7,32457.5,31218.5,0.0,67367.8,15434.5,34482.1,68905.8,37113.4,106787.7,89551.7,128652.3,152558.4,148
525.7,138708.0,25595.0,25815.0,43649.0,43649.0,85190.6,74134.7,32457.5,31218.5,0.0,67368.3,15434.5,34481.6,68905.9,37114.7,106789.1,89550.4,128652.3,152558.9,148
526.8,138708.0,25595.0,25815.0,43649.0,43649.0,85190.6,74134.7,32457.6,31218.5,0.0,67369.2,15434.5,34521.1,68906.9,37152.5,106827.9,89512.6,128652.3,152559.8,148
527.9,138708.0,25595.0,25815.0,43649.0,43649.0,85190.6,74134.7,32457.6,31218.5,0.0,67369.9,15434.5,34481.6,68907.6,37114.0,106790.1,89551.1,128652.3,152560.5,148
529.0,138708.0,25595.0,25815.0,43649.0,43649.0,85190.6,74134.7,32457.6,31218.5,0.0,67370.5,15434.5,34481.7,68908.2,37113.8,106790.5,89551.3,128652.3,152561.1,148
530.1,138708.0,25595.0,25815.0,43649.0,43649.0,85190.6,74134.7,32457.6,31218.5,0.0,67370.9,15675.0,34481.6,68908.6,37112.6,106789.6,89552.5,128652.3,152561.5,148
531.5,138708.0,25595.0,25815.0,43649.0,43649.0,85190.6,74134.7,32457.6,31218.5,0.0,67371.5,15675.0,34520.9,68909.3,37147.7,106825.5,89517.3,128652.3,152562.1,148
532.6,138708.0,25595.0,25815.0,43649.0,43649.0,85190.6,74134.7,32457.6,31218.6,0.0,67380.7,15675.0,34481.7,68918.5,37109.3,106796.3,89555.7,128652.3,152571.3,148
533.8,138708.0,25595.0,25815.0,43649.0,43649.0,85190.6,74134.7,32457.6,31218.6,0.0,67386.6,15675.0,34481.7,68924.8,37107.6,106800.9,89557.4,128652.3,152577.2,148
534.9,138708.0,25595.0,25815.0,43649.0,43649.0,85190.6,74134.7,32457.6,31218.6,0.0,67450.6,15675.0,34481.6,68991.5,37109.3,106869.4,89555.8,128652.3,152641.3,148
536.0,138708.0,25595.0,25815.0,43649.0,43649.0,85190.6,74134.7,32457.6,31218.6,0.0,67462.0,15675.0,34481.7,69003.0,37105.1,106876.7,89559.9,128652.3,152652.6,148
537.1,138708.0,25595.0,25815.0,43649.0,43649.0,85190.7,74134.8,32457.6,31218.6,0.0,67529.4,15675.0,34521.1,69073.5,37143.4,106985.5,89521.6,128652.3,152720.1,148
538.2,138708.0,25595.0,25815.0,43649.0,43649.0,85190.7,74134.8,32457.6,31218.6,0.0,67529.7,15675.0,34481.7,69074.0,37107.7,106950.2,89557.3,128652.3,152720.4,148
539.3,138708.0,25595.0,25815.0,43649.0,43649.0,85190.7,74134.8,32457.6,31218.6,0.0,67561.4,15675.0,34481.7,69106.6,37109.3,106984.5,89555.7,128652.3,152752.1,148
540.4,138708.0,25595.0,25815.0,43649.0,43649.0,85190.7,74134.8,32457.6,31218.6,0.0,67703.6,16149.7,34482.3,69254.8,37115.4,107138.8,89549.6,128652.3,152894.2,148
541.9,138708.0,25595.0,25815.0,43649.0,43649.0,85190.7,74134.8,32457.6,31218.6,0.0,67870.5,16149.7,34521.3,69429.3,37152.7,107350.6,89512.3,128652.3,153061.2,148
543.0,138708.0,25595.0,25815.0,43649.0,43649.0,85190.7,74134.8,32457.6,31218.6,0.0,67906.7,16149.7,34481.9,69467.0,37115.9,107351.5,89549.1,128652.3,153097.3,148
544.1,138708.0,25595.0,25815.0,43649.0,43649.0,85190.7,74134.8,32457.6,31218.6,0.0,67930.6,16149.7,34481.9,69491.9,37118.3,107378.8,89546.7,128652.3,153121.3,148
545.2,138708.0,25595.0,25815.0,43649.0,43649.0,85190.7,74134.8,32457.6,31218.6,0.0,67967.4,16149.7,34482.1,69530.1,37113.3,107412.0,89551.7,128652.3,153158.1,148
546.3,138708.0,25595.0,25815.0,43649.0,43649.0,85190.7,74134.8,32457.6,31218.6,0.0,68084.0,16149.7,34514.6,69651.2,37145.8,107565.6,89518.7,128652.3,153274.7,148
547.4,138708.0,25595.0,25815.0,43649.0,43649.0,85190.7,74134.8,32457.7,31218.6,0.0,68088.0,16149.7,34481.9,69655.6,37112.4,107536.6,89552.6,128652.3,153278.7,148
548.5,138708.0,25595.0,25815.0,43649.0,43649.0,85190.7,74134.8,32457.7,31218.6,0.0,68088.8,16149.7,34482.4,69656.5,37113.5,107538.7,89551.5,128652.3,153279.5,148
549.6,138708.0,25595.0,25815.0,43649.0,43649.0,85190.7,74134.8,32457.7,31218.6,0.0,68088.9,16149.7,34482.1,69656.7,37113.4,107538.7,89551.6,128652.3,153279.6,148
550.6,138708.0,25595.0,25815.0,43649.0,43649.0,85190.7,74134.8,32457.6,31218.6,0.0,68089.0,16400.1,34482.1,69656.8,37112.9,107538.3,89552.0,128652.3,153279.7,148
552.1,138708.0,25595.0,25815.0,43649.0,43649.0,85190.7,74134.8,32457.7,31218.7,0.0,68096.2,16400.1,34482.3,69664.3,37105.8,107538.7,89559.2,128652.3,153286.9,148
553.2,138708.0,25595.0,25815.0,43649.0,43649.0,85190.7,74134.8,32457.7,31218.7,0.0,68115.5,16400.1,34482.1,69684.0,37103.1,107555.7,89561.9,128652.3,153306.2,148
554.3,138708.0,25595.0,25815.0,43649.0,43649.0,85190.7,74134.8,32457.7,31218.7,0.0,68115.7,16400.1,34482.1,69684.5,37104.1,107557.2,89560.9,128652.3,153306.4,148
555.4,138708.0,25595.0,25815.0,43649.0,43649.0,85190.7,74134.8,32457.7,31218.7,0.0,68115.7,16400.1,34481.7,69684.5,37107.1,107560.3,89557.8,128652.3,153306.4,148
556.5,138708.0,25595.0,25815.0,43649.0,43649.0,85190.7,74134.8,32457.7,31218.7,0.0,68136.6,16400.1,34521.6,69706.1,37150.7,107625.4,89514.2,128652.3,153327.3,148
557.6,138708.0,25595.0,25815.0,43649.0,43649.0,85190.7,74134.9,32457.7,31218.7,0.0,68136.6,16400.1,34482.2,69706.1,37114.7,107589.5,89550.2,128652.3,153327.3,148
558.7,138708.0,25595.0,25815.0,43649.0,43649.0,85190.7,74134.9,32457.7,31218.7,0.0,68203.8,16400.1,34482.2,69776.2,37112.6,107657.5,89552.3,128652.3,153394.5,148
559.8,138708.0,25595.0,25815.0,43649.0,43649.0,85190.7,74134.9,32457.7,31218.7,0.0,68265.9,16400.1,34482.2,69840.6,37115.2,107724.4,89549.7,128652.3,153456.7,148
560.9,138708.0,25595.0,25815.0,43649.0,43649.0,85190.7,74134.9,32457.7,31218.7,0.0,68345.9,16729.5,34482.2,69923.5,37113.2,107805.4,89551.7,128652.3,153536.6,148
562.4,138708.0,25595.0,25815.0,43649.0,43649.0,85191.5,74135.6,32458.4,31219.4,0.0,68425.2,16729.5,34482.9,70007.1,37123.6,107899.4,89541.3,128652.3,153616.7,148
563.5,138708.0,25595.0,25815.0,43649.0,43649.0,85191.5,74135.6,32458.4,31219.4,0.0,68425.2,16729.5,34483.1,70007.1,37123.1,107898.9,89541.8,128652.3,153616.7,148
564.6,138708.0,25595.0,25815.0,43649.0,43649.0,85191.5,74135.6,32458.4,31219.4,0.0,68427.3,16729.5,34483.0,70009.2,37121.2,107899.0,89543.7,128652.3,153618.8,148
565.7,138708.0,25595.0,25815.0,43649.0,43649.0,85191.5,74135.6,32458.4,31219.4,0.0,68546.8,16729.5,34483.0,70134.2,37119.5,108022.4,89545.4,128652.3,153738.3,148
566.8,138708.0,25595.0,25815.0,43649.0,43649.0,85191.5,74135.6,32458.5,31219.4,0.0,68598.7,16729.5,34522.3,70187.8,37157.7,108114.2,89507.2,128652.3,153790.2,148
567.9,138708.0,25595.0,25815.0,43649.0,43649.0,85191.5,74135.6,32458.5,31219.5,0.0,68641.1,16729.5,34483.0,70232.5,37123.6,108124.8,89541.3,128652.3,153832.7,148
569.0,138708.0,25595.0,25815.0,43649.0,43649.0,85191.5,74135.6,32458.5,31219.5,0.0,68641.2,16729.5,34483.0,70232.6,37122.1,108123.4,89542.8,128652.3,153832.7,148
570.1,138708.0,25595.0,25815.0,43649.0,43649.0,85191.5,74135.6,32458.5,31219.5,0.0,68641.3,16729.5,34482.4,70232.7,37121.6,108123.0,89543.3,128652.3,153832.8,148
571.1,138708.0,25595.0,25815.0,43649.0,43649.0,85191.5,74135.6,32458.5,31219.5,0.0,68641.3,16945.6,34482.4,70232.7,37119.0,108120.4,89545.9,128652.3,153832.8,148
572.6,138708.0,25595.0,25815.0,43649.0,43649.0,85191.5,74135.6,32458.5,31219.5,0.0,68641.3,16945.6,34482.6,70232.7,37122.6,108124.0,89542.3,128652.3,153832.8,148
573.7,138708.0,25595.0,25815.0,43649.0,43649.0,85191.5,74135.6,32458.5,31219.5,0.0,68641.3,16945.6,34482.4,70232.7,37122.1,108123.5,89542.8,128652.3,153832.8,148
574.8,138708.0,25595.0,25815.0,43649.0,43649.0,85191.5,74135.6,32458.5,31219.5,0.0,68706.8,16945.6,34482.5,70300.8,37127.1,108196.6,89537.8,128652.3,153898.3,148
576.0,138708.0,25595.0,25815.0,43649.0,43649.0,85191.5,74135.6,32458.5,31219.5,0.0,68812.9,16945.6,34482.5,70412.4,37117.6,108298.7,89547.3,128652.3,154004.4,148
577.1,138708.0,25595.0,25815.0,43649.0,43649.0,85191.6,74135.7,32458.6,31219.6,0.0,68873.5,16945.6,34482.7,70475.1,37131.7,108375.5,89533.2,128652.3,154065.1,148
578.2,138708.0,25595.0,25815.0,43649.0,43649.0,85191.6,74135.7,32458.6,31219.6,0.0,68878.4,16945.6,34482.6,70480.2,37130.6,108379.4,89534.3,128652.3,154070.0,148
579.3,138708.0,25595.0,25815.0,43649.0,43649.0,85191.6,74135.7,32458.6,31219.6,0.0,68930.8,16945.6,34482.7,70534.2,37125.9,108428.8,89539.0,128652.3,154122.4,148
580.4,138708.0,25595.0,25815.0,43649.0,43649.0,85191.6,74135.7,32458.6,31219.6,0.0,68936.1,16945.6,34482.6,70539.6,37124.0,108432.3,89540.9,128652.3,154127.7,148
581.5,138708.0,25595.0,25815.0,43649.0,43649.0,85191.6,74135.7,32458.6,31219.6,0.0,69101.6,17409.6,34521.6,70712.7,37167.9,108649.4,89497.0,128652.3,154293.2,148
583.0,138708.0,25595.0,25815.0,43649.0,43649.0,85191.6,74135.8,32458.6,31219.6,0.0,69104.5,17409.6,34482.6,70715.7,37132.6,108617.1,89532.2,128652.3,154296.1,148
584.1,138708.0,25595.0,25815.0,43649.0,43649.0,85201.7,74145.9,32468.7,31229.7,0.0,69204.8,17409.6,34488.0,70820.1,37166.2,108755.0,89498.6,128652.3,154406.6,148
585.2,138708.0,25595.0,25815.0,43649.0,43649.0,85201.7,74145.9,32468.7,31229.7,0.0,69305.5,17409.6,34492.7,70925.0,37133.3,108827.0,89531.6,128652.3,154507.2,148
586.3,138708.0,25595.0,25815.0,43649.0,43649.0,85201.7,74145.9,32468.7,31229.7,0.0,69305.7,17409.6,34493.3,70925.3,37135.2,108829.3,89529.7,128652.3,154507.4,148
587.4,138708.0,25595.0,25815.0,43649.0,43649.0,85201.7,74145.9,32468.7,31229.7,0.0,69306.2,17409.6,34493.4,70925.8,37138.6,108833.2,89526.2,128652.3,154507.9,148
588.5,138708.0,25595.0,25815.0,43649.0,43649.0,85201.7,74145.9,32468.7,31229.7,0.0,69306.8,17409.6,34493.4,70926.5,37138.2,108833.4,89526.7,128652.3,154508.6,148
589.7,138708.0,25595.0,25815.0,43649.0,43649.0,85201.7,74145.9,32468.7,31229.7,0.0,69307.3,17409.6,34493.4,70927.0,37137.2,108832.9,89527.7,128652.3,154509.0,148
590.8,138708.0,25595.0,25815.0,43649.0,43649.0,85201.7,74145.9,32468.7,31229.7,0.0,69333.8,17409.6,34493.4,70954.4,37138.7,108861.9,89526.2,128652.3,154535.5,148
591.9,138708.0,25595.0,25815.0,43649.0,43649.0,85208.2,74152.4,32475.2,31236.2,0.0,69394.8,17700.2,34539.2,71017.9,37176.3,108962.9,89488.5,128652.3,154603.0,148
593.4,138708.0,25595.0,25815.0,43649.0,43649.0,85208.2,74152.4,32475.2,31236.2,0.0,69394.8,17700.2,34500.2,71017.8,37135.8,108922.4,89529.0,128652.3,154603.1,148
594.5,138708.0,25595.0,25815.0,43649.0,43649.0,85208.2,74152.4,32475.2,31236.2,0.0,69394.8,17700.2,34499.9,71017.8,37135.5,108922.1,89529.3,128652.3,154603.1,148
595.6,138708.0,25595.0,25815.0,43649.0,43649.0,85208.3,74152.4,32475.3,31236.3,0.0,69407.8,17700.2,34500.0,71031.2,37131.1,108931.0,89533.8,128652.3,154616.1,148
596.7,138708.0,25595.0,25815.0,43649.0,43649.0,85208.3,74152.4,32475.3,31236.3,0.0,69530.8,17700.2,34500.2,71159.3,37130.5,109058.5,89534.3,128652.3,154739.1,148
597.8,138708.0,25595.0,25815.0,43649.0,43649.0,85208.3,74152.5,32475.3,31236.3,0.0,69547.7,17700.2,34500.0,71177.1,37139.2,109085.1,89525.6,128652.3,154756.1,148
598.9,138708.0,25595.0,25815.0,43649.0,43649.0,85208.3,74152.5,32475.3,31236.3,0.0,69592.8,17700.2,34500.1,71223.7,37138.8,109131.3,89526.0,128652.3,154801.2,148
600.0,138708.0,25595.0,25815.0,43649.0,43649.0,85208.3,74152.5,32475.3,31236.3,0.0,69601.8,17700.2,34500.1,71232.8,37137.2,109138.7,89527.6,128652.3,154810.1,148
601.1,138708.0,25595.0,25815.0,43649.0,43649.0,85208.3,74152.5,32475.3,31236.3,0.0,69611.7,17700.2,34500.1,71243.5,37131.2,109143.5,89533.6,128652.3,154820.0,148
602.2,138708.0,25595.0,25815.0,43649.0,43649.0,85208.3,74152.5,32475.3,31236.3,0.0,69781.0,18087.6,34500.2,71420.0,37137.1,109325.9,89527.7,128652.3,154989.3,148
603.7,138708.0,25595.0,25815.0,43649.0,43649.0,85208.3,74152.5,32475.3,31236.3,0.0,69781.9,18087.6,34500.3,71420.8,37143.0,109332.6,89521.8,128652.3,154990.3,148
604.8,138708.0,25595.0,25815.0,43649.0,43649.0,85208.3,74152.5,32475.3,31236.3,0.0,69853.7,18087.6,34500.1,71495.5,37138.7,109403.0,89526.1,128652.3,155062.0,148
605.9,138708.0,25595.0,25815.0,43649.0,43649.0,85208.3,74152.5,32475.3,31236.3,0.0,69853.7,18087.6,34498.1,71495.5,37138.5,109402.9,89526.2,128652.3,155062.1,148
607.0,138708.0,25595.0,25815.0,43649.0,43649.0,85208.3,74152.5,32475.3,31236.3,0.0,69853.8,18087.6,34537.6,71495.6,37178.7,109443.1,89486.1,128652.3,155062.1,148
608.1,138708.0,25595.0,25815.0,43649.0,43649.0,85208.3,74152.5,32475.3,31236.3,0.0,69853.8,18087.6,34498.2,71495.6,37142.6,109407.1,89522.1,128652.3,155062.1,148
609.1,138708.0,25595.0,25815.0,43649.0,43649.0,85208.3,74152.5,32475.3,31236.3,0.0,69977.3,18087.6,34498.2,71624.5,37141.5,109534.8,89523.3,128652.3,155185.7,148
610.2,138708.0,25595.0,25815.0,43649.0,43649.0,85208.3,74152.5,32475.3,31236.3,0.0,69977.4,18087.6,34498.1,71624.6,37142.2,109535.7,89522.5,128652.3,155185.7,148
611.3,138708.0,25595.0,25815.0,43649.0,43649.0,85208.3,74152.5,32475.3,31236.3,0.0,70019.7,18087.6,34508.9,71668.4,37147.5,109584.7,89517.3,128652.3,155228.1,148
612.4,138708.0,25595.0,25815.0,43649.0,43649.0,85208.3,74152.5,32475.3,31236.3,0.0,70096.2,18415.6,34498.2,71748.4,37136.9,109654.2,89527.8,128652.3,155304.5,148
613.9,138708.0,25595.0,25815.0,43649.0,43649.0,85208.3,74152.5,32475.3,31236.3,0.0,70111.4,18415.6,34498.1,71764.5,37138.8,109672.1,89526.0,128652.3,155319.8,148
615.0,138708.0,25595.0,25815.0,43649.0,43649.0,85208.3,74152.5,32475.3,31236.3,0.0,70111.4,18415.6,34498.1,71764.4,37139.7,109673.0,89525.1,128652.3,155319.8,148
616.1,138708.0,25595.0,25815.0,43649.0,43649.0,85208.3,74152.5,32475.3,31236.3,0.0,70111.6,18415.6,34498.4,71764.6,37140.9,109674.4,89523.9,128652.3,155319.9,148
617.1,138708.0,25595.0,25815.0,43649.0,43649.0,85208.4,74152.5,32475.3,31236.3,0.0,70111.6,18415.6,34498.4,71764.7,37142.1,109675.7,89522.6,128652.3,155319.9,148
618.2,138708.0,25595.0,25815.0,43649.0,43649.0,85208.4,74152.5,32475.3,31236.3,0.0,70146.3,18415.6,34498.4,71800.8,37141.4,109711.0,89523.4,128652.3,155354.7,148
619.3,138708.0,25595.0,25815.0,43649.0,43649.0,85208.4,74152.5,32475.3,31236.3,0.0,70146.3,18415.6,34498.3,71800.8,37139.4,109709.1,89525.3,128652.3,155354.7,148
620.4,138708.0,25595.0,25815.0,43649.0,43649.0,85208.4,74152.5,32475.3,31236.3,0.0,70146.4,18415.6,34498.4,71800.9,37139.2,109709.0,89525.5,128652.3,155354.7,148
621.4,138708.0,25595.0,25815.0,43649.0,43649.0,85208.4,74152.5,32475.3,31236.3,0.0,70163.6,18415.6,34537.8,71818.6,37175.9,109763.4,89488.8,128652.3,155372.0,148
622.5,138708.0,25595.0,25815.0,43649.0,43649.0,85208.4,74152.5,32475.3,31236.3,0.0,70230.3,18596.1,34498.5,71888.0,37139.7,109796.6,89525.0,128652.3,155438.7,148
624.1,138708.0,25595.0,25815.0,43649.0,43649.0,85174.4,74118.6,32441.4,31202.4,0.0,70289.9,18596.1,34464.8,71951.6,37102.3,109822.7,89562.5,128652.3,155464.3,148
625.2,138708.0,25595.0,25815.0,43649.0,43649.0,85174.4,74118.6,32441.4,31202.4,0.0,70289.9,18596.1,34464.6,71951.1,37102.3,109822.3,89562.4,128652.3,155464.4,148
626.3,138708.0,25595.0,25815.0,43649.0,43649.0,85174.4,74118.6,32441.4,31202.4,0.0,70290.1,18596.1,34474.8,71951.2,37114.6,109834.7,89550.1,128652.3,155464.5,148
627.4,138708.0,25595.0,25815.0,43649.0,43649.0,85174.4,74118.6,32441.4,31202.4,0.0,70290.1,18596.1,34464.4,71951.3,37106.9,109827.1,89557.8,128652.3,155464.6,148
628.5,138708.0,25595.0,25815.0,43649.0,43649.0,85193.9,74138.0,32460.8,31221.8,0.0,70306.2,18596.1,34484.4,71967.7,37123.5,109860.0,89541.2,128652.3,155500.0,148
629.7,138708.0,25595.0,25815.0,43649.0,43649.0,85193.9,74138.0,32460.8,31221.8,0.0,70306.2,18596.1,34484.1,71967.7,37124.3,109860.9,89540.4,128652.3,155500.0,148
630.8,138708.0,25595.0,25815.0,43649.0,43649.0,85193.9,74138.0,32460.8,31221.8,0.0,70520.9,18596.1,34484.1,72191.4,37123.8,110084.1,89540.9,128652.3,155714.8,148
631.9,138708.0,25595.0,25815.0,43649.0,43649.0,85193.9,74138.0,32460.8,31221.8,0.0,70521.0,18596.1,34523.5,72191.8,37163.3,110123.9,89501.4,128652.3,155714.9,148
633.0,138708.0,25595.0,25815.0,43649.0,43649.0,85193.9,74138.0,32460.8,31221.8,0.0,70521.0,18827.3,34484.1,72191.8,37126.5,110087.2,89538.2,128652.3,155714.9,148
634.5,138708.0,25595.0,25815.0,43649.0,43649.0,85193.9,74138.0,32460.8,31221.8,0.0,70521.0,18827.3,34484.3,72191.8,37130.2,110090.9,89534.5,128652.3,155714.9,148
635.7,138708.0,25595.0,25815.0,43649.0,43649.0,85193.9,74138.0,32460.8,31221.8,0.0,70605.5,18827.3,34484.1,72279.8,37127.2,110175.9,89537.5,128652.3,155799.4,148
636.8,138708.0,25595.0,25815.0,43649.0,43649.0,85193.9,74138.0,32460.8,31221.8,0.0,70644.2,18827.3,34509.7,72320.5,37149.6,110239.0,89515.1,128652.3,155838.1,148
637.9,138708.0,25595.0,25815.0,43649.0,43649.0,85193.9,74138.0,32460.9,31221.8,0.0,70762.6,18827.3,34484.1,72443.7,37123.2,110335.8,89541.4,128652.3,155956.5,148
639.0,138708.0,25595.0,25815.0,43649.0,43649.0,85193.9,74138.0,32460.9,31221.8,0.0,70763.5,18827.3,34484.0,72444.7,37123.6,110337.2,89541.1,128652.3,155957.4,148
640.2,138708.0,25595.0,25815.0,43649.0,43649.0,85193.9,74138.0,32460.9,31221.8,0.0,70879.3,18827.3,34484.2,72564.9,37118.3,110452.1,89546.4,128652.3,156073.2,148
641.3,138708.0,25595.0,25815.0,43649.0,43649.0,85193.9,74138.0,32460.8,31221.8,0.0,70879.5,18827.3,34486.6,72565.8,37117.5,110452.3,89547.1,128652.3,156073.4,148
642.4,138708.0,25595.0,25815.0,43649.0,43649.0,85193.9,74138.0,32460.9,31221.8,0.0,70879.7,18827.3,34484.1,72566.0,37115.0,110449.9,89549.7,128652.3,156073.6,148
643.5,138708.0,25595.0,25815.0,43649.0,43649.0,85193.9,74138.0,32460.9,31221.8,0.0,70976.6,19284.2,34484.2,72667.0,37119.4,110555.4,89545.2,128652.3,156170.5,148
645.0,138708.0,25595.0,25815.0,43649.0,43649.0,85193.9,74138.0,32460.9,31221.8,0.0,70977.5,19284.2,34484.3,72668.0,37120.2,110557.2,89544.4,128652.3,156171.4,148
646.1,138708.0,25595.0,25815.0,43649.0,43649.0,85193.9,74138.0,32460.8,31221.8,0.0,70978.0,19284.2,34484.2,72668.5,37119.7,110557.2,89544.9,128652.3,156171.9,148
647.2,138708.0,25595.0,25815.0,43649.0,43649.0,85193.9,74138.0,32460.9,31221.8,0.0,71059.8,19284.2,34484.2,72753.7,37117.2,110639.9,89547.4,128652.3,156253.7,148
648.3,138708.0,25595.0,25815.0,43649.0,43649.0,85193.9,74138.0,32460.9,31221.8,0.0,71059.9,19284.2,34484.2,72753.9,37118.9,110641.8,89545.7,128652.3,156253.8,148
649.4,138708.0,25595.0,25815.0,43649.0,43649.0,85217.2,74161.3,32484.1,31245.1,0.0,71060.6,19284.2,34484.3,72754.6,37118.9,110642.5,89545.7,128652.3,156277.8,148
650.6,138708.0,25595.0,25815.0,43649.0,43649.0,85204.6,74148.7,32471.5,31232.5,0.0,71148.6,19284.2,34495.6,72846.8,37132.8,110748.5,89531.8,128652.3,156353.1,148
651.7,138708.0,25595.0,25815.0,43649.0,43649.0,85204.6,74148.7,32471.5,31232.5,0.0,71218.7,19284.2,34495.9,72920.0,37132.6,110821.5,89532.1,128652.3,156423.2,148
652.8,138708.0,25595.0,25815.0,43649.0,43649.0,85204.6,74148.7,32471.6,31232.6,0.0,71285.3,19284.2,34495.6,72989.7,37132.0,110890.7,89532.6,128652.3,156489.9,148
653.9,138708.0,25595.0,25815.0,43649.0,43649.0,85204.6,74148.7,32471.6,31232.6,0.0,71285.3,19592.4,34495.6,72989.6,37130.1,110888.6,89534.6,128652.3,156489.9,148
655.5,138708.0,25595.0,25815.0,43649.0,43649.0,85204.6,74148.7,32471.6,31232.6,0.0,71285.3,19592.4,34495.6,72989.6,37126.4,110885.0,89538.2,128652.3,156490.0,148
656.6,138708.0,25595.0,25815.0,43649.0,43649.0,85204.6,74148.8,32471.6,31232.6,0.0,71285.4,19592.4,34534.5,72989.7,37164.7,110923.4,89499.9,128652.3,156490.0,148
657.6,138708.0,25595.0,25815.0,43649.0,43649.0,85204.6,74148.8,32471.6,31232.6,0.0,71285.4,19592.4,34495.5,72989.7,37130.1,110888.8,89534.5,128652.3,156490.0,148
658.8,138708.0,25595.0,25815.0,43649.0,43649.0,85224.3,74168.5,32491.3,31252.3,0.0,71408.6,19592.4,34515.0,73117.9,37146.3,111033.2,89518.3,128652.3,156632.9,148
659.8,138708.0,25595.0,25815.0,43649.0,43649.0,85224.3,74168.5,32491.3,31252.3,0.0,71408.7,19592.4,34515.2,73118.0,37143.9,111030.8,89520.7,128652.3,156633.1,148
661.0,138708.0,25595.0,25815.0,43649.0,43649.0,85224.3,74168.5,32491.3,31252.3,0.0,71530.1,19592.4,34515.2,73244.2,37143.2,111156.4,89521.4,128652.3,156754.5,148
662.1,138708.0,25595.0,25815.0,43649.0,43649.0,85224.4,74168.5,32491.3,31252.3,0.0,71531.1,19592.4,34554.6,73245.1,37182.4,111196.5,89482.1,128652.3,156755.4,148
663.2,138708.0,25595.0,25815.0,43649.0,43649.0,85224.4,74168.5,32491.3,31252.3,0.0,71531.4,19592.4,34515.3,73245.4,37149.1,111163.6,89515.5,128652.3,156755.7,148
664.4,138708.0,25595.0,25815.0,43649.0,43649.0,85224.4,74168.6,32491.4,31252.4,0.0,71595.0,19902.2,34515.4,73312.7,37150.4,111232.2,89514.2,128652.3,156819.4,148
665.9,138708.0,25595.0,25815.0,43649.0,43649.0,85224.4,74168.6,32491.4,31252.4,0.0,71595.0,19902.2,34515.3,73312.5,37151.7,111233.2,89512.9,128652.3,156819.4,148
667.0,138708.0,25595.0,25815.0,43649.0,43649.0,85224.5,74168.6,32491.4,31252.4,0.0,71595.0,19902.2,34554.7,73312.5,37189.8,111271.3,89474.8,128652.3,156819.5,148
668.2,138708.0,25595.0,25815.0,43649.0,43649.0,85224.5,74168.6,32491.4,31252.4,0.0,71604.1,19902.2,34515.3,73321.8,37148.4,111239.3,89516.1,128652.3,156828.6,148
669.3,138708.0,25595.0,25815.0,43649.0,43649.0,85224.5,74168.6,32491.4,31252.4,0.0,71607.0,19902.2,34515.5,73325.0,37146.7,111240.7,89517.8,128652.3,156831.5,148
670.4,138708.0,25595.0,25815.0,43649.0,43649.0,85224.5,74168.6,32491.4,31252.4,0.0,71651.1,19902.2,34515.4,73370.9,37147.4,111287.3,89517.1,128652.3,156875.6,148
671.5,138708.0,25595.0,25815.0,43649.0,43649.0,85224.5,74168.6,32491.4,31252.4,0.0,71894.7,19902.2,34555.2,73624.6,37191.5,111585.2,89473.0,128652.3,157119.2,148
672.7,138708.0,25595.0,25815.0,43649.0,43649.0,85224.6,74168.6,32491.5,31252.5,0.0,72006.2,19902.2,34515.9,73741.1,37150.9,111661.0,89513.6,128652.3,157230.8,148
673.8,138708.0,25595.0,25815.0,43649.0,43649.0,85224.6,74168.6,32491.5,31252.5,0.0,72013.6,19902.2,34515.9,73748.8,37148.4,111666.2,89516.2,128652.3,157238.1,148
674.9,138708.0,25595.0,25815.0,43649.0,43649.0,85224.6,74168.6,32491.5,31252.5,0.0,72019.7,20330.9,34515.9,73755.2,37145.1,111669.5,89519.3,128652.3,157244.3,148
676.4,138708.0,25595.0,25815.0,43649.0,43649.0,85224.6,74168.6,32491.5,31252.5,0.0,72023.6,20330.9,34555.2,73759.3,37184.5,111712.9,89480.0,128652.3,157248.2,148
677.5,138708.0,25595.0,25815.0,43649.0,43649.0,85224.6,74168.6,32491.5,31252.5,0.0,72035.8,20330.9,34515.9,73772.0,37145.5,111686.5,89519.0,128652.3,157260.3,148
678.6,138708.0,25595.0,25815.0,43649.0,43649.0,85224.6,74168.6,32491.5,31252.5,0.0,72097.4,20330.9,34515.9,73836.0,37150.7,111755.8,89513.8,128652.3,157321.9,148
679.7,138708.0,25595.0,25815.0,43649.0,43649.0,85224.6,74168.6,32491.5,31252.5,0.0,72107.4,20330.9,34515.9,73846.5,37151.3,111766.8,89513.2,128652.3,157332.0,148
680.8,138708.0,25595.0,25815.0,43649.0,43649.0,85224.6,74168.6,32491.5,31252.5,0.0,72138.2,20330.9,34515.9,73878.4,37149.7,111797.2,89514.8,128652.3,157362.7,148
682.0,138708.0,25595.0,25815.0,43649.0,43649.0,85224.6,74168.7,32491.5,31252.5,0.0,72149.3,20330.9,34555.3,73889.6,37190.2,111848.9,89474.3,128652.3,157373.8,148
683.1,138708.0,25595.0,25815.0,43649.0,43649.0,85224.6,74168.7,32491.5,31252.5,0.0,72151.6,20330.9,34515.8,73892.4,37153.7,111815.2,89510.8,128652.3,157376.2,148
684.2,138708.0,25595.0,25815.0,43649.0,43649.0,85224.6,74168.7,32491.5,31252.5,0.0,72252.9,20330.9,34515.9,73998.3,37149.3,111916.8,89515.1,128652.3,157477.4,148
685.3,138708.0,25595.0,25815.0,43649.0,43649.0,85224.6,74168.7,32491.5,31252.5,0.0,72253.0,20652.3,34516.0,73998.3,37149.5,111917.0,89514.9,128652.3,157477.6,148
686.8,138708.0,25595.0,25815.0,43649.0,43649.0,85229.8,74173.9,32496.7,31257.7,0.0,72344.2,20652.3,34539.7,74094.5,37175.5,112039.2,89488.9,128652.3,157574.0,148
687.9,138708.0,25595.0,25815.0,43649.0,43649.0,85229.8,74173.9,32496.7,31257.7,0.0,72344.2,20652.3,34521.1,74094.6,37161.0,112024.7,89503.5,128652.3,157574.0,148
689.0,138708.0,25595.0,25815.0,43649.0,43649.0,85229.8,74173.9,32496.7,31257.7,0.0,72344.3,20652.3,34521.1,74094.7,37162.7,112026.6,89501.7,128652.3,157574.1,148
690.0,138708.0,25595.0,25815.0,43649.0,43649.0,85229.8,74173.9,32496.7,31257.7,0.0,72344.3,20652.3,34521.3,74094.2,37161.8,112025.2,89502.6,128652.3,157574.1,148
691.2,138708.0,25595.0,25815.0,43649.0,43649.0,85229.8,74173.9,32496.7,31257.7,0.0,72477.3,20652.3,34521.3,74233.2,37161.0,112163.4,89503.4,128652.3,157707.1,148
692.3,138708.0,25595.0,25815.0,43649.0,43649.0,85229.8,74173.9,32496.7,31257.7,0.0,72520.9,20652.3,34521.7,74279.0,37164.5,112212.7,89499.9,128652.3,157750.7,148
693.4,138708.0,25595.0,25815.0,43649.0,43649.0,85229.8,74173.9,32496.7,31257.7,0.0,72573.6,20652.3,34521.3,74333.4,37161.0,112263.6,89503.4,128652.3,157803.4,148
694.5,138708.0,25595.0,25815.0,43649.0,43649.0,85229.8,74173.9,32496.7,31257.7,0.0,72583.1,20652.3,34520.9,74343.7,37155.9,112268.8,89508.5,128652.3,157812.9,148
695.7,138708.0,25595.0,25815.0,43649.0,43649.0,85229.8,74173.9,32496.7,31257.7,0.0,72593.5,20918.1,34521.4,74354.6,37153.5,112277.4,89510.9,128652.3,157823.3,148
697.2,138708.0,25595.0,25815.0,43649.0,43649.0,85229.8,74173.9,32496.7,31257.7,0.0,72614.9,20918.1,34560.6,74376.4,37191.6,112337.3,89472.8,128652.3,157844.7,148
698.3,138708.0,25595.0,25815.0,43649.0,43649.0,85229.8,74173.9,32496.7,31257.7,0.0,72634.0,20918.1,34521.5,74396.7,37147.2,112313.2,89517.1,128652.3,157863.8,148
699.5,138708.0,25595.0,25815.0,43649.0,43649.0,85229.8,74173.9,32496.7,31257.7,0.0,72683.0,20918.1,34521.6,74447.5,37139.1,112355.9,89525.3,128652.3,157912.8,148
700.6,138708.0,25595.0,25815.0,43649.0,43649.0,85229.8,74173.9,32496.7,31257.7,0.0,72738.9,20918.1,34521.4,74505.4,37146.7,112421.4,89517.7,128652.3,157968.7,148
701.7,138708.0,25595.0,25815.0,43649.0,43649.0,85229.8,74173.9,32496.7,31257.7,0.0,72740.0,20918.1,34560.5,74506.9,37185.3,112461.6,89479.0,128652.3,157969.8,148
702.8,138708.0,25595.0,25815.0,43649.0,43649.0,85229.8,74173.9,32496.8,31257.7,0.0,72740.1,20918.1,34521.6,74507.1,37152.8,112429.2,89511.5,128652.3,157970.0,148
703.9,138708.0,25595.0,25815.0,43649.0,43649.0,85229.8,74173.9,32496.8,31257.7,0.0,72740.6,20918.1,34521.6,74507.6,37153.8,112430.7,89510.5,128652.3,157970.5,148
705.0,138708.0,25595.0,25815.0,43649.0,43649.0,85229.8,74173.9,32496.8,31257.7,0.0,72784.0,20918.1,34521.5,74553.3,37151.4,112474.0,89512.9,128652.3,158013.8,148
706.2,138708.0,25595.0,25815.0,43649.0,43649.0,85229.8,74173.9,32496.7,31257.7,0.0,72784.5,21148.3,34521.5,74553.8,37151.2,112474.3,89513.1,128652.3,158014.3,148
707.8,138708.0,25595.0,25815.0,43649.0,43649.0,85229.9,74174.0,32496.8,31257.8,0.0,72894.7,21148.3,34522.0,74668.2,37162.3,112599.8,89502.0,128652.3,158124.6,148
708.9,138708.0,25595.0,25815.0,43649.0,43649.0,85229.9,74174.0,32496.8,31257.8,0.0,72895.8,21148.3,34521.9,74670.0,37161.8,112601.1,89502.4,128652.3,158125.7,148
710.0,138708.0,25595.0,25815.0,43649.0,43649.0,85229.9,74174.0,32496.8,31257.8,0.0,72896.4,21148.3,34521.8,74670.6,37159.1,112599.0,89505.2,128652.3,158126.3,148
711.1,138708.0,25595.0,25815.0,43649.0,43649.0,85237.8,74181.9,32504.7,31265.7,0.0,73032.2,21148.3,34521.8,74812.9,37151.9,112734.1,89512.4,128652.3,158270.0,148
712.2,138708.0,25595.0,25815.0,43649.0,43649.0,85237.8,74181.9,32504.7,31265.7,0.0,73069.5,21148.3,34569.1,74851.6,37200.9,112821.8,89463.4,128652.3,158307.4,148
713.3,138708.0,25595.0,25815.0,43649.0,43649.0,85237.8,74181.9,32504.7,31265.7,0.0,73069.6,21148.3,34529.7,74851.6,37162.2,112783.1,89502.0,128652.3,158307.4,148
714.5,138708.0,25595.0,25815.0,43649.0,43649.0,85237.8,74181.9,32504.7,31265.7,0.0,73187.2,21148.3,34529.6,74974.7,37167.0,112911.1,89497.2,128652.3,158425.0,148
715.6,138708.0,25595.0,25815.0,43649.0,43649.0,85237.8,74181.9,32504.7,31265.7,0.0,73187.6,21148.3,34529.8,74974.9,37169.2,112913.5,89495.0,128652.3,158425.5,148
716.6,138708.0,25595.0,25815.0,43649.0,43649.0,85237.8,74181.9,32504.7,31265.7,0.0,73187.6,21496.4,34569.2,74974.9,37209.2,112953.6,89455.0,128652.3,158425.5,148
718.2,138708.0,25595.0,25815.0,43649.0,43649.0,85237.8,74181.9,32504.7,31265.7,0.0,73187.7,21496.4,34529.9,74974.9,37165.9,112910.3,89498.3,128652.3,158425.5,148
719.3,138708.0,25595.0,25815.0,43649.0,43649.0,85237.8,74181.9,32504.7,31265.7,0.0,73297.2,21496.4,34529.9,75088.9,37166.8,113025.1,89497.4,128652.3,158535.0,148
720.4,138708.0,25595.0,25815.0,43649.0,43649.0,85237.8,74181.9,32504.7,31265.7,0.0,73304.8,21496.4,34529.9,75096.6,37167.9,113033.9,89496.3,128652.3,158542.6,148
721.6,138708.0,25595.0,25815.0,43649.0,43649.0,85237.8,74181.9,32504.7,31265.7,0.0,73308.0,21496.4,34569.0,75100.2,37207.6,113077.2,89456.6,128652.3,158545.8,148
722.7,138708.0,25595.0,25815.0,43649.0,43649.0,85237.8,74181.9,32504.7,31265.7,0.0,73462.0,21496.4,34529.9,75260.4,37167.4,113197.2,89496.8,128652.3,158699.9,148
723.8,138708.0,25595.0,25815.0,43649.0,43649.0,85268.2,74212.3,32535.1,31296.1,0.0,73528.6,21496.4,34560.3,75330.5,37193.3,113293.3,89470.7,128652.3,158796.8,148
724.9,138708.0,25595.0,25815.0,43649.0,43649.0,85268.2,74212.3,32535.1,31296.1,0.0,73536.6,21496.4,34560.3,75338.3,37196.5,113304.3,89467.5,128652.3,158804.8,148
726.0,138708.0,25595.0,25815.0,43649.0,43649.0,85268.2,74212.3,32535.1,31296.1,0.0,73539.7,21496.4,34560.3,75341.8,37199.7,113311.1,89464.3,128652.3,158807.9,148
727.2,138708.0,25595.0,25815.0,43649.0,43649.0,85268.2,74212.3,32535.1,31296.1,0.0,73540.1,21849.8,34599.9,75342.2,37236.5,113348.3,89427.4,128652.3,158808.3,148
728.7,138708.0,25595.0,25815.0,43649.0,43649.0,85268.2,74212.3,32535.1,31296.1,0.0,73541.1,21849.8,34560.4,75343.1,37196.8,113309.6,89467.1,128652.3,158809.3,148
729.8,138708.0,25595.0,25815.0,43649.0,43649.0,85228.9,74173.0,32495.8,31256.8,0.0,73590.7,21849.8,34521.5,75395.6,37161.7,113327.0,89502.1,128652.3,158819.6,148
730.9,138708.0,25595.0,25815.0,43649.0,43649.0,85228.9,74173.0,32495.8,31256.8,0.0,73590.8,21849.8,34521.1,75395.1,37157.0,113321.8,89506.9,128652.3,158819.7,148
732.1,138708.0,25595.0,25815.0,43649.0,43649.0,85228.9,74173.0,32495.8,31256.8,0.0,73606.0,21849.8,34560.5,75410.8,37194.7,113375.3,89469.1,128652.3,158835.0,148
733.2,138708.0,25595.0,25815.0,43649.0,43649.0,85262.3,74206.4,32529.2,31290.2,0.0,73703.0,21849.8,34554.2,75512.5,37188.9,113471.3,89474.8,128652.3,158965.3,148
734.3,138708.0,25595.0,25815.0,43649.0,43649.0,85262.3,74206.4,32529.2,31290.2,0.0,73703.0,21849.8,34554.5,75512.4,37190.5,113472.8,89473.2,128652.3,158965.3,148
735.4,138708.0,25595.0,25815.0,43649.0,43649.0,85274.9,74219.0,32541.8,31302.8,0.0,73791.2,21849.8,34567.2,75604.3,37199.7,113574.0,89463.9,128652.3,159066.1,148
736.5,138708.0,25595.0,25815.0,43649.0,43649.0,85274.9,74219.0,32541.8,31302.8,0.0,73791.3,21849.8,34606.2,75603.9,37234.9,113608.9,89428.6,128652.3,159066.2,148
737.7,138708.0,25595.0,25815.0,43649.0,43649.0,85274.9,74219.0,32541.8,31302.8,0.0,73887.3,22195.9,34567.4,75703.8,37200.6,113674.6,89462.8,128652.3,159162.2,148
739.2,138708.0,25595.0,25815.0,43649.0,43649.0,85274.9,74219.0,32541.8,31302.8,0.0,73887.3,22195.9,34567.6,75703.8,37202.9,113676.8,89460.5,128652.3,159162.2,148
740.3,138708.0,25595.0,25815.0,43649.0,43649.0,85274.9,74219.0,32541.8,31302.8,0.0,73946.4,22195.9,34567.1,75766.2,37209.8,113746.3,89453.5,128652.3,159221.3,148
741.5,138708.0,25595.0,25815.0,43649.0,43649.0,85234.0,74178.1,32500.9,31261.9,0.0,74041.4,22195.9,34545.6,75864.3,37178.7,113813.4,89484.5,128652.3,159275.4,148
742.6,138708.0,25595.0,25815.0,43649.0,43649.0,85250.4,74194.4,32517.3,31278.3,0.0,74166.8,22195.9,34542.4,75994.6,37178.8,113944.1,89484.2,128652.3,159417.2,148
743.7,138708.0,25595.0,25815.0,43649.0,43649.0,85250.4,74194.4,32517.3,31278.3,0.0,74166.8,22195.9,34542.6,75994.6,37179.7,113944.9,89483.2,128652.3,159417.2,148
744.7,138708.0,25595.0,25815.0,43649.0,43649.0,85250.4,74194.4,32517.3,31278.3,0.0,74166.8,22195.9,34542.6,75994.6,37177.6,113942.8,89485.3,128652.3,159417.2,148
745.8,138708.0,25595.0,25815.0,43649.0,43649.0,85250.4,74194.4,32517.3,31278.3,0.0,74166.9,22195.9,34542.6,75994.7,37177.8,113943.2,89485.1,128652.3,159417.3,148
746.9,138708.0,25595.0,25815.0,43649.0,43649.0,85250.4,74194.4,32517.3,31278.3,0.0,74167.0,22195.9,34582.1,75994.8,37215.7,113981.1,89447.2,128652.3,159417.4,148
748.0,138708.0,25595.0,25815.0,43649.0,43649.0,85250.4,74194.5,32517.3,31278.3,0.0,74167.1,22484.4,34542.6,75994.8,37179.9,113945.4,89483.0,128652.3,159417.4,148
749.6,138708.0,25595.0,25815.0,43649.0,43649.0,85250.4,74194.5,32517.3,31278.3,0.0,74188.2,22484.4,34542.8,76016.5,37183.0,113970.2,89479.9,128652.3,159438.6,148
750.7,138708.0,25595.0,25815.0,43649.0,43649.0,85250.4,74194.5,32517.3,31278.3,0.0,74262.8,22484.4,34542.9,76094.6,37180.6,114046.1,89482.1,128652.3,159513.2,148
751.8,138708.0,25595.0,25815.0,43649.0,43649.0,85250.4,74194.5,32517.3,31278.3,0.0,74316.0,22484.4,34543.1,76150.0,37182.2,114103.1,89480.6,128652.3,159566.3,148
752.9,138708.0,25595.0,25815.0,43649.0,43649.0,85263.9,74207.9,32530.8,31291.8,0.0,74383.9,22484.4,34556.1,76222.9,37193.5,114187.4,89469.1,128652.3,159647.8,148
754.0,138708.0,25595.0,25815.0,43649.0,43649.0,85213.5,74157.6,32480.4,31241.4,0.0,74407.8,22484.4,34506.1,76245.7,37136.4,114153.2,89526.2,128652.3,159621.3,148
755.0,138708.0,25595.0,25815.0,43649.0,43649.0,85213.5,74157.6,32480.4,31241.4,0.0,74407.8,22484.4,34506.0,76245.7,37136.4,114153.1,89526.2,128652.3,159621.3,148
756.2,138708.0,25595.0,25815.0,43649.0,43649.0,85221.0,74165.1,32487.9,31248.9,0.0,74415.2,22484.4,34506.0,76253.1,37138.8,114163.0,89523.8,128652.3,159636.3,148
757.3,138708.0,25595.0,25815.0,43649.0,43649.0,85221.0,74165.1,32487.9,31248.9,0.0,74415.5,22484.4,34553.0,76254.3,37178.4,114203.8,89484.2,128652.3,159636.5,148
758.4,138708.0,25595.0,25815.0,43649.0,43649.0,85221.0,74165.1,32487.9,31248.9,0.0,74459.7,22776.6,34513.5,76300.3,37146.6,114218.0,89515.9,128652.3,159680.7,148
760.0,138708.0,25595.0,25815.0,43649.0,43649.0,85221.0,74165.1,32487.9,31248.9,0.0,74469.9,22776.6,34513.5,76310.4,37150.7,114232.3,89511.8,128652.3,159690.9,148
761.1,138708.0,25595.0,25815.0,43649.0,43649.0,85222.7,74166.7,32489.6,31250.6,0.0,74520.0,22776.6,34515.7,76363.8,37144.4,114279.4,89517.9,128652.3,159742.6,148
762.2,138708.0,25595.0,25815.0,43649.0,43649.0,85222.7,74166.7,32489.6,31250.6,0.0,74613.6,22776.6,34554.6,76459.8,37189.9,114421.0,89472.3,128652.3,159836.2,148
763.3,138882.0,25595.0,25989.0,43649.0,43649.0,85224.1,74168.1,32491.0,31252.0,0.0,74641.3,22776.6,34516.7,76488.7,37160.3,114420.4,89501.9,128652.3,159865.4,148
764.5,138882.0,25595.0,25989.0,43649.0,43649.0,85238.3,74182.4,32505.3,31266.2,0.0,74751.3,22776.6,34521.2,76604.1,37168.4,114544.0,89493.6,128652.3,159989.6,148
765.6,138882.0,25595.0,25989.0,43649.0,43649.0,85238.3,74182.4,32505.3,31266.2,0.0,74756.4,22776.6,34530.9,76609.9,37174.6,114556.1,89487.4,128652.3,159994.7,148
766.7,138882.0,25595.0,25989.0,43649.0,43649.0,85238.3,74182.4,32505.2,31266.2,0.0,74756.5,22776.6,34570.0,76610.2,37214.2,114596.0,89447.7,128652.3,159994.9,148
767.8,138882.0,25595.0,25989.0,43649.0,43649.0,85238.4,74182.5,32505.4,31266.3,0.0,74756.5,22776.6,34531.0,76610.2,37176.4,114558.3,89485.5,128652.3,159995.0,148
768.9,138882.0,25595.0,25989.0,43649.0,43649.0,85238.4,74182.5,32505.4,31266.3,0.0,74756.5,23064.3,34531.1,76610.2,37174.3,114556.1,89487.7,128652.3,159995.0,148
770.5,138882.0,25595.0,25989.0,43649.0,43649.0,85190.1,74134.2,32457.0,31218.0,0.0,74756.6,23064.3,34482.7,76610.1,37119.8,114501.6,89542.2,128652.3,159946.7,148
771.6,138882.0,25595.0,25989.0,43649.0,43649.0,85190.1,74134.2,32457.0,31218.0,0.0,74756.6,23064.3,34521.8,76610.2,37159.9,114541.8,89502.0,128652.3,159946.7,148
772.7,138882.0,25595.0,25989.0,43649.0,43649.0,85200.2,74144.3,32467.2,31228.1,0.0,74810.6,23064.3,34486.7,76666.9,37133.0,114571.6,89528.9,128652.3,160010.9,148
773.8,138882.0,25595.0,25989.0,43649.0,43649.0,85200.2,74144.3,32467.2,31228.1,0.0,74810.7,23064.3,34492.9,76666.9,37135.3,114573.9,89526.6,128652.3,160010.9,148
774.9,138882.0,25595.0,25989.0,43649.0,43649.0,85200.2,74144.3,32467.2,31228.1,0.0,74810.7,23064.3,34492.9,76666.9,37133.0,114571.7,89528.8,128652.3,160011.0,148
776.0,138882.0,25595.0,25989.0,43649.0,43649.0,85200.2,74144.3,32467.1,31228.1,0.0,74810.7,23064.3,34492.9,76666.6,37133.8,114572.1,89528.1,128652.3,160011.0,148
777.1,138882.0,25595.0,25989.0,43649.0,43649.0,85200.2,74144.3,32467.2,31228.1,0.0,74810.7,23064.3,34532.3,76666.7,37172.3,114610.8,89489.5,128652.3,160011.0,148
778.2,138882.0,25595.0,25989.0,43649.0,43649.0,85237.8,74181.9,32504.7,31265.7,0.0,74973.6,23064.3,34526.9,76838.1,37170.7,114780.8,89490.9,128652.3,160211.4,148
779.3,138882.0,25595.0,25989.0,43649.0,43649.0,85180.4,74124.4,32447.3,31208.3,0.0,74996.5,23354.7,34473.2,76861.4,37102.0,114735.4,89559.6,128652.3,160176.8,148
780.8,138882.0,25595.0,25989.0,43649.0,43649.0,85203.5,74147.6,32470.4,31231.4,0.0,75099.9,23354.7,34496.4,76969.0,37124.0,114865.2,89537.4,128652.3,160303.4,148
781.9,138882.0,25595.0,25989.0,43649.0,43649.0,85209.9,74154.0,32476.8,31237.8,0.0,75205.8,23354.7,34541.8,77079.7,37171.8,115024.0,89489.3,128652.3,160415.7,148
783.0,138882.0,25595.0,25989.0,43649.0,43649.0,85209.9,74154.0,32476.8,31237.8,0.0,75256.8,23354.7,34502.7,77132.6,37126.4,115031.5,89534.7,128652.3,160466.7,148
784.1,138882.0,25595.0,25989.0,43649.0,43649.0,85209.9,74154.0,32476.8,31237.8,0.0,75272.2,23354.7,34502.7,77149.0,37127.5,115048.9,89533.6,128652.3,160482.2,148
785.3,138882.0,25595.0,25989.0,43649.0,43649.0,85209.9,74154.0,32476.8,31237.8,0.0,75290.3,23354.7,34502.7,77167.7,37128.0,115068.2,89533.1,128652.3,160500.3,148
786.4,138882.0,25595.0,25989.0,43649.0,43649.0,85209.9,74154.0,32476.8,31237.8,0.0,75307.0,23354.7,34542.0,77185.1,37166.0,115123.7,89495.1,128652.3,160516.9,148
787.5,138882.0,25595.0,25989.0,43649.0,43649.0,85209.9,74154.0,32476.8,31237.8,0.0,75308.7,23354.7,34502.7,77187.0,37125.8,115085.3,89535.3,128652.3,160518.6,148
788.6,138882.0,25595.0,25989.0,43649.0,43649.0,85209.9,74154.0,32476.8,31237.8,0.0,75310.5,23354.7,34502.7,77188.8,37126.5,115087.9,89534.6,128652.3,160520.4,148
789.7,138882.0,25595.0,25989.0,43649.0,43649.0,85212.0,74156.0,32478.9,31239.9,0.0,75315.3,23625.3,34504.7,77193.7,37124.8,115091.1,89536.2,128652.3,160527.3,148
791.3,138882.0,25595.0,25989.0,43649.0,43649.0,85212.0,74156.0,32478.9,31239.9,0.0,75333.7,23625.3,34517.0,77212.6,37136.0,115121.1,89525.0,128652.3,160545.7,148
792.4,138882.0,25595.0,25989.0,43649.0,43649.0,85231.9,74175.9,32498.8,31259.8,0.0,75366.9,23625.3,34524.4,77248.5,37143.7,115164.8,89517.3,128652.3,160598.8,148
793.5,138882.0,25595.0,25989.0,43649.0,43649.0,85231.9,74175.9,32498.8,31259.8,0.0,75410.9,23625.3,34524.6,77293.7,37143.7,115210.1,89517.3,128652.3,160642.8,148
794.6,138882.0,25595.0,25989.0,43649.0,43649.0,85231.9,74175.9,32498.8,31259.8,0.0,75410.9,23625.3,34524.6,77293.7,37144.0,115210.4,89516.9,128652.3,160642.8,148
795.7,138882.0,25595.0,25989.0,43649.0,43649.0,85231.9,74175.9,32498.8,31259.8,0.0,75421.4,23625.3,34524.6,77304.2,37146.3,115223.2,89514.6,128652.3,160653.3,148
796.8,138882.0,25595.0,25989.0,43649.0,43649.0,85231.9,74175.9,32498.8,31259.8,0.0,75437.9,23625.3,34524.8,77321.5,37146.3,115240.6,89514.5,128652.3,160669.8,148
797.9,138882.0,25595.0,25989.0,43649.0,43649.0,85231.9,74175.9,32498.8,31259.8,0.0,75529.6,23625.3,34524.8,77416.7,37142.0,115331.7,89518.6,128652.3,160761.5,148
799.0,138882.0,25595.0,25989.0,43649.0,43649.0,85231.9,74175.9,32498.8,31259.8,0.0,75564.0,23625.3,34524.6,77453.1,37141.1,115367.1,89519.6,128652.3,160795.9,148
800.2,138882.0,25595.0,25989.0,43649.0,43649.0,85231.9,74175.9,32498.8,31259.8,0.0,75601.2,23916.4,34524.6,77491.9,37139.3,115404.3,89521.2,128652.3,160833.1,148
801.7,138882.0,25595.0,25989.0,43649.0,43649.0,85231.9,74175.9,32498.8,31259.8,0.0,75609.2,23916.4,34563.9,77500.9,37182.9,115456.9,89477.7,128652.3,160841.1,148
802.8,138882.0,25595.0,25989.0,43649.0,43649.0,85231.9,74175.9,32498.8,31259.8,0.0,75632.4,23916.4,34524.6,77524.6,37143.7,115441.4,89516.8,128652.3,160864.2,148
803.9,138882.0,25595.0,25989.0,43649.0,43649.0,85231.9,74175.9,32498.8,31259.8,0.0,75632.6,23916.4,34524.8,77525.4,37144.3,115442.8,89516.2,128652.3,160864.4,148
805.1,138882.0,25595.0,25989.0,43649.0,43649.0,85283.0,74227.1,32549.9,31310.9,0.0,75792.8,23916.4,34574.9,77694.1,37211.3,115678.7,89449.0,128652.3,161075.8,148
806.2,138882.0,25595.0,25989.0,43649.0,43649.0,85276.1,74220.2,32543.0,31304.0,0.0,75812.0,23916.4,34568.4,77712.5,37200.6,115686.4,89459.7,128652.3,161088.1,148
807.3,138882.0,25595.0,25989.0,43649.0,43649.0,85276.1,74220.2,32543.0,31304.0,0.0,75825.3,23916.4,34608.2,77726.7,37242.8,115742.8,89417.5,128652.3,161101.4,148
808.4,138882.0,25595.0,25989.0,43649.0,43649.0,85276.1,74220.2,32543.0,31304.0,0.0,75826.2,23916.4,34569.5,77727.7,37201.8,115702.9,89458.4,128652.3,161102.3,148
809.5,138882.0,25595.0,25989.0,43649.0,43649.0,85279.1,74223.2,32546.0,31307.0,0.0,75847.8,23916.4,34572.6,77750.3,37205.3,115729.0,89454.9,128652.3,161127.0,148
810.6,138882.0,25595.0,25989.0,43649.0,43649.0,85279.1,74223.2,32546.0,31307.0,0.0,75847.8,24170.7,34572.1,77750.1,37202.1,115725.6,89458.1,128652.3,161127.0,148
812.2,138882.0,25595.0,25989.0,43649.0,43649.0,85221.0,74165.1,32487.9,31248.9,0.0,75863.8,24170.7,34553.8,77766.8,37182.0,115722.2,89478.2,128652.3,161084.8,148
813.3,138882.0,25595.0,25989.0,43649.0,43649.0,85221.0,74165.1,32487.9,31248.9,0.0,75865.9,24170.7,34514.0,77768.8,37145.5,115687.8,89514.6,128652.3,161086.8,148
814.4,138882.0,25595.0,25989.0,43649.0,43649.0,85221.0,74165.1,32487.9,31248.9,0.0,75871.1,24170.7,34513.9,77774.2,37146.1,115693.8,89514.0,128652.3,161092.1,148
815.5,138882.0,25595.0,25989.0,43649.0,43649.0,85221.0,74165.1,32487.9,31248.9,0.0,75875.3,24170.7,34514.1,77778.7,37145.9,115698.1,89514.2,128652.3,161096.3,148
816.7,138882.0,25595.0,25989.0,43649.0,43649.0,85221.0,74165.1,32487.9,31248.9,0.0,75879.9,24170.7,34553.1,77783.5,37182.8,115739.8,89477.3,128652.3,161100.9,148
817.8,138882.0,25595.0,25989.0,43649.0,43649.0,85221.0,74165.1,32487.9,31248.9,0.0,75965.1,24170.7,34514.0,77872.0,37146.5,115792.1,89513.4,128652.3,161186.1,148
818.9,138882.0,25595.0,25989.0,43649.0,43649.0,85221.0,74165.1,32487.9,31248.9,0.0,76089.7,24170.7,34514.1,78002.4,37142.6,115918.8,89517.2,128652.3,161310.7,148
820.0,138882.0,25595.0,25989.0,43649.0,43649.0,85221.0,74165.1,32487.9,31248.9,0.0,76101.4,24170.7,34514.1,78014.7,37143.8,115932.4,89515.9,128652.3,161322.4,148
821.1,138882.0,25595.0,25989.0,43649.0,43649.0,85221.0,74165.1,32487.9,31248.9,0.0,76104.6,24414.6,34512.0,78018.2,37145.7,115937.7,89514.1,128652.3,161325.6,148
822.8,138882.0,25595.0,25989.0,43649.0,43649.0,85221.0,74165.1,32488.0,31248.9,0.0,76109.2,24414.6,34512.3,78023.1,37151.6,115948.5,89508.2,128652.3,161330.3,148
823.9,138882.0,25595.0,25989.0,43649.0,43649.0,85240.1,74184.2,32507.0,31268.0,0.0,76165.0,24414.6,34531.3,78081.8,37167.6,116023.3,89492.1,128652.3,161405.1,148
825.0,138882.0,25595.0,25989.0,43649.0,43649.0,85240.1,74184.2,32507.0,31268.0,0.0,76241.8,24414.6,34531.3,78161.6,37168.9,116104.5,89490.6,128652.3,161481.9,148
826.2,138882.0,25595.0,25989.0,43649.0,43649.0,85240.1,74184.2,32507.0,31268.0,0.0,76337.3,24414.6,34531.4,78262.1,37163.6,116199.9,89495.8,128652.3,161577.4,148
827.3,138882.0,25595.0,25989.0,43649.0,43649.0,85240.1,74184.2,32507.0,31268.0,0.0,76356.6,24414.6,34570.9,78281.9,37204.0,116260.2,89455.3,128652.3,161596.7,148
828.4,138882.0,25595.0,25989.0,43649.0,43649.0,85240.1,74184.2,32507.0,31268.0,0.0,76373.6,24414.6,34531.4,78299.7,37168.2,116242.2,89491.1,128652.3,161613.8,148
829.5,138882.0,25595.0,25989.0,43649.0,43649.0,85256.3,74200.3,32523.2,31284.2,0.0,76469.0,24414.6,34548.0,78400.7,37188.5,116363.7,89470.7,128652.3,161725.3,148
830.6,138882.0,25595.0,25989.0,43649.0,43649.0,85256.3,74200.3,32523.2,31284.2,0.0,76469.0,24414.6,34547.7,78399.8,37183.4,116357.6,89475.8,128652.3,161725.3,148
831.7,138882.0,25595.0,25989.0,43649.0,43649.0,85256.3,74200.3,32523.2,31284.2,0.0,76469.0,24775.5,34586.6,78399.8,37217.7,116391.9,89441.5,128652.3,161725.3,148
833.3,138882.0,25595.0,25989.0,43649.0,43649.0,85256.3,74200.3,32523.2,31284.2,0.0,76469.1,24775.5,34547.7,78399.9,37183.3,116357.6,89475.8,128652.3,161725.4,148
834.4,138882.0,25595.0,25989.0,43649.0,43649.0,85256.3,74200.3,32523.2,31284.2,0.0,76493.2,24775.5,34547.6,78425.0,37178.1,116377.6,89481.0,128652.3,161749.5,148
835.6,138882.0,25595.0,25989.0,43649.0,43649.0,85256.3,74200.3,32523.2,31284.2,0.0,76598.9,24775.5,34548.1,78534.5,37178.6,116487.8,89480.4,128652.3,161855.1,148
836.7,138882.0,25595.0,25989.0,43649.0,43649.0,85256.3,74200.3,32523.2,31284.2,0.0,76622.2,24775.5,34587.8,78558.4,37221.9,116555.0,89437.0,128652.3,161878.4,148
837.8,138882.0,25595.0,25989.0,43649.0,43649.0,85256.3,74200.3,32523.2,31284.2,0.0,76630.1,24775.5,34548.3,78566.6,37181.3,116522.6,89477.6,128652.3,161886.4,148
838.9,138882.0,25595.0,25989.0,43649.0,43649.0,85256.3,74200.3,32523.2,31284.2,0.0,76675.6,24775.5,34548.2,78614.0,37181.5,116570.3,89477.3,128652.3,161931.9,148
840.0,138882.0,25595.0,25989.0,43649.0,43649.0,85256.3,74200.3,32523.2,31284.2,0.0,76678.2,24775.5,34548.3,78617.0,37180.5,116572.3,89478.3,128652.3,161934.4,148
841.1,138882.0,25595.0,25989.0,43649.0,43649.0,85256.3,74200.3,32523.2,31284.2,0.0,76679.1,24775.5,34548.3,78618.0,37179.3,116572.1,89479.6,128652.3,161935.4,148
842.2,138882.0,25595.0,25989.0,43649.0,43649.0,85256.3,74200.3,32523.2,31284.2,0.0,76755.4,25093.5,34587.6,78696.3,37219.3,116690.4,89439.5,128652.3,162011.7,148
843.9,138882.0,25595.0,25989.0,43649.0,43649.0,85256.3,74200.3,32523.2,31284.2,0.0,76788.5,25093.5,34548.5,78731.5,37180.5,116686.9,89478.2,128652.3,162044.8,148
845.0,138882.0,25595.0,25989.0,43649.0,43649.0,85259.6,74203.6,32526.5,31287.5,0.0,76804.5,25093.5,34551.6,78748.7,37184.3,116708.0,89474.3,128652.3,162064.0,148
846.1,138882.0,25595.0,25989.0,43649.0,43649.0,85259.6,74203.7,32526.5,31287.5,0.0,76804.9,25093.5,34552.4,78749.4,37182.3,116706.6,89476.4,128652.3,162064.5,148
847.2,138882.0,25595.0,25989.0,43649.0,43649.0,85259.6,74203.7,32526.5,31287.5,0.0,76875.4,25093.5,34591.6,78822.5,37213.6,116811.1,89445.0,128652.3,162134.9,148
848.3,138882.0,25595.0,25989.0,43649.0,43649.0,85259.6,74203.7,32526.5,31287.5,0.0,76887.8,25093.5,34552.3,78835.4,37175.2,116785.7,89483.3,128652.3,162147.4,148
849.4,138882.0,25595.0,25989.0,43649.0,43649.0,85259.6,74203.7,32526.5,31287.5,0.0,76892.6,25093.5,34552.4,78840.3,37176.3,116791.7,89482.2,128652.3,162152.2,148
850.5,138882.0,25595.0,25989.0,43649.0,43649.0,85259.6,74203.7,32526.5,31287.5,0.0,76896.7,25093.5,34552.3,78843.9,37174.1,116793.2,89484.3,128652.3,162156.3,148
851.6,138882.0,25595.0,25989.0,43649.0,43649.0,85259.6,74203.7,32526.5,31287.5,0.0,76931.0,25093.5,34591.3,78879.3,37213.9,116868.5,89444.5,128652.3,162190.6,148
852.7,138882.0,25595.0,25989.0,43649.0,43649.0,85259.6,74203.7,32526.5,31287.5,0.0,77057.7,25371.7,34552.3,79012.2,37182.0,116969.5,89476.3,128652.3,162317.2,148
854.4,138882.0,25595.0,25989.0,43649.0,43649.0,85259.6,74203.7,32526.5,31287.5,0.0,77173.3,25371.7,34552.7,79132.1,37180.8,117088.4,89477.3,128652.3,162432.9,148
855.5,138882.0,25595.0,25989.0,43649.0,43649.0,85281.1,74225.2,32548.0,31309.0,0.0,77203.6,25371.7,34566.1,79165.2,37192.2,117132.9,89465.9,128652.3,162484.8,148
856.6,138882.0,25595.0,25989.0,43649.0,43649.0,85239.7,74183.8,32506.6,31267.6,0.0,77333.1,25371.7,34571.6,79299.7,37194.1,117269.5,89463.8,128652.3,162572.8,148
857.7,138882.0,25595.0,25989.0,43649.0,43649.0,85239.7,74183.8,32506.6,31267.6,0.0,77335.0,25371.7,34532.7,79301.7,37157.8,117235.2,89500.2,128652.3,162574.8,148
858.9,138882.0,25595.0,25989.0,43649.0,43649.0,85265.4,74209.5,32532.4,31293.3,0.0,77335.1,25371.7,34532.5,79301.8,37159.8,117237.2,89498.1,128652.3,162600.5,148
859.9,138882.0,25595.0,25989.0,43649.0,43649.0,85265.4,74209.5,32532.4,31293.3,0.0,77376.8,25371.7,34558.2,79344.6,37188.8,117309.2,89469.0,128652.3,162642.2,148
861.0,138882.0,25595.0,25989.0,43649.0,43649.0,85265.4,74209.5,32532.3,31293.3,0.0,77391.1,25371.7,34558.3,79359.5,37189.5,117324.8,89468.3,128652.3,162656.5,148
862.1,138882.0,25595.0,25989.0,43649.0,43649.0,85265.4,74209.5,32532.3,31293.3,0.0,77427.8,25371.7,34597.6,79397.9,37229.9,117403.7,89427.8,128652.3,162693.2,148
863.2,138882.0,25595.0,25989.0,43649.0,43649.0,85265.4,74209.5,32532.3,31293.3,0.0,77434.1,25757.0,34558.7,79404.6,37194.0,117374.4,89463.8,128652.3,162699.6,148
864.8,138882.0,25595.0,25989.0,43649.0,43649.0,85265.4,74209.5,32532.4,31293.3,0.0,77548.4,25757.0,34558.4,79523.6,37196.1,117495.7,89461.5,128652.3,162813.8,148
866.0,138882.0,25595.0,25989.0,43649.0,43649.0,85265.4,74209.5,32532.3,31293.3,0.0,77549.0,25757.0,34558.2,79524.6,37196.8,117497.5,89460.7,128652.3,162814.5,148
867.1,138882.0,25595.0,25989.0,43649.0,43649.0,85265.4,74209.5,32532.3,31293.3,0.0,77549.9,25757.0,34597.6,79525.4,37231.4,117532.9,89426.1,128652.3,162815.3,148
868.2,138882.0,25595.0,25989.0,43649.0,43649.0,85265.4,74209.5,32532.4,31293.3,0.0,77574.4,25757.0,34558.2,79551.0,37195.6,117522.7,89461.9,128652.3,162839.8,148
869.4,138882.0,25595.0,25989.0,43649.0,43649.0,85265.4,74209.5,32532.4,31293.3,0.0,77733.5,25757.0,34558.2,79717.1,37198.9,117692.3,89458.3,128652.3,162998.9,148
870.4,138882.0,25595.0,25989.0,43649.0,43649.0,85272.1,74216.2,32539.0,31300.0,0.0,77800.6,25757.0,34563.3,79785.9,37202.2,117764.6,89455.0,128652.3,163072.7,148
871.5,138882.0,25595.0,25989.0,43649.0,43649.0,85272.1,74216.2,32539.0,31300.0,0.0,77815.2,25757.0,34602.6,79801.4,37239.7,117817.6,89417.4,128652.3,163087.4,148
872.6,138882.0,25595.0,25989.0,43649.0,43649.0,85272.1,74216.2,32539.0,31300.0,0.0,77815.3,25757.0,34563.2,79801.6,37202.6,117780.6,89454.6,128652.3,163087.4,148
873.7,138882.0,25595.0,25989.0,43649.0,43649.0,85272.1,74216.2,32539.0,31300.0,0.0,77850.0,26175.5,34563.2,79838.1,37198.3,117812.9,89458.7,128652.3,163122.1,148
875.4,138882.0,25595.0,25989.0,43649.0,43649.0,85272.1,74216.2,32539.0,31300.0,0.0,77879.0,26175.5,34563.4,79868.5,37201.8,117846.9,89455.1,128652.3,163151.2,148
876.5,138882.0,25595.0,25989.0,43649.0,43649.0,85272.1,74216.2,32539.0,31300.0,0.0,77951.5,26175.5,34602.6,79943.6,37244.3,117964.7,89412.5,128652.3,163223.6,148
877.6,138882.0,25595.0,25989.0,43649.0,43649.0,85272.1,74216.2,32539.0,31300.0,0.0,77956.8,26175.5,34563.2,79949.8,37209.8,117936.4,89447.0,128652.3,163229.0,148
878.7,138882.0,25595.0,25989.0,43649.0,43649.0,85272.1,74216.2,32539.0,31300.0,0.0,77970.9,26175.5,34563.2,79964.6,37207.6,117949.0,89449.2,128652.3,163243.1,148
879.8,138882.0,25595.0,25989.0,43649.0,43649.0,85272.1,74216.2,32539.0,31300.0,0.0,77986.8,26175.5,34563.4,79981.1,37208.6,117966.5,89448.2,128652.3,163258.9,148
880.9,138882.0,25595.0,25989.0,43649.0,43649.0,85272.1,74216.2,32539.0,31300.0,0.0,78029.5,26175.5,34563.3,80024.9,37208.9,118010.6,89447.9,128652.3,163301.6,148
882.0,138882.0,25595.0,25989.0,43649.0,43649.0,85272.1,74216.2,32539.0,31300.0,0.0,78066.3,26175.5,34602.8,80063.3,37247.6,118087.8,89409.1,128652.3,163338.4,148
883.1,138882.0,25595.0,25989.0,43649.0,43649.0,85272.1,74216.2,32539.0,31300.0,0.0,78199.5,26175.5,34563.4,80202.7,37210.4,118190.2,89446.2,128652.3,163471.6,148
884.3,138882.0,25595.0,25989.0,43649.0,43649.0,85272.2,74216.2,32539.0,31300.0,0.0,78199.5,26504.7,34563.3,80202.8,37205.8,118185.7,89450.7,128652.3,163471.7,148
885.9,138882.0,25595.0,25989.0,43649.0,43649.0,85272.2,74216.2,32539.0,31300.0,0.0,78199.6,26504.7,34563.8,80202.6,37210.5,118190.3,89445.9,128652.3,163471.8,148
887.0,138882.0,25595.0,25989.0,43649.0,43649.0,85280.6,74224.7,32547.5,31308.5,0.0,78292.2,26504.7,34610.8,80299.0,37247.7,118323.9,89408.7,128652.3,163572.8,148
888.1,138882.0,25595.0,25989.0,43649.0,43649.0,85280.7,74224.7,32547.5,31308.5,0.0,78292.9,26504.7,34571.8,80299.9,37212.5,118289.6,89443.9,128652.3,163573.6,148
889.2,138882.0,25595.0,25989.0,43649.0,43649.0,85280.7,74224.7,32547.5,31308.5,0.0,78358.0,26504.7,34571.9,80368.1,37212.2,118357.6,89444.0,128652.3,163638.6,148
890.3,138882.0,25595.0,25989.0,43649.0,43649.0,85280.7,74224.7,32547.5,31308.5,0.0,78358.0,26504.7,34571.8,80368.1,37209.3,118354.8,89446.9,128652.3,163638.7,148
891.4,138882.0,25595.0,25989.0,43649.0,43649.0,85280.7,74224.7,32547.5,31308.5,0.0,78489.1,26504.7,34611.7,80504.6,37247.1,118529.3,89408.9,128652.3,163769.8,148
892.5,138882.0,25595.0,25989.0,43649.0,43649.0,85280.7,74224.7,32547.5,31308.5,0.0,78490.0,26504.7,34572.2,80505.7,37213.5,118496.8,89442.5,128652.3,163770.7,148
893.6,138882.0,25595.0,25989.0,43649.0,43649.0,85281.7,74225.7,32548.6,31309.6,0.0,78496.4,26504.7,34572.9,80512.3,37219.9,118509.8,89436.1,128652.3,163778.1,148
894.7,138882.0,25595.0,25989.0,43649.0,43649.0,85281.7,74225.7,32548.6,31309.6,0.0,78496.4,26827.9,34572.9,80511.8,37220.5,118509.9,89435.6,128652.3,163778.1,148
896.4,138882.0,25595.0,25989.0,43649.0,43649.0,85281.7,74225.7,32548.6,31309.6,0.0,78523.0,26827.9,34609.9,80539.4,37255.7,118572.8,89400.3,128652.3,163804.7,148
897.5,138882.0,25595.0,25989.0,43649.0,43649.0,85281.7,74225.7,32548.6,31309.6,0.0,78527.9,26827.9,34612.3,80544.7,37260.2,118582.6,89395.8,128652.3,163809.6,148
898.6,138882.0,25595.0,25989.0,43649.0,43649.0,85281.7,74225.7,32548.6,31309.6,0.0,78563.4,26827.9,34573.1,80581.4,37216.8,118575.9,89439.1,128652.3,163845.1,148
899.7,138882.0,25595.0,25989.0,43649.0,43649.0,85281.7,74225.7,32548.6,31309.6,0.0,78640.6,26827.9,34573.1,80662.1,37217.1,118657.1,89438.6,128652.3,163922.3,148
900.7,138882.0,25595.0,25989.0,43649.0,43649.0,85281.7,74225.7,32548.6,31309.6,0.0,78690.4,26827.9,34573.0,80714.1,37218.8,118710.8,89436.9,128652.3,163972.1,148
901.8,138882.0,25595.0,25989.0,43649.0,43649.0,85281.7,74225.7,32548.6,31309.6,0.0,78690.4,26827.9,34612.3,80714.1,37255.9,118747.9,89399.8,128652.3,163972.2,148
902.9,138882.0,25595.0,25989.0,43649.0,43649.0,85281.7,74225.7,32548.6,31309.6,0.0,78690.5,26827.9,34573.1,80714.2,37222.8,118714.9,89432.9,128652.3,163972.2,148
904.0,138882.0,25595.0,25989.0,43649.0,43649.0,85281.7,74225.7,32548.6,31309.6,0.0,78690.5,26827.9,34573.5,80714.2,37222.6,118714.7,89433.1,128652.3,163972.2,148
905.1,138882.0,25595.0,25989.0,43649.0,43649.0,85281.7,74225.7,32548.6,31309.6,0.0,78690.5,26995.5,34573.0,80714.2,37223.4,118715.6,89432.2,128652.3,163972.2,148
906.7,138882.0,25595.0,25989.0,43649.0,43649.0,85281.7,74225.7,32548.6,31309.6,0.0,78690.7,26995.5,34613.5,80714.3,37261.1,118753.3,89394.6,128652.3,163972.4,148
907.8,138882.0,25595.0,25989.0,43649.0,43649.0,85281.7,74225.7,32548.6,31309.6,0.0,78690.8,26995.5,34573.7,80714.5,37223.2,118715.6,89432.4,128652.3,163972.5,148
908.9,138882.0,25595.0,25989.0,43649.0,43649.0,85281.7,74225.7,32548.6,31309.6,0.0,78769.1,26995.5,34573.8,80795.6,37222.6,118796.3,89432.9,128652.3,164050.9,148
910.0,138882.0,25595.0,25989.0,43649.0,43649.0,85281.7,74225.7,32548.6,31309.6,0.0,78787.5,26995.5,34573.7,80814.9,37221.7,118814.7,89433.8,128652.3,164069.2,148
911.1,138882.0,25595.0,25989.0,43649.0,43649.0,85281.7,74225.7,32548.6,31309.6,0.0,78824.0,26995.5,34573.7,80852.9,37223.6,118854.6,89431.8,128652.3,164105.8,148
912.2,138882.0,25595.0,25989.0,43649.0,43649.0,85281.7,74225.7,32548.6,31309.6,0.0,78841.3,26995.5,34613.1,80870.9,37263.3,118912.4,89392.1,128652.3,164123.0,148
913.3,138882.0,25595.0,25989.0,43649.0,43649.0,85291.1,74235.1,32557.9,31318.9,0.0,78951.9,26995.5,34582.7,80990.0,37238.1,119006.5,89417.1,128652.3,164243.0,148
914.4,138882.0,25595.0,25989.0,43649.0,43649.0,85240.1,74184.1,32506.9,31267.9,0.0,79005.6,26995.5,34532.2,81044.0,37177.3,118999.8,89477.9,128652.3,164245.7,148
915.5,138882.0,25595.0,25989.0,43649.0,43649.0,85240.1,74184.1,32506.9,31267.9,0.0,79006.0,27481.2,34532.6,81044.3,37176.4,118999.2,89478.7,128652.3,164246.1,148
917.2,138882.0,25595.0,25989.0,43649.0,43649.0,85242.2,74186.2,32509.0,31270.0,0.0,79351.0,27481.2,34574.1,81404.1,37222.5,119405.7,89432.0,128652.3,164593.2,148
918.4,138882.0,25595.0,25989.0,43649.0,43649.0,85260.9,74204.9,32527.8,31288.8,0.0,79368.9,27481.2,34553.0,81422.5,37197.7,119399.3,89456.8,128652.3,164629.8,148
919.5,138882.0,25595.0,25989.0,43649.0,43649.0,85260.9,74204.9,32527.8,31288.8,0.0,79368.9,27481.2,34553.0,81422.8,37198.3,119400.2,89456.2,128652.3,164629.9,148
920.6,138882.0,25595.0,25989.0,43649.0,43649.0,85260.9,74204.9,32527.8,31288.8,0.0,79368.9,27481.2,34553.0,81422.8,37198.6,119400.5,89455.9,128652.3,164629.9,148
921.7,138882.0,25595.0,25989.0,43649.0,43649.0,85262.6,74206.6,32529.4,31290.4,0.0,79516.1,27481.2,34592.4,81575.6,37237.0,119592.0,89417.1,128652.3,164778.7,148
922.8,138882.0,25595.0,25989.0,43649.0,43649.0,85262.7,74206.7,32529.5,31290.5,0.0,79517.2,27481.2,34555.4,81577.4,37200.4,119557.2,89453.8,128652.3,164779.9,148
923.9,138882.0,25595.0,25989.0,43649.0,43649.0,85262.7,74206.7,32529.5,31290.5,0.0,79517.2,27481.2,34554.7,81577.4,37201.4,119558.3,89452.7,128652.3,164779.9,148
925.0,138882.0,25595.0,25989.0,43649.0,43649.0,85262.7,74206.7,32529.5,31290.5,0.0,79584.6,27481.2,34555.2,81647.1,37201.4,119628.1,89452.6,128652.3,164847.3,148
926.1,138882.0,25595.0,25989.0,43649.0,43649.0,85262.7,74206.7,32529.5,31290.5,0.0,79591.6,27935.8,34554.6,81654.1,37202.6,119636.3,89451.4,128652.3,164854.3,148
927.8,138882.0,25595.0,25989.0,43649.0,43649.0,85262.8,74206.8,32529.7,31290.7,0.0,79639.3,27935.8,34555.0,81705.4,37205.2,119690.2,89448.7,128652.3,164902.1,148
928.9,138882.0,25595.0,25989.0,43649.0,43649.0,85262.8,74206.8,32529.7,31290.7,0.0,79646.0,27935.8,34554.8,81712.1,37205.2,119697.0,89448.7,128652.3,164908.8,148
930.0,138882.0,25595.0,25989.0,43649.0,43649.0,85262.8,74206.8,32529.7,31290.7,0.0,79651.3,27935.8,34555.0,81717.6,37203.8,119701.1,89450.1,128652.3,164914.1,148
931.1,138882.0,25595.0,25989.0,43649.0,43649.0,85262.8,74206.8,32529.7,31290.7,0.0,79660.8,27935.8,34554.9,81727.4,37203.9,119711.0,89449.9,128652.3,164923.7,148
932.2,138882.0,25595.0,25989.0,43649.0,43649.0,85262.8,74206.9,32529.7,31290.7,0.0,79664.1,27935.8,34594.8,81731.0,37241.1,119751.8,89412.8,128652.3,164926.9,148
933.3,138882.0,25595.0,25989.0,43649.0,43649.0,85262.9,74206.9,32529.7,31290.7,0.0,79673.1,27935.8,34555.4,81740.5,37200.4,119720.6,89453.5,128652.3,164936.0,148
934.4,138882.0,25595.0,25989.0,43649.0,43649.0,85262.9,74206.9,32529.7,31290.7,0.0,79698.8,27935.8,34555.2,81766.9,37199.2,119745.8,89454.7,128652.3,164961.7,148
935.5,138882.0,25595.0,25989.0,43649.0,43649.0,85262.9,74206.9,32529.7,31290.7,0.0,79699.2,27935.8,34555.0,81767.7,37196.3,119743.7,89457.5,128652.3,164962.1,148
936.7,138882.0,25595.0,25989.0,43649.0,43649.0,85291.4,74235.4,32558.2,31319.2,0.0,79721.2,28032.4,34622.8,81792.7,37265.1,119837.6,89388.7,128652.3,165012.6,148
938.4,138882.0,25595.0,25989.0,43649.0,43649.0,85244.0,74188.0,32510.8,31271.8,0.0,79731.3,28032.4,34536.3,81800.9,37171.6,119752.3,89482.2,128652.3,164975.2,148
939.5,138882.0,25595.0,25989.0,43649.0,43649.0,85244.0,74188.0,32510.8,31271.8,0.0,79732.6,28032.4,34536.2,81802.4,37171.7,119753.9,89482.1,128652.3,164976.5,148
940.6,138882.0,25595.0,25989.0,43649.0,43649.0,85244.0,74188.0,32510.8,31271.8,0.0,79784.7,28032.4,34536.1,81856.3,37173.7,119809.8,89480.1,128652.3,165028.6,148
941.8,138882.0,25595.0,25989.0,43649.0,43649.0,85244.0,74188.0,32510.8,31271.8,0.0,79788.7,28032.4,34575.7,81860.5,37213.4,119853.9,89440.2,128652.3,165032.7,148
942.9,138882.0,25595.0,25989.0,43649.0,43649.0,85244.0,74188.0,32510.8,31271.8,0.0,79793.9,28032.4,34536.6,81866.0,37176.0,119821.8,89477.7,128652.3,165037.9,148
944.0,138882.0,25595.0,25989.0,43649.0,43649.0,85244.0,74188.0,32510.8,31271.8,0.0,79798.4,28032.4,34536.1,81870.6,37175.9,119826.3,89477.8,128652.3,165042.4,148
945.1,138882.0,25595.0,25989.0,43649.0,43649.0,85271.7,74215.7,32538.6,31299.5,0.0,79912.0,28032.4,34563.4,81989.8,37203.8,119973.7,89449.7,128652.3,165183.7,148
946.3,138882.0,25595.0,25989.0,43649.0,43649.0,85271.7,74215.7,32538.5,31299.5,0.0,79915.5,28032.4,34566.8,81993.1,37202.6,119975.8,89450.9,128652.3,165187.2,148
947.4,138882.0,25595.0,25989.0,43649.0,43649.0,85271.7,74215.7,32538.6,31299.5,0.0,79918.8,28348.5,34603.4,81996.6,37236.4,120013.1,89417.1,128652.3,165190.5,148
949.1,138882.0,25595.0,25989.0,43649.0,43649.0,85271.7,74215.7,32538.6,31299.5,0.0,80053.3,28348.5,34564.3,82136.4,37200.5,120117.2,89452.7,128652.3,165325.0,148
950.2,138882.0,25595.0,25989.0,43649.0,43649.0,85271.7,74215.7,32538.6,31299.5,0.0,80076.0,28348.5,34564.4,82160.0,37197.1,120137.5,89456.1,128652.3,165347.7,148
951.4,138882.0,25595.0,25989.0,43649.0,43649.0,85271.7,74215.7,32538.6,31299.5,0.0,80083.3,28348.5,34600.0,82167.6,37233.7,120181.8,89419.4,128652.3,165355.0,148
952.5,138882.0,25595.0,25989.0,43649.0,43649.0,85271.7,74215.7,32538.6,31299.6,0.0,80150.1,28348.5,34603.1,82237.7,37238.9,120257.2,89414.2,128652.3,165421.9,148
953.6,138882.0,25595.0,25989.0,43649.0,43649.0,85271.7,74215.7,32538.6,31299.6,0.0,80166.2,28348.5,34563.1,82254.0,37202.4,120236.9,89450.6,128652.3,165437.9,148
954.7,138882.0,25595.0,25989.0,43649.0,43649.0,85271.7,74215.7,32538.6,31299.6,0.0,80171.5,28348.5,34563.1,82259.5,37200.1,120240.2,89452.9,128652.3,165443.3,148
955.8,138882.0,25595.0,25989.0,43649.0,43649.0,85271.7,74215.7,32538.6,31299.6,0.0,80214.5,28348.5,34563.2,82303.7,37200.8,120285.1,89452.2,128652.3,165486.2,148
956.9,138882.0,25595.0,25989.0,43649.0,43649.0,85271.7,74215.7,32538.6,31299.6,0.0,80233.4,28348.5,34563.6,82323.3,37200.6,120304.5,89452.4,128652.3,165505.1,148
958.1,138882.0,25595.0,25989.0,43649.0,43649.0,85271.7,74215.7,32538.6,31299.6,0.0,80252.3,28653.9,34563.2,82342.9,37204.6,120328.3,89448.2,128652.3,165524.0,148
959.8,138882.0,25595.0,25989.0,43649.0,43649.0,85271.7,74215.7,32538.6,31299.6,0.0,80352.2,28653.9,34563.6,82446.8,37203.8,120431.4,89448.9,128652.3,165623.9,148
960.9,138882.0,25595.0,25989.0,43649.0,43649.0,85271.7,74215.7,32538.6,31299.6,0.0,80359.1,28653.9,34563.2,82454.0,37202.4,120437.2,89450.3,128652.3,165630.9,148
962.0,138882.0,25595.0,25989.0,43649.0,43649.0,85271.7,74215.7,32538.6,31299.6,0.0,80379.8,28653.9,34588.0,82476.5,37227.1,120484.5,89425.5,128652.3,165651.5,148
963.1,138882.0,25595.0,25989.0,43649.0,43649.0,85271.7,74215.7,32538.6,31299.6,0.0,80381.5,28653.9,34563.3,82478.0,37203.8,120462.8,89448.8,128652.3,165653.2,148
964.2,138882.0,25595.0,25989.0,43649.0,43649.0,85271.7,74215.7,32538.6,31299.6,0.0,80385.0,28653.9,34563.3,82481.6,37203.8,120466.4,89448.8,128652.3,165656.7,148
965.3,138882.0,25595.0,25989.0,43649.0,43649.0,85279.0,74223.0,32545.9,31306.9,0.0,80395.3,28653.9,34570.6,82491.5,37206.0,120478.5,89446.6,128652.3,165674.4,148
966.4,138882.0,25595.0,25989.0,43649.0,43649.0,85279.0,74223.0,32545.9,31306.9,0.0,80413.7,28653.9,34610.0,82511.3,37245.4,120537.6,89407.2,128652.3,165692.7,148
967.5,138882.0,25595.0,25989.0,43649.0,43649.0,85230.4,74174.4,32497.2,31258.2,0.0,80551.9,28653.9,34562.0,82655.6,37190.8,120627.7,89461.6,128652.3,165782.3,148
968.6,138882.0,25595.0,25989.0,43649.0,43649.0,85230.4,74174.4,32497.2,31258.2,0.0,80564.5,28878.9,34522.0,82668.7,37155.7,120605.7,89496.7,128652.3,165794.9,148
970.3,138882.0,25595.0,25989.0,43649.0,43649.0,85239.5,74183.5,32506.4,31267.3,0.0,80577.2,28878.9,34530.8,82681.9,37166.3,120629.5,89486.1,128652.3,165816.7,148
971.4,138882.0,25595.0,25989.0,43649.0,43649.0,85239.5,74183.5,32506.3,31267.3,0.0,80577.8,28878.9,34570.0,82683.0,37203.0,120667.3,89449.3,128652.3,165817.3,148
972.5,138882.0,25595.0,25989.0,43649.0,43649.0,85239.5,74183.5,32506.4,31267.3,0.0,80584.4,28878.9,34570.7,82689.6,37199.7,120670.6,89452.6,128652.3,165823.9,148
973.6,138882.0,25595.0,25989.0,43649.0,43649.0,85239.5,74183.5,32506.4,31267.3,0.0,80592.8,28878.9,34531.3,82698.3,37163.8,120643.4,89488.5,128652.3,165832.3,148
974.7,138882.0,25595.0,25989.0,43649.0,43649.0,85239.5,74183.5,32506.4,31267.3,0.0,80598.2,28878.9,34531.1,82703.9,37161.6,120646.8,89490.7,128652.3,165837.7,148
975.8,138882.0,25595.0,25989.0,43649.0,43649.0,85257.4,74201.4,32524.3,31285.3,0.0,80690.0,28878.9,34549.1,82802.6,37210.1,120794.2,89442.0,128652.3,165947.5,148
976.9,138882.0,25595.0,25989.0,43649.0,43649.0,85260.2,74204.2,32527.0,31288.0,0.0,80704.1,28878.9,34551.7,82816.5,37194.7,120792.7,89457.4,128652.3,165964.3,148
978.1,138882.0,25595.0,25989.0,43649.0,43649.0,85257.4,74201.4,32524.3,31285.3,0.0,80722.5,28878.9,34549.1,82835.0,37186.4,120802.9,89465.6,128652.3,165979.9,148
979.2,138882.0,25595.0,25989.0,43649.0,43649.0,85257.4,74201.4,32524.3,31285.3,0.0,80735.5,29038.6,34549.0,82848.1,37187.1,120816.8,89464.9,128652.3,165992.9,148
980.8,138882.0,25595.0,25989.0,43649.0,43649.0,85257.4,74201.4,32524.3,31285.3,0.0,80740.4,29038.6,34549.6,82852.6,37190.0,120824.2,89462.0,128652.3,165997.8,148
982.0,138882.0,25595.0,25989.0,43649.0,43649.0,85257.4,74201.4,32524.3,31285.3,0.0,80762.8,29038.6,34559.5,82875.8,37199.7,120857.1,89452.2,128652.3,166020.2,148
983.1,138882.0,25595.0,25989.0,43649.0,43649.0,85257.4,74201.4,32524.3,31285.3,0.0,80828.9,29038.6,34549.7,82944.9,37195.4,120922.2,89456.4,128652.3,166086.4,148
984.2,138882.0,25595.0,25989.0,43649.0,43649.0,85257.4,74201.4,32524.3,31285.3,0.0,80829.0,29038.6,34549.7,82945.0,37194.5,120921.3,89457.3,128652.3,166086.4,148
985.3,138882.0,25595.0,25989.0,43649.0,43649.0,85257.4,74201.4,32524.3,31285.3,0.0,80829.0,29038.6,34549.5,82945.0,37194.6,120921.4,89457.2,128652.3,166086.4,148
986.4,138882.0,25595.0,25989.0,43649.0,43649.0,85257.4,74201.4,32524.3,31285.3,0.0,80829.0,29038.6,34588.9,82945.0,37232.4,120959.2,89419.4,128652.3,166086.4,148
987.5,138882.0,25595.0,25989.0,43649.0,43649.0,85257.4,74201.4,32524.3,31285.3,0.0,80829.0,29038.6,34589.1,82945.1,37228.3,120955.2,89423.5,128652.3,166086.4,148
988.6,138882.0,25595.0,25989.0,43649.0,43649.0,85296.0,74240.0,32562.8,31323.8,0.0,80988.4,29038.6,34587.9,83111.6,37238.7,121132.4,89412.8,128652.3,166284.4,148
989.7,138882.0,25595.0,25989.0,43649.0,43649.0,85296.0,74240.0,32562.8,31323.8,0.0,80994.4,29407.1,34588.3,83117.3,37233.9,121133.3,89417.6,128652.3,166290.3,148
991.5,138882.0,25595.0,25989.0,43649.0,43649.0,85296.0,74240.0,32562.8,31323.8,0.0,81118.1,29407.1,34627.5,83246.0,37270.3,121298.6,89381.0,128652.3,166414.0,148
992.6,138882.0,25595.0,25989.0,43649.0,43649.0,85296.0,74240.0,32562.8,31323.8,0.0,81130.4,29407.1,34588.9,83258.8,37230.7,121271.9,89420.5,128652.3,166426.4,148
993.7,138882.0,25595.0,25989.0,43649.0,43649.0,85296.0,74240.0,32562.8,31323.8,0.0,81242.8,29407.1,34588.3,83376.1,37232.8,121391.3,89418.3,128652.3,166538.8,148
994.8,138882.0,25595.0,25989.0,43649.0,43649.0,85296.0,74240.0,32562.8,31323.8,0.0,81242.9,29407.1,34588.3,83376.2,37232.5,121391.2,89418.5,128652.3,166538.9,148
995.9,138882.0,25595.0,25989.0,43649.0,43649.0,85296.0,74240.0,32562.8,31323.8,0.0,81242.9,29407.1,34588.3,83376.2,37233.3,121392.0,89417.8,128652.3,166538.9,148
997.0,138882.0,25595.0,25989.0,43649.0,43649.0,85296.0,74240.0,32562.8,31323.8,0.0,81242.9,29407.1,34618.8,83376.2,37264.1,121422.8,89387.0,128652.3,166538.9,148
998.1,138882.0,25595.0,25989.0,43649.0,43649.0,85296.0,74240.0,32562.8,31323.8,0.0,81243.0,29407.1,34588.3,83376.4,37236.6,121395.5,89414.4,128652.3,166538.9,148
999.2,138882.0,25595.0,25989.0,43649.0,43649.0,85296.0,74240.0,32562.8,31323.8,0.0,81372.5,29407.1,34588.5,83510.8,37238.6,121532.2,89412.2,128652.3,166668.5,148
1000.2,138882.0,25595.0,25989.0,43649.0,43649.0,85296.0,74240.0,32562.8,31323.8,0.0,81373.4,29676.1,34588.3,83512.6,37238.0,121533.3,89412.9,128652.3,166669.4,148
1001.9,138882.0,25595.0,25989.0,43649.0,43649.0,85296.0,74240.0,32562.8,31323.8,0.0,81373.4,29676.1,34588.5,83512.6,37238.8,121534.2,89412.0,128652.3,166669.4,148
1003.0,138882.0,25595.0,25989.0,43649.0,43649.0,85296.0,74240.0,32562.9,31323.8,0.0,81533.7,29676.1,34588.4,83678.9,37237.7,121699.6,89412.9,128652.3,166829.7,148
1004.1,138882.0,25595.0,25989.0,43649.0,43649.0,85296.0,74240.0,32562.9,31323.8,0.0,81556.0,29676.1,34588.4,83701.9,37238.0,121723.0,89412.5,128652.3,166852.0,148
1005.1,138882.0,25595.0,25989.0,43649.0,43649.0,85296.0,74240.0,32562.9,31323.8,0.0,81561.5,29676.1,34588.4,83707.7,37237.5,121728.3,89413.0,128652.3,166857.5,148
1006.2,138882.0,25595.0,25989.0,43649.0,43649.0,85296.0,74240.0,32562.8,31323.8,0.0,81566.1,29676.1,34588.4,83712.4,37238.6,121734.0,89411.9,128652.3,166862.1,148
1007.4,138882.0,25595.0,25989.0,43649.0,43649.0,85296.0,74240.0,32562.9,31323.8,0.0,81577.9,29676.1,34627.8,83724.9,37277.9,121785.9,89372.6,128652.3,166874.0,148
1008.5,138882.0,25595.0,25989.0,43649.0,43649.0,85296.0,74240.0,32562.9,31323.8,0.0,81606.2,29676.1,34588.4,83754.4,37239.1,121776.6,89411.4,128652.3,166902.2,148
1009.6,138882.0,25595.0,25989.0,43649.0,43649.0,85296.0,74240.0,32562.9,31323.8,0.0,81609.5,29676.1,34588.4,83757.9,37239.1,121780.1,89411.3,128652.3,166905.5,148
1010.6,138882.0,25595.0,25989.0,43649.0,43649.0,85296.0,74240.0,32562.9,31323.8,0.0,81611.0,29936.2,34588.8,83759.4,37239.7,121782.2,89410.7,128652.3,166907.0,148
1012.4,138882.0,25595.0,25989.0,43649.0,43649.0,85296.0,74240.0,32562.9,31323.9,0.0,81687.9,29936.2,34628.5,83839.3,37282.0,121904.6,89368.2,128652.3,166983.9,148
1013.5,138882.0,25595.0,25989.0,43649.0,43649.0,85296.0,74240.0,32562.9,31323.9,0.0,81701.8,29936.2,34589.1,83854.6,37237.4,121875.3,89412.8,128652.3,166997.9,148
1014.6,138882.0,25595.0,25989.0,43649.0,43649.0,85296.0,74240.0,32562.9,31323.9,0.0,81730.7,29936.2,34589.1,83884.7,37238.7,121906.8,89411.5,128652.3,167026.7,148
1015.7,138882.0,25595.0,25989.0,43649.0,43649.0,85296.0,74240.0,32562.9,31323.9,0.0,81731.5,29936.2,34589.1,83885.5,37238.9,121907.8,89411.3,128652.3,167027.5,148
1016.8,138882.0,25595.0,25989.0,43649.0,43649.0,85296.0,74240.0,32562.9,31323.9,0.0,81833.0,29936.2,34628.9,83992.0,37272.3,122047.8,89377.7,128652.3,167129.1,148
1017.9,138882.0,25595.0,25989.0,43649.0,43649.0,85248.4,74192.4,32515.2,31276.2,0.0,82013.6,29936.2,34542.4,84179.6,37175.3,122138.8,89474.5,128652.3,167262.0,148
1019.0,138882.0,25595.0,25989.0,43649.0,43649.0,85287.4,74231.4,32554.2,31315.2,0.0,82138.7,29936.2,34541.7,84309.3,37177.9,122271.2,89471.7,128652.3,167426.1,148
1020.2,138882.0,25595.0,25989.0,43649.0,43649.0,85287.4,74231.4,32554.2,31315.2,0.0,82176.8,29936.2,34580.5,84349.5,37212.3,122345.9,89437.2,128652.3,167464.2,148
1021.3,138882.0,25595.0,25989.0,43649.0,43649.0,85287.4,74231.4,32554.2,31315.2,0.0,82176.9,30479.2,34580.5,84349.5,37212.8,122346.5,89436.6,128652.3,167464.3,148
1023.0,138882.0,25595.0,25989.0,43649.0,43649.0,85287.4,74231.4,32554.2,31315.2,0.0,82177.0,30479.2,34580.7,84349.7,37213.1,122346.9,89436.4,128652.3,167464.4,148
1024.1,138882.0,25595.0,25989.0,43649.0,43649.0,85287.4,74231.4,32554.2,31315.2,0.0,82294.1,30479.2,34580.5,84471.8,37216.8,122473.0,89432.4,128652.3,167581.5,148
1025.1,138882.0,25595.0,25989.0,43649.0,43649.0,85287.4,74231.4,32554.2,31315.2,0.0,82294.2,30479.2,34580.5,84471.7,37215.9,122472.0,89433.3,128652.3,167581.6,148
1026.2,138882.0,25595.0,25989.0,43649.0,43649.0,85287.4,74231.4,32554.2,31315.2,0.0,82316.9,30479.2,34580.5,84495.3,37214.4,122494.2,89434.8,128652.3,167604.3,148
1027.4,138882.0,25595.0,25989.0,43649.0,43649.0,85287.4,74231.4,32554.2,31315.2,0.0,82397.9,30479.2,34620.1,84579.9,37249.3,122613.7,89399.7,128652.3,167685.2,148
1028.5,138882.0,25595.0,25989.0,43649.0,43649.0,85287.4,74231.4,32554.2,31315.2,0.0,82416.2,30479.2,34580.5,84598.8,37213.9,122597.3,89435.1,128652.3,167703.6,148
1029.6,138882.0,25595.0,25989.0,43649.0,43649.0,85287.4,74231.4,32554.2,31315.2,0.0,82455.5,30479.2,34580.5,84640.2,37214.8,122639.7,89434.1,128652.3,167742.9,148
1030.6,138882.0,25595.0,25989.0,43649.0,43649.0,85287.4,74231.4,32554.2,31315.2,0.0,82455.6,30479.2,34580.6,84640.2,37214.8,122639.8,89434.1,128652.3,167742.9,148
1031.7,138882.0,25595.0,25989.0,43649.0,43649.0,85287.4,74231.4,32554.2,31315.2,0.0,82455.6,30771.6,34620.1,84640.2,37254.5,122679.5,89394.4,128652.3,167742.9,148
1033.4,138882.0,25595.0,25989.0,43649.0,43649.0,85287.4,74231.4,32554.2,31315.2,0.0,82480.5,30771.6,34580.4,84666.2,37215.8,122666.7,89433.1,128652.3,167767.9,148
1034.5,138882.0,25595.0,25989.0,43649.0,43649.0,85287.7,74231.7,32554.5,31315.5,0.0,82480.6,30771.6,34580.5,84666.4,37216.8,122668.0,89432.0,128652.3,167768.3,148
1035.6,138882.0,25595.0,25989.0,43649.0,43649.0,85290.2,74234.2,32557.1,31318.1,0.0,82604.5,30771.6,34583.4,84795.6,37224.5,122805.0,89424.2,128652.3,167894.7,148
1036.7,138882.0,25595.0,25989.0,43649.0,43649.0,85290.2,74234.2,32557.1,31318.1,0.0,82714.3,30771.6,34622.8,84910.2,37267.8,122963.0,89380.8,128652.3,168004.6,148
1037.8,138882.0,25595.0,25989.0,43649.0,43649.0,85290.2,74234.2,32557.1,31318.1,0.0,82734.3,30771.6,34623.2,84931.3,37266.5,122982.9,89382.1,128652.3,168024.5,148
1038.9,138882.0,25595.0,25989.0,43649.0,43649.0,85290.2,74234.2,32557.1,31318.1,0.0,82757.2,30771.6,34583.7,84955.3,37229.5,122969.8,89419.0,128652.3,168047.4,148
1039.9,138882.0,25595.0,25989.0,43649.0,43649.0,85290.2,74234.2,32557.1,31318.1,0.0,82757.3,30771.6,34583.5,84955.4,37229.7,122970.2,89418.7,128652.3,168047.5,148
1041.0,138882.0,25595.0,25989.0,43649.0,43649.0,85290.2,74234.2,32557.1,31318.1,0.0,82786.3,30771.6,34583.4,84985.6,37225.8,122996.6,89422.5,128652.3,168076.6,148
1042.2,138882.0,25595.0,25989.0,43649.0,43649.0,85292.2,74236.2,32559.0,31320.0,0.0,82845.4,31178.0,34624.3,85048.4,37269.8,123103.5,89378.5,128652.3,168137.6,148
1044.0,138882.0,25595.0,25989.0,43649.0,43649.0,85292.2,74236.2,32559.0,31320.0,0.0,82891.7,31178.0,34585.6,85095.8,37237.2,123118.5,89411.0,128652.3,168183.8,148
1045.0,138882.0,25595.0,25989.0,43649.0,43649.0,85292.2,74236.2,32559.0,31320.0,0.0,82944.0,31178.0,34585.3,85150.7,37238.5,123174.7,89409.6,128652.3,168236.1,148
1046.1,138882.0,25595.0,25989.0,43649.0,43649.0,85292.2,74236.2,32559.0,31320.0,0.0,82952.1,31178.0,34585.9,85159.1,37237.6,123182.2,89410.5,128652.3,168244.2,148
1047.2,138882.0,25595.0,25989.0,43649.0,43649.0,85297.2,74241.2,32564.1,31325.0,0.0,82968.3,31178.0,34630.7,85176.9,37281.9,123244.3,89366.1,128652.3,168265.5,148
1048.3,138882.0,25595.0,25989.0,43649.0,43649.0,85297.2,74241.2,32564.1,31325.0,0.0,83107.1,31178.0,34591.0,85322.8,37242.9,123351.4,89405.0,128652.3,168404.3,148
1049.4,138882.0,25595.0,25989.0,43649.0,43649.0,85297.2,74241.2,32564.1,31325.0,0.0,83107.8,31178.0,34591.2,85322.8,37239.7,123348.2,89408.2,128652.3,168405.0,148
1050.5,138882.0,25595.0,25989.0,43649.0,43649.0,85297.2,74241.2,32564.1,31325.0,0.0,83107.8,31178.0,34591.0,85322.9,37241.0,123349.8,89406.8,128652.3,168405.0,148
1051.5,138882.0,25595.0,25989.0,43649.0,43649.0,85297.2,74241.2,32564.1,31325.0,0.0,83108.1,31178.0,34630.2,85323.3,37278.3,123387.4,89369.5,128652.3,168405.4,148
1052.6,138882.0,25595.0,25989.0,43649.0,43649.0,85297.2,74241.2,32564.1,31325.0,0.0,83126.9,31436.5,34630.9,85342.6,37282.0,123410.5,89365.7,128652.3,168424.1,148
1054.4,138882.0,25595.0,25989.0,43649.0,43649.0,85302.7,74246.7,32569.6,31330.6,0.0,83225.2,31436.5,34597.0,85446.6,37255.2,123487.8,89392.4,128652.3,168527.9,148
1055.5,138882.0,25595.0,25989.0,43649.0,43649.0,85302.7,74246.7,32569.6,31330.6,0.0,83289.3,31436.5,34596.6,85511.9,37250.7,123548.8,89396.7,128652.3,168592.1,148
1056.6,138882.0,25595.0,25989.0,43649.0,43649.0,85254.8,74198.8,32521.6,31282.6,0.0,83363.9,31436.5,34587.7,85589.6,37236.6,123612.4,89410.8,128652.3,168618.7,148
1057.7,138882.0,25595.0,25989.0,43649.0,43649.0,85254.8,74198.8,32521.6,31282.6,0.0,83375.5,31436.5,34588.5,85601.8,37234.6,123622.7,89412.7,128652.3,168630.3,148
1058.8,138882.0,25595.0,25989.0,43649.0,43649.0,85254.8,74198.8,32521.6,31282.6,0.0,83379.6,31436.5,34548.5,85606.0,37194.9,123587.2,89452.4,128652.3,168634.4,148
1060.0,138882.0,25595.0,25989.0,43649.0,43649.0,85222.1,74166.1,32488.9,31249.9,0.0,83459.3,31436.5,34515.6,85688.5,37164.1,123639.0,89483.1,128652.3,168681.4,148
1061.1,138882.0,25595.0,25989.0,43649.0,43649.0,85222.1,74166.1,32488.9,31249.9,0.0,83462.5,31436.5,34516.0,85692.3,37165.8,123644.6,89481.4,128652.3,168684.6,148
1062.2,138882.0,25595.0,25989.0,43649.0,43649.0,85222.1,74166.1,32488.9,31249.9,0.0,83462.5,31436.5,34555.0,85692.3,37206.8,123685.6,89440.3,128652.3,168684.6,148
1063.4,138882.0,25595.0,25989.0,43649.0,43649.0,85234.2,74178.2,32501.1,31262.0,0.0,83534.4,31881.2,34528.2,85766.9,37175.9,123729.4,89471.1,128652.3,168768.6,148
1065.1,138882.0,25595.0,25989.0,43649.0,43649.0,85250.8,74194.8,32517.7,31278.6,0.0,83607.4,31881.2,34545.1,85842.6,37186.1,123815.4,89460.8,128652.3,168858.3,148
1066.3,138882.0,25595.0,25989.0,43649.0,43649.0,85250.8,74194.8,32517.6,31278.6,0.0,83608.7,31881.2,34544.7,85844.2,37183.5,123814.3,89463.4,128652.3,168859.5,148
1067.4,138882.0,25595.0,25989.0,43649.0,43649.0,85250.8,74194.8,32517.7,31278.6,0.0,83609.6,31881.2,34584.3,85845.0,37222.8,123854.4,89424.2,128652.3,168860.4,148
1068.4,138882.0,25595.0,25989.0,43649.0,43649.0,85250.8,74194.8,32517.7,31278.6,0.0,83612.5,31881.2,34544.7,85848.0,37181.8,123816.5,89465.1,128652.3,168863.3,148
1069.5,138882.0,25595.0,25989.0,43649.0,43649.0,85259.1,74203.1,32526.0,31286.9,0.0,83643.2,31881.2,34553.0,85880.3,37190.9,123857.9,89456.0,128652.3,168902.3,148
1070.7,138882.0,25595.0,25989.0,43649.0,43649.0,85259.1,74203.1,32526.0,31286.9,0.0,83646.8,31881.2,34553.1,85884.1,37192.1,123862.9,89454.7,128652.3,168905.9,148
1071.8,138882.0,25595.0,25989.0,43649.0,43649.0,85259.1,74203.1,32525.9,31286.9,0.0,83664.2,31881.2,34592.7,85901.8,37233.9,123922.5,89412.9,128652.3,168923.3,148
1072.9,138882.0,25595.0,25989.0,43649.0,43649.0,85258.1,74202.1,32525.0,31285.9,0.0,83751.9,31881.2,34552.6,85993.8,37199.4,123980.1,89447.3,128652.3,169010.0,148
1074.0,138882.0,25595.0,25989.0,43649.0,43649.0,85305.4,74249.4,32572.2,31333.2,0.0,83849.2,32150.1,34602.6,86097.4,37349.4,124233.8,89297.1,128652.3,169154.6,148
1075.8,138882.0,25595.0,25989.0,43649.0,43649.0,85305.4,74249.4,32572.2,31333.2,0.0,83849.8,32150.1,34599.9,86094.8,37253.7,124135.7,89392.7,128652.3,169155.2,148
1076.9,139094.0,25595.0,26201.0,43649.0,43649.0,85305.4,74249.4,32572.2,31333.2,0.0,83849.8,32150.1,34639.0,86094.8,37293.1,124175.1,89353.3,128652.3,169155.2,148
1078.0,139094.0,25595.0,26201.0,43649.0,43649.0,85305.8,74249.8,32572.6,31333.6,0.0,83959.5,32150.1,34599.8,86209.0,37253.8,124250.2,89392.4,128652.3,169265.3,148
1079.1,139094.0,25595.0,26201.0,43649.0,43649.0,85251.8,74195.8,32518.7,31279.6,0.0,83960.0,32150.1,34546.1,86210.0,37197.6,124194.9,89448.7,128652.3,169211.8,148
1080.2,139094.0,25595.0,26201.0,43649.0,43649.0,85251.8,74195.8,32518.7,31279.6,0.0,83960.0,32150.1,34545.9,86210.0,37197.0,124194.4,89449.2,128652.3,169211.8,148
1081.3,139094.0,25595.0,26201.0,43649.0,43649.0,85251.8,74195.8,32518.7,31279.6,0.0,83960.2,32150.1,34546.0,86210.3,37196.9,124194.6,89449.3,128652.3,169212.0,148
1082.4,139094.0,25595.0,26201.0,43649.0,43649.0,85251.8,74195.8,32518.7,31279.6,0.0,83962.1,32150.1,34585.3,86212.1,37235.9,124235.4,89410.3,128652.3,169213.9,148
1083.5,139094.0,25595.0,26201.0,43649.0,43649.0,85263.0,74207.0,32529.8,31290.8,0.0,84002.6,32150.1,34557.3,86254.8,37206.3,124248.6,89439.8,128652.3,169265.6,148
1084.7,139094.0,25595.0,26201.0,43649.0,43649.0,85263.0,74207.0,32529.8,31290.8,0.0,84010.9,32326.3,34557.1,86263.3,37208.3,124259.1,89437.8,128652.3,169273.9,148
1086.5,139094.0,25595.0,26201.0,43649.0,43649.0,85263.0,74207.0,32529.8,31290.8,0.0,84048.9,32326.3,34596.2,86303.0,37244.0,124334.5,89402.1,128652.3,169311.8,148
1087.6,139094.0,25595.0,26201.0,43649.0,43649.0,85263.0,74207.0,32529.8,31290.8,0.0,84054.9,32326.3,34597.0,86309.3,37243.3,124340.2,89402.7,128652.3,169317.9,148
1088.7,139094.0,25595.0,26201.0,43649.0,43649.0,85263.0,74207.0,32529.8,31290.8,0.0,84126.9,32326.3,34557.1,86384.2,37202.6,124374.5,89443.3,128652.3,169389.8,148
1089.8,139094.0,25595.0,26201.0,43649.0,43649.0,85263.0,74207.0,32529.8,31290.8,0.0,84183.4,32326.3,34557.1,86443.8,37206.1,124437.6,89439.8,128652.3,169446.3,148
1090.9,139094.0,25595.0,26201.0,43649.0,43649.0,85263.0,74207.0,32529.8,31290.8,0.0,84183.4,32326.3,34557.1,86443.8,37205.6,124437.3,89440.1,128652.3,169446.3,148
1092.0,139094.0,25595.0,26201.0,43649.0,43649.0,85263.0,74207.0,32529.8,31290.8,0.0,84201.7,32326.3,34557.6,86462.7,37208.4,124459.1,89437.3,128652.3,169464.7,148
1093.1,139094.0,25595.0,26201.0,43649.0,43649.0,85266.3,74210.3,32533.1,31294.1,0.0,84275.3,32326.3,34560.6,86539.7,37209.4,124537.1,89436.2,128652.3,169541.6,148
1094.2,139094.0,25595.0,26201.0,43649.0,43649.0,85266.3,74210.3,32533.1,31294.1,0.0,84353.5,32326.3,34560.5,86621.1,37211.7,124620.9,89433.8,128652.3,169619.7,148
1095.3,139094.0,25595.0,26201.0,43649.0,43649.0,85266.3,74210.3,32533.1,31294.1,0.0,84367.4,32686.6,34560.5,86635.7,37211.5,124635.4,89434.0,128652.3,169633.7,148
1097.1,139094.0,25595.0,26201.0,43649.0,43649.0,85266.3,74210.3,32533.1,31294.1,0.0,84425.2,32686.6,34600.3,86696.1,37251.9,124736.2,89393.5,128652.3,169691.4,148
1098.2,139094.0,25595.0,26201.0,43649.0,43649.0,85266.3,74210.3,32533.1,31294.1,0.0,84425.2,32686.6,34560.5,86696.2,37212.9,124697.2,89432.5,128652.3,169691.5,148
1099.4,139094.0,25595.0,26201.0,43649.0,43649.0,85266.3,74210.3,32533.1,31294.1,0.0,84425.2,32686.6,34560.7,86696.2,37212.4,124696.8,89433.0,128652.3,169691.5,148
1100.5,139094.0,25595.0,26201.0,43649.0,43649.0,85310.8,74254.8,32577.7,31338.7,0.0,84465.9,32686.6,34604.3,86739.4,37257.9,124785.6,89387.4,128652.3,169776.7,148
1101.6,139094.0,25595.0,26201.0,43649.0,43649.0,85310.8,74254.8,32577.7,31338.7,0.0,84465.9,32686.6,34644.3,86738.9,37298.0,124825.1,89347.3,128652.3,169776.7,148
1102.7,139094.0,25595.0,26201.0,43649.0,43649.0,85310.8,74254.8,32577.7,31338.7,0.0,84467.9,32686.6,34644.9,86740.8,37299.0,124828.1,89346.3,128652.3,169778.7,148
1103.8,139094.0,25595.0,26201.0,43649.0,43649.0,85322.8,74266.8,32589.6,31350.6,0.0,84543.2,32686.6,34605.6,86819.3,37261.8,124869.5,89383.4,128652.3,169866.0,148
1104.9,139094.0,25595.0,26201.0,43649.0,43649.0,85322.8,74266.8,32589.6,31350.6,0.0,84651.8,32686.6,34617.1,86932.2,37271.2,124992.0,89373.8,128652.3,169974.6,148
1106.0,139094.0,25595.0,26201.0,43649.0,43649.0,85322.8,74266.8,32589.6,31350.6,0.0,84652.5,32952.3,34617.1,86932.9,37272.9,124994.4,89372.1,128652.3,169975.3,148
1107.8,139094.0,25595.0,26201.0,43649.0,43649.0,85322.8,74266.8,32589.6,31350.6,0.0,84652.6,32952.3,34617.5,86933.1,37274.8,124996.5,89370.1,128652.3,169975.4,148
1109.0,139094.0,25595.0,26201.0,43649.0,43649.0,85322.8,74266.8,32589.6,31350.6,0.0,84736.8,32952.3,34617.0,87020.5,37272.3,125081.7,89372.5,128652.3,170059.6,148
1110.1,139094.0,25595.0,26201.0,43649.0,43649.0,85322.8,74266.8,32589.6,31350.6,0.0,84802.2,32952.3,34617.2,87088.5,37273.3,125150.7,89371.4,128652.3,170125.0,148
1111.2,139094.0,25595.0,26201.0,43649.0,43649.0,85322.8,74266.8,32589.6,31350.6,0.0,84832.7,32952.3,34617.3,87121.0,37269.5,125179.4,89375.1,128652.3,170155.5,148
1112.3,139094.0,25595.0,26201.0,43649.0,43649.0,85322.8,74266.8,32589.6,31350.6,0.0,84851.2,32952.3,34656.6,87139.7,37311.0,125239.7,89333.6,128652.3,170174.1,148
1113.4,139094.0,25595.0,26201.0,43649.0,43649.0,85322.8,74266.8,32589.6,31350.6,0.0,84851.2,32952.3,34617.3,87139.7,37273.1,125201.8,89371.5,128652.3,170174.1,148
1114.5,139094.0,25595.0,26201.0,43649.0,43649.0,85322.8,74266.8,32589.7,31350.6,0.0,84851.5,32952.3,34617.3,87140.1,37272.6,125201.7,89372.0,128652.3,170174.3,148
1115.6,139094.0,25595.0,26201.0,43649.0,43649.0,85322.8,74266.8,32589.6,31350.6,0.0,84851.5,32952.3,34617.9,87140.2,37273.3,125202.5,89371.3,128652.3,170174.2,148
1116.7,139094.0,25595.0,26201.0,43649.0,43649.0,85322.4,74266.8,32589.7,31350.6,0.0,84883.4,33239.8,34657.5,87171.5,37359.6,125272.7,89320.4,128652.3,170205.8,148
1118.5,139094.0,25595.0,26201.0,43649.0,43649.0,85322.4,74266.8,32589.7,31350.6,0.0,84883.4,33239.8,34617.9,87173.1,37318.1,125232.8,89361.9,128652.3,170205.8,148
1119.7,139094.0,25595.0,26201.0,43649.0,43649.0,85326.7,74271.1,32593.9,31354.9,0.0,84884.6,33239.8,34622.2,87174.7,37324.2,125240.5,89355.8,128652.3,170211.3,148
1120.8,139094.0,25595.0,26201.0,43649.0,43649.0,85326.7,74271.1,32593.9,31354.9,0.0,84884.6,33239.8,34622.1,87174.7,37323.7,125240.0,89356.3,128652.3,170211.3,148
1121.9,139094.0,25595.0,26201.0,43649.0,43649.0,85326.7,74271.1,32593.9,31354.9,0.0,84879.8,33239.8,34662.0,87169.7,37374.8,125272.5,89326.8,128652.3,170206.5,148
1123.0,139094.0,25595.0,26201.0,43649.0,43649.0,85326.7,74271.1,32593.9,31354.9,0.0,84891.4,33239.8,34622.1,87181.4,37339.0,125248.5,89362.5,128652.3,170218.1,148
1124.1,139094.0,25595.0,26201.0,43649.0,43649.0,85326.7,74271.1,32593.9,31354.9,0.0,84906.8,33239.8,34622.3,87197.1,37339.3,125264.5,89362.2,128652.3,170233.5,148
1125.3,139094.0,25595.0,26201.0,43649.0,43649.0,85346.8,74291.1,32614.0,31375.0,0.0,84896.8,33239.8,34641.5,87188.4,37386.2,125267.7,89354.3,128652.3,170243.6,148
1126.4,139094.0,25595.0,26201.0,43649.0,43649.0,85346.8,74291.1,32614.0,31374.9,0.0,84861.2,33239.8,34681.5,87152.2,37426.7,125263.1,89322.7,128652.3,170208.0,148
1127.5,139094.0,25595.0,26201.0,43649.0,43649.0,85346.8,74291.1,32614.0,31374.9,0.0,84861.2,33382.1,34681.5,87152.7,37425.5,125262.5,89323.9,128652.3,170208.0,148
1129.3,139094.0,25595.0,26201.0,43649.0,43649.0,85346.8,74291.1,32614.0,31374.9,0.0,84886.4,33382.1,34642.2,87178.0,37396.0,125258.2,89353.4,128652.3,170233.2,148
1130.5,139094.0,25595.0,26201.0,43649.0,43649.0,85305.9,74250.2,32573.1,31334.0,0.0,84940.4,33382.1,34600.4,87237.1,37363.4,125284.1,89386.5,128652.3,170246.3,148
1131.6,139094.0,25595.0,26201.0,43649.0,43649.0,85315.1,74259.7,32582.5,31343.5,0.0,84958.8,33382.1,34650.4,87259.7,37293.3,125236.0,89457.4,128652.3,170273.9,148
1132.7,139094.0,25595.0,26201.0,43649.0,43649.0,85315.7,74260.3,32583.1,31344.1,0.0,84958.9,33382.1,34650.8,87259.5,37313.9,125256.3,89436.8,128652.3,170274.5,148
1133.8,139094.0,25595.0,26201.0,43649.0,43649.0,85325.0,74269.8,32592.6,31353.6,0.0,84999.6,33382.1,34620.7,87300.9,37297.2,125281.0,89449.5,128652.3,170324.6,148
1134.9,139094.0,25595.0,26201.0,43649.0,43649.0,85325.0,74269.8,32592.6,31353.6,0.0,84999.6,33382.1,34620.9,87300.5,37299.8,125283.3,89446.8,128652.3,170324.6,148
1136.1,139094.0,25595.0,26201.0,43649.0,43649.0,85332.1,74276.9,32599.7,31360.7,0.0,85012.1,33382.1,34628.0,87313.7,37304.4,125301.0,89430.3,128652.3,170344.2,148
1137.2,139094.0,25595.0,26201.0,43649.0,43649.0,85332.1,74276.9,32599.7,31360.7,0.0,84975.7,33382.1,34667.4,87279.1,37345.8,125307.9,89404.9,128652.3,170307.8,148
1138.4,139094.0,25595.0,26201.0,43649.0,43649.0,85332.1,74276.9,32599.8,31360.7,0.0,84975.8,33907.7,34628.2,87279.2,37309.7,125271.7,89441.0,128652.3,170307.9,148
1140.2,139094.0,25595.0,26201.0,43649.0,43649.0,85346.1,74290.9,32613.8,31374.8,0.0,85007.4,33907.7,34642.3,87311.8,37324.2,125318.7,89426.7,128652.3,170353.5,148
1141.3,139094.0,25595.0,26201.0,43649.0,43649.0,85346.1,74290.9,32613.7,31374.8,0.0,85028.2,33907.7,34666.2,87336.3,37354.8,125373.9,89376.0,128652.3,170374.4,148
1142.5,139094.0,25595.0,26201.0,43649.0,43649.0,85346.1,74290.9,32613.8,31374.8,0.0,85018.9,33907.7,34681.4,87329.4,37371.3,125383.6,89379.5,128652.3,170365.0,148
1143.6,139094.0,25595.0,26201.0,43649.0,43649.0,85346.1,74290.9,32613.8,31374.8,0.0,85033.7,33907.7,34642.1,87344.7,37335.5,125363.1,89415.2,128652.3,170379.9,148
1144.7,139094.0,25595.0,26201.0,43649.0,43649.0,85346.1,74290.9,32613.8,31374.8,0.0,85060.7,33907.7,34642.1,87370.2,37337.9,125391.0,89408.8,128652.3,170406.8,148
1145.8,139094.0,25595.0,26201.0,43649.0,43649.0,85346.1,74290.9,32613.8,31374.8,0.0,85061.9,33907.7,34642.1,87372.0,37340.2,125395.1,89406.5,128652.3,170408.0,148
1147.0,139094.0,25595.0,26201.0,43649.0,43649.0,85346.1,74290.9,32613.7,31374.8,0.0,85035.2,33907.7,34681.5,87346.6,37375.2,125404.7,89371.6,128652.3,170381.3,148
1148.1,139094.0,25595.0,26201.0,43649.0,43649.0,85346.1,74290.9,32613.8,31374.8,0.0,85065.9,33907.7,34642.1,87378.8,37342.0,125403.7,89400.7,128652.3,170412.0,148
1149.2,139094.0,25595.0,26201.0,43649.0,43649.0,85346.1,74290.9,32613.8,31374.8,0.0,85071.7,34241.0,34642.1,87384.8,37343.8,125411.5,89398.8,128652.3,170417.8,148
1151.1,139094.0,25595.0,26201.0,43649.0,43649.0,85345.6,74290.9,32613.7,31374.8,0.0,85048.1,34241.0,34642.3,87360.8,37350.6,125394.5,89399.9,128652.3,170393.7,148
1152.2,139094.0,25595.0,26201.0,43649.0,43649.0,85345.6,74290.9,32613.7,31374.8,0.0,85048.9,34241.0,34681.7,87362.4,37393.0,125438.5,89357.6,128652.3,170394.5,148
1153.3,139094.0,25595.0,26201.0,43649.0,43649.0,85345.7,74291.0,32613.8,31374.8,0.0,85069.0,34241.0,34642.1,87383.1,37358.3,125424.4,89388.2,128652.3,170414.7,148
1154.4,139094.0,25595.0,26201.0,43649.0,43649.0,85345.7,74291.0,32613.8,31374.8,0.0,85068.7,34241.0,34642.2,87383.2,37356.9,125423.2,89389.6,128652.3,170414.4,148
1155.5,139094.0,25595.0,26201.0,43649.0,43649.0,85345.7,74291.0,32613.8,31374.8,0.0,85078.5,34241.0,34642.7,87392.8,37353.3,125429.1,89381.2,128652.3,170424.2,148
1156.6,139094.0,25595.0,26201.0,43649.0,43649.0,85345.4,74291.0,32613.8,31374.8,0.0,85042.7,34241.0,34681.2,87357.6,37394.0,125434.7,89352.6,128652.3,170388.1,148
1157.7,139094.0,25595.0,26201.0,43649.0,43649.0,85345.4,74291.0,32613.8,31374.9,0.0,85051.5,34241.0,34682.0,87367.3,37318.1,125368.4,89432.5,128652.3,170396.9,148
1158.8,139094.0,25595.0,26201.0,43649.0,43649.0,85345.4,74291.0,32613.8,31374.8,0.0,85051.2,34241.0,34642.2,87366.9,37288.6,125338.5,89462.0,128652.3,170396.6,148
1159.9,139094.0,25595.0,26201.0,43649.0,43649.0,85345.4,74291.0,32613.8,31374.8,0.0,85051.2,34385.2,34642.2,87366.9,37289.4,125339.4,89461.2,128652.3,170396.6,148
1161.7,139094.0,25595.0,26201.0,43649.0,43649.0,85345.4,74291.0,32613.8,31374.8,0.0,85064.4,34385.2,34682.2,87379.1,37350.9,125413.0,89399.7,128652.3,170409.7,148
1162.8,139094.0,25595.0,26201.0,43649.0,43649.0,85357.4,74303.0,32625.8,31386.9,0.0,85085.1,34385.2,34693.8,87404.5,37362.3,125449.9,89384.2,128652.3,170442.5,148
1163.9,139094.0,25595.0,26201.0,43649.0,43649.0,85357.4,74303.0,32625.8,31386.9,0.0,85085.2,34385.2,34654.3,87404.5,37331.8,125419.4,89414.7,128652.3,170442.5,148
1165.0,139094.0,25595.0,26201.0,43649.0,43649.0,85357.4,74303.0,32625.8,31386.9,0.0,85140.0,34385.2,34654.2,87458.8,37333.4,125475.3,89413.0,128652.3,170497.3,148
1166.1,139094.0,25595.0,26201.0,43649.0,43649.0,85357.4,74303.0,32625.8,31386.9,0.0,85137.9,34385.2,34654.3,87456.8,37337.7,125477.7,89408.7,128652.3,170495.3,148
1167.3,139094.0,25595.0,26201.0,43649.0,43649.0,85357.4,74303.0,32625.8,31386.9,0.0,85144.5,34385.2,34694.1,87469.6,37387.1,125540.0,89363.2,128652.3,170501.9,148
1168.4,139094.0,25595.0,26201.0,43649.0,43649.0,85357.4,74303.0,32625.8,31386.9,0.0,85144.6,34385.2,34654.2,87469.9,37351.8,125505.0,89398.5,128652.3,170501.9,148
1169.5,139094.0,25595.0,26201.0,43649.0,43649.0,85357.4,74303.0,32625.8,31386.9,0.0,85144.6,34385.2,34654.2,87469.9,37353.1,125506.3,89397.2,128652.3,170502.0,148
1170.6,139094.0,25595.0,26201.0,43649.0,43649.0,85357.4,74303.0,32625.8,31386.9,0.0,85178.5,34968.2,34653.7,87505.1,37353.3,125541.6,89393.0,128652.3,170535.8,148
1172.5,139094.0,25595.0,26201.0,43649.0,43649.0,85309.3,74255.0,32577.8,31338.8,0.0,85155.8,34968.2,34693.3,87483.0,37335.1,125501.4,89415.2,128652.3,170465.2,148
1173.6,139094.0,25595.0,26201.0,43649.0,43649.0,85309.3,74255.0,32577.8,31338.8,0.0,85168.2,34968.2,34605.7,87498.1,37256.2,125437.6,89494.1,128652.3,170477.5,148
1174.7,139094.0,25595.0,26201.0,43649.0,43649.0,85309.3,74255.0,32577.8,31338.8,0.0,85216.6,34968.2,34605.7,87547.8,37272.0,125503.2,89478.2,128652.3,170525.9,148
1175.8,139094.0,25595.0,26201.0,43649.0,43649.0,85309.3,74255.0,32577.8,31338.8,0.0,85217.1,34968.2,34605.7,87548.3,37273.3,125505.0,89476.8,128652.3,170526.4,148
1176.9,139094.0,25595.0,26201.0,43649.0,43649.0,85367.6,74313.3,32636.0,31397.1,0.0,84848.7,34968.2,34703.5,87183.1,37375.1,125241.1,89375.6,128652.3,170216.3,148
1178.0,139094.0,25595.0,26201.0,43649.0,43649.0,85367.6,74313.3,32636.0,31397.1,0.0,84848.7,34968.2,34663.9,87183.1,37345.0,125211.0,89405.7,128652.3,170216.3,148
1179.1,139094.0,25595.0,26201.0,43649.0,43649.0,85367.6,74313.3,32636.0,31397.1,0.0,84848.7,34968.2,34664.0,87183.1,37345.8,125211.9,89404.8,128652.3,170216.3,148
1180.2,139094.0,25595.0,26201.0,43649.0,43649.0,85367.6,74313.3,32636.0,31397.1,0.0,84860.5,34968.2,34663.9,87194.9,37350.2,125228.1,89400.4,128652.3,170228.1,148
1181.3,139094.0,25595.0,26201.0,43649.0,43649.0,85367.6,74313.3,32636.0,31397.1,0.0,84920.6,35241.2,34688.5,87256.1,37378.3,125317.5,89372.2,128652.3,170288.2,148
1183.2,139094.0,25595.0,26201.0,43649.0,43649.0,85367.6,74313.3,32636.0,31397.1,0.0,84945.8,35241.2,34664.4,87281.3,37366.2,125330.6,89384.3,128652.3,170313.4,148
1184.3,139094.0,25595.0,26201.0,43649.0,43649.0,85367.6,74313.3,32636.0,31397.1,0.0,84946.7,35241.2,34663.9,87282.7,37362.3,125328.2,89388.1,128652.3,170314.3,148
1185.4,139094.0,25595.0,26201.0,43649.0,43649.0,85367.6,74313.3,32636.0,31397.1,0.0,84947.2,35241.2,34663.9,87283.2,37362.4,125328.7,89388.1,128652.3,170314.8,148
1186.5,139094.0,25595.0,26201.0,43649.0,43649.0,85367.6,74313.3,32636.0,31397.1,0.0,84947.5,35241.2,34703.3,87283.5,37400.8,125367.4,89349.7,128652.3,170315.1,148
1187.6,139094.0,25595.0,26201.0,43649.0,43649.0,85316.9,74262.6,32585.4,31346.4,0.0,85074.1,35241.2,34653.3,87413.9,37361.3,125458.5,89388.9,128652.3,170391.1,148
1188.7,139094.0,25595.0,26201.0,43649.0,43649.0,85317.7,74263.4,32586.2,31347.2,0.0,85114.6,35241.2,34614.1,87454.5,37319.8,125457.7,89430.4,128652.3,170432.3,148
1189.8,139094.0,25595.0,26201.0,43649.0,43649.0,85317.7,74263.4,32586.2,31347.2,0.0,85239.6,35241.2,34614.1,87581.0,37323.7,125588.4,89426.2,128652.3,170557.4,148
1190.9,139094.0,25595.0,26201.0,43649.0,43649.0,85317.7,74263.4,32586.2,31347.2,0.0,85240.4,35241.2,34614.2,87582.3,37324.2,125590.1,89425.7,128652.3,170558.2,148
1192.0,139094.0,25595.0,26201.0,43649.0,43649.0,85317.8,74263.4,32586.2,31347.2,0.0,85205.2,35577.1,34614.3,87545.7,37321.2,125550.5,89412.8,128652.3,170522.9,148
1193.9,139094.0,25595.0,26201.0,43649.0,43649.0,85355.5,74301.1,32623.9,31385.0,0.0,85243.8,35577.1,34627.9,87583.8,37344.0,125611.5,89405.9,128652.3,170599.2,148
1195.0,139094.0,25595.0,26201.0,43649.0,43649.0,85355.5,74301.1,32623.9,31385.0,0.0,85226.4,35577.1,34651.9,87566.0,37364.8,125614.5,89381.1,128652.3,170581.9,148
1196.1,139094.0,25595.0,26201.0,43649.0,43649.0,85355.5,74301.1,32623.9,31385.0,0.0,85226.4,35577.1,34651.9,87566.0,37362.9,125612.5,89383.1,128652.3,170581.9,148
1197.2,139094.0,25595.0,26201.0,43649.0,43649.0,85355.4,74301.1,32623.9,31385.0,0.0,85200.0,35577.1,34682.6,87542.0,37321.8,125547.5,89428.1,128652.3,170555.4,148
1198.3,139094.0,25595.0,26201.0,43649.0,43649.0,85355.4,74301.1,32623.9,31385.0,0.0,85267.0,35577.1,34652.4,87611.6,37325.0,125620.4,89424.8,128652.3,170622.4,148
1199.4,139094.0,25595.0,26201.0,43649.0,43649.0,85355.4,74301.1,32623.9,31385.0,0.0,85276.0,35577.1,34651.9,87622.2,37330.3,125636.1,89419.6,128652.3,170631.4,148
1200.5,139094.0,25595.0,26201.0,43649.0,43649.0,85355.4,74301.1,32623.9,31385.0,0.0,85288.4,35577.1,34651.9,87635.5,37328.4,125647.7,89421.4,128652.3,170643.8,148
1201.6,139094.0,25595.0,26201.0,43649.0,43649.0,85355.2,74301.1,32623.9,31385.0,0.0,85261.7,35577.1,34691.0,87609.2,37374.1,125667.0,89367.8,128652.3,170616.9,148
1202.7,139094.0,25595.0,26201.0,43649.0,43649.0,85355.2,74301.1,32623.9,31385.0,0.0,85266.9,36115.9,34691.7,87615.5,37372.8,125672.0,89373.1,128652.3,170622.1,148
1204.6,139094.0,25595.0,26201.0,43649.0,43649.0,85355.2,74301.1,32623.9,31385.0,0.0,85278.1,36115.9,34651.9,87628.1,37341.8,125653.6,89408.0,128652.3,170633.3,148
1205.7,139094.0,25595.0,26201.0,43649.0,43649.0,85355.1,74301.1,32623.9,31385.0,0.0,85278.2,36115.9,34651.5,87628.1,37342.2,125654.0,89407.6,128652.3,170633.3,148
1206.8,139094.0,25595.0,26201.0,43649.0,43649.0,85355.1,74301.1,32623.9,31385.0,0.0,85278.3,36115.9,34690.8,87628.2,37382.8,125694.8,89367.0,128652.3,170633.4,148
1208.0,139094.0,25595.0,26201.0,43649.0,43649.0,85355.1,74301.1,32623.9,31385.0,0.0,85269.0,36115.9,34651.9,87620.9,37348.2,125652.9,89401.6,128652.3,170624.1,148
1209.1,139094.0,25595.0,26201.0,43649.0,43649.0,85355.1,74301.1,32623.9,31385.0,0.0,85321.3,36115.9,34651.4,87675.1,37356.3,125715.4,89389.4,128652.3,170676.4,148
1210.2,139094.0,25595.0,26201.0,43649.0,43649.0,85355.1,74301.1,32623.9,31385.0,0.0,85321.7,36115.9,34651.5,87674.5,37350.8,125709.1,89394.9,128652.3,170676.8,148
1211.3,139094.0,25595.0,26201.0,43649.0,43649.0,85354.9,74301.1,32623.9,31385.0,0.0,85303.9,36115.9,34681.5,87658.1,37377.9,125719.9,89371.9,128652.3,170658.8,148
1212.4,139094.0,25595.0,26201.0,43649.0,43649.0,85354.9,74301.1,32623.9,31385.0,0.0,85294.4,36115.9,34690.9,87648.8,37386.6,125719.3,89359.1,128652.3,170649.3,148
1213.5,139094.0,25595.0,26201.0,43649.0,43649.0,85354.9,74301.2,32623.9,31385.0,0.0,85315.2,36356.2,34652.0,87669.9,37348.3,125702.1,89397.4,128652.3,170670.1,148
1215.4,139094.0,25595.0,26201.0,43649.0,43649.0,85354.9,74301.2,32623.9,31385.0,0.0,85316.9,36356.2,34652.0,87670.8,37344.9,125699.6,89404.8,128652.3,170671.8,148
1216.5,139094.0,25595.0,26201.0,43649.0,43649.0,85354.8,74301.2,32623.9,31385.0,0.0,85294.9,36356.2,34690.9,87649.5,37328.8,125662.1,89420.9,128652.3,170649.8,148
1217.6,139094.0,25595.0,26201.0,43649.0,43649.0,85354.6,74301.2,32623.9,31385.0,0.0,85330.2,36356.2,34691.3,87690.6,37342.6,125717.2,89407.0,128652.3,170684.8,148
1218.7,139094.0,25595.0,26201.0,43649.0,43649.0,85354.6,74301.2,32623.9,31385.0,0.0,85362.4,36356.2,34651.6,87721.9,37319.8,125725.6,89429.8,128652.3,170717.0,148
1219.8,139094.0,25595.0,26201.0,43649.0,43649.0,85354.6,74301.2,32623.9,31385.0,0.0,85370.3,36356.2,34651.6,87730.1,37321.2,125735.3,89428.4,128652.3,170724.9,148
1220.9,139094.0,25595.0,26201.0,43649.0,43649.0,85354.6,74301.2,32623.9,31385.0,0.0,85377.5,36356.2,34651.6,87737.9,37321.8,125743.6,89423.8,128652.3,170732.1,148
1222.0,139094.0,25595.0,26201.0,43649.0,43649.0,85354.6,74301.2,32623.9,31385.0,0.0,85352.2,36356.2,34690.9,87712.0,37364.0,125760.0,89381.7,128652.3,170706.8,148
1223.1,139094.0,25595.0,26201.0,43649.0,43649.0,85354.6,74301.2,32623.9,31385.0,0.0,85362.1,36356.2,34652.0,87722.9,37329.4,125736.2,89416.3,128652.3,170716.7,148
1224.2,139094.0,25595.0,26201.0,43649.0,43649.0,85354.6,74301.2,32623.9,31385.0,0.0,85402.7,36744.7,34651.6,87763.0,37327.9,125775.0,89417.6,128652.3,170757.3,148
1226.1,139094.0,25595.0,26201.0,43649.0,43649.0,85354.6,74301.2,32623.9,31385.0,0.0,85389.3,36744.7,34651.7,87750.1,37331.6,125765.8,89417.9,128652.3,170743.8,148
1227.2,139094.0,25595.0,26201.0,43649.0,43649.0,85354.6,74301.2,32623.9,31385.0,0.0,85389.3,36744.7,34688.7,87754.0,37372.1,125810.1,89377.5,128652.3,170743.9,148
1228.3,139096.0,25595.0,26203.0,43649.0,43649.0,85354.4,74301.2,32623.9,31385.0,0.0,85413.7,36744.7,34651.7,87778.8,37346.4,125809.4,89383.1,128652.3,170768.1,148
1229.4,139096.0,25595.0,26203.0,43649.0,43649.0,85354.3,74301.2,32623.9,31385.0,0.0,85427.1,36744.7,34651.6,87790.9,37347.3,125822.4,89398.2,128652.3,170781.5,148
1230.5,139096.0,25595.0,26203.0,43649.0,43649.0,85354.3,74301.2,32623.9,31385.0,0.0,85429.0,36744.7,34652.2,87792.9,37347.2,125824.2,89398.2,128652.3,170783.3,148
1231.7,139096.0,25595.0,26203.0,43649.0,43649.0,85354.3,74301.2,32623.8,31385.0,0.0,85392.9,36744.7,34691.3,87758.9,37389.3,125832.3,89356.2,128652.3,170747.2,148
1232.8,139096.0,25595.0,26203.0,43649.0,43649.0,85354.3,74301.2,32623.9,31385.0,0.0,85386.6,36744.7,34691.6,87754.5,37399.2,125837.8,89338.3,128652.3,170740.8,148
1233.9,139096.0,25595.0,26203.0,43649.0,43649.0,85354.2,74301.2,32623.9,31385.0,0.0,85386.6,36744.7,34651.8,87754.5,37358.7,125797.4,89378.8,128652.3,170740.8,148
1235.0,139096.0,25595.0,26203.0,43649.0,43649.0,85354.1,74301.2,32623.8,31385.0,0.0,85437.2,37004.5,34651.8,87802.3,37358.0,125844.5,89387.4,128652.3,170791.3,148
1236.9,139096.0,25595.0,26203.0,43649.0,43649.0,85354.1,74301.2,32623.8,31385.0,0.0,85380.1,37004.5,34692.1,87746.9,37397.3,125828.4,89352.1,128652.3,170734.2,148
1238.0,139096.0,25595.0,26203.0,43649.0,43649.0,85354.1,74301.2,32623.9,31385.0,0.0,84616.7,37004.5,34652.3,86984.1,37301.6,124968.5,89221.1,128652.3,169970.8,148
1239.2,139096.0,25595.0,26203.0,43649.0,43649.0,85354.1,74301.2,32623.9,31385.0,0.0,84618.9,37004.5,34651.8,86987.8,37300.3,124970.9,89222.5,128652.3,169973.0,148
1240.3,139096.0,25595.0,26203.0,43649.0,43649.0,85354.1,74301.2,32623.9,31385.0,0.0,84618.9,37004.5,34651.8,86987.8,37299.6,124970.3,89223.1,128652.3,169973.0,148
1241.4,139096.0,25595.0,26203.0,43649.0,43649.0,85354.1,74301.2,32623.9,31385.0,0.0,84618.9,37004.5,34691.2,86987.8,37342.7,125013.4,89180.0,128652.3,169973.0,148
1242.5,139096.0,25595.0,26203.0,43649.0,43649.0,85354.1,74301.2,32623.9,31385.0,0.0,84619.0,37004.5,34691.2,86987.9,37348.0,125018.7,89174.7,128652.3,169973.1,148
1243.6,139096.0,25595.0,26203.0,43649.0,43649.0,85354.1,74301.2,32623.9,31385.0,0.0,84632.3,37004.5,34651.8,87000.9,37320.2,125003.9,89202.5,128652.3,169986.4,148
1244.8,139096.0,25595.0,26203.0,43649.0,43649.0,85354.1,74301.2,32623.9,31385.0,0.0,84699.1,37004.5,34652.3,87069.2,37329.8,125082.1,89192.7,128652.3,170053.2,148
1245.9,139096.0,25595.0,26203.0,43649.0,43649.0,85354.1,74301.2,32623.9,31385.0,0.0,84705.2,37164.0,34651.8,87075.4,37330.8,125089.3,89191.8,128652.3,170059.3,148
1247.8,139096.0,25595.0,26203.0,43649.0,43649.0,85354.1,74301.2,32623.9,31385.0,0.0,84734.5,37164.0,34691.2,87105.6,37375.1,125163.7,89147.5,128652.3,170088.6,148
1248.9,139096.0,25595.0,26203.0,43649.0,43649.0,85354.1,74301.2,32623.9,31385.0,0.0,84785.7,37164.0,34651.9,87157.4,37342.3,125182.9,89180.1,128652.3,170139.8,148
1250.0,139096.0,25595.0,26203.0,43649.0,43649.0,85354.1,74301.2,32623.9,31385.0,0.0,84843.6,37164.0,34651.9,87216.2,37339.6,125239.1,89182.7,128652.3,170197.7,148
1251.2,139096.0,25595.0,26203.0,43649.0,43649.0,85354.1,74301.2,32623.9,31385.0,0.0,84861.6,37164.0,34651.8,87234.4,37341.9,125259.6,89180.4,128652.3,170215.7,148
1252.3,139096.0,25595.0,26203.0,43649.0,43649.0,85354.1,74301.2,32623.9,31385.0,0.0,85049.2,37164.0,34691.4,87426.1,37388.4,125498.0,89133.7,128652.3,170403.3,148
1253.4,139096.0,25595.0,26203.0,43649.0,43649.0,85354.1,74301.2,32623.9,31385.0,0.0,85049.2,37164.0,34651.7,87426.2,37353.1,125462.8,89168.9,128652.3,170403.3,148
1254.6,139096.0,25595.0,26203.0,43649.0,43649.0,85354.1,74301.2,32623.9,31385.0,0.0,85049.2,37164.0,34651.9,87426.1,37355.3,125465.0,89166.8,128652.3,170403.3,148
1255.7,139096.0,25595.0,26203.0,43649.0,43649.0,85354.1,74301.2,32623.9,31385.0,0.0,85077.6,37164.0,34651.9,87454.9,37355.5,125494.0,89166.5,128652.3,170431.7,148
1256.8,139096.0,25595.0,26203.0,43649.0,43649.0,85354.1,74301.2,32623.9,31385.0,0.0,85153.2,37608.6,34691.8,87531.4,37397.4,125612.4,89124.5,128652.3,170507.3,148
1258.7,139096.0,25595.0,26203.0,43649.0,43649.0,85354.1,74301.2,32623.9,31385.0,0.0,85205.7,37608.6,34651.9,87584.8,37366.9,125635.4,89155.0,128652.3,170559.8,148
1259.8,139096.0,25595.0,26203.0,43649.0,43649.0,85354.1,74301.2,32623.9,31385.0,0.0,85221.2,37608.6,34651.8,87601.0,37362.9,125647.7,89158.9,128652.3,170575.3,148
1260.9,139096.0,25595.0,26203.0,43649.0,43649.0,85354.1,74301.2,32623.9,31385.0,0.0,85223.7,37608.6,34651.9,87603.4,37364.7,125651.9,89157.1,128652.3,170577.8,148
1262.0,139096.0,25595.0,26203.0,43649.0,43649.0,85354.1,74301.2,32623.9,31385.0,0.0,85257.6,37608.6,34691.2,87637.6,37402.8,125724.3,89118.9,128652.3,170611.7,148
1263.1,139096.0,25595.0,26203.0,43649.0,43649.0,85360.6,74307.7,32630.4,31391.5,0.0,85336.7,37608.6,34651.9,87718.1,37364.2,125766.3,89157.4,128652.3,170697.3,148
1264.3,139096.0,25595.0,26203.0,43649.0,43649.0,85307.5,74254.6,32577.3,31338.4,0.0,85408.1,37608.6,34654.9,87793.6,37373.8,125851.5,89147.7,128652.3,170715.6,148
1265.4,139096.0,25595.0,26203.0,43649.0,43649.0,85307.5,74254.6,32577.3,31338.4,0.0,85408.1,37608.6,34605.3,87791.0,37315.2,125790.3,89206.3,128652.3,170715.6,148
1266.5,139096.0,25595.0,26203.0,43649.0,43649.0,85307.5,74254.6,32577.3,31338.4,0.0,85408.1,37608.6,34644.4,87790.8,37354.8,125829.8,89166.7,128652.3,170715.6,148
1267.6,139096.0,25595.0,26203.0,43649.0,43649.0,85307.5,74254.6,32577.3,31338.4,0.0,85408.2,37844.4,34644.7,87790.9,37352.8,125827.8,89168.7,128652.3,170715.7,148
1269.4,139096.0,25595.0,26203.0,43649.0,43649.0,85307.5,74254.6,32577.3,31338.4,0.0,85408.3,37844.4,34605.3,87791.0,37320.4,125795.6,89201.1,128652.3,170715.8,148
1270.5,139096.0,25595.0,26203.0,43649.0,43649.0,85336.1,74284.1,32606.8,31367.9,0.0,85318.4,37844.4,34635.4,87701.4,37349.5,125734.8,89400.2,128652.3,170654.5,148
1271.6,139096.0,25595.0,26203.0,43649.0,43649.0,85334.7,74284.1,32606.7,31367.9,0.0,85421.9,37844.4,34674.2,87807.8,37388.7,125880.6,89328.8,128652.3,170756.6,148
1272.8,139096.0,25595.0,26203.0,43649.0,43649.0,85334.6,74284.1,32606.7,31367.9,0.0,85416.5,37844.4,34674.4,87805.2,37388.8,125878.1,89356.7,128652.3,170751.1,148
1273.9,139096.0,25595.0,26203.0,43649.0,43649.0,85334.6,74284.1,32606.7,31367.9,0.0,85454.9,37844.4,34634.9,87842.6,37363.0,125889.2,89387.0,128652.3,170789.5,148
1275.0,139096.0,25595.0,26203.0,43649.0,43649.0,85334.6,74284.1,32606.7,31367.9,0.0,85459.1,37844.4,34635.4,87847.1,37362.4,125893.1,89387.6,128652.3,170793.7,148
1276.1,139096.0,25595.0,26203.0,43649.0,43649.0,85334.5,74284.1,32606.7,31367.9,0.0,85479.3,37844.4,34634.9,87867.2,37361.1,125911.3,89385.6,128652.3,170813.8,148
1277.2,139096.0,25595.0,26203.0,43649.0,43649.0,85334.6,74284.1,32606.7,31368.0,0.0,85442.9,37844.4,34637.8,87832.0,37363.2,125877.6,89384.0,128652.3,170777.4,148
1278.3,139096.0,25595.0,26203.0,43649.0,43649.0,85334.6,74284.1,32606.7,31368.0,0.0,85454.5,38281.4,34634.9,87845.0,37369.1,125895.6,89383.0,128652.3,170789.0,148
1280.2,139096.0,25595.0,26203.0,43649.0,43649.0,85334.6,74284.1,32606.7,31368.0,0.0,85454.5,38281.4,34635.1,87845.1,37373.4,125900.1,89378.7,128652.3,170789.0,148
1281.3,139096.0,25595.0,26203.0,43649.0,43649.0,85334.6,74284.1,32606.7,31368.0,0.0,85480.7,38281.4,34650.7,87872.7,37396.1,125949.3,89357.0,128652.3,170815.2,148
1282.5,139096.0,25595.0,26203.0,43649.0,43649.0,85334.6,74284.1,32606.7,31368.0,0.0,85459.4,38281.4,34674.8,87854.7,37415.4,125949.4,89338.9,128652.3,170794.0,148
1283.6,139096.0,25595.0,26203.0,43649.0,43649.0,85334.6,74284.1,32606.7,31368.0,0.0,85479.5,38281.4,34635.5,87874.9,37372.8,125926.8,89381.7,128652.3,170814.1,148
1284.6,139096.0,25595.0,26203.0,43649.0,43649.0,85334.6,74284.1,32606.7,31368.0,0.0,85508.6,38281.4,34635.0,87905.4,37365.3,125949.6,89385.4,128652.3,170843.2,148
1285.7,139096.0,25595.0,26203.0,43649.0,43649.0,85334.5,74284.1,32606.7,31368.0,0.0,85510.8,38281.4,34635.0,87907.6,37368.3,125954.8,89382.4,128652.3,170845.3,148
1286.8,139096.0,25595.0,26203.0,43649.0,43649.0,85334.4,74284.1,32606.7,31368.0,0.0,85475.5,38281.4,34674.3,87870.5,37405.9,125954.8,89345.3,128652.3,170809.9,148
1287.9,139096.0,25595.0,26203.0,43649.0,43649.0,85334.4,74284.1,32606.7,31368.0,0.0,85475.5,38281.4,34674.7,87871.5,37401.5,125951.4,89349.7,128652.3,170809.9,148
1289.0,139096.0,25595.0,26203.0,43649.0,43649.0,85334.4,74284.1,32606.7,31368.0,0.0,85494.2,38653.1,34635.1,87890.5,37367.7,125936.6,89383.5,128652.3,170828.6,148
1290.9,139096.0,25595.0,26203.0,43649.0,43649.0,85334.4,74284.1,32606.7,31368.0,0.0,85508.7,38653.1,34635.6,87905.0,37370.0,125952.6,89386.1,128652.3,170843.1,148
1292.0,139096.0,25595.0,26203.0,43649.0,43649.0,85334.4,74284.1,32606.7,31368.0,0.0,85499.6,38653.1,34674.6,87898.2,37406.5,125982.1,89329.7,128652.3,170834.0,148
1293.1,139096.0,25595.0,26203.0,43649.0,43649.0,85334.4,74284.1,32606.7,31368.0,0.0,85539.7,38653.1,34635.5,87939.5,37289.3,125906.2,89446.8,128652.3,170874.1,148
1294.3,139096.0,25595.0,26203.0,43649.0,43649.0,85334.4,74284.1,32606.7,31368.0,0.0,85578.6,38653.1,34635.3,87979.9,37296.7,125954.1,89439.4,128652.3,170913.0,148
1295.4,139096.0,25595.0,26203.0,43649.0,43649.0,85334.4,74284.1,32606.7,31368.0,0.0,85566.0,38653.1,34635.2,87965.4,37303.6,125946.1,89452.9,128652.3,170900.4,148
1296.5,139096.0,25595.0,26203.0,43649.0,43649.0,85334.5,74284.2,32606.7,31368.0,0.0,85531.6,38653.1,34674.8,87932.1,37348.5,125957.7,89404.0,128652.3,170866.0,148
1297.7,139096.0,25595.0,26203.0,43649.0,43649.0,85334.5,74284.2,32606.7,31368.0,0.0,85532.8,38653.1,34674.9,87939.1,37361.4,125977.7,89383.1,128652.3,170867.3,148
1298.8,139096.0,25595.0,26203.0,43649.0,43649.0,85334.5,74284.2,32606.7,31368.0,0.0,85532.8,38653.1,34635.2,87939.2,37325.8,125942.2,89418.6,128652.3,170867.2,148
1299.9,139096.0,25595.0,26203.0,43649.0,43649.0,85334.5,74284.2,32606.7,31368.0,0.0,85532.8,38881.7,34635.2,87939.2,37324.2,125940.6,89420.3,128652.3,170867.2,148
1301.9,139096.0,25595.0,26203.0,43649.0,43649.0,85334.2,74284.2,32606.7,31368.0,0.0,85509.0,38881.7,34675.1,87915.3,37363.5,125955.7,89393.2,128652.3,170843.2,148
1303.0,139096.0,25595.0,26203.0,43649.0,43649.0,85334.2,74284.2,32606.7,31368.0,0.0,85534.8,38881.7,34635.7,87937.1,37325.1,125939.1,89427.5,128652.3,170869.0,148
1304.1,139096.0,25595.0,26203.0,43649.0,43649.0,85334.2,74284.2,32606.7,31368.0,0.0,85542.9,38881.7,34635.2,87947.2,37328.5,125952.7,89424.1,128652.3,170877.1,148
1305.2,139096.0,25595.0,26203.0,43649.0,43649.0,85334.2,74284.2,32606.7,31368.0,0.0,85580.1,38881.7,34635.2,87985.6,37327.4,125990.0,89425.1,128652.3,170914.3,148
1306.3,139096.0,25595.0,26203.0,43649.0,43649.0,85334.1,74284.2,32606.7,31368.0,0.0,85585.7,38881.7,34639.7,87991.8,37333.1,126001.9,89419.5,128652.3,170919.9,148
1307.4,139096.0,25595.0,26203.0,43649.0,43649.0,85334.1,74284.2,32606.7,31368.0,0.0,85544.0,38881.7,34675.1,87950.0,37366.4,125993.2,89386.3,128652.3,170878.2,148
1308.6,139096.0,25595.0,26203.0,43649.0,43649.0,85334.1,74284.2,32606.7,31368.0,0.0,85553.6,38881.7,34635.8,87960.1,37328.1,125965.1,89424.6,128652.3,170887.8,148
1309.7,139096.0,25595.0,26203.0,43649.0,43649.0,85334.1,74284.2,32606.7,31368.0,0.0,85560.1,38881.7,34635.3,87966.8,37329.7,125973.4,89423.0,128652.3,170894.2,148
1310.8,139096.0,25595.0,26203.0,43649.0,43649.0,85334.1,74284.2,32606.7,31368.0,0.0,85560.8,39153.8,34635.5,87967.5,37330.8,125975.2,89421.9,128652.3,170894.9,148
1312.7,139096.0,25595.0,26203.0,43649.0,43649.0,85334.1,74284.2,32606.7,31368.0,0.0,85518.5,39153.8,34675.6,87925.8,37368.2,125970.7,89388.7,128652.3,170852.7,148
1313.8,139096.0,25595.0,26203.0,43649.0,43649.0,85334.2,74284.2,32606.8,31368.1,0.0,85552.1,39153.8,34635.5,87960.3,37337.7,125974.9,89419.1,128652.3,170886.4,148
1314.9,139096.0,25595.0,26203.0,43649.0,43649.0,85334.2,74284.2,32606.8,31368.1,0.0,85570.1,39153.8,34635.5,87978.2,37341.5,125996.5,89415.3,128652.3,170904.3,148
1316.1,139096.0,25595.0,26203.0,43649.0,43649.0,85334.2,74284.2,32606.8,31368.1,0.0,85577.8,39153.8,34635.7,87986.0,37341.9,126004.7,89414.8,128652.3,170912.1,148
1317.2,139096.0,25595.0,26203.0,43649.0,43649.0,85334.2,74284.2,32606.8,31368.1,0.0,85551.1,39153.8,34635.9,87957.6,37342.9,125977.2,89406.0,128652.3,170885.3,148
1318.3,139096.0,25595.0,26203.0,43649.0,43649.0,85334.2,74284.2,32606.8,31368.1,0.0,85575.6,39153.8,34636.2,87984.6,37347.2,126008.6,89401.5,128652.3,170909.9,148
1319.4,139096.0,25595.0,26203.0,43649.0,43649.0,85334.2,74284.2,32606.8,31368.1,0.0,85587.8,39153.8,34635.8,87997.4,37341.6,126015.9,89411.2,128652.3,170922.1,148
1320.5,139096.0,25595.0,26203.0,43649.0,43649.0,85334.2,74284.2,32606.8,31368.1,0.0,85592.4,39153.8,34635.3,88002.0,37341.6,126020.4,89411.2,128652.3,170926.6,148
1321.6,139096.0,25595.0,26203.0,43649.0,43649.0,85352.2,74302.2,32624.8,31386.1,0.0,85542.6,39380.4,34692.7,87952.3,37397.9,126026.8,89355.1,128652.3,170894.9,148
1323.5,139096.0,25595.0,26203.0,43649.0,43649.0,85352.2,74302.2,32624.8,31386.1,0.0,85558.5,39380.4,34653.6,87970.0,37309.8,125956.5,89447.1,128652.3,170910.8,148
1324.6,139096.0,25595.0,26203.0,43649.0,43649.0,85352.2,74302.2,32624.8,31386.1,0.0,85602.0,39380.4,34653.4,88014.5,37317.5,126008.7,89427.3,128652.3,170954.2,148
1325.7,139096.0,25595.0,26203.0,43649.0,43649.0,85352.0,74302.2,32624.8,31386.1,0.0,85611.6,39380.4,34653.6,88022.9,37320.4,126020.0,89436.5,128652.3,170963.5,148
1326.8,139096.0,25595.0,26203.0,43649.0,43649.0,85352.0,74302.2,32624.8,31386.1,0.0,85578.6,39380.4,34693.4,87992.5,37362.1,126031.2,89390.9,128652.3,170930.6,148
1327.9,139096.0,25595.0,26203.0,43649.0,43649.0,85352.0,74302.2,32624.8,31386.1,0.0,85573.2,39380.4,34693.4,87987.9,37365.4,126029.9,89387.5,128652.3,170925.2,148
1329.1,139096.0,25595.0,26203.0,43649.0,43649.0,85352.0,74302.2,32624.8,31386.1,0.0,85611.6,39380.4,34653.5,88026.3,37329.7,126032.7,89423.2,128652.3,170963.5,148
1330.2,139096.0,25595.0,26203.0,43649.0,43649.0,85352.0,74302.2,32624.8,31386.1,0.0,85637.6,39380.4,34653.6,88054.1,37336.5,126067.2,89416.4,128652.3,170989.6,148
1331.3,139096.0,25595.0,26203.0,43649.0,43649.0,85352.0,74302.2,32624.8,31386.1,0.0,85629.8,39380.4,34654.1,88047.2,37339.2,126063.1,89417.6,128652.3,170981.8,148
1332.3,139096.0,25595.0,26203.0,43649.0,43649.0,85352.0,74302.2,32624.7,31386.1,0.0,85597.5,39779.4,34693.0,88016.5,37381.4,126074.6,89371.5,128652.3,170949.5,148
1334.3,139096.0,25595.0,26203.0,43649.0,43649.0,85352.0,74302.2,32624.8,31386.1,0.0,85620.1,39779.4,34653.6,88039.4,37347.7,126063.8,89405.1,128652.3,170972.1,148
1335.4,139096.0,25595.0,26203.0,43649.0,43649.0,85352.0,74302.2,32624.8,31386.1,0.0,85641.9,39779.4,34653.6,88061.7,37347.6,126086.1,89405.2,128652.3,170993.8,148
1336.5,139096.0,25595.0,26203.0,43649.0,43649.0,85352.0,74302.2,32624.7,31386.1,0.0,85606.2,39779.4,34693.1,88025.5,37385.5,126087.8,89367.3,128652.3,170958.2,148
1337.6,139096.0,25595.0,26203.0,43649.0,43649.0,85352.0,74302.2,32624.8,31386.1,0.0,85612.3,39779.4,34693.2,88033.9,37391.5,126102.1,89357.3,128652.3,170964.3,148
1338.7,139096.0,25595.0,26203.0,43649.0,43649.0,85352.0,74302.2,32624.8,31386.1,0.0,85649.1,39779.4,34653.7,88071.9,37351.9,126100.7,89400.8,128652.3,171001.1,148
1339.8,139096.0,25595.0,26203.0,43649.0,43649.0,85352.0,74302.2,32624.8,31386.1,0.0,85653.3,39779.4,34653.6,88076.2,37351.4,126104.5,89401.3,128652.3,171005.3,148
1340.9,139096.0,25595.0,26203.0,43649.0,43649.0,85352.0,74302.2,32624.8,31386.1,0.0,85660.2,39779.4,34653.7,88081.3,37358.9,126116.9,89393.9,128652.3,171012.2,148
1342.0,139096.0,25595.0,26203.0,43649.0,43649.0,85352.0,74302.2,32624.8,31386.1,0.0,85653.4,39779.4,34693.2,88077.7,37340.8,126095.2,89412.1,128652.3,171005.4,148
1343.1,139096.0,25595.0,26203.0,43649.0,43649.0,85352.0,74302.2,32624.8,31386.1,0.0,85644.9,40216.5,34654.1,88071.0,37310.8,126058.5,89442.1,128652.3,170996.9,148
1345.1,139096.0,25595.0,26203.0,43649.0,43649.0,85352.0,74302.2,32624.8,31386.1,0.0,85658.2,40216.5,34653.5,88083.2,37332.0,126092.0,89424.8,128652.3,171010.2,148
1346.2,139096.0,25595.0,26203.0,43649.0,43649.0,85352.0,74302.2,32624.8,31386.1,0.0,85658.2,40216.5,34653.7,88083.4,37333.8,126093.9,89423.1,128652.3,171010.2,148
1347.3,139096.0,25595.0,26203.0,43649.0,43649.0,85352.0,74302.2,32624.8,31386.1,0.0,85658.2,40216.5,34685.3,88086.2,37371.5,126134.5,89385.3,128652.3,171010.2,148
1348.3,139096.0,25595.0,26203.0,43649.0,43649.0,85352.0,74302.2,32624.8,31386.1,0.0,85649.2,40216.5,34653.7,88077.2,37336.5,126090.5,89420.4,128652.3,171001.2,148
1349.4,139096.0,25595.0,26203.0,43649.0,43649.0,85352.0,74302.2,32624.8,31386.1,0.0,85649.4,40216.5,34653.7,88077.4,37338.4,126092.5,89418.5,128652.3,171001.3,148
1350.6,139096.0,25595.0,26203.0,43649.0,43649.0,85351.9,74302.2,32624.8,31386.1,0.0,85677.6,40216.5,34653.7,88106.2,37344.0,126126.8,89409.0,128652.3,171029.5,148
1351.7,139096.0,25595.0,26203.0,43649.0,43649.0,85351.9,74302.2,32624.8,31386.1,0.0,85651.0,40216.5,34693.7,88079.7,37384.6,126140.7,89368.6,128652.3,171002.9,148
1352.8,139096.0,25595.0,26203.0,43649.0,43649.0,85351.9,74302.2,32624.8,31386.1,0.0,85641.5,40216.5,34693.8,88070.5,37387.3,126134.2,89365.9,128652.3,170993.4,148
1353.9,139096.0,25595.0,26203.0,43649.0,43649.0,85351.9,74302.2,32624.8,31386.1,0.0,85641.5,40305.5,34653.8,88070.5,37348.1,126095.0,89405.1,128652.3,170993.4,148
1355.8,139096.0,25595.0,26203.0,43649.0,43649.0,85356.4,74306.7,32629.2,31390.5,0.0,85697.7,40305.5,34654.0,88129.3,37351.3,126157.0,89405.9,128652.3,171054.1,148
1356.9,139096.0,25595.0,26203.0,43649.0,43649.0,85356.4,74306.7,32629.2,31390.5,0.0,85664.7,40305.5,34698.3,88096.8,37396.7,126169.8,89356.5,128652.3,171021.1,148
1358.0,139096.0,25595.0,26203.0,43649.0,43649.0,85356.4,74306.7,32629.3,31390.5,0.0,85665.0,40305.5,34697.8,88096.8,37401.6,126174.8,89351.6,128652.3,171021.4,148
1359.2,139096.0,25595.0,26203.0,43649.0,43649.0,85356.4,74306.7,32629.3,31390.5,0.0,85746.1,40305.5,34658.5,88183.4,37311.9,126171.9,89441.1,128652.3,171102.5,148
1360.3,139096.0,25595.0,26203.0,43649.0,43649.0,85356.4,74306.7,32629.3,31390.5,0.0,85748.8,40305.5,34658.4,88186.7,37311.4,126174.7,89441.6,128652.3,171105.2,148
1361.4,139096.0,25595.0,26203.0,43649.0,43649.0,85356.2,74306.7,32629.2,31390.5,0.0,85712.4,40305.5,34697.8,88152.9,37355.8,126185.1,89401.3,128652.3,171068.6,148
1362.5,139096.0,25595.0,26203.0,43649.0,43649.0,85356.2,74306.7,32629.2,31390.5,0.0,85712.4,40305.5,34698.0,88152.8,37364.6,126193.9,89392.5,128652.3,171068.6,148
1363.6,139096.0,25595.0,26203.0,43649.0,43649.0,85356.2,74306.7,32629.2,31390.5,0.0,85712.5,40305.5,34658.5,88152.9,37331.3,126160.7,89425.8,128652.3,171068.7,148
1364.7,139096.0,25595.0,26203.0,43649.0,43649.0,85356.2,74306.7,32629.2,31390.5,0.0,85712.5,40914.6,34658.5,88152.9,37332.4,126161.7,89424.8,128652.3,171068.7,148
1366.7,139096.0,25595.0,26203.0,43649.0,43649.0,85308.2,74258.8,32581.3,31342.6,0.0,85731.0,40914.6,34650.5,88170.6,37326.2,126173.3,89430.9,128652.3,171039.2,148
1367.8,139096.0,25595.0,26203.0,43649.0,43649.0,85308.2,74258.8,32581.3,31342.6,0.0,85733.5,40914.6,34650.4,88174.7,37326.3,126177.5,89430.8,128652.3,171041.7,148
1368.9,139096.0,25595.0,26203.0,43649.0,43649.0,85308.2,74258.8,32581.3,31342.6,0.0,85739.1,40914.6,34610.6,88180.4,37290.6,126147.5,89466.5,128652.3,171047.3,148
1370.0,139096.0,25595.0,26203.0,43649.0,43649.0,85308.2,74258.8,32581.3,31342.6,0.0,85740.6,40914.6,34610.5,88182.0,37290.3,126148.8,89466.8,128652.3,171048.9,148
1371.1,139096.0,25595.0,26203.0,43649.0,43649.0,85308.2,74258.8,32581.3,31342.6,0.0,85790.9,40914.6,34610.6,88235.6,37299.4,126211.6,89441.6,128652.3,171099.2,148
1372.2,139096.0,25595.0,26203.0,43649.0,43649.0,85308.2,74258.8,32581.3,31342.6,0.0,85754.4,40914.6,34611.1,88196.6,37306.5,126179.5,89450.7,128652.3,171062.6,148
1373.3,139096.0,25595.0,26203.0,43649.0,43649.0,85308.2,74258.8,32581.3,31342.6,0.0,85767.3,40914.6,34611.1,88210.6,37319.4,126206.4,89437.8,128652.3,171075.5,148
1374.4,139096.0,25595.0,26203.0,43649.0,43649.0,85308.2,74258.8,32581.3,31342.6,0.0,85767.8,40914.6,34610.6,88211.4,37318.1,126206.0,89439.1,128652.3,171076.1,148
1375.5,139096.0,25595.0,26203.0,43649.0,43649.0,85308.2,74258.8,32581.3,31342.6,0.0,85771.9,41016.7,34610.6,88215.6,37318.6,126210.7,89438.5,128652.3,171080.1,148
1377.5,139096.0,25595.0,26203.0,43649.0,43649.0,85308.2,74258.8,32581.3,31342.6,0.0,85728.9,41016.7,34650.5,88172.3,37362.3,126210.9,89395.0,128652.3,171037.2,148
1378.6,139096.0,25595.0,26203.0,43649.0,43649.0,85354.4,74304.9,32627.5,31388.8,0.0,85746.1,41016.7,34610.8,88190.6,37323.5,126190.4,89433.8,128652.3,171100.5,148
1379.8,139096.0,25595.0,26203.0,43649.0,43649.0,85354.4,74304.9,32627.5,31388.8,0.0,85763.3,41016.7,34656.9,88207.2,37368.7,126252.3,89384.5,128652.3,171117.7,148
1380.9,139096.0,25595.0,26203.0,43649.0,43649.0,85354.4,74304.9,32627.4,31388.8,0.0,85758.5,41016.7,34656.9,88202.6,37370.7,126249.7,89378.5,128652.3,171113.0,148
1382.0,139096.0,25595.0,26203.0,43649.0,43649.0,85354.4,74304.9,32627.4,31388.8,0.0,85725.4,41016.7,34696.8,88170.6,37411.0,126257.9,89342.3,128652.3,171079.8,148
1383.1,139096.0,25595.0,26203.0,43649.0,43649.0,85364.8,74315.4,32637.9,31399.2,0.0,85751.7,41016.7,34667.7,88197.2,37388.3,126261.9,89368.9,128652.3,171116.6,148
1384.2,139096.0,25595.0,26203.0,43649.0,43649.0,85315.1,74265.7,32588.2,31349.5,0.0,85770.5,41016.7,34667.5,88217.9,37387.0,126281.3,89370.2,128652.3,171085.7,148
1385.4,139096.0,25595.0,26203.0,43649.0,43649.0,85315.1,74265.7,32588.2,31349.5,0.0,85834.3,41016.7,34617.7,88283.8,37335.1,126295.5,89417.9,128652.3,171149.4,148
1386.5,139096.0,25595.0,26203.0,43649.0,43649.0,85315.1,74265.7,32588.1,31349.5,0.0,85796.0,41567.4,34657.2,88246.8,37294.4,126217.6,89462.8,128652.3,171111.1,148
1388.6,139096.0,25595.0,26203.0,43649.0,43649.0,85315.1,74265.7,32588.2,31349.5,0.0,85806.8,41567.4,34617.7,88261.3,37284.9,126222.6,89472.2,128652.3,171122.0,148
1389.7,139096.0,25595.0,26203.0,43649.0,43649.0,85315.1,74265.7,32588.2,31349.5,0.0,85806.8,41567.4,34617.2,88261.6,37287.1,126225.1,89470.1,128652.3,171121.9,148
1390.7,139096.0,25595.0,26203.0,43649.0,43649.0,85315.1,74265.7,32588.2,31349.5,0.0,85806.8,41567.4,34617.7,88261.7,37288.4,126226.5,89468.8,128652.3,171121.9,148
1391.8,139096.0,25595.0,26203.0,43649.0,43649.0,85315.1,74265.7,32588.2,31349.5,0.0,85806.8,41567.4,34657.2,88261.7,37330.2,126268.4,89426.9,128652.3,171121.9,148
1392.9,139096.0,25595.0,26203.0,43649.0,43649.0,85315.1,74265.7,32588.2,31349.5,0.0,85806.9,41567.4,34657.6,88261.8,37334.9,126273.1,89422.3,128652.3,171122.0,148
1394.0,139096.0,25595.0,26203.0,43649.0,43649.0,85315.1,74265.7,32588.2,31349.5,0.0,85806.9,41567.4,34617.7,88261.8,37299.0,126237.2,89458.2,128652.3,171122.0,148
1395.1,139096.0,25595.0,26203.0,43649.0,43649.0,85315.1,74265.7,32588.2,31349.5,0.0,85806.9,41567.4,34617.7,88261.8,37299.1,126237.3,89458.1,128652.3,171122.0,148
1396.2,139096.0,25595.0,26203.0,43649.0,43649.0,85315.1,74265.7,32588.2,31349.5,0.0,85806.9,41567.4,34617.7,88261.8,37299.4,126237.6,89457.7,128652.3,171122.0,148
1397.3,139096.0,25595.0,26203.0,43649.0,43649.0,85315.1,74265.7,32588.2,31349.5,0.0,85806.9,41709.6,34654.7,88261.7,37340.2,126278.3,89416.9,128652.3,171122.0,148
1399.3,139096.0,25595.0,26203.0,43649.0,43649.0,85334.6,74285.8,32608.3,31369.6,0.0,85830.6,41709.6,34637.9,88286.3,37341.8,126304.5,89415.4,128652.3,171165.3,148
1400.4,139096.0,25595.0,26203.0,43649.0,43649.0,85307.8,74259.0,32581.5,31342.8,0.0,85841.3,41709.6,34611.1,88298.6,37324.2,126299.1,89433.1,128652.3,171149.1,148
1401.5,139096.0,25595.0,26203.0,43649.0,43649.0,85307.8,74259.0,32581.5,31342.8,0.0,85832.1,41709.6,34650.4,88292.8,37366.7,126335.9,89382.5,128652.3,171139.9,148
1402.6,139096.0,25595.0,26203.0,43649.0,43649.0,85312.9,74264.0,32586.5,31347.9,0.0,85832.4,41709.6,34650.1,88293.1,37366.6,126336.1,89382.6,128652.3,171145.3,148
1403.7,139096.0,25595.0,26203.0,43649.0,43649.0,85318.7,74269.9,32592.4,31353.7,0.0,85845.4,41709.6,34621.9,88306.9,37336.6,126319.8,89420.7,128652.3,171164.1,148
1404.8,139096.0,25595.0,26203.0,43649.0,43649.0,85318.7,74269.9,32592.4,31353.7,0.0,85846.2,41709.6,34622.0,88307.9,37338.1,126322.3,89419.2,128652.3,171164.9,148
1405.9,139096.0,25595.0,26203.0,43649.0,43649.0,85318.7,74269.9,32592.3,31353.7,0.0,85847.0,41709.6,34622.0,88308.7,37338.7,126323.7,89418.6,128652.3,171165.7,148
1407.1,139096.0,25595.0,26203.0,43649.0,43649.0,85318.7,74269.9,32592.3,31353.7,0.0,85829.8,41709.6,34661.7,88291.5,37375.0,126342.8,89378.3,128652.3,171148.5,148
1408.2,139096.0,25595.0,26203.0,43649.0,43649.0,85358.2,74309.4,32631.9,31393.2,0.0,85872.8,42272.9,34646.3,88337.0,37358.7,126372.0,89394.6,128652.3,171231.0,148
1410.2,139096.0,25595.0,26203.0,43649.0,43649.0,85307.9,74259.1,32581.6,31342.9,0.0,85905.2,42272.9,34611.9,88370.9,37265.4,126312.6,89491.8,128652.3,171213.1,148
1411.3,139096.0,25595.0,26203.0,43649.0,43649.0,85307.6,74259.1,32581.5,31342.9,0.0,85917.2,42272.9,34638.5,88385.0,37296.6,126357.9,89456.6,128652.3,171224.8,148
1412.4,139096.0,25595.0,26203.0,43649.0,43649.0,85307.6,74259.1,32581.5,31342.9,0.0,85888.9,42272.9,34650.8,88358.5,37316.9,126351.6,89432.5,128652.3,171196.6,148
1413.5,139096.0,25595.0,26203.0,43649.0,43649.0,85307.6,74259.1,32581.5,31342.9,0.0,85889.1,42272.9,34612.1,88359.5,37283.0,126318.8,89466.3,128652.3,171196.7,148
1414.6,139096.0,25595.0,26203.0,43649.0,43649.0,85307.6,74259.1,32581.5,31342.9,0.0,85889.1,42272.9,34611.4,88359.5,37284.8,126320.6,89464.5,128652.3,171196.7,148
1415.7,139096.0,25595.0,26203.0,43649.0,43649.0,85307.6,74259.1,32581.5,31342.9,0.0,85893.6,42272.9,34611.5,88364.1,37286.2,126326.6,89463.2,128652.3,171201.3,148
1416.9,139096.0,25595.0,26203.0,43649.0,43649.0,85307.6,74259.1,32581.5,31342.9,0.0,85894.0,42272.9,34651.1,88364.6,37340.7,126381.6,89408.6,128652.3,171201.6,148
1418.0,139096.0,25595.0,26203.0,43649.0,43649.0,85307.6,74259.1,32581.5,31342.9,0.0,85884.9,42272.9,34651.1,88356.5,37337.5,126370.3,89411.8,128652.3,171192.6,148
1419.1,139096.0,25595.0,26203.0,43649.0,43649.0,85309.7,74261.1,32583.6,31344.9,0.0,85906.1,42584.0,34613.5,88376.7,37308.1,126361.1,89449.1,128652.3,171215.8,148
1421.1,139096.0,25595.0,26203.0,43649.0,43649.0,85303.8,74255.2,32577.7,31339.1,0.0,85885.6,42584.0,34608.5,88358.0,37309.5,126343.7,89447.9,128652.3,171189.4,148
1422.2,139096.0,25595.0,26203.0,43649.0,43649.0,85303.8,74255.2,32577.7,31339.1,0.0,85925.9,42584.0,34607.9,88402.7,37314.2,126393.2,89435.1,128652.3,171229.6,148
1423.4,139096.0,25595.0,26203.0,43649.0,43649.0,85303.8,74255.2,32577.7,31339.1,0.0,85926.6,42584.0,34607.7,88404.1,37317.9,126398.2,89431.4,128652.3,171230.3,148
1424.5,139096.0,25595.0,26203.0,43649.0,43649.0,85303.8,74255.2,32577.7,31339.1,0.0,85926.6,42584.0,34607.7,88404.1,37319.5,126399.9,89429.8,128652.3,171230.4,148
1425.6,139096.0,25595.0,26203.0,43649.0,43649.0,85312.5,74264.0,32586.5,31347.8,0.0,85944.0,42584.0,34615.9,88419.3,37264.3,126359.9,89493.0,128652.3,171256.5,148
1426.7,139096.0,25595.0,26203.0,43649.0,43649.0,85312.5,74264.0,32586.5,31347.8,0.0,85934.8,42584.0,34655.4,88412.6,37310.2,126399.1,89443.1,128652.3,171247.3,148
1427.8,139096.0,25595.0,26203.0,43649.0,43649.0,85312.6,74264.1,32586.6,31347.9,0.0,85935.9,42584.0,34655.6,88414.2,37319.6,126410.0,89429.8,128652.3,171248.5,148
1428.9,139096.0,25595.0,26203.0,43649.0,43649.0,85312.6,74264.1,32586.6,31347.9,0.0,85951.3,42584.0,34615.9,88429.9,37289.0,126395.1,89460.4,128652.3,171263.9,148
1430.0,139096.0,25595.0,26203.0,43649.0,43649.0,85312.6,74264.1,32586.6,31347.9,0.0,85976.4,42966.8,34616.0,88453.7,37295.6,126425.5,89453.7,128652.3,171289.0,148
1432.0,139096.0,25595.0,26203.0,43649.0,43649.0,85312.6,74264.1,32586.6,31347.9,0.0,85921.6,42966.8,34656.5,88401.9,37341.8,126419.9,89415.6,128652.3,171234.2,148
1433.1,139096.0,25595.0,26203.0,43649.0,43649.0,85312.6,74264.1,32586.6,31347.9,0.0,85921.6,42966.8,34656.3,88402.4,37346.4,126425.0,89411.0,128652.3,171234.2,148
1434.2,139096.0,25595.0,26203.0,43649.0,43649.0,85307.9,74259.4,32581.9,31343.2,0.0,85924.8,42966.8,34669.5,88406.8,37358.5,126441.4,89386.9,128652.3,171232.7,148
1435.3,139096.0,25595.0,26203.0,43649.0,43649.0,85307.9,74259.4,32581.9,31343.2,0.0,85939.9,42966.8,34611.7,88418.9,37309.7,126404.8,89447.7,128652.3,171247.8,148
1436.4,139096.0,25595.0,26203.0,43649.0,43649.0,85307.9,74259.4,32581.9,31343.2,0.0,85941.7,42966.8,34651.1,88423.7,37351.9,126451.9,89405.4,128652.3,171249.6,148
1437.6,139096.0,25595.0,26203.0,43649.0,43649.0,85307.9,74259.4,32581.9,31343.2,0.0,85955.3,42966.8,34651.1,88437.5,37356.2,126469.8,89401.3,128652.3,171263.3,148
1438.7,139096.0,25595.0,26203.0,43649.0,43649.0,85307.9,74259.4,32581.9,31343.2,0.0,85989.6,42966.8,34611.7,88476.4,37322.1,126474.7,89435.3,128652.3,171297.6,148
1439.9,139096.0,25595.0,26203.0,43649.0,43649.0,85307.9,74259.4,32581.9,31343.2,0.0,85999.3,42966.8,34611.7,88486.5,37319.5,126482.3,89429.9,128652.3,171307.3,148
1441.0,139096.0,25595.0,26203.0,43649.0,43649.0,85307.9,74259.4,32581.9,31343.2,0.0,86005.7,43307.7,34611.7,88493.4,37320.9,126490.5,89388.5,128652.3,171313.6,148
1443.0,139096.0,25595.0,26203.0,43649.0,43649.0,85308.8,74260.3,32582.8,31344.1,0.0,85937.1,43307.7,34651.6,88424.2,37360.6,126460.9,89396.9,128652.3,171245.8,148
1444.1,139320.0,25595.0,26427.0,43649.0,43649.0,85308.8,74260.3,32582.8,31344.1,0.0,85946.4,43307.7,34612.3,88434.0,37323.5,126433.6,89434.0,128652.3,171255.2,148
1445.3,139320.0,25595.0,26427.0,43649.0,43649.0,85309.1,74260.7,32583.2,31344.5,0.0,86001.6,43307.7,34612.6,88489.6,37323.3,126489.0,89434.2,128652.3,171310.6,148
1446.4,139320.0,25595.0,26427.0,43649.0,43649.0,85303.4,74255.2,32577.6,31339.0,0.0,85968.6,43307.7,34646.9,88458.0,37364.2,126498.1,89393.4,128652.3,171272.0,148
1447.5,139320.0,25595.0,26427.0,43649.0,43649.0,85303.4,74255.2,32577.6,31339.0,0.0,85969.0,43307.7,34646.8,88459.0,37365.4,126500.3,89392.2,128652.3,171272.4,148
1448.6,139320.0,25595.0,26427.0,43649.0,43649.0,85303.5,74255.2,32577.7,31339.0,0.0,85969.0,43307.7,34607.1,88459.3,37328.8,126464.1,89428.8,128652.3,171272.4,148
1449.8,139320.0,25595.0,26427.0,43649.0,43649.0,85326.2,74278.0,32600.5,31361.8,0.0,86015.5,43307.7,34630.3,88504.7,37275.2,126455.9,89482.4,128652.3,171341.8,148
1450.8,139320.0,25595.0,26427.0,43649.0,43649.0,85326.2,74278.0,32600.5,31361.8,0.0,86024.9,43307.7,34629.8,88514.3,37285.2,126475.6,89468.3,128652.3,171351.2,148
1451.9,139320.0,25595.0,26427.0,43649.0,43649.0,85326.2,74278.0,32600.4,31361.8,0.0,85991.5,43627.1,34669.4,88483.1,37329.1,126488.3,89424.4,128652.3,171317.7,148
1453.9,139320.0,25595.0,26427.0,43649.0,43649.0,85326.2,74278.0,32600.5,31361.8,0.0,85959.1,43627.1,34629.8,88452.8,37301.6,126430.4,89455.9,128652.3,171285.4,148
1455.1,139320.0,25595.0,26427.0,43649.0,43649.0,85315.6,74267.4,32589.8,31351.2,0.0,85981.0,43627.1,34619.7,88475.4,37298.1,126449.6,89459.4,128652.3,171296.6,148
1456.2,139320.0,25595.0,26427.0,43649.0,43649.0,85315.6,74267.4,32589.8,31351.2,0.0,85981.0,43627.1,34619.2,88475.3,37303.3,126454.7,89454.2,128652.3,171296.6,148
1457.3,139320.0,25595.0,26427.0,43649.0,43649.0,85315.6,74267.4,32589.8,31351.2,0.0,85988.6,43627.1,34619.6,88483.7,37310.4,126470.2,89443.0,128652.3,171304.2,148
1458.4,139320.0,25595.0,26427.0,43649.0,43649.0,85315.6,74267.4,32589.8,31351.2,0.0,86002.9,43627.1,34619.7,88499.5,37312.4,126488.2,89440.9,128652.3,171318.5,148
1459.6,139320.0,25595.0,26427.0,43649.0,43649.0,85315.6,74267.4,32589.8,31351.2,0.0,86014.3,43627.1,34619.2,88511.3,37313.2,126500.7,89440.2,128652.3,171329.9,148
1460.7,139320.0,25595.0,26427.0,43649.0,43649.0,85318.1,74269.8,32592.3,31353.7,0.0,86025.7,43627.1,34619.2,88521.9,37315.2,126513.3,89442.2,128652.3,171343.8,148
1461.9,139320.0,25595.0,26427.0,43649.0,43649.0,85341.8,74293.6,32616.0,31377.4,0.0,85972.0,43627.1,34685.0,88469.6,37379.2,126525.0,89374.2,128652.3,171313.8,148
1463.1,139320.0,25595.0,26427.0,43649.0,43649.0,85341.8,74293.6,32616.0,31377.4,0.0,85977.8,44032.4,34685.3,88476.6,37390.0,126543.1,89363.2,128652.3,171319.6,148
1465.1,139320.0,25595.0,26427.0,43649.0,43649.0,85341.8,74293.6,32616.0,31377.4,0.0,85979.1,44032.4,34645.9,88480.9,37346.3,126503.6,89406.9,128652.3,171320.9,148
1466.2,139320.0,25595.0,26427.0,43649.0,43649.0,85341.8,74293.6,32616.0,31377.4,0.0,85979.1,44032.4,34645.9,88480.9,37346.3,126503.6,89406.9,128652.3,171321.0,148
1467.3,139320.0,25595.0,26427.0,43649.0,43649.0,85341.8,74293.6,32616.0,31377.4,0.0,85979.2,44032.4,34678.1,88480.9,37376.1,126533.4,89377.1,128652.3,171321.0,148
1468.5,139320.0,25595.0,26427.0,43649.0,43649.0,85341.8,74293.6,32616.0,31377.4,0.0,85979.2,44032.4,34646.2,88481.0,37348.3,126505.7,89404.8,128652.3,171321.0,148
1469.6,139320.0,25595.0,26427.0,43649.0,43649.0,85341.8,74293.6,32616.0,31377.4,0.0,85979.2,44032.4,34646.0,88481.0,37348.4,126505.8,89404.8,128652.3,171321.0,148
1470.7,139320.0,25595.0,26427.0,43649.0,43649.0,85341.8,74293.6,32616.0,31377.4,0.0,86006.3,44032.4,34645.4,88508.1,37352.0,126536.6,89401.1,128652.3,171348.1,148
1471.9,139320.0,25595.0,26427.0,43649.0,43649.0,85341.8,74293.6,32616.0,31377.4,0.0,85992.5,44032.4,34685.0,88493.6,37384.2,126554.0,89373.2,128652.3,171334.2,148
1473.0,139320.0,25595.0,26427.0,43649.0,43649.0,85341.8,74293.6,32616.0,31377.4,0.0,85984.7,44032.4,34685.3,88487.7,37390.7,126554.6,89362.6,128652.3,171326.5,148
1474.1,139320.0,25595.0,26427.0,43649.0,43649.0,85341.8,74293.6,32616.0,31377.4,0.0,86000.7,44237.6,34645.4,88504.0,37356.9,126537.3,89396.3,128652.3,171342.5,148
1476.2,139320.0,25595.0,26427.0,43649.0,43649.0,85341.8,74293.6,32616.0,31377.4,0.0,86029.0,44237.6,34645.9,88533.1,37315.5,126525.0,89437.7,128652.3,171370.7,148
1477.3,139320.0,25595.0,26427.0,43649.0,43649.0,85341.3,74293.6,32616.0,31377.4,0.0,86020.4,44237.6,34681.9,88526.0,37360.5,126562.9,89392.7,128652.3,171361.7,148
1478.5,139320.0,25595.0,26427.0,43649.0,43649.0,85341.3,74293.6,32616.0,31377.4,0.0,86028.5,44237.6,34645.6,88535.6,37328.2,126540.2,89429.0,128652.3,171369.8,148
1479.6,139320.0,25595.0,26427.0,43649.0,43649.0,85341.3,74293.6,32616.0,31377.4,0.0,86045.7,44237.6,34645.5,88553.8,37330.8,126561.1,89426.3,128652.3,171386.9,148
1480.7,139320.0,25595.0,26427.0,43649.0,43649.0,85341.3,74293.6,32616.0,31377.4,0.0,86046.7,44237.6,34645.5,88555.0,37332.2,126563.7,89424.9,128652.3,171388.0,148
1481.8,139320.0,25595.0,26427.0,43649.0,43649.0,85341.3,74293.6,32616.0,31377.4,0.0,86010.0,44237.6,34685.1,88515.5,37370.9,126562.9,89386.2,128652.3,171351.3,148
1482.9,139320.0,25595.0,26427.0,43649.0,43649.0,85341.3,74293.6,32616.0,31377.4,0.0,86010.0,44237.6,34684.9,88518.6,37376.6,126571.7,89380.6,128652.3,171351.3,148
1484.0,139320.0,25595.0,26427.0,43649.0,43649.0,85341.3,74293.6,32616.0,31377.4,0.0,86010.0,44237.6,34645.5,88518.6,37341.6,126536.7,89415.5,128652.3,171351.3,148
1485.2,139320.0,25595.0,26427.0,43649.0,43649.0,85341.3,74293.6,32616.0,31377.4,0.0,86010.0,44409.6,34645.5,88518.6,37341.8,126536.9,89415.3,128652.3,171351.3,148
1487.2,139320.0,25595.0,26427.0,43649.0,43649.0,85341.3,74293.6,32616.0,31377.4,0.0,85989.9,44409.6,34685.6,88497.4,37382.4,126556.3,89374.7,128652.3,171331.2,148
1488.3,139320.0,25595.0,26427.0,43649.0,43649.0,85341.3,74293.6,32616.0,31377.4,0.0,86015.1,44409.6,34645.7,88525.0,37348.2,126549.8,89408.8,128652.3,171356.4,148
1489.4,139320.0,25595.0,26427.0,43649.0,43649.0,85341.3,74293.6,32616.0,31377.4,0.0,86061.0,44409.6,34645.5,88571.5,37347.9,126596.1,89401.0,128652.3,171402.3,148
1490.5,139320.0,25595.0,26427.0,43649.0,43649.0,85341.3,74293.6,32616.0,31377.4,0.0,86063.4,44409.6,34643.1,88573.9,37347.1,126597.7,89401.8,128652.3,171404.7,148
1491.6,139320.0,25595.0,26427.0,43649.0,43649.0,85341.3,74293.6,32616.0,31377.4,0.0,86028.6,44409.6,34682.4,88539.5,37389.2,126605.3,89363.8,128652.3,171369.9,148
1492.7,139320.0,25595.0,26427.0,43649.0,43649.0,85341.3,74293.6,32616.0,31377.4,0.0,86021.1,44409.6,34682.1,88534.0,37388.8,126599.4,89368.2,128652.3,171362.4,148
1493.8,139320.0,25595.0,26427.0,43649.0,43649.0,85341.3,74293.6,32616.0,31377.4,0.0,86021.0,44409.6,34642.7,88534.4,37349.8,126560.7,89407.3,128652.3,171362.2,148
1495.0,139320.0,25595.0,26427.0,43649.0,43649.0,85341.3,74293.6,32616.0,31377.4,0.0,86067.5,44409.6,34642.8,88582.7,37353.6,126613.0,89395.3,128652.3,171408.8,148
1496.0,139320.0,25595.0,26427.0,43649.0,43649.0,85341.3,74293.6,32616.0,31377.4,0.0,86067.4,44797.2,34642.3,88582.1,37353.2,126612.0,89395.7,128652.3,171408.7,148
1498.1,139320.0,25595.0,26427.0,43649.0,43649.0,85341.3,74293.6,32616.0,31377.4,0.0,86027.0,44797.2,34682.6,88544.0,37392.6,126613.2,89364.4,128652.3,171368.3,148
1499.1,139320.0,25595.0,26427.0,43649.0,43649.0,85341.3,74293.6,32616.0,31377.4,0.0,86077.6,44797.2,34642.9,88595.7,37358.7,126631.2,89398.1,128652.3,171418.9,148
1500.2,139320.0,25595.0,26427.0,43649.0,43649.0,85341.3,74293.6,32616.0,31377.4,0.0,86095.5,44797.2,34642.9,88614.7,37289.6,126581.1,89467.2,128652.3,171436.8,148
1501.3,139320.0,25595.0,26427.0,43649.0,43649.0,85341.3,74293.6,32616.0,31377.4,0.0,86106.9,44797.2,34675.3,88627.1,37321.6,126625.6,89431.2,128652.3,171448.2,148
1502.5,139320.0,25595.0,26427.0,43649.0,43649.0,85341.3,74293.6,32616.1,31377.4,0.0,86079.4,44797.2,34682.7,88599.5,37343.5,126619.6,89413.4,128652.3,171420.7,148
1503.5,139320.0,25595.0,26427.0,43649.0,43649.0,85341.3,74293.6,32616.1,31377.5,0.0,86079.4,44797.2,34643.3,88599.5,37311.4,126587.6,89445.5,128652.3,171420.7,148
1504.7,139320.0,25595.0,26427.0,43649.0,43649.0,85351.5,74303.8,32626.3,31387.6,0.0,86145.6,44797.2,34643.4,88666.8,37315.2,126658.8,89437.6,128652.3,171497.1,148
1505.8,139320.0,25595.0,26427.0,43649.0,43649.0,85351.5,74303.8,32626.2,31387.6,0.0,86130.9,44797.2,34653.5,88652.0,37334.4,126663.2,89418.4,128652.3,171482.4,148
1506.9,139320.0,25595.0,26427.0,43649.0,43649.0,85351.5,74303.8,32626.2,31387.6,0.0,86100.5,45253.0,34693.4,88624.3,37381.5,126682.6,89347.3,128652.3,171452.0,148
1508.9,139320.0,25595.0,26427.0,43649.0,43649.0,85351.5,74303.8,32626.3,31387.6,0.0,86115.8,45253.0,34653.5,88644.8,37344.8,126666.6,89411.9,128652.3,171467.3,148
1510.0,139320.0,25595.0,26427.0,43649.0,43649.0,85351.5,74303.8,32626.3,31387.6,0.0,86151.1,45253.0,34653.5,88679.8,37346.9,126703.6,89409.8,128652.3,171502.6,148
1511.1,139320.0,25595.0,26427.0,43649.0,43649.0,85351.5,74303.8,32626.2,31387.6,0.0,85793.5,45253.0,34654.2,88320.6,37300.5,126297.7,89456.4,128652.3,171145.0,148
1512.2,139320.0,25595.0,26427.0,43649.0,43649.0,85351.5,74303.8,32626.2,31387.6,0.0,85894.9,45253.0,34693.7,88426.5,37355.8,126459.2,89401.0,128652.3,171246.4,148
1513.3,139320.0,25595.0,26427.0,43649.0,43649.0,85351.5,74303.8,32626.3,31387.6,0.0,85894.9,45253.0,34693.9,88426.6,37362.2,126465.6,89394.6,128652.3,171246.4,148
1514.4,139320.0,25595.0,26427.0,43649.0,43649.0,85351.5,74303.8,32626.3,31387.6,0.0,85894.9,45253.0,34654.3,88426.5,37330.0,126433.3,89426.8,128652.3,171246.4,148
1515.4,139320.0,25595.0,26427.0,43649.0,43649.0,85351.5,74303.8,32626.3,31387.6,0.0,85894.9,45253.0,34654.2,88426.5,37330.1,126433.4,89426.7,128652.3,171246.4,148
1516.5,139320.0,25595.0,26427.0,43649.0,43649.0,85351.5,74303.8,32626.2,31387.6,0.0,85894.9,45253.0,34693.6,88426.5,37370.0,126473.4,89386.7,128652.3,171246.4,148
1517.6,139320.0,25595.0,26427.0,43649.0,43649.0,85351.5,74303.8,32626.2,31387.6,0.0,85941.2,45633.7,34693.3,88473.3,37378.3,126528.5,89378.3,128652.3,171292.7,148
1519.7,139320.0,25595.0,26427.0,43649.0,43649.0,85351.5,74303.8,32626.3,31387.6,0.0,86088.6,45633.7,34654.2,88623.0,37346.6,126646.8,89409.8,128652.3,171440.1,148
1520.8,139320.0,25595.0,26427.0,43649.0,43649.0,85351.5,74303.8,32626.3,31387.6,0.0,86088.9,45633.7,34654.2,88623.2,37350.9,126651.3,89405.5,128652.3,171440.4,148
1521.8,139320.0,25595.0,26427.0,43649.0,43649.0,85351.5,74303.8,32626.2,31387.6,0.0,86088.9,45633.7,34693.8,88623.2,37392.1,126692.4,89364.3,128652.3,171440.4,148
1522.9,139320.0,25595.0,26427.0,43649.0,43649.0,85351.4,74303.8,32626.3,31387.6,0.0,86089.1,45633.7,34693.8,88623.3,37391.4,126691.9,89365.0,128652.3,171440.4,148
1524.0,139320.0,25595.0,26427.0,43649.0,43649.0,85351.4,74303.8,32626.3,31387.6,0.0,85911.7,45633.7,34654.2,88444.0,37343.9,126464.9,89412.7,128652.3,171263.0,148
1525.1,139320.0,25595.0,26427.0,43649.0,43649.0,85351.4,74303.8,32626.3,31387.6,0.0,85911.7,45633.7,34654.2,88443.9,37346.8,126467.7,89409.8,128652.3,171263.0,148
1526.2,139320.0,25595.0,26427.0,43649.0,43649.0,85351.4,74303.8,32626.2,31387.6,0.0,85925.3,45633.7,34654.3,88457.6,37349.7,126484.3,89406.9,128652.3,171276.7,148
1527.3,139320.0,25595.0,26427.0,43649.0,43649.0,85351.4,74303.8,32626.2,31387.6,0.0,85941.5,45633.7,34654.7,88475.8,37355.2,126508.1,89401.3,128652.3,171292.8,148
1528.4,139320.0,25595.0,26427.0,43649.0,43649.0,85351.2,74303.8,32626.2,31387.6,0.0,85961.6,45949.6,34654.6,88496.3,37357.1,126530.5,89399.4,128652.3,171312.7,148
1530.4,139320.0,25595.0,26427.0,43649.0,43649.0,85351.1,74303.8,32626.2,31387.7,0.0,85149.1,45949.6,34655.2,87684.5,37310.8,125671.4,89446.7,128652.3,170500.2,148
1531.5,139320.0,25595.0,26427.0,43649.0,43649.0,85351.1,74303.8,32626.2,31387.6,0.0,85148.8,45949.6,34694.5,87686.3,37353.6,125716.1,89403.9,128652.3,170499.9,148
1532.6,139320.0,25595.0,26427.0,43649.0,43649.0,85351.1,74303.8,32626.2,31387.6,0.0,85149.4,45949.6,34694.3,87687.0,37360.2,125723.4,89397.2,128652.3,170500.5,148
1533.7,139320.0,25595.0,26427.0,43649.0,43649.0,85351.1,74303.8,32626.2,31387.6,0.0,85149.5,45949.6,34655.1,87687.1,37329.9,125693.2,89427.6,128652.3,170500.6,148
1534.8,139320.0,25595.0,26427.0,43649.0,43649.0,85351.1,74303.8,32626.2,31387.6,0.0,85151.9,45949.6,34655.5,87689.1,37338.5,125703.6,89419.0,128652.3,170503.0,148
1535.9,139320.0,25595.0,26427.0,43649.0,43649.0,85351.1,74303.8,32626.2,31387.6,0.0,85152.0,45949.6,34655.1,87689.7,37340.5,125706.3,89417.0,128652.3,170503.1,148
1537.0,139320.0,25595.0,26427.0,43649.0,43649.0,85351.1,74303.8,32626.2,31387.6,0.0,85239.2,45949.6,34694.5,87779.1,37383.1,125838.5,89374.2,128652.3,170590.3,148
1538.0,139320.0,25595.0,26427.0,43649.0,43649.0,85351.1,74303.8,32626.2,31387.6,0.0,85239.2,45949.6,34694.7,87779.1,37388.5,125843.9,89368.8,128652.3,170590.4,148
1539.1,139320.0,25595.0,26427.0,43649.0,43649.0,85351.1,74303.8,32626.2,31387.6,0.0,85239.3,46237.9,34655.2,87778.9,37352.2,125807.5,89405.0,128652.3,170590.4,148
1541.2,139320.0,25595.0,26427.0,43649.0,43649.0,85351.1,74303.8,32626.2,31387.7,0.0,85414.4,46237.9,34655.1,87956.8,37357.5,125990.8,89399.6,128652.3,170765.5,148
1542.3,139320.0,25595.0,26427.0,43649.0,43649.0,85351.1,74303.8,32626.2,31387.7,0.0,85428.3,46237.9,34655.4,87970.7,37358.6,126005.9,89398.4,128652.3,170779.4,148
1543.4,139320.0,25595.0,26427.0,43649.0,43649.0,85351.1,74303.8,32626.3,31387.7,0.0,85511.6,46237.9,34655.2,88055.4,37372.6,126104.8,89384.3,128652.3,170862.7,148
1544.5,139320.0,25595.0,26427.0,43649.0,43649.0,85351.1,74303.8,32626.3,31387.7,0.0,85512.0,46237.9,34655.2,88056.1,37368.8,126101.6,89388.1,128652.3,170863.1,148
1545.6,139320.0,25595.0,26427.0,43649.0,43649.0,85351.1,74303.8,32626.2,31387.7,0.0,85601.6,46237.9,34655.2,88147.1,37373.1,126197.1,89383.6,128652.3,170952.7,148
1546.7,139320.0,25595.0,26427.0,43649.0,43649.0,85312.7,74265.4,32587.8,31349.2,0.0,85728.5,46237.9,34656.3,88277.1,37363.9,126318.1,89392.6,128652.3,171041.2,148
1547.8,139320.0,25595.0,26427.0,43649.0,43649.0,85312.7,74265.4,32587.8,31349.2,0.0,85728.6,46237.9,34656.2,88277.2,37368.0,126322.3,89388.5,128652.3,171041.3,148
1548.9,139320.0,25595.0,26427.0,43649.0,43649.0,85312.7,74265.4,32587.8,31349.2,0.0,85728.7,46237.9,34616.8,88277.3,37333.2,126287.6,89423.3,128652.3,171041.4,148
1550.0,139320.0,25595.0,26427.0,43649.0,43649.0,85312.7,74265.4,32587.8,31349.2,0.0,85728.8,46584.5,34616.8,88277.4,37334.7,126289.2,89421.8,128652.3,171041.5,148
1552.1,139320.0,25595.0,26427.0,43649.0,43649.0,85312.7,74265.4,32587.8,31349.2,0.0,85728.9,46584.5,34655.1,88277.5,37373.0,126327.5,89383.5,128652.3,171041.6,148
1553.2,139320.0,25595.0,26427.0,43649.0,43649.0,85331.7,74284.4,32606.8,31368.2,0.0,85898.4,46584.5,34672.8,88451.6,37397.7,126526.6,89358.6,128652.3,171230.1,148
1554.3,139320.0,25595.0,26427.0,43649.0,43649.0,85331.7,74284.4,32606.8,31368.2,0.0,85898.5,46584.5,34633.8,88449.9,37352.8,126480.1,89403.4,128652.3,171230.2,148
1555.4,139320.0,25595.0,26427.0,43649.0,43649.0,85331.7,74284.4,32606.8,31368.2,0.0,85898.6,46584.5,34633.8,88450.0,37351.2,126478.5,89405.1,128652.3,171230.3,148
1556.5,139320.0,25595.0,26427.0,43649.0,43649.0,85331.6,74284.4,32606.8,31368.2,0.0,85900.1,46584.5,34672.8,88451.5,37390.5,126519.4,89365.7,128652.3,171231.7,148
1557.6,139320.0,25595.0,26427.0,43649.0,43649.0,85315.5,74268.4,32590.8,31352.3,0.0,86033.4,46584.5,34657.6,88588.2,37376.3,126641.9,89379.9,128652.3,171349.0,148
1558.7,139320.0,25595.0,26427.0,43649.0,43649.0,85315.5,74268.4,32590.8,31352.3,0.0,86073.0,46584.5,34617.7,88628.3,37341.3,126647.0,89414.9,128652.3,171388.5,148
1559.9,139320.0,25595.0,26427.0,43649.0,43649.0,85336.3,74289.2,32611.7,31373.1,0.0,86104.3,46584.5,34638.6,88659.3,37364.1,126701.0,89375.9,128652.3,171440.6,148
1561.0,139320.0,25595.0,26427.0,43649.0,43649.0,85336.2,74289.2,32611.6,31373.1,0.0,86085.5,47138.6,34638.6,88639.6,37363.4,126680.5,89376.7,128652.3,171421.7,148
1563.2,139320.0,25595.0,26427.0,43649.0,43649.0,85336.0,74289.2,32611.6,31373.1,0.0,85945.1,47138.6,34678.8,88503.1,37403.8,126584.2,89348.6,128652.3,171281.1,148
1564.3,139320.0,25595.0,26427.0,43649.0,43649.0,85336.0,74289.2,32611.6,31373.1,0.0,85945.4,47138.6,34638.7,88503.5,37364.4,126545.2,89387.9,128652.3,171281.4,148
1565.4,139320.0,25595.0,26427.0,43649.0,43649.0,85336.0,74289.3,32611.7,31373.1,0.0,86091.4,47138.6,34638.7,88652.5,37367.5,126697.4,89388.7,128652.3,171427.4,148
1566.6,139320.0,25595.0,26427.0,43649.0,43649.0,85335.9,74289.3,32611.7,31373.1,0.0,86073.9,47138.6,34677.8,88633.5,37407.3,126718.1,89324.9,128652.3,171409.8,148
1567.7,139320.0,25595.0,26427.0,43649.0,43649.0,85335.8,74289.3,32611.7,31373.1,0.0,86047.1,47138.6,34677.6,88608.7,37407.5,126693.3,89284.9,128652.3,171382.9,148
1568.8,139320.0,25595.0,26427.0,43649.0,43649.0,85335.9,74289.3,32611.7,31373.1,0.0,86003.5,47138.6,34638.1,88565.2,37371.5,126613.4,89385.4,128652.3,171339.4,148
1569.9,139320.0,25595.0,26427.0,43649.0,43649.0,85335.9,74289.3,32611.7,31373.1,0.0,86019.8,47138.6,34638.0,88581.7,37374.2,126632.7,89382.7,128652.3,171355.7,148
1570.9,139320.0,25595.0,26427.0,43649.0,43649.0,85335.9,74289.3,32611.7,31373.1,0.0,86020.5,47138.6,34638.1,88582.3,37374.2,126633.3,89382.7,128652.3,171356.4,148
1572.1,139320.0,25595.0,26427.0,43649.0,43649.0,85335.0,74289.3,32611.6,31373.1,0.0,86020.8,47536.5,34677.9,88582.7,37414.4,126673.9,89342.4,128652.3,171355.8,148
1574.2,139320.0,25595.0,26427.0,43649.0,43649.0,85345.8,74300.3,32622.7,31384.1,0.0,85493.2,47536.5,34649.5,88056.2,37383.0,126115.0,88466.8,128652.3,170839.0,148
1575.3,139320.0,25595.0,26427.0,43649.0,43649.0,85345.8,74300.3,32622.7,31384.1,0.0,85493.6,47536.5,34649.1,88056.6,37383.7,126116.1,88466.1,128652.3,170839.4,148
1576.4,139320.0,25595.0,26427.0,43649.0,43649.0,85345.8,74300.3,32622.6,31384.1,0.0,85501.0,47536.5,34687.9,88064.1,37421.3,126161.2,88428.4,128652.3,170846.8,148
1577.5,139320.0,25595.0,26427.0,43649.0,43649.0,85345.8,74300.3,32622.6,31384.1,0.0,85508.4,47536.5,34688.4,88071.5,37421.4,126168.7,88428.3,128652.3,170854.1,148
1578.6,139320.0,25595.0,26427.0,43649.0,43649.0,85345.8,74300.3,32622.7,31384.1,0.0,85515.1,47536.5,34649.5,88078.2,37391.4,126145.5,88458.4,128652.3,170860.9,148
1579.7,139320.0,25595.0,26427.0,43649.0,43649.0,85348.5,74303.0,32625.4,31386.9,0.0,85104.8,47536.5,34651.9,87666.7,37395.6,125737.6,89362.7,128652.3,170453.3,148
1580.8,139320.0,25595.0,26427.0,43649.0,43649.0,85348.5,74303.0,32625.4,31386.9,0.0,85108.2,47536.5,34651.8,87670.2,37403.1,125748.5,89355.2,128652.3,170456.7,148
1581.9,139320.0,25595.0,26427.0,43649.0,43649.0,85348.5,74303.0,32625.4,31386.9,0.0,85113.6,47536.5,34691.4,87677.3,37439.0,125791.5,89319.4,128652.3,170462.1,148
1583.0,139320.0,25595.0,26427.0,43649.0,43649.0,85348.5,74303.0,32625.4,31386.9,0.0,85134.8,47690.4,34691.6,87698.7,37443.8,125817.8,89314.5,128652.3,170483.3,148
1585.1,139320.0,25595.0,26427.0,43649.0,43649.0,85353.6,74308.1,32630.5,31391.9,0.0,85198.8,47690.4,34680.3,87766.9,37439.6,125882.0,89318.6,128652.3,170552.3,148
1586.3,139320.0,25595.0,26427.0,43649.0,43649.0,85353.6,74308.1,32630.4,31391.9,0.0,85290.0,47690.4,34665.3,87857.7,37419.8,125953.1,89338.2,128652.3,170643.6,148
1587.5,139320.0,25595.0,26427.0,43649.0,43649.0,85353.6,74308.2,32630.5,31392.0,0.0,85300.5,47690.4,34696.4,87868.9,37447.8,125992.2,89310.2,128652.3,170654.2,148
1588.6,139320.0,25595.0,26427.0,43649.0,43649.0,85353.6,74308.2,32630.5,31392.0,0.0,85353.1,47690.4,34657.5,87922.4,37406.0,126004.0,89351.9,128652.3,170706.7,148
1589.7,139320.0,25595.0,26427.0,43649.0,43649.0,85353.6,74308.2,32630.5,31392.0,0.0,85398.0,47690.4,34657.0,87967.6,37405.9,126049.2,89352.0,128652.3,170751.6,148
1590.9,139320.0,25595.0,26427.0,43649.0,43649.0,85353.6,74308.2,32630.5,31392.0,0.0,85445.2,47690.4,34657.5,88017.9,37411.0,126104.7,89346.8,128652.3,170798.8,148
1592.0,139320.0,25595.0,26427.0,43649.0,43649.0,85353.6,74308.2,32630.5,31392.0,0.0,85510.9,47690.4,34697.2,88082.8,37440.1,126198.8,89317.6,128652.3,170864.5,148
1593.1,139320.0,25595.0,26427.0,43649.0,43649.0,85353.6,74308.2,32630.5,31392.0,0.0,85548.3,48091.9,34697.5,88121.3,37442.1,126239.3,89315.5,128652.3,170902.0,148
1595.2,139320.0,25595.0,26427.0,43649.0,43649.0,85353.6,74308.2,32630.5,31392.0,0.0,85572.8,48091.9,34658.5,88146.4,37403.9,126226.3,89353.7,128652.3,170926.4,148
1596.3,139320.0,25595.0,26427.0,43649.0,43649.0,85353.6,74308.2,32630.5,31392.0,0.0,85589.3,48091.9,34681.2,88163.3,37427.4,126266.7,89330.2,128652.3,170942.9,148
1597.5,139320.0,25595.0,26427.0,43649.0,43649.0,85353.6,74308.2,32630.5,31392.0,0.0,85608.0,48091.9,34693.4,88182.0,37438.0,126296.0,89319.6,128652.3,170961.7,148
1598.6,139320.0,25595.0,26427.0,43649.0,43649.0,85353.6,74308.2,32630.5,31392.0,0.0,85608.1,48091.9,34659.0,88182.0,37404.2,126262.2,89353.4,128652.3,170961.7,148
1599.7,139320.0,25595.0,26427.0,43649.0,43649.0,85353.6,74308.2,32630.5,31392.0,0.0,85650.2,48091.9,34658.1,88225.2,37405.3,126306.6,89352.2,128652.3,171003.8,148
1600.8,139320.0,25595.0,26427.0,43649.0,43649.0,85353.6,74308.2,32630.5,31392.0,0.0,85722.6,48091.9,34658.1,88300.5,37414.9,126391.5,89342.6,128652.3,171076.2,148
1601.9,139320.0,25595.0,26427.0,43649.0,43649.0,85353.7,74308.2,32630.5,31392.0,0.0,85723.0,48091.9,34697.7,88298.8,37451.7,126426.7,89305.7,128652.3,171076.7,148
1603.0,139320.0,25595.0,26427.0,43649.0,43649.0,85353.7,74308.2,32630.5,31392.0,0.0,85723.0,48091.9,34697.7,88298.8,37451.2,126426.2,89306.2,128652.3,171076.7,148
1604.1,139320.0,25595.0,26427.0,43649.0,43649.0,85353.7,74308.2,32630.6,31392.0,0.0,85814.6,48362.5,34658.1,88391.8,37423.6,126491.7,89333.7,128652.3,171168.3,148
1606.3,139320.0,25595.0,26427.0,43649.0,43649.0,85353.7,74308.2,32630.5,31392.0,0.0,85847.9,48362.5,34672.9,88426.5,37431.9,126534.8,89325.3,128652.3,171201.6,148
1607.5,139320.0,25595.0,26427.0,43649.0,43649.0,85353.7,74308.2,32630.5,31392.0,0.0,85876.6,48362.5,34697.6,88455.2,37464.0,126595.6,89293.2,128652.3,171230.2,148
1608.6,139320.0,25595.0,26427.0,43649.0,43649.0,85353.7,74308.2,32630.6,31392.0,0.0,85926.1,48362.5,34658.3,88505.8,37430.3,126612.6,89326.8,128652.3,171279.8,148
1609.7,139320.0,25595.0,26427.0,43649.0,43649.0,85353.7,74308.2,32630.6,31392.0,0.0,86002.2,48362.5,34658.2,88583.3,37424.0,126683.9,89333.0,128652.3,171355.9,148
1610.8,139320.0,25595.0,26427.0,43649.0,43649.0,85353.7,74308.2,32630.5,31392.0,0.0,86019.4,48362.5,34658.2,88600.7,37425.3,126702.7,89331.6,128652.3,171373.1,148
1611.9,139320.0,25595.0,26427.0,43649.0,43649.0,85353.6,74308.2,32630.5,31392.0,0.0,86000.7,48362.5,34697.7,88582.1,37460.7,126719.3,89292.4,128652.3,171354.3,148
1613.1,139320.0,25595.0,26427.0,43649.0,43649.0,85353.6,74308.2,32630.6,31392.0,0.0,85991.8,48362.5,34697.7,88573.1,37460.6,126710.2,89296.5,128652.3,171345.4,148
1614.2,139320.0,25595.0,26427.0,43649.0,43649.0,85353.6,74308.2,32630.6,31392.0,0.0,85993.7,48558.9,34658.2,88574.7,37416.5,126667.8,89340.5,128652.3,171347.3,148
1616.3,139320.0,25595.0,26427.0,43649.0,43649.0,85353.6,74308.2,32630.5,31392.0,0.0,86011.4,48558.9,34666.2,88592.5,37422.3,126691.3,89334.8,128652.3,171365.0,148
1617.4,139320.0,25595.0,26427.0,43649.0,43649.0,85353.6,74308.2,32630.5,31392.0,0.0,86012.7,48558.9,34692.5,88593.5,37451.5,126721.5,89305.6,128652.3,171366.3,148
1618.5,139320.0,25595.0,26427.0,43649.0,43649.0,85353.6,74308.2,32630.6,31392.0,0.0,86012.0,48558.9,34658.6,88593.8,37417.2,126687.6,89339.8,128652.3,171365.6,148
1619.7,139320.0,25595.0,26427.0,43649.0,43649.0,85353.6,74308.2,32630.6,31392.0,0.0,86012.0,48558.9,34658.1,88593.8,37415.9,126686.3,89341.1,128652.3,171365.6,148
1620.8,139320.0,25595.0,26427.0,43649.0,43649.0,85353.6,74308.2,32630.5,31392.0,0.0,86034.9,48558.9,34658.1,88617.1,37415.0,126708.7,89342.0,128652.3,171388.5,148
1621.9,139320.0,25595.0,26427.0,43649.0,43649.0,85353.6,74308.2,32630.5,31392.0,0.0,86016.6,48558.9,34697.5,88598.4,37347.2,126622.1,89409.8,128652.3,171370.2,148
1623.0,139320.0,25595.0,26427.0,43649.0,43649.0,85353.6,74308.2,32630.5,31392.0,0.0,86016.6,48558.9,34697.5,88598.4,37349.3,126624.3,89407.7,128652.3,171370.2,148
1624.1,139320.0,25595.0,26427.0,43649.0,43649.0,85353.6,74308.2,32630.6,31392.0,0.0,86043.6,48558.9,34658.2,88626.3,37327.1,126630.0,89429.9,128652.3,171397.2,148
1625.2,139320.0,25595.0,26427.0,43649.0,43649.0,85353.6,74308.2,32630.6,31392.0,0.0,86043.6,48700.2,34658.1,88626.3,37329.7,126632.5,89427.3,128652.3,171397.2,148
1627.3,139320.0,25595.0,26427.0,43649.0,43649.0,85353.6,74308.2,32630.5,31392.0,0.0,86035.5,48700.2,34699.4,88614.4,37383.6,126674.6,89373.4,128652.3,171389.1,148
1628.4,139320.0,25595.0,26427.0,43649.0,43649.0,85353.6,74308.2,32630.6,31392.0,0.0,86051.9,48700.2,34699.1,88634.3,37392.0,126702.9,89364.9,128652.3,171405.5,148
1629.5,139320.0,25595.0,26427.0,43649.0,43649.0,85353.6,74308.2,32630.6,31392.0,0.0,86116.4,48700.2,34659.3,88697.3,37367.3,126741.3,89389.5,128652.3,171470.0,148
1630.6,139320.0,25595.0,26427.0,43649.0,43649.0,85353.6,74308.2,32630.6,31392.0,0.0,86088.3,48700.2,34659.5,88670.1,37365.4,126712.3,89379.4,128652.3,171441.9,148
1631.8,139320.0,25595.0,26427.0,43649.0,43649.0,85353.6,74308.2,32630.5,31392.0,0.0,86046.4,48700.2,34698.9,88630.8,37404.1,126711.7,89344.7,128652.3,171400.0,148
1632.9,139320.0,25595.0,26427.0,43649.0,43649.0,85353.6,74308.2,32630.6,31392.0,0.0,86046.9,48700.2,34698.9,88632.8,37408.3,126717.8,89340.5,128652.3,171400.6,148
1633.9,139320.0,25595.0,26427.0,43649.0,43649.0,85353.6,74308.2,32630.6,31392.0,0.0,86048.3,48700.2,34659.2,88634.1,37371.3,126682.2,89377.5,128652.3,171401.9,148
1635.0,139320.0,25595.0,26427.0,43649.0,43649.0,85353.6,74308.2,32630.6,31392.0,0.0,86048.9,48700.2,34659.3,88634.7,37368.4,126679.9,89380.4,128652.3,171402.5,148
1636.1,139320.0,25595.0,26427.0,43649.0,43649.0,85353.6,74308.2,32630.5,31392.0,0.0,86074.4,49072.0,34659.5,88658.7,37370.9,126706.5,89385.8,128652.3,171428.0,148
1638.3,139320.0,25595.0,26427.0,43649.0,43649.0,85353.6,74308.2,32630.6,31392.0,0.0,86038.6,49072.0,34699.5,88624.3,37405.8,126707.0,89346.9,128652.3,171392.2,148
1639.3,139320.0,25595.0,26427.0,43649.0,43649.0,85353.6,74308.2,32630.6,31392.0,0.0,86038.6,49072.0,34659.5,88624.6,37372.2,126673.7,89380.5,128652.3,171392.2,148
1640.5,139320.0,25595.0,26427.0,43649.0,43649.0,85353.6,74308.2,32630.6,31392.0,0.0,86038.8,49072.0,34660.0,88624.8,37373.0,126674.7,89379.7,128652.3,171392.4,148
1641.5,139320.0,25595.0,26427.0,43649.0,43649.0,85353.6,74308.2,32630.5,31392.0,0.0,86038.8,49072.0,34700.0,88624.8,37410.8,126712.5,89341.9,128652.3,171392.4,148
1642.7,139320.0,25595.0,26427.0,43649.0,43649.0,85353.6,74308.2,32630.5,31392.0,0.0,86040.4,49072.0,34699.6,88627.9,37413.2,126718.0,89327.5,128652.3,171394.0,148
1643.8,139320.0,25595.0,26427.0,43649.0,43649.0,85352.6,74307.2,32629.6,31391.0,0.0,86027.8,49072.0,34659.1,88616.9,37373.1,126666.9,89383.6,128652.3,171380.4,148
1644.8,139320.0,25595.0,26427.0,43649.0,43649.0,85352.6,74307.2,32629.6,31391.0,0.0,86027.9,49072.0,34659.4,88616.9,37375.7,126669.5,89381.0,128652.3,171380.5,148
1645.9,139320.0,25595.0,26427.0,43649.0,43649.0,85352.6,74307.2,32629.6,31391.0,0.0,86075.0,49072.0,34659.2,88666.0,37377.2,126720.2,89371.4,128652.3,171427.6,148
1647.0,139320.0,25595.0,26427.0,43649.0,43649.0,85352.6,74307.2,32629.6,31391.0,0.0,86061.1,49428.0,34699.1,88653.8,37412.3,126743.1,89344.2,128652.3,171413.7,148
1649.2,139320.0,25595.0,26427.0,43649.0,43649.0,85352.6,74307.2,32629.6,31391.0,0.0,86023.9,49428.0,34659.6,88616.1,37377.0,126670.1,89379.6,128652.3,171376.5,148
1650.3,139320.0,25595.0,26427.0,43649.0,43649.0,85352.6,74307.2,32629.6,31391.0,0.0,86024.5,49428.0,34659.3,88616.8,37377.7,126671.4,89378.9,128652.3,171377.1,148
1651.4,139320.0,25595.0,26427.0,43649.0,43649.0,85352.6,74307.2,32629.6,31391.0,0.0,86044.9,49428.0,34698.8,88637.5,37420.0,126734.5,89336.5,128652.3,171397.5,148
1652.6,139320.0,25595.0,26427.0,43649.0,43649.0,85352.6,74307.2,32629.6,31391.0,0.0,86045.4,49428.0,34698.7,88638.0,37422.5,126737.5,89334.0,128652.3,171398.0,148
1653.7,139320.0,25595.0,26427.0,43649.0,43649.0,85352.6,74307.2,32629.6,31391.0,0.0,86046.0,49428.0,34659.4,88638.6,37385.8,126701.5,89370.7,128652.3,171398.6,148
1654.9,139320.0,25595.0,26427.0,43649.0,43649.0,85352.6,74307.2,32629.6,31391.0,0.0,86046.6,49428.0,34659.4,88639.2,37386.4,126702.7,89370.1,128652.3,171399.3,148
1656.0,139320.0,25595.0,26427.0,43649.0,43649.0,85350.8,74307.2,32629.5,31391.0,0.0,86064.2,49428.0,34659.6,88656.9,37387.5,126721.5,89369.0,128652.3,171415.0,148
1657.1,139320.0,25595.0,26427.0,43649.0,43649.0,85350.6,74307.2,32629.5,31391.0,0.0,85972.0,49617.0,34698.5,88566.5,37359.0,126602.5,89397.6,128652.3,171322.6,148
1659.3,139320.0,25595.0,26427.0,43649.0,43649.0,85349.5,74307.4,32629.6,31391.2,0.0,86123.2,49617.0,34659.7,88720.7,37347.8,126745.8,89408.6,128652.3,171472.8,148
1660.4,139320.0,25595.0,26427.0,43649.0,43649.0,85349.3,74307.4,32629.6,31391.2,0.0,85877.0,49617.0,34659.7,88474.7,37346.4,126498.2,89410.1,128652.3,171226.3,148
1661.5,139320.0,25595.0,26427.0,43649.0,43649.0,85349.2,74307.4,32629.6,31391.2,0.0,85706.7,49617.0,34698.4,88306.8,37388.1,126371.9,89368.5,128652.3,171055.9,148
1662.6,139320.0,25595.0,26427.0,43649.0,43649.0,85349.2,74307.4,32629.6,31391.2,0.0,85706.7,49617.0,34698.4,88306.8,37388.7,126372.5,89367.9,128652.3,171055.9,148
1663.6,139320.0,25595.0,26427.0,43649.0,43649.0,85349.2,74307.4,32629.6,31391.2,0.0,85706.7,49617.0,34659.2,88307.1,37353.4,126337.4,89403.2,128652.3,171055.9,148
1664.7,139320.0,25595.0,26427.0,43649.0,43649.0,85349.2,74307.4,32629.6,31391.2,0.0,85706.7,49617.0,34659.6,88307.1,37354.6,126338.7,89402.0,128652.3,171055.9,148
1665.8,139320.0,25595.0,26427.0,43649.0,43649.0,85349.2,74307.4,32629.6,31391.2,0.0,85711.0,49617.0,34659.1,88311.7,37305.8,126294.5,89450.8,128652.3,171060.2,148
1666.9,139320.0,25595.0,26427.0,43649.0,43649.0,85349.2,74307.4,32629.6,31391.2,0.0,85712.2,49617.0,34698.7,88312.9,37349.9,126339.9,89406.6,128652.3,171061.4,148
1668.0,139320.0,25595.0,26427.0,43649.0,43649.0,85350.9,74309.0,32631.2,31392.8,0.0,85930.8,50158.8,34700.1,88535.3,37373.6,126586.3,89382.6,128652.3,171281.6,148
1670.2,139320.0,25595.0,26427.0,43649.0,43649.0,85350.9,74309.0,32631.2,31392.8,0.0,86020.3,50158.8,34661.2,88626.9,37349.2,126653.6,89406.9,128652.3,171371.2,148
1671.2,139320.0,25595.0,26427.0,43649.0,43649.0,85350.9,74309.0,32631.2,31392.8,0.0,86020.8,50158.8,34660.7,88627.9,37351.8,126657.3,89404.3,128652.3,171371.6,148
1672.3,139320.0,25595.0,26427.0,43649.0,43649.0,85350.9,74309.0,32631.2,31392.8,0.0,86021.6,50158.8,34691.3,88628.8,37391.1,126697.4,89364.9,128652.3,171372.4,148
1673.4,139320.0,25595.0,26427.0,43649.0,43649.0,85350.9,74309.0,32631.2,31392.8,0.0,86021.9,50158.8,34700.6,88629.1,37396.7,126703.4,89359.3,128652.3,171372.8,148
1674.5,139320.0,25595.0,26427.0,43649.0,43649.0,85350.9,74309.0,32631.2,31392.8,0.0,86023.0,50158.8,34660.7,88630.2,37359.6,126667.3,89396.5,128652.3,171373.9,148
1675.6,139320.0,25595.0,26427.0,43649.0,43649.0,85350.9,74309.0,32631.2,31392.8,0.0,86023.5,50158.8,34660.7,88630.7,37357.4,126665.6,89398.7,128652.3,171374.4,148
1676.7,139320.0,25595.0,26427.0,43649.0,43649.0,85350.9,74309.0,32631.2,31392.8,0.0,86039.1,50158.8,34700.1,88646.2,37400.5,126724.4,89355.5,128652.3,171389.9,148
1677.8,139320.0,25595.0,26427.0,43649.0,43649.0,85350.7,74309.0,32631.2,31392.8,0.0,86045.6,50158.8,34700.2,88653.1,37404.1,126734.8,89351.9,128652.3,171396.3,148
1678.9,139320.0,25595.0,26427.0,43649.0,43649.0,85350.6,74309.0,32631.2,31392.8,0.0,85713.5,50307.0,34660.2,88321.8,37362.8,126361.4,89393.9,128652.3,171064.0,148
1681.1,139320.0,25595.0,26427.0,43649.0,43649.0,85350.6,74309.0,32631.2,31392.8,0.0,85437.9,50307.0,34660.3,88046.7,37315.6,126038.8,89441.6,128652.3,170788.5,148
1682.2,139320.0,25595.0,26427.0,43649.0,43649.0,85350.6,74309.0,32631.2,31392.8,0.0,85437.1,50307.0,34699.7,88046.8,37352.7,126075.8,89404.5,128652.3,170787.7,148
1683.3,139320.0,25595.0,26427.0,43649.0,43649.0,85350.6,74309.0,32631.2,31392.8,0.0,85437.2,50307.0,34699.7,88046.8,37356.9,126080.0,89400.3,128652.3,170787.7,148
1684.5,139320.0,25595.0,26427.0,43649.0,43649.0,85350.6,74309.0,32631.2,31392.8,0.0,85634.1,50307.0,34660.1,88247.4,37330.5,126254.6,89426.4,128652.3,170984.7,148
1685.6,139320.0,25595.0,26427.0,43649.0,43649.0,85350.6,74309.0,32631.2,31392.8,0.0,85634.9,50307.0,34660.1,88249.0,37331.1,126256.8,89425.8,128652.3,170985.5,148
1686.6,139320.0,25595.0,26427.0,43649.0,43649.0,85350.6,74309.0,32631.2,31392.8,0.0,85634.9,50307.0,34700.2,88249.0,37374.2,126299.9,89382.7,128652.3,170985.5,148
1687.7,139320.0,25595.0,26427.0,43649.0,43649.0,85350.6,74309.0,32631.2,31392.8,0.0,85634.9,50307.0,34699.6,88249.0,37378.9,126304.6,89378.0,128652.3,170985.5,148
1688.8,139320.0,25595.0,26427.0,43649.0,43649.0,85350.6,74309.0,32631.2,31392.8,0.0,85634.9,50307.0,34660.1,88249.1,37348.1,126273.8,89408.8,128652.3,170985.5,148
1689.9,139320.0,25595.0,26427.0,43649.0,43649.0,85369.0,74327.5,32649.7,31411.3,0.0,85748.6,50636.7,34660.2,88364.1,37353.7,126394.7,89403.1,128652.3,171117.7,148
1692.1,139320.0,25595.0,26427.0,43649.0,43649.0,85313.2,74271.6,32593.8,31355.5,0.0,85674.4,50636.7,34663.1,88289.7,37358.5,126325.0,89398.3,128652.3,170987.6,148
1693.2,139320.0,25595.0,26427.0,43649.0,43649.0,85313.2,74271.6,32593.8,31355.5,0.0,85675.1,50636.7,34662.7,88290.7,37362.9,126330.4,89393.9,128652.3,170988.3,148
1694.4,139320.0,25595.0,26427.0,43649.0,43649.0,85313.2,74271.6,32593.8,31355.5,0.0,85675.7,50636.7,34622.9,88291.3,37328.3,126296.3,89428.6,128652.3,170988.9,148
1695.5,139320.0,25595.0,26427.0,43649.0,43649.0,85312.9,74271.6,32593.8,31355.5,0.0,85647.5,50636.7,34623.4,88263.6,37333.9,126274.2,89423.0,128652.3,170960.4,148
1696.7,139320.0,25595.0,26427.0,43649.0,43649.0,85312.9,74271.7,32593.8,31355.5,0.0,85647.5,50636.7,34662.3,88263.0,37370.4,126310.1,89386.5,128652.3,170960.4,148
1697.8,139320.0,25595.0,26427.0,43649.0,43649.0,85312.9,74271.7,32593.8,31355.5,0.0,85647.6,50636.7,34662.5,88262.9,37371.3,126310.8,89385.7,128652.3,170960.5,148
1698.9,139320.0,25595.0,26427.0,43649.0,43649.0,85312.9,74271.7,32593.8,31355.5,0.0,85647.6,50636.7,34623.4,88262.9,37332.5,126272.1,89424.4,128652.3,170960.6,148
1700.0,139320.0,25595.0,26427.0,43649.0,43649.0,85312.9,74271.7,32593.8,31355.5,0.0,85647.6,50925.5,34622.8,88262.9,37332.4,126272.0,89424.5,128652.3,170960.6,148
1702.2,139320.0,25595.0,26427.0,43649.0,43649.0,85330.7,74289.4,32611.6,31373.3,0.0,85862.4,50925.5,34681.0,88482.4,37384.9,126544.4,89371.6,128652.3,171193.2,148
1703.3,139320.0,25595.0,26427.0,43649.0,43649.0,85330.7,74289.4,32611.6,31373.3,0.0,85862.4,50925.5,34680.3,88482.4,37381.9,126541.4,89374.6,128652.3,171193.2,148
1704.4,139320.0,25595.0,26427.0,43649.0,43649.0,85306.1,74264.8,32587.0,31348.6,0.0,85931.3,50925.5,34616.6,88552.4,37328.6,126558.1,89427.9,128652.3,171237.4,148
1705.5,139320.0,25595.0,26427.0,43649.0,43649.0,85306.1,74264.8,32587.0,31348.6,0.0,85931.7,50925.5,34614.1,88553.1,37328.9,126559.1,89427.6,128652.3,171237.8,148
1706.6,139320.0,25595.0,26427.0,43649.0,43649.0,85306.1,74264.8,32587.0,31348.6,0.0,85931.7,50925.5,34653.3,88553.2,37370.3,126600.6,89386.2,128652.3,171237.8,148
1707.6,139320.0,25595.0,26427.0,43649.0,43649.0,85306.1,74264.8,32587.0,31348.6,0.0,86027.4,50925.5,34653.4,88649.9,37382.2,126709.4,89374.2,128652.3,171333.5,148
1708.8,139320.0,25595.0,26427.0,43649.0,43649.0,85306.1,74264.8,32587.0,31348.6,0.0,86008.4,50925.5,34614.5,88631.5,37331.0,126639.8,89425.3,128652.3,171314.5,148
1709.8,139320.0,25595.0,26427.0,43649.0,43649.0,85306.1,74264.8,32587.0,31348.6,0.0,86012.4,50925.5,34614.1,88636.1,37333.0,126646.4,89423.3,128652.3,171318.5,148
1710.9,139320.0,25595.0,26427.0,43649.0,43649.0,85306.1,74264.8,32587.0,31348.6,0.0,86033.9,51276.3,34614.3,88658.4,37332.1,126667.9,89424.1,128652.3,171340.0,148
1713.1,139320.0,25595.0,26427.0,43649.0,43649.0,85317.2,74276.5,32598.6,31360.3,0.0,86007.7,51276.3,34664.9,88632.3,37380.2,126689.7,89376.2,128652.3,171324.9,148
1714.2,139320.0,25595.0,26427.0,43649.0,43649.0,85317.2,74276.5,32598.6,31360.3,0.0,86008.5,51276.3,34626.0,88633.5,37341.6,126652.3,89414.8,128652.3,171325.8,148
1715.3,139320.0,25595.0,26427.0,43649.0,43649.0,85358.6,74317.8,32640.0,31401.6,0.0,86056.9,51276.3,34640.7,88686.9,37355.8,126720.1,89400.5,128652.3,171415.5,148
1716.4,139320.0,25595.0,26427.0,43649.0,43649.0,85309.2,74268.5,32590.6,31352.3,0.0,86041.3,51276.3,34657.7,88668.8,37371.3,126717.5,89384.9,128652.3,171350.6,148
1717.6,139320.0,25595.0,26427.0,43649.0,43649.0,85316.7,74276.0,32598.1,31359.8,0.0,86043.6,51276.3,34664.6,88671.7,37384.5,126733.5,89371.8,128652.3,171360.3,148
1718.7,139320.0,25595.0,26427.0,43649.0,43649.0,85316.7,74276.0,32598.1,31359.8,0.0,86049.3,51276.3,34625.2,88677.4,37348.5,126703.3,89407.8,128652.3,171366.0,148
1719.9,139320.0,25595.0,26427.0,43649.0,43649.0,85316.7,74276.0,32598.1,31359.8,0.0,86067.1,51276.3,34625.3,88695.6,37349.2,126722.3,89407.0,128652.3,171383.7,148
1721.0,139320.0,25595.0,26427.0,43649.0,43649.0,85339.5,74299.0,32621.2,31382.9,0.0,85846.0,51577.0,34647.9,88469.1,37304.1,126450.4,89452.3,128652.3,171185.4,148
1723.2,139320.0,25595.0,26427.0,43649.0,43649.0,85339.5,74299.0,32621.2,31382.9,0.0,85996.1,51577.0,34687.8,88627.9,37362.3,126667.6,89393.9,128652.3,171335.6,148
1724.3,139320.0,25595.0,26427.0,43649.0,43649.0,85339.5,74299.0,32621.2,31382.9,0.0,85996.1,51577.0,34647.9,88629.0,37336.0,126642.4,89420.2,128652.3,171335.6,148
1725.4,139320.0,25595.0,26427.0,43649.0,43649.0,85339.5,74299.0,32621.2,31382.9,0.0,85996.1,51577.0,34648.4,88628.4,37339.4,126645.2,89416.7,128652.3,171335.6,148
1726.5,139320.0,25595.0,26427.0,43649.0,43649.0,85339.5,74299.0,32621.2,31382.9,0.0,85996.2,51577.0,34688.1,88628.4,37383.1,126689.0,89373.0,128652.3,171335.6,148
1727.6,139320.0,25595.0,26427.0,43649.0,43649.0,85339.5,74299.0,32621.2,31382.9,0.0,85996.2,51577.0,34687.8,88628.4,37388.7,126694.6,89367.5,128652.3,171335.6,148
1728.7,139320.0,25595.0,26427.0,43649.0,43649.0,85339.5,74299.0,32621.2,31382.9,0.0,85996.4,51577.0,34648.5,88628.6,37354.9,126661.0,89401.2,128652.3,171335.8,148
1729.9,139320.0,25595.0,26427.0,43649.0,43649.0,85339.5,74299.0,32621.2,31382.9,0.0,86076.3,51577.0,34648.5,88711.2,37360.7,126749.5,89395.3,128652.3,171415.8,148
1731.0,139320.0,25595.0,26427.0,43649.0,43649.0,85339.2,74299.0,32621.1,31382.9,0.0,86076.5,51577.0,34648.5,88711.9,37359.2,126748.8,89396.8,128652.3,171415.7,148
1732.1,139320.0,25595.0,26427.0,43649.0,43649.0,85349.4,74311.4,32633.4,31395.2,0.0,85790.3,51837.7,34699.2,88418.1,37414.3,126509.6,89342.1,128652.3,171139.6,148
1734.3,139320.0,25595.0,26427.0,43649.0,43649.0,85349.4,74311.4,32633.4,31395.2,0.0,85876.9,51837.7,34660.2,88509.1,37379.8,126566.3,89376.4,128652.3,171226.3,148
1735.4,139320.0,25595.0,26427.0,43649.0,43649.0,85349.4,74311.4,32633.4,31395.2,0.0,85877.2,51837.7,34659.5,88510.1,37381.6,126569.0,89374.6,128652.3,171226.5,148
1736.5,139320.0,25595.0,26427.0,43649.0,43649.0,85349.4,74311.4,32633.4,31395.2,0.0,85877.2,51837.7,34698.8,88510.1,37421.0,126608.5,89335.2,128652.3,171226.5,148
1737.6,139320.0,25595.0,26427.0,43649.0,43649.0,85300.6,74262.7,32584.6,31346.5,0.0,85984.4,51837.7,34698.7,88622.3,37420.7,126720.6,89335.8,128652.3,171285.0,148
1738.7,139320.0,25595.0,26427.0,43649.0,43649.0,85300.6,74262.7,32584.6,31346.5,0.0,86094.8,51837.7,34610.8,88737.0,37334.2,126748.9,89421.6,128652.3,171395.4,148
1739.9,139320.0,25595.0,26427.0,43649.0,43649.0,85300.6,74262.7,32584.6,31346.5,0.0,86106.9,51837.7,34610.2,88749.5,37333.5,126760.8,89422.3,128652.3,171407.5,148
1741.0,139320.0,25595.0,26427.0,43649.0,43649.0,85311.3,74273.4,32595.3,31357.2,0.0,85973.5,51837.7,34620.5,88614.5,37348.5,126640.7,89407.4,128652.3,171284.8,148
1742.1,139320.0,25595.0,26427.0,43649.0,43649.0,85311.3,74273.4,32595.3,31357.2,0.0,85896.8,52262.4,34661.0,88535.8,37387.1,126600.6,89368.9,128652.3,171208.1,148
1744.3,139320.0,25595.0,26427.0,43649.0,43649.0,85311.3,74273.4,32595.4,31357.2,0.0,85917.9,52262.4,34621.8,88557.7,37352.6,126587.9,89403.3,128652.3,171229.2,148
1745.4,139320.0,25595.0,26427.0,43649.0,43649.0,85325.4,74287.5,32609.4,31371.3,0.0,85642.5,52262.4,34635.3,88277.4,37302.7,126257.5,89453.4,128652.3,170967.9,148
1746.6,139320.0,25595.0,26427.0,43649.0,43649.0,85325.4,74287.5,32609.4,31371.3,0.0,85642.4,52262.4,34674.9,88276.3,37345.6,126299.4,89410.5,128652.3,170967.8,148
1747.7,139320.0,25595.0,26427.0,43649.0,43649.0,85325.4,74287.5,32609.4,31371.3,0.0,85643.7,52262.4,34674.9,88278.1,37347.5,126303.1,89408.6,128652.3,170969.2,148
1748.8,139320.0,25595.0,26427.0,43649.0,43649.0,85325.4,74287.5,32609.5,31371.3,0.0,85649.8,52262.4,34636.0,88284.3,37313.4,126275.1,89442.7,128652.3,170975.3,148
1749.9,139320.0,25595.0,26427.0,43649.0,43649.0,85325.4,74287.5,32609.5,31371.3,0.0,85659.0,52262.4,34635.5,88293.5,37319.1,126290.2,89436.9,128652.3,170984.4,148
1751.0,139320.0,25595.0,26427.0,43649.0,43649.0,85325.4,74287.5,32609.4,31371.3,0.0,85690.3,52262.4,34635.5,88325.8,37320.6,126324.0,89435.4,128652.3,171015.8,148
1752.1,139320.0,25595.0,26427.0,43649.0,43649.0,85325.4,74287.5,32609.4,31371.3,0.0,85698.5,52262.4,34675.4,88334.2,37361.2,126373.0,89394.8,128652.3,171023.9,148
1753.2,139320.0,25595.0,26427.0,43649.0,43649.0,85329.5,74291.6,32613.6,31375.4,0.0,85726.7,52590.2,34675.0,88363.4,37367.2,126408.2,89388.8,128652.3,171056.3,148
1755.4,139320.0,25595.0,26427.0,43649.0,43649.0,85329.5,74291.6,32613.6,31375.4,0.0,85874.2,52590.2,34639.9,88516.9,37339.2,126534.0,89416.6,128652.3,171203.7,148
1756.5,139320.0,25595.0,26427.0,43649.0,43649.0,85329.5,74291.6,32613.5,31375.4,0.0,85878.3,52590.2,34678.4,88521.1,37380.1,126579.1,89375.6,128652.3,171207.8,148
1757.6,139320.0,25595.0,26427.0,43649.0,43649.0,85329.5,74291.6,32613.5,31375.4,0.0,85888.4,52590.2,34678.6,88531.6,37386.9,126596.4,89368.8,128652.3,171217.9,148
1758.7,139320.0,25595.0,26427.0,43649.0,43649.0,85333.9,74295.9,32617.9,31379.7,0.0,85925.4,52590.2,34643.9,88571.1,37359.9,126608.8,89395.8,128652.3,171259.2,148
1759.8,139320.0,25595.0,26427.0,43649.0,43649.0,85333.9,74295.9,32617.9,31379.7,0.0,85932.1,52590.2,34643.4,88578.2,37359.1,126615.2,89396.6,128652.3,171266.0,148
1760.9,139320.0,25595.0,26427.0,43649.0,43649.0,85333.9,74295.9,32617.9,31379.7,0.0,85932.2,52590.2,34643.4,88578.2,37359.1,126615.2,89396.5,128652.3,171266.0,148
1762.0,139320.0,25595.0,26427.0,43649.0,43649.0,85333.9,74295.9,32617.9,31379.7,0.0,85966.1,52590.2,34682.9,88613.2,37394.0,126685.2,89361.5,128652.3,171300.0,148
1763.1,139320.0,25595.0,26427.0,43649.0,43649.0,85333.9,74295.9,32617.9,31379.7,0.0,85917.5,52590.2,34682.9,88563.0,37409.4,126650.4,89346.2,128652.3,171251.4,148
1764.2,139320.0,25595.0,26427.0,43649.0,43649.0,85333.9,74295.9,32617.9,31379.7,0.0,85920.2,52798.5,34643.3,88568.3,37375.6,126621.9,89380.0,128652.3,171254.0,148
1766.4,139320.0,25595.0,26427.0,43649.0,43649.0,85333.9,74295.9,32617.9,31379.7,0.0,86040.1,52798.5,34683.2,88693.0,37407.4,126778.5,89348.1,128652.3,171374.0,148
1767.6,139320.0,25595.0,26427.0,43649.0,43649.0,85333.6,74295.9,32617.8,31379.7,0.0,86050.5,52798.5,34683.2,88704.0,37407.1,126789.2,89348.3,128652.3,171384.1,148
1768.7,139320.0,25595.0,26427.0,43649.0,43649.0,85333.5,74295.9,32617.9,31379.7,0.0,85988.6,52798.5,34642.4,88639.4,37355.3,126672.7,89400.2,128652.3,171322.1,148
1769.8,139320.0,25595.0,26427.0,43649.0,43649.0,85333.5,74295.9,32617.9,31379.7,0.0,86009.6,52798.5,34642.0,88661.4,37359.3,126698.8,89396.2,128652.3,171343.0,148
1770.9,139320.0,25595.0,26427.0,43649.0,43649.0,85337.2,74301.2,32623.0,31385.0,0.0,85774.3,52798.5,34646.3,88425.3,37369.0,126472.2,89386.7,128652.3,171111.5,148
1772.0,139320.0,25595.0,26427.0,43649.0,43649.0,85337.2,74301.2,32623.0,31385.0,0.0,85388.8,52798.5,34686.2,88029.8,37339.5,126046.8,89416.5,128652.3,170726.0,148
1773.2,139320.0,25595.0,26427.0,43649.0,43649.0,85337.2,74301.2,32623.1,31385.0,0.0,85388.8,52798.5,34686.5,88029.8,37348.2,126055.6,89407.8,128652.3,170726.0,148
1774.3,139320.0,25595.0,26427.0,43649.0,43649.0,85337.2,74301.2,32623.0,31385.0,0.0,85431.0,53259.4,34646.6,88072.6,37323.4,126073.7,89432.5,128652.3,170768.2,148
1776.5,139320.0,25595.0,26427.0,43649.0,43649.0,85338.0,74301.9,32623.8,31385.8,0.0,85464.3,53259.4,34686.9,88106.8,37374.4,126158.9,89381.5,128652.3,170802.3,148
1777.7,139320.0,25595.0,26427.0,43649.0,43649.0,85338.0,74301.9,32623.8,31385.8,0.0,85530.8,53259.4,34686.8,88175.9,37379.4,126233.1,89376.4,128652.3,170868.7,148
1778.8,139320.0,25595.0,26427.0,43649.0,43649.0,85338.0,74301.9,32623.8,31385.8,0.0,85540.7,53259.4,34648.0,88186.1,37341.1,126205.1,89414.7,128652.3,170878.7,148
1779.9,139320.0,25595.0,26427.0,43649.0,43649.0,85338.0,74301.9,32623.8,31385.8,0.0,85546.7,53259.4,34647.4,88192.4,37344.7,126214.9,89411.1,128652.3,170884.7,148
1781.0,139320.0,25595.0,26427.0,43649.0,43649.0,85338.0,74301.9,32623.8,31385.8,0.0,85568.2,53259.4,34647.4,88215.1,37345.9,126238.9,89409.8,128652.3,170906.1,148
1782.1,139320.0,25595.0,26427.0,43649.0,43649.0,85338.0,74301.9,32623.8,31385.8,0.0,85568.4,53259.4,34687.0,88215.3,37385.9,126279.1,89369.8,128652.3,170906.4,148
1783.3,139320.0,25595.0,26427.0,43649.0,43649.0,85338.0,74301.9,32623.8,31385.8,0.0,85574.4,53259.4,34686.8,88222.2,37388.8,126288.9,89367.0,128652.3,170912.3,148
1784.4,139320.0,25595.0,26427.0,43649.0,43649.0,85338.0,74301.9,32623.8,31385.8,0.0,85635.8,53530.4,34647.4,88285.4,37358.0,126321.3,89397.6,128652.3,170973.7,148
1786.6,139320.0,25595.0,26427.0,43649.0,43649.0,85356.7,74320.8,32642.6,31404.6,0.0,85661.2,53530.4,34705.9,88313.7,37415.2,126407.0,89340.3,128652.3,171017.9,148
1787.8,139320.0,25595.0,26427.0,43649.0,43649.0,85356.7,74320.8,32642.6,31404.6,0.0,85792.7,53530.4,34705.7,88451.2,37423.1,126552.6,89332.2,128652.3,171149.4,148
1788.9,139320.0,25595.0,26427.0,43649.0,43649.0,85356.7,74320.8,32642.7,31404.6,0.0,85793.0,53530.4,34666.2,88451.7,37387.2,126517.1,89368.1,128652.3,171149.7,148
1790.1,139320.0,25595.0,26427.0,43649.0,43649.0,85356.7,74320.8,32642.7,31404.6,0.0,85793.3,53530.4,34666.4,88452.0,37388.2,126518.5,89367.1,128652.3,171150.0,148
1791.2,139320.0,25595.0,26427.0,43649.0,43649.0,85356.7,74320.8,32642.6,31404.6,0.0,85818.4,53530.4,34666.3,88477.9,37390.0,126546.2,89365.3,128652.3,171175.1,148
1792.4,139320.0,25595.0,26427.0,43649.0,43649.0,85356.7,74320.8,32642.6,31404.6,0.0,85824.7,53530.4,34706.2,88484.2,37431.2,126593.7,89324.1,128652.3,171181.4,148
1793.5,139320.0,25595.0,26427.0,43649.0,43649.0,85356.7,74320.8,32642.7,31404.6,0.0,85832.1,53530.4,34705.7,88491.9,37433.7,126603.9,89321.6,128652.3,171188.8,148
1794.6,139320.0,25595.0,26427.0,43649.0,43649.0,85356.7,74320.8,32642.7,31404.6,0.0,85876.7,53819.4,34666.4,88538.1,37392.0,126608.5,89363.2,128652.3,171233.4,148
1796.8,139320.0,25595.0,26427.0,43649.0,43649.0,85360.8,74325.0,32646.8,31408.8,0.0,85898.4,53819.4,34706.4,88560.2,37439.0,126677.6,89316.2,128652.3,171259.2,148
1798.0,139320.0,25595.0,26427.0,43649.0,43649.0,85369.2,74333.4,32655.3,31417.3,0.0,85700.0,53819.4,34718.6,88358.1,37453.7,126490.1,89241.7,128652.3,171069.2,148
1799.1,139320.0,25595.0,26427.0,43649.0,43649.0,85369.2,74333.4,32655.3,31417.3,0.0,85728.3,53819.4,34678.9,88387.4,37419.1,126484.7,89276.3,128652.3,171097.6,148
1800.2,139320.0,25595.0,26427.0,43649.0,43649.0,85369.2,74333.4,32655.3,31417.3,0.0,85731.9,53819.4,34679.1,88391.1,37421.2,126490.5,89274.2,128652.3,171101.1,148
1801.3,139320.0,25595.0,26427.0,43649.0,43649.0,85369.2,74333.4,32655.3,31417.3,0.0,85808.1,53819.4,34708.6,88469.8,37451.3,126599.4,89243.9,128652.3,171177.3,148
1802.5,139320.0,25595.0,26427.0,43649.0,43649.0,85369.2,74333.4,32655.3,31417.3,0.0,85899.3,53819.4,34679.5,88565.7,37416.4,126660.6,89278.7,128652.3,171268.5,148
1803.6,139320.0,25595.0,26427.0,43649.0,43649.0,85369.2,74333.4,32655.3,31417.3,0.0,85899.3,53819.4,34719.4,88565.6,37457.5,126701.6,89237.6,128652.3,171268.5,148
1804.7,139320.0,25595.0,26427.0,43649.0,43649.0,85369.2,74333.4,32655.3,31417.3,0.0,85899.4,54119.3,34679.1,88565.7,37417.2,126661.5,89277.8,128652.3,171268.6,148
1807.0,139320.0,25595.0,26427.0,43649.0,43649.0,85368.9,74333.4,32655.3,31417.3,0.0,85900.4,54119.3,34718.8,88568.1,37456.0,126702.6,89299.0,128652.3,171269.3,148
1808.2,139320.0,25595.0,26427.0,43649.0,43649.0,85341.3,74306.9,32628.6,31390.7,0.0,85947.2,54119.3,34691.7,88619.6,37443.1,126741.3,89311.4,128652.3,171288.5,148
1809.2,139320.0,25595.0,26427.0,43649.0,43649.0,85341.1,74306.9,32628.6,31390.7,0.0,85933.3,54119.3,34652.4,88604.6,37401.8,126685.0,89353.2,128652.3,171274.4,148
1810.4,139320.0,25595.0,26427.0,43649.0,43649.0,85341.1,74306.9,32628.6,31390.7,0.0,85969.7,54119.3,34651.9,88642.2,37395.9,126716.7,89359.0,128652.3,171310.8,148
1811.5,139320.0,25595.0,26427.0,43649.0,43649.0,85355.4,74322.3,32644.0,31406.1,0.0,85975.1,54119.3,34691.3,88647.6,37436.7,126763.0,89318.2,128652.3,171330.5,148
1812.7,139320.0,25595.0,26427.0,43649.0,43649.0,85366.2,74333.3,32655.0,31417.1,0.0,85916.0,54119.3,34716.6,88589.3,37454.3,126722.2,89300.7,128652.3,171282.2,148
1813.8,139320.0,25595.0,26427.0,43649.0,43649.0,85403.6,74370.7,32692.4,31454.5,0.0,85872.2,54119.3,34714.8,88545.5,37454.3,126678.5,89300.6,128652.3,171275.8,148
1814.9,139320.0,25595.0,26427.0,43649.0,43649.0,85403.6,74370.7,32692.4,31454.5,0.0,85872.2,54478.3,34714.7,88545.7,37455.4,126679.7,89299.6,128652.3,171275.8,148
1817.2,139320.0,25595.0,26427.0,43649.0,43649.0,85403.6,74370.7,32692.4,31454.5,0.0,85875.6,54478.3,34755.1,88549.2,37497.1,126725.0,89257.8,128652.3,171279.2,148
1818.2,139320.0,25595.0,26427.0,43649.0,43649.0,85403.6,74370.7,32692.4,31454.5,0.0,85914.3,54478.3,34754.3,88589.3,37501.8,126769.8,89253.1,128652.3,171317.9,148
1819.3,139320.0,25595.0,26427.0,43649.0,43649.0,85403.6,74370.7,32692.4,31454.5,0.0,85914.4,54478.3,34714.9,88589.4,37466.5,126734.7,89288.4,128652.3,171318.0,148
1820.4,139320.0,25595.0,26427.0,43649.0,43649.0,85403.6,74370.7,32692.4,31454.5,0.0,85914.4,54478.3,34714.7,88589.4,37468.1,126736.2,89286.8,128652.3,171318.0,148
1821.5,139320.0,25595.0,26427.0,43649.0,43649.0,85403.4,74370.7,32692.4,31454.5,0.0,85825.6,54478.3,34753.6,88496.4,37505.8,126680.8,89245.2,128652.3,171229.0,148
1822.7,139320.0,25595.0,26427.0,43649.0,43649.0,85402.5,74370.7,32692.3,31454.5,0.0,85825.6,54478.3,34753.9,88498.0,37501.7,126678.2,89249.3,128652.3,171228.1,148
1823.8,139320.0,25595.0,26427.0,43649.0,43649.0,85402.0,74370.8,32692.4,31454.6,0.0,85872.0,54478.3,34714.6,88547.7,37464.1,126690.5,89290.9,128652.3,171274.0,148
1824.9,139320.0,25595.0,26427.0,43649.0,43649.0,85402.0,74370.9,32692.5,31454.8,0.0,85077.7,54478.3,34714.3,87731.4,37462.6,125871.5,89293.5,128652.3,170479.7,148
1826.0,139320.0,25595.0,26427.0,43649.0,43649.0,85402.0,74370.9,32692.5,31454.8,0.0,85079.2,54694.0,34714.4,87732.4,37462.9,125872.8,89293.3,128652.3,170481.2,148
1828.3,139320.0,25595.0,26427.0,43649.0,43649.0,85402.0,74370.9,32692.5,31454.8,0.0,85153.1,54694.0,34754.5,87810.6,37503.5,125991.6,89252.6,128652.3,170555.2,148
1829.4,139320.0,25595.0,26427.0,43649.0,43649.0,85402.0,74370.9,32692.5,31454.8,0.0,85153.3,54694.0,34714.2,87810.7,37466.7,125955.0,89289.3,128652.3,170555.4,148
1830.5,139320.0,25595.0,26427.0,43649.0,43649.0,85402.0,74370.9,32692.5,31454.8,0.0,85172.3,54694.0,34714.6,87829.9,37466.8,125974.3,89289.2,128652.3,170574.3,148
1831.7,139320.0,25595.0,26427.0,43649.0,43649.0,85402.0,74370.9,32692.5,31454.8,0.0,85184.8,54694.0,34754.2,87843.1,37506.3,126027.0,89249.7,128652.3,170586.9,148
1832.8,139320.0,25595.0,26427.0,43649.0,43649.0,85402.0,74370.9,32692.5,31454.8,0.0,85193.3,54694.0,34753.7,87851.8,37501.5,126030.9,89254.5,128652.3,170595.4,148
1834.0,139320.0,25595.0,26427.0,43649.0,43649.0,85388.2,74357.1,32678.7,31440.9,0.0,85353.7,54694.0,34694.0,88019.4,37447.3,126144.6,89308.4,128652.3,170741.8,148
1835.1,139320.0,25595.0,26427.0,43649.0,43649.0,85450.0,74418.8,32740.4,31502.7,0.0,85492.9,54694.0,34741.1,88168.2,37501.3,126347.5,89254.3,128652.3,170942.9,148
1836.2,139320.0,25595.0,26427.0,43649.0,43649.0,85374.8,74343.7,32665.3,31427.5,0.0,85501.3,55096.2,34688.0,88173.8,37440.2,126292.2,89315.3,128652.3,170876.1,148
1838.4,139320.0,25595.0,26427.0,43649.0,43649.0,85392.0,74360.9,32682.5,31444.7,0.0,85572.8,55096.2,34744.6,88247.6,37498.2,126424.1,89257.1,128652.3,170964.8,148
1839.5,139320.0,25595.0,26427.0,43649.0,43649.0,85392.0,74360.9,32682.5,31444.7,0.0,85582.3,55096.2,34704.6,88258.2,37461.6,126398.1,89293.7,128652.3,170974.3,148
1840.7,139320.0,25595.0,26427.0,43649.0,43649.0,85392.0,74360.9,32682.5,31444.7,0.0,85597.8,55096.2,34705.1,88274.3,37462.4,126414.9,89292.9,128652.3,170989.8,148
1841.8,139320.0,25595.0,26427.0,43649.0,43649.0,85392.0,74360.9,32682.5,31444.7,0.0,85609.7,55096.2,34744.2,88286.6,37504.2,126469.1,89251.1,128652.3,171001.7,148
1842.9,139320.0,25595.0,26427.0,43649.0,43649.0,85392.0,74360.9,32682.5,31444.7,0.0,85618.8,55096.2,34744.2,88296.5,37497.5,126472.3,89257.8,128652.3,171010.8,148
1844.0,139320.0,25595.0,26427.0,43649.0,43649.0,85392.0,74360.9,32682.5,31444.7,0.0,85623.4,55096.2,34704.6,88301.3,37461.3,126440.8,89294.0,128652.3,171015.4,148
1845.1,139320.0,25595.0,26427.0,43649.0,43649.0,85392.0,74360.9,32682.5,31444.7,0.0,85634.4,55096.2,34704.7,88312.6,37463.5,126454.4,89291.8,128652.3,171026.4,148
1846.3,139320.0,25595.0,26427.0,43649.0,43649.0,85392.0,74360.9,32682.5,31444.7,0.0,85637.1,55241.8,34705.2,88315.5,37463.4,126457.3,89291.8,128652.3,171029.1,148
1848.5,139320.0,25595.0,26427.0,43649.0,43649.0,85392.0,74360.9,32682.5,31444.7,0.0,85667.8,55241.8,34745.1,88347.5,37503.4,126529.4,89251.8,128652.3,171059.8,148
1849.6,139320.0,25595.0,26427.0,43649.0,43649.0,85392.0,74360.9,32682.5,31444.7,0.0,85715.6,55241.8,34705.3,88397.4,37462.8,126538.7,89292.3,128652.3,171107.6,148
1850.8,139320.0,25595.0,26427.0,43649.0,43649.0,85392.0,74360.9,32682.5,31444.7,0.0,85722.0,55241.8,34705.6,88404.1,37464.3,126546.9,89290.8,128652.3,171114.0,148
1851.9,139320.0,25595.0,26427.0,43649.0,43649.0,85400.3,74369.2,32690.8,31453.0,0.0,85836.8,55241.8,34753.5,88524.4,37505.7,126708.8,89225.2,128652.3,171237.2,148
1853.0,139320.0,25595.0,26427.0,43649.0,43649.0,85402.8,74371.7,32693.3,31455.5,0.0,85816.0,55241.8,34753.5,88503.2,37504.2,126686.1,89246.7,128652.3,171218.7,148
1854.1,139320.0,25595.0,26427.0,43649.0,43649.0,85402.8,74371.7,32693.3,31455.5,0.0,85854.7,55241.8,34716.3,88544.0,37462.9,126685.7,89291.9,128652.3,171257.5,148
1855.2,139320.0,25595.0,26427.0,43649.0,43649.0,85402.8,74371.7,32693.3,31455.5,0.0,85878.2,55241.8,34716.4,88568.0,37463.6,126710.5,89287.1,128652.3,171281.0,148
1856.3,139320.0,25595.0,26427.0,43649.0,43649.0,85402.8,74371.7,32693.3,31455.5,0.0,85898.7,55627.4,34716.4,88590.2,37465.2,126734.2,89285.6,128652.3,171301.4,148
1858.5,139320.0,25595.0,26427.0,43649.0,43649.0,85402.8,74371.7,32693.3,31455.5,0.0,85832.9,55627.4,34756.6,88523.3,37495.3,126697.4,89259.5,128652.3,171235.7,148
1859.7,139320.0,25595.0,26427.0,43649.0,43649.0,85402.8,74371.7,32693.3,31455.5,0.0,85848.7,55627.4,34716.4,88540.6,37456.4,126675.9,89298.3,128652.3,171251.5,148
1860.8,139320.0,25595.0,26427.0,43649.0,43649.0,85402.8,74371.7,32693.3,31455.5,0.0,85864.3,55627.4,34716.4,88556.8,37456.7,126692.4,89298.0,128652.3,171267.1,148
1861.9,139320.0,25595.0,26427.0,43649.0,43649.0,85402.8,74371.7,32693.3,31455.5,0.0,85859.5,55627.4,34756.0,88550.2,37499.9,126729.0,89254.8,128652.3,171262.3,148
1863.0,139320.0,25595.0,26427.0,43649.0,43649.0,85402.8,74371.7,32693.3,31455.5,0.0,85868.8,55627.4,34756.0,88562.8,37503.7,126745.4,89251.0,128652.3,171271.6,148
1864.2,139320.0,25595.0,26427.0,43649.0,43649.0,85406.3,74375.1,32696.8,31459.0,0.0,85884.0,55627.4,34719.8,88587.0,37506.6,126772.5,89248.1,128652.3,171290.2,148
1865.3,139320.0,25595.0,26427.0,43649.0,43649.0,85406.3,74375.1,32696.8,31459.0,0.0,85890.4,55627.4,34719.9,88585.8,37480.3,126745.1,89274.3,128652.3,171296.6,148
1866.5,139320.0,25595.0,26427.0,43649.0,43649.0,85406.3,74375.1,32696.7,31459.0,0.0,85841.3,55874.3,34759.3,88535.9,37512.5,126727.4,89242.1,128652.3,171247.5,148
1868.8,139320.0,25595.0,26427.0,43649.0,43649.0,85406.3,74375.1,32696.8,31459.0,0.0,85843.0,55874.3,34720.8,88537.5,37475.8,126692.3,89278.8,128652.3,171249.2,148
1869.9,139320.0,25595.0,26427.0,43649.0,43649.0,85406.3,74375.1,32696.8,31459.0,0.0,85868.5,55874.3,34719.9,88565.0,37472.3,126716.2,89282.4,128652.3,171274.8,148
1871.0,139320.0,25595.0,26427.0,43649.0,43649.0,85406.3,74375.1,32696.7,31459.0,0.0,85868.6,55874.3,34719.9,88565.0,37472.3,126716.2,89282.3,128652.3,171274.8,148
1872.1,139320.0,25595.0,26427.0,43649.0,43649.0,85406.3,74375.1,32696.7,31459.0,0.0,85868.6,55874.3,34759.4,88565.0,37512.7,126756.7,89241.9,128652.3,171274.8,148
1873.2,139320.0,25595.0,26427.0,43649.0,43649.0,85415.6,74384.5,32706.1,31468.3,0.0,85869.2,55874.3,34759.3,88565.2,37513.5,126757.7,89233.1,128652.3,171284.8,148
1874.3,139320.0,25595.0,26427.0,43649.0,43649.0,85415.6,74384.5,32706.1,31468.3,0.0,85855.9,55874.3,34729.1,88554.5,37476.7,126710.1,89277.9,128652.3,171271.4,148
1875.5,139320.0,25595.0,26427.0,43649.0,43649.0,85415.6,74384.5,32706.1,31468.3,0.0,85846.4,55874.3,34729.2,88545.0,37477.8,126701.8,89276.8,128652.3,171262.0,148
1876.6,139320.0,25595.0,26427.0,43649.0,43649.0,85415.6,74384.5,32706.1,31468.3,0.0,85812.2,56242.6,34768.4,88512.1,37516.2,126707.3,89234.4,128652.3,171227.8,148
1878.9,139320.0,25595.0,26427.0,43649.0,43649.0,85415.6,74384.5,32706.1,31468.3,0.0,85783.7,56242.6,34729.9,88482.4,37478.4,126639.8,89276.2,128652.3,171199.3,148
1880.0,139320.0,25595.0,26427.0,43649.0,43649.0,85415.6,74384.5,32706.1,31468.3,0.0,85785.0,56242.6,34729.8,88484.0,37479.3,126642.2,89275.3,128652.3,171200.5,148
1881.1,139320.0,25595.0,26427.0,43649.0,43649.0,85415.6,74384.5,32706.1,31468.3,0.0,85785.4,56242.6,34729.3,88484.4,37479.5,126642.8,89275.1,128652.3,171201.0,148
1882.2,139320.0,25595.0,26427.0,43649.0,43649.0,85363.8,74332.7,32654.3,31416.5,0.0,85814.5,56242.6,34769.1,88516.0,37521.4,126716.4,89233.2,128652.3,171178.3,148
1883.3,139320.0,25595.0,26427.0,43649.0,43649.0,85380.1,74349.0,32670.6,31432.8,0.0,85890.2,56242.6,34733.4,88593.5,37482.0,126754.7,89272.5,128652.3,171270.4,148
1884.4,139320.0,25595.0,26427.0,43649.0,43649.0,85380.1,74349.0,32670.6,31432.8,0.0,85890.2,56242.6,34693.8,88593.5,37444.6,126717.2,89309.9,128652.3,171270.4,148
1885.5,139320.0,25595.0,26427.0,43649.0,43649.0,85380.1,74349.0,32670.6,31432.8,0.0,85930.7,56242.6,34694.3,88636.3,37445.5,126760.9,89308.9,128652.3,171310.9,148
1886.6,139320.0,25595.0,26427.0,43649.0,43649.0,85380.1,74349.0,32670.6,31432.8,0.0,85863.7,56443.3,34733.4,88567.5,37487.1,126733.6,89267.4,128652.3,171243.8,148
1888.9,139320.0,25595.0,26427.0,43649.0,43649.0,85380.1,74349.0,32670.6,31432.8,0.0,85874.0,56443.3,34694.5,88580.0,37451.7,126710.8,89302.8,128652.3,171254.1,148
1890.0,139320.0,25595.0,26427.0,43649.0,43649.0,85386.1,74355.0,32676.6,31438.8,0.0,85901.9,56443.3,34699.9,88609.1,37451.9,126740.1,89302.6,128652.3,171288.0,148
1891.1,139320.0,25595.0,26427.0,43649.0,43649.0,85397.4,74367.2,32688.7,31451.0,0.0,85901.9,56443.3,34700.1,88609.0,37452.0,126740.1,89302.4,128652.3,171299.4,148
1892.2,139320.0,25595.0,26427.0,43649.0,43649.0,85397.2,74367.2,32688.7,31451.0,0.0,85830.5,56443.3,34751.3,88536.7,37507.2,126723.1,89247.3,128652.3,171227.7,148
1893.4,139320.0,25595.0,26427.0,43649.0,43649.0,85397.2,74367.2,32688.7,31451.0,0.0,85830.6,56443.3,34751.0,88538.0,37509.9,126726.9,89244.6,128652.3,171227.8,148
1894.5,139320.0,25595.0,26427.0,43649.0,43649.0,85397.2,74367.2,32688.7,31451.0,0.0,85830.6,56443.3,34711.5,88538.0,37473.6,126690.6,89281.0,128652.3,171227.8,148
1895.6,139320.0,25595.0,26427.0,43649.0,43649.0,85404.0,74374.0,32695.6,31457.9,0.0,85876.4,56443.3,34711.7,88584.8,37473.3,126737.2,89281.2,128652.3,171280.4,148
1896.7,139320.0,25595.0,26427.0,43649.0,43649.0,85404.0,74374.0,32695.6,31457.9,0.0,85759.0,56667.4,34758.0,88463.4,37512.4,126654.8,89238.2,128652.3,171163.0,148
1899.0,139320.0,25595.0,26427.0,43649.0,43649.0,85404.0,74374.0,32695.6,31457.9,0.0,85805.0,56667.4,34719.0,88512.6,37476.2,126668.0,89274.2,128652.3,171209.0,148
1900.1,139320.0,25595.0,26427.0,43649.0,43649.0,85404.0,74374.0,32695.6,31457.9,0.0,85818.0,56667.4,34718.6,88527.5,37469.8,126676.4,89284.6,128652.3,171222.0,148
1901.2,139320.0,25595.0,26427.0,43649.0,43649.0,85404.0,74374.0,32695.6,31457.9,0.0,85829.5,56667.4,34718.6,88539.1,37473.4,126691.8,89280.9,128652.3,171233.6,148
1902.3,139320.0,25595.0,26427.0,43649.0,43649.0,85404.0,74374.0,32695.6,31457.9,0.0,85859.6,56667.4,34758.4,88571.9,37514.2,126765.3,89240.2,128652.3,171263.6,148
1903.4,139320.0,25595.0,26427.0,43649.0,43649.0,85404.0,74374.0,32695.6,31457.9,0.0,85859.8,56667.4,34758.0,88572.1,37513.5,126764.8,89240.8,128652.3,171263.8,148
1904.5,139320.0,25595.0,26427.0,43649.0,43649.0,85404.0,74374.0,32695.6,31457.9,0.0,85859.8,56667.4,34718.8,88572.1,37476.3,126727.6,89278.1,128652.3,171263.8,148
1905.5,139320.0,25595.0,26427.0,43649.0,43649.0,85404.0,74374.0,32695.6,31457.9,0.0,85898.8,56667.4,34718.8,88612.2,37476.7,126768.2,89277.6,128652.3,171302.9,148
1906.6,139320.0,25595.0,26427.0,43649.0,43649.0,85404.0,74374.0,32695.6,31457.9,0.0,85836.5,56667.4,34758.0,88548.9,37512.9,126741.0,89241.5,128652.3,171240.5,148
1907.7,139320.0,25595.0,26427.0,43649.0,43649.0,85404.0,74374.0,32695.6,31457.9,0.0,85836.0,56959.5,34758.5,88547.7,37513.3,126740.3,89241.0,128652.3,171240.0,148
1909.9,139320.0,25595.0,26427.0,43649.0,43649.0,85404.0,74374.0,32695.6,31457.9,0.0,85809.4,56959.5,34719.1,88521.8,37488.0,126688.9,89266.4,128652.3,171213.5,148
1911.0,139320.0,25595.0,26427.0,43649.0,43649.0,85404.0,74374.0,32695.6,31457.9,0.0,85809.2,56959.5,34718.6,88519.8,37480.2,126679.2,89274.2,128652.3,171213.2,148
1912.2,139320.0,25595.0,26427.0,43649.0,43649.0,85404.0,74374.0,32695.6,31457.9,0.0,85809.2,56959.5,34758.3,88521.9,37521.6,126722.6,89232.8,128652.3,171213.2,148
1913.2,139320.0,25595.0,26427.0,43649.0,43649.0,85404.0,74374.0,32695.6,31457.9,0.0,85809.2,56959.5,34758.5,88521.9,37520.8,126721.9,89233.6,128652.3,171213.3,148
1914.3,139320.0,25595.0,26427.0,43649.0,43649.0,85404.0,74374.0,32695.6,31457.9,0.0,85883.6,56959.5,34719.1,88599.4,37482.9,126761.6,89271.4,128652.3,171287.6,148
1915.4,139320.0,25595.0,26427.0,43649.0,43649.0,85404.0,74374.0,32695.6,31457.9,0.0,85849.4,56959.5,34718.6,88565.2,37480.5,126724.9,89273.9,128652.3,171253.4,148
1916.5,139320.0,25595.0,26427.0,43649.0,43649.0,85363.0,74333.0,32654.5,31416.8,0.0,85926.9,56959.5,34716.9,88646.9,37482.7,126808.9,89271.6,128652.3,171289.8,148
1917.7,139320.0,25595.0,26427.0,43649.0,43649.0,85380.8,74350.9,32672.4,31434.7,0.0,85927.7,57423.0,34717.4,88648.2,37478.7,126806.2,89275.6,128652.3,171308.5,148
1920.0,139320.0,25595.0,26427.0,43649.0,43649.0,85393.9,74364.0,32685.5,31447.8,0.0,85852.9,57423.0,34707.6,88571.8,37462.3,126713.3,89288.1,128652.3,171246.8,148
1921.1,139320.0,25595.0,26427.0,43649.0,43649.0,85393.9,74364.0,32685.5,31447.8,0.0,85860.8,57423.0,34707.7,88580.5,37462.6,126722.4,89287.7,128652.3,171254.6,148
1922.2,139320.0,25595.0,26427.0,43649.0,43649.0,85393.3,74364.0,32685.5,31447.8,0.0,85869.0,57423.0,34747.6,88589.0,37502.2,126770.5,89248.1,128652.3,171262.3,148
1923.3,139320.0,25595.0,26427.0,43649.0,43649.0,85364.5,74336.0,32657.4,31419.8,0.0,85817.1,57423.0,34719.6,88537.9,37381.0,126598.1,89373.4,128652.3,171181.6,148
1924.4,139320.0,25595.0,26427.0,43649.0,43649.0,85364.5,74336.0,32657.4,31419.8,0.0,85817.3,57423.0,34679.6,88538.1,37350.0,126567.3,89404.4,128652.3,171181.8,148
1925.4,139320.0,25595.0,26427.0,43649.0,43649.0,85364.5,74336.0,32657.4,31419.8,0.0,85817.3,57423.0,34679.4,88538.1,37352.0,126569.4,89402.3,128652.3,171181.8,148
1926.5,139320.0,25595.0,26427.0,43649.0,43649.0,85364.5,74336.0,32657.4,31419.8,0.0,85831.6,57423.0,34718.5,88552.9,37393.5,126625.6,89360.8,128652.3,171196.1,148
1927.6,139320.0,25595.0,26427.0,43649.0,43649.0,85406.8,74378.9,32700.3,31462.8,0.0,85932.1,57423.0,34750.9,88657.2,37443.8,126780.5,89310.3,128652.3,171338.9,148
1928.7,139320.0,25595.0,26427.0,43649.0,43649.0,85406.3,74378.9,32700.3,31462.8,0.0,85883.0,57682.9,34762.1,88604.5,37461.7,126745.5,89292.5,128652.3,171289.3,148
1931.0,139320.0,25595.0,26427.0,43649.0,43649.0,85406.3,74378.9,32700.3,31462.8,0.0,85899.4,57682.9,34721.8,88624.0,37430.2,126733.6,89324.0,128652.3,171305.7,148
1932.1,139320.0,25595.0,26427.0,43649.0,43649.0,85406.3,74378.9,32700.3,31462.8,0.0,85901.7,57682.9,34761.6,88626.3,37473.4,126779.0,89280.8,128652.3,171308.0,148
1933.3,139320.0,25595.0,26427.0,43649.0,43649.0,85405.8,74378.9,32700.3,31462.8,0.0,85768.4,57682.9,34759.5,88490.9,37486.1,126656.2,89264.3,128652.3,171174.2,148
1934.4,139320.0,25595.0,26427.0,43649.0,43649.0,85405.8,74378.9,32700.3,31462.8,0.0,85768.4,57682.9,34720.2,88490.5,37444.8,126614.5,89305.6,128652.3,171174.2,148
1935.5,139320.0,25595.0,26427.0,43649.0,43649.0,85405.8,74378.9,32700.3,31462.8,0.0,85768.5,57682.9,34720.1,88490.7,37442.3,126612.2,89308.1,128652.3,171174.4,148
1936.6,139320.0,25595.0,26427.0,43649.0,43649.0,85405.8,74378.9,32700.3,31462.8,0.0,85768.5,57682.9,34759.2,88490.7,37484.1,126654.0,89266.2,128652.3,171174.4,148
1937.7,139320.0,25595.0,26427.0,43649.0,43649.0,85405.8,74378.9,32700.3,31462.8,0.0,85769.8,57682.9,34759.9,88491.9,37485.1,126656.3,89265.2,128652.3,171175.6,148
1938.8,139320.0,25595.0,26427.0,43649.0,43649.0,85357.3,74330.4,32651.8,31414.2,0.0,85857.0,57897.1,34711.1,88582.8,37434.9,126697.1,89315.3,128652.3,171214.3,148
1941.1,139320.0,25595.0,26427.0,43649.0,43649.0,85411.2,74384.9,32706.2,31468.7,0.0,85829.7,57897.1,34725.8,88554.5,37454.6,126688.5,89299.6,128652.3,171240.9,148
1942.2,139320.0,25595.0,26427.0,43649.0,43649.0,85411.0,74384.9,32706.2,31468.7,0.0,85885.5,57897.1,34764.7,88615.0,37493.5,126787.9,89256.6,128652.3,171296.5,148
1943.3,139320.0,25595.0,26427.0,43649.0,43649.0,85410.8,74384.9,32706.2,31468.7,0.0,85774.2,57897.1,34764.6,88499.5,37506.0,126684.8,89248.3,128652.3,171184.9,148
1944.4,139320.0,25595.0,26427.0,43649.0,43649.0,85410.8,74384.9,32706.2,31468.7,0.0,85854.5,57897.1,34724.7,88586.7,37473.7,126739.8,89280.5,128652.3,171265.2,148
1945.5,139320.0,25595.0,26427.0,43649.0,43649.0,85410.8,74384.9,32706.2,31468.7,0.0,85855.0,57897.1,34724.7,88587.2,37472.6,126739.2,89281.6,128652.3,171265.7,148
1946.6,139320.0,25595.0,26427.0,43649.0,43649.0,85410.8,74384.9,32706.2,31468.7,0.0,85855.0,57897.1,34763.9,88587.2,37512.4,126779.1,89241.7,128652.3,171265.7,148
1947.7,139320.0,25595.0,26427.0,43649.0,43649.0,85410.8,74384.9,32706.2,31468.7,0.0,85855.0,57897.1,34764.3,88587.2,37511.8,126778.5,89242.3,128652.3,171265.7,148
1948.8,139320.0,25595.0,26427.0,43649.0,43649.0,85360.0,74335.2,32656.5,31419.1,0.0,85910.8,58281.7,34725.0,88644.9,37475.8,126800.2,89278.3,128652.3,171270.7,148
1951.1,139320.0,25595.0,26427.0,43649.0,43649.0,85359.9,74335.2,32656.5,31419.1,0.0,85913.4,58281.7,34675.7,88652.0,37418.1,126749.6,89335.9,128652.3,171273.3,148
1952.2,139320.0,25595.0,26427.0,43649.0,43649.0,85359.9,74335.2,32656.5,31419.1,0.0,85921.1,58281.7,34715.1,88659.7,37460.2,126799.4,89293.9,128652.3,171281.0,148
1953.4,139320.0,25595.0,26427.0,43649.0,43649.0,85359.4,74335.2,32656.5,31419.1,0.0,85930.5,58281.7,34715.1,88669.7,37457.3,126806.6,89296.7,128652.3,171289.9,148
1954.5,139320.0,25595.0,26427.0,43649.0,43649.0,85359.2,74335.2,32656.5,31419.1,0.0,85791.8,58281.7,34673.8,88526.1,37417.9,126623.4,89336.3,128652.3,171151.0,148
1955.6,139320.0,25595.0,26427.0,43649.0,43649.0,85359.2,74335.2,32656.5,31419.1,0.0,85791.9,58281.7,34673.4,88526.4,37417.9,126623.6,89336.3,128652.3,171151.1,148
1956.7,139320.0,25595.0,26427.0,43649.0,43649.0,85359.2,74335.2,32656.4,31419.1,0.0,85901.9,58281.7,34713.0,88642.0,37463.5,126785.1,89290.6,128652.3,171261.2,148
1957.8,139320.0,25595.0,26427.0,43649.0,43649.0,85359.2,74335.2,32656.4,31419.1,0.0,85901.9,58281.7,34713.0,88641.3,37458.4,126779.2,89295.6,128652.3,171261.2,148
1958.9,139320.0,25595.0,26427.0,43649.0,43649.0,85359.2,74335.2,32656.5,31419.1,0.0,85902.0,58505.1,34673.9,88641.3,37414.9,126735.7,89339.1,128652.3,171261.2,148
1961.2,139320.0,25595.0,26427.0,43649.0,43649.0,85444.0,74421.7,32742.9,31505.5,0.0,85862.2,58505.1,34759.5,88602.1,37521.0,126802.7,89233.0,128652.3,171306.2,148
1962.4,139320.0,25595.0,26427.0,43649.0,43649.0,85444.0,74421.7,32742.9,31505.5,0.0,85862.3,58505.1,34799.5,88601.7,37551.5,126832.7,89202.6,128652.3,171306.2,148
1963.5,139320.0,25595.0,26427.0,43649.0,43649.0,85443.9,74421.7,32742.9,31505.5,0.0,85730.5,58505.1,34798.8,88466.2,37550.5,126696.1,89199.7,128652.3,171174.4,148
1964.6,139320.0,25595.0,26427.0,43649.0,43649.0,85443.9,74421.7,32742.9,31505.5,0.0,85730.4,58505.1,34759.0,88467.7,37514.6,126661.7,89235.6,128652.3,171174.4,148
1965.7,139320.0,25595.0,26427.0,43649.0,43649.0,85443.9,74421.7,32742.9,31505.5,0.0,85730.5,58505.1,34756.7,88467.7,37514.7,126661.8,89235.5,128652.3,171174.4,148
1966.8,139320.0,25595.0,26427.0,43649.0,43649.0,85443.9,74421.7,32742.8,31505.5,0.0,85818.6,58505.1,34796.3,88559.1,37553.6,126792.3,89196.4,128652.3,171262.5,148
1968.0,139320.0,25595.0,26427.0,43649.0,43649.0,85440.8,74421.7,32742.7,31505.5,0.0,85787.6,58505.1,34796.1,88529.0,37564.2,126772.6,89189.9,128652.3,171228.4,148
1969.1,139320.0,25595.0,26427.0,43649.0,43649.0,85440.6,74421.8,32742.8,31505.6,0.0,85764.1,58887.5,34757.0,88506.5,37513.7,126699.6,89240.5,128652.3,171204.8,148
1971.4,139320.0,25595.0,26427.0,43649.0,43649.0,85440.4,74421.8,32742.7,31505.6,0.0,85769.5,58887.5,34796.3,88512.1,37554.0,126745.5,89200.1,128652.3,171210.0,148
1972.6,139320.0,25595.0,26427.0,43649.0,43649.0,85440.4,74421.8,32742.7,31505.6,0.0,85725.5,58887.5,34755.7,88467.3,37503.8,126650.6,89250.4,128652.3,171165.9,148
1973.7,139320.0,25595.0,26427.0,43649.0,43649.0,85440.4,74421.8,32742.8,31505.6,0.0,85800.5,58887.5,34795.1,88547.2,37540.6,126767.3,89213.5,128652.3,171240.9,148
1974.7,139320.0,25595.0,26427.0,43649.0,43649.0,85440.4,74421.8,32742.8,31505.6,0.0,85800.5,58887.5,34755.3,88546.9,37505.1,126731.4,89249.0,128652.3,171240.9,148
1975.9,139320.0,25595.0,26427.0,43649.0,43649.0,85443.6,74425.1,32746.0,31508.9,0.0,85800.6,58887.5,34755.3,88546.9,37505.1,126731.5,89249.0,128652.3,171244.2,148
1977.0,139320.0,25595.0,26427.0,43649.0,43649.0,85443.4,74425.1,32746.0,31508.9,0.0,85785.6,58887.5,34797.1,88534.0,37531.1,126744.6,89223.0,128652.3,171229.0,148
1978.1,139320.0,25595.0,26427.0,43649.0,43649.0,85443.5,74425.1,32746.0,31508.9,0.0,85785.6,58887.5,34796.7,88538.0,37533.4,126750.8,89220.7,128652.3,171229.1,148
1979.3,139320.0,25595.0,26427.0,43649.0,43649.0,85443.5,74425.1,32746.1,31508.9,0.0,85785.6,59291.0,34757.7,88538.0,37501.1,126718.6,89253.0,128652.3,171229.1,148
1981.6,139320.0,25595.0,26427.0,43649.0,43649.0,85443.5,74425.1,32746.0,31508.9,0.0,85785.6,59291.0,34796.9,88538.1,37541.2,126758.8,89212.9,128652.3,171229.1,148
1982.7,139320.0,25595.0,26427.0,43649.0,43649.0,85443.4,74425.1,32746.1,31508.9,0.0,85800.9,59291.0,34796.7,88553.9,37543.6,126777.0,89210.4,128652.3,171244.3,148
1983.8,139320.0,25595.0,26427.0,43649.0,43649.0,85443.3,74425.1,32746.1,31508.9,0.0,85728.4,59291.0,34756.8,88477.3,37505.7,126662.5,89248.4,128652.3,171171.7,148
1984.9,139320.0,25595.0,26427.0,43649.0,43649.0,85443.3,74425.1,32746.1,31508.9,0.0,85728.5,59291.0,34756.4,88478.7,37507.4,126665.6,89246.7,128652.3,171171.7,148
1986.0,139320.0,25595.0,26427.0,43649.0,43649.0,85443.3,74425.1,32746.0,31508.9,0.0,85728.5,59291.0,34756.4,88478.7,37507.4,126665.6,89246.8,128652.3,171171.7,148
1987.2,139320.0,25595.0,26427.0,43649.0,43649.0,85443.3,74425.1,32746.0,31508.9,0.0,85732.9,59291.0,34795.9,88483.2,37545.9,126708.7,89208.2,128652.3,171176.2,148
1988.3,139320.0,25595.0,26427.0,43649.0,43649.0,85443.3,74425.1,32746.0,31508.9,0.0,85733.4,59291.0,34795.8,88484.2,37547.3,126711.0,89206.8,128652.3,171176.7,148
1989.4,139320.0,25595.0,26427.0,43649.0,43649.0,85443.3,74425.1,32746.1,31508.9,0.0,85733.4,59512.2,34756.8,88484.2,37506.6,126670.3,89247.5,128652.3,171176.7,148
1991.7,139320.0,25595.0,26427.0,43649.0,43649.0,85441.6,74425.1,32745.9,31508.9,0.0,85704.3,59512.2,34796.5,88462.2,37551.0,126692.6,89203.2,128652.3,171145.9,148
1992.8,139320.0,25595.0,26427.0,43649.0,43649.0,85441.6,74425.1,32745.9,31508.9,0.0,85704.4,59512.2,34795.9,88462.3,37553.4,126695.1,89200.8,128652.3,171146.0,148
1993.9,139320.0,25595.0,26427.0,43649.0,43649.0,85441.6,74425.1,32746.0,31508.9,0.0,85704.4,59512.2,34757.4,88462.3,37517.5,126659.3,89236.6,128652.3,171146.0,148
1995.0,139320.0,25595.0,26427.0,43649.0,43649.0,85441.6,74425.1,32746.0,31508.9,0.0,85736.1,59512.2,34756.5,88494.9,37523.1,126697.5,89231.0,128652.3,171177.7,148
1996.2,139320.0,25595.0,26427.0,43649.0,43649.0,85441.6,74425.1,32745.9,31508.9,0.0,85739.2,59512.2,34756.5,88498.4,37524.4,126702.4,89229.6,128652.3,171180.8,148
1997.3,139320.0,25595.0,26427.0,43649.0,43649.0,85441.6,74425.1,32745.9,31508.9,0.0,85742.8,59512.2,34796.4,88502.0,37559.2,126740.8,89194.8,128652.3,171184.3,148
1998.4,139320.0,25595.0,26427.0,43649.0,43649.0,85441.6,74425.1,32746.0,31508.9,0.0,85842.3,59512.2,34796.3,88605.5,37553.2,126838.5,89200.7,128652.3,171283.9,148
1999.5,139320.0,25595.0,26427.0,43649.0,43649.0,85441.2,74425.1,32745.9,31508.9,0.0,85854.7,59884.3,34756.7,88618.6,37517.8,126816.1,89236.1,128652.3,171295.9,148
2001.9,139320.0,25595.0,26427.0,43649.0,43649.0,85443.1,74428.5,32749.2,31512.3,0.0,85774.3,59884.3,34799.0,88536.0,37553.8,126769.5,89200.1,128652.3,171217.5,148
2003.0,139320.0,25595.0,26427.0,43649.0,43649.0,85442.6,74428.5,32749.2,31512.3,0.0,85697.5,59884.3,34797.1,88455.9,37553.0,126688.4,89201.0,128652.3,171140.1,148
2004.1,139320.0,25595.0,26427.0,43649.0,43649.0,85442.6,74428.5,32749.2,31512.3,0.0,85709.5,59884.3,34757.6,88470.2,37510.5,126660.3,89243.5,128652.3,171152.1,148
2005.3,139320.0,25595.0,26427.0,43649.0,43649.0,85442.6,74428.5,32749.2,31512.3,0.0,85713.6,59884.3,34758.1,88474.5,37510.2,126664.3,89243.8,128652.3,171156.2,148
2006.4,139320.0,25595.0,26427.0,43649.0,43649.0,85442.6,74428.5,32749.2,31512.3,0.0,85722.4,59884.3,34797.5,88483.7,37551.5,126714.8,89202.4,128652.3,171165.0,148
2007.5,139320.0,25595.0,26427.0,43649.0,43649.0,85448.5,74435.2,32755.9,31519.0,0.0,85825.2,59884.3,34798.0,88593.2,37561.3,126834.2,89192.6,128652.3,171273.8,148
2008.6,139320.0,25595.0,26427.0,43649.0,43649.0,85448.4,74435.2,32755.9,31519.0,0.0,85720.7,59884.3,34804.8,88486.7,37557.6,126723.9,89196.4,128652.3,171169.1,148
2009.8,139320.0,25595.0,26427.0,43649.0,43649.0,85448.4,74435.2,32755.9,31519.0,0.0,85725.4,60278.1,34764.9,88495.5,37529.8,126704.9,89224.2,128652.3,171173.8,148
2012.2,139320.0,25595.0,26427.0,43649.0,43649.0,85447.9,74435.2,32755.8,31519.1,0.0,85636.9,60278.1,34803.8,88398.5,37550.5,126628.5,89203.5,128652.3,171084.8,148
2013.3,139320.0,25595.0,26427.0,43649.0,43649.0,85447.9,74435.2,32755.8,31519.1,0.0,85649.8,60278.1,34803.2,88412.7,37555.3,126647.6,89198.7,128652.3,171097.7,148
2014.4,139320.0,25595.0,26427.0,43649.0,43649.0,85447.9,74435.2,32755.8,31519.1,0.0,85757.9,60278.1,34763.9,88526.2,37518.9,126724.8,89235.0,128652.3,171205.8,148
2015.6,139320.0,25595.0,26427.0,43649.0,43649.0,85447.9,74435.2,32755.8,31519.1,0.0,85809.7,60278.1,34764.3,88580.2,37513.8,126773.8,89240.0,128652.3,171257.6,148
2016.7,139320.0,25595.0,26427.0,43649.0,43649.0,85447.9,74435.2,32755.8,31519.1,0.0,85811.7,60278.1,34803.4,88582.2,37552.5,126814.4,89201.3,128652.3,171259.6,148
2017.8,139320.0,25595.0,26427.0,43649.0,43649.0,85447.9,74435.2,32755.8,31519.1,0.0,85815.2,60278.1,34803.7,88585.8,37547.5,126813.1,89206.3,128652.3,171263.1,148
2018.9,139320.0,25595.0,26427.0,43649.0,43649.0,85448.8,74436.9,32757.5,31520.7,0.0,85778.7,60278.1,34764.3,88549.8,37504.6,126734.1,89249.3,128652.3,171227.5,148
2020.0,139320.0,25595.0,26427.0,43649.0,43649.0,85448.8,74436.9,32757.5,31520.7,0.0,85772.9,60537.3,34765.2,88547.9,37502.3,126729.9,89251.6,128652.3,171221.7,148
2022.4,139320.0,25595.0,26427.0,43649.0,43649.0,85448.8,74436.9,32757.5,31520.7,0.0,85772.9,60537.3,34804.8,88547.9,37545.9,126773.5,89207.9,128652.3,171221.7,148
2023.5,139320.0,25595.0,26427.0,43649.0,43649.0,85448.8,74436.9,32757.5,31520.7,0.0,85773.1,60537.3,34805.0,88548.0,37546.3,126774.1,89207.5,128652.3,171221.8,148
2024.6,139320.0,25595.0,26427.0,43649.0,43649.0,85448.8,74436.9,32757.5,31520.7,0.0,85822.6,60537.3,34765.2,88600.4,37506.9,126787.2,89246.8,128652.3,171271.4,148
2025.7,139320.0,25595.0,26427.0,43649.0,43649.0,85448.8,74436.9,32757.5,31520.7,0.0,85822.7,60537.3,34765.2,88600.4,37504.6,126784.8,89249.2,128652.3,171271.4,148
2026.8,139320.0,25595.0,26427.0,43649.0,43649.0,85448.7,74436.9,32757.5,31520.7,0.0,85833.4,60537.3,34804.8,88611.1,37545.5,126836.4,89208.3,128652.3,171282.1,148
2027.9,139320.0,25595.0,26427.0,43649.0,43649.0,85447.4,74436.9,32757.4,31520.7,0.0,85727.6,60537.3,34804.6,88503.8,37557.8,126741.3,89196.1,128652.3,171174.9,148
2029.0,139320.0,25595.0,26427.0,43649.0,43649.0,85447.3,74436.9,32757.4,31520.7,0.0,85727.7,60537.3,34765.6,88501.3,37514.6,126695.6,89239.2,128652.3,171175.0,148
2030.2,139320.0,25595.0,26427.0,43649.0,43649.0,85446.6,74436.9,32757.3,31520.7,0.0,85733.4,60893.8,34763.8,88509.4,37508.8,126698.4,89244.7,128652.3,171180.0,148
2032.6,139320.0,25595.0,26427.0,43649.0,43649.0,85446.6,74437.0,32757.4,31520.8,0.0,85744.4,60893.8,34803.7,88521.5,37549.2,126751.0,89204.1,128652.3,171191.1,148
2033.6,139320.0,25595.0,26427.0,43649.0,43649.0,85446.6,74437.0,32757.4,31520.8,0.0,85744.4,60893.8,34803.8,88521.5,37546.3,126748.0,89207.1,128652.3,171191.1,148
2034.8,139320.0,25595.0,26427.0,43649.0,43649.0,85446.6,74437.0,32757.4,31520.8,0.0,85788.3,60893.8,34764.0,88567.0,37514.5,126761.9,89238.7,128652.3,171234.9,148
2035.9,139320.0,25595.0,26427.0,43649.0,43649.0,85446.6,74437.0,32757.4,31520.8,0.0,85821.4,60893.8,34764.1,88602.0,37510.0,126792.5,89243.1,128652.3,171268.0,148
2037.0,139320.0,25595.0,26427.0,43649.0,43649.0,85446.7,74437.0,32757.4,31520.8,0.0,85821.4,60893.8,34803.7,88602.1,37550.6,126833.2,89202.5,128652.3,171268.1,148
2038.1,139320.0,25595.0,26427.0,43649.0,43649.0,85446.7,74437.0,32757.4,31520.8,0.0,85821.4,60893.8,34804.0,88602.1,37553.2,126835.8,89199.9,128652.3,171268.1,148
2039.2,139320.0,25595.0,26427.0,43649.0,43649.0,85446.7,74437.0,32757.4,31520.8,0.0,85838.5,60893.8,34764.2,88619.7,37511.6,126811.9,89241.4,128652.3,171285.2,148
2040.4,139320.0,25595.0,26427.0,43649.0,43649.0,85446.2,74437.0,32757.4,31520.8,0.0,85742.8,61171.7,34762.7,88521.9,37502.2,126704.8,89250.8,128652.3,171189.1,148
2042.8,139320.0,25595.0,26427.0,43649.0,43649.0,85448.7,74439.7,32760.1,31523.5,0.0,85687.6,61171.7,34803.8,88467.2,37541.6,126689.7,89211.1,128652.3,171136.2,148
2043.9,139320.0,25595.0,26427.0,43649.0,43649.0,85448.7,74439.7,32760.1,31523.5,0.0,85687.6,61171.7,34802.8,88467.4,37543.1,126691.3,89209.7,128652.3,171136.2,148
2045.0,139320.0,25595.0,26427.0,43649.0,43649.0,85448.7,74439.7,32760.1,31523.5,0.0,85740.3,61171.7,34763.5,88522.1,37510.8,126714.0,89241.7,128652.3,171188.9,148
2046.2,139320.0,25595.0,26427.0,43649.0,43649.0,85407.7,74398.7,32719.1,31482.5,0.0,85807.9,61171.7,34770.4,88596.1,37529.2,126806.6,89223.1,128652.3,171215.5,148
2047.3,139320.0,25595.0,26427.0,43649.0,43649.0,85407.7,74398.7,32719.1,31482.5,0.0,85807.9,61171.7,34762.1,88593.2,37508.6,126783.0,89243.7,128652.3,171215.6,148
2048.4,139320.0,25595.0,26427.0,43649.0,43649.0,85407.7,74398.7,32719.1,31482.5,0.0,85809.9,61171.7,34762.1,88595.7,37507.1,126784.1,89245.2,128652.3,171217.5,148
2049.6,139320.0,25595.0,26427.0,43649.0,43649.0,85407.7,74398.7,32719.1,31482.5,0.0,85848.8,61171.7,34722.5,88637.5,37464.0,126782.9,89288.1,128652.3,171256.4,148
2050.7,139320.0,25595.0,26427.0,43649.0,43649.0,85407.7,74398.7,32719.1,31482.5,0.0,85848.9,61454.6,34722.5,88637.6,37462.7,126781.7,89289.4,128652.3,171256.5,148
2053.1,139320.0,25595.0,26427.0,43649.0,43649.0,85407.2,74398.7,32719.1,31482.5,0.0,85766.7,61454.6,34762.4,88554.6,37497.5,126733.4,89254.8,128652.3,171174.0,148
2054.3,139320.0,25595.0,26427.0,43649.0,43649.0,85407.2,74398.7,32719.1,31482.5,0.0,85767.2,61454.6,34722.3,88555.1,37462.0,126698.5,89290.2,128652.3,171174.5,148
2055.4,139320.0,25595.0,26427.0,43649.0,43649.0,85407.2,74398.7,32719.1,31482.5,0.0,85767.5,61454.6,34722.4,88555.7,37463.2,126700.3,89289.1,128652.3,171174.8,148
2056.5,139320.0,25595.0,26427.0,43649.0,43649.0,85407.2,74398.7,32719.1,31482.6,0.0,85767.8,61454.6,34761.9,88556.0,37503.2,126740.5,89249.0,128652.3,171175.0,148
2057.7,139320.0,25595.0,26427.0,43649.0,43649.0,85407.3,74398.7,32719.1,31482.6,0.0,85768.0,61454.6,34747.4,88556.2,37488.0,126725.6,89264.3,128652.3,171175.3,148
2058.8,139320.0,25595.0,26427.0,43649.0,43649.0,85385.6,74377.6,32697.9,31461.4,0.0,85853.9,61454.6,34762.2,88645.6,37506.1,126833.3,89245.9,128652.3,171239.5,148
2060.0,139320.0,25595.0,26427.0,43649.0,43649.0,85343.1,74335.3,32655.6,31419.1,0.0,85764.2,61454.6,34656.8,88559.1,37402.6,126642.9,89349.8,128652.3,171107.3,148
2061.1,139320.0,25595.0,26427.0,43649.0,43649.0,85343.1,74335.3,32655.6,31419.1,0.0,85765.3,61693.5,34657.3,88561.2,37400.5,126642.9,89351.9,128652.3,171108.3,148
2063.5,139320.0,25595.0,26427.0,43649.0,43649.0,85355.9,74348.2,32668.5,31432.0,0.0,85771.8,61693.5,34697.5,88568.1,37448.0,126697.3,89304.3,128652.3,171127.8,148
2064.6,139320.0,25595.0,26427.0,43649.0,43649.0,85371.4,74363.6,32683.9,31447.4,0.0,85842.7,61693.5,34685.7,88642.6,37436.2,126760.4,89315.8,128652.3,171214.0,148
2065.7,139320.0,25595.0,26427.0,43649.0,43649.0,85371.4,74363.6,32683.9,31447.4,0.0,85844.9,61693.5,34684.0,88644.9,37435.5,126761.9,89316.5,128652.3,171216.2,148
2066.8,139320.0,25595.0,26427.0,43649.0,43649.0,85371.5,74363.9,32684.2,31447.7,0.0,85861.5,61693.5,34723.6,88662.1,37473.0,126816.7,89279.0,128652.3,171233.0,148
2067.9,139320.0,25595.0,26427.0,43649.0,43649.0,85370.1,74364.4,32684.6,31448.3,0.0,85680.7,61693.5,34724.3,88473.7,37477.5,126632.4,89274.9,128652.3,171050.8,148
2069.1,139320.0,25595.0,26427.0,43649.0,43649.0,85370.1,74364.4,32684.6,31448.3,0.0,85680.6,61693.5,34685.6,88471.7,37445.7,126598.7,89306.6,128652.3,171050.7,148
2070.2,139320.0,25595.0,26427.0,43649.0,43649.0,85370.1,74364.4,32684.6,31448.3,0.0,85680.6,61693.5,34684.9,88472.2,37446.3,126599.7,89306.1,128652.3,171050.7,148
2071.3,139320.0,25595.0,26427.0,43649.0,43649.0,85370.1,74364.4,32684.6,31448.3,0.0,85762.8,61927.4,34689.7,88556.9,37451.3,126689.7,89300.8,128652.3,171132.9,148
2073.7,139320.0,25595.0,26427.0,43649.0,43649.0,85370.1,74364.4,32684.6,31448.3,0.0,85824.0,61927.4,34724.6,88620.7,37487.2,126789.7,89264.6,128652.3,171194.1,148
2074.8,139320.0,25595.0,26427.0,43649.0,43649.0,85370.1,74364.4,32684.6,31448.3,0.0,85838.6,61927.4,34684.3,88635.8,37445.2,126762.9,89306.6,128652.3,171208.6,148
2075.9,139320.0,25595.0,26427.0,43649.0,43649.0,85370.1,74364.4,32684.6,31448.3,0.0,85842.9,61927.4,34684.3,88640.4,37445.6,126767.8,89306.2,128652.3,171213.0,148
2077.0,139320.0,25595.0,26427.0,43649.0,43649.0,85370.1,74364.4,32684.6,31448.3,0.0,85869.6,61927.4,34723.8,88668.6,37483.6,126834.1,89268.0,128652.3,171239.6,148
2078.1,139320.0,25595.0,26427.0,43649.0,43649.0,85370.1,74364.4,32684.6,31448.3,0.0,85874.2,61927.4,34723.7,88673.4,37483.0,126838.3,89268.6,128652.3,171244.3,148
2079.3,139320.0,25595.0,26427.0,43649.0,43649.0,85370.0,74364.4,32684.6,31448.3,0.0,85749.3,61927.4,34682.7,88546.1,37438.2,126666.1,89313.5,128652.3,171119.3,148
2080.4,139320.0,25595.0,26427.0,43649.0,43649.0,85370.0,74364.4,32684.6,31448.3,0.0,85799.0,61927.4,34682.2,88597.7,37443.3,126723.0,89308.3,128652.3,171169.0,148
2081.5,139320.0,25595.0,26427.0,43649.0,43649.0,85370.0,74364.4,32684.6,31448.3,0.0,85822.4,62162.3,34721.4,88623.1,37481.2,126786.4,89270.2,128652.3,171192.4,148
2083.9,139320.0,25595.0,26427.0,43649.0,43649.0,85370.0,74364.4,32684.6,31448.3,0.0,85853.5,62162.3,34722.5,88655.3,37478.2,126815.8,89273.2,128652.3,171223.5,148
2085.1,139320.0,25595.0,26427.0,43649.0,43649.0,85370.0,74364.4,32684.6,31448.3,0.0,85875.6,62162.3,34682.2,88679.4,37448.1,126809.8,89303.2,128652.3,171245.6,148
2086.2,139320.0,25595.0,26427.0,43649.0,43649.0,85370.0,74364.4,32684.6,31448.3,0.0,85875.7,62162.3,34682.2,88679.4,37448.6,126810.4,89302.7,128652.3,171245.7,148
2087.3,139320.0,25595.0,26427.0,43649.0,43649.0,85371.3,74365.8,32686.0,31449.7,0.0,85726.8,62162.3,34721.2,88525.7,37490.8,126698.7,89260.6,128652.3,171098.1,148
2088.5,139320.0,25595.0,26427.0,43649.0,43649.0,85370.7,74365.8,32686.0,31449.7,0.0,85679.8,62162.3,34719.5,88481.1,37487.7,126650.8,89263.9,128652.3,171050.5,148
2089.6,139320.0,25595.0,26427.0,43649.0,43649.0,85370.7,74365.8,32686.0,31449.7,0.0,85690.8,62162.3,34679.6,88493.1,37451.3,126626.5,89300.2,128652.3,171061.5,148
2090.7,139320.0,25595.0,26427.0,43649.0,43649.0,85370.7,74365.8,32686.0,31449.7,0.0,85695.3,62162.3,34679.6,88497.7,37451.0,126630.8,89300.5,128652.3,171066.0,148
2091.8,139320.0,25595.0,26427.0,43649.0,43649.0,85370.7,74365.8,32686.0,31449.7,0.0,85703.5,62490.7,34719.0,88506.3,37490.7,126679.1,89260.8,128652.3,171074.2,148
2094.3,139320.0,25595.0,26427.0,43649.0,43649.0,85370.7,74365.8,32686.0,31449.7,0.0,85780.4,62490.7,34680.1,88586.6,37456.5,126725.5,89294.7,128652.3,171151.1,148
2095.4,139320.0,25595.0,26427.0,43649.0,43649.0,85370.7,74365.8,32686.0,31449.7,0.0,85790.8,62490.7,34679.6,88597.6,37456.4,126736.3,89294.8,128652.3,171161.5,148
2096.6,139320.0,25595.0,26427.0,43649.0,43649.0,85387.6,74383.1,32703.2,31466.9,0.0,85843.3,62490.7,34719.0,88657.1,37514.8,126854.5,89236.2,128652.3,171230.9,148
2097.8,139320.0,25595.0,26427.0,43649.0,43649.0,85387.6,74383.1,32703.2,31466.9,0.0,85639.6,62490.7,34726.3,88444.5,37499.7,126626.4,89251.7,128652.3,171027.2,148
2098.9,139320.0,25595.0,26427.0,43649.0,43649.0,85387.6,74383.1,32703.2,31466.9,0.0,85669.2,62490.7,34734.8,88474.9,37508.1,126665.3,89243.1,128652.3,171056.8,148
2100.0,139320.0,25595.0,26427.0,43649.0,43649.0,85387.6,74383.1,32703.2,31466.9,0.0,85678.3,62490.7,34695.0,88484.5,37466.9,126633.8,89284.3,128652.3,171065.9,148
2101.1,139320.0,25595.0,26427.0,43649.0,43649.0,85387.6,74383.1,32703.2,31466.9,0.0,85776.5,62490.7,34695.0,88587.6,37464.8,126735.0,89286.2,128652.3,171164.1,148
2102.3,139320.0,25595.0,26427.0,43649.0,43649.0,85387.6,74383.1,32703.2,31466.9,0.0,85837.1,62837.8,34734.4,88650.1,37498.9,126831.9,89251.8,128652.3,171224.7,148
2104.7,139320.0,25595.0,26427.0,43649.0,43649.0,85387.4,74383.1,32703.2,31466.9,0.0,85718.7,62837.8,34693.4,88529.2,37459.4,126671.5,89291.3,128652.3,171106.0,148
2105.9,139320.0,25595.0,26427.0,43649.0,43649.0,85387.4,74383.1,32703.2,31466.9,0.0,85745.1,62837.8,34693.0,88556.7,37463.1,126702.8,89287.6,128652.3,171132.5,148
2107.0,139320.0,25595.0,26427.0,43649.0,43649.0,85387.4,74383.1,32703.2,31466.9,0.0,85755.5,62837.8,34732.8,88567.2,37505.1,126755.3,89245.4,128652.3,171142.9,148
2108.2,139320.0,25595.0,26427.0,43649.0,43649.0,85387.3,74383.1,32703.2,31466.9,0.0,85780.2,62837.8,34732.8,88593.4,37507.2,126783.8,89243.3,128652.3,171167.5,148
2109.3,139322.0,25597.0,26427.0,43649.0,43649.0,85387.0,74383.1,32703.2,31466.9,0.0,85790.3,62837.8,34691.7,88606.9,37451.1,126741.4,89299.0,128652.3,171177.3,148
2110.4,139322.0,25597.0,26427.0,43649.0,43649.0,85387.0,74383.1,32703.2,31466.9,0.0,85817.2,62837.8,34691.2,88634.2,37450.0,126767.7,89300.0,128652.3,171204.2,148
2111.6,139322.0,25597.0,26427.0,43649.0,43649.0,85387.0,74383.1,32703.2,31466.9,0.0,85844.5,62837.8,34730.3,88662.6,37489.1,126835.4,89260.8,128652.3,171231.5,148
2112.7,139322.0,25597.0,26427.0,43649.0,43649.0,85387.0,74383.1,32703.2,31466.9,0.0,85846.7,63241.8,34713.0,88664.9,37472.5,126821.1,89277.3,128652.3,171233.7,148
2115.2,139322.0,25597.0,26427.0,43649.0,43649.0,85386.8,74383.1,32703.2,31466.9,0.0,85731.2,63241.8,34690.0,88547.9,37452.4,126683.8,89297.7,128652.3,171118.0,148
2116.4,139322.0,25597.0,26427.0,43649.0,43649.0,85393.7,74389.9,32710.0,31473.8,0.0,85772.0,63241.8,34734.8,88590.5,37501.2,126775.3,89248.8,128652.3,171165.7,148
2117.5,139322.0,25597.0,26427.0,43649.0,43649.0,85393.7,74389.9,32710.0,31473.8,0.0,85797.6,63241.8,34736.2,88617.4,37497.8,126798.9,89252.1,128652.3,171191.2,148
2118.7,139322.0,25597.0,26427.0,43649.0,43649.0,85393.7,74390.0,32710.1,31473.8,0.0,85719.1,63241.8,34734.1,88537.3,37500.8,126721.7,89249.1,128652.3,171112.9,148
2119.8,139322.0,25597.0,26427.0,43649.0,43649.0,85393.7,74390.0,32710.1,31473.8,0.0,85719.2,63241.8,34694.4,88539.5,37466.0,126689.1,89284.0,128652.3,171112.9,148
2120.9,139322.0,25597.0,26427.0,43649.0,43649.0,85393.7,74390.0,32710.1,31473.8,0.0,85719.2,63241.8,34694.3,88539.5,37466.3,126689.4,89283.6,128652.3,171112.9,148
2122.0,139322.0,25597.0,26427.0,43649.0,43649.0,85393.7,74390.0,32710.1,31473.8,0.0,85719.3,63241.8,34733.8,88539.6,37508.0,126731.3,89241.9,128652.3,171113.0,148
2123.2,139322.0,25597.0,26427.0,43649.0,43649.0,85393.7,74390.0,32710.1,31473.8,0.0,85757.8,63519.4,34733.7,88579.3,37508.7,126771.7,89241.2,128652.3,171151.5,148
2125.6,139322.0,25597.0,26427.0,43649.0,43649.0,85393.7,74390.0,32710.1,31473.8,0.0,85767.4,63519.4,34694.9,88589.7,37467.3,126740.8,89282.4,128652.3,171161.1,148
2126.8,139322.0,25597.0,26427.0,43649.0,43649.0,85393.7,74390.0,32710.1,31473.8,0.0,85767.4,63519.4,34733.9,88589.7,37503.4,126776.8,89246.4,128652.3,171161.1,148
2127.9,139322.0,25597.0,26427.0,43649.0,43649.0,85359.5,74355.8,32675.9,31439.6,0.0,85672.3,63519.4,34697.5,88494.8,37454.7,126633.1,89295.2,128652.3,171031.8,148
2129.1,139322.0,25597.0,26427.0,43649.0,43649.0,85359.5,74355.8,32675.9,31439.6,0.0,85686.2,63519.4,34658.5,88507.8,37421.0,126612.5,89328.9,128652.3,171045.7,148
2130.2,139322.0,25597.0,26427.0,43649.0,43649.0,85359.5,74355.8,32675.9,31439.6,0.0,85761.4,63519.4,34658.1,88587.8,37422.8,126694.6,89326.9,128652.3,171120.9,148
2131.3,139322.0,25597.0,26427.0,43649.0,43649.0,85359.5,74355.8,32675.9,31439.6,0.0,85766.0,63519.4,34690.0,88592.2,37454.6,126730.8,89294.9,128652.3,171125.5,148
2132.4,139322.0,25597.0,26427.0,43649.0,43649.0,85359.5,74355.8,32675.9,31439.6,0.0,85785.2,63519.4,34698.1,88612.1,37463.7,126759.9,89285.8,128652.3,171144.8,148
2133.6,139322.0,25597.0,26427.0,43649.0,43649.0,85359.5,74355.8,32675.9,31439.6,0.0,85786.7,63806.9,34697.7,88613.8,37463.5,126761.4,89286.0,128652.3,171146.3,148
2136.0,139322.0,25597.0,26427.0,43649.0,43649.0,85359.3,74355.8,32675.9,31439.6,0.0,85887.8,63806.9,34658.7,88719.3,37426.7,126830.4,89322.5,128652.3,171247.1,148
2137.2,139322.0,25597.0,26427.0,43649.0,43649.0,85359.2,74355.8,32675.9,31439.6,0.0,85705.5,63806.9,34696.7,88530.6,37465.5,126680.1,89284.1,128652.3,171064.7,148
2138.3,139322.0,25597.0,26427.0,43649.0,43649.0,85359.2,74355.8,32675.9,31439.6,0.0,85765.6,63806.9,34696.7,88594.6,37466.7,126745.5,89282.7,128652.3,171124.8,148
2139.4,139322.0,25597.0,26427.0,43649.0,43649.0,85359.2,74355.8,32675.9,31439.6,0.0,85793.5,63806.9,34657.3,88623.5,37421.1,126728.9,89328.1,128652.3,171152.7,148
2140.5,139322.0,25597.0,26427.0,43649.0,43649.0,85359.2,74355.8,32675.9,31439.6,0.0,85796.4,63806.9,34657.2,88626.6,37419.7,126730.7,89329.5,128652.3,171155.6,148
2141.7,139322.0,25597.0,26427.0,43649.0,43649.0,85359.2,74355.8,32675.9,31439.6,0.0,85845.9,63806.9,34696.4,88678.5,37461.2,126824.2,89287.8,128652.3,171205.1,148
2142.8,139322.0,25597.0,26427.0,43649.0,43649.0,85359.2,74355.8,32675.9,31439.6,0.0,85857.7,63806.9,34695.9,88690.8,37454.6,126830.0,89294.4,128652.3,171216.9,148
2143.9,139322.0,25597.0,26427.0,43649.0,43649.0,85359.2,74355.8,32675.9,31439.6,0.0,85867.9,64072.2,34696.1,88701.4,37455.4,126841.4,89293.6,128652.3,171227.1,148
2146.3,139322.0,25597.0,26427.0,43649.0,43649.0,85359.0,74355.8,32675.9,31439.6,0.0,85722.9,64072.2,34657.3,88553.4,37411.6,126649.0,89338.0,128652.3,171081.9,148
2147.4,139322.0,25597.0,26427.0,43649.0,43649.0,85359.0,74355.8,32675.8,31439.6,0.0,85813.6,64072.2,34695.1,88647.7,37451.2,126783.2,89298.1,128652.3,171172.6,148
2148.5,139322.0,25597.0,26427.0,43649.0,43649.0,85359.0,74355.8,32675.8,31439.6,0.0,85817.2,64072.2,34695.4,88651.5,37453.9,126789.7,89295.4,128652.3,171176.2,148
2149.6,139322.0,25597.0,26427.0,43649.0,43649.0,85359.0,74355.8,32675.9,31439.6,0.0,85874.6,64072.2,34655.6,88711.6,37419.9,126816.0,89329.2,128652.3,171233.6,148
2150.7,139322.0,25597.0,26427.0,43649.0,43649.0,85359.0,74355.8,32675.9,31439.6,0.0,85874.6,64072.2,34655.6,88711.6,37419.5,126815.6,89329.6,128652.3,171233.6,148
2151.8,139322.0,25597.0,26427.0,43649.0,43649.0,85358.9,74355.8,32675.8,31439.6,0.0,85874.6,64072.2,34695.1,88711.6,37460.2,126856.3,89288.9,128652.3,171233.5,148
2152.9,139322.0,25597.0,26427.0,43649.0,43649.0,85358.9,74355.8,32675.8,31439.6,0.0,85750.9,64072.2,34693.2,88586.1,37445.6,126716.0,89303.7,128652.3,171109.8,148
2154.0,139322.0,25597.0,26427.0,43649.0,43649.0,85358.9,74355.8,32675.9,31439.6,0.0,85795.5,64454.4,34693.6,88632.8,37448.6,126765.9,89300.5,128652.3,171154.4,148
2156.4,139322.0,25597.0,26427.0,43649.0,43649.0,85358.8,74355.8,32675.8,31439.6,0.0,85759.1,64454.4,34691.2,88597.7,37437.6,126719.7,89311.6,128652.3,171117.9,148
2157.5,139322.0,25597.0,26427.0,43649.0,43649.0,85358.8,74355.8,32675.8,31439.6,0.0,85814.6,64454.4,34690.7,88653.2,37442.6,126780.3,89306.4,128652.3,171173.4,148
2158.6,139322.0,25597.0,26427.0,43649.0,43649.0,85358.8,74355.8,32675.8,31439.6,0.0,85869.5,64454.4,34690.7,88712.0,37441.2,126837.9,89307.7,128652.3,171228.3,148
2159.7,139322.0,25597.0,26427.0,43649.0,43649.0,85358.8,74355.8,32675.9,31439.6,0.0,85888.6,64454.4,34650.8,88731.8,37402.8,126819.4,89346.0,128652.3,171247.4,148
2160.8,139322.0,25597.0,26427.0,43649.0,43649.0,85358.8,74355.8,32675.8,31439.6,0.0,85908.0,64454.4,34651.5,88752.0,37404.0,126840.9,89344.7,128652.3,171266.7,148
2161.9,139322.0,25597.0,26427.0,43649.0,43649.0,85358.5,74355.8,32675.8,31439.6,0.0,85699.4,64454.4,34688.9,88535.8,37441.0,126661.0,89308.4,128652.3,171057.9,148
2163.0,139322.0,25597.0,26427.0,43649.0,43649.0,85358.5,74355.8,32675.8,31439.6,0.0,85702.2,64454.4,34688.5,88540.6,37440.5,126665.3,89308.9,128652.3,171060.7,148
2164.2,139322.0,25597.0,26427.0,43649.0,43649.0,85358.5,74355.8,32675.8,31439.6,0.0,85722.9,64680.4,34649.2,88563.4,37415.7,126663.4,89333.6,128652.3,171081.4,148
2166.6,139322.0,25597.0,26427.0,43649.0,43649.0,85358.5,74355.8,32675.8,31439.6,0.0,85777.3,64680.4,34688.6,88620.9,37449.4,126754.8,89299.7,128652.3,171135.8,148
2167.7,139322.0,25597.0,26427.0,43649.0,43649.0,85358.5,74355.8,32675.8,31439.6,0.0,85788.2,64680.4,34653.8,88632.2,37416.7,126733.4,89332.3,128652.3,171146.7,148
2168.8,139322.0,25597.0,26427.0,43649.0,43649.0,85358.3,74355.8,32675.8,31439.6,0.0,85859.1,64680.4,34689.0,88705.6,37457.1,126847.4,89291.7,128652.3,171217.4,148
2169.9,139322.0,25597.0,26427.0,43649.0,43649.0,85358.3,74355.8,32675.8,31439.6,0.0,85696.9,64680.4,34647.1,88540.6,37407.1,126632.3,89341.8,128652.3,171055.2,148
2171.0,139322.0,25597.0,26427.0,43649.0,43649.0,85360.6,74358.0,32678.0,31441.9,0.0,85718.6,64680.4,34650.0,88566.8,37417.7,126669.3,89331.2,128652.3,171079.1,148
2172.1,139322.0,25597.0,26427.0,43649.0,43649.0,85360.6,74358.0,32678.0,31441.9,0.0,85727.3,64680.4,34689.9,88572.5,37449.9,126707.1,89298.9,128652.3,171087.8,148
2173.2,139322.0,25597.0,26427.0,43649.0,43649.0,85360.6,74358.0,32678.0,31441.9,0.0,85828.1,64680.4,34690.1,88677.3,37454.4,126816.8,89294.1,128652.3,171188.6,148
2174.3,139322.0,25597.0,26427.0,43649.0,43649.0,85363.6,74361.6,32681.6,31445.4,0.0,85762.0,65105.0,34648.9,88609.1,37402.6,126696.8,89345.9,128652.3,171125.7,148
2176.8,139322.0,25597.0,26427.0,43649.0,43649.0,85363.6,74361.6,32681.6,31445.4,0.0,85765.5,65105.0,34691.6,88614.1,37455.0,126754.3,89293.4,128652.3,171129.2,148
2177.9,139322.0,25597.0,26427.0,43649.0,43649.0,85363.6,74361.6,32681.6,31445.4,0.0,85809.9,65105.0,34690.8,88659.8,37448.4,126793.4,89299.9,128652.3,171173.5,148
2179.0,139322.0,25597.0,26427.0,43649.0,43649.0,85363.6,74361.6,32681.6,31445.4,0.0,85850.9,65105.0,34691.5,88703.0,37455.1,126843.4,89293.1,128652.3,171214.5,148
2180.1,139322.0,25597.0,26427.0,43649.0,43649.0,85363.6,74361.6,32681.6,31445.4,0.0,85871.2,65105.0,34651.7,88724.1,37416.8,126826.4,89331.3,128652.3,171234.8,148
2181.2,139322.0,25597.0,26427.0,43649.0,43649.0,85363.6,74361.6,32681.6,31445.4,0.0,85871.2,65105.0,34652.4,88724.1,37417.6,126827.2,89330.5,128652.3,171234.8,148
2182.3,139322.0,25597.0,26427.0,43649.0,43649.0,85363.2,74361.6,32681.6,31445.4,0.0,85655.0,65105.0,34690.5,88500.5,37450.1,126635.7,89298.4,128652.3,171018.2,148
2183.4,139322.0,25597.0,26427.0,43649.0,43649.0,85363.2,74361.6,32681.6,31445.4,0.0,85655.0,65105.0,34690.0,88503.0,37450.4,126638.6,89298.1,128652.3,171018.2,148
2184.5,139322.0,25597.0,26427.0,43649.0,43649.0,85363.2,74361.6,32681.6,31445.4,0.0,85655.0,65327.3,34650.4,88503.2,37416.2,126604.5,89332.3,128652.3,171018.2,148
2187.0,139322.0,25597.0,26427.0,43649.0,43649.0,85363.2,74361.6,32681.6,31445.4,0.0,85770.2,65327.3,34690.4,88621.9,37454.7,126761.9,89293.6,128652.3,171133.4,148
2188.1,139322.0,25597.0,26427.0,43649.0,43649.0,85363.2,74361.6,32681.6,31445.4,0.0,85770.2,65327.3,34690.3,88621.9,37453.9,126761.1,89294.4,128652.3,171133.4,148
2189.2,139322.0,25597.0,26427.0,43649.0,43649.0,85377.6,74375.9,32695.9,31459.8,0.0,85793.8,65327.3,34664.7,88650.1,37428.3,126763.7,89319.9,128652.3,171171.4,148
2190.3,139322.0,25597.0,26427.0,43649.0,43649.0,85377.6,74375.9,32695.9,31459.8,0.0,85750.2,65327.3,34664.8,88603.1,37427.3,126715.6,89321.1,128652.3,171127.8,148
2191.4,139322.0,25597.0,26427.0,43649.0,43649.0,85377.6,74375.9,32695.9,31459.8,0.0,85769.9,65327.3,34704.4,88624.8,37464.0,126774.1,89284.3,128652.3,171147.4,148
2192.6,139322.0,25597.0,26427.0,43649.0,43649.0,85377.6,74375.9,32695.9,31459.8,0.0,85836.3,65327.3,34705.0,88695.8,37475.5,126856.8,89272.6,128652.3,171213.9,148
2193.6,139322.0,25597.0,26427.0,43649.0,43649.0,85377.5,74375.9,32695.9,31459.8,0.0,85685.8,65327.3,34704.4,88537.9,37471.5,126694.6,89276.9,128652.3,171063.3,148
2194.7,139322.0,25597.0,26427.0,43649.0,43649.0,85377.5,74375.9,32695.9,31459.8,0.0,85694.3,65610.5,34665.1,88547.9,37436.6,126669.6,89311.8,128652.3,171071.8,148
2197.2,139322.0,25597.0,26427.0,43649.0,43649.0,85377.5,74375.9,32695.9,31459.8,0.0,85720.8,65610.5,34704.6,88575.5,37471.2,126732.0,89277.1,128652.3,171098.3,148
2198.3,139322.0,25597.0,26427.0,43649.0,43649.0,85377.5,74375.9,32695.9,31459.8,0.0,85740.1,65610.5,34703.9,88595.2,37470.0,126750.5,89278.3,128652.3,171117.6,148
2199.4,139322.0,25597.0,26427.0,43649.0,43649.0,85377.5,74375.9,32695.9,31459.8,0.0,85760.5,65610.5,34664.4,88615.9,37434.5,126735.8,89313.7,128652.3,171137.9,148
2200.5,139322.0,25597.0,26427.0,43649.0,43649.0,85377.5,74375.9,32695.9,31459.8,0.0,85764.8,65610.5,34664.5,88620.8,37432.8,126739.0,89315.4,128652.3,171142.3,148
2201.6,139322.0,25597.0,26427.0,43649.0,43649.0,85377.5,74375.9,32695.9,31459.8,0.0,85817.1,65610.5,34703.8,88674.8,37468.3,126828.6,89279.8,128652.3,171194.5,148
2202.7,139322.0,25597.0,26427.0,43649.0,43649.0,85377.5,74375.9,32695.9,31459.8,0.0,85821.2,65610.5,34664.8,88679.2,37427.6,126792.3,89320.6,128652.3,171198.7,148
2203.8,139322.0,25597.0,26427.0,43649.0,43649.0,85399.6,74398.2,32718.2,31482.1,0.0,85704.6,65610.5,34724.7,88564.4,37487.1,126736.8,89261.2,128652.3,171104.2,148
2204.9,139322.0,25597.0,26427.0,43649.0,43649.0,85399.6,74398.2,32718.2,31482.1,0.0,85796.1,65907.8,34684.9,88658.0,37439.7,126783.2,89308.4,128652.3,171195.8,148
2207.4,139322.0,25597.0,26427.0,43649.0,43649.0,85399.3,74398.2,32718.2,31482.1,0.0,85591.6,65907.8,34723.7,88446.3,37473.6,126605.1,89274.8,128652.3,170991.0,148
2208.5,139322.0,25597.0,26427.0,43649.0,43649.0,85399.3,74398.2,32718.2,31482.1,0.0,85605.3,65907.8,34722.5,88463.0,37476.2,126624.4,89272.2,128652.3,171004.6,148
2209.6,139322.0,25597.0,26427.0,43649.0,43649.0,85399.3,74398.2,32718.2,31482.1,0.0,85611.1,65907.8,34683.2,88469.2,37440.7,126595.1,89307.7,128652.3,171010.4,148
2210.7,139322.0,25597.0,26427.0,43649.0,43649.0,85399.3,74398.2,32718.2,31482.1,0.0,85645.7,65907.8,34683.2,88505.8,37441.2,126632.2,89307.2,128652.3,171045.0,148
2211.8,139322.0,25597.0,26427.0,43649.0,43649.0,85399.3,74398.2,32718.2,31482.1,0.0,85645.7,65907.8,34722.7,88505.7,37478.3,126669.3,89270.0,128652.3,171045.0,148
2212.9,139322.0,25597.0,26427.0,43649.0,43649.0,85399.3,74398.2,32718.2,31482.1,0.0,85701.8,65907.8,34723.0,88564.2,37487.0,126736.5,89261.3,128652.3,171101.1,148
2214.0,139322.0,25597.0,26427.0,43649.0,43649.0,85399.3,74398.2,32718.2,31482.1,0.0,85715.7,65907.8,34723.0,88578.5,37487.5,126751.4,89260.7,128652.3,171115.0,148
2215.1,139322.0,25597.0,26427.0,43649.0,43649.0,85439.3,74438.2,32758.2,31522.0,0.0,85764.1,66192.9,34683.2,88629.3,37447.4,126762.1,89300.8,128652.3,171203.4,148
2217.7,139322.0,25597.0,26427.0,43649.0,43649.0,85416.0,74415.0,32734.9,31498.8,0.0,85664.3,66192.9,34739.7,88530.7,37494.1,126710.1,89254.2,128652.3,171080.4,148
2218.8,139322.0,25597.0,26427.0,43649.0,43649.0,85416.0,74415.0,32734.9,31498.8,0.0,85711.4,66192.9,34739.4,88579.2,37499.6,126764.1,89248.7,128652.3,171127.4,148
2219.9,139322.0,25597.0,26427.0,43649.0,43649.0,85416.0,74415.0,32734.9,31498.8,0.0,85726.9,66192.9,34699.6,88595.1,37461.9,126742.4,89286.3,128652.3,171142.9,148
2221.0,139322.0,25597.0,26427.0,43649.0,43649.0,85416.0,74415.0,32734.9,31498.8,0.0,85747.3,66192.9,34699.6,88616.3,37457.7,126759.4,89290.5,128652.3,171163.3,148
2222.2,139322.0,25597.0,26427.0,43649.0,43649.0,85416.0,74415.0,32734.9,31498.8,0.0,85592.0,66192.9,34737.6,88456.8,37490.2,126632.1,89258.2,128652.3,171008.1,148
2223.3,139322.0,25597.0,26427.0,43649.0,43649.0,85416.0,74415.0,32734.9,31498.8,0.0,85605.0,66192.9,34736.8,88469.8,37492.9,126648.0,89255.5,128652.3,171021.0,148
2224.4,139322.0,25597.0,26427.0,43649.0,43649.0,85416.0,74415.0,32734.9,31498.8,0.0,85608.3,66192.9,34697.4,88473.5,37456.6,126615.3,89291.8,128652.3,171024.3,148
2225.5,139322.0,25597.0,26427.0,43649.0,43649.0,85416.0,74415.0,32734.9,31498.8,0.0,85640.8,66411.5,34697.4,88506.7,37457.4,126649.4,89291.0,128652.3,171056.8,148
2228.0,139322.0,25597.0,26427.0,43649.0,43649.0,85416.0,74415.0,32734.9,31498.8,0.0,85641.1,66411.5,34737.5,88507.6,37490.5,126683.4,89257.8,128652.3,171057.1,148
2229.1,139322.0,25597.0,26427.0,43649.0,43649.0,85416.0,74415.0,32734.9,31498.8,0.0,85707.4,66411.5,34737.5,88576.6,37491.0,126752.9,89257.3,128652.3,171123.4,148
2230.1,139322.0,25597.0,26427.0,43649.0,43649.0,85416.0,74415.0,32734.9,31498.8,0.0,85765.4,66411.5,34697.7,88639.0,37455.6,126780.0,89292.6,128652.3,171181.4,148
2231.3,139322.0,25597.0,26427.0,43649.0,43649.0,85416.0,74415.0,32734.9,31498.8,0.0,85765.4,66411.5,34697.9,88639.0,37453.9,126778.4,89294.2,128652.3,171181.4,148
2232.4,139322.0,25597.0,26427.0,43649.0,43649.0,85416.0,74415.0,32734.9,31498.8,0.0,85765.4,66411.5,34737.2,88638.9,37491.8,126816.2,89256.4,128652.3,171181.4,148
2233.5,139322.0,25597.0,26427.0,43649.0,43649.0,85416.0,74415.0,32734.9,31498.8,0.0,85791.0,66411.5,34737.5,88665.2,37495.4,126846.0,89252.7,128652.3,171207.0,148
2234.7,139322.0,25597.0,26427.0,43649.0,43649.0,85416.0,74415.0,32734.9,31498.8,0.0,85791.0,66411.5,34697.6,88665.0,37455.6,126806.1,89292.5,128652.3,171207.0,148
2235.8,139322.0,25597.0,26427.0,43649.0,43649.0,85416.0,74415.0,32734.9,31498.8,0.0,85791.0,66592.5,34697.7,88665.0,37455.9,126806.4,89292.1,128652.3,171207.0,148
2238.3,139322.0,25597.0,26427.0,43649.0,43649.0,85415.5,74415.0,32734.9,31498.8,0.0,85639.5,66592.5,34735.8,88510.3,37496.1,126691.8,89252.1,128652.3,171055.0,148
2239.4,139322.0,25597.0,26427.0,43649.0,43649.0,85415.5,74415.0,32734.9,31498.8,0.0,85710.9,66592.5,34696.4,88584.9,37456.9,126727.2,89291.3,128652.3,171126.4,148
2240.5,139322.0,25597.0,26427.0,43649.0,43649.0,85415.5,74415.0,32734.9,31498.8,0.0,85711.1,66592.5,34696.0,88585.2,37459.6,126730.2,89288.5,128652.3,171126.6,148
2241.6,139322.0,25597.0,26427.0,43649.0,43649.0,85415.5,74415.0,32734.9,31498.8,0.0,85711.1,66592.5,34735.2,88585.2,37495.7,126766.3,89252.5,128652.3,171126.7,148
2242.8,139322.0,25597.0,26427.0,43649.0,43649.0,85386.3,74385.9,32705.8,31469.7,0.0,85702.4,66592.5,34735.2,88581.0,37500.4,126766.9,89247.7,128652.3,171088.7,148
2243.9,139322.0,25597.0,26427.0,43649.0,43649.0,85386.3,74385.9,32705.8,31469.7,0.0,85706.0,66592.5,34706.8,88583.2,37461.9,126730.5,89286.2,128652.3,171092.4,148
2245.0,139322.0,25597.0,26427.0,43649.0,43649.0,85386.3,74385.9,32705.8,31469.7,0.0,85714.0,66592.5,34666.8,88591.3,37427.1,126703.9,89321.0,128652.3,171100.3,148
2246.1,139322.0,25597.0,26427.0,43649.0,43649.0,85386.3,74385.9,32705.8,31469.7,0.0,85723.8,66897.5,34666.8,88601.4,37424.2,126711.1,89323.9,128652.3,171110.1,148
2248.6,139322.0,25597.0,26427.0,43649.0,43649.0,85386.3,74385.9,32705.8,31469.7,0.0,85785.1,66897.5,34707.1,88665.6,37470.7,126821.9,89277.3,128652.3,171171.5,148
2249.7,139322.0,25597.0,26427.0,43649.0,43649.0,85386.3,74385.9,32705.8,31469.7,0.0,85785.2,66897.5,34666.8,88665.3,37428.7,126779.6,89319.3,128652.3,171171.5,148
2250.8,139322.0,25597.0,26427.0,43649.0,43649.0,85386.3,74385.9,32705.8,31469.7,0.0,85785.2,66897.5,34666.4,88665.3,37427.9,126778.8,89320.1,128652.3,171171.5,148
2251.8,139322.0,25597.0,26427.0,43649.0,43649.0,85386.3,74385.9,32705.8,31469.7,0.0,85785.2,66897.5,34705.8,88665.3,37465.8,126816.7,89282.2,128652.3,171171.5,148
2252.9,139322.0,25597.0,26427.0,43649.0,43649.0,85386.3,74385.9,32705.8,31469.7,0.0,85785.2,66897.5,34705.8,88665.3,37462.5,126813.4,89285.5,128652.3,171171.5,148
2254.0,139322.0,25597.0,26427.0,43649.0,43649.0,85386.3,74385.9,32705.8,31469.7,0.0,85820.8,66897.5,34706.6,88701.4,37465.1,126852.2,89282.8,128652.3,171207.1,148
2255.2,139322.0,25597.0,26427.0,43649.0,43649.0,85386.3,74385.9,32705.8,31469.7,0.0,85848.6,66897.5,34666.6,88730.6,37425.8,126842.0,89322.1,128652.3,171234.8,148
2256.3,139322.0,25597.0,26427.0,43649.0,43649.0,85385.7,74385.9,32705.7,31469.7,0.0,85857.4,67359.5,34666.4,88745.5,37424.9,126856.2,89322.9,128652.3,171243.1,148
2258.9,139322.0,25597.0,26427.0,43649.0,43649.0,85385.7,74385.9,32705.7,31469.7,0.0,85782.8,67359.5,34706.4,88667.9,37467.5,126821.0,89280.4,128652.3,171168.5,148
2260.0,139322.0,25597.0,26427.0,43649.0,43649.0,85385.7,74385.9,32705.8,31469.7,0.0,85782.8,67359.5,34666.4,88668.4,37431.2,126785.2,89316.7,128652.3,171168.5,148
2261.1,139322.0,25597.0,26427.0,43649.0,43649.0,85385.7,74385.9,32705.7,31469.7,0.0,85782.8,67359.5,34666.4,88668.4,37431.9,126785.9,89316.0,128652.3,171168.5,148
2262.2,139322.0,25597.0,26427.0,43649.0,43649.0,85385.7,74385.9,32705.7,31469.7,0.0,85828.4,67359.5,34705.8,88714.2,37464.7,126864.7,89283.1,128652.3,171214.1,148
2263.4,139322.0,25597.0,26427.0,43649.0,43649.0,85394.8,74395.0,32714.9,31478.8,0.0,85809.3,67359.5,34705.8,88699.2,37473.9,126858.9,89273.9,128652.3,171204.1,148
2264.5,139322.0,25597.0,26427.0,43649.0,43649.0,85394.8,74395.0,32714.9,31478.8,0.0,85798.3,67359.5,34675.6,88688.1,37437.3,126811.2,89310.5,128652.3,171193.1,148
2265.6,139322.0,25597.0,26427.0,43649.0,43649.0,85394.8,74395.0,32714.9,31478.8,0.0,85798.3,67359.5,34675.7,88688.2,37438.9,126812.8,89308.9,128652.3,171193.1,148
2266.7,139322.0,25597.0,26427.0,43649.0,43649.0,85394.7,74395.0,32714.9,31478.8,0.0,85794.6,67586.6,34715.1,88683.9,37478.5,126848.3,89269.2,128652.3,171189.3,148
2269.2,139322.0,25597.0,26427.0,43649.0,43649.0,85394.7,74395.0,32714.9,31478.8,0.0,85775.2,67586.6,34676.6,88663.9,37443.1,126792.8,89304.7,128652.3,171169.9,148
2270.3,139322.0,25597.0,26427.0,43649.0,43649.0,85394.7,74395.0,32714.9,31478.8,0.0,85809.5,67586.6,34675.6,88699.4,37446.4,126831.7,89301.3,128652.3,171204.2,148
2271.4,139322.0,25597.0,26427.0,43649.0,43649.0,85394.7,74395.0,32714.9,31478.8,0.0,85792.7,67586.6,34715.0,88683.7,37483.4,126852.9,89264.3,128652.3,171187.4,148
2272.5,139322.0,25597.0,26427.0,43649.0,43649.0,85394.7,74395.0,32714.9,31478.8,0.0,85769.3,67586.6,34715.1,88658.7,37484.5,126829.0,89263.3,128652.3,171164.0,148
2273.6,139322.0,25597.0,26427.0,43649.0,43649.0,85394.7,74395.0,32714.9,31478.8,0.0,85774.7,67586.6,34715.4,88664.9,37483.6,126834.3,89264.2,128652.3,171169.5,148
2274.7,139322.0,25597.0,26427.0,43649.0,43649.0,85394.7,74395.0,32714.9,31478.8,0.0,85782.7,67586.6,34675.6,88673.3,37448.0,126807.1,89299.8,128652.3,171177.5,148
2275.8,139322.0,25597.0,26427.0,43649.0,43649.0,85394.7,74395.0,32714.9,31478.8,0.0,85792.9,67586.6,34675.6,88683.7,37448.1,126817.6,89299.6,128652.3,171187.6,148
2276.9,139322.0,25597.0,26427.0,43649.0,43649.0,85394.7,74395.0,32714.9,31478.8,0.0,85790.2,67730.2,34715.2,88681.4,37487.5,126854.8,89260.2,128652.3,171184.9,148
2279.4,139322.0,25597.0,26427.0,43649.0,43649.0,85394.4,74395.0,32714.9,31478.8,0.0,85763.7,67730.2,34676.8,88656.1,37447.7,126789.8,89299.9,128652.3,171158.1,148
2280.5,139322.0,25597.0,26427.0,43649.0,43649.0,85394.4,74395.0,32714.9,31478.8,0.0,85774.8,67730.2,34675.7,88668.0,37447.3,126801.3,89300.3,128652.3,171169.2,148
2281.6,139322.0,25597.0,26427.0,43649.0,43649.0,85394.4,74395.0,32714.9,31478.8,0.0,85780.1,67730.2,34715.0,88675.8,37485.3,126847.1,89262.3,128652.3,171174.6,148
2282.7,139322.0,25597.0,26427.0,43649.0,43649.0,85394.4,74395.0,32714.9,31478.8,0.0,85783.1,67730.2,34676.1,88675.9,37446.4,126808.4,89301.1,128652.3,171177.6,148
2283.8,139322.0,25597.0,26427.0,43649.0,43649.0,85394.1,74395.0,32714.9,31478.8,0.0,85765.0,67730.2,34715.2,88660.4,37492.1,126838.6,89255.4,128652.3,171159.2,148
2284.9,139322.0,25597.0,26427.0,43649.0,43649.0,85394.1,74395.1,32714.9,31478.9,0.0,85791.5,67730.2,34675.7,88692.6,37444.5,126823.3,89302.9,128652.3,171185.6,148
2286.1,139322.0,25597.0,26427.0,43649.0,43649.0,85394.1,74395.1,32714.9,31478.9,0.0,85813.3,67730.2,34675.7,88715.8,37446.6,126848.6,89300.8,128652.3,171207.4,148
2287.2,139322.0,25597.0,26427.0,43649.0,43649.0,85393.8,74395.1,32714.9,31478.9,0.0,85764.5,68325.5,34715.2,88664.6,37490.7,126841.6,89256.6,128652.3,171158.4,148
2289.8,139322.0,25597.0,26427.0,43649.0,43649.0,85393.8,74395.1,32714.9,31478.9,0.0,85740.5,68325.5,34676.1,88641.4,37452.9,126780.6,89294.4,128652.3,171134.3,148
2290.9,139322.0,25597.0,26427.0,43649.0,43649.0,85393.7,74395.1,32714.9,31478.9,0.0,85798.9,68325.5,34675.7,88702.5,37457.0,126845.8,89290.3,128652.3,171192.7,148
2292.0,139322.0,25597.0,26427.0,43649.0,43649.0,85393.6,74395.1,32714.9,31478.9,0.0,85765.2,68325.5,34715.2,88668.5,37489.9,126844.7,89257.4,128652.3,171158.8,148
2293.1,139322.0,25597.0,26427.0,43649.0,43649.0,85393.5,74395.1,32714.9,31478.9,0.0,85753.8,68325.5,34715.2,88656.6,37494.4,126837.3,89252.9,128652.3,171147.3,148
2294.2,139322.0,25597.0,26427.0,43649.0,43649.0,85393.5,74395.1,32714.9,31478.9,0.0,85753.4,68325.5,34675.6,88656.5,37455.7,126798.5,89291.6,128652.3,171147.0,148
2295.3,139322.0,25597.0,26427.0,43649.0,43649.0,85393.5,74395.1,32714.9,31478.9,0.0,85753.5,68325.5,34675.7,88656.5,37455.8,126798.6,89291.5,128652.3,171147.0,148
2296.5,139322.0,25597.0,26427.0,43649.0,43649.0,85393.5,74395.1,32714.9,31478.9,0.0,85753.5,68325.5,34715.1,88656.5,37495.5,126838.3,89251.8,128652.3,171147.0,148
2297.6,139322.0,25597.0,26427.0,43649.0,43649.0,85393.5,74395.1,32714.9,31478.9,0.0,85760.7,68416.8,34715.5,88663.9,37492.1,126842.3,89255.2,128652.3,171154.2,148
2300.1,139322.0,25597.0,26427.0,43649.0,43649.0,85402.6,74404.2,32724.0,31488.0,0.0,85738.2,68416.8,34675.7,88640.9,37452.2,126779.4,89295.1,128652.3,171140.8,148
2301.2,139322.0,25597.0,26427.0,43649.0,43649.0,85402.6,74404.2,32724.0,31488.0,0.0,85788.4,68416.8,34684.8,88694.0,37459.9,126840.3,89287.3,128652.3,171191.0,148
2302.3,139322.0,25597.0,26427.0,43649.0,43649.0,85402.5,74404.2,32724.0,31488.0,0.0,85743.2,68416.8,34724.7,88647.3,37500.7,126834.3,89246.5,128652.3,171145.7,148
2303.4,139322.0,25597.0,26427.0,43649.0,43649.0,85402.3,74404.2,32724.0,31488.0,0.0,85758.7,68416.8,34724.2,88664.1,37492.1,126842.6,89255.1,128652.3,171161.0,148
2304.5,139322.0,25597.0,26427.0,43649.0,43649.0,85402.3,74404.2,32724.0,31488.0,0.0,85802.6,68416.8,34684.8,88711.1,37454.8,126852.4,89292.3,128652.3,171204.9,148
2305.6,139322.0,25597.0,26427.0,43649.0,43649.0,85402.3,74404.2,32724.0,31488.0,0.0,85789.0,68416.8,34684.8,88695.8,37456.9,126839.2,89290.2,128652.3,171191.3,148
2306.7,139322.0,25597.0,26427.0,43649.0,43649.0,85402.1,74404.2,32724.0,31488.0,0.0,85743.9,68416.8,34724.6,88650.7,37499.3,126836.4,89247.9,128652.3,171146.0,148
2307.8,139322.0,25597.0,26427.0,43649.0,43649.0,85401.9,74404.2,32723.9,31488.0,0.0,85751.4,68872.0,34688.7,88659.3,37465.2,126810.9,89281.9,128652.3,171153.4,148
2310.4,139322.0,25597.0,26427.0,43649.0,43649.0,85424.9,74427.2,32746.9,31511.0,0.0,85599.8,68872.0,34707.8,88509.7,37482.6,126678.4,89264.8,128652.3,171024.6,148
2311.5,139322.0,25597.0,26427.0,43649.0,43649.0,85424.9,74427.2,32746.9,31511.0,0.0,85599.8,68872.0,34747.4,88510.0,37522.5,126718.7,89224.8,128652.3,171024.6,148
2312.5,139322.0,25597.0,26427.0,43649.0,43649.0,85424.9,74427.2,32746.9,31511.0,0.0,85683.9,68872.0,34747.5,88595.2,37533.0,126814.3,89214.4,128652.3,171108.8,148
2313.6,139322.0,25597.0,26427.0,43649.0,43649.0,85424.9,74427.2,32746.9,31511.0,0.0,85684.3,68872.0,34747.4,88596.4,37533.5,126816.2,89213.9,128652.3,171109.2,148
2314.7,139322.0,25597.0,26427.0,43649.0,43649.0,85424.8,74427.2,32746.9,31511.0,0.0,85684.3,68872.0,34708.0,88596.4,37495.6,126778.3,89251.8,128652.3,171109.2,148
2315.8,139322.0,25597.0,26427.0,43649.0,43649.0,85424.7,74427.2,32746.9,31511.0,0.0,85631.4,68872.0,34708.0,88543.8,37494.3,126724.1,89253.3,128652.3,171056.1,148
2317.0,139322.0,25597.0,26427.0,43649.0,43649.0,85424.2,74427.2,32746.9,31511.0,0.0,85631.4,68872.0,34747.6,88545.6,37534.6,126766.2,89213.0,128652.3,171055.6,148
2318.1,139322.0,25597.0,26427.0,43649.0,43649.0,85424.2,74427.2,32746.9,31511.0,0.0,85675.8,69165.6,34738.4,88592.5,37522.6,126801.1,89224.9,128652.3,171100.0,148
2320.6,139322.0,25597.0,26427.0,43649.0,43649.0,85424.1,74427.2,32746.9,31511.0,0.0,85676.0,69165.6,34708.4,88592.5,37491.2,126769.8,89256.3,128652.3,171100.1,148
2321.8,139322.0,25597.0,26427.0,43649.0,43649.0,85420.6,74427.2,32743.6,31511.0,0.0,85583.6,69165.6,34747.5,88504.1,37524.3,126714.4,89223.3,128652.3,171004.2,148
2322.9,139322.0,25597.0,26427.0,43649.0,43649.0,85420.6,74427.2,32743.6,31511.0,0.0,85583.6,69165.6,34740.9,88504.6,37518.4,126709.0,89229.2,128652.3,171004.2,148
2324.0,139322.0,25597.0,26427.0,43649.0,43649.0,85420.6,74427.2,32743.6,31511.0,0.0,85642.2,69165.6,34748.0,88564.9,37530.7,126781.7,89216.8,128652.3,171062.8,148
2325.1,139322.0,25597.0,26427.0,43649.0,43649.0,85420.6,74427.2,32743.6,31511.0,0.0,85679.4,69165.6,34708.0,88602.9,37486.3,126775.3,89261.2,128652.3,171100.1,148
2326.2,139322.0,25597.0,26427.0,43649.0,43649.0,85420.5,74427.2,32743.6,31511.0,0.0,85679.5,69165.6,34708.0,88603.1,37484.6,126773.7,89262.9,128652.3,171100.0,148
2327.4,139322.0,25597.0,26427.0,43649.0,43649.0,85419.9,74427.2,32743.5,31511.0,0.0,85539.0,69165.6,34746.4,88461.3,37524.4,126671.4,89223.5,128652.3,170958.8,148
2328.5,139322.0,25597.0,26427.0,43649.0,43649.0,85419.9,74427.2,32743.5,31511.0,0.0,85539.6,69520.8,34746.1,88464.0,37519.2,126668.9,89228.6,128652.3,170959.4,148
2331.1,139322.0,25597.0,26427.0,43649.0,43649.0,85419.9,74427.2,32743.5,31511.0,0.0,85663.8,69520.8,34706.8,88589.5,37478.7,126754.0,89269.1,128652.3,171083.6,148
2332.2,139322.0,25597.0,26427.0,43649.0,43649.0,85419.9,74427.2,32743.5,31511.0,0.0,85671.7,69520.8,34746.2,88598.0,37516.1,126799.9,89231.7,128652.3,171091.6,148
2333.3,139322.0,25597.0,26427.0,43649.0,43649.0,85419.9,74427.2,32743.5,31511.0,0.0,85671.8,69520.8,34745.7,88598.1,37514.9,126798.8,89232.9,128652.3,171091.7,148
2334.4,139322.0,25597.0,26427.0,43649.0,43649.0,85419.9,74427.2,32743.5,31511.0,0.0,85671.9,69520.8,34706.4,88598.1,37472.0,126755.9,89275.8,128652.3,171091.7,148
2335.6,139322.0,25597.0,26427.0,43649.0,43649.0,85421.8,74429.1,32745.5,31513.0,0.0,85719.4,69520.8,34708.9,88647.7,37477.1,126810.5,89270.7,128652.3,171141.2,148
2336.7,139322.0,25597.0,26427.0,43649.0,43649.0,85421.5,74429.1,32745.5,31513.0,0.0,85508.3,69520.8,34746.2,88435.1,37508.5,126629.1,89239.6,128652.3,170929.8,148
2337.9,139322.0,25597.0,26427.0,43649.0,43649.0,85421.5,74429.1,32745.5,31513.0,0.0,85515.9,69520.8,34728.7,88443.3,37491.8,126620.5,89256.3,128652.3,170937.4,148
2339.0,139322.0,25597.0,26427.0,43649.0,43649.0,85421.5,74429.1,32745.5,31513.0,0.0,85638.9,69852.4,34746.5,88567.9,37505.1,126758.5,89243.0,128652.3,171060.4,148
2341.6,139322.0,25597.0,26427.0,43649.0,43649.0,85421.1,74429.1,32745.4,31513.0,0.0,85570.2,69852.4,34746.1,88500.3,37512.1,126697.6,89236.2,128652.3,170991.2,148
2342.7,139322.0,25597.0,26427.0,43649.0,43649.0,85421.1,74429.1,32745.4,31513.0,0.0,85599.1,69852.4,34746.4,88530.1,37507.6,126723.0,89240.7,128652.3,171020.2,148
2343.8,139322.0,25597.0,26427.0,43649.0,43649.0,85421.1,74429.1,32745.4,31513.0,0.0,85607.3,69852.4,34746.4,88538.5,37511.5,126735.3,89236.8,128652.3,171028.4,148
2344.9,139322.0,25597.0,26427.0,43649.0,43649.0,85421.1,74429.1,32745.5,31513.0,0.0,85616.1,69852.4,34706.5,88547.2,37474.5,126707.0,89273.8,128652.3,171037.1,148
2346.0,139322.0,25597.0,26427.0,43649.0,43649.0,85421.1,74429.1,32745.4,31513.0,0.0,85631.7,69852.4,34706.7,88563.1,37473.2,126721.6,89275.1,128652.3,171052.8,148
2347.2,139322.0,25597.0,26427.0,43649.0,43649.0,85427.4,74435.5,32751.8,31519.3,0.0,85696.0,69852.4,34752.4,88628.9,37515.9,126830.1,89232.4,128652.3,171123.5,148
2348.3,139322.0,25597.0,26427.0,43649.0,43649.0,85427.2,74435.5,32751.8,31519.3,0.0,85600.0,69852.4,34752.4,88532.9,37519.3,126737.3,89229.2,128652.3,171027.2,148
2349.5,139322.0,25597.0,26427.0,43649.0,43649.0,85427.2,74435.5,32751.8,31519.3,0.0,85637.1,70150.2,34713.1,88571.3,37480.3,126736.6,89268.2,128652.3,171064.3,148
2352.0,139322.0,25597.0,26427.0,43649.0,43649.0,85427.2,74435.5,32751.8,31519.3,0.0,85659.9,70150.2,34754.0,88594.9,37516.8,126796.8,89231.7,128652.3,171087.1,148
2353.2,139322.0,25597.0,26427.0,43649.0,43649.0,85427.2,74435.5,32751.8,31519.3,0.0,85662.3,70150.2,34752.8,88597.4,37517.1,126799.6,89231.4,128652.3,171089.5,148
2354.3,139322.0,25597.0,26427.0,43649.0,43649.0,85427.2,74435.5,32751.8,31519.3,0.0,85666.7,70150.2,34714.3,88601.8,37480.1,126767.1,89268.3,128652.3,171093.9,148
2355.4,139322.0,25597.0,26427.0,43649.0,43649.0,85427.2,74435.5,32751.8,31519.3,0.0,85569.2,70150.2,34713.7,88505.4,37481.0,126671.3,89267.7,128652.3,170996.4,148
2356.5,139322.0,25597.0,26427.0,43649.0,43649.0,85427.2,74435.5,32751.8,31519.3,0.0,85581.0,70150.2,34752.8,88518.7,37517.5,126721.1,89231.2,128652.3,171008.3,148
2357.6,139322.0,25597.0,26427.0,43649.0,43649.0,85427.2,74435.5,32751.8,31519.3,0.0,85587.7,70150.2,34753.5,88525.5,37518.1,126728.4,89230.6,128652.3,171015.0,148
2358.7,139322.0,25597.0,26427.0,43649.0,43649.0,85427.2,74435.5,32751.8,31519.3,0.0,85594.2,70150.2,34753.5,88532.4,37517.2,126734.4,89231.5,128652.3,171021.4,148
2359.8,139322.0,25597.0,26427.0,43649.0,43649.0,85427.2,74435.5,32751.8,31519.3,0.0,85594.2,70343.4,34713.7,88532.4,37480.3,126697.7,89268.4,128652.3,171021.5,148
2362.4,139322.0,25597.0,26427.0,43649.0,43649.0,85427.3,74435.5,32751.8,31519.3,0.0,85541.8,70343.4,34754.0,88479.6,37519.0,126683.3,89229.9,128652.3,170969.1,148
2363.5,139322.0,25597.0,26427.0,43649.0,43649.0,85427.3,74435.5,32751.8,31519.3,0.0,85668.4,70343.4,34753.3,88609.3,37522.9,126816.8,89226.1,128652.3,171095.7,148
2364.6,139322.0,25597.0,26427.0,43649.0,43649.0,85427.3,74435.5,32751.8,31519.3,0.0,85673.5,70343.4,34713.8,88614.7,37487.0,126786.3,89261.9,128652.3,171100.7,148
2365.7,139322.0,25597.0,26427.0,43649.0,43649.0,85427.3,74435.5,32751.8,31519.3,0.0,85679.7,70343.4,34713.7,88621.1,37487.4,126793.2,89261.5,128652.3,171106.9,148
2366.8,139322.0,25597.0,26427.0,43649.0,43649.0,85427.3,74435.5,32751.8,31519.3,0.0,85688.3,70343.4,34753.1,88630.1,37523.8,126838.6,89225.1,128652.3,171115.5,148
2367.9,139322.0,25597.0,26427.0,43649.0,43649.0,85426.8,74435.5,32751.8,31519.3,0.0,85522.5,70343.4,34753.5,88462.6,37526.5,126673.6,89222.6,128652.3,170949.2,148
2369.0,139322.0,25597.0,26427.0,43649.0,43649.0,85426.8,74435.5,32751.8,31519.3,0.0,85528.4,70343.4,34753.5,88468.6,37526.8,126679.8,89222.3,128652.3,170955.1,148
2370.1,139322.0,25597.0,26427.0,43649.0,43649.0,85426.8,74435.5,32751.8,31519.3,0.0,85549.4,70608.7,34713.7,88491.4,37487.5,126663.3,89261.7,128652.3,170976.2,148
2372.7,139322.0,25597.0,26427.0,43649.0,43649.0,85426.8,74435.5,32751.8,31519.3,0.0,85620.0,70608.7,34753.4,88563.2,37519.3,126767.0,89229.8,128652.3,171046.8,148
2373.8,139322.0,25597.0,26427.0,43649.0,43649.0,85426.8,74435.5,32751.8,31519.3,0.0,85626.7,70608.7,34752.5,88570.0,37515.4,126769.9,89233.7,128652.3,171053.4,148
2374.9,139322.0,25597.0,26427.0,43649.0,43649.0,85426.8,74435.5,32751.8,31519.3,0.0,85642.3,70608.7,34713.1,88585.7,37476.8,126747.0,89272.3,128652.3,171069.1,148
2376.1,139322.0,25597.0,26427.0,43649.0,43649.0,85426.8,74435.5,32751.8,31519.3,0.0,85664.5,70608.7,34713.2,88607.7,37473.2,126765.5,89275.9,128652.3,171091.2,148
2377.2,139322.0,25597.0,26427.0,43649.0,43649.0,85426.8,74435.5,32751.8,31519.3,0.0,85534.0,70608.7,34753.0,88477.3,37512.2,126673.8,89237.1,128652.3,170960.8,148
2378.3,139322.0,25597.0,26427.0,43649.0,43649.0,85426.8,74435.5,32751.8,31519.3,0.0,85668.0,70608.7,34752.6,88615.0,37513.5,126812.7,89235.9,128652.3,171094.8,148
2379.5,139322.0,25597.0,26427.0,43649.0,43649.0,85426.8,74435.5,32751.8,31519.3,0.0,85675.4,70608.7,34713.8,88622.7,37480.0,126787.0,89269.3,128652.3,171102.2,148
2380.6,139322.0,25597.0,26427.0,43649.0,43649.0,85426.8,74435.5,32751.8,31519.3,0.0,85681.2,70981.9,34713.1,88628.6,37480.1,126793.0,89269.2,128652.3,171108.0,148
2383.2,139322.0,25597.0,26427.0,43649.0,43649.0,85426.8,74435.5,32751.8,31519.3,0.0,85547.6,70981.9,34753.0,88494.7,37516.5,126695.1,89233.2,128652.3,170974.3,148
2384.3,139322.0,25597.0,26427.0,43649.0,43649.0,85426.8,74435.5,32751.8,31519.3,0.0,85602.6,70981.9,34752.9,88551.9,37516.1,126752.0,89233.5,128652.3,171029.4,148
2385.4,139322.0,25597.0,26427.0,43649.0,43649.0,85426.8,74435.5,32751.8,31519.3,0.0,85615.9,70981.9,34711.7,88565.3,37475.2,126724.5,89274.4,128652.3,171042.7,148
2386.5,139322.0,25597.0,26427.0,43649.0,43649.0,85426.8,74435.5,32751.8,31519.3,0.0,85624.1,70981.9,34714.0,88574.3,37477.7,126736.1,89271.8,128652.3,171050.8,148
2387.6,139322.0,25597.0,26427.0,43649.0,43649.0,85426.5,74435.5,32751.8,31519.3,0.0,85548.6,70981.9,34750.9,88500.9,37506.8,126691.6,89242.8,128652.3,170975.1,148
2388.7,139322.0,25597.0,26427.0,43649.0,43649.0,85426.5,74435.5,32751.8,31519.3,0.0,85548.8,70981.9,34750.9,88503.4,37513.6,126700.9,89236.1,128652.3,170975.3,148
2389.9,139322.0,25597.0,26427.0,43649.0,43649.0,85426.5,74435.5,32751.8,31519.3,0.0,85548.9,70981.9,34711.5,88503.3,37477.4,126664.7,89272.2,128652.3,170975.4,148
2391.0,139322.0,25597.0,26427.0,43649.0,43649.0,85426.5,74435.5,32751.8,31519.3,0.0,85587.2,71335.2,34712.2,88541.0,37481.1,126706.0,89268.5,128652.3,171013.6,148
2393.6,139322.0,25597.0,26427.0,43649.0,43649.0,85426.0,74435.5,32751.7,31519.3,0.0,85605.3,71335.2,34752.4,88563.0,37518.3,126765.4,89231.2,128652.3,171031.3,148
2394.7,139322.0,25597.0,26427.0,43649.0,43649.0,85426.0,74435.5,32751.7,31519.3,0.0,85562.7,71335.2,34712.6,88521.1,37479.4,126684.6,89270.1,128652.3,170988.6,148
2395.8,139322.0,25597.0,26427.0,43649.0,43649.0,85426.0,74435.5,32751.7,31519.3,0.0,85569.3,71335.2,34712.9,88528.5,37478.5,126691.0,89271.1,128652.3,170995.3,148
2396.9,139322.0,25597.0,26427.0,43649.0,43649.0,85426.0,74435.5,32751.7,31519.3,0.0,85583.8,71335.2,34752.3,88545.1,37515.2,126744.4,89234.3,128652.3,171009.8,148
2398.0,139322.0,25597.0,26427.0,43649.0,43649.0,85426.0,74435.5,32751.7,31519.3,0.0,85587.4,71335.2,34752.3,88548.7,37519.0,126751.8,89230.5,128652.3,171013.3,148
2399.1,139322.0,25597.0,26427.0,43649.0,43649.0,85426.0,74435.5,32751.7,31519.3,0.0,85650.1,71335.2,34752.7,88612.2,37522.9,126819.3,89226.5,128652.3,171076.1,148
2400.2,139322.0,25597.0,26427.0,43649.0,43649.0,85426.0,74435.5,32751.7,31519.3,0.0,85655.1,71335.2,34712.9,88617.4,37482.7,126784.3,89266.7,128652.3,171081.0,148
2401.3,139322.0,25597.0,26427.0,43649.0,43649.0,85426.0,74435.5,32751.7,31519.3,0.0,85680.3,71676.9,34722.7,88643.4,37492.5,126820.1,89256.9,128652.3,171106.3,148
2403.9,139322.0,25597.0,26427.0,43649.0,43649.0,85425.8,74435.5,32751.7,31519.3,0.0,85626.4,71676.9,34751.9,88591.7,37533.1,126809.0,89216.3,128652.3,171052.1,148
2405.1,139322.0,25597.0,26427.0,43649.0,43649.0,85425.8,74435.5,32751.7,31519.3,0.0,85629.8,71676.9,34711.6,88595.1,37490.0,126769.3,89259.4,128652.3,171055.6,148
2406.2,139322.0,25597.0,26427.0,43649.0,43649.0,85425.1,74435.5,32751.7,31519.3,0.0,85649.0,71676.9,34711.6,88615.8,37495.1,126795.2,89254.2,128652.3,171074.1,148
2407.3,139322.0,25597.0,26427.0,43649.0,43649.0,85425.1,74435.5,32751.7,31519.3,0.0,85579.0,71676.9,34751.2,88545.3,37523.7,126753.1,89225.8,128652.3,171004.1,148
2408.4,139322.0,25597.0,26427.0,43649.0,43649.0,85425.0,74435.5,32751.7,31519.3,0.0,85594.1,71676.9,34751.0,88562.8,37522.7,126769.7,89226.7,128652.3,171019.1,148
2409.5,139322.0,25597.0,26427.0,43649.0,43649.0,85424.5,74435.5,32751.7,31519.3,0.0,85511.9,71676.9,34711.9,88482.4,37481.3,126647.7,89268.3,128652.3,170936.3,148
2410.6,139322.0,25597.0,26427.0,43649.0,43649.0,85424.5,74435.5,32751.7,31519.3,0.0,85621.7,71676.9,34711.6,88594.6,37483.5,126762.3,89265.9,128652.3,171046.1,148
2411.7,139322.0,25597.0,26427.0,43649.0,43649.0,85424.5,74435.5,32751.7,31519.3,0.0,85629.5,72164.3,34751.2,88602.4,37523.5,126810.1,89225.9,128652.3,171054.0,148
2414.3,139322.0,25597.0,26427.0,43649.0,43649.0,85424.2,74435.5,32751.7,31519.3,0.0,85422.0,72164.3,34750.5,88392.2,37520.8,126596.9,89228.9,128652.3,170846.2,148
2415.4,139322.0,25597.0,26427.0,43649.0,43649.0,85424.2,74435.5,32751.7,31519.3,0.0,85426.5,72164.3,34711.2,88398.5,37483.8,126566.1,89265.9,128652.3,170850.7,148
2416.5,139322.0,25597.0,26427.0,43649.0,43649.0,85424.2,74435.5,32751.6,31519.3,0.0,85482.5,72164.3,34750.1,88455.6,37520.8,126660.3,89228.8,128652.3,170906.7,148
2417.6,139322.0,25597.0,26427.0,43649.0,43649.0,85424.2,74435.5,32751.7,31519.3,0.0,85482.5,72164.3,34750.5,88456.0,37526.2,126666.2,89223.4,128652.3,170906.8,148
2418.7,139322.0,25597.0,26427.0,43649.0,43649.0,85427.9,74439.2,32755.3,31523.0,0.0,85541.1,72164.3,34754.1,88515.6,37529.9,126729.6,89219.6,128652.3,170969.0,148
2419.8,139322.0,25597.0,26427.0,43649.0,43649.0,85428.5,74439.8,32756.0,31523.7,0.0,85560.2,72164.3,34715.0,88536.6,37496.7,126717.4,89252.8,128652.3,170988.7,148
2420.9,139322.0,25597.0,26427.0,43649.0,43649.0,85428.5,74439.8,32756.0,31523.7,0.0,85560.2,72164.3,34715.0,88536.6,37496.1,126716.8,89253.4,128652.3,170988.7,148
2422.0,139322.0,25597.0,26427.0,43649.0,43649.0,85428.5,74439.8,32756.0,31523.7,0.0,85560.2,72307.0,34754.5,88536.6,37536.7,126757.5,89212.8,128652.3,170988.7,148
2424.6,139322.0,25597.0,26427.0,43649.0,43649.0,85428.5,74439.8,32756.0,31523.7,0.0,85560.3,72307.0,34715.6,88536.7,37494.8,126715.6,89254.7,128652.3,170988.8,148
2425.7,139322.0,25597.0,26427.0,43649.0,43649.0,85432.6,74444.3,32760.4,31528.1,0.0,85654.3,72307.0,34719.3,88634.5,37502.9,126821.6,89246.5,128652.3,171086.9,148
2426.8,139322.0,25597.0,26427.0,43649.0,43649.0,85432.0,74444.3,32760.4,31528.1,0.0,85429.4,72307.0,34758.1,88406.2,37531.2,126621.2,89218.6,128652.3,170861.3,148
2427.9,139322.0,25597.0,26427.0,43649.0,43649.0,85432.0,74444.3,32760.4,31528.1,0.0,85546.6,72307.0,34720.2,88526.7,37495.1,126705.7,89254.6,128652.3,170978.6,148
2429.0,139322.0,25597.0,26427.0,43649.0,43649.0,85432.0,74444.3,32760.4,31528.1,0.0,85547.4,72307.0,34758.0,88527.6,37534.0,126745.6,89215.6,128652.3,170979.4,148
2430.1,139322.0,25597.0,26427.0,43649.0,43649.0,85432.0,74444.3,32760.4,31528.1,0.0,85547.9,72307.0,34718.3,88528.1,37497.8,126709.9,89251.9,128652.3,170979.9,148
2431.2,139322.0,25597.0,26427.0,43649.0,43649.0,85431.6,74444.3,32760.3,31528.1,0.0,85665.1,72307.0,34718.8,88649.3,37498.6,126831.9,89250.9,128652.3,171096.6,148
2432.3,139322.0,25597.0,26427.0,43649.0,43649.0,85431.5,74444.3,32760.3,31528.1,0.0,85440.1,72685.0,34757.1,88419.9,37529.4,126633.0,89220.5,128652.3,170871.6,148
2434.9,139322.0,25597.0,26427.0,43649.0,43649.0,85431.5,74444.3,32760.4,31528.1,0.0,85581.9,72685.0,34717.7,88567.5,37491.0,126742.3,89258.7,128652.3,171013.4,148
2436.1,139322.0,25597.0,26427.0,43649.0,43649.0,85431.5,74444.3,32760.3,31528.1,0.0,85581.9,72685.0,34717.2,88567.5,37490.5,126742.0,89259.2,128652.3,171013.5,148
2437.2,139322.0,25597.0,26427.0,43649.0,43649.0,85431.5,74444.3,32760.3,31528.1,0.0,85582.5,72685.0,34756.8,88568.6,37533.7,126786.0,89216.2,128652.3,171014.0,148
2438.3,139322.0,25597.0,26427.0,43649.0,43649.0,85431.5,74444.3,32760.3,31528.1,0.0,85627.8,72685.0,34756.6,88617.0,37525.4,126826.2,89224.3,128652.3,171059.3,148
2439.4,139322.0,25597.0,26427.0,43649.0,43649.0,85431.6,74444.3,32760.4,31528.1,0.0,85628.4,72685.0,34717.7,88617.8,37488.1,126789.6,89261.7,128652.3,171060.0,148
2440.5,139322.0,25597.0,26427.0,43649.0,43649.0,85431.5,74444.3,32760.4,31528.1,0.0,85629.2,72685.0,34716.3,88618.6,37488.9,126791.4,89260.9,128652.3,171060.8,148
2441.6,139322.0,25597.0,26427.0,43649.0,43649.0,85431.4,74444.3,32760.4,31528.1,0.0,85529.0,72685.0,34755.2,88522.7,37538.0,126744.5,89211.9,128652.3,170960.4,148
2442.7,139322.0,25597.0,26427.0,43649.0,43649.0,85431.4,74444.3,32760.4,31528.1,0.0,85529.0,73248.7,34755.7,88519.8,37534.1,126737.7,89215.7,128652.3,170960.4,148
2445.3,139322.0,25597.0,26427.0,43649.0,43649.0,85431.3,74444.3,32760.4,31528.1,0.0,85505.3,73248.7,34716.3,88496.5,37490.7,126670.9,89259.1,128652.3,170936.6,148
2446.4,139322.0,25597.0,26427.0,43649.0,43649.0,85431.3,74444.3,32760.4,31528.1,0.0,85518.2,73248.7,34755.2,88509.5,37530.2,126723.5,89219.6,128652.3,170949.4,148
2447.6,139322.0,25597.0,26427.0,43649.0,43649.0,85431.3,74444.3,32760.4,31528.1,0.0,85527.9,73248.7,34755.7,88519.6,37527.5,126730.9,89222.3,128652.3,170959.1,148
2448.7,139322.0,25597.0,26427.0,43649.0,43649.0,85431.3,74444.3,32760.4,31528.1,0.0,85533.6,73248.7,34755.7,88525.8,37529.3,126738.9,89220.5,128652.3,170964.8,148
2449.8,139322.0,25597.0,26427.0,43649.0,43649.0,85431.3,74444.3,32760.4,31528.1,0.0,85574.8,73248.7,34716.3,88568.5,37482.1,126734.5,89267.6,128652.3,171006.1,148
2450.8,139322.0,25597.0,26427.0,43649.0,43649.0,85431.3,74444.3,32760.4,31528.1,0.0,85591.2,73248.7,34715.8,88585.5,37482.1,126751.4,89267.6,128652.3,171022.5,148
2452.0,139322.0,25597.0,26427.0,43649.0,43649.0,85431.3,74444.3,32760.4,31528.1,0.0,85616.5,73248.7,34755.7,88611.6,37521.9,126817.4,89227.8,128652.3,171047.7,148
2453.1,139322.0,25597.0,26427.0,43649.0,43649.0,85430.9,74444.3,32760.4,31528.1,0.0,85531.6,73524.2,34755.2,88527.5,37531.9,126743.1,89217.9,128652.3,170962.6,148
2455.8,139322.0,25597.0,26427.0,43649.0,43649.0,85430.9,74444.3,32760.3,31528.1,0.0,85522.1,73524.2,34716.3,88520.1,37489.5,126693.5,89260.3,128652.3,170953.0,148
2456.9,139322.0,25597.0,26427.0,43649.0,43649.0,85430.9,74444.3,32760.3,31528.1,0.0,85522.1,73524.2,34755.4,88520.2,37529.4,126733.5,89220.3,128652.3,170953.1,148
2458.1,139322.0,25597.0,26427.0,43649.0,43649.0,85430.9,74444.3,32760.3,31528.1,0.0,85522.2,73524.2,34755.3,88520.2,37530.7,126734.7,89219.1,128652.3,170953.1,148
2459.2,139322.0,25597.0,26427.0,43649.0,43649.0,85430.9,74444.3,32760.4,31528.1,0.0,85563.8,73524.2,34755.5,88562.1,37530.3,126776.3,89219.5,128652.3,170994.7,148
2460.3,139322.0,25597.0,26427.0,43649.0,43649.0,85430.9,74444.3,32760.4,31528.1,0.0,85574.7,73524.2,34715.8,88573.6,37488.3,126745.8,89261.4,128652.3,171005.6,148
2461.4,139322.0,25597.0,26427.0,43649.0,43649.0,85430.5,74444.3,32760.3,31528.1,0.0,85649.2,73524.2,34755.2,88649.2,37519.3,126852.5,89230.2,128652.3,171079.7,148
2462.5,139322.0,25597.0,26427.0,43649.0,43649.0,85430.5,74444.3,32760.3,31528.1,0.0,85494.2,73524.2,34755.8,88493.5,37514.4,126691.8,89235.3,128652.3,170924.7,148
2463.6,139322.0,25597.0,26427.0,43649.0,43649.0,85430.7,74444.5,32760.5,31528.3,0.0,85515.9,73777.3,34755.7,88516.7,37515.3,126715.8,89234.5,128652.3,170946.5,148
2466.3,139322.0,25597.0,26427.0,43649.0,43649.0,85451.1,74465.4,32781.4,31549.2,0.0,85467.6,73777.3,34737.4,88471.1,37501.7,126656.6,89248.1,128652.3,170918.7,148
2467.4,139322.0,25597.0,26427.0,43649.0,43649.0,85451.1,74465.4,32781.4,31549.2,0.0,85487.1,73777.3,34776.8,88492.5,37543.9,126720.2,89205.9,128652.3,170938.3,148
2468.5,139322.0,25597.0,26427.0,43649.0,43649.0,85451.1,74465.4,32781.4,31549.2,0.0,85507.6,73777.3,34776.8,88513.7,37540.3,126737.9,89209.4,128652.3,170958.7,148
2469.6,139322.0,25597.0,26427.0,43649.0,43649.0,85451.1,74465.4,32781.4,31549.2,0.0,85507.6,73777.3,34737.6,88513.8,37503.7,126701.4,89246.0,128652.3,170958.8,148
2470.7,139322.0,25597.0,26427.0,43649.0,43649.0,85451.1,74465.4,32781.4,31549.2,0.0,85507.6,73777.3,34737.0,88513.8,37505.7,126703.4,89244.0,128652.3,170958.8,148
2471.8,139322.0,25597.0,26427.0,43649.0,43649.0,85451.1,74465.4,32781.4,31549.2,0.0,85507.6,73777.3,34776.5,88513.7,37546.8,126744.4,89202.9,128652.3,170958.8,148
2472.9,139322.0,25597.0,26427.0,43649.0,43649.0,85451.1,74465.4,32781.4,31549.2,0.0,85563.2,73777.3,34755.3,88570.3,37524.5,126778.7,89225.1,128652.3,171014.3,148
2474.0,139322.0,25597.0,26427.0,43649.0,43649.0,85451.1,74465.4,32781.4,31549.2,0.0,85563.2,73914.8,34776.1,88570.3,37544.0,126798.3,89205.6,128652.3,171014.3,148
2476.7,139322.0,25597.0,26427.0,43649.0,43649.0,85451.1,74465.4,32781.4,31549.2,0.0,85563.3,73914.8,34776.8,88570.3,37551.1,126805.5,89198.5,128652.3,171014.4,148
2477.8,139322.0,25597.0,26427.0,43649.0,43649.0,85451.1,74465.4,32781.4,31549.2,0.0,85504.5,73914.8,34775.2,88511.5,37543.7,126739.0,89206.1,128652.3,170955.6,148
2479.0,139322.0,25597.0,26427.0,43649.0,43649.0,85451.1,74465.4,32781.4,31549.2,0.0,85521.6,73914.8,34775.2,88533.1,37554.3,126771.2,89195.5,128652.3,170972.7,148
2480.1,139322.0,25597.0,26427.0,43649.0,43649.0,85451.1,74465.4,32781.4,31549.2,0.0,85579.2,73914.8,34735.4,88589.8,37508.6,126782.2,89241.1,128652.3,171030.3,148
2481.2,139322.0,25597.0,26427.0,43649.0,43649.0,85450.9,74465.4,32781.4,31549.2,0.0,85589.8,73914.8,34736.0,88600.9,37512.0,126796.8,89237.6,128652.3,171040.7,148
2482.3,139322.0,25597.0,26427.0,43649.0,43649.0,85450.5,74465.4,32781.4,31549.2,0.0,85459.5,73914.8,34774.1,88471.8,37555.2,126710.5,89194.9,128652.3,170910.0,148
2483.4,139322.0,25597.0,26427.0,43649.0,43649.0,85450.5,74465.4,32781.4,31549.2,0.0,85535.9,73914.8,34774.1,88548.7,37551.4,126783.8,89198.6,128652.3,170986.4,148
2484.5,139322.0,25597.0,26427.0,43649.0,43649.0,85450.5,74465.4,32781.4,31549.2,0.0,85537.7,74444.1,34735.3,88551.6,37507.8,126743.1,89242.2,128652.3,170988.2,148
2487.2,139322.0,25597.0,26427.0,43649.0,43649.0,85450.2,74465.4,32781.4,31549.2,0.0,85479.9,74444.1,34774.8,88496.1,37548.2,126727.9,89201.8,128652.3,170930.2,148
2488.3,139322.0,25597.0,26427.0,43649.0,43649.0,85450.2,74465.4,32781.4,31549.2,0.0,85491.9,74444.1,34774.1,88508.5,37547.3,126739.3,89202.7,128652.3,170942.1,148
2489.4,139322.0,25597.0,26427.0,43649.0,43649.0,85450.2,74465.4,32781.4,31549.2,0.0,85501.3,74444.1,34735.7,88518.1,37508.7,126710.4,89241.4,128652.3,170951.5,148
2490.5,139322.0,25597.0,26427.0,43649.0,43649.0,85450.2,74465.4,32781.4,31549.2,0.0,85509.1,74444.1,34734.8,88526.0,37508.5,126718.2,89241.5,128652.3,170959.3,148
2491.6,139322.0,25597.0,26427.0,43649.0,43649.0,85450.2,74465.4,32781.4,31549.2,0.0,85522.7,74444.1,34774.0,88539.9,37546.8,126770.4,89203.1,128652.3,170973.0,148
2492.8,139322.0,25597.0,26427.0,43649.0,43649.0,85450.0,74465.4,32781.4,31549.2,0.0,85545.7,74444.1,34774.8,88563.1,37547.9,126794.6,89202.1,128652.3,170995.7,148
2493.9,139322.0,25597.0,26427.0,43649.0,43649.0,85449.9,74465.4,32781.4,31549.2,0.0,85458.0,74444.1,34773.4,88475.1,37544.0,126702.6,89206.1,128652.3,170907.9,148
2495.0,139322.0,25597.0,26427.0,43649.0,43649.0,85449.9,74465.4,32781.4,31549.2,0.0,85467.4,74788.3,34733.3,88487.3,37498.6,126669.4,89251.5,128652.3,170917.3,148
2497.7,139322.0,25597.0,26427.0,43649.0,43649.0,85449.9,74465.4,32781.4,31549.2,0.0,85411.6,74788.3,34773.6,88431.6,37538.5,126653.5,89211.8,128652.3,170861.5,148
2498.8,139322.0,25597.0,26427.0,43649.0,43649.0,85449.9,74465.4,32781.4,31549.2,0.0,85411.6,74788.3,34773.2,88433.2,37541.8,126658.3,89208.5,128652.3,170861.5,148
2499.9,139322.0,25597.0,26427.0,43649.0,43649.0,85449.9,74465.4,32781.4,31549.2,0.0,85411.9,74788.3,34733.8,88433.5,37506.1,126623.0,89244.2,128652.3,170861.8,148
2501.0,139322.0,25597.0,26427.0,43649.0,43649.0,85449.9,74465.4,32781.4,31549.2,0.0,85488.2,74788.3,34733.3,88512.4,37515.2,126711.0,89234.9,128652.3,170938.1,148
2502.2,139322.0,25597.0,26427.0,43649.0,43649.0,85449.9,74465.4,32781.4,31549.2,0.0,85538.0,74788.3,34772.9,88562.1,37548.0,126793.7,89202.0,128652.3,170987.9,148
2503.3,139322.0,25597.0,26427.0,43649.0,43649.0,85449.4,74465.4,32781.3,31549.2,0.0,85575.2,74788.3,34772.8,88600.3,37546.3,126830.2,89203.7,128652.3,171024.6,148
2504.5,139322.0,25597.0,26427.0,43649.0,43649.0,85449.4,74465.4,32781.4,31549.2,0.0,85430.7,74788.3,34732.0,88455.7,37515.0,126654.1,89235.2,128652.3,170880.1,148
2505.6,139322.0,25597.0,26427.0,43649.0,43649.0,85449.4,74465.4,32781.4,31549.2,0.0,85430.8,75039.4,34731.9,88458.0,37515.9,126657.3,89234.3,128652.3,170880.2,148
2508.2,139322.0,25597.0,26427.0,43649.0,43649.0,85449.4,74465.4,32781.3,31549.2,0.0,85534.2,75039.4,34771.3,88562.4,37554.3,126800.3,89195.7,128652.3,170983.6,148
2509.3,139322.0,25597.0,26427.0,43649.0,43649.0,85449.4,74465.4,32781.4,31549.2,0.0,85561.4,75039.4,34771.7,88591.4,37553.1,126828.1,89196.9,128652.3,171010.8,148
2510.5,139322.0,25597.0,26427.0,43649.0,43649.0,85449.4,74465.4,32781.4,31549.2,0.0,85561.5,75039.4,34731.9,88591.7,37512.4,126787.7,89237.6,128652.3,171010.8,148
2511.6,139322.0,25597.0,26427.0,43649.0,43649.0,85449.1,74465.4,32781.3,31549.2,0.0,85363.8,75039.4,34769.1,88392.8,37536.2,126612.2,89214.2,128652.3,170812.9,148
2512.7,139322.0,25597.0,26427.0,43649.0,43649.0,85449.1,74465.4,32781.3,31549.2,0.0,85431.1,75039.4,34769.7,88460.9,37544.8,126689.0,89205.4,128652.3,170880.2,148
2513.8,139322.0,25597.0,26427.0,43649.0,43649.0,85449.1,74465.4,32781.3,31549.2,0.0,85439.3,75039.4,34769.8,88470.9,37548.2,126702.5,89202.0,128652.3,170888.5,148
2514.9,139322.0,25597.0,26427.0,43649.0,43649.0,85449.1,74465.4,32781.3,31549.2,0.0,85449.8,75039.4,34730.0,88481.6,37507.5,126672.4,89242.7,128652.3,170899.0,148
2516.0,139322.0,25597.0,26427.0,43649.0,43649.0,85449.1,74465.4,32781.3,31549.2,0.0,85516.6,75378.6,34730.0,88550.4,37507.6,126741.4,89242.6,128652.3,170965.7,148
2518.7,139322.0,25597.0,26427.0,43649.0,43649.0,85448.6,74465.4,32781.3,31549.2,0.0,85328.1,75378.6,34768.7,88362.0,37552.1,126597.4,89198.2,128652.3,170776.7,148
2519.8,139322.0,25597.0,26427.0,43649.0,43649.0,85448.6,74465.4,32781.3,31549.2,0.0,85331.2,75378.6,34728.9,88364.9,37516.4,126564.5,89234.0,128652.3,170779.8,148
2520.9,139322.0,25597.0,26427.0,43649.0,43649.0,85448.6,74465.4,32781.3,31549.2,0.0,85398.0,75378.6,34728.4,88432.8,37517.8,126633.9,89232.5,128652.3,170846.6,148
2522.0,139322.0,25597.0,26427.0,43649.0,43649.0,85448.6,74465.4,32781.3,31549.2,0.0,85503.3,75378.6,34768.0,88540.3,37558.4,126782.2,89191.7,128652.3,170951.9,148
2523.1,139322.0,25597.0,26427.0,43649.0,43649.0,85448.6,74465.4,32781.3,31549.2,0.0,85503.6,75378.6,34767.8,88540.8,37560.0,126784.3,89190.1,128652.3,170952.2,148
2524.2,139322.0,25597.0,26427.0,43649.0,43649.0,85448.6,74465.4,32781.3,31549.2,0.0,85503.6,75378.6,34768.2,88540.8,37559.8,126784.2,89190.3,128652.3,170952.2,148
2525.3,139322.0,25597.0,26427.0,43649.0,43649.0,85448.6,74465.4,32781.3,31549.2,0.0,85503.6,75378.6,34728.4,88540.9,37519.9,126744.3,89230.2,128652.3,170952.2,148
2526.4,139322.0,25597.0,26427.0,43649.0,43649.0,85448.6,74465.4,32781.3,31549.2,0.0,85512.9,75657.5,34764.1,88550.1,37557.0,126790.6,89193.1,128652.3,170961.5,148
2529.1,139322.0,25597.0,26427.0,43649.0,43649.0,85448.6,74465.4,32781.3,31549.2,0.0,85376.2,75657.5,34767.2,88414.9,37551.4,126649.7,89198.8,128652.3,170824.8,148
2530.2,139322.0,25597.0,26427.0,43649.0,43649.0,85448.6,74465.4,32781.3,31549.2,0.0,85385.7,75657.5,34726.9,88424.5,37510.3,126618.2,89239.9,128652.3,170834.3,148
2531.4,139322.0,25597.0,26427.0,43649.0,43649.0,85448.6,74465.4,32781.3,31549.2,0.0,85538.0,75657.5,34766.3,88579.8,37551.9,126815.5,89197.9,128652.3,170986.6,148
2532.5,139322.0,25597.0,26427.0,43649.0,43649.0,85448.5,74465.4,32781.3,31549.2,0.0,85538.1,75657.5,34766.9,88580.0,37552.6,126816.3,89197.3,128652.3,170986.6,148
2533.7,139322.0,25597.0,26427.0,43649.0,43649.0,85448.4,74465.4,32781.3,31549.2,0.0,85490.1,75657.5,34766.8,88531.2,37541.3,126756.2,89208.6,128652.3,170938.5,148
2534.7,139322.0,25597.0,26427.0,43649.0,43649.0,85448.4,74465.4,32781.3,31549.2,0.0,85490.2,75657.5,34727.9,88533.4,37506.5,126723.6,89243.4,128652.3,170938.5,148
2535.9,139322.0,25597.0,26427.0,43649.0,43649.0,85448.4,74465.4,32781.3,31549.2,0.0,85490.2,75657.5,34727.0,88533.5,37508.4,126725.6,89241.5,128652.3,170938.5,148
2537.0,139322.0,25597.0,26427.0,43649.0,43649.0,85448.3,74465.4,32781.3,31549.2,0.0,85536.0,76148.4,34766.3,88579.8,37547.1,126810.7,89202.7,128652.3,170984.3,148
2539.7,139322.0,25597.0,26427.0,43649.0,43649.0,85380.7,74398.1,32713.9,31481.9,0.0,85440.2,76148.4,34658.9,88490.1,37439.4,126613.1,89310.6,128652.3,170820.9,148
2540.8,139322.0,25597.0,26427.0,43649.0,43649.0,85380.7,74398.1,32713.9,31481.9,0.0,85440.3,76148.4,34658.1,88490.2,37440.5,126614.4,89309.4,128652.3,170821.0,148
2542.0,139322.0,25597.0,26427.0,43649.0,43649.0,85380.7,74398.1,32713.9,31481.9,0.0,85440.4,76148.4,34697.6,88490.3,37478.0,126651.9,89271.9,128652.3,170821.1,148
2543.1,139322.0,25597.0,26427.0,43649.0,43649.0,85382.5,74399.9,32715.8,31483.8,0.0,85520.6,76148.4,34698.9,88574.7,37492.9,126751.4,89256.9,128652.3,170903.1,148
2544.2,139322.0,25597.0,26427.0,43649.0,43649.0,85382.5,74399.9,32715.8,31483.8,0.0,85521.3,76148.4,34699.9,88573.8,37476.9,126734.4,89272.9,128652.3,170903.9,148
2545.3,139322.0,25597.0,26427.0,43649.0,43649.0,85382.5,74399.9,32715.8,31483.8,0.0,85524.8,76148.4,34660.3,88577.3,37432.8,126693.9,89317.0,128652.3,170907.4,148
2546.4,139322.0,25597.0,26427.0,43649.0,43649.0,85382.5,74399.9,32715.8,31483.8,0.0,85612.5,76148.4,34699.4,88668.2,37478.1,126830.2,89271.6,128652.3,170995.0,148
2547.6,139322.0,25597.0,26427.0,43649.0,43649.0,85382.0,74399.9,32715.8,31483.8,0.0,85612.5,76417.7,34699.4,88667.8,37479.4,126831.1,89270.3,128652.3,170994.5,148
2550.4,139322.0,25597.0,26427.0,43649.0,43649.0,85381.9,74399.9,32715.8,31483.8,0.0,85446.2,76417.7,34658.7,88501.5,37430.7,126615.8,89319.2,128652.3,170828.1,148
2551.5,139322.0,25597.0,26427.0,43649.0,43649.0,85381.9,74399.9,32715.7,31483.8,0.0,85482.0,76417.7,34697.5,88539.0,37472.4,126695.1,89277.5,128652.3,170863.9,148
2552.6,139322.0,25597.0,26427.0,43649.0,43649.0,85381.9,74399.9,32715.8,31483.8,0.0,85548.8,76417.7,34698.3,88607.0,37472.9,126763.7,89276.8,128652.3,170930.7,148
2553.7,139322.0,25597.0,26427.0,43649.0,43649.0,85381.9,74399.9,32715.8,31483.8,0.0,85568.0,76417.7,34698.8,88625.6,37473.5,126783.0,89276.2,128652.3,170949.9,148
2554.9,139322.0,25597.0,26427.0,43649.0,43649.0,85381.9,74399.9,32715.8,31483.8,0.0,85579.9,76417.7,34658.4,88637.7,37432.8,126754.4,89316.9,128652.3,170961.8,148
2556.0,139322.0,25597.0,26427.0,43649.0,43649.0,85381.1,74399.9,32715.7,31483.8,0.0,85592.5,76417.7,34658.5,88650.2,37430.2,126764.3,89319.5,128652.3,170973.6,148
2557.1,139322.0,25597.0,26427.0,43649.0,43649.0,85380.7,74399.9,32715.7,31483.8,0.0,85419.0,76417.7,34697.2,88475.0,37462.4,126621.1,89287.5,128652.3,170799.7,148
2558.3,139322.0,25597.0,26427.0,43649.0,43649.0,85380.7,74399.9,32715.7,31483.8,0.0,85471.1,76679.0,34696.6,88533.3,37471.0,126688.0,89278.8,128652.3,170851.8,148
2561.0,139322.0,25597.0,26427.0,43649.0,43649.0,85380.7,74399.9,32715.7,31483.8,0.0,85502.3,76679.0,34657.6,88566.6,37427.1,126677.5,89322.7,128652.3,170883.1,148
2562.0,139322.0,25597.0,26427.0,43649.0,43649.0,85381.5,74400.7,32716.5,31484.5,0.0,85502.3,76679.0,34697.5,88564.4,37465.0,126713.2,89284.7,128652.3,170883.8,148
2563.2,139322.0,25597.0,26427.0,43649.0,43649.0,85381.5,74400.7,32716.5,31484.5,0.0,85575.7,76679.0,34697.3,88640.6,37473.8,126798.3,89275.9,128652.3,170957.2,148
2564.3,139322.0,25597.0,26427.0,43649.0,43649.0,85381.2,74400.7,32716.5,31484.5,0.0,85448.6,76679.0,34696.7,88511.8,37471.9,126667.4,89277.9,128652.3,170829.8,148
2565.4,139322.0,25597.0,26427.0,43649.0,43649.0,85381.2,74400.7,32716.5,31484.5,0.0,85516.3,76679.0,34656.8,88580.1,37423.3,126687.3,89326.4,128652.3,170897.5,148
2566.5,139322.0,25597.0,26427.0,43649.0,43649.0,85381.2,74400.7,32716.4,31484.5,0.0,85525.8,76679.0,34695.5,88590.1,37463.4,126737.3,89286.4,128652.3,170907.0,148
2567.6,139322.0,25597.0,26427.0,43649.0,43649.0,85381.2,74400.7,32716.5,31484.5,0.0,85535.1,76679.0,34696.4,88599.5,37463.6,126747.0,89286.1,128652.3,170916.3,148
2568.7,139322.0,25597.0,26427.0,43649.0,43649.0,85381.2,74400.7,32716.4,31484.5,0.0,85547.8,77012.8,34696.2,88612.4,37460.2,126756.5,89289.5,128652.3,170929.0,148
2571.4,139322.0,25597.0,26427.0,43649.0,43649.0,85381.2,74400.7,32716.5,31484.5,0.0,85587.5,77012.8,34696.3,88653.1,37464.3,126801.3,89285.3,128652.3,170968.7,148
2572.5,139322.0,25597.0,26427.0,43649.0,43649.0,85389.5,74409.0,32724.7,31492.8,0.0,85486.2,77012.8,34704.7,88552.0,37474.3,126710.2,89275.5,128652.3,170875.7,148
2573.6,139322.0,25597.0,26427.0,43649.0,43649.0,85389.5,74409.0,32724.8,31492.8,0.0,85570.2,77012.8,34704.6,88642.0,37479.8,126805.7,89269.9,128652.3,170959.8,148
2574.7,139322.0,25597.0,26427.0,43649.0,43649.0,85389.5,74409.0,32724.8,31492.8,0.0,85570.5,77012.8,34665.3,88639.6,37432.0,126755.6,89317.6,128652.3,170960.1,148
2575.8,139322.0,25597.0,26427.0,43649.0,43649.0,85389.5,74409.0,32724.8,31492.8,0.0,85570.6,77012.8,34664.9,88639.6,37432.8,126756.3,89316.9,128652.3,170960.1,148
2576.9,139322.0,25597.0,26427.0,43649.0,43649.0,85389.2,74409.0,32724.8,31492.8,0.0,85570.6,77012.8,34704.5,88639.6,37471.5,126795.0,89278.2,128652.3,170959.8,148
2578.1,139322.0,25597.0,26427.0,43649.0,43649.0,85336.4,74356.6,32672.3,31440.4,0.0,85414.4,77012.8,34743.6,88495.0,37521.3,126700.0,89228.6,128652.3,170750.8,148
2579.3,139322.0,25597.0,26427.0,43649.0,43649.0,85336.4,74356.6,32672.4,31440.4,0.0,85463.2,77405.2,34650.6,88539.1,37415.4,126638.4,89334.4,128652.3,170799.6,148
2582.0,139322.0,25597.0,26427.0,43649.0,43649.0,85336.4,74356.6,32672.4,31440.4,0.0,85577.6,77405.2,34650.8,88655.0,37419.0,126758.0,89330.5,128652.3,170914.0,148
2583.1,139322.0,25597.0,26427.0,43649.0,43649.0,85336.4,74356.6,32672.4,31440.4,0.0,85578.2,77405.2,34650.6,88655.8,37419.5,126759.4,89330.0,128652.3,170914.6,148
2584.2,139322.0,25597.0,26427.0,43649.0,43649.0,85337.6,74357.8,32673.6,31441.6,0.0,85660.9,77405.2,34651.6,88741.1,37418.4,126843.7,89331.0,128652.3,170998.5,148
2585.3,139322.0,25597.0,26427.0,43649.0,43649.0,85356.7,74377.2,32692.9,31461.0,0.0,85677.2,77405.2,34612.5,88758.1,37378.8,126821.2,89370.5,128652.3,171033.8,148
2586.3,139322.0,25597.0,26427.0,43649.0,43649.0,85371.6,74392.3,32708.0,31476.1,0.0,85483.0,77405.2,34667.5,88561.3,37438.4,126683.6,89311.2,128652.3,170854.6,148
2587.5,139322.0,25597.0,26427.0,43649.0,43649.0,85371.6,74392.3,32708.0,31476.1,0.0,85483.5,77405.2,34684.2,88561.8,37454.7,126700.5,89294.9,128652.3,170855.1,148
2588.6,139322.0,25597.0,26427.0,43649.0,43649.0,85371.6,74392.3,32708.0,31476.1,0.0,85579.9,77405.2,34684.2,88659.3,37455.0,126798.5,89294.4,128652.3,170951.6,148
2589.8,139322.0,25597.0,26427.0,43649.0,43649.0,85371.6,74392.3,32708.0,31476.1,0.0,85607.4,77736.6,34644.4,88687.2,37413.1,126784.5,89336.3,128652.3,170979.0,148
2592.5,139322.0,25597.0,26427.0,43649.0,43649.0,85371.6,74392.3,32708.0,31476.1,0.0,85428.8,77736.6,34682.8,88508.7,37451.9,126644.6,89297.6,128652.3,170800.4,148
2593.6,139322.0,25597.0,26427.0,43649.0,43649.0,85371.6,74392.3,32708.0,31476.1,0.0,85445.1,77736.6,34682.5,88525.5,37455.9,126665.5,89293.6,128652.3,170816.7,148
2594.7,139322.0,25597.0,26427.0,43649.0,43649.0,85392.4,74413.1,32728.8,31496.9,0.0,85503.5,77736.6,34663.8,88585.8,37438.7,126708.6,89310.8,128652.3,170895.9,148
2595.8,139322.0,25597.0,26427.0,43649.0,43649.0,85392.4,74413.1,32728.8,31496.9,0.0,85503.5,77736.6,34663.3,88585.9,37438.5,126708.5,89311.0,128652.3,170895.9,148
2597.0,139322.0,25597.0,26427.0,43649.0,43649.0,85392.4,74413.1,32728.8,31496.9,0.0,85582.8,77736.6,34702.9,88665.9,37481.1,126831.3,89268.2,128652.3,170975.2,148
2598.1,139322.0,25597.0,26427.0,43649.0,43649.0,85392.2,74413.1,32728.8,31496.9,0.0,85583.2,77736.6,34702.7,88666.3,37480.6,126831.1,89268.7,128652.3,170975.4,148
2599.2,139322.0,25597.0,26427.0,43649.0,43649.0,85392.0,74413.1,32728.8,31496.9,0.0,85426.9,77736.6,34701.3,88508.3,37474.7,126666.9,89274.9,128652.3,170818.8,148
2600.3,139322.0,25597.0,26427.0,43649.0,43649.0,85392.0,74413.1,32728.8,31496.9,0.0,85434.6,78063.4,34661.9,88517.8,37435.9,126637.8,89313.6,128652.3,170826.6,148
2603.0,139322.0,25597.0,26427.0,43649.0,43649.0,85392.0,74413.1,32728.8,31496.9,0.0,85551.2,78063.4,34662.4,88636.9,37437.6,126758.7,89311.8,128652.3,170943.2,148
2604.2,139322.0,25597.0,26427.0,43649.0,43649.0,85392.0,74413.1,32728.8,31496.9,0.0,85551.2,78063.4,34701.0,88636.9,37473.3,126794.5,89276.1,128652.3,170943.2,148
2605.3,139322.0,25597.0,26427.0,43649.0,43649.0,85392.0,74413.1,32728.8,31496.9,0.0,85551.4,78063.4,34661.5,88637.0,37435.3,126756.6,89314.1,128652.3,170943.3,148
2606.4,139322.0,25597.0,26427.0,43649.0,43649.0,85392.0,74413.1,32728.8,31496.9,0.0,85551.4,78063.4,34694.5,88637.0,37466.4,126787.6,89283.0,128652.3,170943.3,148
2607.5,139322.0,25597.0,26427.0,43649.0,43649.0,85392.0,74413.1,32728.8,31496.9,0.0,85589.1,78063.4,34701.3,88675.5,37470.0,126829.7,89279.4,128652.3,170981.1,148
2608.6,139322.0,25597.0,26427.0,43649.0,43649.0,85392.0,74413.1,32728.8,31496.9,0.0,85589.8,78063.4,34701.5,88676.3,37473.1,126833.7,89276.2,128652.3,170981.8,148
2609.7,139322.0,25597.0,26427.0,43649.0,43649.0,85392.0,74413.1,32728.8,31496.9,0.0,85590.3,78063.4,34662.0,88676.8,37437.4,126798.5,89311.9,128652.3,170982.3,148
2610.8,139322.0,25597.0,26427.0,43649.0,43649.0,85392.0,74413.1,32728.8,31496.9,0.0,85595.4,78168.8,34661.5,88682.5,37437.2,126804.0,89312.1,128652.3,170987.4,148
2613.5,139322.0,25597.0,26427.0,43649.0,43649.0,85391.8,74413.1,32728.8,31496.9,0.0,85450.4,78168.8,34701.4,88536.4,37471.5,126692.1,89278.0,128652.3,170842.2,148
2614.7,139322.0,25597.0,26427.0,43649.0,43649.0,85391.9,74413.1,32728.8,31496.9,0.0,85531.1,78168.8,34661.9,88619.3,37437.6,126741.1,89311.8,128652.3,170923.0,148
2615.8,139322.0,25597.0,26427.0,43649.0,43649.0,85350.2,74371.4,32687.2,31455.3,0.0,85520.3,78168.8,34619.8,88609.4,37395.1,126688.7,89354.3,128652.3,170870.5,148
2616.9,139322.0,25597.0,26427.0,43649.0,43649.0,85350.2,74371.4,32687.1,31455.3,0.0,85520.3,78168.8,34659.5,88611.7,37437.0,126733.0,89312.4,128652.3,170870.5,148
2618.0,139322.0,25597.0,26427.0,43649.0,43649.0,85350.2,74371.4,32687.1,31455.3,0.0,85546.8,78168.8,34626.2,88638.8,37398.4,126721.5,89350.9,128652.3,170897.1,148
2619.2,139322.0,25597.0,26427.0,43649.0,43649.0,85350.2,74371.4,32687.2,31455.3,0.0,85547.1,78168.8,34659.6,88639.8,37432.0,126756.1,89317.3,128652.3,170897.3,148
2620.3,139322.0,25597.0,26427.0,43649.0,43649.0,85350.2,74371.4,32687.2,31455.3,0.0,85547.1,78168.8,34620.3,88639.8,37396.0,126720.1,89353.3,128652.3,170897.4,148
2621.4,139322.0,25597.0,26427.0,43649.0,43649.0,85350.2,74371.4,32687.1,31455.3,0.0,85547.1,78607.7,34659.2,88639.8,37434.2,126758.3,89315.1,128652.3,170897.4,148
2624.1,139322.0,25597.0,26427.0,43649.0,43649.0,85349.9,74371.4,32687.1,31455.3,0.0,85452.6,78607.7,34658.3,88547.7,37427.3,126659.2,89322.1,128652.3,170802.5,148
2625.3,139322.0,25597.0,26427.0,43649.0,43649.0,85349.9,74371.4,32687.1,31455.3,0.0,85452.6,78607.7,34617.9,88548.0,37392.0,126624.3,89357.3,128652.3,170802.5,148
2626.4,139322.0,25597.0,26427.0,43649.0,43649.0,85349.9,74371.4,32687.1,31455.3,0.0,85452.6,78607.7,34656.9,88548.1,37431.1,126663.5,89318.2,128652.3,170802.5,148
2627.5,139322.0,25597.0,26427.0,43649.0,43649.0,85349.9,74371.4,32687.1,31455.3,0.0,85504.9,78607.7,34657.9,88604.2,37440.0,126728.6,89309.2,128652.3,170854.8,148
2628.6,139322.0,25597.0,26427.0,43649.0,43649.0,85349.9,74371.4,32687.1,31455.3,0.0,85504.9,78607.7,34657.8,88601.9,37436.5,126722.8,89312.7,128652.3,170854.8,148
2629.7,139322.0,25597.0,26427.0,43649.0,43649.0,85349.9,74371.4,32687.1,31455.3,0.0,85504.9,78607.7,34618.5,88601.9,37398.0,126684.3,89351.2,128652.3,170854.8,148
2630.8,139322.0,25597.0,26427.0,43649.0,43649.0,85349.9,74371.4,32687.1,31455.3,0.0,85504.9,78607.7,34618.0,88601.9,37398.2,126684.5,89351.1,128652.3,170854.8,148
2631.8,139322.0,25597.0,26427.0,43649.0,43649.0,85349.9,74371.4,32687.1,31455.3,0.0,85505.0,78709.3,34657.6,88602.0,37432.4,126718.8,89316.8,128652.3,170854.9,148
2634.6,139322.0,25597.0,26427.0,43649.0,43649.0,85349.9,74371.4,32687.1,31455.3,0.0,85586.3,78709.3,34658.3,88684.5,37438.4,126807.5,89310.7,128652.3,170936.1,148
2635.7,139322.0,25597.0,26427.0,43649.0,43649.0,85349.8,74371.4,32687.1,31455.3,0.0,85434.9,78709.3,34616.7,88533.8,37387.6,126605.7,89361.7,128652.3,170784.7,148
2636.8,139322.0,25597.0,26427.0,43649.0,43649.0,85349.8,74371.4,32687.1,31455.3,0.0,85434.9,78709.3,34656.1,88536.0,37429.7,126650.0,89319.6,128652.3,170784.7,148
2637.9,139322.0,25597.0,26427.0,43649.0,43649.0,85349.8,74371.4,32687.1,31455.3,0.0,85435.0,78709.3,34656.5,88536.1,37430.2,126650.6,89319.0,128652.3,170784.7,148
2639.0,139322.0,25597.0,26427.0,43649.0,43649.0,85349.8,74371.4,32687.1,31455.3,0.0,85498.7,78709.3,34656.7,88600.7,37428.9,126714.0,89320.3,128652.3,170848.5,148
2640.1,139322.0,25597.0,26427.0,43649.0,43649.0,85349.8,74371.4,32687.1,31455.3,0.0,85502.5,78709.3,34616.8,88604.6,37389.1,126678.1,89360.1,128652.3,170852.3,148
2641.2,139322.0,25597.0,26427.0,43649.0,43649.0,85366.5,74388.9,32704.5,31472.7,0.0,85570.8,78709.3,34618.7,88679.0,37407.0,126770.5,89342.1,128652.3,170937.3,148
2642.3,139322.0,25597.0,26427.0,43649.0,43649.0,85319.4,74342.0,32657.6,31425.8,0.0,85330.2,79258.5,34625.8,88433.2,37399.2,126516.6,89350.2,128652.3,170649.6,148
2645.2,139322.0,25597.0,26427.0,43649.0,43649.0,85357.0,74380.5,32696.1,31464.3,0.0,85441.8,79258.5,34624.8,88551.6,37405.7,126641.7,89343.5,128652.3,170798.7,148
2646.3,139322.0,25597.0,26427.0,43649.0,43649.0,85357.0,74380.5,32696.1,31464.3,0.0,85441.8,79258.5,34633.7,88551.9,37416.1,126652.3,89333.1,128652.3,170798.7,148
2647.4,139322.0,25597.0,26427.0,43649.0,43649.0,85357.0,74380.5,32696.1,31464.3,0.0,85441.8,79258.5,34664.1,88551.9,37446.2,126682.5,89303.0,128652.3,170798.8,148
2648.5,139322.0,25597.0,26427.0,43649.0,43649.0,85357.0,74380.5,32696.1,31464.3,0.0,85441.8,79258.5,34664.6,88552.0,37449.4,126685.7,89299.8,128652.3,170798.8,148
2649.6,139322.0,25597.0,26427.0,43649.0,43649.0,85357.0,74380.5,32696.1,31464.3,0.0,85442.0,79258.5,34624.8,88552.1,37413.6,126650.1,89335.6,128652.3,170799.0,148
2650.7,139322.0,25597.0,26427.0,43649.0,43649.0,85357.0,74380.5,32696.1,31464.3,0.0,85442.0,79258.5,34624.3,88552.2,37413.0,126649.5,89336.2,128652.3,170799.0,148
2651.8,139322.0,25597.0,26427.0,43649.0,43649.0,85357.0,74380.5,32696.1,31464.3,0.0,85442.1,79258.5,34663.7,88550.8,37451.6,126686.9,89297.6,128652.3,170799.1,148
2652.9,139322.0,25597.0,26427.0,43649.0,43649.0,85357.0,74380.5,32696.1,31464.3,0.0,85442.1,79333.4,34624.8,88550.8,37409.9,126645.1,89339.3,128652.3,170799.1,148
2655.7,139322.0,25597.0,26427.0,43649.0,43649.0,85357.0,74380.5,32696.1,31464.3,0.0,85572.9,79333.4,34624.8,88684.4,37413.6,126782.6,89335.4,128652.3,170929.8,148
2656.8,139322.0,25597.0,26427.0,43649.0,43649.0,85357.0,74380.5,32696.1,31464.3,0.0,85572.9,79333.4,34663.9,88684.4,37452.5,126821.5,89296.5,128652.3,170929.8,148
2657.9,139322.0,25597.0,26427.0,43649.0,43649.0,85357.0,74380.5,32696.1,31464.3,0.0,85572.9,79333.4,34663.9,88684.3,37453.4,126822.3,89295.6,128652.3,170929.8,148
2659.0,139322.0,25597.0,26427.0,43649.0,43649.0,85360.1,74384.5,32700.0,31468.3,0.0,85371.8,79333.4,34662.7,88481.8,37443.1,126609.2,89306.2,128652.3,170731.9,148
2660.1,139322.0,25597.0,26427.0,43649.0,43649.0,85364.0,74388.4,32703.9,31472.2,0.0,85371.8,79333.4,34630.5,88482.9,37416.7,126583.9,89332.6,128652.3,170735.8,148
2661.2,139322.0,25597.0,26427.0,43649.0,43649.0,85364.0,74388.4,32703.9,31472.2,0.0,85372.6,79333.4,34630.6,88483.9,37417.5,126585.7,89331.8,128652.3,170736.6,148
2662.3,139322.0,25597.0,26427.0,43649.0,43649.0,85364.0,74388.4,32703.9,31472.2,0.0,85372.6,79333.4,34670.1,88483.9,37454.7,126623.0,89294.6,128652.3,170736.6,148
2663.4,139322.0,25597.0,26427.0,43649.0,43649.0,85367.1,74391.5,32707.0,31475.3,0.0,85456.8,79520.7,34672.9,88572.1,37454.7,126711.2,89294.5,128652.3,170823.9,148
2666.1,139322.0,25597.0,26427.0,43649.0,43649.0,85367.1,74391.5,32707.0,31475.3,0.0,85457.2,79520.7,34633.7,88572.8,37417.9,126675.1,89331.2,128652.3,170824.4,148
2667.2,139322.0,25597.0,26427.0,43649.0,43649.0,85367.1,74391.5,32707.0,31475.3,0.0,85457.2,79520.7,34673.3,88572.7,37455.0,126712.2,89294.2,128652.3,170824.4,148
2668.3,139322.0,25597.0,26427.0,43649.0,43649.0,85367.1,74391.5,32707.0,31475.3,0.0,85538.8,79520.7,34673.1,88655.3,37462.5,126802.3,89286.5,128652.3,170905.9,148
2669.4,139322.0,25597.0,26427.0,43649.0,43649.0,85367.1,74391.5,32707.1,31475.3,0.0,85538.9,79520.7,34673.3,88655.0,37460.4,126800.0,89288.6,128652.3,170906.0,148
2670.4,139322.0,25597.0,26427.0,43649.0,43649.0,85367.1,74391.5,32707.1,31475.3,0.0,85538.9,79520.7,34633.5,88655.1,37420.2,126759.8,89328.9,128652.3,170906.1,148
2671.5,139322.0,25597.0,26427.0,43649.0,43649.0,85367.1,74391.5,32707.0,31475.3,0.0,85539.0,79520.7,34672.6,88655.1,37461.1,126800.8,89287.9,128652.3,170906.1,148
2672.6,139322.0,25597.0,26427.0,43649.0,43649.0,85367.1,74391.5,32707.0,31475.3,0.0,85539.1,79520.7,34673.0,88655.2,37458.1,126797.8,89291.0,128652.3,170906.2,148
2673.6,139322.0,25597.0,26427.0,43649.0,43649.0,85367.1,74391.5,32707.0,31475.3,0.0,85539.1,79715.7,34673.0,88655.2,37453.3,126793.0,89295.8,128652.3,170906.2,148
2676.4,139322.0,25597.0,26427.0,43649.0,43649.0,85367.1,74391.5,32707.0,31475.3,0.0,85459.1,79715.7,34673.0,88579.0,37446.1,126709.5,89303.1,128652.3,170826.1,148
2677.5,139322.0,25597.0,26427.0,43649.0,43649.0,85387.5,74411.9,32727.4,31495.7,0.0,85459.1,79715.7,34673.0,88579.2,37447.5,126711.1,89301.7,128652.3,170846.6,148
2678.6,139322.0,25597.0,26427.0,43649.0,43649.0,85399.1,74423.5,32739.0,31507.3,0.0,85544.3,79715.7,34704.0,88665.4,37479.4,126829.3,89269.7,128652.3,170943.3,148
2679.6,139322.0,25597.0,26427.0,43649.0,43649.0,85399.1,74423.5,32739.1,31507.3,0.0,85544.9,79715.7,34704.9,88666.2,37479.7,126830.4,89269.4,128652.3,170943.9,148
2680.7,139322.0,25597.0,26427.0,43649.0,43649.0,85399.1,74423.5,32739.0,31507.3,0.0,85544.9,79715.7,34665.1,88666.2,37439.2,126789.9,89309.8,128652.3,170943.9,148
2681.8,139322.0,25597.0,26427.0,43649.0,43649.0,85399.1,74423.5,32739.0,31507.3,0.0,85544.9,79715.7,34704.5,88666.1,37479.1,126829.7,89270.0,128652.3,170943.9,148
2682.9,139322.0,25597.0,26427.0,43649.0,43649.0,85399.1,74423.5,32739.0,31507.3,0.0,85544.9,79715.7,34705.0,88666.1,37481.2,126831.8,89267.8,128652.3,170943.9,148
2684.0,139322.0,25597.0,26427.0,43649.0,43649.0,85399.1,74423.5,32739.0,31507.3,0.0,85544.9,79804.4,34705.0,88666.1,37478.9,126829.6,89270.1,128652.3,170944.0,148
2686.7,139322.0,25597.0,26427.0,43649.0,43649.0,85398.8,74423.5,32739.0,31507.3,0.0,85303.7,79804.4,34703.8,88419.7,37473.9,126577.9,89275.4,128652.3,170702.5,148
2687.8,139322.0,25597.0,26427.0,43649.0,43649.0,85398.8,74423.5,32739.0,31507.3,0.0,85303.7,79804.4,34703.4,88419.7,37474.1,126578.0,89275.3,128652.3,170702.5,148
2688.9,139322.0,25597.0,26427.0,43649.0,43649.0,85398.8,74423.5,32739.0,31507.3,0.0,85303.7,79804.4,34703.7,88421.0,37476.9,126582.2,89272.4,128652.3,170702.5,148
2690.0,139322.0,25597.0,26427.0,43649.0,43649.0,85398.8,74423.5,32739.0,31507.3,0.0,85303.8,79804.4,34664.8,88421.0,37440.6,126545.9,89308.8,128652.3,170702.5,148
2691.1,139322.0,25597.0,26427.0,43649.0,43649.0,85398.8,74423.5,32739.0,31507.3,0.0,85303.8,79804.4,34663.8,88421.0,37439.6,126544.9,89309.7,128652.3,170702.5,148
2692.2,139322.0,25597.0,26427.0,43649.0,43649.0,85407.4,74432.1,32747.7,31515.9,0.0,85370.7,79804.4,34711.6,88490.2,37489.3,126663.9,89259.9,128652.3,170778.1,148
2693.3,139322.0,25597.0,26427.0,43649.0,43649.0,85407.4,74432.1,32747.7,31515.9,0.0,85371.1,79804.4,34712.3,88490.0,37484.3,126658.6,89265.0,128652.3,170778.5,148
2694.4,139322.0,25597.0,26427.0,43649.0,43649.0,85407.4,74432.1,32747.7,31515.9,0.0,85371.1,79926.2,34711.8,88490.1,37485.6,126659.9,89263.7,128652.3,170778.5,148
2697.2,139322.0,25597.0,26427.0,43649.0,43649.0,85407.4,74432.1,32747.7,31515.9,0.0,85428.9,79926.2,34712.8,88549.0,37481.4,126714.8,89267.8,128652.3,170836.3,148
2698.3,139322.0,25597.0,26427.0,43649.0,43649.0,85407.4,74432.1,32747.7,31515.9,0.0,85441.2,79926.2,34712.0,88561.3,37481.5,126727.3,89267.6,128652.3,170848.6,148
2699.4,139322.0,25597.0,26427.0,43649.0,43649.0,85407.4,74432.1,32747.7,31515.9,0.0,85442.3,79926.2,34712.7,88562.6,37480.6,126727.6,89268.6,128652.3,170849.7,148
2700.6,139322.0,25597.0,26427.0,43649.0,43649.0,85407.4,74432.1,32747.7,31515.9,0.0,85442.8,79926.2,34672.5,88563.1,37443.8,126691.3,89305.4,128652.3,170850.2,148
2701.7,139322.0,25597.0,26427.0,43649.0,43649.0,85407.4,74432.1,32747.6,31515.9,0.0,85443.7,79926.2,34712.1,88564.0,37483.5,126732.0,89265.6,128652.3,170851.1,148
2702.8,139322.0,25597.0,26427.0,43649.0,43649.0,85407.4,74432.1,32747.6,31515.9,0.0,85448.3,79926.2,34712.3,88568.7,37480.1,126733.2,89269.1,128652.3,170855.7,148
2703.9,139322.0,25597.0,26427.0,43649.0,43649.0,85407.4,74432.1,32747.6,31515.9,0.0,85452.7,79926.2,34711.9,88573.1,37480.4,126738.0,89268.7,128652.3,170860.1,148
2705.0,139322.0,25597.0,26427.0,43649.0,43649.0,85407.4,74432.1,32747.7,31515.9,0.0,85460.2,79967.6,34672.5,88580.8,37438.7,126704.0,89310.4,128652.3,170867.6,148
2707.8,139322.0,25597.0,26427.0,43649.0,43649.0,85407.4,74432.1,32747.6,31515.9,0.0,85469.9,79967.6,34713.4,88590.7,37477.5,126752.6,89271.6,128652.3,170877.3,148
2709.0,139322.0,25597.0,26427.0,43649.0,43649.0,85407.4,74432.1,32747.7,31515.9,0.0,85474.1,79967.6,34711.9,88595.0,37480.5,126760.0,89268.6,128652.3,170881.5,148
2710.1,139322.0,25597.0,26427.0,43649.0,43649.0,85407.4,74432.1,32747.7,31515.9,0.0,85479.5,79967.6,34672.5,88600.4,37442.6,126727.6,89306.4,128652.3,170886.9,148
2711.2,139322.0,25597.0,26427.0,43649.0,43649.0,85407.4,74432.1,32747.7,31515.9,0.0,85483.4,79967.6,34672.5,88604.4,37439.2,126728.1,89309.8,128652.3,170890.8,148
2712.3,139322.0,25597.0,26427.0,43649.0,43649.0,85407.4,74432.1,32747.7,31515.9,0.0,85489.5,79967.6,34712.3,88610.5,37476.7,126771.8,89272.4,128652.3,170896.9,148
2713.4,139322.0,25597.0,26427.0,43649.0,43649.0,85374.9,74399.7,32715.2,31483.5,0.0,85524.6,79967.6,34712.6,88646.3,37482.8,126813.7,89266.2,128652.3,170899.5,148
2714.5,139322.0,25597.0,26427.0,43649.0,43649.0,85359.4,74384.1,32699.7,31468.0,0.0,81693.4,79967.6,34664.3,84812.5,37411.1,122908.1,89337.9,128652.3,167052.8,148
2715.6,139322.0,25597.0,26427.0,43649.0,43649.0,85359.4,74384.1,32699.7,31468.0,0.0,81693.6,80032.1,34624.4,84814.9,37378.5,122878.0,89370.5,128652.3,167053.0,148
2718.4,139322.0,25597.0,26427.0,43649.0,43649.0,85359.4,74384.1,32699.7,31468.0,0.0,81698.0,80032.1,34664.6,84819.4,37421.7,122925.7,89327.3,128652.3,167057.4,148
2719.5,139322.0,25597.0,26427.0,43649.0,43649.0,85359.4,74384.1,32699.7,31468.0,0.0,81698.6,80032.1,34664.3,84820.0,37422.6,122927.2,89326.4,128652.3,167058.0,148
2720.7,139322.0,25597.0,26427.0,43649.0,43649.0,85359.4,74384.1,32699.7,31468.0,0.0,81699.3,80032.1,34624.5,84820.7,37387.5,122892.7,89361.5,128652.3,167058.7,148
2721.8,139322.0,25597.0,26427.0,43649.0,43649.0,85359.4,74384.1,32699.7,31468.0,0.0,81699.6,80032.1,34664.1,84821.0,37426.1,122931.7,89322.9,128652.3,167059.1,148
2722.9,139322.0,25597.0,26427.0,43649.0,43649.0,85359.4,74384.1,32699.7,31468.0,0.0,81699.6,80032.1,34664.2,84821.0,37424.0,122929.6,89325.0,128652.3,167059.1,148
2724.0,139322.0,25597.0,26427.0,43649.0,43649.0,85359.4,74384.1,32699.7,31468.0,0.0,81699.6,80032.1,34664.2,84821.0,37423.8,122929.4,89325.2,128652.3,167059.1,148
2725.1,139322.0,25597.0,26427.0,43649.0,43649.0,85409.4,74434.1,32749.7,31517.9,0.0,81780.4,80032.1,34667.4,84906.2,37447.2,123038.2,89301.7,128652.3,167189.7,148
2726.2,139322.0,25597.0,26427.0,43649.0,43649.0,85360.3,74385.0,32700.6,31468.9,0.0,81798.6,80134.1,34625.2,84922.6,37390.6,122998.0,89358.2,128652.3,167158.9,148
2729.0,139322.0,25597.0,26427.0,43649.0,43649.0,85360.3,74385.0,32700.6,31468.9,0.0,81799.2,80134.1,34665.4,84923.2,37432.7,123040.7,89316.1,128652.3,167159.5,148
2730.1,139322.0,25597.0,26427.0,43649.0,43649.0,85360.3,74385.0,32700.6,31468.9,0.0,81800.2,80134.1,34625.2,84924.3,37396.0,123005.1,89352.8,128652.3,167160.5,148
2731.2,139322.0,25597.0,26427.0,43649.0,43649.0,85360.3,74385.0,32700.6,31468.9,0.0,81800.6,80134.1,34625.2,84924.7,37393.7,123003.2,89355.1,128652.3,167160.9,148
2732.3,139322.0,25597.0,26427.0,43649.0,43649.0,85360.3,74385.0,32700.6,31468.9,0.0,81801.6,80134.1,34664.5,84925.7,37433.3,123043.8,89315.5,128652.3,167161.9,148
2733.4,139322.0,25597.0,26427.0,43649.0,43649.0,85360.3,74385.0,32700.6,31468.9,0.0,81803.2,80134.1,34664.7,84927.4,37433.9,123046.1,89314.9,128652.3,167163.6,148
