elapsed_s,gpu_hbm_mb,gpu0_hbm_mb,gpu1_hbm_mb,gpu2_hbm_mb,gpu3_hbm_mb,proc_rss_mb,proc_anon_mb,proc_pss_mb,proc_pss_anon_mb,proc_locked_mb,file_cache_mb,hicache_dir_mb,anonpages_mb,reclaimable_mb,nonreclaimable_mb,mem_used_mb,mem_avail_mb,mem_total_mb,rss_plus_cache_mb,n_pids
0.0,151466.0,32669.0,32667.0,43065.0,43065.0,66910.0,55882.6,14196.8,12972.6,0.0,60813.3,0.0,16564.2,62316.3,18495.7,81912.0,107837.8,128652.3,127723.2,148
1.0,151466.0,32669.0,32667.0,43065.0,43065.0,66910.2,55882.9,14197.0,12972.8,0.0,60813.3,0.0,17411.4,62316.3,19346.4,82762.7,106987.1,128652.3,127723.5,148
2.0,151474.0,32675.0,32669.0,43065.0,43065.0,66910.2,55882.9,14197.0,12972.8,0.0,60813.3,0.0,18001.3,62316.3,19941.5,83357.9,106392.0,128652.3,127723.5,148
3.0,151474.0,32675.0,32669.0,43065.0,43065.0,66929.9,55898.8,14213.6,12988.8,0.0,60813.4,0.0,17241.3,62315.9,19212.2,82628.2,107121.3,128652.3,127743.3,148
4.0,151474.0,32675.0,32669.0,43065.0,43065.0,66930.4,55898.8,14214.0,12988.8,0.0,60813.6,0.0,17236.4,62315.6,19185.7,82601.4,107147.8,128652.3,127744.0,148
5.0,151474.0,32675.0,32669.0,43065.0,43065.0,66930.6,55898.9,14214.1,12988.9,0.0,60813.7,0.0,17237.0,62315.7,19186.4,82602.2,107147.1,128652.3,127744.3,148
6.0,151474.0,32675.0,32669.0,43065.0,43065.0,66931.7,55900.0,14215.2,12990.0,0.0,60813.8,0.0,17235.6,62315.8,19188.5,82604.4,107145.0,128652.3,127745.5,148
7.0,151474.0,32675.0,32669.0,43065.0,43065.0,66931.7,55900.0,14215.2,12990.0,0.0,60813.8,0.0,17235.7,62315.8,19189.5,82605.4,107144.0,128652.3,127745.5,148
8.0,151514.0,32715.0,32669.0,43065.0,43065.0,66934.7,55902.9,14218.2,12992.9,0.0,60813.8,0.0,17235.7,62315.8,19189.7,82605.6,107143.9,128652.3,127748.5,148
9.0,151514.0,32715.0,32669.0,43065.0,43065.0,66935.4,55903.7,14218.9,12993.6,0.0,60813.8,0.0,17239.4,62315.8,19195.0,82610.9,107138.5,128652.3,127749.2,148
10.0,151514.0,32715.0,32669.0,43065.0,43065.0,66935.4,55903.7,14218.9,12993.6,0.0,60813.8,0.0,17239.4,62315.8,19193.3,82609.2,107140.2,128652.3,127749.2,148
11.0,151514.0,32715.0,32669.0,43065.0,43065.0,66935.7,55903.9,14219.2,12993.9,0.0,60813.8,0.0,17239.8,62315.8,19192.4,82608.3,107141.1,128652.3,127749.5,148
12.0,151514.0,32715.0,32669.0,43065.0,43065.0,66935.7,55903.9,14219.2,12993.9,0.0,60813.8,0.0,17239.8,62315.8,19193.0,82608.9,107140.5,128652.3,127749.5,148
13.0,151514.0,32715.0,32669.0,43065.0,43065.0,66935.9,55904.0,14219.3,12994.0,0.0,60813.8,0.0,17239.8,62315.8,19195.4,82611.3,107138.1,128652.3,127749.7,148
14.0,151514.0,32715.0,32669.0,43065.0,43065.0,66935.9,55904.0,14219.3,12994.0,0.0,60814.0,0.0,17239.9,62315.9,19197.6,82613.6,107136.0,128652.3,127749.8,148
15.0,151570.0,32715.0,32725.0,43065.0,43065.0,66935.9,55904.0,14219.3,12994.0,0.0,60814.0,0.0,17241.0,62315.9,19198.1,82614.2,107135.4,128652.3,127749.9,148
16.0,151570.0,32715.0,32725.0,43065.0,43065.0,66941.3,55909.3,14224.5,12999.2,0.0,60814.0,0.0,17244.7,62316.0,19201.8,82617.9,107131.7,128652.3,127755.2,148
17.0,151570.0,32715.0,32725.0,43065.0,43065.0,66941.3,55909.3,14224.5,12999.3,0.0,60814.0,0.0,17245.4,62316.0,19203.1,82619.1,107130.5,128652.3,127755.3,148
18.0,151592.0,32737.0,32725.0,43065.0,43065.0,66941.3,55909.3,14224.6,12999.3,0.0,60814.0,0.0,17245.6,62316.0,19203.5,82619.5,107130.0,128652.3,127755.3,148
19.0,151592.0,32737.0,32725.0,43065.0,43065.0,66942.9,55910.8,14226.1,13000.8,0.0,60814.0,0.0,17247.1,62315.8,19203.4,82619.3,107130.1,128652.3,127756.9,148
20.0,151620.0,32765.0,32725.0,43065.0,43065.0,66942.9,55910.9,14226.1,13000.9,0.0,60814.0,0.0,17247.1,62315.8,19204.1,82620.1,107129.4,128652.3,127756.9,148
21.0,151620.0,32765.0,32725.0,43065.0,43065.0,66945.5,55913.5,14228.7,13003.5,0.0,60814.0,0.0,17249.7,62315.5,19205.3,82620.9,107128.2,128652.3,127759.5,148
22.0,151650.0,32765.0,32755.0,43065.0,43065.0,66947.6,55915.6,14230.8,13005.5,0.0,60814.1,0.0,17250.4,62315.6,19208.1,82623.9,107125.4,128652.3,127761.8,148
23.0,151650.0,32765.0,32755.0,43065.0,43065.0,66949.4,55917.4,14232.7,13007.4,0.0,60814.1,0.0,17253.8,62315.6,19212.9,82628.6,107120.6,128652.3,127763.6,148
24.0,151688.0,32765.0,32793.0,43065.0,43065.0,66949.4,55917.4,14232.7,13007.4,0.0,60814.1,0.0,17253.8,62315.6,19213.2,82628.9,107120.3,128652.3,127763.6,148
25.0,151688.0,32765.0,32793.0,43065.0,43065.0,66949.5,55917.4,14232.7,13007.4,0.0,60814.1,0.0,17255.9,62315.6,19215.7,82631.4,107117.8,128652.3,127763.7,148
26.0,151688.0,32765.0,32793.0,43065.0,43065.0,66949.8,55917.7,14233.0,13007.7,0.0,60814.2,0.0,17256.5,62315.6,19219.0,82634.7,107114.5,128652.3,127764.0,148
27.0,151688.0,32765.0,32793.0,43065.0,43065.0,66949.8,55917.7,14233.0,13007.7,0.0,60814.2,0.0,17256.5,62315.6,19220.4,82636.2,107113.1,128652.3,127764.0,148
28.0,151688.0,32765.0,32793.0,43065.0,43065.0,66949.8,55917.7,14233.0,13007.7,0.0,60814.2,0.0,17256.5,62315.6,19219.7,82635.4,107113.8,128652.3,127764.0,148
29.0,151728.0,32765.0,32833.0,43065.0,43065.0,66949.8,55917.7,14233.0,13007.7,0.0,60814.2,0.0,17254.4,62315.7,19216.0,82631.8,107117.5,128652.3,127764.0,148
30.0,151728.0,32765.0,32833.0,43065.0,43065.0,66950.4,55918.3,14233.6,13008.3,0.0,60814.2,0.0,17255.5,62315.7,19219.9,82635.7,107113.5,128652.3,127764.6,148
31.0,151728.0,32765.0,32833.0,43065.0,43065.0,66950.5,55918.5,14233.7,13008.5,0.0,60814.2,0.0,17256.0,62315.7,19218.2,82634.0,107115.3,128652.3,127764.7,148
32.0,151728.0,32765.0,32833.0,43065.0,43065.0,66950.5,55918.5,14233.8,13008.5,0.0,60814.2,0.0,17256.2,62315.7,19219.2,82634.9,107114.3,128652.3,127764.7,148
33.0,151728.0,32765.0,32833.0,43065.0,43065.0,66950.5,55918.5,14233.8,13008.5,0.0,60814.2,0.0,17256.2,62315.7,19217.7,82633.5,107115.8,128652.3,127764.7,148
34.0,151728.0,32765.0,32833.0,43065.0,43065.0,66950.6,55918.5,14233.8,13008.5,0.0,60814.2,0.0,17256.2,62315.7,19218.4,82634.1,107115.1,128652.3,127764.7,148
35.0,151728.0,32765.0,32833.0,43065.0,43065.0,66950.6,55918.5,14233.8,13008.5,0.0,60814.2,0.0,17256.0,62315.7,19221.9,82637.7,107111.6,128652.3,127764.8,148
36.0,151728.0,32765.0,32833.0,43065.0,43065.0,66950.7,55918.6,14233.9,13008.6,0.0,60814.2,0.0,17256.5,62315.7,19224.9,82640.7,107108.6,128652.3,127764.9,148
37.0,151728.0,32765.0,32833.0,43065.0,43065.0,66950.7,55918.6,14233.9,13008.6,0.0,60814.2,0.0,17256.4,62315.7,19225.1,82640.9,107108.4,128652.3,127764.9,148
38.0,151728.0,32765.0,32833.0,43065.0,43065.0,66950.7,55918.6,14233.9,13008.6,0.0,60814.2,0.0,17256.4,62315.7,19226.1,82641.9,107107.4,128652.3,127764.9,148
39.0,151728.0,32765.0,32833.0,43065.0,43065.0,66950.7,55918.6,14233.9,13008.6,0.0,60814.3,0.0,17257.0,62315.8,19226.0,82641.9,107107.5,128652.3,127765.0,148
40.0,151830.0,32867.0,32833.0,43065.0,43065.0,66950.7,55918.6,14233.9,13008.6,0.0,60814.3,0.0,17257.5,62315.8,19226.5,82642.5,107106.9,128652.3,127765.0,148
41.0,151830.0,32867.0,32833.0,43065.0,43065.0,66951.0,55919.0,14234.2,13009.0,0.0,60814.4,0.0,17257.5,62315.9,19227.1,82643.1,107106.4,128652.3,127765.4,148
42.0,151830.0,32867.0,32833.0,43065.0,43065.0,66951.0,55919.0,14234.3,13009.0,0.0,60814.4,0.0,17258.6,62315.9,19226.4,82642.4,107107.1,128652.3,127765.4,148
43.0,151830.0,32867.0,32833.0,43065.0,43065.0,66951.1,55919.0,14234.3,13009.0,0.0,60814.1,0.0,17258.2,62315.6,19228.2,82643.9,107105.3,128652.3,127765.1,148
44.0,151902.0,32867.0,32905.0,43065.0,43065.0,66951.1,55919.0,14234.3,13009.0,0.0,60814.1,0.0,17258.1,62315.6,19227.3,82643.1,107106.1,128652.3,127765.1,148
45.0,151902.0,32867.0,32905.0,43065.0,43065.0,66953.3,55921.2,14236.5,13011.2,0.0,60814.1,0.0,17259.7,62315.6,19229.6,82645.3,107103.9,128652.3,127767.3,148
46.0,151902.0,32867.0,32905.0,43065.0,43065.0,66963.1,55931.0,14246.3,13021.0,0.0,60814.1,0.0,17270.4,62315.6,19237.0,82652.8,107096.4,128652.3,127777.2,148
47.0,151902.0,32867.0,32905.0,43065.0,43065.0,66963.1,55931.0,14246.3,13021.0,0.0,60814.1,0.0,17270.8,62315.6,19238.7,82654.4,107094.8,128652.3,127777.2,148
48.0,151902.0,32867.0,32905.0,43065.0,43065.0,66963.1,55931.0,14246.3,13021.0,0.0,60814.1,0.0,17271.0,62315.6,19238.1,82653.8,107095.4,128652.3,127777.2,148
49.0,151902.0,32867.0,32905.0,43065.0,43065.0,66963.1,55931.0,14246.3,13021.0,0.0,60814.1,0.0,17270.0,62315.6,19241.3,82657.0,107092.2,128652.3,127777.2,148
50.0,151902.0,32867.0,32905.0,43065.0,43065.0,66963.1,55931.0,14246.3,13021.0,0.0,60814.1,0.0,17270.0,62315.6,19240.8,82656.5,107092.7,128652.3,127777.2,148
51.0,151982.0,32867.0,32985.0,43065.0,43065.0,66971.7,55939.6,14254.9,13029.6,0.0,60814.1,0.0,17278.3,62315.6,19251.9,82667.7,107081.5,128652.3,127785.8,148
52.0,151982.0,32867.0,32985.0,43065.0,43065.0,66973.0,55940.9,14256.2,13030.9,0.0,60814.1,0.0,17280.2,62315.3,19251.3,82666.7,107082.1,128652.3,127787.1,148
53.0,151982.0,32867.0,32985.0,43065.0,43065.0,66973.0,55940.9,14256.2,13030.9,0.0,60814.1,0.0,17280.5,62315.3,19254.3,82669.7,107079.2,128652.3,127787.1,148
54.0,151982.0,32867.0,32985.0,43065.0,43065.0,66973.0,55940.9,14256.2,13030.9,0.0,60814.2,0.0,17281.0,62315.4,19256.0,82671.5,107077.5,128652.3,127787.2,148
55.0,151982.0,32867.0,32985.0,43065.0,43065.0,66973.0,55940.9,14256.2,13030.9,0.0,60814.2,0.0,17280.6,62315.4,19255.2,82670.7,107078.3,128652.3,127787.2,148
56.0,151982.0,32867.0,32985.0,43065.0,43065.0,66973.2,55941.1,14256.4,13031.1,0.0,60814.2,0.0,17280.7,62315.4,19258.1,82673.7,107075.3,128652.3,127787.4,148
57.0,151982.0,32867.0,32985.0,43065.0,43065.0,66973.2,55941.1,14256.4,13031.1,0.0,60814.2,0.0,17280.8,62315.4,19257.5,82673.0,107076.0,128652.3,127787.4,148
58.0,151982.0,32867.0,32985.0,43065.0,43065.0,66973.2,55941.1,14256.4,13031.1,0.0,60814.3,0.0,17281.1,62315.4,19257.0,82672.5,107076.5,128652.3,127787.4,148
59.0,151982.0,32867.0,32985.0,43065.0,43065.0,66978.5,55946.4,14261.7,13036.4,0.0,60814.3,0.0,17281.6,62315.4,19257.2,82672.7,107076.3,128652.3,127792.8,148
60.0,151982.0,32867.0,32985.0,43065.0,43065.0,66978.8,55946.8,14262.1,13036.8,0.0,60814.3,0.0,17287.0,62315.4,19271.5,82687.1,107061.9,128652.3,127793.1,148
61.0,151982.0,32867.0,32985.0,43065.0,43065.0,66979.2,55947.1,14262.4,13037.1,0.0,60814.3,0.0,17287.8,62315.6,19263.9,82679.6,107069.6,128652.3,127793.5,148
62.0,151982.0,32867.0,32985.0,43065.0,43065.0,66979.2,55947.1,14262.4,13037.1,0.0,60814.3,0.0,17287.8,62315.6,19265.0,82680.7,107068.4,128652.3,127793.5,148
63.0,151982.0,32867.0,32985.0,43065.0,43065.0,66979.2,55947.1,14262.4,13037.1,0.0,60814.3,0.0,17287.8,62315.6,19264.8,82680.5,107068.7,128652.3,127793.5,148
64.0,151982.0,32867.0,32985.0,43065.0,43065.0,66979.2,55947.1,14262.4,13037.1,0.0,60814.3,0.0,17287.9,62315.6,19269.3,82685.0,107064.2,128652.3,127793.5,148
65.0,151982.0,32867.0,32985.0,43065.0,43065.0,66979.2,55947.1,14262.4,13037.1,0.0,60814.6,0.0,17287.8,62315.9,19269.1,82685.1,107064.3,128652.3,127793.8,148
66.0,151982.0,32867.0,32985.0,43065.0,43065.0,66979.3,55947.2,14262.5,13037.2,0.0,60814.6,0.0,17289.5,62315.9,19270.2,82686.2,107063.3,128652.3,127793.9,148
67.0,151982.0,32867.0,32985.0,43065.0,43065.0,66979.3,55947.2,14262.5,13037.2,0.0,60814.6,0.0,17290.0,62315.9,19270.3,82686.3,107063.2,128652.3,127793.9,148
68.0,151982.0,32867.0,32985.0,43065.0,43065.0,66979.3,55947.2,14262.5,13037.2,0.0,60814.6,0.0,17290.1,62315.9,19270.4,82686.4,107063.1,128652.3,127793.9,148
69.0,151982.0,32867.0,32985.0,43065.0,43065.0,66979.3,55947.2,14262.5,13037.2,0.0,60814.6,0.0,17290.2,62315.9,19270.5,82686.5,107062.9,128652.3,127793.9,148
70.0,151982.0,32867.0,32985.0,43065.0,43065.0,66979.3,55947.2,14262.5,13037.2,0.0,60814.6,0.0,17290.3,62315.9,19268.7,82684.7,107064.8,128652.3,127793.9,148
71.0,151982.0,32867.0,32985.0,43065.0,43065.0,66979.3,55947.3,14262.5,13037.2,0.0,60814.6,0.0,17289.0,62315.9,19270.8,82686.9,107062.6,128652.3,127793.9,148
72.0,152090.0,32975.0,32985.0,43065.0,43065.0,66979.3,55947.3,14262.5,13037.3,0.0,60814.7,0.0,17290.5,62316.0,19270.0,82686.1,107063.5,128652.3,127794.1,148
73.0,152090.0,32975.0,32985.0,43065.0,43065.0,66979.5,55947.4,14262.6,13037.4,0.0,60814.8,0.0,17290.9,62316.0,19272.2,82688.3,107061.3,128652.3,127794.2,148
74.0,152090.0,32975.0,32985.0,43065.0,43065.0,66979.5,55947.5,14262.7,13037.5,0.0,60815.1,0.0,17290.9,62316.3,19267.1,82683.5,107066.3,128652.3,127794.6,148
75.0,152090.0,32975.0,32985.0,43065.0,43065.0,66979.6,55947.5,14262.7,13037.5,0.0,60815.1,0.0,17294.0,62315.8,19273.8,82689.8,107059.6,128652.3,127794.7,148
76.0,152200.0,33085.0,32985.0,43065.0,43065.0,66979.6,55947.5,14262.8,13037.5,0.0,60815.1,0.0,17293.9,62315.8,19277.2,82693.1,107056.3,128652.3,127794.7,148
77.0,152200.0,33085.0,32985.0,43065.0,43065.0,66979.6,55947.6,14262.9,13037.6,0.0,60815.1,0.0,17292.4,62315.8,19275.2,82691.2,107058.2,128652.3,127794.8,148
78.1,152200.0,33085.0,32985.0,43065.0,43065.0,66987.5,55955.5,14270.8,13045.5,0.0,60815.1,0.0,17298.8,62315.8,19278.1,82694.0,107055.4,128652.3,127802.7,148
79.1,152200.0,33085.0,32985.0,43065.0,43065.0,66987.5,55955.5,14270.8,13045.5,0.0,60815.1,0.0,17299.7,62315.8,19279.7,82695.6,107053.8,128652.3,127802.7,148
80.1,152200.0,33085.0,32985.0,43065.0,43065.0,66987.5,55955.5,14270.8,13045.5,0.0,60815.2,0.0,17299.7,62315.8,19278.9,82694.9,107054.6,128652.3,127802.7,148
81.1,152200.0,33085.0,32985.0,43065.0,43065.0,66987.6,55955.5,14270.8,13045.5,0.0,60815.2,0.0,17300.1,62315.9,19282.5,82698.5,107051.0,128652.3,127802.8,148
82.1,152200.0,33085.0,32985.0,43065.0,43065.0,66987.6,55955.5,14270.8,13045.5,0.0,60815.2,0.0,17299.7,62315.9,19278.8,82694.8,107054.6,128652.3,127802.8,148
83.1,152200.0,33085.0,32985.0,43065.0,43065.0,66994.1,55962.1,14277.4,13052.1,0.0,60815.2,0.0,17305.8,62315.9,19281.3,82697.3,107052.2,128652.3,127809.3,148
84.1,152200.0,33085.0,32985.0,43065.0,43065.0,66994.1,55962.1,14277.4,13052.1,0.0,60815.2,0.0,17306.4,62315.8,19282.0,82697.9,107051.5,128652.3,127809.3,148
85.1,152200.0,33085.0,32985.0,43065.0,43065.0,66994.1,55962.1,14277.4,13052.1,0.0,60815.2,0.0,17306.4,62315.8,19284.0,82699.9,107049.5,128652.3,127809.3,148
86.1,152200.0,33085.0,32985.0,43065.0,43065.0,66994.2,55962.1,14277.4,13052.1,0.0,60815.2,0.0,17306.6,62315.8,19286.8,82702.8,107046.6,128652.3,127809.4,148
87.1,152200.0,33085.0,32985.0,43065.0,43065.0,66994.2,55962.1,14277.4,13052.1,0.0,60815.2,0.0,17306.6,62315.8,19283.8,82699.8,107049.6,128652.3,127809.4,148
88.1,152200.0,33085.0,32985.0,43065.0,43065.0,66994.2,55962.1,14277.4,13052.1,0.0,60815.2,0.0,17306.4,62315.8,19281.4,82697.3,107052.1,128652.3,127809.4,148
89.1,152200.0,33085.0,32985.0,43065.0,43065.0,66994.2,55962.1,14277.4,13052.1,0.0,60815.3,0.0,17306.6,62315.9,19281.0,82697.1,107052.4,128652.3,127809.5,148
90.1,152200.0,33085.0,32985.0,43065.0,43065.0,66994.2,55962.2,14277.4,13052.1,0.0,60815.3,0.0,17306.6,62316.0,19281.4,82697.6,107052.0,128652.3,127809.6,148
91.1,152200.0,33085.0,32985.0,43065.0,43065.0,66994.3,55962.2,14277.5,13052.2,0.0,60815.3,0.0,17307.2,62316.0,19282.8,82699.0,107050.6,128652.3,127809.6,148
92.1,152200.0,33085.0,32985.0,43065.0,43065.0,66994.3,55962.2,14277.5,13052.2,0.0,60815.3,0.0,17307.2,62316.0,19283.6,82699.7,107049.9,128652.3,127809.6,148
93.1,152200.0,33085.0,32985.0,43065.0,43065.0,66994.3,55962.2,14277.5,13052.2,0.0,60815.3,0.0,17306.7,62316.0,19283.7,82699.8,107049.8,128652.3,127809.6,148
94.1,152200.0,33085.0,32985.0,43065.0,43065.0,66998.2,55966.2,14281.5,13056.2,0.0,60815.3,0.0,17306.8,62316.0,19282.1,82698.2,107051.4,128652.3,127813.6,148
95.1,152444.0,33329.0,32985.0,43065.0,43065.0,66998.4,55966.3,14281.6,13056.3,0.0,60815.3,0.0,17310.0,62316.2,19285.8,82702.2,107047.6,128652.3,127813.7,148
96.1,152444.0,33329.0,32985.0,43065.0,43065.0,66998.9,55966.9,14282.1,13056.8,0.0,60815.4,0.0,17311.3,62315.9,19293.2,82709.3,107040.2,128652.3,127814.3,148
97.1,152444.0,33329.0,32985.0,43065.0,43065.0,66998.9,55966.9,14282.1,13056.8,0.0,60815.4,0.0,17311.3,62315.4,19295.8,82711.4,107037.6,128652.3,127814.3,148
98.1,152444.0,33329.0,32985.0,43065.0,43065.0,66998.9,55966.9,14282.2,13056.9,0.0,60815.4,0.0,17311.4,62315.4,19297.5,82713.0,107036.0,128652.3,127814.3,148
99.1,152444.0,33329.0,32985.0,43065.0,43065.0,67001.8,55969.7,14285.0,13059.7,0.0,60815.4,0.0,17314.1,62315.4,19296.5,82712.1,107036.9,128652.3,127817.2,148
100.1,152444.0,33329.0,32985.0,43065.0,43065.0,67001.8,55969.7,14285.0,13059.7,0.0,60815.4,0.0,17312.8,62315.6,19295.2,82710.9,107038.3,128652.3,127817.2,148
101.1,152444.0,33329.0,32985.0,43065.0,43065.0,67001.8,55969.8,14285.1,13059.8,0.0,60815.4,0.0,17312.8,62315.6,19297.6,82713.3,107035.9,128652.3,127817.2,148
102.1,152444.0,33329.0,32985.0,43065.0,43065.0,67001.8,55969.8,14285.1,13059.8,0.0,60815.4,0.0,17312.8,62315.6,19299.8,82715.6,107033.6,128652.3,127817.2,148
103.1,152588.0,33473.0,32985.0,43065.0,43065.0,67001.8,55969.8,14285.1,13059.8,0.0,60815.4,0.0,17312.8,62315.6,19297.4,82713.2,107036.0,128652.3,127817.2,148
104.1,152588.0,33473.0,32985.0,43065.0,43065.0,67001.9,55969.9,14285.2,13059.9,0.0,60815.4,0.0,17312.9,62315.6,19293.8,82709.6,107039.6,128652.3,127817.3,148
105.1,152588.0,33473.0,32985.0,43065.0,43065.0,67002.0,55969.9,14285.2,13059.9,0.0,60815.4,0.0,17313.0,62315.8,19288.9,82704.9,107044.5,128652.3,127817.3,148
106.1,152588.0,33473.0,32985.0,43065.0,43065.0,67002.0,55970.0,14285.2,13059.9,0.0,60815.4,0.0,17313.2,62315.8,19290.1,82706.1,107043.3,128652.3,127817.4,148
107.1,152588.0,33473.0,32985.0,43065.0,43065.0,67002.0,55970.0,14285.3,13060.0,0.0,60815.4,0.0,17313.2,62315.8,19289.5,82705.5,107043.9,128652.3,127817.4,148
108.1,152588.0,33473.0,32985.0,43065.0,43065.0,67002.0,55970.0,14285.2,13060.0,0.0,60815.4,0.0,17313.3,62315.8,19290.3,82706.3,107043.1,128652.3,127817.4,148
109.1,152588.0,33473.0,32985.0,43065.0,43065.0,67002.0,55970.0,14285.2,13060.0,0.0,60815.4,0.0,17313.4,62315.8,19291.2,82707.2,107042.2,128652.3,127817.4,148
110.1,152588.0,33473.0,32985.0,43065.0,43065.0,67002.0,55970.0,14285.3,13060.0,0.0,60815.4,0.0,17313.4,62315.8,19291.7,82707.7,107041.7,128652.3,127817.4,148
111.1,152588.0,33473.0,32985.0,43065.0,43065.0,67002.1,55970.0,14285.3,13060.0,0.0,60815.4,0.0,17313.4,62315.8,19292.4,82708.4,107041.0,128652.3,127817.5,148
112.1,152588.0,33473.0,32985.0,43065.0,43065.0,67011.5,55979.4,14294.7,13069.4,0.0,60815.6,0.0,17321.8,62316.0,19300.0,82716.2,107033.4,128652.3,127827.1,148
113.1,152588.0,33473.0,32985.0,43065.0,43065.0,67011.5,55979.4,14294.7,13069.4,0.0,60815.6,0.0,17322.8,62315.9,19298.4,82714.4,107035.0,128652.3,127827.1,148
114.1,152588.0,33473.0,32985.0,43065.0,43065.0,67011.5,55979.4,14294.7,13069.4,0.0,60815.6,0.0,17323.0,62315.9,19300.5,82716.5,107032.9,128652.3,127827.2,148
115.1,152588.0,33473.0,32985.0,43065.0,43065.0,67011.5,55979.4,14294.7,13069.4,0.0,60815.6,0.0,17322.1,62315.9,19301.5,82717.6,107031.9,128652.3,127827.2,148
116.1,152588.0,33473.0,32985.0,43065.0,43065.0,67011.5,55979.5,14294.7,13069.4,0.0,60815.7,0.0,17322.0,62315.9,19301.3,82717.4,107032.1,128652.3,127827.2,148
117.1,152588.0,33473.0,32985.0,43065.0,43065.0,67011.5,55979.5,14294.7,13069.5,0.0,60815.7,0.0,17322.1,62315.9,19300.8,82716.8,107032.6,128652.3,127827.2,148
118.1,152588.0,33473.0,32985.0,43065.0,43065.0,67011.5,55979.5,14294.7,13069.5,0.0,60815.7,0.0,17322.0,62315.9,19301.8,82717.8,107031.7,128652.3,127827.2,148
119.1,152588.0,33473.0,32985.0,43065.0,43065.0,67011.5,55979.5,14294.8,13069.5,0.0,60815.7,0.0,17322.1,62315.9,19302.2,82718.3,107031.2,128652.3,127827.2,148
120.1,152588.0,33473.0,32985.0,43065.0,43065.0,67011.5,55979.5,14294.8,13069.5,0.0,60815.7,0.0,17322.1,62315.9,19302.2,82718.3,107031.2,128652.3,127827.2,148
121.1,152832.0,33473.0,33229.0,43065.0,43065.0,67011.5,55979.5,14294.8,13069.5,0.0,60815.7,0.0,17322.0,62315.9,19304.5,82720.5,107028.9,128652.3,127827.2,148
122.1,152832.0,33473.0,33229.0,43065.0,43065.0,67011.6,55979.6,14294.9,13069.6,0.0,60815.7,0.0,17322.2,62315.9,19305.5,82721.6,107027.9,128652.3,127827.3,148
123.1,152832.0,33473.0,33229.0,43065.0,43065.0,67011.9,55979.8,14295.1,13069.8,0.0,60815.7,0.0,17323.6,62316.2,19300.6,82717.0,107032.8,128652.3,127827.5,148
124.1,152832.0,33473.0,33229.0,43065.0,43065.0,67011.9,55979.8,14295.1,13069.8,0.0,60815.7,0.0,17322.8,62316.4,19302.5,82719.0,107030.9,128652.3,127827.5,148
125.1,152832.0,33473.0,33229.0,43065.0,43065.0,67012.1,55980.0,14295.3,13070.0,0.0,60815.8,0.0,17322.9,62316.5,19306.0,82722.7,107027.4,128652.3,127827.9,148
126.1,152832.0,33473.0,33229.0,43065.0,43065.0,67012.4,55980.4,14295.6,13070.3,0.0,60815.8,0.0,17323.2,62316.9,19309.1,82726.2,107024.4,128652.3,127828.2,148
127.1,152832.0,33473.0,33229.0,43065.0,43065.0,67012.5,55980.4,14295.7,13070.4,0.0,60815.8,0.0,17323.9,62316.6,19311.3,82728.0,107022.1,128652.3,127828.3,148
128.1,152832.0,33473.0,33229.0,43065.0,43065.0,67012.6,55980.5,14295.8,13070.5,0.0,60815.8,0.0,17324.5,62316.6,19308.9,82725.7,107024.5,128652.3,127828.4,148
129.1,152832.0,33473.0,33229.0,43065.0,43065.0,67012.6,55980.5,14295.8,13070.5,0.0,60815.8,0.0,17324.4,62316.6,19307.4,82724.1,107026.0,128652.3,127828.5,148
130.1,152832.0,33473.0,33229.0,43065.0,43065.0,67012.6,55980.6,14295.8,13070.5,0.0,60815.8,0.0,17325.7,62316.6,19310.2,82726.9,107023.2,128652.3,127828.5,148
131.1,152832.0,33473.0,33229.0,43065.0,43065.0,67012.7,55980.6,14295.9,13070.6,0.0,60815.8,0.0,17326.3,62316.6,19313.1,82729.9,107020.3,128652.3,127828.5,148
132.1,152832.0,33473.0,33229.0,43065.0,43065.0,67012.7,55980.6,14295.9,13070.6,0.0,60815.8,0.0,17326.2,62316.6,19312.5,82729.3,107020.9,128652.3,127828.6,148
133.1,152832.0,33473.0,33229.0,43065.0,43065.0,67012.7,55980.6,14295.9,13070.6,0.0,60815.9,0.0,17326.3,62316.6,19312.7,82729.5,107020.7,128652.3,127828.6,148
134.1,152832.0,33473.0,33229.0,43065.0,43065.0,67012.7,55980.6,14295.9,13070.6,0.0,60815.9,0.0,17326.3,62316.6,19313.3,82730.1,107020.1,128652.3,127828.6,148
135.1,152832.0,33473.0,33229.0,43065.0,43065.0,67012.7,55980.6,14295.9,13070.6,0.0,60815.9,0.0,17326.5,62316.6,19316.7,82733.5,107016.7,128652.3,127828.6,148
136.1,152832.0,33473.0,33229.0,43065.0,43065.0,67012.8,55980.7,14296.0,13070.7,0.0,60815.9,0.0,17326.5,62316.6,19318.6,82735.4,107014.8,128652.3,127828.6,148
137.1,152832.0,33473.0,33229.0,43065.0,43065.0,67012.8,55980.7,14296.0,13070.7,0.0,60815.9,0.0,17326.9,62316.6,19318.1,82734.9,107015.3,128652.3,127828.7,148
138.1,152832.0,33473.0,33229.0,43065.0,43065.0,67012.8,55980.7,14296.0,13070.7,0.0,60815.9,0.0,17327.0,62316.6,19316.5,82733.2,107016.9,128652.3,127828.7,148
139.1,152832.0,33473.0,33229.0,43065.0,43065.0,67012.8,55980.7,14296.0,13070.7,0.0,60815.9,0.0,17326.9,62316.6,19315.9,82732.7,107017.5,128652.3,127828.7,148
140.1,152832.0,33473.0,33229.0,43065.0,43065.0,67012.8,55980.7,14296.0,13070.7,0.0,60815.9,0.0,17326.9,62316.6,19317.2,82734.0,107016.2,128652.3,127828.7,148
141.1,152832.0,33473.0,33229.0,43065.0,43065.0,67012.8,55980.8,14296.1,13070.8,0.0,60815.9,0.0,17326.8,62316.6,19318.1,82734.9,107015.3,128652.3,127828.7,148
142.1,152832.0,33473.0,33229.0,43065.0,43065.0,67012.8,55980.8,14296.1,13070.8,0.0,60815.9,0.0,17326.9,62316.6,19317.5,82734.3,107015.9,128652.3,127828.7,148
143.1,152832.0,33473.0,33229.0,43065.0,43065.0,67012.9,55980.8,14296.1,13070.8,0.0,60815.9,0.0,17326.9,62316.6,19315.0,82731.7,107018.4,128652.3,127828.7,148
144.1,152832.0,33473.0,33229.0,43065.0,43065.0,67012.9,55980.8,14296.1,13070.8,0.0,60815.9,0.0,17327.1,62316.6,19314.9,82731.6,107018.5,128652.3,127828.7,148
145.1,152832.0,33473.0,33229.0,43065.0,43065.0,67012.9,55980.8,14296.1,13070.8,0.0,60815.9,0.0,17327.1,62316.6,19313.5,82730.3,107019.9,128652.3,127828.7,148
146.1,152832.0,33473.0,33229.0,43065.0,43065.0,67023.6,55991.6,14306.8,13081.6,0.0,60815.9,0.0,17337.0,62316.7,19323.4,82740.3,107010.0,128652.3,127839.5,148
147.1,152832.0,33473.0,33229.0,43065.0,43065.0,67023.6,55991.6,14306.9,13081.6,0.0,60816.0,0.0,17338.0,62316.9,19323.3,82740.4,107010.1,128652.3,127839.6,148
148.1,152832.0,33473.0,33229.0,43065.0,43065.0,67023.6,55991.6,14306.9,13081.6,0.0,60816.0,0.0,17338.0,62316.9,19322.5,82739.6,107010.9,128652.3,127839.7,148
149.1,152832.0,33473.0,33229.0,43065.0,43065.0,67023.6,55991.6,14306.9,13081.6,0.0,60816.0,0.0,17338.0,62316.9,19322.7,82739.8,107010.7,128652.3,127839.7,148
150.1,152832.0,33473.0,33229.0,43065.0,43065.0,67023.6,55991.6,14306.9,13081.6,0.0,60816.0,0.0,17338.2,62316.9,19322.8,82739.9,107010.6,128652.3,127839.7,148
151.1,152834.0,33475.0,33229.0,43065.0,43065.0,67023.7,55991.6,14306.9,13081.6,0.0,60816.0,0.0,17337.8,62316.9,19324.6,82741.7,107008.8,128652.3,127839.7,148
152.1,152834.0,33475.0,33229.0,43065.0,43065.0,67057.1,56021.3,14340.2,13111.3,0.0,60816.0,0.0,17367.1,62318.4,19344.4,82763.0,106989.0,128652.3,127873.1,148
153.1,152834.0,33475.0,33229.0,43065.0,43065.0,67065.0,56029.2,14348.2,13119.2,0.0,60816.0,0.0,17375.3,62317.3,19351.9,82769.4,106981.5,128652.3,127881.0,148
154.1,152834.0,33475.0,33229.0,43065.0,43065.0,67065.0,56029.2,14348.2,13119.2,0.0,60816.0,0.0,17375.8,62317.5,19353.0,82770.7,106980.4,128652.3,127881.0,148
155.1,152834.0,33475.0,33229.0,43065.0,43065.0,67065.0,56029.2,14348.2,13119.2,0.0,60816.0,0.0,17375.8,62317.5,19352.5,82770.2,106980.9,128652.3,127881.0,148
156.1,152834.0,33475.0,33229.0,43065.0,43065.0,67065.0,56029.2,14348.2,13119.2,0.0,60816.1,0.0,17376.1,62317.6,19354.7,82772.5,106978.7,128652.3,127881.1,148
157.1,152834.0,33475.0,33229.0,43065.0,43065.0,67065.0,56029.2,14348.2,13119.2,0.0,60816.1,0.0,17375.9,62317.6,19355.5,82773.3,106977.8,128652.3,127881.1,148
158.1,152834.0,33475.0,33229.0,43065.0,43065.0,67065.0,56029.2,14348.2,13119.2,0.0,60816.1,0.0,17375.9,62317.6,19355.9,82773.7,106977.5,128652.3,127881.1,148
159.1,152834.0,33475.0,33229.0,43065.0,43065.0,67065.1,56029.3,14348.3,13119.3,0.0,60816.1,0.0,17376.4,62317.6,19351.5,82769.4,106981.9,128652.3,127881.1,148
160.1,152834.0,33475.0,33229.0,43065.0,43065.0,67065.1,56029.3,14348.2,13119.3,0.0,60816.1,0.0,17378.7,62317.7,19353.2,82771.1,106980.2,128652.3,127881.1,148
161.1,152834.0,33475.0,33229.0,43065.0,43065.0,67065.1,56029.4,14348.3,13119.3,0.0,60816.2,0.0,17379.0,62317.8,19352.9,82771.0,106980.4,128652.3,127881.3,148
162.1,152834.0,33475.0,33229.0,43065.0,43065.0,67065.1,56029.4,14348.3,13119.3,0.0,60816.2,0.0,17379.1,62317.8,19353.9,82772.0,106979.5,128652.3,127881.3,148
163.1,152834.0,33475.0,33229.0,43065.0,43065.0,67065.1,56029.4,14348.3,13119.3,0.0,60816.2,0.0,17379.1,62317.8,19352.7,82770.7,106980.7,128652.3,127881.3,148
164.1,152834.0,33475.0,33229.0,43065.0,43065.0,67065.1,56029.4,14348.3,13119.3,0.0,60816.2,0.0,17379.1,62317.8,19352.9,82770.9,106980.5,128652.3,127881.3,148
165.1,152834.0,33475.0,33229.0,43065.0,43065.0,67065.1,56029.4,14348.3,13119.3,0.0,60816.2,0.0,17376.7,62317.8,19351.8,82769.8,106981.6,128652.3,127881.3,148
166.1,152834.0,33475.0,33229.0,43065.0,43065.0,67065.2,56029.4,14348.3,13119.4,0.0,60816.2,0.0,17377.2,62317.8,19353.1,82771.1,106980.3,128652.3,127881.3,148
167.1,152834.0,33475.0,33229.0,43065.0,43065.0,67065.2,56029.4,14348.3,13119.4,0.0,60816.2,0.0,17376.7,62317.8,19353.8,82771.9,106979.6,128652.3,127881.3,148
168.1,152834.0,33475.0,33229.0,43065.0,43065.0,67065.2,56029.4,14348.3,13119.4,0.0,60816.2,0.0,17376.7,62317.8,19353.7,82771.7,106979.7,128652.3,127881.3,148
169.1,152834.0,33475.0,33229.0,43065.0,43065.0,67065.2,56029.4,14348.3,13119.4,0.0,60816.2,0.0,17376.7,62317.8,19354.7,82772.7,106978.7,128652.3,127881.3,148
170.1,153078.0,33719.0,33229.0,43065.0,43065.0,67065.2,56029.4,14348.3,13119.4,0.0,60816.2,0.0,17376.7,62317.8,19354.2,82772.2,106979.2,128652.3,127881.3,148
171.1,153078.0,33719.0,33229.0,43065.0,43065.0,67087.1,56048.1,14370.2,13138.1,0.0,60816.2,0.0,17394.8,62317.8,19374.0,82792.1,106959.3,128652.3,127903.3,148
172.1,153078.0,33719.0,33229.0,43065.0,43065.0,67108.5,56069.5,14391.7,13159.5,0.0,60816.2,0.0,17416.9,62317.5,19397.5,82815.2,106935.8,128652.3,127924.7,148
173.1,153078.0,33719.0,33229.0,43065.0,43065.0,67108.5,56069.5,14391.7,13159.5,0.0,60816.2,0.0,17417.0,62317.5,19399.0,82816.7,106934.4,128652.3,127924.7,148
174.1,153078.0,33719.0,33229.0,43065.0,43065.0,67108.5,56069.5,14391.7,13159.5,0.0,60816.3,0.0,17417.4,62317.5,19401.5,82819.3,106931.8,128652.3,127924.8,148
175.1,153288.0,33719.0,33439.0,43065.0,43065.0,67108.5,56069.5,14391.7,13159.5,0.0,60816.3,0.0,17417.2,62317.2,19399.9,82817.3,106933.5,128652.3,127924.8,148
176.1,153288.0,33719.0,33439.0,43065.0,43065.0,67131.5,56089.0,14411.2,13179.0,0.0,60816.3,0.0,17435.6,62317.2,19418.0,82835.4,106915.4,128652.3,127947.7,148
177.1,153288.0,33719.0,33439.0,43065.0,43065.0,67135.7,56093.3,14415.4,13183.3,0.0,60816.3,0.0,17441.3,62317.9,19419.0,82837.1,106914.4,128652.3,127952.0,148
178.1,153288.0,33719.0,33439.0,43065.0,43065.0,67137.7,56095.3,14417.5,13185.3,0.0,60816.3,0.0,17442.8,62318.1,19416.9,82835.2,106916.5,128652.3,127954.0,148
179.1,153288.0,33719.0,33439.0,43065.0,43065.0,67137.7,56095.3,14417.5,13185.3,0.0,60816.3,0.0,17443.6,62318.2,19416.7,82835.1,106916.7,128652.3,127954.0,148
180.1,153288.0,33719.0,33439.0,43065.0,43065.0,67137.7,56095.3,14417.5,13185.3,0.0,60816.3,0.0,17443.5,62318.2,19416.6,82835.1,106916.7,128652.3,127954.0,148
181.1,153288.0,33719.0,33439.0,43065.0,43065.0,67137.8,56095.3,14417.5,13185.3,0.0,60816.4,0.0,17443.6,62318.3,19419.5,82838.1,106913.8,128652.3,127954.2,148
182.1,153288.0,33719.0,33439.0,43065.0,43065.0,67137.8,56095.3,14417.5,13185.3,0.0,60816.4,0.0,17443.9,62318.3,19419.7,82838.2,106913.7,128652.3,127954.2,148
183.1,153288.0,33719.0,33439.0,43065.0,43065.0,67137.8,56095.3,14417.5,13185.3,0.0,60816.4,0.0,17444.2,62318.3,19417.9,82836.5,106915.4,128652.3,127954.2,148
184.1,153288.0,33719.0,33439.0,43065.0,43065.0,67137.8,56095.3,14417.5,13185.3,0.0,60816.6,0.0,17444.1,62318.5,19417.1,82835.9,106916.2,128652.3,127954.4,148
185.1,153288.0,33719.0,33439.0,43065.0,43065.0,67137.8,56095.3,14417.5,13185.3,0.0,60816.6,0.0,17444.1,62318.5,19417.2,82836.0,106916.1,128652.3,127954.4,148
186.1,153288.0,33719.0,33439.0,43065.0,43065.0,67137.8,56095.3,14417.5,13185.3,0.0,60816.6,0.0,17444.2,62318.5,19418.0,82836.8,106915.3,128652.3,127954.4,148
187.1,153288.0,33719.0,33439.0,43065.0,43065.0,67137.8,56095.3,14417.5,13185.3,0.0,60816.6,0.0,17444.1,62318.5,19417.8,82836.5,106915.6,128652.3,127954.4,148
188.1,153288.0,33719.0,33439.0,43065.0,43065.0,67137.8,56095.3,14417.5,13185.3,0.0,60816.6,0.0,17444.2,62318.5,19418.0,82836.7,106915.4,128652.3,127954.4,148
189.1,153288.0,33719.0,33439.0,43065.0,43065.0,67137.8,56095.3,14417.5,13185.3,0.0,60816.6,0.0,17444.1,62318.5,19418.1,82836.9,106915.2,128652.3,127954.4,148
190.1,153288.0,33719.0,33439.0,43065.0,43065.0,67137.8,56095.3,14417.5,13185.3,0.0,60816.6,0.0,17444.6,62318.5,19418.1,82836.8,106915.3,128652.3,127954.4,148
191.1,153288.0,33719.0,33439.0,43065.0,43065.0,67137.8,56095.3,14417.5,13185.3,0.0,60816.6,0.0,17444.9,62318.5,19418.9,82837.7,106914.4,128652.3,127954.4,148
192.1,153288.0,33719.0,33439.0,43065.0,43065.0,67137.8,56095.3,14417.5,13185.3,0.0,60816.6,0.0,17445.0,62318.5,19418.4,82837.2,106914.9,128652.3,127954.4,148
193.1,153288.0,33719.0,33439.0,43065.0,43065.0,67104.4,56061.9,14384.1,13151.9,0.0,60816.6,0.0,17411.7,62318.7,19382.2,82801.2,106951.1,128652.3,127921.0,148
194.1,153288.0,33719.0,33439.0,43065.0,43065.0,67104.4,56061.9,14384.1,13151.9,0.0,60816.6,0.0,17412.0,62318.7,19384.2,82803.2,106949.1,128652.3,127921.0,148
195.1,153288.0,33719.0,33439.0,43065.0,43065.0,67104.4,56061.9,14384.1,13151.9,0.0,60816.7,0.0,17413.2,62318.5,19388.1,82806.9,106945.2,128652.3,127921.0,148
196.1,153288.0,33719.0,33439.0,43065.0,43065.0,67104.4,56061.9,14384.1,13151.9,0.0,60816.8,0.0,17412.8,62318.6,19391.9,82810.7,106941.5,128652.3,127921.2,148
197.1,153288.0,33719.0,33439.0,43065.0,43065.0,67104.4,56061.9,14384.1,13151.9,0.0,60816.8,0.0,17413.2,62318.6,19393.9,82812.7,106939.5,128652.3,127921.2,148
198.1,153288.0,33719.0,33439.0,43065.0,43065.0,67104.4,56061.9,14384.1,13151.9,0.0,60816.8,0.0,17412.6,62318.6,19393.6,82812.5,106939.7,128652.3,127921.2,148
199.1,153288.0,33719.0,33439.0,43065.0,43065.0,67104.4,56061.9,14384.1,13151.9,0.0,60816.8,0.0,17413.0,62318.7,19394.2,82813.1,106939.1,128652.3,127921.2,148
200.1,153288.0,33719.0,33439.0,43065.0,43065.0,67104.4,56061.9,14384.1,13151.9,0.0,60816.8,0.0,17413.0,62318.7,19395.3,82814.2,106938.0,128652.3,127921.2,148
201.1,153288.0,33719.0,33439.0,43065.0,43065.0,67104.4,56062.0,14384.2,13152.0,0.0,60816.8,0.0,17412.9,62318.7,19395.7,82814.6,106937.6,128652.3,127921.2,148
202.1,153288.0,33719.0,33439.0,43065.0,43065.0,67130.3,56087.9,14410.1,13177.9,0.0,60816.8,0.0,17439.0,62318.2,19425.4,82843.8,106908.0,128652.3,127947.2,148
203.1,153288.0,33719.0,33439.0,43065.0,43065.0,67130.3,56087.9,14410.1,13177.9,0.0,60816.8,0.0,17439.9,62319.0,19423.3,82842.5,106910.1,128652.3,127947.2,148
204.1,153288.0,33719.0,33439.0,43065.0,43065.0,67130.3,56087.9,14410.1,13177.9,0.0,60816.8,0.0,17439.9,62319.0,19424.3,82843.5,106909.1,128652.3,127947.2,148
205.1,153288.0,33719.0,33439.0,43065.0,43065.0,67130.3,56087.9,14410.1,13177.9,0.0,60816.8,0.0,17439.9,62318.6,19424.2,82843.1,106909.1,128652.3,127947.2,148
206.1,153288.0,33719.0,33439.0,43065.0,43065.0,67130.4,56087.9,14410.1,13177.9,0.0,60816.8,0.0,17439.9,62318.6,19425.2,82844.1,106908.1,128652.3,127947.2,148
207.1,153288.0,33719.0,33439.0,43065.0,43065.0,67133.9,56091.5,14413.6,13181.4,0.0,60816.8,0.0,17443.4,62318.5,19424.6,82843.3,106908.7,128652.3,127950.7,148
208.1,153288.0,33719.0,33439.0,43065.0,43065.0,67133.9,56091.5,14413.6,13181.4,0.0,60816.8,0.0,17443.4,62318.5,19423.6,82842.3,106909.8,128652.3,127950.7,148
209.1,153288.0,33719.0,33439.0,43065.0,43065.0,67133.9,56091.5,14413.6,13181.4,0.0,60816.8,0.0,17443.7,62318.5,19424.3,82843.1,106909.0,128652.3,127950.7,148
210.1,153288.0,33719.0,33439.0,43065.0,43065.0,67133.9,56091.5,14413.6,13181.4,0.0,60816.8,0.0,17443.9,62318.5,19423.6,82842.3,106909.8,128652.3,127950.7,148
211.1,153288.0,33719.0,33439.0,43065.0,43065.0,67133.9,56091.5,14413.6,13181.5,0.0,60816.8,0.0,17443.6,62318.2,19429.3,82847.8,106904.0,128652.3,127950.8,148
212.1,153288.0,33719.0,33439.0,43065.0,43065.0,67133.9,56091.5,14413.6,13181.5,0.0,60816.8,0.0,17443.6,62318.2,19428.3,82846.8,106905.0,128652.3,127950.8,148
213.1,153288.0,33719.0,33439.0,43065.0,43065.0,67133.9,56091.5,14413.7,13181.5,0.0,60816.8,0.0,17443.8,62318.3,19421.7,82840.2,106911.6,128652.3,127950.8,148
214.1,153292.0,33719.0,33441.0,43067.0,43065.0,67133.9,56091.5,14413.7,13181.5,0.0,60816.8,0.0,17443.8,62318.3,19421.5,82840.1,106911.8,128652.3,127950.8,148
215.1,153292.0,33719.0,33441.0,43067.0,43065.0,67133.9,56091.5,14413.7,13181.5,0.0,60816.9,0.0,17443.8,62318.4,19423.5,82842.2,106909.8,128652.3,127950.8,148
216.1,153292.0,33719.0,33441.0,43067.0,43065.0,67134.0,56091.5,14413.7,13181.5,0.0,60816.9,0.0,17443.9,62318.4,19425.2,82843.9,106908.1,128652.3,127950.8,148
217.1,153292.0,33719.0,33441.0,43067.0,43065.0,67134.0,56091.5,14413.7,13181.5,0.0,60816.9,0.0,17444.0,62318.4,19425.4,82844.1,106907.9,128652.3,127950.8,148
218.1,153292.0,33719.0,33441.0,43067.0,43065.0,67134.4,56091.9,14414.1,13181.9,0.0,60817.0,0.0,17443.9,62318.6,19424.8,82843.6,106908.5,128652.3,127951.3,148
219.1,153292.0,33719.0,33441.0,43067.0,43065.0,67123.3,56080.8,14403.0,13170.8,0.0,60817.0,0.0,17432.3,62318.9,19413.6,82832.8,106919.7,128652.3,127940.3,148
220.1,153292.0,33719.0,33441.0,43067.0,43065.0,67123.3,56080.8,14403.0,13170.8,0.0,60817.0,0.0,17430.7,62319.0,19409.8,82829.1,106923.5,128652.3,127940.3,148
221.1,153292.0,33719.0,33441.0,43067.0,43065.0,67123.3,56080.9,14403.0,13170.8,0.0,60817.0,0.0,17430.6,62319.0,19409.3,82828.6,106924.0,128652.3,127940.3,148
222.1,153292.0,33719.0,33441.0,43067.0,43065.0,67123.3,56080.9,14403.0,13170.8,0.0,60817.0,0.0,17436.5,62319.0,19415.4,82834.7,106917.9,128652.3,127940.3,148
223.1,153292.0,33719.0,33441.0,43067.0,43065.0,67123.3,56080.9,14403.0,13170.8,0.0,60816.7,0.0,17430.5,62318.7,19411.6,82830.5,106921.8,128652.3,127940.0,148
224.1,153292.0,33719.0,33441.0,43067.0,43065.0,67123.3,56080.9,14403.0,13170.8,0.0,60816.7,0.0,17430.5,62318.7,19410.8,82829.8,106922.5,128652.3,127940.0,148
225.1,153292.0,33719.0,33441.0,43067.0,43065.0,67123.3,56080.9,14403.0,13170.8,0.0,60816.7,0.0,17430.6,62318.7,19411.3,82830.2,106922.1,128652.3,127940.0,148
226.1,153292.0,33719.0,33441.0,43067.0,43065.0,67123.3,56080.9,14403.1,13170.9,0.0,60816.7,0.0,17430.5,62318.5,19411.4,82830.2,106921.9,128652.3,127940.1,148
227.1,153292.0,33719.0,33441.0,43067.0,43065.0,67123.3,56080.9,14403.1,13170.9,0.0,60816.7,0.0,17430.5,62318.5,19408.8,82827.6,106924.5,128652.3,127940.1,148
228.1,153292.0,33719.0,33441.0,43067.0,43065.0,67123.3,56080.9,14403.1,13170.9,0.0,60816.7,0.0,17429.6,62318.5,19409.0,82827.8,106924.3,128652.3,127940.1,148
229.1,153292.0,33719.0,33441.0,43067.0,43065.0,67123.3,56080.9,14403.1,13170.9,0.0,60816.7,0.0,17429.1,62318.5,19409.6,82828.4,106923.7,128652.3,127940.1,148
230.1,153292.0,33719.0,33441.0,43067.0,43065.0,67123.3,56080.9,14403.1,13170.9,0.0,60816.7,0.0,17429.2,62318.7,19408.8,82827.7,106924.5,128652.3,127940.1,148
231.1,153292.0,33719.0,33441.0,43067.0,43065.0,67123.3,56080.9,14403.1,13170.9,0.0,60816.7,0.0,17429.7,62318.7,19410.7,82829.6,106922.7,128652.3,127940.1,148
232.1,153292.0,33719.0,33441.0,43067.0,43065.0,67123.3,56080.9,14403.1,13170.9,0.0,60816.9,0.0,17428.8,62318.8,19410.8,82829.9,106922.5,128652.3,127940.2,148
233.1,153292.0,33719.0,33441.0,43067.0,43065.0,67123.3,56080.9,14403.1,13170.9,0.0,60816.9,0.0,17429.2,62318.8,19411.8,82830.8,106921.6,128652.3,127940.2,148
234.1,153292.0,33719.0,33441.0,43067.0,43065.0,67123.3,56080.9,14403.1,13170.9,0.0,60816.9,0.0,17429.0,62318.8,19411.3,82830.4,106922.0,128652.3,127940.2,148
235.1,153292.0,33719.0,33441.0,43067.0,43065.0,67123.3,56080.9,14403.1,13170.9,0.0,60816.9,0.0,17429.2,62318.8,19410.3,82829.4,106923.0,128652.3,127940.2,148
236.1,153292.0,33719.0,33441.0,43067.0,43065.0,67123.4,56080.9,14403.1,13170.9,0.0,60816.9,0.0,17429.4,62318.8,19412.1,82831.2,106921.2,128652.3,127940.2,148
237.1,153292.0,33719.0,33441.0,43067.0,43065.0,67123.4,56080.9,14403.1,13170.9,0.0,60816.9,0.0,17429.5,62318.8,19413.0,82832.1,106920.3,128652.3,127940.2,148
238.1,153292.0,33719.0,33441.0,43067.0,43065.0,67123.4,56080.9,14403.1,13170.9,0.0,60816.9,0.0,17429.4,62318.8,19413.1,82832.2,106920.3,128652.3,127940.2,148
239.1,153292.0,33719.0,33441.0,43067.0,43065.0,67162.2,56112.6,14434.8,13202.6,0.0,60816.9,0.0,17457.4,62318.8,19440.1,82859.2,106893.2,128652.3,127979.0,148
240.1,153292.0,33719.0,33441.0,43067.0,43065.0,67167.1,56117.6,14439.7,13207.5,0.0,60816.9,0.0,17466.3,62319.0,19449.8,82869.1,106883.5,128652.3,127984.0,148
241.1,153292.0,33719.0,33441.0,43067.0,43065.0,67167.1,56117.6,14439.8,13207.6,0.0,60816.9,0.0,17466.1,62319.0,19451.2,82870.5,106882.1,128652.3,127984.0,148
242.1,153564.0,33719.0,33713.0,43067.0,43065.0,67167.1,56117.6,14439.8,13207.6,0.0,60816.9,0.0,17466.3,62319.0,19451.7,82871.0,106881.6,128652.3,127984.0,148
243.1,153564.0,33719.0,33713.0,43067.0,43065.0,67167.4,56117.8,14440.0,13207.8,0.0,60816.9,0.0,17466.6,62319.1,19450.3,82869.6,106883.0,128652.3,127984.3,148
244.1,153564.0,33719.0,33713.0,43067.0,43065.0,67169.7,56120.1,14442.3,13210.1,0.0,60816.9,0.0,17468.8,62319.1,19457.9,82877.3,106875.4,128652.3,127986.6,148
245.1,153564.0,33719.0,33713.0,43067.0,43065.0,67169.7,56120.1,14442.3,13210.1,0.0,60817.2,0.0,17470.7,62319.0,19459.6,82878.8,106873.7,128652.3,127986.9,148
246.1,153564.0,33719.0,33713.0,43067.0,43065.0,67169.7,56120.2,14442.3,13210.1,0.0,60817.2,0.0,17471.1,62319.0,19460.9,82880.1,106872.4,128652.3,127986.9,148
247.1,153564.0,33719.0,33713.0,43067.0,43065.0,67169.7,56120.2,14442.3,13210.1,0.0,60817.2,0.0,17471.1,62319.0,19460.8,82880.1,106872.5,128652.3,127986.9,148
248.1,153564.0,33719.0,33713.0,43067.0,43065.0,67169.7,56120.2,14442.3,13210.1,0.0,60817.2,0.0,17471.1,62319.0,19459.4,82878.6,106874.0,128652.3,127986.9,148
249.1,153564.0,33719.0,33713.0,43067.0,43065.0,67169.7,56120.2,14442.3,13210.1,0.0,60817.2,0.0,17472.6,62319.0,19461.3,82880.5,106872.1,128652.3,127986.9,148
250.1,153564.0,33719.0,33713.0,43067.0,43065.0,67175.2,56125.7,14447.8,13215.6,0.0,60817.2,0.0,17476.9,62319.0,19461.7,82880.9,106871.6,128652.3,127992.4,148
251.1,153564.0,33719.0,33713.0,43067.0,43065.0,67175.2,56125.7,14447.8,13215.6,0.0,60817.2,0.0,17478.0,62318.9,19467.6,82886.8,106865.7,128652.3,127992.4,148
252.1,153564.0,33719.0,33713.0,43067.0,43065.0,67175.2,56125.7,14447.8,13215.7,0.0,60817.2,0.0,17478.0,62319.0,19468.1,82887.4,106865.2,128652.3,127992.4,148
253.1,153564.0,33719.0,33713.0,43067.0,43065.0,67175.2,56125.7,14447.8,13215.7,0.0,60817.2,0.0,17478.0,62318.7,19468.3,82887.2,106865.1,128652.3,127992.4,148
254.1,153564.0,33719.0,33713.0,43067.0,43065.0,67175.2,56125.7,14447.8,13215.7,0.0,60817.4,0.0,17475.8,62318.8,19468.1,82887.2,106865.2,128652.3,127992.5,148
255.1,153564.0,33719.0,33713.0,43067.0,43065.0,67175.2,56125.7,14447.8,13215.7,0.0,60817.4,0.0,17475.8,62318.8,19466.7,82885.8,106866.6,128652.3,127992.6,148
256.1,153564.0,33719.0,33713.0,43067.0,43065.0,67175.2,56125.7,14447.8,13215.7,0.0,60817.4,0.0,17475.9,62318.8,19467.5,82886.6,106865.8,128652.3,127992.6,148
257.1,153564.0,33719.0,33713.0,43067.0,43065.0,67175.2,56125.7,14447.8,13215.7,0.0,60817.4,0.0,17475.8,62318.8,19466.8,82885.9,106866.5,128652.3,127992.6,148
258.1,153564.0,33719.0,33713.0,43067.0,43065.0,67175.2,56125.7,14447.8,13215.7,0.0,60817.4,0.0,17475.9,62318.8,19467.1,82886.1,106866.2,128652.3,127992.6,148
259.1,153564.0,33719.0,33713.0,43067.0,43065.0,67175.2,56125.7,14447.8,13215.7,0.0,60817.4,0.0,17475.8,62318.8,19465.0,82884.1,106868.3,128652.3,127992.6,148
260.1,153564.0,33719.0,33713.0,43067.0,43065.0,67175.2,56125.7,14447.8,13215.7,0.0,60817.4,0.0,17475.9,62318.8,19465.1,82884.2,106868.2,128652.3,127992.6,148
261.1,153564.0,33719.0,33713.0,43067.0,43065.0,67175.2,56125.7,14447.8,13215.7,0.0,60817.4,0.0,17475.6,62318.8,19462.2,82881.2,106871.2,128652.3,127992.6,148
262.1,153566.0,33719.0,33713.0,43067.0,43067.0,67175.2,56125.7,14447.8,13215.7,0.0,60817.4,0.0,17475.9,62319.1,19462.7,82882.0,106870.6,128652.3,127992.6,148
263.1,153566.0,33719.0,33713.0,43067.0,43067.0,67175.2,56125.7,14447.8,13215.7,0.0,60817.4,0.0,17476.0,62319.1,19460.9,82880.2,106872.4,128652.3,127992.6,148
264.1,153566.0,33719.0,33713.0,43067.0,43067.0,67175.2,56125.7,14447.8,13215.7,0.0,60817.4,0.0,17476.0,62319.1,19462.5,82881.9,106870.8,128652.3,127992.6,148
265.1,153566.0,33719.0,33713.0,43067.0,43067.0,67175.2,56125.7,14447.8,13215.7,0.0,60817.4,0.0,17476.2,62319.1,19456.7,82876.1,106876.6,128652.3,127992.6,148
266.1,153566.0,33719.0,33713.0,43067.0,43067.0,67175.2,56125.7,14447.9,13215.7,0.0,60817.4,0.0,17476.1,62320.2,19458.3,82878.8,106875.0,128652.3,127992.6,148
267.1,153566.0,33719.0,33713.0,43067.0,43067.0,67175.2,56125.7,14447.9,13215.7,0.0,60817.4,0.0,17476.1,62320.2,19459.1,82879.6,106874.2,128652.3,127992.6,148
268.1,153566.0,33719.0,33713.0,43067.0,43067.0,67175.2,56125.7,14447.9,13215.7,0.0,60817.5,0.0,17476.1,62320.7,19456.4,82877.4,106876.9,128652.3,127992.8,148
269.1,153566.0,33719.0,33713.0,43067.0,43067.0,67175.2,56125.7,14447.9,13215.7,0.0,60817.5,0.0,17476.0,62320.7,19454.2,82875.2,106879.1,128652.3,127992.8,148
270.1,153566.0,33719.0,33713.0,43067.0,43067.0,67175.2,56125.7,14447.8,13215.7,0.0,60817.6,0.0,17476.2,62320.3,19454.5,82875.1,106878.8,128652.3,127992.8,148
271.1,153566.0,33719.0,33713.0,43067.0,43067.0,67236.1,56186.5,14508.7,13276.5,0.0,60817.6,0.0,17535.7,62322.0,19530.3,82952.6,106803.0,128652.3,128053.6,148
272.1,153566.0,33719.0,33713.0,43067.0,43067.0,67236.1,56186.6,14508.7,13276.6,0.0,60817.6,0.0,17537.1,62320.8,19522.2,82943.3,106811.1,128652.3,128053.7,148
273.1,153566.0,33719.0,33713.0,43067.0,43067.0,67236.1,56186.6,14508.7,13276.6,0.0,60817.6,0.0,17537.1,62320.8,19521.9,82943.0,106811.4,128652.3,128053.7,148
274.1,153566.0,33719.0,33713.0,43067.0,43067.0,67236.1,56186.6,14508.7,13276.6,0.0,60817.6,0.0,17537.1,62320.8,19523.3,82944.3,106810.1,128652.3,128053.7,148
275.1,153566.0,33719.0,33713.0,43067.0,43067.0,67236.1,56186.6,14508.7,13276.6,0.0,60817.6,0.0,17537.1,62320.4,19524.0,82944.7,106809.3,128652.3,128053.7,148
276.1,153566.0,33719.0,33713.0,43067.0,43067.0,67236.1,56186.6,14508.8,13276.6,0.0,60817.6,0.0,17537.0,62320.4,19523.9,82944.5,106809.5,128652.3,128053.7,148
277.1,153566.0,33719.0,33713.0,43067.0,43067.0,67236.1,56186.6,14508.8,13276.6,0.0,60817.6,0.0,17537.1,62320.4,19525.0,82945.7,106808.3,128652.3,128053.7,148
278.1,153566.0,33719.0,33713.0,43067.0,43067.0,67236.1,56186.6,14508.8,13276.6,0.0,60817.6,0.0,17537.1,62320.4,19525.4,82946.1,106807.9,128652.3,128053.7,148
279.1,153566.0,33719.0,33713.0,43067.0,43067.0,67236.1,56186.6,14508.8,13276.6,0.0,60817.6,0.0,17537.1,62320.4,19525.9,82946.6,106807.4,128652.3,128053.7,148
280.1,153566.0,33719.0,33713.0,43067.0,43067.0,67236.1,56186.6,14508.8,13276.6,0.0,60817.7,0.0,17537.2,62320.5,19526.0,82946.8,106807.3,128652.3,128053.8,148
281.1,153566.0,33719.0,33713.0,43067.0,43067.0,67236.1,56186.6,14508.8,13276.6,0.0,60817.7,0.0,17538.5,62320.5,19528.3,82949.1,106805.0,128652.3,128053.9,148
282.1,153566.0,33719.0,33713.0,43067.0,43067.0,67236.1,56186.6,14508.8,13276.6,0.0,60817.7,0.0,17538.3,62320.5,19528.1,82949.0,106805.2,128652.3,128053.9,148
283.1,153566.0,33719.0,33713.0,43067.0,43067.0,67236.1,56186.6,14508.8,13276.6,0.0,60817.7,0.0,17538.4,62320.5,19528.2,82949.0,106805.1,128652.3,128053.9,148
284.1,153566.0,33719.0,33713.0,43067.0,43067.0,67236.1,56186.6,14508.8,13276.6,0.0,60817.7,0.0,17538.4,62320.5,19527.4,82948.2,106805.9,128652.3,128053.9,148
285.1,153566.0,33719.0,33713.0,43067.0,43067.0,67236.1,56186.6,14508.8,13276.6,0.0,60817.7,0.0,17537.9,62320.6,19526.5,82947.3,106806.8,128652.3,128053.9,148
286.1,153566.0,33719.0,33713.0,43067.0,43067.0,67236.2,56186.6,14508.8,13276.6,0.0,60817.7,0.0,17538.3,62320.6,19528.0,82948.9,106805.3,128652.3,128053.9,148
287.1,153566.0,33719.0,33713.0,43067.0,43067.0,67236.2,56186.6,14508.8,13276.6,0.0,60817.7,0.0,17537.9,62320.6,19527.4,82948.3,106805.9,128652.3,128053.9,148
288.1,153566.0,33719.0,33713.0,43067.0,43067.0,67185.3,56135.8,14457.9,13225.8,0.0,60817.7,0.0,17487.2,62321.0,19476.8,82898.1,106856.5,128652.3,128003.0,148
289.1,153566.0,33719.0,33713.0,43067.0,43067.0,67185.3,56135.8,14457.9,13225.8,0.0,60817.8,0.0,17487.0,62320.4,19475.2,82895.9,106858.1,128652.3,128003.1,148
290.1,153566.0,33719.0,33713.0,43067.0,43067.0,67185.3,56135.8,14457.9,13225.8,0.0,60817.9,0.0,17487.0,62320.5,19473.8,82894.7,106859.5,128652.3,128003.2,148
291.1,153566.0,33719.0,33713.0,43067.0,43067.0,67185.4,56135.9,14458.1,13225.9,0.0,60817.9,0.0,17487.1,62320.5,19473.4,82894.3,106859.9,128652.3,128003.3,148
292.1,153566.0,33719.0,33713.0,43067.0,43067.0,67185.4,56135.9,14458.1,13225.9,0.0,60817.9,0.0,17487.2,62320.5,19471.8,82892.6,106861.5,128652.3,128003.3,148
293.1,153566.0,33719.0,33713.0,43067.0,43067.0,67185.4,56135.9,14458.1,13225.9,0.0,60817.9,0.0,17487.2,62320.6,19470.8,82891.7,106862.5,128652.3,128003.4,148
294.1,153566.0,33719.0,33713.0,43067.0,43067.0,67185.4,56135.9,14458.1,13225.9,0.0,60817.9,0.0,17487.4,62320.6,19471.5,82892.4,106861.8,128652.3,128003.4,148
295.1,153566.0,33719.0,33713.0,43067.0,43067.0,67185.4,56135.9,14458.1,13225.9,0.0,60817.9,0.0,17487.2,62320.6,19468.9,82889.8,106864.4,128652.3,128003.4,148
296.1,153566.0,33719.0,33713.0,43067.0,43067.0,67185.5,56135.9,14458.1,13225.9,0.0,60817.9,0.0,17487.7,62320.6,19469.7,82890.6,106863.6,128652.3,128003.4,148
297.1,153566.0,33719.0,33713.0,43067.0,43067.0,67185.5,56135.9,14458.1,13225.9,0.0,60817.9,0.0,17487.4,62320.6,19470.2,82891.0,106863.1,128652.3,128003.4,148
298.1,153566.0,33719.0,33713.0,43067.0,43067.0,67185.5,56135.9,14458.1,13225.9,0.0,60817.9,0.0,17487.4,62320.6,19470.9,82891.7,106862.4,128652.3,128003.4,148
299.1,153566.0,33719.0,33713.0,43067.0,43067.0,67185.7,56136.2,14458.4,13226.2,0.0,60817.9,0.0,17487.7,62320.3,19471.8,82892.4,106861.5,128652.3,128003.7,148
300.1,153566.0,33719.0,33713.0,43067.0,43067.0,67201.1,56151.6,14473.7,13241.6,0.0,60817.9,0.0,17502.9,62321.2,19490.2,82911.8,106843.0,128652.3,128019.0,148
301.1,153566.0,33719.0,33713.0,43067.0,43067.0,67203.7,56154.2,14476.3,13244.2,0.0,60817.9,0.0,17505.7,62320.4,19490.6,82911.4,106842.7,128652.3,128021.6,148
302.1,153566.0,33719.0,33713.0,43067.0,43067.0,67206.9,56157.3,14479.5,13247.3,0.0,60817.9,0.0,17508.9,62320.1,19487.5,82907.9,106845.8,128652.3,128024.8,148
303.1,153566.0,33719.0,33713.0,43067.0,43067.0,67206.9,56157.3,14479.5,13247.3,0.0,60817.9,0.0,17508.9,62320.1,19484.8,82905.2,106848.5,128652.3,128024.8,148
304.1,153566.0,33719.0,33713.0,43067.0,43067.0,67206.9,56157.3,14479.5,13247.3,0.0,60817.9,0.0,17508.9,62320.1,19485.2,82905.6,106848.1,128652.3,128024.8,148
305.1,153566.0,33719.0,33713.0,43067.0,43067.0,67206.9,56157.3,14479.5,13247.3,0.0,60818.1,0.0,17508.9,62320.3,19485.4,82906.0,106847.9,128652.3,128024.9,148
306.1,153566.0,33719.0,33713.0,43067.0,43067.0,67206.9,56157.3,14479.5,13247.3,0.0,60818.1,0.0,17508.9,62320.3,19488.5,82909.1,106844.8,128652.3,128024.9,148
307.1,153566.0,33719.0,33713.0,43067.0,43067.0,67206.9,56157.3,14479.5,13247.3,0.0,60818.1,0.0,17508.8,62320.3,19488.0,82908.6,106845.3,128652.3,128024.9,148
308.1,153566.0,33719.0,33713.0,43067.0,43067.0,67206.9,56157.3,14479.5,13247.3,0.0,60818.1,0.0,17508.9,62320.3,19487.8,82908.4,106845.5,128652.3,128024.9,148
309.1,153566.0,33719.0,33713.0,43067.0,43067.0,67206.9,56157.3,14479.5,13247.3,0.0,60818.1,0.0,17508.8,62320.3,19487.6,82908.1,106845.7,128652.3,128024.9,148
310.1,153566.0,33719.0,33713.0,43067.0,43067.0,67206.9,56157.3,14479.5,13247.3,0.0,60818.1,0.0,17509.1,62320.3,19487.7,82908.3,106845.6,128652.3,128024.9,148
311.1,153566.0,33719.0,33713.0,43067.0,43067.0,67206.9,56157.3,14479.5,13247.3,0.0,60818.1,0.0,17510.3,62320.3,19489.5,82910.1,106843.7,128652.3,128024.9,148
312.1,153566.0,33719.0,33713.0,43067.0,43067.0,67206.9,56157.3,14479.5,13247.3,0.0,60818.1,0.0,17510.5,62320.3,19491.0,82911.6,106842.3,128652.3,128025.0,148
313.1,153566.0,33719.0,33713.0,43067.0,43067.0,67206.9,56157.3,14479.5,13247.3,0.0,60818.1,0.0,17510.5,62320.3,19490.1,82910.7,106843.2,128652.3,128025.0,148
314.1,153566.0,33719.0,33713.0,43067.0,43067.0,67206.9,56157.3,14479.5,13247.3,0.0,60818.1,0.0,17510.0,62320.3,19491.0,82911.7,106842.2,128652.3,128025.0,148
315.1,153566.0,33719.0,33713.0,43067.0,43067.0,67206.9,56157.3,14479.5,13247.3,0.0,60818.1,0.0,17510.5,62320.3,19491.2,82911.8,106842.1,128652.3,128025.0,148
316.1,153566.0,33719.0,33713.0,43067.0,43067.0,67207.0,56157.5,14479.6,13247.5,0.0,60818.1,0.0,17510.6,62320.7,19493.6,82914.6,106839.7,128652.3,128025.1,148
317.1,153566.0,33719.0,33713.0,43067.0,43067.0,67207.0,56157.5,14479.6,13247.5,0.0,60818.1,0.0,17510.6,62320.7,19494.7,82915.7,106838.6,128652.3,128025.1,148
318.1,153566.0,33719.0,33713.0,43067.0,43067.0,67207.0,56157.5,14479.6,13247.5,0.0,60818.1,0.0,17510.6,62320.7,19494.5,82915.5,106838.8,128652.3,128025.1,148
319.1,153566.0,33719.0,33713.0,43067.0,43067.0,67207.0,56157.5,14479.6,13247.5,0.0,60818.1,0.0,17510.6,62320.7,19492.0,82913.0,106841.3,128652.3,128025.1,148
320.1,153566.0,33719.0,33713.0,43067.0,43067.0,67207.0,56157.5,14479.6,13247.5,0.0,60818.1,0.0,17510.6,62320.7,19492.3,82913.4,106840.9,128652.3,128025.1,148
321.1,153566.0,33719.0,33713.0,43067.0,43067.0,67207.0,56157.5,14479.6,13247.5,0.0,60818.1,0.0,17510.7,62320.7,19494.7,82915.8,106838.5,128652.3,128025.1,148
322.1,153566.0,33719.0,33713.0,43067.0,43067.0,67207.0,56157.5,14479.6,13247.5,0.0,60818.1,0.0,17510.6,62320.7,19493.8,82914.8,106839.5,128652.3,128025.1,148
323.1,153566.0,33719.0,33713.0,43067.0,43067.0,67207.0,56157.5,14479.6,13247.5,0.0,60818.1,0.0,17510.6,62320.7,19492.9,82913.9,106840.4,128652.3,128025.1,148
324.1,153566.0,33719.0,33713.0,43067.0,43067.0,67207.0,56157.5,14479.6,13247.5,0.0,60818.1,0.0,17511.1,62320.7,19492.9,82913.9,106840.4,128652.3,128025.1,148
325.1,153566.0,33719.0,33713.0,43067.0,43067.0,67207.0,56157.5,14479.6,13247.5,0.0,60818.1,0.0,17510.4,62320.7,19492.9,82913.9,106840.4,128652.3,128025.1,148
326.1,153566.0,33719.0,33713.0,43067.0,43067.0,67207.0,56157.5,14479.6,13247.5,0.0,60818.1,0.0,17510.8,62320.7,19493.1,82914.2,106840.2,128652.3,128025.1,148
327.1,153566.0,33719.0,33713.0,43067.0,43067.0,67207.0,56157.5,14479.6,13247.5,0.0,60818.2,0.0,17510.6,62320.8,19494.5,82915.6,106838.8,128652.3,128025.2,148
328.1,153566.0,33719.0,33713.0,43067.0,43067.0,67207.0,56157.5,14479.6,13247.5,0.0,60818.3,0.0,17510.7,62321.1,19496.0,82917.5,106837.2,128652.3,128025.3,148
329.1,153566.0,33719.0,33713.0,43067.0,43067.0,67207.0,56157.5,14479.6,13247.5,0.0,60818.3,0.0,17510.6,62321.1,19496.4,82917.8,106836.9,128652.3,128025.3,148
330.1,153566.0,33719.0,33713.0,43067.0,43067.0,67207.0,56157.5,14479.6,13247.5,0.0,60818.3,0.0,17510.6,62321.1,19495.9,82917.4,106837.3,128652.3,128025.3,148
331.1,153566.0,33719.0,33713.0,43067.0,43067.0,67207.0,56157.5,14479.6,13247.5,0.0,60818.3,0.0,17510.6,62321.1,19498.1,82919.6,106835.2,128652.3,128025.3,148
332.1,153566.0,33719.0,33713.0,43067.0,43067.0,67207.0,56157.5,14479.6,13247.5,0.0,60818.3,0.0,17510.7,62321.1,19498.2,82919.7,106835.0,128652.3,128025.3,148
333.1,153566.0,33719.0,33713.0,43067.0,43067.0,67207.0,56157.5,14479.6,13247.5,0.0,60818.3,0.0,17510.7,62321.1,19495.7,82917.2,106837.5,128652.3,128025.3,148
334.1,153566.0,33719.0,33713.0,43067.0,43067.0,67207.0,56157.5,14479.6,13247.5,0.0,60818.3,0.0,17510.7,62321.1,19495.6,82917.0,106837.7,128652.3,128025.3,148
335.1,153566.0,33719.0,33713.0,43067.0,43067.0,67207.0,56157.5,14479.6,13247.5,0.0,60818.3,0.0,17510.8,62321.1,19493.7,82915.2,106839.5,128652.3,128025.3,148
336.1,153566.0,33719.0,33713.0,43067.0,43067.0,67207.0,56157.5,14479.6,13247.5,0.0,60818.3,0.0,17510.9,62321.1,19494.4,82915.9,106838.8,128652.3,128025.3,148
337.1,153566.0,33719.0,33713.0,43067.0,43067.0,67207.0,56157.5,14479.6,13247.5,0.0,60818.3,0.0,17510.7,62321.1,19495.1,82916.5,106838.2,128652.3,128025.3,148
338.1,153566.0,33719.0,33713.0,43067.0,43067.0,67207.0,56157.5,14479.6,13247.5,0.0,60818.3,0.0,17510.6,62321.1,19495.1,82916.6,106838.1,128652.3,128025.3,148
339.1,153566.0,33719.0,33713.0,43067.0,43067.0,67207.0,56157.5,14479.6,13247.5,0.0,60818.3,0.0,17511.2,62321.1,19493.9,82915.4,106839.4,128652.3,128025.3,148
340.1,153566.0,33719.0,33713.0,43067.0,43067.0,67207.0,56157.5,14479.6,13247.5,0.0,60818.3,0.0,17512.6,62321.1,19493.6,82915.1,106839.7,128652.3,128025.3,148
341.1,153566.0,33719.0,33713.0,43067.0,43067.0,67207.0,56157.5,14479.6,13247.5,0.0,60818.3,0.0,17513.6,62321.2,19494.9,82916.4,106838.4,128652.3,128025.3,148
342.1,153566.0,33719.0,33713.0,43067.0,43067.0,67207.0,56157.5,14479.6,13247.5,0.0,60818.5,0.0,17513.9,62321.3,19494.5,82916.1,106838.8,128652.3,128025.5,148
343.1,153566.0,33719.0,33713.0,43067.0,43067.0,67207.0,56157.5,14479.6,13247.5,0.0,60818.5,0.0,17513.9,62321.3,19494.7,82916.3,106838.6,128652.3,128025.5,148
344.1,153566.0,33719.0,33713.0,43067.0,43067.0,67207.0,56157.5,14479.6,13247.5,0.0,60818.5,0.0,17513.9,62321.3,19495.1,82916.8,106838.1,128652.3,128025.5,148
345.1,153566.0,33719.0,33713.0,43067.0,43067.0,67207.0,56157.5,14479.6,13247.5,0.0,60818.5,0.0,17512.0,62321.3,19492.0,82913.7,106841.2,128652.3,128025.5,148
346.1,153566.0,33719.0,33713.0,43067.0,43067.0,67213.7,56164.2,14486.3,13254.2,0.0,60818.5,0.0,17519.0,62321.2,19494.2,82915.7,106839.0,128652.3,128032.2,148
347.1,153566.0,33719.0,33713.0,43067.0,43067.0,67213.7,56164.2,14486.3,13254.2,0.0,60818.5,0.0,17518.8,62321.2,19496.2,82917.7,106837.0,128652.3,128032.2,148
348.1,153566.0,33719.0,33713.0,43067.0,43067.0,67213.7,56164.2,14486.3,13254.2,0.0,60818.5,0.0,17518.8,62321.2,19496.8,82918.3,106836.5,128652.3,128032.2,148
349.1,153566.0,33719.0,33713.0,43067.0,43067.0,67222.8,56173.3,14495.4,13263.2,0.0,60818.5,0.0,17527.6,62322.2,19509.2,82931.7,106824.0,128652.3,128041.3,148
350.1,153566.0,33719.0,33713.0,43067.0,43067.0,67222.8,56173.3,14495.4,13263.3,0.0,60818.5,0.0,17527.8,62322.1,19505.4,82927.9,106827.8,128652.3,128041.3,148
351.1,153566.0,33719.0,33713.0,43067.0,43067.0,67222.8,56173.3,14495.5,13263.3,0.0,60818.5,0.0,17528.1,62322.1,19507.9,82930.4,106825.3,128652.3,128041.3,148
352.1,153566.0,33719.0,33713.0,43067.0,43067.0,67222.8,56173.3,14495.5,13263.3,0.0,60818.5,0.0,17527.9,62322.1,19509.8,82932.2,106823.5,128652.3,128041.3,148
353.1,153566.0,33719.0,33713.0,43067.0,43067.0,67222.8,56173.3,14495.5,13263.3,0.0,60818.5,0.0,17527.9,62322.1,19509.1,82931.6,106824.1,128652.3,128041.3,148
354.1,153566.0,33719.0,33713.0,43067.0,43067.0,67222.8,56173.3,14495.5,13263.3,0.0,60818.5,0.0,17527.6,62322.1,19508.9,82931.4,106824.3,128652.3,128041.3,148
355.1,153566.0,33719.0,33713.0,43067.0,43067.0,67222.8,56173.3,14495.5,13263.3,0.0,60818.5,0.0,17528.0,62322.1,19509.6,82932.1,106823.6,128652.3,128041.3,148
356.1,153566.0,33719.0,33713.0,43067.0,43067.0,67222.8,56173.3,14495.5,13263.3,0.0,60818.5,0.0,17527.9,62322.1,19510.2,82932.7,106823.0,128652.3,128041.4,148
357.1,153566.0,33719.0,33713.0,43067.0,43067.0,67222.8,56173.3,14495.5,13263.3,0.0,60818.5,0.0,17528.2,62322.1,19510.9,82933.4,106822.3,128652.3,128041.4,148
358.1,153566.0,33719.0,33713.0,43067.0,43067.0,67222.8,56173.3,14495.5,13263.3,0.0,60818.5,0.0,17528.3,62322.1,19511.2,82933.7,106822.1,128652.3,128041.4,148
359.1,153566.0,33719.0,33713.0,43067.0,43067.0,67222.8,56173.3,14495.5,13263.3,0.0,60818.5,0.0,17528.2,62322.1,19512.0,82934.5,106821.2,128652.3,128041.4,148
360.1,153566.0,33719.0,33713.0,43067.0,43067.0,67222.8,56173.3,14495.5,13263.3,0.0,60818.5,0.0,17528.3,62322.1,19512.5,82935.0,106820.7,128652.3,128041.4,148
361.1,153566.0,33719.0,33713.0,43067.0,43067.0,67222.9,56173.3,14495.5,13263.3,0.0,60818.5,0.0,17528.2,62322.1,19511.3,82933.8,106821.9,128652.3,128041.4,148
362.1,153566.0,33719.0,33713.0,43067.0,43067.0,67222.9,56173.3,14495.5,13263.3,0.0,60818.5,0.0,17528.2,62322.1,19511.4,82933.9,106821.8,128652.3,128041.4,148
363.1,153566.0,33719.0,33713.0,43067.0,43067.0,67222.9,56173.3,14495.5,13263.3,0.0,60818.7,0.0,17528.3,62322.3,19511.5,82934.1,106821.7,128652.3,128041.5,148
364.1,153840.0,33991.0,33713.0,43067.0,43069.0,67222.9,56173.3,14495.5,13263.3,0.0,60818.7,0.0,17528.3,62322.3,19512.5,82935.1,106820.8,128652.3,128041.5,148
365.1,153840.0,33991.0,33713.0,43067.0,43069.0,67244.6,56191.7,14513.9,13281.7,0.0,60818.7,0.0,17546.7,62322.3,19526.1,82948.7,106807.1,128652.3,128063.2,148
366.1,153840.0,33991.0,33713.0,43067.0,43069.0,67244.8,56192.0,14514.1,13281.9,0.0,60818.7,0.0,17546.9,62322.8,19581.2,83004.4,106752.0,128652.3,128063.4,148
367.1,153840.0,33991.0,33713.0,43067.0,43069.0,67208.1,56155.3,14477.5,13245.3,0.0,60818.7,0.0,17510.2,62322.5,19487.1,82910.0,106846.1,128652.3,128026.8,148
368.1,153840.0,33991.0,33713.0,43067.0,43069.0,67208.1,56155.3,14477.5,13245.3,0.0,60818.7,0.0,17510.2,62322.5,19487.0,82909.9,106846.2,128652.3,128026.8,148
369.1,153840.0,33991.0,33713.0,43067.0,43069.0,67208.1,56155.3,14477.5,13245.3,0.0,60818.7,0.0,17510.7,62322.5,19485.4,82908.2,106847.9,128652.3,128026.8,148
370.1,153840.0,33991.0,33713.0,43067.0,43069.0,67208.1,56155.3,14477.5,13245.3,0.0,60818.7,0.0,17510.7,62322.5,19484.5,82907.4,106848.7,128652.3,128026.8,148
371.1,153840.0,33991.0,33713.0,43067.0,43069.0,67208.1,56155.3,14477.5,13245.3,0.0,60818.7,0.0,17506.8,62322.5,19481.6,82904.5,106851.6,128652.3,128026.8,148
372.1,153840.0,33991.0,33713.0,43067.0,43069.0,67208.1,56155.3,14477.5,13245.3,0.0,60818.7,0.0,17506.8,62322.5,19481.3,82904.2,106851.9,128652.3,128026.8,148
373.1,153840.0,33991.0,33713.0,43067.0,43069.0,67208.1,56155.3,14477.5,13245.3,0.0,60818.7,0.0,17506.8,62322.5,19479.1,82901.9,106854.2,128652.3,128026.8,148
374.1,153840.0,33991.0,33713.0,43067.0,43069.0,67208.1,56155.3,14477.5,13245.3,0.0,60818.7,0.0,17506.8,62322.8,19476.5,82899.7,106856.7,128652.3,128026.8,148
375.1,153840.0,33991.0,33713.0,43067.0,43069.0,67208.1,56155.3,14477.5,13245.3,0.0,60818.7,0.0,17506.8,62322.1,19479.3,82901.8,106854.0,128652.3,128026.8,148
376.1,153840.0,33991.0,33713.0,43067.0,43069.0,67208.2,56155.3,14477.5,13245.3,0.0,60818.7,0.0,17507.1,62322.1,19481.2,82903.7,106852.0,128652.3,128026.9,148
377.1,153840.0,33991.0,33713.0,43067.0,43069.0,67208.2,56155.3,14477.5,13245.3,0.0,60818.8,0.0,17507.1,62322.3,19482.5,82905.2,106850.7,128652.3,128027.0,148
378.1,153840.0,33991.0,33713.0,43067.0,43069.0,67208.4,56155.5,14477.7,13245.5,0.0,60818.8,0.0,17507.3,62322.1,19485.8,82908.2,106847.5,128652.3,128027.2,148
379.1,153840.0,33991.0,33713.0,43067.0,43069.0,67208.4,56155.5,14477.7,13245.5,0.0,60818.8,0.0,17507.3,62322.1,19486.2,82908.7,106847.0,128652.3,128027.2,148
380.1,153840.0,33991.0,33713.0,43067.0,43069.0,67208.4,56155.5,14477.7,13245.5,0.0,60818.8,0.0,17507.3,62322.1,19486.3,82908.7,106847.0,128652.3,128027.2,148
381.1,153840.0,33991.0,33713.0,43067.0,43069.0,67208.4,56155.6,14477.8,13245.6,0.0,60818.8,0.0,17507.3,62322.1,19487.3,82909.7,106846.0,128652.3,128027.3,148
382.1,153840.0,33991.0,33713.0,43067.0,43069.0,67208.4,56155.6,14477.8,13245.6,0.0,60818.8,0.0,17507.4,62322.1,19484.7,82907.1,106848.5,128652.3,128027.3,148
383.1,153840.0,33991.0,33713.0,43067.0,43069.0,67208.4,56155.6,14477.8,13245.6,0.0,60818.8,0.0,17507.4,62322.1,19485.1,82907.5,106848.2,128652.3,128027.3,148
384.1,153840.0,33991.0,33713.0,43067.0,43069.0,67208.4,56155.6,14477.8,13245.6,0.0,60818.8,0.0,17507.6,62322.1,19486.0,82908.5,106847.2,128652.3,128027.3,148
385.1,153840.0,33991.0,33713.0,43067.0,43069.0,67209.7,56156.8,14479.0,13246.8,0.0,60818.8,0.0,17508.7,62322.6,19489.5,82912.5,106843.7,128652.3,128028.5,148
386.1,153840.0,33991.0,33713.0,43067.0,43069.0,67209.7,56156.8,14479.0,13246.8,0.0,60818.8,0.0,17508.8,62322.6,19489.1,82912.1,106844.1,128652.3,128028.5,148
387.1,153840.0,33991.0,33713.0,43067.0,43069.0,67209.7,56156.8,14479.0,13246.8,0.0,60818.8,0.0,17508.7,62322.6,19487.6,82910.6,106845.7,128652.3,128028.5,148
388.1,153840.0,33991.0,33713.0,43067.0,43069.0,67209.7,56156.8,14479.0,13246.8,0.0,60818.8,0.0,17508.7,62322.6,19486.8,82909.8,106846.4,128652.3,128028.5,148
389.1,153840.0,33991.0,33713.0,43067.0,43069.0,67209.7,56156.8,14479.0,13246.8,0.0,60818.8,0.0,17508.7,62322.6,19487.0,82910.0,106846.2,128652.3,128028.5,148
390.1,153840.0,33991.0,33713.0,43067.0,43069.0,67209.7,56156.8,14479.0,13246.8,0.0,60818.8,0.0,17508.7,62322.6,19486.9,82909.9,106846.4,128652.3,128028.5,148
391.1,153840.0,33991.0,33713.0,43067.0,43069.0,67209.7,56156.9,14479.0,13246.8,0.0,60818.9,0.0,17508.6,62322.6,19487.5,82910.6,106845.7,128652.3,128028.5,148
392.1,153840.0,33991.0,33713.0,43067.0,43069.0,67209.7,56156.9,14479.0,13246.9,0.0,60818.9,0.0,17508.7,62322.6,19481.2,82904.2,106852.0,128652.3,128028.5,148
393.1,153840.0,33991.0,33713.0,43067.0,43069.0,67209.7,56156.9,14479.0,13246.9,0.0,60818.9,0.0,17508.7,62322.5,19480.0,82902.9,106853.2,128652.3,128028.5,148
394.1,153840.0,33991.0,33713.0,43067.0,43069.0,67209.7,56156.9,14479.0,13246.9,0.0,60818.9,0.0,17508.8,62322.5,19482.5,82905.4,106850.7,128652.3,128028.6,148
395.1,153840.0,33991.0,33713.0,43067.0,43069.0,67209.7,56156.9,14479.0,13246.9,0.0,60818.9,0.0,17508.8,62322.5,19482.3,82905.2,106850.9,128652.3,128028.6,148
396.1,153840.0,33991.0,33713.0,43067.0,43069.0,67209.7,56156.9,14479.1,13246.9,0.0,60818.9,0.0,17508.8,62322.5,19481.4,82904.3,106851.8,128652.3,128028.6,148
397.1,153840.0,33991.0,33713.0,43067.0,43069.0,67239.1,56186.3,14508.5,13276.3,0.0,60818.9,0.0,17537.9,62322.6,19506.0,82929.0,106827.2,128652.3,128058.1,148
398.1,153840.0,33991.0,33713.0,43067.0,43069.0,67239.1,56186.3,14508.5,13276.3,0.0,60818.9,0.0,17538.1,62322.4,19505.9,82928.6,106827.3,128652.3,128058.1,148
399.1,153840.0,33991.0,33713.0,43067.0,43069.0,67228.5,56175.7,14497.8,13265.7,0.0,60819.1,0.0,17527.5,62322.5,19495.4,82918.3,106837.8,128652.3,128047.6,148
400.1,153840.0,33991.0,33713.0,43067.0,43069.0,67228.5,56175.7,14497.9,13265.7,0.0,60819.1,0.0,17527.1,62322.1,19496.0,82918.5,106837.2,128652.3,128047.6,148
401.1,153840.0,33991.0,33713.0,43067.0,43069.0,67228.5,56175.7,14497.9,13265.7,0.0,60819.1,0.0,17528.5,62322.1,19498.6,82921.1,106834.6,128652.3,128047.6,148
402.1,153840.0,33991.0,33713.0,43067.0,43069.0,67228.6,56175.7,14497.9,13265.7,0.0,60819.1,0.0,17539.5,62321.9,19508.3,82930.6,106824.9,128652.3,128047.6,148
403.1,153840.0,33991.0,33713.0,43067.0,43069.0,67228.6,56175.7,14497.9,13265.7,0.0,60818.8,0.0,17528.7,62321.6,19502.4,82924.3,106830.8,128652.3,128047.4,148
404.1,153840.0,33991.0,33713.0,43067.0,43069.0,67228.6,56175.7,14497.9,13265.7,0.0,60818.8,0.0,17528.7,62321.6,19502.7,82924.7,106830.5,128652.3,128047.4,148
405.1,153840.0,33991.0,33713.0,43067.0,43069.0,67228.6,56175.7,14497.9,13265.7,0.0,60818.8,0.0,17528.8,62321.6,19504.7,82926.6,106828.5,128652.3,128047.4,148
406.1,153840.0,33991.0,33713.0,43067.0,43069.0,67228.6,56175.8,14497.9,13265.8,0.0,60818.8,0.0,17528.9,62321.7,19508.1,82930.2,106825.1,128652.3,128047.4,148
407.1,153840.0,33991.0,33713.0,43067.0,43069.0,67228.6,56175.8,14497.9,13265.8,0.0,60818.8,0.0,17528.8,62321.2,19508.6,82930.1,106824.6,128652.3,128047.4,148
408.1,153840.0,33991.0,33713.0,43067.0,43069.0,67228.6,56175.8,14497.9,13265.8,0.0,60818.8,0.0,17528.8,62321.2,19507.3,82928.9,106825.9,128652.3,128047.4,148
409.1,153840.0,33991.0,33713.0,43067.0,43069.0,67228.6,56175.8,14497.9,13265.8,0.0,60818.8,0.0,17528.7,62321.2,19505.9,82927.5,106827.2,128652.3,128047.4,148
410.1,153840.0,33991.0,33713.0,43067.0,43069.0,67229.1,56176.3,14498.4,13266.3,0.0,60818.8,0.0,17529.3,62321.0,19500.8,82922.2,106832.4,128652.3,128047.9,148
411.1,153840.0,33991.0,33713.0,43067.0,43069.0,67229.1,56176.3,14498.5,13266.3,0.0,60818.8,0.0,17529.3,62320.8,19503.1,82924.3,106830.1,128652.3,128048.0,148
412.1,153840.0,33991.0,33713.0,43067.0,43069.0,67229.1,56176.3,14498.5,13266.3,0.0,60818.8,0.0,17529.3,62320.8,19502.9,82924.1,106830.3,128652.3,128048.0,148
413.1,153840.0,33991.0,33713.0,43067.0,43069.0,67229.1,56176.3,14498.5,13266.3,0.0,60818.9,0.0,17529.3,62320.9,19503.7,82925.0,106829.5,128652.3,128048.1,148
414.1,153840.0,33991.0,33713.0,43067.0,43069.0,67229.3,56176.4,14498.6,13266.4,0.0,60819.0,0.0,17529.5,62320.9,19504.5,82925.8,106828.7,128652.3,128048.2,148
415.1,153840.0,33991.0,33713.0,43067.0,43069.0,67204.4,56151.6,14473.8,13241.6,0.0,60819.0,0.0,17536.5,62322.5,19514.9,82937.8,106818.3,128652.3,128023.4,148
416.1,153840.0,33991.0,33713.0,43067.0,43069.0,67204.5,56151.6,14473.8,13241.6,0.0,60819.0,0.0,17503.9,62321.5,19479.5,82901.4,106853.7,128652.3,128023.4,148
417.1,153840.0,33991.0,33713.0,43067.0,43069.0,67204.5,56151.6,14473.8,13241.6,0.0,60819.0,0.0,17504.0,62321.3,19478.7,82900.5,106854.5,128652.3,128023.4,148
418.1,153840.0,33991.0,33713.0,43067.0,43069.0,67204.5,56151.6,14473.8,13241.6,0.0,60819.0,0.0,17504.0,62321.3,19479.8,82901.6,106853.3,128652.3,128023.4,148
419.1,153840.0,33991.0,33713.0,43067.0,43069.0,67204.5,56151.6,14473.8,13241.6,0.0,60819.0,0.0,17504.0,62321.3,19479.8,82901.6,106853.3,128652.3,128023.4,148
420.1,153840.0,33991.0,33713.0,43067.0,43069.0,67204.5,56151.6,14473.8,13241.6,0.0,60819.0,0.0,17505.9,62321.3,19480.5,82902.3,106852.7,128652.3,128023.5,148
421.1,153840.0,33991.0,33713.0,43067.0,43069.0,67204.5,56151.7,14473.8,13241.7,0.0,60819.0,0.0,17506.1,62321.4,19481.6,82903.3,106851.6,128652.3,128023.5,148
422.1,153840.0,33991.0,33713.0,43067.0,43069.0,67204.5,56151.7,14473.8,13241.7,0.0,60819.0,0.0,17506.3,62321.4,19483.8,82905.6,106849.3,128652.3,128023.5,148
423.2,153840.0,33991.0,33713.0,43067.0,43069.0,67210.7,56157.9,14480.1,13247.9,0.0,60819.0,0.0,17512.2,62321.2,19488.8,82910.4,106844.4,128652.3,128029.7,148
424.2,153840.0,33991.0,33713.0,43067.0,43069.0,67210.7,56157.9,14480.1,13247.9,0.0,60819.0,0.0,17510.4,62321.9,19487.9,82910.2,106845.3,128652.3,128029.7,148
425.2,153840.0,33991.0,33713.0,43067.0,43069.0,67210.7,56157.9,14480.1,13247.9,0.0,60819.3,0.0,17510.4,62322.2,19482.2,82904.8,106850.9,128652.3,128030.0,148
426.2,153840.0,33991.0,33713.0,43067.0,43069.0,67210.7,56157.9,14480.1,13247.9,0.0,60819.3,0.0,17510.4,62322.2,19481.8,82904.4,106851.4,128652.3,128030.1,148
427.2,153840.0,33991.0,33713.0,43067.0,43069.0,67210.7,56157.9,14480.1,13247.9,0.0,60819.3,0.0,17510.5,62322.2,19482.7,82905.3,106850.5,128652.3,128030.1,148
428.2,153840.0,33991.0,33713.0,43067.0,43069.0,67210.7,56157.9,14480.1,13247.9,0.0,60819.3,0.0,17510.4,62322.2,19482.3,82904.9,106850.9,128652.3,128030.1,148
429.2,153840.0,33991.0,33713.0,43067.0,43069.0,67218.8,56166.0,14488.1,13256.0,0.0,60819.3,0.0,17520.1,62322.2,19495.9,82918.5,106837.3,128652.3,128038.2,148
430.2,153840.0,33991.0,33713.0,43067.0,43069.0,67218.8,56166.0,14488.2,13256.0,0.0,60819.3,0.0,17520.8,62322.3,19497.2,82919.8,106836.0,128652.3,128038.2,148
431.2,153840.0,33991.0,33713.0,43067.0,43069.0,67218.9,56166.0,14488.1,13256.0,0.0,60819.3,0.0,17518.3,62322.1,19498.9,82921.4,106834.3,128652.3,128038.2,148
432.2,153840.0,33991.0,33713.0,43067.0,43069.0,67218.9,56166.0,14488.2,13256.0,0.0,60819.3,0.0,17518.1,62322.1,19498.3,82920.8,106834.8,128652.3,128038.2,148
433.2,153840.0,33991.0,33713.0,43067.0,43069.0,67218.9,56166.0,14488.2,13256.0,0.0,60819.5,0.0,17518.0,62322.2,19495.0,82917.7,106838.1,128652.3,128038.3,148
434.2,153840.0,33991.0,33713.0,43067.0,43069.0,67218.9,56166.0,14488.2,13256.0,0.0,60819.5,0.0,17518.1,62322.2,19496.2,82918.9,106836.9,128652.3,128038.3,148
435.2,153840.0,33991.0,33713.0,43067.0,43069.0,67218.9,56166.0,14488.2,13256.0,0.0,60819.5,0.0,17518.1,62322.2,19496.0,82918.6,106837.2,128652.3,128038.3,148
436.2,153840.0,33991.0,33713.0,43067.0,43069.0,67218.9,56166.0,14488.2,13256.0,0.0,60819.5,0.0,17516.2,62322.2,19493.0,82915.7,106840.1,128652.3,128038.4,148
437.2,153840.0,33991.0,33713.0,43067.0,43069.0,67218.9,56166.0,14488.2,13256.0,0.0,60819.5,0.0,17516.9,62322.2,19494.4,82917.0,106838.8,128652.3,128038.4,148
438.2,153840.0,33991.0,33713.0,43067.0,43069.0,67218.9,56166.0,14488.2,13256.0,0.0,60819.5,0.0,17516.8,62322.2,19491.8,82914.4,106841.4,128652.3,128038.4,148
439.2,153840.0,33991.0,33713.0,43067.0,43069.0,67218.9,56166.0,14488.2,13256.0,0.0,60819.5,0.0,17516.9,62322.2,19491.5,82914.1,106841.7,128652.3,128038.4,148
440.2,153840.0,33991.0,33713.0,43067.0,43069.0,67229.6,56176.8,14498.9,13266.7,0.0,60819.5,0.0,17527.1,62322.2,19500.9,82923.6,106832.2,128652.3,128049.1,148
441.2,153840.0,33991.0,33713.0,43067.0,43069.0,67231.6,56178.8,14500.9,13268.8,0.0,60819.5,0.0,17529.5,62324.2,19500.9,82925.6,106832.3,128652.3,128051.1,148
442.2,153840.0,33991.0,33713.0,43067.0,43069.0,67229.5,56176.6,14498.8,13266.6,0.0,60819.5,0.0,17527.4,62323.1,19503.5,82927.0,106829.7,128652.3,128049.0,148
443.2,153840.0,33991.0,33713.0,43067.0,43069.0,67245.7,56192.8,14515.0,13282.8,0.0,60819.5,0.0,17501.8,62323.1,19477.8,82901.3,106855.4,128652.3,128065.2,148
444.2,153840.0,33991.0,33713.0,43067.0,43069.0,67208.8,56156.0,14478.1,13246.0,0.0,60819.5,0.0,17506.8,62322.1,19486.1,82908.6,106847.1,128652.3,128028.3,148
445.2,153840.0,33991.0,33713.0,43067.0,43069.0,67208.8,56156.0,14478.1,13246.0,0.0,60819.5,0.0,17506.8,62322.1,19486.9,82909.4,106846.3,128652.3,128028.3,148
446.2,153840.0,33991.0,33713.0,43067.0,43069.0,67208.8,56156.0,14478.1,13246.0,0.0,60819.5,0.0,17507.3,62322.1,19484.9,82907.5,106848.2,128652.3,128028.3,148
447.2,153842.0,33991.0,33713.0,43069.0,43069.0,67208.8,56156.0,14478.2,13246.0,0.0,60819.5,0.0,17506.9,62322.1,19482.6,82905.1,106850.6,128652.3,128028.3,148
448.2,153842.0,33991.0,33713.0,43069.0,43069.0,67233.6,56180.7,14502.9,13270.7,0.0,60819.5,0.0,17507.1,62322.1,19484.2,82906.7,106849.0,128652.3,128053.1,148
449.2,153842.0,33991.0,33713.0,43069.0,43069.0,67233.6,56180.7,14502.9,13270.7,0.0,60819.5,0.0,17531.7,62322.6,19507.1,82930.2,106826.0,128652.3,128053.1,148
450.2,153842.0,33991.0,33713.0,43069.0,43069.0,67233.6,56180.7,14502.9,13270.7,0.0,60819.7,0.0,17531.6,62322.3,19508.5,82931.2,106824.7,128652.3,128053.2,148
451.2,153842.0,33991.0,33713.0,43069.0,43069.0,67233.6,56180.7,14502.9,13270.7,0.0,60819.7,0.0,17531.5,62322.3,19508.2,82930.9,106825.0,128652.3,128053.2,148
452.2,153842.0,33991.0,33713.0,43069.0,43069.0,67233.6,56180.7,14502.9,13270.7,0.0,60819.7,0.0,17531.6,62322.3,19508.6,82931.4,106824.5,128652.3,128053.2,148
453.2,153842.0,33991.0,33713.0,43069.0,43069.0,67233.6,56180.7,14502.9,13270.7,0.0,60819.7,0.0,17531.9,62322.2,19510.5,82933.2,106822.6,128652.3,128053.2,148
454.2,153842.0,33991.0,33713.0,43069.0,43069.0,67233.6,56180.7,14502.9,13270.7,0.0,60819.7,0.0,17532.0,62322.2,19511.7,82934.4,106821.4,128652.3,128053.2,148
455.2,153842.0,33991.0,33713.0,43069.0,43069.0,67233.6,56180.7,14502.9,13270.7,0.0,60819.7,0.0,17531.9,62322.2,19513.8,82936.5,106819.3,128652.3,128053.2,148
456.2,153842.0,33991.0,33713.0,43069.0,43069.0,67233.6,56180.7,14502.9,13270.7,0.0,60819.7,0.0,17532.0,62322.2,19512.7,82935.4,106820.4,128652.3,128053.2,148
457.2,153842.0,33991.0,33713.0,43069.0,43069.0,67233.6,56180.7,14502.9,13270.7,0.0,60819.7,0.0,17533.5,62322.2,19513.4,82936.0,106819.8,128652.3,128053.2,148
458.2,153842.0,33991.0,33713.0,43069.0,43069.0,67233.6,56180.7,14502.9,13270.7,0.0,60819.7,0.0,17534.3,62322.2,19513.7,82936.4,106819.4,128652.3,128053.3,148
459.2,153842.0,33991.0,33713.0,43069.0,43069.0,67233.6,56180.7,14502.9,13270.7,0.0,60819.7,0.0,17534.3,62322.2,19513.3,82936.0,106819.8,128652.3,128053.3,148
460.2,153842.0,33991.0,33713.0,43069.0,43069.0,67233.6,56180.7,14502.9,13270.7,0.0,60819.7,0.0,17532.2,62322.2,19513.8,82936.4,106819.4,128652.3,128053.3,148
461.2,153842.0,33991.0,33713.0,43069.0,43069.0,67233.6,56180.7,14502.9,13270.7,0.0,60819.7,0.0,17532.1,62322.2,19515.7,82938.4,106817.4,128652.3,128053.3,148
462.2,153842.0,33991.0,33713.0,43069.0,43069.0,67233.6,56180.7,14502.9,13270.7,0.0,60819.7,0.0,17532.1,62322.2,19515.9,82938.6,106817.3,128652.3,128053.3,148
463.2,153842.0,33991.0,33713.0,43069.0,43069.0,67233.6,56180.7,14502.9,13270.7,0.0,60819.7,0.0,17532.1,62322.2,19513.6,82936.3,106819.5,128652.3,128053.3,148
464.2,153842.0,33991.0,33713.0,43069.0,43069.0,67233.6,56180.7,14502.9,13270.7,0.0,60819.7,0.0,17531.6,62322.2,19511.6,82934.3,106821.6,128652.3,128053.3,148
465.2,153842.0,33991.0,33713.0,43069.0,43069.0,67233.6,56180.7,14502.9,13270.7,0.0,60819.7,0.0,17531.8,62322.2,19512.8,82935.5,106820.3,128652.3,128053.3,148
466.2,153842.0,33991.0,33713.0,43069.0,43069.0,67239.4,56186.6,14508.8,13276.6,0.0,60819.7,0.0,17531.9,62322.2,19513.3,82935.9,106819.9,128652.3,128059.1,148
467.2,153842.0,33991.0,33713.0,43069.0,43069.0,67239.5,56186.7,14508.9,13276.7,0.0,60819.9,0.0,17537.8,62322.6,19516.5,82939.6,106816.6,128652.3,128059.4,148
468.2,153842.0,33991.0,33713.0,43069.0,43069.0,67239.5,56186.7,14508.9,13276.7,0.0,60819.9,0.0,17538.2,62322.6,19514.7,82937.8,106818.4,128652.3,128059.4,148
469.2,153842.0,33991.0,33713.0,43069.0,43069.0,67239.5,56186.7,14508.9,13276.7,0.0,60819.9,0.0,17538.0,62322.4,19518.6,82941.5,106814.5,128652.3,128059.4,148
470.2,153842.0,33991.0,33713.0,43069.0,43069.0,67239.5,56186.7,14508.9,13276.7,0.0,60819.9,0.0,17538.6,62322.3,19517.2,82940.0,106815.9,128652.3,128059.4,148
471.2,153842.0,33991.0,33713.0,43069.0,43069.0,67239.5,56186.7,14508.9,13276.7,0.0,60819.9,0.0,17537.9,62322.4,19517.9,82940.8,106815.2,128652.3,128059.4,148
472.2,153842.0,33991.0,33713.0,43069.0,43069.0,67239.5,56186.7,14508.9,13276.7,0.0,60819.9,0.0,17537.9,62322.4,19516.2,82939.1,106816.9,128652.3,128059.4,148
473.2,153842.0,33991.0,33713.0,43069.0,43069.0,67239.5,56186.7,14508.9,13276.7,0.0,60819.9,0.0,17537.9,62322.4,19516.8,82939.7,106816.3,128652.3,128059.4,148
474.2,153842.0,33991.0,33713.0,43069.0,43069.0,67239.5,56186.7,14508.9,13276.7,0.0,60819.9,0.0,17538.1,62322.4,19518.5,82941.4,106814.6,128652.3,128059.4,148
475.2,153842.0,33991.0,33713.0,43069.0,43069.0,67239.5,56186.7,14508.9,13276.7,0.0,60819.9,0.0,17538.2,62322.4,19518.0,82940.9,106815.1,128652.3,128059.4,148
476.2,153842.0,33991.0,33713.0,43069.0,43069.0,67239.6,56186.7,14508.9,13276.7,0.0,60819.9,0.0,17538.2,62322.4,19520.7,82943.6,106812.5,128652.3,128059.4,148
477.2,153842.0,33991.0,33713.0,43069.0,43069.0,67239.6,56186.7,14508.9,13276.7,0.0,60819.9,0.0,17538.7,62322.4,19520.0,82942.9,106813.1,128652.3,128059.4,148
478.2,153842.0,33991.0,33713.0,43069.0,43069.0,67247.4,56194.6,14516.8,13284.6,0.0,60819.9,0.0,17546.1,62322.4,19528.0,82950.9,106805.2,128652.3,128067.3,148
479.2,153842.0,33991.0,33713.0,43069.0,43069.0,67247.4,56194.6,14516.8,13284.6,0.0,60819.9,0.0,17546.1,62322.5,19530.4,82953.3,106802.7,128652.3,128067.3,148
480.2,153842.0,33991.0,33713.0,43069.0,43069.0,67247.4,56194.6,14516.8,13284.6,0.0,60819.9,0.0,17547.7,62322.5,19532.9,82955.8,106800.3,128652.3,128067.3,148
481.2,153842.0,33991.0,33713.0,43069.0,43069.0,67247.4,56194.6,14516.8,13284.6,0.0,60819.9,0.0,17548.2,62322.5,19533.4,82956.3,106799.7,128652.3,128067.3,148
482.2,153842.0,33991.0,33713.0,43069.0,43069.0,67247.4,56194.6,14516.8,13284.6,0.0,60819.9,0.0,17548.2,62322.5,19531.5,82954.4,106801.6,128652.3,128067.3,148
483.2,153842.0,33991.0,33713.0,43069.0,43069.0,67247.4,56194.6,14516.8,13284.6,0.0,60819.9,0.0,17548.3,62322.5,19532.2,82955.2,106800.9,128652.3,128067.3,148
484.2,153842.0,33991.0,33713.0,43069.0,43069.0,67247.4,56194.6,14516.8,13284.6,0.0,60819.9,0.0,17548.2,62322.5,19529.9,82952.8,106803.3,128652.3,128067.3,148
485.2,153842.0,33991.0,33713.0,43069.0,43069.0,67247.4,56194.6,14516.8,13284.6,0.0,60820.0,0.0,17548.3,62323.4,19532.8,82956.7,106800.4,128652.3,128067.5,148
486.2,153842.0,33991.0,33713.0,43069.0,43069.0,67257.5,56204.7,14526.9,13294.7,0.0,60820.0,0.0,17556.5,62322.1,19538.9,82961.4,106794.2,128652.3,128077.5,148
487.2,153842.0,33991.0,33713.0,43069.0,43069.0,67257.5,56204.7,14526.9,13294.7,0.0,60820.0,0.0,17556.2,62322.2,19540.9,82963.6,106792.2,128652.3,128077.6,148
488.2,153842.0,33991.0,33713.0,43069.0,43069.0,67257.5,56204.7,14526.9,13294.7,0.0,60820.0,0.0,17556.7,62322.2,19540.9,82963.6,106792.2,128652.3,128077.6,148
489.2,153842.0,33991.0,33713.0,43069.0,43069.0,67257.5,56204.7,14526.9,13294.7,0.0,60820.0,0.0,17556.2,62322.2,19540.4,82963.1,106792.7,128652.3,128077.6,148
490.2,153842.0,33991.0,33713.0,43069.0,43069.0,67257.5,56204.7,14526.9,13294.7,0.0,60820.0,0.0,17556.2,62322.0,19533.8,82956.4,106799.3,128652.3,128077.6,148
491.2,153842.0,33991.0,33713.0,43069.0,43069.0,67257.5,56204.7,14526.8,13294.7,0.0,60820.0,0.0,17560.7,62322.4,19538.6,82961.5,106794.5,128652.3,128077.6,148
492.2,153842.0,33991.0,33713.0,43069.0,43069.0,67257.5,56204.7,14526.8,13294.7,0.0,60820.0,0.0,17561.2,62322.4,19538.1,82961.0,106795.0,128652.3,128077.6,148
493.2,153842.0,33991.0,33713.0,43069.0,43069.0,67257.5,56204.7,14526.8,13294.7,0.0,60820.0,0.0,17561.1,62322.4,19538.2,82961.0,106794.9,128652.3,128077.6,148
494.2,153842.0,33991.0,33713.0,43069.0,43069.0,67257.5,56204.7,14526.9,13294.7,0.0,60820.1,0.0,17559.3,62322.4,19537.9,82960.8,106795.2,128652.3,128077.6,148
495.2,153842.0,33991.0,33713.0,43069.0,43069.0,67257.5,56204.7,14526.9,13294.7,0.0,60820.1,0.0,17558.9,62322.4,19537.9,82960.8,106795.2,128652.3,128077.6,148
496.2,153842.0,33991.0,33713.0,43069.0,43069.0,67257.5,56204.7,14526.9,13294.7,0.0,60820.1,0.0,17558.8,62322.4,19538.1,82961.0,106795.0,128652.3,128077.6,148
497.2,153842.0,33991.0,33713.0,43069.0,43069.0,67257.6,56204.7,14526.9,13294.7,0.0,60820.1,0.0,17559.1,62322.4,19538.8,82961.7,106794.3,128652.3,128077.6,148
498.2,153842.0,33991.0,33713.0,43069.0,43069.0,67316.1,56263.3,14585.4,13353.2,0.0,60820.1,0.0,17616.3,62325.5,19606.5,83032.4,106726.6,128652.3,128136.2,148
499.2,153842.0,33991.0,33713.0,43069.0,43069.0,67276.4,56223.6,14545.8,13313.6,0.0,60820.1,0.0,17578.2,62322.1,19557.6,82980.2,106775.5,128652.3,128096.5,148
500.2,153842.0,33991.0,33713.0,43069.0,43069.0,67276.4,56223.6,14545.8,13313.6,0.0,60820.1,0.0,17578.0,62322.1,19560.0,82982.6,106773.1,128652.3,128096.5,148
501.2,153842.0,33991.0,33713.0,43069.0,43069.0,67276.4,56223.6,14545.8,13313.6,0.0,60820.1,0.0,17577.8,62322.2,19560.3,82982.9,106772.8,128652.3,128096.5,148
502.2,153842.0,33991.0,33713.0,43069.0,43069.0,67276.4,56223.6,14545.8,13313.6,0.0,60820.1,0.0,17578.0,62322.2,19562.7,82985.4,106770.4,128652.3,128096.5,148
503.2,153842.0,33991.0,33713.0,43069.0,43069.0,67276.4,56223.6,14545.8,13313.6,0.0,60820.1,0.0,17578.0,62322.2,19562.1,82984.7,106771.0,128652.3,128096.5,148
504.2,153842.0,33991.0,33713.0,43069.0,43069.0,67276.4,56223.6,14545.8,13313.6,0.0,60820.1,0.0,17577.9,62322.2,19562.7,82985.4,106770.4,128652.3,128096.5,148
505.2,153842.0,33991.0,33713.0,43069.0,43069.0,67276.4,56223.6,14545.8,13313.6,0.0,60820.2,0.0,17578.0,62322.3,19562.7,82985.4,106770.4,128652.3,128096.7,148
506.2,153842.0,33991.0,33713.0,43069.0,43069.0,67276.4,56223.6,14545.8,13313.6,0.0,60820.2,0.0,17577.9,62322.3,19563.0,82985.8,106770.1,128652.3,128096.7,148
507.2,153842.0,33991.0,33713.0,43069.0,43069.0,67276.4,56223.6,14545.8,13313.6,0.0,60820.2,0.0,17578.0,62322.3,19563.4,82986.2,106769.6,128652.3,128096.7,148
508.2,153842.0,33991.0,33713.0,43069.0,43069.0,67276.4,56223.6,14545.8,13313.6,0.0,60820.3,0.0,17578.2,62322.3,19563.7,82986.5,106769.4,128652.3,128096.7,148
509.2,153842.0,33991.0,33713.0,43069.0,43069.0,67276.4,56223.6,14545.8,13313.6,0.0,60820.3,0.0,17578.0,62322.3,19563.2,82986.0,106769.9,128652.3,128096.7,148
510.2,153842.0,33991.0,33713.0,43069.0,43069.0,67276.4,56223.6,14545.8,13313.6,0.0,60820.3,0.0,17578.1,62322.3,19563.5,82986.3,106769.6,128652.3,128096.7,148
511.2,153842.0,33991.0,33713.0,43069.0,43069.0,67276.4,56223.6,14545.8,13313.6,0.0,60820.3,0.0,17578.0,62322.3,19565.0,82987.9,106768.1,128652.3,128096.7,148
512.2,153842.0,33991.0,33713.0,43069.0,43069.0,67276.4,56223.6,14545.8,13313.6,0.0,60820.3,0.0,17578.1,62322.3,19564.2,82987.0,106768.9,128652.3,128096.7,148
513.2,153842.0,33991.0,33713.0,43069.0,43069.0,67276.4,56223.6,14545.8,13313.6,0.0,60820.3,0.0,17577.9,62322.3,19565.5,82988.3,106767.6,128652.3,128096.7,148
514.2,153842.0,33991.0,33713.0,43069.0,43069.0,67276.4,56223.6,14545.8,13313.6,0.0,60820.3,0.0,17577.9,62322.3,19565.4,82988.2,106767.7,128652.3,128096.7,148
515.2,153842.0,33991.0,33713.0,43069.0,43069.0,67298.6,56245.7,14567.9,13335.7,0.0,60820.3,0.0,17600.2,62323.2,19590.3,83014.0,106742.7,128652.3,128118.9,148
516.2,153842.0,33991.0,33713.0,43069.0,43069.0,67263.2,56210.4,14532.6,13300.4,0.0,60820.3,0.0,17564.7,62323.2,19547.8,82971.5,106785.3,128652.3,128083.5,148
517.2,153842.0,33991.0,33713.0,43069.0,43069.0,67263.2,56210.4,14532.6,13300.4,0.0,60820.3,0.0,17566.6,62322.5,19549.6,82972.6,106783.5,128652.3,128083.5,148
518.2,153842.0,33991.0,33713.0,43069.0,43069.0,67263.2,56210.4,14532.6,13300.4,0.0,60820.3,0.0,17567.5,62322.5,19550.2,82973.2,106782.9,128652.3,128083.6,148
519.2,153842.0,33991.0,33713.0,43069.0,43069.0,67263.2,56210.4,14532.6,13300.4,0.0,60820.3,0.0,17567.2,62322.5,19552.0,82975.0,106781.1,128652.3,128083.6,148
520.2,153842.0,33991.0,33713.0,43069.0,43069.0,67263.2,56210.4,14532.6,13300.4,0.0,60820.3,0.0,17567.1,62322.5,19550.3,82973.4,106782.8,128652.3,128083.6,148
521.2,153842.0,33991.0,33713.0,43069.0,43069.0,67263.2,56210.4,14532.6,13300.4,0.0,60820.3,0.0,17563.8,62322.5,19548.7,82971.7,106784.4,128652.3,128083.6,148
522.2,153842.0,33991.0,33713.0,43069.0,43069.0,67263.2,56210.4,14532.6,13300.4,0.0,60820.5,0.0,17562.2,62322.7,19548.3,82971.5,106784.8,128652.3,128083.7,148
523.2,153842.0,33991.0,33713.0,43069.0,43069.0,67263.2,56210.4,14532.6,13300.4,0.0,60820.5,0.0,17562.2,62322.7,19548.4,82971.6,106784.7,128652.3,128083.7,148
524.2,153842.0,33991.0,33713.0,43069.0,43069.0,67263.2,56210.4,14532.6,13300.4,0.0,60820.5,0.0,17562.2,62322.7,19545.2,82968.4,106787.9,128652.3,128083.7,148
525.2,153842.0,33991.0,33713.0,43069.0,43069.0,67263.2,56210.4,14532.6,13300.4,0.0,60820.5,0.0,17562.2,62322.7,19545.4,82968.6,106787.7,128652.3,128083.7,148
526.2,153842.0,33991.0,33713.0,43069.0,43069.0,67263.2,56210.4,14532.6,13300.4,0.0,60820.5,0.0,17562.2,62322.7,19546.3,82969.5,106786.7,128652.3,128083.7,148
527.2,153842.0,33991.0,33713.0,43069.0,43069.0,67263.2,56210.4,14532.6,13300.4,0.0,60820.5,0.0,17562.2,62322.7,19544.2,82967.4,106788.8,128652.3,128083.7,148
528.2,153842.0,33991.0,33713.0,43069.0,43069.0,67263.2,56210.4,14532.6,13300.4,0.0,60820.5,0.0,17562.2,62322.7,19545.0,82968.2,106788.1,128652.3,128083.7,148
529.2,153842.0,33991.0,33713.0,43069.0,43069.0,67263.2,56210.4,14532.6,13300.4,0.0,60820.5,0.0,17562.2,62322.7,19541.8,82965.0,106791.2,128652.3,128083.7,148
530.2,153842.0,33991.0,33713.0,43069.0,43069.0,67263.2,56210.4,14532.6,13300.4,0.0,60820.5,0.0,17562.1,62322.6,19541.9,82965.0,106791.2,128652.3,128083.7,148
531.2,153842.0,33991.0,33713.0,43069.0,43069.0,67263.2,56210.4,14532.6,13300.4,0.0,60820.5,0.0,17562.7,62322.6,19543.0,82966.2,106790.0,128652.3,128083.7,148
532.2,153842.0,33991.0,33713.0,43069.0,43069.0,67263.2,56210.4,14532.6,13300.4,0.0,60820.5,0.0,17562.2,62322.6,19544.1,82967.3,106788.9,128652.3,128083.7,148
533.2,153842.0,33991.0,33713.0,43069.0,43069.0,67263.2,56210.4,14532.6,13300.4,0.0,60820.5,0.0,17562.7,62322.6,19543.7,82966.9,106789.3,128652.3,128083.7,148
534.2,153842.0,33991.0,33713.0,43069.0,43069.0,67263.2,56210.4,14532.6,13300.4,0.0,60820.5,0.0,17562.3,62322.6,19541.5,82964.7,106791.6,128652.3,128083.8,148
535.2,153842.0,33991.0,33713.0,43069.0,43069.0,67263.2,56210.4,14532.6,13300.4,0.0,60820.5,0.0,17562.2,62322.6,19541.6,82964.8,106791.4,128652.3,128083.8,148
536.2,153842.0,33991.0,33713.0,43069.0,43069.0,67263.3,56210.4,14532.6,13300.4,0.0,60820.5,0.0,17562.4,62323.1,19540.7,82964.3,106792.4,128652.3,128083.8,148
537.2,153842.0,33991.0,33713.0,43069.0,43069.0,67263.3,56210.4,14532.6,13300.4,0.0,60820.5,0.0,17562.6,62323.1,19540.9,82964.5,106792.2,128652.3,128083.8,148
538.2,153842.0,33991.0,33713.0,43069.0,43069.0,67276.5,56223.7,14545.8,13313.7,0.0,60820.5,0.0,17576.0,62323.3,19554.4,82978.2,106778.6,128652.3,128097.0,148
539.2,153842.0,33991.0,33713.0,43069.0,43069.0,67276.5,56223.7,14545.8,13313.7,0.0,60820.5,0.0,17576.0,62323.6,19555.0,82979.1,106778.1,128652.3,128097.0,148
540.2,153842.0,33991.0,33713.0,43069.0,43069.0,67277.0,56224.1,14546.3,13314.1,0.0,60820.6,0.0,17576.6,62323.9,19554.7,82979.1,106778.4,128652.3,128097.6,148
541.2,153842.0,33991.0,33713.0,43069.0,43069.0,67277.0,56224.1,14546.3,13314.1,0.0,60820.6,0.0,17576.4,62323.9,19555.3,82979.7,106777.7,128652.3,128097.6,148
542.2,153842.0,33991.0,33713.0,43069.0,43069.0,67277.0,56224.1,14546.3,13314.1,0.0,60820.6,0.0,17576.5,62323.8,19555.2,82979.6,106777.8,128652.3,128097.6,148
543.2,153842.0,33991.0,33713.0,43069.0,43069.0,67277.0,56224.1,14546.3,13314.1,0.0,60820.6,0.0,17576.6,62323.6,19556.2,82980.3,106776.9,128652.3,128097.6,148
544.2,153842.0,33991.0,33713.0,43069.0,43069.0,67277.0,56224.1,14546.3,13314.1,0.0,60820.7,0.0,17576.5,62323.6,19556.4,82980.5,106776.7,128652.3,128097.6,148
545.2,153842.0,33991.0,33713.0,43069.0,43069.0,67277.0,56224.1,14546.3,13314.1,0.0,60820.7,0.0,17576.6,62324.2,19557.2,82981.9,106775.9,128652.3,128097.6,148
546.2,153842.0,33991.0,33713.0,43069.0,43069.0,67277.0,56224.1,14546.3,13314.1,0.0,60820.7,0.0,17576.5,62323.8,19560.8,82985.1,106772.3,128652.3,128097.6,148
547.2,153842.0,33991.0,33713.0,43069.0,43069.0,67362.0,56309.2,14631.3,13399.2,0.0,60820.7,0.0,17661.3,62327.3,19668.4,83096.2,106664.7,128652.3,128182.7,148
548.2,153842.0,33991.0,33713.0,43069.0,43069.0,67270.6,56217.7,14539.9,13307.7,0.0,60820.7,0.0,17570.1,62324.3,19554.1,82979.0,106779.0,128652.3,128091.3,148
549.2,153842.0,33991.0,33713.0,43069.0,43069.0,67270.6,56217.7,14539.9,13307.7,0.0,60820.7,0.0,17570.3,62324.3,19553.7,82978.6,106779.4,128652.3,128091.3,148
550.2,153842.0,33991.0,33713.0,43069.0,43069.0,67270.6,56217.7,14539.9,13307.7,0.0,60820.7,0.0,17570.3,62324.3,19551.2,82976.1,106781.8,128652.3,128091.3,148
551.2,153842.0,33991.0,33713.0,43069.0,43069.0,67270.6,56217.7,14539.9,13307.7,0.0,60820.7,0.0,17571.6,62324.3,19554.6,82979.5,106778.4,128652.3,128091.3,148
552.2,153842.0,33991.0,33713.0,43069.0,43069.0,67270.6,56217.7,14539.9,13307.7,0.0,60820.7,0.0,17572.2,62324.3,19554.5,82979.4,106778.6,128652.3,128091.3,148
553.2,153842.0,33991.0,33713.0,43069.0,43069.0,67270.6,56217.7,14539.9,13307.7,0.0,60820.7,0.0,17572.2,62324.3,19556.3,82981.2,106776.8,128652.3,128091.3,148
554.2,153842.0,33991.0,33713.0,43069.0,43069.0,67270.6,56217.7,14539.9,13307.7,0.0,60820.7,0.0,17572.2,62324.3,19557.4,82982.3,106775.7,128652.3,128091.3,148
555.2,153842.0,33991.0,33713.0,43069.0,43069.0,67270.6,56217.7,14539.9,13307.7,0.0,60820.7,0.0,17572.2,62324.3,19557.2,82982.1,106775.8,128652.3,128091.3,148
556.2,153842.0,33991.0,33713.0,43069.0,43069.0,67270.6,56217.7,14539.9,13307.7,0.0,60820.7,0.0,17572.9,62324.3,19559.7,82984.6,106773.3,128652.3,128091.3,148
557.2,153842.0,33991.0,33713.0,43069.0,43069.0,67270.6,56217.7,14539.9,13307.7,0.0,60820.7,0.0,17573.3,62324.4,19559.9,82984.8,106773.1,128652.3,128091.3,148
558.2,153842.0,33991.0,33713.0,43069.0,43069.0,67270.6,56217.7,14539.9,13307.7,0.0,60820.7,0.0,17573.3,62324.4,19559.8,82984.7,106773.3,128652.3,128091.3,148
559.2,153842.0,33991.0,33713.0,43069.0,43069.0,67270.6,56217.7,14539.9,13307.7,0.0,60820.9,0.0,17573.4,62324.5,19560.3,82985.3,106772.8,128652.3,128091.4,148
560.2,153842.0,33991.0,33713.0,43069.0,43069.0,67270.6,56217.7,14539.9,13307.7,0.0,60820.9,0.0,17573.6,62324.5,19560.4,82985.4,106772.7,128652.3,128091.4,148
561.2,153842.0,33991.0,33713.0,43069.0,43069.0,67270.6,56217.8,14539.9,13307.7,0.0,60820.9,0.0,17573.5,62324.4,19561.2,82986.2,106771.8,128652.3,128091.5,148
562.2,153842.0,33991.0,33713.0,43069.0,43069.0,67270.6,56217.8,14539.9,13307.7,0.0,60820.9,0.0,17573.7,62324.4,19560.0,82985.0,106773.1,128652.3,128091.5,148
563.2,153842.0,33991.0,33713.0,43069.0,43069.0,67294.5,56241.7,14563.9,13331.7,0.0,60820.9,0.0,17597.7,62324.1,19583.0,83007.6,106750.1,128652.3,128115.4,148
564.2,153842.0,33991.0,33713.0,43069.0,43069.0,67294.5,56241.7,14563.9,13331.7,0.0,60820.9,0.0,17597.6,62323.6,19581.5,83005.7,106751.5,128652.3,128115.4,148
565.2,153842.0,33991.0,33713.0,43069.0,43069.0,67294.5,56241.7,14563.9,13331.7,0.0,60820.9,0.0,17598.2,62323.5,19584.0,83008.1,106749.0,128652.3,128115.4,148
566.2,153842.0,33991.0,33713.0,43069.0,43069.0,67294.5,56241.7,14563.8,13331.7,0.0,60820.9,0.0,17598.2,62323.5,19585.8,83009.8,106747.3,128652.3,128115.4,148
567.2,153842.0,33991.0,33713.0,43069.0,43069.0,67294.5,56241.7,14563.9,13331.7,0.0,60820.9,0.0,17598.2,62323.5,19583.6,83007.7,106749.4,128652.3,128115.4,148
568.2,153842.0,33991.0,33713.0,43069.0,43069.0,67294.5,56241.7,14563.9,13331.7,0.0,60820.9,0.0,17598.2,62323.6,19583.9,83008.1,106749.1,128652.3,128115.4,148
569.2,153842.0,33991.0,33713.0,43069.0,43069.0,67269.6,56216.8,14539.0,13306.8,0.0,60820.9,0.0,17606.3,62323.5,19596.6,83020.7,106736.4,128652.3,128090.5,148
570.2,153842.0,33991.0,33713.0,43069.0,43069.0,67300.6,56247.8,14569.9,13337.8,0.0,60820.9,0.0,17587.1,62323.2,19574.2,82997.9,106758.8,128652.3,128121.5,148
571.2,153842.0,33991.0,33713.0,43069.0,43069.0,67300.6,56247.8,14570.0,13337.8,0.0,60820.9,0.0,17604.4,62323.4,19589.8,83013.7,106743.2,128652.3,128121.6,148
572.2,153842.0,33991.0,33713.0,43069.0,43069.0,67300.6,56247.8,14570.0,13337.8,0.0,60821.0,0.0,17604.3,62323.4,19590.1,83014.1,106742.9,128652.3,128121.6,148
573.2,153842.0,33991.0,33713.0,43069.0,43069.0,67300.6,56247.8,14570.0,13337.8,0.0,60821.0,0.0,17604.4,62323.4,19591.4,83015.4,106741.6,128652.3,128121.6,148
574.2,153842.0,33991.0,33713.0,43069.0,43069.0,67300.6,56247.8,14570.0,13337.8,0.0,60821.0,0.0,17604.3,62323.4,19591.7,83015.6,106741.3,128652.3,128121.6,148
575.2,153842.0,33991.0,33713.0,43069.0,43069.0,67300.6,56247.8,14570.0,13337.8,0.0,60821.0,0.0,17604.3,62323.4,19591.3,83015.3,106741.7,128652.3,128121.6,148
576.2,153842.0,33991.0,33713.0,43069.0,43069.0,67300.7,56247.8,14570.0,13337.8,0.0,60821.0,0.0,17604.2,62323.4,19593.2,83017.2,106739.8,128652.3,128121.6,148
577.2,153842.0,33991.0,33713.0,43069.0,43069.0,67300.7,56247.8,14570.0,13337.8,0.0,60821.1,0.0,17604.4,62323.5,19593.5,83017.6,106739.5,128652.3,128121.7,148
578.2,153842.0,33991.0,33713.0,43069.0,43069.0,67300.7,56247.8,14570.0,13337.8,0.0,60821.1,0.0,17604.3,62323.5,19594.0,83018.1,106739.0,128652.3,128121.8,148
579.2,153842.0,33991.0,33713.0,43069.0,43069.0,67315.2,56262.4,14584.6,13352.4,0.0,60821.1,0.0,17604.3,62323.5,19594.8,83018.9,106738.2,128652.3,128136.4,148
580.2,153842.0,33991.0,33713.0,43069.0,43069.0,67277.6,56224.8,14546.9,13314.8,0.0,60821.1,0.0,17581.3,62323.9,19570.3,82994.8,106762.7,128652.3,128098.7,148
581.2,153842.0,33991.0,33713.0,43069.0,43069.0,67277.6,56224.8,14547.0,13314.8,0.0,60821.1,0.0,17581.3,62323.9,19572.7,82997.2,106760.3,128652.3,128098.7,148
582.2,153842.0,33991.0,33713.0,43069.0,43069.0,67277.6,56224.8,14547.0,13314.8,0.0,60821.1,0.0,17583.0,62323.9,19563.4,82987.9,106769.6,128652.3,128098.7,148
583.2,153842.0,33991.0,33713.0,43069.0,43069.0,67277.6,56224.8,14547.0,13314.8,0.0,60820.8,0.0,17582.9,62323.6,19564.2,82988.4,106768.8,128652.3,128098.4,148
584.2,153842.0,33991.0,33713.0,43069.0,43069.0,67277.6,56224.8,14547.0,13314.8,0.0,60820.8,0.0,17582.9,62323.6,19565.2,82989.4,106767.8,128652.3,128098.5,148
585.2,153842.0,33991.0,33713.0,43069.0,43069.0,67278.3,56225.5,14547.6,13315.5,0.0,60820.8,0.0,17583.6,62323.4,19561.4,82985.4,106771.5,128652.3,128099.1,148
586.2,153842.0,33991.0,33713.0,43069.0,43069.0,67278.3,56225.5,14547.7,13315.5,0.0,60820.8,0.0,17583.6,62323.4,19564.4,82988.4,106768.6,128652.3,128099.2,148
587.2,153842.0,33991.0,33713.0,43069.0,43069.0,67278.3,56225.5,14547.7,13315.5,0.0,60820.8,0.0,17583.7,62323.4,19563.9,82987.9,106769.1,128652.3,128099.2,148
588.2,153842.0,33991.0,33713.0,43069.0,43069.0,67278.3,56225.5,14547.7,13315.5,0.0,60820.8,0.0,17583.5,62323.4,19562.9,82986.9,106770.0,128652.3,128099.2,148
589.2,153842.0,33991.0,33713.0,43069.0,43069.0,67278.3,56225.5,14547.7,13315.5,0.0,60820.8,0.0,17583.9,62323.2,19558.4,82982.2,106774.6,128652.3,128099.2,148
590.2,153842.0,33991.0,33713.0,43069.0,43069.0,67278.3,56225.5,14547.7,13315.5,0.0,60820.8,0.0,17583.7,62323.1,19558.4,82982.1,106774.6,128652.3,128099.2,148
591.2,153842.0,33991.0,33713.0,43069.0,43069.0,67278.3,56225.5,14547.7,13315.5,0.0,60820.8,0.0,17583.6,62323.1,19560.7,82984.5,106772.3,128652.3,128099.2,148
592.2,153842.0,33991.0,33713.0,43069.0,43069.0,67278.3,56225.5,14547.7,13315.5,0.0,60820.8,0.0,17583.6,62323.1,19560.7,82984.4,106772.3,128652.3,128099.2,148
593.2,153842.0,33991.0,33713.0,43069.0,43069.0,67278.3,56225.5,14547.7,13315.5,0.0,60820.8,0.0,17583.7,62323.5,19561.2,82985.2,106771.8,128652.3,128099.2,148
594.2,153842.0,33991.0,33713.0,43069.0,43069.0,67278.3,56225.5,14547.6,13315.5,0.0,60821.1,0.0,17585.2,62323.8,19563.8,82988.2,106769.2,128652.3,128099.4,148
595.2,153842.0,33991.0,33713.0,43069.0,43069.0,67278.3,56225.5,14547.6,13315.5,0.0,60821.1,0.0,17585.8,62323.8,19562.4,82986.8,106770.6,128652.3,128099.4,148
596.2,153842.0,33991.0,33713.0,43069.0,43069.0,67278.3,56225.5,14547.7,13315.5,0.0,60821.1,0.0,17586.0,62323.8,19564.1,82988.5,106768.9,128652.3,128099.5,148
597.2,153842.0,33991.0,33713.0,43069.0,43069.0,67278.4,56225.6,14547.8,13315.6,0.0,60821.1,0.0,17586.3,62323.8,19563.7,82988.1,106769.3,128652.3,128099.6,148
598.2,153842.0,33991.0,33713.0,43069.0,43069.0,67279.1,56226.3,14548.4,13316.3,0.0,60821.1,0.0,17586.3,62323.6,19561.8,82985.9,106771.2,128652.3,128100.2,148
599.3,153842.0,33991.0,33713.0,43069.0,43069.0,67275.3,56222.4,14544.6,13312.4,0.0,60821.1,0.0,17581.0,62324.2,19557.8,82982.7,106775.2,128652.3,128096.4,148
600.3,153842.0,33991.0,33713.0,43069.0,43069.0,67313.4,56260.5,14582.7,13350.5,0.0,60821.1,0.0,17579.8,62323.9,19556.1,82980.6,106776.9,128652.3,128134.5,148
601.3,153842.0,33991.0,33713.0,43069.0,43069.0,67313.5,56260.6,14582.8,13350.6,0.0,60821.1,0.0,17618.2,62323.8,19599.5,83023.9,106733.5,128652.3,128134.6,148
602.3,153842.0,33991.0,33713.0,43069.0,43069.0,67313.5,56260.6,14582.8,13350.6,0.0,60821.1,0.0,17618.1,62323.8,19601.0,83025.4,106731.9,128652.3,128134.6,148
603.3,153842.0,33991.0,33713.0,43069.0,43069.0,67313.5,56260.6,14582.8,13350.6,0.0,60821.1,0.0,17618.0,62323.8,19600.2,83024.6,106732.8,128652.3,128134.6,148
604.3,153842.0,33991.0,33713.0,43069.0,43069.0,67313.5,56260.6,14582.8,13350.6,0.0,60821.1,0.0,17618.1,62323.8,19600.3,83024.7,106732.7,128652.3,128134.6,148
605.3,153842.0,33991.0,33713.0,43069.0,43069.0,67313.5,56260.6,14582.8,13350.6,0.0,60821.2,0.0,17618.2,62323.8,19600.8,83025.1,106732.2,128652.3,128134.6,148
606.3,153842.0,33991.0,33713.0,43069.0,43069.0,67313.5,56260.6,14582.8,13350.6,0.0,60821.5,0.0,17619.4,62324.1,19603.1,83027.8,106729.9,128652.3,128134.9,148
607.3,153842.0,33991.0,33713.0,43069.0,43069.0,67313.5,56260.6,14582.8,13350.6,0.0,60821.5,0.0,17619.6,62324.1,19603.5,83028.2,106729.4,128652.3,128135.0,148
608.3,153842.0,33991.0,33713.0,43069.0,43069.0,67313.5,56260.6,14582.8,13350.6,0.0,60821.5,0.0,17619.6,62324.1,19604.2,83029.0,106728.7,128652.3,128135.0,148
609.3,153842.0,33991.0,33713.0,43069.0,43069.0,67313.5,56260.6,14582.8,13350.6,0.0,60821.5,0.0,17619.6,62324.1,19604.2,83028.9,106728.7,128652.3,128135.0,148
610.3,153842.0,33991.0,33713.0,43069.0,43069.0,67313.5,56260.6,14582.8,13350.6,0.0,60821.6,0.0,17617.7,62324.2,19601.4,83026.2,106731.6,128652.3,128135.1,148
611.3,153842.0,33991.0,33713.0,43069.0,43069.0,67313.5,56260.7,14582.8,13350.7,0.0,60821.6,0.0,17617.4,62324.2,19604.0,83028.8,106729.0,128652.3,128135.1,148
612.3,153842.0,33991.0,33713.0,43069.0,43069.0,67313.5,56260.7,14582.8,13350.7,0.0,60821.6,0.0,17613.9,62324.2,19600.6,83025.4,106732.4,128652.3,128135.1,148
613.3,153842.0,33991.0,33713.0,43069.0,43069.0,67313.5,56260.7,14582.8,13350.7,0.0,60821.6,0.0,17613.9,62324.2,19598.2,83023.1,106734.7,128652.3,128135.1,148
614.3,153842.0,33991.0,33713.0,43069.0,43069.0,67313.5,56260.7,14582.8,13350.7,0.0,60821.6,0.0,17614.0,62324.2,19597.6,83022.5,106735.3,128652.3,128135.1,148
615.3,153842.0,33991.0,33713.0,43069.0,43069.0,67313.6,56260.8,14583.0,13350.8,0.0,60821.6,0.0,17614.0,62324.9,19600.6,83026.1,106732.4,128652.3,128135.3,148
616.3,153842.0,33991.0,33713.0,43069.0,43069.0,67313.6,56260.8,14583.0,13350.8,0.0,60821.6,0.0,17614.0,62324.6,19596.5,83021.7,106736.5,128652.3,128135.3,148
617.3,153842.0,33991.0,33713.0,43069.0,43069.0,67271.3,56218.5,14540.6,13308.5,0.0,60821.6,0.0,17572.5,62324.2,19556.4,82981.2,106776.6,128652.3,128092.9,148
618.3,153842.0,33991.0,33713.0,43069.0,43069.0,67271.3,56218.5,14540.6,13308.5,0.0,60821.6,0.0,17572.5,62324.2,19557.1,82981.9,106775.9,128652.3,128092.9,148
619.3,153842.0,33991.0,33713.0,43069.0,43069.0,67271.3,56218.5,14540.6,13308.5,0.0,60821.6,0.0,17572.5,62324.2,19557.6,82982.4,106775.4,128652.3,128092.9,148
620.3,153842.0,33991.0,33713.0,43069.0,43069.0,67288.8,56236.0,14558.2,13326.0,0.0,60821.6,0.0,17590.1,62324.5,19576.4,83001.6,106756.5,128652.3,128110.4,148
621.3,153842.0,33991.0,33713.0,43069.0,43069.0,67249.7,56196.8,14519.0,13286.8,0.0,60821.6,0.0,17551.0,62324.4,19535.5,82960.5,106797.4,128652.3,128071.3,148
622.3,153842.0,33991.0,33713.0,43069.0,43069.0,67249.7,56196.8,14519.0,13286.8,0.0,60821.6,0.0,17550.9,62324.4,19536.0,82961.0,106797.0,128652.3,128071.3,148
623.3,153842.0,33991.0,33713.0,43069.0,43069.0,67263.3,56210.4,14532.6,13300.4,0.0,60821.6,0.0,17564.2,62324.4,19548.8,82973.8,106784.1,128652.3,128084.9,148
624.3,153842.0,33991.0,33713.0,43069.0,43069.0,67263.3,56210.4,14532.6,13300.4,0.0,60821.6,0.0,17564.6,62324.3,19548.3,82973.3,106784.7,128652.3,128084.9,148
625.3,153842.0,33991.0,33713.0,43069.0,43069.0,67263.3,56210.5,14532.6,13300.4,0.0,60821.7,0.0,17566.4,62324.4,19547.1,82972.1,106785.9,128652.3,128084.9,148
626.3,153842.0,33991.0,33713.0,43069.0,43069.0,67263.3,56210.5,14532.6,13300.4,0.0,60821.7,0.0,17567.2,62324.4,19549.3,82974.4,106783.6,128652.3,128084.9,148
627.3,153842.0,33991.0,33713.0,43069.0,43069.0,67263.3,56210.5,14532.6,13300.4,0.0,60821.7,0.0,17566.8,62324.4,19546.9,82971.9,106786.0,128652.3,128084.9,148
628.3,153842.0,33991.0,33713.0,43069.0,43069.0,67263.3,56210.5,14532.6,13300.4,0.0,60821.7,0.0,17566.8,62324.4,19547.6,82972.6,106785.3,128652.3,128084.9,148
629.3,153842.0,33991.0,33713.0,43069.0,43069.0,67263.3,56210.5,14532.6,13300.4,0.0,60821.7,0.0,17566.7,62324.4,19548.4,82973.4,106784.6,128652.3,128084.9,148
630.3,153842.0,33991.0,33713.0,43069.0,43069.0,67263.3,56210.5,14532.6,13300.4,0.0,60821.7,0.0,17565.3,62324.4,19546.7,82971.7,106786.2,128652.3,128085.0,148
631.3,153842.0,33991.0,33713.0,43069.0,43069.0,67263.3,56210.5,14532.6,13300.5,0.0,60821.8,0.0,17565.2,62324.5,19547.0,82972.2,106785.9,128652.3,128085.1,148
632.3,153842.0,33991.0,33713.0,43069.0,43069.0,67263.3,56210.5,14532.6,13300.5,0.0,60821.8,0.0,17564.7,62324.5,19546.7,82971.8,106786.3,128652.3,128085.1,148
633.3,153842.0,33991.0,33713.0,43069.0,43069.0,67269.7,56216.8,14539.0,13306.8,0.0,60821.8,0.0,17564.7,62324.5,19546.7,82971.8,106786.3,128652.3,128091.5,148
634.3,153842.0,33991.0,33713.0,43069.0,43069.0,67264.6,56211.7,14533.9,13301.7,0.0,60821.8,0.0,17565.9,62324.1,19545.9,82970.7,106787.0,128652.3,128086.4,148
635.3,153842.0,33991.0,33713.0,43069.0,43069.0,67264.6,56211.7,14533.9,13301.7,0.0,60821.8,0.0,17565.9,62324.1,19546.2,82970.9,106786.8,128652.3,128086.4,148
636.3,153842.0,33991.0,33713.0,43069.0,43069.0,67271.4,56218.6,14540.8,13308.6,0.0,60821.8,0.0,17572.3,62324.1,19548.9,82973.7,106784.0,128652.3,128093.3,148
637.3,153842.0,33991.0,33713.0,43069.0,43069.0,67271.4,56218.6,14540.8,13308.6,0.0,60821.8,0.0,17572.7,62324.1,19550.1,82974.9,106782.8,128652.3,128093.3,148
638.3,153842.0,33991.0,33713.0,43069.0,43069.0,67271.4,56218.6,14540.8,13308.6,0.0,60821.8,0.0,17572.8,62324.1,19550.9,82975.6,106782.1,128652.3,128093.3,148
639.3,153842.0,33991.0,33713.0,43069.0,43069.0,67271.4,56218.6,14540.8,13308.6,0.0,60821.8,0.0,17572.8,62324.1,19548.3,82973.0,106784.7,128652.3,128093.3,148
640.3,153842.0,33991.0,33713.0,43069.0,43069.0,67271.4,56218.6,14540.8,13308.6,0.0,60821.8,0.0,17572.8,62324.1,19549.2,82974.0,106783.7,128652.3,128093.3,148
641.3,153842.0,33991.0,33713.0,43069.0,43069.0,67271.4,56218.6,14540.8,13308.6,0.0,60821.9,0.0,17572.7,62324.1,19550.4,82975.2,106782.5,128652.3,128093.3,148
642.3,153842.0,33991.0,33713.0,43069.0,43069.0,67271.4,56218.6,14540.8,13308.6,0.0,60821.9,0.0,17574.5,62324.1,19551.6,82976.3,106781.3,128652.3,128093.3,148
643.3,153842.0,33991.0,33713.0,43069.0,43069.0,67271.4,56218.6,14540.8,13308.6,0.0,60821.9,0.0,17574.4,62324.1,19552.3,82977.0,106780.7,128652.3,128093.3,148
644.3,153842.0,33991.0,33713.0,43069.0,43069.0,67284.8,56232.0,14554.2,13322.0,0.0,60821.9,0.0,17587.3,62324.2,19564.0,82988.9,106768.9,128652.3,128106.7,148
645.3,153842.0,33991.0,33713.0,43069.0,43069.0,67284.8,56232.0,14554.2,13322.0,0.0,60821.9,0.0,17587.8,62324.0,19566.0,82990.7,106766.9,128652.3,128106.7,148
646.3,153842.0,33991.0,33713.0,43069.0,43069.0,67284.9,56232.0,14554.2,13322.0,0.0,60821.9,0.0,17587.8,62324.9,19566.4,82991.9,106766.6,128652.3,128106.7,148
647.3,153842.0,33991.0,33713.0,43069.0,43069.0,67284.9,56232.0,14554.2,13322.0,0.0,60822.0,0.0,17587.9,62324.4,19567.5,82992.5,106765.4,128652.3,128106.8,148
648.3,153842.0,33991.0,33713.0,43069.0,43069.0,67284.9,56232.0,14554.2,13322.0,0.0,60822.0,0.0,17588.3,62324.4,19568.2,82993.2,106764.7,128652.3,128106.8,148
649.3,153842.0,33991.0,33713.0,43069.0,43069.0,67284.9,56232.0,14554.2,13322.0,0.0,60822.0,0.0,17587.8,62324.4,19566.8,82991.9,106766.1,128652.3,128106.8,148
650.3,153842.0,33991.0,33713.0,43069.0,43069.0,67284.9,56232.0,14554.2,13322.0,0.0,60822.0,0.0,17587.8,62324.4,19566.2,82991.2,106766.7,128652.3,128106.8,148
651.3,153842.0,33991.0,33713.0,43069.0,43069.0,67284.9,56232.1,14554.2,13322.1,0.0,60822.0,0.0,17587.9,62324.4,19567.3,82992.4,106765.6,128652.3,128106.9,148
652.3,153842.0,33991.0,33713.0,43069.0,43069.0,67284.9,56232.1,14554.2,13322.1,0.0,60822.0,0.0,17587.8,62324.4,19567.8,82992.9,106765.1,128652.3,128106.9,148
653.3,153842.0,33991.0,33713.0,43069.0,43069.0,67289.2,56236.4,14558.6,13326.4,0.0,60822.0,0.0,17589.9,62329.4,19589.9,83020.0,106743.0,128652.3,128111.2,148
654.3,153842.0,33991.0,33713.0,43069.0,43069.0,67291.0,56238.2,14560.4,13328.2,0.0,60822.0,0.0,17594.2,62325.2,19589.1,83014.9,106743.8,128652.3,128113.1,148
655.3,153842.0,33991.0,33713.0,43069.0,43069.0,67291.0,56238.2,14560.4,13328.2,0.0,60822.0,0.0,17594.0,62325.2,19589.2,83015.0,106743.7,128652.3,128113.1,148
656.3,153842.0,33991.0,33713.0,43069.0,43069.0,67291.1,56238.3,14560.4,13328.2,0.0,60822.0,0.0,17594.1,62325.2,19589.4,83015.3,106743.5,128652.3,128113.1,148
657.3,153842.0,33991.0,33713.0,43069.0,43069.0,67291.1,56238.3,14560.4,13328.2,0.0,60822.0,0.0,17594.3,62325.2,19589.1,83015.0,106743.8,128652.3,128113.1,148
658.3,153842.0,33991.0,33713.0,43069.0,43069.0,67291.1,56238.3,14560.4,13328.2,0.0,60822.0,0.0,17594.3,62325.2,19587.0,83012.9,106745.9,128652.3,128113.1,148
659.3,153842.0,33991.0,33713.0,43069.0,43069.0,67257.9,56205.1,14527.3,13295.1,0.0,60822.1,0.0,17561.3,62324.7,19549.8,82975.2,106783.1,128652.3,128080.0,148
660.3,153842.0,33991.0,33713.0,43069.0,43069.0,67257.9,56205.1,14527.3,13295.1,0.0,60822.1,0.0,17561.8,62324.2,19550.6,82975.4,106782.3,128652.3,128080.0,148
661.3,153842.0,33991.0,33713.0,43069.0,43069.0,67257.9,56205.1,14527.3,13295.1,0.0,60822.1,0.0,17561.6,62324.2,19550.9,82975.8,106782.0,128652.3,128080.0,148
662.3,153842.0,33991.0,33713.0,43069.0,43069.0,67269.9,56217.1,14539.3,13307.1,0.0,60822.1,0.0,17570.6,62324.2,19558.8,82983.8,106774.1,128652.3,128092.0,148
663.3,153842.0,33991.0,33713.0,43069.0,43069.0,67269.9,56217.1,14539.3,13307.1,0.0,60822.2,0.0,17573.9,62325.8,19565.5,82991.9,106767.4,128652.3,128092.1,148
664.3,153842.0,33991.0,33713.0,43069.0,43069.0,67302.6,56249.8,14572.0,13339.8,0.0,60822.2,0.0,17573.0,62325.1,19561.7,82987.5,106771.2,128652.3,128124.8,148
665.3,153842.0,33991.0,33713.0,43069.0,43069.0,67277.7,56224.9,14547.1,13314.9,0.0,60822.2,0.0,17581.8,62325.0,19571.2,82996.9,106761.7,128652.3,128099.9,148
666.3,153842.0,33991.0,33713.0,43069.0,43069.0,67277.8,56224.9,14547.1,13314.9,0.0,60822.2,0.0,17581.9,62325.0,19575.0,83000.6,106757.9,128652.3,128100.0,148
667.3,153842.0,33991.0,33713.0,43069.0,43069.0,67277.8,56224.9,14547.1,13314.9,0.0,60822.2,0.0,17581.9,62325.0,19574.5,83000.1,106758.4,128652.3,128100.0,148
668.3,153842.0,33991.0,33713.0,43069.0,43069.0,67277.8,56224.9,14547.1,13314.9,0.0,60822.7,0.0,17581.8,62325.4,19575.6,83001.8,106757.3,128652.3,128100.5,148
669.3,153842.0,33991.0,33713.0,43069.0,43069.0,67277.8,56224.9,14547.1,13314.9,0.0,60822.7,0.0,17581.8,62325.4,19575.8,83001.9,106757.1,128652.3,128100.4,148
670.3,153842.0,33991.0,33713.0,43069.0,43069.0,67277.8,56224.9,14547.1,13314.9,0.0,60822.7,0.0,17581.8,62325.5,19575.5,83001.6,106757.4,128652.3,128100.5,148
671.3,153842.0,33991.0,33713.0,43069.0,43069.0,67277.8,56224.9,14547.1,13314.9,0.0,60822.7,0.0,17581.7,62325.5,19575.8,83001.9,106757.1,128652.3,128100.5,148
672.3,153842.0,33991.0,33713.0,43069.0,43069.0,67277.8,56224.9,14547.1,13314.9,0.0,60822.7,0.0,17580.1,62325.5,19572.7,82998.8,106760.2,128652.3,128100.5,148
673.3,153842.0,33991.0,33713.0,43069.0,43069.0,67277.8,56224.9,14547.1,13314.9,0.0,60822.7,0.0,17579.8,62325.5,19572.8,82999.0,106760.1,128652.3,128100.5,148
674.3,153842.0,33991.0,33713.0,43069.0,43069.0,67285.0,56232.2,14554.4,13322.2,0.0,60822.7,0.0,17587.2,62324.8,19587.0,83012.6,106745.9,128652.3,128107.8,148
675.3,153842.0,33991.0,33713.0,43069.0,43069.0,67285.0,56232.2,14554.4,13322.2,0.0,60822.7,0.0,17585.7,62325.2,19587.9,83013.8,106745.0,128652.3,128107.8,148
676.3,153842.0,33991.0,33713.0,43069.0,43069.0,67285.0,56232.2,14554.4,13322.2,0.0,60822.8,0.0,17585.8,62325.2,19588.2,83014.0,106744.7,128652.3,128107.8,148
677.3,153842.0,33991.0,33713.0,43069.0,43069.0,67285.0,56232.2,14554.4,13322.2,0.0,60822.8,0.0,17585.8,62325.2,19586.1,83011.9,106746.8,128652.3,128107.8,148
678.3,153842.0,33991.0,33713.0,43069.0,43069.0,67285.0,56232.2,14554.4,13322.2,0.0,60822.8,0.0,17585.8,62325.2,19586.1,83011.9,106746.9,128652.3,128107.8,148
679.3,153842.0,33991.0,33713.0,43069.0,43069.0,67285.0,56232.2,14554.4,13322.2,0.0,60822.8,0.0,17585.8,62325.2,19586.5,83012.4,106746.4,128652.3,128107.8,148
680.3,153842.0,33991.0,33713.0,43069.0,43069.0,67285.0,56232.2,14554.4,13322.2,0.0,60822.8,0.0,17585.8,62325.2,19587.2,83013.1,106745.7,128652.3,128107.8,148
681.3,153842.0,33991.0,33713.0,43069.0,43069.0,67285.0,56232.2,14554.4,13322.2,0.0,60822.8,0.0,17585.8,62325.2,19585.7,83011.6,106747.2,128652.3,128107.8,148
682.3,153842.0,33991.0,33713.0,43069.0,43069.0,67285.0,56232.2,14554.4,13322.2,0.0,60822.8,0.0,17585.9,62325.2,19582.4,83008.2,106750.5,128652.3,128107.8,148
683.3,153842.0,33991.0,33713.0,43069.0,43069.0,67285.0,56232.2,14554.4,13322.2,0.0,60822.8,0.0,17585.9,62325.2,19582.8,83008.7,106750.1,128652.3,128107.8,148
684.3,153842.0,33991.0,33713.0,43069.0,43069.0,67285.0,56232.2,14554.4,13322.2,0.0,60822.8,0.0,17585.9,62325.2,19583.2,83009.0,106749.7,128652.3,128107.8,148
685.3,153842.0,33991.0,33713.0,43069.0,43069.0,67285.0,56232.2,14554.4,13322.2,0.0,60822.9,0.0,17586.0,62325.3,19582.2,83008.2,106750.7,128652.3,128107.9,148
686.3,153842.0,33991.0,33713.0,43069.0,43069.0,67285.1,56232.2,14554.4,13322.2,0.0,60822.9,0.0,17586.2,62325.3,19579.7,83005.7,106753.2,128652.3,128108.0,148
687.3,153842.0,33991.0,33713.0,43069.0,43069.0,67285.1,56232.2,14554.4,13322.2,0.0,60822.9,0.0,17586.0,62325.8,19579.7,83006.1,106753.2,128652.3,128108.0,148
688.3,153842.0,33991.0,33713.0,43069.0,43069.0,67285.1,56232.2,14554.4,13322.2,0.0,60822.9,0.0,17587.7,62325.8,19582.9,83009.4,106749.9,128652.3,128108.0,148
689.3,153842.0,33991.0,33713.0,43069.0,43069.0,67291.5,56238.7,14560.8,13328.7,0.0,60822.9,0.0,17594.5,62325.2,19589.8,83015.7,106743.1,128652.3,128114.4,148
690.3,153842.0,33991.0,33713.0,43069.0,43069.0,67291.5,56238.7,14560.8,13328.7,0.0,60822.9,0.0,17594.6,62325.0,19584.6,83010.3,106748.3,128652.3,128114.4,148
691.3,153842.0,33991.0,33713.0,43069.0,43069.0,67291.5,56238.7,14560.8,13328.7,0.0,60822.9,0.0,17594.6,62325.0,19587.3,83013.1,106745.6,128652.3,128114.4,148
692.3,153842.0,33991.0,33713.0,43069.0,43069.0,67291.5,56238.7,14560.9,13328.7,0.0,60822.9,0.0,17594.7,62325.0,19586.3,83012.0,106746.6,128652.3,128114.5,148
693.3,153842.0,33991.0,33713.0,43069.0,43069.0,67302.3,56249.5,14571.7,13339.5,0.0,60822.9,0.0,17602.9,62325.1,19595.2,83020.9,106737.7,128652.3,128125.3,148
694.3,153842.0,33991.0,33713.0,43069.0,43069.0,67302.3,56249.5,14571.7,13339.5,0.0,60822.9,0.0,17603.3,62324.8,19596.3,83021.8,106736.6,128652.3,128125.3,148
695.3,153842.0,33991.0,33713.0,43069.0,43069.0,67302.3,56249.5,14571.6,13339.5,0.0,60822.9,0.0,17603.3,62324.8,19595.6,83021.1,106737.2,128652.3,128125.3,148
696.3,153842.0,33991.0,33713.0,43069.0,43069.0,67302.4,56249.5,14571.7,13339.5,0.0,60823.0,0.0,17605.5,62324.7,19599.1,83024.6,106733.8,128652.3,128125.3,148
697.3,153842.0,33991.0,33713.0,43069.0,43069.0,67302.4,56249.5,14571.7,13339.5,0.0,60823.0,0.0,17605.5,62324.8,19598.4,83023.9,106734.5,128652.3,128125.3,148
698.3,153842.0,33991.0,33713.0,43069.0,43069.0,67302.4,56249.5,14571.7,13339.5,0.0,60823.0,0.0,17605.5,62324.8,19599.3,83024.7,106733.6,128652.3,128125.3,148
699.3,153842.0,33991.0,33713.0,43069.0,43069.0,67318.6,56265.8,14587.9,13355.7,0.0,60823.0,0.0,17606.4,62324.8,19599.4,83024.9,106733.5,128652.3,128141.6,148
700.3,153842.0,33991.0,33713.0,43069.0,43069.0,67353.8,56300.9,14623.1,13390.9,0.0,60823.0,0.0,17656.6,62328.6,19654.4,83083.7,106678.4,128652.3,128176.8,148
701.3,153842.0,33991.0,33713.0,43069.0,43069.0,67304.1,56251.3,14573.4,13341.3,0.0,60823.0,0.0,17606.5,62326.1,19594.0,83020.8,106738.9,128652.3,128127.1,148
702.3,153842.0,33991.0,33713.0,43069.0,43069.0,67304.1,56251.3,14573.4,13341.3,0.0,60823.0,0.0,17606.5,62325.8,19595.2,83021.7,106737.7,128652.3,128127.1,148
703.3,153842.0,33991.0,33713.0,43069.0,43069.0,67304.1,56251.3,14573.4,13341.3,0.0,60823.0,0.0,17609.2,62325.8,19602.3,83028.8,106730.6,128652.3,128127.1,148
704.3,153842.0,33991.0,33713.0,43069.0,43069.0,67304.1,56251.3,14573.4,13341.3,0.0,60823.0,0.0,17611.2,62325.8,19603.7,83030.2,106729.2,128652.3,128127.1,148
705.3,153842.0,33991.0,33713.0,43069.0,43069.0,67304.1,56251.3,14573.4,13341.3,0.0,60823.0,0.0,17613.7,62325.8,19612.6,83039.1,106720.2,128652.3,128127.1,148
706.3,153842.0,33991.0,33713.0,43069.0,43069.0,67304.1,56251.3,14573.4,13341.3,0.0,60823.0,0.0,17613.7,62325.6,19615.0,83041.3,106717.9,128652.3,128127.1,148
707.3,153842.0,33991.0,33713.0,43069.0,43069.0,67304.1,56251.3,14573.4,13341.3,0.0,60823.1,0.0,17614.3,62325.6,19615.7,83042.0,106717.2,128652.3,128127.2,148
708.3,153842.0,33991.0,33713.0,43069.0,43069.0,67304.1,56251.3,14573.4,13341.3,0.0,60823.0,0.0,17612.8,62325.6,19616.6,83042.9,106716.3,128652.3,128127.1,148
709.3,153842.0,33991.0,33713.0,43069.0,43069.0,67304.1,56251.3,14573.4,13341.3,0.0,60823.0,0.0,17612.0,62325.6,19614.7,83041.0,106718.2,128652.3,128127.1,148
710.3,153842.0,33991.0,33713.0,43069.0,43069.0,67304.1,56251.3,14573.4,13341.3,0.0,60823.0,0.0,17612.0,62325.6,19613.4,83039.6,106719.5,128652.3,128127.1,148
711.3,153842.0,33991.0,33713.0,43069.0,43069.0,67304.1,56251.3,14573.5,13341.3,0.0,60823.0,0.0,17613.3,62325.6,19615.6,83041.9,106717.3,128652.3,128127.1,148
712.3,153842.0,33991.0,33713.0,43069.0,43069.0,67304.3,56251.4,14573.6,13341.4,0.0,60823.0,0.0,17613.3,62325.5,19619.2,83045.4,106713.7,128652.3,128127.3,148
713.3,153842.0,33991.0,33713.0,43069.0,43069.0,67304.3,56251.5,14573.6,13341.4,0.0,60823.0,0.0,17613.5,62325.5,19619.0,83045.2,106713.9,128652.3,128127.3,148
714.4,153842.0,33991.0,33713.0,43069.0,43069.0,67312.8,56259.9,14582.1,13349.9,0.0,60823.0,0.0,17621.7,62326.1,19631.2,83058.0,106701.7,128652.3,128135.8,148
715.4,153842.0,33991.0,33713.0,43069.0,43069.0,67312.8,56260.0,14582.1,13349.9,0.0,60823.0,0.0,17621.9,62325.9,19632.2,83058.9,106700.6,128652.3,128135.8,148
716.4,153842.0,33991.0,33713.0,43069.0,43069.0,67312.8,56260.0,14582.1,13349.9,0.0,60823.0,0.0,17621.6,62325.9,19633.6,83060.2,106699.3,128652.3,128135.8,148
717.4,153842.0,33991.0,33713.0,43069.0,43069.0,67312.8,56260.0,14582.1,13349.9,0.0,60823.0,0.0,17621.4,62325.9,19632.6,83059.3,106700.2,128652.3,128135.8,148
718.4,153842.0,33991.0,33713.0,43069.0,43069.0,67312.8,56260.0,14582.1,13349.9,0.0,60823.1,0.0,17621.3,62325.9,19633.1,83059.8,106699.8,128652.3,128135.8,148
719.4,153842.0,33991.0,33713.0,43069.0,43069.0,67312.8,56260.0,14582.1,13350.0,0.0,60823.1,0.0,17621.8,62325.9,19631.0,83057.6,106701.9,128652.3,128135.8,148
720.4,153842.0,33991.0,33713.0,43069.0,43069.0,67312.8,56260.0,14582.1,13350.0,0.0,60823.1,0.0,17622.0,62325.9,19632.3,83058.9,106700.5,128652.3,128135.9,148
721.4,153842.0,33991.0,33713.0,43069.0,43069.0,67312.8,56260.0,14582.1,13350.0,0.0,60823.1,0.0,17621.6,62325.9,19633.4,83060.0,106699.4,128652.3,128135.9,148
722.4,153842.0,33991.0,33713.0,43069.0,43069.0,67312.8,56260.0,14582.1,13350.0,0.0,60823.1,0.0,17621.7,62325.9,19632.9,83059.5,106700.0,128652.3,128135.9,148
723.4,153842.0,33991.0,33713.0,43069.0,43069.0,67312.8,56260.0,14582.1,13350.0,0.0,60823.1,0.0,17621.8,62325.9,19634.4,83061.1,106698.4,128652.3,128135.9,148
724.4,153842.0,33991.0,33713.0,43069.0,43069.0,67312.8,56260.0,14582.1,13350.0,0.0,60823.1,0.0,17622.1,62325.9,19625.9,83052.5,106707.0,128652.3,128135.9,148
725.4,153842.0,33991.0,33713.0,43069.0,43069.0,67280.9,56228.0,14550.2,13318.0,0.0,60823.1,0.0,17590.0,62326.0,19594.6,83021.3,106738.3,128652.3,128104.0,148
726.4,153842.0,33991.0,33713.0,43069.0,43069.0,67280.9,56228.0,14550.2,13318.0,0.0,60823.1,0.0,17590.4,62326.0,19596.1,83022.8,106736.7,128652.3,128104.0,148
727.4,153842.0,33991.0,33713.0,43069.0,43069.0,67280.9,56228.0,14550.2,13318.0,0.0,60823.4,0.0,17590.0,62326.2,19595.2,83022.2,106737.6,128652.3,128104.2,148
728.4,153842.0,33991.0,33713.0,43069.0,43069.0,67280.9,56228.0,14550.2,13318.0,0.0,60823.4,0.0,17590.6,62326.2,19596.6,83023.6,106736.2,128652.3,128104.3,148
729.4,153842.0,33991.0,33713.0,43069.0,43069.0,67280.9,56228.0,14550.2,13318.0,0.0,60823.4,0.0,17590.0,62326.2,19595.0,83022.0,106737.8,128652.3,128104.3,148
730.4,153842.0,33991.0,33713.0,43069.0,43069.0,67280.9,56228.0,14550.2,13318.0,0.0,60823.4,0.0,17589.9,62326.1,19592.4,83019.3,106740.4,128652.3,128104.3,148
731.4,153842.0,33991.0,33713.0,43069.0,43069.0,67280.9,56228.0,14550.2,13318.0,0.0,60823.4,0.0,17590.1,62326.1,19594.4,83021.2,106738.5,128652.3,128104.3,148
732.4,153842.0,33991.0,33713.0,43069.0,43069.0,67280.9,56228.0,14550.2,13318.0,0.0,60823.4,0.0,17592.3,62326.1,19595.8,83022.7,106737.0,128652.3,128104.3,148
733.4,153842.0,33991.0,33713.0,43069.0,43069.0,67280.9,56228.0,14550.2,13318.0,0.0,60823.4,0.0,17592.2,62326.1,19595.5,83022.4,106737.4,128652.3,128104.3,148
734.4,153842.0,33991.0,33713.0,43069.0,43069.0,67280.9,56228.0,14550.2,13318.0,0.0,60823.4,0.0,17592.2,62326.1,19597.5,83024.4,106735.3,128652.3,128104.3,148
735.4,153842.0,33991.0,33713.0,43069.0,43069.0,67280.9,56228.0,14550.2,13318.0,0.0,60823.4,0.0,17590.7,62326.1,19596.4,83023.2,106736.5,128652.3,128104.3,148
736.4,153842.0,33991.0,33713.0,43069.0,43069.0,67280.9,56228.0,14550.2,13318.0,0.0,60823.4,0.0,17590.8,62326.1,19598.5,83025.3,106734.3,128652.3,128104.3,148
737.4,153842.0,33991.0,33713.0,43069.0,43069.0,67296.8,56244.0,14566.1,13334.0,0.0,60823.4,0.0,17607.1,62325.9,19606.9,83033.5,106726.0,128652.3,128120.2,148
738.4,153842.0,33991.0,33713.0,43069.0,43069.0,67272.5,56219.7,14541.9,13309.7,0.0,60823.4,0.0,17583.1,62326.2,19583.5,83010.4,106749.3,128652.3,128096.0,148
739.4,153842.0,33991.0,33713.0,43069.0,43069.0,67272.5,56219.7,14541.9,13309.7,0.0,60823.4,0.0,17582.9,62325.7,19585.7,83012.1,106747.1,128652.3,128096.0,148
740.4,153842.0,33991.0,33713.0,43069.0,43069.0,67272.5,56219.7,14541.9,13309.7,0.0,60823.4,0.0,17582.8,62325.7,19587.4,83013.8,106745.5,128652.3,128096.0,148
741.4,153842.0,33991.0,33713.0,43069.0,43069.0,67272.5,56219.7,14541.9,13309.7,0.0,60823.4,0.0,17582.9,62325.7,19588.7,83015.1,106744.2,128652.3,128096.0,148
742.4,153842.0,33991.0,33713.0,43069.0,43069.0,67272.6,56219.7,14541.9,13309.7,0.0,60823.4,0.0,17582.9,62325.6,19589.9,83016.3,106743.0,128652.3,128096.0,148
743.4,153842.0,33991.0,33713.0,43069.0,43069.0,67298.0,56245.2,14567.3,13335.2,0.0,60823.5,0.0,17591.9,62326.1,19597.3,83024.2,106735.5,128652.3,128121.5,148
744.4,153842.0,33991.0,33713.0,43069.0,43069.0,67298.0,56245.2,14567.3,13335.2,0.0,60823.5,0.0,17608.4,62324.9,19611.2,83036.9,106721.6,128652.3,128121.5,148
745.4,153842.0,33991.0,33713.0,43069.0,43069.0,67309.2,56256.3,14578.5,13346.3,0.0,60823.5,0.0,17609.1,62325.0,19613.5,83039.2,106719.3,128652.3,128132.7,148
746.5,153842.0,33991.0,33713.0,43069.0,43069.0,67376.7,56323.9,14646.0,13413.8,0.0,60823.5,0.0,17687.8,62327.3,19689.5,83117.5,106643.3,128652.3,128200.2,148
747.5,153842.0,33991.0,33713.0,43069.0,43069.0,67376.7,56323.9,14646.0,13413.8,0.0,60823.6,0.0,17687.4,62327.1,19691.6,83119.5,106641.2,128652.3,128200.3,148
748.5,153842.0,33991.0,33713.0,43069.0,43069.0,67376.7,56323.9,14646.0,13413.8,0.0,60823.6,0.0,17687.3,62327.1,19691.3,83119.1,106641.6,128652.3,128200.3,148
749.5,153842.0,33991.0,33713.0,43069.0,43069.0,67376.7,56323.9,14646.0,13413.8,0.0,60823.6,0.0,17687.4,62327.1,19692.3,83120.2,106640.5,128652.3,128200.3,148
750.5,153842.0,33991.0,33713.0,43069.0,43069.0,67376.7,56323.9,14646.0,13413.8,0.0,60823.6,0.0,17688.4,62327.1,19691.2,83119.1,106641.6,128652.3,128200.3,148
751.5,153842.0,33991.0,33713.0,43069.0,43069.0,67376.7,56323.9,14646.0,13413.8,0.0,60823.6,0.0,17688.5,62327.1,19692.3,83120.2,106640.5,128652.3,128200.3,148
752.5,153842.0,33991.0,33713.0,43069.0,43069.0,67376.7,56323.9,14646.0,13413.8,0.0,60823.6,0.0,17688.1,62327.1,19692.1,83120.0,106640.7,128652.3,128200.3,148
753.5,153842.0,33991.0,33713.0,43069.0,43069.0,67376.7,56323.9,14646.0,13413.9,0.0,60823.6,0.0,17688.1,62327.1,19690.9,83118.7,106642.0,128652.3,128200.3,148
754.5,153842.0,33991.0,33713.0,43069.0,43069.0,67349.4,56296.6,14618.7,13386.6,0.0,60823.7,0.0,17661.3,62327.0,19663.4,83091.2,106669.4,128652.3,128173.1,148
755.5,153842.0,33991.0,33713.0,43069.0,43069.0,67349.4,56296.6,14618.7,13386.6,0.0,60823.7,0.0,17661.3,62327.0,19664.3,83092.1,106668.5,128652.3,128173.1,148
756.5,153842.0,33991.0,33713.0,43069.0,43069.0,67349.4,56296.6,14618.7,13386.6,0.0,60823.7,0.0,17660.8,62327.0,19664.4,83092.2,106668.4,128652.3,128173.1,148
757.5,153842.0,33991.0,33713.0,43069.0,43069.0,67349.4,56296.6,14618.7,13386.6,0.0,60823.7,0.0,17660.9,62326.2,19663.4,83090.4,106669.4,128652.3,128173.1,148
758.5,153842.0,33991.0,33713.0,43069.0,43069.0,67349.4,56296.6,14618.7,13386.6,0.0,60823.7,0.0,17660.9,62326.2,19661.4,83088.4,106671.4,128652.3,128173.1,148
759.5,153842.0,33991.0,33713.0,43069.0,43069.0,67349.4,56296.6,14618.7,13386.6,0.0,60823.7,0.0,17660.9,62326.2,19660.9,83087.9,106671.9,128652.3,128173.1,148
760.5,153842.0,33991.0,33713.0,43069.0,43069.0,67349.4,56296.6,14618.7,13386.6,0.0,60823.7,0.0,17661.5,62327.2,19660.8,83088.8,106672.1,128652.3,128173.1,148
761.5,153842.0,33991.0,33713.0,43069.0,43069.0,67349.4,56296.6,14618.7,13386.6,0.0,60823.7,0.0,17661.7,62327.2,19661.6,83089.6,106671.2,128652.3,128173.1,148
762.5,153842.0,33991.0,33713.0,43069.0,43069.0,67349.4,56296.6,14618.7,13386.6,0.0,60823.7,0.0,17659.7,62326.5,19665.1,83092.3,106667.8,128652.3,128173.1,148
763.5,153842.0,33991.0,33713.0,43069.0,43069.0,67349.4,56296.6,14618.7,13386.6,0.0,60823.7,0.0,17659.7,62326.5,19665.1,83092.4,106667.7,128652.3,128173.1,148
764.5,153842.0,33991.0,33713.0,43069.0,43069.0,67357.0,56304.2,14626.3,13394.2,0.0,60823.5,0.0,17666.4,62327.6,19682.3,83110.7,106650.5,128652.3,128180.5,148
765.5,153842.0,33991.0,33713.0,43069.0,43069.0,67357.1,56304.3,14626.4,13394.3,0.0,60823.5,0.0,17668.3,62327.5,19682.8,83111.1,106650.0,128652.3,128180.6,148
766.5,153842.0,33991.0,33713.0,43069.0,43069.0,67357.1,56304.3,14626.4,13394.3,0.0,60823.5,0.0,17667.9,62327.5,19684.7,83113.0,106648.1,128652.3,128180.6,148
767.5,153842.0,33991.0,33713.0,43069.0,43069.0,67357.1,56304.3,14626.4,13394.3,0.0,60823.5,0.0,17668.3,62327.5,19685.3,83113.5,106647.6,128652.3,128180.6,148
768.5,153842.0,33991.0,33713.0,43069.0,43069.0,67357.1,56304.3,14626.4,13394.3,0.0,60823.5,0.0,17668.5,62327.5,19682.3,83110.6,106650.5,128652.3,128180.6,148
769.5,153842.0,33991.0,33713.0,43069.0,43069.0,67357.1,56304.3,14626.4,13394.3,0.0,60823.6,0.0,17668.7,62327.0,19682.8,83110.6,106650.1,128652.3,128180.7,148
770.5,153842.0,33991.0,33713.0,43069.0,43069.0,67357.1,56304.3,14626.4,13394.3,0.0,60823.6,0.0,17668.0,62327.0,19682.1,83110.0,106650.7,128652.3,128180.7,148
771.5,153842.0,33991.0,33713.0,43069.0,43069.0,67367.7,56314.9,14637.1,13404.9,0.0,60823.6,0.0,17678.5,62326.9,19696.5,83124.3,106636.3,128652.3,128191.3,148
772.5,153842.0,33991.0,33713.0,43069.0,43069.0,67367.7,56314.9,14637.1,13404.9,0.0,60823.6,0.0,17678.5,62326.9,19690.3,83118.0,106642.6,128652.3,128191.3,148
773.5,153842.0,33991.0,33713.0,43069.0,43069.0,67367.7,56314.9,14637.1,13404.9,0.0,60823.6,0.0,17678.3,62326.7,19686.4,83113.9,106646.4,128652.3,128191.3,148
774.5,153842.0,33991.0,33713.0,43069.0,43069.0,67384.0,56331.2,14653.4,13421.2,0.0,60823.6,0.0,17695.0,62329.2,19705.4,83135.5,106627.4,128652.3,128207.6,148
775.5,153842.0,33991.0,33713.0,43069.0,43069.0,67386.2,56333.3,14655.5,13423.3,0.0,60823.6,0.0,17696.6,62328.9,19706.5,83136.2,106626.3,128652.3,128209.7,148
776.5,153842.0,33991.0,33713.0,43069.0,43069.0,67475.9,56423.0,14745.2,13513.0,0.0,60823.6,0.0,17743.1,62328.6,19763.5,83192.8,106569.3,128652.3,128299.4,148
777.5,153842.0,33991.0,33713.0,43069.0,43069.0,67374.6,56321.8,14643.9,13411.8,0.0,60823.6,0.0,17687.1,62328.4,19696.0,83125.1,106636.8,128652.3,128198.2,148
778.5,153842.0,33991.0,33713.0,43069.0,43069.0,67374.6,56321.8,14644.0,13411.8,0.0,60823.6,0.0,17686.1,62327.5,19690.5,83118.8,106642.3,128652.3,128198.2,148
779.5,153842.0,33991.0,33713.0,43069.0,43069.0,67374.6,56321.8,14644.0,13411.8,0.0,60823.6,0.0,17687.3,62327.8,19687.9,83116.5,106644.9,128652.3,128198.2,148
780.5,153842.0,33991.0,33713.0,43069.0,43069.0,67374.6,56321.8,14644.0,13411.8,0.0,60823.6,0.0,17686.9,62327.8,19689.8,83118.4,106643.0,128652.3,128198.2,148
781.5,153842.0,33991.0,33713.0,43069.0,43069.0,67374.6,56321.8,14644.0,13411.8,0.0,60823.6,0.0,17687.2,62327.8,19691.1,83119.7,106641.7,128652.3,128198.2,148
782.5,153842.0,33991.0,33713.0,43069.0,43069.0,67374.6,56321.8,14644.0,13411.8,0.0,60823.6,0.0,17687.5,62327.8,19690.9,83119.5,106641.9,128652.3,128198.2,148
783.5,153842.0,33991.0,33713.0,43069.0,43069.0,67374.6,56321.8,14643.9,13411.8,0.0,60823.7,0.0,17689.1,62327.9,19692.3,83120.9,106640.5,128652.3,128198.3,148
784.5,153842.0,33991.0,33713.0,43069.0,43069.0,67374.6,56321.8,14643.9,13411.8,0.0,60823.7,0.0,17689.6,62327.8,19692.2,83120.8,106640.6,128652.3,128198.3,148
785.5,153842.0,33991.0,33713.0,43069.0,43069.0,67374.6,56321.8,14643.9,13411.8,0.0,60823.7,0.0,17689.5,62327.8,19691.9,83120.5,106640.9,128652.3,128198.3,148
786.5,153842.0,33991.0,33713.0,43069.0,43069.0,67374.6,56321.8,14644.0,13411.8,0.0,60823.7,0.0,17688.3,62327.8,19688.1,83116.7,106644.7,128652.3,128198.3,148
787.5,153842.0,33991.0,33713.0,43069.0,43069.0,67374.6,56321.8,14644.0,13411.8,0.0,60824.0,0.0,17687.7,62329.6,19691.4,83121.8,106641.4,128652.3,128198.6,148
788.5,153842.0,33991.0,33713.0,43069.0,43069.0,67373.6,56320.8,14643.0,13410.8,0.0,60824.0,0.0,17687.2,62329.3,19686.4,83116.5,106646.4,128652.3,128197.6,148
789.5,153842.0,33991.0,33713.0,43069.0,43069.0,67373.6,56320.8,14643.0,13410.8,0.0,60824.0,0.0,17687.5,62328.6,19686.3,83115.7,106646.5,128652.3,128197.6,148
790.5,153842.0,33991.0,33713.0,43069.0,43069.0,67373.6,56320.8,14643.0,13410.8,0.0,60824.0,0.0,17688.3,62328.3,19688.3,83117.4,106644.5,128652.3,128197.7,148
791.5,153842.0,33991.0,33713.0,43069.0,43069.0,67373.6,56320.8,14643.0,13410.8,0.0,60824.0,0.0,17688.0,62328.0,19691.9,83120.7,106640.9,128652.3,128197.7,148
792.5,153842.0,33991.0,33713.0,43069.0,43069.0,67373.6,56320.8,14643.0,13410.8,0.0,60824.0,0.0,17691.2,62328.0,19694.0,83122.8,106638.8,128652.3,128197.7,148
793.5,153842.0,33991.0,33713.0,43069.0,43069.0,67376.5,56323.7,14645.8,13413.6,0.0,60824.0,0.0,17693.7,62328.2,19697.7,83126.6,106635.1,128652.3,128200.5,148
794.5,153842.0,33991.0,33713.0,43069.0,43069.0,67376.5,56323.7,14645.8,13413.6,0.0,60824.0,0.0,17694.3,62327.7,19701.3,83129.8,106631.5,128652.3,128200.5,148
795.5,153842.0,33991.0,33713.0,43069.0,43069.0,67376.5,56323.7,14645.8,13413.6,0.0,60824.0,0.0,17694.2,62327.7,19702.2,83130.7,106630.5,128652.3,128200.5,148
796.5,153842.0,33991.0,33713.0,43069.0,43069.0,67376.5,56323.7,14645.8,13413.6,0.0,60824.1,0.0,17694.5,62327.7,19702.9,83131.4,106629.9,128652.3,128200.5,148
797.5,153842.0,33991.0,33713.0,43069.0,43069.0,67376.5,56323.7,14645.8,13413.6,0.0,60824.1,0.0,17694.6,62327.7,19703.9,83132.3,106628.9,128652.3,128200.6,148
798.5,153842.0,33991.0,33713.0,43069.0,43069.0,67376.5,56323.7,14645.8,13413.6,0.0,60824.1,0.0,17694.8,62327.7,19703.4,83131.9,106629.3,128652.3,128200.6,148
799.5,153842.0,33991.0,33713.0,43069.0,43069.0,67376.5,56323.7,14645.8,13413.6,0.0,60824.1,0.0,17694.6,62327.9,19702.3,83131.0,106630.5,128652.3,128200.6,148
800.5,153842.0,33991.0,33713.0,43069.0,43069.0,67376.5,56323.7,14645.8,13413.6,0.0,60824.2,0.0,17694.5,62328.0,19700.8,83129.7,106631.9,128652.3,128200.7,148
801.5,153842.0,33991.0,33713.0,43069.0,43069.0,67376.5,56323.7,14645.8,13413.6,0.0,60824.2,0.0,17694.7,62328.0,19698.3,83127.1,106634.5,128652.3,128200.7,148
802.5,153842.0,33991.0,33713.0,43069.0,43069.0,67376.5,56323.7,14645.8,13413.6,0.0,60824.2,0.0,17694.6,62328.0,19698.7,83127.5,106634.1,128652.3,128200.7,148
803.5,153842.0,33991.0,33713.0,43069.0,43069.0,67392.7,56339.9,14662.0,13429.8,0.0,60824.2,0.0,17696.0,62328.0,19696.6,83125.4,106636.2,128652.3,128216.9,148
804.5,153842.0,33991.0,33713.0,43069.0,43069.0,67354.8,56302.0,14624.1,13392.0,0.0,60824.2,0.0,17675.0,62328.7,19678.5,83108.0,106654.3,128652.3,128179.1,148
805.5,153842.0,33991.0,33713.0,43069.0,43069.0,67354.8,56302.0,14624.1,13392.0,0.0,60824.2,0.0,17675.1,62328.2,19672.9,83101.9,106659.9,128652.3,128179.1,148
806.5,153842.0,33991.0,33713.0,43069.0,43069.0,67354.8,56302.0,14624.2,13392.0,0.0,60824.2,0.0,17674.8,62327.8,19670.4,83099.0,106662.4,128652.3,128179.1,148
807.5,153842.0,33991.0,33713.0,43069.0,43069.0,67354.8,56302.0,14624.2,13392.0,0.0,60824.3,0.0,17675.3,62327.8,19670.8,83099.4,106662.0,128652.3,128179.1,148
808.5,153842.0,33991.0,33713.0,43069.0,43069.0,67354.8,56302.0,14624.2,13392.0,0.0,60824.3,0.0,17673.8,62327.8,19673.6,83102.2,106659.2,128652.3,128179.1,148
809.5,153842.0,33991.0,33713.0,43069.0,43069.0,67374.8,56321.9,14644.1,13411.9,0.0,60824.3,0.0,17694.1,62328.5,19696.8,83126.2,106636.0,128652.3,128199.1,148
810.5,153842.0,33991.0,33713.0,43069.0,43069.0,67374.8,56321.9,14644.1,13411.9,0.0,60824.3,0.0,17694.2,62327.8,19695.1,83123.8,106637.6,128652.3,128199.1,148
811.5,153842.0,33991.0,33713.0,43069.0,43069.0,67374.8,56321.9,14644.1,13411.9,0.0,60824.3,0.0,17694.2,62327.8,19693.9,83122.5,106638.9,128652.3,128199.1,148
812.5,153842.0,33991.0,33713.0,43069.0,43069.0,67374.8,56321.9,14644.1,13411.9,0.0,60824.3,0.0,17694.3,62327.8,19694.6,83123.2,106638.2,128652.3,128199.1,148
813.5,153842.0,33991.0,33713.0,43069.0,43069.0,67374.8,56321.9,14644.1,13411.9,0.0,60824.3,0.0,17694.3,62327.7,19693.9,83122.5,106638.8,128652.3,128199.1,148
814.5,153842.0,33991.0,33713.0,43069.0,43069.0,67374.8,56322.0,14644.1,13411.9,0.0,60824.3,0.0,17694.3,62327.8,19695.3,83123.9,106637.4,128652.3,128199.1,148
815.5,153842.0,33991.0,33713.0,43069.0,43069.0,67374.8,56322.0,14644.1,13411.9,0.0,60824.3,0.0,17694.2,62327.8,19696.4,83125.0,106636.3,128652.3,128199.1,148
816.5,153842.0,33991.0,33713.0,43069.0,43069.0,67374.8,56322.0,14644.1,13411.9,0.0,60824.3,0.0,17694.2,62327.8,19695.3,83123.9,106637.5,128652.3,128199.1,148
817.5,153842.0,33991.0,33713.0,43069.0,43069.0,67374.8,56322.0,14644.1,13411.9,0.0,60824.3,0.0,17694.3,62327.8,19695.7,83124.3,106637.0,128652.3,128199.1,148
818.5,153842.0,33991.0,33713.0,43069.0,43069.0,67374.8,56322.0,14644.1,13412.0,0.0,60824.3,0.0,17694.3,62328.3,19694.2,83123.3,106638.5,128652.3,128199.1,148
819.5,153842.0,33991.0,33713.0,43069.0,43069.0,67374.8,56322.0,14644.1,13412.0,0.0,60824.3,0.0,17694.2,62327.8,19693.9,83122.5,106638.9,128652.3,128199.1,148
820.5,153842.0,33991.0,33713.0,43069.0,43069.0,67374.8,56322.0,14644.1,13412.0,0.0,60824.4,0.0,17694.3,62327.9,19692.6,83121.3,106640.1,128652.3,128199.2,148
821.5,153842.0,33991.0,33713.0,43069.0,43069.0,67374.8,56322.0,14644.1,13412.0,0.0,60824.4,0.0,17694.4,62327.9,19691.6,83120.3,106641.2,128652.3,128199.2,148
822.5,153842.0,33991.0,33713.0,43069.0,43069.0,67374.8,56322.0,14644.1,13412.0,0.0,60824.5,0.0,17694.6,62327.9,19689.8,83118.5,106643.0,128652.3,128199.2,148
823.5,153842.0,33991.0,33713.0,43069.0,43069.0,67374.8,56322.0,14644.1,13412.0,0.0,60824.5,0.0,17694.7,62327.5,19686.7,83115.0,106646.1,128652.3,128199.2,148
824.5,153842.0,33991.0,33713.0,43069.0,43069.0,67374.8,56322.0,14644.1,13412.0,0.0,60824.5,0.0,17694.7,62327.5,19687.3,83115.6,106645.5,128652.3,128199.2,148
825.5,153842.0,33991.0,33713.0,43069.0,43069.0,67374.8,56322.0,14644.1,13412.0,0.0,60824.5,0.0,17694.8,62327.5,19688.1,83116.5,106644.6,128652.3,128199.3,148
826.5,153842.0,33991.0,33713.0,43069.0,43069.0,67374.8,56322.0,14644.1,13412.0,0.0,60824.5,0.0,17694.5,62327.6,19685.7,83114.1,106647.1,128652.3,128199.3,148
827.5,153842.0,33991.0,33713.0,43069.0,43069.0,67374.8,56322.0,14644.1,13412.0,0.0,60824.5,0.0,17694.9,62327.5,19687.7,83116.0,106645.1,128652.3,128199.3,148
828.5,153842.0,33991.0,33713.0,43069.0,43069.0,67377.4,56324.6,14646.8,13414.6,0.0,60824.5,0.0,17697.5,62327.1,19693.8,83121.7,106638.9,128652.3,128201.9,148
829.5,153842.0,33991.0,33713.0,43069.0,43069.0,67426.4,56373.6,14695.8,13463.6,0.0,60824.5,0.0,17747.1,62332.2,19751.0,83184.1,106581.7,128652.3,128250.9,148
830.5,153842.0,33991.0,33713.0,43069.0,43069.0,67426.4,56373.6,14695.8,13463.6,0.0,60824.5,0.0,17747.2,62330.9,19753.0,83184.7,106579.7,128652.3,128250.9,148
831.5,153842.0,33991.0,33713.0,43069.0,43069.0,67427.2,56374.4,14696.6,13464.4,0.0,60824.5,0.0,17746.9,62331.3,19755.3,83187.4,106577.5,128652.3,128251.7,148
832.5,153842.0,33991.0,33713.0,43069.0,43069.0,67430.0,56377.2,14699.4,13467.2,0.0,60824.5,0.0,17750.6,62330.1,19761.5,83192.4,106571.3,128652.3,128254.5,148
833.5,153842.0,33991.0,33713.0,43069.0,43069.0,67432.8,56380.0,14702.1,13470.0,0.0,60824.5,0.0,17752.7,62330.5,19766.6,83197.9,106566.2,128652.3,128257.3,148
834.5,153842.0,33991.0,33713.0,43069.0,43069.0,67422.8,56369.9,14692.1,13459.9,0.0,60824.5,0.0,17743.1,62330.2,19743.0,83174.1,106589.7,128652.3,128247.3,148
835.5,153842.0,33991.0,33713.0,43069.0,43069.0,67425.6,56372.7,14694.9,13462.7,0.0,60824.5,0.0,17745.7,62331.9,19753.2,83186.0,106579.5,128652.3,128250.1,148
836.5,153842.0,33991.0,33713.0,43069.0,43069.0,67417.1,56364.2,14686.4,13454.2,0.0,60824.6,0.0,17751.9,62332.0,19757.0,83189.9,106575.7,128652.3,128241.7,148
837.5,153842.0,33991.0,33713.0,43069.0,43069.0,67417.1,56364.2,14686.4,13454.2,0.0,60824.7,0.0,17738.1,62329.3,19752.8,83182.9,106579.9,128652.3,128241.7,148
838.5,153842.0,33991.0,33713.0,43069.0,43069.0,67417.1,56364.2,14686.4,13454.2,0.0,60824.7,0.0,17739.0,62329.4,19752.5,83182.8,106580.3,128652.3,128241.7,148
839.5,153842.0,33991.0,33713.0,43069.0,43069.0,67417.1,56364.2,14686.4,13454.2,0.0,60824.7,0.0,17739.5,62329.4,19753.3,83183.6,106579.4,128652.3,128241.7,148
840.5,153842.0,33991.0,33713.0,43069.0,43069.0,67417.1,56364.2,14686.4,13454.2,0.0,60824.7,0.0,17740.0,62329.4,19753.2,83183.5,106579.6,128652.3,128241.7,148
841.5,153842.0,33991.0,33713.0,43069.0,43069.0,67417.1,56364.2,14686.4,13454.2,0.0,60824.7,0.0,17740.1,62329.4,19753.2,83183.5,106579.5,128652.3,128241.7,148
842.5,153846.0,33991.0,33717.0,43069.0,43069.0,67421.1,56368.3,14690.4,13458.3,0.0,60824.7,0.0,17740.2,62329.4,19748.3,83178.6,106584.4,128652.3,128245.8,148
843.5,153846.0,33991.0,33717.0,43069.0,43069.0,67421.1,56368.3,14690.4,13458.3,0.0,60824.7,0.0,17744.2,62328.8,19745.7,83175.4,106587.1,128652.3,128245.8,148
844.5,153846.0,33991.0,33717.0,43069.0,43069.0,67421.1,56368.3,14690.4,13458.3,0.0,60824.7,0.0,17744.2,62328.8,19747.1,83176.8,106585.6,128652.3,128245.8,148
845.5,153846.0,33991.0,33717.0,43069.0,43069.0,67421.1,56368.3,14690.4,13458.3,0.0,60824.7,0.0,17744.2,62328.7,19748.1,83177.6,106584.6,128652.3,128245.8,148
846.5,153846.0,33991.0,33717.0,43069.0,43069.0,67421.1,56368.3,14690.4,13458.3,0.0,60824.7,0.0,17744.1,62328.7,19747.2,83176.7,106585.5,128652.3,128245.8,148
847.5,153846.0,33991.0,33717.0,43069.0,43069.0,67421.1,56368.3,14690.4,13458.3,0.0,60824.7,0.0,17744.6,62328.4,19747.4,83176.6,106585.3,128652.3,128245.8,148
848.5,153846.0,33991.0,33717.0,43069.0,43069.0,67423.3,56370.5,14692.6,13460.5,0.0,60824.7,0.0,17746.1,62328.4,19745.8,83175.1,106586.9,128652.3,128248.0,148
849.5,153846.0,33991.0,33717.0,43069.0,43069.0,67422.3,56369.5,14691.6,13459.5,0.0,60824.7,0.0,17745.4,62328.7,19745.2,83174.7,106587.5,128652.3,128247.0,148
850.5,153846.0,33991.0,33717.0,43069.0,43069.0,67422.3,56369.5,14691.6,13459.5,0.0,60824.7,0.0,17745.4,62328.7,19744.8,83174.3,106587.9,128652.3,128247.0,148
851.5,153846.0,33991.0,33717.0,43069.0,43069.0,67422.3,56369.5,14691.6,13459.5,0.0,60824.7,0.0,17745.4,62328.7,19741.2,83170.7,106591.5,128652.3,128247.0,148
852.5,153846.0,33991.0,33717.0,43069.0,43069.0,67423.9,56371.1,14693.3,13461.1,0.0,60824.7,0.0,17742.4,62328.7,19741.0,83170.6,106591.7,128652.3,128248.7,148
853.5,153846.0,33991.0,33717.0,43069.0,43069.0,67433.0,56380.2,14702.4,13470.2,0.0,60824.7,0.0,17752.6,62329.0,19752.3,83182.2,106580.4,128652.3,128257.7,148
854.5,153846.0,33991.0,33717.0,43069.0,43069.0,67433.0,56380.2,14702.4,13470.2,0.0,60824.7,0.0,17753.0,62329.0,19752.6,83182.4,106580.1,128652.3,128257.8,148
855.5,153846.0,33991.0,33717.0,43069.0,43069.0,67433.0,56380.2,14702.4,13470.2,0.0,60824.7,0.0,17753.3,62329.0,19749.3,83179.1,106583.4,128652.3,128257.8,148
856.5,153846.0,33991.0,33717.0,43069.0,43069.0,67433.0,56380.2,14702.4,13470.2,0.0,60824.9,0.0,17753.1,62329.0,19751.3,83181.2,106581.4,128652.3,128257.9,148
857.5,153846.0,33991.0,33717.0,43069.0,43069.0,67362.4,56309.5,14631.7,13399.5,0.0,60824.9,0.0,17683.0,62331.8,19685.8,83118.5,106647.0,128652.3,128187.2,148
858.5,153846.0,33991.0,33717.0,43069.0,43069.0,67362.4,56309.5,14631.7,13399.5,0.0,60824.9,0.0,17683.0,62329.2,19684.6,83114.7,106648.1,128652.3,128187.2,148
859.5,153846.0,33991.0,33717.0,43069.0,43069.0,67362.4,56309.5,14631.7,13399.5,0.0,60824.9,0.0,17683.0,62329.2,19685.1,83115.2,106647.6,128652.3,128187.2,148
860.5,153846.0,33991.0,33717.0,43069.0,43069.0,67362.4,56309.6,14631.8,13399.6,0.0,60824.9,0.0,17682.9,62329.2,19686.7,83116.8,106646.0,128652.3,128187.3,148
861.5,153846.0,33991.0,33717.0,43069.0,43069.0,67362.4,56309.6,14631.8,13399.6,0.0,60824.9,0.0,17683.1,62329.2,19688.7,83118.9,106644.0,128652.3,128187.3,148
862.5,153846.0,33991.0,33717.0,43069.0,43069.0,67362.4,56309.6,14631.8,13399.6,0.0,60824.9,0.0,17683.1,62328.9,19682.9,83112.7,106649.8,128652.3,128187.3,148
863.5,153846.0,33991.0,33717.0,43069.0,43069.0,67362.4,56309.6,14631.8,13399.6,0.0,60824.9,0.0,17683.0,62329.3,19682.5,83112.7,106650.2,128652.3,128187.3,148
864.5,153846.0,33991.0,33717.0,43069.0,43069.0,67362.4,56309.6,14631.8,13399.6,0.0,60824.9,0.0,17683.0,62329.3,19684.2,83114.4,106648.5,128652.3,128187.4,148
865.5,153846.0,33991.0,33717.0,43069.0,43069.0,67362.5,56309.6,14631.8,13399.6,0.0,60824.9,0.0,17683.0,62329.3,19682.4,83112.7,106650.3,128652.3,128187.4,148
866.5,153846.0,33991.0,33717.0,43069.0,43069.0,67362.5,56309.6,14631.8,13399.6,0.0,60824.9,0.0,17683.0,62329.3,19681.2,83111.5,106651.5,128652.3,128187.4,148
867.5,153846.0,33991.0,33717.0,43069.0,43069.0,67362.5,56309.6,14631.8,13399.6,0.0,60824.9,0.0,17683.1,62329.3,19681.6,83111.8,106651.1,128652.3,128187.4,148
868.5,153846.0,33991.0,33717.0,43069.0,43069.0,67362.5,56309.6,14631.8,13399.6,0.0,60824.9,0.0,17683.1,62329.4,19682.6,83112.8,106650.1,128652.3,128187.4,148
869.5,153846.0,33991.0,33717.0,43069.0,43069.0,67362.5,56309.6,14631.8,13399.6,0.0,60824.9,0.0,17683.1,62329.4,19680.3,83110.6,106652.4,128652.3,128187.4,148
870.5,153846.0,33991.0,33717.0,43069.0,43069.0,67362.5,56309.6,14631.8,13399.6,0.0,60824.9,0.0,17683.0,62329.4,19678.5,83108.7,106654.2,128652.3,128187.4,148
871.5,153846.0,33991.0,33717.0,43069.0,43069.0,67362.5,56309.6,14631.8,13399.6,0.0,60824.9,0.0,17684.9,62329.4,19681.0,83111.2,106651.7,128652.3,128187.4,148
872.5,153846.0,33991.0,33717.0,43069.0,43069.0,67362.5,56309.6,14631.8,13399.6,0.0,60825.1,0.0,17685.3,62329.5,19680.8,83111.2,106651.9,128652.3,128187.5,148
873.5,153846.0,33991.0,33717.0,43069.0,43069.0,67362.5,56309.6,14631.8,13399.6,0.0,60825.1,0.0,17685.3,62329.1,19681.6,83111.6,106651.1,128652.3,128187.5,148
874.5,153846.0,33991.0,33717.0,43069.0,43069.0,67362.5,56309.6,14631.8,13399.6,0.0,60825.1,0.0,17683.8,62329.1,19681.7,83111.7,106651.0,128652.3,128187.5,148
875.5,153846.0,33991.0,33717.0,43069.0,43069.0,67362.5,56309.6,14631.8,13399.6,0.0,60825.1,0.0,17683.2,62329.1,19681.6,83111.6,106651.1,128652.3,128187.6,148
876.5,153846.0,33991.0,33717.0,43069.0,43069.0,67362.5,56309.6,14631.8,13399.6,0.0,60825.1,0.0,17683.3,62329.1,19681.5,83111.5,106651.2,128652.3,128187.6,148
877.5,153846.0,33991.0,33717.0,43069.0,43069.0,67362.5,56309.6,14631.8,13399.6,0.0,60825.1,0.0,17683.2,62329.0,19681.0,83111.0,106651.6,128652.3,128187.6,148
878.5,153846.0,33991.0,33717.0,43069.0,43069.0,67362.5,56309.6,14631.8,13399.6,0.0,60825.1,0.0,17683.1,62329.0,19680.3,83110.2,106652.4,128652.3,128187.6,148
879.5,153846.0,33991.0,33717.0,43069.0,43069.0,67362.5,56309.6,14631.8,13399.6,0.0,60825.1,0.0,17683.3,62329.0,19682.2,83112.2,106650.4,128652.3,128187.6,148
880.5,153846.0,33991.0,33717.0,43069.0,43069.0,67362.5,56309.6,14631.8,13399.6,0.0,60825.1,0.0,17683.3,62329.0,19682.1,83112.1,106650.6,128652.3,128187.6,148
881.5,153846.0,33991.0,33717.0,43069.0,43069.0,67398.5,56345.6,14667.8,13435.6,0.0,60825.1,0.0,17686.6,62329.0,19688.0,83117.9,106644.7,128652.3,128223.6,148
882.5,153846.0,33991.0,33717.0,43069.0,43069.0,67378.0,56325.2,14647.3,13415.2,0.0,60825.1,0.0,17699.0,62329.5,19696.9,83127.3,106635.8,128652.3,128203.1,148
883.5,153846.0,33991.0,33717.0,43069.0,43069.0,67378.0,56325.2,14647.3,13415.2,0.0,60825.1,0.0,17698.8,62329.4,19696.2,83126.5,106636.5,128652.3,128203.1,148
884.5,153846.0,33991.0,33717.0,43069.0,43069.0,67378.0,56325.2,14647.3,13415.2,0.0,60825.1,0.0,17698.9,62329.4,19695.5,83125.8,106637.2,128652.3,128203.1,148
885.5,153846.0,33991.0,33717.0,43069.0,43069.0,67378.0,56325.2,14647.3,13415.2,0.0,60825.1,0.0,17699.0,62329.4,19696.1,83126.4,106636.6,128652.3,128203.1,148
886.5,153846.0,33991.0,33717.0,43069.0,43069.0,67378.0,56325.2,14647.3,13415.2,0.0,60825.1,0.0,17698.7,62329.4,19695.7,83126.0,106637.0,128652.3,128203.1,148
887.5,153846.0,33991.0,33717.0,43069.0,43069.0,67378.0,56325.2,14647.3,13415.2,0.0,60825.1,0.0,17698.9,62329.4,19696.3,83126.6,106636.3,128652.3,128203.1,148
888.5,153846.0,33991.0,33717.0,43069.0,43069.0,67378.0,56325.2,14647.3,13415.2,0.0,60825.1,0.0,17698.9,62329.4,19696.9,83127.2,106635.8,128652.3,128203.1,148
889.5,153846.0,33991.0,33717.0,43069.0,43069.0,67378.0,56325.2,14647.3,13415.2,0.0,60825.1,0.0,17699.4,62329.4,19696.0,83126.3,106636.6,128652.3,128203.1,148
890.5,153846.0,33991.0,33717.0,43069.0,43069.0,67378.0,56325.2,14647.3,13415.2,0.0,60825.1,0.0,17698.4,62329.4,19695.4,83125.7,106637.3,128652.3,128203.1,148
891.5,153846.0,33991.0,33717.0,43069.0,43069.0,67378.0,56325.2,14647.3,13415.2,0.0,60825.1,0.0,17698.9,62329.4,19695.4,83125.7,106637.3,128652.3,128203.1,148
892.5,153846.0,33991.0,33717.0,43069.0,43069.0,67378.0,56325.2,14647.3,13415.2,0.0,60825.1,0.0,17698.9,62329.4,19692.6,83122.9,106640.1,128652.3,128203.1,148
893.5,153846.0,33991.0,33717.0,43069.0,43069.0,67378.0,56325.2,14647.4,13415.2,0.0,60825.3,0.0,17698.9,62329.5,19690.4,83120.8,106642.3,128652.3,128203.3,148
894.5,153846.0,33991.0,33717.0,43069.0,43069.0,67378.0,56325.2,14647.4,13415.2,0.0,60825.3,0.0,17699.1,62329.5,19690.6,83121.1,106642.0,128652.3,128203.3,148
895.5,153846.0,33991.0,33717.0,43069.0,43069.0,67378.0,56325.2,14647.4,13415.2,0.0,60825.3,0.0,17698.8,62329.5,19690.5,83120.9,106642.2,128652.3,128203.3,148
896.5,153846.0,33991.0,33717.0,43069.0,43069.0,67378.0,56325.2,14647.4,13415.2,0.0,60825.3,0.0,17699.2,62329.5,19692.3,83122.7,106640.4,128652.3,128203.3,148
897.5,153846.0,33991.0,33717.0,43069.0,43069.0,67378.0,56325.2,14647.4,13415.2,0.0,60825.3,0.0,17699.1,62329.4,19690.2,83120.5,106642.5,128652.3,128203.3,148
898.5,153846.0,33991.0,33717.0,43069.0,43069.0,67378.0,56325.2,14647.4,13415.2,0.0,60825.3,0.0,17699.6,62329.4,19687.6,83117.9,106645.0,128652.3,128203.3,148
899.5,153846.0,33991.0,33717.0,43069.0,43069.0,67378.0,56325.2,14647.4,13415.2,0.0,60825.3,0.0,17699.2,62329.4,19685.4,83115.7,106647.3,128652.3,128203.3,148
900.5,153846.0,33991.0,33717.0,43069.0,43069.0,67378.0,56325.2,14647.4,13415.2,0.0,60825.3,0.0,17699.2,62329.3,19686.7,83116.9,106646.0,128652.3,128203.3,148
901.5,153846.0,33991.0,33717.0,43069.0,43069.0,67378.0,56325.2,14647.4,13415.2,0.0,60825.3,0.0,17699.3,62329.3,19689.7,83119.9,106643.0,128652.3,128203.3,148
902.5,153846.0,33991.0,33717.0,43069.0,43069.0,67378.0,56325.2,14647.4,13415.2,0.0,60825.3,0.0,17699.3,62329.1,19691.7,83121.7,106641.0,128652.3,128203.3,148
903.5,153846.0,33991.0,33717.0,43069.0,43069.0,67378.0,56325.2,14647.4,13415.2,0.0,60825.3,0.0,17699.2,62328.7,19694.2,83123.8,106638.5,128652.3,128203.3,148
904.5,153846.0,33991.0,33717.0,43069.0,43069.0,67378.0,56325.2,14647.4,13415.2,0.0,60825.3,0.0,17699.2,62328.7,19693.8,83123.4,106638.9,128652.3,128203.3,148
905.5,153846.0,33991.0,33717.0,43069.0,43069.0,67378.0,56325.2,14647.4,13415.2,0.0,60825.3,0.0,17699.3,62329.7,19693.8,83124.4,106638.9,128652.3,128203.3,148
906.5,153846.0,33991.0,33717.0,43069.0,43069.0,67378.0,56325.2,14647.4,13415.2,0.0,60825.3,0.0,17699.2,62329.0,19690.5,83120.4,106642.2,128652.3,128203.3,148
907.5,153846.0,33991.0,33717.0,43069.0,43069.0,67378.0,56325.2,14647.4,13415.2,0.0,60825.3,0.0,17699.4,62328.9,19691.8,83121.6,106640.9,128652.3,128203.3,148
908.5,153846.0,33991.0,33717.0,43069.0,43069.0,67378.0,56325.2,14647.4,13415.2,0.0,60825.4,0.0,17699.3,62329.0,19691.5,83121.4,106641.2,128652.3,128203.4,148
909.5,153846.0,33991.0,33717.0,43069.0,43069.0,67381.8,56329.0,14651.1,13419.0,0.0,60825.4,0.0,17698.9,62329.0,19690.7,83120.6,106642.0,128652.3,128207.2,148
910.5,153846.0,33991.0,33717.0,43069.0,43069.0,67381.8,56329.0,14651.1,13419.0,0.0,60825.4,0.0,17702.9,62328.6,19693.6,83123.1,106639.1,128652.3,128207.2,148
911.5,153846.0,33991.0,33717.0,43069.0,43069.0,67381.8,56329.0,14651.1,13419.0,0.0,60825.4,0.0,17703.2,62328.2,19696.1,83125.2,106636.5,128652.3,128207.2,148
912.5,153846.0,33991.0,33717.0,43069.0,43069.0,67381.8,56329.0,14651.1,13419.0,0.0,60825.4,0.0,17703.1,62328.2,19693.3,83122.4,106639.4,128652.3,128207.2,148
913.5,153846.0,33991.0,33717.0,43069.0,43069.0,67381.8,56329.0,14651.1,13419.0,0.0,60825.4,0.0,17705.0,62328.2,19695.1,83124.2,106637.6,128652.3,128207.2,148
914.5,153846.0,33991.0,33717.0,43069.0,43069.0,67381.8,56329.0,14651.1,13419.0,0.0,60825.4,0.0,17704.9,62328.2,19692.8,83121.9,106639.9,128652.3,128207.2,148
915.5,153846.0,33991.0,33717.0,43069.0,43069.0,67381.8,56329.0,14651.1,13419.0,0.0,60825.4,0.0,17705.0,62328.2,19694.1,83123.2,106638.6,128652.3,128207.2,148
916.5,153846.0,33991.0,33717.0,43069.0,43069.0,67381.8,56329.0,14651.1,13419.0,0.0,60825.4,0.0,17705.5,62328.2,19693.7,83122.8,106638.9,128652.3,128207.2,148
917.5,153846.0,33991.0,33717.0,43069.0,43069.0,67381.8,56329.0,14651.1,13419.0,0.0,60825.4,0.0,17705.6,62328.2,19695.3,83124.4,106637.4,128652.3,128207.2,148
918.5,153846.0,33991.0,33717.0,43069.0,43069.0,67381.8,56329.0,14651.1,13419.0,0.0,60825.4,0.0,17705.6,62328.2,19692.7,83121.8,106640.0,128652.3,128207.2,148
919.5,153846.0,33991.0,33717.0,43069.0,43069.0,67381.8,56329.0,14651.1,13419.0,0.0,60825.4,0.0,17705.7,62328.2,19692.9,83122.0,106639.7,128652.3,128207.2,148
920.5,153846.0,33991.0,33717.0,43069.0,43069.0,67381.8,56329.0,14651.1,13419.0,0.0,60825.5,0.0,17705.1,62328.2,19692.5,83121.7,106640.1,128652.3,128207.3,148
921.5,153846.0,33991.0,33717.0,43069.0,43069.0,67381.8,56329.0,14651.1,13419.0,0.0,60825.5,0.0,17705.2,62328.2,19693.8,83122.9,106638.9,128652.3,128207.3,148
922.5,153846.0,33991.0,33717.0,43069.0,43069.0,67381.8,56329.0,14651.1,13419.0,0.0,60825.5,0.0,17705.6,62328.2,19693.5,83122.7,106639.1,128652.3,128207.3,148
923.5,153846.0,33991.0,33717.0,43069.0,43069.0,67381.8,56329.0,14651.1,13419.0,0.0,60825.5,0.0,17705.0,62328.2,19692.6,83121.7,106640.1,128652.3,128207.3,148
924.5,153846.0,33991.0,33717.0,43069.0,43069.0,67381.8,56329.0,14651.1,13419.0,0.0,60825.5,0.0,17705.8,62328.2,19692.7,83121.9,106639.9,128652.3,128207.3,148
925.5,153846.0,33991.0,33717.0,43069.0,43069.0,67381.8,56329.0,14651.1,13419.0,0.0,60825.5,0.0,17705.5,62328.2,19690.5,83119.6,106642.2,128652.3,128207.3,148
926.5,153846.0,33991.0,33717.0,43069.0,43069.0,67381.8,56329.0,14651.1,13419.0,0.0,60825.5,0.0,17706.5,62328.2,19688.9,83118.1,106643.7,128652.3,128207.3,148
927.5,153846.0,33991.0,33717.0,43069.0,43069.0,67381.8,56329.0,14651.1,13419.0,0.0,60825.5,0.0,17705.7,62331.5,19700.5,83132.9,106632.2,128652.3,128207.3,148
928.5,153846.0,33991.0,33717.0,43069.0,43069.0,67381.8,56329.0,14651.1,13419.0,0.0,60825.5,0.0,17705.7,62329.0,19693.6,83123.6,106639.0,128652.3,128207.3,148
929.5,153846.0,33991.0,33717.0,43069.0,43069.0,67381.8,56329.0,14651.1,13419.0,0.0,60825.5,0.0,17705.6,62329.1,19700.2,83130.2,106632.4,128652.3,128207.3,148
930.5,153846.0,33991.0,33717.0,43069.0,43069.0,67381.8,56329.0,14651.1,13419.0,0.0,60825.5,0.0,17705.7,62329.5,19699.9,83130.4,106632.8,128652.3,128207.3,148
931.5,153846.0,33991.0,33717.0,43069.0,43069.0,67381.8,56329.0,14651.1,13419.0,0.0,60825.6,0.0,17705.7,62329.7,19699.6,83130.2,106633.1,128652.3,128207.4,148
932.5,153846.0,33991.0,33717.0,43069.0,43069.0,67381.8,56329.0,14651.1,13419.0,0.0,60825.7,0.0,17705.7,62329.7,19698.6,83129.3,106634.0,128652.3,128207.5,148
933.5,153846.0,33991.0,33717.0,43069.0,43069.0,67381.8,56329.0,14651.1,13419.0,0.0,60825.7,0.0,17705.8,62329.7,19697.0,83127.7,106635.6,128652.3,128207.5,148
934.5,153846.0,33991.0,33717.0,43069.0,43069.0,67381.8,56329.0,14651.1,13419.0,0.0,60825.7,0.0,17705.8,62329.6,19696.9,83127.5,106635.7,128652.3,128207.5,148
935.5,153846.0,33991.0,33717.0,43069.0,43069.0,67381.8,56329.0,14651.1,13419.0,0.0,60825.7,0.0,17705.6,62329.8,19697.8,83128.5,106634.9,128652.3,128207.5,148
936.5,153846.0,33991.0,33717.0,43069.0,43069.0,67381.8,56329.0,14651.1,13419.0,0.0,60825.7,0.0,17705.6,62329.8,19698.7,83129.4,106634.0,128652.3,128207.5,148
937.5,153846.0,33991.0,33717.0,43069.0,43069.0,67356.5,56303.7,14625.9,13393.7,0.0,60825.7,0.0,17680.4,62329.0,19675.1,83105.1,106657.5,128652.3,128182.2,148
938.5,153846.0,33991.0,33717.0,43069.0,43069.0,67356.5,56303.7,14625.9,13393.7,0.0,60825.7,0.0,17680.4,62329.0,19673.8,83103.8,106658.9,128652.3,128182.2,148
939.5,153846.0,33991.0,33717.0,43069.0,43069.0,67356.5,56303.7,14625.9,13393.7,0.0,60825.7,0.0,17680.4,62329.5,19672.4,83102.9,106660.2,128652.3,128182.2,148
940.5,153846.0,33991.0,33717.0,43069.0,43069.0,67356.5,56303.7,14625.9,13393.7,0.0,60825.7,0.0,17680.8,62329.5,19673.6,83104.1,106659.0,128652.3,128182.2,148
941.5,153846.0,33991.0,33717.0,43069.0,43069.0,67356.5,56303.7,14625.9,13393.7,0.0,60825.7,0.0,17681.0,62329.5,19674.8,83105.3,106657.9,128652.3,128182.2,148
942.5,153846.0,33991.0,33717.0,43069.0,43069.0,67356.5,56303.7,14625.9,13393.7,0.0,60825.7,0.0,17680.4,62329.5,19671.6,83102.1,106661.0,128652.3,128182.2,148
943.5,153846.0,33991.0,33717.0,43069.0,43069.0,67356.5,56303.7,14625.9,13393.7,0.0,60825.4,0.0,17682.0,62329.2,19672.9,83103.1,106659.8,128652.3,128181.9,148
944.5,153846.0,33991.0,33717.0,43069.0,43069.0,67356.5,56303.7,14625.9,13393.7,0.0,60825.4,0.0,17682.1,62329.2,19672.5,83102.7,106660.1,128652.3,128181.9,148
945.5,153846.0,33991.0,33717.0,43069.0,43069.0,67356.5,56303.7,14625.9,13393.7,0.0,60825.4,0.0,17682.1,62329.8,19678.6,83109.4,106654.0,128652.3,128181.9,148
946.5,153846.0,33991.0,33717.0,43069.0,43069.0,67356.5,56303.7,14625.9,13393.7,0.0,60825.5,0.0,17682.0,62329.6,19677.4,83108.0,106655.3,128652.3,128182.1,148
947.5,153846.0,33991.0,33717.0,43069.0,43069.0,67356.5,56303.7,14625.9,13393.7,0.0,60825.5,0.0,17682.1,62329.6,19677.7,83108.3,106654.9,128652.3,128182.1,148
948.5,153846.0,33991.0,33717.0,43069.0,43069.0,67356.5,56303.7,14625.9,13393.7,0.0,60825.6,0.0,17682.1,62329.6,19678.6,83109.2,106654.0,128652.3,128182.1,148
949.5,153846.0,33991.0,33717.0,43069.0,43069.0,67356.5,56303.7,14625.9,13393.7,0.0,60825.6,0.0,17682.1,62329.6,19679.0,83109.6,106653.7,128652.3,128182.1,148
950.5,153846.0,33991.0,33717.0,43069.0,43069.0,67356.5,56303.7,14625.9,13393.7,0.0,60825.6,0.0,17682.0,62329.6,19681.0,83111.6,106651.6,128652.3,128182.1,148
951.5,153846.0,33991.0,33717.0,43069.0,43069.0,67356.5,56303.7,14625.9,13393.7,0.0,60825.6,0.0,17682.3,62328.9,19678.9,83108.8,106653.7,128652.3,128182.1,148
952.5,153846.0,33991.0,33717.0,43069.0,43069.0,67356.5,56303.7,14625.9,13393.7,0.0,60825.6,0.0,17682.1,62328.9,19679.1,83109.0,106653.5,128652.3,128182.1,148
953.5,153846.0,33991.0,33717.0,43069.0,43069.0,67355.5,56302.7,14624.9,13392.7,0.0,60825.6,0.0,17682.1,62328.9,19679.8,83109.7,106652.8,128652.3,128181.1,148
954.6,153846.0,33991.0,33717.0,43069.0,43069.0,67363.3,56310.5,14632.6,13400.4,0.0,60825.6,0.0,17688.6,62328.9,19687.4,83117.3,106645.2,128652.3,128188.9,148
955.6,153846.0,33991.0,33717.0,43069.0,43069.0,67363.3,56310.5,14632.6,13400.4,0.0,60825.6,0.0,17689.0,62328.9,19688.9,83118.7,106643.7,128652.3,128188.9,148
956.6,153846.0,33991.0,33717.0,43069.0,43069.0,67363.3,56310.5,14632.6,13400.4,0.0,60825.6,0.0,17688.9,62328.9,19689.6,83119.5,106643.0,128652.3,128188.9,148
957.6,153846.0,33991.0,33717.0,43069.0,43069.0,67363.3,56310.5,14632.6,13400.4,0.0,60825.6,0.0,17689.0,62328.9,19690.1,83120.0,106642.5,128652.3,128188.9,148
958.6,153846.0,33991.0,33717.0,43069.0,43069.0,67363.3,56310.5,14632.6,13400.4,0.0,60825.6,0.0,17688.8,62328.9,19689.0,83118.9,106643.6,128652.3,128188.9,148
959.6,153846.0,33991.0,33717.0,43069.0,43069.0,67363.3,56310.5,14632.6,13400.4,0.0,60825.6,0.0,17689.9,62328.9,19690.0,83119.8,106642.6,128652.3,128188.9,148
960.6,153846.0,33991.0,33717.0,43069.0,43069.0,67363.3,56310.5,14632.6,13400.4,0.0,60825.6,0.0,17690.8,62328.9,19687.4,83117.2,106645.2,128652.3,128188.9,148
961.6,153846.0,33991.0,33717.0,43069.0,43069.0,67363.3,56310.5,14632.6,13400.4,0.0,60825.6,0.0,17690.8,62328.9,19688.5,83118.3,106644.2,128652.3,128188.9,148
962.6,153846.0,33991.0,33717.0,43069.0,43069.0,67363.3,56310.5,14632.6,13400.4,0.0,60825.6,0.0,17691.2,62328.9,19690.2,83120.1,106642.4,128652.3,128188.9,148
963.6,153846.0,33991.0,33717.0,43069.0,43069.0,67363.3,56310.5,14632.6,13400.4,0.0,60825.6,0.0,17691.1,62328.9,19687.4,83117.3,106645.2,128652.3,128188.9,148
964.6,153846.0,33991.0,33717.0,43069.0,43069.0,67363.3,56310.5,14632.6,13400.4,0.0,60825.6,0.0,17689.3,62328.9,19685.4,83115.3,106647.2,128652.3,128188.9,148
965.6,153846.0,33991.0,33717.0,43069.0,43069.0,67363.3,56310.5,14632.6,13400.4,0.0,60825.6,0.0,17688.9,62328.9,19682.5,83112.3,106650.2,128652.3,128188.9,148
966.6,153846.0,33991.0,33717.0,43069.0,43069.0,67364.1,56311.2,14633.4,13401.2,0.0,60825.7,0.0,17689.5,62329.0,19686.2,83116.1,106646.4,128652.3,128189.8,148
967.6,153846.0,33991.0,33717.0,43069.0,43069.0,67364.1,56311.2,14633.4,13401.2,0.0,60825.7,0.0,17691.9,62329.0,19690.0,83120.0,106642.6,128652.3,128189.8,148
968.6,153846.0,33991.0,33717.0,43069.0,43069.0,67364.1,56311.2,14633.4,13401.2,0.0,60826.0,0.0,17692.0,62329.3,19690.5,83120.7,106642.1,128652.3,128190.1,148
969.6,153846.0,33991.0,33717.0,43069.0,43069.0,67364.1,56311.2,14633.4,13401.2,0.0,60826.0,0.0,17692.1,62329.3,19689.0,83119.3,106643.6,128652.3,128190.1,148
970.6,153846.0,33991.0,33717.0,43069.0,43069.0,67380.5,56327.7,14649.8,13417.6,0.0,60826.0,0.0,17708.4,62329.7,19696.7,83127.4,106635.9,128652.3,128206.5,148
971.6,153846.0,33991.0,33717.0,43069.0,43069.0,67380.5,56327.7,14649.8,13417.6,0.0,60826.0,0.0,17706.9,62329.7,19697.1,83127.8,106635.5,128652.3,128206.5,148
972.6,153846.0,33991.0,33717.0,43069.0,43069.0,67380.5,56327.7,14649.8,13417.6,0.0,60826.1,0.0,17706.4,62329.2,19696.6,83126.9,106636.0,128652.3,128206.5,148
973.6,153846.0,33991.0,33717.0,43069.0,43069.0,67380.5,56327.7,14649.8,13417.6,0.0,60826.1,0.0,17703.0,62329.2,19693.5,83123.7,106639.1,128652.3,128206.5,148
974.6,153846.0,33991.0,33717.0,43069.0,43069.0,67380.5,56327.7,14649.8,13417.6,0.0,60826.1,0.0,17702.8,62329.6,19691.2,83121.8,106641.4,128652.3,128206.5,148
975.6,153846.0,33991.0,33717.0,43069.0,43069.0,67380.5,56327.7,14649.9,13417.7,0.0,60826.1,0.0,17703.0,62329.6,19689.1,83119.6,106643.5,128652.3,128206.6,148
976.6,153846.0,33991.0,33717.0,43069.0,43069.0,67380.5,56327.7,14649.9,13417.7,0.0,60826.1,0.0,17703.1,62329.6,19688.7,83119.3,106643.9,128652.3,128206.6,148
977.6,153846.0,33991.0,33717.0,43069.0,43069.0,67368.2,56315.4,14637.6,13405.4,0.0,60826.1,0.0,17690.4,62331.6,19685.7,83118.3,106646.9,128652.3,128194.3,148
978.6,153846.0,33991.0,33717.0,43069.0,43069.0,67384.4,56331.6,14653.8,13421.6,0.0,60826.1,0.0,17706.7,62329.5,19699.3,83129.8,106633.3,128652.3,128210.5,148
979.6,153846.0,33991.0,33717.0,43069.0,43069.0,67384.4,56331.6,14653.8,13421.6,0.0,60826.1,0.0,17707.0,62329.4,19694.0,83124.4,106638.6,128652.3,128210.5,148
980.6,153846.0,33991.0,33717.0,43069.0,43069.0,67384.5,56331.7,14653.8,13421.7,0.0,60826.1,0.0,17707.0,62329.2,19693.5,83123.7,106639.1,128652.3,128210.6,148
981.6,153846.0,33991.0,33717.0,43069.0,43069.0,67384.5,56331.7,14653.8,13421.7,0.0,60826.2,0.0,17707.2,62329.3,19694.8,83125.1,106637.8,128652.3,128210.7,148
982.6,153846.0,33991.0,33717.0,43069.0,43069.0,67384.5,56331.7,14653.8,13421.7,0.0,60826.2,0.0,17707.1,62329.3,19695.4,83125.8,106637.2,128652.3,128210.7,148
983.6,153846.0,33991.0,33717.0,43069.0,43069.0,67384.5,56331.7,14653.8,13421.7,0.0,60826.2,0.0,17707.1,62329.3,19695.3,83125.6,106637.3,128652.3,128210.7,148
984.6,153846.0,33991.0,33717.0,43069.0,43069.0,67384.5,56331.7,14653.8,13421.7,0.0,60826.2,0.0,17707.1,62329.3,19696.3,83126.7,106636.2,128652.3,128210.7,148
985.6,153846.0,33991.0,33717.0,43069.0,43069.0,67384.5,56331.7,14653.9,13421.7,0.0,60826.2,0.0,17707.6,62329.3,19693.3,83123.6,106639.3,128652.3,128210.8,148
986.6,153846.0,33991.0,33717.0,43069.0,43069.0,67384.5,56331.7,14653.9,13421.7,0.0,60826.3,0.0,17707.0,62329.4,19696.0,83126.4,106636.6,128652.3,128210.8,148
987.6,153846.0,33991.0,33717.0,43069.0,43069.0,67384.6,56331.7,14653.9,13421.7,0.0,60826.3,0.0,17706.9,62329.4,19696.0,83126.4,106636.6,128652.3,128210.8,148
988.6,153846.0,33991.0,33717.0,43069.0,43069.0,67384.6,56331.7,14653.9,13421.7,0.0,60826.3,0.0,17707.0,62329.4,19696.0,83126.4,106636.6,128652.3,128210.8,148
989.6,153846.0,33991.0,33717.0,43069.0,43069.0,67384.6,56331.7,14653.9,13421.7,0.0,60826.3,0.0,17707.2,62329.4,19696.6,83127.0,106635.9,128652.3,128210.8,148
990.6,153846.0,33991.0,33717.0,43069.0,43069.0,67384.6,56331.8,14653.9,13421.8,0.0,60826.3,0.0,17707.3,62329.4,19696.6,83127.0,106636.0,128652.3,128210.9,148
991.6,153846.0,33991.0,33717.0,43069.0,43069.0,67384.6,56331.8,14653.9,13421.8,0.0,60826.3,0.0,17707.4,62329.4,19694.3,83124.7,106638.2,128652.3,128210.9,148
992.6,153846.0,33991.0,33717.0,43069.0,43069.0,67384.6,56331.8,14653.9,13421.8,0.0,60826.3,0.0,17707.3,62329.4,19695.5,83125.9,106637.1,128652.3,128210.9,148
993.6,153846.0,33991.0,33717.0,43069.0,43069.0,67384.6,56331.8,14653.9,13421.8,0.0,60826.3,0.0,17707.4,62329.4,19695.7,83126.1,106636.9,128652.3,128210.9,148
994.6,153846.0,33991.0,33717.0,43069.0,43069.0,67390.8,56338.0,14660.1,13428.0,0.0,60826.3,0.0,17707.3,62329.4,19695.3,83125.7,106637.3,128652.3,128217.1,148
995.6,153846.0,33991.0,33717.0,43069.0,43069.0,67386.5,56333.7,14655.8,13423.7,0.0,60826.3,0.0,17708.6,62328.4,19706.1,83135.5,106626.5,128652.3,128212.8,148
996.6,153846.0,33991.0,33717.0,43069.0,43069.0,67386.6,56333.8,14655.9,13423.7,0.0,60826.3,0.0,17709.5,62332.1,19708.2,83141.3,106624.3,128652.3,128212.9,148
997.6,153846.0,33991.0,33717.0,43069.0,43069.0,67401.6,56348.8,14670.9,13438.8,0.0,60826.3,0.0,17723.7,62334.0,19728.5,83163.5,106604.1,128652.3,128227.9,148
998.6,153846.0,33991.0,33717.0,43069.0,43069.0,67404.4,56351.6,14673.7,13441.5,0.0,60826.3,0.0,17726.1,62332.9,19735.7,83169.7,106596.8,128652.3,128230.7,148
999.6,153846.0,33991.0,33717.0,43069.0,43069.0,67407.4,56354.5,14676.7,13444.5,0.0,60826.3,0.0,17729.1,62332.4,19737.5,83171.0,106595.0,128652.3,128233.7,148
1000.6,153846.0,33991.0,33717.0,43069.0,43069.0,67404.8,56352.0,14674.2,13442.0,0.0,60826.3,0.0,17727.7,62329.8,19736.8,83167.7,106595.8,128652.3,128231.1,148
1001.6,153846.0,33991.0,33717.0,43069.0,43069.0,67404.8,56352.0,14674.1,13442.0,0.0,60826.4,0.0,17729.5,62329.9,19738.2,83169.1,106594.4,128652.3,128231.3,148
1002.6,153846.0,33991.0,33717.0,43069.0,43069.0,67404.8,56352.0,14674.1,13442.0,0.0,60826.5,0.0,17729.8,62330.0,19738.6,83169.6,106594.0,128652.3,128231.3,148
1003.6,153846.0,33991.0,33717.0,43069.0,43069.0,67404.8,56352.0,14674.1,13442.0,0.0,60826.5,0.0,17732.9,62330.0,19741.7,83172.7,106590.8,128652.3,128231.3,148
1004.6,153846.0,33991.0,33717.0,43069.0,43069.0,67404.8,56352.0,14674.1,13442.0,0.0,60826.5,0.0,17732.9,62330.0,19741.7,83172.7,106590.8,128652.3,128231.3,148
1005.6,153846.0,33991.0,33717.0,43069.0,43069.0,67404.8,56352.0,14674.2,13442.0,0.0,60826.5,0.0,17732.9,62330.0,19742.2,83173.2,106590.4,128652.3,128231.3,148
1006.6,153846.0,33991.0,33717.0,43069.0,43069.0,67404.8,56352.0,14674.2,13442.0,0.0,60826.5,0.0,17730.7,62330.0,19743.7,83174.7,106588.9,128652.3,128231.3,148
1007.6,153846.0,33991.0,33717.0,43069.0,43069.0,67404.8,56352.0,14674.2,13442.0,0.0,60826.5,0.0,17730.6,62330.0,19740.6,83171.6,106592.0,128652.3,128231.3,148
1008.6,153846.0,33991.0,33717.0,43069.0,43069.0,67404.8,56352.0,14674.2,13442.0,0.0,60826.5,0.0,17730.8,62330.0,19738.9,83170.0,106593.6,128652.3,128231.3,148
1009.6,153846.0,33991.0,33717.0,43069.0,43069.0,67404.8,56352.0,14674.2,13442.0,0.0,60826.5,0.0,17730.7,62329.3,19736.5,83166.8,106596.1,128652.3,128231.3,148
1010.6,153846.0,33991.0,33717.0,43069.0,43069.0,67404.8,56352.0,14674.2,13442.0,0.0,60826.5,0.0,17730.7,62329.7,19733.2,83164.0,106599.3,128652.3,128231.3,148
1011.6,153846.0,33991.0,33717.0,43069.0,43069.0,67404.8,56352.0,14674.2,13442.0,0.0,60826.5,0.0,17730.8,62329.7,19733.8,83164.5,106598.8,128652.3,128231.3,148
1012.6,153846.0,33991.0,33717.0,43069.0,43069.0,67404.8,56352.0,14674.2,13442.0,0.0,60826.5,0.0,17730.8,62329.7,19733.4,83164.1,106599.2,128652.3,128231.3,148
1013.6,153846.0,33991.0,33717.0,43069.0,43069.0,67393.9,56341.1,14663.2,13431.1,0.0,60826.5,0.0,17720.2,62330.0,19719.5,83150.5,106613.1,128652.3,128220.4,148
1014.6,153846.0,33991.0,33717.0,43069.0,43069.0,67393.9,56341.1,14663.2,13431.1,0.0,60826.5,0.0,17720.0,62330.1,19719.5,83150.7,106613.0,128652.3,128220.4,148
1015.6,153846.0,33991.0,33717.0,43069.0,43069.0,67393.9,56341.1,14663.2,13431.1,0.0,60826.5,0.0,17719.9,62329.7,19714.2,83145.0,106618.3,128652.3,128220.4,148
1016.6,153846.0,33991.0,33717.0,43069.0,43069.0,67393.9,56341.1,14663.2,13431.1,0.0,60826.5,0.0,17719.4,62329.7,19715.0,83145.8,106617.5,128652.3,128220.4,148
1017.6,153846.0,33991.0,33717.0,43069.0,43069.0,67393.9,56341.1,14663.2,13431.1,0.0,60826.5,0.0,17719.3,62329.7,19718.1,83148.9,106614.5,128652.3,128220.4,148
1018.6,153846.0,33991.0,33717.0,43069.0,43069.0,67393.9,56341.1,14663.2,13431.1,0.0,60826.7,0.0,17719.3,62329.4,19717.9,83148.4,106614.6,128652.3,128220.6,148
1019.6,153846.0,33991.0,33717.0,43069.0,43069.0,67393.9,56341.1,14663.2,13431.1,0.0,60826.7,0.0,17719.3,62329.4,19717.8,83148.2,106614.8,128652.3,128220.6,148
1020.6,153846.0,33991.0,33717.0,43069.0,43069.0,67393.9,56341.1,14663.3,13431.1,0.0,60826.7,0.0,17719.4,62329.4,19718.5,83148.9,106614.1,128652.3,128220.6,148
1021.6,153846.0,33991.0,33717.0,43069.0,43069.0,67393.9,56341.1,14663.3,13431.1,0.0,60826.7,0.0,17719.4,62329.4,19717.8,83148.2,106614.8,128652.3,128220.6,148
1022.6,153846.0,33991.0,33717.0,43069.0,43069.0,67393.9,56341.1,14663.3,13431.1,0.0,60826.7,0.0,17719.4,62329.4,19715.9,83146.3,106616.7,128652.3,128220.6,148
1023.6,153846.0,33991.0,33717.0,43069.0,43069.0,67393.9,56341.1,14663.3,13431.1,0.0,60826.7,0.0,17719.9,62329.4,19716.3,83146.8,106616.3,128652.3,128220.6,148
1024.6,153846.0,33991.0,33717.0,43069.0,43069.0,67393.9,56341.1,14663.3,13431.1,0.0,60826.7,0.0,17719.4,62329.4,19716.2,83146.7,106616.3,128652.3,128220.6,148
1025.6,153846.0,33991.0,33717.0,43069.0,43069.0,67445.9,56393.1,14715.3,13483.1,0.0,60826.7,0.0,17719.4,62329.4,19715.7,83146.2,106616.8,128652.3,128272.6,148
1026.6,153846.0,33991.0,33717.0,43069.0,43069.0,67404.4,56351.6,14673.7,13441.6,0.0,60826.7,0.0,17729.8,62331.3,19720.0,83152.4,106612.5,128652.3,128231.1,148
1027.6,153846.0,33991.0,33717.0,43069.0,43069.0,67404.4,56351.6,14673.7,13441.6,0.0,60826.7,0.0,17729.8,62331.1,19720.1,83152.3,106612.4,128652.3,128231.1,148
1028.6,153846.0,33991.0,33717.0,43069.0,43069.0,67404.4,56351.6,14673.7,13441.6,0.0,60826.7,0.0,17729.9,62331.1,19718.8,83151.0,106613.7,128652.3,128231.1,148
1029.6,153846.0,33991.0,33717.0,43069.0,43069.0,67404.4,56351.6,14673.7,13441.6,0.0,60826.7,0.0,17729.9,62331.1,19718.1,83150.3,106614.4,128652.3,128231.1,148
1030.6,153846.0,33991.0,33717.0,43069.0,43069.0,67404.4,56351.6,14673.7,13441.6,0.0,60826.7,0.0,17729.9,62331.1,19717.2,83149.4,106615.3,128652.3,128231.1,148
1031.6,153846.0,33991.0,33717.0,43069.0,43069.0,67404.4,56351.6,14673.7,13441.6,0.0,60826.7,0.0,17729.8,62331.1,19716.6,83148.8,106615.9,128652.3,128231.1,148
1032.6,153846.0,33991.0,33717.0,43069.0,43069.0,67404.4,56351.6,14673.7,13441.6,0.0,60826.7,0.0,17729.8,62331.2,19717.4,83149.6,106615.1,128652.3,128231.1,148
1033.6,153846.0,33991.0,33717.0,43069.0,43069.0,67404.4,56351.6,14673.7,13441.6,0.0,60826.7,0.0,17726.8,62331.2,19716.8,83149.0,106615.7,128652.3,128231.1,148
1034.6,153846.0,33991.0,33717.0,43069.0,43069.0,67404.4,56351.6,14673.7,13441.6,0.0,60826.7,0.0,17726.7,62331.2,19716.4,83148.7,106616.1,128652.3,128231.1,148
1035.6,153846.0,33991.0,33717.0,43069.0,43069.0,67404.4,56351.6,14673.7,13441.6,0.0,60826.7,0.0,17726.7,62331.2,19715.8,83148.0,106616.7,128652.3,128231.1,148
1036.6,153846.0,33991.0,33717.0,43069.0,43069.0,67404.4,56351.6,14673.7,13441.6,0.0,60826.7,0.0,17728.7,62331.2,19710.5,83142.7,106622.0,128652.3,128231.1,148
1037.6,153846.0,33991.0,33717.0,43069.0,43069.0,67404.4,56351.6,14673.7,13441.6,0.0,60826.9,0.0,17728.9,62330.9,19712.0,83144.0,106620.5,128652.3,128231.2,148
1038.6,153846.0,33991.0,33717.0,43069.0,43069.0,67404.4,56351.6,14673.7,13441.6,0.0,60826.9,0.0,17728.8,62330.9,19712.1,83144.0,106620.4,128652.3,128231.2,148
1039.6,153846.0,33991.0,33717.0,43069.0,43069.0,67403.4,56350.6,14672.7,13440.6,0.0,60826.9,0.0,17728.8,62332.3,19728.7,83162.0,106603.9,128652.3,128230.3,148
1040.6,153846.0,33991.0,33717.0,43069.0,43069.0,67403.4,56350.6,14672.7,13440.6,0.0,60826.9,0.0,17727.8,62331.1,19725.2,83157.4,106607.3,128652.3,128230.3,148
1041.6,153846.0,33991.0,33717.0,43069.0,43069.0,67403.4,56350.6,14672.7,13440.6,0.0,60826.9,0.0,17727.5,62331.1,19726.7,83158.9,106605.8,128652.3,128230.3,148
1042.6,153846.0,33991.0,33717.0,43069.0,43069.0,67403.4,56350.6,14672.7,13440.6,0.0,60826.9,0.0,17727.9,62331.1,19725.6,83157.8,106606.9,128652.3,128230.3,148
1043.6,153846.0,33991.0,33717.0,43069.0,43069.0,67469.4,56416.6,14738.8,13506.6,0.0,60826.9,0.0,17727.8,62331.1,19725.6,83157.8,106606.9,128652.3,128296.3,148
1044.6,153846.0,33991.0,33717.0,43069.0,43069.0,67405.1,56352.3,14674.4,13442.3,0.0,60826.9,0.0,17729.3,62331.4,19723.6,83156.1,106608.9,128652.3,128232.0,148
1045.6,153846.0,33991.0,33717.0,43069.0,43069.0,67405.1,56352.3,14674.4,13442.3,0.0,60826.9,0.0,17729.6,62331.3,19720.7,83153.0,106611.9,128652.3,128232.0,148
1046.6,153846.0,33991.0,33717.0,43069.0,43069.0,67405.1,56352.3,14674.4,13442.3,0.0,60826.9,0.0,17729.6,62331.3,19721.2,83153.6,106611.3,128652.3,128232.0,148
1047.6,153846.0,33991.0,33717.0,43069.0,43069.0,67405.1,56352.3,14674.4,13442.3,0.0,60826.9,0.0,17731.0,62331.3,19722.3,83154.6,106610.2,128652.3,128232.0,148
1048.6,153846.0,33991.0,33717.0,43069.0,43069.0,67427.5,56374.6,14696.8,13464.6,0.0,60826.9,0.0,17754.2,62331.8,19751.6,83184.4,106581.0,128652.3,128254.4,148
1049.6,153846.0,33991.0,33717.0,43069.0,43069.0,67427.5,56374.6,14696.8,13464.6,0.0,60826.9,0.0,17754.4,62332.0,19753.7,83186.8,106578.8,128652.3,128254.4,148
1050.6,153846.0,33991.0,33717.0,43069.0,43069.0,67430.2,56377.3,14699.5,13467.3,0.0,60826.9,0.0,17756.2,62332.3,19762.5,83196.0,106570.0,128652.3,128257.1,148
1051.6,153846.0,33991.0,33717.0,43069.0,43069.0,67432.9,56380.1,14702.2,13470.1,0.0,60826.9,0.0,17759.5,62331.9,19763.6,83196.7,106568.9,128652.3,128259.9,148
1052.6,153846.0,33991.0,33717.0,43069.0,43069.0,67434.9,56382.1,14704.2,13472.1,0.0,60826.9,0.0,17754.0,62330.9,19764.5,83196.5,106568.0,128652.3,128261.8,148
1053.6,153846.0,33991.0,33717.0,43069.0,43069.0,67434.9,56382.1,14704.2,13472.1,0.0,60826.9,0.0,17761.2,62334.7,19774.6,83210.5,106557.9,128652.3,128261.9,148
1054.6,153846.0,33991.0,33717.0,43069.0,43069.0,67434.5,56381.7,14703.8,13471.7,0.0,60827.1,0.0,17761.4,62333.7,19767.4,83202.2,106565.1,128652.3,128261.6,148
1055.6,153846.0,33991.0,33717.0,43069.0,43069.0,67434.5,56381.7,14703.8,13471.7,0.0,60827.2,0.0,17761.4,62332.6,19771.3,83205.0,106561.2,128652.3,128261.7,148
1056.6,153846.0,33991.0,33717.0,43069.0,43069.0,67438.6,56385.8,14707.9,13475.7,0.0,60827.2,0.0,17765.6,62333.1,19770.8,83205.0,106561.7,128652.3,128265.8,148
1057.6,153846.0,33991.0,33717.0,43069.0,43069.0,67438.6,56385.8,14707.9,13475.8,0.0,60827.2,0.0,17763.9,62332.3,19771.3,83204.6,106561.2,128652.3,128265.8,148
1058.6,153846.0,33991.0,33717.0,43069.0,43069.0,67438.6,56385.8,14707.9,13475.8,0.0,60827.2,0.0,17763.2,62331.9,19771.3,83204.3,106561.2,128652.3,128265.8,148
1059.6,153846.0,33991.0,33717.0,43069.0,43069.0,67438.6,56385.8,14707.9,13475.8,0.0,60827.2,0.0,17760.6,62331.9,19768.6,83201.6,106563.9,128652.3,128265.8,148
1060.6,153846.0,33991.0,33717.0,43069.0,43069.0,67438.6,56385.8,14707.9,13475.8,0.0,60827.2,0.0,17760.6,62331.9,19766.5,83199.5,106566.0,128652.3,128265.8,148
1061.6,153846.0,33991.0,33717.0,43069.0,43069.0,67427.1,56374.3,14696.5,13464.3,0.0,60827.2,0.0,17749.3,62332.2,19757.1,83190.5,106575.3,128652.3,128254.4,148
1062.6,153846.0,33991.0,33717.0,43069.0,43069.0,67427.1,56374.3,14696.5,13464.3,0.0,60827.2,0.0,17749.2,62332.0,19757.8,83190.9,106574.7,128652.3,128254.4,148
1063.6,153846.0,33991.0,33717.0,43069.0,43069.0,67427.1,56374.3,14696.5,13464.3,0.0,60827.2,0.0,17749.1,62332.0,19759.1,83192.2,106573.4,128652.3,128254.4,148
1064.6,153846.0,33991.0,33717.0,43069.0,43069.0,67427.1,56374.3,14696.5,13464.3,0.0,60827.2,0.0,17749.2,62332.0,19759.4,83192.5,106573.1,128652.3,128254.4,148
1065.6,153846.0,33991.0,33717.0,43069.0,43069.0,67427.1,56374.3,14696.5,13464.3,0.0,60827.2,0.0,17749.1,62332.0,19760.6,83193.7,106571.9,128652.3,128254.4,148
1066.6,153846.0,33991.0,33717.0,43069.0,43069.0,67427.1,56374.3,14696.5,13464.3,0.0,60827.2,0.0,17749.1,62332.0,19761.5,83194.6,106571.0,128652.3,128254.4,148
1067.6,153846.0,33991.0,33717.0,43069.0,43069.0,67427.1,56374.3,14696.5,13464.3,0.0,60827.2,0.0,17749.1,62332.0,19762.5,83195.6,106569.9,128652.3,128254.4,148
1068.6,153846.0,33991.0,33717.0,43069.0,43069.0,67427.1,56374.3,14696.5,13464.3,0.0,60827.2,0.0,17749.1,62332.2,19760.6,83193.9,106571.9,128652.3,128254.4,148
1069.6,153846.0,33991.0,33717.0,43069.0,43069.0,67427.1,56374.3,14696.5,13464.3,0.0,60827.2,0.0,17749.2,62332.2,19759.6,83192.9,106572.9,128652.3,128254.4,148
1070.6,153846.0,33991.0,33717.0,43069.0,43069.0,67427.1,56374.3,14696.5,13464.3,0.0,60827.2,0.0,17749.2,62332.2,19757.7,83191.0,106574.8,128652.3,128254.4,148
1071.6,153846.0,33991.0,33717.0,43069.0,43069.0,67427.1,56374.3,14696.5,13464.3,0.0,60827.3,0.0,17749.3,62332.2,19757.4,83190.8,106575.0,128652.3,128254.4,148
1072.6,153846.0,33991.0,33717.0,43069.0,43069.0,67427.1,56374.3,14696.5,13464.3,0.0,60827.4,0.0,17749.2,62332.1,19757.4,83190.6,106575.1,128652.3,128254.5,148
1073.6,153846.0,33991.0,33717.0,43069.0,43069.0,67427.1,56374.3,14696.5,13464.3,0.0,60827.4,0.0,17749.1,62332.1,19758.0,83191.2,106574.5,128652.3,128254.5,148
1074.6,153846.0,33991.0,33717.0,43069.0,43069.0,67427.1,56374.3,14696.5,13464.3,0.0,60827.4,0.0,17749.3,62332.1,19755.3,83188.5,106577.2,128652.3,128254.6,148
1075.6,153846.0,33991.0,33717.0,43069.0,43069.0,67427.1,56374.3,14696.5,13464.3,0.0,60827.4,0.0,17749.2,62331.7,19754.3,83187.1,106578.2,128652.3,128254.6,148
1076.6,153846.0,33991.0,33717.0,43069.0,43069.0,67427.1,56374.3,14696.5,13464.3,0.0,60827.4,0.0,17749.5,62334.2,19760.8,83196.1,106571.7,128652.3,128254.6,148
1077.6,153846.0,33991.0,33717.0,43069.0,43069.0,67427.1,56374.3,14696.5,13464.3,0.0,60827.4,0.0,17749.8,62331.9,19756.0,83189.1,106576.4,128652.3,128254.6,148
1078.6,153846.0,33991.0,33717.0,43069.0,43069.0,67412.7,56359.8,14682.0,13449.8,0.0,60827.4,0.0,17767.3,62332.4,19774.4,83208.0,106558.0,128652.3,128240.1,148
1079.6,153846.0,33991.0,33717.0,43069.0,43069.0,67412.7,56359.8,14682.0,13449.8,0.0,60827.4,0.0,17735.4,62331.6,19738.2,83170.9,106594.3,128652.3,128240.1,148
1080.6,153846.0,33991.0,33717.0,43069.0,43069.0,67412.7,56359.8,14682.0,13449.8,0.0,60827.4,0.0,17736.0,62331.7,19737.8,83170.6,106594.7,128652.3,128240.1,148
1081.6,153846.0,33991.0,33717.0,43069.0,43069.0,67412.7,56359.8,14682.0,13449.8,0.0,60827.4,0.0,17735.6,62331.7,19739.1,83171.9,106593.4,128652.3,128240.1,148
1082.6,153846.0,33991.0,33717.0,43069.0,43069.0,67412.7,56359.8,14682.0,13449.8,0.0,60827.5,0.0,17736.1,62331.7,19740.2,83173.0,106592.3,128652.3,128240.1,148
1083.6,153846.0,33991.0,33717.0,43069.0,43069.0,67412.7,56359.8,14682.0,13449.8,0.0,60827.5,0.0,17736.1,62331.7,19737.3,83170.1,106595.1,128652.3,128240.1,148
1084.6,153846.0,33991.0,33717.0,43069.0,43069.0,67412.7,56359.8,14682.0,13449.8,0.0,60827.5,0.0,17735.6,62331.7,19737.2,83170.0,106595.2,128652.3,128240.1,148
1085.6,153846.0,33991.0,33717.0,43069.0,43069.0,67412.7,56359.8,14682.0,13449.8,0.0,60827.5,0.0,17735.8,62331.7,19736.8,83169.6,106595.6,128652.3,128240.1,148
1086.6,153846.0,33991.0,33717.0,43069.0,43069.0,67412.7,56359.8,14682.0,13449.8,0.0,60827.5,0.0,17735.4,62331.7,19737.9,83170.6,106594.6,128652.3,128240.1,148
1087.6,153846.0,33991.0,33717.0,43069.0,43069.0,67416.6,56363.8,14685.9,13453.8,0.0,60827.5,0.0,17739.0,62333.4,19745.3,83179.8,106587.1,128652.3,128244.1,148
1088.6,153846.0,33991.0,33717.0,43069.0,43069.0,67416.6,56363.8,14685.9,13453.8,0.0,60827.5,0.0,17739.6,62332.4,19737.0,83170.5,106595.4,128652.3,128244.1,148
1089.6,153846.0,33991.0,33717.0,43069.0,43069.0,67416.6,56363.8,14685.9,13453.8,0.0,60827.5,0.0,17739.6,62332.1,19733.8,83167.1,106598.6,128652.3,128244.1,148
1090.6,153846.0,33991.0,33717.0,43069.0,43069.0,67416.6,56363.8,14685.9,13453.8,0.0,60827.6,0.0,17740.0,62332.2,19735.2,83168.6,106597.2,128652.3,128244.2,148
1091.6,153846.0,33991.0,33717.0,43069.0,43069.0,67418.1,56365.3,14687.5,13455.3,0.0,60827.6,0.0,17741.1,62332.3,19731.5,83164.9,106601.0,128652.3,128245.7,148
1092.6,153846.0,33991.0,33717.0,43069.0,43069.0,67418.1,56365.3,14687.5,13455.3,0.0,60827.6,0.0,17741.2,62332.1,19733.9,83167.1,106598.6,128652.3,128245.8,148
1093.6,153846.0,33991.0,33717.0,43069.0,43069.0,67418.1,56365.3,14687.5,13455.3,0.0,60827.6,0.0,17741.8,62332.1,19736.3,83169.5,106596.1,128652.3,128245.8,148
1094.6,153846.0,33991.0,33717.0,43069.0,43069.0,67418.1,56365.3,14687.5,13455.3,0.0,60827.6,0.0,17741.1,62332.1,19736.8,83170.0,106595.7,128652.3,128245.8,148
1095.6,153846.0,33991.0,33717.0,43069.0,43069.0,67418.1,56365.3,14687.5,13455.3,0.0,60827.6,0.0,17741.4,62332.1,19736.5,83169.7,106595.9,128652.3,128245.8,148
1096.6,153846.0,33991.0,33717.0,43069.0,43069.0,67418.1,56365.3,14687.5,13455.3,0.0,60827.6,0.0,17741.1,62332.1,19736.7,83169.9,106595.8,128652.3,128245.8,148
1097.6,153846.0,33991.0,33717.0,43069.0,43069.0,67431.7,56378.9,14701.1,13468.9,0.0,60827.6,0.0,17754.4,62332.1,19742.9,83176.1,106589.6,128652.3,128259.3,148
1098.6,153846.0,33991.0,33717.0,43069.0,43069.0,67416.6,56363.8,14685.9,13453.8,0.0,60827.6,0.0,17739.6,62332.5,19726.3,83159.9,106606.2,128652.3,128244.2,148
1099.6,153846.0,33991.0,33717.0,43069.0,43069.0,67416.6,56363.8,14685.9,13453.8,0.0,60827.6,0.0,17739.6,62332.0,19731.8,83164.9,106600.6,128652.3,128244.2,148
1100.6,153846.0,33991.0,33717.0,43069.0,43069.0,67416.6,56363.8,14685.9,13453.8,0.0,60827.7,0.0,17739.6,62332.6,19732.0,83165.8,106600.4,128652.3,128244.2,148
1101.6,153846.0,33991.0,33717.0,43069.0,43069.0,67416.6,56363.8,14685.9,13453.8,0.0,60827.7,0.0,17739.5,62332.6,19733.8,83167.6,106598.6,128652.3,128244.2,148
1102.6,153846.0,33991.0,33717.0,43069.0,43069.0,67416.6,56363.8,14685.9,13453.8,0.0,60827.7,0.0,17739.6,62332.6,19734.5,83168.2,106598.0,128652.3,128244.2,148
1103.6,153846.0,33991.0,33717.0,43069.0,43069.0,67416.6,56363.8,14685.9,13453.8,0.0,60827.7,0.0,17739.6,62332.7,19735.4,83169.2,106597.1,128652.3,128244.3,148
1104.6,153846.0,33991.0,33717.0,43069.0,43069.0,67416.6,56363.8,14685.9,13453.8,0.0,60827.7,0.0,17740.6,62332.6,19736.5,83170.3,106595.9,128652.3,128244.3,148
1105.6,153846.0,33991.0,33717.0,43069.0,43069.0,67416.6,56363.8,14685.9,13453.8,0.0,60827.7,0.0,17740.2,62332.6,19737.5,83171.2,106595.0,128652.3,128244.3,148
1106.6,153846.0,33991.0,33717.0,43069.0,43069.0,67416.6,56363.8,14685.9,13453.8,0.0,60827.8,0.0,17740.2,62332.7,19738.4,83172.3,106594.1,128652.3,128244.4,148
1107.6,153846.0,33991.0,33717.0,43069.0,43069.0,67416.6,56363.8,14685.9,13453.8,0.0,60827.8,0.0,17739.6,62332.7,19738.8,83172.6,106593.7,128652.3,128244.4,148
1108.6,153846.0,33991.0,33717.0,43069.0,43069.0,67416.6,56363.8,14685.9,13453.8,0.0,60827.8,0.0,17740.3,62332.8,19738.7,83172.6,106593.7,128652.3,128244.4,148
1109.6,153846.0,33991.0,33717.0,43069.0,43069.0,67416.6,56363.8,14685.9,13453.8,0.0,60827.8,0.0,17740.2,62332.8,19740.5,83174.4,106591.9,128652.3,128244.4,148
1110.6,153846.0,33991.0,33717.0,43069.0,43069.0,67416.6,56363.8,14685.9,13453.8,0.0,60827.8,0.0,17740.3,62332.6,19739.3,83173.1,106593.1,128652.3,128244.4,148
1111.6,153846.0,33991.0,33717.0,43069.0,43069.0,67416.6,56363.8,14685.9,13453.8,0.0,60827.8,0.0,17740.1,62332.6,19740.0,83173.8,106592.5,128652.3,128244.4,148
1112.6,153846.0,33991.0,33717.0,43069.0,43069.0,67416.6,56363.8,14685.9,13453.8,0.0,60827.8,0.0,17740.1,62332.5,19737.3,83171.0,106595.1,128652.3,128244.4,148
1113.6,153846.0,33991.0,33717.0,43069.0,43069.0,67416.6,56363.8,14685.9,13453.8,0.0,60827.8,0.0,17740.3,62332.5,19738.4,83172.0,106594.1,128652.3,128244.4,148
1114.6,153846.0,33991.0,33717.0,43069.0,43069.0,67416.6,56363.8,14685.9,13453.8,0.0,60827.8,0.0,17740.7,62332.5,19736.4,83170.0,106596.1,128652.3,128244.4,148
1115.6,153846.0,33991.0,33717.0,43069.0,43069.0,67416.6,56363.8,14685.9,13453.8,0.0,60827.8,0.0,17741.4,62332.5,19738.2,83171.9,106594.2,128652.3,128244.4,148
1116.6,153846.0,33991.0,33717.0,43069.0,43069.0,67416.6,56363.8,14685.9,13453.8,0.0,60827.8,0.0,17740.6,62332.5,19738.0,83171.7,106594.4,128652.3,128244.4,148
1117.6,153846.0,33991.0,33717.0,43069.0,43069.0,67416.6,56363.8,14685.9,13453.8,0.0,60827.8,0.0,17740.6,62332.5,19735.9,83169.6,106596.5,128652.3,128244.4,148
1118.6,153846.0,33991.0,33717.0,43069.0,43069.0,67416.6,56363.8,14685.9,13453.8,0.0,60827.8,0.0,17740.6,62332.5,19735.1,83168.7,106597.4,128652.3,128244.4,148
1119.6,153846.0,33991.0,33717.0,43069.0,43069.0,67416.6,56363.8,14685.9,13453.8,0.0,60827.8,0.0,17740.7,62332.5,19735.2,83168.8,106597.3,128652.3,128244.4,148
1120.6,153846.0,33991.0,33717.0,43069.0,43069.0,67428.4,56375.5,14697.7,13465.5,0.0,60827.8,0.0,17752.3,62332.2,19741.9,83175.3,106590.5,128652.3,128256.2,148
1121.6,153846.0,33991.0,33717.0,43069.0,43069.0,67428.4,56375.5,14697.7,13465.5,0.0,60827.8,0.0,17752.6,62332.2,19743.3,83176.7,106589.1,128652.3,128256.2,148
1122.6,153846.0,33991.0,33717.0,43069.0,43069.0,67428.4,56375.5,14697.7,13465.5,0.0,60827.9,0.0,17753.1,62332.3,19757.0,83190.5,106575.4,128652.3,128256.2,148
1123.6,153846.0,33991.0,33717.0,43069.0,43069.0,67428.4,56375.5,14697.7,13465.5,0.0,60827.6,0.0,17754.5,62332.4,19756.5,83190.0,106575.9,128652.3,128255.9,148
1124.6,153846.0,33991.0,33717.0,43069.0,43069.0,67428.4,56375.5,14697.7,13465.5,0.0,60827.6,0.0,17754.5,62332.4,19757.9,83191.4,106574.5,128652.3,128255.9,148
1125.6,153846.0,33991.0,33717.0,43069.0,43069.0,67428.4,56375.5,14697.7,13465.5,0.0,60827.6,0.0,17754.6,62332.4,19757.1,83190.6,106575.3,128652.3,128255.9,148
1126.6,153846.0,33991.0,33717.0,43069.0,43069.0,67436.7,56383.9,14706.1,13473.9,0.0,60827.6,0.0,17762.5,62335.9,19778.7,83215.8,106553.7,128652.3,128264.3,148
1127.6,153846.0,33991.0,33717.0,43069.0,43069.0,67436.8,56384.0,14706.1,13474.0,0.0,60827.6,0.0,17762.9,62334.2,19760.7,83196.0,106571.7,128652.3,128264.4,148
1128.6,153846.0,33991.0,33717.0,43069.0,43069.0,67436.8,56384.0,14706.1,13474.0,0.0,60827.7,0.0,17763.0,62333.4,19761.7,83196.3,106570.8,128652.3,128264.5,148
1129.6,153846.0,33991.0,33717.0,43069.0,43069.0,67436.8,56384.0,14706.1,13474.0,0.0,60827.7,0.0,17762.8,62333.4,19761.2,83195.9,106571.2,128652.3,128264.5,148
1130.6,153846.0,33991.0,33717.0,43069.0,43069.0,67436.8,56384.0,14706.1,13474.0,0.0,60827.7,0.0,17763.5,62333.4,19760.0,83194.6,106572.4,128652.3,128264.5,148
1131.6,153846.0,33991.0,33717.0,43069.0,43069.0,67436.8,56384.0,14706.1,13474.0,0.0,60827.7,0.0,17762.6,62333.4,19761.9,83196.5,106570.5,128652.3,128264.5,148
1132.6,153846.0,33991.0,33717.0,43069.0,43069.0,67436.8,56384.0,14706.1,13474.0,0.0,60827.7,0.0,17762.9,62333.5,19759.4,83194.0,106573.0,128652.3,128264.5,148
1133.6,153846.0,33991.0,33717.0,43069.0,43069.0,67436.8,56384.0,14706.1,13474.0,0.0,60827.7,0.0,17763.0,62333.5,19758.7,83193.3,106573.7,128652.3,128264.5,148
1134.6,153846.0,33991.0,33717.0,43069.0,43069.0,67436.8,56384.0,14706.1,13474.0,0.0,60827.7,0.0,17763.1,62333.5,19759.4,83194.0,106573.0,128652.3,128264.5,148
1135.6,153846.0,33991.0,33717.0,43069.0,43069.0,67436.8,56384.0,14706.1,13474.0,0.0,60827.7,0.0,17763.1,62333.5,19760.7,83195.3,106571.7,128652.3,128264.5,148
1136.6,153846.0,33991.0,33717.0,43069.0,43069.0,67436.8,56384.0,14706.1,13474.0,0.0,60827.7,0.0,17763.1,62333.5,19761.5,83196.2,106570.9,128652.3,128264.6,148
1137.6,153846.0,33991.0,33717.0,43069.0,43069.0,67436.8,56384.0,14706.1,13474.0,0.0,60827.7,0.0,17763.2,62333.5,19762.2,83196.9,106570.2,128652.3,128264.6,148
1138.6,153846.0,33991.0,33717.0,43069.0,43069.0,67436.8,56384.0,14706.1,13474.0,0.0,60827.8,0.0,17765.4,62333.5,19760.8,83195.4,106571.6,128652.3,128264.6,148
1139.6,153846.0,33991.0,33717.0,43069.0,43069.0,67436.8,56384.0,14706.1,13474.0,0.0,60827.8,0.0,17765.5,62333.1,19762.0,83196.2,106570.5,128652.3,128264.6,148
1140.6,153846.0,33991.0,33717.0,43069.0,43069.0,67436.8,56384.0,14706.1,13474.0,0.0,60827.8,0.0,17765.5,62333.1,19763.9,83198.2,106568.5,128652.3,128264.6,148
1141.6,153846.0,33991.0,33717.0,43069.0,43069.0,67436.8,56384.0,14706.1,13474.0,0.0,60827.8,0.0,17765.5,62333.1,19767.4,83201.7,106565.0,128652.3,128264.6,148
1142.6,153846.0,33991.0,33717.0,43069.0,43069.0,67431.2,56378.4,14700.6,13468.4,0.0,60827.9,0.0,17840.4,62337.9,19856.0,83295.0,106476.5,128652.3,128259.1,148
1143.6,153846.0,33991.0,33717.0,43069.0,43069.0,67431.2,56378.4,14700.6,13468.4,0.0,60827.9,0.0,17757.7,62334.1,19762.8,83198.1,106569.6,128652.3,128259.1,148
1144.6,153846.0,33991.0,33717.0,43069.0,43069.0,67414.6,56361.7,14683.9,13451.7,0.0,60827.9,0.0,17776.4,62334.3,19780.9,83216.4,106551.5,128652.3,128242.5,148
1145.6,153846.0,33991.0,33717.0,43069.0,43069.0,67414.6,56361.8,14683.9,13451.8,0.0,60827.9,0.0,17741.6,62333.8,19743.8,83178.8,106588.6,128652.3,128242.5,148
1146.6,153846.0,33991.0,33717.0,43069.0,43069.0,67414.6,56361.8,14683.9,13451.8,0.0,60827.9,0.0,17741.8,62334.4,19742.8,83178.4,106589.6,128652.3,128242.5,148
1147.6,153846.0,33991.0,33717.0,43069.0,43069.0,67414.6,56361.8,14683.9,13451.8,0.0,60827.9,0.0,17741.7,62334.4,19742.0,83177.6,106590.4,128652.3,128242.5,148
1148.6,153846.0,33991.0,33717.0,43069.0,43069.0,67414.6,56361.8,14683.9,13451.8,0.0,60828.2,0.0,17741.2,62334.7,19741.8,83177.7,106590.6,128652.3,128242.8,148
1149.6,153846.0,33991.0,33717.0,43069.0,43069.0,67414.6,56361.8,14683.9,13451.8,0.0,60828.2,0.0,17741.7,62334.7,19742.4,83178.3,106590.0,128652.3,128242.8,148
1150.6,153846.0,33991.0,33717.0,43069.0,43069.0,67414.6,56361.8,14684.0,13451.8,0.0,60828.2,0.0,17741.6,62334.7,19743.3,83179.2,106589.1,128652.3,128242.9,148
1151.6,153846.0,33991.0,33717.0,43069.0,43069.0,67414.6,56361.8,14684.0,13451.8,0.0,60828.2,0.0,17741.6,62334.7,19745.0,83180.9,106587.4,128652.3,128242.9,148
1152.6,153846.0,33991.0,33717.0,43069.0,43069.0,67414.6,56361.8,14684.0,13451.8,0.0,60828.2,0.0,17742.1,62334.7,19745.7,83181.6,106586.7,128652.3,128242.9,148
1153.6,153846.0,33991.0,33717.0,43069.0,43069.0,67414.6,56361.8,14684.0,13451.8,0.0,60828.2,0.0,17739.7,62334.7,19744.1,83180.0,106588.3,128652.3,128242.9,148
1154.6,153846.0,33991.0,33717.0,43069.0,43069.0,67414.6,56361.8,14684.0,13451.8,0.0,60828.2,0.0,17739.7,62334.7,19743.2,83179.1,106589.2,128652.3,128242.9,148
1155.6,153846.0,33991.0,33717.0,43069.0,43069.0,67414.6,56361.8,14684.0,13451.8,0.0,60828.3,0.0,17739.7,62334.7,19745.0,83180.9,106587.4,128652.3,128242.9,148
1156.6,153846.0,33991.0,33717.0,43069.0,43069.0,67414.6,56361.8,14684.0,13451.8,0.0,60828.3,0.0,17739.7,62334.7,19744.0,83179.9,106588.4,128652.3,128242.9,148
1157.6,153846.0,33991.0,33717.0,43069.0,43069.0,67414.6,56361.8,14684.0,13451.8,0.0,60828.3,0.0,17739.8,62334.7,19744.8,83180.7,106587.6,128652.3,128242.9,148
1158.6,153846.0,33991.0,33717.0,43069.0,43069.0,67414.6,56361.8,14684.0,13451.8,0.0,60828.3,0.0,17739.8,62334.7,19744.7,83180.6,106587.7,128652.3,128242.9,148
1159.6,153846.0,33991.0,33717.0,43069.0,43069.0,67414.6,56361.8,14684.0,13451.8,0.0,60828.3,0.0,17739.9,62334.7,19745.4,83181.4,106586.9,128652.3,128242.9,148
1160.6,153846.0,33991.0,33717.0,43069.0,43069.0,67414.6,56361.8,14684.0,13451.8,0.0,60828.3,0.0,17740.0,62334.7,19742.1,83178.1,106590.3,128652.3,128242.9,148
1161.6,153846.0,33991.0,33717.0,43069.0,43069.0,67439.7,56386.9,14709.0,13476.9,0.0,60828.3,0.0,17764.6,62334.4,19764.2,83199.8,106568.2,128652.3,128268.0,148
1162.6,153846.0,33991.0,33717.0,43069.0,43069.0,67439.7,56386.9,14709.0,13476.9,0.0,60828.3,0.0,17764.5,62334.4,19764.4,83200.0,106568.0,128652.3,128268.0,148
1163.6,153846.0,33991.0,33717.0,43069.0,43069.0,67439.7,56386.9,14709.0,13476.9,0.0,60828.4,0.0,17765.5,62334.5,19764.4,83200.1,106568.0,128652.3,128268.1,148
1164.6,153846.0,33991.0,33717.0,43069.0,43069.0,67439.7,56386.9,14709.0,13476.9,0.0,60828.4,0.0,17764.9,62334.5,19764.5,83200.2,106567.9,128652.3,128268.1,148
1165.6,153846.0,33991.0,33717.0,43069.0,43069.0,67439.7,56386.9,14709.0,13476.9,0.0,60828.4,0.0,17765.0,62334.5,19764.5,83200.2,106567.9,128652.3,128268.1,148
1166.6,153846.0,33991.0,33717.0,43069.0,43069.0,67439.7,56386.9,14709.0,13476.9,0.0,60828.4,0.0,17765.1,62334.5,19767.0,83202.7,106565.4,128652.3,128268.1,148
1167.6,153846.0,33991.0,33717.0,43069.0,43069.0,67439.7,56386.9,14709.0,13476.9,0.0,60828.4,0.0,17765.1,62334.5,19766.6,83202.4,106565.8,128652.3,128268.1,148
1168.6,153846.0,33991.0,33717.0,43069.0,43069.0,67439.7,56386.9,14709.0,13476.9,0.0,60828.4,0.0,17765.0,62334.5,19764.5,83200.3,106567.9,128652.3,128268.1,148
1169.6,153846.0,33991.0,33717.0,43069.0,43069.0,67439.7,56386.9,14709.0,13476.9,0.0,60828.4,0.0,17765.0,62334.5,19762.8,83198.5,106569.6,128652.3,128268.1,148
1170.6,153846.0,33991.0,33717.0,43069.0,43069.0,67439.7,56386.9,14709.0,13476.9,0.0,60828.4,0.0,17765.0,62334.4,19765.2,83200.9,106567.2,128652.3,128268.1,148
1171.6,153846.0,33991.0,33717.0,43069.0,43069.0,67439.7,56386.9,14709.0,13476.9,0.0,60828.4,0.0,17764.7,62334.3,19764.3,83199.8,106568.0,128652.3,128268.1,148
1172.6,153846.0,33991.0,33717.0,43069.0,43069.0,67439.7,56386.9,14709.0,13476.9,0.0,60828.4,0.0,17764.5,62333.5,19764.2,83198.8,106568.2,128652.3,128268.1,148
1173.6,153846.0,33991.0,33717.0,43069.0,43069.0,67439.7,56386.9,14709.0,13476.9,0.0,60828.4,0.0,17764.6,62333.5,19761.4,83196.1,106571.0,128652.3,128268.1,148
1174.6,153846.0,33991.0,33717.0,43069.0,43069.0,67439.7,56386.9,14709.0,13476.9,0.0,60828.4,0.0,17764.6,62333.2,19754.2,83188.6,106578.2,128652.3,128268.1,148
1175.6,153846.0,33991.0,33717.0,43069.0,43069.0,67439.7,56386.9,14709.0,13476.9,0.0,60828.4,0.0,17764.6,62333.5,19754.4,83189.1,106578.0,128652.3,128268.1,148
1176.6,153846.0,33991.0,33717.0,43069.0,43069.0,67439.7,56386.9,14709.0,13476.9,0.0,60828.5,0.0,17764.7,62333.6,19756.1,83190.9,106576.2,128652.3,128268.2,148
1177.6,153846.0,33991.0,33717.0,43069.0,43069.0,67439.7,56386.9,14709.0,13476.9,0.0,60828.5,0.0,17764.6,62333.6,19756.5,83191.3,106575.8,128652.3,128268.2,148
1178.6,153846.0,33991.0,33717.0,43069.0,43069.0,67439.7,56386.9,14709.0,13476.9,0.0,60828.5,0.0,17764.5,62333.6,19754.7,83189.6,106577.6,128652.3,128268.2,148
1179.6,153846.0,33991.0,33717.0,43069.0,43069.0,67439.7,56386.9,14709.0,13476.9,0.0,60828.5,0.0,17764.5,62333.6,19755.7,83190.5,106576.7,128652.3,128268.2,148
1180.6,153846.0,33991.0,33717.0,43069.0,43069.0,67439.7,56386.9,14709.0,13476.9,0.0,60828.5,0.0,17764.5,62333.6,19754.8,83189.6,106577.6,128652.3,128268.2,148
1181.6,153846.0,33991.0,33717.0,43069.0,43069.0,67439.7,56386.9,14709.0,13476.9,0.0,60828.6,0.0,17764.6,62333.7,19756.0,83190.9,106576.4,128652.3,128268.3,148
1182.6,153846.0,33991.0,33717.0,43069.0,43069.0,67439.7,56386.9,14709.0,13476.9,0.0,60828.6,0.0,17764.6,62333.7,19756.6,83191.5,106575.8,128652.3,128268.3,148
1183.6,153846.0,33991.0,33717.0,43069.0,43069.0,67439.7,56386.9,14709.0,13476.9,0.0,60828.6,0.0,17764.6,62333.7,19757.7,83192.6,106574.7,128652.3,128268.3,148
1184.6,153846.0,33991.0,33717.0,43069.0,43069.0,67445.1,56392.3,14714.5,13482.3,0.0,60828.6,0.0,17830.4,62339.0,19830.1,83270.4,106502.3,128652.3,128273.7,148
1185.6,153846.0,33991.0,33717.0,43069.0,43069.0,67445.1,56392.3,14714.5,13482.3,0.0,60828.6,0.0,17771.7,62334.0,19758.0,83193.3,106574.4,128652.3,128273.7,148
1186.6,153846.0,33991.0,33717.0,43069.0,43069.0,67445.1,56392.3,14714.5,13482.3,0.0,60828.6,0.0,17771.6,62334.0,19758.7,83194.0,106573.6,128652.3,128273.7,148
1187.6,153846.0,33991.0,33717.0,43069.0,43069.0,67445.1,56392.3,14714.5,13482.3,0.0,60828.6,0.0,17771.7,62334.0,19761.0,83196.3,106571.3,128652.3,128273.7,148
1188.6,153846.0,33991.0,33717.0,43069.0,43069.0,67445.1,56392.3,14714.5,13482.3,0.0,60828.6,0.0,17771.8,62334.0,19760.0,83195.3,106572.3,128652.3,128273.7,148
1189.6,153846.0,33991.0,33717.0,43069.0,43069.0,67445.1,56392.3,14714.5,13482.3,0.0,60828.6,0.0,17771.8,62335.0,19764.6,83200.9,106567.7,128652.3,128273.7,148
1190.6,153846.0,33991.0,33717.0,43069.0,43069.0,67445.1,56392.3,14714.5,13482.3,0.0,60828.6,0.0,17771.7,62334.3,19758.6,83194.2,106573.8,128652.3,128273.8,148
1191.6,153846.0,33991.0,33717.0,43069.0,43069.0,67445.1,56392.3,14714.5,13482.3,0.0,60828.6,0.0,17771.7,62334.2,19761.2,83196.6,106571.1,128652.3,128273.8,148
1192.6,153846.0,33991.0,33717.0,43069.0,43069.0,67445.1,56392.3,14714.5,13482.3,0.0,60828.6,0.0,17771.8,62334.2,19760.6,83196.1,106571.7,128652.3,128273.8,148
1193.6,153846.0,33991.0,33717.0,43069.0,43069.0,67445.1,56392.3,14714.5,13482.3,0.0,60828.6,0.0,17771.8,62334.2,19760.1,83195.5,106572.3,128652.3,128273.8,148
1194.6,153846.0,33991.0,33717.0,43069.0,43069.0,67435.4,56382.6,14704.8,13472.6,0.0,60828.7,0.0,17762.7,62334.6,19752.5,83188.4,106579.8,128652.3,128264.1,148
1195.6,153846.0,33991.0,33717.0,43069.0,43069.0,67435.4,56382.6,14704.8,13472.6,0.0,60828.7,0.0,17762.2,62334.0,19751.3,83186.5,106581.0,128652.3,128264.1,148
1196.6,153846.0,33991.0,33717.0,43069.0,43069.0,67435.4,56382.6,14704.8,13472.6,0.0,60828.7,0.0,17762.4,62334.0,19751.6,83186.8,106580.7,128652.3,128264.1,148
1197.6,153846.0,33991.0,33717.0,43069.0,43069.0,67435.4,56382.6,14704.8,13472.6,0.0,60828.7,0.0,17762.5,62334.0,19752.5,83187.7,106579.9,128652.3,128264.1,148
1198.6,153846.0,33991.0,33717.0,43069.0,43069.0,67435.4,56382.6,14704.8,13472.6,0.0,60828.7,0.0,17763.0,62334.0,19752.4,83187.6,106579.9,128652.3,128264.1,148
1199.6,153846.0,33991.0,33717.0,43069.0,43069.0,67435.4,56382.6,14704.8,13472.6,0.0,60828.8,0.0,17763.9,62334.1,19752.3,83187.6,106580.1,128652.3,128264.2,148
1200.6,153846.0,33991.0,33717.0,43069.0,43069.0,67435.5,56382.6,14704.8,13472.6,0.0,60828.8,0.0,17764.5,62334.1,19750.8,83186.2,106581.5,128652.3,128264.2,148
1201.6,153846.0,33991.0,33717.0,43069.0,43069.0,67435.5,56382.6,14704.8,13472.6,0.0,60828.8,0.0,17764.6,62333.9,19752.0,83187.1,106580.3,128652.3,128264.3,148
1202.6,153846.0,33991.0,33717.0,43069.0,43069.0,67435.5,56382.6,14704.8,13472.6,0.0,60828.8,0.0,17764.5,62333.9,19751.8,83186.9,106580.6,128652.3,128264.3,148
1203.6,153846.0,33991.0,33717.0,43069.0,43069.0,67435.5,56382.6,14704.8,13472.6,0.0,60828.8,0.0,17763.0,62333.9,19748.8,83183.9,106583.5,128652.3,128264.3,148
1204.6,153846.0,33991.0,33717.0,43069.0,43069.0,67435.5,56382.6,14704.8,13472.6,0.0,60828.8,0.0,17762.4,62333.8,19748.3,83183.4,106584.0,128652.3,128264.3,148
1205.6,153846.0,33991.0,33717.0,43069.0,43069.0,67435.5,56382.6,14704.8,13472.6,0.0,60828.8,0.0,17761.1,62333.8,19748.2,83183.3,106584.1,128652.3,128264.3,148
1206.6,153846.0,33991.0,33717.0,43069.0,43069.0,67435.5,56382.6,14704.8,13472.6,0.0,60828.8,0.0,17760.6,62333.8,19748.2,83183.4,106584.1,128652.3,128264.3,148
1207.6,153846.0,33991.0,33717.0,43069.0,43069.0,67435.5,56382.6,14704.8,13472.6,0.0,60828.8,0.0,17760.6,62333.8,19748.3,83183.5,106584.0,128652.3,128264.3,148
1208.6,153846.0,33991.0,33717.0,43069.0,43069.0,67435.5,56382.6,14704.8,13472.6,0.0,60828.8,0.0,17760.6,62333.8,19748.7,83183.8,106583.6,128652.3,128264.3,148
1209.6,153846.0,33991.0,33717.0,43069.0,43069.0,67435.5,56382.6,14704.8,13472.6,0.0,60828.8,0.0,17760.5,62333.8,19749.2,83184.3,106583.2,128652.3,128264.3,148
1210.6,153846.0,33991.0,33717.0,43069.0,43069.0,67435.5,56382.6,14704.8,13472.6,0.0,60828.8,0.0,17760.6,62333.4,19750.7,83185.3,106581.7,128652.3,128264.3,148
1211.6,153846.0,33991.0,33717.0,43069.0,43069.0,67435.5,56382.6,14704.8,13472.6,0.0,60828.8,0.0,17762.5,62336.0,19760.6,83197.8,106571.7,128652.3,128264.3,148
1212.6,153846.0,33991.0,33717.0,43069.0,43069.0,67436.9,56384.1,14706.3,13474.1,0.0,60828.9,0.0,17763.9,62335.6,19761.5,83198.4,106570.8,128652.3,128265.8,148
1213.6,153846.0,33991.0,33717.0,43069.0,43069.0,67436.9,56384.1,14706.3,13474.1,0.0,60828.9,0.0,17764.1,62334.8,19762.6,83198.8,106569.7,128652.3,128265.8,148
1214.6,153846.0,33991.0,33717.0,43069.0,43069.0,67436.9,56384.1,14706.3,13474.1,0.0,60828.9,0.0,17762.9,62334.8,19761.3,83197.4,106571.0,128652.3,128265.8,148
1215.6,153846.0,33991.0,33717.0,43069.0,43069.0,67436.9,56384.1,14706.3,13474.1,0.0,60828.9,0.0,17762.5,62334.8,19762.6,83198.7,106569.7,128652.3,128265.8,148
1216.6,153846.0,33991.0,33717.0,43069.0,43069.0,67436.9,56384.1,14706.3,13474.1,0.0,60828.9,0.0,17763.4,62336.4,19763.8,83201.4,106568.6,128652.3,128265.8,148
1217.6,153846.0,33991.0,33717.0,43069.0,43069.0,67436.9,56384.1,14706.3,13474.1,0.0,60829.0,0.0,17762.3,62336.1,19768.7,83206.0,106563.7,128652.3,128265.9,148
1218.6,153846.0,33991.0,33717.0,43069.0,43069.0,67436.9,56384.1,14706.3,13474.1,0.0,60829.0,0.0,17762.3,62334.9,19771.0,83207.2,106561.3,128652.3,128265.9,148
1219.6,153846.0,33991.0,33717.0,43069.0,43069.0,67436.9,56384.1,14706.3,13474.1,0.0,60829.0,0.0,17762.4,62334.8,19766.4,83202.5,106565.9,128652.3,128265.9,148
1220.6,153846.0,33991.0,33717.0,43069.0,43069.0,67436.9,56384.1,14706.3,13474.1,0.0,60829.0,0.0,17762.3,62334.8,19766.2,83202.4,106566.1,128652.3,128265.9,148
1221.6,153846.0,33991.0,33717.0,43069.0,43069.0,67436.9,56384.1,14706.3,13474.1,0.0,60829.0,0.0,17817.1,62337.3,19826.7,83265.4,106505.6,128652.3,128266.0,148
1222.6,153846.0,33991.0,33717.0,43069.0,43069.0,67436.9,56384.1,14706.3,13474.1,0.0,60829.1,0.0,17762.3,62335.0,19764.5,83200.8,106567.8,128652.3,128266.0,148
1223.6,153846.0,33991.0,33717.0,43069.0,43069.0,67436.9,56384.1,14706.3,13474.1,0.0,60829.1,0.0,17762.4,62335.0,19764.9,83201.1,106567.4,128652.3,128266.0,148
1224.6,153846.0,33991.0,33717.0,43069.0,43069.0,67436.9,56384.1,14706.3,13474.1,0.0,60829.1,0.0,17762.2,62334.7,19764.6,83200.6,106567.7,128652.3,128266.0,148
1225.6,153846.0,33991.0,33717.0,43069.0,43069.0,67436.9,56384.1,14706.2,13474.1,0.0,60829.1,0.0,17763.9,62334.6,19767.0,83202.8,106565.3,128652.3,128266.0,148
1226.6,153846.0,33991.0,33717.0,43069.0,43069.0,67431.8,56378.9,14701.1,13468.9,0.0,60829.1,0.0,17800.6,62334.5,19811.3,83247.1,106520.9,128652.3,128260.8,148
1227.6,153846.0,33991.0,33717.0,43069.0,43069.0,67431.8,56378.9,14701.0,13468.9,0.0,60829.1,0.0,17759.4,62334.7,19765.0,83201.0,106567.2,128652.3,128260.8,148
1228.6,153846.0,33991.0,33717.0,43069.0,43069.0,67431.8,56378.9,14701.1,13468.9,0.0,60829.2,0.0,17761.2,62334.8,19769.4,83205.6,106562.9,128652.3,128261.0,148
1229.6,153846.0,33991.0,33717.0,43069.0,43069.0,67431.8,56378.9,14701.1,13468.9,0.0,60829.2,0.0,17761.9,62334.8,19771.1,83207.2,106561.2,128652.3,128261.0,148
1230.6,153846.0,33991.0,33717.0,43069.0,43069.0,67431.8,56379.0,14701.1,13469.0,0.0,60829.2,0.0,17760.1,62334.8,19769.2,83205.4,106563.1,128652.3,128261.0,148
1231.6,153846.0,33991.0,33717.0,43069.0,43069.0,67431.8,56379.0,14701.1,13469.0,0.0,60829.2,0.0,17759.2,62334.8,19765.2,83201.4,106567.1,128652.3,128261.0,148
1232.6,153846.0,33991.0,33717.0,43069.0,43069.0,67431.8,56379.0,14701.1,13469.0,0.0,60829.2,0.0,17759.2,62334.9,19766.0,83202.1,106566.3,128652.3,128261.0,148
1233.6,153846.0,33991.0,33717.0,43069.0,43069.0,67431.8,56379.0,14701.1,13469.0,0.0,60829.2,0.0,17759.2,62334.9,19765.1,83201.2,106567.2,128652.3,128261.0,148
1234.6,153846.0,33991.0,33717.0,43069.0,43069.0,67431.8,56379.0,14701.1,13469.0,0.0,60829.2,0.0,17759.2,62334.9,19764.9,83201.1,106567.4,128652.3,128261.0,148
1235.6,153846.0,33991.0,33717.0,43069.0,43069.0,67431.8,56379.0,14701.1,13469.0,0.0,60829.3,0.0,17759.2,62334.9,19763.7,83200.0,106568.6,128652.3,128261.1,148
1236.6,153846.0,33991.0,33717.0,43069.0,43069.0,67431.8,56379.0,14701.1,13469.0,0.0,60829.4,0.0,17759.2,62335.0,19770.8,83207.1,106561.5,128652.3,128261.2,148
1237.6,153846.0,33991.0,33717.0,43069.0,43069.0,67431.8,56379.0,14701.1,13469.0,0.0,60829.4,0.0,17759.3,62334.9,19768.1,83204.3,106564.2,128652.3,128261.2,148
1238.6,153846.0,33991.0,33717.0,43069.0,43069.0,67431.8,56379.0,14701.1,13469.0,0.0,60829.4,0.0,17759.3,62334.9,19768.2,83204.4,106564.1,128652.3,128261.2,148
1239.6,153846.0,33991.0,33717.0,43069.0,43069.0,67431.8,56379.0,14701.1,13469.0,0.0,60829.4,0.0,17759.1,62334.9,19768.5,83204.7,106563.7,128652.3,128261.2,148
1240.6,153846.0,33991.0,33717.0,43069.0,43069.0,67431.8,56379.0,14701.1,13469.0,0.0,60829.4,0.0,17759.5,62334.8,19769.9,83206.1,106562.4,128652.3,128261.2,148
1241.6,153846.0,33991.0,33717.0,43069.0,43069.0,67431.8,56379.0,14701.1,13469.0,0.0,60829.4,0.0,17759.4,62334.9,19772.1,83208.3,106560.2,128652.3,128261.2,148
1242.6,153846.0,33991.0,33717.0,43069.0,43069.0,67431.8,56379.0,14701.1,13469.0,0.0,60829.4,0.0,17759.6,62334.8,19768.3,83204.3,106564.0,128652.3,128261.2,148
1243.6,153846.0,33991.0,33717.0,43069.0,43069.0,67538.7,56485.9,14808.1,13575.9,0.0,60829.4,0.0,17811.2,62336.7,19829.1,83267.1,106503.2,128652.3,128368.1,148
1244.6,153846.0,33991.0,33717.0,43069.0,43069.0,67463.6,56410.8,14732.9,13500.8,0.0,60829.4,0.0,17789.8,62334.9,19799.7,83235.9,106532.5,128652.3,128293.0,148
1245.6,153846.0,33991.0,33717.0,43069.0,43069.0,67463.6,56410.8,14732.9,13500.8,0.0,60829.4,0.0,17790.3,62334.5,19802.0,83237.8,106530.3,128652.3,128293.0,148
1246.6,153846.0,33991.0,33717.0,43069.0,43069.0,67463.6,56410.8,14732.9,13500.8,0.0,60829.4,0.0,17790.5,62334.5,19802.5,83238.3,106529.8,128652.3,128293.0,148
1247.6,153846.0,33991.0,33717.0,43069.0,43069.0,67463.6,56410.8,14732.9,13500.8,0.0,60829.4,0.0,17790.7,62334.5,19803.4,83239.2,106528.9,128652.3,128293.0,148
1248.6,153846.0,33991.0,33717.0,43069.0,43069.0,67463.6,56410.8,14732.9,13500.8,0.0,60829.5,0.0,17790.9,62334.5,19803.5,83239.4,106528.8,128652.3,128293.1,148
1249.6,153846.0,33991.0,33717.0,43069.0,43069.0,67463.6,56410.8,14732.9,13500.8,0.0,60829.5,0.0,17791.1,62334.6,19803.3,83239.2,106528.9,128652.3,128293.1,148
1250.6,153846.0,33991.0,33717.0,43069.0,43069.0,67463.6,56410.8,14732.9,13500.8,0.0,60829.5,0.0,17791.4,62334.6,19803.2,83239.1,106529.0,128652.3,128293.1,148
1251.6,153846.0,33991.0,33717.0,43069.0,43069.0,67463.6,56410.8,14732.9,13500.8,0.0,60829.5,0.0,17791.5,62334.6,19803.2,83239.1,106529.0,128652.3,128293.1,148
1252.6,153846.0,33991.0,33717.0,43069.0,43069.0,67463.6,56410.8,14732.9,13500.8,0.0,60829.5,0.0,17791.5,62334.6,19804.8,83240.7,106527.5,128652.3,128293.1,148
1253.6,153846.0,33991.0,33717.0,43069.0,43069.0,67463.6,56410.8,14732.9,13500.8,0.0,60829.6,0.0,17791.7,62334.6,19802.0,83237.9,106530.3,128652.3,128293.2,148
1254.6,153846.0,33991.0,33717.0,43069.0,43069.0,67463.6,56410.8,14732.9,13500.8,0.0,60829.6,0.0,17791.2,62334.2,19803.0,83238.5,106529.3,128652.3,128293.2,148
1255.6,153846.0,33991.0,33717.0,43069.0,43069.0,67463.6,56410.8,14733.0,13500.8,0.0,60829.6,0.0,17791.9,62334.2,19803.9,83239.4,106528.3,128652.3,128293.2,148
1256.6,153846.0,33991.0,33717.0,43069.0,43069.0,67463.6,56410.8,14732.9,13500.8,0.0,60829.6,0.0,17792.8,62334.2,19805.8,83241.4,106526.4,128652.3,128293.3,148
1257.6,153846.0,33991.0,33717.0,43069.0,43069.0,67463.6,56410.8,14732.9,13500.8,0.0,60829.6,0.0,17795.8,62334.2,19806.9,83242.4,106525.3,128652.3,128293.3,148
1258.6,153846.0,33991.0,33717.0,43069.0,43069.0,67463.6,56410.8,14732.9,13500.8,0.0,60829.6,0.0,17796.2,62335.4,19811.1,83247.9,106521.1,128652.3,128293.3,148
1259.6,153846.0,33991.0,33717.0,43069.0,43069.0,67463.6,56410.8,14733.0,13500.8,0.0,60829.6,0.0,17794.6,62334.7,19795.8,83231.9,106536.5,128652.3,128293.3,148
1260.6,153846.0,33991.0,33717.0,43069.0,43069.0,67463.6,56410.8,14733.0,13500.8,0.0,60829.7,0.0,17795.8,62334.7,19796.3,83232.4,106535.9,128652.3,128293.3,148
1261.6,153846.0,33991.0,33717.0,43069.0,43069.0,67463.6,56410.8,14733.0,13500.8,0.0,60829.7,0.0,17796.1,62334.7,19798.1,83234.2,106534.1,128652.3,128293.3,148
1262.6,153846.0,33991.0,33717.0,43069.0,43069.0,67463.6,56410.8,14733.0,13500.8,0.0,60829.7,0.0,17796.7,62335.9,19799.1,83236.4,106533.2,128652.3,128293.3,148
1263.6,153846.0,33991.0,33717.0,43069.0,43069.0,67463.6,56410.8,14733.0,13500.8,0.0,60830.6,0.0,17796.5,62336.5,19800.3,83238.3,106531.9,128652.3,128294.3,148
1264.6,153846.0,33991.0,33717.0,43069.0,43069.0,67463.6,56410.8,14733.0,13500.8,0.0,60830.6,0.0,17797.2,62336.5,19802.8,83240.7,106529.4,128652.3,128294.3,148
1265.6,153846.0,33991.0,33717.0,43069.0,43069.0,67463.6,56410.8,14733.0,13500.8,0.0,60830.6,0.0,17797.6,62336.5,19803.7,83241.7,106528.5,128652.3,128294.3,148
1266.6,153846.0,33991.0,33717.0,43069.0,43069.0,67463.6,56410.8,14733.0,13500.8,0.0,60830.6,0.0,17797.6,62335.8,19801.8,83239.0,106530.4,128652.3,128294.3,148
1267.6,153846.0,33991.0,33717.0,43069.0,43069.0,67463.6,56410.8,14733.0,13500.8,0.0,60830.6,0.0,17798.0,62336.1,19800.1,83237.7,106532.1,128652.3,128294.3,148
1268.6,153846.0,33991.0,33717.0,43069.0,43069.0,67463.6,56410.8,14733.0,13500.8,0.0,60830.6,0.0,17798.8,62336.1,19798.6,83236.1,106533.6,128652.3,128294.3,148
1269.6,153846.0,33991.0,33717.0,43069.0,43069.0,67463.6,56410.8,14733.0,13500.8,0.0,60830.6,0.0,17799.3,62336.2,19798.2,83235.7,106534.0,128652.3,128294.3,148
1270.6,153846.0,33991.0,33717.0,43069.0,43069.0,67463.6,56410.8,14732.6,13500.8,0.0,60830.6,0.0,17826.9,62336.2,19825.9,83263.5,106506.3,128652.3,128294.3,148
1271.7,153846.0,33991.0,33717.0,43069.0,43069.0,67463.6,56410.8,14733.0,13500.8,0.0,60830.6,0.0,17800.3,62336.2,19796.0,83233.6,106536.2,128652.3,128294.3,148
1272.7,153846.0,33991.0,33717.0,43069.0,43069.0,67463.6,56410.8,14733.0,13500.8,0.0,60830.8,0.0,17800.7,62335.6,19796.7,83233.7,106535.5,128652.3,128294.4,148
1273.7,153846.0,33991.0,33717.0,43069.0,43069.0,67452.2,56399.4,14721.5,13489.4,0.0,60830.8,0.0,17789.2,62336.6,19779.5,83217.5,106552.7,128652.3,128283.0,148
1274.7,153846.0,33991.0,33717.0,43069.0,43069.0,67452.2,56399.4,14721.5,13489.4,0.0,60830.8,0.0,17791.0,62336.7,19781.7,83219.7,106550.5,128652.3,128283.0,148
1275.7,153846.0,33991.0,33717.0,43069.0,43069.0,67452.3,56399.5,14721.6,13489.5,0.0,60830.8,0.0,17791.6,62340.4,19790.7,83232.5,106541.5,128652.3,128283.1,148
1276.7,153846.0,33991.0,33717.0,43069.0,43069.0,67452.3,56399.5,14721.6,13489.5,0.0,60830.8,0.0,17792.3,62337.1,19785.7,83224.2,106546.5,128652.3,128283.1,148
1277.7,153846.0,33991.0,33717.0,43069.0,43069.0,67452.3,56399.5,14721.6,13489.5,0.0,60830.8,0.0,17791.3,62337.1,19787.0,83225.5,106545.2,128652.3,128283.1,148
1278.7,153846.0,33991.0,33717.0,43069.0,43069.0,67452.3,56399.5,14721.6,13489.5,0.0,60830.8,0.0,17791.8,62337.1,19787.6,83226.1,106544.6,128652.3,128283.1,148
1279.7,153846.0,33991.0,33717.0,43069.0,43069.0,67452.3,56399.5,14721.6,13489.5,0.0,60830.8,0.0,17793.0,62337.1,19787.8,83226.2,106544.4,128652.3,128283.1,148
1280.7,153846.0,33991.0,33717.0,43069.0,43069.0,67452.3,56399.5,14721.7,13489.5,0.0,60830.8,0.0,17793.3,62337.1,19789.6,83228.1,106542.6,128652.3,128283.2,148
1281.7,153846.0,33991.0,33717.0,43069.0,43069.0,67452.3,56399.5,14721.7,13489.5,0.0,60830.8,0.0,17793.6,62337.1,19790.5,83229.0,106541.7,128652.3,128283.2,148
1282.7,153846.0,33991.0,33717.0,43069.0,43069.0,67452.3,56399.5,14721.7,13489.5,0.0,60830.8,0.0,17794.2,62337.1,19789.1,83227.6,106543.1,128652.3,128283.2,148
1283.7,153846.0,33991.0,33717.0,43069.0,43069.0,67452.3,56399.5,14721.7,13489.5,0.0,60830.9,0.0,17792.9,62337.1,19791.1,83229.6,106541.1,128652.3,128283.2,148
1284.7,153846.0,33991.0,33717.0,43069.0,43069.0,67452.3,56399.5,14721.7,13489.5,0.0,60830.9,0.0,17793.4,62337.1,19791.4,83230.0,106540.7,128652.3,128283.2,148
1285.7,153846.0,33991.0,33717.0,43069.0,43069.0,67452.3,56399.5,14721.3,13489.5,0.0,60830.9,0.0,17818.9,62337.1,19817.1,83255.7,106515.1,128652.3,128283.2,148
1286.7,153846.0,33991.0,33717.0,43069.0,43069.0,67484.4,56431.6,14753.4,13521.6,0.0,60830.9,0.0,17828.4,62337.1,19826.9,83265.5,106505.2,128652.3,128315.3,148
1287.7,153846.0,33991.0,33717.0,43069.0,43069.0,67452.3,56399.5,14721.3,13489.5,0.0,60830.9,0.0,17820.5,62337.1,19815.5,83254.0,106516.6,128652.3,128283.2,148
1288.7,153846.0,33991.0,33717.0,43069.0,43069.0,67452.3,56399.5,14721.3,13489.5,0.0,60830.9,0.0,17821.1,62337.1,19816.6,83255.1,106515.6,128652.3,128283.2,148
1289.7,153846.0,33991.0,33717.0,43069.0,43069.0,67452.3,56399.5,14721.3,13489.5,0.0,60830.9,0.0,17819.7,62337.1,19816.4,83254.9,106515.8,128652.3,128283.2,148
1290.7,153846.0,33991.0,33717.0,43069.0,43069.0,67452.4,56399.6,14721.3,13489.5,0.0,60830.9,0.0,17820.3,62337.1,19819.7,83258.2,106512.5,128652.3,128283.2,148
1291.7,153846.0,33991.0,33717.0,43069.0,43069.0,67452.4,56399.6,14721.7,13489.5,0.0,60831.0,0.0,17821.0,62336.8,19819.9,83258.0,106512.3,128652.3,128283.4,148
1292.7,153846.0,33991.0,33717.0,43069.0,43069.0,67452.4,56399.6,14721.5,13489.5,0.0,60831.0,0.0,17796.5,62336.8,19793.8,83232.0,106538.4,128652.3,128283.4,148
1293.7,153846.0,33991.0,33717.0,43069.0,43069.0,67452.4,56399.6,14721.3,13489.5,0.0,60831.4,0.0,17822.5,62337.1,19814.1,83252.8,106517.9,128652.3,128283.7,148
1294.7,153846.0,33991.0,33717.0,43069.0,43069.0,67452.4,56399.6,14721.3,13489.5,0.0,60831.4,0.0,17816.7,62337.1,19811.9,83250.6,106520.2,128652.3,128283.7,148
1295.7,153846.0,33991.0,33717.0,43069.0,43069.0,67452.4,56399.6,14721.3,13489.6,0.0,60831.4,0.0,17818.3,62337.1,19814.0,83252.7,106518.0,128652.3,128283.8,148
1296.7,153846.0,33991.0,33717.0,43069.0,43069.0,67452.4,56399.6,14721.3,13489.6,0.0,60831.4,0.0,17818.8,62337.1,19814.8,83253.5,106517.3,128652.3,128283.8,148
1297.7,153846.0,33991.0,33717.0,43069.0,43069.0,67452.4,56399.6,14721.4,13489.6,0.0,60831.4,0.0,17817.8,62337.1,19810.4,83249.1,106521.6,128652.3,128283.8,148
1298.7,153846.0,33991.0,33717.0,43069.0,43069.0,67452.4,56399.6,14721.4,13489.6,0.0,60831.4,0.0,17817.8,62337.6,19813.0,83252.2,106519.1,128652.3,128283.8,148
1299.7,153846.0,33991.0,33717.0,43069.0,43069.0,67452.4,56399.6,14721.4,13489.6,0.0,60831.4,0.0,17818.4,62337.7,19813.5,83252.8,106518.5,128652.3,128283.8,148
1300.7,153846.0,33991.0,33717.0,43069.0,43069.0,67452.4,56399.6,14721.4,13489.6,0.0,60831.4,0.0,17818.9,62337.7,19814.0,83253.2,106518.0,128652.3,128283.8,148
1301.7,153846.0,33991.0,33717.0,43069.0,43069.0,67452.4,56399.6,14721.4,13489.6,0.0,60831.4,0.0,17821.1,62337.7,19815.1,83254.4,106516.9,128652.3,128283.8,148
1302.7,153846.0,33991.0,33717.0,43069.0,43069.0,67452.4,56399.6,14721.4,13489.6,0.0,60831.1,0.0,17823.0,62337.5,19821.3,83260.4,106510.7,128652.3,128283.5,148
1303.7,153846.0,33991.0,33717.0,43069.0,43069.0,67452.4,56399.6,14721.4,13489.6,0.0,60831.1,0.0,17823.1,62337.5,19822.9,83262.0,106509.1,128652.3,128283.5,148
1304.7,153846.0,33991.0,33717.0,43069.0,43069.0,67452.4,56399.6,14721.7,13489.6,0.0,60831.2,0.0,17800.0,62337.6,19796.7,83236.0,106535.2,128652.3,128283.6,148
1305.7,153846.0,33991.0,33717.0,43069.0,43069.0,67452.4,56399.6,14721.7,13489.6,0.0,60831.2,0.0,17800.9,62337.6,19796.2,83235.5,106535.7,128652.3,128283.6,148
1306.7,153846.0,33991.0,33717.0,43069.0,43069.0,67452.4,56399.6,14721.7,13489.6,0.0,60831.2,0.0,17801.2,62337.6,19796.0,83235.3,106535.9,128652.3,128283.7,148
1307.7,153846.0,33991.0,33717.0,43069.0,43069.0,67481.0,56428.2,14750.3,13518.2,0.0,60831.4,0.0,17830.3,62337.3,19824.9,83263.8,106507.0,128652.3,128312.4,148
1308.7,153846.0,33991.0,33717.0,43069.0,43069.0,67481.0,56428.2,14749.9,13518.2,0.0,60831.4,0.0,17857.3,62337.3,19850.6,83289.6,106481.3,128652.3,128312.4,148
1309.7,153846.0,33991.0,33717.0,43069.0,43069.0,67508.6,56455.7,14777.5,13545.7,0.0,60839.1,0.0,17881.0,62356.3,19879.0,83337.3,106452.6,128652.3,128347.7,148
1310.7,153846.0,33991.0,33717.0,43069.0,43069.0,67475.9,56423.0,14744.7,13513.0,0.0,60839.5,0.0,17880.3,62370.3,19865.1,83337.5,106466.4,128652.3,128315.3,148
1311.7,153846.0,33991.0,33717.0,43069.0,43069.0,67475.9,56423.0,14744.7,13513.0,0.0,60842.3,0.0,17894.2,62373.1,19874.4,83349.7,106457.0,128652.3,128318.2,148
1312.7,153846.0,33991.0,33717.0,43069.0,43069.0,67475.9,56423.0,14744.7,13513.0,0.0,60842.5,0.0,17909.4,62373.3,19894.8,83370.2,106436.7,128652.3,128318.3,148
1313.7,153846.0,33991.0,33717.0,43069.0,43069.0,67475.9,56423.0,14744.7,13513.0,0.0,60842.5,0.0,17917.6,62373.3,19915.7,83391.1,106415.8,128652.3,128318.4,148
1314.7,153846.0,33991.0,33717.0,43069.0,43069.0,67475.9,56423.0,14744.7,13513.0,0.0,60842.6,0.0,17931.4,62373.4,19928.4,83403.9,106403.1,128652.3,128318.4,148
1315.7,153846.0,33991.0,33717.0,43069.0,43069.0,67475.9,56423.0,14744.7,13513.0,0.0,60842.6,0.0,17945.6,62373.4,19939.3,83414.8,106392.2,128652.3,128318.5,148
1316.7,153846.0,33991.0,33717.0,43069.0,43069.0,67475.9,56423.0,14744.7,13513.0,0.0,60842.6,0.0,17957.9,62376.1,19955.6,83433.9,106375.8,128652.3,128318.5,148
1317.7,153846.0,33991.0,33717.0,43069.0,43069.0,67475.9,56423.0,14744.7,13513.0,0.0,60843.1,0.0,17971.1,62375.0,19960.3,83437.5,106371.1,128652.3,128318.9,148
1318.7,153846.0,33991.0,33717.0,43069.0,43069.0,67475.9,56423.0,14744.7,13513.0,0.0,60843.1,0.0,17982.4,62375.0,19973.7,83450.8,106357.8,128652.3,128318.9,148
1319.7,153846.0,33991.0,33717.0,43069.0,43069.0,67475.9,56423.0,14744.8,13513.0,0.0,60843.1,0.0,17993.6,62375.0,19983.6,83460.7,106347.8,128652.3,128318.9,148
1320.7,153846.0,33991.0,33717.0,43069.0,43069.0,67475.9,56423.0,14744.8,13513.0,0.0,60843.1,0.0,18004.5,62375.0,19991.0,83468.2,106340.4,128652.3,128318.9,148
1321.7,153846.0,33991.0,33717.0,43069.0,43069.0,67475.9,56423.0,14744.8,13513.0,0.0,60851.1,0.0,18008.2,62383.0,19992.8,83477.9,106338.6,128652.3,128326.9,148
1322.7,153846.0,33991.0,33717.0,43069.0,43069.0,67475.9,56423.0,14744.8,13513.0,0.0,60851.1,0.0,18020.8,62383.0,20004.4,83489.5,106327.1,128652.3,128326.9,148
1323.7,153846.0,33991.0,33717.0,43069.0,43069.0,67475.9,56423.0,14744.8,13513.0,0.0,60851.1,0.0,18028.4,62383.0,20014.7,83499.8,106316.8,128652.3,128326.9,148
1324.7,153846.0,33991.0,33717.0,43069.0,43069.0,67475.9,56423.0,14744.8,13513.0,0.0,60851.1,0.0,18041.1,62382.9,20028.1,83513.2,106303.4,128652.3,128326.9,148
1325.7,153846.0,33991.0,33717.0,43069.0,43069.0,67475.9,56423.0,14744.8,13513.0,0.0,60851.1,0.0,18053.2,62382.9,20039.0,83524.1,106292.4,128652.3,128326.9,148
1326.7,153846.0,33991.0,33717.0,43069.0,43069.0,67475.9,56423.0,14744.8,13513.0,0.0,60851.2,0.0,18065.7,62383.0,20050.9,83536.1,106280.5,128652.3,128327.0,148
1327.7,153846.0,33991.0,33717.0,43069.0,43069.0,67475.9,56423.0,14744.8,13513.0,0.0,60851.2,0.0,18076.7,62382.8,20053.5,83538.4,106278.0,128652.3,128327.0,148
1328.7,153846.0,33991.0,33717.0,43069.0,43069.0,67475.9,56423.0,14744.8,13513.0,0.0,60851.2,0.0,18091.7,62382.9,20071.5,83556.5,106259.9,128652.3,128327.0,148
1329.7,153846.0,33991.0,33717.0,43069.0,43069.0,67475.9,56423.0,14744.8,13513.0,0.0,60851.5,0.0,18103.8,62383.2,20082.4,83567.8,106249.0,128652.3,128327.3,148
1330.7,153846.0,33991.0,33717.0,43069.0,43069.0,67475.9,56423.0,14744.8,13513.0,0.0,60851.5,0.0,18115.8,62383.2,20093.7,83579.1,106237.7,128652.3,128327.4,148
1331.7,153846.0,33991.0,33717.0,43069.0,43069.0,67475.9,56423.0,14744.8,13513.0,0.0,60851.5,0.0,18123.7,62383.2,20104.2,83589.7,106227.2,128652.3,128327.4,148
1332.7,153846.0,33991.0,33717.0,43069.0,43069.0,67475.9,56423.0,14744.8,13513.0,0.0,60851.5,0.0,18134.4,62383.3,20111.6,83597.0,106219.8,128652.3,128327.4,148
1333.7,153846.0,33991.0,33717.0,43069.0,43069.0,67475.9,56423.0,14744.8,13513.0,0.0,60851.5,0.0,18146.4,62383.3,20123.9,83609.3,106207.5,128652.3,128327.4,148
1334.7,153846.0,33991.0,33717.0,43069.0,43069.0,67475.9,56423.0,14744.8,13513.0,0.0,60851.5,0.0,18156.0,62383.2,20133.0,83618.4,106198.4,128652.3,128327.4,148
1335.7,153846.0,33991.0,33717.0,43069.0,43069.0,67475.9,56423.0,14744.8,13513.0,0.0,60851.5,0.0,18167.5,62383.2,20145.3,83630.6,106186.1,128652.3,128327.4,148
1336.7,153846.0,33991.0,33717.0,43069.0,43069.0,67475.9,56423.0,14744.8,13513.0,0.0,60851.5,0.0,18179.1,62383.2,20158.7,83644.1,106172.7,128652.3,128327.4,148
1337.7,153846.0,33991.0,33717.0,43069.0,43069.0,67475.9,56423.0,14744.8,13513.0,0.0,60851.5,0.0,18189.8,62383.2,20168.3,83653.6,106163.1,128652.3,128327.4,148
1338.7,153846.0,33991.0,33717.0,43069.0,43069.0,67475.9,56423.0,14744.8,13513.0,0.0,60851.6,0.0,18201.2,62383.2,20178.9,83664.3,106152.5,128652.3,128327.4,148
1339.7,153846.0,33991.0,33717.0,43069.0,43069.0,67475.9,56423.0,14744.8,13513.0,0.0,60851.6,0.0,18212.8,62383.0,20195.0,83680.1,106136.4,128652.3,128327.4,148
1340.7,153846.0,33991.0,33717.0,43069.0,43069.0,67475.9,56423.0,14744.8,13513.0,0.0,60851.6,0.0,18224.7,62382.6,20202.7,83687.5,106128.7,128652.3,128327.4,148
1341.7,153846.0,33991.0,33717.0,43069.0,43069.0,67475.9,56423.0,14744.8,13513.0,0.0,60851.6,0.0,18236.2,62382.6,20213.5,83698.4,106117.9,128652.3,128327.4,148
1342.7,153846.0,33991.0,33717.0,43069.0,43069.0,67475.9,56423.0,14744.8,13513.0,0.0,60851.6,0.0,18244.2,62382.6,20220.2,83705.0,106111.2,128652.3,128327.4,148
1343.7,153846.0,33991.0,33717.0,43069.0,43069.0,67475.9,56423.0,14744.8,13513.0,0.0,60851.6,0.0,18256.2,62382.6,20229.0,83713.9,106102.4,128652.3,128327.4,148
1344.7,153846.0,33991.0,33717.0,43069.0,43069.0,67475.9,56423.0,14744.8,13513.0,0.0,60851.6,0.0,18267.6,62382.6,20239.0,83723.8,106092.4,128652.3,128327.4,148
1345.7,153846.0,33991.0,33717.0,43069.0,43069.0,67475.9,56423.0,14744.8,13513.0,0.0,60851.7,0.0,18278.2,62382.7,20249.8,83734.7,106081.6,128652.3,128327.6,148
1346.7,153846.0,33991.0,33717.0,43069.0,43069.0,67475.9,56423.0,14744.8,13513.0,0.0,60851.7,0.0,18288.9,62382.7,20258.4,83743.3,106073.0,128652.3,128327.6,148
1347.7,153846.0,33991.0,33717.0,43069.0,43069.0,67475.9,56423.0,14744.8,13513.0,0.0,60851.7,0.0,18301.3,62382.7,20269.3,83754.2,106062.1,128652.3,128327.6,148
1348.7,153846.0,33991.0,33717.0,43069.0,43069.0,67475.9,56423.0,14744.8,13513.0,0.0,60870.9,0.0,18309.5,62401.9,20276.7,83780.8,106054.7,128652.3,128346.7,148
1349.7,153846.0,33991.0,33717.0,43069.0,43069.0,67475.9,56423.0,14744.8,13513.0,0.0,60870.9,0.0,18320.1,62402.9,20296.4,83801.5,106035.0,128652.3,128346.7,148
1350.7,153846.0,33991.0,33717.0,43069.0,43069.0,67475.9,56423.1,14744.8,13513.1,0.0,60870.9,0.0,18332.5,62402.4,20301.5,83806.1,106029.8,128652.3,128346.8,148
1351.7,153846.0,33991.0,33717.0,43069.0,43069.0,67476.0,56423.2,14744.9,13513.2,0.0,60870.9,0.0,18343.2,62402.4,20311.9,83816.5,106019.5,128652.3,128346.9,148
1352.7,153846.0,33991.0,33717.0,43069.0,43069.0,67500.9,56448.1,14769.8,13538.1,0.0,60870.9,0.0,18377.7,62403.4,20355.2,83860.9,105976.2,128652.3,128371.8,148
1353.7,153846.0,33991.0,33717.0,43069.0,43069.0,67473.9,56421.1,14742.8,13511.1,0.0,60870.9,0.0,18362.0,62402.4,20341.4,83845.9,105990.0,128652.3,128344.8,148
1354.7,153846.0,33991.0,33717.0,43069.0,43069.0,67473.9,56421.1,14742.8,13511.1,0.0,60870.9,0.0,18372.8,62402.1,20350.9,83855.2,105980.5,128652.3,128344.8,148
1355.7,153846.0,33991.0,33717.0,43069.0,43069.0,67474.0,56421.2,14742.9,13511.2,0.0,60870.9,0.0,18386.3,62402.1,20365.3,83869.6,105966.0,128652.3,128344.9,148
1356.7,153846.0,33991.0,33717.0,43069.0,43069.0,67474.0,56421.2,14742.9,13511.2,0.0,60870.9,0.0,18395.4,62402.1,20374.1,83878.4,105957.2,128652.3,128344.9,148
1357.7,153846.0,33991.0,33717.0,43069.0,43069.0,67474.0,56421.2,14742.9,13511.2,0.0,60870.9,0.0,18408.6,62402.1,20386.1,83890.4,105945.3,128652.3,128345.0,148
1358.7,153846.0,33991.0,33717.0,43069.0,43069.0,67468.8,56416.0,14737.7,13506.0,0.0,60870.9,0.0,18412.8,62402.2,20389.6,83894.0,105941.8,128652.3,128339.7,148
1359.7,153846.0,33991.0,33717.0,43069.0,43069.0,67468.8,56416.0,14737.7,13506.0,0.0,60871.0,0.0,18425.7,62401.9,20404.9,83909.1,105926.4,128652.3,128339.8,148
1360.7,153846.0,33991.0,33717.0,43069.0,43069.0,67468.8,56416.0,14737.7,13506.0,0.0,60871.0,0.0,18437.1,62401.9,20416.6,83920.7,105914.8,128652.3,128339.8,148
1361.7,153846.0,33991.0,33717.0,43069.0,43069.0,67468.8,56416.0,14737.7,13506.0,0.0,60871.0,0.0,18448.1,62401.9,20429.6,83933.7,105901.8,128652.3,128339.8,148
1362.7,153846.0,33991.0,33717.0,43069.0,43069.0,67468.8,56416.0,14737.7,13506.0,0.0,60871.0,0.0,18458.8,62401.9,20440.6,83944.7,105890.8,128652.3,128339.8,148
1363.7,153846.0,33991.0,33717.0,43069.0,43069.0,67468.8,56416.0,14737.7,13506.0,0.0,60871.0,0.0,18468.1,62401.9,20448.3,83952.4,105883.1,128652.3,128339.8,148
1364.7,153846.0,33991.0,33717.0,43069.0,43069.0,67468.8,56416.0,14737.7,13506.0,0.0,60871.1,0.0,18482.3,62402.1,20461.8,83966.1,105869.5,128652.3,128339.9,148
1365.7,153846.0,33991.0,33717.0,43069.0,43069.0,67468.8,56416.0,14737.7,13506.0,0.0,60871.1,0.0,18492.8,62402.1,20472.4,83976.7,105859.0,128652.3,128339.9,148
1366.7,153846.0,33991.0,33717.0,43069.0,43069.0,67468.8,56416.0,14737.7,13506.0,0.0,60871.1,0.0,18505.2,62402.1,20484.3,83988.6,105847.1,128652.3,128339.9,148
1367.7,153846.0,33991.0,33717.0,43069.0,43069.0,67468.8,56416.0,14737.7,13506.0,0.0,60871.1,0.0,18516.3,62402.1,20495.4,83999.6,105836.0,128652.3,128339.9,148
1368.7,153846.0,33991.0,33717.0,43069.0,43069.0,67521.0,56468.2,14789.9,13558.2,0.0,60871.1,0.0,18578.9,62403.3,20557.7,84063.1,105773.7,128652.3,128392.2,148
1369.7,153846.0,33991.0,33717.0,43069.0,43069.0,67471.6,56418.7,14740.5,13508.7,0.0,60871.1,0.0,18542.0,62402.2,20519.2,84023.6,105812.2,128652.3,128342.7,148
1370.7,153846.0,33991.0,33717.0,43069.0,43069.0,67471.6,56418.8,14740.5,13508.8,0.0,60935.1,0.0,18489.7,62466.1,20465.2,84033.6,105866.2,128652.3,128406.7,148
1371.7,153846.0,33991.0,33717.0,43069.0,43069.0,67471.6,56418.8,14740.5,13508.8,0.0,60935.1,0.0,18501.5,62466.2,20475.6,84044.0,105855.8,128652.3,128406.7,148
1372.7,153846.0,33991.0,33717.0,43069.0,43069.0,67471.6,56418.8,14740.5,13508.8,0.0,60999.1,0.0,18456.6,62530.2,20427.3,84059.7,105904.0,128652.3,128470.7,148
1373.7,153846.0,33991.0,33717.0,43069.0,43069.0,67471.6,56418.8,14740.5,13508.8,0.0,60999.1,0.0,18463.4,62530.2,20432.1,84064.5,105899.3,128652.3,128470.7,148
1374.7,153846.0,33991.0,33717.0,43069.0,43069.0,67471.6,56418.8,14740.5,13508.8,0.0,60999.1,0.0,18476.0,62530.1,20444.2,84076.5,105887.2,128652.3,128470.7,148
1375.7,153846.0,33991.0,33717.0,43069.0,43069.0,67471.6,56418.8,14740.5,13508.8,0.0,60999.1,0.0,18488.6,62530.0,20457.4,84089.6,105874.0,128652.3,128470.7,148
1376.7,153846.0,33991.0,33717.0,43069.0,43069.0,67471.6,56418.8,14740.5,13508.8,0.0,60999.1,0.0,18500.3,62529.8,20472.8,84104.8,105858.6,128652.3,128470.7,148
1377.7,153846.0,33991.0,33717.0,43069.0,43069.0,67471.6,56418.8,14740.5,13508.8,0.0,60999.2,0.0,18510.4,62529.8,20482.2,84114.3,105849.2,128652.3,128470.8,148
1378.7,153846.0,33991.0,33717.0,43069.0,43069.0,67471.6,56418.8,14740.5,13508.8,0.0,60999.1,0.0,18522.7,62530.2,20492.0,84124.4,105839.4,128652.3,128470.7,148
1379.7,153846.0,33991.0,33717.0,43069.0,43069.0,67471.6,56418.8,14740.5,13508.8,0.0,60999.1,0.0,18534.2,62530.2,20503.9,84136.3,105827.5,128652.3,128470.7,148
1380.7,153846.0,33991.0,33717.0,43069.0,43069.0,67471.6,56418.8,14740.5,13508.8,0.0,60999.2,0.0,18544.2,62530.3,20514.8,84147.4,105816.5,128652.3,128470.8,148
1381.7,153846.0,33991.0,33717.0,43069.0,43069.0,67471.6,56418.8,14740.5,13508.8,0.0,60999.3,0.0,18555.2,62530.3,20524.7,84157.2,105806.7,128652.3,128470.9,148
1382.7,153846.0,33991.0,33717.0,43069.0,43069.0,67471.6,56418.8,14740.5,13508.8,0.0,60999.3,0.0,18561.5,62530.3,20533.5,84166.1,105797.9,128652.3,128470.9,148
1383.7,153846.0,33991.0,33717.0,43069.0,43069.0,67471.6,56418.8,14740.5,13508.8,0.0,60999.3,0.0,18576.5,62530.4,20546.6,84179.2,105784.8,128652.3,128470.9,148
1384.8,153846.0,33991.0,33717.0,43069.0,43069.0,67475.4,56422.6,14744.3,13512.5,0.0,60999.3,0.0,18592.6,62531.8,20583.9,84217.9,105747.5,128652.3,128474.6,148
1385.8,153846.0,33991.0,33717.0,43069.0,43069.0,67475.5,56422.7,14744.4,13512.7,0.0,60999.3,0.0,18606.0,62530.3,20589.6,84222.2,105741.8,128652.3,128474.8,148
1386.8,153846.0,33991.0,33717.0,43069.0,43069.0,67475.5,56422.7,14744.4,13512.7,0.0,60999.3,0.0,18616.5,62530.3,20599.3,84231.9,105732.1,128652.3,128474.8,148
1387.8,153846.0,33991.0,33717.0,43069.0,43069.0,67475.5,56422.7,14744.4,13512.7,0.0,60999.3,0.0,18628.1,62530.3,20612.1,84244.7,105719.2,128652.3,128474.8,148
1388.8,153846.0,33991.0,33717.0,43069.0,43069.0,67511.8,56459.0,14780.7,13549.0,0.0,60999.3,0.0,18638.5,62530.4,20622.7,84255.3,105708.6,128652.3,128511.1,148
1389.8,153846.0,33991.0,33717.0,43069.0,43069.0,67513.2,56460.4,14782.1,13550.4,0.0,60999.3,0.0,18713.9,62533.0,20707.9,84343.1,105623.5,128652.3,128512.5,148
1390.8,153846.0,33991.0,33717.0,43069.0,43069.0,67447.5,56394.7,14716.4,13484.7,0.0,60999.3,0.0,18633.8,62530.4,20615.8,84248.4,105715.6,128652.3,128446.8,148
1391.8,153846.0,33991.0,33717.0,43069.0,43069.0,67447.5,56394.7,14716.4,13484.7,0.0,60999.3,0.0,18644.6,62530.4,20623.2,84255.8,105708.2,128652.3,128446.8,148
1392.8,153846.0,33991.0,33717.0,43069.0,43069.0,67447.5,56394.7,14716.4,13484.7,0.0,60999.3,0.0,18655.3,62530.4,20634.2,84266.9,105697.2,128652.3,128446.8,148
1393.8,153846.0,33991.0,33717.0,43069.0,43069.0,67447.5,56394.7,14716.4,13484.7,0.0,60999.3,0.0,18666.0,62530.4,20644.8,84277.4,105686.6,128652.3,128446.8,148
1394.8,153846.0,33991.0,33717.0,43069.0,43069.0,67447.5,56394.7,14716.4,13484.7,0.0,60999.3,0.0,18675.5,62530.4,20654.1,84286.8,105677.2,128652.3,128446.8,148
1395.8,153846.0,33991.0,33717.0,43069.0,43069.0,67447.5,56394.7,14716.4,13484.7,0.0,60999.3,0.0,18687.4,62530.4,20668.0,84300.7,105663.4,128652.3,128446.8,148
1396.8,153846.0,33991.0,33717.0,43069.0,43069.0,67447.5,56394.7,14716.4,13484.7,0.0,60999.3,0.0,18698.7,62530.4,20679.4,84312.1,105652.0,128652.3,128446.8,148
1397.8,153846.0,33991.0,33717.0,43069.0,43069.0,67447.5,56394.7,14716.4,13484.7,0.0,60999.3,0.0,18632.6,62530.4,20612.6,84245.3,105718.7,128652.3,128446.8,148
1398.8,153846.0,33991.0,33717.0,43069.0,43069.0,67447.5,56394.7,14716.4,13484.7,0.0,60999.3,0.0,18643.9,62530.4,20622.8,84255.5,105708.5,128652.3,128446.8,148
1399.8,153846.0,33991.0,33717.0,43069.0,43069.0,67447.5,56394.7,14716.4,13484.7,0.0,60999.3,0.0,18657.2,62530.4,20636.5,84269.2,105694.8,128652.3,128446.8,148
1400.8,153846.0,33991.0,33717.0,43069.0,43069.0,67447.5,56394.7,14716.4,13484.7,0.0,60999.5,0.0,18669.2,62530.5,20649.2,84282.0,105682.1,128652.3,128446.9,148
1401.8,153846.0,33991.0,33717.0,43069.0,43069.0,67447.5,56394.7,14716.4,13484.7,0.0,60999.5,0.0,18680.6,62530.6,20659.9,84292.7,105671.4,128652.3,128447.0,148
1402.8,153846.0,33991.0,33717.0,43069.0,43069.0,67447.5,56394.7,14716.4,13484.7,0.0,60999.5,0.0,18693.1,62530.6,20672.4,84305.2,105658.9,128652.3,128447.0,148
1403.8,153846.0,33991.0,33717.0,43069.0,43069.0,67532.7,56479.9,14801.6,13569.9,0.0,60999.5,0.0,18719.4,62531.6,20720.1,84354.0,105611.2,128652.3,128532.2,148
1404.9,153846.0,33991.0,33717.0,43069.0,43069.0,67424.4,56371.6,14693.3,13461.6,0.0,60999.5,0.0,18694.7,62530.5,20682.8,84315.6,105648.5,128652.3,128423.9,148
1405.9,153846.0,33991.0,33717.0,43069.0,43069.0,67424.4,56371.6,14693.3,13461.6,0.0,60999.5,0.0,18707.4,62530.6,20690.4,84323.2,105640.9,128652.3,128423.9,148
1406.9,153846.0,33991.0,33717.0,43069.0,43069.0,67424.4,56371.6,14693.3,13461.6,0.0,60999.5,0.0,18719.0,62530.6,20701.9,84334.7,105629.4,128652.3,128423.9,148
1407.9,153846.0,33991.0,33717.0,43069.0,43069.0,67424.4,56371.6,14693.3,13461.6,0.0,60999.5,0.0,18731.5,62530.6,20713.8,84346.7,105617.5,128652.3,128423.9,148
1408.9,153846.0,33991.0,33717.0,43069.0,43069.0,67424.4,56371.6,14693.3,13461.6,0.0,60999.6,0.0,18742.2,62530.3,20729.5,84362.1,105601.9,128652.3,128423.9,148
1409.9,153846.0,33991.0,33717.0,43069.0,43069.0,67424.4,56371.6,14693.3,13461.6,0.0,60999.6,0.0,18752.3,62530.3,20740.4,84373.0,105590.9,128652.3,128423.9,148
1410.9,153846.0,33991.0,33717.0,43069.0,43069.0,67424.4,56371.6,14693.3,13461.6,0.0,60999.6,0.0,18763.0,62530.3,20753.9,84386.5,105577.4,128652.3,128424.0,148
1411.9,153846.0,33991.0,33717.0,43069.0,43069.0,67424.4,56371.6,14693.3,13461.6,0.0,60999.6,0.0,18772.4,62530.8,20761.7,84394.7,105569.6,128652.3,128424.0,148
1412.9,153846.0,33991.0,33717.0,43069.0,43069.0,67424.4,56371.6,14693.3,13461.6,0.0,60999.6,0.0,18785.0,62530.7,20774.4,84407.3,105556.9,128652.3,128424.0,148
1413.9,153846.0,33991.0,33717.0,43069.0,43069.0,67424.4,56371.6,14693.3,13461.6,0.0,60999.6,0.0,18798.0,62530.7,20784.3,84417.3,105547.0,128652.3,128424.0,148
1414.9,153846.0,33991.0,33717.0,43069.0,43069.0,67424.4,56371.6,14693.3,13461.6,0.0,60999.6,0.0,18806.3,62530.7,20793.8,84426.7,105537.5,128652.3,128424.0,148
1415.9,153846.0,33991.0,33717.0,43069.0,43069.0,67424.4,56371.6,14693.3,13461.6,0.0,60999.6,0.0,18817.7,62530.7,20806.3,84439.2,105525.1,128652.3,128424.0,148
1416.9,153846.0,33991.0,33717.0,43069.0,43069.0,67437.4,56384.6,14706.3,13474.6,0.0,60999.7,0.0,18842.8,62530.3,20833.0,84465.6,105498.3,128652.3,128437.1,148
1417.9,153846.0,33991.0,33717.0,43069.0,43069.0,67437.4,56384.6,14706.3,13474.6,0.0,60999.8,0.0,18853.4,62530.3,20841.3,84473.9,105490.0,128652.3,128437.2,148
1418.9,153846.0,33991.0,33717.0,43069.0,43069.0,67437.4,56384.6,14706.3,13474.6,0.0,60999.8,0.0,18865.3,62530.3,20852.6,84485.2,105478.7,128652.3,128437.2,148
1419.9,153846.0,33991.0,33717.0,43069.0,43069.0,67437.4,56384.6,14706.3,13474.6,0.0,60999.8,0.0,18874.3,62530.3,20861.9,84494.6,105469.4,128652.3,128437.2,148
1420.9,153846.0,33991.0,33717.0,43069.0,43069.0,67437.4,56384.6,14706.3,13474.6,0.0,60999.8,0.0,18887.3,62530.3,20869.0,84501.6,105462.3,128652.3,128437.2,148
1421.9,153846.0,33991.0,33717.0,43069.0,43069.0,67437.1,56384.3,14706.0,13474.3,0.0,60999.8,0.0,18899.1,62536.3,20896.9,84535.5,105434.4,128652.3,128436.9,148
1422.9,153846.0,33991.0,33717.0,43069.0,43069.0,67437.1,56384.3,14706.0,13474.3,0.0,60999.8,0.0,18910.8,62531.4,20910.3,84544.0,105421.0,128652.3,128436.9,148
1423.9,153846.0,33991.0,33717.0,43069.0,43069.0,67438.5,56385.7,14707.4,13475.7,0.0,60999.8,0.0,18922.7,62531.2,20927.0,84560.5,105404.3,128652.3,128438.3,148
1424.9,153846.0,33991.0,33717.0,43069.0,43069.0,67438.5,56385.7,14707.4,13475.7,0.0,60999.8,0.0,18932.8,62531.0,20938.1,84571.4,105393.2,128652.3,128438.3,148
1425.9,153846.0,33991.0,33717.0,43069.0,43069.0,67438.5,56385.7,14707.4,13475.7,0.0,60999.8,0.0,18944.1,62531.0,20947.2,84580.5,105384.1,128652.3,128438.3,148
1426.9,153846.0,33991.0,33717.0,43069.0,43069.0,67438.5,56385.7,14707.4,13475.7,0.0,60999.8,0.0,18956.3,62531.0,20956.8,84590.1,105374.5,128652.3,128438.3,148
1427.9,153846.0,33991.0,33717.0,43069.0,43069.0,67438.5,56385.7,14707.4,13475.7,0.0,60999.8,0.0,18967.2,62531.0,20963.8,84597.1,105367.5,128652.3,128438.3,148
1428.9,153846.0,33991.0,33717.0,43069.0,43069.0,67438.5,56385.7,14707.4,13475.7,0.0,60999.8,0.0,18979.5,62531.0,20975.2,84608.5,105356.1,128652.3,128438.3,148
1429.9,153846.0,33991.0,33717.0,43069.0,43069.0,67438.5,56385.7,14707.4,13475.7,0.0,60999.8,0.0,18990.6,62531.0,20983.8,84617.2,105347.5,128652.3,128438.4,148
1430.9,153846.0,33991.0,33717.0,43069.0,43069.0,67438.5,56385.7,14707.4,13475.7,0.0,60999.8,0.0,19001.1,62531.0,20993.3,84626.6,105338.0,128652.3,128438.4,148
1431.9,153846.0,33991.0,33717.0,43069.0,43069.0,67438.5,56385.7,14707.4,13475.7,0.0,60999.9,0.0,19014.2,62531.0,21006.3,84639.6,105325.0,128652.3,128438.4,148
1432.9,153846.0,33991.0,33717.0,43069.0,43069.0,67438.5,56385.7,14707.4,13475.7,0.0,60999.9,0.0,19025.5,62531.0,21013.4,84646.7,105317.9,128652.3,128438.4,148
1433.9,153846.0,33991.0,33717.0,43069.0,43069.0,67438.5,56385.7,14707.4,13475.7,0.0,60999.9,0.0,19037.0,62531.0,21025.1,84658.4,105306.2,128652.3,128438.4,148
1434.9,153846.0,33991.0,33717.0,43069.0,43069.0,67455.0,56402.1,14723.9,13492.1,0.0,60999.9,0.0,19047.8,62531.0,21040.9,84674.2,105290.4,128652.3,128454.8,148
1435.9,153846.0,33991.0,33717.0,43069.0,43069.0,67410.7,56357.9,14679.6,13447.9,0.0,60999.9,0.0,19029.5,62530.7,21019.5,84652.5,105311.8,128652.3,128410.6,148
1436.9,153846.0,33991.0,33717.0,43069.0,43069.0,67410.7,56357.9,14679.6,13447.9,0.0,61000.0,0.0,19041.2,62530.8,21029.6,84662.7,105301.7,128652.3,128410.7,148
1437.9,153846.0,33991.0,33717.0,43069.0,43069.0,67410.7,56357.9,14679.6,13447.9,0.0,61000.0,0.0,19051.6,62530.8,21038.3,84671.4,105292.9,128652.3,128410.8,148
1438.9,153846.0,33991.0,33717.0,43069.0,43069.0,67410.8,56357.9,14679.6,13447.9,0.0,61000.0,0.0,19064.0,62531.5,21045.9,84679.7,105285.4,128652.3,128410.8,148
1439.9,153846.0,33991.0,33717.0,43069.0,43069.0,67410.8,56357.9,14679.6,13447.9,0.0,61000.0,0.0,19076.4,62530.9,21060.0,84693.2,105271.3,128652.3,128410.8,148
1440.9,153846.0,33991.0,33717.0,43069.0,43069.0,67410.8,56357.9,14679.6,13447.9,0.0,61000.0,0.0,19087.1,62530.9,21072.8,84706.0,105258.4,128652.3,128410.8,148
1441.9,153846.0,33991.0,33717.0,43069.0,43069.0,67410.8,56357.9,14679.6,13447.9,0.0,61000.1,0.0,19098.4,62530.9,21083.7,84716.9,105247.6,128652.3,128410.8,148
1442.9,153846.0,33991.0,33717.0,43069.0,43069.0,67410.8,56357.9,14679.6,13447.9,0.0,61064.0,0.0,19046.5,62594.9,21033.6,84730.7,105297.7,128652.3,128474.8,148
1443.9,153846.0,33991.0,33717.0,43069.0,43069.0,67410.8,56357.9,14679.6,13447.9,0.0,61064.0,0.0,19058.2,62594.9,21047.4,84744.6,105283.8,128652.3,128474.8,148
1444.9,153846.0,33991.0,33717.0,43069.0,43069.0,67410.8,56357.9,14679.6,13447.9,0.0,61064.0,0.0,19069.6,62594.9,21059.1,84756.3,105272.2,128652.3,128474.8,148
1445.9,153846.0,33991.0,33717.0,43069.0,43069.0,67410.8,56357.9,14679.6,13447.9,0.0,61064.1,0.0,19078.0,62594.9,21068.2,84765.4,105263.1,128652.3,128474.8,148
1446.9,153846.0,33991.0,33717.0,43069.0,43069.0,67410.8,56357.9,14679.6,13447.9,0.0,61064.1,0.0,19090.1,62594.9,21081.0,84778.2,105250.3,128652.3,128474.8,148
1447.9,153846.0,33991.0,33717.0,43069.0,43069.0,67410.8,56357.9,14679.6,13447.9,0.0,61064.1,0.0,19101.1,62594.9,21093.3,84790.5,105238.0,128652.3,128474.8,148
1448.9,153846.0,33991.0,33717.0,43069.0,43069.0,67410.8,56357.9,14679.6,13447.9,0.0,61064.1,0.0,19113.0,62594.9,21106.1,84803.3,105225.2,128652.3,128474.8,148
1449.9,153846.0,33991.0,33717.0,43069.0,43069.0,67410.8,56357.9,14679.6,13447.9,0.0,61064.1,0.0,19123.8,62594.9,21114.3,84811.5,105217.0,128652.3,128474.8,148
1450.9,153846.0,33991.0,33717.0,43069.0,43069.0,67410.8,56357.9,14679.6,13447.9,0.0,61064.1,0.0,19135.9,62594.9,21127.6,84824.9,105203.6,128652.3,128474.9,148
1451.9,153846.0,33991.0,33717.0,43069.0,43069.0,67410.8,56357.9,14679.6,13447.9,0.0,61064.1,0.0,19146.3,62594.9,21138.0,84835.2,105193.3,128652.3,128474.9,148
1452.9,153846.0,33991.0,33717.0,43069.0,43069.0,67410.8,56357.9,14679.6,13447.9,0.0,61064.2,0.0,19158.1,62595.0,21147.3,84844.7,105183.9,128652.3,128475.0,148
1453.9,153846.0,33991.0,33717.0,43069.0,43069.0,67410.8,56357.9,14679.6,13447.9,0.0,61064.3,0.0,19169.3,62595.4,21154.5,84852.2,105176.8,128652.3,128475.0,148
1454.9,153846.0,33991.0,33717.0,43069.0,43069.0,67410.8,56357.9,14679.6,13447.9,0.0,61128.3,0.0,19117.6,62659.4,21102.8,84864.6,105228.4,128652.3,128539.0,148
1455.9,153846.0,33991.0,33717.0,43069.0,43069.0,67465.0,56412.1,14733.9,13502.1,0.0,61128.3,0.0,19178.4,62659.2,21165.1,84926.6,105166.2,128652.3,128593.3,148
1456.9,153846.0,33991.0,33717.0,43069.0,43069.0,67463.8,56411.0,14732.7,13501.0,0.0,61128.3,0.0,19186.5,62659.2,21172.9,84934.4,105158.4,128652.3,128592.1,148
1457.9,153846.0,33991.0,33717.0,43069.0,43069.0,67463.8,56411.0,14732.7,13501.0,0.0,61128.3,0.0,19197.9,62659.1,21184.1,84945.6,105147.2,128652.3,128592.1,148
1458.9,153846.0,33991.0,33717.0,43069.0,43069.0,67463.8,56411.0,14732.7,13501.0,0.0,61128.3,0.0,19209.8,62659.1,21196.6,84958.1,105134.6,128652.3,128592.1,148
1459.9,153846.0,33991.0,33717.0,43069.0,43069.0,67463.8,56411.0,14732.7,13501.0,0.0,61128.3,0.0,19220.9,62658.9,21211.1,84972.4,105120.1,128652.3,128592.1,148
1460.9,153846.0,33991.0,33717.0,43069.0,43069.0,67463.8,56411.0,14732.7,13501.0,0.0,61128.3,0.0,19234.2,62658.4,21222.7,84983.4,105108.6,128652.3,128592.1,148
1461.9,153846.0,33991.0,33717.0,43069.0,43069.0,67463.8,56411.0,14732.7,13501.0,0.0,61128.3,0.0,19244.4,62658.4,21233.0,84993.7,105098.3,128652.3,128592.1,148
1462.9,153846.0,33991.0,33717.0,43069.0,43069.0,67463.8,56411.0,14732.7,13501.0,0.0,61128.4,0.0,19255.3,62658.4,21243.0,85003.8,105088.3,128652.3,128592.2,148
1463.9,153846.0,33991.0,33717.0,43069.0,43069.0,67463.8,56411.0,14732.7,13501.0,0.0,61128.4,0.0,19266.4,62658.4,21254.4,85015.2,105076.8,128652.3,128592.2,148
1464.9,153846.0,33991.0,33717.0,43069.0,43069.0,67463.8,56411.0,14732.7,13501.0,0.0,61128.4,0.0,19278.0,62658.4,21266.3,85027.0,105065.0,128652.3,128592.2,148
1465.9,153846.0,33991.0,33717.0,43069.0,43069.0,67463.8,56411.0,14732.7,13501.0,0.0,61128.4,0.0,19288.1,62658.4,21277.9,85038.7,105053.3,128652.3,128592.2,148
1466.9,153846.0,33991.0,33717.0,43069.0,43069.0,67463.8,56411.0,14732.7,13501.0,0.0,61128.4,0.0,19298.7,62658.4,21289.0,85049.8,105042.2,128652.3,128592.2,148
1467.9,153846.0,33991.0,33717.0,43069.0,43069.0,67463.8,56411.0,14732.7,13501.0,0.0,61128.4,0.0,19309.5,62658.4,21304.0,85064.8,105027.3,128652.3,128592.2,148
1468.9,153846.0,33991.0,33717.0,43069.0,43069.0,67463.8,56411.0,14732.7,13501.0,0.0,61128.4,0.0,19321.4,62658.4,21318.0,85078.7,105013.3,128652.3,128592.2,148
1469.9,153846.0,33991.0,33717.0,43069.0,43069.0,67463.8,56411.0,14732.7,13501.0,0.0,61128.4,0.0,19332.3,62658.3,21332.2,85092.9,104999.1,128652.3,128592.2,148
1470.9,153846.0,33991.0,33717.0,43069.0,43069.0,67463.8,56411.0,14732.7,13501.0,0.0,61128.4,0.0,19343.5,62658.3,21345.4,85106.1,104985.8,128652.3,128592.2,148
1471.9,153846.0,33991.0,33717.0,43069.0,43069.0,67463.8,56411.0,14732.7,13501.0,0.0,61128.4,0.0,19355.4,62658.4,21356.9,85117.6,104974.3,128652.3,128592.2,148
1472.9,153846.0,33991.0,33717.0,43069.0,43069.0,67463.8,56411.0,14732.7,13501.0,0.0,61128.5,0.0,19366.1,62658.4,21368.8,85129.5,104962.5,128652.3,128592.3,148
1473.9,153846.0,33991.0,33717.0,43069.0,43069.0,67463.8,56411.0,14732.7,13501.0,0.0,61128.5,0.0,19378.1,62658.3,21379.3,85140.0,104952.0,128652.3,128592.3,148
1474.9,153846.0,33991.0,33717.0,43069.0,43069.0,67467.9,56415.0,14736.7,13505.0,0.0,61128.6,0.0,19394.5,62663.1,21401.3,85166.7,104930.0,128652.3,128596.4,148
1475.9,153846.0,33991.0,33717.0,43069.0,43069.0,67468.7,56415.9,14737.6,13505.9,0.0,61128.6,0.0,19405.6,62659.9,21425.1,85187.3,104906.2,128652.3,128597.3,148
1476.9,153846.0,33991.0,33717.0,43069.0,43069.0,67469.4,56416.6,14738.3,13506.6,0.0,61128.6,0.0,19416.1,62658.5,21421.4,85182.2,104909.8,128652.3,128598.1,148
1477.9,153846.0,33991.0,33717.0,43069.0,43069.0,67511.2,56458.4,14780.1,13548.4,0.0,61128.6,0.0,19442.1,62661.6,21450.2,85214.1,104881.1,128652.3,128639.8,148
1478.9,153846.0,33991.0,33717.0,43069.0,43069.0,67471.7,56418.9,14740.6,13508.9,0.0,61128.6,0.0,19441.8,62658.6,21433.9,85194.8,104897.3,128652.3,128600.4,148
1479.9,153846.0,33991.0,33717.0,43069.0,43069.0,67471.7,56418.9,14740.6,13508.9,0.0,61128.6,0.0,19453.2,62658.6,21446.0,85207.0,104885.2,128652.3,128600.4,148
1480.9,153846.0,33991.0,33717.0,43069.0,43069.0,67471.7,56418.9,14740.6,13508.9,0.0,61128.6,0.0,19465.5,62658.6,21462.0,85223.0,104869.2,128652.3,128600.4,148
1481.9,153846.0,33991.0,33717.0,43069.0,43069.0,67471.7,56418.9,14740.6,13508.9,0.0,61184.7,0.0,19420.7,62714.5,21410.2,85227.1,104921.1,128652.3,128656.4,148
1482.9,153846.0,33991.0,33717.0,43069.0,43069.0,67471.7,56418.9,14740.6,13508.9,0.0,61184.4,0.0,19432.1,62714.2,21421.6,85238.2,104909.6,128652.3,128656.1,148
1483.9,153846.0,33991.0,33717.0,43069.0,43069.0,67471.7,56418.9,14740.6,13508.9,0.0,61184.4,0.0,19443.3,62714.2,21433.4,85250.0,104897.9,128652.3,128656.1,148
1484.9,153846.0,33991.0,33717.0,43069.0,43069.0,67471.7,56418.9,14740.6,13508.9,0.0,61184.4,0.0,19454.1,62714.2,21441.0,85257.6,104890.2,128652.3,128656.1,148
1485.9,153846.0,33991.0,33717.0,43069.0,43069.0,67471.7,56418.9,14740.6,13508.9,0.0,61184.4,0.0,19466.3,62714.3,21452.7,85269.3,104878.5,128652.3,128656.2,148
1486.9,153846.0,33991.0,33717.0,43069.0,43069.0,67471.7,56418.9,14740.6,13508.9,0.0,61184.4,0.0,19476.6,62714.2,21461.2,85277.8,104870.0,128652.3,128656.2,148
1487.9,153846.0,33991.0,33717.0,43069.0,43069.0,67476.5,56423.7,14745.4,13513.6,0.0,61184.5,0.0,19493.0,62715.4,21477.2,85295.0,104854.0,128652.3,128660.9,148
1488.9,153846.0,33991.0,33717.0,43069.0,43069.0,67476.5,56423.7,14745.4,13513.6,0.0,61184.6,0.0,19504.9,62715.1,21490.9,85308.4,104840.3,128652.3,128661.1,148
1489.9,153846.0,33991.0,33717.0,43069.0,43069.0,67476.5,56423.7,14745.4,13513.6,0.0,61184.6,0.0,19516.5,62715.1,21500.7,85318.2,104830.5,128652.3,128661.1,148
1490.9,153846.0,33991.0,33717.0,43069.0,43069.0,67476.5,56423.7,14745.4,13513.6,0.0,61184.6,0.0,19527.2,62715.1,21511.4,85328.9,104819.8,128652.3,128661.1,148
1491.9,153846.0,33991.0,33717.0,43069.0,43069.0,67476.5,56423.7,14745.4,13513.6,0.0,61184.6,0.0,19538.6,62715.1,21521.1,85338.7,104810.1,128652.3,128661.1,148
1492.9,153846.0,33991.0,33717.0,43069.0,43069.0,67476.5,56423.7,14745.4,13513.6,0.0,61184.6,0.0,19548.4,62715.1,21533.1,85350.6,104798.1,128652.3,128661.1,148
1493.9,153846.0,33991.0,33717.0,43069.0,43069.0,67476.5,56423.7,14745.4,13513.6,0.0,61184.6,0.0,19560.3,62715.1,21546.3,85363.8,104784.9,128652.3,128661.1,148
1494.9,153846.0,33991.0,33717.0,43069.0,43069.0,67476.5,56423.7,14745.4,13513.6,0.0,61184.6,0.0,19570.5,62715.2,21557.4,85374.9,104773.8,128652.3,128661.1,148
1495.9,153846.0,33991.0,33717.0,43069.0,43069.0,67476.5,56423.7,14745.3,13513.6,0.0,61248.6,0.0,19519.8,62779.1,21508.5,85390.0,104822.7,128652.3,128725.1,148
1496.9,153846.0,33991.0,33717.0,43069.0,43069.0,67476.5,56423.7,14745.3,13513.6,0.0,61248.6,0.0,19532.1,62779.1,21520.1,85401.7,104811.0,128652.3,128725.1,148
1497.9,153846.0,33991.0,33717.0,43069.0,43069.0,67476.5,56423.7,14745.3,13513.6,0.0,61248.6,0.0,19540.9,62779.1,21532.4,85413.9,104798.8,128652.3,128725.1,148
1498.9,153846.0,33991.0,33717.0,43069.0,43069.0,67476.5,56423.7,14745.3,13513.7,0.0,61312.6,0.0,19492.7,62843.1,21485.2,85430.7,104846.0,128652.3,128789.1,148
1499.9,153846.0,33991.0,33717.0,43069.0,43069.0,67476.5,56423.7,14745.3,13513.7,0.0,61376.6,0.0,19440.0,62907.1,21430.7,85440.2,104900.5,128652.3,128853.0,148
1500.9,153846.0,33991.0,33717.0,43069.0,43069.0,67476.5,56423.7,14745.3,13513.7,0.0,61377.5,0.0,19448.3,62908.1,21441.3,85451.7,104889.9,128652.3,128854.0,148
1501.9,153846.0,33991.0,33717.0,43069.0,43069.0,67476.5,56423.7,14745.3,13513.7,0.0,61569.6,0.0,19269.3,63100.1,21258.3,85460.9,105072.9,128652.3,129046.1,148
1502.9,153846.0,33991.0,33717.0,43069.0,43069.0,67476.5,56423.7,14745.4,13513.7,0.0,61569.6,0.0,19277.1,63102.5,21280.6,85485.5,105050.6,128652.3,129046.1,148
1503.9,153846.0,33991.0,33717.0,43069.0,43069.0,67476.5,56423.7,14745.4,13513.7,0.0,61569.7,0.0,19285.2,63100.3,21289.2,85492.0,105041.9,128652.3,129046.2,148
1504.9,153846.0,33991.0,33717.0,43069.0,43069.0,67476.5,56423.7,14745.4,13513.7,0.0,61569.7,0.0,19297.0,63100.3,21301.6,85504.3,105029.6,128652.3,129046.2,148
1505.9,153846.0,33991.0,33717.0,43069.0,43069.0,67476.5,56423.7,14745.4,13513.7,0.0,61569.7,0.0,19308.8,63100.2,21316.3,85519.0,105014.9,128652.3,129046.2,148
1506.9,153846.0,33991.0,33717.0,43069.0,43069.0,67476.5,56423.7,14745.4,13513.7,0.0,61569.7,0.0,19322.2,63100.2,21333.2,85535.9,104997.9,128652.3,129046.2,148
1507.9,153846.0,33991.0,33717.0,43069.0,43069.0,67476.5,56423.7,14745.4,13513.7,0.0,61749.8,0.0,19151.3,63280.4,21160.3,85543.1,105170.9,128652.3,129226.3,148
1508.9,153846.0,33991.0,33717.0,43069.0,43069.0,67476.5,56423.7,14745.4,13513.7,0.0,61749.8,0.0,19162.2,63280.4,21174.2,85557.0,105156.9,128652.3,129226.3,148
1509.9,153846.0,33991.0,33717.0,43069.0,43069.0,67476.5,56423.7,14745.4,13513.7,0.0,61749.9,0.0,19173.8,63280.6,21177.4,85560.4,105153.7,128652.3,129226.4,148
1510.9,153846.0,33991.0,33717.0,43069.0,43069.0,67476.5,56423.7,14745.4,13513.7,0.0,61750.2,0.0,19184.3,63280.9,21191.4,85574.7,105139.8,128652.3,129226.7,148
1511.9,153846.0,33991.0,33717.0,43069.0,43069.0,67476.5,56423.7,14745.4,13513.7,0.0,61814.2,0.0,19133.7,63344.9,21139.8,85587.1,105191.4,128652.3,129290.7,148
1512.9,153846.0,33991.0,33717.0,43069.0,43069.0,67476.5,56423.7,14745.4,13513.7,0.0,61814.2,0.0,19144.4,63344.9,21147.0,85594.3,105184.1,128652.3,129290.7,148
1513.9,153846.0,33991.0,33717.0,43069.0,43069.0,67476.5,56423.7,14745.4,13513.7,0.0,61814.3,0.0,19155.4,63344.9,21156.7,85604.0,105174.4,128652.3,129290.8,148
1514.9,153846.0,33991.0,33717.0,43069.0,43069.0,67476.5,56423.7,14745.4,13513.7,0.0,61814.3,0.0,19166.9,63344.6,21166.0,85613.1,105165.2,128652.3,129290.8,148
1515.9,153846.0,33991.0,33717.0,43069.0,43069.0,67476.5,56423.7,14745.4,13513.7,0.0,61814.3,0.0,19177.8,63344.7,21179.8,85626.9,105151.4,128652.3,129290.8,148
1516.9,153846.0,33991.0,33717.0,43069.0,43069.0,67476.5,56423.7,14745.4,13513.7,0.0,61814.3,0.0,19192.6,63344.7,21195.5,85642.6,105135.7,128652.3,129290.8,148
1517.9,153846.0,33991.0,33717.0,43069.0,43069.0,67476.5,56423.7,14745.4,13513.7,0.0,61814.3,0.0,19203.4,63344.6,21207.2,85654.2,105124.0,128652.3,129290.8,148
1518.9,153846.0,33991.0,33717.0,43069.0,43069.0,67476.5,56423.7,14745.4,13513.7,0.0,61814.3,0.0,19214.4,63344.6,21218.0,85665.0,105113.2,128652.3,129290.8,148
1519.9,153846.0,33991.0,33717.0,43069.0,43069.0,67476.5,56423.7,14745.4,13513.7,0.0,61814.3,0.0,19225.3,63344.6,21229.1,85676.2,105102.0,128652.3,129290.8,148
1520.9,153846.0,33991.0,33717.0,43069.0,43069.0,67476.5,56423.7,14745.4,13513.7,0.0,61814.3,0.0,19237.6,63344.6,21240.5,85687.6,105090.6,128652.3,129290.8,148
1521.9,153846.0,33991.0,33717.0,43069.0,43069.0,67476.5,56423.7,14745.4,13513.7,0.0,61814.5,0.0,19248.1,63344.8,21243.9,85691.2,105087.2,128652.3,129290.9,148
1522.9,153846.0,33991.0,33717.0,43069.0,43069.0,67476.5,56423.7,14745.4,13513.7,0.0,61826.2,0.0,19261.2,63356.6,21255.1,85714.1,105076.0,128652.3,129302.7,148
1523.9,153846.0,33991.0,33717.0,43069.0,43069.0,67476.5,56423.7,14745.4,13513.7,0.0,61826.2,0.0,19271.4,63356.6,21264.2,85723.3,105066.9,128652.3,129302.7,148
1524.9,153846.0,33991.0,33717.0,43069.0,43069.0,67476.5,56423.7,14745.4,13513.7,0.0,61826.2,0.0,19282.9,63356.2,21269.7,85728.4,105061.4,128652.3,129302.7,148
1525.9,153846.0,33991.0,33717.0,43069.0,43069.0,67476.5,56423.7,14745.4,13513.7,0.0,61883.0,0.0,19237.3,63413.4,21224.1,85740.0,105107.0,128652.3,129359.5,148
1526.9,153846.0,33991.0,33717.0,43069.0,43069.0,67476.5,56423.7,14745.4,13513.7,0.0,61883.0,0.0,19246.1,63413.4,21232.3,85748.1,105098.9,128652.3,129359.5,148
1527.9,153846.0,33991.0,33717.0,43069.0,43069.0,67476.5,56423.7,14745.4,13513.7,0.0,61883.0,0.0,19259.1,63413.4,21252.8,85768.6,105078.4,128652.3,129359.5,148
1528.9,153846.0,33991.0,33717.0,43069.0,43069.0,67476.5,56423.7,14745.4,13513.7,0.0,61883.0,0.0,19271.3,63413.4,21260.9,85776.7,105070.3,128652.3,129359.5,148
1529.9,153846.0,33991.0,33717.0,43069.0,43069.0,67476.5,56423.7,14745.4,13513.7,0.0,62074.7,0.0,19281.6,63605.0,21270.4,85977.9,105060.7,128652.3,129551.2,148
1530.9,153846.0,33991.0,33717.0,43069.0,43069.0,67476.5,56423.7,14745.4,13513.7,0.0,62394.9,0.0,18784.5,63925.2,20771.9,85799.5,105559.3,128652.3,129871.4,148
1531.9,153846.0,33991.0,33717.0,43069.0,43069.0,67476.5,56423.7,14745.4,13513.7,0.0,62394.9,0.0,18793.1,63925.2,20782.3,85809.9,105548.8,128652.3,129871.4,148
1532.9,153846.0,33991.0,33717.0,43069.0,43069.0,67476.5,56423.7,14745.4,13513.7,0.0,62395.0,0.0,18803.6,63924.8,20794.5,85821.7,105536.7,128652.3,129871.5,148
1533.9,153846.0,33991.0,33717.0,43069.0,43069.0,67476.5,56423.7,14745.4,13513.7,0.0,62395.0,0.0,18815.4,63924.8,20809.0,85836.2,105522.2,128652.3,129871.5,148
1534.9,153846.0,33991.0,33717.0,43069.0,43069.0,67476.5,56423.7,14745.4,13513.7,0.0,62395.0,0.0,18827.9,63925.1,20826.5,85854.0,105504.6,128652.3,129871.5,148
1535.9,153846.0,33991.0,33717.0,43069.0,43069.0,67476.5,56423.7,14745.4,13513.7,0.0,62395.0,0.0,18839.8,63925.1,20832.0,85859.5,105499.1,128652.3,129871.5,148
1536.9,153846.0,33991.0,33717.0,43069.0,43069.0,67476.5,56423.7,14745.4,13513.7,0.0,62395.0,0.0,18848.5,63924.4,20841.0,85867.9,105490.2,128652.3,129871.5,148
1537.9,153846.0,33991.0,33717.0,43069.0,43069.0,67476.5,56423.7,14745.4,13513.7,0.0,62395.0,0.0,18859.3,63924.4,20852.6,85879.5,105478.5,128652.3,129871.5,148
1538.9,153846.0,33991.0,33717.0,43069.0,43069.0,67476.5,56423.7,14745.4,13513.7,0.0,62395.0,0.0,18870.8,63924.5,20859.5,85886.4,105471.6,128652.3,129871.5,148
1539.9,153846.0,33991.0,33717.0,43069.0,43069.0,67476.5,56423.7,14745.4,13513.7,0.0,62395.0,0.0,18882.9,63924.5,20868.2,85895.1,105462.9,128652.3,129871.5,148
1540.9,153846.0,33991.0,33717.0,43069.0,43069.0,67476.5,56423.7,14745.4,13513.7,0.0,62395.0,0.0,18890.4,63924.5,20874.1,85901.0,105457.1,128652.3,129871.5,148
1541.9,153846.0,33991.0,33717.0,43069.0,43069.0,67476.5,56423.7,14745.4,13513.7,0.0,62395.0,0.0,18903.1,63924.5,20887.4,85914.4,105443.7,128652.3,129871.5,148
1542.9,153846.0,33991.0,33717.0,43069.0,43069.0,67476.5,56423.7,14745.4,13513.7,0.0,62395.0,0.0,18913.1,63924.5,20897.4,85924.3,105433.7,128652.3,129871.5,148
1543.9,153846.0,33991.0,33717.0,43069.0,43069.0,67476.5,56423.7,14745.4,13513.7,0.0,62395.0,0.0,18923.8,63924.5,20905.6,85932.6,105425.5,128652.3,129871.5,148
1544.9,153846.0,33991.0,33717.0,43069.0,43069.0,67476.5,56423.7,14745.4,13513.7,0.0,62395.1,0.0,18934.5,63925.2,20913.2,85940.9,105417.9,128652.3,129871.6,148
1545.9,153846.0,33991.0,33717.0,43069.0,43069.0,67476.5,56423.7,14745.4,13513.7,0.0,62395.1,0.0,18947.5,63925.2,20930.5,85958.2,105400.5,128652.3,129871.6,148
1546.9,153846.0,33991.0,33717.0,43069.0,43069.0,67476.5,56423.7,14745.4,13513.7,0.0,62395.1,0.0,18958.8,63924.7,20941.9,85969.1,105389.2,128652.3,129871.6,148
1547.9,153846.0,33991.0,33717.0,43069.0,43069.0,67476.5,56423.7,14745.4,13513.7,0.0,62395.1,0.0,18970.2,63924.7,20953.9,85981.1,105377.1,128652.3,129871.6,148
1548.9,153846.0,33991.0,33717.0,43069.0,43069.0,67476.5,56423.7,14745.4,13513.7,0.0,62395.1,0.0,18979.8,63924.7,20962.0,85989.2,105369.1,128652.3,129871.6,148
1549.9,153846.0,33991.0,33717.0,43069.0,43069.0,67476.5,56423.7,14745.4,13513.7,0.0,62395.2,0.0,18993.0,63926.3,20976.7,86005.5,105354.3,128652.3,129871.7,148
1550.9,153846.0,33991.0,33717.0,43069.0,43069.0,67476.5,56423.7,14745.4,13513.7,0.0,62395.2,0.0,19002.0,63924.8,20985.6,86013.0,105345.5,128652.3,129871.7,148
1551.9,153846.0,33991.0,33717.0,43069.0,43069.0,67476.5,56423.7,14745.4,13513.7,0.0,62395.2,0.0,19014.0,63924.9,20999.9,86027.3,105331.1,128652.3,129871.8,148
1552.9,153846.0,33991.0,33717.0,43069.0,43069.0,67476.5,56423.7,14745.4,13513.7,0.0,62395.2,0.0,19023.3,63926.2,21008.7,86037.5,105322.3,128652.3,129871.8,148
1553.9,153846.0,33991.0,33717.0,43069.0,43069.0,67476.5,56423.7,14745.4,13513.7,0.0,62395.2,0.0,19033.7,63925.0,21016.5,86044.0,105314.6,128652.3,129871.8,148
1554.9,153846.0,33991.0,33717.0,43069.0,43069.0,67476.5,56423.7,14745.4,13513.7,0.0,62395.3,0.0,19047.1,63925.0,21031.6,86059.1,105299.5,128652.3,129871.8,148
1555.9,153846.0,33991.0,33717.0,43069.0,43069.0,67476.5,56423.7,14745.4,13513.7,0.0,62396.1,0.0,19059.3,63926.1,21047.7,86076.3,105283.4,128652.3,129872.6,148
1556.9,153846.0,33991.0,33717.0,43069.0,43069.0,67476.5,56423.7,14745.4,13513.7,0.0,62396.1,0.0,19070.9,63926.1,21058.5,86087.1,105272.6,128652.3,129872.6,148
1557.9,153846.0,33991.0,33717.0,43069.0,43069.0,67476.5,56423.7,14745.4,13513.7,0.0,62396.1,0.0,19082.0,63926.4,21070.5,86099.5,105260.6,128652.3,129872.6,148
1558.9,153846.0,33991.0,33717.0,43069.0,43069.0,67476.5,56423.7,14745.4,13513.7,0.0,62515.6,0.0,19038.6,64045.8,21027.2,86175.6,105303.8,128652.3,129992.1,148
1559.9,153846.0,33991.0,33717.0,43069.0,43069.0,67476.5,56423.7,14745.4,13513.7,0.0,62516.1,0.0,19048.5,64046.4,21040.0,86189.0,105291.0,128652.3,129992.6,148
1560.9,153846.0,33991.0,33717.0,43069.0,43069.0,67476.5,56423.7,14745.4,13513.7,0.0,62700.9,0.0,18874.1,64231.2,20866.8,86200.5,105464.2,128652.3,130177.4,148
1561.9,153846.0,33991.0,33717.0,43069.0,43069.0,67476.5,56423.7,14745.4,13513.7,0.0,62701.2,0.0,18885.4,64231.4,20873.3,86207.2,105457.8,128652.3,130177.7,148
1562.9,153846.0,33991.0,33717.0,43069.0,43069.0,67476.5,56423.7,14745.4,13513.7,0.0,62701.2,0.0,18893.8,64231.4,20877.8,86211.7,105453.3,128652.3,130177.7,148
1563.9,153846.0,33991.0,33717.0,43069.0,43069.0,67476.5,56423.7,14745.4,13513.7,0.0,62701.2,0.0,18907.9,64231.4,20890.4,86224.4,105440.6,128652.3,130177.7,148
1564.9,153846.0,33991.0,33717.0,43069.0,43069.0,67476.5,56423.7,14745.4,13513.7,0.0,62701.2,0.0,18916.4,64231.4,20898.0,86232.0,105433.1,128652.3,130177.7,148
1565.9,153846.0,33991.0,33717.0,43069.0,43069.0,67476.5,56423.7,14745.4,13513.7,0.0,62701.2,0.0,18929.0,64231.0,20918.4,86251.9,105412.7,128652.3,130177.7,148
1566.9,153846.0,33991.0,33717.0,43069.0,43069.0,67476.5,56423.7,14745.4,13513.7,0.0,62701.2,0.0,18941.1,64231.4,20930.6,86264.5,105400.5,128652.3,130177.7,148
1567.9,153846.0,33991.0,33717.0,43069.0,43069.0,67476.5,56423.7,14745.4,13513.7,0.0,62701.2,0.0,18950.8,64231.4,20940.5,86274.5,105390.5,128652.3,130177.7,148
1568.9,153846.0,33991.0,33717.0,43069.0,43069.0,67476.5,56423.7,14745.4,13513.7,0.0,62701.2,0.0,18962.4,64231.4,20954.1,86288.0,105376.9,128652.3,130177.7,148
1569.9,153846.0,33991.0,33717.0,43069.0,43069.0,67476.5,56423.7,14745.4,13513.7,0.0,62701.2,0.0,18973.7,64231.4,20967.5,86301.4,105363.6,128652.3,130177.7,148
1570.9,153846.0,33991.0,33717.0,43069.0,43069.0,67476.5,56423.7,14745.4,13513.7,0.0,62701.2,0.0,18986.2,64231.4,20979.7,86313.7,105351.3,128652.3,130177.7,148
1571.9,153846.0,33991.0,33717.0,43069.0,43069.0,67476.5,56423.7,14745.4,13513.7,0.0,62701.2,0.0,18994.9,64231.9,20984.4,86318.9,105346.6,128652.3,130177.7,148
1572.9,153846.0,33991.0,33717.0,43069.0,43069.0,67476.5,56423.7,14745.4,13513.7,0.0,62701.2,0.0,19006.0,64231.6,20989.8,86324.0,105341.3,128652.3,130177.7,148
1573.9,153846.0,33991.0,33717.0,43069.0,43069.0,67476.5,56423.7,14745.4,13513.7,0.0,62701.2,0.0,19016.8,64231.6,21002.0,86336.1,105329.1,128652.3,130177.8,148
1574.9,153846.0,33991.0,33717.0,43069.0,43069.0,67476.5,56423.7,14745.4,13513.7,0.0,62701.2,0.0,19028.4,64231.6,21011.3,86345.4,105319.8,128652.3,130177.8,148
1575.9,153846.0,33991.0,33717.0,43069.0,43069.0,67476.5,56423.7,14745.4,13513.7,0.0,62701.3,0.0,19040.7,64231.6,21023.3,86357.4,105307.8,128652.3,130177.8,148
1576.9,153846.0,33991.0,33717.0,43069.0,43069.0,67476.5,56423.7,14745.4,13513.7,0.0,62701.3,0.0,19052.8,64231.6,21036.0,86370.2,105295.0,128652.3,130177.8,148
1577.9,153846.0,33991.0,33717.0,43069.0,43069.0,67476.5,56423.7,14745.4,13513.7,0.0,62701.3,0.0,19064.0,64231.6,21046.9,86381.1,105284.1,128652.3,130177.8,148
1578.9,153846.0,33991.0,33717.0,43069.0,43069.0,67476.5,56423.7,14745.4,13513.7,0.0,62701.3,0.0,19075.5,64231.6,21058.6,86392.8,105272.4,128652.3,130177.8,148
1579.9,153846.0,33991.0,33717.0,43069.0,43069.0,67476.5,56423.7,14745.4,13513.7,0.0,62701.3,0.0,19087.3,64231.6,21069.7,86403.8,105261.4,128652.3,130177.8,148
1580.9,153846.0,33991.0,33717.0,43069.0,43069.0,67476.5,56423.7,14745.4,13513.7,0.0,62701.3,0.0,19098.6,64231.6,21083.6,86417.7,105247.4,128652.3,130177.8,148
1581.9,153846.0,33991.0,33717.0,43069.0,43069.0,67476.5,56423.7,14745.4,13513.7,0.0,62731.7,0.0,19014.3,64262.6,20996.3,86361.4,105334.7,128652.3,130208.2,148
1582.9,153846.0,33991.0,33717.0,43069.0,43069.0,67476.5,56423.7,14745.4,13513.7,0.0,62731.7,0.0,19022.7,64262.6,21005.8,86371.0,105325.2,128652.3,130208.2,148
1583.9,153846.0,33991.0,33717.0,43069.0,43069.0,67476.5,56423.7,14745.4,13513.7,0.0,62731.8,0.0,19038.0,64262.8,21021.6,86387.0,105309.4,128652.3,130208.3,148
1584.9,153846.0,33991.0,33717.0,43069.0,43069.0,67476.5,56423.7,14745.4,13513.7,0.0,62731.8,0.0,19050.0,64262.8,21034.3,86399.6,105296.7,128652.3,130208.3,148
1585.9,153846.0,33991.0,33717.0,43069.0,43069.0,67476.5,56423.7,14745.4,13513.7,0.0,62731.8,0.0,19061.4,64262.8,21044.4,86409.7,105286.6,128652.3,130208.3,148
1586.9,153846.0,33991.0,33717.0,43069.0,43069.0,67476.5,56423.7,14745.4,13513.7,0.0,62731.8,0.0,19072.4,64262.8,21054.2,86419.5,105276.8,128652.3,130208.3,148
1587.9,153846.0,33991.0,33717.0,43069.0,43069.0,67476.5,56423.7,14745.4,13513.7,0.0,62731.8,0.0,19084.0,64262.8,21068.8,86434.1,105262.3,128652.3,130208.4,148
1588.9,153846.0,33991.0,33717.0,43069.0,43069.0,67476.5,56423.7,14745.4,13513.7,0.0,62731.9,0.0,19093.6,64262.8,21081.4,86446.8,105249.6,128652.3,130208.4,148
1589.9,153846.0,33991.0,33717.0,43069.0,43069.0,67476.5,56423.7,14745.4,13513.7,0.0,62731.9,0.0,19104.5,64262.8,21093.4,86458.8,105237.6,128652.3,130208.4,148
1590.9,153846.0,33991.0,33717.0,43069.0,43069.0,67476.5,56423.7,14745.4,13513.7,0.0,62731.9,0.0,19116.7,64262.8,21105.9,86471.3,105225.1,128652.3,130208.4,148
1591.9,153846.0,33991.0,33717.0,43069.0,43069.0,67476.5,56423.7,14745.4,13513.7,0.0,62731.9,0.0,19126.1,64262.8,21115.3,86480.6,105215.7,128652.3,130208.4,148
1592.9,153846.0,33991.0,33717.0,43069.0,43069.0,67476.5,56423.7,14745.4,13513.7,0.0,62731.9,0.0,19136.7,64262.8,21124.9,86490.3,105206.1,128652.3,130208.4,148
1593.9,153846.0,33991.0,33717.0,43069.0,43069.0,67476.5,56423.7,14745.4,13513.7,0.0,62903.2,0.0,18982.8,64434.1,20964.0,86500.7,105367.0,128652.3,130379.7,148
1594.9,153846.0,33991.0,33717.0,43069.0,43069.0,67476.5,56423.7,14745.4,13513.7,0.0,62967.1,0.0,18931.5,64497.8,20912.6,86513.0,105418.4,128652.3,130443.7,148
1595.9,153846.0,33991.0,33717.0,43069.0,43069.0,67476.5,56423.7,14745.4,13513.7,0.0,63111.2,0.0,18824.6,64641.9,20807.6,86552.1,105523.4,128652.3,130587.8,148
1596.9,153846.0,33991.0,33717.0,43069.0,43069.0,67476.5,56423.7,14745.4,13513.7,0.0,63111.2,0.0,18834.3,64642.0,20816.7,86561.3,105514.3,128652.3,130587.8,148
1597.9,153846.0,33991.0,33717.0,43069.0,43069.0,67476.5,56423.7,14745.4,13513.7,0.0,63111.4,0.0,18842.9,64641.8,20821.9,86566.3,105509.1,128652.3,130587.9,148
1598.9,153846.0,33991.0,33717.0,43069.0,43069.0,67476.5,56423.7,14745.4,13513.7,0.0,63116.1,0.0,18852.9,64646.5,20828.4,86577.5,105502.6,128652.3,130592.6,148
1599.9,153846.0,33991.0,33717.0,43069.0,43069.0,67476.5,56423.7,14745.4,13513.7,0.0,63116.1,0.0,18863.0,64646.5,20840.1,86589.2,105490.9,128652.3,130592.6,148
1600.9,153846.0,33991.0,33717.0,43069.0,43069.0,67476.5,56423.7,14745.4,13513.7,0.0,63116.1,0.0,18873.6,64646.5,20851.8,86600.9,105479.2,128652.3,130592.6,148
1601.9,153846.0,33991.0,33717.0,43069.0,43069.0,67476.5,56423.7,14745.4,13513.7,0.0,63116.1,0.0,18883.7,64646.5,20861.9,86611.0,105469.1,128652.3,130592.7,148
1602.9,153846.0,33991.0,33717.0,43069.0,43069.0,67476.5,56423.7,14745.4,13513.7,0.0,63116.1,0.0,18890.8,64646.4,20867.6,86616.6,105463.4,128652.3,130592.7,148
1603.9,153846.0,33991.0,33717.0,43069.0,43069.0,67476.5,56423.7,14745.4,13513.7,0.0,63116.1,0.0,18901.4,64647.2,20885.9,86635.7,105445.1,128652.3,130592.7,148
1604.9,153846.0,33991.0,33717.0,43069.0,43069.0,67476.5,56423.7,14745.4,13513.7,0.0,63116.1,0.0,18914.3,64647.2,20900.8,86650.6,105430.2,128652.3,130592.7,148
1605.9,153846.0,33991.0,33717.0,43069.0,43069.0,67476.5,56423.7,14745.4,13513.7,0.0,63116.2,0.0,18925.5,64647.2,20912.2,86662.0,105418.8,128652.3,130592.7,148
1606.9,153846.0,33991.0,33717.0,43069.0,43069.0,67476.5,56423.7,14745.4,13513.7,0.0,63116.2,0.0,18940.0,64647.2,20927.6,86677.5,105403.4,128652.3,130592.7,148
1607.9,153846.0,33991.0,33717.0,43069.0,43069.0,67476.5,56423.7,14745.4,13513.7,0.0,63116.2,0.0,18950.4,64647.2,20938.7,86688.6,105392.2,128652.3,130592.7,148
1608.9,153846.0,33991.0,33717.0,43069.0,43069.0,67476.5,56423.7,14745.4,13513.7,0.0,63116.2,0.0,18962.0,64647.2,20953.2,86703.1,105377.8,128652.3,130592.7,148
1609.9,153846.0,33991.0,33717.0,43069.0,43069.0,67476.5,56423.7,14745.4,13513.7,0.0,63116.2,0.0,18974.3,64647.2,20966.8,86716.7,105364.2,128652.3,130592.7,148
1610.9,153846.0,33991.0,33717.0,43069.0,43069.0,67476.5,56423.7,14745.4,13513.7,0.0,63116.2,0.0,18984.7,64646.8,20978.7,86728.1,105352.3,128652.3,130592.7,148
1611.9,153846.0,33991.0,33717.0,43069.0,43069.0,67476.5,56423.7,14745.4,13513.7,0.0,63116.2,0.0,18996.7,64646.7,20988.9,86738.3,105342.0,128652.3,130592.7,148
1612.9,153846.0,33991.0,33717.0,43069.0,43069.0,67476.5,56423.7,14745.4,13513.7,0.0,63116.4,0.0,19007.6,64645.8,20995.8,86744.3,105335.2,128652.3,130592.9,148
1613.9,153846.0,33991.0,33717.0,43069.0,43069.0,67476.5,56423.7,14745.4,13513.7,0.0,63166.0,0.0,19019.1,64695.5,21006.9,86805.0,105324.1,128652.3,130642.6,148
1614.9,153846.0,33991.0,33717.0,43069.0,43069.0,67476.5,56423.7,14745.4,13513.7,0.0,63166.0,0.0,19027.5,64695.5,21018.0,86816.2,105312.9,128652.3,130642.6,148
1615.9,153846.0,33991.0,33717.0,43069.0,43069.0,67476.5,56423.7,14745.4,13513.7,0.0,63166.0,0.0,19037.8,64695.5,21031.0,86829.1,105300.0,128652.3,130642.6,148
1616.9,153846.0,33991.0,33717.0,43069.0,43069.0,67476.5,56423.7,14745.4,13513.7,0.0,63166.0,0.0,19046.5,64695.5,21042.7,86840.9,105288.2,128652.3,130642.6,148
1617.9,153846.0,33991.0,33717.0,43069.0,43069.0,67476.5,56423.7,14745.4,13513.7,0.0,63166.1,0.0,19054.5,64695.5,21056.4,86854.5,105274.6,128652.3,130642.6,148
1618.9,153846.0,33991.0,33717.0,43069.0,43069.0,67476.5,56423.7,14745.4,13513.7,0.0,63166.1,0.0,19065.5,64695.5,21067.9,86866.0,105263.1,128652.3,130642.6,148
1619.9,153846.0,33991.0,33717.0,43069.0,43069.0,67476.5,56423.7,14745.4,13513.7,0.0,63166.2,0.0,19076.2,64695.2,21080.8,86878.6,105250.2,128652.3,130642.7,148
1620.9,153846.0,33991.0,33717.0,43069.0,43069.0,67476.5,56423.7,14745.4,13513.7,0.0,63166.2,0.0,19088.5,64695.2,21096.1,86894.0,105234.8,128652.3,130642.7,148
1621.9,153846.0,33991.0,33717.0,43069.0,43069.0,67476.5,56423.7,14745.4,13513.7,0.0,63166.2,0.0,19098.0,64695.3,21102.4,86900.4,105228.5,128652.3,130642.7,148
1622.9,153846.0,33991.0,33717.0,43069.0,43069.0,67476.5,56423.7,14745.4,13513.7,0.0,63166.2,0.0,19109.1,64695.3,21107.7,86905.7,105223.2,128652.3,130642.7,148
1623.9,153846.0,33991.0,33717.0,43069.0,43069.0,67476.5,56423.7,14745.4,13513.7,0.0,63166.2,0.0,19118.4,64695.3,21118.5,86916.5,105212.4,128652.3,130642.8,148
1624.9,153846.0,33991.0,33717.0,43069.0,43069.0,67476.5,56423.7,14745.4,13513.7,0.0,63166.2,0.0,19130.0,64695.8,21134.3,86932.8,105196.6,128652.3,130642.8,148
1625.9,153846.0,33991.0,33717.0,43069.0,43069.0,67476.5,56423.7,14745.4,13513.7,0.0,63209.2,0.0,19099.6,64738.4,21100.2,86941.3,105230.7,128652.3,130685.8,148
1626.9,153846.0,33991.0,33717.0,43069.0,43069.0,67476.5,56423.7,14745.4,13513.7,0.0,63209.2,0.0,19111.8,64738.4,21115.6,86956.7,105215.3,128652.3,130685.8,148
1627.9,153846.0,33991.0,33717.0,43069.0,43069.0,67476.5,56423.7,14745.4,13513.7,0.0,63209.2,0.0,19124.4,64738.4,21128.2,86969.3,105202.8,128652.3,130685.8,148
1628.9,153846.0,33991.0,33717.0,43069.0,43069.0,67476.5,56423.7,14745.4,13513.7,0.0,63243.8,0.0,19101.7,64773.0,21103.2,86978.9,105227.8,128652.3,130720.4,148
1629.9,153846.0,33991.0,33717.0,43069.0,43069.0,67476.5,56423.7,14745.4,13513.7,0.0,63243.8,0.0,19110.6,64773.6,21120.8,86997.0,105210.1,128652.3,130720.4,148
1630.9,153846.0,33991.0,33717.0,43069.0,43069.0,67476.5,56423.7,14745.4,13513.7,0.0,63243.8,0.0,19121.2,64773.7,21121.1,86997.4,105209.9,128652.3,130720.4,148
1631.9,153846.0,33991.0,33717.0,43069.0,43069.0,67476.5,56423.7,14745.4,13513.7,0.0,63243.8,0.0,19134.0,64773.7,21133.5,87009.8,105197.5,128652.3,130720.4,148
1632.9,153846.0,33991.0,33717.0,43069.0,43069.0,67476.5,56423.7,14745.4,13513.7,0.0,63243.8,0.0,19143.7,64773.3,21141.6,87017.5,105189.3,128652.3,130720.4,148
1633.9,153846.0,33991.0,33717.0,43069.0,43069.0,67476.5,56423.7,14745.4,13513.7,0.0,63244.0,0.0,19152.5,64773.4,21151.1,87027.2,105179.8,128652.3,130720.5,148
1634.9,153846.0,33991.0,33717.0,43069.0,43069.0,67476.5,56423.7,14745.4,13513.7,0.0,63244.0,0.0,19163.4,64773.4,21161.8,87037.9,105169.1,128652.3,130720.5,148
1635.9,153846.0,33991.0,33717.0,43069.0,43069.0,67476.5,56423.7,14745.4,13513.7,0.0,63244.0,0.0,19173.8,64773.2,21173.6,87049.4,105157.4,128652.3,130720.5,148
1636.9,153846.0,33991.0,33717.0,43069.0,43069.0,67476.5,56423.7,14745.4,13513.7,0.0,63244.0,0.0,19183.1,64773.2,21181.9,87057.8,105149.0,128652.3,130720.5,148
1637.9,153846.0,33991.0,33717.0,43069.0,43069.0,67476.5,56423.7,14745.4,13513.7,0.0,63244.0,0.0,19194.2,64773.2,21193.8,87069.7,105137.1,128652.3,130720.5,148
1638.9,153846.0,33991.0,33717.0,43069.0,43069.0,67476.5,56423.7,14745.4,13513.7,0.0,63244.0,0.0,19205.4,64773.2,21205.8,87081.6,105125.2,128652.3,130720.5,148
1639.9,153846.0,33991.0,33717.0,43069.0,43069.0,67476.5,56423.7,14745.4,13513.7,0.0,63244.0,0.0,19216.3,64773.2,21218.2,87094.0,105112.8,128652.3,130720.5,148
1640.9,153846.0,33991.0,33717.0,43069.0,43069.0,67488.8,56436.0,14757.7,13526.0,0.0,63244.0,0.0,19239.9,64773.0,21235.7,87111.4,105095.2,128652.3,130732.8,148
1641.9,153846.0,33991.0,33717.0,43069.0,43069.0,67488.8,56436.0,14757.7,13526.0,0.0,63291.8,0.0,19204.3,64821.3,21202.4,87126.4,105128.5,128652.3,130780.6,148
1642.9,153846.0,33991.0,33717.0,43069.0,43069.0,67489.9,56437.1,14758.8,13527.1,0.0,63291.8,0.0,19215.5,64825.1,21215.8,87143.6,105115.1,128652.3,130781.7,148
1643.9,153846.0,33991.0,33717.0,43069.0,43069.0,67492.9,56440.1,14761.8,13530.1,0.0,63291.8,0.0,19227.8,64824.4,21223.3,87150.4,105107.6,128652.3,130784.7,148
1644.9,153846.0,33991.0,33717.0,43069.0,43069.0,67491.3,56438.5,14760.2,13528.5,0.0,63291.8,0.0,19242.1,64827.6,21237.9,87168.2,105093.0,128652.3,130783.1,148
1645.9,153846.0,33991.0,33717.0,43069.0,43069.0,67491.3,56438.5,14760.2,13528.5,0.0,63291.8,0.0,19249.8,64821.4,21243.0,87167.1,105087.9,128652.3,130783.1,148
1646.9,153846.0,33991.0,33717.0,43069.0,43069.0,67491.3,56438.5,14760.2,13528.5,0.0,63291.8,0.0,19261.8,64821.4,21254.6,87178.6,105076.4,128652.3,130783.1,148
1647.9,153846.0,33991.0,33717.0,43069.0,43069.0,67491.3,56438.5,14760.2,13528.5,0.0,63328.9,0.0,19235.6,64858.6,21227.4,87188.6,105103.5,128652.3,130820.2,148
1648.9,153846.0,33991.0,33717.0,43069.0,43069.0,67491.3,56438.5,14760.2,13528.5,0.0,63328.9,0.0,19247.5,64858.6,21237.7,87199.0,105093.2,128652.3,130820.2,148
1649.9,153846.0,33991.0,33717.0,43069.0,43069.0,67491.3,56438.5,14760.2,13528.5,0.0,63664.8,0.0,18978.5,65196.1,20967.0,87265.8,105363.9,128652.3,131156.1,148
1650.9,153846.0,33991.0,33717.0,43069.0,43069.0,67491.3,56438.5,14760.2,13528.5,0.0,63664.8,0.0,18990.3,65196.0,20979.5,87278.1,105351.4,128652.3,131156.1,148
1651.9,153846.0,33991.0,33717.0,43069.0,43069.0,67491.3,56438.5,14760.2,13528.5,0.0,63664.8,0.0,19001.3,65198.5,20997.9,87299.1,105333.1,128652.3,131156.1,148
1652.9,153846.0,33991.0,33717.0,43069.0,43069.0,67491.3,56438.5,14760.2,13528.5,0.0,63664.8,0.0,19013.8,65195.9,21005.3,87303.8,105325.7,128652.3,131156.1,148
1653.9,153846.0,33991.0,33717.0,43069.0,43069.0,67491.3,56438.5,14760.2,13528.5,0.0,63664.8,0.0,19023.9,65195.9,21014.7,87313.2,105316.2,128652.3,131156.1,148
1654.9,153846.0,33991.0,33717.0,43069.0,43069.0,67491.3,56438.5,14760.2,13528.5,0.0,63664.8,0.0,19034.3,65195.9,21022.7,87321.2,105308.3,128652.3,131156.1,148
1655.9,153846.0,33991.0,33717.0,43069.0,43069.0,67491.3,56438.5,14760.2,13528.5,0.0,63664.8,0.0,19045.6,65195.9,21033.1,87331.6,105297.8,128652.3,131156.1,148
1656.9,153846.0,33991.0,33717.0,43069.0,43069.0,67491.3,56438.5,14760.2,13528.5,0.0,63664.9,0.0,19057.1,65197.5,21046.7,87346.8,105284.3,128652.3,131156.3,148
1657.9,153846.0,33991.0,33717.0,43069.0,43069.0,67491.3,56438.5,14760.2,13528.5,0.0,63664.9,0.0,19069.0,65196.2,21052.9,87351.8,105278.0,128652.3,131156.3,148
1658.9,153846.0,33991.0,33717.0,43069.0,43069.0,67491.3,56438.5,14760.2,13528.5,0.0,63665.0,0.0,19080.0,65196.2,21063.6,87362.6,105267.3,128652.3,131156.3,148
1659.9,153846.0,33991.0,33717.0,43069.0,43069.0,67494.6,56441.8,14763.5,13531.8,0.0,63665.0,0.0,19094.8,65196.7,21078.7,87378.1,105252.2,128652.3,131159.6,148
1660.9,153846.0,33991.0,33717.0,43069.0,43069.0,67494.6,56441.8,14763.5,13531.8,0.0,63665.0,0.0,19106.4,65196.6,21086.8,87386.1,105244.1,128652.3,131159.6,148
1661.9,153846.0,33991.0,33717.0,43069.0,43069.0,67494.6,56441.8,14763.5,13531.8,0.0,63665.0,0.0,19118.0,65196.6,21095.9,87395.2,105235.0,128652.3,131159.6,148
1662.9,153846.0,33991.0,33717.0,43069.0,43069.0,67494.6,56441.8,14763.5,13531.8,0.0,63664.7,0.0,19129.0,65196.3,21104.4,87403.5,105226.5,128652.3,131159.3,148
1663.9,153846.0,33991.0,33717.0,43069.0,43069.0,67494.6,56441.8,14763.5,13531.8,0.0,63664.7,0.0,19140.5,65198.6,21153.7,87455.0,105177.2,128652.3,131159.3,148
1664.9,153846.0,33991.0,33717.0,43069.0,43069.0,67494.6,56441.8,14763.5,13531.8,0.0,63664.7,0.0,19151.8,65198.1,21142.5,87443.3,105188.4,128652.3,131159.3,148
1665.9,153846.0,33991.0,33717.0,43069.0,43069.0,67494.6,56441.8,14763.5,13531.8,0.0,63664.7,0.0,19161.6,65198.1,21156.4,87457.2,105174.5,128652.3,131159.3,148
1666.9,153846.0,33991.0,33717.0,43069.0,43069.0,67494.6,56441.8,14763.5,13531.8,0.0,63815.2,0.0,19073.5,65349.0,21065.8,87517.5,105265.1,128652.3,131309.8,148
1667.9,153846.0,33991.0,33717.0,43069.0,43069.0,67494.6,56441.8,14763.5,13531.8,0.0,63815.2,0.0,19083.8,65349.0,21082.1,87533.8,105248.8,128652.3,131309.8,148
1668.9,153846.0,33991.0,33717.0,43069.0,43069.0,67494.6,56441.8,14763.5,13531.8,0.0,63815.2,0.0,19094.2,65349.0,21091.7,87543.4,105239.2,128652.3,131309.8,148
1669.9,153846.0,33991.0,33717.0,43069.0,43069.0,67494.6,56441.8,14763.5,13531.8,0.0,63815.2,0.0,19106.1,65348.6,21109.9,87561.2,105221.0,128652.3,131309.8,148
1670.9,153846.0,33991.0,33717.0,43069.0,43069.0,67494.6,56441.8,14763.5,13531.8,0.0,63815.3,0.0,19116.9,65348.7,21124.3,87575.6,105206.6,128652.3,131309.9,148
1671.9,153846.0,33991.0,33717.0,43069.0,43069.0,67494.6,56441.8,14763.5,13531.8,0.0,63815.3,0.0,19130.4,65348.6,21138.3,87589.6,105192.6,128652.3,131309.9,148
1672.9,153846.0,33991.0,33717.0,43069.0,43069.0,67494.6,56441.8,14763.5,13531.8,0.0,63815.4,0.0,19141.4,65348.8,21155.2,87606.7,105175.7,128652.3,131310.0,148
1673.9,153846.0,33991.0,33717.0,43069.0,43069.0,67493.6,56440.8,14762.5,13530.8,0.0,63815.4,0.0,19152.3,65348.6,21167.5,87618.8,105163.4,128652.3,131309.0,148
1674.9,153846.0,33991.0,33717.0,43069.0,43069.0,67493.6,56440.8,14762.5,13530.8,0.0,63943.2,0.0,19034.2,65477.3,21053.4,87633.4,105277.5,128652.3,131436.8,148
1675.9,153846.0,33991.0,33717.0,43069.0,43069.0,67493.6,56440.8,14762.5,13530.8,0.0,63943.2,0.0,19043.9,65476.1,21055.7,87634.5,105275.2,128652.3,131436.8,148
1676.9,153846.0,33991.0,33717.0,43069.0,43069.0,67493.6,56440.8,14762.5,13530.8,0.0,64007.2,0.0,18992.5,65540.3,21005.2,87648.2,105325.7,128652.3,131500.8,148
1677.9,153846.0,33991.0,33717.0,43069.0,43069.0,67493.6,56440.8,14762.5,13530.8,0.0,64007.2,0.0,19000.5,65540.3,21010.5,87653.5,105320.4,128652.3,131500.8,148
1678.9,153846.0,33991.0,33717.0,43069.0,43069.0,67493.6,56440.8,14762.5,13530.8,0.0,64071.1,0.0,18949.9,65604.4,20951.7,87658.8,105379.2,128652.3,131564.8,148
1679.9,153846.0,33991.0,33717.0,43069.0,43069.0,67493.6,56440.8,14762.5,13530.8,0.0,64071.1,0.0,18957.7,65604.4,20958.4,87665.4,105372.5,128652.3,131564.8,148
1680.9,153846.0,33991.0,33717.0,43069.0,43069.0,67493.6,56440.8,14762.5,13530.8,0.0,64107.2,0.0,18933.6,65640.5,20935.5,87678.7,105395.3,128652.3,131600.8,148
1681.9,153846.0,33991.0,33717.0,43069.0,43069.0,67493.6,56440.8,14762.5,13530.8,0.0,64107.2,0.0,18945.2,65640.5,20948.0,87691.2,105382.8,128652.3,131600.8,148
1682.9,153846.0,33991.0,33717.0,43069.0,43069.0,67493.6,56440.8,14762.5,13530.8,0.0,64107.2,0.0,18955.2,65640.5,20961.2,87704.4,105369.7,128652.3,131600.8,148
1683.9,153846.0,33991.0,33717.0,43069.0,43069.0,67493.6,56440.8,14762.5,13530.8,0.0,64107.2,0.0,18966.9,65640.5,20975.4,87718.6,105355.5,128652.3,131600.8,148
1684.9,153846.0,33991.0,33717.0,43069.0,43069.0,67493.6,56440.8,14762.5,13530.8,0.0,64107.2,0.0,18980.8,65640.5,20989.9,87733.0,105341.0,128652.3,131600.8,148
1685.9,153846.0,33991.0,33717.0,43069.0,43069.0,67493.6,56440.8,14762.5,13530.8,0.0,64107.2,0.0,18991.7,65640.5,20998.6,87741.8,105332.3,128652.3,131600.8,148
1686.9,153846.0,33991.0,33717.0,43069.0,43069.0,67493.6,56440.8,14762.5,13530.8,0.0,64107.2,0.0,19003.8,65640.5,21010.5,87753.7,105320.3,128652.3,131600.8,148
1687.9,153846.0,33991.0,33717.0,43069.0,43069.0,67493.6,56440.8,14762.5,13530.8,0.0,64107.2,0.0,19015.3,65640.5,21022.1,87765.3,105308.8,128652.3,131600.8,148
1688.9,153846.0,33991.0,33717.0,43069.0,43069.0,67493.6,56440.8,14762.5,13530.8,0.0,64107.2,0.0,19026.3,65640.5,21028.9,87772.1,105302.0,128652.3,131600.8,148
1689.9,153846.0,33991.0,33717.0,43069.0,43069.0,67493.6,56440.8,14762.5,13530.8,0.0,64107.2,0.0,19042.2,65640.5,21042.9,87786.1,105287.9,128652.3,131600.8,148
1690.9,153846.0,33991.0,33717.0,43069.0,43069.0,67493.6,56440.8,14762.5,13530.8,0.0,64107.2,0.0,19048.2,65640.5,21043.1,87786.3,105287.8,128652.3,131600.8,148
1691.9,153846.0,33991.0,33717.0,43069.0,43069.0,67493.6,56440.8,14762.5,13530.8,0.0,64107.5,0.0,19059.7,65640.8,21055.0,87798.5,105275.9,128652.3,131601.1,148
1692.9,153846.0,33991.0,33717.0,43069.0,43069.0,67493.6,56440.8,14762.5,13530.8,0.0,64107.6,0.0,19073.0,65640.9,21069.8,87813.4,105261.0,128652.3,131601.2,148
1693.9,153846.0,33991.0,33717.0,43069.0,43069.0,67493.6,56440.8,14762.5,13530.8,0.0,64107.7,0.0,19084.8,65640.9,21083.2,87826.9,105247.6,128652.3,131601.3,148
1694.9,153846.0,33991.0,33717.0,43069.0,43069.0,67493.6,56440.8,14762.5,13530.8,0.0,64107.7,0.0,19095.3,65641.1,21099.3,87843.1,105231.6,128652.3,131601.3,148
1695.9,153846.0,33991.0,33717.0,43069.0,43069.0,67493.6,56440.8,14762.5,13530.8,0.0,64107.7,0.0,19104.4,65640.9,21108.8,87852.4,105222.1,128652.3,131601.3,148
1696.9,153846.0,33991.0,33717.0,43069.0,43069.0,67493.6,56440.8,14762.5,13530.8,0.0,64107.7,0.0,19120.0,65640.9,21125.4,87869.1,105205.5,128652.3,131601.3,148
1697.9,153846.0,33991.0,33717.0,43069.0,43069.0,67493.6,56440.8,14762.5,13530.8,0.0,64107.7,0.0,19130.5,65640.9,21134.5,87878.2,105196.3,128652.3,131601.3,148
1698.9,153846.0,33991.0,33717.0,43069.0,43069.0,67493.6,56440.8,14762.5,13530.8,0.0,64107.7,0.0,19142.0,65641.0,21147.5,87891.2,105183.4,128652.3,131601.3,148
1699.9,153846.0,33991.0,33717.0,43069.0,43069.0,67493.6,56440.8,14762.5,13530.8,0.0,64107.7,0.0,19155.6,65641.5,21163.9,87908.1,105167.0,128652.3,131601.3,148
1700.9,153846.0,33991.0,33717.0,43069.0,43069.0,67493.6,56440.8,14762.5,13530.8,0.0,64159.0,0.0,19080.2,65692.3,21084.6,87879.7,105246.3,128652.3,131652.6,148
1701.9,153846.0,33991.0,33717.0,43069.0,43069.0,67493.6,56440.8,14762.5,13530.8,0.0,64159.0,0.0,19090.7,65692.4,21094.2,87889.3,105236.7,128652.3,131652.6,148
1702.9,153846.0,33991.0,33717.0,43069.0,43069.0,67493.6,56440.8,14762.5,13530.8,0.0,64189.5,0.0,19100.6,65722.9,21104.1,87929.7,105226.7,128652.3,131683.2,148
1703.9,153846.0,33991.0,33717.0,43069.0,43069.0,67493.6,56440.8,14762.5,13530.8,0.0,64680.6,0.0,18597.3,66215.1,20596.0,87913.8,105734.8,128652.3,132174.2,148
1704.9,153846.0,33991.0,33717.0,43069.0,43069.0,67493.6,56440.8,14762.5,13530.8,0.0,64680.6,0.0,18606.9,66214.7,20602.8,87920.3,105728.0,128652.3,132174.2,148
1705.9,153846.0,33991.0,33717.0,43069.0,43069.0,67493.6,56440.8,14762.5,13530.8,0.0,64680.6,0.0,18614.7,66214.8,20612.9,87930.5,105717.9,128652.3,132174.2,148
1706.9,153846.0,33991.0,33717.0,43069.0,43069.0,67493.6,56440.8,14762.5,13530.8,0.0,64680.7,0.0,18625.3,66217.3,20632.3,87952.4,105698.5,128652.3,132174.3,148
1707.9,153846.0,33991.0,33717.0,43069.0,43069.0,67493.6,56440.8,14762.5,13530.8,0.0,64680.7,0.0,18636.8,66215.0,20638.9,87956.6,105692.0,128652.3,132174.3,148
1708.9,153846.0,33991.0,33717.0,43069.0,43069.0,67493.6,56440.8,14762.5,13530.8,0.0,64680.7,0.0,18646.0,66215.0,20646.9,87964.7,105683.9,128652.3,132174.3,148
1709.9,153846.0,33991.0,33717.0,43069.0,43069.0,67493.6,56440.8,14762.5,13530.8,0.0,64680.7,0.0,18654.6,66215.0,20657.7,87975.5,105673.1,128652.3,132174.3,148
1710.9,153846.0,33991.0,33717.0,43069.0,43069.0,67493.6,56440.8,14762.5,13530.8,0.0,64680.7,0.0,18667.1,66215.0,20670.8,87988.6,105660.1,128652.3,132174.4,148
1711.9,153846.0,33991.0,33717.0,43069.0,43069.0,67493.6,56440.8,14762.5,13530.8,0.0,64680.7,0.0,18675.9,66215.0,20676.5,87994.3,105654.3,128652.3,132174.4,148
1712.9,153846.0,33991.0,33717.0,43069.0,43069.0,67493.6,56440.8,14762.5,13530.8,0.0,64680.7,0.0,18685.3,66215.0,20685.8,88003.6,105645.0,128652.3,132174.4,148
1713.9,153846.0,33991.0,33717.0,43069.0,43069.0,67493.6,56440.8,14762.5,13530.8,0.0,64680.7,0.0,18695.0,66215.3,20698.0,88016.1,105632.8,128652.3,132174.4,148
1714.9,153846.0,33991.0,33717.0,43069.0,43069.0,67493.6,56440.8,14762.5,13530.8,0.0,64680.7,0.0,18705.0,66215.3,20707.7,88025.7,105623.1,128652.3,132174.4,148
1715.9,153846.0,33991.0,33717.0,43069.0,43069.0,67493.6,56440.8,14762.5,13530.8,0.0,64680.7,0.0,18713.1,66215.3,20714.9,88032.9,105615.9,128652.3,132174.4,148
1716.9,153846.0,33991.0,33717.0,43069.0,43069.0,67493.6,56440.8,14762.5,13530.8,0.0,64680.7,0.0,18723.5,66215.3,20727.1,88045.1,105603.8,128652.3,132174.4,148
1717.9,153846.0,33991.0,33717.0,43069.0,43069.0,67493.6,56440.8,14762.5,13530.8,0.0,64680.7,0.0,18734.4,66215.3,20740.0,88058.0,105590.9,128652.3,132174.4,148
1718.9,153846.0,33991.0,33717.0,43069.0,43069.0,67493.6,56440.8,14762.5,13530.8,0.0,64680.8,0.0,18744.5,66215.0,20746.0,88063.8,105584.8,128652.3,132174.4,148
1719.9,153846.0,33991.0,33717.0,43069.0,43069.0,67493.6,56440.8,14762.5,13530.8,0.0,64680.8,0.0,18753.5,66215.0,20756.7,88074.5,105574.1,128652.3,132174.4,148
1720.9,153846.0,33991.0,33717.0,43069.0,43069.0,67493.6,56440.8,14762.5,13530.8,0.0,64680.8,0.0,18763.1,66215.0,20767.8,88085.6,105563.0,128652.3,132174.4,148
1721.9,153846.0,33991.0,33717.0,43069.0,43069.0,67493.6,56440.8,14762.5,13530.8,0.0,64680.8,0.0,18771.9,66214.9,20775.4,88093.0,105555.4,128652.3,132174.4,148
1722.9,153846.0,33991.0,33717.0,43069.0,43069.0,67493.6,56440.8,14762.5,13530.8,0.0,64680.8,0.0,18781.4,66214.9,20780.9,88098.5,105549.9,128652.3,132174.4,148
1723.9,153846.0,33991.0,33717.0,43069.0,43069.0,67493.6,56440.8,14762.5,13530.8,0.0,64715.2,0.0,18756.3,66249.3,20753.0,88105.1,105577.8,128652.3,132208.8,148
1724.9,153846.0,33991.0,33717.0,43069.0,43069.0,67493.6,56440.8,14762.5,13530.8,0.0,64715.2,0.0,18765.0,66249.3,20762.7,88114.8,105568.1,128652.3,132208.8,148
1725.9,153846.0,33991.0,33717.0,43069.0,43069.0,67493.6,56440.8,14762.5,13530.8,0.0,64715.2,0.0,18775.4,66249.3,20774.7,88126.8,105556.1,128652.3,132208.8,148
1726.9,153846.0,33991.0,33717.0,43069.0,43069.0,67493.6,56440.8,14762.5,13530.8,0.0,64715.3,0.0,18788.9,66249.2,20784.1,88136.0,105546.8,128652.3,132208.9,148
1727.9,153846.0,33991.0,33717.0,43069.0,43069.0,67493.6,56440.8,14762.5,13530.8,0.0,64715.3,0.0,18798.9,66249.2,20797.0,88149.0,105533.8,128652.3,132208.9,148
1728.9,153846.0,33991.0,33717.0,43069.0,43069.0,67493.6,56440.8,14762.5,13530.8,0.0,64715.3,0.0,18807.2,66249.2,20807.7,88159.7,105523.1,128652.3,132208.9,148
1729.9,153846.0,33991.0,33717.0,43069.0,43069.0,67493.6,56440.8,14762.5,13530.8,0.0,64715.4,0.0,18819.1,66249.2,20820.3,88172.4,105510.5,128652.3,132209.0,148
1730.9,153846.0,33991.0,33717.0,43069.0,43069.0,67493.6,56440.8,14762.5,13530.8,0.0,64723.9,0.0,18830.5,66257.5,20835.0,88195.4,105495.8,128652.3,132217.5,148
1731.9,153846.0,33991.0,33717.0,43069.0,43069.0,67493.6,56440.8,14762.5,13530.8,0.0,64723.9,0.0,18841.4,66257.6,20846.8,88207.2,105483.9,128652.3,132217.5,148
1732.9,153846.0,33991.0,33717.0,43069.0,43069.0,67493.6,56440.8,14762.5,13530.8,0.0,64723.9,0.0,18851.7,66257.6,20859.5,88219.9,105471.3,128652.3,132217.5,148
1733.9,153846.0,33991.0,33717.0,43069.0,43069.0,67493.6,56440.8,14762.5,13530.8,0.0,64723.9,0.0,18863.1,66257.6,20872.1,88232.5,105458.6,128652.3,132217.5,148
1734.9,153846.0,33991.0,33717.0,43069.0,43069.0,67493.6,56440.8,14762.5,13530.8,0.0,64723.9,0.0,18874.9,66257.6,20885.8,88246.2,105445.0,128652.3,132217.5,148
1735.9,153846.0,33991.0,33717.0,43069.0,43069.0,67493.6,56440.8,14762.5,13530.8,0.0,64787.8,0.0,18822.9,66321.5,20832.7,88257.0,105498.1,128652.3,132281.5,148
1736.9,153846.0,33991.0,33717.0,43069.0,43069.0,67494.4,56441.5,14763.3,13531.5,0.0,64787.9,0.0,18830.4,66323.9,20847.0,88273.7,105483.7,128652.3,132282.2,148
1737.9,153846.0,33991.0,33717.0,43069.0,43069.0,67494.4,56441.5,14763.3,13531.5,0.0,64821.4,0.0,18812.2,66355.7,20814.5,88273.0,105516.3,128652.3,132315.7,148
1738.9,153846.0,33991.0,33717.0,43069.0,43069.0,67494.4,56441.5,14763.3,13531.5,0.0,64821.4,0.0,18820.0,66355.7,20816.4,88275.0,105514.3,128652.3,132315.7,148
1739.9,153846.0,33991.0,33717.0,43069.0,43069.0,67494.4,56441.5,14763.3,13531.5,0.0,64821.4,0.0,18829.6,66355.7,20825.3,88283.8,105505.5,128652.3,132315.7,148
1740.9,153846.0,33991.0,33717.0,43069.0,43069.0,67494.4,56441.6,14763.3,13531.5,0.0,64821.4,0.0,18841.4,66355.8,20836.8,88295.4,105494.0,128652.3,132315.8,148
1741.9,153846.0,33991.0,33717.0,43069.0,43069.0,67494.4,56441.6,14763.3,13531.5,0.0,64821.4,0.0,18853.2,66355.7,20840.1,88298.6,105490.7,128652.3,132315.8,148
1742.9,153846.0,33991.0,33717.0,43069.0,43069.0,67494.4,56441.6,14763.3,13531.5,0.0,64821.4,0.0,18864.7,66355.7,20851.7,88310.3,105479.0,128652.3,132315.8,148
1743.9,153846.0,33991.0,33717.0,43069.0,43069.0,67494.4,56441.6,14763.3,13531.5,0.0,64835.4,0.0,18876.1,66369.8,20861.7,88334.3,105469.1,128652.3,132329.8,148
1744.9,153846.0,33991.0,33717.0,43069.0,43069.0,67494.4,56441.6,14763.3,13531.5,0.0,64835.4,0.0,18884.1,66369.8,20872.9,88345.5,105457.9,128652.3,132329.8,148
1745.9,153846.0,33991.0,33717.0,43069.0,43069.0,67494.4,56441.6,14763.3,13531.6,0.0,64835.4,0.0,18895.4,66373.3,20902.1,88378.3,105428.6,128652.3,132329.9,148
1746.9,153846.0,33991.0,33717.0,43069.0,43069.0,67494.4,56441.6,14763.3,13531.6,0.0,64835.5,0.0,18906.2,66369.8,20904.1,88376.7,105426.7,128652.3,132329.9,148
1747.9,153846.0,33991.0,33717.0,43069.0,43069.0,67494.4,56441.6,14763.3,13531.6,0.0,64835.5,0.0,18917.1,66369.9,20913.0,88385.7,105417.7,128652.3,132329.9,148
1748.9,153846.0,33991.0,33717.0,43069.0,43069.0,67494.4,56441.6,14763.3,13531.6,0.0,64835.5,0.0,18929.3,66369.9,20921.6,88394.3,105409.2,128652.3,132329.9,148
1749.9,153846.0,33991.0,33717.0,43069.0,43069.0,67494.4,56441.6,14763.3,13531.6,0.0,64835.6,0.0,18940.9,66369.9,20928.6,88401.3,105402.2,128652.3,132330.0,148
1750.9,153846.0,33991.0,33717.0,43069.0,43069.0,67494.4,56441.6,14763.3,13531.6,0.0,64835.6,0.0,18952.8,66369.9,20941.5,88414.2,105389.2,128652.3,132330.0,148
1751.9,153846.0,33991.0,33717.0,43069.0,43069.0,67494.4,56441.6,14763.3,13531.6,0.0,64835.6,0.0,18963.7,66369.6,20958.0,88430.5,105372.7,128652.3,132330.0,148
1752.9,153846.0,33991.0,33717.0,43069.0,43069.0,67494.4,56441.6,14763.3,13531.6,0.0,64835.6,0.0,18975.1,66369.6,20969.1,88441.5,105361.7,128652.3,132330.0,148
1753.9,153846.0,33991.0,33717.0,43069.0,43069.0,67494.4,56441.6,14763.3,13531.6,0.0,64835.6,0.0,18987.0,66369.3,20976.8,88448.9,105354.0,128652.3,132330.0,148
1754.9,153846.0,33991.0,33717.0,43069.0,43069.0,67494.4,56441.6,14763.3,13531.6,0.0,64835.9,0.0,18999.2,66369.3,20986.8,88459.0,105343.9,128652.3,132330.3,148
1755.9,153846.0,33991.0,33717.0,43069.0,43069.0,67494.4,56441.6,14763.3,13531.6,0.0,64835.9,0.0,19011.0,66369.3,20996.8,88468.9,105334.0,128652.3,132330.3,148
1756.9,153846.0,33991.0,33717.0,43069.0,43069.0,67494.4,56441.6,14763.3,13531.6,0.0,64835.9,0.0,19023.2,66369.3,21009.2,88481.3,105321.6,128652.3,132330.3,148
1757.9,153846.0,33991.0,33717.0,43069.0,43069.0,67494.4,56441.6,14763.3,13531.6,0.0,64835.9,0.0,19033.1,66369.3,21019.5,88491.7,105311.3,128652.3,132330.3,148
1758.9,153846.0,33991.0,33717.0,43069.0,43069.0,67494.4,56441.6,14763.3,13531.6,0.0,64835.9,0.0,19044.4,66369.2,21029.1,88501.2,105301.6,128652.3,132330.3,148
1759.9,153846.0,33991.0,33717.0,43069.0,43069.0,67494.4,56441.6,14763.3,13531.6,0.0,64835.9,0.0,19056.3,66369.2,21042.6,88514.7,105288.1,128652.3,132330.3,148
1760.9,153846.0,33991.0,33717.0,43069.0,43069.0,67494.4,56441.6,14763.3,13531.6,0.0,64835.9,0.0,19070.2,66369.0,21058.4,88530.2,105272.4,128652.3,132330.3,148
1761.9,153846.0,33991.0,33717.0,43069.0,43069.0,67494.4,56441.6,14763.3,13531.6,0.0,64835.9,0.0,19082.0,66369.0,21069.3,88541.1,105261.5,128652.3,132330.3,148
1762.9,153846.0,33991.0,33717.0,43069.0,43069.0,67494.4,56441.6,14763.3,13531.6,0.0,64836.2,0.0,19093.3,66369.2,21077.4,88549.4,105253.4,128652.3,132330.6,148
1763.9,153846.0,33991.0,33717.0,43069.0,43069.0,67494.4,56441.6,14763.3,13531.6,0.0,64836.2,0.0,19104.4,66369.2,21088.0,88560.1,105242.7,128652.3,132330.6,148
1764.9,153846.0,33991.0,33717.0,43069.0,43069.0,67494.4,56441.6,14763.3,13531.6,0.0,64836.2,0.0,19116.2,66369.2,21103.8,88575.9,105226.9,128652.3,132330.6,148
1765.9,153846.0,33991.0,33717.0,43069.0,43069.0,67494.4,56441.6,14763.3,13531.6,0.0,64836.2,0.0,19125.7,66369.2,21116.4,88588.4,105214.4,128652.3,132330.6,148
1766.9,153846.0,33991.0,33717.0,43069.0,43069.0,67494.4,56441.6,14763.3,13531.6,0.0,64836.3,0.0,19138.1,66369.3,21128.7,88600.9,105202.1,128652.3,132330.7,148
1767.9,153846.0,33991.0,33717.0,43069.0,43069.0,67494.4,56441.6,14763.3,13531.6,0.0,64836.3,0.0,19146.3,66369.3,21136.9,88609.1,105193.8,128652.3,132330.7,148
1768.9,153846.0,33991.0,33717.0,43069.0,43069.0,67494.4,56441.6,14763.3,13531.6,0.0,64836.3,0.0,19158.1,66369.3,21145.7,88617.9,105185.0,128652.3,132330.7,148
1769.9,153846.0,33991.0,33717.0,43069.0,43069.0,67494.4,56441.6,14763.3,13531.6,0.0,64836.3,0.0,19170.6,66369.3,21156.6,88628.8,105174.1,128652.3,132330.7,148
1770.9,153846.0,33991.0,33717.0,43069.0,43069.0,67494.4,56441.6,14763.3,13531.6,0.0,64836.3,0.0,19181.3,66369.3,21164.1,88636.3,105166.6,128652.3,132330.7,148
1771.9,153846.0,33991.0,33717.0,43069.0,43069.0,67494.4,56441.6,14763.3,13531.6,0.0,64836.3,0.0,19193.1,66370.3,21176.2,88649.4,105154.6,128652.3,132330.7,148
1772.9,153846.0,33991.0,33717.0,43069.0,43069.0,67494.4,56441.6,14763.3,13531.6,0.0,64836.3,0.0,19204.1,66370.3,21182.8,88656.0,105147.9,128652.3,132330.7,148
1773.9,153846.0,33991.0,33717.0,43069.0,43069.0,67494.4,56441.6,14763.3,13531.6,0.0,64836.3,0.0,19214.7,66370.3,21193.9,88667.0,105136.8,128652.3,132330.7,148
1774.9,153846.0,33991.0,33717.0,43069.0,43069.0,67494.4,56441.6,14763.3,13531.6,0.0,64836.3,0.0,19226.4,66370.3,21205.7,88678.8,105125.0,128652.3,132330.7,148
1775.9,153846.0,33991.0,33717.0,43069.0,43069.0,67494.4,56441.6,14763.3,13531.6,0.0,64836.4,0.0,19238.4,66370.3,21217.1,88690.3,105113.6,128652.3,132330.8,148
1776.9,153846.0,33991.0,33717.0,43069.0,43069.0,67494.4,56441.6,14763.3,13531.6,0.0,64836.4,0.0,19249.0,66370.3,21228.3,88701.5,105102.4,128652.3,132330.8,148
1777.9,153846.0,33991.0,33717.0,43069.0,43069.0,67494.4,56441.6,14763.3,13531.6,0.0,64836.5,0.0,19257.9,66370.4,21235.7,88709.0,105095.0,128652.3,132330.9,148
1778.9,153846.0,33991.0,33717.0,43069.0,43069.0,67494.4,56441.6,14763.3,13531.6,0.0,64836.5,0.0,19270.8,66370.4,21243.3,88716.6,105087.5,128652.3,132330.9,148
1779.9,153846.0,33991.0,33717.0,43069.0,43069.0,67494.4,56441.6,14763.3,13531.6,0.0,64836.8,0.0,19282.3,66370.7,21252.9,88726.4,105077.9,128652.3,132331.2,148
1780.9,153846.0,33991.0,33717.0,43069.0,43069.0,67494.4,56441.6,14763.3,13531.6,0.0,64836.8,0.0,19293.3,66370.7,21260.4,88734.0,105070.3,128652.3,132331.2,148
1781.9,153846.0,33991.0,33717.0,43069.0,43069.0,67494.4,56441.6,14763.3,13531.6,0.0,64836.8,0.0,19304.4,66370.3,21271.7,88744.8,105059.1,128652.3,132331.2,148
1782.9,153846.0,33991.0,33717.0,43069.0,43069.0,67494.4,56441.6,14763.3,13531.6,0.0,64836.8,0.0,19315.7,66370.3,21283.9,88757.1,105046.8,128652.3,132331.2,148
1783.9,153846.0,33991.0,33717.0,43069.0,43069.0,67494.4,56441.6,14763.3,13531.6,0.0,64836.8,0.0,19326.9,66370.3,21291.5,88764.6,105039.3,128652.3,132331.2,148
1784.9,153846.0,33991.0,33717.0,43069.0,43069.0,67494.4,56441.6,14763.3,13531.6,0.0,64836.8,0.0,19338.2,66370.3,21303.1,88776.3,105027.6,128652.3,132331.2,148
1785.9,153846.0,33991.0,33717.0,43069.0,43069.0,67494.4,56441.6,14763.3,13531.6,0.0,64836.9,0.0,19349.8,66370.4,21313.8,88787.1,105016.9,128652.3,132331.3,148
1786.9,153846.0,33991.0,33717.0,43069.0,43069.0,67494.4,56441.6,14763.3,13531.6,0.0,64836.9,0.0,19359.9,66370.4,21323.3,88796.6,105007.4,128652.3,132331.3,148
1788.0,153846.0,33991.0,33717.0,43069.0,43069.0,67494.4,56441.6,14763.3,13531.6,0.0,64836.9,0.0,19372.1,66370.8,21344.8,88818.4,104985.9,128652.3,132331.3,148
1789.0,153846.0,33991.0,33717.0,43069.0,43069.0,67494.4,56441.6,14763.3,13531.6,0.0,64836.9,0.0,19385.2,66370.8,21361.6,88835.3,104969.1,128652.3,132331.3,148
1790.0,153846.0,33991.0,33717.0,43069.0,43069.0,67494.4,56441.6,14763.3,13531.6,0.0,64836.9,0.0,19396.9,66370.8,21372.2,88845.9,104958.5,128652.3,132331.3,148
1791.0,153846.0,33991.0,33717.0,43069.0,43069.0,67494.4,56441.6,14763.3,13531.6,0.0,64836.9,0.0,19406.9,66370.8,21384.3,88857.9,104946.4,128652.3,132331.3,148
1792.0,153846.0,33991.0,33717.0,43069.0,43069.0,67494.4,56441.6,14763.3,13531.6,0.0,64836.9,0.0,19419.2,66370.8,21396.4,88870.1,104934.3,128652.3,132331.3,148
1793.0,153846.0,33991.0,33717.0,43069.0,43069.0,67494.4,56441.6,14763.3,13531.6,0.0,64836.9,0.0,19429.5,66370.8,21408.1,88881.8,104922.6,128652.3,132331.3,148
1794.0,153846.0,33991.0,33717.0,43069.0,43069.0,67494.4,56441.6,14763.3,13531.6,0.0,64836.9,0.0,19439.9,66370.8,21423.7,88897.4,104907.0,128652.3,132331.3,148
1795.0,153846.0,33991.0,33717.0,43069.0,43069.0,67495.0,56442.2,14763.9,13532.2,0.0,64836.9,0.0,19451.4,66372.2,21463.7,88938.8,104867.0,128652.3,132332.0,148
1796.0,153846.0,33991.0,33717.0,43069.0,43069.0,67495.0,56442.2,14763.9,13532.2,0.0,64837.0,0.0,19463.5,66373.3,21501.3,88977.4,104829.4,128652.3,132332.0,148
1797.0,153846.0,33991.0,33717.0,43069.0,43069.0,67495.0,56442.2,14763.9,13532.2,0.0,64837.0,0.0,19474.2,66372.9,21485.2,88961.0,104845.5,128652.3,132332.0,148
1798.0,153846.0,33991.0,33717.0,43069.0,43069.0,67495.0,56442.2,14763.9,13532.2,0.0,64837.0,0.0,19484.3,66373.4,21485.3,88961.6,104845.4,128652.3,132332.0,148
1799.0,153846.0,33991.0,33717.0,43069.0,43069.0,67495.0,56442.2,14763.9,13532.2,0.0,64837.0,0.0,19493.4,66372.8,21493.0,88968.7,104837.7,128652.3,132332.0,148
1800.0,153846.0,33991.0,33717.0,43069.0,43069.0,67495.0,56442.2,14763.9,13532.2,0.0,64837.1,0.0,19504.6,66372.9,21505.5,88981.3,104825.2,128652.3,132332.1,148
1801.0,153846.0,33991.0,33717.0,43069.0,43069.0,67495.0,56442.2,14763.9,13532.2,0.0,65135.6,0.0,19256.9,66672.0,21254.3,89029.2,105076.4,128652.3,132630.6,148
1802.0,153846.0,33991.0,33717.0,43069.0,43069.0,67504.7,56451.9,14773.6,13541.9,0.0,65135.6,0.0,19276.9,66673.1,21279.2,89055.2,105051.4,128652.3,132640.3,148
1803.0,153846.0,33991.0,33717.0,43069.0,43069.0,67504.7,56451.9,14773.6,13541.9,0.0,65135.6,0.0,19287.4,66672.0,21286.9,89061.8,105043.8,128652.3,132640.3,148
1804.0,153846.0,33991.0,33717.0,43069.0,43069.0,67504.7,56451.9,14773.6,13541.9,0.0,65135.6,0.0,19299.6,66670.9,21301.3,89075.1,105029.4,128652.3,132640.3,148
1805.0,153846.0,33991.0,33717.0,43069.0,43069.0,67505.5,56452.7,14774.4,13542.6,0.0,65135.6,0.0,19310.7,66670.9,21311.2,89085.0,105019.5,128652.3,132641.1,148
1806.0,153846.0,33991.0,33717.0,43069.0,43069.0,67508.3,56455.4,14777.2,13545.4,0.0,65135.6,0.0,19325.4,66674.3,21332.4,89109.7,104998.2,128652.3,132643.9,148
1807.0,153846.0,33991.0,33717.0,43069.0,43069.0,67505.0,56452.2,14773.9,13542.2,0.0,65135.6,0.0,19334.7,66671.4,21338.3,89112.7,104992.4,128652.3,132640.6,148
1808.0,153846.0,33991.0,33717.0,43069.0,43069.0,67505.0,56452.2,14773.9,13542.2,0.0,65135.6,0.0,19345.8,66671.2,21352.9,89127.0,104977.8,128652.3,132640.6,148
1809.0,153846.0,33991.0,33717.0,43069.0,43069.0,67505.0,56452.2,14773.9,13542.2,0.0,65135.6,0.0,19354.6,66671.2,21359.8,89133.9,104970.9,128652.3,132640.6,148
1810.0,153846.0,33991.0,33717.0,43069.0,43069.0,67505.0,56452.2,14773.9,13542.2,0.0,65135.6,0.0,19366.6,66671.2,21367.0,89141.1,104963.7,128652.3,132640.7,148
1811.0,153846.0,33991.0,33717.0,43069.0,43069.0,67505.0,56452.2,14773.9,13542.2,0.0,65135.6,0.0,19377.1,66671.2,21380.9,89154.9,104949.8,128652.3,132640.7,148
1812.0,153846.0,33991.0,33717.0,43069.0,43069.0,67505.0,56452.2,14773.9,13542.2,0.0,65135.6,0.0,19388.8,66671.2,21392.0,89166.1,104938.6,128652.3,132640.7,148
1813.0,153846.0,33991.0,33717.0,43069.0,43069.0,67505.0,56452.2,14773.9,13542.2,0.0,65199.1,0.0,19338.2,66734.0,21342.1,89179.0,104988.5,128652.3,132704.2,148
1814.0,153846.0,33991.0,33717.0,43069.0,43069.0,67505.0,56452.2,14773.9,13542.2,0.0,65199.6,0.0,19346.5,66734.6,21350.2,89187.7,104980.5,128652.3,132704.6,148
1815.0,153846.0,33991.0,33717.0,43069.0,43069.0,67505.0,56452.2,14773.9,13542.2,0.0,65199.6,0.0,19357.0,66734.6,21360.8,89198.3,104969.9,128652.3,132704.6,148
1816.0,153846.0,33991.0,33717.0,43069.0,43069.0,67505.0,56452.2,14773.9,13542.2,0.0,65199.8,0.0,19367.4,66734.8,21373.5,89211.2,104957.2,128652.3,132704.9,148
1817.0,153846.0,33991.0,33717.0,43069.0,43069.0,67505.0,56452.2,14773.9,13542.2,0.0,65199.9,0.0,19377.2,66734.9,21382.8,89220.6,104947.9,128652.3,132704.9,148
1818.0,153846.0,33991.0,33717.0,43069.0,43069.0,67505.0,56452.2,14773.9,13542.2,0.0,65307.9,0.0,19235.1,66843.2,21245.1,89191.3,105085.5,128652.3,132813.0,148
1819.0,153846.0,33991.0,33717.0,43069.0,43069.0,67505.0,56452.2,14773.9,13542.2,0.0,65307.9,0.0,19243.1,66843.2,21252.5,89198.7,105078.1,128652.3,132813.0,148
1820.0,153846.0,33991.0,33717.0,43069.0,43069.0,67505.0,56452.2,14773.9,13542.2,0.0,65308.0,0.0,19253.7,66843.2,21261.3,89207.5,105069.3,128652.3,132813.0,148
1821.0,153846.0,33991.0,33717.0,43069.0,43069.0,67505.0,56452.2,14773.9,13542.2,0.0,65308.0,0.0,19265.2,66843.2,21276.2,89222.4,105054.4,128652.3,132813.0,148
1822.0,153846.0,33991.0,33717.0,43069.0,43069.0,67505.0,56452.2,14773.9,13542.2,0.0,65308.0,0.0,19274.9,66844.3,21295.3,89242.6,105035.4,128652.3,132813.0,148
1823.0,153846.0,33991.0,33717.0,43069.0,43069.0,67505.0,56452.2,14773.9,13542.2,0.0,65308.0,0.0,19285.9,66843.7,21297.5,89244.1,105033.2,128652.3,132813.0,148
1824.0,153846.0,33991.0,33717.0,43069.0,43069.0,67505.0,56452.2,14773.9,13542.2,0.0,65308.1,0.0,19296.6,66843.9,21306.8,89253.6,105023.8,128652.3,132813.1,148
1825.0,153846.0,33991.0,33717.0,43069.0,43069.0,67505.0,56452.2,14773.9,13542.2,0.0,65308.1,0.0,19305.9,66843.9,21318.2,89265.0,105012.5,128652.3,132813.1,148
1826.0,153846.0,33991.0,33717.0,43069.0,43069.0,67505.0,56452.2,14773.9,13542.2,0.0,65308.1,0.0,19317.4,66845.9,21340.0,89288.8,104990.7,128652.3,132813.2,148
1827.0,153846.0,33991.0,33717.0,43069.0,43069.0,67505.0,56452.2,14773.9,13542.2,0.0,65308.1,0.0,19324.3,66844.4,21338.2,89285.6,104992.4,128652.3,132813.2,148
1828.0,153846.0,33991.0,33717.0,43069.0,43069.0,67505.0,56452.2,14773.9,13542.2,0.0,65308.2,0.0,19334.1,66843.8,21347.4,89294.1,104983.3,128652.3,132813.3,148
1829.0,153846.0,33991.0,33717.0,43069.0,43069.0,67505.0,56452.2,14773.9,13542.2,0.0,65324.2,0.0,19342.7,66859.9,21354.9,89317.7,104975.7,128652.3,132829.3,148
1830.0,153846.0,33991.0,33717.0,43069.0,43069.0,67505.0,56452.2,14773.9,13542.2,0.0,65324.2,0.0,19350.5,66859.9,21359.8,89322.6,104970.8,128652.3,132829.3,148
1831.0,153846.0,33991.0,33717.0,43069.0,43069.0,67505.0,56452.2,14773.9,13542.2,0.0,65324.3,0.0,19359.7,66859.9,21368.9,89331.7,104961.8,128652.3,132829.3,148
1832.0,153846.0,33991.0,33717.0,43069.0,43069.0,67505.0,56452.2,14773.9,13542.2,0.0,65637.1,0.0,19067.8,67173.2,21069.9,89346.1,105260.7,128652.3,133142.1,148
1833.0,153846.0,33991.0,33717.0,43069.0,43069.0,67505.0,56452.2,14773.9,13542.2,0.0,65800.0,0.0,19076.6,67336.1,21079.7,89518.8,105250.9,128652.3,133305.1,148
1834.0,153846.0,33991.0,33717.0,43069.0,43069.0,67505.0,56452.2,14773.9,13542.2,0.0,65814.5,0.0,18933.2,67351.0,20936.2,89390.2,105394.4,128652.3,133319.5,148
1835.0,153846.0,33991.0,33717.0,43069.0,43069.0,67505.0,56452.2,14773.9,13542.2,0.0,65814.6,0.0,18943.3,67351.1,20946.8,89400.9,105383.8,128652.3,133319.6,148
1836.0,153846.0,33991.0,33717.0,43069.0,43069.0,67505.0,56452.2,14773.9,13542.2,0.0,65814.6,0.0,18953.5,67351.1,20959.8,89413.9,105370.8,128652.3,133319.7,148
1837.0,153846.0,33991.0,33717.0,43069.0,43069.0,67505.0,56452.2,14773.9,13542.2,0.0,65814.6,0.0,18962.8,67351.2,20969.1,89423.2,105361.5,128652.3,133319.7,148
1838.0,153846.0,33991.0,33717.0,43069.0,43069.0,67505.0,56452.2,14773.9,13542.2,0.0,65814.8,0.0,18973.6,67351.3,20975.9,89430.2,105354.7,128652.3,133319.8,148
1839.0,153846.0,33991.0,33717.0,43069.0,43069.0,67505.0,56452.2,14773.9,13542.2,0.0,65814.8,0.0,18983.5,67351.3,20983.5,89437.8,105347.1,128652.3,133319.8,148
1840.0,153846.0,33991.0,33717.0,43069.0,43069.0,67505.0,56452.2,14773.9,13542.2,0.0,65814.9,0.0,18991.5,67351.4,20989.2,89443.6,105341.5,128652.3,133319.9,148
1841.0,153846.0,33991.0,33717.0,43069.0,43069.0,67505.0,56452.2,14773.9,13542.2,0.0,65814.9,0.0,19001.3,67351.4,20998.0,89452.4,105332.6,128652.3,133319.9,148
1842.0,153846.0,33991.0,33717.0,43069.0,43069.0,67505.0,56452.2,14773.9,13542.2,0.0,65844.1,0.0,19010.9,67380.7,21006.9,89490.5,105323.8,128652.3,133349.1,148
1843.0,153846.0,33991.0,33717.0,43069.0,43069.0,67505.0,56452.2,14773.9,13542.2,0.0,65843.8,0.0,19021.9,67380.4,21017.9,89501.3,105312.7,128652.3,133348.8,148
1844.0,153846.0,33991.0,33717.0,43069.0,43069.0,67505.0,56452.2,14773.9,13542.2,0.0,65843.8,0.0,19032.4,67380.4,21026.6,89510.0,105304.0,128652.3,133348.8,148
1845.0,153846.0,33991.0,33717.0,43069.0,43069.0,67505.0,56452.2,14773.9,13542.2,0.0,65843.8,0.0,19042.4,67380.2,21035.1,89518.3,105295.5,128652.3,133348.9,148
1846.0,153846.0,33991.0,33717.0,43069.0,43069.0,67505.0,56452.2,14773.9,13542.2,0.0,65843.8,0.0,19052.7,67380.2,21046.4,89529.5,105284.3,128652.3,133348.9,148
1847.0,153846.0,33991.0,33717.0,43069.0,43069.0,67505.0,56452.2,14773.9,13542.2,0.0,65843.8,0.0,19063.5,67380.2,21056.3,89539.5,105274.3,128652.3,133348.9,148
1848.0,153846.0,33991.0,33717.0,43069.0,43069.0,67505.0,56452.2,14773.9,13542.2,0.0,65843.8,0.0,19072.3,67380.2,21062.9,89546.1,105267.8,128652.3,133348.9,148
1849.0,153846.0,33991.0,33717.0,43069.0,43069.0,67505.0,56452.2,14773.9,13542.2,0.0,65843.9,0.0,19084.8,67380.2,21073.5,89556.7,105257.1,128652.3,133348.9,148
1850.0,153846.0,33991.0,33717.0,43069.0,43069.0,67505.0,56452.2,14773.9,13542.2,0.0,65843.9,0.0,19092.9,67380.2,21081.3,89564.5,105249.4,128652.3,133348.9,148
1851.0,153846.0,33991.0,33717.0,43069.0,43069.0,67505.0,56452.2,14773.9,13542.2,0.0,65843.9,0.0,19102.5,67379.9,21094.1,89577.0,105236.5,128652.3,133348.9,148
1852.0,153846.0,33991.0,33717.0,43069.0,43069.0,67505.0,56452.2,14773.9,13542.2,0.0,65844.1,0.0,19113.1,67380.2,21106.8,89589.9,105223.9,128652.3,133349.2,148
1853.0,153846.0,33991.0,33717.0,43069.0,43069.0,67505.0,56452.2,14773.9,13542.2,0.0,65844.1,0.0,19124.0,67380.2,21116.7,89599.9,105213.9,128652.3,133349.2,148
1854.0,153846.0,33991.0,33717.0,43069.0,43069.0,67505.0,56452.2,14773.9,13542.2,0.0,65844.1,0.0,19130.4,67380.2,21122.7,89605.9,105207.9,128652.3,133349.2,148
1855.0,153846.0,33991.0,33717.0,43069.0,43069.0,67505.0,56452.2,14773.9,13542.2,0.0,65844.1,0.0,19141.4,67380.2,21132.6,89615.8,105198.1,128652.3,133349.2,148
1856.0,153846.0,33991.0,33717.0,43069.0,43069.0,67505.0,56452.2,14773.9,13542.2,0.0,65844.1,0.0,19151.5,67380.2,21139.4,89622.6,105191.2,128652.3,133349.2,148
1857.0,153846.0,33991.0,33717.0,43069.0,43069.0,67503.0,56450.2,14771.9,13540.2,0.0,65844.2,0.0,19159.6,67384.7,21159.1,89646.8,105171.5,128652.3,133347.2,148
1858.0,153846.0,33991.0,33717.0,43069.0,43069.0,67503.0,56450.2,14771.9,13540.2,0.0,65844.2,0.0,19169.9,67380.8,21155.4,89639.2,105175.2,128652.3,133347.2,148
1859.0,153846.0,33991.0,33717.0,43069.0,43069.0,67503.0,56450.2,14771.9,13540.2,0.0,65844.2,0.0,19179.4,67380.8,21164.9,89648.7,105165.7,128652.3,133347.2,148
1860.0,153846.0,33991.0,33717.0,43069.0,43069.0,67503.0,56450.2,14771.9,13540.2,0.0,65844.2,0.0,19188.9,67380.8,21173.8,89657.6,105156.8,128652.3,133347.2,148
1861.0,153846.0,33991.0,33717.0,43069.0,43069.0,67511.6,56458.7,14780.4,13548.7,0.0,65844.2,0.0,19203.5,67381.8,21197.7,89682.5,105132.9,128652.3,133355.8,148
1862.0,153846.0,33991.0,33717.0,43069.0,43069.0,67511.6,56458.7,14780.5,13548.7,0.0,65844.2,0.0,19215.3,67381.1,21203.3,89687.4,105127.3,128652.3,133355.8,148
1863.0,153846.0,33991.0,33717.0,43069.0,43069.0,67511.6,56458.7,14780.4,13548.7,0.0,65844.2,0.0,19223.4,67380.8,21213.1,89696.9,105117.5,128652.3,133355.8,148
1864.0,153846.0,33991.0,33717.0,43069.0,43069.0,67511.6,56458.7,14780.4,13548.7,0.0,65844.2,0.0,19233.7,67380.8,21223.5,89707.3,105107.1,128652.3,133355.8,148
1865.0,153846.0,33991.0,33717.0,43069.0,43069.0,67511.6,56458.7,14780.4,13548.7,0.0,65844.2,0.0,19242.7,67380.8,21231.0,89714.8,105099.6,128652.3,133355.8,148
1866.0,153846.0,33991.0,33717.0,43069.0,43069.0,67511.6,56458.7,14780.5,13548.7,0.0,65844.2,0.0,19250.2,67380.8,21240.2,89724.0,105090.4,128652.3,133355.8,148
1867.0,153846.0,33991.0,33717.0,43069.0,43069.0,67511.6,56458.7,14780.5,13548.7,0.0,65844.3,0.0,19260.2,67380.8,21250.6,89734.5,105079.9,128652.3,133355.8,148
1868.0,153846.0,33991.0,33717.0,43069.0,43069.0,67511.6,56458.7,14780.5,13548.7,0.0,65856.9,0.0,19267.4,67393.5,21255.9,89752.4,105074.7,128652.3,133368.5,148
1869.0,153846.0,33991.0,33717.0,43069.0,43069.0,67511.6,56458.7,14780.5,13548.7,0.0,65857.0,0.0,19276.0,67393.2,21264.8,89761.0,105065.8,128652.3,133368.5,148
1870.0,153846.0,33991.0,33717.0,43069.0,43069.0,67511.6,56458.7,14780.5,13548.7,0.0,65857.0,0.0,19284.6,67393.1,21272.7,89768.8,105057.9,128652.3,133368.5,148
1871.0,153846.0,33991.0,33717.0,43069.0,43069.0,67511.6,56458.7,14780.5,13548.7,0.0,65857.0,0.0,19290.5,67393.1,21276.9,89773.1,105053.7,128652.3,133368.6,148
1872.0,153846.0,33991.0,33717.0,43069.0,43069.0,67511.6,56458.7,14780.5,13548.7,0.0,65857.4,0.0,19297.5,67393.6,21283.5,89780.1,105047.1,128652.3,133369.0,148
1873.0,153846.0,33991.0,33717.0,43069.0,43069.0,67511.6,56458.7,14780.5,13548.7,0.0,65892.2,0.0,19306.4,67428.4,21293.2,89824.6,105037.4,128652.3,133403.8,148
1874.0,153846.0,33991.0,33717.0,43069.0,43069.0,67511.6,56458.7,14780.5,13548.7,0.0,65892.2,0.0,19315.5,67428.4,21300.1,89831.6,105030.4,128652.3,133403.8,148
1875.0,153846.0,33991.0,33717.0,43069.0,43069.0,67511.6,56458.7,14780.5,13548.7,0.0,65892.3,0.0,19323.9,67428.5,21310.5,89842.0,105020.1,128652.3,133403.8,148
1876.0,153846.0,33991.0,33717.0,43069.0,43069.0,67511.6,56458.7,14780.5,13548.7,0.0,65940.2,0.0,19286.4,67476.5,21272.1,89851.6,105058.5,128652.3,133451.7,148
1877.0,153846.0,33991.0,33717.0,43069.0,43069.0,67511.6,56458.7,14780.5,13548.7,0.0,65980.2,0.0,19296.5,67516.6,21279.0,89898.6,105051.6,128652.3,133491.8,148
1878.0,153846.0,33991.0,33717.0,43069.0,43069.0,67511.6,56458.7,14780.5,13548.7,0.0,65980.2,0.0,19307.4,67516.7,21288.9,89908.6,105041.7,128652.3,133491.8,148
1879.0,153846.0,33991.0,33717.0,43069.0,43069.0,67511.6,56458.7,14780.5,13548.7,0.0,65980.2,0.0,19316.7,67516.7,21298.2,89917.9,105032.4,128652.3,133491.8,148
1880.0,153846.0,33991.0,33717.0,43069.0,43069.0,67511.6,56458.7,14780.5,13548.7,0.0,65980.2,0.0,19325.9,67516.7,21308.7,89928.4,105021.9,128652.3,133491.8,148
1881.0,153846.0,33991.0,33717.0,43069.0,43069.0,67511.6,56458.7,14780.5,13548.7,0.0,65980.3,0.0,19333.6,67516.7,21320.5,89940.2,105010.1,128652.3,133491.9,148
1882.0,153846.0,33991.0,33717.0,43069.0,43069.0,67511.6,56458.7,14780.5,13548.7,0.0,65980.3,0.0,19343.1,67516.7,21330.1,89949.8,105000.5,128652.3,133491.9,148
1883.0,153846.0,33991.0,33717.0,43069.0,43069.0,67511.6,56458.7,14780.5,13548.7,0.0,66038.4,0.0,19353.3,67574.8,21339.6,90017.5,104990.9,128652.3,133549.9,148
1884.0,153846.0,33991.0,33717.0,43069.0,43069.0,67511.6,56458.7,14780.5,13548.7,0.0,66663.1,0.0,18777.8,68201.1,20762.6,90066.7,105568.0,128652.3,134174.7,148
1885.0,153846.0,33991.0,33717.0,43069.0,43069.0,67511.6,56458.7,14780.5,13548.7,0.0,66663.5,0.0,18788.1,68201.6,20770.2,90074.8,105560.4,128652.3,134175.0,148
1886.0,153846.0,33991.0,33717.0,43069.0,43069.0,67511.6,56458.7,14780.5,13548.7,0.0,66663.5,0.0,18798.1,68201.6,20780.3,90085.0,105550.2,128652.3,134175.0,148
1887.0,153846.0,33991.0,33717.0,43069.0,43069.0,67511.6,56458.7,14780.5,13548.7,0.0,66663.5,0.0,18808.9,68201.6,20791.1,90095.8,105539.4,128652.3,134175.1,148
1888.0,153846.0,33991.0,33717.0,43069.0,43069.0,67511.6,56458.7,14780.5,13548.7,0.0,66663.6,0.0,18819.6,68201.7,20801.7,90106.4,105528.9,128652.3,134175.2,148
1889.0,153846.0,33991.0,33717.0,43069.0,43069.0,67511.6,56458.7,14780.5,13548.7,0.0,66663.6,0.0,18829.6,68201.8,20809.6,90114.5,105520.9,128652.3,134175.2,148
1890.0,153846.0,33991.0,33717.0,43069.0,43069.0,67511.6,56458.7,14780.5,13548.7,0.0,66663.6,0.0,18839.7,68201.8,20820.3,90125.1,105510.3,128652.3,134175.2,148
1891.0,153846.0,33991.0,33717.0,43069.0,43069.0,67511.6,56458.7,14780.5,13548.7,0.0,66663.7,0.0,18849.4,68201.8,20827.3,90132.2,105503.2,128652.3,134175.2,148
1892.0,153846.0,33991.0,33717.0,43069.0,43069.0,67476.8,56423.9,14745.6,13513.9,0.0,66663.7,0.0,18823.0,68201.5,20796.9,90101.5,105533.6,128652.3,134140.4,148
1893.0,153846.0,33991.0,33717.0,43069.0,43069.0,67476.8,56423.9,14745.6,13513.9,0.0,66663.7,0.0,18833.8,68201.5,20809.7,90114.3,105520.8,128652.3,134140.4,148
1894.0,153846.0,33991.0,33717.0,43069.0,43069.0,67498.4,56445.6,14767.3,13535.5,0.0,66663.7,0.0,18844.1,68201.5,20821.5,90126.1,105509.0,128652.3,134162.0,148
1895.0,153846.0,33991.0,33717.0,43069.0,43069.0,67521.2,56468.3,14790.0,13558.3,0.0,66663.7,0.0,18898.2,68202.8,20877.0,90182.9,105453.5,128652.3,134184.8,148
1896.0,153846.0,33991.0,33717.0,43069.0,43069.0,67521.2,56468.3,14790.0,13558.3,0.0,66907.8,0.0,18689.1,68447.5,20666.0,90216.5,105664.6,128652.3,134429.0,148
1897.0,153846.0,33991.0,33717.0,43069.0,43069.0,67521.2,56468.3,14790.0,13558.3,0.0,66907.8,0.0,18696.8,68447.5,20673.0,90223.5,105657.6,128652.3,134429.0,148
1898.0,153846.0,33991.0,33717.0,43069.0,43069.0,67521.2,56468.3,14790.0,13558.3,0.0,66907.8,0.0,18707.2,68447.5,20685.0,90235.5,105645.5,128652.3,134429.0,148
1899.0,153846.0,33991.0,33717.0,43069.0,43069.0,67521.2,56468.3,14790.0,13558.3,0.0,66907.8,0.0,18717.2,68447.5,20692.8,90243.4,105637.7,128652.3,134429.0,148
1900.0,153846.0,33991.0,33717.0,43069.0,43069.0,67521.2,56468.3,14790.0,13558.3,0.0,66907.8,0.0,18726.0,68446.4,20715.3,90264.8,105615.2,128652.3,134429.0,148
1901.0,153846.0,33991.0,33717.0,43069.0,43069.0,67521.2,56468.3,14790.0,13558.3,0.0,66907.8,0.0,18737.6,68446.8,20724.6,90274.4,105605.9,128652.3,134429.0,148
1902.0,153846.0,33991.0,33717.0,43069.0,43069.0,67521.2,56468.3,14790.0,13558.3,0.0,66907.8,0.0,18742.4,68446.8,20730.5,90280.3,105600.0,128652.3,134429.0,148
1903.0,153846.0,33991.0,33717.0,43069.0,43069.0,67521.2,56468.3,14790.0,13558.3,0.0,66907.9,0.0,18753.4,68446.8,20742.5,90292.4,105588.0,128652.3,134429.0,148
1904.0,153846.0,33991.0,33717.0,43069.0,43069.0,67521.2,56468.3,14790.0,13558.3,0.0,66907.9,0.0,18763.3,68446.5,20750.6,90300.1,105580.0,128652.3,134429.0,148
1905.0,153846.0,33991.0,33717.0,43069.0,43069.0,67521.2,56468.3,14790.0,13558.3,0.0,66907.9,0.0,18772.7,68446.4,20758.0,90307.5,105572.6,128652.3,134429.0,148
1906.0,153846.0,33991.0,33717.0,43069.0,43069.0,67521.2,56468.3,14790.0,13558.3,0.0,66907.9,0.0,18782.2,68446.2,20766.8,90316.1,105563.7,128652.3,134429.0,148
1907.0,153846.0,33991.0,33717.0,43069.0,43069.0,67521.2,56468.3,14790.0,13558.3,0.0,66907.9,0.0,18792.2,68446.1,20777.8,90327.0,105552.7,128652.3,134429.0,148
1908.0,153846.0,33991.0,33717.0,43069.0,43069.0,67521.2,56468.3,14790.0,13558.3,0.0,66907.9,0.0,18799.7,68446.1,20788.5,90337.7,105542.0,128652.3,134429.0,148
1909.0,153846.0,33991.0,33717.0,43069.0,43069.0,67521.2,56468.3,14790.0,13558.3,0.0,66908.0,0.0,18808.5,68448.9,20808.8,90360.8,105521.7,128652.3,134429.2,148
1910.0,153846.0,33991.0,33717.0,43069.0,43069.0,67521.2,56468.3,14790.0,13558.3,0.0,66908.0,0.0,18819.8,68447.1,20808.4,90358.7,105522.1,128652.3,134429.2,148
1911.0,153846.0,33991.0,33717.0,43069.0,43069.0,67521.2,56468.3,14790.0,13558.3,0.0,66908.1,0.0,18828.6,68447.1,20821.6,90371.8,105508.9,128652.3,134429.2,148
1912.0,153846.0,33991.0,33717.0,43069.0,43069.0,67521.2,56468.3,14790.0,13558.3,0.0,66908.1,0.0,18835.4,68447.2,20830.9,90381.2,105499.6,128652.3,134429.3,148
1913.0,153846.0,33991.0,33717.0,43069.0,43069.0,67521.2,56468.3,14790.0,13558.3,0.0,66970.5,0.0,18779.5,68509.7,20777.9,90390.7,105552.6,128652.3,134491.6,148
1914.0,153846.0,33991.0,33717.0,43069.0,43069.0,67521.2,56468.3,14790.0,13558.3,0.0,66970.5,0.0,18792.5,68509.3,20785.4,90397.7,105545.1,128652.3,134491.7,148
1915.0,153846.0,33991.0,33717.0,43069.0,43069.0,67521.2,56468.3,14790.0,13558.3,0.0,66970.5,0.0,18802.8,68509.3,20792.7,90405.2,105537.7,128652.3,134491.7,148
1916.0,153846.0,33991.0,33717.0,43069.0,43069.0,67521.2,56468.3,14790.0,13558.3,0.0,66970.6,0.0,18813.4,68509.3,20806.7,90419.1,105523.8,128652.3,134491.7,148
1917.0,153846.0,33991.0,33717.0,43069.0,43069.0,67521.2,56468.3,14790.0,13558.3,0.0,66970.6,0.0,18822.4,68509.3,20818.5,90430.9,105512.0,128652.3,134491.7,148
1918.0,153846.0,33991.0,33717.0,43069.0,43069.0,67521.2,56468.3,14790.0,13558.3,0.0,66970.6,0.0,18833.0,68509.3,20828.5,90441.0,105502.0,128652.3,134491.7,148
1919.0,153846.0,33991.0,33717.0,43069.0,43069.0,67521.2,56468.3,14790.0,13558.3,0.0,66970.6,0.0,18842.7,68509.4,20837.6,90450.1,105492.9,128652.3,134491.8,148
1920.0,153846.0,33991.0,33717.0,43069.0,43069.0,67521.2,56468.3,14790.0,13558.3,0.0,66970.6,0.0,18853.4,68509.4,20846.2,90458.7,105484.3,128652.3,134491.8,148
1921.0,153846.0,33991.0,33717.0,43069.0,43069.0,67521.2,56468.3,14790.0,13558.3,0.0,66970.6,0.0,18863.0,68509.4,20857.0,90469.5,105473.4,128652.3,134491.8,148
1922.0,153846.0,33991.0,33717.0,43069.0,43069.0,67521.2,56468.3,14790.0,13558.3,0.0,66970.6,0.0,18872.7,68509.4,20865.7,90478.2,105464.7,128652.3,134491.8,148
1923.0,153846.0,33991.0,33717.0,43069.0,43069.0,67521.2,56468.3,14790.0,13558.3,0.0,66970.6,0.0,18880.8,68509.4,20873.7,90486.2,105456.8,128652.3,134491.8,148
1924.0,153846.0,33991.0,33717.0,43069.0,43069.0,67521.2,56468.3,14790.0,13558.3,0.0,66970.6,0.0,18891.7,68509.4,20884.5,90497.1,105445.9,128652.3,134491.8,148
1925.0,153846.0,33991.0,33717.0,43069.0,43069.0,67521.2,56468.3,14790.0,13558.3,0.0,66970.7,0.0,18901.4,68509.5,20890.6,90503.2,105439.8,128652.3,134491.9,148
1926.0,153846.0,33991.0,33717.0,43069.0,43069.0,67521.2,56468.3,14790.0,13558.3,0.0,66970.7,0.0,18909.8,68509.5,20896.3,90508.9,105434.2,128652.3,134491.9,148
1927.0,153846.0,33991.0,33717.0,43069.0,43069.0,67521.2,56468.3,14790.0,13558.3,0.0,66970.8,0.0,18917.4,68509.5,20904.8,90517.4,105425.7,128652.3,134491.9,148
1928.0,153846.0,33991.0,33717.0,43069.0,43069.0,67521.2,56468.3,14790.0,13558.3,0.0,66970.8,0.0,18926.9,68509.5,20914.8,90527.4,105415.6,128652.3,134491.9,148
1929.0,153846.0,33991.0,33717.0,43069.0,43069.0,67521.2,56468.3,14790.0,13558.3,0.0,66970.8,0.0,18934.8,68509.5,20922.0,90534.6,105408.4,128652.3,134491.9,148
1930.0,153846.0,33991.0,33717.0,43069.0,43069.0,67521.2,56468.3,14790.0,13558.3,0.0,66970.8,0.0,18943.5,68509.5,20929.5,90542.1,105401.0,128652.3,134491.9,148
1931.1,153846.0,33991.0,33717.0,43069.0,43069.0,67465.9,56413.1,14734.8,13503.1,0.0,66970.8,0.0,18898.9,68511.4,20887.9,90502.4,105442.6,128652.3,134436.7,148
1932.1,153846.0,33991.0,33717.0,43069.0,43069.0,67465.9,56413.1,14734.8,13503.1,0.0,66970.8,0.0,18908.7,68510.9,20896.1,90510.1,105434.3,128652.3,134436.7,148
1933.1,153846.0,33991.0,33717.0,43069.0,43069.0,67465.9,56413.1,14734.8,13503.1,0.0,67034.8,0.0,18850.9,68574.6,20836.2,90514.0,105494.3,128652.3,134500.6,148
1934.1,153846.0,33991.0,33717.0,43069.0,43069.0,67465.9,56413.1,14734.8,13503.1,0.0,67034.8,0.0,18861.3,68574.6,20843.5,90521.3,105486.9,128652.3,134500.6,148
1935.1,153846.0,33991.0,33717.0,43069.0,43069.0,67465.9,56413.1,14734.8,13503.1,0.0,67034.8,0.0,18871.5,68574.6,20850.4,90528.2,105480.0,128652.3,134500.7,148
1936.1,153846.0,33991.0,33717.0,43069.0,43069.0,67465.9,56413.1,14734.8,13503.1,0.0,67034.8,0.0,18881.3,68574.6,20864.6,90542.3,105465.9,128652.3,134500.7,148
1937.1,153846.0,33991.0,33717.0,43069.0,43069.0,67465.9,56413.1,14734.8,13503.1,0.0,67034.8,0.0,18893.8,68574.2,20872.7,90550.0,105457.8,128652.3,134500.7,148
1938.1,153846.0,33991.0,33717.0,43069.0,43069.0,67465.9,56413.1,14734.8,13503.1,0.0,67034.8,0.0,18904.6,68573.8,20883.0,90559.9,105447.5,128652.3,134500.7,148
1939.1,153846.0,33991.0,33717.0,43069.0,43069.0,67465.9,56413.1,14734.8,13503.1,0.0,67034.8,0.0,18915.6,68573.8,20894.4,90571.4,105436.0,128652.3,134500.7,148
1940.1,153846.0,33991.0,33717.0,43069.0,43069.0,67465.9,56413.1,14734.8,13503.1,0.0,67034.8,0.0,18926.0,68573.8,20905.2,90582.1,105425.3,128652.3,134500.7,148
1941.1,153846.0,33991.0,33717.0,43069.0,43069.0,67465.9,56413.1,14734.8,13503.1,0.0,67034.8,0.0,18935.5,68573.5,20919.8,90596.4,105410.6,128652.3,134500.7,148
1942.1,153846.0,33991.0,33717.0,43069.0,43069.0,67465.9,56413.1,14734.8,13503.1,0.0,67034.8,0.0,18944.7,68574.3,20930.9,90608.3,105399.5,128652.3,134500.7,148
1943.1,153846.0,33991.0,33717.0,43069.0,43069.0,67465.9,56413.1,14734.8,13503.1,0.0,67034.8,0.0,18954.3,68573.9,20938.1,90615.1,105392.4,128652.3,134500.7,148
1944.1,153846.0,33991.0,33717.0,43069.0,43069.0,67465.9,56413.1,14734.8,13503.1,0.0,67034.8,0.0,18964.0,68573.9,20948.8,90625.8,105381.6,128652.3,134500.7,148
1945.1,153846.0,33991.0,33717.0,43069.0,43069.0,67465.9,56413.1,14734.8,13503.1,0.0,67035.0,0.0,18974.1,68574.0,20958.5,90635.7,105371.9,128652.3,134500.9,148
1946.1,153846.0,33991.0,33717.0,43069.0,43069.0,67465.9,56413.1,14734.8,13503.1,0.0,67035.0,0.0,18984.4,68574.0,20966.1,90643.2,105364.4,128652.3,134500.9,148
1947.1,153846.0,33991.0,33717.0,43069.0,43069.0,67465.9,56413.1,14734.8,13503.1,0.0,67035.0,0.0,18995.1,68574.0,20978.2,90655.4,105352.2,128652.3,134500.9,148
1948.1,153846.0,33991.0,33717.0,43069.0,43069.0,67465.9,56413.1,14734.8,13503.1,0.0,67035.0,0.0,19005.7,68573.7,20984.4,90661.2,105346.1,128652.3,134500.9,148
1949.1,153846.0,33991.0,33717.0,43069.0,43069.0,67465.9,56413.1,14734.8,13503.1,0.0,67035.0,0.0,19015.7,68573.6,20993.1,90669.9,105337.4,128652.3,134500.9,148
1950.1,153846.0,33991.0,33717.0,43069.0,43069.0,67465.9,56413.1,14734.8,13503.1,0.0,67035.0,0.0,19026.7,68573.6,21003.7,90680.5,105326.7,128652.3,134500.9,148
1951.1,153846.0,33991.0,33717.0,43069.0,43069.0,67465.9,56413.1,14734.8,13503.1,0.0,67035.0,0.0,19037.8,68573.6,21012.7,90689.4,105317.8,128652.3,134500.9,148
1952.1,153846.0,33991.0,33717.0,43069.0,43069.0,67465.9,56413.1,14734.8,13503.1,0.0,67035.0,0.0,19047.0,68572.7,21017.0,90692.8,105313.5,128652.3,134500.9,148
1953.1,153846.0,33991.0,33717.0,43069.0,43069.0,67465.9,56413.1,14734.8,13503.1,0.0,67035.0,0.0,19056.9,68572.7,21028.4,90704.2,105302.1,128652.3,134500.9,148
1954.1,153846.0,33991.0,33717.0,43069.0,43069.0,67465.9,56413.1,14734.8,13503.1,0.0,67035.0,0.0,19066.8,68572.7,21039.3,90715.2,105291.1,128652.3,134500.9,148
1955.1,153846.0,33991.0,33717.0,43069.0,43069.0,67465.9,56413.1,14734.8,13503.1,0.0,67035.0,0.0,19076.9,68572.7,21049.1,90725.0,105281.3,128652.3,134500.9,148
1956.1,153846.0,33991.0,33717.0,43069.0,43069.0,67465.9,56413.1,14734.8,13503.1,0.0,67035.0,0.0,19088.2,68572.7,21062.7,90738.5,105267.7,128652.3,134500.9,148
1957.1,153846.0,33991.0,33717.0,43069.0,43069.0,67465.9,56413.1,14734.8,13503.1,0.0,67035.0,0.0,19099.6,68572.7,21074.8,90750.6,105255.6,128652.3,134500.9,148
1958.1,153846.0,33991.0,33717.0,43069.0,43069.0,67465.9,56413.1,14734.8,13503.1,0.0,67035.0,0.0,19109.4,68572.7,21086.1,90762.0,105244.3,128652.3,134501.0,148
1959.1,153846.0,33991.0,33717.0,43069.0,43069.0,67465.9,56413.1,14734.8,13503.1,0.0,67035.0,0.0,19121.4,68573.6,21104.9,90781.7,105225.6,128652.3,134501.0,148
1960.1,153846.0,33991.0,33717.0,43069.0,43069.0,67465.9,56413.1,14734.8,13503.1,0.0,67035.0,0.0,19133.0,68573.0,21108.4,90784.5,105222.0,128652.3,134501.0,148
1961.1,153846.0,33991.0,33717.0,43069.0,43069.0,67466.0,56413.1,14734.8,13503.1,0.0,67035.1,0.0,19143.3,68573.1,21119.8,90796.1,105210.6,128652.3,134501.1,148
1962.1,153846.0,33991.0,33717.0,43069.0,43069.0,67466.0,56413.1,14734.8,13503.1,0.0,67098.6,0.0,19090.9,68637.3,21060.4,90800.9,105270.1,128652.3,134564.6,148
1963.1,153846.0,33991.0,33717.0,43069.0,43069.0,67466.0,56413.1,14734.8,13503.1,0.0,67099.1,0.0,19101.7,68637.5,21076.8,90817.4,105253.6,128652.3,134565.0,148
1964.1,153846.0,33991.0,33717.0,43069.0,43069.0,67466.0,56413.1,14734.8,13503.1,0.0,67099.1,0.0,19110.3,68637.7,21076.3,90817.1,105254.2,128652.3,134565.0,148
1965.1,153846.0,33991.0,33717.0,43069.0,43069.0,67466.0,56413.1,14734.8,13503.1,0.0,67202.4,0.0,19034.9,68741.1,21001.9,90846.2,105328.5,128652.3,134668.4,148
1966.1,153846.0,33991.0,33717.0,43069.0,43069.0,67466.0,56413.1,14734.9,13503.1,0.0,67202.8,0.0,19045.0,68741.7,21012.7,90857.6,105317.7,128652.3,134668.8,148
1967.1,153846.0,33991.0,33717.0,43069.0,43069.0,67466.0,56413.1,14734.8,13503.1,0.0,67202.8,0.0,19056.0,68741.8,21024.1,90869.0,105306.3,128652.3,134668.8,148
1968.1,153846.0,33991.0,33717.0,43069.0,43069.0,67466.0,56413.1,14734.9,13503.1,0.0,67202.9,0.0,19063.9,68741.8,21030.0,90874.9,105300.4,128652.3,134668.8,148
1969.1,153846.0,33991.0,33717.0,43069.0,43069.0,67466.0,56413.1,14734.9,13503.1,0.0,67202.9,0.0,19075.1,68741.8,21041.6,90886.6,105288.8,128652.3,134668.9,148
1970.1,153846.0,33991.0,33717.0,43069.0,43069.0,67466.0,56413.1,14734.8,13503.1,0.0,67202.9,0.0,19086.3,68742.1,21053.7,90899.0,105276.7,128652.3,134668.9,148
1971.1,153846.0,33991.0,33717.0,43069.0,43069.0,67466.0,56413.1,14734.9,13503.1,0.0,67202.9,0.0,19097.7,68742.1,21062.5,90907.8,105267.9,128652.3,134668.9,148
1972.1,153846.0,33991.0,33717.0,43069.0,43069.0,67466.0,56413.1,14734.9,13503.1,0.0,67202.9,0.0,19109.1,68742.1,21071.4,90916.8,105258.9,128652.3,134668.9,148
1973.1,153846.0,33991.0,33717.0,43069.0,43069.0,67466.0,56413.1,14734.8,13503.1,0.0,67202.9,0.0,19119.4,68742.1,21081.8,90927.1,105248.6,128652.3,134668.9,148
1974.1,153846.0,33991.0,33717.0,43069.0,43069.0,67466.0,56413.1,14734.9,13503.1,0.0,67202.9,0.0,19127.9,68742.1,21091.0,90936.3,105239.4,128652.3,134668.9,148
1975.1,153846.0,33991.0,33717.0,43069.0,43069.0,67466.0,56413.1,14734.8,13503.1,0.0,67202.9,0.0,19138.9,68742.1,21103.1,90948.4,105227.3,128652.3,134668.9,148
1976.1,153846.0,33991.0,33717.0,43069.0,43069.0,67466.0,56413.1,14734.9,13503.1,0.0,67203.0,0.0,19148.9,68742.0,21115.7,90961.0,105214.7,128652.3,134668.9,148
1977.1,153846.0,33991.0,33717.0,43069.0,43069.0,67466.0,56413.1,14734.9,13503.1,0.0,67225.1,0.0,19160.8,68764.2,21129.1,90996.5,105201.3,128652.3,134691.1,148
1978.1,153846.0,33991.0,33717.0,43069.0,43069.0,67466.0,56413.1,14734.9,13503.1,0.0,67225.1,0.0,19170.7,68764.1,21140.8,91008.2,105189.5,128652.3,134691.1,148
1979.1,153846.0,33991.0,33717.0,43069.0,43069.0,67466.0,56413.1,14734.9,13503.1,0.0,67225.2,0.0,19182.0,68764.2,21152.8,91020.2,105177.6,128652.3,134691.1,148
1980.1,153846.0,33991.0,33717.0,43069.0,43069.0,67466.0,56413.1,14734.8,13503.1,0.0,67225.2,0.0,19191.5,68764.2,21162.5,91029.9,105167.9,128652.3,134691.2,148
1981.1,153846.0,33991.0,33717.0,43069.0,43069.0,67466.0,56413.1,14734.8,13503.1,0.0,67225.2,0.0,19202.5,68764.2,21173.0,91040.4,105157.4,128652.3,134691.1,148
1982.1,153846.0,33991.0,33717.0,43069.0,43069.0,67466.0,56413.1,14734.8,13503.1,0.0,67225.2,0.0,19213.2,68764.2,21186.7,91054.2,105143.7,128652.3,134691.2,148
1983.1,153846.0,33991.0,33717.0,43069.0,43069.0,67466.0,56413.1,14734.8,13503.1,0.0,67225.4,0.0,19223.8,68764.3,21197.2,91064.7,105133.2,128652.3,134691.3,148
1984.1,153846.0,33991.0,33717.0,43069.0,43069.0,67466.0,56413.1,14734.8,13503.1,0.0,67432.6,0.0,19058.8,68971.5,21031.6,91106.3,105298.8,128652.3,134898.5,148
1985.1,153846.0,33991.0,33717.0,43069.0,43069.0,67466.0,56413.1,14734.8,13503.1,0.0,67432.7,0.0,19066.7,68974.1,21045.3,91122.6,105285.0,128652.3,134898.6,148
1986.1,153846.0,33991.0,33717.0,43069.0,43069.0,67466.0,56413.2,14734.9,13503.2,0.0,67432.7,0.0,19080.2,68971.9,21057.1,91132.2,105273.3,128652.3,134898.7,148
1987.1,153846.0,33991.0,33717.0,43069.0,43069.0,67466.0,56413.2,14734.9,13503.2,0.0,67432.7,0.0,19088.8,68972.0,21066.8,91142.1,105263.5,128652.3,134898.7,148
1988.1,153846.0,33991.0,33717.0,43069.0,43069.0,67466.0,56413.2,14734.9,13503.2,0.0,67432.7,0.0,19099.7,68974.5,21081.9,91159.7,105248.4,128652.3,134898.7,148
1989.1,153846.0,33991.0,33717.0,43069.0,43069.0,67466.0,56413.2,14734.9,13503.2,0.0,67432.7,0.0,19109.6,68972.7,21086.4,91162.3,105243.9,128652.3,134898.7,148
1990.1,153846.0,33991.0,33717.0,43069.0,43069.0,67466.0,56413.2,14734.9,13503.2,0.0,67432.8,0.0,19120.9,68973.2,21101.0,91177.5,105229.3,128652.3,134898.7,148
1991.1,153846.0,33991.0,33717.0,43069.0,43069.0,67466.0,56413.2,14734.9,13503.2,0.0,67688.1,0.0,18930.8,69228.9,20905.6,91237.7,105424.7,128652.3,135154.1,148
1992.1,153846.0,33991.0,33717.0,43069.0,43069.0,67466.0,56413.2,14734.9,13503.2,0.0,67688.1,0.0,18939.0,69228.9,20915.5,91247.6,105414.9,128652.3,135154.1,148
1993.1,153846.0,33991.0,33717.0,43069.0,43069.0,67466.0,56413.2,14734.9,13503.2,0.0,67688.1,0.0,18949.8,69228.9,20930.9,91263.0,105399.5,128652.3,135154.1,148
1994.1,153846.0,33991.0,33717.0,43069.0,43069.0,67466.0,56413.2,14734.9,13503.2,0.0,67688.1,0.0,18963.9,69228.9,20947.2,91279.4,105383.1,128652.3,135154.1,148
1995.1,153846.0,33991.0,33717.0,43069.0,43069.0,67466.0,56413.2,14734.9,13503.2,0.0,67688.1,0.0,18972.0,69228.9,20954.1,91286.3,105376.2,128652.3,135154.1,148
1996.1,153846.0,33991.0,33717.0,43069.0,43069.0,67466.0,56413.2,14734.9,13503.2,0.0,67688.1,0.0,18983.2,69228.9,20964.6,91296.7,105365.8,128652.3,135154.1,148
1997.1,153846.0,33991.0,33717.0,43069.0,43069.0,67466.0,56413.2,14734.9,13503.2,0.0,67688.3,0.0,18995.0,69229.0,20974.7,91307.0,105355.6,128652.3,135154.3,148
1998.1,153846.0,33991.0,33717.0,43069.0,43069.0,67466.0,56413.2,14734.9,13503.2,0.0,67752.2,0.0,18942.4,69293.1,20925.9,91322.3,105404.4,128652.3,135218.2,148
1999.1,153846.0,33991.0,33717.0,43069.0,43069.0,67466.0,56413.2,14734.9,13503.2,0.0,67752.2,0.0,18951.8,69293.5,20930.5,91327.3,105399.8,128652.3,135218.2,148
2000.1,153846.0,33991.0,33717.0,43069.0,43069.0,67477.6,56424.8,14746.5,13514.8,0.0,67752.2,0.0,18973.1,69293.7,20969.0,91366.0,105361.3,128652.3,135229.8,148
2001.1,153846.0,33991.0,33717.0,43069.0,43069.0,67479.5,56426.7,14748.4,13516.7,0.0,67815.7,0.0,18919.9,69358.9,20916.8,91378.9,105413.6,128652.3,135295.3,148
2002.1,153846.0,33991.0,33717.0,43069.0,43069.0,67481.3,56428.5,14750.2,13518.5,0.0,67816.2,0.0,18932.7,69358.4,20933.9,91395.6,105396.4,128652.3,135297.5,148
2003.1,153846.0,33991.0,33717.0,43069.0,43069.0,67481.3,56428.5,14750.2,13518.5,0.0,67816.2,0.0,18942.9,69358.4,20949.8,91411.6,105380.5,128652.3,135297.6,148
2004.1,153846.0,33991.0,33717.0,43069.0,43069.0,67481.3,56428.5,14750.2,13518.5,0.0,67816.2,0.0,18952.7,69358.5,20964.3,91426.0,105366.0,128652.3,135297.6,148
2005.1,153846.0,33991.0,33717.0,43069.0,43069.0,67481.3,56428.5,14750.2,13518.5,0.0,67816.2,0.0,18960.8,69358.5,20973.9,91435.6,105356.4,128652.3,135297.6,148
2006.1,153846.0,33991.0,33717.0,43069.0,43069.0,67481.3,56428.5,14750.2,13518.5,0.0,67816.2,0.0,18970.8,69358.5,20981.4,91443.2,105348.9,128652.3,135297.6,148
2007.1,153846.0,33991.0,33717.0,43069.0,43069.0,67481.3,56428.5,14750.2,13518.5,0.0,67816.2,0.0,18980.5,69358.5,20986.7,91448.4,105343.6,128652.3,135297.6,148
2008.1,153846.0,33991.0,33717.0,43069.0,43069.0,67503.9,56451.1,14772.8,13541.1,0.0,67816.3,0.0,19013.2,69362.4,21026.8,91492.5,105303.5,128652.3,135320.2,148
2009.1,153846.0,33991.0,33717.0,43069.0,43069.0,67503.9,56451.1,14772.8,13541.1,0.0,67816.3,0.0,19023.6,69359.0,21030.9,91493.2,105299.4,128652.3,135320.2,148
2010.1,153846.0,33991.0,33717.0,43069.0,43069.0,67503.9,56451.1,14772.8,13541.1,0.0,67816.3,0.0,19033.5,69359.0,21040.5,91502.7,105289.8,128652.3,135320.2,148
2011.1,153846.0,33991.0,33717.0,43069.0,43069.0,67503.9,56451.1,14772.8,13541.1,0.0,67816.3,0.0,19043.4,69359.0,21045.5,91507.7,105284.8,128652.3,135320.2,148
2012.1,153846.0,33991.0,33717.0,43069.0,43069.0,67503.9,56451.1,14772.8,13541.1,0.0,67816.3,0.0,19053.7,69359.0,21055.8,91518.0,105274.6,128652.3,135320.2,148
2013.1,153846.0,33991.0,33717.0,43069.0,43069.0,67503.9,56451.1,14772.8,13541.1,0.0,67816.3,0.0,19063.4,69359.0,21063.2,91525.5,105267.1,128652.3,135320.2,148
2014.1,153846.0,33991.0,33717.0,43069.0,43069.0,67503.9,56451.1,14772.8,13541.1,0.0,67816.3,0.0,19073.8,69359.0,21072.3,91534.6,105258.0,128652.3,135320.2,148
2015.1,153846.0,33991.0,33717.0,43069.0,43069.0,67503.9,56451.1,14772.8,13541.1,0.0,67816.3,0.0,19081.4,69359.0,21080.1,91542.4,105250.2,128652.3,135320.2,148
2016.1,153846.0,33991.0,33717.0,43069.0,43069.0,67528.5,56475.7,14797.4,13565.7,0.0,67839.6,0.0,19117.7,69385.2,21121.1,91609.5,105209.2,128652.3,135368.2,148
2017.1,153846.0,33991.0,33717.0,43069.0,43069.0,67528.5,56475.7,14797.4,13565.7,0.0,67839.6,0.0,19124.5,69382.8,21129.4,91615.4,105200.9,128652.3,135368.2,148
2018.1,153846.0,33991.0,33717.0,43069.0,43069.0,67531.1,56478.3,14800.0,13568.3,0.0,67839.7,0.0,19135.6,69383.8,21144.8,91631.9,105185.5,128652.3,135370.8,148
2019.2,153846.0,33991.0,33717.0,43069.0,43069.0,67533.9,56481.1,14802.8,13571.1,0.0,67839.7,0.0,19149.3,69387.3,21165.4,91656.0,105164.9,128652.3,135373.6,148
2020.2,153846.0,33991.0,33717.0,43069.0,43069.0,67536.7,56483.9,14805.6,13573.9,0.0,67839.8,0.0,19161.0,69384.3,21176.2,91663.8,105154.1,128652.3,135376.5,148
2021.2,153846.0,33991.0,33717.0,43069.0,43069.0,67539.6,56486.7,14808.4,13576.7,0.0,67839.8,0.0,19174.1,69383.6,21199.1,91686.0,105131.2,128652.3,135379.4,148
2022.2,153846.0,33991.0,33717.0,43069.0,43069.0,67542.4,56489.6,14811.3,13579.6,0.0,67839.8,0.0,19185.0,69384.9,21212.9,91701.1,105117.4,128652.3,135382.2,148
2023.2,153846.0,33991.0,33717.0,43069.0,43069.0,67535.2,56482.3,14804.0,13572.3,0.0,67839.5,0.0,19187.8,69381.5,21211.2,91696.0,105119.1,128652.3,135374.7,148
2024.2,153846.0,33991.0,33717.0,43069.0,43069.0,67535.2,56482.3,14804.0,13572.3,0.0,67839.5,0.0,19195.9,69381.7,21219.8,91704.8,105110.5,128652.3,135374.7,148
2025.2,153846.0,33991.0,33717.0,43069.0,43069.0,67535.2,56482.3,14804.0,13572.3,0.0,67839.5,0.0,19204.0,69381.7,21227.0,91712.0,105103.3,128652.3,135374.7,148
2026.2,153846.0,33991.0,33717.0,43069.0,43069.0,67535.2,56482.3,14804.0,13572.3,0.0,67839.5,0.0,19212.5,69381.7,21235.7,91720.7,105094.6,128652.3,135374.7,148
2027.2,153846.0,33991.0,33717.0,43069.0,43069.0,67535.2,56482.3,14804.0,13572.3,0.0,67839.7,0.0,19223.0,69381.8,21246.3,91731.5,105083.9,128652.3,135374.9,148
2028.2,153846.0,33991.0,33717.0,43069.0,43069.0,67535.2,56482.3,14804.0,13572.3,0.0,67839.7,0.0,19234.9,69381.8,21260.7,91745.9,105069.5,128652.3,135374.9,148
2029.2,153846.0,33991.0,33717.0,43069.0,43069.0,67535.2,56482.3,14804.0,13572.3,0.0,67839.7,0.0,19244.1,69381.8,21262.9,91748.1,105067.4,128652.3,135374.9,148
2030.2,153846.0,33991.0,33717.0,43069.0,43069.0,67535.2,56482.3,14804.0,13572.3,0.0,67839.7,0.0,19257.0,69381.9,21275.1,91760.3,105055.1,128652.3,135374.9,148
2031.2,153846.0,33991.0,33717.0,43069.0,43069.0,67535.2,56482.3,14804.1,13572.3,0.0,67898.5,0.0,19208.1,69440.7,21226.6,91770.7,105103.7,128652.3,135433.7,148
2032.2,153846.0,33991.0,33717.0,43069.0,43069.0,67535.2,56482.3,14804.1,13572.3,0.0,67898.5,0.0,19217.9,69440.7,21235.6,91779.6,105094.7,128652.3,135433.7,148
2033.2,153846.0,33991.0,33717.0,43069.0,43069.0,67535.2,56482.3,14804.1,13572.3,0.0,67960.3,0.0,19168.6,69502.6,21188.5,91794.4,105141.8,128652.3,135495.4,148
2034.2,153846.0,33991.0,33717.0,43069.0,43069.0,67535.2,56482.3,14804.1,13572.3,0.0,67960.3,0.0,19175.1,69502.6,21193.5,91799.4,105136.8,128652.3,135495.5,148
2035.2,153846.0,33991.0,33717.0,43069.0,43069.0,67535.2,56482.3,14804.1,13572.3,0.0,68023.9,0.0,19125.3,69566.2,21143.1,91812.6,105187.2,128652.3,135559.1,148
2036.2,153846.0,33991.0,33717.0,43069.0,43069.0,67535.2,56482.3,14804.1,13572.3,0.0,68742.3,0.0,18619.8,70286.3,20645.8,92035.5,105684.4,128652.3,136277.5,148
2037.2,153846.0,33991.0,33717.0,43069.0,43069.0,67535.2,56482.3,14804.1,13572.3,0.0,68742.6,0.0,18479.5,70286.7,20492.7,91882.7,105837.6,128652.3,136277.8,148
2038.2,153846.0,33991.0,33717.0,43069.0,43069.0,67535.2,56482.3,14804.1,13572.3,0.0,68742.6,0.0,18489.1,70286.7,20499.1,91889.1,105831.2,128652.3,136277.8,148
2039.2,153846.0,33991.0,33717.0,43069.0,43069.0,67535.2,56482.3,14804.1,13572.3,0.0,68742.6,0.0,18500.2,70286.9,20508.7,91898.9,105821.5,128652.3,136277.8,148
2040.2,153846.0,33991.0,33717.0,43069.0,43069.0,67535.2,56482.3,14804.1,13572.3,0.0,68742.6,0.0,18508.0,70286.9,20514.2,91904.4,105816.1,128652.3,136277.8,148
2041.2,153846.0,33991.0,33717.0,43069.0,43069.0,67535.2,56482.3,14804.1,13572.3,0.0,68742.7,0.0,18517.7,70286.5,20521.3,91911.1,105808.9,128652.3,136277.8,148
2042.2,153846.0,33991.0,33717.0,43069.0,43069.0,67535.2,56482.3,14804.1,13572.3,0.0,68742.7,0.0,18525.3,70286.4,20529.2,91919.0,105801.0,128652.3,136277.8,148
2043.2,153846.0,33991.0,33717.0,43069.0,43069.0,67535.2,56482.3,14804.1,13572.3,0.0,68754.5,0.0,18533.8,70298.3,20537.5,91939.1,105792.7,128652.3,136289.6,148
2044.2,153846.0,33991.0,33717.0,43069.0,43069.0,67535.2,56482.3,14804.0,13572.3,0.0,68772.1,0.0,18546.8,70316.0,20545.9,91965.2,105784.4,128652.3,136307.3,148
2045.2,153846.0,33991.0,33717.0,43069.0,43069.0,67541.7,56488.9,14810.6,13578.9,0.0,68772.1,0.0,18563.4,70318.6,20568.9,91990.8,105761.3,128652.3,136313.8,148
2046.2,153846.0,33991.0,33717.0,43069.0,43069.0,67541.7,56488.9,14810.6,13578.9,0.0,68772.2,0.0,18571.3,70316.6,20575.0,91995.0,105755.2,128652.3,136313.9,148
2047.2,153846.0,33991.0,33717.0,43069.0,43069.0,67541.7,56488.9,14810.6,13578.9,0.0,68772.4,0.0,18583.2,70316.4,20585.6,92005.4,105744.6,128652.3,136314.1,148
2048.2,153846.0,33991.0,33717.0,43069.0,43069.0,67541.7,56488.9,14810.6,13578.9,0.0,68772.4,0.0,18595.3,70316.4,20599.9,92019.7,105730.3,128652.3,136314.1,148
2049.2,153846.0,33991.0,33717.0,43069.0,43069.0,67541.7,56488.9,14810.6,13578.9,0.0,68772.4,0.0,18606.4,70316.4,20611.1,92030.8,105719.1,128652.3,136314.2,148
2050.2,153846.0,33991.0,33717.0,43069.0,43069.0,67543.6,56490.8,14812.5,13580.8,0.0,68827.1,0.0,18562.5,70372.9,20571.1,92047.4,105759.1,128652.3,136370.7,148
2051.2,153846.0,33991.0,33717.0,43069.0,43069.0,67553.9,56501.1,14822.8,13591.1,0.0,68827.1,0.0,18584.7,70372.1,20591.5,92066.9,105738.8,128652.3,136381.0,148
2052.2,153846.0,33991.0,33717.0,43069.0,43069.0,67553.9,56501.1,14822.8,13591.1,0.0,68827.1,0.0,18596.4,70372.1,20606.1,92081.5,105724.2,128652.3,136381.0,148
2053.2,153846.0,33991.0,33717.0,43069.0,43069.0,67553.9,56501.1,14822.8,13591.1,0.0,68827.4,0.0,18608.6,70372.0,20619.5,92094.8,105710.8,128652.3,136381.3,148
2054.2,153846.0,33991.0,33717.0,43069.0,43069.0,67553.9,56501.1,14822.8,13591.1,0.0,68827.5,0.0,18618.6,70372.6,20631.6,92107.5,105698.7,128652.3,136381.5,148
2055.2,153846.0,33991.0,33717.0,43069.0,43069.0,67553.9,56501.1,14822.8,13591.1,0.0,68827.6,0.0,18632.1,70371.8,20643.3,92118.5,105686.9,128652.3,136381.5,148
2056.2,153846.0,33991.0,33717.0,43069.0,43069.0,67553.9,56501.1,14822.8,13591.1,0.0,68827.6,0.0,18643.5,70371.8,20654.3,92129.5,105675.9,128652.3,136381.5,148
2057.2,153846.0,33991.0,33717.0,43069.0,43069.0,67553.9,56501.1,14822.8,13591.1,0.0,68827.6,0.0,18651.4,70371.8,20662.7,92137.9,105667.5,128652.3,136381.5,148
2058.2,153846.0,33991.0,33717.0,43069.0,43069.0,67553.9,56501.1,14822.8,13591.1,0.0,68827.8,0.0,18666.4,70372.1,20678.3,92153.7,105651.9,128652.3,136381.7,148
2059.2,153846.0,33991.0,33717.0,43069.0,43069.0,67553.9,56501.1,14822.8,13591.1,0.0,68827.8,0.0,18677.7,70372.1,20689.8,92165.3,105640.4,128652.3,136381.7,148
2060.2,153846.0,33991.0,33717.0,43069.0,43069.0,67553.9,56501.1,14822.8,13591.1,0.0,68827.8,0.0,18687.9,70372.1,20699.5,92175.0,105630.7,128652.3,136381.7,148
2061.2,153846.0,33991.0,33717.0,43069.0,43069.0,67553.9,56501.1,14822.8,13591.1,0.0,68827.8,0.0,18700.2,70372.1,20706.6,92182.1,105623.6,128652.3,136381.8,148
2062.2,153846.0,33991.0,33717.0,43069.0,43069.0,67553.9,56501.1,14822.8,13591.1,0.0,68827.8,0.0,18712.2,70372.1,20714.9,92190.3,105615.4,128652.3,136381.8,148
2063.2,153846.0,33991.0,33717.0,43069.0,43069.0,67553.9,56501.1,14822.8,13591.1,0.0,68827.8,0.0,18722.0,70372.1,20721.0,92196.5,105609.2,128652.3,136381.8,148
2064.2,153846.0,33991.0,33717.0,43069.0,43069.0,67553.9,56501.1,14822.8,13591.1,0.0,68827.9,0.0,18734.7,70372.1,20739.2,92214.7,105591.0,128652.3,136381.8,148
2065.2,153846.0,33991.0,33717.0,43069.0,43069.0,67553.9,56501.1,14822.8,13591.1,0.0,68827.9,0.0,18745.4,70371.9,20748.0,92223.3,105582.2,128652.3,136381.8,148
2066.2,153846.0,33991.0,33717.0,43069.0,43069.0,67553.9,56501.1,14822.8,13591.1,0.0,68827.9,0.0,18754.5,70371.9,20756.2,92231.5,105574.0,128652.3,136381.8,148
2067.2,153846.0,33991.0,33717.0,43069.0,43069.0,67553.9,56501.1,14822.8,13591.1,0.0,68827.9,0.0,18764.8,70371.7,20765.9,92240.9,105564.3,128652.3,136381.8,148
2068.2,153846.0,33991.0,33717.0,43069.0,43069.0,67553.9,56501.1,14822.8,13591.1,0.0,68874.1,0.0,18732.5,70417.9,20731.7,92253.1,105598.5,128652.3,136428.1,148
2069.2,153846.0,33991.0,33717.0,43069.0,43069.0,67553.9,56501.1,14822.8,13591.1,0.0,68874.6,0.0,18740.3,70418.4,20735.2,92257.0,105595.0,128652.3,136428.5,148
2070.2,153846.0,33991.0,33717.0,43069.0,43069.0,67553.9,56501.1,14822.8,13591.1,0.0,68874.6,0.0,18752.8,70418.4,20748.8,92270.6,105581.4,128652.3,136428.5,148
2071.2,153846.0,33991.0,33717.0,43069.0,43069.0,67553.9,56501.1,14822.8,13591.1,0.0,68874.6,0.0,18764.8,70418.4,20762.4,92284.2,105567.8,128652.3,136428.5,148
2072.2,153846.0,33991.0,33717.0,43069.0,43069.0,67553.9,56501.1,14822.8,13591.1,0.0,68874.6,0.0,18776.0,70418.4,20774.6,92296.4,105555.6,128652.3,136428.5,148
2073.2,153846.0,33991.0,33717.0,43069.0,43069.0,67553.9,56501.1,14822.8,13591.1,0.0,68874.7,0.0,18786.3,70418.5,20781.9,92303.8,105548.3,128652.3,136428.6,148
2074.2,153846.0,33991.0,33717.0,43069.0,43069.0,67553.9,56501.1,14822.8,13591.1,0.0,68874.7,0.0,18796.8,70418.5,20791.6,92313.5,105538.6,128652.3,136428.6,148
2075.2,153846.0,33991.0,33717.0,43069.0,43069.0,67553.9,56501.1,14822.8,13591.1,0.0,68874.8,0.0,18809.7,70418.6,20808.1,92330.1,105522.0,128652.3,136428.7,148
2076.2,153846.0,33991.0,33717.0,43069.0,43069.0,67553.9,56501.1,14822.8,13591.1,0.0,68874.8,0.0,18820.7,70418.6,20825.4,92347.4,105504.8,128652.3,136428.7,148
2077.2,153846.0,33991.0,33717.0,43069.0,43069.0,67553.9,56501.1,14822.8,13591.1,0.0,68938.8,0.0,18765.6,70482.7,20767.5,92353.7,105562.7,128652.3,136492.7,148
2078.2,153846.0,33991.0,33717.0,43069.0,43069.0,67553.9,56501.1,14822.8,13591.1,0.0,68938.8,0.0,18771.1,70482.7,20778.5,92364.7,105551.6,128652.3,136492.7,148
2079.2,153846.0,33991.0,33717.0,43069.0,43069.0,67553.9,56501.1,14822.8,13591.1,0.0,68938.8,0.0,18745.1,70483.3,20749.5,92336.3,105580.6,128652.3,136492.7,148
2080.2,153846.0,33991.0,33717.0,43069.0,43069.0,67553.9,56501.1,14822.8,13591.1,0.0,68938.8,0.0,18755.6,70483.3,20756.6,92343.4,105573.6,128652.3,136492.7,148
2081.2,153846.0,33991.0,33717.0,43069.0,43069.0,67553.9,56501.1,14822.8,13591.1,0.0,68938.9,0.0,18764.1,70483.2,20763.1,92349.7,105567.1,128652.3,136492.8,148
2082.2,153846.0,33991.0,33717.0,43069.0,43069.0,67553.9,56501.1,14822.8,13591.1,0.0,68938.9,0.0,18772.3,70483.2,20769.6,92356.3,105560.6,128652.3,136492.9,148
2083.2,153846.0,33991.0,33717.0,43069.0,43069.0,67553.9,56501.1,14822.8,13591.1,0.0,68938.9,0.0,18781.7,70483.2,20783.3,92370.0,105546.8,128652.3,136492.9,148
2084.2,153846.0,33991.0,33717.0,43069.0,43069.0,67553.9,56501.1,14822.8,13591.1,0.0,68969.3,0.0,18794.0,70514.2,20795.5,92413.1,105534.7,128652.3,136523.2,148
2085.2,153846.0,33991.0,33717.0,43069.0,43069.0,67553.9,56501.1,14822.8,13591.1,0.0,68969.3,0.0,18803.3,70514.2,20803.3,92421.0,105526.9,128652.3,136523.3,148
2086.2,153846.0,33991.0,33717.0,43069.0,43069.0,67553.9,56501.1,14822.8,13591.1,0.0,69096.8,0.0,18688.3,70641.6,20688.6,92433.6,105641.6,128652.3,136650.7,148
2087.2,153846.0,33991.0,33717.0,43069.0,43069.0,67553.9,56501.1,14822.8,13591.1,0.0,69097.2,0.0,18696.4,70642.2,20698.2,92443.8,105632.0,128652.3,136651.2,148
2088.2,153846.0,33991.0,33717.0,43069.0,43069.0,67553.9,56501.1,14822.8,13591.1,0.0,69097.2,0.0,18704.4,70642.2,20705.4,92451.0,105624.7,128652.3,136651.2,148
2089.2,153846.0,33991.0,33717.0,43069.0,43069.0,67553.9,56501.1,14822.8,13591.1,0.0,69097.2,0.0,18716.2,70642.2,20714.3,92459.9,105615.9,128652.3,136651.2,148
2090.2,153846.0,33991.0,33717.0,43069.0,43069.0,67553.9,56501.1,14822.8,13591.1,0.0,69097.3,0.0,18727.0,70642.2,20722.7,92468.4,105607.5,128652.3,136651.3,148
2091.2,153846.0,33991.0,33717.0,43069.0,43069.0,67553.9,56501.1,14822.8,13591.1,0.0,69097.3,0.0,18738.0,70642.2,20733.0,92478.6,105597.2,128652.3,136651.3,148
2092.2,153846.0,33991.0,33717.0,43069.0,43069.0,67553.9,56501.1,14822.8,13591.1,0.0,69097.3,0.0,18748.9,70642.2,20742.4,92488.1,105587.7,128652.3,136651.3,148
2093.2,153846.0,33991.0,33717.0,43069.0,43069.0,67553.9,56501.1,14822.8,13591.1,0.0,69106.2,0.0,18760.7,70651.1,20752.3,92506.9,105577.8,128652.3,136660.1,148
2094.2,153846.0,33991.0,33717.0,43069.0,43069.0,67553.9,56501.1,14822.8,13591.1,0.0,69106.6,0.0,18770.7,70651.5,20759.4,92514.4,105570.8,128652.3,136660.5,148
2095.2,153846.0,33991.0,33717.0,43069.0,43069.0,67553.9,56501.1,14822.8,13591.1,0.0,69106.6,0.0,18780.1,70651.6,20765.0,92520.0,105565.2,128652.3,136660.6,148
2096.2,153846.0,33991.0,33717.0,43069.0,43069.0,67553.9,56501.1,14822.8,13591.1,0.0,69135.7,0.0,18792.2,70681.3,20790.9,92575.7,105539.2,128652.3,136689.6,148
2097.2,153846.0,33991.0,33717.0,43069.0,43069.0,67554.0,56501.1,14822.8,13591.1,0.0,69170.7,0.0,18742.3,70715.4,20727.9,92546.7,105602.2,128652.3,136724.7,148
2098.2,153846.0,33991.0,33717.0,43069.0,43069.0,67554.0,56501.1,14822.8,13591.1,0.0,69170.7,0.0,18748.4,70715.4,20734.3,92553.1,105595.8,128652.3,136724.7,148
2099.2,153846.0,33991.0,33717.0,43069.0,43069.0,67554.0,56501.1,14822.8,13591.1,0.0,69170.7,0.0,18759.7,70715.4,20745.1,92563.9,105585.0,128652.3,136724.7,148
2100.2,153846.0,33991.0,33717.0,43069.0,43069.0,67569.4,56516.6,14838.3,13606.6,0.0,69170.7,0.0,18769.8,70715.2,20760.2,92578.9,105569.9,128652.3,136740.1,148
2101.2,153846.0,33991.0,33717.0,43069.0,43069.0,67497.9,56445.0,14766.8,13535.0,0.0,69387.9,0.0,18557.0,70933.1,20553.4,92589.9,105776.8,128652.3,136885.8,148
2102.2,153846.0,33991.0,33717.0,43069.0,43069.0,67497.9,56445.0,14766.8,13535.0,0.0,69387.9,0.0,18565.6,70932.9,20561.6,92597.9,105768.6,128652.3,136885.8,148
2103.2,153846.0,33991.0,33717.0,43069.0,43069.0,67497.9,56445.0,14766.8,13535.0,0.0,69387.9,0.0,18576.2,70932.9,20574.4,92610.8,105755.7,128652.3,136885.8,148
2104.2,153846.0,33991.0,33717.0,43069.0,43069.0,67497.9,56445.0,14766.8,13535.0,0.0,69426.6,0.0,18549.7,70971.7,20547.2,92622.3,105782.9,128652.3,136924.5,148
2105.2,153846.0,33991.0,33717.0,43069.0,43069.0,67497.9,56445.0,14766.8,13535.0,0.0,69426.7,0.0,18557.8,70971.7,20554.3,92629.4,105775.9,128652.3,136924.5,148
2106.2,153846.0,33991.0,33717.0,43069.0,43069.0,67497.9,56445.0,14766.8,13535.0,0.0,69426.8,0.0,18567.4,70971.8,20563.9,92639.2,105766.2,128652.3,136924.7,148
2107.2,153846.0,33991.0,33717.0,43069.0,43069.0,67497.9,56445.0,14766.8,13535.0,0.0,69426.8,0.0,18577.4,70971.9,20577.8,92653.2,105752.3,128652.3,136924.7,148
2108.2,153846.0,33991.0,33717.0,43069.0,43069.0,67497.9,56445.0,14766.8,13535.0,0.0,69426.8,0.0,18585.3,70971.9,20584.4,92659.8,105745.7,128652.3,136924.7,148
2109.2,153846.0,33991.0,33717.0,43069.0,43069.0,67497.9,56445.0,14766.8,13535.0,0.0,69426.8,0.0,18594.5,70971.9,20592.4,92667.7,105737.8,128652.3,136924.7,148
2110.2,153846.0,33991.0,33717.0,43069.0,43069.0,67497.9,56445.0,14766.8,13535.0,0.0,69490.9,0.0,18540.5,71036.1,20534.8,92674.3,105795.3,128652.3,136988.8,148
2111.2,153846.0,33991.0,33717.0,43069.0,43069.0,67497.9,56445.0,14766.8,13535.0,0.0,69490.9,0.0,18550.3,71036.1,20541.9,92681.4,105788.3,128652.3,136988.8,148
2112.2,153846.0,33991.0,33717.0,43069.0,43069.0,67513.5,56460.6,14782.4,13550.6,0.0,69490.9,0.0,18577.7,71038.1,20581.1,92722.8,105749.0,128652.3,137004.4,148
2113.2,153846.0,33991.0,33717.0,43069.0,43069.0,67513.5,56460.6,14782.4,13550.6,0.0,69512.0,0.0,18587.1,71056.9,20581.9,92742.3,105748.2,128652.3,137025.5,148
2114.2,153846.0,33991.0,33717.0,43069.0,43069.0,67513.5,56460.6,14782.4,13550.6,0.0,69512.0,0.0,18597.0,71056.5,20590.1,92750.1,105740.0,128652.3,137025.5,148
2115.2,153846.0,33991.0,33717.0,43069.0,43069.0,67513.5,56460.6,14782.3,13550.6,0.0,69512.0,0.0,18610.4,71056.5,20603.3,92763.3,105726.8,128652.3,137025.5,148
2116.2,153846.0,33991.0,33717.0,43069.0,43069.0,67513.5,56460.6,14782.3,13550.6,0.0,69512.0,0.0,18623.9,71056.5,20617.3,92777.3,105712.9,128652.3,137025.5,148
2117.2,153846.0,33991.0,33717.0,43069.0,43069.0,67513.5,56460.6,14782.3,13550.6,0.0,69512.1,0.0,18635.9,71056.5,20629.3,92789.3,105700.8,128652.3,137025.5,148
2118.2,153846.0,33991.0,33717.0,43069.0,43069.0,67513.5,56460.6,14782.3,13550.6,0.0,69512.2,0.0,18646.5,71056.7,20637.7,92797.8,105692.4,128652.3,137025.6,148
2119.2,153846.0,33991.0,33717.0,43069.0,43069.0,67513.5,56460.6,14782.3,13550.6,0.0,69512.2,0.0,18652.1,71056.7,20640.7,92800.9,105689.4,128652.3,137025.6,148
2120.2,153846.0,33991.0,33717.0,43069.0,43069.0,67513.5,56460.6,14782.3,13550.6,0.0,69512.2,0.0,18664.2,71056.7,20653.8,92814.0,105676.3,128652.3,137025.7,148
2121.2,153846.0,33991.0,33717.0,43069.0,43069.0,67513.5,56460.6,14782.4,13550.6,0.0,69512.2,0.0,18675.3,71056.7,20667.3,92827.5,105662.8,128652.3,137025.7,148
2122.2,153846.0,33991.0,33717.0,43069.0,43069.0,67513.5,56460.6,14782.4,13550.6,0.0,69512.2,0.0,18686.3,71056.7,20677.1,92837.3,105653.0,128652.3,137025.7,148
2123.2,153846.0,33991.0,33717.0,43069.0,43069.0,67513.5,56460.6,14782.4,13550.6,0.0,69566.9,0.0,18642.6,71111.5,20637.7,92852.7,105692.4,128652.3,137080.4,148
2124.2,153846.0,33991.0,33717.0,43069.0,43069.0,67513.5,56460.6,14782.4,13550.6,0.0,69567.0,0.0,18653.8,71111.6,20650.7,92865.8,105679.4,128652.3,137080.5,148
2125.2,153846.0,33991.0,33717.0,43069.0,43069.0,67513.5,56460.6,14782.4,13550.6,0.0,69567.0,0.0,18661.3,71111.6,20663.7,92878.9,105666.4,128652.3,137080.5,148
2126.2,153846.0,33991.0,33717.0,43069.0,43069.0,67513.5,56460.6,14782.4,13550.6,0.0,69567.1,0.0,18671.7,71111.7,20676.3,92891.5,105653.8,128652.3,137080.6,148
2127.2,153846.0,33991.0,33717.0,43069.0,43069.0,67513.5,56460.6,14782.4,13550.6,0.0,69567.1,0.0,18684.6,71111.7,20683.5,92898.7,105646.6,128652.3,137080.6,148
2128.2,153846.0,33991.0,33717.0,43069.0,43069.0,67512.5,56459.7,14781.4,13549.6,0.0,69567.1,0.0,18694.2,71112.2,20703.5,92919.2,105626.6,128652.3,137079.6,148
2129.2,153846.0,33991.0,33717.0,43069.0,43069.0,67512.5,56459.7,14781.4,13549.6,0.0,69567.1,0.0,18702.9,71111.4,20706.7,92921.6,105623.4,128652.3,137079.6,148
2130.2,153846.0,33991.0,33717.0,43069.0,43069.0,67512.5,56459.7,14781.4,13549.6,0.0,69567.2,0.0,18714.1,71111.5,20716.2,92931.2,105613.9,128652.3,137079.7,148
2131.2,153846.0,33991.0,33717.0,43069.0,43069.0,67512.5,56459.7,14781.4,13549.6,0.0,69567.3,0.0,18725.9,71111.5,20727.7,92942.8,105602.4,128652.3,137079.7,148
2132.2,153846.0,33991.0,33717.0,43069.0,43069.0,67512.5,56459.7,14781.4,13549.6,0.0,69631.2,0.0,18674.4,71175.7,20674.7,92953.9,105655.4,128652.3,137143.7,148
2133.2,153846.0,33991.0,33717.0,43069.0,43069.0,67512.5,56459.7,14781.4,13549.6,0.0,69631.3,0.0,18685.1,71175.7,20684.8,92963.9,105645.3,128652.3,137143.7,148
2134.2,153846.0,33991.0,33717.0,43069.0,43069.0,67512.5,56459.7,14781.4,13549.6,0.0,69631.3,0.0,18695.1,71176.0,20694.5,92974.1,105635.5,128652.3,137143.7,148
2135.2,153846.0,33991.0,33717.0,43069.0,43069.0,67512.5,56459.7,14781.4,13549.6,0.0,69631.3,0.0,18707.5,71176.0,20706.9,92986.4,105623.2,128652.3,137143.7,148
2136.2,153846.0,33991.0,33717.0,43069.0,43069.0,67512.5,56459.7,14781.4,13549.6,0.0,69631.3,0.0,18718.6,71176.1,20716.0,92995.6,105614.1,128652.3,137143.7,148
2137.2,153846.0,33991.0,33717.0,43069.0,43069.0,67512.5,56459.7,14781.4,13549.6,0.0,69631.3,0.0,18729.9,71176.1,20729.9,93009.5,105600.1,128652.3,137143.8,148
2138.2,153846.0,33991.0,33717.0,43069.0,43069.0,67512.5,56459.7,14781.4,13549.6,0.0,69631.4,0.0,18741.7,71176.2,20742.0,93021.7,105588.1,128652.3,137143.9,148
2139.2,153846.0,33991.0,33717.0,43069.0,43069.0,67512.5,56459.7,14781.4,13549.6,0.0,69631.4,0.0,18750.1,71176.2,20748.9,93028.6,105581.2,128652.3,137143.9,148
2140.2,153846.0,33991.0,33717.0,43069.0,43069.0,67512.5,56459.7,14781.4,13549.6,0.0,69714.2,0.0,18640.0,71259.2,20635.4,92998.1,105694.7,128652.3,137226.7,148
2141.2,153846.0,33991.0,33717.0,43069.0,43069.0,67512.5,56459.7,14781.4,13549.6,0.0,69714.2,0.0,18648.5,71259.2,20642.3,93005.0,105687.8,128652.3,137226.7,148
2142.2,153846.0,33991.0,33717.0,43069.0,43069.0,67512.5,56459.7,14781.4,13549.6,0.0,69714.4,0.0,18660.0,71259.3,20655.0,93017.9,105675.0,128652.3,137226.8,148
2143.2,153846.0,33991.0,33717.0,43069.0,43069.0,67512.5,56459.7,14781.4,13549.6,0.0,69714.4,0.0,18672.4,71259.3,20667.2,93030.0,105662.9,128652.3,137226.8,148
2144.2,153846.0,33991.0,33717.0,43069.0,43069.0,67512.5,56459.7,14781.4,13549.6,0.0,69714.4,0.0,18684.3,71259.3,20677.4,93040.3,105652.7,128652.3,137226.8,148
2145.2,153846.0,33991.0,33717.0,43069.0,43069.0,67512.5,56459.7,14781.4,13549.6,0.0,69714.4,0.0,18695.4,71259.3,20688.7,93051.6,105641.4,128652.3,137226.8,148
2146.2,153846.0,33991.0,33717.0,43069.0,43069.0,67512.5,56459.7,14781.4,13549.6,0.0,69714.4,0.0,18705.5,71259.3,20698.8,93061.7,105631.3,128652.3,137226.8,148
2147.2,153846.0,33991.0,33717.0,43069.0,43069.0,67540.2,56487.4,14809.1,13577.4,0.0,69714.4,0.0,18718.2,71261.9,20725.0,93090.3,105605.1,128652.3,137254.6,148
2148.2,153846.0,33991.0,33717.0,43069.0,43069.0,67531.2,56478.4,14800.1,13568.4,0.0,69714.4,0.0,18747.7,71260.8,20741.1,93105.3,105589.0,128652.3,137245.6,148
2149.2,153846.0,33991.0,33717.0,43069.0,43069.0,67531.2,56478.4,14800.1,13568.4,0.0,69714.4,0.0,18760.0,71260.7,20753.1,93117.3,105576.9,128652.3,137245.6,148
2150.2,153846.0,33991.0,33717.0,43069.0,43069.0,67531.2,56478.4,14800.1,13568.4,0.0,69778.3,0.0,18707.0,71324.8,20699.3,93127.6,105630.8,128652.3,137309.6,148
2151.2,153846.0,33991.0,33717.0,43069.0,43069.0,67531.3,56478.4,14800.1,13568.4,0.0,69778.3,0.0,18717.2,71324.8,20708.0,93136.3,105622.0,128652.3,137309.6,148
2152.2,153846.0,33991.0,33717.0,43069.0,43069.0,67531.1,56478.3,14800.0,13568.3,0.0,69778.4,0.0,18729.6,71324.8,20720.9,93149.3,105609.1,128652.3,137309.5,148
2153.2,153846.0,33991.0,33717.0,43069.0,43069.0,67531.3,56478.4,14800.2,13568.4,0.0,69778.4,0.0,18741.4,71325.8,20742.3,93171.6,105587.8,128652.3,137309.6,148
2154.2,153846.0,33991.0,33717.0,43069.0,43069.0,67531.3,56478.4,14800.2,13568.4,0.0,69783.3,0.0,18751.5,71330.0,20754.7,93188.3,105575.4,128652.3,137314.6,148
2155.2,153846.0,33991.0,33717.0,43069.0,43069.0,67531.7,56478.9,14800.6,13568.9,0.0,69842.6,0.0,18696.6,71391.8,20710.0,93205.3,105620.1,128652.3,137374.3,148
2156.2,153846.0,33991.0,33717.0,43069.0,43069.0,67533.0,56480.2,14801.9,13570.2,0.0,69842.6,0.0,18706.3,71391.3,20715.5,93210.4,105614.6,128652.3,137375.6,148
2157.2,153846.0,33991.0,33717.0,43069.0,43069.0,67533.0,56480.2,14801.9,13570.2,0.0,69842.6,0.0,18716.6,71389.0,20718.1,93210.6,105612.0,128652.3,137375.6,148
2158.2,153846.0,33991.0,33717.0,43069.0,43069.0,67533.0,56480.2,14801.9,13570.2,0.0,69906.5,0.0,18664.6,71453.1,20666.3,93223.0,105663.8,128652.3,137439.5,148
2159.2,153846.0,33991.0,33717.0,43069.0,43069.0,67533.0,56480.2,14801.9,13570.2,0.0,69906.5,0.0,18676.5,71453.1,20675.4,93232.1,105654.6,128652.3,137439.5,148
2160.2,153846.0,33991.0,33717.0,43069.0,43069.0,67533.0,56480.2,14801.8,13570.2,0.0,69906.6,0.0,18680.9,71453.1,20681.5,93238.2,105648.5,128652.3,137439.6,148
2161.2,153846.0,33991.0,33717.0,43069.0,43069.0,67533.0,56480.2,14801.9,13570.2,0.0,69906.6,0.0,18689.4,71453.1,20692.1,93248.7,105637.9,128652.3,137439.6,148
2162.2,153846.0,33991.0,33717.0,43069.0,43069.0,67533.0,56480.2,14801.8,13570.2,0.0,69906.7,0.0,18697.6,71453.2,20699.6,93256.4,105630.4,128652.3,137439.7,148
2163.2,153846.0,33991.0,33717.0,43069.0,43069.0,67533.0,56480.2,14801.9,13570.2,0.0,69906.7,0.0,18705.3,71453.2,20707.6,93264.4,105622.4,128652.3,137439.7,148
2164.2,153846.0,33991.0,33717.0,43069.0,43069.0,67538.5,56485.6,14807.4,13575.6,0.0,69906.7,0.0,18715.8,71453.4,20724.3,93281.2,105605.7,128652.3,137445.2,148
2165.2,153846.0,33991.0,33717.0,43069.0,43069.0,67538.5,56485.6,14807.4,13575.6,0.0,69906.7,0.0,18723.2,71453.1,20730.3,93287.0,105599.8,128652.3,137445.2,148
2166.2,153846.0,33991.0,33717.0,43069.0,43069.0,67538.5,56485.6,14807.4,13575.6,0.0,69906.8,0.0,18731.7,71453.3,20740.0,93296.8,105590.0,128652.3,137445.3,148
2167.2,153846.0,33991.0,33717.0,43069.0,43069.0,67538.5,56485.7,14807.4,13575.6,0.0,69906.8,0.0,18740.4,71453.3,20748.8,93305.6,105581.2,128652.3,137445.3,148
2168.2,153846.0,33991.0,33717.0,43069.0,43069.0,67538.5,56485.7,14807.4,13575.6,0.0,69906.8,0.0,18749.6,71453.3,20757.8,93314.6,105572.3,128652.3,137445.3,148
2169.2,153846.0,33991.0,33717.0,43069.0,43069.0,67538.5,56485.7,14807.4,13575.7,0.0,69906.8,0.0,18700.5,71453.3,20710.8,93267.6,105619.3,128652.3,137445.3,148
2170.2,153846.0,33991.0,33717.0,43069.0,43069.0,67538.5,56485.7,14807.3,13575.7,0.0,69906.9,0.0,18709.5,71453.3,20715.9,93272.7,105614.2,128652.3,137445.4,148
2171.2,153846.0,33991.0,33717.0,43069.0,43069.0,67538.5,56485.7,14807.4,13575.7,0.0,69906.9,0.0,18717.7,71453.3,20723.7,93280.5,105606.3,128652.3,137445.4,148
2172.2,153846.0,33991.0,33717.0,43069.0,43069.0,67538.5,56485.7,14807.4,13575.7,0.0,69906.9,0.0,18725.2,71453.3,20731.1,93287.9,105599.0,128652.3,137445.4,148
2173.2,153846.0,33991.0,33717.0,43069.0,43069.0,67538.5,56485.7,14807.4,13575.7,0.0,69923.1,0.0,18733.0,71469.5,20737.7,93310.8,105592.4,128652.3,137461.6,148
2174.2,153846.0,33991.0,33717.0,43069.0,43069.0,67538.5,56485.7,14807.4,13575.7,0.0,69923.4,0.0,18743.1,71469.8,20746.9,93320.2,105583.2,128652.3,137461.9,148
2175.2,153846.0,33991.0,33717.0,43069.0,43069.0,67538.5,56485.7,14807.4,13575.7,0.0,69923.4,0.0,18752.4,71469.8,20755.6,93329.0,105574.4,128652.3,137461.9,148
2176.2,153846.0,33991.0,33717.0,43069.0,43069.0,67538.5,56485.7,14807.4,13575.7,0.0,69923.4,0.0,18760.9,71469.8,20764.8,93338.2,105565.2,128652.3,137461.9,148
2177.2,153846.0,33991.0,33717.0,43069.0,43069.0,67538.5,56485.7,14807.4,13575.7,0.0,69923.4,0.0,18771.1,71469.8,20774.5,93347.9,105555.5,128652.3,137461.9,148
2178.2,153846.0,33991.0,33717.0,43069.0,43069.0,67538.5,56485.7,14807.4,13575.7,0.0,69923.5,0.0,18779.7,71470.0,20782.5,93356.0,105547.6,128652.3,137462.1,148
2179.2,153846.0,33991.0,33717.0,43069.0,43069.0,67538.5,56485.7,14807.4,13575.7,0.0,69923.5,0.0,18789.8,71470.0,20792.2,93365.7,105537.9,128652.3,137462.1,148
2180.2,153846.0,33991.0,33717.0,43069.0,43069.0,67500.4,56447.6,14769.3,13537.6,0.0,69923.6,0.0,18757.3,71473.1,20760.2,93336.8,105569.9,128652.3,137424.0,148
2181.2,153846.0,33991.0,33717.0,43069.0,43069.0,67500.4,56447.6,14769.3,13537.6,0.0,69923.6,0.0,18767.4,71470.3,20766.6,93340.5,105563.5,128652.3,137424.0,148
2182.2,153846.0,33991.0,33717.0,43069.0,43069.0,67500.4,56447.6,14769.3,13537.6,0.0,69923.6,0.0,18778.2,71470.4,20777.2,93351.1,105552.8,128652.3,137424.0,148
2183.2,153846.0,33991.0,33717.0,43069.0,43069.0,67500.4,56447.6,14769.3,13537.6,0.0,69923.6,0.0,18788.3,71470.3,20790.3,93364.1,105539.8,128652.3,137424.0,148
2184.2,153846.0,33991.0,33717.0,43069.0,43069.0,67500.4,56447.6,14769.3,13537.6,0.0,69923.6,0.0,18797.8,71469.7,20798.1,93371.3,105532.0,128652.3,137424.1,148
2185.2,153846.0,33991.0,33717.0,43069.0,43069.0,67500.4,56447.6,14769.3,13537.6,0.0,69923.6,0.0,18807.8,71469.7,20808.7,93381.9,105521.3,128652.3,137424.1,148
2186.2,153846.0,33991.0,33717.0,43069.0,43069.0,67500.4,56447.6,14769.3,13537.6,0.0,69923.6,0.0,18818.4,71469.1,20820.2,93392.8,105509.8,128652.3,137424.1,148
2187.2,153846.0,33991.0,33717.0,43069.0,43069.0,67500.4,56447.6,14769.3,13537.6,0.0,69923.6,0.0,18828.7,71469.1,20827.8,93400.5,105502.2,128652.3,137424.1,148
2188.2,153846.0,33991.0,33717.0,43069.0,43069.0,67500.4,56447.6,14769.3,13537.6,0.0,69923.6,0.0,18837.9,71469.1,20835.3,93407.9,105494.7,128652.3,137424.1,148
2189.2,153846.0,33991.0,33717.0,43069.0,43069.0,67500.4,56447.6,14769.3,13537.6,0.0,69923.6,0.0,18847.3,71469.1,20844.7,93417.4,105485.3,128652.3,137424.1,148
2190.2,153846.0,33991.0,33717.0,43069.0,43069.0,67500.4,56447.6,14769.3,13537.6,0.0,69923.6,0.0,18858.6,71469.1,20856.4,93429.0,105473.7,128652.3,137424.1,148
2191.2,153846.0,33991.0,33717.0,43069.0,43069.0,67500.4,56447.6,14769.3,13537.6,0.0,69923.7,0.0,18865.0,71469.1,20863.3,93436.0,105466.7,128652.3,137424.1,148
2192.2,153846.0,33991.0,33717.0,43069.0,43069.0,67500.4,56447.6,14769.3,13537.6,0.0,69923.7,0.0,18875.5,71469.1,20872.6,93445.3,105457.4,128652.3,137424.1,148
2193.2,153846.0,33991.0,33717.0,43069.0,43069.0,67500.4,56447.6,14769.3,13537.6,0.0,69923.7,0.0,18886.2,71469.1,20881.4,93454.1,105448.6,128652.3,137424.1,148
2194.2,153846.0,33991.0,33717.0,43069.0,43069.0,67500.4,56447.6,14769.3,13537.6,0.0,69923.7,0.0,18898.5,71469.1,20890.7,93463.4,105439.3,128652.3,137424.1,148
2195.2,153846.0,33991.0,33717.0,43069.0,43069.0,67500.4,56447.6,14769.3,13537.6,0.0,69923.7,0.0,18909.0,71469.1,20898.6,93471.3,105431.4,128652.3,137424.1,148
2196.2,153846.0,33991.0,33717.0,43069.0,43069.0,67500.5,56447.7,14769.4,13537.7,0.0,69923.7,0.0,18919.5,71469.2,20904.7,93477.4,105425.3,128652.3,137424.2,148
2197.2,153846.0,33991.0,33717.0,43069.0,43069.0,67500.5,56447.7,14769.4,13537.7,0.0,69923.7,0.0,18930.1,71468.8,20913.1,93485.4,105417.0,128652.3,137424.2,148
2198.2,153846.0,33991.0,33717.0,43069.0,43069.0,67500.5,56447.7,14769.4,13537.7,0.0,69923.8,0.0,18941.0,71468.9,20924.9,93497.4,105405.1,128652.3,137424.3,148
2199.2,153846.0,33991.0,33717.0,43069.0,43069.0,67500.5,56447.7,14769.4,13537.7,0.0,69923.8,0.0,18951.4,71468.9,20936.3,93508.8,105393.7,128652.3,137424.3,148
2200.2,153846.0,33991.0,33717.0,43069.0,43069.0,67500.5,56447.7,14769.4,13537.7,0.0,69923.8,0.0,18961.5,71468.9,20945.5,93518.0,105384.5,128652.3,137424.3,148
2201.2,153846.0,33991.0,33717.0,43069.0,43069.0,67500.5,56447.7,14769.4,13537.7,0.0,69923.8,0.0,18969.5,71468.9,20953.1,93525.6,105376.9,128652.3,137424.3,148
2202.2,153846.0,33991.0,33717.0,43069.0,43069.0,67500.5,56447.7,14769.4,13537.7,0.0,69923.8,0.0,18980.7,71468.9,20964.4,93536.9,105365.6,128652.3,137424.3,148
2203.2,153846.0,33991.0,33717.0,43069.0,43069.0,67500.5,56447.7,14769.4,13537.7,0.0,69923.5,0.0,18991.3,71468.6,20975.6,93547.8,105354.5,128652.3,137424.1,148
2204.2,153846.0,33991.0,33717.0,43069.0,43069.0,67500.5,56447.7,14769.4,13537.7,0.0,69923.5,0.0,19001.4,71468.6,20984.9,93557.1,105345.1,128652.3,137424.1,148
2205.2,153846.0,33991.0,33717.0,43069.0,43069.0,67500.5,56447.7,14769.4,13537.7,0.0,69923.5,0.0,19012.5,71468.6,20992.9,93565.1,105337.1,128652.3,137424.1,148
2206.2,153846.0,33991.0,33717.0,43069.0,43069.0,67500.5,56447.7,14769.4,13537.7,0.0,69953.6,0.0,19022.4,71499.7,21002.3,93605.6,105327.8,128652.3,137454.1,148
2207.2,153846.0,33991.0,33717.0,43069.0,43069.0,67500.5,56447.7,14769.4,13537.7,0.0,70101.4,0.0,18861.5,71648.1,20841.3,93593.0,105488.7,128652.3,137602.0,148
2208.2,153846.0,33991.0,33717.0,43069.0,43069.0,67500.5,56447.7,14769.4,13537.7,0.0,70101.4,0.0,18872.2,71648.1,20851.0,93602.7,105479.0,128652.3,137602.0,148
2209.2,153846.0,33991.0,33717.0,43069.0,43069.0,67500.5,56447.7,14769.4,13537.7,0.0,70101.5,0.0,18883.3,71648.1,20861.7,93613.4,105468.3,128652.3,137602.0,148
2210.2,153846.0,33991.0,33717.0,43069.0,43069.0,67500.5,56447.7,14769.4,13537.7,0.0,70101.5,0.0,18893.1,71648.1,20870.9,93622.6,105459.1,128652.3,137602.0,148
2211.2,153846.0,33991.0,33717.0,43069.0,43069.0,67500.5,56447.7,14769.4,13537.7,0.0,70101.5,0.0,18902.0,71648.1,20881.4,93633.1,105448.6,128652.3,137602.0,148
2212.2,153846.0,33991.0,33717.0,43069.0,43069.0,67500.5,56447.7,14769.4,13537.7,0.0,70101.5,0.0,18910.7,71648.1,20888.8,93640.5,105441.2,128652.3,137602.0,148
2213.2,153846.0,33991.0,33717.0,43069.0,43069.0,67500.5,56447.7,14769.4,13537.7,0.0,70165.5,0.0,18856.1,71712.1,20842.3,93658.0,105487.7,128652.3,137666.0,148
2214.2,153846.0,33991.0,33717.0,43069.0,43069.0,67500.5,56447.7,14769.4,13537.7,0.0,70165.5,0.0,18865.7,71711.7,20845.2,93660.5,105484.8,128652.3,137666.0,148
2215.2,153846.0,33991.0,33717.0,43069.0,43069.0,67500.5,56447.7,14769.4,13537.7,0.0,70165.6,0.0,18875.6,71711.9,20856.8,93672.3,105473.2,128652.3,137666.1,148
2216.2,153846.0,33991.0,33717.0,43069.0,43069.0,67500.5,56447.7,14769.4,13537.7,0.0,70185.4,0.0,18883.3,71731.3,20870.9,93705.8,105459.1,128652.3,137685.9,148
2217.2,153846.0,33991.0,33717.0,43069.0,43069.0,67500.5,56447.7,14769.4,13537.7,0.0,70185.4,0.0,18893.6,71731.1,20874.5,93709.2,105455.5,128652.3,137685.9,148
2218.2,153846.0,33991.0,33717.0,43069.0,43069.0,67500.5,56447.7,14769.4,13537.7,0.0,70185.4,0.0,18903.3,71731.1,20882.6,93717.3,105447.4,128652.3,137686.0,148
2219.2,153846.0,33991.0,33717.0,43069.0,43069.0,67500.5,56447.7,14769.4,13537.7,0.0,70185.4,0.0,18913.6,71731.1,20892.4,93727.1,105437.6,128652.3,137686.0,148
2220.2,153846.0,33991.0,33717.0,43069.0,43069.0,67500.5,56447.7,14769.4,13537.7,0.0,70185.4,0.0,18923.4,71731.1,20901.8,93736.5,105428.2,128652.3,137686.0,148
2221.2,153846.0,33991.0,33717.0,43069.0,43069.0,67500.5,56447.7,14769.4,13537.7,0.0,70185.4,0.0,18933.1,71731.1,20911.4,93746.1,105418.6,128652.3,137686.0,148
2222.2,153846.0,33991.0,33717.0,43069.0,43069.0,67500.5,56447.7,14769.4,13537.7,0.0,70185.4,0.0,18940.9,71731.1,20917.6,93752.3,105412.4,128652.3,137686.0,148
2223.2,153846.0,33991.0,33717.0,43069.0,43069.0,67500.5,56447.7,14769.4,13537.7,0.0,70185.4,0.0,18950.7,71731.1,20927.7,93762.4,105402.3,128652.3,137686.0,148
2224.2,153846.0,33991.0,33717.0,43069.0,43069.0,67523.2,56470.4,14792.1,13560.4,0.0,70185.4,0.0,18981.9,71734.7,20969.9,93808.1,105360.1,128652.3,137708.6,148
2225.2,153846.0,33991.0,33717.0,43069.0,43069.0,67523.2,56470.4,14792.1,13560.4,0.0,70185.4,0.0,18991.9,71731.5,20972.5,93807.5,105357.5,128652.3,137708.6,148
2226.2,153846.0,33991.0,33717.0,43069.0,43069.0,67523.2,56470.4,14792.1,13560.4,0.0,70268.0,0.0,18939.0,71814.2,20925.3,93843.1,105404.7,128652.3,137791.2,148
2227.2,153846.0,33991.0,33717.0,43069.0,43069.0,67523.2,56470.4,14792.1,13560.4,0.0,70268.0,0.0,18947.6,71814.1,20929.2,93846.9,105400.8,128652.3,137791.2,148
2228.2,153846.0,33991.0,33717.0,43069.0,43069.0,67523.2,56470.4,14792.1,13560.4,0.0,70268.0,0.0,18956.1,71814.1,20938.7,93856.4,105391.3,128652.3,137791.2,148
2229.2,153846.0,33991.0,33717.0,43069.0,43069.0,67479.3,56426.5,14748.2,13516.5,0.0,70372.4,0.0,18858.1,71919.6,20838.4,93861.6,105491.6,128652.3,137851.7,148
2230.2,153846.0,33991.0,33717.0,43069.0,43069.0,67479.3,56426.5,14748.2,13516.5,0.0,70372.4,0.0,18867.2,71919.4,20850.6,93873.6,105479.4,128652.3,137851.7,148
2231.2,153846.0,33991.0,33717.0,43069.0,43069.0,67479.3,56426.5,14748.2,13516.5,0.0,70372.4,0.0,18876.2,71919.4,20859.0,93882.0,105471.0,128652.3,137851.7,148
2232.2,153846.0,33991.0,33717.0,43069.0,43069.0,67479.3,56426.5,14748.2,13516.5,0.0,70372.4,0.0,18883.4,71919.4,20864.5,93887.5,105465.5,128652.3,137851.7,148
2233.2,153846.0,33991.0,33717.0,43069.0,43069.0,67479.3,56426.5,14748.2,13516.5,0.0,70372.4,0.0,18893.9,71919.4,20872.8,93895.8,105457.2,128652.3,137851.7,148
2234.2,153846.0,33991.0,33717.0,43069.0,43069.0,67479.3,56426.5,14748.2,13516.5,0.0,70372.7,0.0,18901.8,71919.7,20885.1,93908.4,105444.9,128652.3,137852.0,148
2235.2,153846.0,33991.0,33717.0,43069.0,43069.0,67479.3,56426.5,14748.2,13516.5,0.0,70372.9,0.0,18910.8,71919.8,20897.7,93921.1,105432.3,128652.3,137852.2,148
2236.2,153846.0,33991.0,33717.0,43069.0,43069.0,67479.3,56426.5,14748.2,13516.5,0.0,70372.9,0.0,18920.8,71919.8,20913.9,93937.4,105416.1,128652.3,137852.2,148
2237.2,153846.0,33991.0,33717.0,43069.0,43069.0,67479.3,56426.5,14748.2,13516.5,0.0,70372.9,0.0,18930.1,71919.8,20924.2,93947.7,105405.8,128652.3,137852.2,148
2238.2,153846.0,33991.0,33717.0,43069.0,43069.0,67479.3,56426.5,14748.2,13516.5,0.0,70372.9,0.0,18942.8,71919.8,20936.1,93959.6,105393.9,128652.3,137852.2,148
2239.2,153846.0,33991.0,33717.0,43069.0,43069.0,67479.3,56426.5,14748.2,13516.5,0.0,70493.5,0.0,18856.6,72040.4,20851.8,93995.8,105478.2,128652.3,137972.8,148
2240.2,153846.0,33991.0,33717.0,43069.0,43069.0,67479.3,56426.5,14748.2,13516.5,0.0,70493.8,0.0,18868.3,72041.0,20861.3,94005.9,105468.7,128652.3,137973.1,148
2241.2,153846.0,33991.0,33717.0,43069.0,43069.0,67479.3,56426.5,14748.2,13516.5,0.0,70573.5,0.0,18830.3,72120.8,20821.6,94046.1,105508.4,128652.3,138052.8,148
2242.2,153846.0,33991.0,33717.0,43069.0,43069.0,67479.3,56426.5,14748.2,13516.5,0.0,70573.8,0.0,18837.6,72121.2,20827.6,94052.4,105502.4,128652.3,138053.1,148
2243.2,153846.0,33991.0,33717.0,43069.0,43069.0,67479.3,56426.5,14748.2,13516.5,0.0,70573.8,0.0,18844.3,72121.2,20829.6,94054.5,105500.3,128652.3,138053.1,148
2244.2,153846.0,33991.0,33717.0,43069.0,43069.0,67479.3,56426.5,14748.2,13516.5,0.0,70573.8,0.0,18853.1,72121.1,20834.2,94058.9,105495.8,128652.3,138053.1,148
2245.2,153846.0,33991.0,33717.0,43069.0,43069.0,67479.3,56426.5,14748.2,13516.5,0.0,70573.8,0.0,18861.6,72121.0,20844.9,94069.5,105485.1,128652.3,138053.1,148
2246.2,153846.0,33991.0,33717.0,43069.0,43069.0,67500.5,56447.7,14769.4,13537.7,0.0,70573.8,0.0,18890.4,72123.2,20875.3,94102.1,105454.7,128652.3,138074.3,148
2247.2,153846.0,33991.0,33717.0,43069.0,43069.0,67500.5,56447.7,14769.4,13537.7,0.0,70573.8,0.0,18899.3,72121.1,20887.7,94112.4,105442.3,128652.3,138074.3,148
2248.2,153846.0,33991.0,33717.0,43069.0,43069.0,67500.5,56447.7,14769.4,13537.7,0.0,70573.8,0.0,18906.9,72121.1,20895.9,94120.6,105434.1,128652.3,138074.3,148
2249.2,153846.0,33991.0,33717.0,43069.0,43069.0,67500.5,56447.7,14769.4,13537.7,0.0,70573.9,0.0,18917.0,72121.2,20906.4,94131.2,105423.6,128652.3,138074.4,148
2250.2,153846.0,33991.0,33717.0,43069.0,43069.0,67500.5,56447.7,14769.4,13537.7,0.0,70573.9,0.0,18925.3,72121.2,20916.3,94141.1,105413.7,128652.3,138074.4,148
2251.2,153846.0,33991.0,33717.0,43069.0,43069.0,67500.5,56447.7,14769.4,13537.7,0.0,70591.2,0.0,18934.8,72138.5,20927.9,94170.1,105402.1,128652.3,138091.7,148
2252.2,153846.0,33991.0,33717.0,43069.0,43069.0,67500.5,56447.7,14769.4,13537.7,0.0,70638.0,0.0,18878.3,72185.4,20869.1,94158.2,105460.8,128652.3,138138.5,148
2253.2,153846.0,33991.0,33717.0,43069.0,43069.0,67500.5,56447.7,14769.4,13537.7,0.0,70638.0,0.0,18885.0,72185.5,20875.6,94164.7,105454.4,128652.3,138138.5,148
2254.2,153846.0,33991.0,33717.0,43069.0,43069.0,67500.5,56447.7,14769.4,13537.7,0.0,70638.0,0.0,18894.5,72185.5,20884.0,94173.1,105446.0,128652.3,138138.5,148
2255.2,153846.0,33991.0,33717.0,43069.0,43069.0,67500.5,56447.7,14769.4,13537.7,0.0,70638.0,0.0,18905.0,72185.5,20894.3,94183.5,105435.6,128652.3,138138.5,148
2256.2,153846.0,33991.0,33717.0,43069.0,43069.0,67500.5,56447.7,14769.4,13537.7,0.0,70638.0,0.0,18913.7,72185.5,20903.6,94192.7,105426.3,128652.3,138138.5,148
2257.2,153846.0,33991.0,33717.0,43069.0,43069.0,67500.5,56447.7,14769.4,13537.7,0.0,70638.0,0.0,18923.9,72185.5,20914.2,94203.3,105415.7,128652.3,138138.5,148
2258.2,153846.0,33991.0,33717.0,43069.0,43069.0,67500.5,56447.7,14769.4,13537.7,0.0,70638.0,0.0,18932.9,72185.4,20924.5,94213.5,105405.5,128652.3,138138.5,148
2259.2,153846.0,33991.0,33717.0,43069.0,43069.0,67500.5,56447.7,14769.4,13537.7,0.0,70638.0,0.0,18943.5,72185.4,20934.3,94223.4,105395.7,128652.3,138138.5,148
2260.2,153846.0,33991.0,33717.0,43069.0,43069.0,67500.5,56447.7,14769.4,13537.7,0.0,70638.0,0.0,18954.7,72185.4,20944.2,94233.3,105385.7,128652.3,138138.6,148
2261.2,153846.0,33991.0,33717.0,43069.0,43069.0,67506.9,56454.0,14775.8,13544.0,0.0,70638.0,0.0,18970.8,72186.3,20960.5,94250.4,105369.5,128652.3,138144.9,148
2262.2,153846.0,33991.0,33717.0,43069.0,43069.0,67508.6,56455.8,14777.5,13545.8,0.0,70638.0,0.0,18983.6,72186.7,20978.7,94269.0,105351.3,128652.3,138146.7,148
2263.2,153846.0,33991.0,33717.0,43069.0,43069.0,67510.3,56457.5,14779.2,13547.4,0.0,70638.2,0.0,18993.7,72186.8,20992.7,94283.2,105337.2,128652.3,138148.4,148
2264.2,153846.0,33991.0,33717.0,43069.0,43069.0,67510.3,56457.5,14779.2,13547.4,0.0,70638.2,0.0,19005.7,72186.7,21007.2,94297.6,105322.8,128652.3,138148.4,148
2265.2,153846.0,33991.0,33717.0,43069.0,43069.0,67510.3,56457.5,14779.2,13547.4,0.0,70638.2,0.0,19016.3,72186.7,21017.1,94307.5,105312.8,128652.3,138148.4,148
2266.2,153846.0,33991.0,33717.0,43069.0,43069.0,67510.3,56457.5,14779.2,13547.4,0.0,70638.2,0.0,19027.4,72186.7,21030.5,94320.9,105299.4,128652.3,138148.5,148
2267.2,153846.0,33991.0,33717.0,43069.0,43069.0,67510.4,56457.6,14779.3,13547.6,0.0,70638.2,0.0,19038.0,72188.3,21047.6,94339.5,105282.4,128652.3,138148.6,148
2268.2,153846.0,33991.0,33717.0,43069.0,43069.0,67510.4,56457.6,14779.3,13547.6,0.0,70638.2,0.0,19048.7,72186.7,21057.7,94348.1,105272.3,128652.3,138148.6,148
2269.2,153846.0,33991.0,33717.0,43069.0,43069.0,67510.4,56457.6,14779.3,13547.6,0.0,70677.6,0.0,19061.0,72226.0,21068.4,94398.0,105261.6,128652.3,138188.0,148
2270.2,153846.0,33991.0,33717.0,43069.0,43069.0,67510.4,56457.6,14779.3,13547.6,0.0,70740.3,0.0,18966.8,72288.9,20973.5,94366.1,105356.5,128652.3,138250.7,148
2271.2,153846.0,33991.0,33717.0,43069.0,43069.0,67510.4,56457.6,14779.3,13547.6,0.0,70740.3,0.0,18977.1,72288.9,20984.5,94377.1,105345.4,128652.3,138250.7,148
2272.2,153846.0,33991.0,33717.0,43069.0,43069.0,67510.4,56457.6,14779.3,13547.6,0.0,70740.3,0.0,18988.3,72288.9,20995.4,94388.0,105334.5,128652.3,138250.7,148
2273.2,153846.0,33991.0,33717.0,43069.0,43069.0,67510.4,56457.6,14779.3,13547.6,0.0,70740.4,0.0,18998.4,72289.0,21004.9,94397.6,105325.0,128652.3,138250.8,148
2274.2,153846.0,33991.0,33717.0,43069.0,43069.0,67510.6,56457.8,14779.5,13547.7,0.0,70740.4,0.0,19008.5,72296.3,21036.4,94436.4,105293.5,128652.3,138251.0,148
2275.2,153846.0,33991.0,33717.0,43069.0,43069.0,67510.6,56457.8,14779.5,13547.7,0.0,70740.4,0.0,19020.9,72289.0,21030.9,94423.5,105299.0,128652.3,138251.0,148
2276.2,153846.0,33991.0,33717.0,43069.0,43069.0,67510.6,56457.8,14779.5,13547.7,0.0,70740.5,0.0,19031.2,72289.0,21041.9,94434.5,105288.1,128652.3,138251.0,148
2277.2,153846.0,33991.0,33717.0,43069.0,43069.0,67510.6,56457.8,14779.5,13547.7,0.0,70740.5,0.0,19042.9,72288.9,21053.4,94446.0,105276.5,128652.3,138251.0,148
2278.2,153846.0,33991.0,33717.0,43069.0,43069.0,67510.6,56457.8,14779.5,13547.7,0.0,70740.5,0.0,19053.9,72290.4,21071.2,94465.3,105258.7,128652.3,138251.0,148
2279.2,153846.0,33991.0,33717.0,43069.0,43069.0,67510.6,56457.8,14779.5,13547.7,0.0,70740.5,0.0,19065.1,72289.1,21076.4,94469.1,105253.6,128652.3,138251.1,148
2280.2,153846.0,33991.0,33717.0,43069.0,43069.0,67516.2,56463.3,14785.1,13553.3,0.0,70740.5,0.0,19081.2,72294.6,21108.5,94506.8,105221.4,128652.3,138256.6,148
2281.2,153846.0,33991.0,33717.0,43069.0,43069.0,67516.2,56463.3,14785.1,13553.3,0.0,70740.5,0.0,19092.9,72289.2,21104.1,94497.0,105225.8,128652.3,138256.6,148
2282.2,153846.0,33991.0,33717.0,43069.0,43069.0,67516.2,56463.3,14785.1,13553.3,0.0,70740.5,0.0,19103.6,72289.2,21115.3,94508.2,105214.6,128652.3,138256.7,148
2283.2,153846.0,33991.0,33717.0,43069.0,43069.0,67516.2,56463.3,14785.1,13553.3,0.0,70740.5,0.0,19114.4,72289.3,21123.4,94516.3,105206.6,128652.3,138256.7,148
2284.2,153846.0,33991.0,33717.0,43069.0,43069.0,67516.2,56463.3,14785.1,13553.3,0.0,70804.0,0.0,19059.8,72352.8,21070.1,94526.5,105259.9,128652.3,138320.2,148
2285.2,153846.0,33991.0,33717.0,43069.0,43069.0,67516.2,56463.3,14785.1,13553.3,0.0,70804.4,0.0,19068.1,72353.3,21075.2,94532.2,105254.8,128652.3,138320.6,148
2286.2,153846.0,33991.0,33717.0,43069.0,43069.0,67516.2,56463.3,14785.1,13553.3,0.0,71010.1,0.0,18916.4,72559.1,20923.7,94586.4,105406.2,128652.3,138526.3,148
2287.2,153846.0,33991.0,33717.0,43069.0,43069.0,67516.2,56463.3,14785.1,13553.3,0.0,71010.4,0.0,18925.3,72561.9,20933.5,94599.1,105396.4,128652.3,138526.6,148
2288.2,153846.0,33991.0,33717.0,43069.0,43069.0,67516.2,56463.3,14785.1,13553.3,0.0,71024.6,0.0,18938.2,72574.3,20937.5,94615.5,105392.4,128652.3,138540.8,148
2289.2,153846.0,33991.0,33717.0,43069.0,43069.0,67516.2,56463.3,14785.1,13553.3,0.0,71211.6,0.0,18700.1,72761.3,20702.0,94567.0,105627.9,128652.3,138727.7,148
2290.2,153846.0,33991.0,33717.0,43069.0,43069.0,67516.2,56463.3,14785.1,13553.3,0.0,71211.9,0.0,18706.4,72761.8,20706.0,94571.4,105623.9,128652.3,138728.0,148
2291.2,153846.0,33991.0,33717.0,43069.0,43069.0,67516.2,56463.4,14785.1,13553.3,0.0,71211.9,0.0,18717.8,72761.8,20722.6,94588.1,105607.3,128652.3,138728.1,148
2292.2,153846.0,33991.0,33717.0,43069.0,43069.0,67535.1,56482.3,14804.0,13572.3,0.0,71211.9,0.0,18726.5,72761.8,20731.9,94597.3,105598.0,128652.3,138747.0,148
2293.2,153846.0,33991.0,33717.0,43069.0,43069.0,67512.7,56459.9,14781.6,13549.9,0.0,71211.9,0.0,18730.8,72761.5,20732.1,94597.3,105597.8,128652.3,138724.6,148
2294.2,153846.0,33991.0,33717.0,43069.0,43069.0,67512.7,56459.9,14781.6,13549.9,0.0,71211.9,0.0,18738.7,72761.5,20739.4,94604.5,105590.5,128652.3,138724.6,148
2295.2,153846.0,33991.0,33717.0,43069.0,43069.0,67512.7,56459.9,14781.6,13549.9,0.0,71211.9,0.0,18748.9,72761.5,20748.0,94613.2,105581.9,128652.3,138724.6,148
2296.2,153846.0,33991.0,33717.0,43069.0,43069.0,67512.7,56459.9,14781.6,13549.9,0.0,71211.9,0.0,18756.9,72761.5,20756.7,94621.8,105573.2,128652.3,138724.6,148
2297.2,153846.0,33991.0,33717.0,43069.0,43069.0,67512.7,56459.9,14781.6,13549.9,0.0,71211.9,0.0,18767.8,72761.0,20764.4,94629.1,105565.5,128652.3,138724.6,148
2298.2,153846.0,33991.0,33717.0,43069.0,43069.0,67512.7,56459.9,14781.6,13549.9,0.0,71211.9,0.0,18777.1,72761.0,20769.5,94634.2,105560.4,128652.3,138724.6,148
2299.2,153846.0,33991.0,33717.0,43069.0,43069.0,67512.7,56459.9,14781.6,13549.9,0.0,71211.9,0.0,18786.6,72762.1,20782.7,94648.5,105547.2,128652.3,138724.6,148
2300.2,153846.0,33991.0,33717.0,43069.0,43069.0,67512.7,56459.9,14781.6,13549.9,0.0,71211.9,0.0,18797.7,72760.4,20791.8,94655.9,105538.1,128652.3,138724.6,148
2301.2,153846.0,33991.0,33717.0,43069.0,43069.0,67512.7,56459.9,14781.6,13549.9,0.0,71212.0,0.0,18807.6,72760.4,20799.7,94663.7,105530.2,128652.3,138724.7,148
2302.2,153846.0,33991.0,33717.0,43069.0,43069.0,67513.3,56460.4,14782.2,13550.4,0.0,71212.0,0.0,18815.2,72760.4,20811.4,94675.5,105518.5,128652.3,138725.3,148
2303.2,153846.0,33991.0,33717.0,43069.0,43069.0,67525.0,56472.2,14793.9,13562.2,0.0,71212.0,0.0,18836.7,72760.6,20833.3,94697.6,105496.6,128652.3,138737.0,148
2304.2,153846.0,33991.0,33717.0,43069.0,43069.0,67525.0,56472.2,14793.9,13562.2,0.0,71212.0,0.0,18845.2,72760.4,20839.5,94703.7,105490.4,128652.3,138737.0,148
2305.3,153846.0,33991.0,33717.0,43069.0,43069.0,67525.0,56472.2,14793.9,13562.2,0.0,71244.8,0.0,18822.6,72793.3,20815.6,94712.6,105514.3,128652.3,138769.8,148
2306.3,153846.0,33991.0,33717.0,43069.0,43069.0,67525.0,56472.2,14793.9,13562.2,0.0,71244.8,0.0,18834.4,72793.3,20829.9,94726.9,105499.9,128652.3,138769.8,148
2307.3,153846.0,33991.0,33717.0,43069.0,43069.0,67525.0,56472.2,14793.9,13562.2,0.0,71244.9,0.0,18844.0,72793.4,20841.2,94738.3,105488.7,128652.3,138769.9,148
2308.3,153846.0,33991.0,33717.0,43069.0,43069.0,67525.0,56472.2,14793.9,13562.2,0.0,71244.9,0.0,18855.8,72793.4,20851.7,94748.8,105478.2,128652.3,138769.9,148
2309.3,153846.0,33991.0,33717.0,43069.0,43069.0,67525.0,56472.2,14793.9,13562.2,0.0,71271.2,0.0,18867.1,72819.8,20862.6,94786.1,105467.3,128652.3,138796.2,148
2310.3,153846.0,33991.0,33717.0,43069.0,43069.0,67525.0,56472.2,14793.9,13562.2,0.0,71271.2,0.0,18877.6,72819.8,20872.8,94796.3,105457.1,128652.3,138796.2,148
2311.3,153846.0,33991.0,33717.0,43069.0,43069.0,67525.0,56472.2,14793.9,13562.2,0.0,71271.2,0.0,18889.7,72819.8,20885.9,94809.4,105444.0,128652.3,138796.2,148
2312.3,153846.0,33991.0,33717.0,43069.0,43069.0,67525.0,56472.2,14793.9,13562.2,0.0,71271.2,0.0,18900.8,72819.8,20897.5,94820.9,105432.4,128652.3,138796.2,148
2313.3,153846.0,33991.0,33717.0,43069.0,43069.0,67525.0,56472.2,14793.9,13562.2,0.0,71271.2,0.0,18912.0,72819.8,20906.9,94830.4,105423.0,128652.3,138796.2,148
2314.3,153846.0,33991.0,33717.0,43069.0,43069.0,67525.0,56472.2,14793.9,13562.2,0.0,71271.3,0.0,18923.6,72819.8,20917.1,94840.6,105412.8,128652.3,138796.3,148
2315.3,153846.0,33991.0,33717.0,43069.0,43069.0,67525.0,56472.2,14793.9,13562.2,0.0,71271.3,0.0,18932.3,72819.8,20926.2,94849.8,105403.6,128652.3,138796.3,148
2316.3,153846.0,33991.0,33717.0,43069.0,43069.0,67525.0,56472.2,14793.9,13562.2,0.0,71271.3,0.0,18945.8,72819.4,20941.2,94864.2,105388.7,128652.3,138796.3,148
2317.3,153846.0,33991.0,33717.0,43069.0,43069.0,67525.0,56472.2,14793.9,13562.2,0.0,71271.3,0.0,18956.1,72819.4,20950.3,94873.4,105379.5,128652.3,138796.3,148
2318.3,153846.0,33991.0,33717.0,43069.0,43069.0,67525.0,56472.2,14793.9,13562.2,0.0,71271.3,0.0,18966.9,72819.4,20969.6,94892.7,105360.3,128652.3,138796.3,148
2319.3,153846.0,33991.0,33717.0,43069.0,43069.0,67525.0,56472.2,14793.9,13562.2,0.0,71335.3,0.0,18915.6,72883.5,20919.5,94906.7,105410.3,128652.3,138860.3,148
2320.3,153846.0,33991.0,33717.0,43069.0,43069.0,67525.0,56472.2,14793.9,13562.2,0.0,71335.3,0.0,18925.2,72883.9,20924.0,94911.5,105405.9,128652.3,138860.3,148
2321.3,153846.0,33991.0,33717.0,43069.0,43069.0,67525.0,56472.2,14793.9,13562.2,0.0,71335.3,0.0,18937.7,72884.4,20941.5,94929.6,105388.4,128652.3,138860.3,148
2322.3,153846.0,33991.0,33717.0,43069.0,43069.0,67525.0,56472.2,14793.9,13562.2,0.0,71340.2,0.0,18947.7,72888.3,20945.7,94937.7,105384.2,128652.3,138865.2,148
2323.3,153846.0,33991.0,33717.0,43069.0,43069.0,67525.0,56472.2,14793.9,13562.2,0.0,71340.5,0.0,18959.9,72888.6,20960.9,94953.2,105369.0,128652.3,138865.5,148
2324.3,153846.0,33991.0,33717.0,43069.0,43069.0,67525.0,56472.2,14793.9,13562.2,0.0,71340.5,0.0,18971.0,72888.6,20972.9,94965.2,105356.9,128652.3,138865.5,148
2325.3,153846.0,33991.0,33717.0,43069.0,43069.0,67525.0,56472.2,14793.9,13562.2,0.0,71340.6,0.0,18980.5,72888.7,20982.3,94974.7,105347.6,128652.3,138865.6,148
2326.3,153846.0,33991.0,33717.0,43069.0,43069.0,67525.0,56472.2,14793.9,13562.2,0.0,71340.6,0.0,18992.0,72888.7,20995.4,94987.8,105334.5,128652.3,138865.6,148
2327.3,153846.0,33991.0,33717.0,43069.0,43069.0,67525.0,56472.2,14793.9,13562.2,0.0,71340.6,0.0,19005.9,72888.6,21012.3,95004.6,105317.6,128652.3,138865.6,148
2328.3,153846.0,33991.0,33717.0,43069.0,43069.0,67525.0,56472.2,14793.9,13562.2,0.0,71340.6,0.0,19016.1,72888.7,21020.6,95013.0,105309.2,128652.3,138865.6,148
2329.3,153846.0,33991.0,33717.0,43069.0,43069.0,67525.0,56472.2,14793.9,13562.2,0.0,71340.6,0.0,18982.0,72888.7,20986.0,94978.4,105343.8,128652.3,138865.6,148
2330.3,153846.0,33991.0,33717.0,43069.0,43069.0,67525.0,56472.2,14793.9,13562.2,0.0,71340.6,0.0,18988.0,72888.7,20997.2,94989.6,105332.7,128652.3,138865.6,148
2331.3,153846.0,33991.0,33717.0,43069.0,43069.0,67525.0,56472.2,14793.9,13562.2,0.0,71340.6,0.0,19001.7,72888.7,21009.2,95001.7,105320.7,128652.3,138865.6,148
2332.3,153846.0,33991.0,33717.0,43069.0,43069.0,67525.0,56472.2,14793.9,13562.2,0.0,71340.6,0.0,19013.1,72889.4,21023.2,95016.4,105306.6,128652.3,138865.6,148
2333.3,153846.0,33991.0,33717.0,43069.0,43069.0,67525.0,56472.2,14793.9,13562.2,0.0,71340.6,0.0,19023.6,72888.8,21032.8,95025.4,105297.1,128652.3,138865.6,148
2334.3,153846.0,33991.0,33717.0,43069.0,43069.0,67525.0,56472.2,14793.9,13562.2,0.0,71340.6,0.0,19035.7,72888.8,21043.6,95036.2,105286.2,128652.3,138865.6,148
2335.3,153846.0,33991.0,33717.0,43069.0,43069.0,67525.0,56472.2,14793.9,13562.2,0.0,71340.6,0.0,19045.1,72888.8,21049.6,95042.2,105280.3,128652.3,138865.6,148
2336.3,153846.0,33991.0,33717.0,43069.0,43069.0,67525.0,56472.2,14793.9,13562.2,0.0,71404.5,0.0,18994.0,72952.8,20996.8,95053.4,105333.1,128652.3,138929.5,148
2337.3,153846.0,33991.0,33717.0,43069.0,43069.0,67525.0,56472.2,14793.9,13562.2,0.0,71404.5,0.0,18998.4,72953.0,21001.3,95058.1,105328.5,128652.3,138929.5,148
2338.3,153846.0,33991.0,33717.0,43069.0,43069.0,67525.0,56472.2,14793.9,13562.2,0.0,71404.5,0.0,19012.4,72953.0,21017.2,95074.0,105312.7,128652.3,138929.5,148
2339.3,153846.0,33991.0,33717.0,43069.0,43069.0,67525.0,56472.2,14793.9,13562.2,0.0,71404.6,0.0,19028.3,72952.7,21034.3,95090.7,105295.6,128652.3,138929.6,148
2340.3,153846.0,33991.0,33717.0,43069.0,43069.0,67525.0,56472.2,14793.9,13562.2,0.0,71404.6,0.0,19038.2,72952.7,21041.7,95098.1,105288.2,128652.3,138929.6,148
2341.3,153846.0,33991.0,33717.0,43069.0,43069.0,67525.6,56472.7,14794.4,13562.7,0.0,71404.6,0.0,19050.0,72954.2,21055.1,95113.0,105274.7,128652.3,138930.1,148
2342.3,153846.0,33991.0,33717.0,43069.0,43069.0,67525.6,56472.7,14794.4,13562.7,0.0,71404.6,0.0,19059.8,72954.4,21062.6,95120.7,105267.2,128652.3,138930.1,148
2343.3,153846.0,33991.0,33717.0,43069.0,43069.0,67525.6,56472.7,14794.4,13562.7,0.0,71404.6,0.0,19070.3,72954.3,21072.1,95130.1,105257.8,128652.3,138930.1,148
2344.3,153846.0,33991.0,33717.0,43069.0,43069.0,67526.1,56473.2,14795.0,13563.2,0.0,71404.7,0.0,19082.8,72953.9,21085.8,95143.5,105244.0,128652.3,138930.8,148
2345.3,153846.0,33991.0,33717.0,43069.0,43069.0,67526.1,56473.2,14794.9,13563.2,0.0,71404.7,0.0,19094.7,72953.8,21099.9,95157.4,105230.0,128652.3,138930.8,148
2346.3,153846.0,33991.0,33717.0,43069.0,43069.0,67526.1,56473.2,14795.0,13563.2,0.0,71404.7,0.0,19103.4,72953.3,21105.9,95163.0,105224.0,128652.3,138930.8,148
2347.3,153846.0,33991.0,33717.0,43069.0,43069.0,67526.1,56473.2,14794.9,13563.2,0.0,71404.7,0.0,19116.4,72954.1,21118.9,95176.8,105210.9,128652.3,138930.8,148
2348.3,153846.0,33991.0,33717.0,43069.0,43069.0,67526.1,56473.2,14794.9,13563.2,0.0,71404.8,0.0,19127.8,72953.7,21129.9,95187.3,105200.0,128652.3,138930.8,148
2349.3,153846.0,33991.0,33717.0,43069.0,43069.0,67526.1,56473.2,14794.9,13563.2,0.0,71404.8,0.0,19138.5,72953.7,21135.9,95193.4,105193.9,128652.3,138930.8,148
2350.3,153846.0,33991.0,33717.0,43069.0,43069.0,67526.1,56473.2,14794.9,13563.2,0.0,71404.8,0.0,19150.6,72953.7,21146.5,95204.0,105183.3,128652.3,138930.8,148
2351.3,153846.0,33991.0,33717.0,43069.0,43069.0,67554.7,56501.9,14823.6,13591.9,0.0,71404.8,0.0,19194.5,72956.3,21203.4,95263.5,105126.4,128652.3,138959.5,148
2352.3,153846.0,33991.0,33717.0,43069.0,43069.0,67522.7,56469.8,14791.6,13559.8,0.0,71404.8,0.0,19170.8,72953.0,21168.0,95224.8,105161.8,128652.3,138927.4,148
2353.3,153846.0,33991.0,33717.0,43069.0,43069.0,67522.7,56469.8,14791.6,13559.8,0.0,71404.8,0.0,19179.1,72955.2,21187.1,95246.1,105142.7,128652.3,138927.4,148
2354.3,153846.0,33991.0,33717.0,43069.0,43069.0,67522.7,56469.8,14791.6,13559.8,0.0,71404.8,0.0,19193.3,72954.6,21205.3,95263.7,105124.5,128652.3,138927.5,148
2355.3,153846.0,33991.0,33717.0,43069.0,43069.0,67522.7,56469.8,14791.6,13559.8,0.0,71404.8,0.0,19205.5,72953.4,21218.7,95275.9,105111.1,128652.3,138927.5,148
2356.3,153846.0,33991.0,33717.0,43069.0,43069.0,67522.7,56469.8,14791.6,13559.8,0.0,71404.8,0.0,19212.7,72953.4,21227.0,95284.2,105102.8,128652.3,138927.5,148
2357.3,153846.0,33991.0,33717.0,43069.0,43069.0,67522.7,56469.8,14791.6,13559.8,0.0,71404.8,0.0,19226.2,72953.4,21241.0,95298.2,105088.8,128652.3,138927.5,148
2358.3,153846.0,33991.0,33717.0,43069.0,43069.0,67522.7,56469.8,14791.6,13559.8,0.0,71404.8,0.0,19235.8,72953.4,21255.8,95313.0,105074.0,128652.3,138927.5,148
2359.3,153846.0,33991.0,33717.0,43069.0,43069.0,67522.7,56469.8,14791.6,13559.8,0.0,71404.8,0.0,19246.1,72953.4,21269.3,95326.4,105060.6,128652.3,138927.5,148
2360.3,153846.0,33991.0,33717.0,43069.0,43069.0,67522.7,56469.8,14791.6,13559.8,0.0,71404.9,0.0,19260.3,72953.2,21279.6,95336.6,105050.2,128652.3,138927.6,148
2361.3,153846.0,33991.0,33717.0,43069.0,43069.0,67522.7,56469.8,14791.6,13559.8,0.0,71404.9,0.0,19272.5,72953.3,21295.1,95352.1,105034.8,128652.3,138927.6,148
2362.3,153846.0,33991.0,33717.0,43069.0,43069.0,67522.7,56469.8,14791.6,13559.8,0.0,71466.6,0.0,19280.1,73015.1,21305.4,95424.2,105024.4,128652.3,138989.3,148
2363.3,153846.0,33991.0,33717.0,43069.0,43069.0,67522.7,56469.8,14791.6,13559.8,0.0,71466.6,0.0,19290.3,73015.1,21319.0,95437.8,105010.9,128652.3,138989.3,148
2364.3,153846.0,33991.0,33717.0,43069.0,43069.0,67522.7,56469.8,14791.6,13559.8,0.0,71466.6,0.0,19303.6,73019.0,21337.9,95460.7,104991.9,128652.3,138989.3,148
2365.3,153846.0,33991.0,33717.0,43069.0,43069.0,67522.7,56469.8,14791.6,13559.8,0.0,71466.6,0.0,19314.1,73016.3,21343.1,95463.3,104986.7,128652.3,138989.3,148
2366.3,153846.0,33991.0,33717.0,43069.0,43069.0,67522.7,56469.8,14791.6,13559.8,0.0,71530.6,0.0,19263.2,73079.4,21287.5,95470.7,105042.3,128652.3,139053.3,148
2367.3,153846.0,33991.0,33717.0,43069.0,43069.0,67522.7,56469.8,14791.6,13559.8,0.0,71530.7,0.0,19272.7,73079.4,21298.2,95481.5,105031.6,128652.3,139053.3,148
2368.3,153846.0,33991.0,33717.0,43069.0,43069.0,67522.7,56469.8,14791.6,13559.8,0.0,71530.7,0.0,19285.3,73079.2,21303.5,95486.4,105026.4,128652.3,139053.3,148
2369.3,153846.0,33991.0,33717.0,43069.0,43069.0,67522.7,56469.8,14791.6,13559.8,0.0,71530.7,0.0,19295.1,73079.2,21314.8,95497.7,105015.1,128652.3,139053.4,148
2370.3,153846.0,33991.0,33717.0,43069.0,43069.0,67522.7,56469.8,14791.6,13559.8,0.0,71530.7,0.0,19308.4,73079.2,21328.3,95511.3,105001.5,128652.3,139053.4,148
2371.3,153846.0,33991.0,33717.0,43069.0,43069.0,67522.7,56469.8,14791.6,13559.8,0.0,71530.7,0.0,19318.6,73079.2,21341.7,95524.7,104988.1,128652.3,139053.4,148
2372.3,153846.0,33991.0,33717.0,43069.0,43069.0,67522.7,56469.8,14791.6,13559.8,0.0,71530.7,0.0,19332.3,73079.2,21354.7,95537.7,104975.1,128652.3,139053.4,148
2373.3,153846.0,33991.0,33717.0,43069.0,43069.0,67522.7,56469.8,14791.6,13559.8,0.0,71530.7,0.0,19341.9,73079.9,21364.2,95547.9,104965.6,128652.3,139053.4,148
2374.3,153846.0,33991.0,33717.0,43069.0,43069.0,67522.7,56469.8,14791.6,13559.8,0.0,71530.7,0.0,19355.0,73079.9,21375.2,95558.9,104954.6,128652.3,139053.4,148
2375.3,153846.0,33991.0,33717.0,43069.0,43069.0,67522.7,56469.8,14791.6,13559.8,0.0,71530.7,0.0,19363.9,73079.9,21384.2,95567.9,104945.6,128652.3,139053.4,148
2376.3,153846.0,33991.0,33717.0,43069.0,43069.0,67522.7,56469.8,14791.6,13559.8,0.0,71530.7,0.0,19379.4,73079.7,21397.4,95580.8,104932.4,128652.3,139053.4,148
2377.3,153846.0,33991.0,33717.0,43069.0,43069.0,67522.7,56469.8,14791.6,13559.8,0.0,71530.7,0.0,19385.9,73079.7,21400.9,95584.3,104928.9,128652.3,139053.4,148
2378.3,153846.0,33991.0,33717.0,43069.0,43069.0,67522.7,56469.8,14791.6,13559.8,0.0,71799.2,0.0,19230.9,73348.6,21246.5,95698.9,105083.3,128652.3,139321.9,148
2379.3,153846.0,33991.0,33717.0,43069.0,43069.0,67522.7,56469.8,14791.6,13559.8,0.0,72135.4,0.0,18917.4,73684.9,20931.8,95720.4,105398.0,128652.3,139658.1,148
2380.3,153846.0,33991.0,33717.0,43069.0,43069.0,67522.7,56469.8,14791.6,13559.8,0.0,72135.4,0.0,18925.0,73684.9,20939.0,95727.6,105390.8,128652.3,139658.1,148
2381.3,153846.0,33991.0,33717.0,43069.0,43069.0,67522.7,56469.8,14791.6,13559.8,0.0,72181.0,0.0,18889.3,73731.1,20902.0,95736.9,105427.8,128652.3,139703.7,148
2382.3,153846.0,33991.0,33717.0,43069.0,43069.0,67522.7,56469.8,14791.6,13559.8,0.0,72181.2,0.0,18903.5,73731.2,20916.9,95751.9,105412.9,128652.3,139703.8,148
2383.3,153846.0,33991.0,33717.0,43069.0,43069.0,67522.7,56469.8,14791.6,13559.8,0.0,72180.9,0.0,18915.7,73730.9,20927.6,95762.3,105402.2,128652.3,139703.6,148
2384.3,153846.0,33991.0,33717.0,43069.0,43069.0,67522.7,56469.8,14791.5,13559.8,0.0,72180.9,0.0,18927.7,73730.9,20937.4,95772.1,105392.4,128652.3,139703.6,148
2385.3,153846.0,33991.0,33717.0,43069.0,43069.0,67522.7,56469.8,14791.5,13559.8,0.0,72180.9,0.0,18938.8,73731.0,20944.3,95779.1,105385.5,128652.3,139703.6,148
2386.3,153846.0,33991.0,33717.0,43069.0,43069.0,67522.7,56469.8,14791.5,13559.8,0.0,72180.9,0.0,18950.1,73730.9,20956.8,95791.5,105373.0,128652.3,139703.6,148
2387.3,153846.0,33991.0,33717.0,43069.0,43069.0,67522.7,56469.8,14791.5,13559.8,0.0,72180.9,0.0,18959.3,73730.9,20964.9,95799.7,105364.9,128652.3,139703.6,148
2388.3,153846.0,33991.0,33717.0,43069.0,43069.0,67522.7,56469.8,14791.5,13559.8,0.0,72180.9,0.0,18970.0,73730.9,20976.2,95811.0,105353.6,128652.3,139703.6,148
2389.3,153846.0,33991.0,33717.0,43069.0,43069.0,67522.7,56469.8,14791.6,13559.8,0.0,72180.9,0.0,18980.4,73730.9,20986.6,95821.3,105343.2,128652.3,139703.6,148
2390.3,153846.0,33991.0,33717.0,43069.0,43069.0,67522.7,56469.8,14791.6,13559.8,0.0,72180.9,0.0,18989.1,73730.9,20997.1,95831.8,105332.7,128652.3,139703.6,148
2391.3,153846.0,33991.0,33717.0,43069.0,43069.0,67522.7,56469.9,14791.6,13559.9,0.0,72181.0,0.0,19003.1,73731.0,21009.3,95844.1,105320.5,128652.3,139703.7,148
2392.3,153846.0,33991.0,33717.0,43069.0,43069.0,67522.7,56469.9,14791.6,13559.9,0.0,72181.0,0.0,19013.8,73731.0,21018.4,95853.2,105311.4,128652.3,139703.7,148
2393.3,153846.0,33991.0,33717.0,43069.0,43069.0,67522.7,56469.9,14791.6,13559.9,0.0,72181.0,0.0,19023.6,73731.0,21026.0,95860.8,105303.8,128652.3,139703.7,148
2394.3,153846.0,33991.0,33717.0,43069.0,43069.0,67522.7,56469.9,14791.6,13559.9,0.0,72181.0,0.0,19033.9,73731.0,21035.7,95870.5,105294.1,128652.3,139703.7,148
2395.3,153846.0,33991.0,33717.0,43069.0,43069.0,67522.7,56469.9,14791.6,13559.9,0.0,72181.0,0.0,19044.6,73731.0,21045.5,95880.4,105284.2,128652.3,139703.7,148
2396.3,153846.0,33991.0,33717.0,43069.0,43069.0,67522.7,56469.9,14791.6,13559.9,0.0,72181.0,0.0,19054.4,73731.0,21053.4,95888.2,105276.4,128652.3,139703.7,148
2397.3,153846.0,33991.0,33717.0,43069.0,43069.0,67522.7,56469.9,14791.6,13559.9,0.0,72181.2,0.0,19063.6,73730.7,21064.5,95899.0,105265.3,128652.3,139703.9,148
2398.3,153846.0,33991.0,33717.0,43069.0,43069.0,67522.7,56469.9,14791.6,13559.9,0.0,72181.2,0.0,19074.4,73730.7,21074.6,95909.1,105255.2,128652.3,139703.9,148
2399.3,153846.0,33991.0,33717.0,43069.0,43069.0,67522.7,56469.9,14791.6,13559.9,0.0,72181.2,0.0,19084.5,73730.7,21085.0,95919.6,105244.7,128652.3,139703.9,148
2400.3,153846.0,33991.0,33717.0,43069.0,43069.0,67522.7,56469.9,14791.6,13559.9,0.0,72181.2,0.0,19095.2,73731.1,21098.2,95933.1,105231.5,128652.3,139703.9,148
2401.3,153846.0,33991.0,33717.0,43069.0,43069.0,67522.7,56469.9,14791.6,13559.9,0.0,72181.2,0.0,19105.6,73731.1,21115.5,95950.4,105214.3,128652.3,139703.9,148
2402.3,153846.0,33991.0,33717.0,43069.0,43069.0,67522.7,56469.9,14791.6,13559.9,0.0,72181.2,0.0,19116.6,73731.7,21129.2,95964.7,105200.6,128652.3,139703.9,148
2403.3,153846.0,33991.0,33717.0,43069.0,43069.0,67522.7,56469.9,14791.6,13559.9,0.0,72181.2,0.0,19127.3,73731.6,21138.6,95974.1,105191.2,128652.3,139703.9,148
2404.3,153846.0,33991.0,33717.0,43069.0,43069.0,67522.7,56469.9,14791.6,13559.9,0.0,72181.2,0.0,19136.8,73731.6,21150.1,95985.6,105179.7,128652.3,139703.9,148
2405.3,153846.0,33991.0,33717.0,43069.0,43069.0,67522.7,56469.9,14791.6,13559.9,0.0,72181.2,0.0,19148.9,73731.6,21161.2,95996.7,105168.5,128652.3,139703.9,148
2406.3,153846.0,33991.0,33717.0,43069.0,43069.0,67522.7,56469.9,14791.6,13559.9,0.0,72181.2,0.0,19159.1,73731.6,21172.1,96007.6,105157.6,128652.3,139703.9,148
2407.3,153846.0,33991.0,33717.0,43069.0,43069.0,67522.7,56469.9,14791.6,13559.9,0.0,72181.2,0.0,19169.1,73731.6,21181.9,96017.4,105147.8,128652.3,139703.9,148
2408.3,153846.0,33991.0,33717.0,43069.0,43069.0,67522.7,56469.9,14791.6,13559.9,0.0,72181.3,0.0,19177.5,73731.6,21188.7,96024.1,105141.1,128652.3,139703.9,148
2409.3,153846.0,33991.0,33717.0,43069.0,43069.0,67522.7,56469.9,14791.6,13559.9,0.0,72181.3,0.0,19188.4,73731.6,21194.6,96030.0,105135.2,128652.3,139703.9,148
2410.3,153846.0,33991.0,33717.0,43069.0,43069.0,67522.7,56469.9,14791.6,13559.9,0.0,72181.3,0.0,19198.6,73731.6,21204.4,96039.8,105125.4,128652.3,139703.9,148
2411.3,153846.0,33991.0,33717.0,43069.0,43069.0,67522.7,56469.9,14791.6,13559.9,0.0,72181.3,0.0,19208.4,73731.6,21213.8,96049.3,105115.9,128652.3,139704.0,148
2412.3,153846.0,33991.0,33717.0,43069.0,43069.0,67522.7,56469.9,14791.6,13559.9,0.0,72181.3,0.0,19219.6,73731.6,21218.6,96054.0,105111.2,128652.3,139704.0,148
2413.3,153846.0,33991.0,33717.0,43069.0,43069.0,67522.7,56469.9,14791.6,13559.9,0.0,72181.3,0.0,19230.1,73732.1,21293.7,96129.6,105036.1,128652.3,139704.0,148
2414.3,153846.0,33991.0,33717.0,43069.0,43069.0,67522.7,56469.9,14791.6,13559.9,0.0,72181.3,0.0,19239.6,73731.5,21241.2,96076.5,105088.6,128652.3,139704.0,148
2415.3,153846.0,33991.0,33717.0,43069.0,43069.0,67522.7,56469.9,14791.6,13559.9,0.0,72181.3,0.0,19249.5,73731.5,21250.6,96085.9,105079.2,128652.3,139704.0,148
2416.3,153846.0,33991.0,33717.0,43069.0,43069.0,67522.7,56469.9,14791.6,13559.9,0.0,72181.6,0.0,19261.1,73731.8,21261.1,96096.8,105068.7,128652.3,139704.3,148
2417.3,153846.0,33991.0,33717.0,43069.0,43069.0,67522.7,56469.9,14791.6,13559.9,0.0,72181.6,0.0,19271.0,73732.0,21271.6,96107.4,105058.1,128652.3,139704.3,148
2418.3,153846.0,33991.0,33717.0,43069.0,43069.0,67522.7,56469.9,14791.6,13559.9,0.0,72181.7,0.0,19279.5,73732.0,21278.3,96114.1,105051.5,128652.3,139704.4,148
2419.3,153846.0,33991.0,33717.0,43069.0,43069.0,67522.7,56469.9,14791.6,13559.9,0.0,72181.7,0.0,19291.0,73731.9,21290.4,96126.1,105039.4,128652.3,139704.4,148
2420.3,153846.0,33991.0,33717.0,43069.0,43069.0,67522.7,56469.9,14791.6,13559.9,0.0,72181.7,0.0,19300.8,73731.9,21300.6,96136.4,105029.1,128652.3,139704.4,148
2421.3,153846.0,33991.0,33717.0,43069.0,43069.0,67522.7,56469.9,14791.6,13559.9,0.0,72181.7,0.0,19309.2,73731.9,21310.5,96146.2,105019.3,128652.3,139704.4,148
2422.3,153846.0,33991.0,33717.0,43069.0,43069.0,67522.7,56469.9,14791.6,13559.9,0.0,72181.7,0.0,19319.6,73731.9,21319.8,96155.6,105009.9,128652.3,139704.4,148
2423.3,153846.0,33991.0,33717.0,43069.0,43069.0,67522.7,56469.9,14791.6,13559.9,0.0,72181.7,0.0,19330.8,73732.0,21329.3,96165.1,105000.5,128652.3,139704.4,148
2424.3,153846.0,33991.0,33717.0,43069.0,43069.0,67522.7,56469.9,14791.6,13559.9,0.0,72181.7,0.0,19341.0,73732.3,21335.0,96171.1,104994.8,128652.3,139704.4,148
2425.3,153846.0,33991.0,33717.0,43069.0,43069.0,67522.7,56469.9,14791.6,13559.9,0.0,72181.8,0.0,19352.5,73732.3,21346.9,96183.0,104982.8,128652.3,139704.4,148
2426.3,153846.0,33991.0,33717.0,43069.0,43069.0,67522.7,56469.9,14791.6,13559.9,0.0,72220.9,0.0,19325.5,73771.5,21323.8,96199.2,105005.9,128652.3,139743.6,148
2427.3,153846.0,33991.0,33717.0,43069.0,43069.0,67522.7,56469.9,14791.6,13559.9,0.0,72220.9,0.0,19335.3,73771.5,21332.1,96207.4,104997.7,128652.3,139743.6,148
2428.3,153846.0,33991.0,33717.0,43069.0,43069.0,67522.7,56469.9,14791.6,13559.9,0.0,72220.9,0.0,19346.1,73771.6,21344.0,96219.4,104985.8,128652.3,139743.6,148
2429.3,153846.0,33991.0,33717.0,43069.0,43069.0,67522.7,56469.9,14791.6,13559.9,0.0,72220.9,0.0,19356.7,73771.6,21353.3,96228.7,104976.5,128652.3,139743.6,148
2430.3,153846.0,33991.0,33717.0,43069.0,43069.0,67522.7,56469.9,14791.6,13559.9,0.0,72220.9,0.0,19367.7,73771.6,21363.4,96238.9,104966.3,128652.3,139743.6,148
2431.3,153846.0,33991.0,33717.0,43069.0,43069.0,67522.7,56469.9,14791.6,13559.9,0.0,72220.9,0.0,19378.8,73771.2,21373.4,96248.5,104956.3,128652.3,139743.6,148
2432.3,153846.0,33991.0,33717.0,43069.0,43069.0,67522.7,56469.9,14791.6,13559.9,0.0,72221.1,0.0,19389.3,73771.8,21383.8,96259.4,104946.0,128652.3,139743.8,148
2433.3,153846.0,33991.0,33717.0,43069.0,43069.0,67522.7,56469.9,14791.6,13559.9,0.0,72221.1,0.0,19400.1,73771.8,21394.8,96270.5,104934.9,128652.3,139743.8,148
2434.3,153846.0,33991.0,33717.0,43069.0,43069.0,67524.4,56471.5,14793.2,13561.5,0.0,72221.1,0.0,19412.8,73772.6,21405.5,96282.0,104924.3,128652.3,139745.5,148
2435.3,153846.0,33991.0,33717.0,43069.0,43069.0,67524.4,56471.5,14793.2,13561.5,0.0,72221.1,0.0,19425.0,73771.9,21413.3,96289.0,104916.5,128652.3,139745.5,148
2436.3,153846.0,33991.0,33717.0,43069.0,43069.0,67524.4,56471.5,14793.2,13561.5,0.0,72221.1,0.0,19437.0,73772.6,21424.3,96300.7,104905.4,128652.3,139745.5,148
2437.3,153846.0,33991.0,33717.0,43069.0,43069.0,67524.4,56471.5,14793.2,13561.5,0.0,72221.1,0.0,19447.9,73772.6,21435.5,96311.9,104894.3,128652.3,139745.5,148
2438.3,153846.0,33991.0,33717.0,43069.0,43069.0,67524.4,56471.5,14793.2,13561.5,0.0,72221.1,0.0,19458.1,73772.6,21442.8,96319.2,104887.0,128652.3,139745.5,148
2439.3,153846.0,33991.0,33717.0,43069.0,43069.0,67524.4,56471.5,14793.2,13561.5,0.0,72221.1,0.0,19469.0,73772.6,21451.9,96328.3,104877.9,128652.3,139745.5,148
2440.3,153846.0,33991.0,33717.0,43069.0,43069.0,67524.4,56471.5,14793.2,13561.5,0.0,72221.2,0.0,19480.7,73772.6,21462.7,96339.2,104867.0,128652.3,139745.5,148
2441.3,153846.0,33991.0,33717.0,43069.0,43069.0,67524.4,56471.5,14793.2,13561.5,0.0,72221.2,0.0,19492.4,73772.6,21474.1,96350.6,104855.6,128652.3,139745.5,148
2442.3,153846.0,33991.0,33717.0,43069.0,43069.0,67529.7,56476.9,14798.6,13566.9,0.0,72221.2,0.0,19506.2,73774.5,21499.2,96377.6,104830.5,128652.3,139750.9,148
2443.3,153846.0,33991.0,33717.0,43069.0,43069.0,67529.7,56476.9,14798.6,13566.9,0.0,72221.2,0.0,19518.3,73772.0,21504.9,96380.7,104824.9,128652.3,139750.9,148
2444.3,153846.0,33991.0,33717.0,43069.0,43069.0,67529.7,56476.9,14798.6,13566.9,0.0,72221.2,0.0,19529.8,73771.8,21514.4,96390.0,104815.4,128652.3,139750.9,148
2445.3,153846.0,33991.0,33717.0,43069.0,43069.0,67529.7,56476.9,14798.6,13566.9,0.0,72221.2,0.0,19539.3,73771.7,21522.8,96398.4,104806.9,128652.3,139750.9,148
2446.3,153846.0,33991.0,33717.0,43069.0,43069.0,67529.7,56476.9,14798.6,13566.9,0.0,72221.2,0.0,19551.6,73771.7,21534.4,96410.0,104795.4,128652.3,139750.9,148
2447.3,153846.0,33991.0,33717.0,43069.0,43069.0,67529.7,56476.9,14798.6,13566.9,0.0,72221.2,0.0,19563.8,73771.7,21545.1,96420.7,104784.6,128652.3,139750.9,148
2448.3,153846.0,33991.0,33717.0,43069.0,43069.0,67529.7,56476.9,14798.6,13566.9,0.0,72221.2,0.0,19574.0,73771.7,21553.3,96428.8,104776.4,128652.3,139750.9,148
2449.3,153846.0,33991.0,33717.0,43069.0,43069.0,67529.7,56476.9,14798.6,13566.9,0.0,72221.2,0.0,19583.6,73772.6,21565.5,96442.0,104764.2,128652.3,139750.9,148
2450.3,153846.0,33991.0,33717.0,43069.0,43069.0,67529.7,56476.9,14798.6,13566.9,0.0,72221.2,0.0,19594.0,73771.7,21572.8,96448.4,104756.9,128652.3,139750.9,148
2451.4,153846.0,33991.0,33717.0,43069.0,43069.0,67529.7,56476.9,14798.6,13566.9,0.0,72221.2,0.0,19608.1,73772.0,21593.8,96469.7,104735.9,128652.3,139751.0,148
2452.4,153846.0,33991.0,33717.0,43069.0,43069.0,67529.7,56476.9,14798.6,13566.9,0.0,72221.2,0.0,19619.4,73771.6,21603.5,96479.0,104726.2,128652.3,139751.0,148
2453.4,153846.0,33991.0,33717.0,43069.0,43069.0,67529.7,56476.9,14798.6,13566.9,0.0,72221.2,0.0,19630.1,73771.6,21613.2,96488.7,104716.6,128652.3,139751.0,148
2454.4,153846.0,33991.0,33717.0,43069.0,43069.0,67529.7,56476.9,14798.6,13566.9,0.0,72221.3,0.0,19640.8,73772.2,21634.1,96510.2,104695.6,128652.3,139751.1,148
2455.4,153846.0,33991.0,33717.0,43069.0,43069.0,67529.7,56476.9,14798.6,13566.9,0.0,72221.4,0.0,19653.0,73772.2,21642.0,96518.0,104687.7,128652.3,139751.1,148
2456.4,153846.0,33991.0,33717.0,43069.0,43069.0,67529.7,56476.9,14798.6,13566.9,0.0,72221.4,0.0,19664.2,73772.2,21654.8,96530.9,104674.9,128652.3,139751.1,148
2457.4,153846.0,33991.0,33717.0,43069.0,43069.0,67529.7,56476.9,14798.6,13566.9,0.0,72221.4,0.0,19671.8,73772.2,21664.4,96540.5,104665.3,128652.3,139751.1,148
2458.4,153846.0,33991.0,33717.0,43069.0,43069.0,67529.7,56476.9,14798.6,13566.9,0.0,72221.4,0.0,19683.8,73773.3,21677.4,96554.5,104652.3,128652.3,139751.1,148
2459.4,153846.0,33991.0,33717.0,43069.0,43069.0,67529.7,56476.9,14798.6,13566.9,0.0,72284.9,0.0,19630.2,73835.4,21614.8,96554.1,104715.0,128652.3,139814.6,148
2460.4,153846.0,33991.0,33717.0,43069.0,43069.0,67529.7,56476.9,14798.6,13566.9,0.0,72285.4,0.0,19640.3,73836.0,21623.9,96563.8,104705.8,128652.3,139815.1,148
2461.4,153846.0,33991.0,33717.0,43069.0,43069.0,67529.7,56476.9,14798.6,13566.9,0.0,72285.4,0.0,19651.8,73836.0,21636.6,96576.5,104693.1,128652.3,139815.1,148
2462.4,153846.0,33991.0,33717.0,43069.0,43069.0,67529.7,56476.9,14798.6,13566.9,0.0,72285.4,0.0,19663.1,73836.0,21648.2,96588.0,104681.5,128652.3,139815.1,148
2463.4,153846.0,33991.0,33717.0,43069.0,43069.0,67529.7,56476.9,14798.6,13566.9,0.0,72285.4,0.0,19674.9,73836.0,21658.7,96598.6,104671.0,128652.3,139815.1,148
2464.4,153846.0,33991.0,33717.0,43069.0,43069.0,67529.7,56476.9,14798.6,13566.9,0.0,72285.4,0.0,19686.0,73836.0,21671.0,96610.9,104658.7,128652.3,139815.1,148
2465.4,153846.0,33991.0,33717.0,43069.0,43069.0,67529.7,56476.9,14798.6,13566.9,0.0,72285.4,0.0,19696.8,73836.0,21680.2,96620.0,104649.6,128652.3,139815.1,148
2466.4,153846.0,33991.0,33717.0,43069.0,43069.0,67529.7,56476.9,14798.6,13566.9,0.0,72285.4,0.0,19708.2,73836.0,21695.2,96635.0,104634.6,128652.3,139815.1,148
2467.4,153846.0,33991.0,33717.0,43069.0,43069.0,67529.7,56476.9,14798.6,13566.9,0.0,72384.5,0.0,19591.3,73935.2,21580.1,96619.2,104749.7,128652.3,139914.2,148
2468.4,153846.0,33991.0,33717.0,43069.0,43069.0,67529.7,56476.9,14798.6,13566.9,0.0,72384.6,0.0,19601.0,73935.4,21585.7,96625.0,104744.0,128652.3,139914.3,148
2469.4,153846.0,33991.0,33717.0,43069.0,43069.0,67529.7,56476.9,14798.6,13566.9,0.0,72384.6,0.0,19614.0,73935.4,21595.8,96635.1,104733.9,128652.3,139914.3,148
2470.4,153846.0,33991.0,33717.0,43069.0,43069.0,67529.7,56476.9,14798.6,13566.9,0.0,72384.6,0.0,19624.1,73935.4,21604.8,96644.1,104724.9,128652.3,139914.3,148
2471.4,153846.0,33991.0,33717.0,43069.0,43069.0,67529.7,56476.9,14798.6,13566.9,0.0,72384.6,0.0,19635.5,73935.4,21618.8,96658.1,104710.9,128652.3,139914.4,148
2472.4,153846.0,33991.0,33717.0,43069.0,43069.0,67529.7,56476.9,14798.6,13566.9,0.0,72384.6,0.0,19646.4,73935.4,21630.6,96669.8,104699.1,128652.3,139914.4,148
2473.4,153846.0,33991.0,33717.0,43069.0,43069.0,67540.3,56487.4,14809.1,13577.4,0.0,72448.6,0.0,19606.1,73999.7,21599.6,96703.1,104730.2,128652.3,139988.9,148
2474.4,153846.0,33991.0,33717.0,43069.0,43069.0,67540.3,56487.4,14809.1,13577.4,0.0,72448.6,0.0,19616.4,74001.6,21606.9,96712.4,104722.8,128652.3,139988.9,148
2475.4,153846.0,33991.0,33717.0,43069.0,43069.0,67541.8,56489.0,14810.7,13579.0,0.0,72448.6,0.0,19626.8,74001.4,21633.7,96738.9,104696.1,128652.3,139990.4,148
2476.4,153846.0,33991.0,33717.0,43069.0,43069.0,67544.8,56492.0,14813.7,13582.0,0.0,72448.6,0.0,19641.2,74001.8,21646.1,96751.8,104683.6,128652.3,139993.4,148
2477.4,153846.0,33991.0,33717.0,43069.0,43069.0,67546.6,56493.8,14815.4,13583.7,0.0,72448.6,0.0,19654.9,74002.8,21671.4,96778.1,104658.3,128652.3,139995.2,148
2478.4,153846.0,33991.0,33717.0,43069.0,43069.0,67546.6,56493.8,14815.5,13583.7,0.0,72448.6,0.0,19663.4,74001.8,21682.5,96788.2,104647.2,128652.3,139995.2,148
2479.4,153846.0,33991.0,33717.0,43069.0,43069.0,67546.6,56493.8,14815.5,13583.7,0.0,72448.6,0.0,19674.3,74001.8,21695.1,96800.8,104634.6,128652.3,139995.2,148
2480.4,153846.0,33991.0,33717.0,43069.0,43069.0,67546.6,56493.8,14815.5,13583.7,0.0,72448.7,0.0,19682.5,74001.4,21703.3,96808.6,104626.4,128652.3,139995.2,148
2481.4,153846.0,33991.0,33717.0,43069.0,43069.0,67546.6,56493.8,14815.5,13583.7,0.0,72448.7,0.0,19694.4,74001.4,21714.9,96820.2,104614.8,128652.3,139995.3,148
2482.4,153846.0,33991.0,33717.0,43069.0,43069.0,67546.6,56493.8,14815.5,13583.7,0.0,72448.7,0.0,19704.8,74001.4,21726.1,96831.4,104603.6,128652.3,139995.3,148
2483.4,153846.0,33991.0,33717.0,43069.0,43069.0,67546.6,56493.8,14815.5,13583.7,0.0,72448.7,0.0,19716.9,74001.4,21737.6,96842.9,104592.1,128652.3,139995.3,148
2484.4,153846.0,33991.0,33717.0,43069.0,43069.0,67546.6,56493.8,14815.5,13583.7,0.0,72448.7,0.0,19728.1,74001.4,21747.5,96852.8,104582.2,128652.3,139995.3,148
2485.4,153846.0,33991.0,33717.0,43069.0,43069.0,67546.6,56493.8,14815.5,13583.7,0.0,72448.7,0.0,19739.5,74001.4,21759.1,96864.4,104570.6,128652.3,139995.3,148
2486.4,153846.0,33991.0,33717.0,43069.0,43069.0,67546.6,56493.8,14815.5,13583.7,0.0,72448.7,0.0,19751.0,74001.4,21766.9,96872.3,104562.8,128652.3,139995.3,148
2487.4,153846.0,33991.0,33717.0,43069.0,43069.0,67546.6,56493.8,14815.5,13583.7,0.0,72448.7,0.0,19762.3,74001.5,21779.9,96885.3,104549.7,128652.3,139995.3,148
2488.4,153846.0,33991.0,33717.0,43069.0,43069.0,67546.6,56493.8,14815.5,13583.7,0.0,72448.7,0.0,19773.0,74000.4,21794.3,96898.7,104535.4,128652.3,139995.3,148
2489.4,153846.0,33991.0,33717.0,43069.0,43069.0,67546.6,56493.8,14815.5,13583.7,0.0,72448.8,0.0,19785.1,74000.8,21801.1,96905.8,104528.6,128652.3,139995.4,148
2490.4,153846.0,33991.0,33717.0,43069.0,43069.0,67546.6,56493.8,14815.5,13583.7,0.0,72448.8,0.0,19794.3,74000.8,21810.4,96915.1,104519.3,128652.3,139995.4,148
2491.4,153846.0,33991.0,33717.0,43069.0,43069.0,67546.6,56493.8,14815.5,13583.7,0.0,72448.9,0.0,19804.3,74000.8,21820.3,96925.0,104509.4,128652.3,139995.4,148
2492.4,153846.0,33991.0,33717.0,43069.0,43069.0,67546.6,56493.8,14815.5,13583.8,0.0,72448.9,0.0,19817.0,74000.7,21832.1,96936.8,104497.6,128652.3,139995.5,148
2493.4,153846.0,33991.0,33717.0,43069.0,43069.0,67546.6,56493.8,14815.5,13583.8,0.0,72448.9,0.0,19828.0,74000.8,21844.2,96948.8,104485.5,128652.3,139995.5,148
2494.4,153846.0,33991.0,33717.0,43069.0,43069.0,67546.6,56493.8,14815.5,13583.8,0.0,72448.9,0.0,19838.1,74000.8,21855.2,96959.8,104474.5,128652.3,139995.5,148
2495.4,153846.0,33991.0,33717.0,43069.0,43069.0,67546.6,56493.8,14815.5,13583.8,0.0,72448.9,0.0,19850.9,74000.6,21866.7,96971.1,104463.0,128652.3,139995.5,148
2496.4,153846.0,33991.0,33717.0,43069.0,43069.0,67546.6,56493.8,14815.5,13583.8,0.0,72448.9,0.0,19860.5,74000.6,21882.6,96987.1,104447.1,128652.3,139995.5,148
2497.4,153846.0,33991.0,33717.0,43069.0,43069.0,67546.6,56493.8,14815.5,13583.8,0.0,72576.9,0.0,19744.7,74128.5,21766.4,96998.8,104563.3,128652.3,140123.5,148
2498.4,153846.0,33991.0,33717.0,43069.0,43069.0,67546.6,56493.8,14815.5,13583.8,0.0,72576.9,0.0,19755.7,74129.1,21773.2,97006.2,104556.4,128652.3,140123.5,148
2499.4,153846.0,33991.0,33717.0,43069.0,43069.0,67546.6,56493.8,14815.5,13583.8,0.0,72576.9,0.0,19767.4,74129.1,21786.2,97019.2,104543.5,128652.3,140123.5,148
2500.4,153846.0,33991.0,33717.0,43069.0,43069.0,67546.6,56493.8,14815.5,13583.8,0.0,72576.9,0.0,19777.8,74129.1,21795.8,97028.8,104533.9,128652.3,140123.5,148
2501.4,153846.0,33991.0,33717.0,43069.0,43069.0,67546.6,56493.8,14815.4,13583.8,0.0,72576.9,0.0,19789.8,74128.7,21805.9,97038.5,104523.8,128652.3,140123.5,148
2502.4,153846.0,33991.0,33717.0,43069.0,43069.0,67546.6,56493.8,14815.4,13583.8,0.0,72576.9,0.0,19801.1,74128.7,21812.6,97045.3,104517.1,128652.3,140123.5,148
2503.4,153846.0,33991.0,33717.0,43069.0,43069.0,67546.6,56493.8,14815.4,13583.8,0.0,72576.9,0.0,19812.9,74128.7,21824.5,97057.2,104505.2,128652.3,140123.5,148
2504.4,153846.0,33991.0,33717.0,43069.0,43069.0,67546.6,56493.8,14815.4,13583.8,0.0,72576.9,0.0,19823.4,74129.0,21833.4,97066.3,104496.3,128652.3,140123.5,148
2505.4,153846.0,33991.0,33717.0,43069.0,43069.0,67546.6,56493.8,14815.4,13583.8,0.0,72577.1,0.0,19834.8,74129.7,21849.0,97082.6,104480.7,128652.3,140123.6,148
2506.4,153846.0,33991.0,33717.0,43069.0,43069.0,67546.6,56493.8,14815.4,13583.8,0.0,72577.1,0.0,19846.6,74129.0,21864.0,97096.9,104465.7,128652.3,140123.7,148
2507.4,153846.0,33991.0,33717.0,43069.0,43069.0,67546.6,56493.8,14815.5,13583.8,0.0,72577.1,0.0,19856.4,74129.1,21870.4,97103.4,104459.3,128652.3,140123.7,148
2508.4,153846.0,33991.0,33717.0,43069.0,43069.0,67546.6,56493.8,14815.5,13583.8,0.0,72577.1,0.0,19868.2,74129.1,21879.5,97112.5,104450.2,128652.3,140123.7,148
2509.4,153846.0,33991.0,33717.0,43069.0,43069.0,67546.6,56493.8,14815.5,13583.8,0.0,72577.1,0.0,19877.0,74129.1,21887.9,97120.9,104441.7,128652.3,140123.7,148
2510.4,153846.0,33991.0,33717.0,43069.0,43069.0,67546.6,56493.8,14815.5,13583.8,0.0,72577.1,0.0,19887.0,74129.4,21900.3,97133.6,104429.4,128652.3,140123.7,148
2511.4,153846.0,33991.0,33717.0,43069.0,43069.0,67546.6,56493.8,14815.5,13583.8,0.0,72577.1,0.0,19894.9,74129.6,21909.2,97142.7,104420.5,128652.3,140123.7,148
2512.4,153846.0,33991.0,33717.0,43069.0,43069.0,67546.6,56493.8,14815.5,13583.8,0.0,72577.1,0.0,19906.9,74129.6,21919.7,97153.2,104410.0,128652.3,140123.7,148
2513.4,153846.0,33991.0,33717.0,43069.0,43069.0,67546.6,56493.8,14815.5,13583.8,0.0,72577.1,0.0,19916.7,74129.3,21928.5,97161.7,104401.2,128652.3,140123.7,148
2514.4,153846.0,33991.0,33717.0,43069.0,43069.0,67546.6,56493.8,14815.5,13583.8,0.0,72577.1,0.0,19927.8,74129.3,21938.4,97171.6,104391.3,128652.3,140123.7,148
2515.4,153846.0,33991.0,33717.0,43069.0,43069.0,67546.6,56493.8,14815.5,13583.8,0.0,72577.1,0.0,19938.8,74129.3,21946.1,97179.3,104383.5,128652.3,140123.7,148
2516.4,153846.0,33991.0,33717.0,43069.0,43069.0,67546.6,56493.8,14815.5,13583.8,0.0,72577.1,0.0,19949.9,74129.3,21960.1,97193.3,104369.5,128652.3,140123.7,148
2517.4,153846.0,33991.0,33717.0,43069.0,43069.0,67546.6,56493.8,14815.5,13583.8,0.0,72577.1,0.0,19959.7,74129.3,21968.7,97202.0,104360.9,128652.3,140123.7,148
2518.4,153846.0,33991.0,33717.0,43069.0,43069.0,67546.6,56493.8,14815.5,13583.8,0.0,72577.2,0.0,19970.8,74129.3,21979.9,97213.1,104349.8,128652.3,140123.8,148
2519.4,153846.0,33991.0,33717.0,43069.0,43069.0,67546.6,56493.8,14815.5,13583.8,0.0,72577.2,0.0,19982.5,74129.3,21992.1,97225.3,104337.6,128652.3,140123.8,148
2520.4,153846.0,33991.0,33717.0,43069.0,43069.0,67546.6,56493.8,14815.5,13583.8,0.0,72577.2,0.0,19992.2,74129.3,22001.5,97234.8,104328.1,128652.3,140123.8,148
2521.4,153846.0,33991.0,33717.0,43069.0,43069.0,67546.6,56493.8,14815.5,13583.8,0.0,72577.2,0.0,20003.3,74129.3,22013.4,97246.6,104316.3,128652.3,140123.8,148
2522.4,153846.0,33991.0,33717.0,43069.0,43069.0,67546.6,56493.8,14815.5,13583.8,0.0,72577.2,0.0,20013.0,74129.0,22021.5,97254.5,104308.1,128652.3,140123.8,148
2523.4,153846.0,33991.0,33717.0,43069.0,43069.0,67546.6,56493.8,14815.5,13583.8,0.0,72577.2,0.0,20025.6,74129.3,22033.1,97266.3,104296.5,128652.3,140123.8,148
2524.4,153846.0,33991.0,33717.0,43069.0,43069.0,67546.6,56493.8,14815.5,13583.8,0.0,72577.2,0.0,20035.7,74129.3,22041.5,97274.7,104288.2,128652.3,140123.8,148
2525.4,153846.0,33991.0,33717.0,43069.0,43069.0,67546.6,56493.8,14815.5,13583.8,0.0,72577.3,0.0,20047.7,74129.3,22049.4,97282.7,104280.3,128652.3,140123.9,148
2526.4,153846.0,33991.0,33717.0,43069.0,43069.0,67546.6,56493.8,14815.5,13583.8,0.0,72577.3,0.0,20057.1,74129.7,22059.5,97293.1,104270.2,128652.3,140123.9,148
2527.4,153846.0,33991.0,33717.0,43069.0,43069.0,67546.6,56493.8,14815.5,13583.8,0.0,72577.3,0.0,20070.4,74129.8,22071.7,97305.4,104258.0,128652.3,140123.9,148
2528.4,153846.0,33991.0,33717.0,43069.0,43069.0,67546.6,56493.8,14815.5,13583.8,0.0,72577.3,0.0,20080.7,74129.8,22076.1,97309.8,104253.6,128652.3,140123.9,148
2529.4,153846.0,33991.0,33717.0,43069.0,43069.0,67546.6,56493.8,14815.5,13583.8,0.0,72577.3,0.0,20092.1,74129.8,22087.3,97321.1,104242.3,128652.3,140123.9,148
2530.4,153846.0,33991.0,33717.0,43069.0,43069.0,67546.6,56493.8,14815.5,13583.8,0.0,72577.4,0.0,20104.7,74129.8,22097.2,97331.0,104232.4,128652.3,140124.0,148
2531.4,153846.0,33991.0,33717.0,43069.0,43069.0,67546.6,56493.8,14815.5,13583.8,0.0,72577.4,0.0,20115.5,74129.8,22109.8,97343.6,104219.8,128652.3,140124.0,148
2532.4,153846.0,33991.0,33717.0,43069.0,43069.0,67546.6,56493.8,14815.5,13583.8,0.0,72577.4,0.0,20125.1,74129.8,22120.1,97353.9,104209.5,128652.3,140124.0,148
2533.4,153846.0,33991.0,33717.0,43069.0,43069.0,67546.6,56493.8,14815.5,13583.8,0.0,72577.4,0.0,20136.0,74129.8,22131.5,97365.2,104198.2,128652.3,140124.0,148
2534.4,153846.0,33991.0,33717.0,43069.0,43069.0,67546.6,56493.8,14815.5,13583.8,0.0,72577.4,0.0,20147.5,74129.8,22140.6,97374.3,104189.1,128652.3,140124.0,148
2535.4,153846.0,33991.0,33717.0,43069.0,43069.0,67546.6,56493.8,14815.5,13583.8,0.0,72577.4,0.0,20159.0,74129.8,22150.7,97384.5,104178.9,128652.3,140124.0,148
2536.4,153846.0,33991.0,33717.0,43069.0,43069.0,67546.6,56493.8,14815.5,13583.8,0.0,72577.4,0.0,20170.0,74129.8,22163.2,97397.0,104166.4,128652.3,140124.0,148
2537.4,153846.0,33991.0,33717.0,43069.0,43069.0,67546.6,56493.8,14815.5,13583.8,0.0,72577.4,0.0,20183.6,74129.9,22174.6,97408.4,104155.0,128652.3,140124.0,148
2538.4,153846.0,33991.0,33717.0,43069.0,43069.0,67546.6,56493.8,14815.5,13583.8,0.0,72577.4,0.0,20195.0,74129.7,22187.2,97420.8,104142.4,128652.3,140124.0,148
2539.4,153846.0,33991.0,33717.0,43069.0,43069.0,67546.6,56493.8,14815.5,13583.8,0.0,72577.4,0.0,20207.2,74129.6,22196.0,97429.6,104133.6,128652.3,140124.0,148
2540.4,153846.0,33991.0,33717.0,43069.0,43069.0,67546.6,56493.8,14815.5,13583.8,0.0,72577.4,0.0,20217.2,74129.6,22206.3,97439.8,104123.3,128652.3,140124.0,148
2541.4,153846.0,33991.0,33717.0,43069.0,43069.0,67546.6,56493.8,14815.5,13583.8,0.0,72577.4,0.0,20228.5,74129.6,22219.7,97453.2,104110.0,128652.3,140124.0,148
2542.4,153846.0,33991.0,33717.0,43069.0,43069.0,67546.6,56493.8,14815.5,13583.8,0.0,72577.6,0.0,20241.1,74129.7,22229.7,97463.4,104099.9,128652.3,140124.2,148
2543.4,153846.0,33991.0,33717.0,43069.0,43069.0,67546.6,56493.8,14815.5,13583.8,0.0,72577.6,0.0,20254.0,74130.6,22243.7,97478.3,104085.9,128652.3,140124.2,148
2544.4,153846.0,33991.0,33717.0,43069.0,43069.0,67546.6,56493.8,14815.5,13583.8,0.0,72577.6,0.0,20263.9,74129.6,22253.3,97486.8,104076.3,128652.3,140124.2,148
2545.4,153846.0,33991.0,33717.0,43069.0,43069.0,67545.6,56492.8,14814.5,13582.8,0.0,72577.6,0.0,20274.3,74130.7,22272.7,97507.4,104057.0,128652.3,140123.2,148
2546.4,153846.0,33991.0,33717.0,43069.0,43069.0,67545.6,56492.8,14814.5,13582.8,0.0,72577.6,0.0,20285.7,74130.4,22285.7,97520.1,104044.0,128652.3,140123.2,148
2547.4,153846.0,33991.0,33717.0,43069.0,43069.0,67545.6,56492.8,14814.5,13582.8,0.0,72577.6,0.0,20296.6,74130.4,22297.3,97531.7,104032.3,128652.3,140123.2,148
2548.4,153846.0,33991.0,33717.0,43069.0,43069.0,67545.6,56492.8,14814.5,13582.8,0.0,72577.6,0.0,20308.1,74130.4,22308.4,97542.8,104021.2,128652.3,140123.2,148
2549.4,153846.0,33991.0,33717.0,43069.0,43069.0,67545.6,56492.8,14814.5,13582.8,0.0,72577.6,0.0,20320.9,74130.4,22319.5,97553.9,104010.1,128652.3,140123.2,148
2550.4,153846.0,33991.0,33717.0,43069.0,43069.0,67545.6,56492.8,14814.5,13582.8,0.0,72577.6,0.0,20333.2,74130.4,22330.2,97564.6,103999.4,128652.3,140123.2,148
2551.4,153846.0,33991.0,33717.0,43069.0,43069.0,67545.6,56492.8,14814.5,13582.8,0.0,72577.6,0.0,20343.1,74130.4,22340.0,97574.4,103989.7,128652.3,140123.2,148
2552.4,153846.0,33991.0,33717.0,43069.0,43069.0,67545.6,56492.8,14814.5,13582.8,0.0,72577.6,0.0,20353.6,74130.5,22349.9,97584.4,103979.7,128652.3,140123.2,148
2553.4,153846.0,33991.0,33717.0,43069.0,43069.0,67545.6,56492.8,14814.5,13582.8,0.0,72577.6,0.0,20364.3,74130.2,22366.2,97600.4,103963.4,128652.3,140123.2,148
2554.4,153846.0,33991.0,33717.0,43069.0,43069.0,67545.6,56492.8,14814.5,13582.8,0.0,72577.6,0.0,20376.0,74130.1,22377.6,97611.8,103952.0,128652.3,140123.2,148
2555.4,153846.0,33991.0,33717.0,43069.0,43069.0,67545.6,56492.8,14814.5,13582.8,0.0,72577.6,0.0,20386.1,74130.1,22388.1,97622.2,103941.5,128652.3,140123.2,148
2556.4,153846.0,33991.0,33717.0,43069.0,43069.0,67545.6,56492.8,14814.5,13582.8,0.0,72577.6,0.0,20398.0,74130.5,22394.9,97629.4,103934.7,128652.3,140123.2,148
2557.4,153846.0,33991.0,33717.0,43069.0,43069.0,67545.6,56492.8,14814.5,13582.8,0.0,72577.6,0.0,20410.0,74130.8,22404.4,97639.3,103925.2,128652.3,140123.2,148
2558.4,153846.0,33991.0,33717.0,43069.0,43069.0,67545.6,56492.8,14814.5,13582.8,0.0,72577.6,0.0,20421.4,74130.8,22414.4,97649.2,103915.2,128652.3,140123.2,148
2559.4,153846.0,33991.0,33717.0,43069.0,43069.0,67545.6,56492.8,14814.5,13582.8,0.0,72577.6,0.0,20432.2,74130.8,22426.2,97661.0,103903.4,128652.3,140123.2,148
2560.4,153846.0,33991.0,33717.0,43069.0,43069.0,67545.6,56492.8,14814.5,13582.8,0.0,72577.7,0.0,20442.8,74130.4,22438.4,97672.7,103891.2,128652.3,140123.3,148
2561.4,153846.0,33991.0,33717.0,43069.0,43069.0,67545.6,56492.8,14814.5,13582.8,0.0,72577.7,0.0,20454.0,74130.4,22449.6,97683.9,103880.0,128652.3,140123.3,148
2562.4,153846.0,33991.0,33717.0,43069.0,43069.0,67545.6,56492.8,14814.5,13582.8,0.0,72577.7,0.0,20466.4,74130.4,22460.1,97694.5,103869.5,128652.3,140123.3,148
2563.4,153846.0,33991.0,33717.0,43069.0,43069.0,67545.6,56492.8,14814.5,13582.8,0.0,72577.4,0.0,20476.3,74130.1,22469.3,97703.4,103860.3,128652.3,140123.0,148
2564.4,153846.0,33991.0,33717.0,43069.0,43069.0,67545.6,56492.8,14814.5,13582.8,0.0,72577.6,0.0,20489.6,74130.2,22484.3,97718.5,103845.3,128652.3,140123.2,148
2565.4,153846.0,33991.0,33717.0,43069.0,43069.0,67545.6,56492.8,14814.5,13582.8,0.0,72577.6,0.0,20500.1,74130.2,22495.1,97729.3,103834.5,128652.3,140123.2,148
2566.4,153846.0,33991.0,33717.0,43069.0,43069.0,67545.6,56492.8,14814.5,13582.8,0.0,72641.1,0.0,20444.7,74193.7,22437.5,97735.2,103892.1,128652.3,140186.7,148
2567.4,153846.0,33991.0,33717.0,43069.0,43069.0,67545.6,56492.8,14814.5,13582.8,0.0,72641.5,0.0,20456.6,74194.7,22455.7,97754.4,103873.7,128652.3,140187.1,148
2568.4,153846.0,33991.0,33717.0,43069.0,43069.0,67545.6,56492.8,14814.5,13582.8,0.0,72641.5,0.0,20468.5,74194.7,22465.6,97764.3,103864.0,128652.3,140187.2,148
2569.4,153846.0,33991.0,33717.0,43069.0,43069.0,67545.6,56492.8,14814.5,13582.8,0.0,72705.5,0.0,20416.7,74258.8,22413.1,97775.9,103916.5,128652.3,140251.1,148
2570.4,153846.0,33991.0,33717.0,43069.0,43069.0,67545.6,56492.8,14814.5,13582.8,0.0,72705.5,0.0,20426.8,74258.8,22421.4,97784.2,103908.2,128652.3,140251.1,148
2571.4,153846.0,33991.0,33717.0,43069.0,43069.0,67545.6,56492.8,14814.5,13582.8,0.0,72705.5,0.0,20438.8,74258.8,22435.7,97798.5,103893.9,128652.3,140251.1,148
2572.4,153846.0,33991.0,33717.0,43069.0,43069.0,67545.6,56492.8,14814.5,13582.8,0.0,72705.5,0.0,20449.5,74258.8,22444.1,97806.9,103885.5,128652.3,140251.1,148
2573.4,153846.0,33991.0,33717.0,43069.0,43069.0,67545.6,56492.8,14814.5,13582.8,0.0,72705.5,0.0,20459.2,74258.8,22453.1,97815.9,103876.5,128652.3,140251.1,148
2574.4,153846.0,33991.0,33717.0,43069.0,43069.0,67545.6,56492.8,14814.5,13582.8,0.0,72705.5,0.0,20469.3,74258.8,22463.5,97826.4,103866.1,128652.3,140251.1,148
2575.4,153846.0,33991.0,33717.0,43069.0,43069.0,67545.6,56492.8,14814.5,13582.8,0.0,72705.5,0.0,20481.1,74258.9,22474.5,97837.4,103855.1,128652.3,140251.2,148
2576.4,153846.0,33991.0,33717.0,43069.0,43069.0,67545.6,56492.8,14814.5,13582.8,0.0,72705.5,0.0,20493.1,74258.9,22485.6,97848.5,103844.0,128652.3,140251.2,148
2577.4,153846.0,33991.0,33717.0,43069.0,43069.0,67545.6,56492.8,14814.5,13582.8,0.0,72705.5,0.0,20505.2,74258.9,22495.6,97858.4,103834.0,128652.3,140251.2,148
2578.4,153846.0,33991.0,33717.0,43069.0,43069.0,67545.6,56492.8,14814.5,13582.8,0.0,72705.6,0.0,20517.1,74259.0,22508.5,97871.5,103821.1,128652.3,140251.3,148
2579.4,153846.0,33991.0,33717.0,43069.0,43069.0,67545.6,56492.8,14814.5,13582.8,0.0,72705.6,0.0,20527.6,74259.0,22521.0,97884.0,103808.6,128652.3,140251.3,148
2580.4,153846.0,33991.0,33717.0,43069.0,43069.0,67545.6,56492.8,14814.5,13582.8,0.0,72705.6,0.0,20540.0,74259.0,22532.5,97895.5,103797.1,128652.3,140251.3,148
2581.4,153846.0,33991.0,33717.0,43069.0,43069.0,67545.6,56492.8,14814.5,13582.8,0.0,72705.7,0.0,20551.2,74259.0,22541.4,97904.4,103788.2,128652.3,140251.3,148
2582.4,153846.0,33991.0,33717.0,43069.0,43069.0,67545.6,56492.8,14814.5,13582.8,0.0,72705.7,0.0,20561.8,74259.0,22552.1,97915.1,103777.5,128652.3,140251.3,148
2583.4,153846.0,33991.0,33717.0,43069.0,43069.0,67545.6,56492.8,14814.5,13582.8,0.0,72705.7,0.0,20571.9,74259.0,22561.5,97924.5,103768.1,128652.3,140251.3,148
2584.4,153846.0,33991.0,33717.0,43069.0,43069.0,67545.6,56492.8,14814.5,13582.8,0.0,72805.6,0.0,20519.9,74358.9,22508.4,97971.4,103821.1,128652.3,140351.2,148
2585.4,153846.0,33991.0,33717.0,43069.0,43069.0,67545.6,56492.8,14814.5,13582.8,0.0,72805.9,0.0,20530.7,74359.5,22518.0,97981.5,103811.6,128652.3,140351.5,148
2586.4,153846.0,33991.0,33717.0,43069.0,43069.0,67545.6,56492.8,14814.5,13582.8,0.0,72805.9,0.0,20541.9,74359.5,22530.4,97993.8,103799.2,128652.3,140351.5,148
2587.4,153846.0,33991.0,33717.0,43069.0,43069.0,67545.6,56492.8,14814.5,13582.8,0.0,72805.9,0.0,20552.7,74359.5,22541.5,98004.9,103788.1,128652.3,140351.5,148
2588.4,153846.0,33991.0,33717.0,43069.0,43069.0,67545.6,56492.8,14814.5,13582.8,0.0,72805.9,0.0,20563.8,74359.5,22550.2,98013.7,103779.4,128652.3,140351.6,148
2589.4,153846.0,33991.0,33717.0,43069.0,43069.0,67545.6,56492.8,14814.5,13582.8,0.0,72805.9,0.0,20574.8,74359.5,22561.2,98024.7,103768.3,128652.3,140351.6,148
2590.4,153846.0,33991.0,33717.0,43069.0,43069.0,67545.6,56492.8,14814.5,13582.8,0.0,72805.9,0.0,20587.0,74359.5,22571.9,98035.4,103757.6,128652.3,140351.6,148
2591.4,153846.0,33991.0,33717.0,43069.0,43069.0,67545.6,56492.8,14814.5,13582.8,0.0,72806.0,0.0,20597.0,74359.5,22582.8,98046.3,103746.8,128652.3,140351.6,148
2592.4,153846.0,33991.0,33717.0,43069.0,43069.0,67545.6,56492.8,14814.5,13582.8,0.0,72806.0,0.0,20610.0,74359.5,22593.9,98057.5,103735.6,128652.3,140351.6,148
2593.4,153846.0,33991.0,33717.0,43069.0,43069.0,67545.6,56492.8,14814.5,13582.8,0.0,72806.0,0.0,20620.2,74361.1,22603.2,98068.4,103726.3,128652.3,140351.7,148
2594.4,153846.0,33991.0,33717.0,43069.0,43069.0,67545.6,56492.8,14814.5,13582.8,0.0,72806.0,0.0,20630.7,74359.3,22607.8,98071.2,103721.7,128652.3,140351.7,148
2595.4,153846.0,33991.0,33717.0,43069.0,43069.0,67545.6,56492.8,14814.5,13582.8,0.0,72806.0,0.0,20641.9,74359.3,22618.8,98082.1,103710.8,128652.3,140351.7,148
2596.4,153846.0,33991.0,33717.0,43069.0,43069.0,67545.6,56492.8,14814.5,13582.8,0.0,72806.0,0.0,20652.2,74359.1,22634.0,98097.1,103695.6,128652.3,140351.7,148
2597.4,153846.0,33991.0,33717.0,43069.0,43069.0,67545.6,56492.8,14814.5,13582.8,0.0,72806.0,0.0,20664.8,74359.8,22646.1,98110.0,103683.4,128652.3,140351.7,148
2598.4,153846.0,33991.0,33717.0,43069.0,43069.0,67545.6,56492.8,14814.5,13582.8,0.0,72806.3,0.0,20675.6,74360.1,22656.1,98120.3,103673.4,128652.3,140352.0,148
2599.4,153846.0,33991.0,33717.0,43069.0,43069.0,67545.6,56492.8,14814.5,13582.8,0.0,72806.5,0.0,20687.4,74360.2,22669.1,98133.3,103660.5,128652.3,140352.1,148
2600.4,153846.0,33991.0,33717.0,43069.0,43069.0,67545.6,56492.8,14814.5,13582.8,0.0,72839.9,0.0,20698.5,74393.7,22680.6,98178.3,103649.0,128652.3,140385.6,148
2601.4,153846.0,33991.0,33717.0,43069.0,43069.0,67545.6,56492.8,14814.5,13582.8,0.0,72870.4,0.0,20647.2,74424.3,22628.7,98157.1,103700.8,128652.3,140416.1,148
2602.4,153846.0,33991.0,33717.0,43069.0,43069.0,67545.6,56492.8,14814.5,13582.8,0.0,72870.4,0.0,20656.7,74424.0,22638.3,98166.4,103691.2,128652.3,140416.1,148
2603.4,153846.0,33991.0,33717.0,43069.0,43069.0,67545.6,56492.8,14814.5,13582.8,0.0,73012.6,0.0,20549.4,74566.3,22532.7,98203.1,103796.8,128652.3,140558.2,148
2604.4,153846.0,33991.0,33717.0,43069.0,43069.0,67545.6,56492.8,14814.5,13582.8,0.0,73012.6,0.0,20559.2,74569.2,22551.5,98224.7,103778.1,128652.3,140558.2,148
2605.4,153846.0,33991.0,33717.0,43069.0,43069.0,67545.6,56492.8,14814.5,13582.8,0.0,73012.6,0.0,20570.6,74566.7,22557.3,98228.1,103772.3,128652.3,140558.2,148
2606.4,153846.0,33991.0,33717.0,43069.0,43069.0,67545.6,56492.8,14814.5,13582.8,0.0,73012.6,0.0,20582.9,74566.7,22570.8,98241.5,103758.8,128652.3,140558.2,148
2607.4,153846.0,33991.0,33717.0,43069.0,43069.0,67545.6,56492.8,14814.5,13582.8,0.0,73012.6,0.0,20593.4,74566.8,22580.9,98251.7,103748.7,128652.3,140558.2,148
2608.4,153846.0,33991.0,33717.0,43069.0,43069.0,67545.6,56492.8,14814.5,13582.8,0.0,73012.6,0.0,20604.7,74566.8,22592.6,98263.4,103737.0,128652.3,140558.3,148
2609.4,153846.0,33991.0,33717.0,43069.0,43069.0,67545.6,56492.8,14814.5,13582.8,0.0,73012.6,0.0,20616.1,74566.8,22604.2,98275.1,103725.3,128652.3,140558.3,148
2610.4,153846.0,33991.0,33717.0,43069.0,43069.0,67545.6,56492.8,14814.5,13582.8,0.0,73012.6,0.0,20627.3,74566.8,22615.9,98286.7,103713.7,128652.3,140558.3,148
2611.4,153846.0,33991.0,33717.0,43069.0,43069.0,67545.6,56492.8,14814.5,13582.8,0.0,73012.6,0.0,20639.4,74566.7,22625.8,98296.6,103703.8,128652.3,140558.3,148
2612.4,153846.0,33991.0,33717.0,43069.0,43069.0,67545.6,56492.8,14814.5,13582.8,0.0,73012.6,0.0,20650.3,74566.7,22637.5,98308.2,103692.1,128652.3,140558.3,148
2613.4,153846.0,33991.0,33717.0,43069.0,43069.0,67545.6,56492.8,14814.5,13582.8,0.0,73012.6,0.0,20661.8,74566.7,22650.6,98321.4,103678.9,128652.3,140558.3,148
2614.4,153846.0,33991.0,33717.0,43069.0,43069.0,67547.6,56494.8,14816.5,13584.7,0.0,73012.7,0.0,20670.4,74566.6,22658.0,98328.6,103671.6,128652.3,140560.2,148
2615.4,153846.0,33991.0,33717.0,43069.0,43069.0,67550.6,56497.7,14819.4,13587.7,0.0,73012.7,0.0,20686.9,74567.1,22675.4,98346.6,103654.1,128652.3,140563.2,148
2616.4,153846.0,33991.0,33717.0,43069.0,43069.0,67550.6,56497.7,14819.4,13587.7,0.0,73012.8,0.0,20698.0,74566.7,22684.4,98355.2,103645.1,128652.3,140563.3,148
2617.4,153846.0,33991.0,33717.0,43069.0,43069.0,67550.6,56497.7,14819.4,13587.7,0.0,73058.3,0.0,20665.1,74612.4,22650.7,98367.1,103678.9,128652.3,140608.9,148
2618.4,153846.0,33991.0,33717.0,43069.0,43069.0,67550.6,56497.7,14819.4,13587.7,0.0,73058.3,0.0,20675.6,74612.2,22658.5,98374.7,103671.1,128652.3,140608.9,148
2619.4,153846.0,33991.0,33717.0,43069.0,43069.0,67550.6,56497.7,14819.4,13587.7,0.0,73058.4,0.0,20686.3,74611.9,22670.7,98386.6,103658.9,128652.3,140608.9,148
2620.4,153846.0,33991.0,33717.0,43069.0,43069.0,67550.6,56497.7,14819.4,13587.7,0.0,73058.4,0.0,20698.7,74611.9,22682.7,98398.7,103646.8,128652.3,140608.9,148
2621.4,153846.0,33991.0,33717.0,43069.0,43069.0,67550.6,56497.7,14819.4,13587.7,0.0,73058.4,0.0,20709.9,74611.9,22695.8,98411.7,103633.8,128652.3,140608.9,148
2622.4,153846.0,33991.0,33717.0,43069.0,43069.0,67550.6,56497.7,14819.4,13587.7,0.0,73058.4,0.0,20721.9,74611.9,22707.0,98422.9,103622.6,128652.3,140608.9,148
2623.4,153846.0,33991.0,33717.0,43069.0,43069.0,67550.6,56497.7,14819.4,13587.7,0.0,73058.4,0.0,20733.3,74611.9,22718.3,98434.2,103611.3,128652.3,140608.9,148
2624.4,153846.0,33991.0,33717.0,43069.0,43069.0,67550.6,56497.7,14819.4,13587.7,0.0,73058.4,0.0,20742.5,74611.9,22727.5,98443.5,103602.1,128652.3,140608.9,148
2625.4,153846.0,33991.0,33717.0,43069.0,43069.0,67550.6,56497.7,14819.4,13587.7,0.0,73058.4,0.0,20752.1,74611.9,22738.2,98454.2,103591.3,128652.3,140608.9,148
2626.4,153846.0,33991.0,33717.0,43069.0,43069.0,67550.6,56497.7,14819.4,13587.7,0.0,73058.4,0.0,20764.4,74611.9,22750.3,98466.3,103579.2,128652.3,140608.9,148
2627.4,153846.0,33991.0,33717.0,43069.0,43069.0,67550.6,56497.7,14819.4,13587.7,0.0,73058.4,0.0,20775.7,74611.9,22756.5,98472.4,103573.1,128652.3,140609.0,148
2628.4,153846.0,33991.0,33717.0,43069.0,43069.0,67550.6,56497.7,14819.4,13587.7,0.0,73058.4,0.0,20786.7,74612.0,22769.5,98485.5,103560.1,128652.3,140609.0,148
2629.4,153846.0,33991.0,33717.0,43069.0,43069.0,67550.6,56497.7,14819.4,13587.7,0.0,73058.4,0.0,20797.7,74612.0,22779.6,98495.6,103549.9,128652.3,140609.0,148
2630.4,153846.0,33991.0,33717.0,43069.0,43069.0,67550.6,56497.7,14819.4,13587.7,0.0,73058.4,0.0,20810.2,74612.0,22791.9,98508.0,103537.6,128652.3,140609.0,148
2631.4,153846.0,33991.0,33717.0,43069.0,43069.0,67550.6,56497.7,14819.4,13587.7,0.0,73058.4,0.0,20821.2,74612.0,22802.4,98518.4,103527.2,128652.3,140609.0,148
2632.4,153846.0,33991.0,33717.0,43069.0,43069.0,67550.6,56497.7,14819.4,13587.7,0.0,73058.4,0.0,20829.6,74612.1,22808.2,98524.4,103521.3,128652.3,140609.0,148
2633.4,153846.0,33991.0,33717.0,43069.0,43069.0,67550.6,56497.7,14819.4,13587.7,0.0,73058.4,0.0,20841.6,74612.2,22818.4,98534.7,103511.1,128652.3,140609.0,148
2634.4,153846.0,33991.0,33717.0,43069.0,43069.0,67550.6,56497.7,14819.4,13587.7,0.0,73058.4,0.0,20853.7,74612.2,22831.9,98548.2,103497.6,128652.3,140609.0,148
2635.4,153846.0,33991.0,33717.0,43069.0,43069.0,67550.6,56497.7,14819.4,13587.7,0.0,73058.5,0.0,20859.5,74612.2,22838.4,98554.7,103491.1,128652.3,140609.0,148
2636.4,153846.0,33991.0,33717.0,43069.0,43069.0,67550.6,56497.7,14819.4,13587.7,0.0,73058.5,0.0,20872.4,74612.3,22849.4,98565.7,103480.1,128652.3,140609.0,148
2637.4,153846.0,33991.0,33717.0,43069.0,43069.0,67550.6,56497.7,14819.4,13587.7,0.0,73179.0,0.0,20762.8,74732.9,22739.5,98576.4,103590.1,128652.3,140729.5,148
2638.4,153846.0,33991.0,33717.0,43069.0,43069.0,67550.6,56497.7,14819.4,13587.7,0.0,73499.0,0.0,20454.3,75053.5,22427.2,98584.8,103902.3,128652.3,141049.5,148
2639.4,153846.0,33991.0,33717.0,43069.0,43069.0,67550.6,56497.7,14819.4,13587.7,0.0,73499.3,0.0,20464.7,75054.1,22436.5,98594.6,103893.0,128652.3,141049.9,148
2640.4,153846.0,33991.0,33717.0,43069.0,43069.0,67550.6,56497.7,14819.4,13587.7,0.0,73563.3,0.0,20413.3,75118.1,22385.7,98607.8,103943.9,128652.3,141113.9,148
2641.4,153846.0,33991.0,33717.0,43069.0,43069.0,67550.6,56497.7,14819.4,13587.7,0.0,73602.7,0.0,20358.3,75157.5,22332.3,98593.9,103997.2,128652.3,141153.3,148
2642.4,153846.0,33991.0,33717.0,43069.0,43069.0,67526.9,56474.0,14795.8,13564.0,0.0,73602.9,0.0,20345.2,75161.7,22336.8,98602.5,103992.7,128652.3,141129.8,148
2643.4,153846.0,33991.0,33717.0,43069.0,43069.0,67526.9,56474.0,14795.8,13564.0,0.0,73603.0,0.0,20358.3,75158.8,22339.8,98602.7,103989.7,128652.3,141129.8,148
2644.4,153846.0,33991.0,33717.0,43069.0,43069.0,67526.9,56474.0,14795.8,13564.0,0.0,73603.0,0.0,20369.6,75158.9,22350.6,98613.5,103978.9,128652.3,141129.8,148
2645.4,153846.0,33991.0,33717.0,43069.0,43069.0,67526.9,56474.0,14795.8,13564.0,0.0,73603.0,0.0,20379.1,75158.9,22359.3,98622.2,103970.2,128652.3,141129.9,148
2646.4,153846.0,33991.0,33717.0,43069.0,43069.0,67526.9,56474.0,14795.8,13564.0,0.0,73603.0,0.0,20389.7,75158.9,22371.3,98634.3,103958.2,128652.3,141129.9,148
2647.4,153846.0,33991.0,33717.0,43069.0,43069.0,67526.9,56474.0,14795.8,13564.0,0.0,73603.0,0.0,20400.9,75158.9,22384.5,98647.4,103945.0,128652.3,141129.9,148
2648.4,153846.0,33991.0,33717.0,43069.0,43069.0,67526.9,56474.0,14795.8,13564.0,0.0,73603.0,0.0,20412.6,75158.9,22395.6,98658.5,103934.0,128652.3,141129.9,148
2649.4,153846.0,33991.0,33717.0,43069.0,43069.0,67526.9,56474.0,14795.7,13564.0,0.0,73603.0,0.0,20424.8,75158.8,22408.7,98671.6,103920.8,128652.3,141129.9,148
2650.4,153846.0,33991.0,33717.0,43069.0,43069.0,67526.9,56474.0,14795.7,13564.0,0.0,73603.0,0.0,20438.1,75158.9,22423.7,98686.6,103905.9,128652.3,141129.9,148
2651.4,153846.0,33991.0,33717.0,43069.0,43069.0,67526.9,56474.0,14795.7,13564.0,0.0,73603.0,0.0,20449.8,75158.7,22438.4,98701.2,103891.1,128652.3,141129.9,148
2652.4,153846.0,33991.0,33717.0,43069.0,43069.0,67526.9,56474.0,14795.7,13564.0,0.0,73603.0,0.0,20461.7,75158.7,22449.8,98712.6,103879.7,128652.3,141129.9,148
2653.4,153846.0,33991.0,33717.0,43069.0,43069.0,67526.9,56474.0,14795.7,13564.0,0.0,73603.2,0.0,20474.4,75158.8,22464.6,98727.5,103864.9,128652.3,141130.0,148
2654.4,153846.0,33991.0,33717.0,43069.0,43069.0,67526.9,56474.0,14795.7,13564.0,0.0,73603.2,0.0,20483.9,75158.8,22474.1,98737.0,103855.4,128652.3,141130.0,148
2655.4,153846.0,33991.0,33717.0,43069.0,43069.0,67526.9,56474.0,14795.7,13564.0,0.0,73603.2,0.0,20493.4,75158.8,22483.4,98746.4,103846.1,128652.3,141130.1,148
2656.4,153846.0,33991.0,33717.0,43069.0,43069.0,67526.9,56474.0,14795.8,13564.0,0.0,73603.2,0.0,20501.7,75158.8,22493.3,98756.3,103836.2,128652.3,141130.1,148
2657.4,153846.0,33991.0,33717.0,43069.0,43069.0,67526.9,56474.0,14795.8,13564.0,0.0,73658.8,0.0,20514.7,75214.5,22504.7,98823.2,103824.8,128652.3,141185.7,148
2658.4,153846.0,33991.0,33717.0,43069.0,43069.0,67526.9,56474.0,14795.8,13564.0,0.0,73693.6,0.0,20479.0,75249.5,22467.8,98821.4,103861.7,128652.3,141220.5,148
2659.4,153846.0,33991.0,33717.0,43069.0,43069.0,67526.9,56474.0,14795.8,13564.0,0.0,73693.6,0.0,20489.3,75249.5,22478.2,98831.9,103851.2,128652.3,141220.5,148
2660.4,153846.0,33991.0,33717.0,43069.0,43069.0,67526.9,56474.0,14795.8,13564.0,0.0,73693.6,0.0,20499.5,75248.8,22489.9,98842.8,103839.6,128652.3,141220.5,148
2661.4,153846.0,33991.0,33717.0,43069.0,43069.0,67526.9,56474.0,14795.8,13564.0,0.0,73693.7,0.0,20510.7,75249.3,22500.9,98854.3,103828.6,128652.3,141220.5,148
2662.4,153846.0,33991.0,33717.0,43069.0,43069.0,67526.9,56474.0,14795.8,13564.0,0.0,73736.5,0.0,20476.3,75292.1,22467.8,98864.0,103861.7,128652.3,141263.4,148
2663.4,153846.0,33991.0,33717.0,43069.0,43069.0,67526.9,56474.0,14795.8,13564.0,0.0,73736.8,0.0,20484.2,75292.6,22473.6,98870.3,103855.9,128652.3,141263.7,148
2664.4,153846.0,33991.0,33717.0,43069.0,43069.0,67526.9,56474.0,14795.8,13564.0,0.0,73736.9,0.0,20493.3,75292.6,22480.6,98877.3,103848.9,128652.3,141263.7,148
2665.4,153846.0,33991.0,33717.0,43069.0,43069.0,67533.1,56480.3,14802.0,13570.3,0.0,73736.9,0.0,20542.6,75297.2,22540.5,98941.9,103789.0,128652.3,141270.0,148
2666.4,153846.0,33991.0,33717.0,43069.0,43069.0,67533.1,56480.3,14802.0,13570.3,0.0,73736.9,0.0,20516.3,75293.4,22504.1,98901.6,103825.4,128652.3,141270.0,148
2667.4,153846.0,33991.0,33717.0,43069.0,43069.0,67533.1,56480.3,14802.0,13570.3,0.0,73743.8,0.0,20523.9,75300.3,22513.8,98918.2,103815.6,128652.3,141276.9,148
2668.4,153846.0,33991.0,33717.0,43069.0,43069.0,67562.0,56509.2,14830.9,13599.2,0.0,73809.5,0.0,20451.7,75366.8,22441.2,98912.2,103888.2,128652.3,141371.5,148
2669.4,153846.0,33991.0,33717.0,43069.0,43069.0,67562.0,56509.2,14830.9,13599.2,0.0,73809.5,0.0,20459.7,75366.5,22449.8,98920.4,103879.7,128652.3,141371.5,148
2670.4,153846.0,33991.0,33717.0,43069.0,43069.0,67562.0,56509.2,14830.9,13599.2,0.0,73809.5,0.0,20469.2,75366.5,22459.0,98929.7,103870.5,128652.3,141371.5,148
2671.4,153846.0,33991.0,33717.0,43069.0,43069.0,67562.0,56509.2,14830.9,13599.2,0.0,73809.5,0.0,20479.4,75366.5,22471.2,98941.8,103858.3,128652.3,141371.5,148
2672.4,153846.0,33991.0,33717.0,43069.0,43069.0,67562.0,56509.2,14830.9,13599.2,0.0,73809.5,0.0,20489.0,75366.5,22480.1,98950.8,103849.3,128652.3,141371.5,148
2673.4,153846.0,33991.0,33717.0,43069.0,43069.0,67562.0,56509.2,14830.9,13599.2,0.0,73831.6,0.0,20500.5,75388.3,22496.4,98988.8,103833.1,128652.3,141393.7,148
2674.4,153846.0,33991.0,33717.0,43069.0,43069.0,67562.0,56509.2,14830.9,13599.2,0.0,73832.3,0.0,20510.0,75388.9,22504.4,98997.5,103825.0,128652.3,141394.3,148
2675.4,153846.0,33991.0,33717.0,43069.0,43069.0,67562.0,56509.2,14830.9,13599.2,0.0,73864.3,0.0,20490.4,75421.0,22487.3,99012.4,103842.2,128652.3,141426.3,148
2676.4,153846.0,33991.0,33717.0,43069.0,43069.0,67562.0,56509.2,14830.9,13599.2,0.0,73864.6,0.0,20497.9,75421.4,22494.3,99019.9,103835.1,128652.3,141426.7,148
2677.4,153846.0,33991.0,33717.0,43069.0,43069.0,67562.0,56509.2,14830.9,13599.2,0.0,73877.0,0.0,20509.7,75433.8,22505.8,99043.7,103823.7,128652.3,141439.1,148
2678.4,153846.0,33991.0,33717.0,43069.0,43069.0,67562.0,56509.2,14830.9,13599.2,0.0,73884.0,0.0,20518.3,75440.8,22511.4,99056.4,103818.0,128652.3,141446.1,148
2679.4,153846.0,33991.0,33717.0,43069.0,43069.0,67562.0,56509.2,14830.9,13599.2,0.0,73884.0,0.0,20530.3,75440.8,22520.8,99065.7,103808.7,128652.3,141446.1,148
2680.4,153846.0,33991.0,33717.0,43069.0,43069.0,67562.0,56509.2,14830.9,13599.2,0.0,73884.0,0.0,20541.3,75440.4,22534.0,99078.5,103795.5,128652.3,141446.1,148
2681.4,153846.0,33991.0,33717.0,43069.0,43069.0,67562.0,56509.2,14830.9,13599.2,0.0,73884.0,0.0,20552.8,75440.4,22546.4,99090.9,103783.1,128652.3,141446.1,148
2682.4,153846.0,33991.0,33717.0,43069.0,43069.0,67562.9,56510.1,14831.8,13600.1,0.0,73884.0,0.0,20565.3,75445.4,22565.1,99114.6,103764.4,128652.3,141446.9,148
2683.4,153846.0,33991.0,33717.0,43069.0,43069.0,67562.9,56510.1,14831.8,13600.1,0.0,74981.1,0.0,20576.9,76540.3,22567.8,100212.2,103761.7,128652.3,142544.0,148
2684.4,153846.0,33991.0,33717.0,43069.0,43069.0,67562.9,56510.1,14831.8,13600.1,0.0,75903.8,0.0,18543.1,77465.2,20527.7,99097.0,105801.7,128652.3,143466.7,148
2685.4,153846.0,33991.0,33717.0,43069.0,43069.0,67562.9,56510.1,14831.8,13600.1,0.0,75903.8,0.0,18552.5,77465.2,20537.9,99107.2,105791.5,128652.3,143466.7,148
2686.4,153846.0,33991.0,33717.0,43069.0,43069.0,67562.9,56510.1,14831.8,13600.1,0.0,75922.7,0.0,18561.3,77484.0,20545.2,99133.4,105784.2,128652.3,143485.6,148
2687.4,153846.0,33991.0,33717.0,43069.0,43069.0,67562.9,56510.1,14831.8,13600.1,0.0,75922.7,0.0,18567.3,77484.1,20548.8,99137.0,105780.7,128652.3,143485.6,148
2688.4,153846.0,33991.0,33717.0,43069.0,43069.0,67562.9,56510.1,14831.8,13600.1,0.0,75922.7,0.0,18574.3,77484.0,20555.6,99143.8,105773.8,128652.3,143485.6,148
2689.4,153846.0,33991.0,33717.0,43069.0,43069.0,67562.9,56510.1,14831.8,13600.1,0.0,75922.7,0.0,18581.2,77484.0,20561.1,99149.3,105768.3,128652.3,143485.6,148
2690.4,153846.0,33991.0,33717.0,43069.0,43069.0,67562.9,56510.1,14831.8,13600.1,0.0,75922.8,0.0,18589.2,77484.5,20575.9,99164.6,105753.5,128652.3,143485.7,148
2691.4,153846.0,33991.0,33717.0,43069.0,43069.0,67562.9,56510.1,14831.8,13600.1,0.0,75934.6,0.0,18598.0,77496.4,20585.3,99185.8,105744.1,128652.3,143497.5,148
2692.4,153846.0,33991.0,33717.0,43069.0,43069.0,67562.9,56510.1,14831.8,13600.1,0.0,75934.8,0.0,18606.7,77496.5,20595.6,99196.3,105733.9,128652.3,143497.7,148
2693.4,153846.0,33991.0,33717.0,43069.0,43069.0,67562.9,56510.1,14831.8,13600.1,0.0,75934.8,0.0,18614.4,77496.5,20602.4,99203.0,105727.1,128652.3,143497.7,148
2694.4,153846.0,33991.0,33717.0,43069.0,43069.0,67562.9,56510.1,14831.8,13600.1,0.0,75934.8,0.0,18621.1,77496.5,20609.6,99210.2,105719.9,128652.3,143497.7,148
2695.4,153846.0,33991.0,33717.0,43069.0,43069.0,67562.9,56510.1,14831.8,13600.1,0.0,75934.8,0.0,18628.0,77496.5,20616.1,99216.8,105713.4,128652.3,143497.7,148
2696.4,153846.0,33991.0,33717.0,43069.0,43069.0,67562.9,56510.1,14831.8,13600.1,0.0,75934.8,0.0,18636.9,77496.6,20627.6,99228.4,105701.8,128652.3,143497.7,148
2697.4,153846.0,33991.0,33717.0,43069.0,43069.0,67562.9,56510.1,14831.8,13600.1,0.0,75934.8,0.0,18643.0,77496.3,20636.4,99236.9,105693.0,128652.3,143497.7,148
2698.4,153846.0,33991.0,33717.0,43069.0,43069.0,67562.9,56510.1,14831.8,13600.1,0.0,75934.8,0.0,18650.0,77496.3,20640.4,99240.9,105689.0,128652.3,143497.7,148
2699.4,153846.0,33991.0,33717.0,43069.0,43069.0,67562.9,56510.1,14831.8,13600.1,0.0,75953.6,0.0,18657.5,77515.0,20646.9,99266.1,105682.5,128652.3,143516.5,148
2700.4,153846.0,33991.0,33717.0,43069.0,43069.0,67562.9,56510.1,14831.8,13600.1,0.0,76037.8,0.0,18558.9,77599.3,20545.7,99249.1,105783.7,128652.3,143600.7,148
2701.4,153846.0,33991.0,33717.0,43069.0,43069.0,67562.9,56510.1,14831.8,13600.1,0.0,76038.2,0.0,18566.7,77601.4,20559.7,99265.3,105769.7,128652.3,143601.1,148
2702.4,153846.0,33991.0,33717.0,43069.0,43069.0,67562.9,56510.1,14831.8,13600.1,0.0,76038.3,0.0,18578.0,77600.5,20567.6,99272.3,105761.8,128652.3,143601.2,148
2703.4,153846.0,33991.0,33717.0,43069.0,43069.0,67562.9,56510.1,14831.8,13600.1,0.0,76038.4,0.0,18586.8,77600.6,20575.6,99280.4,105753.8,128652.3,143601.3,148
2704.4,153846.0,33991.0,33717.0,43069.0,43069.0,67562.9,56510.1,14831.8,13600.1,0.0,76103.3,0.0,18597.9,77665.6,20585.8,99355.6,105743.6,128652.3,143666.2,148
2705.4,153846.0,33991.0,33717.0,43069.0,43069.0,67562.9,56510.1,14831.8,13600.1,0.0,76119.6,0.0,18608.8,77682.2,20597.2,99383.7,105732.1,128652.3,143682.5,148
2706.4,153846.0,33991.0,33717.0,43069.0,43069.0,67562.9,56510.1,14831.7,13600.1,0.0,76183.6,0.0,18554.3,77748.0,20549.4,99401.6,105779.9,128652.3,143746.4,148
2707.4,153846.0,33991.0,33717.0,43069.0,43069.0,67562.9,56510.1,14831.7,13600.1,0.0,76205.8,0.0,18613.6,77770.2,20604.7,99479.3,105724.6,128652.3,143768.6,148
2708.4,153846.0,33991.0,33717.0,43069.0,43069.0,67562.9,56510.1,14831.8,13600.1,0.0,76206.1,0.0,18625.5,77770.6,20614.6,99489.6,105714.7,128652.3,143769.0,148
2709.4,153846.0,33991.0,33717.0,43069.0,43069.0,67562.9,56510.1,14831.8,13600.1,0.0,76206.3,0.0,18586.6,77770.9,20575.0,99450.3,105754.2,128652.3,143769.2,148
2710.4,153846.0,33991.0,33717.0,43069.0,43069.0,67562.9,56510.1,14831.7,13600.1,0.0,76206.3,0.0,18599.4,77770.9,20589.2,99464.5,105740.0,128652.3,143769.2,148
2711.4,153846.0,33991.0,33717.0,43069.0,43069.0,67562.9,56510.1,14831.7,13600.1,0.0,76206.5,0.0,18611.9,77771.0,20600.5,99475.9,105728.7,128652.3,143769.4,148
2712.4,153846.0,33991.0,33717.0,43069.0,43069.0,67562.9,56510.1,14831.7,13600.1,0.0,76206.5,0.0,18623.3,77771.0,20609.7,99485.1,105719.5,128652.3,143769.4,148
2713.4,153846.0,33991.0,33717.0,43069.0,43069.0,67562.9,56510.1,14831.7,13600.1,0.0,76206.5,0.0,18634.6,77771.2,20620.1,99495.7,105709.1,128652.3,143769.4,148
2714.4,153846.0,33991.0,33717.0,43069.0,43069.0,67562.9,56510.1,14831.7,13600.1,0.0,76206.5,0.0,18646.6,77771.1,20631.4,99506.8,105697.8,128652.3,143769.4,148
2715.4,153846.0,33991.0,33717.0,43069.0,43069.0,67562.9,56510.1,14831.8,13600.1,0.0,76312.1,0.0,18549.9,77879.3,20535.6,99519.3,105793.6,128652.3,143875.0,148
2716.4,153846.0,33991.0,33717.0,43069.0,43069.0,67562.9,56510.1,14831.8,13600.1,0.0,76376.1,0.0,18492.0,77945.1,20483.7,99533.3,105845.5,128652.3,143939.0,148
2717.4,153846.0,33991.0,33717.0,43069.0,43069.0,67562.9,56510.1,14831.8,13600.1,0.0,76376.1,0.0,18503.2,77945.1,20509.1,99558.7,105820.1,128652.3,143939.0,148
2718.4,153846.0,33991.0,33717.0,43069.0,43069.0,67562.9,56510.1,14831.8,13600.1,0.0,76384.2,0.0,18514.2,77954.4,20514.1,99572.9,105815.1,128652.3,143947.1,148
2719.4,153846.0,33991.0,33717.0,43069.0,43069.0,67562.9,56510.1,14831.8,13600.1,0.0,76384.2,0.0,18521.0,77953.7,20519.5,99577.6,105809.7,128652.3,143947.1,148
2720.4,153846.0,33991.0,33717.0,43069.0,43069.0,67562.9,56510.1,14831.8,13600.1,0.0,76384.3,0.0,18529.0,77953.7,20528.6,99586.8,105800.5,128652.3,143947.2,148
2721.4,153846.0,33991.0,33717.0,43069.0,43069.0,67562.9,56510.1,14831.8,13600.1,0.0,76384.3,0.0,18538.7,77953.1,20543.7,99601.2,105785.4,128652.3,143947.2,148
2722.4,153846.0,33991.0,33717.0,43069.0,43069.0,67562.9,56510.1,14831.8,13600.1,0.0,76384.3,0.0,18548.3,77953.3,20555.8,99613.5,105773.4,128652.3,143947.2,148
2723.4,153846.0,33991.0,33717.0,43069.0,43069.0,67562.9,56510.1,14831.8,13600.1,0.0,76384.3,0.0,18555.1,77953.3,20563.6,99621.3,105765.6,128652.3,143947.2,148
2724.4,153846.0,33991.0,33717.0,43069.0,43069.0,67562.9,56510.1,14831.8,13600.1,0.0,76384.3,0.0,18564.0,77953.3,20573.9,99631.6,105755.3,128652.3,143947.2,148
2725.4,153846.0,33991.0,33717.0,43069.0,43069.0,67562.9,56510.1,14831.8,13600.1,0.0,76384.3,0.0,18573.8,77953.3,20584.3,99642.0,105744.9,128652.3,143947.2,148
2726.4,153846.0,33991.0,33717.0,43069.0,43069.0,67562.9,56510.1,14831.8,13600.1,0.0,76442.8,0.0,18581.8,78013.4,20593.3,99711.2,105735.8,128652.3,144005.7,148
2727.4,153846.0,33991.0,33717.0,43069.0,43069.0,67562.9,56510.1,14831.8,13600.1,0.0,76459.5,0.0,18593.3,78030.1,20604.4,99738.9,105724.8,128652.3,144022.4,148
2728.4,153846.0,33991.0,33717.0,43069.0,43069.0,67562.9,56510.1,14831.8,13600.1,0.0,76459.6,0.0,18601.1,78030.7,20615.0,99750.1,105714.2,128652.3,144022.5,148
2729.4,153846.0,33991.0,33717.0,43069.0,43069.0,67562.9,56510.1,14831.8,13600.1,0.0,76459.6,0.0,18616.0,78030.7,20623.6,99758.7,105705.6,128652.3,144022.5,148
2730.4,153846.0,33991.0,33717.0,43069.0,43069.0,67562.9,56510.1,14831.8,13600.1,0.0,76459.6,0.0,18624.2,78030.7,20630.9,99766.0,105698.3,128652.3,144022.5,148
2731.4,153846.0,33991.0,33717.0,43069.0,43069.0,67585.1,56532.3,14854.0,13622.3,0.0,76459.6,0.0,18657.1,78036.2,20675.3,99815.9,105653.9,128652.3,144044.7,148
2732.4,153846.0,33991.0,33717.0,43069.0,43069.0,67585.1,56532.3,14854.0,13622.3,0.0,76459.6,0.0,18668.5,78031.2,20675.9,99811.6,105653.2,128652.3,144044.7,148
2733.4,153846.0,33991.0,33717.0,43069.0,43069.0,67585.1,56532.3,14854.0,13622.3,0.0,76459.6,0.0,18681.8,78031.2,20685.9,99821.5,105643.3,128652.3,144044.7,148
2734.4,153846.0,33991.0,33717.0,43069.0,43069.0,67585.1,56532.3,14854.0,13622.3,0.0,76459.6,0.0,18693.0,78031.2,20695.3,99830.9,105633.9,128652.3,144044.7,148
2735.4,153846.0,33991.0,33717.0,43069.0,43069.0,67585.1,56532.3,14854.0,13622.3,0.0,76459.6,0.0,18705.2,78031.1,20710.4,99846.0,105618.7,128652.3,144044.8,148
2736.4,153846.0,33991.0,33717.0,43069.0,43069.0,67585.1,56532.3,14854.0,13622.3,0.0,76459.6,0.0,18718.2,78030.6,20718.2,99853.3,105610.9,128652.3,144044.8,148
2737.4,153846.0,33991.0,33717.0,43069.0,43069.0,67585.1,56532.3,14854.0,13622.3,0.0,76459.6,0.0,18729.1,78030.6,20729.9,99864.9,105599.2,128652.3,144044.8,148
2738.4,153846.0,33991.0,33717.0,43069.0,43069.0,67585.1,56532.3,14854.0,13622.3,0.0,76459.6,0.0,18741.0,78030.6,20742.4,99877.4,105586.8,128652.3,144044.8,148
2739.4,153846.0,33991.0,33717.0,43069.0,43069.0,67585.1,56532.3,14854.0,13622.3,0.0,76523.1,0.0,18690.4,78095.6,20690.0,99890.0,105639.1,128652.3,144108.3,148
2740.4,153846.0,33991.0,33717.0,43069.0,43069.0,67585.1,56532.3,14854.0,13622.3,0.0,76523.6,0.0,18697.1,78097.7,20704.6,99906.8,105624.5,128652.3,144108.7,148
2741.4,153846.0,33991.0,33717.0,43069.0,43069.0,67585.1,56532.3,14854.0,13622.3,0.0,76568.3,0.0,18707.1,78141.5,20711.6,99957.6,105617.5,128652.3,144153.4,148
2742.4,153846.0,33991.0,33717.0,43069.0,43069.0,67585.1,56532.3,14854.0,13622.3,0.0,76570.2,0.0,18673.9,78143.5,20673.7,99921.6,105655.4,128652.3,144155.4,148
2743.4,153846.0,33991.0,33717.0,43069.0,43069.0,67585.1,56532.3,14854.0,13622.3,0.0,76569.9,0.0,18682.9,78143.2,20683.0,99930.6,105646.1,128652.3,144155.1,148
2744.4,153846.0,33991.0,33717.0,43069.0,43069.0,67585.1,56532.3,14854.0,13622.3,0.0,76569.9,0.0,18694.9,78143.2,20695.9,99943.5,105633.2,128652.3,144155.1,148
2745.4,153846.0,33991.0,33717.0,43069.0,43069.0,67585.1,56532.3,14854.0,13622.3,0.0,76569.9,0.0,18705.1,78143.2,20703.4,99951.0,105625.7,128652.3,144155.1,148
2746.4,153846.0,33991.0,33717.0,43069.0,43069.0,67585.1,56532.3,14854.0,13622.3,0.0,76604.6,0.0,18681.1,78178.7,20680.1,99963.2,105649.1,128652.3,144189.7,148
2747.4,153846.0,33991.0,33717.0,43069.0,43069.0,67585.1,56532.3,14854.0,13622.3,0.0,76604.6,0.0,18691.1,78178.7,20695.6,99978.7,105633.6,128652.3,144189.7,148
2748.4,153846.0,33991.0,33717.0,43069.0,43069.0,67585.1,56532.3,14854.0,13622.3,0.0,76604.6,0.0,18699.8,78181.1,20710.5,99996.1,105618.6,128652.3,144189.7,148
2749.4,153846.0,33991.0,33717.0,43069.0,43069.0,67585.1,56532.3,14854.0,13622.3,0.0,76604.6,0.0,18707.9,78180.7,20725.2,100010.4,105603.9,128652.3,144189.8,148
2750.4,153846.0,33991.0,33717.0,43069.0,43069.0,67585.2,56532.3,14854.0,13622.3,0.0,76604.6,0.0,18716.6,78181.6,20742.5,100028.5,105586.7,128652.3,144189.8,148
2751.4,153846.0,33991.0,33717.0,43069.0,43069.0,67585.2,56532.3,14854.0,13622.3,0.0,76604.6,0.0,18724.3,78180.5,20749.5,100034.5,105579.7,128652.3,144189.8,148
2752.4,153846.0,33991.0,33717.0,43069.0,43069.0,67585.2,56532.3,14854.0,13622.3,0.0,76604.6,0.0,18735.3,78180.5,20756.9,100041.9,105572.3,128652.3,144189.8,148
2753.4,153846.0,33991.0,33717.0,43069.0,43069.0,67585.2,56532.3,14854.0,13622.3,0.0,76604.6,0.0,18743.6,78187.8,20781.5,100073.8,105547.6,128652.3,144189.8,148
2754.4,153846.0,33991.0,33717.0,43069.0,43069.0,67585.2,56532.3,14854.0,13622.3,0.0,76604.6,0.0,18753.1,78180.0,20770.1,100054.6,105559.0,128652.3,144189.8,148
2755.4,153846.0,33991.0,33717.0,43069.0,43069.0,67585.2,56532.3,14854.0,13622.3,0.0,76604.6,0.0,18761.5,78180.0,20778.7,100063.1,105550.4,128652.3,144189.8,148
2756.4,153846.0,33991.0,33717.0,43069.0,43069.0,67585.2,56532.3,14854.0,13622.3,0.0,76604.6,0.0,18770.5,78180.0,20787.0,100071.5,105542.1,128652.3,144189.8,148
2757.4,153846.0,33991.0,33717.0,43069.0,43069.0,67585.2,56532.3,14854.0,13622.3,0.0,76604.6,0.0,18775.8,78180.0,20792.7,100077.1,105536.4,128652.3,144189.8,148
2758.4,153846.0,33991.0,33717.0,43069.0,43069.0,67585.2,56532.3,14854.0,13622.3,0.0,76604.6,0.0,18783.7,78180.2,20798.8,100083.4,105530.3,128652.3,144189.8,148
2759.4,153846.0,33991.0,33717.0,43069.0,43069.0,67585.2,56532.3,14854.0,13622.3,0.0,76604.7,0.0,18789.9,78179.9,20805.7,100090.1,105523.4,128652.3,144189.8,148
2760.4,153846.0,33991.0,33717.0,43069.0,43069.0,67585.2,56532.3,14854.0,13622.3,0.0,76604.7,0.0,18795.8,78179.9,20810.6,100095.0,105518.5,128652.3,144189.8,148
2761.4,153846.0,33991.0,33717.0,43069.0,43069.0,67585.2,56532.3,14854.0,13622.3,0.0,76604.7,0.0,18799.6,78179.9,20814.8,100099.2,105514.3,128652.3,144189.8,148
2762.4,153846.0,33991.0,33717.0,43069.0,43069.0,67585.2,56532.3,14854.0,13622.3,0.0,76604.7,0.0,18807.7,78179.9,20822.8,100107.1,105506.4,128652.3,144189.8,148
2763.4,153846.0,33991.0,33717.0,43069.0,43069.0,67585.2,56532.3,14854.0,13622.3,0.0,76604.8,0.0,18813.7,78180.0,20825.0,100109.5,105504.2,128652.3,144190.0,148
2764.4,153846.0,33991.0,33717.0,43069.0,43069.0,67585.2,56532.3,14854.0,13622.3,0.0,76604.8,0.0,18821.6,78180.0,20830.7,100115.2,105498.4,128652.3,144190.0,148
2765.4,153846.0,33991.0,33717.0,43069.0,43069.0,67585.2,56532.3,14854.0,13622.3,0.0,76604.8,0.0,18828.6,78180.0,20837.7,100122.2,105491.4,128652.3,144190.0,148
2766.4,153846.0,33991.0,33717.0,43069.0,43069.0,67585.2,56532.3,14854.0,13622.3,0.0,76604.8,0.0,18834.5,78180.0,20845.5,100130.0,105483.6,128652.3,144190.0,148
2767.4,153846.0,33991.0,33717.0,43069.0,43069.0,67585.2,56532.3,14854.0,13622.3,0.0,76604.8,0.0,18839.6,78180.1,20849.9,100134.4,105479.2,128652.3,144190.0,148
2768.4,153846.0,33991.0,33717.0,43069.0,43069.0,67585.2,56532.3,14854.0,13622.3,0.0,76604.8,0.0,18845.8,78180.1,20852.9,100137.4,105476.2,128652.3,144190.0,148
2769.4,153846.0,33991.0,33717.0,43069.0,43069.0,67585.2,56532.3,14854.0,13622.3,0.0,76604.8,0.0,18852.3,78180.1,20857.9,100142.5,105471.2,128652.3,144190.0,148
2770.4,153846.0,33991.0,33717.0,43069.0,43069.0,67585.2,56532.3,14854.0,13622.3,0.0,76668.8,0.0,18797.4,78245.9,20803.5,100153.8,105525.7,128652.3,144254.0,148
2771.4,153846.0,33991.0,33717.0,43069.0,43069.0,67585.2,56532.3,14854.0,13622.3,0.0,76668.8,0.0,18803.7,78247.3,20816.2,100168.0,105512.9,128652.3,144254.0,148
2772.4,153846.0,33991.0,33717.0,43069.0,43069.0,67585.2,56532.3,14854.0,13622.3,0.0,76668.8,0.0,18811.5,78246.4,20813.6,100164.5,105515.5,128652.3,144254.0,148
2773.4,153846.0,33991.0,33717.0,43069.0,43069.0,67585.2,56532.3,14854.0,13622.3,0.0,76668.8,0.0,18818.0,78246.1,20820.2,100170.8,105508.9,128652.3,144254.0,148
2774.4,153846.0,33991.0,33717.0,43069.0,43069.0,67585.2,56532.3,14854.0,13622.3,0.0,76668.8,0.0,18826.3,78245.8,20829.5,100179.8,105499.6,128652.3,144254.0,148
2775.4,153846.0,33991.0,33717.0,43069.0,43069.0,67585.2,56532.3,14854.0,13622.3,0.0,76668.8,0.0,18833.5,78245.9,20836.5,100186.9,105492.6,128652.3,144254.0,148
2776.4,153846.0,33991.0,33717.0,43069.0,43069.0,67585.2,56532.3,14854.0,13622.3,0.0,76668.9,0.0,18841.1,78245.9,20842.6,100192.9,105486.5,128652.3,144254.0,148
2777.4,153846.0,33991.0,33717.0,43069.0,43069.0,67585.2,56532.3,14854.0,13622.3,0.0,76668.9,0.0,18848.8,78245.9,20846.5,100196.8,105482.6,128652.3,144254.0,148
2778.5,153846.0,33991.0,33717.0,43069.0,43069.0,67616.0,56563.2,14884.9,13653.2,0.0,76669.2,0.0,18888.8,78250.0,20904.5,100259.0,105424.6,128652.3,144285.2,148
2779.5,153846.0,33991.0,33717.0,43069.0,43069.0,67575.4,56522.6,14844.3,13612.6,0.0,76669.2,0.0,18857.2,78246.9,20851.0,100202.3,105478.1,128652.3,144244.6,148
2780.5,153846.0,33991.0,33717.0,43069.0,43069.0,67575.4,56522.6,14844.3,13612.6,0.0,76669.2,0.0,18865.9,78246.6,20867.4,100218.4,105461.7,128652.3,144244.6,148
2781.5,153846.0,33991.0,33717.0,43069.0,43069.0,67575.4,56522.6,14844.3,13612.6,0.0,76669.2,0.0,18873.1,78246.6,20874.3,100225.3,105454.8,128652.3,144244.6,148
2782.5,153846.0,33991.0,33717.0,43069.0,43069.0,67575.4,56522.6,14844.3,13612.6,0.0,76669.2,0.0,18883.9,78246.6,20887.8,100238.9,105441.3,128652.3,144244.6,148
2783.5,153846.0,33991.0,33717.0,43069.0,43069.0,67575.4,56522.6,14844.3,13612.6,0.0,76669.3,0.0,18893.4,78246.7,20898.3,100249.4,105430.8,128652.3,144244.7,148
2784.5,153846.0,33991.0,33717.0,43069.0,43069.0,67575.4,56522.6,14844.3,13612.6,0.0,76669.3,0.0,18901.9,78246.7,20907.3,100258.4,105421.8,128652.3,144244.7,148
2785.5,153846.0,33991.0,33717.0,43069.0,43069.0,67575.4,56522.6,14844.3,13612.6,0.0,76669.3,0.0,18911.3,78246.7,20918.5,100269.6,105410.6,128652.3,144244.7,148
2786.5,153846.0,33991.0,33717.0,43069.0,43069.0,67575.4,56522.6,14844.3,13612.6,0.0,76669.4,0.0,18919.6,78246.2,20924.4,100275.2,105404.7,128652.3,144244.8,148
2787.5,153846.0,33991.0,33717.0,43069.0,43069.0,67575.4,56522.6,14844.3,13612.6,0.0,76669.4,0.0,18928.7,78246.2,20932.4,100283.1,105396.7,128652.3,144244.8,148
2788.5,153846.0,33991.0,33717.0,43069.0,43069.0,67575.4,56522.6,14844.3,13612.6,0.0,76669.4,0.0,18938.3,78246.2,20941.2,100291.9,105387.9,128652.3,144244.8,148
2789.5,153846.0,33991.0,33717.0,43069.0,43069.0,67575.4,56522.6,14844.3,13612.6,0.0,76669.4,0.0,18947.5,78246.2,20950.4,100301.1,105378.7,128652.3,144244.8,148
2790.5,153846.0,33991.0,33717.0,43069.0,43069.0,67575.4,56522.6,14844.3,13612.6,0.0,76669.4,0.0,18956.8,78246.2,20962.2,100313.0,105366.9,128652.3,144244.8,148
2791.5,153846.0,33991.0,33717.0,43069.0,43069.0,67575.4,56522.6,14844.3,13612.6,0.0,76669.4,0.0,18966.1,78246.2,20970.1,100320.8,105359.0,128652.3,144244.8,148
2792.5,153846.0,33991.0,33717.0,43069.0,43069.0,67575.4,56522.6,14844.3,13612.6,0.0,76669.4,0.0,18975.0,78246.7,20983.4,100334.6,105345.7,128652.3,144244.8,148
2793.5,153846.0,33991.0,33717.0,43069.0,43069.0,67537.6,56484.8,14806.5,13574.8,0.0,76669.4,0.0,18947.1,78252.3,20964.5,100321.3,105364.6,128652.3,144207.0,148
2794.5,153846.0,33991.0,33717.0,43069.0,43069.0,67537.6,56484.8,14806.5,13574.8,0.0,76669.4,0.0,18958.3,78247.6,20965.9,100318.1,105363.2,128652.3,144207.0,148
2795.5,153846.0,33991.0,33717.0,43069.0,43069.0,67537.6,56484.8,14806.5,13574.8,0.0,76669.4,0.0,18968.1,78247.6,20974.5,100326.6,105354.6,128652.3,144207.0,148
2796.5,153846.0,33991.0,33717.0,43069.0,43069.0,67537.6,56484.8,14806.5,13574.8,0.0,76669.4,0.0,18979.1,78247.6,20985.4,100337.5,105343.7,128652.3,144207.0,148
2797.5,153846.0,33991.0,33717.0,43069.0,43069.0,67537.6,56484.8,14806.5,13574.8,0.0,76669.4,0.0,18988.8,78247.6,20996.6,100348.8,105332.4,128652.3,144207.0,148
2798.5,153846.0,33991.0,33717.0,43069.0,43069.0,67537.6,56484.8,14806.5,13574.8,0.0,76669.4,0.0,18998.7,78247.7,21008.6,100360.8,105320.5,128652.3,144207.0,148
2799.5,153846.0,33991.0,33717.0,43069.0,43069.0,67537.6,56484.8,14806.5,13574.8,0.0,76669.4,0.0,19011.6,78247.7,21020.2,100372.4,105308.9,128652.3,144207.0,148
2800.5,153846.0,33991.0,33717.0,43069.0,43069.0,67537.6,56484.8,14806.5,13574.8,0.0,76669.5,0.0,19022.4,78247.8,21030.5,100382.9,105298.5,128652.3,144207.2,148
2801.5,153846.0,33991.0,33717.0,43069.0,43069.0,67537.6,56484.8,14806.5,13574.8,0.0,76669.6,0.0,19034.8,78247.9,21042.0,100394.4,105287.1,128652.3,144207.2,148
2802.5,153846.0,33991.0,33717.0,43069.0,43069.0,67537.6,56484.8,14806.5,13574.8,0.0,76669.6,0.0,19043.5,78247.9,21053.2,100405.5,105275.9,128652.3,144207.2,148
2803.5,153846.0,33991.0,33717.0,43069.0,43069.0,67537.6,56484.8,14806.5,13574.8,0.0,76669.6,0.0,19053.5,78247.9,21066.7,100419.1,105262.4,128652.3,144207.2,148
2804.5,153846.0,33991.0,33717.0,43069.0,43069.0,67537.6,56484.8,14806.5,13574.8,0.0,76669.6,0.0,19064.1,78247.9,21075.5,100427.9,105253.6,128652.3,144207.2,148
2805.5,153846.0,33991.0,33717.0,43069.0,43069.0,67537.6,56484.8,14806.5,13574.8,0.0,76669.6,0.0,19075.7,78247.6,21088.5,100440.6,105240.6,128652.3,144207.2,148
2806.5,153846.0,33991.0,33717.0,43069.0,43069.0,67537.6,56484.8,14806.5,13574.8,0.0,76669.6,0.0,19087.5,78247.6,21095.9,100447.9,105233.2,128652.3,144207.2,148
2807.5,153846.0,33991.0,33717.0,43069.0,43069.0,67537.6,56484.8,14806.5,13574.8,0.0,76669.6,0.0,19099.0,78251.0,21118.5,100474.1,105210.5,128652.3,144207.2,148
2808.5,153846.0,33991.0,33717.0,43069.0,43069.0,67537.6,56484.8,14806.5,13574.8,0.0,76669.6,0.0,19109.7,78247.4,21114.8,100466.8,105214.2,128652.3,144207.2,148
2809.5,153846.0,33991.0,33717.0,43069.0,43069.0,67537.6,56484.8,14806.5,13574.8,0.0,76669.6,0.0,19121.0,78247.4,21123.4,100475.3,105205.7,128652.3,144207.2,148
2810.5,153846.0,33991.0,33717.0,43069.0,43069.0,67537.6,56484.8,14806.5,13574.8,0.0,76669.6,0.0,19133.1,78247.4,21133.8,100485.8,105195.3,128652.3,144207.2,148
2811.5,153846.0,33991.0,33717.0,43069.0,43069.0,67537.6,56484.8,14806.5,13574.8,0.0,76669.6,0.0,19144.3,78247.4,21144.7,100496.6,105184.4,128652.3,144207.2,148
2812.5,153846.0,33991.0,33717.0,43069.0,43069.0,67537.6,56484.8,14806.5,13574.8,0.0,76687.1,0.0,19153.2,78265.0,21154.3,100523.9,105174.8,128652.3,144224.7,148
2813.5,153846.0,33991.0,33717.0,43069.0,43069.0,67537.6,56484.8,14806.5,13574.8,0.0,76687.1,0.0,19165.1,78265.0,21160.6,100530.1,105168.5,128652.3,144224.7,148
2814.5,153846.0,33991.0,33717.0,43069.0,43069.0,67537.6,56484.8,14806.5,13574.8,0.0,76687.1,0.0,19175.2,78265.0,21172.3,100541.8,105156.8,128652.3,144224.7,148
2815.5,153846.0,33991.0,33717.0,43069.0,43069.0,67537.6,56484.8,14806.5,13574.8,0.0,76687.1,0.0,19187.4,78265.0,21185.6,100555.1,105143.4,128652.3,144224.7,148
2816.5,153846.0,33991.0,33717.0,43069.0,43069.0,67537.6,56484.8,14806.5,13574.8,0.0,76687.1,0.0,19199.1,78265.0,21200.3,100569.8,105128.8,128652.3,144224.8,148
2817.5,153846.0,33991.0,33717.0,43069.0,43069.0,67537.6,56484.8,14806.5,13574.8,0.0,76687.2,0.0,19200.8,78265.0,21202.2,100571.8,105126.9,128652.3,144224.8,148
2818.5,153846.0,33991.0,33717.0,43069.0,43069.0,67537.6,56484.8,14806.5,13574.8,0.0,76687.2,0.0,19212.2,78265.0,21214.9,100584.4,105114.2,128652.3,144224.8,148
2819.5,153846.0,33991.0,33717.0,43069.0,43069.0,67537.6,56484.8,14806.5,13574.8,0.0,76687.3,0.0,19224.4,78265.0,21226.1,100595.6,105103.0,128652.3,144224.9,148
2820.5,153846.0,33991.0,33717.0,43069.0,43069.0,67537.6,56484.8,14806.5,13574.8,0.0,76687.3,0.0,19234.2,78265.0,21236.5,100606.1,105092.5,128652.3,144224.9,148
2821.5,153846.0,33991.0,33717.0,43069.0,43069.0,67537.6,56484.8,14806.5,13574.8,0.0,76687.3,0.0,19245.6,78265.0,21248.3,100617.8,105080.8,128652.3,144224.9,148
2822.5,153846.0,33991.0,33717.0,43069.0,43069.0,67537.6,56484.8,14806.5,13574.8,0.0,76687.3,0.0,19257.8,78265.0,21258.8,100628.3,105070.3,128652.3,144224.9,148
2823.5,153846.0,33991.0,33717.0,43069.0,43069.0,67537.6,56484.8,14806.5,13574.8,0.0,76687.3,0.0,19267.4,78265.0,21269.6,100639.2,105059.5,128652.3,144224.9,148
2824.5,153846.0,33991.0,33717.0,43069.0,43069.0,67537.6,56484.8,14806.5,13574.8,0.0,76687.3,0.0,19279.8,78265.1,21281.1,100650.7,105048.0,128652.3,144225.0,148
2825.5,153846.0,33991.0,33717.0,43069.0,43069.0,67537.6,56484.8,14806.5,13574.8,0.0,76687.3,0.0,19292.1,78265.1,21289.1,100658.6,105040.0,128652.3,144225.0,148
2826.5,153846.0,33991.0,33717.0,43069.0,43069.0,67537.6,56484.8,14806.5,13574.8,0.0,76687.4,0.0,19301.9,78265.1,21301.6,100671.2,105027.5,128652.3,144225.0,148
2827.5,153846.0,33991.0,33717.0,43069.0,43069.0,67491.7,56438.8,14760.5,13528.8,0.0,76687.4,0.0,19267.2,78265.6,21267.1,100637.2,105062.0,128652.3,144179.0,148
2828.5,153846.0,33991.0,33717.0,43069.0,43069.0,67491.7,56438.8,14760.5,13528.8,0.0,76687.4,0.0,19278.7,78265.6,21277.1,100647.2,105052.0,128652.3,144179.0,148
2829.5,153846.0,33991.0,33717.0,43069.0,43069.0,67491.7,56438.8,14760.5,13528.8,0.0,76687.4,0.0,19289.6,78265.6,21285.6,100655.8,105043.5,128652.3,144179.0,148
2830.5,153846.0,33991.0,33717.0,43069.0,43069.0,67491.7,56438.8,14760.5,13528.8,0.0,76687.4,0.0,19301.3,78265.3,21297.2,100667.0,105031.9,128652.3,144179.0,148
2831.5,153846.0,33991.0,33717.0,43069.0,43069.0,67491.7,56438.8,14760.6,13528.8,0.0,76687.4,0.0,19311.4,78265.3,21306.7,100676.6,105022.4,128652.3,144179.0,148
2832.5,153846.0,33991.0,33717.0,43069.0,43069.0,67491.7,56438.8,14760.6,13528.8,0.0,76687.4,0.0,19321.2,78265.3,21317.7,100687.5,105011.4,128652.3,144179.1,148
2833.5,153846.0,33991.0,33717.0,43069.0,43069.0,67539.0,56486.2,14807.9,13576.2,0.0,76687.4,0.0,19380.0,78268.2,21392.0,100764.7,104937.1,128652.3,144226.4,148
2834.5,153846.0,33991.0,33717.0,43069.0,43069.0,67492.2,56439.4,14761.1,13529.4,0.0,76687.4,0.0,19342.0,78266.0,21342.5,100713.0,104986.5,128652.3,144179.6,148
2835.5,153846.0,33991.0,33717.0,43069.0,43069.0,67492.2,56439.4,14761.1,13529.4,0.0,76687.5,0.0,19352.5,78266.1,21355.2,100725.9,104973.8,128652.3,144179.7,148
2836.5,153846.0,33991.0,33717.0,43069.0,43069.0,67492.2,56439.4,14761.1,13529.4,0.0,76687.5,0.0,19365.9,78266.1,21366.7,100737.4,104962.3,128652.3,144179.7,148
2837.5,153846.0,33991.0,33717.0,43069.0,43069.0,67492.2,56439.4,14761.1,13529.4,0.0,76687.5,0.0,19376.3,78266.1,21377.7,100748.3,104951.4,128652.3,144179.7,148
2838.5,153846.0,33991.0,33717.0,43069.0,43069.0,67492.2,56439.4,14761.1,13529.4,0.0,76687.5,0.0,19387.1,78266.1,21386.2,100756.9,104942.8,128652.3,144179.7,148
2839.5,153846.0,33991.0,33717.0,43069.0,43069.0,67492.2,56439.4,14761.1,13529.4,0.0,76687.5,0.0,19399.5,78266.1,21399.8,100770.5,104929.2,128652.3,144179.8,148
2840.5,153846.0,33991.0,33717.0,43069.0,43069.0,67492.2,56439.4,14761.1,13529.4,0.0,76687.6,0.0,19409.8,78266.1,21407.1,100777.7,104922.0,128652.3,144179.8,148
2841.5,153846.0,33991.0,33717.0,43069.0,43069.0,67492.2,56439.4,14761.1,13529.4,0.0,76687.6,0.0,19421.4,78265.8,21417.4,100787.8,104911.6,128652.3,144179.8,148
2842.5,153846.0,33991.0,33717.0,43069.0,43069.0,67534.4,56481.5,14803.2,13571.5,0.0,76687.6,0.0,19433.8,78266.3,21429.9,100800.7,104899.2,128652.3,144221.9,148
2843.5,153846.0,33991.0,33717.0,43069.0,43069.0,67505.9,56453.0,14774.7,13543.0,0.0,76687.6,0.0,19456.4,78266.8,21458.6,100830.0,104870.4,128652.3,144193.5,148
2844.5,153846.0,33991.0,33717.0,43069.0,43069.0,67505.9,56453.0,14774.7,13543.0,0.0,76687.6,0.0,19468.5,78266.8,21468.2,100839.5,104860.8,128652.3,144193.5,148
2845.5,153846.0,33991.0,33717.0,43069.0,43069.0,67505.9,56453.0,14774.7,13543.0,0.0,76687.6,0.0,19479.5,78266.8,21482.4,100853.8,104846.6,128652.3,144193.5,148
2846.5,153846.0,33991.0,33717.0,43069.0,43069.0,67505.9,56453.0,14774.7,13543.0,0.0,76687.6,0.0,19490.6,78266.8,21493.7,100865.0,104835.3,128652.3,144193.5,148
2847.5,153846.0,33991.0,33717.0,43069.0,43069.0,67505.9,56453.0,14774.8,13543.0,0.0,76687.6,0.0,19499.5,78265.9,21503.1,100873.5,104826.0,128652.3,144193.5,148
2848.5,153846.0,33991.0,33717.0,43069.0,43069.0,67505.9,56453.0,14774.8,13543.0,0.0,76687.6,0.0,19510.5,78265.4,21514.4,100884.3,104814.7,128652.3,144193.5,148
2849.5,153846.0,33991.0,33717.0,43069.0,43069.0,67505.9,56453.0,14774.8,13543.0,0.0,76687.6,0.0,19521.1,78266.6,21525.2,100896.3,104803.9,128652.3,144193.5,148
2850.5,153846.0,33991.0,33717.0,43069.0,43069.0,67505.9,56453.0,14774.8,13543.0,0.0,76687.6,0.0,19532.7,78265.9,21535.9,100906.4,104793.1,128652.3,144193.5,148
2851.5,153846.0,33991.0,33717.0,43069.0,43069.0,67505.9,56453.0,14774.8,13543.0,0.0,76687.6,0.0,19544.8,78266.0,21546.7,100917.2,104782.3,128652.3,144193.5,148
2852.5,153846.0,33991.0,33717.0,43069.0,43069.0,67505.9,56453.0,14774.7,13543.0,0.0,76687.7,0.0,19554.2,78266.0,21555.8,100926.3,104773.3,128652.3,144193.5,148
2853.5,153846.0,33991.0,33717.0,43069.0,43069.0,67506.0,56453.1,14774.8,13543.0,0.0,76687.7,0.0,19564.4,78266.0,21565.4,100935.9,104763.7,128652.3,144193.7,148
2854.5,153846.0,33991.0,33717.0,43069.0,43069.0,67506.0,56453.1,14774.8,13543.0,0.0,76687.7,0.0,19574.0,78265.8,21580.4,100950.7,104748.7,128652.3,144193.7,148
2855.5,153846.0,33991.0,33717.0,43069.0,43069.0,67506.0,56453.1,14774.8,13543.0,0.0,76687.7,0.0,19586.8,78265.7,21591.6,100961.9,104737.4,128652.3,144193.7,148
2856.5,153846.0,33991.0,33717.0,43069.0,43069.0,67506.0,56453.1,14774.8,13543.0,0.0,76687.8,0.0,19597.2,78265.9,21603.3,100973.7,104725.7,128652.3,144193.8,148
2857.5,153846.0,33991.0,33717.0,43069.0,43069.0,67506.0,56453.1,14774.8,13543.0,0.0,76687.8,0.0,19608.1,78265.9,21617.0,100987.5,104712.0,128652.3,144193.8,148
2858.5,153846.0,33991.0,33717.0,43069.0,43069.0,67506.0,56453.1,14774.8,13543.0,0.0,76687.8,0.0,19619.1,78265.9,21629.1,100999.6,104699.9,128652.3,144193.8,148
2859.5,153846.0,33991.0,33717.0,43069.0,43069.0,67506.0,56453.1,14774.8,13543.0,0.0,76687.8,0.0,19631.9,78265.9,21642.4,101012.8,104686.7,128652.3,144193.8,148
2860.5,153846.0,33991.0,33717.0,43069.0,43069.0,67506.0,56453.1,14774.8,13543.0,0.0,76687.8,0.0,19641.7,78265.9,21649.7,101020.2,104679.3,128652.3,144193.8,148
2861.5,153846.0,33991.0,33717.0,43069.0,43069.0,67506.0,56453.1,14774.8,13543.0,0.0,76687.8,0.0,19652.9,78265.9,21661.0,101031.5,104668.0,128652.3,144193.8,148
2862.5,153846.0,33991.0,33717.0,43069.0,43069.0,67506.0,56453.1,14774.8,13543.0,0.0,76687.9,0.0,19663.6,78265.9,21673.6,101044.0,104655.5,128652.3,144193.9,148
2863.5,153846.0,33991.0,33717.0,43069.0,43069.0,67506.0,56453.1,14774.8,13543.0,0.0,76724.3,0.0,19674.4,78303.4,21682.8,101090.7,104646.3,128652.3,144230.3,148
2864.5,153846.0,33991.0,33717.0,43069.0,43069.0,67506.0,56453.1,14774.8,13543.0,0.0,76724.3,0.0,19684.4,78303.4,21689.5,101097.4,104639.5,128652.3,144230.3,148
2865.5,153846.0,33991.0,33717.0,43069.0,43069.0,67506.0,56453.1,14774.8,13543.0,0.0,76724.3,0.0,19695.0,78303.4,21695.1,101103.1,104633.9,128652.3,144230.3,148
2866.5,153846.0,33991.0,33717.0,43069.0,43069.0,67506.0,56453.1,14774.8,13543.0,0.0,76788.3,0.0,19644.1,78368.8,21642.5,101115.9,104686.5,128652.3,144294.3,148
2867.5,153846.0,33991.0,33717.0,43069.0,43069.0,67506.0,56453.1,14774.8,13543.0,0.0,76859.9,0.0,19541.6,78442.4,21539.3,101086.3,104789.7,128652.3,144365.9,148
2868.5,153846.0,33991.0,33717.0,43069.0,43069.0,67506.0,56453.1,14774.8,13543.0,0.0,76859.9,0.0,19552.9,78442.4,21548.9,101095.9,104780.1,128652.3,144365.9,148
2869.5,153846.0,33991.0,33717.0,43069.0,43069.0,67506.0,56453.1,14774.8,13543.0,0.0,76859.9,0.0,19564.8,78442.4,21557.9,101104.9,104771.1,128652.3,144365.9,148
2870.5,153846.0,33991.0,33717.0,43069.0,43069.0,67506.0,56453.1,14774.8,13543.1,0.0,76859.9,0.0,19575.7,78442.4,21568.3,101115.3,104760.7,128652.3,144365.9,148
2871.5,153846.0,33991.0,33717.0,43069.0,43069.0,67506.0,56453.1,14774.8,13543.1,0.0,76859.9,0.0,19586.7,78442.4,21580.2,101127.2,104748.8,128652.3,144365.9,148
2872.5,153846.0,33991.0,33717.0,43069.0,43069.0,67506.0,56453.1,14774.8,13543.1,0.0,76859.9,0.0,19599.0,78442.5,21591.3,101138.3,104737.8,128652.3,144365.9,148
2873.5,153846.0,33991.0,33717.0,43069.0,43069.0,67506.0,56453.1,14774.8,13543.1,0.0,76860.0,0.0,19611.6,78442.6,21598.2,101145.3,104730.8,128652.3,144366.0,148
2874.5,153846.0,33991.0,33717.0,43069.0,43069.0,67506.0,56453.1,14774.8,13543.1,0.0,76860.0,0.0,19619.6,78442.6,21606.2,101153.3,104722.8,128652.3,144366.1,148
2875.6,153846.0,33991.0,33717.0,43069.0,43069.0,67510.4,56457.4,14779.1,13547.4,0.0,76860.0,0.0,19639.7,78446.1,21633.9,101184.6,104695.1,128652.3,144370.4,148
2876.6,153846.0,33991.0,33717.0,43069.0,43069.0,67510.4,56457.4,14779.1,13547.4,0.0,76924.0,0.0,19586.7,78508.1,21574.4,101187.1,104754.6,128652.3,144434.4,148
2877.6,153846.0,33991.0,33717.0,43069.0,43069.0,67510.4,56457.4,14779.1,13547.4,0.0,76924.0,0.0,19598.8,78508.1,21586.8,101199.6,104742.2,128652.3,144434.4,148
2878.6,153846.0,33991.0,33717.0,43069.0,43069.0,67510.4,56457.4,14779.1,13547.4,0.0,77051.9,0.0,19482.6,78639.6,21470.1,101214.2,104859.0,128652.3,144562.2,148
2879.6,153846.0,33991.0,33717.0,43069.0,43069.0,67510.4,56457.4,14779.1,13547.4,0.0,77051.9,0.0,19492.7,78639.6,21478.5,101222.6,104850.5,128652.3,144562.2,148
2880.6,153846.0,33991.0,33717.0,43069.0,43069.0,67510.4,56457.4,14779.1,13547.4,0.0,77051.9,0.0,19502.2,78639.1,21486.7,101230.3,104842.4,128652.3,144562.3,148
2881.6,153846.0,33991.0,33717.0,43069.0,43069.0,67510.4,56457.4,14779.1,13547.4,0.0,77051.9,0.0,19512.9,78639.1,21495.4,101239.0,104833.6,128652.3,144562.3,148
2882.6,153846.0,33991.0,33717.0,43069.0,43069.0,67510.4,56457.4,14779.1,13547.4,0.0,77051.9,0.0,19521.8,78639.1,21502.0,101245.7,104827.0,128652.3,144562.3,148
2883.6,153846.0,33991.0,33717.0,43069.0,43069.0,67510.4,56457.4,14779.1,13547.4,0.0,77051.9,0.0,19531.7,78639.1,21511.9,101255.5,104817.2,128652.3,144562.3,148
2884.6,153846.0,33991.0,33717.0,43069.0,43069.0,67510.4,56457.4,14779.1,13547.4,0.0,77051.9,0.0,19539.1,78640.3,21517.4,101262.2,104811.6,128652.3,144562.3,148
2885.6,153846.0,33991.0,33717.0,43069.0,43069.0,67510.4,56457.4,14779.1,13547.4,0.0,77051.9,0.0,19548.8,78639.7,21530.8,101275.1,104798.2,128652.3,144562.3,148
2886.6,153846.0,33991.0,33717.0,43069.0,43069.0,67510.4,56457.4,14779.1,13547.4,0.0,77062.4,0.0,19559.4,78650.5,21544.0,101299.0,104785.1,128652.3,144572.8,148
2887.6,153846.0,33991.0,33717.0,43069.0,43069.0,67510.4,56457.4,14779.1,13547.4,0.0,77062.5,0.0,19572.3,78650.5,21556.6,101311.7,104772.4,128652.3,144572.9,148
2888.6,153846.0,33991.0,33717.0,43069.0,43069.0,67510.4,56457.4,14779.1,13547.4,0.0,77126.0,0.0,19520.6,78715.5,21502.7,101322.8,104826.3,128652.3,144636.3,148
2889.6,153846.0,33991.0,33717.0,43069.0,43069.0,67510.4,56457.4,14779.1,13547.4,0.0,77126.4,0.0,19529.5,78716.2,21514.6,101335.4,104814.4,128652.3,144636.8,148
2890.6,153846.0,33991.0,33717.0,43069.0,43069.0,67510.4,56457.4,14779.1,13547.4,0.0,77126.4,0.0,19541.2,78716.2,21528.8,101349.6,104800.2,128652.3,144636.8,148
2891.6,153846.0,33991.0,33717.0,43069.0,43069.0,67555.8,56502.8,14824.5,13592.8,0.0,77175.1,0.0,19504.6,78765.8,21493.2,101363.6,104835.8,128652.3,144730.8,148
2892.6,153846.0,33991.0,33717.0,43069.0,43069.0,67647.2,56594.3,14916.0,13684.3,0.0,77175.2,0.0,19652.8,78774.2,21658.3,101537.1,104670.7,128652.3,144822.5,148
2893.6,153846.0,33991.0,33717.0,43069.0,43069.0,67597.2,56544.3,14866.0,13634.3,0.0,77175.2,0.0,19613.1,78766.9,21601.1,101472.6,104727.9,128652.3,144772.4,148
2894.6,153846.0,33991.0,33717.0,43069.0,43069.0,67597.2,56544.3,14866.0,13634.3,0.0,77240.7,0.0,19623.9,78833.5,21611.6,101549.7,104717.4,128652.3,144837.9,148
2895.6,153846.0,33991.0,33717.0,43069.0,43069.0,67597.2,56544.3,14866.0,13634.3,0.0,77658.8,0.0,19223.3,79263.6,21211.6,101579.9,105117.4,128652.3,145256.0,148
2896.6,153846.0,33991.0,33717.0,43069.0,43069.0,67597.2,56544.3,14866.0,13634.3,0.0,77658.8,0.0,19234.8,79263.7,21220.7,101588.9,105108.3,128652.3,145256.0,148
2897.6,153846.0,33991.0,33717.0,43069.0,43069.0,67597.2,56544.3,14866.0,13634.3,0.0,77658.8,0.0,19244.3,79263.7,21231.0,101599.2,105098.0,128652.3,145256.0,148
2898.6,153846.0,33991.0,33717.0,43069.0,43069.0,67597.2,56544.3,14866.0,13634.3,0.0,77658.8,0.0,19255.6,79263.7,21240.9,101609.2,105088.1,128652.3,145256.0,148
2899.6,153846.0,33991.0,33717.0,43069.0,43069.0,67597.2,56544.3,14866.0,13634.3,0.0,77658.8,0.0,19265.8,79263.7,21251.1,101619.3,105077.9,128652.3,145256.0,148
2900.6,153846.0,33991.0,33717.0,43069.0,43069.0,67597.2,56544.3,14866.0,13634.3,0.0,77658.8,0.0,19275.4,79263.7,21260.3,101628.5,105068.7,128652.3,145256.1,148
2901.6,153846.0,33991.0,33717.0,43069.0,43069.0,67597.2,56544.3,14866.0,13634.3,0.0,77658.8,0.0,19287.9,79263.6,21273.3,101641.6,105055.7,128652.3,145256.1,148
2902.6,153846.0,33991.0,33717.0,43069.0,43069.0,67597.2,56544.3,14866.0,13634.3,0.0,77658.8,0.0,19298.9,79263.2,21284.1,101652.0,105044.9,128652.3,145256.1,148
2903.6,153846.0,33991.0,33717.0,43069.0,43069.0,67597.2,56544.3,14866.0,13634.3,0.0,77658.8,0.0,19307.4,79263.3,21291.3,101659.2,105037.7,128652.3,145256.1,148
2904.6,153846.0,33991.0,33717.0,43069.0,43069.0,67597.2,56544.3,14866.0,13634.3,0.0,77658.9,0.0,19317.6,79263.1,21294.1,101661.9,105034.9,128652.3,145256.1,148
2905.6,153846.0,33991.0,33717.0,43069.0,43069.0,67597.2,56544.3,14866.0,13634.3,0.0,77658.9,0.0,19328.5,79263.1,21305.1,101672.9,105023.9,128652.3,145256.1,148
2906.6,153846.0,33991.0,33717.0,43069.0,43069.0,67597.2,56544.3,14866.0,13634.3,0.0,77658.9,0.0,19334.8,79263.1,21314.4,101682.1,105014.6,128652.3,145256.1,148
2907.6,153846.0,33991.0,33717.0,43069.0,43069.0,67597.2,56544.3,14866.0,13634.3,0.0,77658.9,0.0,19345.2,79263.2,21323.4,101691.2,105005.5,128652.3,145256.1,148
2908.6,153846.0,33991.0,33717.0,43069.0,43069.0,67597.2,56544.3,14866.0,13634.3,0.0,77658.9,0.0,19355.5,79263.2,21332.6,101700.4,104996.4,128652.3,145256.1,148
2909.6,153846.0,33991.0,33717.0,43069.0,43069.0,67597.2,56544.3,14866.0,13634.3,0.0,77658.9,0.0,19365.1,79263.2,21341.8,101709.6,104987.2,128652.3,145256.1,148
2910.6,153846.0,33991.0,33717.0,43069.0,43069.0,67597.2,56544.3,14866.0,13634.3,0.0,77696.5,0.0,19337.1,79301.9,21313.2,101719.7,105015.8,128652.3,145293.8,148
2911.6,153846.0,33991.0,33717.0,43069.0,43069.0,67597.2,56544.3,14866.0,13634.3,0.0,77696.5,0.0,19348.0,79301.9,21324.2,101730.7,105004.8,128652.3,145293.8,148
2912.6,153846.0,33991.0,33717.0,43069.0,43069.0,67597.2,56544.3,14866.0,13634.3,0.0,77696.5,0.0,19357.8,79301.9,21329.1,101735.6,104999.8,128652.3,145293.8,148
2913.6,153846.0,33991.0,33717.0,43069.0,43069.0,67625.5,56572.5,14894.3,13662.5,0.0,77696.6,0.0,19368.7,79305.4,21354.4,101764.4,104974.6,128652.3,145322.1,148
2914.6,153846.0,33991.0,33717.0,43069.0,43069.0,67625.5,56572.5,14894.2,13662.5,0.0,77696.6,0.0,19406.2,79302.8,21386.1,101793.5,104942.9,128652.3,145322.1,148
2915.6,153846.0,33991.0,33717.0,43069.0,43069.0,67625.5,56572.5,14894.2,13662.5,0.0,77696.6,0.0,19414.9,79302.4,21398.1,101805.0,104930.9,128652.3,145322.1,148
2916.6,153846.0,33991.0,33717.0,43069.0,43069.0,67625.5,56572.5,14894.2,13662.5,0.0,77696.6,0.0,19424.6,79302.4,21412.7,101819.7,104916.3,128652.3,145322.1,148
2917.6,153846.0,33991.0,33717.0,43069.0,43069.0,67625.5,56572.5,14894.2,13662.5,0.0,77696.6,0.0,19434.9,79302.4,21424.2,101831.2,104904.8,128652.3,145322.1,148
2918.6,153846.0,33991.0,33717.0,43069.0,43069.0,67625.5,56572.5,14894.2,13662.5,0.0,77755.2,0.0,19380.3,79362.4,21372.7,101839.7,104956.3,128652.3,145380.7,148
2919.6,153846.0,33991.0,33717.0,43069.0,43069.0,67625.5,56572.5,14894.3,13662.5,0.0,77815.8,0.0,19326.9,79424.9,21322.4,101851.9,105006.6,128652.3,145441.3,148
2920.6,153846.0,33991.0,33717.0,43069.0,43069.0,67625.5,56572.5,14894.3,13662.5,0.0,77815.8,0.0,19338.9,79424.9,21335.1,101864.7,104993.9,128652.3,145441.3,148
2921.6,153846.0,33991.0,33717.0,43069.0,43069.0,67625.5,56572.5,14894.3,13662.5,0.0,77815.8,0.0,19348.8,79424.9,21341.7,101871.3,104987.3,128652.3,145441.3,148
2922.6,153846.0,33991.0,33717.0,43069.0,43069.0,67625.5,56572.5,14894.3,13662.5,0.0,77815.8,0.0,19359.9,79424.9,21352.3,101881.8,104976.7,128652.3,145441.3,148
2923.6,153846.0,33991.0,33717.0,43069.0,43069.0,67625.5,56572.5,14894.3,13662.5,0.0,77815.5,0.0,19370.3,79424.7,21362.3,101891.6,104966.6,128652.3,145441.0,148
2924.6,153846.0,33991.0,33717.0,43069.0,43069.0,67625.5,56572.5,14894.3,13662.5,0.0,77815.5,0.0,19382.1,79424.7,21374.1,101903.4,104954.9,128652.3,145441.0,148
2925.6,153846.0,33991.0,33717.0,43069.0,43069.0,67625.5,56572.5,14894.3,13662.5,0.0,77815.6,0.0,19394.2,79424.6,21384.6,101913.8,104944.4,128652.3,145441.0,148
2926.6,153846.0,33991.0,33717.0,43069.0,43069.0,67625.5,56572.5,14894.3,13662.5,0.0,77815.6,0.0,19404.8,79424.6,21395.8,101925.1,104933.1,128652.3,145441.0,148
2927.6,153846.0,33991.0,33717.0,43069.0,43069.0,67625.5,56572.5,14894.3,13662.5,0.0,77815.6,0.0,19415.4,79424.6,21404.9,101934.2,104924.1,128652.3,145441.1,148
2928.6,153846.0,33991.0,33717.0,43069.0,43069.0,67625.5,56572.5,14894.3,13662.5,0.0,77815.6,0.0,19428.0,79424.6,21419.2,101948.4,104909.8,128652.3,145441.1,148
2929.6,153846.0,33991.0,33717.0,43069.0,43069.0,67625.5,56572.5,14894.3,13662.5,0.0,77815.7,0.0,19439.5,79424.8,21430.7,101960.0,104898.3,128652.3,145441.2,148
2930.6,153846.0,33991.0,33717.0,43069.0,43069.0,67625.5,56572.5,14894.3,13662.5,0.0,77815.7,0.0,19451.5,79424.8,21440.9,101970.2,104888.1,128652.3,145441.2,148
2931.6,153846.0,33991.0,33717.0,43069.0,43069.0,67625.5,56572.5,14894.3,13662.5,0.0,77869.9,0.0,19405.6,79480.5,21396.3,101981.4,104932.7,128652.3,145495.4,148
2932.6,153846.0,33991.0,33717.0,43069.0,43069.0,67631.1,56578.1,14899.9,13668.1,0.0,77869.9,0.0,19419.8,79484.1,21420.8,102009.5,104908.2,128652.3,145501.0,148
2933.6,153846.0,33991.0,33717.0,43069.0,43069.0,67631.1,56578.1,14899.9,13668.1,0.0,77869.9,0.0,19427.6,79480.4,21411.1,101996.1,104917.9,128652.3,145501.0,148
2934.6,153846.0,33991.0,33717.0,43069.0,43069.0,67631.1,56578.1,14899.9,13668.1,0.0,77869.9,0.0,19437.7,79480.3,21425.6,102010.5,104903.4,128652.3,145501.0,148
2935.6,153846.0,33991.0,33717.0,43069.0,43069.0,67631.1,56578.1,14899.9,13668.1,0.0,77870.0,0.0,19447.5,79479.5,21437.8,102021.9,104891.2,128652.3,145501.1,148
2936.6,153846.0,33991.0,33717.0,43069.0,43069.0,67631.1,56578.1,14899.9,13668.1,0.0,77870.0,0.0,19458.0,79479.5,21448.6,102032.7,104880.4,128652.3,145501.1,148
2937.6,153846.0,33991.0,33717.0,43069.0,43069.0,67631.1,56578.1,14899.9,13668.1,0.0,77870.0,0.0,19468.5,79479.5,21454.6,102038.7,104874.4,128652.3,145501.1,148
2938.6,153846.0,33991.0,33717.0,43069.0,43069.0,67631.1,56578.1,14899.9,13668.1,0.0,77870.0,0.0,19476.8,79479.5,21464.2,102048.3,104864.8,128652.3,145501.1,148
2939.6,153846.0,33991.0,33717.0,43069.0,43069.0,67648.2,56595.2,14916.9,13685.2,0.0,77870.0,0.0,19502.4,79481.4,21493.8,102079.8,104835.2,128652.3,145518.2,148
2940.6,153846.0,33991.0,33717.0,43069.0,43069.0,67648.2,56595.2,14916.9,13685.2,0.0,77870.0,0.0,19511.1,79482.0,21503.1,102089.7,104825.9,128652.3,145518.2,148
2941.6,153846.0,33991.0,33717.0,43069.0,43069.0,67648.7,56595.7,14917.4,13685.7,0.0,77870.0,0.0,19521.1,79481.5,21526.4,102112.6,104802.5,128652.3,145518.7,148
2942.6,153846.0,33991.0,33717.0,43069.0,43069.0,67651.6,56598.7,14920.4,13688.7,0.0,77896.6,0.0,19531.3,79507.8,21537.7,102150.1,104791.3,128652.3,145548.2,148
2943.6,153846.0,33991.0,33717.0,43069.0,43069.0,67654.1,56601.2,14922.9,13691.2,0.0,77898.8,0.0,19543.0,79511.0,21542.1,102157.7,104786.9,128652.3,145553.0,148
2944.6,153846.0,33991.0,33717.0,43069.0,43069.0,67653.3,56600.3,14922.1,13690.3,0.0,77975.9,0.0,19555.5,79589.0,21560.0,102253.6,104769.0,128652.3,145629.2,148
2945.6,153846.0,33991.0,33717.0,43069.0,43069.0,67653.3,56600.3,14922.1,13690.3,0.0,77997.6,0.0,19497.7,79611.4,21510.5,102226.5,104818.5,128652.3,145650.8,148
2946.6,153846.0,33991.0,33717.0,43069.0,43069.0,67653.3,56600.3,14922.1,13690.3,0.0,77998.5,0.0,19507.2,79612.4,21522.0,102239.0,104807.0,128652.3,145651.8,148
2947.6,153846.0,33991.0,33717.0,43069.0,43069.0,67653.3,56600.3,14922.1,13690.3,0.0,77999.0,0.0,19516.5,79612.8,21530.6,102248.1,104798.4,128652.3,145652.2,148
2948.6,153846.0,33991.0,33717.0,43069.0,43069.0,67653.3,56600.3,14922.1,13690.3,0.0,77999.0,0.0,19533.4,79612.8,21544.4,102261.9,104784.5,128652.3,145652.2,148
2949.6,153846.0,33991.0,33717.0,43069.0,43069.0,67653.3,56600.3,14922.1,13690.3,0.0,77999.0,0.0,19543.7,79612.8,21552.0,102269.5,104776.9,128652.3,145652.2,148
2950.6,153846.0,33991.0,33717.0,43069.0,43069.0,67653.3,56600.3,14922.1,13690.3,0.0,77999.0,0.0,19553.9,79613.8,21558.6,102277.1,104770.3,128652.3,145652.2,148
2951.6,153846.0,33991.0,33717.0,43069.0,43069.0,67653.3,56600.3,14922.1,13690.3,0.0,77999.0,0.0,19567.1,79613.1,21566.6,102284.4,104762.3,128652.3,145652.3,148
2952.6,153846.0,33991.0,33717.0,43069.0,43069.0,67653.3,56600.3,14922.1,13690.3,0.0,77999.0,0.0,19577.5,79613.2,21578.7,102296.5,104750.3,128652.3,145652.3,148
2953.6,153846.0,33991.0,33717.0,43069.0,43069.0,67653.3,56600.3,14922.1,13690.3,0.0,77999.0,0.0,19590.0,79612.8,21592.7,102310.2,104736.2,128652.3,145652.3,148
2954.6,153846.0,33991.0,33717.0,43069.0,43069.0,67653.3,56600.3,14922.1,13690.3,0.0,77999.0,0.0,19600.3,79612.8,21602.0,102319.5,104726.9,128652.3,145652.3,148
2955.6,153846.0,33991.0,33717.0,43069.0,43069.0,67653.3,56600.3,14922.1,13690.3,0.0,77999.0,0.0,19611.2,79612.8,21611.5,102329.0,104717.5,128652.3,145652.3,148
2956.6,153846.0,33991.0,33717.0,43069.0,43069.0,67653.3,56600.3,14922.1,13690.3,0.0,77999.0,0.0,19623.7,79612.8,21622.2,102339.7,104706.8,128652.3,145652.3,148
2957.6,153846.0,33991.0,33717.0,43069.0,43069.0,67653.3,56600.3,14922.1,13690.3,0.0,77999.1,0.0,19635.1,79612.9,21633.4,102351.0,104695.5,128652.3,145652.4,148
2958.6,153846.0,33991.0,33717.0,43069.0,43069.0,67653.3,56600.3,14922.1,13690.3,0.0,77999.4,0.0,19645.9,79613.2,21643.1,102360.9,104685.8,128652.3,145652.7,148
2959.6,153846.0,33991.0,33717.0,43069.0,43069.0,67653.3,56600.3,14922.1,13690.3,0.0,77999.4,0.0,19658.0,79613.2,21652.2,102370.1,104676.8,128652.3,145652.7,148
2960.6,153846.0,33991.0,33717.0,43069.0,43069.0,67653.3,56600.3,14922.1,13690.3,0.0,77999.4,0.0,19669.4,79613.2,21663.8,102381.7,104665.1,128652.3,145652.7,148
2961.6,153846.0,33991.0,33717.0,43069.0,43069.0,67653.3,56600.3,14922.1,13690.3,0.0,77999.4,0.0,19679.7,79613.2,21674.9,102392.8,104654.0,128652.3,145652.7,148
2962.6,153846.0,33991.0,33717.0,43069.0,43069.0,67653.3,56600.3,14922.1,13690.3,0.0,77999.4,0.0,19689.7,79613.2,21684.0,102401.8,104645.0,128652.3,145652.7,148
2963.6,153846.0,33991.0,33717.0,43069.0,43069.0,67653.3,56600.3,14922.1,13690.3,0.0,77999.4,0.0,19702.6,79613.2,21693.5,102411.4,104635.4,128652.3,145652.7,148
2964.6,153846.0,33991.0,33717.0,43069.0,43069.0,67653.3,56600.3,14922.1,13690.3,0.0,77999.5,0.0,19714.2,79612.9,21700.3,102417.9,104628.6,128652.3,145652.8,148
2965.6,153846.0,33991.0,33717.0,43069.0,43069.0,67653.3,56600.3,14922.1,13690.3,0.0,78845.3,0.0,18945.9,80482.3,20930.3,102517.2,105398.7,128652.3,146498.6,148
2966.6,153846.0,33991.0,33717.0,43069.0,43069.0,67653.3,56600.3,14922.1,13690.3,0.0,78845.3,0.0,18956.0,80482.3,20941.3,102528.2,105387.6,128652.3,146498.6,148
2967.6,153846.0,33991.0,33717.0,43069.0,43069.0,67653.3,56600.3,14922.1,13690.3,0.0,78845.3,0.0,18962.1,80482.3,20946.3,102533.2,105382.6,128652.3,146498.6,148
2968.6,153846.0,33991.0,33717.0,43069.0,43069.0,67653.3,56600.3,14922.1,13690.3,0.0,78845.3,0.0,18974.5,80482.3,20961.2,102548.2,105367.8,128652.3,146498.6,148
2969.6,153846.0,33991.0,33717.0,43069.0,43069.0,67653.3,56600.3,14922.1,13690.3,0.0,78845.3,0.0,18983.2,80482.3,20965.9,102552.9,105363.1,128652.3,146498.6,148
2970.6,153846.0,33991.0,33717.0,43069.0,43069.0,67653.3,56600.3,14922.1,13690.3,0.0,78909.3,0.0,18930.0,80548.1,20911.3,102564.1,105417.6,128652.3,146562.6,148
2971.6,153846.0,33991.0,33717.0,43069.0,43069.0,67653.3,56600.3,14922.1,13690.3,0.0,78909.3,0.0,18939.1,80548.1,20918.2,102570.9,105410.8,128652.3,146562.6,148
2972.6,153846.0,33991.0,33717.0,43069.0,43069.0,67653.3,56600.3,14922.1,13690.3,0.0,78909.3,0.0,18950.1,80548.1,20929.6,102582.3,105399.4,128652.3,146562.6,148
2973.6,153846.0,33991.0,33717.0,43069.0,43069.0,67653.3,56600.3,14922.1,13690.3,0.0,78909.3,0.0,18959.3,80548.1,20939.6,102592.4,105389.3,128652.3,146562.6,148
2974.6,153846.0,33991.0,33717.0,43069.0,43069.0,67653.3,56600.3,14922.1,13690.3,0.0,78909.3,0.0,18970.4,80548.1,20951.1,102603.9,105377.8,128652.3,146562.6,148
2975.6,153846.0,33991.0,33717.0,43069.0,43069.0,67653.3,56600.3,14922.1,13690.3,0.0,78909.3,0.0,18978.7,80548.1,20958.9,102611.7,105370.0,128652.3,146562.6,148
2976.6,153846.0,33991.0,33717.0,43069.0,43069.0,67653.3,56600.3,14922.1,13690.3,0.0,78909.3,0.0,18989.9,80548.1,20970.7,102623.5,105358.2,128652.3,146562.6,148
2977.6,153846.0,33991.0,33717.0,43069.0,43069.0,67665.2,56612.2,14933.9,13702.2,0.0,78909.3,0.0,18998.4,80550.6,20988.5,102643.8,105340.4,128652.3,146574.5,148
2978.6,153846.0,33991.0,33717.0,43069.0,43069.0,67628.0,56575.1,14896.8,13665.1,0.0,78909.4,0.0,18984.9,80548.6,20971.6,102624.8,105357.3,128652.3,146537.4,148
2979.6,153846.0,33991.0,33717.0,43069.0,43069.0,67628.0,56575.1,14896.8,13665.1,0.0,78909.4,0.0,18995.1,80547.9,20986.7,102639.3,105342.2,128652.3,146537.4,148
2980.6,153846.0,33991.0,33717.0,43069.0,43069.0,67628.0,56575.1,14896.8,13665.1,0.0,78909.4,0.0,19004.7,80547.9,20995.2,102647.8,105333.7,128652.3,146537.4,148
2981.6,153846.0,33991.0,33717.0,43069.0,43069.0,67628.0,56575.1,14896.8,13665.1,0.0,79036.9,0.0,18887.1,80678.6,20877.1,102660.4,105451.8,128652.3,146664.9,148
2982.6,153846.0,33991.0,33717.0,43069.0,43069.0,67628.0,56575.1,14896.8,13665.1,0.0,79037.4,0.0,18892.3,80679.5,20886.2,102670.4,105442.7,128652.3,146665.4,148
2983.6,153846.0,33991.0,33717.0,43069.0,43069.0,67628.0,56575.1,14896.8,13665.1,0.0,79075.9,0.0,18855.4,80718.7,20852.7,102676.1,105476.2,128652.3,146703.9,148
2984.6,153846.0,33991.0,33717.0,43069.0,43069.0,67612.2,56559.3,14881.0,13649.3,0.0,79101.4,0.0,18786.1,80751.3,20782.0,102637.9,105546.9,128652.3,146713.6,148
2985.6,153846.0,33991.0,33717.0,43069.0,43069.0,67612.2,56559.3,14881.0,13649.3,0.0,79101.4,0.0,18793.6,80746.4,20780.7,102631.8,105548.2,128652.3,146713.7,148
2986.6,153846.0,33991.0,33717.0,43069.0,43069.0,67612.2,56559.3,14881.0,13649.3,0.0,79101.5,0.0,18803.8,80745.8,20793.2,102643.7,105535.7,128652.3,146713.7,148
2987.6,153846.0,33991.0,33717.0,43069.0,43069.0,67612.2,56559.3,14881.0,13649.3,0.0,79165.5,0.0,18747.4,80811.6,20740.9,102657.2,105588.0,128652.3,146777.7,148
2988.6,153846.0,33991.0,33717.0,43069.0,43069.0,67612.2,56559.3,14881.0,13649.3,0.0,79165.5,0.0,18755.6,80811.6,20749.7,102666.0,105579.2,128652.3,146777.7,148
2989.6,153846.0,33991.0,33717.0,43069.0,43069.0,67612.2,56559.3,14881.0,13649.3,0.0,79165.5,0.0,18762.4,80814.1,20769.2,102688.0,105559.6,128652.3,146777.7,148
2990.6,153846.0,33991.0,33717.0,43069.0,43069.0,67599.4,56546.5,14868.2,13636.5,0.0,79165.5,0.0,18791.4,80816.9,20803.2,102724.8,105525.7,128652.3,146764.9,148
2991.6,153846.0,33991.0,33717.0,43069.0,43069.0,67599.4,56546.5,14868.2,13636.5,0.0,79165.5,0.0,18765.1,80810.9,20763.7,102679.3,105565.1,128652.3,146764.9,148
2992.6,153846.0,33991.0,33717.0,43069.0,43069.0,67599.4,56546.5,14868.2,13636.5,0.0,79165.5,0.0,18771.9,80810.5,20767.5,102682.8,105561.3,128652.3,146764.9,148
2993.6,153846.0,33991.0,33717.0,43069.0,43069.0,67599.4,56546.5,14868.1,13636.5,0.0,79165.5,0.0,18781.1,80810.5,20777.5,102692.8,105551.4,128652.3,146764.9,148
2994.6,153846.0,33991.0,33717.0,43069.0,43069.0,67599.4,56546.5,14868.1,13636.5,0.0,79165.5,0.0,18788.4,80810.6,20786.1,102701.4,105542.7,128652.3,146764.9,148
2995.6,153846.0,33991.0,33717.0,43069.0,43069.0,67599.4,56546.5,14868.2,13636.5,0.0,79165.5,0.0,18796.1,80810.5,20791.8,102707.0,105537.1,128652.3,146764.9,148
2996.6,153846.0,33991.0,33717.0,43069.0,43069.0,67599.4,56546.5,14868.2,13636.5,0.0,79165.5,0.0,18798.8,80810.5,20794.6,102709.8,105534.3,128652.3,146764.9,148
2997.6,153846.0,33991.0,33717.0,43069.0,43069.0,67599.4,56546.5,14868.2,13636.5,0.0,79165.5,0.0,18805.9,80810.5,20803.6,102718.9,105525.2,128652.3,146764.9,148
2998.6,153846.0,33991.0,33717.0,43069.0,43069.0,67599.4,56546.5,14868.2,13636.5,0.0,79165.5,0.0,18811.2,80810.5,20808.8,102724.1,105520.0,128652.3,146764.9,148
2999.6,153846.0,33991.0,33717.0,43069.0,43069.0,67599.4,56546.5,14868.2,13636.5,0.0,79165.5,0.0,18818.0,80810.5,20812.7,102727.9,105516.2,128652.3,146765.0,148
3000.6,153846.0,33991.0,33717.0,43069.0,43069.0,67598.5,56545.5,14867.2,13635.5,0.0,79208.8,0.0,18825.5,80855.3,20831.8,102791.8,105497.1,128652.3,146807.2,148
3001.6,153846.0,33991.0,33717.0,43069.0,43069.0,67598.5,56545.5,14867.2,13635.5,0.0,79208.8,0.0,18832.2,80855.4,20834.3,102794.4,105494.6,128652.3,146807.3,148
3002.6,153846.0,33991.0,33717.0,43069.0,43069.0,67598.5,56545.5,14867.2,13635.5,0.0,79208.8,0.0,18840.8,80855.4,20836.2,102796.4,105492.6,128652.3,146807.3,148
3003.6,153846.0,33991.0,33717.0,43069.0,43069.0,67598.5,56545.5,14867.2,13635.5,0.0,79219.6,0.0,18850.5,80866.5,20844.9,102816.2,105483.9,128652.3,146818.1,148
3004.6,153846.0,33991.0,33717.0,43069.0,43069.0,67598.5,56545.5,14867.2,13635.5,0.0,79264.7,0.0,18816.9,80912.8,20808.5,102826.0,105520.4,128652.3,146863.1,148
3005.6,153846.0,33991.0,33717.0,43069.0,43069.0,67598.5,56545.5,14867.2,13635.5,0.0,79264.7,0.0,18826.3,80912.8,20815.8,102833.3,105513.0,128652.3,146863.1,148
3006.6,153846.0,33991.0,33717.0,43069.0,43069.0,67598.5,56545.5,14867.2,13635.5,0.0,79264.7,0.0,18837.1,80912.8,20827.0,102844.5,105501.8,128652.3,146863.1,148
3007.6,153846.0,33991.0,33717.0,43069.0,43069.0,67598.5,56545.5,14867.2,13635.5,0.0,79264.7,0.0,18846.4,80912.8,20836.5,102854.0,105492.3,128652.3,146863.1,148
3008.6,153846.0,33991.0,33717.0,43069.0,43069.0,67598.5,56545.5,14866.7,13635.5,0.0,79268.0,0.0,18857.3,80916.1,20847.8,102868.6,105481.1,128652.3,146866.5,148
3009.6,153846.0,33991.0,33717.0,43069.0,43069.0,67598.5,56545.5,14866.9,13635.5,0.0,79450.2,0.0,18742.6,81103.2,20733.3,102941.3,105595.5,128652.3,147048.7,148
3010.6,153846.0,33991.0,33717.0,43069.0,43069.0,67598.5,56545.5,14866.9,13635.5,0.0,79450.2,0.0,18752.3,81103.2,20742.5,102950.5,105586.3,128652.3,147048.7,148
3011.6,153846.0,33991.0,33717.0,43069.0,43069.0,67598.5,56545.5,14866.9,13635.5,0.0,79450.2,0.0,18761.5,81103.2,20750.8,102958.8,105578.0,128652.3,147048.7,148
3012.6,153846.0,33991.0,33717.0,43069.0,43069.0,67598.5,56545.5,14866.9,13635.5,0.0,79450.3,0.0,18770.1,81103.3,20759.9,102967.9,105568.9,128652.3,147048.7,148
3013.6,153846.0,33991.0,33717.0,43069.0,43069.0,67598.5,56545.5,14866.9,13635.5,0.0,79450.3,0.0,18779.3,81103.3,20766.5,102974.6,105562.3,128652.3,147048.7,148
3014.6,153846.0,33991.0,33717.0,43069.0,43069.0,67598.5,56545.5,14866.9,13635.5,0.0,79450.3,0.0,18791.5,81103.3,20775.7,102983.8,105553.1,128652.3,147048.7,148
3015.6,153846.0,33991.0,33717.0,43069.0,43069.0,67598.5,56545.5,14866.9,13635.5,0.0,79450.4,0.0,18798.3,81103.4,20782.1,102990.3,105546.7,128652.3,147048.9,148
3016.6,153846.0,33991.0,33717.0,43069.0,43069.0,67598.5,56545.5,14866.9,13635.5,0.0,79450.4,0.0,18807.2,81103.4,20794.1,103002.3,105534.7,128652.3,147048.9,148
3017.6,153846.0,33991.0,33717.0,43069.0,43069.0,67598.5,56545.5,14866.9,13635.5,0.0,79450.4,0.0,18817.5,81104.3,20801.1,103010.2,105527.7,128652.3,147048.9,148
3018.6,153846.0,33991.0,33717.0,43069.0,43069.0,67598.5,56545.5,14866.9,13635.5,0.0,79571.2,0.0,18707.8,81228.3,20689.0,103022.1,105639.8,128652.3,147169.7,148
3019.6,153846.0,33991.0,33717.0,43069.0,43069.0,67598.5,56545.5,14866.9,13635.5,0.0,79571.2,0.0,18715.4,81228.3,20700.8,103033.9,105627.9,128652.3,147169.7,148
3020.6,153846.0,33991.0,33717.0,43069.0,43069.0,67598.5,56545.5,14866.9,13635.5,0.0,79571.3,0.0,18722.1,81228.4,20710.8,103044.0,105617.9,128652.3,147169.8,148
3021.6,153846.0,33991.0,33717.0,43069.0,43069.0,67598.5,56545.5,14866.9,13635.5,0.0,79571.3,0.0,18732.2,81228.4,20720.1,103053.3,105608.7,128652.3,147169.8,148
3022.6,153846.0,33991.0,33717.0,43069.0,43069.0,67598.5,56545.5,14866.9,13635.5,0.0,79571.3,0.0,18739.2,81228.1,20726.0,103059.0,105602.7,128652.3,147169.8,148
3023.6,153846.0,33991.0,33717.0,43069.0,43069.0,67598.5,56545.5,14866.9,13635.5,0.0,79571.3,0.0,18747.2,81228.1,20732.9,103065.9,105595.9,128652.3,147169.8,148
3024.6,153846.0,33991.0,33717.0,43069.0,43069.0,67598.5,56545.5,14866.9,13635.5,0.0,79571.5,0.0,18755.1,81228.3,20739.2,103072.3,105589.6,128652.3,147169.9,148
3025.6,153846.0,33991.0,33717.0,43069.0,43069.0,67598.5,56545.5,14866.9,13635.5,0.0,79571.5,0.0,18761.7,81229.8,20750.0,103084.6,105578.8,128652.3,147170.0,148
3026.7,153846.0,33991.0,33717.0,43069.0,43069.0,67598.5,56545.5,14866.9,13635.5,0.0,79571.5,0.0,18770.3,81228.4,20765.7,103098.9,105563.1,128652.3,147170.0,148
3027.7,153846.0,33991.0,33717.0,43069.0,43069.0,67598.5,56545.5,14866.9,13635.5,0.0,79571.5,0.0,18777.5,81228.0,20776.5,103109.3,105552.2,128652.3,147170.0,148
3028.7,153846.0,33991.0,33717.0,43069.0,43069.0,67598.5,56545.5,14866.9,13635.5,0.0,79571.5,0.0,18785.3,81228.0,20785.1,103117.9,105543.7,128652.3,147170.0,148
3029.7,153846.0,33991.0,33717.0,43069.0,43069.0,67598.5,56545.5,14866.9,13635.5,0.0,79571.5,0.0,18794.7,81228.0,20789.6,103122.4,105539.1,128652.3,147170.0,148
3030.7,153846.0,33991.0,33717.0,43069.0,43069.0,67598.5,56545.5,14866.9,13635.5,0.0,79571.5,0.0,18803.1,81227.9,20795.2,103127.9,105533.6,128652.3,147170.0,148
3031.7,153846.0,33991.0,33717.0,43069.0,43069.0,67598.5,56545.5,14866.9,13635.5,0.0,79571.5,0.0,18811.1,81227.9,20802.3,103135.0,105526.5,128652.3,147170.0,148
3032.7,153846.0,33991.0,33717.0,43069.0,43069.0,67598.5,56545.5,14866.9,13635.5,0.0,79571.5,0.0,18819.2,81227.7,20808.9,103141.4,105519.9,128652.3,147170.0,148
3033.7,153846.0,33991.0,33717.0,43069.0,43069.0,67598.5,56545.5,14866.9,13635.5,0.0,79571.5,0.0,18829.8,81227.7,20817.8,103150.3,105511.0,128652.3,147170.0,148
3034.7,153846.0,33991.0,33717.0,43069.0,43069.0,67598.5,56545.5,14866.9,13635.5,0.0,79571.5,0.0,18840.6,81227.7,20827.2,103159.7,105501.6,128652.3,147170.0,148
3035.7,153846.0,33991.0,33717.0,43069.0,43069.0,67598.5,56545.5,14866.9,13635.5,0.0,79571.5,0.0,18845.1,81227.7,20832.4,103164.9,105496.4,128652.3,147170.0,148
3036.7,153846.0,33991.0,33717.0,43069.0,43069.0,67598.5,56545.5,14866.9,13635.5,0.0,79571.6,0.0,18857.7,81227.8,20848.7,103181.4,105480.0,128652.3,147170.1,148
3037.7,153846.0,33991.0,33717.0,43069.0,43069.0,67598.5,56545.5,14866.9,13635.5,0.0,79571.7,0.0,18869.1,81227.8,20863.2,103195.9,105465.6,128652.3,147170.1,148
3038.7,153846.0,33991.0,33717.0,43069.0,43069.0,67598.5,56545.5,14866.9,13635.5,0.0,79635.6,0.0,18817.8,81293.6,20810.4,103208.8,105518.4,128652.3,147234.1,148
3039.7,153846.0,33991.0,33717.0,43069.0,43069.0,67598.5,56545.5,14866.9,13635.5,0.0,79635.6,0.0,18826.8,81293.6,20818.8,103217.2,105510.0,128652.3,147234.1,148
3040.7,153846.0,33991.0,33717.0,43069.0,43069.0,67598.5,56545.5,14866.9,13635.5,0.0,79635.6,0.0,18841.2,81293.6,20835.6,103234.0,105493.2,128652.3,147234.1,148
3041.7,153846.0,33991.0,33717.0,43069.0,43069.0,67598.5,56545.5,14866.9,13635.5,0.0,79635.6,0.0,18852.7,81293.6,20847.2,103245.6,105481.6,128652.3,147234.1,148
3042.7,153846.0,33991.0,33717.0,43069.0,43069.0,67598.5,56545.5,14866.9,13635.5,0.0,79635.6,0.0,18865.7,81293.7,20858.9,103257.3,105469.9,128652.3,147234.1,148
3043.7,153846.0,33991.0,33717.0,43069.0,43069.0,67598.5,56545.5,14866.9,13635.5,0.0,79635.6,0.0,18875.9,81293.7,20867.2,103265.8,105461.5,128652.3,147234.1,148
3044.7,153846.0,33991.0,33717.0,43069.0,43069.0,67598.5,56545.5,14866.9,13635.5,0.0,79635.7,0.0,18885.7,81294.0,20873.3,103272.1,105455.4,128652.3,147234.1,148
3045.7,153846.0,33991.0,33717.0,43069.0,43069.0,67598.5,56545.5,14866.9,13635.5,0.0,79635.7,0.0,18896.0,81294.0,20882.2,103281.0,105446.6,128652.3,147234.2,148
3046.7,153846.0,33991.0,33717.0,43069.0,43069.0,67598.5,56545.5,14866.9,13635.5,0.0,79635.7,0.0,18904.1,81294.0,20890.4,103289.2,105438.4,128652.3,147234.2,148
3047.7,153846.0,33991.0,33717.0,43069.0,43069.0,67598.5,56545.5,14866.9,13635.5,0.0,79635.7,0.0,18913.9,81293.9,20899.9,103298.7,105428.9,128652.3,147234.2,148
3048.7,153846.0,33991.0,33717.0,43069.0,43069.0,67615.0,56562.1,14883.5,13652.1,0.0,79635.7,0.0,18939.4,81295.5,20926.1,103326.5,105402.6,128652.3,147250.7,148
3049.7,153846.0,33991.0,33717.0,43069.0,43069.0,67615.0,56562.1,14883.5,13652.1,0.0,79635.8,0.0,18948.2,81294.4,20931.7,103330.9,105397.1,128652.3,147250.9,148
3050.7,153846.0,33991.0,33717.0,43069.0,43069.0,67616.0,56563.1,14884.5,13653.1,0.0,79635.8,0.0,18957.5,81295.9,20944.9,103345.6,105383.9,128652.3,147251.9,148
3051.7,153846.0,33991.0,33717.0,43069.0,43069.0,67636.1,56583.2,14904.6,13673.2,0.0,79635.8,0.0,18989.1,81295.8,20980.4,103381.0,105348.4,128652.3,147272.0,148
3052.7,153846.0,33991.0,33717.0,43069.0,43069.0,67636.1,56583.2,14904.6,13673.2,0.0,79635.9,0.0,18998.2,81295.3,20991.1,103391.2,105337.7,128652.3,147272.0,148
3053.7,153846.0,33991.0,33717.0,43069.0,43069.0,67636.1,56583.2,14904.6,13673.2,0.0,79635.9,0.0,19008.4,81295.3,21001.1,103401.2,105327.7,128652.3,147272.0,148
3054.7,153846.0,33991.0,33717.0,43069.0,43069.0,67636.1,56583.2,14904.6,13673.2,0.0,79635.9,0.0,19017.5,81295.2,21010.5,103410.6,105318.3,128652.3,147272.0,148
3055.7,153846.0,33991.0,33717.0,43069.0,43069.0,67636.2,56583.2,14904.6,13673.2,0.0,79635.9,0.0,19028.0,81295.0,21019.5,103419.4,105309.2,128652.3,147272.0,148
3056.7,153846.0,33991.0,33717.0,43069.0,43069.0,67636.2,56583.2,14904.6,13673.2,0.0,79635.9,0.0,19036.4,81295.0,21033.6,103433.5,105295.2,128652.3,147272.0,148
3057.7,153846.0,33991.0,33717.0,43069.0,43069.0,67636.2,56583.2,14904.6,13673.2,0.0,79635.9,0.0,19048.3,81295.1,21047.9,103447.8,105280.9,128652.3,147272.0,148
3058.7,153846.0,33991.0,33717.0,43069.0,43069.0,67636.2,56583.2,14904.6,13673.2,0.0,79635.9,0.0,19059.4,81295.1,21059.2,103459.1,105269.5,128652.3,147272.0,148
3059.7,153846.0,33991.0,33717.0,43069.0,43069.0,67636.2,56583.2,14904.6,13673.2,0.0,79635.9,0.0,19071.6,81295.3,21071.7,103471.8,105257.1,128652.3,147272.0,148
3060.7,153846.0,33991.0,33717.0,43069.0,43069.0,67636.2,56583.2,14904.6,13673.2,0.0,79635.9,0.0,19079.9,81295.3,21079.6,103479.8,105249.1,128652.3,147272.1,148
3061.7,153846.0,33991.0,33717.0,43069.0,43069.0,67636.2,56583.2,14904.6,13673.2,0.0,79635.9,0.0,19091.3,81295.4,21091.6,103491.8,105237.2,128652.3,147272.1,148
3062.7,153846.0,33991.0,33717.0,43069.0,43069.0,67636.2,56583.2,14904.6,13673.2,0.0,79635.9,0.0,19101.7,81295.3,21099.5,103499.7,105229.2,128652.3,147272.1,148
3063.7,153846.0,33991.0,33717.0,43069.0,43069.0,67636.2,56583.2,14904.6,13673.2,0.0,79635.9,0.0,19114.3,81295.3,21109.8,103509.9,105219.0,128652.3,147272.1,148
3064.7,153846.0,33991.0,33717.0,43069.0,43069.0,67636.2,56583.2,14904.6,13673.2,0.0,79635.9,0.0,19123.7,81295.3,21119.8,103520.0,105208.9,128652.3,147272.1,148
3065.7,153846.0,33991.0,33717.0,43069.0,43069.0,67636.2,56583.2,14904.6,13673.2,0.0,79635.9,0.0,19134.2,81295.3,21130.3,103530.5,105198.4,128652.3,147272.1,148
3066.7,153846.0,33991.0,33717.0,43069.0,43069.0,67636.2,56583.2,14904.6,13673.2,0.0,79635.9,0.0,19145.5,81295.3,21142.5,103542.7,105186.2,128652.3,147272.1,148
3067.7,153846.0,33991.0,33717.0,43069.0,43069.0,67636.2,56583.2,14904.6,13673.2,0.0,79635.9,0.0,19157.3,81295.3,21154.4,103554.6,105174.3,128652.3,147272.1,148
3068.7,153846.0,33991.0,33717.0,43069.0,43069.0,67636.2,56583.2,14904.6,13673.2,0.0,79635.9,0.0,19169.3,81295.3,21165.0,103565.2,105163.7,128652.3,147272.1,148
3069.7,153846.0,33991.0,33717.0,43069.0,43069.0,67636.2,56583.2,14904.6,13673.2,0.0,79635.9,0.0,19179.4,81295.3,21175.6,103575.7,105153.2,128652.3,147272.1,148
3070.7,153846.0,33991.0,33717.0,43069.0,43069.0,67636.2,56583.2,14904.6,13673.2,0.0,79635.9,0.0,19191.0,81295.3,21186.3,103586.5,105142.5,128652.3,147272.1,148
3071.7,153846.0,33991.0,33717.0,43069.0,43069.0,67636.2,56583.2,14904.6,13673.2,0.0,79635.9,0.0,19201.9,81295.4,21193.8,103594.0,105134.9,128652.3,147272.1,148
3072.7,153846.0,33991.0,33717.0,43069.0,43069.0,67636.2,56583.2,14904.6,13673.2,0.0,79635.9,0.0,19213.8,81295.4,21203.7,103603.9,105125.0,128652.3,147272.1,148
3073.7,153846.0,33991.0,33717.0,43069.0,43069.0,67636.2,56583.2,14904.6,13673.2,0.0,79635.9,0.0,19224.9,81295.4,21215.6,103615.8,105113.1,128652.3,147272.1,148
3074.7,153846.0,33991.0,33717.0,43069.0,43069.0,67636.2,56583.2,14904.6,13673.2,0.0,79636.1,0.0,19234.8,81295.8,21229.3,103629.9,105099.5,128652.3,147272.2,148
3075.7,153846.0,33991.0,33717.0,43069.0,43069.0,67636.2,56583.2,14904.6,13673.2,0.0,79636.1,0.0,19245.5,81295.5,21238.0,103638.3,105090.8,128652.3,147272.2,148
3076.7,153846.0,33991.0,33717.0,43069.0,43069.0,67636.2,56583.2,14904.6,13673.2,0.0,79636.1,0.0,19256.0,81295.5,21252.7,103653.1,105076.1,128652.3,147272.3,148
3077.7,153846.0,33991.0,33717.0,43069.0,43069.0,67636.2,56583.2,14904.6,13673.2,0.0,79636.1,0.0,19264.3,81295.7,21265.8,103666.4,105062.9,128652.3,147272.3,148
3078.7,153846.0,33991.0,33717.0,43069.0,43069.0,67636.2,56583.2,14904.6,13673.2,0.0,79636.1,0.0,19279.0,81295.7,21281.0,103681.5,105047.7,128652.3,147272.3,148
3079.7,153846.0,33991.0,33717.0,43069.0,43069.0,67636.2,56583.2,14904.6,13673.2,0.0,79636.1,0.0,19289.9,81296.6,21297.6,103699.0,105031.1,128652.3,147272.3,148
3080.7,153846.0,33991.0,33717.0,43069.0,43069.0,67636.2,56583.2,14904.6,13673.2,0.0,79714.3,0.0,19241.0,81376.8,21251.8,103733.4,105077.0,128652.3,147350.5,148
3081.7,153846.0,33991.0,33717.0,43069.0,43069.0,67636.2,56583.2,14904.6,13673.2,0.0,79714.3,0.0,19250.2,81376.8,21257.9,103739.6,105070.8,128652.3,147350.5,148
3082.7,153846.0,33991.0,33717.0,43069.0,43069.0,67636.2,56583.2,14904.6,13673.2,0.0,79714.3,0.0,19262.1,81376.7,21270.3,103751.8,105058.5,128652.3,147350.5,148
3083.7,153846.0,33991.0,33717.0,43069.0,43069.0,67636.2,56583.2,14904.6,13673.2,0.0,79714.3,0.0,19271.5,81376.7,21280.4,103762.0,105048.3,128652.3,147350.5,148
3084.7,153846.0,33991.0,33717.0,43069.0,43069.0,67636.2,56583.2,14904.6,13673.2,0.0,79714.3,0.0,19283.2,81376.8,21290.5,103772.1,105038.2,128652.3,147350.5,148
3085.7,153846.0,33991.0,33717.0,43069.0,43069.0,67636.2,56583.2,14904.6,13673.2,0.0,79714.6,0.0,19293.0,81377.0,21297.9,103779.8,105030.8,128652.3,147350.7,148
3086.7,153846.0,33991.0,33717.0,43069.0,43069.0,67636.2,56583.2,14904.6,13673.2,0.0,79714.6,0.0,19305.3,81377.0,21308.8,103790.7,105019.9,128652.3,147350.8,148
3087.7,153846.0,33991.0,33717.0,43069.0,43069.0,67636.2,56583.2,14904.6,13673.2,0.0,79714.6,0.0,19314.5,81377.0,21318.0,103799.9,105010.7,128652.3,147350.8,148
3088.7,153846.0,33991.0,33717.0,43069.0,43069.0,67636.2,56583.2,14904.6,13673.2,0.0,79714.6,0.0,19325.6,81377.0,21328.4,103810.3,105000.3,128652.3,147350.8,148
3089.7,153846.0,33991.0,33717.0,43069.0,43069.0,67636.2,56583.2,14904.6,13673.2,0.0,79714.6,0.0,19336.2,81377.0,21335.9,103817.8,104992.8,128652.3,147350.8,148
3090.7,153846.0,33991.0,33717.0,43069.0,43069.0,67636.2,56583.2,14904.6,13673.2,0.0,79714.6,0.0,19347.4,81377.0,21349.6,103831.5,104979.1,128652.3,147350.8,148
3091.7,153846.0,33991.0,33717.0,43069.0,43069.0,67636.2,56583.2,14904.6,13673.2,0.0,79714.6,0.0,19358.2,81377.0,21362.5,103844.4,104966.3,128652.3,147350.8,148
3092.7,153846.0,33991.0,33717.0,43069.0,43069.0,67636.2,56583.2,14904.6,13673.2,0.0,79714.6,0.0,19372.4,81377.0,21373.0,103854.8,104955.7,128652.3,147350.8,148
3093.7,153846.0,33991.0,33717.0,43069.0,43069.0,67636.2,56583.2,14904.6,13673.2,0.0,79755.0,0.0,19384.3,81418.4,21385.9,103909.1,104942.8,128652.3,147391.2,148
3094.7,153846.0,33991.0,33717.0,43069.0,43069.0,67636.2,56583.2,14904.6,13673.2,0.0,79755.0,0.0,19394.0,81418.3,21392.2,103915.3,104936.5,128652.3,147391.2,148
3095.7,153846.0,33991.0,33717.0,43069.0,43069.0,67636.2,56583.2,14904.6,13673.2,0.0,79755.0,0.0,19405.4,81417.9,21404.6,103927.3,104924.2,128652.3,147391.2,148
3096.7,153846.0,33991.0,33717.0,43069.0,43069.0,67636.2,56583.2,14904.6,13673.2,0.0,79755.0,0.0,19414.5,81417.9,21415.0,103937.8,104913.7,128652.3,147391.2,148
3097.7,153846.0,33991.0,33717.0,43069.0,43069.0,67623.7,56570.7,14892.1,13660.7,0.0,79755.0,0.0,19452.8,81423.1,21462.9,103990.9,104865.8,128652.3,147378.7,148
3098.7,153846.0,33991.0,33717.0,43069.0,43069.0,67623.7,56570.7,14892.1,13660.7,0.0,79755.1,0.0,19421.4,81418.3,21424.3,103947.5,104904.5,128652.3,147378.8,148
3099.7,153846.0,33991.0,33717.0,43069.0,43069.0,67623.7,56570.7,14892.1,13660.7,0.0,79755.1,0.0,19432.2,81418.3,21435.2,103958.4,104893.5,128652.3,147378.8,148
3100.7,153846.0,33991.0,33717.0,43069.0,43069.0,67623.7,56570.7,14892.1,13660.7,0.0,79755.1,0.0,19443.2,81418.3,21445.6,103968.9,104883.1,128652.3,147378.8,148
3101.7,153846.0,33991.0,33717.0,43069.0,43069.0,67623.7,56570.7,14892.1,13660.7,0.0,79755.1,0.0,19452.9,81417.6,21454.2,103976.7,104874.5,128652.3,147378.8,148
3102.7,153846.0,33991.0,33717.0,43069.0,43069.0,67623.7,56570.7,14892.1,13660.7,0.0,79801.3,0.0,19416.1,81465.1,21412.1,103982.1,104916.6,128652.3,147425.0,148
3103.7,153846.0,33991.0,33717.0,43069.0,43069.0,67623.7,56570.7,14892.1,13660.7,0.0,79801.3,0.0,19428.4,81465.1,21422.1,103992.1,104906.6,128652.3,147425.0,148
3104.7,153846.0,33991.0,33717.0,43069.0,43069.0,67623.7,56570.7,14892.1,13660.7,0.0,79801.1,0.0,19437.5,81465.3,21430.6,104000.9,104898.1,128652.3,147424.8,148
3105.7,153846.0,33991.0,33717.0,43069.0,43069.0,67623.7,56570.7,14892.1,13660.7,0.0,79801.2,0.0,19445.6,81465.3,21438.1,104008.3,104890.6,128652.3,147424.8,148
3106.7,153846.0,33991.0,33717.0,43069.0,43069.0,67623.7,56570.7,14892.1,13660.7,0.0,79801.2,0.0,19456.4,81465.3,21448.7,104019.0,104880.0,128652.3,147424.8,148
3107.7,153846.0,33991.0,33717.0,43069.0,43069.0,67623.7,56570.7,14892.1,13660.7,0.0,79804.6,0.0,19465.1,81468.8,21458.7,104032.4,104870.0,128652.3,147428.3,148
3108.7,153846.0,33991.0,33717.0,43069.0,43069.0,67642.1,56589.2,14910.5,13679.1,0.0,79804.8,0.0,19491.3,81472.2,21503.4,104080.5,104825.3,128652.3,147446.9,148
3109.7,153846.0,33991.0,33717.0,43069.0,43069.0,67642.1,56589.2,14910.5,13679.1,0.0,79804.8,0.0,19504.5,81478.2,21525.1,104108.2,104803.6,128652.3,147446.9,148
3110.7,153846.0,33991.0,33717.0,43069.0,43069.0,67642.1,56589.2,14910.5,13679.1,0.0,79804.8,0.0,19513.1,81471.4,21517.9,104094.2,104810.8,128652.3,147446.9,148
3111.7,153846.0,33991.0,33717.0,43069.0,43069.0,67642.1,56589.2,14910.5,13679.1,0.0,79804.8,0.0,19523.8,81470.8,21521.8,104097.5,104806.9,128652.3,147446.9,148
3112.7,153846.0,33991.0,33717.0,43069.0,43069.0,67642.1,56589.2,14910.5,13679.1,0.0,79804.8,0.0,19533.1,81470.8,21528.7,104104.4,104800.0,128652.3,147446.9,148
3113.7,153846.0,33991.0,33717.0,43069.0,43069.0,67642.1,56589.2,14910.5,13679.1,0.0,79868.8,0.0,19479.3,81536.6,21474.4,104115.9,104854.3,128652.3,147510.9,148
3114.7,153846.0,33991.0,33717.0,43069.0,43069.0,67642.1,56589.2,14910.5,13679.1,0.0,79868.8,0.0,19491.8,81536.6,21489.4,104130.9,104839.3,128652.3,147510.9,148
3115.7,153846.0,33991.0,33717.0,43069.0,43069.0,67642.1,56589.2,14910.5,13679.1,0.0,79868.8,0.0,19501.6,81536.6,21501.1,104142.6,104827.6,128652.3,147510.9,148
3116.7,153846.0,33991.0,33717.0,43069.0,43069.0,67642.1,56589.2,14910.5,13679.1,0.0,79868.8,0.0,19511.1,81536.1,21508.3,104149.3,104820.4,128652.3,147510.9,148
3117.7,153846.0,33991.0,33717.0,43069.0,43069.0,67642.1,56589.2,14910.5,13679.1,0.0,79868.8,0.0,19522.5,81536.1,21521.7,104162.7,104807.0,128652.3,147510.9,148
3118.7,153846.0,33991.0,33717.0,43069.0,43069.0,67642.1,56589.2,14910.5,13679.1,0.0,79868.8,0.0,19531.4,81536.1,21527.7,104168.7,104801.0,128652.3,147510.9,148
3119.7,153846.0,33991.0,33717.0,43069.0,43069.0,67642.1,56589.2,14910.5,13679.1,0.0,79868.8,0.0,19539.9,81536.1,21533.7,104174.8,104795.0,128652.3,147510.9,148
3120.7,153846.0,33991.0,33717.0,43069.0,43069.0,67642.1,56589.2,14910.5,13679.1,0.0,79868.8,0.0,19551.9,81536.1,21546.4,104187.4,104782.3,128652.3,147510.9,148
3121.7,153846.0,33991.0,33717.0,43069.0,43069.0,67642.1,56589.2,14910.5,13679.1,0.0,79868.8,0.0,19561.8,81536.0,21558.6,104199.5,104770.1,128652.3,147510.9,148
3122.7,153846.0,33991.0,33717.0,43069.0,43069.0,67642.1,56589.2,14910.5,13679.1,0.0,79868.9,0.0,19571.1,81536.1,21565.2,104206.3,104763.5,128652.3,147511.0,148
3123.7,153846.0,33991.0,33717.0,43069.0,43069.0,67642.1,56589.2,14910.5,13679.1,0.0,79933.0,0.0,19503.0,81601.9,21498.5,104205.4,104830.2,128652.3,147575.1,148
3124.7,153846.0,33991.0,33717.0,43069.0,43069.0,67642.1,56589.2,14910.5,13679.1,0.0,79933.0,0.0,19511.4,81602.3,21504.4,104211.7,104824.3,128652.3,147575.1,148
3125.7,153846.0,33991.0,33717.0,43069.0,43069.0,67642.1,56589.2,14910.6,13679.2,0.0,79933.0,0.0,19522.4,81601.7,21518.3,104224.9,104810.4,128652.3,147575.1,148
3126.7,153846.0,33991.0,33717.0,43069.0,43069.0,67642.1,56589.2,14910.6,13679.2,0.0,79933.0,0.0,19533.0,81602.0,21531.5,104238.5,104797.1,128652.3,147575.1,148
3127.7,153846.0,33991.0,33717.0,43069.0,43069.0,67642.1,56589.2,14910.6,13679.2,0.0,79933.0,0.0,19543.4,81602.0,21544.4,104251.4,104784.2,128652.3,147575.1,148
3128.7,153846.0,33991.0,33717.0,43069.0,43069.0,67642.1,56589.2,14910.6,13679.2,0.0,79933.0,0.0,19550.0,81602.1,21551.1,104258.0,104777.6,128652.3,147575.1,148
3129.7,153846.0,33991.0,33717.0,43069.0,43069.0,67642.1,56589.2,14910.6,13679.2,0.0,79997.0,0.0,19497.6,81668.8,21505.2,104279.0,104823.4,128652.3,147639.1,148
3130.7,153846.0,33991.0,33717.0,43069.0,43069.0,67642.1,56589.2,14910.6,13679.2,0.0,79997.0,0.0,19508.4,81670.8,21510.6,104286.3,104818.0,128652.3,147639.1,148
3131.7,153846.0,33991.0,33717.0,43069.0,43069.0,67642.1,56589.2,14910.6,13679.2,0.0,79997.0,0.0,19519.6,81667.9,21521.3,104294.1,104807.4,128652.3,147639.1,148
3132.7,153846.0,33991.0,33717.0,43069.0,43069.0,67642.1,56589.2,14910.6,13679.2,0.0,79997.0,0.0,19531.3,81667.4,21534.3,104306.7,104794.3,128652.3,147639.1,148
3133.7,153846.0,33991.0,33717.0,43069.0,43069.0,67642.1,56589.2,14910.6,13679.2,0.0,79997.0,0.0,19542.4,81667.9,21547.1,104319.8,104781.6,128652.3,147639.2,148
3134.7,153846.0,33991.0,33717.0,43069.0,43069.0,67642.1,56589.2,14910.6,13679.2,0.0,79997.0,0.0,19552.5,81667.9,21558.3,104331.0,104770.4,128652.3,147639.2,148
3135.7,153846.0,33991.0,33717.0,43069.0,43069.0,67642.1,56589.2,14910.6,13679.2,0.0,79997.0,0.0,19563.7,81667.8,21568.5,104341.2,104760.2,128652.3,147639.2,148
3136.7,153846.0,33991.0,33717.0,43069.0,43069.0,67642.1,56589.2,14910.6,13679.2,0.0,79997.0,0.0,19576.3,81667.8,21577.8,104350.6,104750.9,128652.3,147639.2,148
3137.7,153846.0,33991.0,33717.0,43069.0,43069.0,67642.1,56589.2,14910.6,13679.2,0.0,79997.1,0.0,19586.2,81667.8,21584.7,104357.4,104744.0,128652.3,147639.2,148
3138.7,153846.0,33991.0,33717.0,43069.0,43069.0,67642.1,56589.2,14910.6,13679.2,0.0,79997.1,0.0,19596.7,81668.5,21600.2,104373.7,104728.4,128652.3,147639.2,148
3139.7,153846.0,33991.0,33717.0,43069.0,43069.0,67638.5,56585.5,14906.9,13675.5,0.0,79997.1,0.0,19642.1,81674.7,21654.3,104433.9,104674.3,128652.3,147635.5,148
3140.7,153846.0,33991.0,33717.0,43069.0,43069.0,67638.5,56585.5,14906.9,13675.5,0.0,79997.4,0.0,19615.7,81667.8,21613.2,104386.0,104715.4,128652.3,147635.8,148
3141.7,153846.0,33991.0,33717.0,43069.0,43069.0,67638.5,56585.5,14906.9,13675.5,0.0,79997.5,0.0,19625.7,81668.4,21629.3,104402.7,104699.3,128652.3,147635.9,148
3142.7,153846.0,33991.0,33717.0,43069.0,43069.0,67638.5,56585.5,14906.9,13675.5,0.0,79997.5,0.0,19636.5,81668.1,21632.0,104405.1,104696.6,128652.3,147636.0,148
3143.7,153846.0,33991.0,33717.0,43069.0,43069.0,67638.5,56585.5,14906.9,13675.5,0.0,79997.5,0.0,19647.2,81668.1,21642.7,104415.8,104686.0,128652.3,147636.0,148
3144.7,153846.0,33991.0,33717.0,43069.0,43069.0,67638.5,56585.5,14906.9,13675.5,0.0,79997.5,0.0,19658.9,81668.2,21654.7,104427.8,104674.0,128652.3,147636.0,148
3145.7,153846.0,33991.0,33717.0,43069.0,43069.0,67638.5,56585.5,14906.9,13675.5,0.0,79997.5,0.0,19670.9,81668.2,21666.1,104439.2,104662.6,128652.3,147636.0,148
3146.7,153846.0,33991.0,33717.0,43069.0,43069.0,67638.5,56585.5,14906.9,13675.5,0.0,79997.5,0.0,19681.4,81668.2,21677.2,104450.3,104651.5,128652.3,147636.0,148
3147.7,153846.0,33991.0,33717.0,43069.0,43069.0,67638.5,56585.5,14906.9,13675.5,0.0,79997.5,0.0,19697.4,81668.1,21693.4,104466.5,104635.2,128652.3,147636.0,148
3148.7,153846.0,33991.0,33717.0,43069.0,43069.0,67638.5,56585.5,14906.9,13675.5,0.0,79997.5,0.0,19708.7,81668.1,21705.4,104478.5,104623.2,128652.3,147636.0,148
3149.7,153846.0,33991.0,33717.0,43069.0,43069.0,67638.5,56585.5,14906.9,13675.5,0.0,80051.0,0.0,19666.2,81723.1,21658.7,104486.7,104670.0,128652.3,147689.5,148
3150.8,153846.0,33991.0,33717.0,43069.0,43069.0,67638.5,56585.5,14906.9,13675.5,0.0,80051.0,0.0,19675.1,81723.1,21672.8,104500.8,104655.8,128652.3,147689.5,148
3151.8,153846.0,33991.0,33717.0,43069.0,43069.0,67638.5,56585.5,14906.9,13675.5,0.0,80051.0,0.0,19686.0,81723.1,21689.9,104518.0,104638.7,128652.3,147689.5,148
3152.8,153846.0,33991.0,33717.0,43069.0,43069.0,67638.5,56585.5,14906.9,13675.5,0.0,80115.0,0.0,19635.2,81788.9,21635.6,104529.4,104693.0,128652.3,147753.5,148
3153.8,153846.0,33991.0,33717.0,43069.0,43069.0,67638.5,56585.5,14906.9,13675.5,0.0,80115.0,0.0,19643.0,81788.9,21639.6,104533.4,104689.1,128652.3,147753.5,148
3154.8,153846.0,33991.0,33717.0,43069.0,43069.0,67638.5,56585.5,14906.9,13675.5,0.0,80115.0,0.0,19656.4,81788.6,21655.5,104549.2,104673.1,128652.3,147753.5,148
3155.8,153846.0,33991.0,33717.0,43069.0,43069.0,67638.5,56585.6,14906.9,13675.6,0.0,80115.0,0.0,19666.9,81788.6,21669.6,104563.2,104659.1,128652.3,147753.5,148
3156.8,153846.0,33991.0,33717.0,43069.0,43069.0,67638.5,56585.6,14906.9,13675.6,0.0,80115.0,0.0,19678.4,81788.2,21681.1,104574.3,104647.5,128652.3,147753.5,148
3157.8,153846.0,33991.0,33717.0,43069.0,43069.0,67638.5,56585.6,14906.9,13675.6,0.0,80115.1,0.0,19690.1,81788.4,21691.2,104584.5,104637.4,128652.3,147753.6,148
3158.8,153846.0,33991.0,33717.0,43069.0,43069.0,67638.5,56585.6,14906.9,13675.6,0.0,80115.1,0.0,19701.4,81788.4,21700.6,104594.0,104628.0,128652.3,147753.6,148
3159.8,153846.0,33991.0,33717.0,43069.0,43069.0,67638.5,56585.6,14906.9,13675.6,0.0,80115.2,0.0,19710.6,81788.4,21707.0,104600.3,104621.7,128652.3,147753.7,148
3160.8,153846.0,33991.0,33717.0,43069.0,43069.0,67638.5,56585.6,14906.9,13675.6,0.0,80336.8,0.0,19722.1,82016.9,21717.8,104839.6,104610.9,128652.3,147975.3,148
3161.8,153846.0,33991.0,33717.0,43069.0,43069.0,67638.5,56585.6,14906.9,13675.6,0.0,80676.4,0.0,19262.3,82365.8,21257.6,104728.3,105071.1,128652.3,148314.9,148
3162.8,153846.0,33991.0,33717.0,43069.0,43069.0,67638.5,56585.6,14906.9,13675.6,0.0,80676.4,0.0,19269.1,82365.8,21260.7,104731.5,105067.9,128652.3,148314.9,148
3163.8,153846.0,33991.0,33717.0,43069.0,43069.0,67638.5,56585.6,14906.9,13675.6,0.0,80676.4,0.0,19282.7,82365.8,21274.2,104745.0,105054.4,128652.3,148314.9,148
3164.8,153846.0,33991.0,33717.0,43069.0,43069.0,67638.5,56585.6,14906.9,13675.6,0.0,80676.4,0.0,19291.1,82365.2,21288.9,104759.0,105039.8,128652.3,148314.9,148
3165.8,153846.0,33991.0,33717.0,43069.0,43069.0,67638.5,56585.6,14906.9,13675.6,0.0,80811.5,0.0,19176.4,82503.8,21171.3,104780.1,105157.3,128652.3,148450.0,148
3166.8,153846.0,33991.0,33717.0,43069.0,43069.0,67638.5,56585.6,14906.9,13675.6,0.0,80811.5,0.0,19185.7,82505.4,21192.5,104802.9,105136.1,128652.3,148450.0,148
3167.8,153846.0,33991.0,33717.0,43069.0,43069.0,67638.5,56585.6,14906.9,13675.6,0.0,80811.5,0.0,19194.9,82504.5,21192.2,104801.6,105136.5,128652.3,148450.0,148
3168.8,153846.0,33991.0,33717.0,43069.0,43069.0,67638.5,56585.6,14906.9,13675.6,0.0,80811.5,0.0,19205.2,82504.5,21201.5,104810.9,105127.2,128652.3,148450.0,148
3169.8,153846.0,33991.0,33717.0,43069.0,43069.0,67638.5,56585.6,14906.9,13675.6,0.0,80811.5,0.0,19213.1,82504.5,21208.4,104817.9,105120.2,128652.3,148450.0,148
3170.8,153846.0,33991.0,33717.0,43069.0,43069.0,67638.5,56585.6,14907.0,13675.6,0.0,80811.5,0.0,19221.9,82504.5,21219.1,104828.5,105109.5,128652.3,148450.0,148
3171.8,153846.0,33991.0,33717.0,43069.0,43069.0,67638.5,56585.6,14907.0,13675.6,0.0,80822.1,0.0,19233.1,82515.4,21228.2,104848.5,105100.5,128652.3,148460.6,148
3172.8,153846.0,33991.0,33717.0,43069.0,43069.0,67638.5,56585.6,14907.0,13675.6,0.0,80822.1,0.0,19242.6,82515.4,21237.1,104857.5,105091.5,128652.3,148460.7,148
3173.8,153846.0,33991.0,33717.0,43069.0,43069.0,67638.5,56585.6,14907.0,13675.6,0.0,80822.1,0.0,19252.8,82515.4,21249.1,104869.5,105079.5,128652.3,148460.7,148
3174.8,153846.0,33991.0,33717.0,43069.0,43069.0,67638.5,56585.6,14907.0,13675.6,0.0,81108.7,0.0,19265.5,82810.5,21256.9,105172.4,105071.7,128652.3,148747.2,148
3175.8,153846.0,33991.0,33717.0,43069.0,43069.0,67638.5,56585.6,14907.0,13675.6,0.0,81198.4,0.0,18922.6,82902.3,20912.6,104919.9,105416.0,128652.3,148836.9,148
3176.8,153846.0,33991.0,33717.0,43069.0,43069.0,67638.5,56585.6,14907.0,13675.6,0.0,81198.4,0.0,18933.9,82902.4,20921.1,104928.5,105407.5,128652.3,148837.0,148
3177.8,153846.0,33991.0,33717.0,43069.0,43069.0,67638.5,56585.6,14907.0,13675.6,0.0,81198.5,0.0,18941.1,82902.4,20933.8,104941.2,105394.9,128652.3,148837.0,148
3178.8,153846.0,33991.0,33717.0,43069.0,43069.0,67638.5,56585.6,14907.0,13675.6,0.0,81198.5,0.0,18951.4,82902.4,20944.4,104951.8,105384.2,128652.3,148837.1,148
3179.8,153846.0,33991.0,33717.0,43069.0,43069.0,67638.5,56585.6,14907.0,13675.6,0.0,81198.5,0.0,18960.9,82902.4,20951.7,104959.1,105376.9,128652.3,148837.1,148
3180.8,153846.0,33991.0,33717.0,43069.0,43069.0,67638.6,56585.6,14907.0,13675.6,0.0,81198.6,0.0,18969.3,82902.6,20963.6,104971.2,105365.0,128652.3,148837.2,148
3181.8,153846.0,33991.0,33717.0,43069.0,43069.0,67638.6,56585.6,14907.0,13675.6,0.0,81198.6,0.0,18981.7,82902.5,20982.6,104990.1,105346.0,128652.3,148837.1,148
3182.8,153846.0,33991.0,33717.0,43069.0,43069.0,67638.6,56585.6,14907.0,13675.6,0.0,81198.6,0.0,18993.1,82902.0,20998.5,105005.5,105330.1,128652.3,148837.1,148
3183.8,153846.0,33991.0,33717.0,43069.0,43069.0,67638.6,56585.6,14907.0,13675.6,0.0,81198.6,0.0,19002.5,82902.0,21012.7,105019.7,105315.9,128652.3,148837.1,148
3184.8,153846.0,33991.0,33717.0,43069.0,43069.0,67638.6,56585.6,14907.0,13675.6,0.0,81198.6,0.0,19013.1,82902.0,21024.8,105031.8,105303.8,128652.3,148837.1,148
3185.8,153846.0,33991.0,33717.0,43069.0,43069.0,67638.6,56585.6,14907.0,13675.6,0.0,81284.2,0.0,18959.3,82989.9,20973.8,105068.8,105354.8,128652.3,148922.7,148
3186.8,153846.0,33991.0,33717.0,43069.0,43069.0,67638.6,56585.6,14907.0,13675.6,0.0,81284.2,0.0,18966.9,82989.6,20981.0,105075.6,105347.6,128652.3,148922.7,148
3187.8,153846.0,33991.0,33717.0,43069.0,43069.0,67638.6,56585.6,14907.0,13675.6,0.0,81284.2,0.0,18978.9,82989.6,20992.3,105086.8,105336.3,128652.3,148922.7,148
3188.8,153846.0,33991.0,33717.0,43069.0,43069.0,67638.6,56585.6,14907.0,13675.6,0.0,81284.2,0.0,18988.5,82989.6,21002.0,105096.7,105326.5,128652.3,148922.8,148
3189.8,153846.0,33991.0,33717.0,43069.0,43069.0,67638.6,56585.6,14907.0,13675.6,0.0,81412.1,0.0,18872.5,83121.1,20881.3,105107.5,105447.2,128652.3,149050.7,148
3190.8,153846.0,33991.0,33717.0,43069.0,43069.0,67638.6,56585.6,14907.0,13675.6,0.0,81412.1,0.0,18879.9,83122.9,20896.0,105124.0,105432.5,128652.3,149050.7,148
3191.8,153846.0,33991.0,33717.0,43069.0,43069.0,67638.6,56585.6,14907.0,13675.6,0.0,81412.1,0.0,18888.4,83120.9,20894.2,105120.2,105434.4,128652.3,149050.7,148
3192.8,153846.0,33991.0,33717.0,43069.0,43069.0,67638.6,56585.6,14907.0,13675.6,0.0,81476.1,0.0,18832.4,83186.7,20835.6,105127.4,105492.9,128652.3,149114.7,148
3193.8,153846.0,33991.0,33717.0,43069.0,43069.0,67638.6,56585.6,14907.0,13675.6,0.0,81476.1,0.0,18839.5,83186.7,20847.9,105139.7,105480.6,128652.3,149114.7,148
3194.8,153846.0,33991.0,33717.0,43069.0,43069.0,67638.6,56585.6,14907.0,13675.6,0.0,81476.2,0.0,18853.4,83186.8,20856.1,105147.9,105472.5,128652.3,149114.7,148
3195.8,153846.0,33991.0,33717.0,43069.0,43069.0,67638.6,56585.6,14907.0,13675.6,0.0,81476.2,0.0,18862.2,83186.8,20865.0,105156.8,105463.6,128652.3,149114.8,148
3196.8,153846.0,33991.0,33717.0,43069.0,43069.0,67638.6,56585.6,14907.0,13675.6,0.0,81476.2,0.0,18870.3,83186.8,20872.5,105164.4,105456.0,128652.3,149114.8,148
3197.8,153846.0,33991.0,33717.0,43069.0,43069.0,67638.6,56585.6,14907.0,13675.6,0.0,81476.3,0.0,18879.5,83186.9,20881.0,105172.9,105447.6,128652.3,149114.8,148
3198.8,153846.0,33991.0,33717.0,43069.0,43069.0,67638.6,56585.6,14907.0,13675.6,0.0,81476.3,0.0,18888.6,83186.6,20885.5,105177.2,105443.0,128652.3,149114.8,148
3199.8,153846.0,33991.0,33717.0,43069.0,43069.0,67638.6,56585.6,14907.0,13675.6,0.0,81476.3,0.0,18897.2,83186.8,20896.2,105188.1,105432.3,128652.3,149114.8,148
3200.8,153846.0,33991.0,33717.0,43069.0,43069.0,67638.6,56585.6,14907.0,13675.6,0.0,81476.3,0.0,18906.8,83186.9,20906.2,105198.2,105422.3,128652.3,149114.8,148
3201.8,153846.0,33991.0,33717.0,43069.0,43069.0,67638.6,56585.6,14907.0,13675.6,0.0,81476.3,0.0,18915.9,83186.8,20914.1,105206.0,105414.5,128652.3,149114.8,148
3202.8,153846.0,33991.0,33717.0,43069.0,43069.0,67638.6,56585.6,14907.0,13675.6,0.0,81494.7,0.0,18864.1,83205.8,20860.7,105171.5,105467.9,128652.3,149133.3,148
3203.8,153846.0,33991.0,33717.0,43069.0,43069.0,67638.6,56585.6,14907.0,13675.6,0.0,81494.7,0.0,18874.5,83205.8,20873.2,105184.0,105455.4,128652.3,149133.3,148
3204.8,153846.0,33991.0,33717.0,43069.0,43069.0,67638.6,56585.6,14907.0,13675.6,0.0,81494.7,0.0,18885.6,83205.8,20886.7,105197.5,105441.9,128652.3,149133.3,148
3205.8,153846.0,33991.0,33717.0,43069.0,43069.0,67638.6,56585.6,14907.0,13675.6,0.0,81494.7,0.0,18897.1,83205.7,20898.8,105209.5,105429.8,128652.3,149133.3,148
3206.8,153846.0,33991.0,33717.0,43069.0,43069.0,67638.6,56585.6,14907.0,13675.6,0.0,81495.0,0.0,18908.9,83206.0,20911.3,105222.3,105417.2,128652.3,149133.5,148
3207.8,153846.0,33991.0,33717.0,43069.0,43069.0,67638.6,56585.6,14907.0,13675.6,0.0,81495.0,0.0,18922.8,83206.0,20928.8,105239.8,105399.8,128652.3,149133.5,148
3208.8,153846.0,33991.0,33717.0,43069.0,43069.0,67638.6,56585.6,14907.0,13675.6,0.0,81495.0,0.0,18934.2,83206.0,20940.0,105251.0,105388.6,128652.3,149133.5,148
3209.8,153846.0,33991.0,33717.0,43069.0,43069.0,67638.6,56585.6,14907.0,13675.6,0.0,81495.0,0.0,18947.0,83206.0,20950.8,105261.8,105377.7,128652.3,149133.5,148
3210.8,153846.0,33991.0,33717.0,43069.0,43069.0,67651.2,56598.3,14919.7,13688.3,0.0,81495.0,0.0,18970.6,83210.1,20980.6,105295.7,105348.0,128652.3,149146.3,148
3211.8,153846.0,33991.0,33717.0,43069.0,43069.0,67651.2,56598.3,14919.7,13688.3,0.0,81495.0,0.0,18979.6,83206.3,20979.8,105291.2,105348.7,128652.3,149146.3,148
3212.8,153846.0,33991.0,33717.0,43069.0,43069.0,67651.2,56598.3,14919.7,13688.3,0.0,81580.5,0.0,18929.7,83294.2,20929.6,105328.9,105398.9,128652.3,149231.8,148
3213.8,153846.0,33991.0,33717.0,43069.0,43069.0,67651.2,56598.3,14919.7,13688.3,0.0,81580.5,0.0,18938.1,83294.2,20935.8,105335.0,105392.8,128652.3,149231.8,148
3214.8,153846.0,33991.0,33717.0,43069.0,43069.0,67651.2,56598.3,14919.7,13688.3,0.0,81580.5,0.0,18949.4,83294.2,20950.4,105349.7,105378.1,128652.3,149231.8,148
3215.8,153846.0,33991.0,33717.0,43069.0,43069.0,67651.2,56598.3,14919.7,13688.3,0.0,81580.5,0.0,18961.5,83294.2,20965.0,105364.3,105363.5,128652.3,149231.8,148
3216.8,153846.0,33991.0,33717.0,43069.0,43069.0,67651.2,56598.3,14919.7,13688.3,0.0,81580.5,0.0,18973.4,83294.2,20977.1,105376.4,105351.4,128652.3,149231.8,148
3217.8,153846.0,33991.0,33717.0,43069.0,43069.0,67651.2,56598.3,14919.7,13688.3,0.0,81580.5,0.0,18984.1,83294.2,20989.5,105388.8,105339.0,128652.3,149231.8,148
3218.8,153846.0,33991.0,33717.0,43069.0,43069.0,67651.2,56598.3,14919.7,13688.3,0.0,81580.7,0.0,18996.3,83294.2,21000.0,105399.3,105328.5,128652.3,149231.9,148
3219.8,153846.0,33991.0,33717.0,43069.0,43069.0,67651.2,56598.3,14919.7,13688.3,0.0,81679.5,0.0,18945.7,83395.2,20947.3,105447.6,105381.2,128652.3,149330.7,148
3220.8,153846.0,33991.0,33717.0,43069.0,43069.0,67651.2,56598.3,14919.7,13688.3,0.0,81708.7,0.0,18891.2,83425.7,20892.7,105423.4,105435.9,128652.3,149359.9,148
3221.8,153846.0,33991.0,33717.0,43069.0,43069.0,67651.2,56598.3,14919.7,13688.3,0.0,81708.7,0.0,18899.6,83425.7,20898.3,105429.1,105430.2,128652.3,149359.9,148
3222.8,153846.0,33991.0,33717.0,43069.0,43069.0,67651.2,56598.3,14919.7,13688.3,0.0,81708.7,0.0,18911.6,83425.7,20911.1,105441.9,105417.4,128652.3,149359.9,148
3223.8,153846.0,33991.0,33717.0,43069.0,43069.0,67651.2,56598.3,14919.7,13688.3,0.0,81708.7,0.0,18923.0,83425.7,20932.2,105462.9,105396.3,128652.3,149359.9,148
3224.8,153846.0,33991.0,33717.0,43069.0,43069.0,67651.2,56598.3,14919.7,13688.3,0.0,81708.7,0.0,18934.8,83425.7,20945.9,105476.7,105382.6,128652.3,149359.9,148
3225.8,153846.0,33991.0,33717.0,43069.0,43069.0,67651.2,56598.3,14919.7,13688.3,0.0,81763.3,0.0,18893.4,83481.7,20906.4,105493.1,105422.2,128652.3,149414.6,148
3226.8,153846.0,33991.0,33717.0,43069.0,43069.0,67651.2,56598.3,14919.7,13688.3,0.0,81763.9,0.0,18900.0,83482.3,20912.3,105499.7,105416.2,128652.3,149415.1,148
3227.8,153846.0,33991.0,33717.0,43069.0,43069.0,67651.2,56598.3,14919.7,13688.3,0.0,81765.7,0.0,18911.7,83484.2,20922.7,105512.0,105405.8,128652.3,149417.0,148
3228.8,153846.0,33991.0,33717.0,43069.0,43069.0,67651.2,56598.3,14919.7,13688.3,0.0,81765.7,0.0,18921.3,83484.2,20933.2,105522.4,105395.4,128652.3,149417.0,148
3229.8,153846.0,33991.0,33717.0,43069.0,43069.0,67651.2,56598.3,14919.7,13688.3,0.0,81765.7,0.0,18935.1,83484.7,20941.9,105531.6,105386.6,128652.3,149417.0,148
3230.8,153846.0,33991.0,33717.0,43069.0,43069.0,67651.2,56598.3,14919.7,13688.3,0.0,81829.8,0.0,18884.6,83550.5,20893.8,105549.4,105434.7,128652.3,149481.0,148
3231.8,153846.0,33991.0,33717.0,43069.0,43069.0,67651.2,56598.3,14919.7,13688.3,0.0,81829.8,0.0,18892.2,83550.6,20900.9,105556.5,105427.6,128652.3,149481.1,148
3232.8,153846.0,33991.0,33717.0,43069.0,43069.0,67651.2,56598.3,14919.7,13688.3,0.0,81829.8,0.0,18900.0,83550.6,20911.1,105566.7,105417.4,128652.3,149481.1,148
3233.8,153846.0,33991.0,33717.0,43069.0,43069.0,67651.2,56598.3,14919.7,13688.3,0.0,81829.8,0.0,18912.7,83550.6,20921.7,105577.4,105406.8,128652.3,149481.1,148
3234.8,153846.0,33991.0,33717.0,43069.0,43069.0,67651.2,56598.3,14919.7,13688.3,0.0,81829.9,0.0,18921.1,83550.7,20923.2,105578.9,105405.3,128652.3,149481.2,148
3235.8,153846.0,33991.0,33717.0,43069.0,43069.0,67651.2,56598.3,14919.7,13688.3,0.0,81829.9,0.0,18931.3,83550.7,20932.2,105588.0,105396.3,128652.3,149481.2,148
3236.8,153846.0,33991.0,33717.0,43069.0,43069.0,67651.2,56598.3,14919.7,13688.3,0.0,81829.9,0.0,18941.1,83550.7,20943.4,105599.2,105385.0,128652.3,149481.2,148
3237.8,153846.0,33991.0,33717.0,43069.0,43069.0,67651.2,56598.3,14919.7,13688.3,0.0,81830.0,0.0,18953.3,83550.7,20956.8,105612.6,105371.7,128652.3,149481.2,148
3238.8,153846.0,33991.0,33717.0,43069.0,43069.0,67651.2,56598.3,14919.7,13688.3,0.0,81830.0,0.0,18958.4,83550.7,20965.5,105621.4,105363.0,128652.3,149481.2,148
3239.8,153846.0,33991.0,33717.0,43069.0,43069.0,67673.2,56620.3,14941.6,13710.3,0.0,82020.7,0.0,18786.2,83748.2,20808.0,105661.3,105520.5,128652.3,149693.9,148
3240.8,153846.0,33991.0,33717.0,43069.0,43069.0,67630.8,56577.9,14899.3,13667.9,0.0,82020.8,0.0,18772.1,83746.0,20781.0,105632.1,105547.5,128652.3,149651.7,148
3241.8,153846.0,33991.0,33717.0,43069.0,43069.0,67630.8,56577.9,14899.3,13667.9,0.0,82020.8,0.0,18779.8,83745.9,20786.2,105637.2,105542.3,128652.3,149651.6,148
3242.8,153846.0,33991.0,33717.0,43069.0,43069.0,67630.8,56577.9,14899.3,13667.9,0.0,82021.0,0.0,18785.3,83746.2,20793.9,105645.2,105534.6,128652.3,149651.9,148
3243.8,153846.0,33991.0,33717.0,43069.0,43069.0,67630.8,56577.9,14899.3,13667.9,0.0,82021.0,0.0,18792.4,83745.9,20803.3,105654.3,105525.1,128652.3,149651.9,148
3244.8,153846.0,33991.0,33717.0,43069.0,43069.0,67630.8,56577.9,14899.3,13667.9,0.0,82021.1,0.0,18801.5,83746.0,20812.2,105663.3,105516.3,128652.3,149652.0,148
3245.8,153846.0,33991.0,33717.0,43069.0,43069.0,67630.8,56577.9,14899.3,13667.9,0.0,82021.2,0.0,18808.4,83745.9,20820.3,105671.3,105508.2,128652.3,149652.0,148
3246.8,153846.0,33991.0,33717.0,43069.0,43069.0,67630.8,56577.9,14899.3,13667.9,0.0,82021.2,0.0,18816.2,83745.9,20827.3,105678.3,105501.2,128652.3,149652.0,148
3247.8,153846.0,33991.0,33717.0,43069.0,43069.0,67630.8,56577.9,14899.3,13667.9,0.0,82021.2,0.0,18823.7,83745.9,20835.5,105686.6,105493.0,128652.3,149652.0,148
3248.8,153846.0,33991.0,33717.0,43069.0,43069.0,67630.8,56577.9,14899.3,13667.9,0.0,82021.2,0.0,18831.9,83745.5,20839.2,105689.9,105489.2,128652.3,149652.0,148
3249.8,153846.0,33991.0,33717.0,43069.0,43069.0,67630.8,56577.9,14899.3,13667.9,0.0,82021.2,0.0,18839.3,83745.8,20843.5,105694.4,105484.9,128652.3,149652.0,148
3250.8,153846.0,33991.0,33717.0,43069.0,43069.0,67630.8,56577.9,14899.3,13667.9,0.0,82021.2,0.0,18848.1,83745.5,20854.0,105704.6,105474.5,128652.3,149652.0,148
3251.8,153846.0,33991.0,33717.0,43069.0,43069.0,67630.8,56577.9,14899.3,13667.9,0.0,82021.2,0.0,18857.3,83745.4,20863.4,105713.9,105465.1,128652.3,149652.0,148
3252.8,153846.0,33991.0,33717.0,43069.0,43069.0,67630.8,56577.9,14899.3,13667.9,0.0,82021.2,0.0,18863.3,83745.4,20868.5,105719.0,105460.0,128652.3,149652.0,148
3253.8,153846.0,33991.0,33717.0,43069.0,43069.0,67630.8,56577.9,14899.3,13667.9,0.0,82021.2,0.0,18871.7,83745.4,20877.2,105727.8,105451.2,128652.3,149652.0,148
3254.8,153846.0,33991.0,33717.0,43069.0,43069.0,67630.8,56577.9,14899.3,13667.9,0.0,82021.2,0.0,18882.1,83745.4,20888.5,105739.1,105440.0,128652.3,149652.0,148
3255.8,153846.0,33991.0,33717.0,43069.0,43069.0,67630.8,56577.9,14899.3,13667.9,0.0,82021.2,0.0,18890.1,83745.4,20894.4,105745.0,105434.0,128652.3,149652.0,148
3256.8,153846.0,33991.0,33717.0,43069.0,43069.0,67630.8,56577.9,14899.3,13667.9,0.0,82021.2,0.0,18898.6,83745.4,20903.1,105753.6,105425.4,128652.3,149652.1,148
3257.8,153846.0,33991.0,33717.0,43069.0,43069.0,67630.8,56577.9,14899.3,13667.9,0.0,82071.2,0.0,18908.9,83796.8,20911.0,105812.9,105417.5,128652.3,149702.0,148
3258.8,153846.0,33991.0,33717.0,43069.0,43069.0,67630.8,56577.9,14899.3,13667.9,0.0,82120.3,0.0,18918.6,83847.3,20919.6,105872.1,105408.8,128652.3,149751.2,148
3259.8,153846.0,33991.0,33717.0,43069.0,43069.0,67585.9,56532.9,14854.3,13622.9,0.0,82120.4,0.0,18881.5,83848.3,20877.9,105831.3,105450.6,128652.3,149706.2,148
3260.8,153846.0,33991.0,33717.0,43069.0,43069.0,67585.9,56532.9,14854.3,13622.9,0.0,82184.3,0.0,18825.7,83914.0,20822.1,105841.2,105506.3,128652.3,149770.2,148
3261.8,153846.0,33991.0,33717.0,43069.0,43069.0,67585.9,56532.9,14854.3,13622.9,0.0,82187.6,0.0,18832.4,83917.7,20832.9,105855.8,105495.6,128652.3,149773.5,148
3262.8,153846.0,33991.0,33717.0,43069.0,43069.0,67585.9,56532.9,14854.3,13622.9,0.0,82187.6,0.0,18839.1,83917.8,20838.1,105861.1,105490.3,128652.3,149773.5,148
3263.8,153846.0,33991.0,33717.0,43069.0,43069.0,67585.9,56532.9,14854.3,13622.9,0.0,82187.7,0.0,18846.4,83917.8,20845.5,105868.5,105482.9,128652.3,149773.5,148
3264.8,153846.0,33991.0,33717.0,43069.0,43069.0,67585.9,56532.9,14854.3,13622.9,0.0,82187.8,0.0,18857.5,83917.9,20854.9,105878.0,105473.6,128652.3,149773.7,148
3265.8,153846.0,33991.0,33717.0,43069.0,43069.0,67585.9,56532.9,14854.3,13622.9,0.0,82187.8,0.0,18865.0,83917.9,20860.7,105883.8,105467.7,128652.3,149773.7,148
3266.8,153846.0,33991.0,33717.0,43069.0,43069.0,67586.3,56533.3,14854.7,13623.3,0.0,82241.0,0.0,18876.6,83972.9,20880.6,105958.7,105447.8,128652.3,149827.2,148
3267.8,153846.0,33991.0,33717.0,43069.0,43069.0,67586.3,56533.3,14854.7,13623.3,0.0,82315.8,0.0,18755.6,84050.3,20758.4,105913.8,105570.1,128652.3,149902.1,148
3268.8,153846.0,33991.0,33717.0,43069.0,43069.0,67586.3,56533.3,14854.7,13623.3,0.0,82317.2,0.0,18765.1,84051.8,20766.7,105923.6,105561.7,128652.3,149903.5,148
3269.8,153846.0,33991.0,33717.0,43069.0,43069.0,67586.3,56533.3,14854.7,13623.3,0.0,82317.2,0.0,18778.1,84051.8,20777.8,105934.7,105550.7,128652.3,149903.5,148
3270.8,153846.0,33991.0,33717.0,43069.0,43069.0,67586.3,56533.4,14854.7,13623.4,0.0,82373.7,0.0,18732.5,84109.9,20732.8,105947.8,105595.7,128652.3,149960.0,148
3271.8,153846.0,33991.0,33717.0,43069.0,43069.0,67586.3,56533.4,14854.7,13623.4,0.0,82491.3,0.0,18680.3,84230.7,20678.8,106014.7,105649.7,128652.3,150077.6,148
3272.8,153846.0,33991.0,33717.0,43069.0,43069.0,67586.3,56533.4,14854.7,13623.4,0.0,82491.3,0.0,18691.9,84230.7,20690.9,106026.8,105637.5,128652.3,150077.6,148
3273.8,153846.0,33991.0,33717.0,43069.0,43069.0,67592.6,56539.7,14861.0,13629.7,0.0,82491.3,0.0,18705.7,84230.3,20712.0,106047.4,105616.5,128652.3,150084.0,148
3274.8,153846.0,33991.0,33717.0,43069.0,43069.0,67592.6,56539.7,14861.1,13629.7,0.0,82491.3,0.0,18715.5,84230.3,20726.4,106061.8,105602.1,128652.3,150084.0,148
3275.8,153846.0,33991.0,33717.0,43069.0,43069.0,67592.7,56539.7,14861.1,13629.7,0.0,82491.3,0.0,18725.1,84230.3,20741.6,106077.0,105586.9,128652.3,150084.0,148
3276.8,153846.0,33991.0,33717.0,43069.0,43069.0,67592.7,56539.7,14861.1,13629.7,0.0,82491.3,0.0,18736.0,84229.7,20752.4,106087.2,105576.0,128652.3,150084.0,148
3277.8,153846.0,33991.0,33717.0,43069.0,43069.0,67592.7,56539.7,14861.1,13629.7,0.0,82491.4,0.0,18747.5,84236.5,20775.6,106117.2,105552.9,128652.3,150084.0,148
3278.8,153846.0,33991.0,33717.0,43069.0,43069.0,67592.7,56539.7,14861.1,13629.7,0.0,82491.4,0.0,18755.5,84230.6,20776.2,106112.0,105552.2,128652.3,150084.1,148
3279.8,153846.0,33991.0,33717.0,43069.0,43069.0,67592.7,56539.7,14861.1,13629.7,0.0,82491.4,0.0,18765.6,84230.6,20788.6,106124.4,105539.8,128652.3,150084.1,148
3280.8,153846.0,33991.0,33717.0,43069.0,43069.0,67592.7,56539.7,14861.1,13629.7,0.0,82491.4,0.0,18779.4,84230.6,20798.4,106134.2,105530.0,128652.3,150084.1,148
3281.8,153846.0,33991.0,33717.0,43069.0,43069.0,67592.7,56539.7,14861.1,13629.7,0.0,82491.4,0.0,18788.4,84230.6,20804.2,106140.0,105524.3,128652.3,150084.1,148
3282.8,153846.0,33991.0,33717.0,43069.0,43069.0,67626.8,56573.8,14895.2,13663.8,0.0,82491.4,0.0,18800.0,84231.7,20817.6,106154.4,105510.8,128652.3,150118.2,148
3283.8,153846.0,33991.0,33717.0,43069.0,43069.0,67626.8,56573.8,14895.2,13663.8,0.0,82491.2,0.0,18840.9,84231.3,20851.8,106188.3,105476.6,128652.3,150117.9,148
3284.8,153846.0,33991.0,33717.0,43069.0,43069.0,67626.8,56573.8,14895.2,13663.8,0.0,82491.2,0.0,18851.7,84231.3,20868.0,106204.5,105460.4,128652.3,150117.9,148
3285.8,153846.0,33991.0,33717.0,43069.0,43069.0,67626.8,56573.8,14895.2,13663.8,0.0,82491.2,0.0,18862.3,84231.3,20881.3,106217.8,105447.1,128652.3,150118.0,148
3286.8,153846.0,33991.0,33717.0,43069.0,43069.0,67626.8,56573.8,14895.2,13663.8,0.0,82491.2,0.0,18872.9,84231.3,20893.1,106229.6,105435.3,128652.3,150118.0,148
3287.8,153846.0,33991.0,33717.0,43069.0,43069.0,67626.8,56573.8,14895.2,13663.8,0.0,82491.2,0.0,18883.5,84231.3,20902.6,106239.0,105425.9,128652.3,150118.0,148
3288.8,153846.0,33991.0,33717.0,43069.0,43069.0,67626.8,56573.8,14895.2,13663.8,0.0,82491.2,0.0,18893.8,84232.3,20933.7,106271.2,105394.7,128652.3,150118.0,148
3289.8,153846.0,33991.0,33717.0,43069.0,43069.0,67627.0,56574.0,14895.4,13664.0,0.0,82491.2,0.0,18903.5,84231.6,20935.8,106272.6,105392.6,128652.3,150118.2,148
3290.8,153846.0,33991.0,33717.0,43069.0,43069.0,67629.2,56576.2,14897.6,13666.2,0.0,82491.3,0.0,18916.5,84231.4,20948.8,106285.4,105379.7,128652.3,150120.5,148
3291.8,153846.0,33991.0,33717.0,43069.0,43069.0,67629.2,56576.2,14897.6,13666.2,0.0,82491.3,0.0,18926.9,84230.5,20954.8,106290.5,105373.6,128652.3,150120.5,148
3292.8,153846.0,33991.0,33717.0,43069.0,43069.0,67629.2,56576.2,14897.6,13666.2,0.0,82491.4,0.0,18936.7,84230.5,20962.5,106298.2,105366.0,128652.3,150120.5,148
3293.8,153846.0,33991.0,33717.0,43069.0,43069.0,67629.2,56576.2,14897.6,13666.2,0.0,82552.8,0.0,18837.8,84293.7,20863.7,106262.6,105464.7,128652.3,150182.0,148
3294.8,153846.0,33991.0,33717.0,43069.0,43069.0,67629.2,56576.2,14897.6,13666.2,0.0,82552.8,0.0,18845.3,84293.7,20877.3,106276.2,105451.1,128652.3,150182.0,148
3295.8,153846.0,33991.0,33717.0,43069.0,43069.0,67629.2,56576.2,14897.6,13666.2,0.0,82616.7,0.0,18789.8,84359.4,20820.6,106285.2,105507.8,128652.3,150245.9,148
3296.8,153846.0,33991.0,33717.0,43069.0,43069.0,67629.2,56576.2,14897.6,13666.2,0.0,82616.8,0.0,18797.6,84359.5,20825.8,106290.5,105502.6,128652.3,150246.0,148
3297.8,153846.0,33991.0,33717.0,43069.0,43069.0,67629.2,56576.2,14897.6,13666.2,0.0,82680.8,0.0,18740.3,84425.2,20762.5,106292.9,105565.9,128652.3,150310.0,148
3298.8,153846.0,33991.0,33717.0,43069.0,43069.0,67629.2,56576.2,14897.6,13666.2,0.0,82686.1,0.0,18748.7,84430.7,20767.4,106303.3,105560.9,128652.3,150315.3,148
3299.8,153846.0,33991.0,33717.0,43069.0,43069.0,67629.2,56576.2,14897.6,13666.2,0.0,82686.1,0.0,18756.7,84430.7,20775.6,106311.5,105552.8,128652.3,150315.3,148
3300.8,153846.0,33991.0,33717.0,43069.0,43069.0,67629.2,56576.2,14897.6,13666.2,0.0,82686.1,0.0,18765.7,84432.1,20786.3,106323.6,105542.1,128652.3,150315.3,148
3301.8,153846.0,33991.0,33717.0,43069.0,43069.0,67629.2,56576.2,14897.6,13666.2,0.0,82768.0,0.0,18661.5,84514.4,20673.6,106293.3,105654.8,128652.3,150397.1,148
3302.8,153846.0,33991.0,33717.0,43069.0,43069.0,67630.8,56577.9,14899.3,13667.9,0.0,82768.1,0.0,18670.7,84514.1,20703.9,106323.2,105624.5,128652.3,150398.9,148
3303.8,153846.0,33991.0,33717.0,43069.0,43069.0,67631.2,56578.2,14899.6,13668.2,0.0,82768.1,0.0,18681.3,84514.3,20692.6,106312.1,105635.8,128652.3,150399.3,148
3304.8,153846.0,33991.0,33717.0,43069.0,43069.0,67631.2,56578.2,14899.6,13668.2,0.0,82768.1,0.0,18687.6,84513.0,20691.2,106309.4,105637.2,128652.3,150399.3,148
3305.8,153846.0,33991.0,33717.0,43069.0,43069.0,67631.2,56578.2,14899.6,13668.2,0.0,82768.1,0.0,18697.7,84513.0,20703.3,106321.5,105625.1,128652.3,150399.3,148
3306.8,153846.0,33991.0,33717.0,43069.0,43069.0,67631.2,56578.2,14899.6,13668.2,0.0,82849.2,0.0,18660.9,84596.3,20665.5,106367.0,105662.9,128652.3,150480.3,148
3307.8,153846.0,33991.0,33717.0,43069.0,43069.0,67631.2,56578.2,14899.6,13668.2,0.0,82849.2,0.0,18670.7,84596.7,20672.4,106374.4,105656.0,128652.3,150480.4,148
3308.8,153846.0,33991.0,33717.0,43069.0,43069.0,67631.2,56578.2,14899.6,13668.2,0.0,82849.2,0.0,18681.1,84596.7,20680.0,106381.9,105648.4,128652.3,150480.4,148
3309.8,153846.0,33991.0,33717.0,43069.0,43069.0,67631.2,56578.2,14899.6,13668.2,0.0,82849.3,0.0,18692.7,84596.8,20690.5,106392.5,105637.9,128652.3,150480.4,148
3310.8,153846.0,33991.0,33717.0,43069.0,43069.0,67631.2,56578.3,14899.6,13668.3,0.0,82866.9,0.0,18704.2,84616.5,20710.1,106431.8,105618.3,128652.3,150498.1,148
3311.8,153846.0,33991.0,33717.0,43069.0,43069.0,67631.2,56578.3,14899.6,13668.3,0.0,82866.9,0.0,18715.4,84615.0,20712.7,106432.9,105615.7,128652.3,150498.2,148
3312.8,153846.0,33991.0,33717.0,43069.0,43069.0,67631.2,56578.3,14899.6,13668.3,0.0,82866.9,0.0,18727.2,84615.0,20723.9,106444.1,105604.5,128652.3,150498.2,148
3313.8,153846.0,33991.0,33717.0,43069.0,43069.0,67631.2,56578.3,14899.6,13668.3,0.0,82866.9,0.0,18739.6,84615.0,20737.3,106457.5,105591.1,128652.3,150498.2,148
3314.8,153846.0,33991.0,33717.0,43069.0,43069.0,67631.2,56578.3,14899.6,13668.3,0.0,82867.0,0.0,18747.8,84615.0,20745.3,106465.5,105583.1,128652.3,150498.2,148
3315.8,153846.0,33991.0,33717.0,43069.0,43069.0,67631.2,56578.3,14899.7,13668.3,0.0,82867.3,0.0,18758.4,84615.3,20759.5,106480.0,105568.9,128652.3,150498.5,148
3316.8,153846.0,33991.0,33717.0,43069.0,43069.0,67631.2,56578.3,14899.7,13668.3,0.0,82867.4,0.0,18769.7,84615.4,20772.1,106492.7,105556.3,128652.3,150498.6,148
3317.8,153846.0,33991.0,33717.0,43069.0,43069.0,67631.2,56578.3,14899.7,13668.3,0.0,82867.4,0.0,18781.4,84615.5,20783.6,106504.3,105544.8,128652.3,150498.6,148
3318.8,153846.0,33991.0,33717.0,43069.0,43069.0,67631.2,56578.3,14899.7,13668.3,0.0,82867.4,0.0,18793.3,84615.4,20794.9,106515.5,105533.5,128652.3,150498.7,148
3319.8,153846.0,33991.0,33717.0,43069.0,43069.0,67631.2,56578.3,14899.7,13668.3,0.0,82867.4,0.0,18805.4,84615.4,20808.1,106528.8,105520.3,128652.3,150498.7,148
3320.8,153846.0,33991.0,33717.0,43069.0,43069.0,67631.2,56578.3,14899.7,13668.3,0.0,82867.4,0.0,18815.9,84615.5,20818.4,106539.0,105510.0,128652.3,150498.7,148
3321.8,153846.0,33991.0,33717.0,43069.0,43069.0,67631.4,56578.4,14899.8,13668.4,0.0,82867.7,0.0,18826.8,84615.8,20827.2,106548.2,105501.2,128652.3,150499.1,148
3322.8,153846.0,33991.0,33717.0,43069.0,43069.0,67631.4,56578.4,14899.8,13668.4,0.0,82867.7,0.0,18838.7,84616.4,20863.6,106585.3,105464.8,128652.3,150499.1,148
3323.8,153846.0,33991.0,33717.0,43069.0,43069.0,67631.4,56578.5,14899.8,13668.4,0.0,82931.7,0.0,18785.7,84682.0,20783.1,106570.3,105545.3,128652.3,150563.1,148
3324.8,153846.0,33991.0,33717.0,43069.0,43069.0,67631.4,56578.5,14899.8,13668.4,0.0,82931.7,0.0,18793.7,84685.3,20872.4,106662.9,105456.0,128652.3,150563.1,148
3325.8,153846.0,33991.0,33717.0,43069.0,43069.0,67631.4,56578.5,14899.8,13668.5,0.0,82931.8,0.0,18802.7,84681.3,20805.6,106592.1,105522.8,128652.3,150563.2,148
3326.8,153846.0,33991.0,33717.0,43069.0,43069.0,67631.4,56578.5,14899.8,13668.5,0.0,82931.8,0.0,18813.7,84682.1,20826.3,106613.6,105502.1,128652.3,150563.2,148
3327.8,153846.0,33991.0,33717.0,43069.0,43069.0,67631.4,56578.5,14899.8,13668.5,0.0,82995.8,0.0,18759.9,84747.6,20775.0,106627.9,105553.4,128652.3,150627.2,148
3328.9,153846.0,33991.0,33717.0,43069.0,43069.0,67631.4,56578.5,14899.8,13668.5,0.0,82995.8,0.0,18769.4,84748.4,20782.8,106636.4,105545.6,128652.3,150627.2,148
3329.9,153846.0,33991.0,33717.0,43069.0,43069.0,67631.4,56578.5,14899.8,13668.5,0.0,82995.8,0.0,18776.8,84748.3,20798.3,106651.8,105530.1,128652.3,150627.2,148
3330.9,153846.0,33991.0,33717.0,43069.0,43069.0,67611.6,56558.6,14880.0,13648.6,0.0,82995.8,0.0,18799.1,84752.9,20830.6,106688.7,105497.8,128652.3,150607.4,148
3331.9,153846.0,33991.0,33717.0,43069.0,43069.0,67611.6,56558.6,14880.0,13648.6,0.0,82995.9,0.0,18774.9,84748.1,20797.6,106651.0,105530.8,128652.3,150607.5,148
3332.9,153846.0,33991.0,33717.0,43069.0,43069.0,67611.6,56558.6,14880.0,13648.6,0.0,82996.0,0.0,18783.2,84748.2,20802.7,106656.1,105525.7,128652.3,150607.6,148
3333.9,153846.0,33991.0,33717.0,43069.0,43069.0,67611.6,56558.6,14880.0,13648.6,0.0,83033.8,0.0,18728.3,84787.1,20748.3,106640.6,105580.1,128652.3,150645.4,148
3334.9,153846.0,33991.0,33717.0,43069.0,43069.0,67611.6,56558.6,14880.0,13648.6,0.0,83033.8,0.0,18735.8,84787.2,20759.5,106651.9,105568.9,128652.3,150645.4,148
3335.9,153846.0,33991.0,33717.0,43069.0,43069.0,67740.8,56687.9,15009.3,13777.9,0.0,83033.8,0.0,18870.6,84794.8,20913.8,106813.8,105414.6,128652.3,150774.6,148
3336.9,153846.0,33991.0,33717.0,43069.0,43069.0,67677.6,56624.6,14946.0,13714.6,0.0,83033.8,0.0,18816.0,84788.7,20848.1,106742.0,105480.3,128652.3,150711.4,148
3337.9,153846.0,33991.0,33717.0,43069.0,43069.0,67677.6,56624.6,14946.0,13714.6,0.0,83033.8,0.0,18825.2,84788.4,20852.8,106746.4,105475.6,128652.3,150711.4,148
3338.9,153846.0,33991.0,33717.0,43069.0,43069.0,67677.6,56624.6,14946.0,13714.6,0.0,83033.9,0.0,18832.7,84788.4,20863.4,106757.1,105464.9,128652.3,150711.5,148
3339.9,153846.0,33991.0,33717.0,43069.0,43069.0,67677.6,56624.6,14946.0,13714.6,0.0,83034.0,0.0,18841.3,84788.1,20869.7,106763.0,105458.6,128652.3,150711.6,148
3340.9,153846.0,33991.0,33717.0,43069.0,43069.0,67677.6,56624.6,14946.0,13714.6,0.0,83196.8,0.0,18660.8,84955.2,20687.4,106747.8,105641.0,128652.3,150874.4,148
3341.9,153846.0,33991.0,33717.0,43069.0,43069.0,67677.6,56624.6,14946.0,13714.6,0.0,83196.9,0.0,18668.7,84955.2,20697.6,106758.0,105630.8,128652.3,150874.4,148
3342.9,153846.0,33991.0,33717.0,43069.0,43069.0,67677.6,56624.6,14946.0,13714.6,0.0,83196.9,0.0,18675.7,84955.0,20707.9,106768.1,105620.4,128652.3,150874.5,148
3343.9,153846.0,33991.0,33717.0,43069.0,43069.0,67677.6,56624.6,14946.0,13714.6,0.0,83196.9,0.0,18683.2,84955.0,20715.6,106775.8,105612.8,128652.3,150874.5,148
3344.9,153846.0,33991.0,33717.0,43069.0,43069.0,67677.6,56624.6,14946.0,13714.6,0.0,83196.9,0.0,18691.0,84955.0,20723.6,106783.9,105604.7,128652.3,150874.5,148
3345.9,153846.0,33991.0,33717.0,43069.0,43069.0,67677.7,56624.7,14946.1,13714.7,0.0,83260.8,0.0,18634.3,85020.7,20663.4,106789.4,105664.9,128652.3,150938.5,148
3346.9,153846.0,33991.0,33717.0,43069.0,43069.0,67677.7,56624.7,14946.1,13714.7,0.0,83260.8,0.0,18640.7,85020.8,20669.9,106795.9,105658.4,128652.3,150938.5,148
3347.9,153846.0,33991.0,33717.0,43069.0,43069.0,67677.7,56624.7,14946.1,13714.7,0.0,83260.8,0.0,18678.2,85020.7,20701.7,106827.7,105626.6,128652.3,150938.5,148
3348.9,153846.0,33991.0,33717.0,43069.0,43069.0,67677.7,56624.7,14946.1,13714.7,0.0,83260.9,0.0,18686.7,85020.8,20706.0,106832.0,105622.4,128652.3,150938.5,148
3349.9,153846.0,33991.0,33717.0,43069.0,43069.0,67677.7,56624.7,14946.1,13714.7,0.0,83260.9,0.0,18694.4,85020.8,20712.8,106838.9,105615.5,128652.3,150938.5,148
3350.9,153846.0,33991.0,33717.0,43069.0,43069.0,67677.7,56624.7,14946.1,13714.7,0.0,83260.9,0.0,18702.6,85020.8,20720.1,106846.1,105608.2,128652.3,150938.5,148
3351.9,153846.0,33991.0,33717.0,43069.0,43069.0,67677.7,56624.7,14946.1,13714.7,0.0,83260.9,0.0,18710.9,85020.8,20728.0,106854.1,105600.3,128652.3,150938.5,148
3352.9,153846.0,33991.0,33717.0,43069.0,43069.0,67677.7,56624.7,14946.1,13714.7,0.0,83260.9,0.0,18719.7,85020.8,20735.9,106861.9,105592.4,128652.3,150938.5,148
3353.9,153846.0,33991.0,33717.0,43069.0,43069.0,67677.7,56624.7,14946.1,13714.7,0.0,83260.9,0.0,18728.2,85020.8,20743.8,106869.9,105584.5,128652.3,150938.6,148
3354.9,153846.0,33991.0,33717.0,43069.0,43069.0,67677.7,56624.7,14946.1,13714.7,0.0,83260.9,0.0,18735.9,85020.8,20752.1,106878.1,105576.2,128652.3,150938.6,148
3355.9,153846.0,33991.0,33717.0,43069.0,43069.0,67677.7,56624.7,14946.1,13714.7,0.0,83261.0,0.0,18744.4,85020.9,20761.0,106887.2,105567.4,128652.3,150938.7,148
3356.9,153846.0,33991.0,33717.0,43069.0,43069.0,67677.7,56624.7,14946.1,13714.7,0.0,83261.0,0.0,18752.2,85020.9,20766.1,106892.3,105562.2,128652.3,150938.7,148
3357.9,153846.0,33991.0,33717.0,43069.0,43069.0,67703.9,56651.0,14972.4,13741.0,0.0,83261.0,0.0,18787.1,85022.2,20793.4,106921.0,105534.9,128652.3,150965.0,148
3358.9,153846.0,33991.0,33717.0,43069.0,43069.0,67703.9,56651.0,14972.3,13741.0,0.0,83261.0,0.0,18793.0,85021.0,20803.6,106929.9,105524.7,128652.3,150965.0,148
3359.9,153846.0,33991.0,33717.0,43069.0,43069.0,67703.9,56651.0,14972.3,13741.0,0.0,83261.0,0.0,18801.6,85021.0,20812.9,106939.2,105515.4,128652.3,150965.0,148
3360.9,153846.0,33991.0,33717.0,43069.0,43069.0,67703.9,56651.0,14972.3,13741.0,0.0,83261.0,0.0,18810.1,85021.0,20814.3,106940.6,105514.0,128652.3,150965.0,148
3361.9,153846.0,33991.0,33717.0,43069.0,43069.0,67703.9,56651.0,14972.3,13741.0,0.0,83261.0,0.0,18819.4,85021.0,20821.6,106948.0,105506.7,128652.3,150965.0,148
3362.9,153846.0,33991.0,33717.0,43069.0,43069.0,67703.9,56651.0,14972.3,13741.0,0.0,83261.0,0.0,18828.4,85021.0,20827.0,106953.3,105501.3,128652.3,150965.0,148
3363.9,153846.0,33991.0,33717.0,43069.0,43069.0,67703.9,56651.0,14972.4,13741.0,0.0,83261.0,0.0,18836.9,85021.0,20836.1,106962.4,105492.2,128652.3,150965.0,148
3364.9,153846.0,33991.0,33717.0,43069.0,43069.0,67703.9,56651.0,14972.4,13741.0,0.0,83311.0,0.0,18798.1,85072.3,20797.0,106974.6,105531.3,128652.3,151014.9,148
3365.9,153846.0,33991.0,33717.0,43069.0,43069.0,67703.9,56651.0,14972.4,13741.0,0.0,83311.0,0.0,18806.1,85072.3,20805.0,106982.6,105523.3,128652.3,151014.9,148
3366.9,153846.0,33991.0,33717.0,43069.0,43069.0,67703.9,56651.0,14972.4,13741.0,0.0,83311.0,0.0,18813.1,85072.3,20811.8,106989.4,105516.5,128652.3,151014.9,148
3367.9,153846.0,33991.0,33717.0,43069.0,43069.0,67703.9,56651.0,14972.4,13741.0,0.0,83311.0,0.0,18822.0,85072.3,20818.9,106996.5,105509.4,128652.3,151015.0,148
3368.9,153846.0,33991.0,33717.0,43069.0,43069.0,67703.9,56651.0,14972.4,13741.0,0.0,83311.0,0.0,18831.5,85072.3,20828.3,107006.0,105500.0,128652.3,151015.0,148
3369.9,153846.0,33991.0,33717.0,43069.0,43069.0,67703.9,56651.0,14972.4,13741.0,0.0,83311.0,0.0,18841.1,85072.3,20835.7,107013.3,105492.6,128652.3,151015.0,148
3370.9,153846.0,33991.0,33717.0,43069.0,43069.0,67703.9,56651.0,14972.4,13741.0,0.0,83311.0,0.0,18850.9,85072.4,20846.8,107024.5,105481.5,128652.3,151015.0,148
3371.9,153846.0,33991.0,33717.0,43069.0,43069.0,67703.9,56651.0,14972.4,13741.0,0.0,83311.0,0.0,18860.5,85072.4,20853.4,107031.1,105474.9,128652.3,151015.0,148
3372.9,153846.0,33991.0,33717.0,43069.0,43069.0,67703.9,56651.0,14972.4,13741.0,0.0,83311.0,0.0,18869.9,85072.6,20870.8,107048.7,105457.5,128652.3,151015.0,148
3373.9,153846.0,33991.0,33717.0,43069.0,43069.0,67703.9,56651.0,14972.4,13741.0,0.0,83311.0,0.0,18878.4,85072.6,20878.7,107056.6,105449.6,128652.3,151015.0,148
3374.9,153846.0,33991.0,33717.0,43069.0,43069.0,67703.9,56651.0,14972.4,13741.0,0.0,83311.0,0.0,18888.6,85072.6,20888.3,107066.2,105440.0,128652.3,151015.0,148
3375.9,153846.0,33991.0,33717.0,43069.0,43069.0,67703.9,56651.0,14972.4,13741.0,0.0,83311.2,0.0,18901.3,85072.8,20903.3,107081.4,105425.0,128652.3,151015.2,148
3376.9,153846.0,33991.0,33717.0,43069.0,43069.0,67703.9,56651.0,14972.4,13741.0,0.0,83311.2,0.0,18909.8,85072.8,20911.9,107090.0,105416.4,128652.3,151015.2,148
3377.9,153846.0,33991.0,33717.0,43069.0,43069.0,67703.9,56651.0,14972.4,13741.0,0.0,83311.2,0.0,18919.8,85072.7,20920.6,107098.7,105407.7,128652.3,151015.2,148
3378.9,153846.0,33991.0,33717.0,43069.0,43069.0,67703.9,56651.0,14972.4,13741.0,0.0,83311.2,0.0,18929.6,85072.7,20928.0,107106.0,105400.3,128652.3,151015.2,148
3379.9,153846.0,33991.0,33717.0,43069.0,43069.0,67703.9,56651.0,14972.4,13741.0,0.0,83311.2,0.0,18940.3,85072.8,20939.1,107117.2,105389.1,128652.3,151015.2,148
3380.9,153846.0,33991.0,33717.0,43069.0,43069.0,67703.9,56651.0,14972.4,13741.0,0.0,83311.2,0.0,18950.2,85073.8,20958.1,107137.2,105370.2,128652.3,151015.2,148
3381.9,153846.0,33991.0,33717.0,43069.0,43069.0,67708.3,56655.3,14976.7,13745.3,0.0,83311.2,0.0,18963.9,85073.2,20963.7,107142.2,105364.6,128652.3,151019.5,148
3382.9,153846.0,33991.0,33717.0,43069.0,43069.0,67708.3,56655.3,14976.7,13745.3,0.0,83355.3,0.0,18974.0,85117.9,20970.8,107194.0,105357.4,128652.3,151063.5,148
3383.9,153846.0,33991.0,33717.0,43069.0,43069.0,67708.3,56655.3,14976.7,13745.3,0.0,83355.3,0.0,18983.8,85117.8,20979.5,107202.7,105348.7,128652.3,151063.5,148
3384.9,153846.0,33991.0,33717.0,43069.0,43069.0,67708.3,56655.3,14976.7,13745.3,0.0,83355.3,0.0,18993.6,85117.8,20989.3,107212.5,105338.9,128652.3,151063.5,148
3385.9,153846.0,33991.0,33717.0,43069.0,43069.0,67708.3,56655.3,14976.7,13745.3,0.0,83355.3,0.0,19002.7,85117.9,20999.4,107222.6,105328.9,128652.3,151063.6,148
3386.9,153846.0,33991.0,33717.0,43069.0,43069.0,67708.3,56655.3,14976.7,13745.3,0.0,83355.3,0.0,19010.4,85117.9,21007.7,107230.9,105320.5,128652.3,151063.6,148
3387.9,153846.0,33991.0,33717.0,43069.0,43069.0,67708.3,56655.3,14976.7,13745.3,0.0,83355.3,0.0,19021.4,85117.9,21019.8,107243.0,105308.4,128652.3,151063.6,148
3388.9,153846.0,33991.0,33717.0,43069.0,43069.0,67708.3,56655.3,14976.7,13745.3,0.0,83355.3,0.0,19028.5,85117.9,21026.0,107249.2,105302.3,128652.3,151063.6,148
3389.9,153846.0,33991.0,33717.0,43069.0,43069.0,67708.3,56655.3,14976.7,13745.3,0.0,83355.3,0.0,19041.0,85117.9,21039.7,107262.9,105288.5,128652.3,151063.6,148
3390.9,153846.0,33991.0,33717.0,43069.0,43069.0,67708.3,56655.3,14976.7,13745.3,0.0,83355.3,0.0,19049.7,85117.9,21050.0,107273.2,105278.3,128652.3,151063.6,148
3391.9,153846.0,33991.0,33717.0,43069.0,43069.0,67708.3,56655.3,14976.7,13745.3,0.0,83355.4,0.0,19059.5,85118.0,21059.2,107282.5,105269.1,128652.3,151063.7,148
3392.9,153846.0,33991.0,33717.0,43069.0,43069.0,67708.3,56655.3,14976.7,13745.3,0.0,83355.5,0.0,19070.0,85118.0,21067.6,107290.9,105260.7,128652.3,151063.7,148
3393.9,153846.0,33991.0,33717.0,43069.0,43069.0,67708.3,56655.3,14976.7,13745.3,0.0,83355.5,0.0,19081.2,85118.0,21075.6,107298.9,105252.7,128652.3,151063.7,148
3394.9,153846.0,33991.0,33717.0,43069.0,43069.0,67708.3,56655.3,14976.7,13745.3,0.0,83355.5,0.0,19091.9,85118.0,21085.8,107309.1,105242.5,128652.3,151063.7,148
3395.9,153846.0,33991.0,33717.0,43069.0,43069.0,67708.3,56655.3,14976.7,13745.3,0.0,83355.5,0.0,19101.3,85118.0,21096.2,107319.5,105232.1,128652.3,151063.7,148
3396.9,153846.0,33991.0,33717.0,43069.0,43069.0,67708.3,56655.3,14976.7,13745.3,0.0,83355.5,0.0,19111.3,85118.0,21103.8,107327.1,105224.5,128652.3,151063.7,148
3397.9,153846.0,33991.0,33717.0,43069.0,43069.0,67708.3,56655.3,14976.7,13745.3,0.0,83355.5,0.0,19120.5,85118.0,21109.6,107333.0,105218.7,128652.3,151063.8,148
3398.9,153846.0,33991.0,33717.0,43069.0,43069.0,67708.3,56655.3,14976.7,13745.3,0.0,83355.5,0.0,19129.6,85118.1,21118.7,107342.1,105209.6,128652.3,151063.8,148
3399.9,153846.0,33991.0,33717.0,43069.0,43069.0,67708.3,56655.3,14976.7,13745.3,0.0,83355.5,0.0,19136.7,85118.1,21127.2,107350.6,105201.0,128652.3,151063.8,148
3400.9,153846.0,33991.0,33717.0,43069.0,43069.0,67708.3,56655.3,14976.7,13745.3,0.0,83355.5,0.0,19145.0,85118.1,21134.2,107357.6,105194.0,128652.3,151063.8,148
3401.9,153846.0,33991.0,33717.0,43069.0,43069.0,67708.3,56655.3,14976.7,13745.3,0.0,83355.5,0.0,19153.7,85118.1,21139.7,107363.1,105188.5,128652.3,151063.8,148
3402.9,153846.0,33991.0,33717.0,43069.0,43069.0,67708.3,56655.3,14976.7,13745.3,0.0,83355.5,0.0,19162.4,85118.1,21148.0,107371.5,105180.2,128652.3,151063.8,148
3403.9,153846.0,33991.0,33717.0,43069.0,43069.0,67708.3,56655.3,14976.7,13745.3,0.0,83355.5,0.0,19169.8,85118.5,21157.6,107381.4,105170.7,128652.3,151063.8,148
3404.9,153846.0,33991.0,33717.0,43069.0,43069.0,67708.3,56655.3,14976.7,13745.3,0.0,83355.5,0.0,19179.4,85119.7,21166.5,107391.5,105161.7,128652.3,151063.8,148
3405.9,153846.0,33991.0,33717.0,43069.0,43069.0,67708.3,56655.3,14976.7,13745.3,0.0,83390.7,0.0,19189.9,85155.8,21175.1,107436.3,105153.1,128652.3,151099.0,148
3406.9,153846.0,33991.0,33717.0,43069.0,43069.0,67708.3,56655.3,14976.7,13745.3,0.0,83390.7,0.0,19200.2,85156.1,21187.6,107449.0,105140.6,128652.3,151099.0,148
3407.9,153846.0,33991.0,33717.0,43069.0,43069.0,67708.3,56655.3,14976.7,13745.3,0.0,83391.4,0.0,19207.3,85156.4,21194.1,107455.8,105134.1,128652.3,151099.7,148
3408.9,153846.0,33991.0,33717.0,43069.0,43069.0,67708.3,56655.3,14976.7,13745.3,0.0,83391.4,0.0,19216.2,85156.4,21203.5,107465.3,105124.7,128652.3,151099.7,148
3409.9,153846.0,33991.0,33717.0,43069.0,43069.0,67708.3,56655.3,14976.7,13745.3,0.0,83391.4,0.0,19225.6,85156.4,21212.0,107473.8,105116.2,128652.3,151099.7,148
3410.9,153846.0,33991.0,33717.0,43069.0,43069.0,67708.3,56655.3,14976.7,13745.3,0.0,83391.4,0.0,19234.7,85155.7,21218.4,107479.5,105109.8,128652.3,151099.7,148
3411.9,153846.0,33991.0,33717.0,43069.0,43069.0,67708.3,56655.3,14976.7,13745.3,0.0,83391.5,0.0,19242.4,85155.8,21228.2,107489.4,105100.0,128652.3,151099.8,148
3412.9,153846.0,33991.0,33717.0,43069.0,43069.0,67708.3,56655.3,14976.7,13745.3,0.0,83391.5,0.0,19251.5,85155.6,21235.9,107496.9,105092.3,128652.3,151099.8,148
3413.9,153846.0,33991.0,33717.0,43069.0,43069.0,67708.3,56655.3,14976.7,13745.3,0.0,83391.5,0.0,19260.0,85155.6,21247.4,107508.4,105080.8,128652.3,151099.8,148
3414.9,153846.0,33991.0,33717.0,43069.0,43069.0,67708.3,56655.3,14976.7,13745.3,0.0,83391.6,0.0,19269.3,85155.6,21255.1,107516.1,105073.1,128652.3,151099.8,148
3415.9,153846.0,33991.0,33717.0,43069.0,43069.0,67708.3,56655.3,14976.7,13745.3,0.0,83391.6,0.0,19278.0,85155.7,21265.8,107526.9,105062.4,128652.3,151099.9,148
3416.9,153846.0,33991.0,33717.0,43069.0,43069.0,67708.3,56655.3,14976.7,13745.3,0.0,83391.6,0.0,19284.8,85155.7,21273.1,107534.2,105055.1,128652.3,151099.9,148
3417.9,153846.0,33991.0,33717.0,43069.0,43069.0,67708.3,56655.3,14976.7,13745.3,0.0,83391.6,0.0,19295.2,85156.0,21278.9,107540.3,105049.3,128652.3,151099.9,148
3418.9,153846.0,33991.0,33717.0,43069.0,43069.0,67708.3,56655.3,14976.7,13745.3,0.0,83391.6,0.0,19305.6,85156.0,21290.2,107551.6,105038.0,128652.3,151099.9,148
3419.9,153846.0,33991.0,33717.0,43069.0,43069.0,67708.3,56655.3,14976.7,13745.3,0.0,83391.6,0.0,19319.0,85156.0,21306.0,107567.5,105022.2,128652.3,151099.9,148
3420.9,153846.0,33991.0,33717.0,43069.0,43069.0,67708.3,56655.3,14976.7,13745.3,0.0,83391.6,0.0,19329.8,85156.0,21321.6,107583.0,105006.6,128652.3,151099.9,148
3421.9,153846.0,33991.0,33717.0,43069.0,43069.0,67708.3,56655.3,14976.7,13745.3,0.0,83391.6,0.0,19339.7,85156.0,21332.3,107593.7,104995.9,128652.3,151099.9,148
3422.9,153846.0,33991.0,33717.0,43069.0,43069.0,67708.3,56655.3,14976.7,13745.3,0.0,83391.6,0.0,19350.4,85156.1,21342.7,107604.1,104985.5,128652.3,151099.9,148
3423.9,153846.0,33991.0,33717.0,43069.0,43069.0,67708.3,56655.3,14976.7,13745.3,0.0,83391.6,0.0,19360.3,85155.4,21354.3,107615.0,104973.9,128652.3,151099.9,148
3424.9,153846.0,33991.0,33717.0,43069.0,43069.0,67708.3,56655.3,14976.7,13745.3,0.0,83391.6,0.0,19370.8,85155.4,21364.0,107624.8,104964.2,128652.3,151099.9,148
3425.9,153846.0,33991.0,33717.0,43069.0,43069.0,67708.3,56655.3,14976.7,13745.3,0.0,83391.6,0.0,19380.8,85155.4,21374.8,107635.5,104953.4,128652.3,151099.9,148
3426.9,153846.0,33991.0,33717.0,43069.0,43069.0,67708.3,56655.3,14976.7,13745.3,0.0,83391.7,0.0,19390.5,85155.4,21381.2,107642.0,104947.0,128652.3,151099.9,148
3427.9,153846.0,33991.0,33717.0,43069.0,43069.0,67708.3,56655.3,14976.7,13745.3,0.0,83391.7,0.0,19400.1,85154.9,21394.4,107654.7,104933.8,128652.3,151099.9,148
3428.9,153846.0,33991.0,33717.0,43069.0,43069.0,67708.3,56655.3,14976.7,13745.3,0.0,83391.7,0.0,19409.2,85154.8,21400.9,107661.1,104927.4,128652.3,151099.9,148
3429.9,153846.0,33991.0,33717.0,43069.0,43069.0,67708.3,56655.3,14976.7,13745.3,0.0,83391.8,0.0,19420.3,85154.9,21410.9,107671.2,104917.3,128652.3,151100.1,148
3430.9,153846.0,33991.0,33717.0,43069.0,43069.0,67708.3,56655.3,14976.7,13745.3,0.0,83391.8,0.0,19430.9,85154.9,21413.6,107673.9,104914.6,128652.3,151100.1,148
3431.9,153846.0,33991.0,33717.0,43069.0,43069.0,67708.4,56655.3,14976.7,13745.3,0.0,83391.8,0.0,19440.3,85156.5,21425.6,107687.5,104902.6,128652.3,151100.2,148
3432.9,153846.0,33991.0,33717.0,43069.0,43069.0,67708.4,56655.3,14976.7,13745.3,0.0,83391.8,0.0,19451.2,85154.9,21432.2,107692.6,104896.0,128652.3,151100.2,148
3433.9,153846.0,33991.0,33717.0,43069.0,43069.0,67708.4,56655.3,14976.7,13745.3,0.0,83391.8,0.0,19462.2,85154.9,21443.2,107703.5,104885.0,128652.3,151100.2,148
3434.9,153846.0,33991.0,33717.0,43069.0,43069.0,67708.4,56655.3,14976.7,13745.3,0.0,83391.8,0.0,19473.0,85154.9,21454.8,107715.1,104873.4,128652.3,151100.2,148
3435.9,153846.0,33991.0,33717.0,43069.0,43069.0,67708.4,56655.3,14976.7,13745.3,0.0,83391.8,0.0,19483.2,85155.1,21465.0,107725.6,104863.2,128652.3,151100.2,148
3436.9,153846.0,33991.0,33717.0,43069.0,43069.0,67708.4,56655.3,14976.7,13745.3,0.0,83391.8,0.0,19493.7,85155.1,21475.0,107735.5,104853.2,128652.3,151100.2,148
3437.9,153846.0,33991.0,33717.0,43069.0,43069.0,67708.4,56655.3,14976.7,13745.3,0.0,83391.8,0.0,19506.6,85155.1,21487.0,107747.5,104841.2,128652.3,151100.2,148
3438.9,153846.0,33991.0,33717.0,43069.0,43069.0,67708.4,56655.3,14976.7,13745.3,0.0,83391.9,0.0,19515.3,85155.2,21495.2,107755.7,104833.0,128652.3,151100.3,148
3439.9,153846.0,33991.0,33717.0,43069.0,43069.0,67708.4,56655.3,14976.7,13745.3,0.0,83392.0,0.0,19525.5,85155.7,21501.1,107762.2,104827.1,128652.3,151100.4,148
3440.9,153846.0,33991.0,33717.0,43069.0,43069.0,67708.4,56655.3,14976.7,13745.3,0.0,83392.0,0.0,19536.1,85155.7,21512.8,107773.9,104815.4,128652.3,151100.4,148
3441.9,153846.0,33991.0,33717.0,43069.0,43069.0,67708.4,56655.3,14976.7,13745.3,0.0,83392.0,0.0,19545.0,85155.7,21523.2,107784.3,104805.0,128652.3,151100.4,148
3442.9,153846.0,33991.0,33717.0,43069.0,43069.0,67708.4,56655.3,14976.7,13745.3,0.0,83392.0,0.0,19555.0,85155.7,21534.2,107795.3,104794.0,128652.3,151100.4,148
3443.9,153846.0,33991.0,33717.0,43069.0,43069.0,67708.4,56655.3,14976.7,13745.3,0.0,83392.0,0.0,19565.1,85155.8,21544.7,107805.9,104783.5,128652.3,151100.4,148
3444.9,153846.0,33991.0,33717.0,43069.0,43069.0,67708.4,56655.3,14976.7,13745.3,0.0,83392.0,0.0,19575.8,85155.8,21560.9,107822.1,104767.3,128652.3,151100.4,148
3445.9,153846.0,33991.0,33717.0,43069.0,43069.0,67708.4,56655.3,14976.7,13745.3,0.0,83392.0,0.0,19585.4,85155.8,21572.8,107834.0,104755.3,128652.3,151100.4,148
3446.9,153846.0,33991.0,33717.0,43069.0,43069.0,67708.4,56655.3,14976.7,13745.3,0.0,83392.0,0.0,19596.3,85155.7,21576.9,107838.0,104751.3,128652.3,151100.4,148
3447.9,153846.0,33991.0,33717.0,43069.0,43069.0,67708.4,56655.3,14976.7,13745.3,0.0,83392.1,0.0,19608.9,85155.9,21589.6,107850.9,104738.5,128652.3,151100.5,148
3448.9,153846.0,33991.0,33717.0,43069.0,43069.0,67708.4,56655.3,14976.7,13745.3,0.0,83392.2,0.0,19617.7,85155.9,21596.2,107857.5,104731.9,128652.3,151100.6,148
3449.9,153846.0,33991.0,33717.0,43069.0,43069.0,67708.4,56655.3,14976.7,13745.3,0.0,83392.2,0.0,19627.1,85156.3,21607.3,107868.9,104720.9,128652.3,151100.6,148
3450.9,153846.0,33991.0,33717.0,43069.0,43069.0,67708.4,56655.3,14976.7,13745.3,0.0,83392.2,0.0,19637.5,85156.3,21617.9,107879.5,104710.3,128652.3,151100.6,148
3451.9,153846.0,33991.0,33717.0,43069.0,43069.0,67708.4,56655.3,14976.7,13745.3,0.0,83392.2,0.0,19648.1,85156.0,21628.3,107889.7,104699.9,128652.3,151100.6,148
3452.9,153846.0,33991.0,33717.0,43069.0,43069.0,67708.4,56655.3,14976.7,13745.3,0.0,83392.2,0.0,19655.5,85155.6,21636.6,107897.6,104691.6,128652.3,151100.6,148
3453.9,153846.0,33991.0,33717.0,43069.0,43069.0,67708.4,56655.3,14976.7,13745.3,0.0,83392.2,0.0,19666.4,85155.6,21648.1,107909.1,104680.0,128652.3,151100.6,148
3454.9,153846.0,33991.0,33717.0,43069.0,43069.0,67708.4,56655.3,14976.7,13745.3,0.0,83392.2,0.0,19677.4,85156.0,21657.5,107919.0,104670.6,128652.3,151100.6,148
3455.9,153846.0,33991.0,33717.0,43069.0,43069.0,67708.4,56655.3,14976.7,13745.3,0.0,83392.2,0.0,19689.7,85156.0,21668.8,107930.3,104659.4,128652.3,151100.6,148
3456.9,153846.0,33991.0,33717.0,43069.0,43069.0,67708.4,56655.3,14976.7,13745.3,0.0,83392.2,0.0,19697.7,85155.8,21671.6,107932.9,104656.6,128652.3,151100.6,148
3457.9,153846.0,33991.0,33717.0,43069.0,43069.0,67708.4,56655.3,14976.7,13745.3,0.0,83392.2,0.0,19708.3,85157.3,21683.3,107946.0,104644.9,128652.3,151100.6,148
3458.9,153846.0,33991.0,33717.0,43069.0,43069.0,67708.4,56655.3,14976.7,13745.3,0.0,83392.2,0.0,19717.6,85156.2,21687.1,107948.7,104641.1,128652.3,151100.6,148
3459.9,153846.0,33991.0,33717.0,43069.0,43069.0,67708.4,56655.3,14976.7,13745.3,0.0,83418.8,0.0,19724.8,85183.1,21696.9,107985.4,104631.2,128652.3,151127.2,148
3460.9,153846.0,33991.0,33717.0,43069.0,43069.0,67708.4,56655.3,14976.7,13745.3,0.0,83418.9,0.0,19733.7,85183.4,21705.3,107994.1,104622.9,128652.3,151127.3,148
3461.9,153846.0,33991.0,33717.0,43069.0,43069.0,67708.4,56655.3,14976.7,13745.3,0.0,83418.9,0.0,19743.7,85183.4,21715.5,108004.3,104612.7,128652.3,151127.3,148
3462.9,153846.0,33991.0,33717.0,43069.0,43069.0,67708.4,56655.3,14976.7,13745.3,0.0,83418.9,0.0,19753.4,85183.4,21725.4,108014.2,104602.7,128652.3,151127.3,148
3463.9,153846.0,33991.0,33717.0,43069.0,43069.0,67708.4,56655.3,14976.7,13745.3,0.0,83635.9,0.0,19642.4,85406.1,21613.8,108125.4,104714.4,128652.3,151344.3,148
3464.9,153846.0,33991.0,33717.0,43069.0,43069.0,67708.4,56655.3,14976.7,13745.3,0.0,83636.4,0.0,19648.3,85406.9,21621.2,108133.5,104707.0,128652.3,151344.8,148
3465.9,153846.0,33991.0,33717.0,43069.0,43069.0,67708.4,56655.3,14976.7,13745.3,0.0,83636.4,0.0,19659.4,85406.9,21633.6,108145.9,104694.6,128652.3,151344.8,148
3466.9,153846.0,33991.0,33717.0,43069.0,43069.0,67708.4,56655.3,14976.7,13745.3,0.0,83636.4,0.0,19669.1,85406.9,21641.7,108154.0,104686.5,128652.3,151344.8,148
3467.9,153846.0,33991.0,33717.0,43069.0,43069.0,67708.4,56655.3,14976.7,13745.3,0.0,83636.4,0.0,19678.8,85406.9,21652.0,108164.3,104676.1,128652.3,151344.8,148
3468.9,153846.0,33991.0,33717.0,43069.0,43069.0,67708.4,56655.3,14976.7,13745.3,0.0,83636.4,0.0,19687.8,85406.9,21661.5,108173.8,104666.7,128652.3,151344.8,148
3469.9,153846.0,33991.0,33717.0,43069.0,43069.0,67708.4,56655.3,14976.7,13745.3,0.0,83636.4,0.0,19696.0,85406.9,21667.7,108180.0,104660.4,128652.3,151344.8,148
3470.9,153846.0,33991.0,33717.0,43069.0,43069.0,67708.4,56655.3,14976.7,13745.3,0.0,83636.4,0.0,19705.5,85406.9,21679.0,108191.3,104649.2,128652.3,151344.8,148
3471.9,153846.0,33991.0,33717.0,43069.0,43069.0,67708.4,56655.3,14976.7,13745.3,0.0,83636.4,0.0,19714.8,85406.9,21689.3,108201.6,104638.9,128652.3,151344.8,148
3472.9,153846.0,33991.0,33717.0,43069.0,43069.0,67708.4,56655.3,14976.7,13745.3,0.0,83636.4,0.0,19724.6,85406.9,21699.1,108211.5,104629.1,128652.3,151344.8,148
3473.9,153846.0,33991.0,33717.0,43069.0,43069.0,67708.4,56655.3,14976.7,13745.3,0.0,83636.4,0.0,19733.4,85407.4,21714.5,108227.3,104613.6,128652.3,151344.8,148
3474.9,153846.0,33991.0,33717.0,43069.0,43069.0,67708.4,56655.3,14976.7,13745.3,0.0,83636.5,0.0,19743.3,85407.4,21722.7,108235.5,104605.4,128652.3,151344.9,148
3475.9,153846.0,33991.0,33717.0,43069.0,43069.0,67708.4,56655.3,14976.7,13745.3,0.0,83636.5,0.0,19752.6,85407.4,21730.3,108243.1,104597.8,128652.3,151344.9,148
3476.9,153846.0,33991.0,33717.0,43069.0,43069.0,67708.4,56655.3,14976.7,13745.3,0.0,83636.5,0.0,19762.7,85407.4,21738.4,108251.2,104589.7,128652.3,151344.9,148
3477.9,153846.0,33991.0,33717.0,43069.0,43069.0,67708.4,56655.3,14976.7,13745.3,0.0,83636.5,0.0,19770.6,85407.4,21746.7,108259.5,104581.5,128652.3,151344.9,148
3478.9,153846.0,33991.0,33717.0,43069.0,43069.0,67708.4,56655.3,14976.7,13745.3,0.0,83636.5,0.0,19782.5,85407.9,21761.7,108275.0,104566.5,128652.3,151344.9,148
3479.9,153846.0,33991.0,33717.0,43069.0,43069.0,67708.4,56655.3,14976.7,13745.3,0.0,83636.5,0.0,19790.6,85407.6,21763.7,108276.8,104564.4,128652.3,151344.9,148
3480.9,153846.0,33991.0,33717.0,43069.0,43069.0,67708.4,56655.3,14976.7,13745.3,0.0,83695.1,0.0,19803.0,85467.7,21777.0,108350.1,104551.1,128652.3,151403.5,148
3481.9,153846.0,33991.0,33717.0,43069.0,43069.0,67708.4,56655.3,14976.7,13745.3,0.0,83855.9,0.0,19682.7,85635.1,21678.9,108419.5,104649.2,128652.3,151564.3,148
3482.9,153846.0,33991.0,33717.0,43069.0,43069.0,67708.4,56655.3,14976.7,13745.3,0.0,83855.9,0.0,19695.5,85633.2,21667.8,108406.4,104660.4,128652.3,151564.3,148
3483.9,153846.0,33991.0,33717.0,43069.0,43069.0,67708.4,56655.3,14976.7,13745.3,0.0,83959.9,0.0,19600.2,85740.1,21572.5,108418.0,104755.7,128652.3,151668.3,148
3484.9,153846.0,33991.0,33717.0,43069.0,43069.0,67708.4,56655.3,14976.7,13745.3,0.0,83960.0,0.0,19611.2,85739.8,21580.2,108425.5,104748.0,128652.3,151668.4,148
3485.9,153846.0,33991.0,33717.0,43069.0,43069.0,67708.4,56655.3,14976.7,13745.3,0.0,83960.0,0.0,19622.1,85739.8,21592.9,108438.2,104735.2,128652.3,151668.4,148
3486.9,153846.0,33991.0,33717.0,43069.0,43069.0,67708.4,56655.3,14976.7,13745.3,0.0,83960.0,0.0,19632.7,85739.8,21602.5,108447.8,104725.6,128652.3,151668.4,148
3487.9,153846.0,33991.0,33717.0,43069.0,43069.0,67708.4,56655.3,14976.7,13745.3,0.0,83960.0,0.0,19643.6,85739.8,21615.1,108460.4,104713.1,128652.3,151668.4,148
3488.9,153846.0,33991.0,33717.0,43069.0,43069.0,67708.4,56655.3,14976.7,13745.3,0.0,83960.0,0.0,19655.1,85739.9,21626.6,108471.9,104701.5,128652.3,151668.4,148
3489.9,153846.0,33991.0,33717.0,43069.0,43069.0,67708.4,56655.3,14976.7,13745.3,0.0,84024.1,0.0,19600.5,85805.7,21572.3,108483.4,104755.8,128652.3,151732.5,148
3490.9,153846.0,33991.0,33717.0,43069.0,43069.0,67708.4,56655.3,14976.7,13745.3,0.0,84024.1,0.0,19608.9,85805.7,21581.5,108492.6,104746.6,128652.3,151732.5,148
3491.9,153846.0,33991.0,33717.0,43069.0,43069.0,67708.4,56655.3,14976.7,13745.3,0.0,84024.1,0.0,19619.2,85805.7,21593.3,108504.4,104734.9,128652.3,151732.5,148
3492.9,153846.0,33991.0,33717.0,43069.0,43069.0,67708.4,56655.3,14976.7,13745.3,0.0,84024.1,0.0,19629.1,85805.7,21604.4,108515.6,104723.7,128652.3,151732.5,148
3493.9,153846.0,33991.0,33717.0,43069.0,43069.0,67708.4,56655.3,14976.7,13745.3,0.0,84024.1,0.0,19638.7,85805.7,21615.2,108526.4,104712.9,128652.3,151732.5,148
3494.9,153846.0,33991.0,33717.0,43069.0,43069.0,67708.4,56655.3,14976.7,13745.3,0.0,84024.1,0.0,19647.4,85805.7,21623.2,108534.4,104704.9,128652.3,151732.5,148
3495.9,153846.0,33991.0,33717.0,43069.0,43069.0,67708.4,56655.3,14976.7,13745.3,0.0,84024.1,0.0,19656.8,85805.7,21635.8,108547.0,104692.3,128652.3,151732.5,148
3496.9,153846.0,33991.0,33717.0,43069.0,43069.0,67708.4,56655.3,14976.7,13745.3,0.0,84024.1,0.0,19667.0,85805.7,21652.4,108563.6,104675.7,128652.3,151732.5,148
3497.9,153846.0,33991.0,33717.0,43069.0,43069.0,67708.4,56655.3,14976.7,13745.3,0.0,84024.1,0.0,19677.3,85805.7,21663.9,108575.0,104664.3,128652.3,151732.5,148
3498.9,153846.0,33991.0,33717.0,43069.0,43069.0,67708.4,56655.3,14976.7,13745.3,0.0,84024.1,0.0,19686.0,85808.7,21680.6,108594.8,104647.6,128652.3,151732.5,148
3499.9,153846.0,33991.0,33717.0,43069.0,43069.0,67708.4,56655.3,14976.7,13745.3,0.0,84024.1,0.0,19703.0,85806.9,21685.3,108597.7,104642.8,128652.3,151732.5,148
3500.9,153846.0,33991.0,33717.0,43069.0,43069.0,67708.4,56655.3,14976.7,13745.3,0.0,84024.2,0.0,19710.2,85807.4,21695.7,108608.6,104632.4,128652.3,151732.6,148
3501.9,153846.0,33991.0,33717.0,43069.0,43069.0,67708.4,56655.3,14976.7,13745.3,0.0,84024.3,0.0,19719.9,85807.5,21705.2,108618.2,104622.9,128652.3,151732.7,148
3502.9,153846.0,33991.0,33717.0,43069.0,43069.0,67708.4,56655.3,14976.7,13745.3,0.0,84024.6,0.0,19732.7,85807.8,21718.1,108631.3,104610.0,128652.3,151733.0,148
3503.9,153846.0,33991.0,33717.0,43069.0,43069.0,67708.4,56655.3,14976.7,13745.3,0.0,84024.6,0.0,19743.5,85807.8,21726.9,108640.2,104601.2,128652.3,151733.0,148
3504.9,153846.0,33991.0,33717.0,43069.0,43069.0,67708.4,56655.3,14976.7,13745.3,0.0,84024.6,0.0,19753.7,85807.8,21737.3,108650.5,104590.9,128652.3,151733.0,148
3505.9,153846.0,33991.0,33717.0,43069.0,43069.0,67708.4,56655.3,14976.7,13745.3,0.0,84024.6,0.0,19763.2,85807.8,21748.2,108661.5,104579.9,128652.3,151733.0,148
3506.9,153846.0,33991.0,33717.0,43069.0,43069.0,67708.4,56655.3,14976.7,13745.3,0.0,84024.6,0.0,19773.4,85809.9,21910.5,108825.9,104417.6,128652.3,151733.0,148
3507.9,153846.0,33991.0,33717.0,43069.0,43069.0,67708.4,56655.3,14976.7,13745.3,0.0,84024.6,0.0,19784.0,85807.1,21769.9,108682.5,104558.2,128652.3,151733.0,148
3509.0,153846.0,33991.0,33717.0,43069.0,43069.0,67708.4,56655.3,14976.7,13745.3,0.0,84024.6,0.0,19794.6,85808.3,21801.4,108715.1,104526.7,128652.3,151733.0,148
3510.0,153846.0,33991.0,33717.0,43069.0,43069.0,67708.4,56655.3,14976.7,13745.3,0.0,84024.6,0.0,19804.4,85807.2,21827.2,108739.9,104500.9,128652.3,151733.0,148
3511.0,153846.0,33991.0,33717.0,43069.0,43069.0,67709.7,56656.7,14978.0,13746.6,0.0,84024.7,0.0,19814.8,85807.5,21820.7,108733.8,104507.4,128652.3,151734.4,148
3512.0,153846.0,33991.0,33717.0,43069.0,43069.0,67709.7,56656.7,14978.0,13746.6,0.0,84024.7,0.0,19823.5,85806.9,21833.2,108745.5,104494.9,128652.3,151734.4,148
3513.0,153846.0,33991.0,33717.0,43069.0,43069.0,67709.7,56656.7,14978.0,13746.6,0.0,84024.7,0.0,19838.4,85806.9,21845.6,108758.0,104482.5,128652.3,151734.4,148
3514.0,153846.0,33991.0,33717.0,43069.0,43069.0,67709.7,56656.7,14978.0,13746.6,0.0,84024.7,0.0,19850.2,85806.9,21855.5,108767.9,104472.6,128652.3,151734.4,148
3515.0,153846.0,33991.0,33717.0,43069.0,43069.0,67709.7,56656.7,14978.0,13746.6,0.0,84024.7,0.0,19861.0,85809.9,21869.0,108784.3,104459.1,128652.3,151734.4,148
3516.0,153846.0,33991.0,33717.0,43069.0,43069.0,67709.7,56656.7,14978.0,13746.6,0.0,84024.7,0.0,19872.4,85808.9,21877.3,108791.7,104450.8,128652.3,151734.4,148
3517.0,153846.0,33991.0,33717.0,43069.0,43069.0,67709.7,56656.7,14978.0,13746.6,0.0,84024.7,0.0,19882.3,85807.9,21892.5,108806.0,104435.6,128652.3,151734.4,148
3518.0,153846.0,33991.0,33717.0,43069.0,43069.0,67709.7,56656.7,14978.0,13746.6,0.0,84024.7,0.0,19893.2,85807.1,21905.3,108817.9,104422.8,128652.3,151734.4,148
3519.0,153846.0,33991.0,33717.0,43069.0,43069.0,67709.7,56656.7,14978.0,13746.6,0.0,84024.7,0.0,19904.0,85807.1,21913.1,108825.8,104415.0,128652.3,151734.4,148
3520.0,153846.0,33991.0,33717.0,43069.0,43069.0,67709.7,56656.7,14978.0,13746.6,0.0,84024.7,0.0,19916.4,85807.1,21923.9,108836.5,104404.2,128652.3,151734.4,148
3521.0,153846.0,33991.0,33717.0,43069.0,43069.0,67709.7,56656.7,14978.1,13746.7,0.0,84024.8,0.0,19927.0,85807.3,21935.2,108848.0,104392.9,128652.3,151734.5,148
3522.0,153846.0,33991.0,33717.0,43069.0,43069.0,67709.7,56656.7,14978.1,13746.7,0.0,84024.8,0.0,19936.8,85807.3,21944.9,108857.7,104383.2,128652.3,151734.5,148
3523.0,153846.0,33991.0,33717.0,43069.0,43069.0,67709.7,56656.7,14978.1,13746.7,0.0,84024.8,0.0,19948.2,85807.3,21954.6,108867.4,104373.5,128652.3,151734.6,148
3524.0,153846.0,33991.0,33717.0,43069.0,43069.0,67709.7,56656.7,14978.1,13746.7,0.0,84024.8,0.0,19959.6,85807.3,21964.4,108877.2,104363.6,128652.3,151734.6,148
3525.0,153846.0,33991.0,33717.0,43069.0,43069.0,67709.7,56656.7,14978.1,13746.7,0.0,84024.8,0.0,19969.8,85807.3,21976.9,108889.7,104351.2,128652.3,151734.6,148
3526.0,153846.0,33991.0,33717.0,43069.0,43069.0,67709.8,56656.7,14978.1,13746.7,0.0,84024.8,0.0,19980.6,85807.0,21991.4,108903.9,104336.7,128652.3,151734.6,148
3527.0,153846.0,33991.0,33717.0,43069.0,43069.0,67709.8,56656.7,14978.1,13746.7,0.0,84024.8,0.0,19991.4,85807.0,22003.7,108916.2,104324.4,128652.3,151734.6,148
3528.0,153846.0,33991.0,33717.0,43069.0,43069.0,67709.8,56656.7,14978.1,13746.7,0.0,84024.8,0.0,20000.9,85807.0,22015.1,108927.6,104313.0,128652.3,151734.6,148
3529.0,153846.0,33991.0,33717.0,43069.0,43069.0,67709.8,56656.7,14978.1,13746.7,0.0,84024.9,0.0,20011.2,85807.0,22025.9,108938.4,104302.2,128652.3,151734.6,148
3530.0,153846.0,33991.0,33717.0,43069.0,43069.0,67709.8,56656.7,14978.1,13746.7,0.0,84024.9,0.0,20021.2,85807.1,22035.8,108948.4,104292.3,128652.3,151734.6,148
3531.0,153846.0,33991.0,33717.0,43069.0,43069.0,67709.8,56656.7,14978.1,13746.7,0.0,84024.9,0.0,20032.2,85806.5,22042.9,108955.0,104285.1,128652.3,151734.7,148
3532.0,153846.0,33991.0,33717.0,43069.0,43069.0,67709.8,56656.7,14978.1,13746.7,0.0,84024.9,0.0,20041.5,85806.5,22050.7,108962.8,104277.4,128652.3,151734.7,148
3533.0,153846.0,33991.0,33717.0,43069.0,43069.0,67709.8,56656.7,14978.1,13746.7,0.0,84024.9,0.0,20052.1,85806.5,22060.8,108972.9,104267.2,128652.3,151734.7,148
3534.0,153846.0,33991.0,33717.0,43069.0,43069.0,67709.8,56656.7,14978.1,13746.7,0.0,84024.9,0.0,20061.9,85806.5,22070.2,108982.3,104257.9,128652.3,151734.7,148
3535.0,153846.0,33991.0,33717.0,43069.0,43069.0,67709.8,56656.7,14978.1,13746.7,0.0,84024.9,0.0,20072.1,85806.6,22079.4,108991.5,104248.7,128652.3,151734.7,148
3536.0,153846.0,33991.0,33717.0,43069.0,43069.0,67709.8,56656.7,14978.1,13746.7,0.0,84024.9,0.0,20083.1,85806.6,22085.6,108997.7,104242.5,128652.3,151734.7,148
3537.0,153846.0,33991.0,33717.0,43069.0,43069.0,67709.8,56656.7,14978.1,13746.7,0.0,84025.0,0.0,20094.1,85807.7,22095.5,109008.8,104232.5,128652.3,151734.8,148
3538.0,153846.0,33991.0,33717.0,43069.0,43069.0,67709.8,56656.7,14978.1,13746.7,0.0,84025.0,0.0,20106.5,85807.7,22106.6,109019.8,104221.5,128652.3,151734.8,148
3539.0,153846.0,33991.0,33717.0,43069.0,43069.0,67709.8,56656.7,14978.1,13746.7,0.0,84025.0,0.0,20118.1,85807.7,22117.8,109031.1,104210.2,128652.3,151734.8,148
3540.0,153846.0,33991.0,33717.0,43069.0,43069.0,67709.8,56656.7,14978.1,13746.7,0.0,84025.1,0.0,20133.0,85807.8,22130.6,109043.9,104197.5,128652.3,151734.9,148
3541.0,153846.0,33991.0,33717.0,43069.0,43069.0,67709.8,56656.7,14978.1,13746.7,0.0,84025.1,0.0,20140.1,85807.8,22141.0,109054.3,104187.0,128652.3,151734.9,148
3542.0,153846.0,33991.0,33717.0,43069.0,43069.0,67709.8,56656.7,14978.1,13746.7,0.0,84025.1,0.0,20146.2,85807.7,22147.8,109061.0,104180.3,128652.3,151734.9,148
3543.0,153846.0,33991.0,33717.0,43069.0,43069.0,67709.8,56656.7,14978.1,13746.7,0.0,84025.1,0.0,20156.9,85809.1,22161.2,109075.7,104166.9,128652.3,151734.9,148
3544.0,153846.0,33991.0,33717.0,43069.0,43069.0,67709.8,56656.8,14978.1,13746.7,0.0,84025.1,0.0,20167.8,85809.4,22174.2,109089.1,104153.9,128652.3,151734.9,148
3545.0,153846.0,33991.0,33717.0,43069.0,43069.0,67709.9,56656.9,14978.2,13746.8,0.0,84025.1,0.0,20180.6,85807.3,22186.6,109099.5,104141.4,128652.3,151735.1,148
3546.0,153846.0,33991.0,33717.0,43069.0,43069.0,67710.6,56657.5,14978.8,13747.5,0.0,84025.1,0.0,20191.6,85807.3,22196.9,109109.7,104131.2,128652.3,151735.7,148
3547.0,153846.0,33991.0,33717.0,43069.0,43069.0,67710.6,56657.5,14978.8,13747.5,0.0,84025.1,0.0,20201.8,85807.3,22207.2,109120.0,104120.9,128652.3,151735.7,148
3548.0,153846.0,33991.0,33717.0,43069.0,43069.0,67710.6,56657.5,14978.8,13747.5,0.0,84025.1,0.0,20212.4,85807.3,22217.3,109130.1,104110.8,128652.3,151735.7,148
3549.0,153846.0,33991.0,33717.0,43069.0,43069.0,67710.6,56657.5,14978.8,13747.5,0.0,84025.1,0.0,20223.6,85807.3,22229.2,109142.0,104098.9,128652.3,151735.7,148
3550.0,153846.0,33991.0,33717.0,43069.0,43069.0,67710.6,56657.5,14978.8,13747.5,0.0,84025.1,0.0,20234.4,85807.3,22241.4,109154.2,104086.7,128652.3,151735.7,148
3551.0,153846.0,33991.0,33717.0,43069.0,43069.0,67713.6,56660.5,14981.9,13750.5,0.0,84025.2,0.0,20247.4,85807.5,22249.9,109162.9,104078.2,128652.3,151738.7,148
3552.0,153846.0,33991.0,33717.0,43069.0,43069.0,67713.6,56660.5,14981.9,13750.5,0.0,84025.2,0.0,20254.8,85807.4,22256.9,109169.9,104071.1,128652.3,151738.7,148
3553.0,153846.0,33991.0,33717.0,43069.0,43069.0,67713.6,56660.5,14981.9,13750.5,0.0,84025.2,0.0,20264.5,85807.4,22267.1,109180.1,104061.0,128652.3,151738.7,148
3554.0,153846.0,33991.0,33717.0,43069.0,43069.0,67713.6,56660.5,14981.9,13750.5,0.0,84025.2,0.0,20275.6,85807.5,22279.1,109192.1,104048.9,128652.3,151738.8,148
3555.0,153846.0,33991.0,33717.0,43069.0,43069.0,67727.8,56674.8,14996.1,13764.8,0.0,84025.2,0.0,20300.6,85807.7,22306.2,109219.4,104021.9,128652.3,151753.0,148
3556.0,153846.0,33991.0,33717.0,43069.0,43069.0,67727.8,56674.8,14996.2,13764.8,0.0,84025.2,0.0,20310.4,85807.3,22316.3,109229.2,104011.8,128652.3,151753.0,148
3557.0,153846.0,33991.0,33717.0,43069.0,43069.0,67727.8,56674.8,14996.2,13764.8,0.0,84025.3,0.0,20321.2,85807.5,22325.7,109238.7,104002.3,128652.3,151753.2,148
3558.0,153846.0,33991.0,33717.0,43069.0,43069.0,67727.8,56674.8,14996.2,13764.8,0.0,84025.3,0.0,20331.9,85807.3,22333.8,109246.7,103994.2,128652.3,151753.2,148
3559.0,153846.0,33991.0,33717.0,43069.0,43069.0,67727.8,56674.8,14996.2,13764.8,0.0,84025.3,0.0,20341.8,85807.3,22341.7,109254.6,103986.3,128652.3,151753.2,148
3560.0,153846.0,33991.0,33717.0,43069.0,43069.0,67727.8,56674.8,14996.2,13764.8,0.0,84025.3,0.0,20352.9,85807.3,22353.2,109266.1,103974.8,128652.3,151753.2,148
3561.0,153846.0,33991.0,33717.0,43069.0,43069.0,67727.8,56674.8,14996.2,13764.8,0.0,84025.4,0.0,20361.7,85807.4,22367.1,109280.1,103960.9,128652.3,151753.2,148
3562.0,153846.0,33991.0,33717.0,43069.0,43069.0,67727.8,56674.8,14996.2,13764.8,0.0,84025.4,0.0,20373.1,85807.4,22378.0,109290.9,103950.0,128652.3,151753.2,148
3563.0,153846.0,33991.0,33717.0,43069.0,43069.0,67727.8,56674.8,14996.2,13764.8,0.0,84025.4,0.0,20382.1,85807.4,22387.3,109300.3,103940.7,128652.3,151753.2,148
3564.0,153846.0,33991.0,33717.0,43069.0,43069.0,67727.8,56674.8,14996.2,13764.8,0.0,84025.4,0.0,20392.8,85807.4,22398.5,109311.4,103929.6,128652.3,151753.2,148
3565.0,153846.0,33991.0,33717.0,43069.0,43069.0,67727.8,56674.8,14996.1,13764.8,0.0,84025.4,0.0,20405.1,85807.4,22410.1,109323.0,103918.0,128652.3,151753.2,148
3566.0,153846.0,33991.0,33717.0,43069.0,43069.0,67727.8,56674.8,14996.2,13764.8,0.0,84025.4,0.0,20414.5,85807.4,22418.6,109331.6,103909.4,128652.3,151753.2,148
3567.0,153846.0,33991.0,33717.0,43069.0,43069.0,67727.8,56674.8,14996.2,13764.8,0.0,84025.4,0.0,20425.8,85807.4,22427.9,109340.8,103900.2,128652.3,151753.2,148
3568.0,153846.0,33991.0,33717.0,43069.0,43069.0,67727.8,56674.8,14996.2,13764.8,0.0,84025.4,0.0,20436.8,85807.2,22433.0,109345.8,103895.1,128652.3,151753.2,148
3569.0,153846.0,33991.0,33717.0,43069.0,43069.0,67727.8,56674.8,14996.2,13764.8,0.0,84025.4,0.0,20446.9,85807.2,22439.9,109352.7,103888.2,128652.3,151753.2,148
3570.0,153846.0,33991.0,33717.0,43069.0,43069.0,67727.8,56674.8,14996.1,13764.8,0.0,84025.4,0.0,20458.4,85807.2,22448.8,109361.6,103879.2,128652.3,151753.2,148
3571.0,153846.0,33991.0,33717.0,43069.0,43069.0,67727.8,56674.8,14996.2,13764.8,0.0,84025.4,0.0,20473.8,85807.2,22467.3,109380.1,103860.8,128652.3,151753.2,148
3572.0,153846.0,33991.0,33717.0,43069.0,43069.0,67727.8,56674.8,14996.2,13764.8,0.0,84025.4,0.0,20485.0,85807.2,22477.6,109390.4,103850.5,128652.3,151753.3,148
3573.0,153846.0,33991.0,33717.0,43069.0,43069.0,67727.8,56674.8,14996.2,13764.8,0.0,84025.5,0.0,20494.2,85807.4,22485.6,109398.6,103842.4,128652.3,151753.4,148
3574.0,153846.0,33991.0,33717.0,43069.0,43069.0,67727.8,56674.8,14996.2,13764.8,0.0,84025.6,0.0,20505.4,85807.4,22496.5,109409.4,103831.6,128652.3,151753.4,148
3575.0,153846.0,33991.0,33717.0,43069.0,43069.0,67727.8,56674.8,14996.1,13764.8,0.0,84025.6,0.0,20515.4,85807.4,22504.3,109417.3,103823.7,128652.3,151753.4,148
3576.0,153846.0,33991.0,33717.0,43069.0,43069.0,67727.8,56674.8,14996.2,13764.8,0.0,84025.6,0.0,20528.0,85808.1,22526.2,109439.9,103801.8,128652.3,151753.4,148
3577.0,153846.0,33991.0,33717.0,43069.0,43069.0,67727.8,56674.8,14996.2,13764.8,0.0,84025.6,0.0,20538.8,85808.1,22535.6,109449.3,103792.4,128652.3,151753.4,148
3578.0,153846.0,33991.0,33717.0,43069.0,43069.0,67727.8,56674.8,14996.2,13764.8,0.0,84025.6,0.0,20550.3,85808.1,22545.6,109459.3,103782.4,128652.3,151753.4,148
3579.0,153846.0,33991.0,33717.0,43069.0,43069.0,67727.8,56674.8,14996.2,13764.8,0.0,84025.6,0.0,20560.8,85808.1,22555.0,109468.7,103773.0,128652.3,151753.4,148
3580.0,153846.0,33991.0,33717.0,43069.0,43069.0,67727.8,56674.8,14996.2,13764.8,0.0,84025.6,0.0,20571.7,85808.1,22565.0,109478.6,103763.1,128652.3,151753.4,148
3581.0,153846.0,33991.0,33717.0,43069.0,43069.0,67727.8,56674.8,14996.2,13764.8,0.0,84075.1,0.0,20533.5,85858.9,22529.3,109493.8,103798.7,128652.3,151802.9,148
3582.0,153846.0,33991.0,33717.0,43069.0,43069.0,67727.8,56674.8,14996.2,13764.8,0.0,84075.1,0.0,20544.7,85859.0,22538.9,109503.4,103789.1,128652.3,151802.9,148
3583.0,153846.0,33991.0,33717.0,43069.0,43069.0,67727.8,56674.8,14996.1,13764.8,0.0,84075.1,0.0,20554.1,85859.0,22546.7,109511.3,103781.3,128652.3,151802.9,148
3584.0,153846.0,33991.0,33717.0,43069.0,43069.0,67727.8,56674.8,14996.2,13764.8,0.0,84075.1,0.0,20564.1,85858.9,22554.3,109518.8,103773.7,128652.3,151802.9,148
3585.0,153846.0,33991.0,33717.0,43069.0,43069.0,67727.8,56674.8,14996.1,13764.8,0.0,84075.1,0.0,20575.3,85859.6,22572.1,109537.3,103755.9,128652.3,151802.9,148
3586.0,153846.0,33991.0,33717.0,43069.0,43069.0,67727.8,56674.8,14996.2,13764.8,0.0,84075.1,0.0,20586.5,85859.3,22580.7,109545.5,103747.3,128652.3,151802.9,148
3587.0,153846.0,33991.0,33717.0,43069.0,43069.0,67727.8,56674.8,14996.2,13764.8,0.0,84075.1,0.0,20597.7,85859.3,22592.5,109557.3,103735.5,128652.3,151803.0,148
3588.0,153846.0,33991.0,33717.0,43069.0,43069.0,67727.8,56674.8,14996.2,13764.8,0.0,84075.1,0.0,20577.9,85859.3,22575.4,109540.2,103752.6,128652.3,151803.0,148
3589.0,153846.0,33991.0,33717.0,43069.0,43069.0,67727.8,56674.8,14996.2,13764.8,0.0,84075.1,0.0,20589.2,85859.3,22585.1,109549.9,103742.9,128652.3,151803.0,148
3590.0,153846.0,33991.0,33717.0,43069.0,43069.0,67727.8,56674.8,14996.2,13764.8,0.0,84075.1,0.0,20599.7,85859.2,22594.5,109559.4,103733.4,128652.3,151803.0,148
3591.0,153846.0,33991.0,33717.0,43069.0,43069.0,67727.8,56674.8,14996.2,13764.8,0.0,84075.1,0.0,20610.2,85859.2,22604.3,109569.1,103723.7,128652.3,151803.0,148
3592.0,153846.0,33991.0,33717.0,43069.0,43069.0,67727.8,56674.8,14996.1,13764.8,0.0,84075.1,0.0,20622.1,85859.2,22614.8,109579.6,103713.2,128652.3,151803.0,148
3593.0,153846.0,33991.0,33717.0,43069.0,43069.0,67727.8,56674.8,14996.2,13764.8,0.0,84075.3,0.0,20631.8,85859.4,22619.9,109584.8,103708.1,128652.3,151803.1,148
3594.0,153846.0,33991.0,33717.0,43069.0,43069.0,67727.8,56674.8,14996.2,13764.8,0.0,84075.3,0.0,20641.2,85859.4,22629.6,109594.5,103698.4,128652.3,151803.1,148
3595.0,153846.0,33991.0,33717.0,43069.0,43069.0,67727.8,56674.8,14996.2,13764.8,0.0,84075.3,0.0,20652.4,85859.4,22639.3,109604.3,103688.7,128652.3,151803.1,148
3596.0,153846.0,33991.0,33717.0,43069.0,43069.0,67727.8,56674.8,14996.2,13764.8,0.0,84075.3,0.0,20663.1,85859.4,22651.8,109616.8,103676.2,128652.3,151803.1,148
3597.0,153846.0,33991.0,33717.0,43069.0,43069.0,67727.8,56674.8,14996.2,13764.8,0.0,84075.3,0.0,20674.5,85859.4,22663.8,109628.8,103664.2,128652.3,151803.1,148
3598.0,153846.0,33991.0,33717.0,43069.0,43069.0,67727.8,56674.8,14996.2,13764.8,0.0,84075.3,0.0,20685.3,85859.4,22675.4,109640.5,103652.6,128652.3,151803.2,148
3599.0,153846.0,33991.0,33717.0,43069.0,43069.0,67727.8,56674.8,14996.2,13764.8,0.0,84075.3,0.0,20696.6,85859.4,22687.1,109652.2,103640.9,128652.3,151803.2,148
3600.0,153846.0,33991.0,33717.0,43069.0,43069.0,67712.1,56659.0,14980.4,13749.0,0.0,84075.4,0.0,20734.2,85865.3,22741.9,109712.8,103586.1,128652.3,151787.4,148
3601.0,153846.0,33991.0,33717.0,43069.0,43069.0,67712.1,56659.0,14980.4,13749.0,0.0,84075.4,0.0,20697.6,85859.9,22693.7,109659.2,103634.3,128652.3,151787.4,148
3602.0,153846.0,33991.0,33717.0,43069.0,43069.0,67712.1,56659.0,14980.4,13749.0,0.0,84075.4,0.0,20709.5,85859.8,22703.5,109669.0,103624.5,128652.3,151787.4,148
3603.0,153846.0,33991.0,33717.0,43069.0,43069.0,67712.1,56659.0,14980.4,13749.0,0.0,84075.4,0.0,20721.3,85859.9,22715.9,109681.4,103612.1,128652.3,151787.4,148
3604.0,153846.0,33991.0,33717.0,43069.0,43069.0,67712.1,56659.0,14980.4,13749.0,0.0,84075.4,0.0,20729.2,85859.9,22723.6,109689.0,103604.4,128652.3,151787.4,148
3605.0,153846.0,33991.0,33717.0,43069.0,43069.0,67712.1,56659.0,14980.4,13749.0,0.0,84075.4,0.0,20740.6,85859.9,22732.8,109698.3,103595.2,128652.3,151787.4,148
3606.0,153846.0,33991.0,33717.0,43069.0,43069.0,67712.1,56659.0,14980.4,13749.0,0.0,84075.4,0.0,20751.3,85860.2,22745.2,109711.1,103582.7,128652.3,151787.4,148
3607.0,153846.0,33991.0,33717.0,43069.0,43069.0,67712.1,56659.0,14980.4,13749.0,0.0,84075.4,0.0,20763.1,85860.3,22751.0,109716.9,103577.0,128652.3,151787.5,148
3608.0,153846.0,33991.0,33717.0,43069.0,43069.0,67712.1,56659.0,14980.4,13749.0,0.0,84075.4,0.0,20773.9,85860.3,22762.0,109727.9,103565.9,128652.3,151787.5,148
3609.0,153846.0,33991.0,33717.0,43069.0,43069.0,67712.1,56659.0,14980.4,13749.0,0.0,84075.4,0.0,20784.8,85860.3,22770.9,109736.8,103557.1,128652.3,151787.5,148
3610.0,153846.0,33991.0,33717.0,43069.0,43069.0,67712.1,56659.0,14980.4,13749.0,0.0,84075.6,0.0,20794.5,85860.4,22780.6,109746.6,103547.4,128652.3,151787.6,148
3611.0,153846.0,33991.0,33717.0,43069.0,43069.0,67712.1,56659.0,14980.4,13749.0,0.0,84075.6,0.0,20805.7,85860.4,22791.8,109757.9,103536.2,128652.3,151787.6,148
3612.0,153846.0,33991.0,33717.0,43069.0,43069.0,67712.1,56659.0,14980.4,13749.0,0.0,84075.6,0.0,20816.0,85860.0,22810.9,109776.6,103517.1,128652.3,151787.6,148
3613.0,153846.0,33991.0,33717.0,43069.0,43069.0,67712.1,56659.0,14980.4,13749.0,0.0,84075.6,0.0,20827.1,85860.1,22820.8,109786.5,103507.2,128652.3,151787.7,148
3614.0,153846.0,33991.0,33717.0,43069.0,43069.0,67712.1,56659.0,14980.4,13749.0,0.0,84075.6,0.0,20836.7,85860.1,22827.1,109792.8,103500.9,128652.3,151787.7,148
3615.0,153846.0,33991.0,33717.0,43069.0,43069.0,67712.1,56659.0,14980.4,13749.0,0.0,84075.6,0.0,20846.9,85860.1,22836.1,109801.8,103491.8,128652.3,151787.7,148
3616.0,153846.0,33991.0,33717.0,43069.0,43069.0,67712.1,56659.0,14980.4,13749.0,0.0,84075.6,0.0,20858.1,85860.1,22847.4,109813.1,103480.6,128652.3,151787.7,148
3617.0,153846.0,33991.0,33717.0,43069.0,43069.0,67712.1,56659.0,14980.4,13749.0,0.0,84075.6,0.0,20868.0,85860.1,22856.3,109822.0,103471.6,128652.3,151787.7,148
3618.0,153846.0,33991.0,33717.0,43069.0,43069.0,67712.1,56659.0,14980.4,13749.0,0.0,84075.6,0.0,20878.7,85860.1,22866.2,109831.9,103461.8,128652.3,151787.7,148
3619.0,153846.0,33991.0,33717.0,43069.0,43069.0,67712.1,56659.0,14980.4,13749.0,0.0,84075.6,0.0,20889.2,85860.0,22877.1,109842.8,103450.8,128652.3,151787.7,148
3620.0,153846.0,33991.0,33717.0,43069.0,43069.0,67712.1,56659.0,14980.4,13749.0,0.0,84075.6,0.0,20900.3,85860.0,22888.4,109854.1,103439.5,128652.3,151787.7,148
3621.0,153846.0,33991.0,33717.0,43069.0,43069.0,67712.1,56659.0,14980.4,13749.0,0.0,84075.7,0.0,20911.6,85861.3,22907.5,109874.4,103420.5,128652.3,151787.7,148
3622.0,153846.0,33991.0,33717.0,43069.0,43069.0,67712.1,56659.0,14980.4,13749.0,0.0,84075.7,0.0,20922.1,85860.0,22914.2,109879.8,103413.8,128652.3,151787.7,148
3623.0,153846.0,33991.0,33717.0,43069.0,43069.0,67712.1,56659.0,14980.4,13749.0,0.0,84075.7,0.0,20932.7,85860.0,22924.5,109890.2,103403.4,128652.3,151787.7,148
3624.0,153846.0,33991.0,33717.0,43069.0,43069.0,67712.1,56659.0,14980.4,13749.0,0.0,84075.7,0.0,20943.0,85860.0,22935.2,109900.9,103392.7,128652.3,151787.8,148
3625.0,153846.0,33991.0,33717.0,43069.0,43069.0,67712.1,56659.0,14980.4,13749.0,0.0,84075.7,0.0,20953.2,85860.5,22949.9,109916.1,103378.0,128652.3,151787.8,148
3626.0,153846.0,33991.0,33717.0,43069.0,43069.0,67712.1,56659.0,14980.4,13749.0,0.0,84075.7,0.0,20965.8,85860.2,22963.6,109929.5,103364.3,128652.3,151787.8,148
3627.0,153846.0,33991.0,33717.0,43069.0,43069.0,67712.1,56659.0,14980.4,13749.0,0.0,84075.7,0.0,20976.7,85860.2,22974.2,109940.0,103353.8,128652.3,151787.8,148
3628.0,153846.0,33991.0,33717.0,43069.0,43069.0,67712.1,56659.0,14980.4,13749.0,0.0,84075.7,0.0,20988.2,85860.2,22985.2,109951.1,103342.7,128652.3,151787.8,148
3629.0,153846.0,33991.0,33717.0,43069.0,43069.0,67712.1,56659.0,14980.4,13749.0,0.0,84075.7,0.0,20999.3,85860.2,22997.6,109963.5,103330.3,128652.3,151787.8,148
3630.0,153846.0,33991.0,33717.0,43069.0,43069.0,67712.1,56659.0,14980.4,13749.0,0.0,84075.8,0.0,21009.6,85860.3,23009.0,109974.9,103319.0,128652.3,151787.9,148
3631.0,153846.0,33991.0,33717.0,43069.0,43069.0,67712.1,56659.0,14980.4,13749.0,0.0,84075.8,0.0,21022.0,85860.3,23020.2,109986.1,103307.8,128652.3,151787.9,148
3632.0,153846.0,33991.0,33717.0,43069.0,43069.0,67712.1,56659.0,14980.4,13749.0,0.0,84075.8,0.0,21031.9,85860.3,23025.5,109991.5,103302.4,128652.3,151787.9,148
3633.0,153846.0,33991.0,33717.0,43069.0,43069.0,67712.1,56659.0,14980.4,13749.0,0.0,84075.8,0.0,21042.8,85860.3,23033.5,109999.5,103294.4,128652.3,151787.9,148
3634.0,153846.0,33991.0,33717.0,43069.0,43069.0,67712.1,56659.0,14980.4,13749.0,0.0,84075.8,0.0,21053.0,85860.3,23043.3,110009.3,103284.6,128652.3,151787.9,148
3635.0,153846.0,33991.0,33717.0,43069.0,43069.0,67712.1,56659.0,14980.4,13749.0,0.0,84075.9,0.0,21062.3,85860.6,23052.8,110019.1,103275.2,128652.3,151787.9,148
3636.0,153846.0,33991.0,33717.0,43069.0,43069.0,67712.1,56659.0,14980.4,13749.0,0.0,84075.9,0.0,21074.3,85860.4,23067.5,110033.5,103260.4,128652.3,151788.0,148
3637.0,153846.0,33991.0,33717.0,43069.0,43069.0,67712.1,56659.0,14980.4,13749.0,0.0,84075.9,0.0,21086.1,85860.4,23079.5,110045.6,103248.4,128652.3,151788.0,148
3638.0,153846.0,33991.0,33717.0,43069.0,43069.0,67712.1,56659.0,14980.4,13749.0,0.0,84075.9,0.0,21096.9,85860.4,23088.1,110054.2,103239.8,128652.3,151788.0,148
3639.0,153846.0,33991.0,33717.0,43069.0,43069.0,67712.1,56659.0,14980.4,13749.0,0.0,84075.9,0.0,21107.7,85860.0,23100.8,110066.4,103227.2,128652.3,151788.0,148
3640.0,153846.0,33991.0,33717.0,43069.0,43069.0,67712.1,56659.0,14980.4,13749.0,0.0,84075.9,0.0,21118.7,85860.0,23109.3,110074.9,103218.7,128652.3,151788.0,148
3641.0,153846.0,33991.0,33717.0,43069.0,43069.0,67712.1,56659.0,14980.4,13749.0,0.0,84075.9,0.0,21127.0,85860.0,23120.9,110086.6,103207.0,128652.3,151788.0,148
3642.0,153846.0,33991.0,33717.0,43069.0,43069.0,67712.1,56659.0,14980.4,13749.0,0.0,84075.9,0.0,21138.2,85860.0,23132.2,110097.9,103195.7,128652.3,151788.0,148
3643.0,153846.0,33991.0,33717.0,43069.0,43069.0,67712.1,56659.0,14980.4,13749.0,0.0,84075.9,0.0,21148.9,85860.0,23139.3,110105.0,103188.6,128652.3,151788.0,148
3644.0,153846.0,33991.0,33717.0,43069.0,43069.0,67712.1,56659.0,14980.4,13749.0,0.0,84075.7,0.0,21109.8,85859.7,23099.2,110064.6,103228.7,128652.3,151787.7,148
3645.0,153846.0,33991.0,33717.0,43069.0,43069.0,67712.1,56659.0,14980.4,13749.0,0.0,84075.7,0.0,21117.7,85859.7,23106.9,110072.3,103221.0,128652.3,151787.7,148
3646.0,153846.0,33991.0,33717.0,43069.0,43069.0,67712.1,56659.0,14980.4,13749.0,0.0,84075.8,0.0,21129.3,85859.9,23117.0,110082.5,103211.0,128652.3,151787.9,148
3647.0,153846.0,33991.0,33717.0,43069.0,43069.0,67712.1,56659.0,14980.4,13749.0,0.0,84075.8,0.0,21138.7,85859.9,23123.8,110089.3,103204.1,128652.3,151787.9,148
3648.0,153846.0,33991.0,33717.0,43069.0,43069.0,67712.1,56659.0,14980.4,13749.0,0.0,84075.8,0.0,21151.2,85859.9,23133.9,110099.4,103194.1,128652.3,151787.9,148
3649.0,153846.0,33991.0,33717.0,43069.0,43069.0,67712.1,56659.0,14980.4,13749.0,0.0,84075.8,0.0,21161.3,85859.9,23142.7,110108.3,103185.2,128652.3,151787.9,148
3650.0,153846.0,33991.0,33717.0,43069.0,43069.0,67712.1,56659.0,14980.4,13749.0,0.0,84075.9,0.0,21172.0,85860.3,23159.1,110125.1,103168.8,128652.3,151787.9,148
3651.0,153846.0,33991.0,33717.0,43069.0,43069.0,67712.1,56659.0,14980.4,13749.0,0.0,84075.9,0.0,21183.4,85860.4,23171.8,110137.9,103156.1,128652.3,151788.0,148
3652.0,153846.0,33991.0,33717.0,43069.0,43069.0,67712.1,56659.0,14980.4,13749.0,0.0,84075.9,0.0,21193.8,85860.4,23180.1,110146.1,103147.8,128652.3,151788.0,148
3653.0,153846.0,33991.0,33717.0,43069.0,43069.0,67712.1,56659.0,14980.4,13749.0,0.0,84075.9,0.0,21205.3,85860.4,23192.0,110158.0,103135.9,128652.3,151788.0,148
3654.0,153846.0,33991.0,33717.0,43069.0,43069.0,67712.1,56659.0,14980.4,13749.0,0.0,84075.9,0.0,21216.0,85860.3,23202.6,110168.6,103125.3,128652.3,151788.0,148
3655.0,153846.0,33991.0,33717.0,43069.0,43069.0,67712.1,56659.0,14980.4,13749.0,0.0,84075.9,0.0,21225.9,85860.3,23213.4,110179.3,103114.5,128652.3,151788.0,148
3656.0,153846.0,33991.0,33717.0,43069.0,43069.0,67712.1,56659.1,14980.4,13749.1,0.0,84075.9,0.0,21235.7,85860.3,23224.8,110190.7,103103.1,128652.3,151788.0,148
3657.0,153846.0,33991.0,33717.0,43069.0,43069.0,67712.1,56659.1,14980.4,13749.1,0.0,84075.9,0.0,21246.4,85860.3,23235.8,110201.8,103092.1,128652.3,151788.1,148
3658.0,153846.0,33991.0,33717.0,43069.0,43069.0,67712.1,56659.1,14980.4,13749.1,0.0,84075.9,0.0,21257.5,85860.3,23249.2,110215.2,103078.7,128652.3,151788.1,148
3659.0,153846.0,33991.0,33717.0,43069.0,43069.0,67712.1,56659.1,14980.4,13749.1,0.0,84075.9,0.0,21267.6,85860.3,23263.1,110229.1,103064.8,128652.3,151788.1,148
3660.0,153846.0,33991.0,33717.0,43069.0,43069.0,67712.1,56659.1,14980.4,13749.1,0.0,84075.9,0.0,21279.7,85860.1,23276.8,110242.6,103051.1,128652.3,151788.1,148
3661.0,153846.0,33991.0,33717.0,43069.0,43069.0,67712.1,56659.1,14980.4,13749.1,0.0,84075.9,0.0,21291.1,85860.1,23290.2,110256.0,103037.7,128652.3,151788.1,148
3662.0,153846.0,33991.0,33717.0,43069.0,43069.0,67712.1,56659.1,14980.4,13749.1,0.0,84075.9,0.0,21301.5,85860.3,23298.3,110264.3,103029.6,128652.3,151788.1,148
3663.0,153846.0,33991.0,33717.0,43069.0,43069.0,67712.1,56659.1,14980.4,13749.1,0.0,84076.0,0.0,21311.9,85860.3,23308.9,110274.9,103019.0,128652.3,151788.1,148
3664.0,153846.0,33991.0,33717.0,43069.0,43069.0,67712.1,56659.1,14980.4,13749.1,0.0,84076.0,0.0,21322.9,85859.7,23317.7,110283.1,103010.2,128652.3,151788.1,148
3665.0,153846.0,33991.0,33717.0,43069.0,43069.0,67712.1,56659.1,14980.4,13749.1,0.0,84076.0,0.0,21334.1,85859.6,23331.2,110296.5,102996.7,128652.3,151788.1,148
3666.0,153846.0,33991.0,33717.0,43069.0,43069.0,67713.3,56660.2,14981.6,13750.2,0.0,84076.1,0.0,21342.0,85862.2,23349.7,110317.6,102978.1,128652.3,151789.4,148
3667.0,153846.0,33991.0,33717.0,43069.0,43069.0,67713.3,56660.2,14981.6,13750.2,0.0,84076.1,0.0,21354.3,85860.1,23350.7,110316.5,102977.2,128652.3,151789.4,148
3668.0,153846.0,33991.0,33717.0,43069.0,43069.0,67713.3,56660.2,14981.6,13750.2,0.0,84076.1,0.0,21365.4,85859.7,23358.4,110323.8,102969.5,128652.3,151789.4,148
3669.0,153846.0,33991.0,33717.0,43069.0,43069.0,67730.7,56677.6,14999.0,13767.6,0.0,84076.1,0.0,21393.6,85861.5,23379.5,110346.7,102948.4,128652.3,151806.8,148
3670.0,153846.0,33991.0,33717.0,43069.0,43069.0,67730.7,56677.6,14999.0,13767.6,0.0,84076.1,0.0,21404.5,85860.9,23396.2,110362.8,102931.7,128652.3,151806.8,148
3671.0,153846.0,33991.0,33717.0,43069.0,43069.0,67731.0,56677.9,14999.3,13767.9,0.0,84076.1,0.0,21415.9,85862.4,23404.9,110373.1,102922.9,128652.3,151807.1,148
3672.0,153846.0,33991.0,33717.0,43069.0,43069.0,67733.8,56680.7,15002.1,13770.7,0.0,84076.1,0.0,21428.6,85863.0,23434.3,110403.0,102893.6,128652.3,151809.9,148
3673.0,153846.0,33991.0,33717.0,43069.0,43069.0,67736.6,56683.5,15004.9,13773.5,0.0,84076.1,0.0,21443.1,85861.7,23450.0,110417.4,102877.9,128652.3,151812.7,148
3674.0,153846.0,33991.0,33717.0,43069.0,43069.0,67739.4,56686.3,15007.7,13776.3,0.0,84076.1,0.0,21456.8,85862.8,23466.6,110435.1,102861.3,128652.3,151815.5,148
3675.0,153846.0,33991.0,33717.0,43069.0,43069.0,67740.4,56687.4,15008.8,13777.4,0.0,84076.1,0.0,21470.8,85862.1,23474.7,110442.5,102853.2,128652.3,151816.6,148
3676.0,153846.0,33991.0,33717.0,43069.0,43069.0,67741.2,56688.1,15009.5,13778.1,0.0,84076.2,0.0,21480.1,85863.2,23483.8,110452.7,102844.1,128652.3,151817.4,148
3677.0,153846.0,33991.0,33717.0,43069.0,43069.0,67737.3,56684.2,15005.6,13774.2,0.0,84076.2,0.0,21491.9,85864.1,23585.1,110554.9,102742.8,128652.3,151813.5,148
3678.0,153846.0,33991.0,33717.0,43069.0,43069.0,67737.3,56684.2,15005.6,13774.2,0.0,84076.2,0.0,21497.9,85861.7,23506.2,110473.7,102821.7,128652.3,151813.5,148
3679.0,153846.0,33991.0,33717.0,43069.0,43069.0,67737.3,56684.2,15005.6,13774.2,0.0,84583.7,0.0,21509.0,86383.0,23518.9,111007.6,102809.0,128652.3,152321.0,148
3680.0,153846.0,33991.0,33717.0,43069.0,43069.0,67737.3,56684.2,15005.6,13774.2,0.0,84644.7,0.0,20999.7,86446.1,23006.9,110558.7,103321.0,128652.3,152382.0,148
3681.0,153846.0,33991.0,33717.0,43069.0,43069.0,67737.3,56684.3,15005.7,13774.3,0.0,84644.7,0.0,21010.9,86446.1,23019.3,110571.1,103308.6,128652.3,152382.0,148
3682.0,153846.0,33991.0,33717.0,43069.0,43069.0,67737.3,56684.3,15005.7,13774.3,0.0,84644.7,0.0,21022.0,86446.1,23029.6,110581.4,103298.3,128652.3,152382.0,148
3683.0,153846.0,33991.0,33717.0,43069.0,43069.0,67737.3,56684.3,15005.7,13774.3,0.0,84644.7,0.0,21032.9,86446.1,23041.7,110593.5,103286.1,128652.3,152382.1,148
3684.0,153846.0,33991.0,33717.0,43069.0,43069.0,67737.3,56684.3,15005.7,13774.3,0.0,84645.1,0.0,21042.7,86446.5,23052.1,110604.3,103275.8,128652.3,152382.5,148
3685.0,153846.0,33991.0,33717.0,43069.0,43069.0,67737.3,56684.3,15005.6,13774.3,0.0,84645.2,0.0,21055.0,86446.6,23063.4,110615.7,103264.5,128652.3,152382.5,148
3686.0,153846.0,33991.0,33717.0,43069.0,43069.0,67737.3,56684.3,15005.7,13774.3,0.0,84645.2,0.0,21064.8,86446.3,23070.8,110622.8,103257.1,128652.3,152382.5,148
3687.0,153846.0,33991.0,33717.0,43069.0,43069.0,67737.3,56684.3,15005.7,13774.3,0.0,84645.2,0.0,21076.2,86446.3,23080.2,110632.2,103247.7,128652.3,152382.5,148
3688.0,153846.0,33991.0,33717.0,43069.0,43069.0,67737.3,56684.3,15005.7,13774.3,0.0,84645.2,0.0,21086.3,86446.3,23091.7,110643.7,103236.1,128652.3,152382.5,148
3689.0,153846.0,33991.0,33717.0,43069.0,43069.0,67737.3,56684.3,15005.7,13774.3,0.0,84645.2,0.0,21097.5,86446.3,23102.9,110654.9,103225.0,128652.3,152382.6,148
3690.0,153846.0,33991.0,33717.0,43069.0,43069.0,67737.3,56684.3,15005.6,13774.3,0.0,84645.2,0.0,21109.1,86446.1,23110.6,110662.5,103217.2,128652.3,152382.6,148
3691.0,153846.0,33991.0,33717.0,43069.0,43069.0,67737.3,56684.3,15005.7,13774.3,0.0,84794.4,0.0,20993.8,86599.8,22993.8,110699.4,103334.0,128652.3,152531.8,148
3692.0,153846.0,33991.0,33717.0,43069.0,43069.0,67737.3,56684.3,15005.7,13774.3,0.0,84794.4,0.0,21002.2,86599.8,23001.7,110707.2,103326.2,128652.3,152531.8,148
3693.0,153846.0,33991.0,33717.0,43069.0,43069.0,67737.3,56684.3,15005.7,13774.3,0.0,84794.5,0.0,21014.3,86599.8,23014.4,110719.9,103313.4,128652.3,152531.8,148
3694.0,153846.0,33991.0,33717.0,43069.0,43069.0,67737.3,56684.3,15005.7,13774.3,0.0,84974.4,0.0,20871.2,86784.8,22868.8,110759.4,103459.0,128652.3,152711.8,148
3695.0,153846.0,33991.0,33717.0,43069.0,43069.0,67737.3,56684.3,15005.7,13774.3,0.0,84974.5,0.0,20882.1,86784.8,22878.6,110769.2,103449.2,128652.3,152711.8,148
3696.0,153846.0,33991.0,33717.0,43069.0,43069.0,67737.3,56684.3,15005.7,13774.3,0.0,84974.5,0.0,20893.9,86784.8,22893.3,110783.9,103434.5,128652.3,152711.8,148
3697.0,153846.0,33991.0,33717.0,43069.0,43069.0,67737.3,56684.3,15005.7,13774.3,0.0,84974.5,0.0,20901.8,86784.8,22901.5,110792.0,103426.4,128652.3,152711.8,148
3698.0,153846.0,33991.0,33717.0,43069.0,43069.0,67737.3,56684.3,15005.7,13774.3,0.0,85038.4,0.0,20849.9,86850.5,22849.0,110805.2,103478.9,128652.3,152775.8,148
3699.0,153846.0,33991.0,33717.0,43069.0,43069.0,67703.0,56649.9,14971.3,13739.9,0.0,85038.4,0.0,20826.7,86850.3,22828.1,110784.2,103499.7,128652.3,152741.4,148
3700.0,153846.0,33991.0,33717.0,43069.0,43069.0,67703.0,56649.9,14971.3,13739.9,0.0,85038.4,0.0,20838.1,86850.2,22840.7,110796.7,103487.1,128652.3,152741.4,148
3701.0,153846.0,33991.0,33717.0,43069.0,43069.0,67703.0,56649.9,14971.3,13739.9,0.0,85038.4,0.0,20850.2,86850.1,22853.2,110809.0,103474.6,128652.3,152741.4,148
3702.0,153846.0,33991.0,33717.0,43069.0,43069.0,67703.0,56649.9,14971.3,13739.9,0.0,85429.5,0.0,20513.2,87252.0,22511.8,110869.6,103816.0,128652.3,153132.5,148
3703.0,153846.0,33991.0,33717.0,43069.0,43069.0,67713.2,56660.2,14981.5,13750.1,0.0,85429.5,0.0,20532.8,87251.8,22536.8,110894.4,103791.0,128652.3,153142.7,148
3704.0,153846.0,33991.0,33717.0,43069.0,43069.0,67713.2,56660.2,14981.5,13750.1,0.0,85429.5,0.0,20544.9,87251.8,22550.8,110908.4,103777.1,128652.3,153142.7,148
3705.0,153846.0,33991.0,33717.0,43069.0,43069.0,67713.2,56660.2,14981.5,13750.1,0.0,85577.6,0.0,20386.4,87404.1,22388.1,110898.0,103939.7,128652.3,153290.9,148
3706.0,153846.0,33991.0,33717.0,43069.0,43069.0,67713.2,56660.2,14981.5,13750.1,0.0,85577.6,0.0,20396.5,87404.1,22393.2,110903.0,103934.7,128652.3,153290.9,148
3707.0,153846.0,33991.0,33717.0,43069.0,43069.0,67713.2,56660.2,14981.5,13750.1,0.0,85577.6,0.0,20405.9,87404.1,22404.9,110914.7,103923.0,128652.3,153290.9,148
3708.0,153846.0,33991.0,33717.0,43069.0,43069.0,67713.2,56660.2,14981.5,13750.1,0.0,85577.6,0.0,20417.0,87404.1,22418.7,110928.6,103909.1,128652.3,153290.9,148
3709.0,153846.0,33991.0,33717.0,43069.0,43069.0,67713.2,56660.2,14981.5,13750.1,0.0,85577.7,0.0,20428.9,87404.1,22426.7,110936.6,103901.1,128652.3,153290.9,148
3710.0,153846.0,33991.0,33717.0,43069.0,43069.0,67713.2,56660.2,14981.5,13750.1,0.0,85577.7,0.0,20440.6,87404.0,22436.8,110946.5,103891.1,128652.3,153290.9,148
3711.0,153846.0,33991.0,33717.0,43069.0,43069.0,67713.3,56660.2,14981.6,13750.2,0.0,85895.1,0.0,20165.3,87730.3,22160.8,110996.8,104167.1,128652.3,153608.4,148
3712.0,153846.0,33991.0,33717.0,43069.0,43069.0,67713.3,56660.2,14981.6,13750.2,0.0,85895.1,0.0,20176.3,87730.3,22170.7,111006.8,104157.1,128652.3,153608.4,148
3713.0,153846.0,33991.0,33717.0,43069.0,43069.0,67713.3,56660.2,14981.6,13750.2,0.0,85895.1,0.0,20186.3,87730.3,22180.5,111016.6,104147.3,128652.3,153608.4,148
3714.0,153846.0,33991.0,33717.0,43069.0,43069.0,67713.3,56660.2,14981.6,13750.2,0.0,85895.1,0.0,20197.5,87730.3,22193.4,111029.5,104134.4,128652.3,153608.4,148
3715.0,153846.0,33991.0,33717.0,43069.0,43069.0,67713.3,56660.2,14981.6,13750.2,0.0,85895.1,0.0,20212.1,87730.3,22208.9,111045.0,104118.9,128652.3,153608.5,148
3716.0,153846.0,33991.0,33717.0,43069.0,43069.0,67713.3,56660.3,14981.6,13750.3,0.0,85895.2,0.0,20222.2,87730.4,22220.3,111056.5,104107.4,128652.3,153608.6,148
3717.0,153846.0,33991.0,33717.0,43069.0,43069.0,67713.3,56660.3,14981.6,13750.3,0.0,85895.3,0.0,20232.9,87730.4,22233.4,111069.7,104094.3,128652.3,153608.6,148
3718.0,153846.0,33991.0,33717.0,43069.0,43069.0,67713.3,56660.3,14981.6,13750.3,0.0,85895.4,0.0,20244.2,87730.5,22240.2,111076.5,104087.6,128652.3,153608.7,148
3719.0,153846.0,33991.0,33717.0,43069.0,43069.0,67713.3,56660.3,14981.6,13750.3,0.0,85895.4,0.0,20256.8,87730.5,22253.0,111089.3,104074.8,128652.3,153608.7,148
3720.0,153846.0,33991.0,33717.0,43069.0,43069.0,67713.3,56660.3,14981.6,13750.3,0.0,85895.4,0.0,20267.7,87730.5,22263.3,111099.7,104064.4,128652.3,153608.7,148
3721.0,153846.0,33991.0,33717.0,43069.0,43069.0,67713.3,56660.3,14981.6,13750.3,0.0,85895.4,0.0,20276.5,87730.6,22272.6,111108.9,104055.2,128652.3,153608.8,148
3722.0,153846.0,33991.0,33717.0,43069.0,43069.0,67713.3,56660.3,14981.7,13750.3,0.0,85895.4,0.0,20286.4,87730.6,22285.2,111121.6,104042.5,128652.3,153608.8,148
3723.0,153846.0,33991.0,33717.0,43069.0,43069.0,67713.3,56660.3,14981.7,13750.3,0.0,85895.4,0.0,20296.9,87730.6,22295.7,111132.1,104032.1,128652.3,153608.8,148
3724.0,153846.0,33991.0,33717.0,43069.0,43069.0,67713.3,56660.3,14981.7,13750.3,0.0,85895.4,0.0,20310.6,87730.6,22309.3,111145.7,104018.5,128652.3,153608.8,148
3725.0,153846.0,33991.0,33717.0,43069.0,43069.0,67713.3,56660.3,14981.7,13750.3,0.0,85895.4,0.0,20320.7,87730.6,22317.8,111154.2,104010.0,128652.3,153608.8,148
3726.0,153846.0,33991.0,33717.0,43069.0,43069.0,67713.3,56660.3,14981.7,13750.3,0.0,85895.4,0.0,20332.2,87730.6,22330.3,111166.7,103997.5,128652.3,153608.8,148
3727.0,153846.0,33991.0,33717.0,43069.0,43069.0,67713.4,56660.3,14981.7,13750.3,0.0,85904.4,0.0,20343.8,87739.8,22343.5,111189.1,103984.3,128652.3,153617.8,148
3728.1,153846.0,33991.0,33717.0,43069.0,43069.0,67713.4,56660.3,14981.7,13750.3,0.0,85904.4,0.0,20349.4,87740.6,22346.6,111192.9,103981.2,128652.3,153617.8,148
3729.1,153846.0,33991.0,33717.0,43069.0,43069.0,67713.4,56660.3,14981.7,13750.3,0.0,85968.4,0.0,20291.9,87806.2,22291.3,111203.3,104036.5,128652.3,153681.8,148
3730.1,153846.0,33991.0,33717.0,43069.0,43069.0,67713.4,56660.3,14981.7,13750.3,0.0,86002.4,0.0,20299.1,87840.7,22296.4,111242.9,104031.4,128652.3,153715.8,148
3731.1,153846.0,33991.0,33717.0,43069.0,43069.0,67713.4,56660.3,14981.7,13750.3,0.0,87075.9,0.0,19946.0,88944.1,21944.1,111994.1,104383.6,128652.3,154789.2,148
3732.1,153846.0,33991.0,33717.0,43069.0,43069.0,67713.4,56660.3,14981.7,13750.3,0.0,87385.9,0.0,18873.8,89263.3,20872.5,111241.6,105455.2,128652.3,155099.3,148
3733.1,153846.0,33991.0,33717.0,43069.0,43069.0,67713.4,56660.3,14981.7,13750.3,0.0,87385.9,0.0,18881.2,89263.3,20881.8,111250.9,105446.0,128652.3,155099.3,148
3734.1,153846.0,33991.0,33717.0,43069.0,43069.0,67713.4,56660.3,14981.7,13750.3,0.0,87385.9,0.0,18887.7,89263.2,20889.8,111258.8,105438.0,128652.3,155099.3,148
3735.1,153846.0,33991.0,33717.0,43069.0,43069.0,67713.4,56660.3,14981.7,13750.3,0.0,87385.9,0.0,18895.1,89263.2,20896.6,111265.6,105431.2,128652.3,155099.3,148
3736.1,153846.0,33991.0,33717.0,43069.0,43069.0,67713.4,56660.3,14981.7,13750.3,0.0,87385.9,0.0,18899.8,89263.2,20907.0,111276.1,105420.8,128652.3,155099.3,148
3737.1,153846.0,33991.0,33717.0,43069.0,43069.0,67713.4,56660.3,14981.7,13750.3,0.0,87385.9,0.0,18906.9,89263.3,20912.5,111281.6,105415.3,128652.3,155099.3,148
3738.1,153846.0,33991.0,33717.0,43069.0,43069.0,67713.4,56660.3,14981.7,13750.3,0.0,87385.9,0.0,18911.9,89263.3,20918.0,111287.1,105409.8,128652.3,155099.3,148
3739.1,153846.0,33991.0,33717.0,43069.0,43069.0,67713.4,56660.3,14981.7,13750.3,0.0,87386.1,0.0,18917.8,89263.1,20919.4,111288.3,105408.4,128652.3,155099.4,148
3740.1,153846.0,33991.0,33717.0,43069.0,43069.0,67713.4,56660.3,14981.7,13750.3,0.0,87446.8,0.0,18925.9,89325.5,20928.2,111359.6,105399.6,128652.3,155160.1,148
3741.1,153846.0,33991.0,33717.0,43069.0,43069.0,67713.4,56660.3,14981.7,13750.3,0.0,87446.8,0.0,18929.9,89325.6,20933.1,111364.5,105394.7,128652.3,155160.1,148
3742.1,153846.0,33991.0,33717.0,43069.0,43069.0,67713.4,56660.3,14981.7,13750.3,0.0,87446.8,0.0,18941.3,89325.6,20942.1,111373.5,105385.7,128652.3,155160.1,148
3743.1,153846.0,33991.0,33717.0,43069.0,43069.0,67713.4,56660.3,14981.6,13750.3,0.0,87446.8,0.0,18949.8,89325.6,20949.3,111380.7,105378.5,128652.3,155160.1,148
3744.1,153846.0,33991.0,33717.0,43069.0,43069.0,67713.4,56660.3,14981.6,13750.3,0.0,87446.8,0.0,18961.8,89325.6,20962.5,111393.9,105365.3,128652.3,155160.2,148
3745.1,153846.0,33991.0,33717.0,43069.0,43069.0,67713.4,56660.3,14981.6,13750.3,0.0,87446.8,0.0,18971.2,89325.6,20968.9,111400.3,105358.8,128652.3,155160.2,148
3746.1,153846.0,33991.0,33717.0,43069.0,43069.0,67713.4,56660.3,14981.6,13750.3,0.0,87462.1,0.0,18979.2,89340.9,20980.0,111426.7,105347.8,128652.3,155175.4,148
3747.1,153846.0,33991.0,33717.0,43069.0,43069.0,67713.4,56660.3,14981.6,13750.3,0.0,87462.1,0.0,18989.5,89340.9,20994.2,111441.0,105333.5,128652.3,155175.5,148
3748.1,153846.0,33991.0,33717.0,43069.0,43069.0,67713.4,56660.3,14981.7,13750.3,0.0,87518.4,0.0,18942.7,89398.7,20946.6,111451.2,105381.1,128652.3,155231.7,148
3749.1,153846.0,33991.0,33717.0,43069.0,43069.0,67713.4,56660.3,14981.7,13750.3,0.0,87518.4,0.0,18951.6,89399.1,20956.1,111461.0,105371.7,128652.3,155231.8,148
3750.1,153846.0,33991.0,33717.0,43069.0,43069.0,67713.4,56660.3,14981.7,13750.3,0.0,87518.4,0.0,18963.6,89398.5,20971.2,111475.6,105356.6,128652.3,155231.8,148
3751.1,153846.0,33991.0,33717.0,43069.0,43069.0,67713.4,56660.3,14981.7,13750.3,0.0,87518.6,0.0,18975.1,89398.7,20985.2,111489.7,105342.6,128652.3,155231.9,148
3752.1,153846.0,33991.0,33717.0,43069.0,43069.0,67713.4,56660.3,14981.7,13750.3,0.0,87518.6,0.0,18988.1,89398.7,20999.9,111504.5,105327.8,128652.3,155232.0,148
3753.1,153846.0,33991.0,33717.0,43069.0,43069.0,67712.4,56659.3,14980.7,13749.3,0.0,87518.7,0.0,18998.6,89398.8,21013.1,111517.8,105314.6,128652.3,155231.1,148
3754.1,153846.0,33991.0,33717.0,43069.0,43069.0,67712.4,56659.3,14980.7,13749.3,0.0,87518.7,0.0,19010.3,89398.8,21027.9,111532.6,105299.8,128652.3,155231.1,148
3755.1,153846.0,33991.0,33717.0,43069.0,43069.0,67712.4,56659.3,14980.7,13749.3,0.0,87518.7,0.0,19021.4,89398.8,21041.4,111546.0,105286.4,128652.3,155231.1,148
3756.1,153846.0,33991.0,33717.0,43069.0,43069.0,67712.4,56659.3,14980.7,13749.3,0.0,87518.7,0.0,19033.4,89398.8,21052.9,111557.6,105274.8,128652.3,155231.1,148
3757.1,153846.0,33991.0,33717.0,43069.0,43069.0,67712.4,56659.3,14980.7,13749.3,0.0,87518.7,0.0,19044.9,89398.8,21063.3,111568.0,105264.4,128652.3,155231.1,148
3758.1,153846.0,33991.0,33717.0,43069.0,43069.0,67712.4,56659.3,14980.7,13749.3,0.0,87518.7,0.0,19055.8,89398.2,21073.1,111577.2,105254.6,128652.3,155231.1,148
3759.1,153846.0,33991.0,33717.0,43069.0,43069.0,67712.4,56659.3,14980.7,13749.3,0.0,87582.7,0.0,19000.9,89464.9,21017.3,111588.1,105310.4,128652.3,155295.1,148
3760.1,153846.0,33991.0,33717.0,43069.0,43069.0,67712.4,56659.3,14980.7,13749.3,0.0,87582.7,0.0,19011.2,89464.9,21027.1,111597.9,105300.6,128652.3,155295.1,148
3761.1,153846.0,33991.0,33717.0,43069.0,43069.0,67712.4,56659.3,14980.7,13749.3,0.0,87582.7,0.0,19022.6,89464.9,21038.6,111609.4,105289.1,128652.3,155295.1,148
3762.1,153846.0,33991.0,33717.0,43069.0,43069.0,67712.4,56659.3,14980.7,13749.3,0.0,87582.7,0.0,19032.3,89464.9,21049.4,111620.2,105278.3,128652.3,155295.1,148
3763.1,153846.0,33991.0,33717.0,43069.0,43069.0,67712.4,56659.3,14980.7,13749.3,0.0,87582.7,0.0,19044.3,89465.0,21063.6,111634.4,105264.1,128652.3,155295.1,148
3764.1,153846.0,33991.0,33717.0,43069.0,43069.0,67712.4,56659.3,14980.7,13749.3,0.0,87582.7,0.0,19052.6,89465.0,21064.4,111635.3,105263.3,128652.3,155295.1,148
3765.1,153846.0,33991.0,33717.0,43069.0,43069.0,67712.4,56659.3,14980.7,13749.3,0.0,87582.7,0.0,19060.6,89465.0,21075.0,111645.9,105252.7,128652.3,155295.1,148
3766.1,153846.0,33991.0,33717.0,43069.0,43069.0,67712.4,56659.3,14980.7,13749.3,0.0,87582.7,0.0,19070.2,89465.0,21083.5,111654.4,105244.2,128652.3,155295.1,148
3767.1,153846.0,33991.0,33717.0,43069.0,43069.0,67712.4,56659.3,14980.7,13749.3,0.0,87582.7,0.0,19078.6,89465.0,21095.0,111665.9,105232.7,128652.3,155295.1,148
3768.1,153846.0,33991.0,33717.0,43069.0,43069.0,67712.4,56659.3,14980.7,13749.3,0.0,87582.7,0.0,19087.4,89464.9,21109.4,111680.2,105218.3,128652.3,155295.1,148
3769.1,153846.0,33991.0,33717.0,43069.0,43069.0,67712.4,56659.3,14980.7,13749.3,0.0,87582.8,0.0,19094.1,89464.9,21114.8,111685.6,105212.9,128652.3,155295.1,148
3770.1,153846.0,33991.0,33717.0,43069.0,43069.0,67712.4,56659.3,14980.7,13749.3,0.0,87582.8,0.0,19102.6,89464.5,21126.4,111696.7,105201.3,128652.3,155295.1,148
3771.1,153846.0,33991.0,33717.0,43069.0,43069.0,67712.4,56659.3,14980.7,13749.3,0.0,87582.8,0.0,19110.6,89464.5,21137.5,111707.9,105190.2,128652.3,155295.1,148
3772.1,153846.0,33991.0,33717.0,43069.0,43069.0,67712.4,56659.3,14980.7,13749.3,0.0,87646.7,0.0,19055.7,89530.2,21081.4,111717.5,105246.3,128652.3,155359.1,148
3773.1,153846.0,33991.0,33717.0,43069.0,43069.0,67712.4,56659.3,14980.7,13749.3,0.0,87646.8,0.0,19063.9,89530.3,21088.9,111725.1,105238.9,128652.3,155359.2,148
3774.1,153846.0,33991.0,33717.0,43069.0,43069.0,67712.4,56659.3,14980.7,13749.3,0.0,87646.8,0.0,19072.6,89530.3,21096.0,111732.3,105231.7,128652.3,155359.2,148
3775.1,153846.0,33991.0,33717.0,43069.0,43069.0,67712.4,56659.3,14980.7,13749.3,0.0,87646.8,0.0,19080.9,89530.3,21104.4,111740.6,105223.3,128652.3,155359.2,148
3776.1,153846.0,33991.0,33717.0,43069.0,43069.0,67712.4,56659.3,14980.7,13749.3,0.0,87646.8,0.0,19089.8,89530.3,21112.8,111749.0,105214.9,128652.3,155359.2,148
3777.1,153846.0,33991.0,33717.0,43069.0,43069.0,67712.4,56659.3,14980.7,13749.3,0.0,87646.8,0.0,19094.4,89530.4,21117.1,111753.3,105210.6,128652.3,155359.2,148
3778.1,153846.0,33991.0,33717.0,43069.0,43069.0,67712.4,56659.3,14980.7,13749.3,0.0,87646.9,0.0,19102.4,89530.4,21124.0,111760.2,105203.7,128652.3,155359.2,148
3779.1,153846.0,33991.0,33717.0,43069.0,43069.0,67712.4,56659.3,14980.7,13749.3,0.0,87654.2,0.0,19107.3,89538.0,21127.2,111771.0,105200.5,128652.3,155366.6,148
3780.1,153846.0,33991.0,33717.0,43069.0,43069.0,67712.4,56659.3,14980.7,13749.3,0.0,87654.2,0.0,19112.8,89537.7,21129.8,111773.4,105197.9,128652.3,155366.6,148
3781.1,153846.0,33991.0,33717.0,43069.0,43069.0,67712.4,56659.3,14980.7,13749.3,0.0,87654.2,0.0,19119.1,89537.7,21137.0,111780.6,105190.7,128652.3,155366.6,148
3782.1,153846.0,33991.0,33717.0,43069.0,43069.0,67712.4,56659.3,14980.7,13749.3,0.0,87654.2,0.0,19124.4,89537.7,21141.8,111785.4,105185.9,128652.3,155366.6,148
3783.1,153846.0,33991.0,33717.0,43069.0,43069.0,67712.4,56659.3,14980.7,13749.3,0.0,87654.3,0.0,19132.2,89537.7,21149.5,111793.1,105178.2,128652.3,155366.6,148
3784.1,153846.0,33991.0,33717.0,43069.0,43069.0,67712.4,56659.3,14980.7,13749.3,0.0,87654.3,0.0,19139.5,89537.7,21153.6,111797.3,105174.1,128652.3,155366.6,148
3785.1,153846.0,33991.0,33717.0,43069.0,43069.0,67712.4,56659.3,14980.7,13749.3,0.0,87654.3,0.0,19147.7,89537.8,21161.0,111804.7,105166.7,128652.3,155366.7,148
3786.1,153846.0,33991.0,33717.0,43069.0,43069.0,67712.4,56659.3,14980.7,13749.3,0.0,87654.3,0.0,19155.4,89538.3,21166.4,111810.7,105161.3,128652.3,155366.7,148
3787.1,153846.0,33991.0,33717.0,43069.0,43069.0,67712.4,56659.3,14980.7,13749.3,0.0,87654.4,0.0,19166.0,89538.5,21175.9,111820.3,105151.8,128652.3,155366.8,148
3788.1,153846.0,33991.0,33717.0,43069.0,43069.0,67712.4,56659.3,14980.7,13749.3,0.0,87654.4,0.0,19175.3,89538.5,21183.8,111828.2,105143.9,128652.3,155366.8,148
3789.1,153846.0,33991.0,33717.0,43069.0,43069.0,67712.4,56659.3,14980.7,13749.3,0.0,87654.4,0.0,19183.7,89539.3,21190.2,111835.4,105137.5,128652.3,155366.8,148
3790.1,153846.0,33991.0,33717.0,43069.0,43069.0,67712.4,56659.3,14980.7,13749.3,0.0,87654.4,0.0,19191.7,89538.6,21195.7,111840.2,105132.0,128652.3,155366.8,148
3791.1,153846.0,33991.0,33717.0,43069.0,43069.0,67712.4,56659.3,14980.7,13749.3,0.0,87654.4,0.0,19199.4,89538.6,21205.6,111850.1,105122.1,128652.3,155366.8,148
3792.1,153846.0,33991.0,33717.0,43069.0,43069.0,67712.4,56659.3,14980.7,13749.3,0.0,87654.4,0.0,19209.5,89538.6,21213.4,111857.9,105114.3,128652.3,155366.8,148
3793.1,153846.0,33991.0,33717.0,43069.0,43069.0,67712.4,56659.3,14980.7,13749.3,0.0,87654.4,0.0,19218.6,89539.4,21218.8,111864.2,105108.9,128652.3,155366.8,148
3794.1,153846.0,33991.0,33717.0,43069.0,43069.0,67712.4,56659.3,14980.7,13749.3,0.0,87654.5,0.0,19228.6,89539.0,21227.6,111872.5,105100.1,128652.3,155366.8,148
3795.1,153846.0,33991.0,33717.0,43069.0,43069.0,67712.4,56659.3,14980.7,13749.3,0.0,87654.5,0.0,19237.8,89539.0,21236.9,111881.8,105090.8,128652.3,155366.8,148
3796.1,153846.0,33991.0,33717.0,43069.0,43069.0,67712.4,56659.3,14980.7,13749.3,0.0,87783.2,0.0,19118.3,89671.4,21119.6,111896.8,105208.1,128652.3,155495.6,148
3797.1,153846.0,33991.0,33717.0,43069.0,43069.0,67712.4,56659.3,14980.7,13749.3,0.0,87783.2,0.0,19127.9,89671.4,21129.8,111907.0,105197.9,128652.3,155495.6,148
3798.1,153846.0,33991.0,33717.0,43069.0,43069.0,67712.4,56659.3,14980.7,13749.3,0.0,87783.2,0.0,19137.3,89671.4,21140.4,111917.7,105187.2,128652.3,155495.6,148
3799.1,153846.0,33991.0,33717.0,43069.0,43069.0,67712.4,56659.3,14980.7,13749.3,0.0,87783.2,0.0,19146.0,89671.4,21149.1,111926.3,105178.6,128652.3,155495.6,148
3800.1,153846.0,33991.0,33717.0,43069.0,43069.0,67712.4,56659.3,14980.7,13749.3,0.0,87783.3,0.0,19155.1,89671.4,21157.1,111934.4,105170.6,128652.3,155495.6,148
3801.1,153846.0,33991.0,33717.0,43069.0,43069.0,67712.4,56659.3,14980.7,13749.3,0.0,87870.0,0.0,19078.1,89760.5,21092.5,111959.0,105235.2,128652.3,155582.3,148
3802.1,153846.0,33991.0,33717.0,43069.0,43069.0,67712.4,56659.3,14980.7,13749.3,0.0,87870.0,0.0,19086.4,89759.8,21093.7,111959.3,105234.0,128652.3,155582.3,148
3803.1,153846.0,33991.0,33717.0,43069.0,43069.0,67712.4,56659.3,14980.7,13749.3,0.0,87870.0,0.0,19095.9,89759.8,21098.9,111964.6,105228.8,128652.3,155582.4,148
3804.1,153846.0,33991.0,33717.0,43069.0,43069.0,67712.4,56659.3,14980.7,13749.3,0.0,87870.0,0.0,19106.1,89759.8,21109.4,111975.2,105218.2,128652.3,155582.4,148
3805.1,153846.0,33991.0,33717.0,43069.0,43069.0,67712.4,56659.3,14980.7,13749.3,0.0,87870.0,0.0,19114.4,89759.8,21115.8,111981.5,105211.8,128652.3,155582.4,148
3806.1,153846.0,33991.0,33717.0,43069.0,43069.0,67712.4,56659.3,14980.7,13749.3,0.0,87870.0,0.0,19124.2,89760.2,21125.6,111991.7,105202.1,128652.3,155582.4,148
3807.1,153846.0,33991.0,33717.0,43069.0,43069.0,67712.4,56659.3,14980.7,13749.3,0.0,87870.0,0.0,19133.5,89760.2,21135.9,112002.0,105191.8,128652.3,155582.4,148
3808.1,153846.0,33991.0,33717.0,43069.0,43069.0,67712.4,56659.3,14980.7,13749.3,0.0,87870.0,0.0,19142.6,89760.2,21144.5,112010.7,105183.1,128652.3,155582.4,148
3809.1,153846.0,33991.0,33717.0,43069.0,43069.0,67712.4,56659.3,14980.7,13749.3,0.0,87870.0,0.0,19152.4,89760.2,21152.8,112019.0,105174.8,128652.3,155582.4,148
3810.1,153846.0,33991.0,33717.0,43069.0,43069.0,67712.4,56659.3,14980.7,13749.3,0.0,87870.0,0.0,19158.6,89760.2,21158.3,112024.4,105169.4,128652.3,155582.4,148
3811.1,153846.0,33991.0,33717.0,43069.0,43069.0,67712.4,56659.3,14980.7,13749.3,0.0,87870.0,0.0,19168.1,89760.2,21166.7,112032.8,105161.0,128652.3,155582.4,148
3812.1,153846.0,33991.0,33717.0,43069.0,43069.0,67712.4,56659.3,14980.7,13749.3,0.0,87918.7,0.0,19128.5,89809.9,21124.5,112040.3,105203.2,128652.3,155631.1,148
3813.1,153846.0,33991.0,33717.0,43069.0,43069.0,67712.4,56659.3,14980.7,13749.3,0.0,87919.1,0.0,19140.7,89810.7,21134.7,112051.4,105192.9,128652.3,155631.5,148
3814.1,153846.0,33991.0,33717.0,43069.0,43069.0,67712.4,56659.3,14980.7,13749.3,0.0,87919.1,0.0,19151.2,89810.5,21134.2,112050.6,105193.4,128652.3,155631.5,148
3815.1,153846.0,33991.0,33717.0,43069.0,43069.0,67712.4,56659.3,14980.7,13749.3,0.0,87919.1,0.0,19160.1,89810.0,21142.9,112058.8,105184.8,128652.3,155631.5,148
3816.1,153846.0,33991.0,33717.0,43069.0,43069.0,67712.4,56659.3,14980.7,13749.3,0.0,87919.2,0.0,19169.4,89810.0,21155.4,112071.3,105172.3,128652.3,155631.6,148
3817.1,153846.0,33991.0,33717.0,43069.0,43069.0,67712.4,56659.3,14980.7,13749.3,0.0,87919.2,0.0,19178.3,89810.0,21168.1,112084.1,105159.5,128652.3,155631.6,148
3818.1,153846.0,33991.0,33717.0,43069.0,43069.0,67712.4,56659.3,14980.7,13749.3,0.0,87919.2,0.0,19188.2,89810.0,21178.4,112094.4,105149.2,128652.3,155631.6,148
3819.1,153846.0,33991.0,33717.0,43069.0,43069.0,67712.4,56659.3,14980.7,13749.3,0.0,87919.3,0.0,19199.8,89810.2,21193.8,112109.9,105133.8,128652.3,155631.7,148
3820.1,153846.0,33991.0,33717.0,43069.0,43069.0,67712.4,56659.3,14980.7,13749.3,0.0,87919.3,0.0,19211.0,89810.2,21209.5,112125.6,105118.1,128652.3,155631.7,148
3821.1,153846.0,33991.0,33717.0,43069.0,43069.0,67712.4,56659.3,14980.7,13749.3,0.0,87919.3,0.0,19218.9,89810.2,21217.9,112134.0,105109.8,128652.3,155631.7,148
3822.1,153846.0,33991.0,33717.0,43069.0,43069.0,67712.4,56659.3,14980.7,13749.3,0.0,88066.2,0.0,19086.4,89961.2,21083.1,112150.2,105244.5,128652.3,155778.6,148
3823.1,153846.0,33991.0,33717.0,43069.0,43069.0,67712.4,56659.3,14980.7,13749.3,0.0,88066.3,0.0,19097.3,89961.3,21096.2,112163.4,105231.5,128652.3,155778.7,148
3824.1,153846.0,33991.0,33717.0,43069.0,43069.0,67712.4,56659.3,14980.7,13749.3,0.0,88066.1,0.0,19107.8,89961.0,21105.0,112172.0,105222.6,128652.3,155778.4,148
3825.1,153846.0,33991.0,33717.0,43069.0,43069.0,67712.4,56659.3,14980.7,13749.3,0.0,88066.1,0.0,19117.9,89961.1,21113.4,112180.4,105214.2,128652.3,155778.5,148
3826.1,153846.0,33991.0,33717.0,43069.0,43069.0,67712.4,56659.3,14980.7,13749.3,0.0,88066.1,0.0,19127.4,89961.4,21123.1,112190.5,105204.5,128652.3,155778.5,148
3827.1,153846.0,33991.0,33717.0,43069.0,43069.0,67712.4,56659.3,14980.7,13749.3,0.0,88066.1,0.0,19138.7,89961.4,21133.9,112201.3,105193.7,128652.3,155778.5,148
3828.1,153846.0,33991.0,33717.0,43069.0,43069.0,67712.4,56659.3,14980.7,13749.3,0.0,88066.1,0.0,19147.2,89961.4,21141.8,112209.2,105185.8,128652.3,155778.5,148
3829.1,153846.0,33991.0,33717.0,43069.0,43069.0,67712.4,56659.3,14980.7,13749.3,0.0,88231.8,0.0,19091.9,90131.8,21088.1,112325.8,105239.5,128652.3,155944.2,148
3830.1,153846.0,33991.0,33717.0,43069.0,43069.0,67712.4,56659.3,14980.7,13749.3,0.0,88231.8,0.0,19102.9,90131.8,21098.7,112336.5,105228.9,128652.3,155944.2,148
3831.1,153846.0,33991.0,33717.0,43069.0,43069.0,67712.4,56659.3,14980.7,13749.3,0.0,88231.9,0.0,19111.1,90131.8,21108.5,112346.3,105219.1,128652.3,155944.2,148
3832.1,153846.0,33991.0,33717.0,43069.0,43069.0,67712.4,56659.3,14980.7,13749.3,0.0,88287.9,0.0,19118.6,90189.4,21118.3,112413.6,105209.4,128652.3,156000.3,148
3833.1,153846.0,33991.0,33717.0,43069.0,43069.0,67712.4,56659.3,14980.7,13749.3,0.0,88351.4,0.0,19067.2,90254.4,21069.0,112429.3,105258.7,128652.3,156063.8,148
3834.1,153846.0,33991.0,33717.0,43069.0,43069.0,67712.4,56659.3,14980.7,13749.3,0.0,88351.8,0.0,19076.0,90256.6,21083.4,112445.9,105244.3,128652.3,156064.2,148
3835.1,153846.0,33991.0,33717.0,43069.0,43069.0,67712.4,56659.3,14980.7,13749.3,0.0,88351.8,0.0,19084.8,90254.7,21089.3,112450.0,105238.4,128652.3,156064.2,148
3836.1,153846.0,33991.0,33717.0,43069.0,43069.0,67712.4,56659.3,14980.7,13749.3,0.0,88351.8,0.0,19091.9,90254.7,21099.6,112460.3,105228.0,128652.3,156064.2,148
3837.1,153846.0,33991.0,33717.0,43069.0,43069.0,67712.4,56659.3,14980.7,13749.3,0.0,88351.8,0.0,19099.3,90254.7,21108.5,112469.2,105219.1,128652.3,156064.2,148
3838.1,153846.0,33991.0,33717.0,43069.0,43069.0,67712.4,56659.3,14980.7,13749.3,0.0,88351.8,0.0,19107.7,90256.2,21118.7,112480.9,105208.9,128652.3,156064.2,148
3839.1,153846.0,33991.0,33717.0,43069.0,43069.0,67712.4,56659.3,14980.7,13749.3,0.0,88351.8,0.0,19113.7,90256.2,21121.0,112483.2,105206.6,128652.3,156064.3,148
3840.1,153846.0,33991.0,33717.0,43069.0,43069.0,67712.4,56659.3,14980.7,13749.3,0.0,88351.9,0.0,19121.8,90256.4,21127.8,112490.2,105199.9,128652.3,156064.3,148
3841.1,153846.0,33991.0,33717.0,43069.0,43069.0,67712.4,56659.3,14980.7,13749.3,0.0,88352.0,0.0,19128.7,90256.2,21129.0,112491.1,105198.7,128652.3,156064.4,148
3842.1,153846.0,33991.0,33717.0,43069.0,43069.0,67712.4,56659.3,14980.7,13749.3,0.0,88352.0,0.0,19136.3,90256.1,21136.4,112498.5,105191.2,128652.3,156064.4,148
3843.1,153846.0,33991.0,33717.0,43069.0,43069.0,67712.4,56659.3,14980.7,13749.3,0.0,88352.0,0.0,19141.7,90256.1,21142.4,112504.5,105185.2,128652.3,156064.4,148
3844.1,153846.0,33991.0,33717.0,43069.0,43069.0,67712.4,56659.3,14980.7,13749.3,0.0,88352.0,0.0,19149.0,90256.1,21151.6,112513.7,105176.1,128652.3,156064.4,148
3845.1,153846.0,33991.0,33717.0,43069.0,43069.0,67712.4,56659.3,14980.7,13749.3,0.0,88352.0,0.0,19158.1,90256.1,21157.7,112519.8,105169.9,128652.3,156064.4,148
3846.1,153846.0,33991.0,33717.0,43069.0,43069.0,67712.4,56659.4,14980.8,13749.4,0.0,88352.0,0.0,19167.1,90256.1,21165.3,112527.4,105162.4,128652.3,156064.4,148
3847.1,153846.0,33991.0,33717.0,43069.0,43069.0,67712.4,56659.4,14980.8,13749.4,0.0,88352.0,0.0,19178.7,90256.1,21175.4,112537.5,105152.2,128652.3,156064.4,148
3848.1,153846.0,33991.0,33717.0,43069.0,43069.0,67712.4,56659.4,14980.8,13749.4,0.0,88352.0,0.0,19188.3,90256.1,21182.2,112544.3,105145.4,128652.3,156064.4,148
3849.1,153846.0,33991.0,33717.0,43069.0,43069.0,67712.4,56659.4,14980.8,13749.4,0.0,88352.0,0.0,19197.9,90256.1,21191.9,112554.0,105135.7,128652.3,156064.4,148
3850.1,153846.0,33991.0,33717.0,43069.0,43069.0,67712.4,56659.4,14980.8,13749.4,0.0,88352.0,0.0,19208.1,90257.3,21206.1,112569.3,105121.5,128652.3,156064.4,148
3851.1,153846.0,33991.0,33717.0,43069.0,43069.0,67712.4,56659.4,14980.8,13749.4,0.0,88352.0,0.0,19217.2,90256.9,21215.6,112578.5,105112.0,128652.3,156064.5,148
3852.1,153846.0,33991.0,33717.0,43069.0,43069.0,67712.4,56659.4,14980.8,13749.4,0.0,88494.1,0.0,19098.9,90402.8,21097.4,112606.2,105230.2,128652.3,156206.5,148
3853.1,153846.0,33991.0,33717.0,43069.0,43069.0,67712.4,56659.4,14980.8,13749.4,0.0,88494.1,0.0,19107.6,90401.2,21104.8,112612.0,105222.8,128652.3,156206.5,148
3854.1,153846.0,33991.0,33717.0,43069.0,43069.0,67712.4,56659.4,14980.8,13749.4,0.0,88494.1,0.0,19116.1,90401.2,21112.7,112619.9,105214.9,128652.3,156206.5,148
3855.1,153846.0,33991.0,33717.0,43069.0,43069.0,67717.1,56664.0,14985.4,13754.0,0.0,88494.1,0.0,19129.1,90404.1,21131.2,112641.2,105196.4,128652.3,156211.2,148
3856.1,153846.0,33991.0,33717.0,43069.0,43069.0,67717.1,56664.0,14985.4,13754.0,0.0,88494.1,0.0,19138.4,90401.1,21134.9,112642.0,105192.7,128652.3,156211.2,148
3857.1,153846.0,33991.0,33717.0,43069.0,43069.0,67717.1,56664.0,14985.4,13754.0,0.0,88494.1,0.0,19147.3,90401.1,21143.2,112650.3,105184.4,128652.3,156211.2,148
3858.1,153846.0,33991.0,33717.0,43069.0,43069.0,67717.1,56664.0,14985.4,13754.0,0.0,88494.1,0.0,19156.1,90401.1,21149.4,112656.5,105178.2,128652.3,156211.2,148
3859.1,153846.0,33991.0,33717.0,43069.0,43069.0,67717.1,56664.0,14985.4,13754.0,0.0,88494.2,0.0,19164.8,90401.2,21157.6,112664.8,105170.0,128652.3,156211.3,148
3860.1,153846.0,33991.0,33717.0,43069.0,43069.0,67717.1,56664.0,14985.4,13754.0,0.0,88494.2,0.0,19173.4,90401.2,21163.6,112670.8,105164.0,128652.3,156211.3,148
3861.1,153846.0,33991.0,33717.0,43069.0,43069.0,67717.1,56664.0,14985.4,13754.0,0.0,88494.2,0.0,19181.8,90401.2,21173.7,112680.9,105153.9,128652.3,156211.3,148
3862.1,153846.0,33991.0,33717.0,43069.0,43069.0,67717.1,56664.0,14985.4,13754.0,0.0,88494.2,0.0,19190.0,90401.2,21182.3,112689.5,105145.3,128652.3,156211.3,148
3863.1,153846.0,33991.0,33717.0,43069.0,43069.0,67717.1,56664.0,14985.4,13754.0,0.0,88494.2,0.0,19198.2,90401.2,21190.4,112697.6,105137.2,128652.3,156211.3,148
3864.1,153846.0,33991.0,33717.0,43069.0,43069.0,67717.1,56664.0,14985.4,13754.0,0.0,88494.3,0.0,19207.4,90401.3,21197.0,112704.3,105130.6,128652.3,156211.4,148
3865.1,153846.0,33991.0,33717.0,43069.0,43069.0,67717.1,56664.0,14985.4,13754.0,0.0,88494.6,0.0,19217.3,90401.6,21206.0,112713.6,105121.6,128652.3,156211.7,148
3866.1,153846.0,33991.0,33717.0,43069.0,43069.0,67717.1,56664.0,14985.4,13754.0,0.0,88494.6,0.0,19226.8,90401.2,21218.1,112725.3,105109.5,128652.3,156211.7,148
3867.1,153846.0,33991.0,33717.0,43069.0,43069.0,67717.1,56664.0,14985.4,13754.0,0.0,88494.6,0.0,19237.0,90401.2,21226.9,112734.0,105100.7,128652.3,156211.7,148
3868.1,153846.0,33991.0,33717.0,43069.0,43069.0,67717.1,56664.0,14985.4,13754.0,0.0,88494.6,0.0,19246.7,90401.2,21235.4,112742.6,105092.2,128652.3,156211.7,148
3869.1,153846.0,33991.0,33717.0,43069.0,43069.0,67717.1,56664.0,14985.4,13754.0,0.0,88494.6,0.0,19257.8,90401.2,21244.3,112751.5,105083.3,128652.3,156211.7,148
3870.1,153846.0,33991.0,33717.0,43069.0,43069.0,67717.1,56664.0,14985.4,13754.0,0.0,88494.6,0.0,19269.2,90401.2,21253.1,112760.3,105074.5,128652.3,156211.7,148
3871.1,153846.0,33991.0,33717.0,43069.0,43069.0,67717.1,56664.0,14985.4,13754.0,0.0,88494.6,0.0,19280.0,90401.2,21265.4,112772.6,105062.2,128652.3,156211.7,148
3872.1,153846.0,33991.0,33717.0,43069.0,43069.0,67717.1,56664.0,14985.4,13754.0,0.0,88494.6,0.0,19288.1,90401.2,21271.6,112778.8,105056.0,128652.3,156211.7,148
3873.1,153846.0,33991.0,33717.0,43069.0,43069.0,67717.1,56664.0,14985.4,13754.0,0.0,88494.6,0.0,19298.7,90401.2,21284.9,112792.1,105042.7,128652.3,156211.7,148
3874.1,153846.0,33991.0,33717.0,43069.0,43069.0,67717.1,56664.0,14985.4,13754.0,0.0,88494.6,0.0,19309.5,90403.8,21305.9,112815.6,105021.7,128652.3,156211.7,148
3875.1,153846.0,33991.0,33717.0,43069.0,43069.0,67698.4,56645.3,14966.7,13735.3,0.0,88494.6,0.0,19301.9,90402.8,21297.4,112806.2,105030.2,128652.3,156193.0,148
3876.1,153846.0,33991.0,33717.0,43069.0,43069.0,67698.4,56645.3,14966.7,13735.3,0.0,88494.6,0.0,19312.4,90402.4,21309.9,112818.3,105017.7,128652.3,156193.0,148
3877.1,153846.0,33991.0,33717.0,43069.0,43069.0,67698.4,56645.3,14966.7,13735.3,0.0,88494.6,0.0,19321.0,90402.4,21319.0,112827.4,105008.6,128652.3,156193.0,148
3878.1,153846.0,33991.0,33717.0,43069.0,43069.0,67698.4,56645.3,14966.7,13735.3,0.0,88494.7,0.0,19332.1,90402.4,21331.0,112839.4,104996.6,128652.3,156193.1,148
3879.1,153846.0,33991.0,33717.0,43069.0,43069.0,67698.4,56645.3,14966.7,13735.3,0.0,88494.8,0.0,19344.1,90402.5,21342.2,112850.6,104985.4,128652.3,156193.2,148
3880.1,153846.0,33991.0,33717.0,43069.0,43069.0,67698.4,56645.3,14966.7,13735.3,0.0,88494.8,0.0,19364.2,90402.5,21361.8,112870.2,104965.8,128652.3,156193.2,148
3881.1,153846.0,33991.0,33717.0,43069.0,43069.0,67698.4,56645.3,14966.7,13735.3,0.0,88494.8,0.0,19363.3,90402.5,21359.0,112867.5,104968.6,128652.3,156193.2,148
3882.1,153846.0,33991.0,33717.0,43069.0,43069.0,67698.4,56645.3,14966.7,13735.3,0.0,88494.8,0.0,19373.6,90402.5,21368.5,112877.0,104959.1,128652.3,156193.2,148
3883.1,153846.0,33991.0,33717.0,43069.0,43069.0,67698.4,56645.3,14966.7,13735.3,0.0,88494.8,0.0,19382.6,90402.3,21378.7,112887.0,104948.9,128652.3,156193.2,148
3884.2,153846.0,33991.0,33717.0,43069.0,43069.0,67698.4,56645.3,14966.7,13735.3,0.0,88494.8,0.0,19392.1,90402.7,21389.2,112897.9,104938.4,128652.3,156193.2,148
3885.2,153846.0,33991.0,33717.0,43069.0,43069.0,67698.4,56645.3,14966.7,13735.3,0.0,88494.8,0.0,19404.3,90402.5,21403.3,112911.9,104924.2,128652.3,156193.2,148
3886.2,153846.0,33991.0,33717.0,43069.0,43069.0,67698.5,56645.5,14966.8,13735.5,0.0,88494.8,0.0,19414.8,90402.5,21415.5,112924.1,104912.1,128652.3,156193.3,148
3887.2,153846.0,33991.0,33717.0,43069.0,43069.0,67698.5,56645.5,14966.9,13735.5,0.0,88494.8,0.0,19423.8,90402.5,21433.3,112941.8,104894.3,128652.3,156193.4,148
3888.2,153846.0,33991.0,33717.0,43069.0,43069.0,67698.6,56645.5,14966.9,13735.5,0.0,88494.8,0.0,19435.2,90402.5,21435.5,112944.1,104892.1,128652.3,156193.4,148
3889.2,153846.0,33991.0,33717.0,43069.0,43069.0,67698.6,56645.5,14966.9,13735.5,0.0,88494.8,0.0,19445.1,90402.6,21443.9,112952.5,104883.6,128652.3,156193.4,148
3890.2,153846.0,33991.0,33717.0,43069.0,43069.0,67698.6,56645.5,14966.9,13735.5,0.0,88494.8,0.0,19456.5,90402.6,21457.3,112965.9,104870.3,128652.3,156193.4,148
3891.2,153846.0,33991.0,33717.0,43069.0,43069.0,67707.3,56654.3,14975.7,13744.3,0.0,88494.8,0.0,19475.0,90408.1,21481.1,112995.2,104846.5,128652.3,156202.2,148
3892.2,153846.0,33991.0,33717.0,43069.0,43069.0,67707.6,56654.5,14975.9,13744.5,0.0,88494.8,0.0,19487.1,90404.4,21492.4,113002.9,104835.2,128652.3,156202.5,148
3893.2,153846.0,33991.0,33717.0,43069.0,43069.0,67711.3,56658.2,14979.6,13748.2,0.0,88580.1,0.0,19441.8,90492.4,21451.3,113049.7,104876.3,128652.3,156291.3,148
3894.2,153846.0,33991.0,33717.0,43069.0,43069.0,67713.3,56660.2,14981.6,13750.2,0.0,88580.1,0.0,19459.3,90491.3,21462.2,113059.6,104865.3,128652.3,156293.4,148
3895.2,153846.0,33991.0,33717.0,43069.0,43069.0,67713.3,56660.2,14981.6,13750.2,0.0,88580.2,0.0,19469.8,90490.6,21473.5,113070.1,104854.1,128652.3,156293.5,148
3896.2,153846.0,33991.0,33717.0,43069.0,43069.0,67713.4,56660.3,14981.6,13750.3,0.0,88580.3,0.0,19481.9,90490.7,21485.6,113082.3,104841.9,128652.3,156293.6,148
3897.2,153846.0,33991.0,33717.0,43069.0,43069.0,67713.4,56660.3,14981.6,13750.3,0.0,88580.3,0.0,19493.9,90490.7,21497.2,113093.9,104830.3,128652.3,156293.6,148
3898.2,153846.0,33991.0,33717.0,43069.0,43069.0,67713.4,56660.3,14981.7,13750.3,0.0,88580.3,0.0,19505.1,90490.7,21505.0,113101.7,104822.6,128652.3,156293.7,148
3899.2,153846.0,33991.0,33717.0,43069.0,43069.0,67713.4,56660.3,14981.7,13750.3,0.0,88580.3,0.0,19453.9,90490.7,21457.6,113054.3,104870.0,128652.3,156293.7,148
3900.2,153846.0,33991.0,33717.0,43069.0,43069.0,67717.4,56664.3,14985.7,13754.3,0.0,88580.3,0.0,19497.0,90498.0,21514.8,113118.8,104812.8,128652.3,156297.7,148
3901.2,153846.0,33991.0,33717.0,43069.0,43069.0,67717.4,56664.4,14985.7,13754.3,0.0,88580.3,0.0,19473.0,90491.5,21477.8,113075.4,104849.7,128652.3,156297.7,148
3902.2,153846.0,33991.0,33717.0,43069.0,43069.0,67717.4,56664.4,14985.7,13754.3,0.0,88580.3,0.0,19482.4,90491.5,21488.1,113085.6,104839.5,128652.3,156297.7,148
3903.2,153846.0,33991.0,33717.0,43069.0,43069.0,67717.4,56664.4,14985.7,13754.3,0.0,88580.3,0.0,19495.5,90494.5,21508.6,113109.1,104819.0,128652.3,156297.7,148
3904.2,153846.0,33991.0,33717.0,43069.0,43069.0,67717.4,56664.4,14985.7,13754.3,0.0,88580.3,0.0,19503.9,90491.6,21514.2,113111.9,104813.4,128652.3,156297.8,148
3905.2,153846.0,33991.0,33717.0,43069.0,43069.0,67717.4,56664.4,14985.7,13754.3,0.0,88580.3,0.0,19515.5,90491.5,21521.7,113119.2,104805.9,128652.3,156297.8,148
3906.2,153846.0,33991.0,33717.0,43069.0,43069.0,67717.4,56664.4,14985.7,13754.3,0.0,88580.3,0.0,19527.1,90491.5,21532.0,113129.6,104795.6,128652.3,156297.8,148
3907.2,153846.0,33991.0,33717.0,43069.0,43069.0,67717.4,56664.4,14985.7,13754.3,0.0,88580.3,0.0,19537.3,90491.5,21542.2,113139.8,104785.3,128652.3,156297.8,148
3908.2,153846.0,33991.0,33717.0,43069.0,43069.0,67717.4,56664.4,14985.7,13754.3,0.0,88580.3,0.0,19548.4,90491.5,21550.1,113147.6,104777.5,128652.3,156297.8,148
3909.2,153846.0,33991.0,33717.0,43069.0,43069.0,67717.4,56664.4,14985.7,13754.3,0.0,88580.3,0.0,19557.5,90491.5,21558.1,113155.7,104769.4,128652.3,156297.8,148
3910.2,153846.0,33991.0,33717.0,43069.0,43069.0,67717.4,56664.4,14985.7,13754.3,0.0,88580.3,0.0,19568.8,90491.5,21569.4,113167.0,104758.1,128652.3,156297.8,148
3911.2,153846.0,33991.0,33717.0,43069.0,43069.0,67717.4,56664.4,14985.7,13754.3,0.0,88580.4,0.0,19578.2,90491.6,21580.6,113178.2,104746.9,128652.3,156297.8,148
3912.2,153846.0,33991.0,33717.0,43069.0,43069.0,67717.4,56664.4,14985.7,13754.3,0.0,88580.4,0.0,19588.3,90491.5,21589.7,113187.2,104737.9,128652.3,156297.8,148
3913.2,153846.0,33991.0,33717.0,43069.0,43069.0,67717.4,56664.4,14985.7,13754.3,0.0,88580.4,0.0,19599.0,90491.5,21600.3,113197.9,104727.2,128652.3,156297.8,148
3914.2,153846.0,33991.0,33717.0,43069.0,43069.0,67717.4,56664.4,14985.7,13754.3,0.0,88580.4,0.0,19606.8,90491.5,21608.0,113205.5,104719.6,128652.3,156297.8,148
3915.2,153846.0,33991.0,33717.0,43069.0,43069.0,67702.1,56649.0,14970.4,13739.0,0.0,88580.4,0.0,19603.0,90494.6,21617.8,113218.4,104709.8,128652.3,156282.5,148
3916.2,153846.0,33991.0,33717.0,43069.0,43069.0,67702.1,56649.0,14970.4,13739.0,0.0,88580.4,0.0,19613.6,90491.3,21619.7,113217.0,104707.9,128652.3,156282.5,148
3917.2,153846.0,33991.0,33717.0,43069.0,43069.0,67702.1,56649.0,14970.4,13739.0,0.0,88580.4,0.0,19624.1,90491.3,21630.4,113227.7,104697.2,128652.3,156282.5,148
3918.2,153846.0,33991.0,33717.0,43069.0,43069.0,67702.1,56649.0,14970.4,13739.0,0.0,88580.5,0.0,19634.8,90491.4,21642.8,113240.3,104684.7,128652.3,156282.7,148
3919.2,153846.0,33991.0,33717.0,43069.0,43069.0,67702.1,56649.0,14970.4,13739.0,0.0,88580.5,0.0,19646.2,90492.7,21668.5,113267.3,104659.0,128652.3,156282.7,148
3920.2,153846.0,33991.0,33717.0,43069.0,43069.0,67702.1,56649.0,14970.4,13739.0,0.0,88580.6,0.0,19656.5,90491.8,21665.7,113263.5,104661.9,128652.3,156282.7,148
3921.2,153846.0,33991.0,33717.0,43069.0,43069.0,67702.1,56649.0,14970.4,13739.0,0.0,88580.6,0.0,19666.7,90491.8,21676.3,113274.2,104651.2,128652.3,156282.7,148
3922.2,153846.0,33991.0,33717.0,43069.0,43069.0,67702.1,56649.0,14970.4,13739.0,0.0,88580.6,0.0,19678.0,90491.8,21686.1,113284.0,104641.4,128652.3,156282.7,148
3923.2,153846.0,33991.0,33717.0,43069.0,43069.0,67702.1,56649.0,14970.4,13739.0,0.0,88580.6,0.0,19688.7,90491.8,21698.5,113296.4,104629.0,128652.3,156282.7,148
3924.2,153846.0,33991.0,33717.0,43069.0,43069.0,67702.1,56649.0,14970.4,13739.0,0.0,88580.6,0.0,19696.4,90491.9,21705.8,113303.7,104621.7,128652.3,156282.7,148
3925.2,153846.0,33991.0,33717.0,43069.0,43069.0,67702.1,56649.0,14970.4,13739.0,0.0,88580.6,0.0,19707.8,90491.9,21716.8,113314.8,104610.7,128652.3,156282.7,148
3926.2,153846.0,33991.0,33717.0,43069.0,43069.0,67702.1,56649.0,14970.4,13739.0,0.0,88580.6,0.0,19717.3,90491.9,21729.4,113327.3,104598.2,128652.3,156282.7,148
3927.2,153846.0,33991.0,33717.0,43069.0,43069.0,67702.1,56649.0,14970.4,13739.0,0.0,88580.6,0.0,19728.8,90491.9,21740.5,113338.5,104587.0,128652.3,156282.8,148
3928.2,153846.0,33991.0,33717.0,43069.0,43069.0,67702.1,56649.0,14970.4,13739.0,0.0,88580.6,0.0,19739.8,90491.9,21754.3,113352.3,104573.2,128652.3,156282.8,148
3929.2,153846.0,33991.0,33717.0,43069.0,43069.0,67702.1,56649.0,14970.4,13739.0,0.0,88644.6,0.0,19686.6,90557.6,21703.3,113367.0,104624.2,128652.3,156346.7,148
3930.2,153846.0,33991.0,33717.0,43069.0,43069.0,67702.1,56649.0,14970.4,13739.0,0.0,88644.6,0.0,19697.1,90557.6,21709.9,113373.6,104617.6,128652.3,156346.7,148
3931.2,153846.0,33991.0,33717.0,43069.0,43069.0,67702.1,56649.0,14970.4,13739.0,0.0,88644.6,0.0,19707.9,90557.6,21724.1,113387.8,104603.5,128652.3,156346.7,148
3932.2,153846.0,33991.0,33717.0,43069.0,43069.0,67702.1,56649.0,14970.4,13739.0,0.0,88644.7,0.0,19718.8,90557.8,21734.5,113398.4,104593.0,128652.3,156346.9,148
3933.2,153846.0,33991.0,33717.0,43069.0,43069.0,67702.1,56649.0,14970.4,13739.0,0.0,88644.7,0.0,19729.3,90557.8,21750.1,113413.9,104577.4,128652.3,156346.9,148
3934.2,153846.0,33991.0,33717.0,43069.0,43069.0,67702.1,56649.0,14970.4,13739.0,0.0,88644.8,0.0,19737.6,90557.8,21754.8,113418.7,104572.7,128652.3,156346.9,148
3935.2,153846.0,33991.0,33717.0,43069.0,43069.0,67702.1,56649.0,14970.4,13739.0,0.0,88644.8,0.0,19747.3,90557.8,21765.5,113429.3,104562.1,128652.3,156346.9,148
3936.2,153846.0,33991.0,33717.0,43069.0,43069.0,67702.1,56649.1,14970.5,13739.1,0.0,88708.7,0.0,19696.0,90623.6,21708.9,113438.5,104618.6,128652.3,156410.9,148
3937.2,153846.0,33991.0,33717.0,43069.0,43069.0,67715.5,56662.4,14983.8,13752.4,0.0,88708.8,0.0,19719.2,90633.0,21743.1,113482.2,104584.4,128652.3,156424.3,148
3938.2,153846.0,33991.0,33717.0,43069.0,43069.0,67715.5,56662.4,14983.8,13752.4,0.0,88708.8,0.0,19731.6,90623.8,21750.1,113480.0,104577.4,128652.3,156424.3,148
3939.2,153846.0,33991.0,33717.0,43069.0,43069.0,67715.5,56662.4,14983.8,13752.4,0.0,88708.8,0.0,19742.8,90623.8,21762.3,113492.2,104565.2,128652.3,156424.3,148
3940.2,153846.0,33991.0,33717.0,43069.0,43069.0,67705.8,56652.8,14974.1,13742.8,0.0,88708.8,0.0,19745.0,90625.0,21760.9,113492.0,104566.6,128652.3,156414.6,148
3941.2,153846.0,33991.0,33717.0,43069.0,43069.0,67706.0,56652.9,14974.3,13742.9,0.0,88708.8,0.0,19756.5,90624.3,21771.8,113502.2,104555.7,128652.3,156414.8,148
3942.2,153846.0,33991.0,33717.0,43069.0,43069.0,67706.0,56652.9,14974.3,13742.9,0.0,88708.8,0.0,19769.9,90624.3,21785.5,113515.8,104542.1,128652.3,156414.8,148
3943.2,153846.0,33991.0,33717.0,43069.0,43069.0,67706.0,56652.9,14974.3,13742.9,0.0,88708.8,0.0,19778.7,90624.3,21789.4,113519.8,104538.1,128652.3,156414.8,148
3944.2,153846.0,33991.0,33717.0,43069.0,43069.0,67706.0,56652.9,14974.3,13742.9,0.0,88708.8,0.0,19789.8,90624.3,21800.4,113530.8,104527.1,128652.3,156414.8,148
3945.2,153846.0,33991.0,33717.0,43069.0,43069.0,67706.0,56652.9,14974.3,13742.9,0.0,88708.8,0.0,19799.6,90624.1,21805.6,113535.7,104521.9,128652.3,156414.8,148
3946.2,153846.0,33991.0,33717.0,43069.0,43069.0,67706.0,56652.9,14974.3,13742.9,0.0,88708.8,0.0,19811.4,90623.9,21818.4,113548.3,104509.1,128652.3,156414.9,148
3947.2,153846.0,33991.0,33717.0,43069.0,43069.0,67706.0,56652.9,14974.3,13742.9,0.0,88765.4,0.0,19765.6,90681.9,21771.0,113559.0,104556.5,128652.3,156471.4,148
3948.2,153846.0,33991.0,33717.0,43069.0,43069.0,67706.0,56652.9,14974.3,13742.9,0.0,88765.4,0.0,19778.0,90681.8,21784.1,113572.0,104543.5,128652.3,156471.4,148
3949.2,153846.0,33991.0,33717.0,43069.0,43069.0,67706.0,56652.9,14974.3,13742.9,0.0,88765.4,0.0,19788.4,90681.9,21795.1,113583.0,104532.4,128652.3,156471.4,148
3950.2,153846.0,33991.0,33717.0,43069.0,43069.0,67706.0,56652.9,14974.3,13742.9,0.0,88924.2,0.0,19624.5,90845.1,21626.7,113577.9,104700.8,128652.3,156630.2,148
3951.2,153846.0,33991.0,33717.0,43069.0,43069.0,67706.0,56652.9,14974.3,13742.9,0.0,88924.2,0.0,19634.9,90845.1,21636.5,113587.7,104691.0,128652.3,156630.2,148
3952.3,153846.0,33991.0,33717.0,43069.0,43069.0,67706.0,56652.9,14974.3,13742.9,0.0,88924.2,0.0,19646.1,90845.6,21646.6,113598.3,104680.9,128652.3,156630.2,148
3953.3,153846.0,33991.0,33717.0,43069.0,43069.0,67706.0,56652.9,14974.3,13742.9,0.0,88988.0,0.0,19594.1,90910.3,21596.5,113612.9,104731.0,128652.3,156694.0,148
3954.3,153846.0,33991.0,33717.0,43069.0,43069.0,67706.0,56652.9,14974.3,13742.9,0.0,88988.3,0.0,19604.9,90911.1,21605.7,113622.8,104721.8,128652.3,156694.3,148
3955.3,153846.0,33991.0,33717.0,43069.0,43069.0,67706.0,56652.9,14974.3,13742.9,0.0,88988.3,0.0,19612.7,90911.1,21612.8,113630.0,104714.7,128652.3,156694.3,148
3956.3,153846.0,33991.0,33717.0,43069.0,43069.0,67706.0,56653.0,14974.3,13743.0,0.0,88988.4,0.0,19624.2,90911.1,21624.5,113641.6,104703.0,128652.3,156694.4,148
3957.3,153846.0,33991.0,33717.0,43069.0,43069.0,67706.0,56653.0,14974.3,13743.0,0.0,88988.4,0.0,19634.9,90911.1,21635.8,113652.9,104691.7,128652.3,156694.4,148
3958.3,153846.0,33991.0,33717.0,43069.0,43069.0,67706.0,56653.0,14974.3,13743.0,0.0,88988.4,0.0,19645.2,90911.1,21645.1,113662.2,104682.4,128652.3,156694.4,148
3959.3,153846.0,33991.0,33717.0,43069.0,43069.0,67706.0,56653.0,14974.3,13743.0,0.0,88988.4,0.0,19656.5,90911.1,21656.2,113673.3,104671.3,128652.3,156694.4,148
3960.3,153846.0,33991.0,33717.0,43069.0,43069.0,67706.0,56653.0,14974.3,13743.0,0.0,88988.4,0.0,19665.0,90911.1,21665.8,113683.0,104661.7,128652.3,156694.4,148
3961.3,153846.0,33991.0,33717.0,43069.0,43069.0,67706.0,56653.0,14974.3,13743.0,0.0,88988.4,0.0,19674.0,90911.1,21677.3,113694.5,104650.2,128652.3,156694.4,148
3962.3,153846.0,33991.0,33717.0,43069.0,43069.0,67706.0,56653.0,14974.3,13743.0,0.0,88988.4,0.0,19683.8,90911.1,21686.8,113704.0,104640.7,128652.3,156694.4,148
3963.3,153846.0,33991.0,33717.0,43069.0,43069.0,67706.0,56653.0,14974.3,13743.0,0.0,88988.4,0.0,19696.1,90911.1,21698.8,113715.9,104628.7,128652.3,156694.4,148
3964.3,153846.0,33991.0,33717.0,43069.0,43069.0,67706.0,56653.0,14974.3,13743.0,0.0,88988.4,0.0,19705.3,90911.1,21706.8,113723.9,104620.7,128652.3,156694.4,148
3965.3,153846.0,33991.0,33717.0,43069.0,43069.0,67706.0,56653.0,14974.3,13743.0,0.0,88988.4,0.0,19713.7,90911.1,21712.5,113729.7,104615.0,128652.3,156694.4,148
3966.3,153846.0,33991.0,33717.0,43069.0,43069.0,67706.0,56653.0,14974.3,13743.0,0.0,88988.4,0.0,19721.8,90911.1,21728.9,113746.1,104598.6,128652.3,156694.4,148
3967.3,153846.0,33991.0,33717.0,43069.0,43069.0,67706.0,56653.0,14974.3,13743.0,0.0,88988.4,0.0,19731.9,90911.1,21745.0,113762.3,104582.5,128652.3,156694.4,148
3968.3,153846.0,33991.0,33717.0,43069.0,43069.0,67706.0,56653.0,14974.3,13743.0,0.0,88988.6,0.0,19741.2,90911.1,21752.0,113769.2,104575.5,128652.3,156694.6,148
3969.3,153846.0,33991.0,33717.0,43069.0,43069.0,67706.0,56653.0,14974.3,13743.0,0.0,88988.6,0.0,19750.7,90911.1,21761.3,113778.5,104566.2,128652.3,156694.6,148
3970.3,153846.0,33991.0,33717.0,43069.0,43069.0,67706.0,56653.0,14974.3,13743.0,0.0,88988.6,0.0,19759.6,90911.1,21771.1,113788.2,104556.4,128652.3,156694.6,148
3971.3,153846.0,33991.0,33717.0,43069.0,43069.0,67706.0,56653.0,14974.4,13743.0,0.0,88988.6,0.0,19769.1,90911.1,21781.5,113798.7,104546.0,128652.3,156694.6,148
3972.3,153846.0,33991.0,33717.0,43069.0,43069.0,67706.0,56653.0,14974.4,13743.0,0.0,88988.6,0.0,19777.9,90911.1,21787.4,113804.6,104540.1,128652.3,156694.6,148
3973.3,153846.0,33991.0,33717.0,43069.0,43069.0,67706.0,56653.0,14974.4,13743.0,0.0,88988.6,0.0,19787.2,90911.1,21794.5,113811.7,104533.0,128652.3,156694.6,148
3974.3,153846.0,33991.0,33717.0,43069.0,43069.0,67706.0,56653.0,14974.4,13743.0,0.0,88988.6,0.0,19797.0,90911.1,21805.8,113823.0,104521.7,128652.3,156694.6,148
3975.3,153846.0,33991.0,33717.0,43069.0,43069.0,67706.0,56653.0,14974.4,13743.0,0.0,88988.6,0.0,19804.1,90911.1,21809.2,113826.5,104518.2,128652.3,156694.6,148
3976.3,153846.0,33991.0,33717.0,43069.0,43069.0,67706.1,56653.0,14974.4,13743.0,0.0,88988.6,0.0,19811.5,90911.1,21815.4,113832.7,104512.1,128652.3,156694.6,148
3977.3,153846.0,33991.0,33717.0,43069.0,43069.0,67706.1,56653.0,14974.4,13743.0,0.0,88988.6,0.0,19820.0,90911.1,21824.9,113842.1,104502.6,128652.3,156694.6,148
3978.3,153846.0,33991.0,33717.0,43069.0,43069.0,67706.1,56653.0,14974.4,13743.0,0.0,88988.6,0.0,19829.2,90911.1,21835.3,113852.5,104492.2,128652.3,156694.6,148
3979.3,153846.0,33991.0,33717.0,43069.0,43069.0,67706.1,56653.0,14974.4,13743.0,0.0,89010.7,0.0,19838.6,90933.8,21845.4,113885.2,104482.1,128652.3,156716.8,148
3980.3,153846.0,33991.0,33717.0,43069.0,43069.0,67706.1,56653.0,14974.4,13743.0,0.0,89011.0,0.0,19847.1,90934.1,21854.0,113894.3,104473.4,128652.3,156717.0,148
3981.3,153846.0,33991.0,33717.0,43069.0,43069.0,67706.1,56653.0,14974.3,13743.0,0.0,89011.0,0.0,19860.7,90933.8,21861.0,113901.0,104466.4,128652.3,156717.0,148
3982.3,153846.0,33991.0,33717.0,43069.0,43069.0,67706.1,56653.0,14974.3,13743.0,0.0,89011.0,0.0,19872.1,90933.6,21873.9,113913.6,104453.6,128652.3,156717.0,148
3983.3,153846.0,33991.0,33717.0,43069.0,43069.0,67723.3,56670.2,14991.6,13760.2,0.0,89011.0,0.0,19900.4,90935.2,21909.7,113951.0,104417.8,128652.3,156734.3,148
3984.3,153846.0,33991.0,33717.0,43069.0,43069.0,67723.3,56670.2,14991.6,13760.2,0.0,89011.0,0.0,19911.3,90934.9,21921.8,113962.8,104405.6,128652.3,156734.3,148
3985.3,153846.0,33991.0,33717.0,43069.0,43069.0,67723.3,56670.2,14991.6,13760.2,0.0,89011.0,0.0,19922.2,90935.0,21924.4,113965.5,104403.1,128652.3,156734.3,148
3986.3,153846.0,33991.0,33717.0,43069.0,43069.0,67723.3,56670.2,14991.6,13760.2,0.0,89011.1,0.0,19927.9,90935.7,21935.4,113977.2,104392.1,128652.3,156734.4,148
3987.3,153846.0,33991.0,33717.0,43069.0,43069.0,67728.7,56675.6,14997.0,13765.6,0.0,89011.1,0.0,19938.6,90935.0,21957.9,113999.0,104369.5,128652.3,156739.8,148
3988.3,153846.0,33991.0,33717.0,43069.0,43069.0,67731.1,56678.0,14999.4,13768.0,0.0,89011.1,0.0,19956.8,90935.9,21972.6,114014.6,104354.9,128652.3,156742.2,148
3989.3,153846.0,33991.0,33717.0,43069.0,43069.0,67733.9,56680.8,15002.2,13770.8,0.0,89033.1,0.0,19970.6,90959.1,21991.0,114056.2,104336.5,128652.3,156767.0,148
3990.3,153846.0,33991.0,33717.0,43069.0,43069.0,67736.7,56683.6,15005.0,13773.6,0.0,89388.0,0.0,19668.5,91322.8,21683.6,114112.6,104643.8,128652.3,157124.7,148
3991.3,153846.0,33991.0,33717.0,43069.0,43069.0,67730.9,56677.8,14999.2,13767.8,0.0,89388.0,0.0,19673.7,91322.0,21698.2,114126.3,104629.3,128652.3,157118.9,148
3992.3,153846.0,33991.0,33717.0,43069.0,43069.0,67730.9,56677.8,14999.2,13767.8,0.0,89388.0,0.0,19685.9,91322.2,21711.5,114139.8,104616.0,128652.3,157118.9,148
3993.3,153846.0,33991.0,33717.0,43069.0,43069.0,67730.9,56677.8,14999.2,13767.8,0.0,89388.0,0.0,19698.4,91323.4,21717.5,114147.1,104609.9,128652.3,157118.9,148
3994.3,153846.0,33991.0,33717.0,43069.0,43069.0,67730.9,56677.8,14999.2,13767.8,0.0,89388.0,0.0,19709.1,91322.6,21724.0,114152.7,104603.5,128652.3,157118.9,148
3995.3,153846.0,33991.0,33717.0,43069.0,43069.0,67730.9,56677.8,14999.2,13767.8,0.0,89388.0,0.0,19719.9,91322.6,21736.7,114165.4,104590.8,128652.3,157118.9,148
3996.3,153846.0,33991.0,33717.0,43069.0,43069.0,67730.9,56677.8,14999.2,13767.8,0.0,89388.0,0.0,19730.3,91322.6,21744.5,114173.2,104583.0,128652.3,157118.9,148
3997.3,153846.0,33991.0,33717.0,43069.0,43069.0,67730.9,56677.8,14999.2,13767.8,0.0,89388.0,0.0,19740.6,91322.2,21754.8,114183.2,104572.6,128652.3,157118.9,148
3998.3,153846.0,33991.0,33717.0,43069.0,43069.0,67730.9,56677.8,14999.2,13767.8,0.0,89388.1,0.0,19751.5,91322.3,21768.1,114196.5,104559.4,128652.3,157119.0,148
3999.3,153846.0,33991.0,33717.0,43069.0,43069.0,67730.9,56677.8,14999.2,13767.8,0.0,89388.1,0.0,19763.7,91322.3,21780.2,114208.7,104547.2,128652.3,157119.0,148
4000.3,153846.0,33991.0,33717.0,43069.0,43069.0,67730.9,56677.8,14999.2,13767.8,0.0,89388.1,0.0,19772.6,91322.3,21788.2,114216.7,104539.2,128652.3,157119.0,148
4001.3,153846.0,33991.0,33717.0,43069.0,43069.0,67730.9,56677.8,14999.2,13767.8,0.0,89388.1,0.0,19782.8,91322.3,21800.0,114228.4,104527.4,128652.3,157119.0,148
4002.3,153846.0,33991.0,33717.0,43069.0,43069.0,67730.9,56677.8,14999.2,13767.8,0.0,89985.1,0.0,19795.4,91935.6,21813.7,114855.4,104513.7,128652.3,157716.0,148
4003.3,153846.0,33991.0,33717.0,43069.0,43069.0,67730.9,56677.8,14999.2,13767.8,0.0,90245.8,0.0,19110.2,92203.9,21124.1,114434.2,105203.3,128652.3,157976.7,148
4004.3,153846.0,33991.0,33717.0,43069.0,43069.0,67727.3,56674.2,14995.6,13764.2,0.0,90245.5,0.0,19117.0,92209.9,21139.2,114455.2,105188.2,128652.3,157972.8,148
4005.3,153846.0,33991.0,33717.0,43069.0,43069.0,67727.3,56674.2,14995.6,13764.2,0.0,90245.5,0.0,19127.3,92203.6,21135.5,114445.3,105191.9,128652.3,157972.8,148
4006.3,153846.0,33991.0,33717.0,43069.0,43069.0,67727.3,56674.2,14995.6,13764.2,0.0,90245.5,0.0,19136.8,92203.6,21144.4,114454.2,105183.0,128652.3,157972.8,148
4007.3,153846.0,33991.0,33717.0,43069.0,43069.0,67727.3,56674.2,14995.6,13764.2,0.0,90245.7,0.0,19144.6,92203.7,21151.5,114461.5,105175.9,128652.3,157973.0,148
4008.3,153846.0,33991.0,33717.0,43069.0,43069.0,67727.3,56674.2,14995.6,13764.2,0.0,90245.7,0.0,19155.3,92203.8,21161.6,114471.5,105165.8,128652.3,157973.0,148
4009.3,153846.0,33991.0,33717.0,43069.0,43069.0,67727.3,56674.2,14995.6,13764.2,0.0,90366.4,0.0,18970.6,92327.4,20975.6,114409.2,105351.8,128652.3,158093.7,148
4010.3,153846.0,33991.0,33717.0,43069.0,43069.0,67727.3,56674.2,14995.6,13764.2,0.0,90366.6,0.0,18979.7,92328.0,20982.3,114416.6,105345.0,128652.3,158093.9,148
4011.3,153846.0,33991.0,33717.0,43069.0,43069.0,67727.3,56674.2,14995.6,13764.2,0.0,90366.6,0.0,18988.4,92328.0,20994.1,114428.3,105333.3,128652.3,158093.9,148
4012.3,153846.0,33991.0,33717.0,43069.0,43069.0,67727.3,56674.2,14995.6,13764.2,0.0,90366.6,0.0,18998.4,92328.0,21003.1,114437.4,105324.3,128652.3,158093.9,148
4013.3,153846.0,33991.0,33717.0,43069.0,43069.0,67727.3,56674.2,14995.6,13764.2,0.0,90366.6,0.0,19007.9,92327.9,21011.1,114445.2,105316.3,128652.3,158093.9,148
4014.3,153846.0,33991.0,33717.0,43069.0,43069.0,67727.3,56674.2,14995.6,13764.2,0.0,90366.6,0.0,19017.1,92327.9,21018.3,114452.4,105309.0,128652.3,158093.9,148
4015.3,153846.0,33991.0,33717.0,43069.0,43069.0,67727.3,56674.2,14995.6,13764.2,0.0,90366.6,0.0,19025.2,92327.9,21027.8,114461.9,105299.6,128652.3,158093.9,148
4016.3,153846.0,33991.0,33717.0,43069.0,43069.0,67727.3,56674.2,14995.6,13764.2,0.0,90366.6,0.0,19034.6,92327.9,21037.3,114471.4,105290.1,128652.3,158093.9,148
4017.3,153846.0,33991.0,33717.0,43069.0,43069.0,67727.3,56674.2,14995.6,13764.2,0.0,90366.6,0.0,19042.7,92327.9,21044.8,114478.9,105282.6,128652.3,158093.9,148
4018.3,153846.0,33991.0,33717.0,43069.0,43069.0,67727.3,56674.2,14995.6,13764.2,0.0,90366.6,0.0,19051.4,92327.9,21054.2,114488.3,105273.2,128652.3,158093.9,148
4019.3,153846.0,33991.0,33717.0,43069.0,43069.0,67727.3,56674.2,14995.6,13764.2,0.0,90366.6,0.0,19060.7,92327.7,21066.8,114500.7,105260.6,128652.3,158093.9,148
4020.3,153846.0,33991.0,33717.0,43069.0,43069.0,67727.3,56674.2,14995.6,13764.2,0.0,90366.6,0.0,19069.8,92327.7,21077.1,114511.0,105250.3,128652.3,158093.9,148
4021.3,153846.0,33991.0,33717.0,43069.0,43069.0,67727.3,56674.2,14995.6,13764.2,0.0,90366.6,0.0,19079.3,92327.7,21087.4,114521.3,105240.0,128652.3,158093.9,148
4022.3,153846.0,33991.0,33717.0,43069.0,43069.0,67727.3,56674.2,14995.6,13764.2,0.0,90366.6,0.0,19088.9,92327.7,21094.0,114527.9,105233.4,128652.3,158093.9,148
4023.3,153846.0,33991.0,33717.0,43069.0,43069.0,67727.3,56674.2,14995.6,13764.2,0.0,90366.6,0.0,19097.0,92327.7,21102.7,114536.7,105224.6,128652.3,158093.9,148
4024.3,153846.0,33991.0,33717.0,43069.0,43069.0,67727.3,56674.2,14995.6,13764.2,0.0,90366.6,0.0,19102.0,92327.7,21108.6,114542.5,105218.8,128652.3,158094.0,148
4025.3,153846.0,33991.0,33717.0,43069.0,43069.0,67727.3,56674.2,14995.6,13764.2,0.0,90366.6,0.0,19111.1,92327.7,21116.9,114550.9,105210.4,128652.3,158094.0,148
4026.3,153846.0,33991.0,33717.0,43069.0,43069.0,67727.3,56674.2,14995.6,13764.2,0.0,90401.1,0.0,19085.0,92363.2,21090.4,114559.8,105237.0,128652.3,158128.4,148
4027.3,153846.0,33991.0,33717.0,43069.0,43069.0,67727.3,56674.2,14995.6,13764.2,0.0,90401.1,0.0,19090.1,92363.2,21098.8,114568.2,105228.6,128652.3,158128.4,148
4028.3,153846.0,33991.0,33717.0,43069.0,43069.0,67727.3,56674.2,14995.6,13764.2,0.0,90401.2,0.0,19097.2,92363.3,21108.5,114578.0,105218.9,128652.3,158128.6,148
4029.3,153846.0,33991.0,33717.0,43069.0,43069.0,67727.3,56674.2,14995.6,13764.2,0.0,90401.3,0.0,19105.6,92363.3,21117.1,114586.6,105210.3,128652.3,158128.6,148
4030.4,153846.0,33991.0,33717.0,43069.0,43069.0,67727.3,56674.2,14995.6,13764.2,0.0,90401.3,0.0,19112.1,92369.9,21136.0,114612.1,105191.4,128652.3,158128.6,148
4031.4,153846.0,33991.0,33717.0,43069.0,43069.0,67727.3,56674.2,14995.6,13764.2,0.0,90401.3,0.0,19125.0,92364.2,21134.7,114605.2,105192.7,128652.3,158128.6,148
4032.4,153846.0,33991.0,33717.0,43069.0,43069.0,67709.9,56656.8,14978.2,13746.8,0.0,90401.3,0.0,19116.5,92367.8,21135.4,114609.4,105192.0,128652.3,158111.2,148
4033.4,153846.0,33991.0,33717.0,43069.0,43069.0,67709.9,56656.8,14978.2,13746.8,0.0,90401.3,0.0,19126.6,92363.7,21139.1,114609.0,105188.3,128652.3,158111.2,148
4034.4,153846.0,33991.0,33717.0,43069.0,43069.0,67709.9,56656.8,14978.2,13746.8,0.0,90401.3,0.0,19136.9,92363.7,21149.1,114619.1,105178.2,128652.3,158111.2,148
4035.4,153846.0,33991.0,33717.0,43069.0,43069.0,67709.9,56656.8,14978.2,13746.8,0.0,90401.3,0.0,19146.8,92363.7,21159.2,114629.1,105168.2,128652.3,158111.2,148
4036.4,153846.0,33991.0,33717.0,43069.0,43069.0,67709.9,56656.8,14978.2,13746.8,0.0,90401.3,0.0,19156.8,92363.7,21172.1,114642.1,105155.2,128652.3,158111.2,148
4037.4,153846.0,33991.0,33717.0,43069.0,43069.0,67709.9,56656.8,14978.2,13746.8,0.0,90401.3,0.0,19165.3,92363.7,21180.9,114650.8,105146.5,128652.3,158111.2,148
4038.4,153846.0,33991.0,33717.0,43069.0,43069.0,67709.9,56656.8,14978.2,13746.8,0.0,90443.1,0.0,19174.5,92406.5,21186.9,114699.7,105140.4,128652.3,158153.0,148
4039.4,153846.0,33991.0,33717.0,43069.0,43069.0,67709.9,56656.8,14978.2,13746.8,0.0,90465.2,0.0,19119.7,92429.4,21130.8,114666.4,105196.6,128652.3,158175.1,148
4040.4,153846.0,33991.0,33717.0,43069.0,43069.0,67709.9,56656.8,14978.2,13746.8,0.0,90465.2,0.0,19129.3,92429.4,21141.0,114676.6,105186.4,128652.3,158175.1,148
4041.4,153846.0,33991.0,33717.0,43069.0,43069.0,67709.9,56656.8,14978.2,13746.8,0.0,90465.2,0.0,19137.2,92429.4,21149.0,114684.7,105178.3,128652.3,158175.1,148
4042.4,153846.0,33991.0,33717.0,43069.0,43069.0,67709.9,56656.8,14978.2,13746.8,0.0,90465.3,0.0,19147.9,92429.5,21156.1,114691.8,105171.3,128652.3,158175.2,148
4043.4,153846.0,33991.0,33717.0,43069.0,43069.0,67709.9,56656.8,14978.2,13746.8,0.0,90465.3,0.0,19155.0,92429.5,21163.6,114699.4,105163.7,128652.3,158175.2,148
4044.4,153846.0,33991.0,33717.0,43069.0,43069.0,67709.9,56656.8,14978.2,13746.8,0.0,90529.3,0.0,19103.2,92495.3,21106.4,114707.9,105221.0,128652.3,158239.2,148
4045.4,153846.0,33991.0,33717.0,43069.0,43069.0,67718.2,56665.1,14986.5,13755.1,0.0,90529.6,0.0,19118.4,92498.0,21123.1,114727.3,105204.3,128652.3,158247.8,148
4046.4,153846.0,33991.0,33717.0,43069.0,43069.0,67718.2,56665.1,14986.5,13755.1,0.0,90529.7,0.0,19128.6,92496.8,21139.2,114742.2,105188.2,128652.3,158247.9,148
4047.4,153846.0,33991.0,33717.0,43069.0,43069.0,67719.2,56666.1,14987.5,13756.1,0.0,90529.7,0.0,19135.9,92496.2,21136.9,114739.4,105190.4,128652.3,158248.9,148
4048.4,153846.0,33991.0,33717.0,43069.0,43069.0,67722.0,56668.9,14990.3,13758.9,0.0,90529.7,0.0,19142.4,92496.0,21146.5,114748.7,105180.9,128652.3,158251.6,148
4049.4,153846.0,33991.0,33717.0,43069.0,43069.0,67724.7,56671.6,14993.0,13761.6,0.0,90529.7,0.0,19153.2,92495.1,21167.6,114768.9,105159.8,128652.3,158254.4,148
4050.4,153846.0,33991.0,33717.0,43069.0,43069.0,67726.9,56673.8,14995.2,13763.8,0.0,90529.7,0.0,19163.9,92495.5,21176.3,114778.0,105151.1,128652.3,158256.6,148
4051.4,153846.0,33991.0,33717.0,43069.0,43069.0,67726.9,56673.8,14995.2,13763.8,0.0,90529.7,0.0,19173.6,92493.8,21185.8,114785.9,105141.5,128652.3,158256.6,148
4052.4,153846.0,33991.0,33717.0,43069.0,43069.0,67726.9,56673.8,14995.2,13763.8,0.0,90529.7,0.0,19181.4,92493.8,21195.5,114795.5,105131.9,128652.3,158256.6,148
4053.4,153846.0,33991.0,33717.0,43069.0,43069.0,67726.9,56673.8,14995.2,13763.8,0.0,90529.7,0.0,19189.8,92493.8,21204.6,114804.7,105122.7,128652.3,158256.6,148
4054.4,153846.0,33991.0,33717.0,43069.0,43069.0,67726.9,56673.8,14995.2,13763.8,0.0,90557.3,0.0,19198.3,92521.9,21217.2,114845.3,105110.2,128652.3,158284.2,148
4055.4,153846.0,33991.0,33717.0,43069.0,43069.0,67726.9,56673.8,14995.2,13763.8,0.0,90557.5,0.0,19208.4,92521.8,21225.0,114853.0,105102.4,128652.3,158284.4,148
4056.4,153846.0,33991.0,33717.0,43069.0,43069.0,67725.9,56672.8,14994.2,13762.8,0.0,90558.0,0.0,19216.5,92522.3,21232.8,114861.4,105094.5,128652.3,158283.9,148
4057.4,153846.0,33991.0,33717.0,43069.0,43069.0,67725.9,56672.8,14994.2,13762.8,0.0,90650.0,0.0,19149.7,92616.6,21164.2,114887.0,105163.2,128652.3,158375.9,148
4058.4,153846.0,33991.0,33717.0,43069.0,43069.0,67725.9,56672.8,14994.2,13762.8,0.0,90650.3,0.0,19157.2,92617.7,21171.5,114895.4,105155.9,128652.3,158376.2,148
4059.4,153846.0,33991.0,33717.0,43069.0,43069.0,67725.9,56672.8,14994.2,13762.8,0.0,90650.3,0.0,19168.2,92617.7,21183.0,114906.9,105144.4,128652.3,158376.2,148
4060.4,153846.0,33991.0,33717.0,43069.0,43069.0,67725.9,56672.8,14994.2,13762.8,0.0,90650.3,0.0,19178.0,92617.7,21192.8,114916.8,105134.5,128652.3,158376.2,148
4061.4,153846.0,33991.0,33717.0,43069.0,43069.0,67725.9,56672.8,14994.2,13762.8,0.0,90650.3,0.0,19188.7,92617.7,21208.6,114932.6,105118.7,128652.3,158376.2,148
4062.4,153846.0,33991.0,33717.0,43069.0,43069.0,67725.9,56672.8,14994.2,13762.8,0.0,90650.3,0.0,19198.2,92617.7,21219.5,114943.5,105107.9,128652.3,158376.2,148
4063.4,153846.0,33991.0,33717.0,43069.0,43069.0,67725.9,56672.8,14994.2,13762.8,0.0,90650.3,0.0,19209.1,92617.8,21226.8,114950.8,105100.6,128652.3,158376.2,148
4064.4,153846.0,33991.0,33717.0,43069.0,43069.0,67725.9,56672.8,14994.2,13762.8,0.0,90650.3,0.0,19219.8,92617.8,21235.0,114959.0,105092.4,128652.3,158376.2,148
4065.4,153846.0,33991.0,33717.0,43069.0,43069.0,67725.9,56672.8,14994.2,13762.8,0.0,90650.4,0.0,19231.7,92617.9,21246.9,114971.0,105080.5,128652.3,158376.4,148
4066.4,153846.0,33991.0,33717.0,43069.0,43069.0,67725.9,56672.8,14994.2,13762.8,0.0,90650.5,0.0,19242.5,92617.9,21259.0,114983.1,105068.4,128652.3,158376.4,148
4067.4,153846.0,33991.0,33717.0,43069.0,43069.0,67725.9,56672.8,14994.2,13762.8,0.0,90650.5,0.0,19253.5,92617.9,21270.4,114994.6,105056.9,128652.3,158376.4,148
4068.4,153846.0,33991.0,33717.0,43069.0,43069.0,67725.9,56672.8,14994.2,13762.8,0.0,90650.5,0.0,19261.3,92617.8,21274.9,114999.0,105052.4,128652.3,158376.4,148
4069.4,153846.0,33991.0,33717.0,43069.0,43069.0,67725.9,56672.8,14994.2,13762.8,0.0,90650.5,0.0,19272.6,92617.5,21280.6,115004.4,105046.7,128652.3,158376.4,148
4070.4,153846.0,33991.0,33717.0,43069.0,43069.0,67725.9,56672.8,14994.2,13762.8,0.0,90650.5,0.0,19282.6,92617.5,21290.8,115014.5,105036.6,128652.3,158376.4,148
4071.4,153846.0,33991.0,33717.0,43069.0,43069.0,67725.9,56672.8,14994.2,13762.8,0.0,90650.5,0.0,19291.6,92617.5,21300.0,115023.8,105027.3,128652.3,158376.4,148
4072.4,153846.0,33991.0,33717.0,43069.0,43069.0,67725.9,56672.8,14994.2,13762.8,0.0,90650.5,0.0,19302.2,92617.5,21309.6,115033.4,105017.7,128652.3,158376.4,148
4073.4,153846.0,33991.0,33717.0,43069.0,43069.0,67725.9,56672.8,14994.2,13762.8,0.0,90650.5,0.0,19314.8,92617.5,21319.9,115043.7,105007.4,128652.3,158376.4,148
4074.4,153846.0,33991.0,33717.0,43069.0,43069.0,67725.9,56672.8,14994.2,13762.8,0.0,90650.5,0.0,19324.4,92617.5,21329.2,115053.0,104998.1,128652.3,158376.4,148
4075.4,153846.0,33991.0,33717.0,43069.0,43069.0,67725.9,56672.8,14994.2,13762.8,0.0,90650.5,0.0,19332.5,92617.5,21335.8,115059.6,104991.5,128652.3,158376.4,148
4076.4,153846.0,33991.0,33717.0,43069.0,43069.0,67725.9,56672.8,14994.2,13762.8,0.0,90853.0,0.0,19174.5,92825.6,21175.0,115106.9,105152.4,128652.3,158578.9,148
4077.4,153846.0,33991.0,33717.0,43069.0,43069.0,67725.9,56672.8,14994.2,13762.8,0.0,90938.7,0.0,19119.7,92913.8,21121.6,115141.7,105205.7,128652.3,158664.6,148
4078.4,153846.0,33991.0,33717.0,43069.0,43069.0,67725.9,56672.8,14994.2,13762.8,0.0,90938.7,0.0,19127.6,92913.8,21132.0,115152.1,105195.3,128652.3,158664.6,148
4079.4,153846.0,33991.0,33717.0,43069.0,43069.0,67725.9,56672.8,14994.2,13762.8,0.0,90938.7,0.0,19136.3,92913.8,21141.2,115161.3,105186.1,128652.3,158664.7,148
4080.4,153846.0,33991.0,33717.0,43069.0,43069.0,67725.9,56672.8,14994.2,13762.8,0.0,91024.0,0.0,19080.5,93000.8,21086.7,115193.8,105240.6,128652.3,158749.9,148
4081.4,153846.0,33991.0,33717.0,43069.0,43069.0,67725.9,56672.8,14994.2,13762.8,0.0,91024.4,0.0,19088.1,93002.1,21098.8,115207.2,105228.5,128652.3,158750.3,148
4082.4,153846.0,33991.0,33717.0,43069.0,43069.0,67725.9,56672.8,14994.2,13762.8,0.0,91088.4,0.0,19031.9,93067.5,21036.6,115210.3,105290.7,128652.3,158814.4,148
4083.4,153846.0,33991.0,33717.0,43069.0,43069.0,67725.9,56672.8,14994.2,13762.8,0.0,91088.5,0.0,19042.3,93067.8,21047.8,115222.0,105279.5,128652.3,158814.4,148
4084.4,153846.0,33991.0,33717.0,43069.0,43069.0,67725.9,56672.8,14994.2,13762.8,0.0,91088.5,0.0,19052.4,93067.9,21058.0,115232.2,105269.3,128652.3,158814.4,148
4085.4,153846.0,33991.0,33717.0,43069.0,43069.0,67725.9,56672.8,14994.2,13762.8,0.0,91152.0,0.0,18999.5,93132.8,21003.7,115242.9,105323.6,128652.3,158877.9,148
4086.4,153846.0,33991.0,33717.0,43069.0,43069.0,67725.9,56672.8,14994.2,13762.8,0.0,91152.5,0.0,19006.1,93133.6,21013.2,115253.1,105314.1,128652.3,158878.4,148
4087.4,153846.0,33991.0,33717.0,43069.0,43069.0,67725.9,56672.8,14994.2,13762.8,0.0,91152.5,0.0,19013.1,93136.8,21035.0,115278.1,105292.3,128652.3,158878.4,148
4088.4,153846.0,33991.0,33717.0,43069.0,43069.0,67725.9,56672.8,14994.2,13762.8,0.0,91152.5,0.0,19022.9,93133.5,21039.3,115279.2,105288.0,128652.3,158878.4,148
4089.4,153846.0,33991.0,33717.0,43069.0,43069.0,67725.9,56672.8,14994.2,13762.8,0.0,91152.5,0.0,19029.1,93133.5,21043.8,115283.7,105283.4,128652.3,158878.4,148
4090.4,153846.0,33991.0,33717.0,43069.0,43069.0,67725.9,56672.8,14994.2,13762.8,0.0,91152.5,0.0,19039.0,93133.6,21055.1,115295.0,105272.2,128652.3,158878.4,148
4091.4,153846.0,33991.0,33717.0,43069.0,43069.0,67725.9,56672.8,14994.2,13762.8,0.0,91152.5,0.0,19046.8,93133.6,21063.8,115303.6,105263.5,128652.3,158878.4,148
4092.4,153846.0,33991.0,33717.0,43069.0,43069.0,67725.9,56672.8,14994.2,13762.8,0.0,91152.5,0.0,19054.6,93133.6,21070.1,115310.0,105257.2,128652.3,158878.4,148
4093.4,153846.0,33991.0,33717.0,43069.0,43069.0,67725.9,56672.8,14994.2,13762.8,0.0,91152.5,0.0,19063.0,93133.6,21078.8,115318.7,105248.5,128652.3,158878.4,148
4094.4,153846.0,33991.0,33717.0,43069.0,43069.0,67725.9,56672.8,14994.2,13762.8,0.0,91152.5,0.0,19071.4,93133.6,21089.0,115328.8,105238.3,128652.3,158878.4,148
4095.4,153846.0,33991.0,33717.0,43069.0,43069.0,67725.9,56672.8,14994.2,13762.8,0.0,91152.5,0.0,19078.5,93133.6,21092.5,115332.4,105234.8,128652.3,158878.4,148
4096.4,153846.0,33991.0,33717.0,43069.0,43069.0,67725.9,56672.8,14994.2,13762.8,0.0,91152.5,0.0,19087.8,93133.6,21100.6,115340.5,105226.7,128652.3,158878.4,148
4097.4,153846.0,33991.0,33717.0,43069.0,43069.0,67725.9,56672.8,14994.2,13762.8,0.0,91152.5,0.0,19096.8,93133.6,21108.8,115348.7,105218.5,128652.3,158878.4,148
4098.4,153846.0,33991.0,33717.0,43069.0,43069.0,67725.9,56672.8,14994.2,13762.8,0.0,91152.5,0.0,19106.5,93133.5,21115.8,115355.6,105211.5,128652.3,158878.4,148
4099.4,153846.0,33991.0,33717.0,43069.0,43069.0,67725.9,56672.8,14994.2,13762.8,0.0,91152.6,0.0,19114.0,93133.6,21122.2,115362.1,105205.1,128652.3,158878.5,148
4100.4,153846.0,33991.0,33717.0,43069.0,43069.0,67725.9,56672.8,14994.2,13762.8,0.0,91152.6,0.0,19123.5,93133.5,21133.5,115373.3,105193.8,128652.3,158878.6,148
4101.4,153846.0,33991.0,33717.0,43069.0,43069.0,67725.9,56672.8,14994.2,13762.8,0.0,91152.6,0.0,19134.4,93133.8,21140.7,115380.8,105186.6,128652.3,158878.6,148
4102.4,153846.0,33991.0,33717.0,43069.0,43069.0,67725.9,56672.8,14994.2,13762.8,0.0,91180.8,0.0,19144.9,93162.6,21144.4,115413.3,105182.9,128652.3,158906.7,148
4103.4,153846.0,33991.0,33717.0,43069.0,43069.0,67725.9,56672.8,14994.2,13762.8,0.0,91180.8,0.0,19156.5,93162.6,21157.8,115426.7,105169.5,128652.3,158906.7,148
4104.4,153846.0,33991.0,33717.0,43069.0,43069.0,67736.8,56683.7,15005.1,13773.7,0.0,91180.8,0.0,19167.4,93162.5,21169.2,115438.1,105158.1,128652.3,158917.6,148
4105.4,153846.0,33991.0,33717.0,43069.0,43069.0,67736.8,56683.7,15005.1,13773.7,0.0,91180.9,0.0,19190.1,93162.6,21192.8,115461.7,105134.5,128652.3,158917.7,148
4106.4,153846.0,33991.0,33717.0,43069.0,43069.0,67736.8,56683.7,15005.1,13773.7,0.0,91180.9,0.0,19202.2,93162.0,21208.1,115476.4,105119.2,128652.3,158917.7,148
4107.4,153846.0,33991.0,33717.0,43069.0,43069.0,67736.8,56683.7,15005.1,13773.7,0.0,91475.8,0.0,19015.4,93464.9,21017.3,115588.5,105310.0,128652.3,159212.6,148
4108.4,153846.0,33991.0,33717.0,43069.0,43069.0,67736.8,56683.7,15005.1,13773.7,0.0,91475.8,0.0,19023.9,93464.9,21024.8,115596.0,105302.4,128652.3,159212.6,148
4109.4,153846.0,33991.0,33717.0,43069.0,43069.0,67736.8,56683.7,15005.1,13773.7,0.0,91475.8,0.0,19035.2,93464.9,21036.1,115607.4,105291.1,128652.3,159212.6,148
4110.4,153846.0,33991.0,33717.0,43069.0,43069.0,67736.8,56683.7,15005.1,13773.7,0.0,91475.8,0.0,19042.1,93464.9,21039.6,115610.8,105287.7,128652.3,159212.6,148
4111.4,153846.0,33991.0,33717.0,43069.0,43069.0,67736.8,56683.7,15005.1,13773.7,0.0,91475.8,0.0,19052.1,93464.9,21049.5,115620.8,105277.7,128652.3,159212.6,148
4112.4,153846.0,33991.0,33717.0,43069.0,43069.0,67736.8,56683.7,15005.1,13773.7,0.0,91475.8,0.0,19059.8,93464.9,21058.2,115629.5,105269.0,128652.3,159212.6,148
4113.4,153846.0,33991.0,33717.0,43069.0,43069.0,67736.8,56683.7,15005.1,13773.7,0.0,91512.3,0.0,19032.8,93502.4,21036.0,115644.8,105291.2,128652.3,159249.2,148
4114.4,153846.0,33991.0,33717.0,43069.0,43069.0,67736.8,56683.7,15005.1,13773.7,0.0,91527.1,0.0,19045.1,93517.3,21049.7,115673.3,105277.6,128652.3,159263.9,148
4115.4,153846.0,33991.0,33717.0,43069.0,43069.0,67736.8,56683.7,15005.1,13773.7,0.0,91576.4,0.0,18991.3,93568.3,20995.9,115670.5,105331.4,128652.3,159313.2,148
4116.4,153846.0,33991.0,33717.0,43069.0,43069.0,67736.8,56683.7,15005.1,13773.7,0.0,91576.4,0.0,19001.1,93568.3,21004.2,115678.8,105323.0,128652.3,159313.2,148
4117.4,153846.0,33991.0,33717.0,43069.0,43069.0,67736.8,56683.7,15005.1,13773.7,0.0,91576.4,0.0,19013.0,93568.1,21012.8,115687.2,105314.5,128652.3,159313.2,148
4118.4,153846.0,33991.0,33717.0,43069.0,43069.0,67736.8,56683.7,15005.1,13773.7,0.0,91576.4,0.0,19022.9,93567.9,21021.2,115695.5,105306.0,128652.3,159313.2,148
4119.4,153846.0,33991.0,33717.0,43069.0,43069.0,67736.8,56683.7,15005.1,13773.7,0.0,91639.9,0.0,18971.9,93632.8,20971.0,115710.2,105356.2,128652.3,159376.7,148
4120.4,153846.0,33991.0,33717.0,43069.0,43069.0,67736.8,56683.7,15005.1,13773.7,0.0,91640.4,0.0,18981.0,93633.7,20979.0,115719.0,105348.3,128652.3,159377.2,148
4121.4,153846.0,33991.0,33717.0,43069.0,43069.0,67736.8,56683.7,15005.1,13773.7,0.0,91640.4,0.0,18993.1,93633.7,20993.5,115733.5,105333.8,128652.3,159377.2,148
4122.4,153846.0,33991.0,33717.0,43069.0,43069.0,67736.8,56683.7,15005.1,13773.7,0.0,91640.4,0.0,19003.6,93633.6,21003.9,115743.9,105323.3,128652.3,159377.2,148
4123.4,153846.0,33991.0,33717.0,43069.0,43069.0,67736.8,56683.7,15005.1,13773.7,0.0,91640.4,0.0,19015.9,93633.6,21014.3,115754.2,105313.0,128652.3,159377.2,148
4124.4,153846.0,33991.0,33717.0,43069.0,43069.0,67736.8,56683.7,15005.1,13773.7,0.0,91640.4,0.0,19027.6,93633.6,21024.0,115763.9,105303.3,128652.3,159377.2,148
4125.4,153846.0,33991.0,33717.0,43069.0,43069.0,67736.8,56683.7,15005.1,13773.7,0.0,91640.4,0.0,19040.8,93633.6,21033.9,115773.9,105293.3,128652.3,159377.2,148
4126.4,153846.0,33991.0,33717.0,43069.0,43069.0,67736.8,56683.7,15005.1,13773.7,0.0,91640.4,0.0,19050.5,93633.6,21042.7,115782.7,105284.5,128652.3,159377.2,148
4127.4,153846.0,33991.0,33717.0,43069.0,43069.0,67736.8,56683.7,15005.1,13773.7,0.0,91640.4,0.0,19059.1,93633.7,21046.1,115786.2,105281.1,128652.3,159377.2,148
4128.4,153846.0,33991.0,33717.0,43069.0,43069.0,67736.8,56683.7,15005.1,13773.7,0.0,91640.4,0.0,19066.3,93633.8,21059.0,115799.2,105268.2,128652.3,159377.2,148
4129.4,153846.0,33991.0,33717.0,43069.0,43069.0,67736.8,56683.7,15005.1,13773.7,0.0,91640.4,0.0,19078.9,93633.8,21070.6,115810.7,105256.7,128652.3,159377.2,148
4130.4,153846.0,33991.0,33717.0,43069.0,43069.0,67736.8,56683.7,15005.1,13773.7,0.0,91640.4,0.0,19089.7,93633.8,21082.5,115822.6,105244.7,128652.3,159377.2,148
4131.4,153846.0,33991.0,33717.0,43069.0,43069.0,67736.8,56683.7,15005.1,13773.7,0.0,91640.4,0.0,19099.3,93633.8,21093.6,115833.8,105233.6,128652.3,159377.3,148
4132.4,153846.0,33991.0,33717.0,43069.0,43069.0,67736.8,56683.7,15005.1,13773.7,0.0,91682.1,0.0,19067.5,93676.8,21064.5,115847.7,105262.7,128652.3,159418.9,148
4133.4,153846.0,33991.0,33717.0,43069.0,43069.0,67736.8,56683.7,15005.1,13773.7,0.0,91794.3,0.0,19080.9,93792.2,21077.4,115975.9,105249.8,128652.3,159531.1,148
4134.4,153846.0,33991.0,33717.0,43069.0,43069.0,67736.8,56683.7,15005.1,13773.7,0.0,91831.2,0.0,18960.9,93830.3,20961.9,115898.6,105365.3,128652.3,159568.1,148
4135.4,153846.0,33991.0,33717.0,43069.0,43069.0,67736.8,56683.7,15005.1,13773.7,0.0,91831.4,0.0,18976.7,93830.4,20978.8,115915.6,105348.5,128652.3,159568.2,148
4136.4,153846.0,33991.0,33717.0,43069.0,43069.0,67736.8,56683.7,15005.1,13773.7,0.0,91831.4,0.0,18987.3,93830.2,20994.8,115931.4,105332.4,128652.3,159568.2,148
4137.4,153846.0,33991.0,33717.0,43069.0,43069.0,67736.8,56683.7,15005.1,13773.7,0.0,91831.4,0.0,18998.9,93830.1,21001.5,115938.0,105325.7,128652.3,159568.2,148
4138.4,153846.0,33991.0,33717.0,43069.0,43069.0,67736.8,56683.7,15005.1,13773.7,0.0,91831.4,0.0,19010.1,93830.4,21012.7,115949.5,105314.5,128652.3,159568.2,148
4139.4,153846.0,33991.0,33717.0,43069.0,43069.0,67736.8,56683.7,15005.1,13773.7,0.0,91831.4,0.0,19021.4,93830.4,21020.3,115957.1,105306.9,128652.3,159568.2,148
4140.4,153846.0,33991.0,33717.0,43069.0,43069.0,67736.8,56683.7,15005.1,13773.7,0.0,91831.4,0.0,19032.7,93830.4,21033.3,115970.1,105293.9,128652.3,159568.2,148
4141.4,153846.0,33991.0,33717.0,43069.0,43069.0,67736.8,56683.7,15005.1,13773.7,0.0,91831.4,0.0,19041.7,93830.4,21043.9,115980.8,105283.3,128652.3,159568.2,148
4142.4,153846.0,33991.0,33717.0,43069.0,43069.0,67736.8,56683.7,15005.1,13773.7,0.0,91831.4,0.0,19056.5,93830.4,21060.8,115997.6,105266.4,128652.3,159568.2,148
4143.4,153846.0,33991.0,33717.0,43069.0,43069.0,67736.8,56683.7,15005.1,13773.7,0.0,91831.4,0.0,19066.8,93830.8,21071.1,116008.3,105256.1,128652.3,159568.2,148
4144.4,153846.0,33991.0,33717.0,43069.0,43069.0,67736.8,56683.7,15005.1,13773.7,0.0,91831.4,0.0,19074.6,93830.6,21077.6,116014.5,105249.6,128652.3,159568.2,148
4145.4,153846.0,33991.0,33717.0,43069.0,43069.0,67736.8,56683.7,15005.1,13773.7,0.0,91881.1,0.0,19038.1,93880.9,21043.7,116030.9,105283.5,128652.3,159618.0,148
4146.4,153846.0,33991.0,33717.0,43069.0,43069.0,67736.8,56683.7,15005.1,13773.7,0.0,91881.5,0.0,19048.2,93881.6,21052.6,116040.6,105274.6,128652.3,159618.3,148
4147.4,153846.0,33991.0,33717.0,43069.0,43069.0,67736.8,56683.7,15005.1,13773.7,0.0,91881.5,0.0,19058.8,93881.6,21060.7,116048.7,105266.5,128652.3,159618.3,148
4148.4,153846.0,33991.0,33717.0,43069.0,43069.0,67735.8,56682.8,15004.1,13772.8,0.0,91881.5,0.0,19068.7,93881.5,21067.7,116055.6,105259.5,128652.3,159617.3,148
4149.4,153846.0,33991.0,33717.0,43069.0,43069.0,67735.8,56682.8,15004.1,13772.8,0.0,91881.6,0.0,19080.3,93882.0,21077.8,116066.2,105249.4,128652.3,159617.4,148
4150.4,153846.0,33991.0,33717.0,43069.0,43069.0,67735.8,56682.8,15004.1,13772.8,0.0,91881.6,0.0,19092.3,93882.0,21084.7,116073.1,105242.5,128652.3,159617.4,148
4151.4,153846.0,33991.0,33717.0,43069.0,43069.0,67735.8,56682.8,15004.1,13772.8,0.0,91881.7,0.0,19101.8,93882.5,21095.1,116084.0,105232.1,128652.3,159617.5,148
4152.4,153846.0,33991.0,33717.0,43069.0,43069.0,67735.8,56682.8,15004.1,13772.8,0.0,91881.7,0.0,19112.5,93882.3,21105.6,116094.3,105221.6,128652.3,159617.5,148
4153.4,153846.0,33991.0,33717.0,43069.0,43069.0,67735.8,56682.8,15004.1,13772.8,0.0,91881.7,0.0,19124.8,93882.5,21118.1,116107.0,105209.1,128652.3,159617.5,148
4154.4,153846.0,33991.0,33717.0,43069.0,43069.0,67735.8,56682.8,15004.1,13772.8,0.0,91988.0,0.0,19030.6,93991.3,21023.9,116121.5,105303.3,128652.3,159723.8,148
4155.4,153846.0,33991.0,33717.0,43069.0,43069.0,67735.8,56682.8,15004.1,13772.8,0.0,91988.7,0.0,19039.2,93992.5,21031.9,116130.8,105295.3,128652.3,159724.5,148
4156.4,153846.0,33991.0,33717.0,43069.0,43069.0,67735.8,56682.8,15004.1,13772.8,0.0,91988.7,0.0,19049.7,93992.1,21043.8,116142.3,105283.4,128652.3,159724.5,148
4157.4,153846.0,33991.0,33717.0,43069.0,43069.0,67735.8,56682.8,15004.1,13772.8,0.0,91988.7,0.0,19063.0,93992.4,21056.3,116155.2,105270.9,128652.3,159724.5,148
4158.4,153846.0,33991.0,33717.0,43069.0,43069.0,67735.8,56682.8,15004.1,13772.8,0.0,91988.7,0.0,19075.0,93992.4,21068.6,116167.5,105258.6,128652.3,159724.5,148
4159.4,153846.0,33991.0,33717.0,43069.0,43069.0,67735.8,56682.8,15004.1,13772.8,0.0,91988.7,0.0,19086.8,93992.4,21080.4,116179.2,105246.8,128652.3,159724.5,148
4160.4,153846.0,33991.0,33717.0,43069.0,43069.0,67735.8,56682.8,15004.1,13772.8,0.0,91988.7,0.0,19099.8,93992.4,21090.5,116189.3,105236.7,128652.3,159724.5,148
4161.4,153846.0,33991.0,33717.0,43069.0,43069.0,67735.8,56682.8,15004.1,13772.8,0.0,91988.7,0.0,19109.3,93992.4,21097.9,116196.8,105229.3,128652.3,159724.5,148
4162.4,153846.0,33991.0,33717.0,43069.0,43069.0,67735.8,56682.8,15004.1,13772.8,0.0,91988.7,0.0,19120.0,93992.4,21109.2,116208.1,105218.0,128652.3,159724.5,148
4163.4,153846.0,33991.0,33717.0,43069.0,43069.0,67735.8,56682.8,15004.1,13772.8,0.0,91988.7,0.0,19129.1,93992.4,21119.4,116218.3,105207.8,128652.3,159724.5,148
4164.4,153846.0,33991.0,33717.0,43069.0,43069.0,67735.8,56682.8,15004.1,13772.8,0.0,91988.8,0.0,19140.8,93992.5,21132.4,116231.3,105194.8,128652.3,159724.6,148
4165.4,153846.0,33991.0,33717.0,43069.0,43069.0,67735.8,56682.8,15004.1,13772.8,0.0,91988.8,0.0,19153.8,93992.5,21144.8,116243.7,105182.4,128652.3,159724.6,148
4166.4,153846.0,33991.0,33717.0,43069.0,43069.0,67735.8,56682.8,15004.1,13772.8,0.0,91988.8,0.0,19166.5,93992.9,21158.1,116257.3,105169.1,128652.3,159724.6,148
4167.4,153846.0,33991.0,33717.0,43069.0,43069.0,67735.8,56682.8,15004.1,13772.8,0.0,91988.8,0.0,19177.1,93992.9,21167.5,116266.8,105159.7,128652.3,159724.6,148
4168.4,153846.0,33991.0,33717.0,43069.0,43069.0,67735.8,56682.8,15004.1,13772.8,0.0,92066.6,0.0,19128.0,94072.6,21118.7,116297.7,105208.5,128652.3,159802.4,148
4169.4,153846.0,33991.0,33717.0,43069.0,43069.0,67735.8,56682.8,15004.1,13772.8,0.0,92066.9,0.0,19137.4,94072.8,21131.6,116310.8,105195.6,128652.3,159802.7,148
4170.4,153846.0,33991.0,33717.0,43069.0,43069.0,67735.8,56682.8,15004.1,13772.8,0.0,92066.9,0.0,19148.3,94072.9,21142.1,116321.4,105185.1,128652.3,159802.8,148
4171.4,153846.0,33991.0,33717.0,43069.0,43069.0,67735.8,56682.8,15004.1,13772.8,0.0,92066.9,0.0,19158.0,94072.9,21152.4,116331.7,105174.8,128652.3,159802.8,148
4172.4,153846.0,33991.0,33717.0,43069.0,43069.0,67735.8,56682.8,15004.1,13772.8,0.0,92067.1,0.0,19167.3,94073.0,21158.6,116338.1,105168.5,128652.3,159802.9,148
4173.4,153846.0,33991.0,33717.0,43069.0,43069.0,67735.8,56682.8,15004.1,13772.8,0.0,92067.1,0.0,19179.6,94072.9,21174.7,116354.0,105152.5,128652.3,159802.9,148
4174.4,153846.0,33991.0,33717.0,43069.0,43069.0,67735.8,56682.8,15004.1,13772.8,0.0,92067.1,0.0,19190.0,94072.9,21190.9,116370.2,105136.3,128652.3,159802.9,148
4175.4,153846.0,33991.0,33717.0,43069.0,43069.0,67735.8,56682.8,15004.1,13772.8,0.0,92130.6,0.0,19141.1,94137.8,21143.4,116387.7,105183.8,128652.3,159866.4,148
4176.4,153846.0,33991.0,33717.0,43069.0,43069.0,67735.8,56682.8,15004.1,13772.8,0.0,92131.0,0.0,19148.5,94138.6,21153.0,116398.0,105174.2,128652.3,159866.9,148
4177.4,153846.0,33991.0,33717.0,43069.0,43069.0,67735.8,56682.8,15004.1,13772.8,0.0,92131.1,0.0,19161.6,94138.6,21169.0,116414.1,105158.1,128652.3,159866.9,148
4178.4,153846.0,33991.0,33717.0,43069.0,43069.0,67735.8,56682.8,15004.1,13772.8,0.0,92131.1,0.0,19171.7,94138.6,21176.9,116422.0,105150.2,128652.3,159866.9,148
4179.4,153846.0,33991.0,33717.0,43069.0,43069.0,67735.8,56682.8,15004.1,13772.8,0.0,92131.1,0.0,19180.4,94138.6,21184.9,116429.9,105142.3,128652.3,159866.9,148
4180.4,153846.0,33991.0,33717.0,43069.0,43069.0,67735.8,56682.8,15004.1,13772.8,0.0,92131.1,0.0,19186.7,94138.6,21191.2,116436.3,105135.9,128652.3,159866.9,148
4181.4,153846.0,33991.0,33717.0,43069.0,43069.0,67735.8,56682.8,15004.1,13772.8,0.0,92131.1,0.0,19195.3,94138.6,21201.0,116446.0,105126.2,128652.3,159866.9,148
4182.4,153846.0,33991.0,33717.0,43069.0,43069.0,67735.8,56682.8,15004.1,13772.8,0.0,92254.4,0.0,19017.8,94265.4,21020.9,116392.8,105306.3,128652.3,159990.3,148
4183.4,153846.0,33991.0,33717.0,43069.0,43069.0,67735.8,56682.8,15004.1,13772.8,0.0,92254.4,0.0,19023.5,94265.4,21023.8,116395.7,105303.3,128652.3,159990.3,148
4184.4,153846.0,33991.0,33717.0,43069.0,43069.0,67735.8,56682.8,15004.1,13772.8,0.0,92254.2,0.0,19029.9,94265.2,21026.8,116398.5,105300.3,128652.3,159990.0,148
4185.4,153846.0,33991.0,33717.0,43069.0,43069.0,67735.8,56682.8,15004.1,13772.8,0.0,92254.3,0.0,19035.0,94265.6,21031.8,116403.9,105295.3,128652.3,159990.1,148
4186.4,153846.0,33991.0,33717.0,43069.0,43069.0,67735.8,56682.8,15004.1,13772.8,0.0,92304.4,0.0,18989.8,94317.1,20989.1,116412.7,105338.0,128652.3,160040.2,148
4187.4,153846.0,33991.0,33717.0,43069.0,43069.0,67735.8,56682.8,15004.1,13772.8,0.0,92304.4,0.0,18993.8,94317.1,20991.9,116415.5,105335.2,128652.3,160040.2,148
4188.4,153846.0,33991.0,33717.0,43069.0,43069.0,67735.8,56682.8,15004.1,13772.8,0.0,92432.3,0.0,18878.0,94449.1,20874.9,116430.4,105452.3,128652.3,160168.1,148
4189.4,153846.0,33991.0,33717.0,43069.0,43069.0,67735.8,56682.8,15004.1,13772.8,0.0,92432.3,0.0,18883.5,94448.7,20884.5,116439.8,105442.6,128652.3,160168.2,148
4190.4,153846.0,33991.0,33717.0,43069.0,43069.0,67735.8,56682.8,15004.1,13772.8,0.0,92432.3,0.0,18889.1,94448.7,20890.4,116445.6,105436.7,128652.3,160168.2,148
4191.4,153846.0,33991.0,33717.0,43069.0,43069.0,67735.8,56682.8,15004.1,13772.8,0.0,92432.3,0.0,18896.1,94448.7,20900.1,116455.3,105427.0,128652.3,160168.2,148
4192.4,153846.0,33991.0,33717.0,43069.0,43069.0,67735.8,56682.8,15004.1,13772.8,0.0,92432.3,0.0,18901.9,94448.8,20904.8,116460.1,105422.3,128652.3,160168.2,148
4193.4,153846.0,33991.0,33717.0,43069.0,43069.0,67735.8,56682.8,15004.1,13772.8,0.0,92432.3,0.0,18909.7,94448.6,20912.9,116468.0,105414.2,128652.3,160168.2,148
4194.4,153846.0,33991.0,33717.0,43069.0,43069.0,67735.8,56682.8,15004.1,13772.8,0.0,92432.4,0.0,18917.2,94448.6,20923.8,116478.9,105403.3,128652.3,160168.2,148
4195.4,153846.0,33991.0,33717.0,43069.0,43069.0,67735.8,56682.8,15004.1,13772.8,0.0,92441.7,0.0,18925.9,94458.0,20933.6,116498.1,105393.5,128652.3,160177.5,148
4196.4,153846.0,33991.0,33717.0,43069.0,43069.0,67735.8,56682.8,15004.1,13772.8,0.0,92441.9,0.0,18934.5,94458.5,20941.6,116506.6,105385.5,128652.3,160177.8,148
4197.4,153846.0,33991.0,33717.0,43069.0,43069.0,67735.8,56682.8,15004.1,13772.8,0.0,92441.9,0.0,18942.7,94458.5,20952.3,116517.3,105374.8,128652.3,160177.8,148
4198.4,153846.0,33991.0,33717.0,43069.0,43069.0,67735.8,56682.8,15004.1,13772.8,0.0,92442.0,0.0,18951.6,94458.5,20962.3,116527.3,105364.8,128652.3,160177.8,148
4199.4,153846.0,33991.0,33717.0,43069.0,43069.0,67735.8,56682.8,15004.1,13772.8,0.0,92521.4,0.0,18960.7,94540.2,20974.2,116620.9,105352.9,128652.3,160257.2,148
4200.4,153846.0,33991.0,33717.0,43069.0,43069.0,67748.0,56695.0,15016.3,13785.0,0.0,92521.4,0.0,18983.4,94539.8,20987.3,116633.6,105339.8,128652.3,160269.4,148
4201.4,153846.0,33991.0,33717.0,43069.0,43069.0,67748.0,56695.0,15016.3,13785.0,0.0,92521.4,0.0,18992.5,94539.7,20996.1,116642.3,105331.0,128652.3,160269.4,148
4202.4,153846.0,33991.0,33717.0,43069.0,43069.0,67748.0,56695.0,15016.3,13785.0,0.0,92521.4,0.0,19000.0,94539.7,21004.9,116651.1,105322.2,128652.3,160269.4,148
4203.4,153846.0,33991.0,33717.0,43069.0,43069.0,67748.0,56695.0,15016.3,13785.0,0.0,92556.4,0.0,18974.8,94575.6,20980.6,116662.7,105346.5,128652.3,160304.4,148
4204.4,153846.0,33991.0,33717.0,43069.0,43069.0,67748.0,56695.0,15016.3,13785.0,0.0,92556.4,0.0,18983.2,94575.6,20987.1,116669.2,105340.0,128652.3,160304.4,148
4205.4,153846.0,33991.0,33717.0,43069.0,43069.0,67748.0,56695.0,15016.3,13785.0,0.0,92556.4,0.0,18994.4,94576.0,20998.0,116680.4,105329.1,128652.3,160304.4,148
4206.4,153846.0,33991.0,33717.0,43069.0,43069.0,67748.0,56695.0,15016.3,13785.0,0.0,92556.4,0.0,19007.3,94576.0,21009.0,116691.5,105318.1,128652.3,160304.4,148
4207.4,153846.0,33991.0,33717.0,43069.0,43069.0,67748.0,56695.0,15016.3,13785.0,0.0,92620.3,0.0,18954.4,94641.7,20952.1,116700.3,105375.0,128652.3,160368.4,148
4208.4,153846.0,33991.0,33717.0,43069.0,43069.0,67748.0,56695.0,15016.3,13785.0,0.0,92620.5,0.0,18964.9,94641.9,20960.1,116708.4,105367.0,128652.3,160368.5,148
4209.4,153846.0,33991.0,33717.0,43069.0,43069.0,67748.0,56695.0,15016.3,13785.0,0.0,92620.5,0.0,18977.6,94641.9,20971.7,116720.1,105355.4,128652.3,160368.5,148
4210.4,153846.0,33991.0,33717.0,43069.0,43069.0,67748.0,56695.0,15016.3,13785.0,0.0,92620.5,0.0,18989.2,94641.9,20982.0,116730.4,105345.1,128652.3,160368.5,148
4211.4,153846.0,33991.0,33717.0,43069.0,43069.0,67748.0,56695.0,15016.3,13785.0,0.0,92620.5,0.0,18998.9,94641.9,20991.6,116740.0,105335.5,128652.3,160368.5,148
4212.4,153846.0,33991.0,33717.0,43069.0,43069.0,67748.0,56695.0,15016.3,13785.0,0.0,92620.5,0.0,19010.2,94641.9,21004.3,116752.6,105322.8,128652.3,160368.5,148
4213.4,153846.0,33991.0,33717.0,43069.0,43069.0,67748.0,56695.0,15016.3,13785.0,0.0,92620.5,0.0,19019.9,94641.9,21014.1,116762.5,105312.9,128652.3,160368.5,148
4214.4,153846.0,33991.0,33717.0,43069.0,43069.0,67748.0,56695.0,15016.3,13785.0,0.0,92620.5,0.0,19030.7,94641.8,21029.0,116777.4,105298.1,128652.3,160368.5,148
4215.4,153846.0,33991.0,33717.0,43069.0,43069.0,67748.0,56695.0,15016.3,13785.0,0.0,92620.5,0.0,19042.3,94641.5,21042.0,116790.0,105285.0,128652.3,160368.6,148
4216.4,153846.0,33991.0,33717.0,43069.0,43069.0,67748.0,56695.0,15016.3,13785.0,0.0,92620.5,0.0,19053.2,94641.5,21055.5,116803.5,105271.6,128652.3,160368.6,148
4217.4,153846.0,33991.0,33717.0,43069.0,43069.0,67748.0,56695.0,15016.3,13785.0,0.0,92620.5,0.0,19062.7,94642.1,21071.3,116819.9,105255.8,128652.3,160368.6,148
4218.4,153846.0,33991.0,33717.0,43069.0,43069.0,67748.0,56695.0,15016.4,13785.0,0.0,92620.5,0.0,19071.1,94642.1,21085.9,116834.5,105241.2,128652.3,160368.6,148
4219.4,153846.0,33991.0,33717.0,43069.0,43069.0,67748.0,56695.0,15016.4,13785.0,0.0,92620.5,0.0,19081.5,94642.1,21099.2,116847.9,105227.8,128652.3,160368.6,148
4220.4,153846.0,33991.0,33717.0,43069.0,43069.0,67748.0,56695.0,15016.4,13785.0,0.0,92620.5,0.0,19092.0,94642.1,21111.6,116860.3,105215.4,128652.3,160368.6,148
4221.4,153846.0,33991.0,33717.0,43069.0,43069.0,67748.0,56695.0,15016.4,13785.0,0.0,92670.3,0.0,19104.3,94692.8,21124.4,116923.7,105202.7,128652.3,160418.3,148
4222.4,153846.0,33991.0,33717.0,43069.0,43069.0,67748.0,56695.0,15016.4,13785.0,0.0,92734.9,0.0,19051.2,94759.0,21073.6,116939.1,105253.4,128652.3,160482.9,148
4223.4,153846.0,33991.0,33717.0,43069.0,43069.0,67748.0,56695.0,15016.4,13785.0,0.0,92734.9,0.0,19060.9,94759.0,21082.3,116947.8,105244.7,128652.3,160482.9,148
4224.4,153846.0,33991.0,33717.0,43069.0,43069.0,67748.0,56695.0,15016.4,13785.0,0.0,92734.9,0.0,19070.5,94759.7,21082.8,116949.0,105244.2,128652.3,160482.9,148
4225.4,153846.0,33991.0,33717.0,43069.0,43069.0,67748.0,56695.0,15016.4,13785.0,0.0,92734.9,0.0,19083.3,94759.6,21096.0,116962.1,105231.0,128652.3,160482.9,148
4226.4,153846.0,33991.0,33717.0,43069.0,43069.0,67748.0,56695.0,15016.4,13785.0,0.0,92735.2,0.0,19094.1,94759.9,21108.0,116974.4,105219.0,128652.3,160483.2,148
4227.4,153846.0,33991.0,33717.0,43069.0,43069.0,67748.0,56695.0,15016.4,13785.0,0.0,92735.2,0.0,19106.2,94759.9,21121.0,116987.4,105206.1,128652.3,160483.3,148
4228.4,153846.0,33991.0,33717.0,43069.0,43069.0,67748.0,56695.0,15016.4,13785.0,0.0,92735.2,0.0,19116.6,94759.9,21129.8,116996.2,105197.3,128652.3,160483.3,148
4229.4,153846.0,33991.0,33717.0,43069.0,43069.0,67748.0,56695.0,15016.4,13785.0,0.0,92735.2,0.0,19130.4,94759.9,21142.6,117009.0,105184.5,128652.3,160483.3,148
4230.4,153846.0,33991.0,33717.0,43069.0,43069.0,67748.0,56695.0,15016.4,13785.0,0.0,92735.2,0.0,19140.3,94759.9,21153.4,117019.8,105173.6,128652.3,160483.3,148
4231.4,153846.0,33991.0,33717.0,43069.0,43069.0,67748.0,56695.0,15016.4,13785.0,0.0,92735.3,0.0,19146.9,94759.9,21159.4,117025.9,105167.6,128652.3,160483.3,148
4232.4,153846.0,33991.0,33717.0,43069.0,43069.0,67748.0,56695.0,15016.4,13785.0,0.0,92735.1,0.0,19158.1,94760.7,21177.2,117044.5,105149.8,128652.3,160483.2,148
4233.4,153846.0,33991.0,33717.0,43069.0,43069.0,67748.0,56695.0,15016.4,13785.0,0.0,92735.1,0.0,19168.2,94762.2,21186.4,117055.1,105140.7,128652.3,160483.2,148
4234.4,153846.0,33991.0,33717.0,43069.0,43069.0,67748.0,56695.0,15016.4,13785.0,0.0,92735.1,0.0,19178.7,94759.8,21192.7,117059.0,105134.4,128652.3,160483.2,148
4235.4,153846.0,33991.0,33717.0,43069.0,43069.0,67748.0,56695.0,15016.4,13785.0,0.0,92735.1,0.0,19189.8,94760.8,21205.5,117072.8,105121.6,128652.3,160483.2,148
4236.4,153846.0,33991.0,33717.0,43069.0,43069.0,67748.0,56695.0,15016.4,13785.0,0.0,92961.8,0.0,19020.9,94993.2,21036.2,117135.9,105290.9,128652.3,160709.8,148
4237.4,153846.0,33991.0,33717.0,43069.0,43069.0,67748.0,56695.0,15016.4,13785.0,0.0,92961.8,0.0,19027.3,94993.0,21042.1,117141.6,105284.9,128652.3,160709.8,148
4238.4,153846.0,33991.0,33717.0,43069.0,43069.0,67748.0,56695.0,15016.4,13785.0,0.0,92961.8,0.0,19033.1,94992.9,21048.2,117147.7,105278.8,128652.3,160709.8,148
4239.4,153846.0,33991.0,33717.0,43069.0,43069.0,67748.0,56695.0,15016.4,13785.0,0.0,92961.7,0.0,19041.3,94992.9,21052.8,117152.3,105274.2,128652.3,160709.8,148
4240.4,153846.0,33991.0,33717.0,43069.0,43069.0,67748.0,56695.0,15016.4,13785.0,0.0,92961.7,0.0,19049.3,94992.9,21060.6,117160.1,105266.4,128652.3,160709.8,148
4241.4,153846.0,33991.0,33717.0,43069.0,43069.0,67748.0,56695.0,15016.4,13785.0,0.0,92961.8,0.0,19056.1,94992.9,21066.3,117165.7,105260.8,128652.3,160709.8,148
4242.4,153846.0,33991.0,33717.0,43069.0,43069.0,67748.0,56695.0,15016.4,13785.0,0.0,92961.8,0.0,19065.2,94992.9,21073.2,117172.7,105253.8,128652.3,160709.8,148
4243.4,153846.0,33991.0,33717.0,43069.0,43069.0,67748.0,56695.0,15016.4,13785.0,0.0,92961.8,0.0,19073.6,94993.0,21082.2,117181.7,105244.8,128652.3,160709.9,148
4244.4,153846.0,33991.0,33717.0,43069.0,43069.0,67748.0,56695.0,15016.4,13785.0,0.0,92961.8,0.0,19080.1,94993.0,21087.3,117186.9,105239.7,128652.3,160709.9,148
4245.4,153846.0,33991.0,33717.0,43069.0,43069.0,67748.0,56695.0,15016.4,13785.0,0.0,92970.3,0.0,19091.0,95001.7,21094.7,117203.0,105232.3,128652.3,160718.4,148
4246.4,153846.0,33991.0,33717.0,43069.0,43069.0,67748.0,56695.0,15016.4,13785.0,0.0,92970.4,0.0,19099.6,95001.8,21105.0,117213.4,105222.0,128652.3,160718.5,148
4247.4,153846.0,33991.0,33717.0,43069.0,43069.0,67748.0,56695.0,15016.4,13785.0,0.0,92970.5,0.0,19109.4,95001.8,21118.6,117227.0,105208.4,128652.3,160718.5,148
4248.4,153846.0,33991.0,33717.0,43069.0,43069.0,67730.9,56677.8,14999.2,13767.8,0.0,93120.1,0.0,18992.7,95160.8,21002.3,117269.6,105324.7,128652.3,160851.0,148
4249.4,153846.0,33991.0,33717.0,43069.0,43069.0,67730.9,56677.8,14999.2,13767.8,0.0,93120.2,0.0,19001.2,95156.1,21008.5,117271.1,105318.6,128652.3,160851.1,148
4250.4,153846.0,33991.0,33717.0,43069.0,43069.0,67730.9,56677.8,14999.2,13767.8,0.0,93120.2,0.0,19010.8,95156.1,21023.2,117285.9,105303.8,128652.3,160851.1,148
4251.4,153846.0,33991.0,33717.0,43069.0,43069.0,67730.9,56677.8,14999.2,13767.8,0.0,93120.2,0.0,19024.6,95156.1,21038.3,117301.0,105288.7,128652.3,160851.1,148
4252.4,153846.0,33991.0,33717.0,43069.0,43069.0,67730.9,56677.8,14999.2,13767.8,0.0,93175.4,0.0,18981.4,95212.7,20992.1,117311.4,105334.9,128652.3,160906.2,148
4253.4,153846.0,33991.0,33717.0,43069.0,43069.0,67730.9,56677.8,14999.2,13767.8,0.0,93175.7,0.0,18989.2,95213.3,21006.3,117326.2,105320.7,128652.3,160906.6,148
4254.4,153846.0,33991.0,33717.0,43069.0,43069.0,67730.9,56677.8,14999.2,13767.8,0.0,93175.7,0.0,18997.9,95212.6,21014.9,117334.1,105312.1,128652.3,160906.6,148
4255.4,153846.0,33991.0,33717.0,43069.0,43069.0,67730.9,56677.8,14999.2,13767.8,0.0,93175.8,0.0,19007.7,95213.8,21022.6,117343.0,105304.4,128652.3,160906.6,148
4256.4,153846.0,33991.0,33717.0,43069.0,43069.0,67730.9,56677.8,14999.2,13767.8,0.0,93175.8,0.0,19017.2,95213.4,21027.8,117347.8,105299.2,128652.3,160906.6,148
4257.4,153846.0,33991.0,33717.0,43069.0,43069.0,67730.9,56677.8,14999.2,13767.8,0.0,93175.8,0.0,19026.9,95215.8,21043.0,117365.4,105284.0,128652.3,160906.6,148
4258.4,153846.0,33991.0,33717.0,43069.0,43069.0,67730.9,56677.8,14999.2,13767.8,0.0,93176.0,0.0,19038.8,95214.1,21047.1,117367.7,105279.9,128652.3,160906.9,148
4259.4,153846.0,33991.0,33717.0,43069.0,43069.0,67730.9,56677.8,14999.2,13767.8,0.0,93176.0,0.0,19049.6,95213.7,21059.5,117379.7,105267.5,128652.3,160906.9,148
4260.4,153846.0,33991.0,33717.0,43069.0,43069.0,67730.9,56677.8,14999.2,13767.8,0.0,93176.0,0.0,19056.6,95214.1,21065.3,117385.9,105261.7,128652.3,160906.9,148
4261.4,153846.0,33991.0,33717.0,43069.0,43069.0,67730.9,56677.8,14999.2,13767.8,0.0,93176.0,0.0,19068.5,95214.0,21079.5,117400.0,105247.5,128652.3,160906.9,148
4262.4,153846.0,33991.0,33717.0,43069.0,43069.0,67730.9,56677.8,14999.2,13767.8,0.0,93176.0,0.0,19077.6,95214.0,21089.9,117410.4,105237.1,128652.3,160906.9,148
4263.4,153846.0,33991.0,33717.0,43069.0,43069.0,67730.9,56677.8,14999.2,13767.8,0.0,93176.0,0.0,19088.9,95214.0,21101.8,117422.3,105225.2,128652.3,160906.9,148
4264.4,153846.0,33991.0,33717.0,43069.0,43069.0,67730.9,56677.8,14999.2,13767.8,0.0,93176.0,0.0,19098.7,95213.5,21108.1,117428.2,105218.9,128652.3,160906.9,148
4265.4,153846.0,33991.0,33717.0,43069.0,43069.0,67730.9,56677.8,14999.2,13767.8,0.0,93176.0,0.0,19108.3,95213.5,21115.9,117436.0,105211.1,128652.3,160906.9,148
4266.4,153846.0,33991.0,33717.0,43069.0,43069.0,67730.9,56677.8,14999.2,13767.8,0.0,93176.0,0.0,19117.8,95213.5,21125.9,117446.0,105201.1,128652.3,160906.9,148
4267.4,153846.0,33991.0,33717.0,43069.0,43069.0,67730.9,56677.8,14999.2,13767.8,0.0,93176.0,0.0,19127.8,95213.4,21137.4,117457.5,105189.6,128652.3,160906.9,148
4268.4,153846.0,33991.0,33717.0,43069.0,43069.0,67730.9,56677.8,14999.2,13767.8,0.0,93176.0,0.0,19138.9,95216.1,21175.0,117497.7,105152.0,128652.3,160906.9,148
4269.4,153846.0,33991.0,33717.0,43069.0,43069.0,67730.9,56677.8,14999.2,13767.8,0.0,93176.0,0.0,19149.5,95213.8,21157.5,117477.9,105169.5,128652.3,160906.9,148
4270.4,153846.0,33991.0,33717.0,43069.0,43069.0,67730.9,56677.8,14999.2,13767.8,0.0,93239.9,0.0,19097.7,95279.2,21105.4,117491.2,105221.6,128652.3,160970.8,148
4271.4,153846.0,33991.0,33717.0,43069.0,43069.0,67730.9,56677.8,14999.2,13767.8,0.0,93240.0,0.0,19107.1,95279.3,21113.3,117499.2,105213.7,128652.3,160970.9,148
4272.4,153846.0,33991.0,33717.0,43069.0,43069.0,67730.9,56677.8,14999.2,13767.8,0.0,93240.0,0.0,19117.2,95279.3,21125.5,117511.4,105201.5,128652.3,160970.9,148
4273.4,153846.0,33991.0,33717.0,43069.0,43069.0,67730.9,56677.8,14999.2,13767.8,0.0,93240.0,0.0,19127.2,95279.3,21137.2,117523.1,105189.8,128652.3,160970.9,148
4274.4,153846.0,33991.0,33717.0,43069.0,43069.0,67730.9,56677.8,14999.2,13767.8,0.0,93240.0,0.0,19137.2,95279.3,21146.1,117532.0,105180.9,128652.3,160970.9,148
4275.4,153846.0,33991.0,33717.0,43069.0,43069.0,67730.9,56677.8,14999.2,13767.8,0.0,93240.0,0.0,19145.8,95279.6,21152.2,117538.5,105174.8,128652.3,160970.9,148
4276.4,153846.0,33991.0,33717.0,43069.0,43069.0,67730.9,56677.8,14999.2,13767.8,0.0,93240.0,0.0,19156.9,95279.5,21162.8,117548.9,105164.1,128652.3,160970.9,148
4277.4,153846.0,33991.0,33717.0,43069.0,43069.0,67730.9,56677.8,14999.2,13767.8,0.0,93240.0,0.0,19166.4,95279.5,21177.2,117563.2,105149.8,128652.3,160970.9,148
4278.4,153846.0,33991.0,33717.0,43069.0,43069.0,67730.9,56677.8,14999.2,13767.8,0.0,93240.0,0.0,19176.6,95279.5,21188.7,117574.8,105138.3,128652.3,160970.9,148
4279.4,153846.0,33991.0,33717.0,43069.0,43069.0,67730.9,56677.8,14999.2,13767.8,0.0,93240.0,0.0,19186.5,95279.5,21201.8,117587.9,105125.2,128652.3,160970.9,148
4280.4,153846.0,33991.0,33717.0,43069.0,43069.0,67730.9,56677.8,14999.2,13767.8,0.0,93240.0,0.0,19195.5,95279.5,21212.1,117598.2,105114.9,128652.3,160970.9,148
4281.4,153846.0,33991.0,33717.0,43069.0,43069.0,67730.9,56677.8,14999.2,13767.8,0.0,93325.1,0.0,19140.1,95367.0,21158.7,117632.3,105168.3,128652.3,161056.0,148
4282.4,153846.0,33991.0,33717.0,43069.0,43069.0,67730.9,56677.8,14999.2,13767.8,0.0,93325.2,0.0,19146.9,95367.1,21163.6,117637.2,105163.4,128652.3,161056.1,148
4283.4,153846.0,33991.0,33717.0,43069.0,43069.0,67730.9,56677.8,14999.2,13767.8,0.0,93343.9,0.0,19156.1,95386.3,21172.1,117665.0,105154.9,128652.3,161074.8,148
4284.4,153846.0,33991.0,33717.0,43069.0,43069.0,67730.9,56677.8,14999.2,13767.8,0.0,93408.3,0.0,19104.0,95452.4,21122.0,117681.0,105205.0,128652.3,161139.1,148
4285.4,153846.0,33991.0,33717.0,43069.0,43069.0,67730.9,56677.8,14999.2,13767.8,0.0,93408.3,0.0,19109.4,95452.5,21128.4,117687.4,105198.6,128652.3,161139.2,148
4286.4,153846.0,33991.0,33717.0,43069.0,43069.0,67730.9,56677.8,14999.2,13767.8,0.0,93408.3,0.0,19116.3,95452.5,21137.2,117696.3,105189.7,128652.3,161139.2,148
4287.4,153846.0,33991.0,33717.0,43069.0,43069.0,67730.9,56677.8,14999.2,13767.8,0.0,93472.3,0.0,19066.2,95518.3,21082.4,117707.3,105244.6,128652.3,161203.2,148
4288.4,153846.0,33991.0,33717.0,43069.0,43069.0,67730.9,56677.8,14999.2,13767.8,0.0,93522.4,0.0,19025.8,95569.8,21043.8,117720.2,105283.2,128652.3,161253.3,148
4289.4,153846.0,33991.0,33717.0,43069.0,43069.0,67730.9,56677.8,14999.2,13767.8,0.0,93522.4,0.0,19035.8,95569.8,21050.4,117726.8,105276.6,128652.3,161253.3,148
4290.4,153846.0,33991.0,33717.0,43069.0,43069.0,67730.9,56677.8,14999.2,13767.8,0.0,93522.4,0.0,19047.0,95569.8,21058.2,117734.6,105268.8,128652.3,161253.3,148
4291.4,153846.0,33991.0,33717.0,43069.0,43069.0,67738.3,56685.2,15006.6,13775.2,0.0,93522.4,0.0,19065.2,95570.3,21074.0,117750.9,105253.0,128652.3,161260.7,148
4292.4,153846.0,33991.0,33717.0,43069.0,43069.0,67738.3,56685.2,15006.6,13775.2,0.0,93522.4,0.0,19075.9,95569.9,21083.3,117759.8,105243.7,128652.3,161260.7,148
4293.4,153846.0,33991.0,33717.0,43069.0,43069.0,67738.3,56685.2,15006.6,13775.2,0.0,93522.4,0.0,19086.6,95569.9,21095.9,117772.4,105231.1,128652.3,161260.7,148
4294.4,153846.0,33991.0,33717.0,43069.0,43069.0,67738.3,56685.2,15006.6,13775.2,0.0,93522.4,0.0,19097.0,95569.9,21107.6,117784.1,105219.4,128652.3,161260.7,148
4295.4,153846.0,33991.0,33717.0,43069.0,43069.0,67738.3,56685.2,15006.6,13775.2,0.0,93522.4,0.0,19108.2,95569.9,21120.7,117797.2,105206.3,128652.3,161260.7,148
4296.5,153846.0,33991.0,33717.0,43069.0,43069.0,67723.7,56670.6,14992.1,13760.6,0.0,93522.5,0.0,19103.1,95570.2,21118.4,117795.3,105208.5,128652.3,161246.2,148
4297.5,153846.0,33991.0,33717.0,43069.0,43069.0,67751.4,56698.3,15019.7,13788.3,0.0,93522.6,0.0,19140.1,95570.4,21158.1,117835.1,105168.9,128652.3,161274.0,148
4298.5,153846.0,33991.0,33717.0,43069.0,43069.0,67751.4,56698.3,15019.7,13788.3,0.0,93522.6,0.0,19151.7,95570.4,21168.4,117845.4,105158.6,128652.3,161274.0,148
4299.5,153846.0,33991.0,33717.0,43069.0,43069.0,67751.4,56698.3,15019.7,13788.3,0.0,93522.6,0.0,19162.2,95570.4,21181.9,117858.9,105145.0,128652.3,161274.0,148
4300.5,153846.0,33991.0,33717.0,43069.0,43069.0,67751.4,56698.3,15019.7,13788.3,0.0,93522.6,0.0,19172.4,95570.4,21195.9,117872.9,105131.1,128652.3,161274.0,148
4301.5,153846.0,33991.0,33717.0,43069.0,43069.0,67751.4,56698.3,15019.7,13788.3,0.0,93522.6,0.0,19184.6,95570.4,21208.6,117885.6,105118.4,128652.3,161274.0,148
4302.5,153846.0,33991.0,33717.0,43069.0,43069.0,67751.4,56698.3,15019.7,13788.3,0.0,93522.6,0.0,19193.2,95570.4,21218.4,117895.5,105108.5,128652.3,161274.0,148
4303.5,153846.0,33991.0,33717.0,43069.0,43069.0,67751.4,56698.3,15019.7,13788.3,0.0,93522.6,0.0,19204.7,95570.4,21229.7,117906.8,105097.3,128652.3,161274.0,148
4304.5,153846.0,33991.0,33717.0,43069.0,43069.0,67751.4,56698.3,15019.7,13788.3,0.0,93522.6,0.0,19214.9,95571.2,21244.1,117921.9,105082.9,128652.3,161274.0,148
4305.5,153846.0,33991.0,33717.0,43069.0,43069.0,67751.4,56698.3,15019.8,13788.3,0.0,93522.6,0.0,19225.2,95570.9,21255.5,117933.1,105071.5,128652.3,161274.0,148
4306.5,153846.0,33991.0,33717.0,43069.0,43069.0,67751.4,56698.3,15019.8,13788.3,0.0,93522.7,0.0,19233.5,95571.0,21262.1,117939.7,105064.9,128652.3,161274.0,148
4307.5,153846.0,33991.0,33717.0,43069.0,43069.0,67751.4,56698.3,15019.8,13788.3,0.0,93522.7,0.0,19243.3,95571.0,21274.5,117952.2,105052.4,128652.3,161274.1,148
4308.5,153846.0,33991.0,33717.0,43069.0,43069.0,67751.4,56698.3,15019.8,13788.3,0.0,93522.7,0.0,19254.7,95571.0,21288.2,117965.8,105038.8,128652.3,161274.1,148
4309.5,153846.0,33991.0,33717.0,43069.0,43069.0,67751.4,56698.3,15019.8,13788.3,0.0,93522.7,0.0,19266.3,95571.0,21298.1,117975.7,105028.9,128652.3,161274.1,148
4310.5,153846.0,33991.0,33717.0,43069.0,43069.0,67751.4,56698.3,15019.8,13788.3,0.0,93522.7,0.0,19275.1,95571.0,21309.9,117987.5,105017.1,128652.3,161274.1,148
4311.5,153846.0,33991.0,33717.0,43069.0,43069.0,67751.4,56698.3,15019.8,13788.3,0.0,93522.7,0.0,19286.2,95571.0,21321.1,117998.7,105005.9,128652.3,161274.1,148
4312.5,153846.0,33991.0,33717.0,43069.0,43069.0,67751.4,56698.3,15019.8,13788.3,0.0,93522.7,0.0,19297.6,95571.0,21332.6,118010.2,104994.3,128652.3,161274.1,148
4313.5,153846.0,33991.0,33717.0,43069.0,43069.0,67751.4,56698.3,15019.8,13788.3,0.0,93522.7,0.0,19307.7,95571.0,21340.3,118018.0,104986.6,128652.3,161274.1,148
4314.5,153846.0,33991.0,33717.0,43069.0,43069.0,67751.4,56698.3,15019.8,13788.3,0.0,93522.7,0.0,19317.8,95571.0,21351.4,118029.0,104975.6,128652.3,161274.1,148
4315.5,153846.0,33991.0,33717.0,43069.0,43069.0,67751.4,56698.3,15019.8,13788.3,0.0,93522.7,0.0,19330.2,95571.0,21361.5,118039.1,104965.5,128652.3,161274.1,148
4316.5,153846.0,33991.0,33717.0,43069.0,43069.0,67751.4,56698.3,15019.8,13788.3,0.0,93545.9,0.0,19337.4,95594.9,21367.6,118069.1,104959.3,128652.3,161297.3,148
4317.5,153846.0,33991.0,33717.0,43069.0,43069.0,67751.4,56698.3,15019.8,13788.3,0.0,93545.9,0.0,19349.6,95594.9,21380.9,118082.4,104946.0,128652.3,161297.3,148
4318.5,153846.0,33991.0,33717.0,43069.0,43069.0,67751.4,56698.3,15019.8,13788.3,0.0,93545.9,0.0,19358.3,95594.9,21387.5,118089.1,104939.4,128652.3,161297.3,148
4319.5,153846.0,33991.0,33717.0,43069.0,43069.0,67751.4,56698.3,15019.8,13788.3,0.0,93742.6,0.0,19179.2,95794.1,21201.5,118101.9,105121.8,128652.3,161494.0,148
4320.5,153846.0,33991.0,33717.0,43069.0,43069.0,67751.4,56698.4,15019.8,13788.4,0.0,93742.6,0.0,19186.4,95794.1,21208.0,118108.5,105115.2,128652.3,161494.1,148
4321.5,153846.0,33991.0,33717.0,43069.0,43069.0,67751.4,56698.4,15019.8,13788.4,0.0,93742.7,0.0,19198.4,95794.1,21221.5,118122.0,105101.7,128652.3,161494.1,148
4322.5,153846.0,33991.0,33717.0,43069.0,43069.0,67751.4,56698.4,15019.8,13788.4,0.0,93742.7,0.0,19207.4,95794.2,21221.1,118121.7,105102.1,128652.3,161494.1,148
4323.5,153846.0,33991.0,33717.0,43069.0,43069.0,67751.4,56698.4,15019.8,13788.4,0.0,93742.7,0.0,19216.8,95793.9,21230.8,118131.0,105092.4,128652.3,161494.1,148
4324.5,153846.0,33991.0,33717.0,43069.0,43069.0,67751.4,56698.4,15019.8,13788.4,0.0,93742.7,0.0,19224.6,95794.9,21230.5,118131.8,105092.8,128652.3,161494.1,148
4325.5,153846.0,33991.0,33717.0,43069.0,43069.0,67751.4,56698.4,15019.8,13788.4,0.0,93778.8,0.0,19200.0,95831.4,21203.0,118140.8,105120.2,128652.3,161530.2,148
4326.5,153846.0,33991.0,33717.0,43069.0,43069.0,67755.8,56702.8,15024.2,13792.8,0.0,93778.8,0.0,19213.2,95832.4,21220.8,118159.6,105106.4,128652.3,161534.6,148
4327.5,153846.0,33991.0,33717.0,43069.0,43069.0,67755.8,56702.8,15024.2,13792.8,0.0,93778.8,0.0,19220.6,95830.7,21217.7,118154.8,105105.5,128652.3,161534.6,148
4328.5,153846.0,33991.0,33717.0,43069.0,43069.0,67755.8,56702.8,15024.2,13792.8,0.0,93778.8,0.0,19230.7,95830.7,21225.5,118162.6,105097.7,128652.3,161534.6,148
4329.5,153846.0,33991.0,33717.0,43069.0,43069.0,67755.8,56702.8,15024.2,13792.8,0.0,93821.6,0.0,19197.1,95874.8,21193.8,118175.0,105129.4,128652.3,161577.5,148
4330.5,153846.0,33991.0,33717.0,43069.0,43069.0,67755.8,56702.8,15024.2,13792.8,0.0,93821.6,0.0,19204.1,95874.8,21199.9,118181.1,105123.3,128652.3,161577.5,148
4331.5,153846.0,33991.0,33717.0,43069.0,43069.0,67755.8,56702.8,15024.2,13792.8,0.0,93821.7,0.0,19210.8,95874.8,21213.4,118194.6,105109.8,128652.3,161577.5,148
4332.5,153846.0,33991.0,33717.0,43069.0,43069.0,67755.8,56702.8,15024.2,13792.8,0.0,93821.7,0.0,19225.4,95875.0,21226.3,118207.7,105096.9,128652.3,161577.5,148
4333.5,153846.0,33991.0,33717.0,43069.0,43069.0,67755.8,56702.8,15024.2,13792.8,0.0,93848.7,0.0,19233.4,95902.5,21236.2,118245.2,105087.0,128652.3,161604.6,148
4334.5,153846.0,33991.0,33717.0,43069.0,43069.0,67755.8,56702.8,15024.2,13792.8,0.0,93913.6,0.0,18965.6,95944.4,20962.5,118012.5,105365.5,128652.3,161669.4,148
4335.5,153846.0,33991.0,33717.0,43069.0,43069.0,67755.8,56702.8,15024.2,13792.8,0.0,93940.6,0.0,18973.5,95973.4,20968.6,118047.6,105359.4,128652.3,161696.5,148
4336.5,153846.0,33991.0,33717.0,43069.0,43069.0,67755.8,56702.8,15024.2,13792.8,0.0,94004.2,0.0,18924.0,96038.7,20921.4,118065.8,105406.5,128652.3,161760.0,148
4337.5,153846.0,33991.0,33717.0,43069.0,43069.0,67755.8,56702.8,15024.2,13792.8,0.0,94004.7,0.0,18934.4,96039.6,20925.9,118071.1,105402.1,128652.3,161760.6,148
4338.5,153846.0,33991.0,33717.0,43069.0,43069.0,67755.8,56702.8,15024.2,13792.8,0.0,94004.7,0.0,18945.6,96039.6,20937.8,118082.9,105390.2,128652.3,161760.6,148
4339.5,153846.0,33991.0,33717.0,43069.0,43069.0,67755.8,56702.8,15024.2,13792.8,0.0,94004.7,0.0,18957.1,96039.6,20948.3,118093.4,105379.7,128652.3,161760.6,148
4340.5,153846.0,33991.0,33717.0,43069.0,43069.0,67755.8,56702.8,15024.2,13792.8,0.0,94004.7,0.0,18968.3,96039.5,20959.6,118104.7,105368.4,128652.3,161760.6,148
4341.5,153846.0,33991.0,33717.0,43069.0,43069.0,67755.8,56702.8,15024.2,13792.8,0.0,94004.7,0.0,18975.6,96039.1,20968.4,118113.1,105359.6,128652.3,161760.6,148
4342.5,153846.0,33991.0,33717.0,43069.0,43069.0,67755.8,56702.8,15024.2,13792.8,0.0,94004.7,0.0,18984.9,96039.1,20982.5,118127.3,105345.4,128652.3,161760.6,148
4343.5,153846.0,33991.0,33717.0,43069.0,43069.0,67755.8,56702.8,15024.2,13792.8,0.0,94004.7,0.0,18994.3,96039.1,20994.0,118138.8,105333.9,128652.3,161760.6,148
4344.5,153846.0,33991.0,33717.0,43069.0,43069.0,67755.8,56702.8,15024.2,13792.8,0.0,94004.8,0.0,19004.8,96039.2,21006.2,118151.0,105321.7,128652.3,161760.6,148
4345.5,153846.0,33991.0,33717.0,43069.0,43069.0,67755.8,56702.8,15024.2,13792.8,0.0,94004.8,0.0,19015.5,96039.2,21017.2,118162.0,105310.7,128652.3,161760.6,148
4346.5,153846.0,33991.0,33717.0,43069.0,43069.0,67755.8,56702.8,15024.2,13792.8,0.0,94004.8,0.0,19024.9,96039.2,21029.1,118173.9,105298.9,128652.3,161760.6,148
4347.5,153846.0,33991.0,33717.0,43069.0,43069.0,67755.8,56702.8,15024.2,13792.8,0.0,94004.8,0.0,19034.6,96039.2,21040.9,118185.7,105287.1,128652.3,161760.6,148
4348.5,153846.0,33991.0,33717.0,43069.0,43069.0,67755.8,56702.8,15024.2,13792.8,0.0,94004.8,0.0,19046.0,96039.2,21050.6,118195.4,105277.4,128652.3,161760.6,148
4349.5,153846.0,33991.0,33717.0,43069.0,43069.0,67755.8,56702.8,15024.2,13792.8,0.0,94004.8,0.0,19055.6,96038.9,21064.0,118208.5,105264.0,128652.3,161760.6,148
4350.5,153846.0,33991.0,33717.0,43069.0,43069.0,67755.9,56702.8,15024.2,13792.8,0.0,94004.8,0.0,19065.7,96040.0,21078.8,118224.5,105249.1,128652.3,161760.6,148
4351.5,153846.0,33991.0,33717.0,43069.0,43069.0,67755.9,56702.8,15024.2,13792.8,0.0,94004.9,0.0,19073.4,96040.5,21080.4,118226.6,105247.5,128652.3,161760.8,148
4352.5,153846.0,33991.0,33717.0,43069.0,43069.0,67755.9,56702.8,15024.2,13792.8,0.0,94068.9,0.0,19019.8,96106.2,21029.5,118241.4,105298.4,128652.3,161824.7,148
4353.5,153846.0,33991.0,33717.0,43069.0,43069.0,67755.9,56702.8,15024.2,13792.8,0.0,94068.9,0.0,19028.6,96106.2,21042.0,118253.9,105286.0,128652.3,161824.7,148
4354.5,153846.0,33991.0,33717.0,43069.0,43069.0,67755.9,56702.8,15024.2,13792.8,0.0,94068.9,0.0,19040.0,96105.9,21052.9,118264.5,105275.0,128652.3,161824.8,148
4355.5,153846.0,33991.0,33717.0,43069.0,43069.0,67755.9,56702.8,15024.2,13792.8,0.0,94068.9,0.0,19050.5,96105.9,21063.8,118275.4,105264.1,128652.3,161824.8,148
4356.5,153846.0,33991.0,33717.0,43069.0,43069.0,67755.9,56702.8,15024.2,13792.8,0.0,94068.9,0.0,19059.8,96105.9,21075.8,118287.3,105252.2,128652.3,161824.8,148
4357.5,153846.0,33991.0,33717.0,43069.0,43069.0,67755.9,56702.8,15024.2,13792.8,0.0,94068.9,0.0,19070.2,96105.9,21085.0,118296.5,105243.0,128652.3,161824.8,148
4358.5,153846.0,33991.0,33717.0,43069.0,43069.0,67755.9,56702.8,15024.2,13792.8,0.0,94068.9,0.0,19031.1,96104.3,21046.6,118256.4,105281.5,128652.3,161824.7,148
4359.5,153846.0,33991.0,33717.0,43069.0,43069.0,67755.9,56702.8,15024.2,13792.8,0.0,94069.0,0.0,19041.2,96104.4,21056.5,118266.5,105271.5,128652.3,161824.9,148
4360.5,153846.0,33991.0,33717.0,43069.0,43069.0,67756.0,56702.9,15024.3,13792.9,0.0,94069.0,0.0,19052.3,96104.4,21066.5,118276.5,105261.6,128652.3,161825.0,148
4361.5,153846.0,33991.0,33717.0,43069.0,43069.0,67756.0,56702.9,15024.3,13792.9,0.0,94069.0,0.0,19059.9,96105.1,21073.4,118284.0,105254.7,128652.3,161825.0,148
4362.5,153846.0,33991.0,33717.0,43069.0,43069.0,67756.0,56702.9,15024.3,13792.9,0.0,94069.0,0.0,19071.7,96104.8,21086.1,118296.5,105241.9,128652.3,161825.0,148
4363.5,153846.0,33991.0,33717.0,43069.0,43069.0,67756.0,56702.9,15024.3,13792.9,0.0,94058.6,0.0,19081.6,96093.7,21094.7,118294.0,105233.3,128652.3,161814.6,148
4364.5,153846.0,33991.0,33717.0,43069.0,43069.0,67756.0,56702.9,15024.3,13792.9,0.0,94058.7,0.0,19091.9,96093.8,21105.3,118304.6,105222.8,128652.3,161814.7,148
4365.5,153846.0,33991.0,33717.0,43069.0,43069.0,67756.0,56702.9,15024.3,13792.9,0.0,94048.6,0.0,19102.1,96083.6,21107.6,118296.8,105208.4,128652.3,161804.6,148
4366.5,153846.0,33991.0,33717.0,43069.0,43069.0,67756.0,56702.9,15024.3,13792.9,0.0,94037.8,0.0,19114.3,96072.8,21118.7,118297.0,105205.4,128652.3,161793.8,148
4367.6,153846.0,33991.0,33717.0,43069.0,43069.0,67756.0,56702.9,15024.3,13792.9,0.0,94027.7,0.0,19125.6,96063.0,21136.2,118304.8,105187.9,128652.3,161783.7,148
4368.6,153846.0,33991.0,33717.0,43069.0,43069.0,67756.0,56702.9,15024.3,13792.9,0.0,94017.7,0.0,19136.2,96052.7,21143.3,118301.5,105180.8,128652.3,161773.7,148
4369.6,153846.0,33991.0,33717.0,43069.0,43069.0,67756.0,56702.9,15024.3,13792.9,0.0,94033.9,0.0,19034.4,96067.5,21037.8,118210.6,105290.4,128652.3,161789.9,148
4370.6,153846.0,33991.0,33717.0,43069.0,43069.0,67756.0,56702.9,15024.4,13792.9,0.0,94075.8,0.0,19000.7,96110.5,21005.1,118221.0,105323.0,128652.3,161831.7,148
4371.6,153846.0,33991.0,33717.0,43069.0,43069.0,67756.0,56702.9,15024.4,13792.9,0.0,94075.9,0.0,19009.1,96111.0,21011.9,118228.3,105316.2,128652.3,161831.9,148
4372.6,153846.0,33991.0,33717.0,43069.0,43069.0,67756.0,56702.9,15024.4,13792.9,0.0,94075.9,0.0,19015.2,96111.0,21019.7,118236.1,105308.5,128652.3,161831.9,148
4373.6,153846.0,33991.0,33717.0,43069.0,43069.0,67756.0,56702.9,15024.4,13792.9,0.0,94156.1,0.0,18965.6,96193.1,20963.5,118261.9,105364.8,128652.3,161912.1,148
4374.6,153846.0,33991.0,33717.0,43069.0,43069.0,67756.0,56702.9,15024.4,13792.9,0.0,94156.3,0.0,18974.2,96193.5,20974.9,118273.8,105353.3,128652.3,161912.3,148
4375.6,153846.0,33991.0,33717.0,43069.0,43069.0,67756.0,56702.9,15024.4,13792.9,0.0,94156.3,0.0,18985.4,96193.9,20987.0,118286.3,105341.2,128652.3,161912.3,148
4376.6,153846.0,33991.0,33717.0,43069.0,43069.0,67756.0,56702.9,15024.4,13792.9,0.0,94156.3,0.0,18994.2,96193.9,20994.9,118294.2,105333.3,128652.3,161912.3,148
4377.6,153846.0,33991.0,33717.0,43069.0,43069.0,67756.0,56702.9,15024.4,13792.9,0.0,94156.3,0.0,19003.2,96193.9,21004.6,118303.8,105323.7,128652.3,161912.3,148
4378.6,153846.0,33991.0,33717.0,43069.0,43069.0,67756.0,56702.9,15024.4,13792.9,0.0,94156.3,0.0,19013.5,96193.9,21016.2,118315.4,105312.1,128652.3,161912.3,148
4379.6,153846.0,33991.0,33717.0,43069.0,43069.0,67756.0,56702.9,15024.4,13792.9,0.0,94146.5,0.0,19024.3,96184.5,21028.7,118318.5,105299.5,128652.3,161902.5,148
4380.6,153846.0,33991.0,33717.0,43069.0,43069.0,67756.0,56702.9,15024.4,13792.9,0.0,94136.8,0.0,19032.1,96175.1,21038.4,118318.8,105285.9,128652.3,161892.8,148
4381.6,153846.0,33991.0,33717.0,43069.0,43069.0,67756.0,56702.9,15024.4,13792.9,0.0,94126.6,0.0,19044.2,96164.8,21044.7,118314.7,105283.6,128652.3,161882.5,148
4382.6,153846.0,33991.0,33717.0,43069.0,43069.0,67756.0,56702.9,15024.4,13792.9,0.0,94126.1,0.0,19052.1,96164.9,21050.2,118320.4,105278.1,128652.3,161882.1,148
4383.6,153846.0,33991.0,33717.0,43069.0,43069.0,67756.0,56702.9,15024.4,13792.9,0.0,94116.8,0.0,19063.2,96155.1,21055.7,118316.2,105268.6,128652.3,161872.8,148
4384.6,153846.0,33991.0,33717.0,43069.0,43069.0,67756.0,56702.9,15024.4,13792.9,0.0,94116.6,0.0,19073.3,96154.9,21062.9,118323.0,105261.5,128652.3,161872.6,148
4385.6,153846.0,33991.0,33717.0,43069.0,43069.0,67756.0,56702.9,15024.4,13792.9,0.0,94106.8,0.0,19083.8,96145.2,21068.3,118318.8,105256.0,128652.3,161862.8,148
4386.6,153846.0,33991.0,33717.0,43069.0,43069.0,67756.0,56702.9,15024.4,13792.9,0.0,94096.7,0.0,19094.9,96135.0,21082.9,118323.1,105241.4,128652.3,161852.7,148
4387.6,153846.0,33991.0,33717.0,43069.0,43069.0,67756.0,56702.9,15024.4,13792.9,0.0,94087.0,0.0,19103.2,96125.3,21092.2,118322.7,105236.2,128652.3,161843.0,148
4388.6,153846.0,33991.0,33717.0,43069.0,43069.0,67756.0,56702.9,15024.4,13792.9,0.0,94076.7,0.0,19115.4,96115.0,21104.9,118325.1,105223.5,128652.3,161832.7,148
4389.6,153846.0,33991.0,33717.0,43069.0,43069.0,67756.0,56702.9,15024.3,13792.9,0.0,94067.1,0.0,19125.2,96103.8,21115.3,118324.3,105209.1,128652.3,161823.1,148
4390.6,153846.0,33991.0,33717.0,43069.0,43069.0,67756.0,56702.9,15024.4,13792.9,0.0,94056.9,0.0,19136.3,96095.1,21124.0,118324.2,105204.4,128652.3,161812.9,148
4391.6,153846.0,33991.0,33717.0,43069.0,43069.0,67756.0,56702.9,15024.4,13792.9,0.0,94065.6,0.0,19147.9,96103.9,21136.9,118345.9,105191.5,128652.3,161821.6,148
4392.6,153846.0,33991.0,33717.0,43069.0,43069.0,67756.0,56702.9,15024.4,13792.9,0.0,94063.3,0.0,19034.9,96099.4,21030.5,118235.0,105298.1,128652.3,161819.2,148
4393.6,153846.0,33991.0,33717.0,43069.0,43069.0,67756.0,56702.9,15024.4,13792.9,0.0,94063.3,0.0,19047.5,96099.4,21042.5,118247.0,105286.1,128652.3,161819.2,148
4394.6,153846.0,33991.0,33717.0,43069.0,43069.0,67756.0,56702.9,15024.4,13792.9,0.0,94063.3,0.0,19056.5,96099.8,21054.9,118259.8,105273.6,128652.3,161819.2,148
4395.6,153846.0,33991.0,33717.0,43069.0,43069.0,67756.0,56702.9,15024.3,13792.9,0.0,94063.3,0.0,19066.9,96100.9,21062.3,118268.2,105266.2,128652.3,161819.3,148
4396.6,153846.0,33991.0,33717.0,43069.0,43069.0,67756.0,56702.9,15024.4,13792.9,0.0,94063.3,0.0,19078.1,96101.6,21074.8,118281.4,105253.8,128652.3,161819.3,148
4397.6,153846.0,33991.0,33717.0,43069.0,43069.0,67756.0,56702.9,15024.4,13792.9,0.0,94154.3,0.0,18989.6,96193.1,20985.5,118283.6,105343.1,128652.3,161910.3,148
4398.6,153846.0,33991.0,33717.0,43069.0,43069.0,67756.0,56702.9,15024.4,13792.9,0.0,94154.0,0.0,19000.4,96192.3,20999.0,118296.4,105329.6,128652.3,161910.0,148
4399.6,153846.0,33991.0,33717.0,43069.0,43069.0,67756.0,56702.9,15024.4,13792.9,0.0,94154.5,0.0,19010.4,96192.8,21006.6,118304.5,105322.0,128652.3,161910.4,148
4400.6,153846.0,33991.0,33717.0,43069.0,43069.0,67756.0,56702.9,15024.4,13792.9,0.0,94154.5,0.0,19020.9,96192.8,21015.8,118313.7,105312.7,128652.3,161910.5,148
4401.6,153846.0,33991.0,33717.0,43069.0,43069.0,67756.0,56702.9,15024.4,13792.9,0.0,94154.5,0.0,19032.0,96192.8,21028.2,118326.1,105300.3,128652.3,161910.5,148
4402.6,153846.0,33991.0,33717.0,43069.0,43069.0,67756.0,56702.9,15024.4,13792.9,0.0,94154.5,0.0,19044.4,96192.6,21040.7,118338.4,105287.8,128652.3,161910.5,148
4403.6,153846.0,33991.0,33717.0,43069.0,43069.0,67756.0,56702.9,15024.4,13792.9,0.0,94154.5,0.0,19053.8,96192.6,21046.5,118344.2,105282.0,128652.3,161910.5,148
4404.6,153846.0,33991.0,33717.0,43069.0,43069.0,67756.0,56702.9,15024.4,13792.9,0.0,94170.5,0.0,19066.6,96209.1,21058.9,118372.9,105269.8,128652.3,161926.5,148
4405.6,153846.0,33991.0,33717.0,43069.0,43069.0,67756.0,56702.9,15024.3,13792.9,0.0,94192.5,0.0,18908.0,96231.9,20804.6,118141.2,105524.4,128652.3,161948.5,148
4406.6,153846.0,33991.0,33717.0,43069.0,43069.0,67756.0,56702.9,15024.4,13792.9,0.0,94192.5,0.0,18920.8,96232.3,20825.8,118162.8,105503.1,128652.3,161948.5,148
4407.6,153846.0,33991.0,33717.0,43069.0,43069.0,67756.0,56702.9,15024.4,13792.9,0.0,94256.7,0.0,18866.4,96297.7,20810.2,118212.6,105518.8,128652.3,162012.7,148
4408.6,153846.0,33991.0,33717.0,43069.0,43069.0,67756.0,56702.9,15024.4,13792.9,0.0,94256.7,0.0,18872.7,96298.4,20835.6,118238.7,105493.4,128652.3,162012.7,148
4409.6,153846.0,33991.0,33717.0,43069.0,43069.0,67756.0,56702.9,15024.4,13792.9,0.0,94256.7,0.0,18885.9,96299.8,20857.9,118262.4,105471.0,128652.3,162012.7,148
4410.6,153846.0,33991.0,33717.0,43069.0,43069.0,67756.0,56702.9,15024.4,13792.9,0.0,94256.7,0.0,18900.1,96299.8,20876.5,118281.0,105452.4,128652.3,162012.7,148
4411.6,153846.0,33991.0,33717.0,43069.0,43069.0,67756.0,56702.9,15024.4,13792.9,0.0,94256.7,0.0,18909.6,96299.8,20887.2,118291.7,105441.7,128652.3,162012.7,148
4412.6,153846.0,33991.0,33717.0,43069.0,43069.0,67756.0,56702.9,15024.3,13792.9,0.0,94256.8,0.0,18922.1,96299.4,20910.8,118314.8,105418.2,128652.3,162012.7,148
4413.6,153846.0,33991.0,33717.0,43069.0,43069.0,67756.0,56702.9,15024.4,13792.9,0.0,94256.9,0.0,18929.8,96299.5,20919.7,118323.9,105409.2,128652.3,162012.8,148
4414.6,153846.0,33991.0,33717.0,43069.0,43069.0,67756.0,56702.9,15024.4,13792.9,0.0,94256.9,0.0,18941.8,96299.3,20929.0,118333.0,105399.9,128652.3,162012.9,148
4415.6,153846.0,33991.0,33717.0,43069.0,43069.0,67756.0,56702.9,15024.4,13792.9,0.0,94292.8,0.0,18856.3,96339.7,20843.0,118287.3,105485.9,128652.3,162048.8,148
4416.6,153846.0,33991.0,33717.0,43069.0,43069.0,67756.0,56702.9,15024.4,13792.9,0.0,94293.2,0.0,18865.4,96339.3,20851.1,118295.0,105477.9,128652.3,162049.2,148
4417.6,153846.0,33991.0,33717.0,43069.0,43069.0,67756.0,56702.9,15024.4,13792.9,0.0,94293.2,0.0,18877.7,96339.8,20866.6,118311.0,105462.3,128652.3,162049.2,148
4418.6,153846.0,33991.0,33717.0,43069.0,43069.0,67756.0,56702.9,15024.4,13792.9,0.0,94293.3,0.0,18887.4,96339.5,20873.9,118318.0,105455.1,128652.3,162049.2,148
4419.6,153846.0,33991.0,33717.0,43069.0,43069.0,67756.0,56702.9,15024.4,13792.9,0.0,94293.3,0.0,18898.2,96339.5,20882.4,118326.5,105446.5,128652.3,162049.2,148
4420.6,153846.0,33991.0,33717.0,43069.0,43069.0,67756.0,56702.9,15024.4,13792.9,0.0,94293.3,0.0,18908.3,96339.5,20889.9,118334.0,105439.1,128652.3,162049.3,148
4421.6,153846.0,33991.0,33717.0,43069.0,43069.0,67756.0,56702.9,15024.4,13792.9,0.0,94293.3,0.0,18918.6,96339.3,20901.0,118344.9,105428.0,128652.3,162049.3,148
4422.6,153846.0,33991.0,33717.0,43069.0,43069.0,67756.0,56702.9,15024.4,13792.9,0.0,94293.3,0.0,18933.9,96339.3,20914.8,118358.7,105414.2,128652.3,162049.3,148
4423.6,153846.0,33991.0,33717.0,43069.0,43069.0,67756.0,56702.9,15024.4,13792.9,0.0,94293.3,0.0,18940.0,96339.0,20921.8,118365.4,105407.2,128652.3,162049.3,148
4424.6,153846.0,33991.0,33717.0,43069.0,43069.0,67756.0,56702.9,15024.4,13792.9,0.0,94293.3,0.0,18951.8,96339.0,20930.9,118374.5,105398.1,128652.3,162049.3,148
4425.6,153846.0,33991.0,33717.0,43069.0,43069.0,67756.0,56702.9,15024.4,13792.9,0.0,94283.4,0.0,18961.7,96329.1,20936.0,118369.8,105381.0,128652.3,162039.4,148
4426.6,153846.0,33991.0,33717.0,43069.0,43069.0,67756.0,56702.9,15024.3,13792.9,0.0,94272.4,0.0,18972.3,96317.9,20950.2,118372.7,105378.8,128652.3,162028.4,148
4427.6,153846.0,33991.0,33717.0,43069.0,43069.0,67756.0,56702.9,15024.3,13792.9,0.0,94262.2,0.0,18983.4,96307.5,20966.4,118378.4,105362.7,128652.3,162018.2,148
4428.6,153846.0,33991.0,33717.0,43069.0,43069.0,67756.0,56702.9,15024.3,13792.9,0.0,94252.3,0.0,18997.5,96296.1,20984.9,118385.6,105340.1,128652.3,162008.3,148
4429.6,153846.0,33991.0,33717.0,43069.0,43069.0,67756.0,56702.9,15024.3,13792.9,0.0,94263.1,0.0,18967.4,96306.4,20955.1,118366.1,105374.0,128652.3,162019.1,148
4430.6,153846.0,33991.0,33717.0,43069.0,43069.0,67756.0,56702.9,15024.3,13792.9,0.0,94263.1,0.0,18976.5,96306.0,20966.2,118376.8,105362.9,128652.3,162019.1,148
4431.6,153846.0,33991.0,33717.0,43069.0,43069.0,67756.0,56702.9,15024.3,13792.9,0.0,94263.1,0.0,18989.2,96306.0,20973.4,118383.9,105355.7,128652.3,162019.1,148
4432.6,153846.0,33991.0,33717.0,43069.0,43069.0,67756.0,56702.9,15024.3,13792.9,0.0,94253.4,0.0,18999.4,96296.3,20979.9,118380.7,105345.2,128652.3,162009.4,148
4433.6,153846.0,33991.0,33717.0,43069.0,43069.0,67756.0,56702.9,15024.4,13792.9,0.0,94243.0,0.0,19008.5,96285.9,20989.0,118379.3,105336.2,128652.3,161999.0,148
4434.6,153846.0,33991.0,33717.0,43069.0,43069.0,67756.0,56702.9,15024.4,13792.9,0.0,94243.0,0.0,19017.1,96285.9,20997.0,118387.4,105328.1,128652.3,161999.0,148
4435.6,153846.0,33991.0,33717.0,43069.0,43069.0,67756.0,56702.9,15024.4,13792.9,0.0,94233.0,0.0,19028.1,96275.9,21007.8,118388.0,105317.4,128652.3,161989.0,148
4436.6,153846.0,33991.0,33717.0,43069.0,43069.0,67756.0,56702.9,15024.4,13792.9,0.0,94222.9,0.0,19040.8,96265.6,21012.9,118382.8,105316.3,128652.3,161978.9,148
4437.6,153846.0,33991.0,33717.0,43069.0,43069.0,67756.0,56702.9,15024.4,13792.9,0.0,94212.9,0.0,19051.9,96255.5,21023.8,118383.7,105301.4,128652.3,161968.9,148
4438.6,153846.0,33991.0,33717.0,43069.0,43069.0,67756.0,56702.9,15024.4,13792.9,0.0,94202.9,0.0,19061.3,96245.5,21045.0,118394.8,105284.3,128652.3,161958.9,148
4439.6,153846.0,33991.0,33717.0,43069.0,43069.0,67756.0,56702.9,15024.4,13792.9,0.0,94192.9,0.0,19074.9,96235.4,21059.6,118399.4,105265.6,128652.3,161948.9,148
4440.6,153846.0,33991.0,33717.0,43069.0,43069.0,67756.0,56702.9,15024.4,13792.9,0.0,94200.6,0.0,19087.6,96243.1,21074.9,118422.4,105254.4,128652.3,161956.6,148
4441.6,153846.0,33991.0,33717.0,43069.0,43069.0,67756.0,56702.9,15024.4,13792.9,0.0,94204.2,0.0,19031.6,96243.5,21019.8,118367.6,105309.6,128652.3,161960.2,148
4442.6,153846.0,33991.0,33717.0,43069.0,43069.0,67756.0,56702.9,15024.4,13792.9,0.0,94204.2,0.0,19044.8,96243.5,21033.2,118380.9,105296.2,128652.3,161960.2,148
4443.6,153846.0,33991.0,33717.0,43069.0,43069.0,67756.0,56702.9,15024.4,13792.9,0.0,94204.2,0.0,19055.7,96243.5,21045.5,118393.3,105283.8,128652.3,161960.2,148
4444.6,153846.0,33991.0,33717.0,43069.0,43069.0,67756.0,56702.9,15024.4,13792.9,0.0,94204.2,0.0,19065.0,96243.5,21053.5,118401.3,105275.8,128652.3,161960.2,148
4445.6,153846.0,33991.0,33717.0,43069.0,43069.0,67756.0,56702.9,15024.4,13792.9,0.0,94204.2,0.0,19076.4,96249.5,21067.7,118421.4,105261.7,128652.3,161960.2,148
4446.6,153846.0,33991.0,33717.0,43069.0,43069.0,67756.0,56702.9,15024.4,13792.9,0.0,94239.0,0.0,18968.9,96278.7,20953.1,118335.8,105376.5,128652.3,161995.0,148
4447.6,153846.0,33991.0,33717.0,43069.0,43069.0,67756.0,56702.9,15024.4,13792.9,0.0,94302.9,0.0,18912.0,96343.6,20902.1,118349.7,105427.5,128652.3,162058.9,148
4448.6,153846.0,33991.0,33717.0,43069.0,43069.0,67756.0,56702.9,15024.4,13792.9,0.0,94302.9,0.0,18921.6,96343.6,20912.3,118359.9,105417.3,128652.3,162058.9,148
4449.6,153846.0,33991.0,33717.0,43069.0,43069.0,67756.0,56702.9,15024.4,13792.9,0.0,94302.9,0.0,18929.6,96344.0,20922.2,118370.2,105407.4,128652.3,162058.9,148
4450.6,153846.0,33991.0,33717.0,43069.0,43069.0,67756.0,56702.9,15024.4,13792.9,0.0,94302.9,0.0,18938.9,96345.0,20927.4,118376.5,105402.2,128652.3,162058.9,148
4451.6,153846.0,33991.0,33717.0,43069.0,43069.0,67756.0,56702.9,15024.4,13792.9,0.0,94302.9,0.0,18946.8,96345.0,20934.9,118383.9,105394.7,128652.3,162058.9,148
4452.6,153846.0,33991.0,33717.0,43069.0,43069.0,67756.0,56702.9,15024.4,13792.9,0.0,94348.6,0.0,18957.6,96391.9,20945.3,118441.3,105384.3,128652.3,162104.6,148
4453.6,153846.0,33991.0,33717.0,43069.0,43069.0,67756.0,56702.9,15024.4,13792.9,0.0,94368.5,0.0,18960.4,96412.3,20946.2,118462.5,105383.4,128652.3,162124.5,148
4454.6,153846.0,33991.0,33717.0,43069.0,43069.0,67756.0,56702.9,15024.4,13792.9,0.0,94365.0,0.0,18921.6,96407.8,20907.1,118418.9,105422.5,128652.3,162121.0,148
4455.6,153846.0,33991.0,33717.0,43069.0,43069.0,67756.0,56702.9,15024.4,13792.9,0.0,94365.4,0.0,18930.3,96409.6,20912.1,118425.6,105417.5,128652.3,162121.4,148
4456.6,153846.0,33991.0,33717.0,43069.0,43069.0,67756.0,56702.9,15024.4,13792.9,0.0,94365.4,0.0,18938.6,96409.6,20919.7,118433.2,105410.0,128652.3,162121.4,148
4457.6,153846.0,33991.0,33717.0,43069.0,43069.0,67756.0,56702.9,15024.4,13792.9,0.0,94365.4,0.0,18946.6,96409.6,20925.9,118439.5,105403.7,128652.3,162121.4,148
4458.6,153846.0,33991.0,33717.0,43069.0,43069.0,67756.0,56702.9,15024.4,13792.9,0.0,94355.8,0.0,18954.3,96400.0,20931.7,118435.6,105397.9,128652.3,162111.8,148
4459.6,153846.0,33991.0,33717.0,43069.0,43069.0,67756.0,56702.9,15024.4,13792.9,0.0,94412.0,0.0,18857.5,96456.2,20831.5,118391.6,105498.2,128652.3,162168.0,148
4460.6,153846.0,33991.0,33717.0,43069.0,43069.0,67756.0,56702.9,15024.3,13792.9,0.0,94412.0,0.0,18862.6,96457.4,20836.1,118397.3,105493.7,128652.3,162168.0,148
4461.6,153846.0,33991.0,33717.0,43069.0,43069.0,67756.0,56702.9,15024.3,13792.9,0.0,94412.1,0.0,18879.0,96457.4,20850.2,118411.5,105479.5,128652.3,162168.1,148
4462.6,153846.0,33991.0,33717.0,43069.0,43069.0,67756.0,56702.9,15024.3,13792.9,0.0,94412.1,0.0,18887.3,96457.4,20860.1,118421.4,105469.6,128652.3,162168.1,148
4463.6,153846.0,33991.0,33717.0,43069.0,43069.0,67756.0,56702.9,15024.3,13792.9,0.0,94412.2,0.0,18898.5,96457.6,20868.8,118430.3,105460.9,128652.3,162168.2,148
4464.6,153846.0,33991.0,33717.0,43069.0,43069.0,67756.0,56702.9,15024.3,13792.9,0.0,94412.2,0.0,18906.0,96457.6,20879.3,118440.7,105450.4,128652.3,162168.2,148
4465.6,153846.0,33991.0,33717.0,43069.0,43069.0,67756.0,56702.9,15024.4,13792.9,0.0,94412.2,0.0,18915.1,96457.0,20892.6,118453.5,105437.2,128652.3,162168.2,148
4466.6,153846.0,33991.0,33717.0,43069.0,43069.0,67756.0,56702.9,15024.4,13792.9,0.0,94402.3,0.0,18926.6,96449.1,20907.5,118460.5,105414.2,128652.3,162158.3,148
4467.6,153846.0,33991.0,33717.0,43069.0,43069.0,67756.0,56702.9,15024.4,13792.9,0.0,94402.6,0.0,18937.8,96447.7,20914.4,118465.9,105407.3,128652.3,162158.6,148
4468.6,153846.0,33991.0,33717.0,43069.0,43069.0,67756.0,56702.9,15024.4,13792.9,0.0,94418.7,0.0,18884.0,96462.5,20861.9,118428.1,105467.9,128652.3,162174.7,148
4469.6,153846.0,33991.0,33717.0,43069.0,43069.0,67756.0,56702.9,15024.4,13792.9,0.0,94418.8,0.0,18890.9,96462.8,20867.8,118434.4,105462.0,128652.3,162174.8,148
4470.6,153846.0,33991.0,33717.0,43069.0,43069.0,67756.0,56702.9,15024.4,13792.9,0.0,94418.8,0.0,18900.6,96464.4,20877.9,118446.0,105452.0,128652.3,162174.8,148
4471.6,153846.0,33991.0,33717.0,43069.0,43069.0,67756.0,56702.9,15024.4,13792.9,0.0,94418.9,0.0,18911.3,96465.2,20884.9,118453.9,105444.9,128652.3,162174.9,148
4472.6,153846.0,33991.0,33717.0,43069.0,43069.0,67756.0,56702.9,15024.4,13792.9,0.0,94418.9,0.0,18923.1,96464.8,20896.2,118464.8,105433.7,128652.3,162174.9,148
4473.6,153846.0,33991.0,33717.0,43069.0,43069.0,67756.0,56702.9,15024.4,13792.9,0.0,94409.2,0.0,18933.4,96455.1,20907.5,118466.4,105418.4,128652.3,162165.2,148
4474.6,153846.0,33991.0,33717.0,43069.0,43069.0,67756.0,56702.9,15024.3,13792.9,0.0,94408.8,0.0,18945.5,96454.7,20915.2,118473.6,105410.7,128652.3,162164.8,148
4475.6,153846.0,33991.0,33717.0,43069.0,43069.0,67756.0,56702.9,15024.3,13792.9,0.0,94411.8,0.0,18893.1,96458.0,20860.5,118422.1,105469.5,128652.3,162167.8,148
4476.6,153846.0,33991.0,33717.0,43069.0,43069.0,67756.0,56702.9,15024.3,13792.9,0.0,94411.3,0.0,18903.0,96457.2,20872.1,118432.8,105457.9,128652.3,162167.3,148
4477.6,153846.0,33991.0,33717.0,43069.0,43069.0,67756.0,56702.9,15024.3,13792.9,0.0,94411.3,0.0,18913.0,96457.2,20883.6,118444.4,105446.4,128652.3,162167.3,148
4478.6,153846.0,33991.0,33717.0,43069.0,43069.0,67756.0,56702.9,15024.3,13792.9,0.0,94459.5,0.0,18927.5,96506.4,20899.6,118509.5,105422.5,128652.3,162215.5,148
4479.6,153846.0,33991.0,33717.0,43069.0,43069.0,67756.0,56702.9,15024.3,13792.9,0.0,94449.3,0.0,18935.0,96495.1,20916.2,118514.8,105409.9,128652.3,162205.3,148
4480.7,153846.0,33991.0,33717.0,43069.0,43069.0,67756.0,56702.9,15024.4,13792.9,0.0,94439.2,0.0,18944.8,96488.2,20937.3,118529.0,105388.8,128652.3,162195.2,148
4481.7,153846.0,33991.0,33717.0,43069.0,43069.0,67756.0,56702.9,15024.4,13792.9,0.0,94429.1,0.0,18956.8,96477.0,20961.6,118542.1,105360.5,128652.3,162185.1,148
4482.7,153846.0,33991.0,33717.0,43069.0,43069.0,67756.0,56702.9,15024.4,13792.9,0.0,94418.2,0.0,18969.9,96469.7,20960.6,118533.8,105369.5,128652.3,162174.2,148
4483.7,153846.0,33991.0,33717.0,43069.0,43069.0,67756.0,56702.9,15024.4,13792.9,0.0,94418.1,0.0,18980.8,96468.6,20889.3,118461.4,105440.8,128652.3,162174.1,148
4484.7,153846.0,33991.0,33717.0,43069.0,43069.0,67756.0,56702.9,15024.4,13792.9,0.0,94418.3,0.0,18993.5,96467.9,20924.7,118496.0,105405.4,128652.3,162174.3,148
4485.7,153846.0,33991.0,33717.0,43069.0,43069.0,67756.0,56702.9,15024.4,13792.9,0.0,94428.0,0.0,18952.2,96476.2,20899.5,118479.1,105430.8,128652.3,162184.0,148
4486.7,153846.0,33991.0,33717.0,43069.0,43069.0,67756.0,56702.9,15024.4,13792.9,0.0,94427.8,0.0,18959.9,96476.3,20923.5,118503.2,105406.7,128652.3,162183.8,148
4487.7,153846.0,33991.0,33717.0,43069.0,43069.0,67756.0,56702.9,15024.4,13792.9,0.0,94427.8,0.0,18969.3,96475.2,20933.7,118512.3,105396.5,128652.3,162183.8,148
4488.7,153846.0,33991.0,33717.0,43069.0,43069.0,67756.0,56702.9,15024.4,13792.9,0.0,94451.6,0.0,18917.3,96497.3,20887.1,118487.6,105443.2,128652.3,162207.6,148
4489.7,153846.0,33991.0,33717.0,43069.0,43069.0,67756.0,56702.9,15024.4,13792.9,0.0,94501.6,0.0,18874.0,96548.3,20838.4,118490.0,105491.9,128652.3,162257.6,148
4490.7,153846.0,33991.0,33717.0,43069.0,43069.0,67756.0,56702.9,15024.4,13792.9,0.0,94501.6,0.0,18878.7,96549.6,20844.2,118497.1,105486.1,128652.3,162257.6,148
4491.7,153846.0,33991.0,33717.0,43069.0,43069.0,67756.0,56702.9,15024.4,13792.9,0.0,94501.6,0.0,18886.5,96549.6,20853.8,118506.7,105476.6,128652.3,162257.6,148
4492.7,153846.0,33991.0,33717.0,43069.0,43069.0,67756.0,56702.9,15024.4,13792.9,0.0,94501.6,0.0,18894.8,96549.7,20862.7,118515.7,105467.6,128652.3,162257.6,148
4493.7,153846.0,33991.0,33717.0,43069.0,43069.0,67756.0,56702.9,15024.4,13792.9,0.0,94501.6,0.0,18902.0,96549.7,20868.0,118521.0,105462.3,128652.3,162257.6,148
4494.7,153846.0,33991.0,33717.0,43069.0,43069.0,67756.0,56702.9,15024.4,13792.9,0.0,94501.6,0.0,18908.7,96549.7,20876.2,118529.2,105454.1,128652.3,162257.6,148
4495.7,153846.0,33991.0,33717.0,43069.0,43069.0,67756.0,56702.9,15024.4,13792.9,0.0,94501.7,0.0,18915.6,96549.7,20884.9,118537.9,105445.4,128652.3,162257.7,148
4496.7,153846.0,33991.0,33717.0,43069.0,43069.0,67756.0,56702.9,15024.4,13792.9,0.0,94491.5,0.0,18923.0,96539.6,20890.9,118533.8,105435.4,128652.3,162247.5,148
4497.7,153846.0,33991.0,33717.0,43069.0,43069.0,67756.0,56702.9,15024.4,13792.9,0.0,94494.2,0.0,18930.4,96542.7,20898.8,118544.8,105427.5,128652.3,162250.2,148
4498.7,153846.0,33991.0,33717.0,43069.0,43069.0,67756.0,56702.9,15024.4,13792.9,0.0,94483.8,0.0,18937.6,96532.2,20906.9,118542.3,105411.5,128652.3,162239.8,148
4499.7,153846.0,33991.0,33717.0,43069.0,43069.0,67756.0,56702.9,15024.4,13792.9,0.0,94495.1,0.0,18943.9,96543.5,20913.3,118560.0,105405.1,128652.3,162251.1,148
4500.7,153846.0,33991.0,33717.0,43069.0,43069.0,67756.0,56702.9,15024.4,13792.9,0.0,94474.5,0.0,18954.6,96523.2,20922.9,118549.3,105403.5,128652.3,162230.5,148
4501.7,153846.0,33991.0,33717.0,43069.0,43069.0,67756.0,56702.9,15024.4,13792.9,0.0,94464.4,0.0,18963.6,96513.0,20928.9,118545.1,105401.5,128652.3,162220.4,148
4502.7,153846.0,33991.0,33717.0,43069.0,43069.0,67756.0,56702.9,15024.4,13792.9,0.0,94464.4,0.0,18972.6,96513.4,20938.2,118554.8,105392.2,128652.3,162220.4,148
4503.7,153846.0,33991.0,33717.0,43069.0,43069.0,67756.0,56702.9,15024.4,13792.9,0.0,94453.6,0.0,18982.3,96503.1,20958.7,118564.9,105371.7,128652.3,162209.6,148
4504.7,153846.0,33991.0,33717.0,43069.0,43069.0,67756.0,56702.9,15024.4,13792.9,0.0,94466.8,0.0,18889.2,96514.3,20862.4,118479.7,105468.2,128652.3,162222.8,148
4505.7,153846.0,33991.0,33717.0,43069.0,43069.0,67756.0,56702.9,15024.4,13792.9,0.0,94466.8,0.0,18897.2,96515.1,20878.0,118496.1,105452.6,128652.3,162222.8,148
4506.7,153846.0,33991.0,33717.0,43069.0,43069.0,67756.0,56702.9,15024.4,13792.9,0.0,94466.8,0.0,18907.9,96515.1,20892.2,118510.3,105438.4,128652.3,162222.8,148
4507.7,153846.0,33991.0,33717.0,43069.0,43069.0,67756.0,56702.9,15024.4,13792.9,0.0,94466.8,0.0,18917.7,96515.2,20900.1,118518.2,105430.5,128652.3,162222.8,148
4508.7,153846.0,33991.0,33717.0,43069.0,43069.0,67756.0,56702.9,15024.4,13792.9,0.0,94466.8,0.0,18929.8,96515.2,20908.8,118526.9,105421.8,128652.3,162222.8,148
4509.7,153846.0,33991.0,33717.0,43069.0,43069.0,67756.0,56702.9,15024.4,13792.9,0.0,94466.8,0.0,18937.6,96515.2,20913.7,118531.9,105416.8,128652.3,162222.8,148
4510.7,153846.0,33991.0,33717.0,43069.0,43069.0,67756.0,56702.9,15024.4,13792.9,0.0,94466.8,0.0,18947.3,96515.2,20925.2,118543.4,105405.3,128652.3,162222.8,148
4511.7,153846.0,33991.0,33717.0,43069.0,43069.0,67756.0,56702.9,15024.4,13792.9,0.0,94466.8,0.0,18955.9,96515.9,20949.3,118568.2,105381.2,128652.3,162222.8,148
4512.7,153846.0,33991.0,33717.0,43069.0,43069.0,67756.0,56702.9,15024.4,13792.9,0.0,94466.8,0.0,18965.6,96514.6,20941.5,118559.1,105389.1,128652.3,162222.8,148
4513.7,153846.0,33991.0,33717.0,43069.0,43069.0,67756.0,56702.9,15024.4,13792.9,0.0,94524.7,0.0,18899.2,96572.7,20865.2,118540.8,105465.4,128652.3,162280.7,148
4514.7,153846.0,33991.0,33717.0,43069.0,43069.0,67756.0,56702.9,15024.4,13792.9,0.0,94568.1,0.0,18844.9,96617.1,20817.4,118537.4,105513.3,128652.3,162324.1,148
4515.7,153846.0,33991.0,33717.0,43069.0,43069.0,67756.0,56702.9,15024.4,13792.9,0.0,94568.1,0.0,18854.2,96618.6,20837.4,118558.9,105493.3,128652.3,162324.1,148
4516.7,153846.0,33991.0,33717.0,43069.0,43069.0,67756.0,56702.9,15024.4,13792.9,0.0,94568.2,0.0,18864.8,96618.6,20850.1,118571.6,105480.7,128652.3,162324.2,148
4517.7,153846.0,33991.0,33717.0,43069.0,43069.0,67756.0,56702.9,15024.4,13792.9,0.0,94568.2,0.0,18877.6,96618.7,20861.0,118582.5,105469.8,128652.3,162324.2,148
4518.7,153846.0,33991.0,33717.0,43069.0,43069.0,67756.0,56702.9,15024.3,13792.9,0.0,94568.2,0.0,18889.9,96618.7,20873.0,118594.5,105457.7,128652.3,162324.2,148
4519.7,153846.0,33991.0,33717.0,43069.0,43069.0,67756.0,56702.9,15024.3,13792.9,0.0,94557.9,0.0,18900.4,96608.4,20885.7,118596.9,105437.0,128652.3,162313.9,148
4520.7,153846.0,33991.0,33717.0,43069.0,43069.0,67756.0,56702.9,15024.3,13792.9,0.0,94558.1,0.0,18909.3,96608.5,20894.2,118605.6,105428.6,128652.3,162314.1,148
4521.7,153846.0,33991.0,33717.0,43069.0,43069.0,67756.0,56702.9,15024.3,13792.9,0.0,94547.1,0.0,18920.1,96597.6,20903.8,118604.2,105422.9,128652.3,162303.1,148
4522.7,153846.0,33991.0,33717.0,43069.0,43069.0,67756.0,56702.9,15024.3,13792.9,0.0,94536.8,0.0,18930.3,96587.0,20913.9,118603.8,105416.9,128652.3,162292.8,148
4523.7,153846.0,33991.0,33717.0,43069.0,43069.0,67756.0,56702.9,15024.3,13792.9,0.0,94526.7,0.0,18941.5,96576.7,20921.9,118601.4,105404.9,128652.3,162282.7,148
4524.7,153846.0,33991.0,33717.0,43069.0,43069.0,67756.0,56702.9,15024.3,13792.9,0.0,94526.8,0.0,18949.7,96576.8,20932.2,118611.7,105394.6,128652.3,162282.8,148
4525.7,153846.0,33991.0,33717.0,43069.0,43069.0,67756.0,56702.9,15024.3,13792.9,0.0,94516.6,0.0,18960.3,96566.7,20942.7,118612.2,105384.1,128652.3,162272.6,148
4526.7,153846.0,33991.0,33717.0,43069.0,43069.0,67756.0,56702.9,15024.3,13792.9,0.0,94506.6,0.0,18970.1,96556.6,20955.8,118615.2,105375.0,128652.3,162262.6,148
4527.7,153846.0,33991.0,33717.0,43069.0,43069.0,67756.0,56702.9,15024.3,13792.9,0.0,94496.4,0.0,18980.4,96546.3,20968.6,118617.6,105362.2,128652.3,162252.4,148
4528.7,153846.0,33991.0,33717.0,43069.0,43069.0,67756.0,56702.9,15024.3,13792.9,0.0,94502.4,0.0,18926.7,96551.6,20915.5,118569.8,105415.4,128652.3,162258.4,148
4529.7,153846.0,33991.0,33717.0,43069.0,43069.0,67756.0,56702.9,15024.4,13792.9,0.0,94502.4,0.0,18933.4,96551.5,20925.9,118580.1,105405.0,128652.3,162258.4,148
4530.7,153846.0,33991.0,33717.0,43069.0,43069.0,67756.0,56702.9,15024.4,13792.9,0.0,94502.4,0.0,18939.9,96552.1,20931.3,118586.1,105399.6,128652.3,162258.4,148
4531.7,153846.0,33991.0,33717.0,43069.0,43069.0,67756.0,56702.9,15024.4,13792.9,0.0,94502.4,0.0,18947.7,96552.1,20938.4,118593.3,105392.4,128652.3,162258.4,148
4532.7,153846.0,33991.0,33717.0,43069.0,43069.0,67756.0,56702.9,15024.4,13792.9,0.0,94502.4,0.0,18958.4,96554.9,20947.4,118604.9,105383.5,128652.3,162258.4,148
4533.7,153846.0,33991.0,33717.0,43069.0,43069.0,67756.0,56702.9,15024.4,13792.9,0.0,94502.4,0.0,18967.0,96552.7,20953.2,118608.6,105377.7,128652.3,162258.4,148
4534.7,153846.0,33991.0,33717.0,43069.0,43069.0,67756.0,56702.9,15024.4,13792.9,0.0,94502.4,0.0,18976.0,96552.7,20963.1,118618.4,105367.8,128652.3,162258.4,148
4535.7,153846.0,33991.0,33717.0,43069.0,43069.0,67756.0,56702.9,15024.4,13792.9,0.0,94492.3,0.0,18986.6,96542.5,20971.3,118616.5,105359.6,128652.3,162248.3,148
4536.7,153846.0,33991.0,33717.0,43069.0,43069.0,67756.0,56702.9,15024.4,13792.9,0.0,94515.7,0.0,18933.0,96565.1,20914.2,118581.9,105416.8,128652.3,162271.7,148
4537.7,153846.0,33991.0,33717.0,43069.0,43069.0,67756.0,56702.9,15024.4,13792.9,0.0,94515.8,0.0,18943.3,96566.2,20935.2,118604.0,105395.8,128652.3,162271.8,148
4538.7,153846.0,33991.0,33717.0,43069.0,43069.0,67756.0,56702.9,15024.4,13792.9,0.0,94515.9,0.0,18954.9,96565.9,20938.2,118606.7,105392.8,128652.3,162271.9,148
4539.7,153846.0,33991.0,33717.0,43069.0,43069.0,67756.0,56702.9,15024.4,13792.9,0.0,94515.9,0.0,18962.7,96565.9,20946.8,118615.3,105384.2,128652.3,162271.9,148
4540.7,153846.0,33991.0,33717.0,43069.0,43069.0,67756.0,56702.9,15024.4,13792.9,0.0,94505.5,0.0,18974.4,96556.4,20960.6,118619.7,105370.3,128652.3,162261.5,148
4541.7,153846.0,33991.0,33717.0,43069.0,43069.0,67756.0,56702.9,15024.4,13792.9,0.0,94505.5,0.0,18983.2,96556.4,20965.9,118624.9,105365.1,128652.3,162261.5,148
4542.7,153846.0,33991.0,33717.0,43069.0,43069.0,67756.0,56702.9,15024.4,13792.9,0.0,94494.8,0.0,18994.9,96545.7,20981.9,118630.1,105345.2,128652.3,162250.8,148
4543.7,153846.0,33991.0,33717.0,43069.0,43069.0,67756.0,56702.9,15024.4,13792.9,0.0,94474.2,0.0,19009.6,96525.0,20997.4,118624.9,105333.6,128652.3,162230.2,148
4544.7,153846.0,33991.0,33717.0,43069.0,43069.0,67756.0,56702.9,15024.3,13792.9,0.0,94464.5,0.0,19022.7,96514.3,21008.7,118625.5,105322.3,128652.3,162220.5,148
4545.7,153846.0,33991.0,33717.0,43069.0,43069.0,67756.0,56702.9,15024.3,13792.9,0.0,94454.0,0.0,19035.1,96504.7,21021.0,118628.2,105310.1,128652.3,162210.0,148
4546.7,153846.0,33991.0,33717.0,43069.0,43069.0,67756.5,56703.5,15024.9,13793.5,0.0,94443.9,0.0,19046.4,96494.8,21032.4,118629.7,105298.7,128652.3,162200.4,148
4547.7,153846.0,33991.0,33717.0,43069.0,43069.0,67737.8,56684.7,15006.2,13774.7,0.0,94467.3,0.0,18970.4,96515.7,20966.1,118584.2,105365.1,128652.3,162205.1,148
4548.7,153846.0,33991.0,33717.0,43069.0,43069.0,67737.8,56684.7,15006.2,13774.7,0.0,94524.2,0.0,18933.8,96572.7,20926.8,118601.9,105404.4,128652.3,162262.0,148
4549.7,153846.0,33991.0,33717.0,43069.0,43069.0,67737.8,56684.7,15006.2,13774.7,0.0,94524.2,0.0,18946.1,96572.7,20938.3,118613.4,105392.9,128652.3,162262.0,148
4550.7,153846.0,33991.0,33717.0,43069.0,43069.0,67737.8,56684.7,15006.2,13774.7,0.0,94524.2,0.0,18958.5,96574.2,20951.6,118628.2,105379.6,128652.3,162262.0,148
4551.7,153846.0,33991.0,33717.0,43069.0,43069.0,67737.8,56684.7,15006.2,13774.7,0.0,94524.2,0.0,18967.2,96574.4,20956.8,118633.7,105374.3,128652.3,162262.0,148
4552.7,153846.0,33991.0,33717.0,43069.0,43069.0,67737.8,56684.7,15006.2,13774.7,0.0,94550.7,0.0,18916.7,96601.4,20899.1,118602.7,105432.2,128652.3,162288.5,148
4553.7,153846.0,33991.0,33717.0,43069.0,43069.0,67756.1,56703.0,15024.5,13793.0,0.0,94550.5,0.0,18945.7,96603.7,20932.9,118638.9,105398.4,128652.3,162306.6,148
4554.7,153846.0,33991.0,33717.0,43069.0,43069.0,67756.1,56703.0,15024.5,13793.0,0.0,94569.9,0.0,18955.5,96621.8,20941.6,118665.7,105385.8,128652.3,162326.0,148
4555.7,153846.0,33991.0,33717.0,43069.0,43069.0,67756.1,56703.0,15024.5,13793.0,0.0,94559.0,0.0,18965.1,96611.5,20956.8,118670.6,105370.5,128652.3,162315.1,148
4556.7,153846.0,33991.0,33717.0,43069.0,43069.0,67756.1,56703.0,15024.5,13793.0,0.0,94559.3,0.0,18975.3,96612.1,20882.0,118596.4,105445.3,128652.3,162315.4,148
4557.7,153846.0,33991.0,33717.0,43069.0,43069.0,67756.1,56703.0,15024.5,13793.0,0.0,94593.1,0.0,18931.9,96646.0,20853.9,118602.1,105477.5,128652.3,162349.2,148
4558.7,153846.0,33991.0,33717.0,43069.0,43069.0,67756.1,56703.0,15024.5,13793.0,0.0,94593.1,0.0,18941.4,96646.0,20874.1,118622.3,105457.3,128652.3,162349.2,148
4559.7,153846.0,33991.0,33717.0,43069.0,43069.0,67756.1,56703.0,15024.5,13793.0,0.0,94593.0,0.0,18951.0,96646.0,20885.0,118633.2,105446.4,128652.3,162349.1,148
4560.7,153846.0,33991.0,33717.0,43069.0,43069.0,67756.1,56703.0,15024.5,13793.0,0.0,94583.4,0.0,18958.9,96636.7,20901.4,118640.3,105430.0,128652.3,162339.5,148
4561.7,153846.0,33991.0,33717.0,43069.0,43069.0,67756.1,56703.0,15024.5,13793.0,0.0,94583.0,0.0,18968.8,96636.6,20909.6,118648.4,105421.8,128652.3,162339.1,148
4562.7,153846.0,33991.0,33717.0,43069.0,43069.0,67756.1,56703.0,15024.5,13793.0,0.0,94572.9,0.0,18978.7,96626.5,20923.0,118651.7,105404.4,128652.3,162329.0,148
4563.7,153846.0,33991.0,33717.0,43069.0,43069.0,67756.1,56703.0,15024.5,13793.0,0.0,94562.8,0.0,18988.9,96616.3,20940.3,118658.8,105387.1,128652.3,162318.9,148
4564.7,153846.0,33991.0,33717.0,43069.0,43069.0,67756.1,56703.0,15024.5,13793.0,0.0,94553.1,0.0,19001.7,96605.1,20950.1,118657.3,105381.4,128652.3,162309.2,148
4565.7,153846.0,33991.0,33717.0,43069.0,43069.0,67756.1,56703.0,15024.5,13793.0,0.0,94542.3,0.0,19014.1,96595.8,20960.9,118658.8,105366.6,128652.3,162298.4,148
4566.7,153846.0,33991.0,33717.0,43069.0,43069.0,67756.1,56703.0,15024.5,13793.0,0.0,94531.5,0.0,19025.8,96584.9,20970.8,118657.8,105360.7,128652.3,162287.6,148
4567.7,153846.0,33991.0,33717.0,43069.0,43069.0,67756.1,56703.0,15024.5,13793.0,0.0,94521.3,0.0,19036.5,96575.1,20981.0,118658.2,105350.5,128652.3,162277.4,148
4568.7,153846.0,33991.0,33717.0,43069.0,43069.0,67756.1,56703.0,15024.5,13793.0,0.0,94511.3,0.0,19047.6,96564.8,20995.6,118662.5,105335.9,128652.3,162267.4,148
4569.7,153846.0,33991.0,33717.0,43069.0,43069.0,67756.1,56703.0,15024.5,13793.0,0.0,94501.1,0.0,19059.2,96552.8,21011.0,118665.8,105316.6,128652.3,162257.2,148
4570.7,153846.0,33991.0,33717.0,43069.0,43069.0,67756.1,56703.0,15024.5,13793.0,0.0,94491.4,0.0,19071.4,96544.8,21023.8,118670.7,105303.7,128652.3,162247.5,148
4571.7,153846.0,33991.0,33717.0,43069.0,43069.0,67756.1,56703.0,15024.5,13793.0,0.0,94514.4,0.0,19016.2,96566.1,20975.0,118643.1,105356.7,128652.3,162270.5,148
4572.7,153846.0,33991.0,33717.0,43069.0,43069.0,67756.1,56703.0,15024.5,13793.0,0.0,94514.5,0.0,19022.4,96566.1,20982.5,118650.5,105349.2,128652.3,162270.6,148
4573.7,153846.0,33991.0,33717.0,43069.0,43069.0,67756.1,56703.0,15024.5,13793.0,0.0,94514.5,0.0,19028.0,96566.1,20990.6,118658.7,105341.0,128652.3,162270.6,148
4574.7,153846.0,33991.0,33717.0,43069.0,43069.0,67756.1,56703.0,15024.5,13793.0,0.0,94514.5,0.0,19038.2,96566.1,21001.9,118670.0,105329.8,128652.3,162270.6,148
4575.7,153846.0,33991.0,33717.0,43069.0,43069.0,67756.1,56703.0,15024.5,13793.0,0.0,94514.5,0.0,19048.9,96567.6,21013.3,118682.9,105318.3,128652.3,162270.6,148
4576.7,153846.0,33991.0,33717.0,43069.0,43069.0,67756.1,56703.0,15024.5,13793.0,0.0,94514.6,0.0,19058.2,96567.8,21025.1,118694.8,105306.6,128652.3,162270.7,148
4577.7,153846.0,33991.0,33717.0,43069.0,43069.0,67756.1,56703.0,15024.5,13793.0,0.0,94514.6,0.0,19067.6,96567.8,21034.7,118704.4,105297.0,128652.3,162270.7,148
4578.7,153846.0,33991.0,33717.0,43069.0,43069.0,67756.1,56703.0,15024.5,13793.0,0.0,94504.5,0.0,19076.9,96557.6,21047.4,118707.0,105280.2,128652.3,162260.6,148
4579.7,153846.0,33991.0,33717.0,43069.0,43069.0,67756.1,56703.0,15024.5,13793.0,0.0,94494.3,0.0,19086.9,96547.5,21062.4,118711.8,105265.2,128652.3,162250.4,148
4580.7,153846.0,33991.0,33717.0,43069.0,43069.0,67756.1,56703.0,15024.5,13793.0,0.0,94497.5,0.0,19032.8,96548.9,21007.9,118658.6,105323.9,128652.3,162253.6,148
4581.7,153846.0,33991.0,33717.0,43069.0,43069.0,67756.1,56703.0,15024.5,13793.0,0.0,94506.4,0.0,19042.3,96559.7,21019.9,118681.4,105311.9,128652.3,162262.5,148
4582.7,153846.0,33991.0,33717.0,43069.0,43069.0,67756.1,56703.0,15024.5,13793.0,0.0,94506.4,0.0,19048.9,96559.7,21031.3,118692.8,105300.5,128652.3,162262.5,148
4583.7,153846.0,33991.0,33717.0,43069.0,43069.0,67756.1,56703.0,15024.5,13793.0,0.0,94506.4,0.0,19058.7,96559.7,21042.4,118703.9,105289.4,128652.3,162262.5,148
4584.7,153846.0,33991.0,33717.0,43069.0,43069.0,67756.1,56703.0,15024.5,13793.0,0.0,94506.4,0.0,19071.6,96559.7,21054.2,118715.7,105277.6,128652.3,162262.5,148
4585.7,153846.0,33991.0,33717.0,43069.0,43069.0,67756.1,56703.0,15024.5,13793.0,0.0,94506.4,0.0,19078.7,96559.7,21062.3,118723.8,105269.5,128652.3,162262.5,148
4586.7,153846.0,33991.0,33717.0,43069.0,43069.0,67756.1,56703.0,15024.5,13793.0,0.0,94506.4,0.0,19091.7,96562.4,21090.4,118754.6,105241.4,128652.3,162262.6,148
4587.7,153846.0,33991.0,33717.0,43069.0,43069.0,67756.1,56703.0,15024.5,13793.0,0.0,94518.5,0.0,19055.3,96571.1,21045.8,118718.6,105286.1,128652.3,162274.6,148
4588.7,153846.0,33991.0,33717.0,43069.0,43069.0,67756.1,56703.0,15024.5,13793.0,0.0,94518.6,0.0,19065.7,96571.2,21055.9,118728.7,105276.0,128652.3,162274.7,148
4589.7,153846.0,33991.0,33717.0,43069.0,43069.0,67756.1,56703.0,15024.5,13793.0,0.0,94518.5,0.0,19076.1,96571.1,21065.5,118738.3,105266.4,128652.3,162274.6,148
4590.7,153846.0,33991.0,33717.0,43069.0,43069.0,67756.1,56703.0,15024.5,13793.0,0.0,94508.4,0.0,19088.0,96561.0,21076.0,118738.7,105255.9,128652.3,162264.5,148
4591.7,153846.0,33991.0,33717.0,43069.0,43069.0,67756.1,56703.0,15024.5,13793.0,0.0,94498.3,0.0,19099.2,96550.8,21085.5,118738.0,105246.4,128652.3,162254.4,148
4592.7,153846.0,33991.0,33717.0,43069.0,43069.0,67756.1,56703.0,15024.5,13793.0,0.0,94487.3,0.0,19110.1,96539.9,21094.3,118735.8,105237.6,128652.3,162243.4,148
4593.7,153846.0,33991.0,33717.0,43069.0,43069.0,67756.1,56703.0,15024.5,13793.0,0.0,94477.1,0.0,19120.7,96529.4,21109.0,118740.0,105223.0,128652.3,162233.2,148
4594.7,153846.0,33991.0,33717.0,43069.0,43069.0,67756.1,56703.0,15024.5,13793.0,0.0,94493.4,0.0,19133.8,96545.8,21116.8,118764.1,105211.2,128652.3,162249.6,148
4595.7,153846.0,33991.0,33717.0,43069.0,43069.0,67756.1,56703.0,15024.5,13793.0,0.0,94490.3,0.0,19080.1,96542.7,21067.0,118711.3,105265.0,128652.3,162246.4,148
4596.7,153846.0,33991.0,33717.0,43069.0,43069.0,67758.0,56704.9,15026.3,13794.9,0.0,94480.4,0.0,19091.2,96537.3,21088.1,118727.0,105239.9,128652.3,162238.3,148
4597.7,153846.0,33991.0,33717.0,43069.0,43069.0,67758.0,56704.9,15026.3,13794.9,0.0,94593.2,0.0,18979.4,96647.4,20967.5,118716.4,105364.6,128652.3,162351.2,148
4598.7,153846.0,33991.0,33717.0,43069.0,43069.0,67758.0,56704.9,15026.3,13794.9,0.0,94593.2,0.0,18989.2,96647.0,20974.6,118723.1,105357.5,128652.3,162351.2,148
4599.7,153846.0,33991.0,33717.0,43069.0,43069.0,67758.0,56704.9,15026.3,13794.9,0.0,94593.2,0.0,18999.9,96646.8,20984.4,118732.6,105347.7,128652.3,162351.2,148
4600.7,153846.0,33991.0,33717.0,43069.0,43069.0,67758.0,56704.9,15026.3,13794.9,0.0,94593.3,0.0,19011.1,96646.9,20995.6,118744.0,105336.5,128652.3,162351.3,148
4601.7,153846.0,33991.0,33717.0,43069.0,43069.0,67758.0,56704.9,15026.3,13794.9,0.0,94593.2,0.0,19021.4,96646.8,21005.0,118753.3,105327.1,128652.3,162351.2,148
4602.7,153846.0,33991.0,33717.0,43069.0,43069.0,67758.0,56704.9,15026.3,13794.9,0.0,94583.1,0.0,19033.4,96637.4,21022.3,118761.3,105309.8,128652.3,162341.1,148
4603.7,153846.0,33991.0,33717.0,43069.0,43069.0,67758.0,56704.9,15026.3,13794.9,0.0,94583.0,0.0,19043.8,96637.4,21032.2,118771.1,105299.9,128652.3,162341.0,148
4604.7,153846.0,33991.0,33717.0,43069.0,43069.0,67758.0,56704.9,15026.3,13794.9,0.0,94562.8,0.0,19053.9,96616.0,21036.1,118753.5,105296.0,128652.3,162320.8,148
4605.7,153846.0,33991.0,33717.0,43069.0,43069.0,67758.0,56704.9,15026.3,13794.9,0.0,94562.8,0.0,19063.6,96616.9,21046.7,118765.0,105285.5,128652.3,162320.8,148
4606.7,153846.0,33991.0,33717.0,43069.0,43069.0,67758.0,56704.9,15026.3,13794.9,0.0,94552.6,0.0,19077.0,96606.8,21061.4,118769.6,105266.7,128652.3,162310.6,148
4607.7,153846.0,33991.0,33717.0,43069.0,43069.0,67758.0,56704.9,15026.3,13794.9,0.0,94542.5,0.0,19087.6,96596.6,21073.1,118771.1,105255.1,128652.3,162300.5,148
4608.7,153846.0,33991.0,33717.0,43069.0,43069.0,67758.0,56704.9,15026.3,13794.9,0.0,94532.3,0.0,19097.0,96586.4,21084.1,118772.0,105244.1,128652.3,162290.3,148
4609.7,153846.0,33991.0,33717.0,43069.0,43069.0,67758.0,56704.9,15026.3,13794.9,0.0,94532.3,0.0,19107.2,96586.4,21093.0,118780.8,105235.2,128652.3,162290.3,148
4610.7,153846.0,33991.0,33717.0,43069.0,43069.0,67758.0,56704.9,15026.3,13794.9,0.0,94542.0,0.0,19058.9,96596.8,21034.1,118732.2,105298.2,128652.3,162300.0,148
4611.7,153846.0,33991.0,33717.0,43069.0,43069.0,67758.0,56704.9,15026.3,13794.9,0.0,94541.8,0.0,19065.0,96596.7,21042.3,118740.3,105290.0,128652.3,162299.8,148
4612.7,153846.0,33991.0,33717.0,43069.0,43069.0,67758.0,56704.9,15026.3,13794.9,0.0,94541.9,0.0,19072.4,96596.9,21054.5,118752.6,105277.8,128652.3,162299.9,148
4613.7,153846.0,33991.0,33717.0,43069.0,43069.0,67758.0,56704.9,15026.3,13794.9,0.0,94541.9,0.0,19077.6,96596.9,21066.6,118764.8,105265.7,128652.3,162299.9,148
4614.7,153846.0,33991.0,33717.0,43069.0,43069.0,67758.0,56704.9,15026.3,13794.9,0.0,94541.9,0.0,19088.6,96596.9,21079.6,118777.7,105252.7,128652.3,162299.9,148
4615.7,153846.0,33991.0,33717.0,43069.0,43069.0,67758.0,56704.9,15026.3,13794.9,0.0,94541.9,0.0,19099.4,96596.9,21090.9,118789.1,105241.4,128652.3,162299.9,148
4616.7,153846.0,33991.0,33717.0,43069.0,43069.0,67758.0,56704.9,15026.3,13794.9,0.0,94541.9,0.0,19105.7,96596.8,21096.2,118794.3,105236.1,128652.3,162299.9,148
4617.7,153846.0,33991.0,33717.0,43069.0,43069.0,67758.0,56704.9,15026.3,13794.9,0.0,94531.8,0.0,19112.1,96586.7,21104.8,118792.8,105227.5,128652.3,162289.8,148
4618.7,153846.0,33991.0,33717.0,43069.0,43069.0,67758.0,56704.9,15026.3,13794.9,0.0,94544.1,0.0,19059.9,96597.1,21048.1,118746.4,105284.3,128652.3,162302.1,148
4619.7,153846.0,33991.0,33717.0,43069.0,43069.0,67758.0,56704.9,15026.3,13794.9,0.0,94544.1,0.0,19067.4,96597.1,21054.5,118752.8,105278.0,128652.3,162302.1,148
4620.7,153846.0,33991.0,33717.0,43069.0,43069.0,67758.0,56704.9,15026.3,13794.9,0.0,94544.1,0.0,19076.5,96598.6,21065.7,118765.5,105266.7,128652.3,162302.1,148
4621.7,153846.0,33991.0,33717.0,43069.0,43069.0,67758.0,56704.9,15026.3,13794.9,0.0,94544.2,0.0,19085.4,96598.7,21073.8,118773.7,105258.6,128652.3,162302.2,148
4622.7,153846.0,33991.0,33717.0,43069.0,43069.0,67758.0,56704.9,15026.3,13794.9,0.0,94544.2,0.0,19097.2,96598.7,21085.4,118785.2,105247.0,128652.3,162302.2,148
4623.7,153846.0,33991.0,33717.0,43069.0,43069.0,67758.0,56704.9,15026.3,13794.9,0.0,94544.2,0.0,19106.0,96598.7,21095.4,118795.3,105237.0,128652.3,162302.2,148
4624.7,153846.0,33991.0,33717.0,43069.0,43069.0,67758.0,56704.9,15026.3,13794.9,0.0,94544.2,0.0,19117.2,96598.7,21109.4,118809.2,105223.0,128652.3,162302.2,148
4625.7,153846.0,33991.0,33717.0,43069.0,43069.0,67758.0,56704.9,15026.3,13794.9,0.0,94534.1,0.0,19126.0,96588.5,21117.6,118807.2,105202.9,128652.3,162292.1,148
4626.7,153846.0,33991.0,33717.0,43069.0,43069.0,67758.0,56704.9,15026.3,13794.9,0.0,94523.2,0.0,19138.3,96577.6,21130.0,118808.8,105202.5,128652.3,162281.2,148
4627.7,153846.0,33991.0,33717.0,43069.0,43069.0,67758.0,56704.9,15026.3,13794.9,0.0,94513.2,0.0,19148.1,96567.6,21141.1,118809.9,105191.3,128652.3,162271.2,148
4628.7,153846.0,33991.0,33717.0,43069.0,43069.0,67758.0,56704.9,15026.3,13794.9,0.0,94502.1,0.0,19158.2,96556.6,21151.4,118809.0,105181.2,128652.3,162260.1,148
4629.7,153846.0,33991.0,33717.0,43069.0,43069.0,67758.0,56704.9,15026.3,13794.9,0.0,94502.1,0.0,19167.4,96558.1,21169.3,118828.4,105163.2,128652.3,162260.1,148
4630.7,153846.0,33991.0,33717.0,43069.0,43069.0,67758.0,56704.9,15026.3,13794.9,0.0,94492.1,0.0,19178.5,96548.5,21172.7,118822.3,105159.8,128652.3,162250.0,148
4631.7,153846.0,33991.0,33717.0,43069.0,43069.0,67758.0,56704.9,15026.3,13794.9,0.0,94482.0,0.0,19190.0,96538.3,21186.5,118825.9,105146.0,128652.3,162240.0,148
4632.7,153846.0,33991.0,33717.0,43069.0,43069.0,67758.0,56704.9,15026.3,13794.9,0.0,94482.0,0.0,19199.1,96536.6,21191.3,118829.0,105141.2,128652.3,162240.0,148
4633.7,153846.0,33991.0,33717.0,43069.0,43069.0,67758.0,56704.9,15026.3,13794.9,0.0,94500.2,0.0,19145.6,96554.2,21038.8,118693.9,105293.9,128652.3,162258.2,148
4634.7,153846.0,33991.0,33717.0,43069.0,43069.0,67758.0,56704.9,15026.3,13794.9,0.0,94500.3,0.0,19156.9,96554.2,21059.7,118714.8,105273.0,128652.3,162258.2,148
4635.7,153846.0,33991.0,33717.0,43069.0,43069.0,67758.0,56705.0,15026.4,13794.9,0.0,94500.2,0.0,19167.2,96554.9,21078.2,118734.0,105254.5,128652.3,162258.2,148
4636.7,153846.0,33991.0,33717.0,43069.0,43069.0,67754.3,56701.2,15022.7,13791.2,0.0,94500.2,0.0,19174.5,96555.2,21101.8,118757.9,105230.9,128652.3,162254.6,148
4637.7,153846.0,33991.0,33717.0,43069.0,43069.0,67754.3,56701.2,15022.7,13791.2,0.0,94500.2,0.0,19185.3,96555.2,21113.2,118769.3,105219.5,128652.3,162254.6,148
4638.7,153846.0,33991.0,33717.0,43069.0,43069.0,67754.3,56701.2,15022.7,13791.2,0.0,94500.2,0.0,19196.4,96555.2,21127.6,118783.8,105205.1,128652.3,162254.6,148
4639.7,153846.0,33991.0,33717.0,43069.0,43069.0,67754.3,56701.2,15022.7,13791.2,0.0,94490.2,0.0,19209.3,96545.2,21143.5,118789.7,105185.1,128652.3,162244.5,148
4640.7,153846.0,33991.0,33717.0,43069.0,43069.0,67754.3,56701.3,15022.7,13791.3,0.0,94480.2,0.0,19220.0,96535.2,21158.2,118794.3,105170.5,128652.3,162234.6,148
4641.7,153846.0,33991.0,33717.0,43069.0,43069.0,67754.3,56701.3,15022.7,13791.3,0.0,94470.2,0.0,19227.6,96525.2,21168.5,118794.6,105164.2,128652.3,162224.6,148
4642.7,153846.0,33991.0,33717.0,43069.0,43069.0,67754.3,56701.3,15022.7,13791.3,0.0,94460.6,0.0,19239.1,96515.5,21178.8,118795.2,105149.9,128652.3,162214.9,148
4643.7,153846.0,33991.0,33717.0,43069.0,43069.0,67754.3,56701.3,15022.7,13791.3,0.0,94450.2,0.0,19251.3,96504.3,21194.6,118799.8,105134.1,128652.3,162204.6,148
4644.7,153846.0,33991.0,33717.0,43069.0,43069.0,67754.3,56701.3,15022.7,13791.3,0.0,94450.2,0.0,19260.2,96503.8,21203.5,118808.1,105125.3,128652.3,162204.6,148
4645.7,153846.0,33991.0,33717.0,43069.0,43069.0,67754.3,56701.3,15022.7,13791.3,0.0,94440.2,0.0,19271.9,96494.6,21216.0,118811.4,105116.8,128652.3,162194.6,148
4646.7,153846.0,33991.0,33717.0,43069.0,43069.0,67754.3,56701.3,15022.7,13791.3,0.0,94420.2,0.0,19281.6,96474.5,21228.3,118803.6,105104.5,128652.3,162174.6,148
4647.7,153846.0,33991.0,33717.0,43069.0,43069.0,67754.3,56701.3,15022.7,13791.3,0.0,94420.2,0.0,19293.0,96474.3,21242.6,118817.6,105090.2,128652.3,162174.6,148
4648.7,153846.0,33991.0,33717.0,43069.0,43069.0,67754.3,56701.3,15022.7,13791.3,0.0,94410.2,0.0,19303.2,96464.1,21252.1,118817.0,105076.7,128652.3,162164.6,148
4649.7,153846.0,33991.0,33717.0,43069.0,43069.0,67754.3,56701.3,15022.7,13791.3,0.0,94400.3,0.0,19315.1,96453.3,21268.3,118822.4,105052.5,128652.3,162154.6,148
4650.7,153846.0,33991.0,33717.0,43069.0,43069.0,67754.4,56701.3,15022.7,13791.3,0.0,94389.5,0.0,19327.8,96443.5,21281.4,118825.5,105047.5,128652.3,162143.9,148
4651.7,153846.0,33991.0,33717.0,43069.0,43069.0,67754.4,56701.3,15022.7,13791.3,0.0,94385.6,0.0,19336.7,96439.5,21294.3,118834.5,105038.6,128652.3,162139.9,148
4652.7,153846.0,33991.0,33717.0,43069.0,43069.0,67754.4,56701.3,15022.7,13791.3,0.0,94375.7,0.0,19347.6,96429.2,21309.8,118839.6,105019.2,128652.3,162130.0,148
4653.7,153846.0,33991.0,33717.0,43069.0,43069.0,67754.4,56701.3,15022.7,13791.3,0.0,94375.7,0.0,19359.1,96429.2,21325.3,118855.2,105003.6,128652.3,162130.1,148
4654.7,153846.0,33991.0,33717.0,43069.0,43069.0,67754.4,56701.3,15022.7,13791.3,0.0,94365.7,0.0,19369.9,96418.4,21337.2,118856.2,104991.8,128652.3,162120.1,148
4655.7,153846.0,33991.0,33717.0,43069.0,43069.0,67754.4,56701.3,15022.7,13791.3,0.0,94355.7,0.0,19381.0,96409.2,21348.8,118858.6,104984.2,128652.3,162110.1,148
4656.7,153846.0,33991.0,33717.0,43069.0,43069.0,67754.4,56701.3,15022.7,13791.3,0.0,94346.1,0.0,19394.4,96399.6,21360.1,118860.4,104968.8,128652.3,162100.5,148
4657.7,153846.0,33991.0,33717.0,43069.0,43069.0,67754.4,56701.3,15022.7,13791.3,0.0,94335.8,0.0,19403.6,96389.2,21373.3,118863.1,104955.7,128652.3,162090.1,148
4658.7,153846.0,33991.0,33717.0,43069.0,43069.0,67754.4,56701.3,15022.7,13791.3,0.0,94325.9,0.0,19414.2,96379.3,21380.8,118860.7,104948.2,128652.3,162080.2,148
4659.7,153846.0,33991.0,33717.0,43069.0,43069.0,67754.4,56701.3,15022.7,13791.3,0.0,94315.8,0.0,19425.7,96368.3,21390.5,118859.4,104942.5,128652.3,162070.2,148
4660.7,153846.0,33991.0,33717.0,43069.0,43069.0,67754.4,56701.3,15022.7,13791.3,0.0,94305.9,0.0,19438.8,96359.3,21403.2,118863.0,104929.9,128652.3,162060.2,148
4661.7,153846.0,33991.0,33717.0,43069.0,43069.0,67754.4,56701.3,15022.7,13791.3,0.0,94305.8,0.0,19444.9,96359.2,21409.1,118868.8,104923.9,128652.3,162060.1,148
4662.7,153846.0,33991.0,33717.0,43069.0,43069.0,67754.4,56701.3,15022.7,13791.3,0.0,94295.8,0.0,19458.3,96349.2,21421.8,118871.5,104907.2,128652.3,162050.2,148
4663.7,153846.0,33991.0,33717.0,43069.0,43069.0,67754.4,56701.3,15022.7,13791.3,0.0,94313.1,0.0,19469.1,96366.2,21435.7,118902.3,104897.5,128652.3,162067.5,148
4664.7,153846.0,33991.0,33717.0,43069.0,43069.0,67754.4,56701.3,15022.7,13791.3,0.0,94319.7,0.0,19368.6,96371.9,21332.4,118804.6,105000.9,128652.3,162074.0,148
4665.7,153846.0,33991.0,33717.0,43069.0,43069.0,67754.4,56701.3,15022.7,13791.3,0.0,94319.7,0.0,19378.6,96372.8,21343.6,118816.8,104989.6,128652.3,162074.1,148
4666.7,153846.0,33991.0,33717.0,43069.0,43069.0,67754.4,56701.3,15022.7,13791.3,0.0,94319.7,0.0,19386.8,96372.9,21352.5,118825.7,104980.8,128652.3,162074.1,148
4667.7,153846.0,33991.0,33717.0,43069.0,43069.0,67754.4,56701.3,15022.7,13791.3,0.0,94319.7,0.0,19396.6,96372.8,21362.6,118835.8,104970.7,128652.3,162074.1,148
4668.7,153846.0,33991.0,33717.0,43069.0,43069.0,67754.4,56701.3,15022.7,13791.3,0.0,94319.7,0.0,19406.1,96372.8,21371.5,118844.7,104961.7,128652.3,162074.1,148
4669.7,153846.0,33991.0,33717.0,43069.0,43069.0,67754.4,56701.3,15022.7,13791.3,0.0,94319.7,0.0,19413.3,96372.8,21385.2,118858.4,104948.1,128652.3,162074.1,148
4670.7,153846.0,33991.0,33717.0,43069.0,43069.0,67754.4,56701.3,15022.7,13791.3,0.0,94319.9,0.0,19427.1,96373.0,21403.2,118876.6,104930.0,128652.3,162074.3,148
4671.7,153846.0,33991.0,33717.0,43069.0,43069.0,67754.4,56701.3,15022.7,13791.3,0.0,94319.8,0.0,19436.7,96372.9,21410.5,118883.8,104922.7,128652.3,162074.2,148
4672.7,153846.0,33991.0,33717.0,43069.0,43069.0,67754.4,56701.3,15022.7,13791.3,0.0,94319.8,0.0,19447.8,96373.0,21421.9,118895.2,104911.3,128652.3,162074.2,148
4673.7,153846.0,33991.0,33717.0,43069.0,43069.0,67754.4,56701.3,15022.7,13791.3,0.0,94309.8,0.0,19458.1,96363.0,21430.9,118894.2,104898.3,128652.3,162064.2,148
4674.7,153846.0,33991.0,33717.0,43069.0,43069.0,67754.4,56701.3,15022.7,13791.3,0.0,94299.9,0.0,19467.9,96353.0,21441.7,118895.0,104891.6,128652.3,162054.3,148
4675.7,153846.0,33991.0,33717.0,43069.0,43069.0,67754.4,56701.3,15022.7,13791.3,0.0,94299.9,0.0,19477.1,96353.0,21451.4,118904.7,104881.8,128652.3,162054.2,148
4676.7,153846.0,33991.0,33717.0,43069.0,43069.0,67754.4,56701.3,15022.7,13791.3,0.0,94289.9,0.0,19486.3,96343.0,21460.9,118904.2,104872.4,128652.3,162044.3,148
4677.7,153846.0,33991.0,33717.0,43069.0,43069.0,67754.4,56701.3,15022.8,13791.3,0.0,94279.9,0.0,19498.1,96333.0,21472.4,118905.7,104856.9,128652.3,162034.3,148
4678.7,153846.0,33991.0,33717.0,43069.0,43069.0,67754.4,56701.3,15022.8,13791.3,0.0,94270.0,0.0,19505.4,96322.0,21478.7,118900.9,104854.7,128652.3,162024.3,148
4679.7,153846.0,33991.0,33717.0,43069.0,43069.0,67754.4,56701.3,15022.8,13791.3,0.0,94395.6,0.0,19452.9,96447.6,21425.4,118972.7,104908.5,128652.3,162150.0,148
4680.7,153846.0,33991.0,33717.0,43069.0,43069.0,67754.4,56701.3,15022.8,13791.3,0.0,94417.4,0.0,19032.1,96471.1,20934.3,118504.9,105399.8,128652.3,162171.8,148
4681.7,153846.0,33991.0,33717.0,43069.0,43069.0,67754.4,56701.3,15022.8,13791.3,0.0,94417.4,0.0,19041.8,96471.1,20965.4,118536.0,105368.7,128652.3,162171.8,148
4682.7,153846.0,33991.0,33717.0,43069.0,43069.0,67754.4,56701.3,15022.8,13791.3,0.0,94417.4,0.0,19047.8,96470.8,20973.5,118543.8,105360.6,128652.3,162171.8,148
4683.7,153846.0,33991.0,33717.0,43069.0,43069.0,67754.4,56701.3,15022.8,13791.3,0.0,94417.4,0.0,19058.6,96470.8,20991.7,118562.0,105342.4,128652.3,162171.8,148
4684.7,153846.0,33991.0,33717.0,43069.0,43069.0,67754.4,56701.3,15022.8,13791.3,0.0,94417.4,0.0,19065.9,96470.8,20998.6,118569.0,105335.5,128652.3,162171.8,148
4685.7,153846.0,33991.0,33717.0,43069.0,43069.0,67754.4,56701.3,15022.8,13791.3,0.0,94417.4,0.0,19073.8,96473.0,21017.7,118590.2,105316.4,128652.3,162171.8,148
4686.7,153846.0,33991.0,33717.0,43069.0,43069.0,67754.4,56701.3,15022.8,13791.3,0.0,94417.4,0.0,19075.3,96473.0,21023.9,118596.4,105310.2,128652.3,162171.8,148
4687.7,153846.0,33991.0,33717.0,43069.0,43069.0,67754.4,56701.3,15022.8,13791.3,0.0,94417.4,0.0,19084.1,96473.2,21033.3,118606.0,105300.8,128652.3,162171.8,148
4688.7,153846.0,33991.0,33717.0,43069.0,43069.0,67754.4,56701.3,15022.8,13791.3,0.0,94417.4,0.0,19089.8,96473.2,21041.0,118613.6,105293.1,128652.3,162171.8,148
4689.7,153846.0,33991.0,33717.0,43069.0,43069.0,67754.4,56701.3,15022.8,13791.3,0.0,94417.6,0.0,19099.2,96473.3,21051.5,118624.3,105282.6,128652.3,162172.0,148
4690.7,153846.0,33991.0,33717.0,43069.0,43069.0,67754.4,56701.3,15022.7,13791.3,0.0,94417.6,0.0,19105.0,96473.0,21055.4,118627.9,105278.7,128652.3,162172.0,148
4691.7,153846.0,33991.0,33717.0,43069.0,43069.0,67754.4,56701.3,15022.7,13791.3,0.0,94417.6,0.0,19114.2,96473.0,21064.0,118636.6,105270.1,128652.3,162172.0,148
4692.7,153846.0,33991.0,33717.0,43069.0,43069.0,67754.4,56701.3,15022.7,13791.3,0.0,94417.6,0.0,19121.6,96473.0,21071.9,118644.5,105262.2,128652.3,162172.0,148
4693.7,153846.0,33991.0,33717.0,43069.0,43069.0,67754.4,56701.3,15022.7,13791.3,0.0,94417.6,0.0,19128.8,96473.0,21079.9,118652.4,105254.2,128652.3,162172.0,148
4694.7,153846.0,33991.0,33717.0,43069.0,43069.0,67754.4,56701.3,15022.7,13791.3,0.0,94417.7,0.0,19138.4,96472.6,21093.5,118665.7,105240.6,128652.3,162172.1,148
4695.7,153846.0,33991.0,33717.0,43069.0,43069.0,67754.4,56701.3,15022.8,13791.3,0.0,94442.6,0.0,19144.2,96497.6,21099.8,118696.9,105234.3,128652.3,162197.0,148
4696.7,153846.0,33991.0,33717.0,43069.0,43069.0,67754.4,56701.3,15022.8,13791.3,0.0,94683.5,0.0,18860.3,96743.8,20815.3,118658.6,105518.7,128652.3,162437.9,148
4697.7,153846.0,33991.0,33717.0,43069.0,43069.0,67754.4,56701.3,15022.8,13791.3,0.0,94683.4,0.0,18868.2,96743.7,20826.9,118670.1,105507.2,128652.3,162437.8,148
4698.7,153846.0,33991.0,33717.0,43069.0,43069.0,67754.4,56701.4,15022.8,13791.3,0.0,94683.5,0.0,18877.0,96743.7,20836.9,118680.2,105497.2,128652.3,162437.9,148
4699.7,153846.0,33991.0,33717.0,43069.0,43069.0,67754.4,56701.4,15022.8,13791.3,0.0,94683.5,0.0,18886.0,96743.7,20849.1,118692.3,105485.0,128652.3,162437.9,148
4700.7,153846.0,33991.0,33717.0,43069.0,43069.0,67754.4,56701.4,15022.8,13791.4,0.0,94683.5,0.0,18896.4,96744.2,20867.6,118711.4,105466.4,128652.3,162437.9,148
4701.7,153846.0,33991.0,33717.0,43069.0,43069.0,67754.4,56701.4,15022.8,13791.4,0.0,94683.5,0.0,18904.8,96743.7,20880.8,118724.0,105453.3,128652.3,162438.0,148
4702.7,153846.0,33991.0,33717.0,43069.0,43069.0,67754.4,56701.4,15022.8,13791.4,0.0,94683.5,0.0,18914.9,96745.1,20899.5,118744.2,105434.5,128652.3,162438.0,148
4703.7,153846.0,33991.0,33717.0,43069.0,43069.0,67754.4,56701.4,15022.8,13791.4,0.0,94683.5,0.0,18924.3,96744.0,20903.2,118746.7,105430.9,128652.3,162438.0,148
4704.7,153846.0,33991.0,33717.0,43069.0,43069.0,67754.4,56701.4,15022.8,13791.4,0.0,94683.5,0.0,18935.6,96744.0,20915.4,118758.9,105418.6,128652.3,162438.0,148
4705.7,153846.0,33991.0,33717.0,43069.0,43069.0,67754.4,56701.4,15022.8,13791.4,0.0,94683.7,0.0,18944.3,96743.5,20920.1,118763.2,105413.9,128652.3,162438.1,148
4706.7,153846.0,33991.0,33717.0,43069.0,43069.0,67754.4,56701.4,15022.8,13791.4,0.0,94683.7,0.0,18956.2,96743.6,20928.7,118771.8,105405.3,128652.3,162438.1,148
4707.7,153846.0,33991.0,33717.0,43069.0,43069.0,67754.4,56701.4,15022.8,13791.4,0.0,94683.7,0.0,18964.2,96743.5,20942.1,118785.2,105391.9,128652.3,162438.1,148
4708.7,153846.0,33991.0,33717.0,43069.0,43069.0,67754.4,56701.4,15022.8,13791.4,0.0,94683.8,0.0,18976.9,96743.6,20955.3,118798.5,105378.7,128652.3,162438.2,148
4709.7,153846.0,33991.0,33717.0,43069.0,43069.0,67754.4,56701.4,15022.8,13791.4,0.0,94683.7,0.0,18985.8,96743.5,20964.9,118808.0,105369.1,128652.3,162438.1,148
4710.7,153846.0,33991.0,33717.0,43069.0,43069.0,67754.4,56701.4,15022.8,13791.4,0.0,94683.7,0.0,18997.5,96743.5,20976.0,118819.1,105358.1,128652.3,162438.1,148
4711.7,153846.0,33991.0,33717.0,43069.0,43069.0,67754.4,56701.4,15022.8,13791.4,0.0,94683.7,0.0,19005.1,96743.5,20986.9,118830.0,105347.1,128652.3,162438.1,148
4712.7,153846.0,33991.0,33717.0,43069.0,43069.0,67754.4,56701.4,15022.8,13791.4,0.0,94683.7,0.0,19014.7,96743.6,21003.7,118846.8,105330.3,128652.3,162438.1,148
4713.7,153846.0,33991.0,33717.0,43069.0,43069.0,67754.4,56701.4,15022.8,13791.4,0.0,94731.5,0.0,19026.7,96792.7,21022.8,118915.0,105311.2,128652.3,162485.9,148
4714.7,153846.0,33991.0,33717.0,43069.0,43069.0,67754.4,56701.4,15022.8,13791.4,0.0,94731.7,0.0,19035.6,96793.1,21029.7,118922.4,105304.4,128652.3,162486.1,148
4715.7,153846.0,33991.0,33717.0,43069.0,43069.0,67754.5,56701.4,15022.8,13791.4,0.0,94731.6,0.0,19047.8,96793.1,21043.1,118935.7,105291.0,128652.3,162486.1,148
4716.7,153846.0,33991.0,33717.0,43069.0,43069.0,67754.5,56701.4,15022.8,13791.4,0.0,94731.6,0.0,19058.4,96793.1,21053.7,118946.3,105280.4,128652.3,162486.1,148
4717.7,153846.0,33991.0,33717.0,43069.0,43069.0,67754.5,56701.4,15022.8,13791.4,0.0,94731.6,0.0,19069.2,96793.1,21064.6,118957.2,105269.5,128652.3,162486.1,148
4718.7,153846.0,33991.0,33717.0,43069.0,43069.0,67754.5,56701.4,15022.8,13791.4,0.0,94731.7,0.0,19081.1,96793.1,21077.9,118970.6,105256.1,128652.3,162486.1,148
4719.7,153846.0,33991.0,33717.0,43069.0,43069.0,67754.5,56701.4,15022.8,13791.4,0.0,94731.7,0.0,19090.6,96792.9,21082.9,118975.4,105251.1,128652.3,162486.1,148
4720.7,153846.0,33991.0,33717.0,43069.0,43069.0,67754.5,56701.4,15022.8,13791.4,0.0,94731.7,0.0,19102.7,96792.9,21100.1,118992.6,105233.9,128652.3,162486.1,148
4721.7,153846.0,33991.0,33717.0,43069.0,43069.0,67754.5,56701.4,15022.8,13791.4,0.0,94731.8,0.0,19114.0,96793.0,21108.8,119001.4,105225.2,128652.3,162486.3,148
4722.7,153846.0,33991.0,33717.0,43069.0,43069.0,67754.5,56701.4,15022.8,13791.4,0.0,94754.6,0.0,19059.6,96816.1,21055.5,118971.1,105278.6,128652.3,162509.1,148
4723.7,153846.0,33991.0,33717.0,43069.0,43069.0,67754.5,56701.4,15022.8,13791.4,0.0,94754.3,0.0,19070.1,96815.8,21063.0,118978.3,105271.1,128652.3,162508.8,148
4724.7,153846.0,33991.0,33717.0,43069.0,43069.0,67754.5,56701.4,15022.8,13791.4,0.0,94754.3,0.0,19077.8,96815.8,21068.7,118984.0,105265.4,128652.3,162508.8,148
4725.7,153846.0,33991.0,33717.0,43069.0,43069.0,67754.5,56701.4,15022.8,13791.4,0.0,94803.9,0.0,19086.2,96868.0,21072.3,119039.6,105262.0,128652.3,162558.4,148
4726.7,153846.0,33991.0,33717.0,43069.0,43069.0,67754.5,56701.4,15022.8,13791.4,0.0,94864.2,0.0,18920.7,96927.7,20904.5,118931.5,105429.8,128652.3,162618.6,148
4727.7,153846.0,33991.0,33717.0,43069.0,43069.0,67754.5,56701.4,15022.8,13791.4,0.0,94869.4,0.0,18929.8,96933.1,20912.0,118944.4,105422.3,128652.3,162623.9,148
4728.7,153846.0,33991.0,33717.0,43069.0,43069.0,67754.5,56701.4,15022.8,13791.4,0.0,94869.5,0.0,18939.4,96933.1,20922.2,118954.6,105412.1,128652.3,162623.9,148
4729.7,153846.0,33991.0,33717.0,43069.0,43069.0,67754.5,56701.4,15022.8,13791.4,0.0,94869.5,0.0,18949.9,96932.9,20926.9,118959.1,105407.4,128652.3,162623.9,148
4730.7,153846.0,33991.0,33717.0,43069.0,43069.0,67754.5,56701.4,15022.8,13791.4,0.0,94869.5,0.0,18960.0,96932.9,20937.0,118969.2,105397.3,128652.3,162623.9,148
4731.7,153846.0,33991.0,33717.0,43069.0,43069.0,67754.5,56701.4,15022.8,13791.4,0.0,94869.5,0.0,18971.1,96932.9,20952.7,118984.9,105382.1,128652.3,162623.9,148
4732.7,153846.0,33991.0,33717.0,43069.0,43069.0,67754.5,56701.4,15022.8,13791.4,0.0,94869.5,0.0,18983.0,96932.9,20968.4,119000.6,105365.9,128652.3,162623.9,148
4733.7,153846.0,33991.0,33717.0,43069.0,43069.0,67754.5,56701.4,15022.8,13791.4,0.0,94869.5,0.0,18991.5,96932.9,20982.7,119015.0,105351.5,128652.3,162624.0,148
4734.7,153846.0,33991.0,33717.0,43069.0,43069.0,67754.5,56701.4,15022.8,13791.4,0.0,94869.5,0.0,19005.6,96932.9,20997.0,119029.3,105337.2,128652.3,162624.0,148
4735.7,153846.0,33991.0,33717.0,43069.0,43069.0,67754.5,56701.4,15022.8,13791.4,0.0,94859.4,0.0,19015.7,96922.8,21003.0,119025.1,105319.3,128652.3,162613.8,148
4736.7,153846.0,33991.0,33717.0,43069.0,43069.0,67754.5,56701.4,15022.8,13791.4,0.0,94882.0,0.0,18960.9,96945.9,20944.4,118989.5,105390.0,128652.3,162636.5,148
4737.7,153846.0,33991.0,33717.0,43069.0,43069.0,67754.5,56701.4,15022.8,13791.4,0.0,94882.0,0.0,18964.1,96945.8,20952.4,118997.4,105382.0,128652.3,162636.5,148
4738.7,153846.0,33991.0,33717.0,43069.0,43069.0,67754.5,56701.4,15022.8,13791.4,0.0,94882.0,0.0,18970.1,96945.9,20962.1,119007.1,105372.3,128652.3,162636.5,148
4739.7,153846.0,33991.0,33717.0,43069.0,43069.0,67754.5,56701.4,15022.8,13791.4,0.0,94882.0,0.0,18978.4,96945.9,20970.5,119015.6,105363.9,128652.3,162636.5,148
4740.7,153846.0,33991.0,33717.0,43069.0,43069.0,67754.5,56701.4,15022.8,13791.4,0.0,94882.0,0.0,18982.7,96945.9,20977.4,119022.4,105357.0,128652.3,162636.5,148
4741.7,153846.0,33991.0,33717.0,43069.0,43069.0,67754.5,56701.4,15022.8,13791.4,0.0,94882.2,0.0,18990.3,96946.0,20986.5,119031.7,105347.9,128652.3,162636.6,148
4742.7,153846.0,33991.0,33717.0,43069.0,43069.0,67754.5,56701.4,15022.8,13791.4,0.0,94941.2,0.0,18835.1,97006.0,20816.5,118921.3,105518.2,128652.3,162695.6,148
4743.7,153846.0,33991.0,33717.0,43069.0,43069.0,67754.5,56701.4,15022.8,13791.4,0.0,94941.2,0.0,18839.9,97008.5,20838.1,118945.4,105496.7,128652.3,162695.6,148
4744.7,153846.0,33991.0,33717.0,43069.0,43069.0,67754.5,56701.4,15022.8,13791.4,0.0,94941.3,0.0,18846.7,97006.6,20836.2,118941.7,105498.5,128652.3,162695.8,148
4745.7,153846.0,33991.0,33717.0,43069.0,43069.0,67754.5,56701.4,15022.8,13791.4,0.0,94941.2,0.0,18850.7,97007.8,20842.5,118949.2,105492.2,128652.3,162695.7,148
4746.7,153846.0,33991.0,33717.0,43069.0,43069.0,67754.5,56701.4,15022.8,13791.4,0.0,94941.2,0.0,18857.1,97007.8,20849.9,118956.6,105484.8,128652.3,162695.7,148
4747.7,153846.0,33991.0,33717.0,43069.0,43069.0,67754.5,56701.4,15022.8,13791.4,0.0,94948.5,0.0,18862.5,97015.2,20850.5,118964.6,105484.2,128652.3,162703.0,148
4748.7,153846.0,33991.0,33717.0,43069.0,43069.0,67754.5,56701.4,15022.8,13791.4,0.0,94948.6,0.0,18869.9,97015.3,20860.9,118975.0,105473.9,128652.3,162703.0,148
4749.7,153846.0,33991.0,33717.0,43069.0,43069.0,67754.5,56701.4,15022.8,13791.4,0.0,94948.6,0.0,18876.8,97015.2,20868.6,118982.7,105466.1,128652.3,162703.0,148
4750.7,153846.0,33991.0,33717.0,43069.0,43069.0,67754.5,56701.4,15022.9,13791.4,0.0,94985.5,0.0,18871.0,97053.1,20865.4,119017.4,105469.3,128652.3,162739.9,148
4751.7,153846.0,33991.0,33717.0,43069.0,43069.0,67754.5,56701.4,15022.9,13791.4,0.0,94985.5,0.0,18875.0,97053.2,20869.7,119021.8,105465.0,128652.3,162740.0,148
4752.7,153846.0,33991.0,33717.0,43069.0,43069.0,67754.5,56701.4,15022.9,13791.4,0.0,94985.5,0.0,18885.5,97053.2,20878.7,119030.7,105456.0,128652.3,162740.0,148
4753.7,153846.0,33991.0,33717.0,43069.0,43069.0,67754.5,56701.4,15022.9,13791.4,0.0,94985.5,0.0,18890.9,97052.3,20881.6,119032.8,105453.1,128652.3,162740.0,148
4754.8,153846.0,33991.0,33717.0,43069.0,43069.0,67754.5,56701.4,15022.9,13791.4,0.0,94985.5,0.0,18898.1,97052.3,20886.9,119038.1,105447.8,128652.3,162740.0,148
4755.8,153846.0,33991.0,33717.0,43069.0,43069.0,67754.5,56701.4,15022.9,13791.4,0.0,94985.5,0.0,18909.7,97052.3,20896.0,119047.3,105438.7,128652.3,162740.0,148
4756.8,153846.0,33991.0,33717.0,43069.0,43069.0,67754.5,56701.4,15022.9,13791.4,0.0,95017.8,0.0,18854.2,97085.7,20838.3,119022.9,105496.5,128652.3,162772.3,148
4757.8,153846.0,33991.0,33717.0,43069.0,43069.0,67754.5,56701.4,15022.9,13791.4,0.0,95017.8,0.0,18862.5,97085.7,20842.5,119027.0,105492.3,128652.3,162772.3,148
4758.8,153846.0,33991.0,33717.0,43069.0,43069.0,67754.5,56701.4,15022.9,13791.4,0.0,95017.9,0.0,18870.1,97085.8,20850.1,119034.7,105484.7,128652.3,162772.4,148
4759.8,153846.0,33991.0,33717.0,43069.0,43069.0,67754.5,56701.4,15022.9,13791.4,0.0,95017.9,0.0,18879.2,97085.8,20854.3,119039.0,105480.4,128652.3,162772.4,148
4760.8,153846.0,33991.0,33717.0,43069.0,43069.0,67754.5,56701.4,15022.9,13791.4,0.0,95017.9,0.0,18887.3,97086.3,20861.1,119046.3,105473.6,128652.3,162772.4,148
4761.8,153846.0,33991.0,33717.0,43069.0,43069.0,67754.5,56701.4,15022.9,13791.4,0.0,95017.9,0.0,18893.2,97087.2,20867.2,119053.2,105467.6,128652.3,162772.4,148
4762.8,153846.0,33991.0,33717.0,43069.0,43069.0,67754.5,56701.4,15022.9,13791.4,0.0,95018.0,0.0,18900.8,97087.2,20875.9,119061.9,105458.9,128652.3,162772.4,148
4763.8,153846.0,33991.0,33717.0,43069.0,43069.0,67754.5,56701.4,15022.9,13791.4,0.0,95018.0,0.0,18908.9,97087.3,20886.5,119072.6,105448.2,128652.3,162772.4,148
4764.8,153846.0,33991.0,33717.0,43069.0,43069.0,67754.5,56701.4,15022.9,13791.4,0.0,95007.7,0.0,18916.6,97077.0,20895.1,119070.8,105435.7,128652.3,162762.2,148
4765.8,153846.0,33991.0,33717.0,43069.0,43069.0,67754.5,56701.4,15022.9,13791.4,0.0,95007.7,0.0,18924.2,97077.0,20905.0,119080.8,105425.8,128652.3,162762.2,148
4766.8,153846.0,33991.0,33717.0,43069.0,43069.0,67754.5,56701.4,15022.9,13791.4,0.0,94997.4,0.0,18931.7,97066.7,20911.8,119077.3,105415.0,128652.3,162751.9,148
4767.8,153846.0,33991.0,33717.0,43069.0,43069.0,67754.5,56701.4,15022.9,13791.4,0.0,94986.5,0.0,18940.0,97055.7,20912.4,119066.8,105422.4,128652.3,162740.9,148
4768.8,153846.0,33991.0,33717.0,43069.0,43069.0,67754.5,56701.4,15022.9,13791.4,0.0,94986.5,0.0,18943.7,97056.8,20925.0,119080.6,105409.8,128652.3,162740.9,148
4769.8,153846.0,33991.0,33717.0,43069.0,43069.0,67754.5,56701.4,15022.9,13791.4,0.0,94986.8,0.0,18952.9,97056.3,20923.9,119078.9,105410.9,128652.3,162741.2,148
4770.8,153846.0,33991.0,33717.0,43069.0,43069.0,67754.5,56701.4,15022.9,13791.4,0.0,94975.8,0.0,18960.6,97045.3,20932.0,119076.1,105402.9,128652.3,162730.3,148
4771.8,153846.0,33991.0,33717.0,43069.0,43069.0,67754.5,56701.4,15022.9,13791.4,0.0,94975.8,0.0,18968.5,97045.3,20940.5,119084.5,105394.3,128652.3,162730.3,148
4772.8,153846.0,33991.0,33717.0,43069.0,43069.0,67754.5,56701.4,15022.9,13791.4,0.0,94965.7,0.0,18975.2,97035.2,20947.7,119081.6,105383.2,128652.3,162720.2,148
4773.8,153846.0,33991.0,33717.0,43069.0,43069.0,67754.5,56701.4,15022.9,13791.4,0.0,94965.4,0.0,18983.6,97034.9,20953.0,119086.6,105377.9,128652.3,162719.9,148
4774.8,153846.0,33991.0,33717.0,43069.0,43069.0,67754.5,56701.4,15022.9,13791.4,0.0,94955.0,0.0,18989.5,97024.5,20958.0,119081.1,105377.0,128652.3,162709.5,148
4775.8,153846.0,33991.0,33717.0,43069.0,43069.0,67754.5,56701.4,15022.9,13791.4,0.0,94961.2,0.0,18996.6,97030.5,20965.5,119094.6,105365.5,128652.3,162715.7,148
4776.8,153846.0,33991.0,33717.0,43069.0,43069.0,67754.5,56701.4,15022.9,13791.4,0.0,94950.8,0.0,19003.8,97020.0,20974.7,119093.3,105360.3,128652.3,162705.3,148
4777.8,153846.0,33991.0,33717.0,43069.0,43069.0,67754.5,56701.4,15022.9,13791.4,0.0,94940.7,0.0,19011.1,97009.9,20978.4,119086.9,105356.6,128652.3,162695.2,148
4778.8,153846.0,33991.0,33717.0,43069.0,43069.0,67754.5,56701.4,15022.9,13791.4,0.0,94940.7,0.0,19019.8,97009.9,20988.8,119097.3,105346.2,128652.3,162695.2,148
4779.8,153846.0,33991.0,33717.0,43069.0,43069.0,67754.5,56701.4,15022.9,13791.4,0.0,94930.6,0.0,19027.5,96999.8,20996.4,119094.7,105334.6,128652.3,162685.1,148
4780.8,153846.0,33991.0,33717.0,43069.0,43069.0,67754.5,56701.5,15022.9,13791.5,0.0,94930.5,0.0,19033.6,96999.7,21002.0,119100.2,105329.1,128652.3,162685.0,148
4781.8,153846.0,33991.0,33717.0,43069.0,43069.0,67754.5,56701.5,15022.9,13791.5,0.0,94920.3,0.0,19040.2,96989.3,21005.4,119093.3,105325.6,128652.3,162674.8,148
4782.8,153846.0,33991.0,33717.0,43069.0,43069.0,67754.5,56701.5,15022.9,13791.5,0.0,94909.9,0.0,19048.2,96978.9,21017.0,119094.5,105318.0,128652.3,162664.5,148
4783.8,153846.0,33991.0,33717.0,43069.0,43069.0,67754.5,56701.5,15022.9,13791.5,0.0,94910.0,0.0,19055.2,96978.9,21022.3,119099.8,105312.7,128652.3,162664.5,148
4784.8,153846.0,33991.0,33717.0,43069.0,43069.0,67754.5,56701.5,15022.9,13791.5,0.0,94910.0,0.0,19062.2,96979.8,21034.3,119112.7,105300.7,128652.3,162664.5,148
4785.8,153846.0,33991.0,33717.0,43069.0,43069.0,67754.5,56701.5,15022.9,13791.5,0.0,94899.7,0.0,19071.0,96968.6,21036.2,119103.2,105295.0,128652.3,162654.2,148
4786.8,153846.0,33991.0,33717.0,43069.0,43069.0,67754.5,56701.5,15022.9,13791.5,0.0,94889.6,0.0,19079.7,96958.5,21048.7,119105.4,105282.6,128652.3,162644.1,148
4787.8,153846.0,33991.0,33717.0,43069.0,43069.0,67754.5,56701.5,15022.9,13791.5,0.0,94879.2,0.0,19087.7,96948.6,21064.1,119110.9,105271.2,128652.3,162633.7,148
4788.8,153846.0,33991.0,33717.0,43069.0,43069.0,67754.5,56701.5,15022.9,13791.5,0.0,94879.3,0.0,19097.0,96948.7,21073.6,119120.6,105261.7,128652.3,162633.8,148
4789.8,153846.0,33991.0,33717.0,43069.0,43069.0,67754.5,56701.5,15022.9,13791.5,0.0,94868.4,0.0,19106.5,96937.8,21081.4,119117.4,105242.0,128652.3,162622.9,148
4790.8,153846.0,33991.0,33717.0,43069.0,43069.0,67754.5,56701.5,15022.9,13791.5,0.0,94868.3,0.0,19115.3,96937.5,21091.6,119127.2,105231.9,128652.3,162622.8,148
4791.8,153846.0,33991.0,33717.0,43069.0,43069.0,67754.5,56701.5,15022.9,13791.5,0.0,94857.4,0.0,19123.7,96926.6,21100.3,119124.9,105227.3,128652.3,162611.9,148
4792.8,153846.0,33991.0,33717.0,43069.0,43069.0,67754.5,56701.5,15022.9,13791.5,0.0,94857.4,0.0,19134.6,96927.2,21126.5,119151.7,105201.1,128652.3,162612.0,148
4793.8,153846.0,33991.0,33717.0,43069.0,43069.0,67754.5,56701.5,15022.9,13791.5,0.0,94846.4,0.0,19143.7,96915.2,21121.2,119134.3,105214.5,128652.3,162600.9,148
4794.8,153846.0,33991.0,33717.0,43069.0,43069.0,67754.5,56701.5,15022.9,13791.5,0.0,94836.1,0.0,19158.0,96903.9,21137.5,119139.2,105194.3,128652.3,162590.6,148
4795.8,153846.0,33991.0,33717.0,43069.0,43069.0,67754.5,56701.5,15022.9,13791.5,0.0,94825.8,0.0,19168.7,96894.2,21150.9,119142.9,105184.9,128652.3,162580.3,148
4796.8,153846.0,33991.0,33717.0,43069.0,43069.0,67754.5,56701.5,15022.9,13791.5,0.0,94825.8,0.0,19178.6,96894.2,21158.0,119150.1,105177.8,128652.3,162580.4,148
4797.8,153846.0,33991.0,33717.0,43069.0,43069.0,67754.5,56701.5,15022.9,13791.5,0.0,94815.7,0.0,19188.6,96884.0,21169.1,119150.9,105162.7,128652.3,162570.2,148
4798.8,153846.0,33991.0,33717.0,43069.0,43069.0,67754.5,56701.5,15022.9,13791.5,0.0,94795.5,0.0,19200.2,96863.7,21177.9,119139.3,105158.0,128652.3,162550.0,148
4799.8,153846.0,33991.0,33717.0,43069.0,43069.0,67754.5,56701.5,15022.9,13791.5,0.0,94795.4,0.0,19207.9,96863.5,21102.2,119063.4,105233.7,128652.3,162549.9,148
4800.8,153846.0,33991.0,33717.0,43069.0,43069.0,67754.5,56701.5,15022.9,13791.5,0.0,94795.4,0.0,19218.6,96863.7,21124.7,119086.2,105211.1,128652.3,162549.9,148
4801.8,153846.0,33991.0,33717.0,43069.0,43069.0,67754.5,56701.5,15022.9,13791.5,0.0,94785.2,0.0,19229.7,96853.6,21138.6,119089.9,105197.3,128652.3,162539.8,148
4802.8,153846.0,33991.0,33717.0,43069.0,43069.0,67754.5,56701.5,15022.9,13791.5,0.0,94775.2,0.0,19239.6,96843.3,21155.1,119096.1,105176.8,128652.3,162529.7,148
4803.8,153846.0,33991.0,33717.0,43069.0,43069.0,67754.5,56701.5,15022.9,13791.5,0.0,94765.1,0.0,19249.8,96832.6,21170.0,119100.2,105165.9,128652.3,162519.6,148
4804.8,153846.0,33991.0,33717.0,43069.0,43069.0,67754.5,56701.5,15022.9,13791.5,0.0,94755.0,0.0,19260.2,96822.5,21182.4,119102.5,105153.5,128652.3,162509.5,148
4805.8,153846.0,33991.0,33717.0,43069.0,43069.0,67754.5,56701.5,15022.9,13791.5,0.0,94755.0,0.0,19270.3,96823.0,21192.8,119113.5,105143.1,128652.3,162509.5,148
4806.8,153846.0,33991.0,33717.0,43069.0,43069.0,67754.5,56701.5,15022.9,13791.5,0.0,94744.9,0.0,19280.1,96812.9,21203.4,119114.0,105128.5,128652.3,162499.4,148
4807.8,153846.0,33991.0,33717.0,43069.0,43069.0,67754.5,56701.5,15022.9,13791.5,0.0,94734.8,0.0,19290.8,96802.8,21217.1,119117.5,105118.8,128652.3,162489.3,148
4808.8,153846.0,33991.0,33717.0,43069.0,43069.0,67754.5,56701.5,15022.9,13791.5,0.0,94724.7,0.0,19301.7,96792.7,21228.4,119118.6,105103.6,128652.3,162479.2,148
4809.8,153846.0,33991.0,33717.0,43069.0,43069.0,67754.5,56701.5,15022.9,13791.5,0.0,94714.6,0.0,19309.5,96782.0,21235.2,119114.8,105096.8,128652.3,162469.1,148
4810.8,153846.0,33991.0,33717.0,43069.0,43069.0,67754.5,56701.5,15022.9,13791.5,0.0,94714.6,0.0,19320.4,96782.6,21244.9,119125.0,105087.1,128652.3,162469.1,148
4811.8,153846.0,33991.0,33717.0,43069.0,43069.0,67754.5,56701.5,15022.9,13791.5,0.0,94704.9,0.0,19331.5,96772.9,21255.5,119125.9,105080.5,128652.3,162459.4,148
4812.8,153846.0,33991.0,33717.0,43069.0,43069.0,67754.5,56701.5,15022.9,13791.5,0.0,94694.4,0.0,19339.4,96762.4,21270.7,119130.6,105061.4,128652.3,162448.9,148
4813.8,153846.0,33991.0,33717.0,43069.0,43069.0,67754.5,56701.5,15022.9,13791.5,0.0,94684.3,0.0,19349.0,96752.9,21274.6,119125.0,105061.5,128652.3,162438.8,148
4814.8,153846.0,33991.0,33717.0,43069.0,43069.0,67754.5,56701.5,15022.9,13791.5,0.0,94684.4,0.0,19359.7,96753.0,21284.7,119135.2,105051.4,128652.3,162439.0,148
4815.8,153846.0,33991.0,33717.0,43069.0,43069.0,67754.6,56701.5,15023.0,13791.5,0.0,94674.4,0.0,19369.6,96743.1,21298.5,119139.1,105033.6,128652.3,162428.9,148
4816.8,153846.0,33991.0,33717.0,43069.0,43069.0,67754.6,56701.5,15023.0,13791.5,0.0,94664.3,0.0,19382.2,96733.0,21311.0,119141.5,105021.1,128652.3,162418.8,148
4817.8,153846.0,33991.0,33717.0,43069.0,43069.0,67754.6,56701.5,15023.0,13791.5,0.0,94654.2,0.0,19391.7,96722.9,21320.9,119141.2,105011.3,128652.3,162408.7,148
4818.8,153846.0,33991.0,33717.0,43069.0,43069.0,67754.6,56701.5,15023.0,13791.5,0.0,94644.1,0.0,19402.0,96712.7,21329.6,119139.8,105002.5,128652.3,162398.7,148
4819.8,153846.0,33991.0,33717.0,43069.0,43069.0,67754.6,56701.5,15023.0,13791.5,0.0,94634.4,0.0,19411.8,96702.5,21340.8,119140.7,104995.4,128652.3,162388.9,148
4820.8,153846.0,33991.0,33717.0,43069.0,43069.0,67754.6,56701.5,15023.0,13791.5,0.0,94634.0,0.0,19421.2,96702.8,21351.4,119151.7,104984.7,128652.3,162388.6,148
4821.8,153846.0,33991.0,33717.0,43069.0,43069.0,67754.6,56701.5,15023.0,13791.5,0.0,94623.9,0.0,19431.7,96692.7,21359.9,119150.0,104960.3,128652.3,162378.5,148
4822.8,153846.0,33991.0,33717.0,43069.0,43069.0,67754.6,56701.5,15023.0,13791.5,0.0,94613.2,0.0,19442.3,96682.0,21371.6,119151.0,104960.6,128652.3,162367.8,148
4823.8,153846.0,33991.0,33717.0,43069.0,43069.0,67754.6,56701.5,15023.0,13791.5,0.0,94613.1,0.0,19452.4,96681.9,21378.9,119158.1,104953.4,128652.3,162367.7,148
4824.8,153846.0,33991.0,33717.0,43069.0,43069.0,67754.6,56701.5,15023.0,13791.5,0.0,94603.0,0.0,19462.4,96671.2,21390.4,119158.9,104941.9,128652.3,162357.5,148
4825.8,153846.0,33991.0,33717.0,43069.0,43069.0,67754.6,56701.5,15023.0,13791.5,0.0,94592.9,0.0,19472.1,96661.6,21401.9,119160.8,104930.4,128652.3,162347.5,148
4826.8,153846.0,33991.0,33717.0,43069.0,43069.0,67754.6,56701.5,15023.0,13791.5,0.0,94592.9,0.0,19483.0,96661.6,21410.8,119169.7,104921.5,128652.3,162347.5,148
4827.8,153846.0,33991.0,33717.0,43069.0,43069.0,67754.6,56701.5,15023.0,13791.5,0.0,94582.8,0.0,19493.2,96651.6,21432.4,119181.2,104899.9,128652.3,162337.4,148
4828.8,153846.0,33991.0,33717.0,43069.0,43069.0,67754.6,56701.5,15023.0,13791.5,0.0,94572.8,0.0,19503.2,96641.5,21445.1,119183.9,104887.2,128652.3,162327.3,148
4829.8,153846.0,33991.0,33717.0,43069.0,43069.0,67754.6,56701.5,15023.0,13791.5,0.0,94562.7,0.0,19513.3,96631.1,21456.2,119184.6,104880.1,128652.3,162317.3,148
4830.8,153846.0,33991.0,33717.0,43069.0,43069.0,67754.7,56701.6,15023.1,13791.6,0.0,94552.6,0.0,19522.8,96621.5,21467.2,119185.9,104865.2,128652.3,162307.3,148
4831.8,153846.0,33991.0,33717.0,43069.0,43069.0,67754.7,56701.6,15023.1,13791.6,0.0,94542.6,0.0,19532.4,96611.4,21477.8,119186.5,104858.5,128652.3,162297.2,148
4832.8,153846.0,33991.0,33717.0,43069.0,43069.0,67754.7,56701.6,15023.1,13791.6,0.0,94542.7,0.0,19542.4,96611.5,21485.1,119193.8,104851.3,128652.3,162297.4,148
4833.8,153846.0,33991.0,33717.0,43069.0,43069.0,67754.7,56701.6,15023.1,13791.6,0.0,94532.7,0.0,19552.8,96601.4,21501.7,119200.3,104830.7,128652.3,162287.3,148
4834.8,153846.0,33991.0,33717.0,43069.0,43069.0,67754.7,56701.6,15023.1,13791.6,0.0,94522.6,0.0,19562.3,96591.2,21512.7,119201.1,104819.7,128652.3,162277.3,148
4835.8,153846.0,33991.0,33717.0,43069.0,43069.0,67754.7,56701.6,15023.1,13791.6,0.0,94522.6,0.0,19572.8,96591.3,21520.6,119209.1,104811.8,128652.3,162277.3,148
4836.8,153846.0,33991.0,33717.0,43069.0,43069.0,67754.7,56701.6,15023.1,13791.6,0.0,94512.6,0.0,19583.1,96580.8,21528.7,119206.7,104803.7,128652.3,162267.3,148
4837.8,153846.0,33991.0,33717.0,43069.0,43069.0,67754.7,56701.6,15023.1,13791.6,0.0,94502.5,0.0,19592.6,96570.7,21541.0,119208.8,104795.5,128652.3,162257.2,148
4838.8,153846.0,33991.0,33717.0,43069.0,43069.0,67754.7,56701.6,15023.1,13791.6,0.0,94492.5,0.0,19602.8,96560.5,21552.3,119209.9,104780.2,128652.3,162247.2,148
4839.8,153846.0,33991.0,33717.0,43069.0,43069.0,67754.7,56701.6,15023.1,13791.6,0.0,94482.4,0.0,19612.9,96551.5,21565.0,119213.6,104767.5,128652.3,162237.1,148
4840.8,153846.0,33991.0,33717.0,43069.0,43069.0,67754.7,56701.7,15023.1,13791.6,0.0,94482.5,0.0,19621.8,96551.3,21571.9,119220.3,104760.6,128652.3,162237.2,148
4841.8,153846.0,33991.0,33717.0,43069.0,43069.0,67754.7,56701.7,15023.1,13791.6,0.0,94472.4,0.0,19632.0,96541.3,21577.7,119216.2,104754.8,128652.3,162227.1,148
4842.8,153846.0,33991.0,33717.0,43069.0,43069.0,67754.7,56701.7,15023.1,13791.6,0.0,94462.3,0.0,19641.3,96531.3,21588.3,119216.6,104744.2,128652.3,162217.1,148
4843.8,153846.0,33991.0,33717.0,43069.0,43069.0,67765.4,56712.4,15033.8,13802.3,0.0,94452.6,0.0,19664.5,96524.9,21619.4,119241.3,104713.1,128652.3,162218.0,148
4844.8,153846.0,33991.0,33717.0,43069.0,43069.0,67765.4,56712.4,15033.8,13802.3,0.0,94442.3,0.0,19676.8,96510.7,21628.4,119236.2,104704.1,128652.3,162207.7,148
4845.8,153846.0,33991.0,33717.0,43069.0,43069.0,67765.4,56712.4,15033.8,13802.3,0.0,94432.2,0.0,19686.1,96500.7,21635.1,119232.9,104701.4,128652.3,162197.7,148
4846.8,153846.0,33991.0,33717.0,43069.0,43069.0,67765.4,56712.4,15033.8,13802.3,0.0,94422.2,0.0,19693.6,96490.6,21645.1,119232.8,104687.5,128652.3,162187.6,148
4847.8,153846.0,33991.0,33717.0,43069.0,43069.0,67765.4,56712.4,15033.8,13802.3,0.0,94422.2,0.0,19701.8,96491.2,21663.9,119252.1,104668.7,128652.3,162187.6,148
4848.8,153846.0,33991.0,33717.0,43069.0,43069.0,67765.4,56712.4,15033.8,13802.3,0.0,94412.2,0.0,19712.0,96481.0,21674.4,119252.4,104658.2,128652.3,162177.6,148
4849.8,153846.0,33991.0,33717.0,43069.0,43069.0,67765.4,56712.4,15033.8,13802.3,0.0,94402.2,0.0,19723.9,96470.9,21683.4,119251.3,104649.2,128652.3,162167.6,148
4850.8,153846.0,33991.0,33717.0,43069.0,43069.0,67765.4,56712.4,15033.8,13802.4,0.0,94392.3,0.0,19732.7,96461.0,21689.3,119247.3,104643.4,128652.3,162157.7,148
4851.8,153846.0,33991.0,33717.0,43069.0,43069.0,67765.4,56712.4,15033.8,13802.4,0.0,94392.3,0.0,19742.8,96461.0,21696.1,119254.0,104636.6,128652.3,162157.7,148
4852.8,153846.0,33991.0,33717.0,43069.0,43069.0,67765.4,56712.4,15033.8,13802.4,0.0,94382.2,0.0,19753.5,96451.0,21704.6,119252.5,104628.1,128652.3,162147.7,148
4853.8,153846.0,33991.0,33717.0,43069.0,43069.0,67765.4,56712.4,15033.8,13802.4,0.0,94372.2,0.0,19764.8,96441.1,21727.9,119265.9,104608.8,128652.3,162137.7,148
4854.8,153846.0,33991.0,33717.0,43069.0,43069.0,67765.4,56712.4,15033.8,13802.4,0.0,94362.2,0.0,19775.7,96430.0,21733.3,119260.1,104603.4,128652.3,162127.7,148
4855.8,153846.0,33991.0,33717.0,43069.0,43069.0,67765.4,56712.4,15033.8,13802.4,0.0,94352.2,0.0,19786.5,96420.9,21745.6,119263.4,104587.1,128652.3,162117.6,148
4856.8,153846.0,33991.0,33717.0,43069.0,43069.0,67765.4,56712.4,15033.8,13802.4,0.0,94342.5,0.0,19796.8,96411.2,21754.8,119262.9,104577.9,128652.3,162108.0,148
4857.8,153846.0,33991.0,33717.0,43069.0,43069.0,67765.4,56712.4,15033.8,13802.4,0.0,94332.4,0.0,19806.9,96401.1,21765.7,119263.6,104571.0,128652.3,162097.8,148
4858.8,153846.0,33991.0,33717.0,43069.0,43069.0,67765.4,56712.4,15033.8,13802.4,0.0,94322.2,0.0,19819.1,96390.6,21776.2,119263.7,104560.5,128652.3,162087.6,148
4859.8,153846.0,33991.0,33717.0,43069.0,43069.0,67765.4,56712.4,15033.8,13802.4,0.0,94312.5,0.0,19829.4,96380.4,21785.7,119262.8,104551.1,128652.3,162077.9,148
4860.8,153846.0,33991.0,33717.0,43069.0,43069.0,67765.4,56712.4,15033.8,13802.4,0.0,94302.2,0.0,19840.8,96370.9,21796.1,119263.7,104540.7,128652.3,162067.6,148
4861.8,153846.0,33991.0,33717.0,43069.0,43069.0,67765.4,56712.4,15033.8,13802.4,0.0,94292.2,0.0,19850.5,96360.8,21808.8,119266.4,104528.0,128652.3,162057.7,148
4862.8,153846.0,33991.0,33717.0,43069.0,43069.0,67765.4,56712.4,15033.8,13802.4,0.0,94292.2,0.0,19862.8,96360.8,21819.9,119277.5,104516.9,128652.3,162057.7,148
4863.8,153846.0,33991.0,33717.0,43069.0,43069.0,67765.4,56712.4,15033.8,13802.4,0.0,94272.2,0.0,19875.3,96340.5,21834.0,119271.2,104502.8,128652.3,162037.7,148
4864.8,153846.0,33991.0,33717.0,43069.0,43069.0,67765.4,56712.4,15033.8,13802.4,0.0,94262.2,0.0,19886.2,96330.4,21845.5,119272.6,104491.4,128652.3,162027.7,148
4865.8,153846.0,33991.0,33717.0,43069.0,43069.0,67765.4,56712.4,15033.8,13802.4,0.0,94262.3,0.0,19895.6,96330.7,21853.9,119281.3,104483.0,128652.3,162027.7,148
4866.8,153846.0,33991.0,33717.0,43069.0,43069.0,67765.4,56712.4,15033.8,13802.4,0.0,94252.3,0.0,19904.9,96320.7,21866.1,119283.5,104466.8,128652.3,162017.7,148
4867.8,153846.0,33991.0,33717.0,43069.0,43069.0,67765.4,56712.4,15033.8,13802.4,0.0,94242.7,0.0,19914.7,96311.1,21875.4,119283.2,104457.5,128652.3,162008.1,148
4868.8,153846.0,33991.0,33717.0,43069.0,43069.0,67765.4,56712.4,15033.8,13802.4,0.0,94232.4,0.0,19925.1,96299.7,21886.9,119283.2,104450.0,128652.3,161997.8,148
4869.8,153846.0,33991.0,33717.0,43069.0,43069.0,67765.4,56712.4,15033.8,13802.4,0.0,94222.7,0.0,19936.9,96290.6,21896.7,119284.0,104440.2,128652.3,161988.1,148
4870.8,153846.0,33991.0,33717.0,43069.0,43069.0,67765.4,56712.4,15033.8,13802.4,0.0,94212.5,0.0,19947.5,96281.1,21906.3,119284.0,104430.7,128652.3,161977.9,148
4871.8,153846.0,33991.0,33717.0,43069.0,43069.0,67765.4,56712.4,15033.8,13802.4,0.0,94212.5,0.0,19956.4,96281.2,21917.4,119295.2,104419.6,128652.3,161977.9,148
4872.8,153846.0,33991.0,33717.0,43069.0,43069.0,67765.4,56712.4,15033.8,13802.4,0.0,94202.5,0.0,19966.8,96272.4,21937.4,119306.4,104399.6,128652.3,161967.9,148
4873.8,153846.0,33991.0,33717.0,43069.0,43069.0,67765.4,56712.4,15033.8,13802.4,0.0,94192.5,0.0,19977.3,96260.9,21941.7,119299.2,104391.3,128652.3,161957.9,148
4874.8,153846.0,33991.0,33717.0,43069.0,43069.0,67771.2,56718.2,15039.6,13808.1,0.0,94172.6,0.0,19994.0,96241.1,21969.6,119307.3,104367.4,128652.3,161943.8,148
4875.8,153846.0,33991.0,33717.0,43069.0,43069.0,67771.2,56718.2,15039.6,13808.2,0.0,94172.6,0.0,20004.1,96243.7,21997.3,119337.6,104339.7,128652.3,161943.8,148
4876.8,153846.0,33991.0,33717.0,43069.0,43069.0,67771.2,56718.2,15039.6,13808.2,0.0,94162.9,0.0,20015.1,96234.2,21994.9,119325.6,104338.2,128652.3,161934.1,148
4877.8,153846.0,33991.0,33717.0,43069.0,43069.0,67771.2,56718.2,15039.7,13808.2,0.0,94152.6,0.0,20026.5,96225.5,22006.7,119328.7,104326.4,128652.3,161923.9,148
4878.8,153846.0,33991.0,33717.0,43069.0,43069.0,67771.3,56718.2,15039.7,13808.2,0.0,94179.0,0.0,20037.3,96249.7,21970.6,119316.7,104362.6,128652.3,161950.2,148
4879.8,153846.0,33991.0,33717.0,43069.0,43069.0,67771.3,56718.2,15039.7,13808.2,0.0,94181.3,0.0,19970.6,96251.6,21945.2,119293.0,104392.1,128652.3,161952.5,148
4880.8,153846.0,33991.0,33717.0,43069.0,43069.0,67771.3,56718.3,15039.7,13808.3,0.0,94181.3,0.0,19981.7,96253.2,21959.0,119308.6,104378.3,128652.3,161952.6,148
4881.8,153846.0,33991.0,33717.0,43069.0,43069.0,67769.3,56716.3,15037.8,13806.3,0.0,94181.3,0.0,19987.9,96248.9,21960.6,119305.8,104376.7,128652.3,161950.7,148
4882.8,153846.0,33991.0,33717.0,43069.0,43069.0,67769.3,56716.3,15037.8,13806.3,0.0,94181.4,0.0,19999.2,96248.9,21972.4,119317.6,104364.9,128652.3,161950.7,148
4883.8,153846.0,33991.0,33717.0,43069.0,43069.0,67769.3,56716.3,15037.8,13806.3,0.0,94181.4,0.0,20010.5,96248.9,21984.5,119329.7,104352.8,128652.3,161950.7,148
4884.8,153846.0,33991.0,33717.0,43069.0,43069.0,67769.3,56716.3,15037.8,13806.3,0.0,94181.4,0.0,20020.5,96250.5,22002.6,119349.4,104334.1,128652.3,161950.7,148
4885.8,153846.0,33991.0,33717.0,43069.0,43069.0,67769.4,56716.3,15037.8,13806.3,0.0,94171.4,0.0,20031.8,96239.2,22009.3,119344.7,104312.0,128652.3,161940.7,148
4886.8,153846.0,33991.0,33717.0,43069.0,43069.0,67769.4,56716.3,15037.8,13806.3,0.0,94192.9,0.0,19936.4,96260.6,21915.8,119272.5,104421.7,128652.3,161962.3,148
4887.8,153846.0,33991.0,33717.0,43069.0,43069.0,67769.4,56716.3,15037.8,13806.3,0.0,94192.9,0.0,19948.3,96260.6,21925.8,119282.6,104411.6,128652.3,161962.3,148
4888.8,153846.0,33991.0,33717.0,43069.0,43069.0,67769.4,56716.3,15037.7,13806.3,0.0,94193.0,0.0,19959.0,96260.6,21936.8,119293.6,104400.6,128652.3,161962.3,148
4889.8,153846.0,33991.0,33717.0,43069.0,43069.0,67769.4,56716.3,15037.0,13806.3,0.0,94188.9,0.0,20019.3,96255.3,22007.8,119359.7,104317.2,128652.3,161958.2,148
4890.8,153846.0,33991.0,33717.0,43069.0,43069.0,67769.4,56716.3,15037.0,13806.3,0.0,94168.0,0.0,20039.3,96235.8,22032.9,119365.5,104300.0,128652.3,161937.3,148
4891.8,153846.0,33991.0,33717.0,43069.0,43069.0,67769.4,56716.3,15037.1,13806.3,0.0,94169.7,0.0,20030.9,96237.6,22031.1,119365.4,104301.8,128652.3,161939.1,148
4892.8,153846.0,33991.0,33717.0,43069.0,43069.0,67769.4,56716.3,15037.1,13806.3,0.0,94170.2,0.0,20043.1,96238.0,22038.2,119372.9,104294.7,128652.3,161939.5,148
4893.8,153846.0,33991.0,33717.0,43069.0,43069.0,67769.4,56716.3,15037.1,13806.3,0.0,94170.2,0.0,20036.4,96238.1,22034.6,119369.4,104298.3,128652.3,161939.6,148
4894.8,153846.0,33991.0,33717.0,43069.0,43069.0,67769.4,56716.3,15037.1,13806.3,0.0,94159.9,0.0,20046.1,96227.8,22039.2,119363.7,104297.7,128652.3,161929.3,148
4895.8,153846.0,33991.0,33717.0,43069.0,43069.0,67769.4,56716.3,15037.1,13806.3,0.0,94149.8,0.0,20056.9,96217.6,22049.5,119363.8,104283.4,128652.3,161919.1,148
4896.8,153846.0,33991.0,33717.0,43069.0,43069.0,67769.4,56716.3,15037.1,13806.3,0.0,94139.8,0.0,20068.7,96207.5,22061.9,119366.1,104275.0,128652.3,161909.1,148
4897.8,153846.0,33991.0,33717.0,43069.0,43069.0,67769.4,56716.3,15037.1,13806.3,0.0,94139.8,0.0,20079.0,96207.6,22070.0,119374.3,104266.9,128652.3,161909.2,148
4898.8,153846.0,33991.0,33717.0,43069.0,43069.0,67769.4,56716.3,15037.1,13806.3,0.0,94129.9,0.0,20088.1,96197.7,22079.8,119374.1,104253.2,128652.3,161899.2,148
4899.8,153846.0,33991.0,33717.0,43069.0,43069.0,67769.4,56716.3,15037.1,13806.3,0.0,94120.1,0.0,20100.3,96188.2,22091.4,119376.2,104241.5,128652.3,161889.4,148
4900.8,153846.0,33991.0,33717.0,43069.0,43069.0,67769.4,56716.3,15037.1,13806.3,0.0,94110.4,0.0,20108.9,96178.4,22103.4,119378.5,104233.6,128652.3,161879.7,148
4901.8,153846.0,33991.0,33717.0,43069.0,43069.0,67769.4,56716.3,15037.1,13806.3,0.0,94107.4,0.0,20124.7,96175.4,22113.9,119385.9,104223.1,128652.3,161876.7,148
4902.8,153846.0,33991.0,33717.0,43069.0,43069.0,67769.4,56716.3,15037.1,13806.3,0.0,94096.2,0.0,20135.7,96163.6,22125.3,119385.4,104211.8,128652.3,161865.6,148
4903.8,153846.0,33991.0,33717.0,43069.0,43069.0,67769.4,56716.3,15037.1,13806.3,0.0,94086.0,0.0,20145.2,96153.4,22134.3,119384.2,104198.8,128652.3,161855.3,148
4904.8,153846.0,33991.0,33717.0,43069.0,43069.0,67769.4,56716.3,15037.1,13806.3,0.0,94076.0,0.0,20156.2,96143.0,22143.5,119383.0,104193.6,128652.3,161845.4,148
4905.8,153846.0,33991.0,33717.0,43069.0,43069.0,67769.4,56716.3,15037.1,13806.3,0.0,94120.0,0.0,20018.0,96188.0,21996.9,119281.0,104340.6,128652.3,161889.4,148
4906.8,153846.0,33991.0,33717.0,43069.0,43069.0,67769.4,56716.3,15037.1,13806.3,0.0,94120.1,0.0,20031.1,96188.1,22011.9,119296.1,104325.6,128652.3,161889.4,148
4907.8,153846.0,33991.0,33717.0,43069.0,43069.0,67769.4,56716.3,15037.1,13806.3,0.0,94223.2,0.0,19942.8,96291.4,21923.9,119311.4,104413.6,128652.3,161992.6,148
4908.8,153846.0,33991.0,33717.0,43069.0,43069.0,67769.4,56716.3,15037.1,13806.3,0.0,94223.3,0.0,19952.6,96291.4,21934.5,119322.1,104403.0,128652.3,161992.6,148
4909.8,153846.0,33991.0,33717.0,43069.0,43069.0,67769.4,56716.3,15037.1,13806.3,0.0,94223.5,0.0,19965.0,96291.6,21947.0,119334.8,104390.5,128652.3,161992.8,148
4910.8,153846.0,33991.0,33717.0,43069.0,43069.0,67769.4,56716.3,15037.1,13806.3,0.0,94225.0,0.0,19971.2,96293.2,21951.0,119340.3,104386.5,128652.3,161994.4,148
4911.8,153846.0,33991.0,33717.0,43069.0,43069.0,67769.4,56716.3,15037.1,13806.3,0.0,94226.3,0.0,19981.7,96294.5,21954.9,119345.4,104382.6,128652.3,161995.7,148
4912.8,153846.0,33991.0,33717.0,43069.0,43069.0,67769.4,56716.3,15037.1,13806.3,0.0,94228.1,0.0,19988.3,96296.2,21960.5,119352.8,104377.0,128652.3,161997.4,148
4913.8,153846.0,33991.0,33717.0,43069.0,43069.0,67769.4,56716.3,15037.1,13806.3,0.0,94228.1,0.0,19997.8,96296.3,21970.8,119363.2,104366.7,128652.3,161997.5,148
4914.8,153846.0,33991.0,33717.0,43069.0,43069.0,67769.4,56716.3,15037.1,13806.3,0.0,94228.2,0.0,20009.0,96296.3,21981.5,119373.9,104356.0,128652.3,161997.5,148
4915.8,153846.0,33991.0,33717.0,43069.0,43069.0,67769.4,56716.3,15037.1,13806.3,0.0,94228.2,0.0,20018.5,96296.4,21991.6,119384.1,104345.9,128652.3,161997.6,148
4916.8,153846.0,33991.0,33717.0,43069.0,43069.0,67769.4,56716.3,15037.1,13806.3,0.0,94258.4,0.0,20027.5,96326.6,22001.3,119424.0,104336.2,128652.3,162027.7,148
4917.8,153846.0,33991.0,33717.0,43069.0,43069.0,67769.4,56716.3,15037.1,13806.3,0.0,94243.8,0.0,20038.0,96311.6,22010.5,119418.2,104323.0,128652.3,162013.1,148
4918.8,153846.0,33991.0,33717.0,43069.0,43069.0,67769.4,56716.3,15037.1,13806.3,0.0,94233.8,0.0,20048.5,96301.1,22025.1,119422.3,104312.4,128652.3,162003.1,148
4919.8,153846.0,33991.0,33717.0,43069.0,43069.0,67769.4,56716.3,15037.1,13806.3,0.0,94223.8,0.0,20057.8,96291.2,22030.6,119417.8,104307.0,128652.3,161993.2,148
4920.8,153846.0,33991.0,33717.0,43069.0,43069.0,67769.4,56716.3,15037.1,13806.3,0.0,94214.2,0.0,20066.8,96282.4,22042.6,119421.1,104290.9,128652.3,161983.6,148
4921.8,153846.0,33991.0,33717.0,43069.0,43069.0,67769.4,56716.3,15037.1,13806.3,0.0,94204.1,0.0,20078.2,96272.2,22054.5,119422.6,104283.1,128652.3,161973.4,148
4922.8,153846.0,33991.0,33717.0,43069.0,43069.0,67769.4,56716.3,15037.1,13806.3,0.0,94206.6,0.0,20084.9,96273.8,22061.8,119431.6,104263.8,128652.3,161975.9,148
4923.8,153846.0,33991.0,33717.0,43069.0,43069.0,67768.4,56715.3,15036.2,13805.3,0.0,94196.9,0.0,20093.7,96264.1,22071.3,119431.4,104266.4,128652.3,161965.3,148
4924.8,153846.0,33991.0,33717.0,43069.0,43069.0,67768.4,56715.3,15036.2,13805.3,0.0,94197.3,0.0,20103.8,96264.5,22079.8,119440.2,104241.9,128652.3,161965.6,148
4925.8,153846.0,33991.0,33717.0,43069.0,43069.0,67768.4,56715.3,15036.2,13805.3,0.0,94186.6,0.0,20115.8,96254.3,22095.1,119445.1,104238.8,128652.3,161954.9,148
4926.8,153846.0,33991.0,33717.0,43069.0,43069.0,67768.4,56715.3,15036.2,13805.3,0.0,94186.7,0.0,20128.0,96254.5,22104.4,119454.6,104229.5,128652.3,161955.1,148
4927.8,153846.0,33991.0,33717.0,43069.0,43069.0,67768.4,56715.3,15036.2,13805.3,0.0,94176.7,0.0,20138.6,96244.4,22115.9,119456.0,104222.0,128652.3,161945.1,148
4928.8,153846.0,33991.0,33717.0,43069.0,43069.0,67768.4,56715.3,15036.2,13805.3,0.0,94166.7,0.0,20148.9,96234.4,22126.3,119456.4,104207.6,128652.3,161935.1,148
4929.8,153846.0,33991.0,33717.0,43069.0,43069.0,67768.4,56715.3,15036.2,13805.3,0.0,94156.7,0.0,20160.4,96224.3,22136.6,119456.5,104197.3,128652.3,161925.1,148
4930.8,153846.0,33991.0,33717.0,43069.0,43069.0,67768.4,56715.3,15036.2,13805.3,0.0,94146.8,0.0,20170.9,96214.4,22145.5,119455.5,104188.4,128652.3,161915.2,148
4931.8,153846.0,33991.0,33717.0,43069.0,43069.0,67768.4,56715.3,15036.2,13805.3,0.0,94136.9,0.0,20181.3,96204.4,22155.6,119455.7,104182.4,128652.3,161905.2,148
4932.8,153846.0,33991.0,33717.0,43069.0,43069.0,67768.4,56715.3,15036.2,13805.3,0.0,94128.8,0.0,20191.2,96196.3,22166.6,119458.5,104171.4,128652.3,161897.1,148
4933.8,153846.0,33991.0,33717.0,43069.0,43069.0,67748.4,56715.3,15036.6,13805.3,0.0,94151.1,0.0,20201.7,96217.0,22138.7,119451.2,104191.4,128652.3,161899.5,148
4934.8,153846.0,33991.0,33717.0,43069.0,43069.0,67710.2,56715.3,15036.4,13805.3,0.0,93999.7,0.0,20275.1,96066.4,22229.2,119389.9,104110.1,128652.3,161709.9,148
4935.8,153846.0,33991.0,33717.0,43069.0,43069.0,67710.1,56715.3,15036.4,13805.3,0.0,94232.3,0.0,20183.9,96300.0,22145.7,119539.7,104189.9,128652.3,161942.3,148
4936.8,153846.0,33991.0,33717.0,43069.0,43069.0,67710.0,56715.3,15036.4,13805.3,0.0,94540.2,0.0,19501.8,96607.8,21420.8,119121.8,104915.6,128652.3,162250.2,148
4937.8,153846.0,33991.0,33717.0,43069.0,43069.0,67710.0,56715.3,15036.4,13805.3,0.0,94407.9,0.0,19420.8,96474.8,21385.1,118953.1,104951.3,128652.3,162117.9,148
4938.8,153846.0,33991.0,33717.0,43069.0,43069.0,67710.1,56715.3,15036.4,13805.3,0.0,94545.2,0.0,19414.8,96613.2,21388.6,119095.0,104947.8,128652.3,162255.3,148
4939.8,153846.0,33991.0,33717.0,43069.0,43069.0,67710.1,56715.3,15036.4,13805.3,0.0,95016.2,0.0,18944.4,97088.0,20915.7,119096.7,105424.9,128652.3,162726.3,148
4940.8,153846.0,33991.0,33717.0,43069.0,43069.0,67710.1,56715.3,15036.4,13805.3,0.0,95016.1,0.0,18955.7,97093.9,20936.2,119123.1,105404.4,128652.3,162726.2,148
4941.8,153846.0,33991.0,33717.0,43069.0,43069.0,67710.1,56715.3,15036.3,13805.3,0.0,95016.3,0.0,18972.2,97091.5,20934.5,119118.9,105406.2,128652.3,162726.4,148
4942.8,153846.0,33991.0,33717.0,43069.0,43069.0,67710.1,56715.3,15036.3,13805.3,0.0,95016.5,0.0,18983.3,97091.7,20946.9,119131.5,105393.8,128652.3,162726.6,148
4943.8,153846.0,33991.0,33717.0,43069.0,43069.0,67710.1,56715.3,15036.3,13805.3,0.0,95018.5,0.0,18989.9,97093.0,20949.3,119135.3,105391.3,128652.3,162728.6,148
4944.8,153846.0,33991.0,33717.0,43069.0,43069.0,67710.1,56715.3,15036.3,13805.3,0.0,95162.0,0.0,18894.6,97240.2,20858.1,119191.3,105482.5,128652.3,162872.1,148
4945.8,153846.0,33991.0,33717.0,43069.0,43069.0,67710.2,56715.4,15036.4,13805.4,0.0,95167.4,0.0,18902.5,97246.9,20899.2,119239.1,105441.4,128652.3,162877.6,148
4946.8,153846.0,33991.0,33717.0,43069.0,43069.0,67710.2,56715.4,15036.6,13805.4,0.0,95168.0,0.0,18863.7,97246.7,20861.3,119201.0,105479.3,128652.3,162878.2,148
4947.9,153846.0,33991.0,33717.0,43069.0,43069.0,67710.2,56715.4,15036.6,13805.4,0.0,95168.0,0.0,18875.1,97246.1,20884.3,119223.5,105456.2,128652.3,162878.2,148
4948.9,153846.0,33991.0,33717.0,43069.0,43069.0,67710.2,56715.4,15036.6,13805.4,0.0,95168.0,0.0,18883.9,97246.2,20898.9,119238.2,105441.7,128652.3,162878.2,148
4949.9,153846.0,33991.0,33717.0,43069.0,43069.0,67710.2,56715.4,15036.5,13805.4,0.0,95168.1,0.0,18894.8,97246.2,20910.0,119249.3,105430.6,128652.3,162878.2,148
4950.9,153846.0,33991.0,33717.0,43069.0,43069.0,67710.2,56715.4,15036.5,13805.4,0.0,95168.4,0.0,18910.9,97246.6,20926.6,119266.2,105414.0,128652.3,162878.6,148
4951.9,153846.0,33991.0,33717.0,43069.0,43069.0,67710.2,56715.4,15036.5,13805.4,0.0,95168.4,0.0,18917.9,97246.6,20929.6,119269.2,105411.0,128652.3,162878.6,148
4952.9,153846.0,33991.0,33717.0,43069.0,43069.0,67710.2,56715.4,15036.5,13805.4,0.0,95168.4,0.0,18931.4,97246.6,20942.8,119282.4,105397.7,128652.3,162878.6,148
4953.9,153846.0,33991.0,33717.0,43069.0,43069.0,67710.2,56715.4,15036.5,13805.4,0.0,95168.4,0.0,18944.2,97246.6,20953.3,119293.0,105387.2,128652.3,162878.6,148
4954.9,153846.0,33991.0,33717.0,43069.0,43069.0,67710.2,56715.4,15036.5,13805.4,0.0,95168.4,0.0,18954.0,97246.6,20962.8,119302.4,105377.8,128652.3,162878.6,148
4955.9,153846.0,33991.0,33717.0,43069.0,43069.0,67710.2,56715.4,15036.5,13805.4,0.0,95168.4,0.0,18964.2,97246.6,20975.0,119314.7,105365.5,128652.3,162878.6,148
4956.9,153846.0,33991.0,33717.0,43069.0,43069.0,67710.2,56715.4,15036.5,13805.4,0.0,95168.4,0.0,18977.9,97246.6,20987.0,119326.6,105353.6,128652.3,162878.6,148
4957.9,153846.0,33991.0,33717.0,43069.0,43069.0,67710.2,56715.4,15036.5,13805.4,0.0,95168.4,0.0,18986.3,97246.5,21000.4,119340.0,105340.1,128652.3,162878.6,148
4958.9,153846.0,33991.0,33717.0,43069.0,43069.0,67710.2,56715.4,15036.5,13805.4,0.0,95168.4,0.0,18998.1,97246.6,21018.3,119357.9,105322.3,128652.3,162878.6,148
4959.9,153846.0,33991.0,33717.0,43069.0,43069.0,67710.2,56715.4,15036.5,13805.4,0.0,95213.0,0.0,18964.3,97292.4,20982.6,119368.1,105357.9,128652.3,162923.2,148
4960.9,153846.0,33991.0,33717.0,43069.0,43069.0,67710.2,56715.4,15036.5,13805.4,0.0,95213.0,0.0,18969.4,97292.1,20989.4,119374.6,105351.1,128652.3,162923.2,148
4961.9,153846.0,33991.0,33717.0,43069.0,43069.0,67710.2,56715.4,15036.5,13805.4,0.0,95251.2,0.0,18980.7,97331.3,20994.0,119418.3,105346.6,128652.3,162961.3,148
4962.9,153846.0,33991.0,33717.0,43069.0,43069.0,67710.2,56715.4,15036.5,13805.4,0.0,95262.0,0.0,18986.2,97342.5,20997.2,119432.7,105343.4,128652.3,162972.2,148
4963.9,153846.0,33991.0,33717.0,43069.0,43069.0,67710.2,56715.4,15036.5,13805.4,0.0,95262.0,0.0,18992.3,97342.5,21005.6,119441.2,105334.9,128652.3,162972.2,148
4964.9,153846.0,33991.0,33717.0,43069.0,43069.0,67710.2,56715.4,15036.5,13805.4,0.0,95307.0,0.0,18959.7,97388.3,20974.2,119455.6,105366.3,128652.3,163017.2,148
4965.9,153846.0,33991.0,33717.0,43069.0,43069.0,67710.2,56715.4,15036.5,13805.4,0.0,95342.3,0.0,18933.3,97424.6,20951.8,119469.4,105388.8,128652.3,163052.5,148
4966.9,153846.0,33991.0,33717.0,43069.0,43069.0,67710.2,56715.4,15036.5,13805.4,0.0,95342.4,0.0,18942.0,97425.6,20963.4,119482.0,105377.1,128652.3,163052.6,148
4967.9,153846.0,33991.0,33717.0,43069.0,43069.0,67710.2,56715.4,15036.5,13805.4,0.0,95342.4,0.0,18951.5,97425.1,20966.3,119484.5,105374.2,128652.3,163052.6,148
4968.9,153846.0,33991.0,33717.0,43069.0,43069.0,67710.2,56715.4,15036.5,13805.4,0.0,95342.4,0.0,18961.6,97425.1,20972.9,119491.0,105367.7,128652.3,163052.6,148
4969.9,153846.0,33991.0,33717.0,43069.0,43069.0,67710.2,56715.4,15036.5,13805.4,0.0,95342.4,0.0,18972.9,97425.1,20984.3,119502.4,105356.2,128652.3,163052.6,148
4970.9,153846.0,33991.0,33717.0,43069.0,43069.0,67710.2,56715.4,15036.5,13805.4,0.0,95342.4,0.0,18981.5,97425.1,20993.2,119511.3,105347.3,128652.3,163052.6,148
4971.9,153846.0,33991.0,33717.0,43069.0,43069.0,67710.2,56715.4,15036.5,13805.4,0.0,95342.4,0.0,18993.8,97425.1,21004.5,119522.6,105336.0,128652.3,163052.6,148
4972.9,153846.0,33991.0,33717.0,43069.0,43069.0,67710.2,56715.4,15036.5,13805.4,0.0,95342.4,0.0,19002.7,97425.1,21013.7,119531.8,105326.9,128652.3,163052.6,148
4973.9,153846.0,33991.0,33717.0,43069.0,43069.0,67710.2,56715.4,15036.5,13805.4,0.0,95342.7,0.0,19014.6,97425.4,21027.0,119545.4,105313.5,128652.3,163052.9,148
4974.9,153846.0,33991.0,33717.0,43069.0,43069.0,67710.2,56715.4,15036.5,13805.4,0.0,95342.7,0.0,19026.6,97425.3,21033.7,119552.1,105306.8,128652.3,163052.8,148
4975.9,153846.0,33991.0,33717.0,43069.0,43069.0,67710.2,56715.4,15036.5,13805.4,0.0,95357.3,0.0,19038.1,97440.4,21044.6,119578.1,105295.9,128652.3,163067.5,148
4976.9,153846.0,33991.0,33717.0,43069.0,43069.0,67710.2,56715.4,15036.5,13805.4,0.0,95357.3,0.0,19049.9,97440.4,21057.2,119590.6,105283.4,128652.3,163067.5,148
4977.9,153846.0,33991.0,33717.0,43069.0,43069.0,67710.2,56715.4,15036.5,13805.4,0.0,95357.3,0.0,19060.2,97440.4,21066.1,119599.6,105274.4,128652.3,163067.5,148
4978.9,153846.0,33991.0,33717.0,43069.0,43069.0,67710.2,56715.4,15036.5,13805.4,0.0,95357.3,0.0,19070.1,97440.4,21070.3,119603.8,105270.2,128652.3,163067.5,148
4979.9,153846.0,33991.0,33717.0,43069.0,43069.0,67710.2,56715.4,15036.5,13805.4,0.0,95357.5,0.0,19082.8,97440.6,21080.0,119613.7,105260.5,128652.3,163067.7,148
4980.9,153846.0,33991.0,33717.0,43069.0,43069.0,67709.2,56714.4,15035.5,13804.4,0.0,95357.6,0.0,19094.7,97440.4,21091.2,119624.8,105249.3,128652.3,163066.7,148
4981.9,153846.0,33991.0,33717.0,43069.0,43069.0,67709.2,56714.4,15035.5,13804.4,0.0,95357.6,0.0,19105.8,97440.4,21102.1,119635.6,105238.4,128652.3,163066.7,148
4982.9,153846.0,33991.0,33717.0,43069.0,43069.0,67709.2,56714.4,15035.5,13804.4,0.0,95357.6,0.0,19116.7,97440.4,21112.2,119645.7,105228.3,128652.3,163066.8,148
4983.9,153846.0,33991.0,33717.0,43069.0,43069.0,67709.2,56714.4,15035.5,13804.4,0.0,95357.7,0.0,19127.9,97440.5,21123.5,119657.1,105217.0,128652.3,163066.9,148
4984.9,153846.0,33991.0,33717.0,43069.0,43069.0,67709.2,56714.4,15035.6,13804.4,0.0,95425.0,0.0,19054.9,97508.1,21046.1,119647.1,105294.6,128652.3,163134.2,148
4985.9,153846.0,33991.0,33717.0,43069.0,43069.0,67709.2,56714.4,15035.6,13804.4,0.0,95425.0,0.0,19064.3,97509.9,21056.9,119659.7,105283.8,128652.3,163134.2,148
4986.9,153846.0,33991.0,33717.0,43069.0,43069.0,67709.2,56714.4,15035.6,13804.4,0.0,95425.0,0.0,19074.6,97509.9,21067.1,119669.9,105273.6,128652.3,163134.2,148
4987.9,153846.0,33991.0,33717.0,43069.0,43069.0,67709.2,56714.4,15035.6,13804.4,0.0,95425.0,0.0,19084.2,97509.9,21076.1,119678.9,105264.6,128652.3,163134.2,148
4988.9,153846.0,33991.0,33717.0,43069.0,43069.0,67709.2,56714.4,15035.6,13804.4,0.0,95425.0,0.0,19091.4,97509.9,21083.3,119686.1,105257.4,128652.3,163134.2,148
4989.9,153846.0,33991.0,33717.0,43069.0,43069.0,67709.2,56714.4,15035.6,13804.4,0.0,95414.7,0.0,19100.4,97498.4,21093.4,119684.7,105231.3,128652.3,163123.9,148
4990.9,153846.0,33991.0,33717.0,43069.0,43069.0,67709.2,56714.4,15035.6,13804.4,0.0,95414.7,0.0,19110.3,97499.3,21110.3,119702.5,105214.4,128652.3,163123.9,148
4991.9,153846.0,33991.0,33717.0,43069.0,43069.0,67709.2,56714.4,15035.6,13804.4,0.0,95403.8,0.0,19120.5,97488.2,21120.9,119702.0,105215.8,128652.3,163113.0,148
4992.9,153846.0,33991.0,33717.0,43069.0,43069.0,67709.2,56714.4,15035.6,13804.4,0.0,95393.3,0.0,19129.8,97478.0,21134.0,119704.8,105206.8,128652.3,163102.5,148
4993.9,153846.0,33991.0,33717.0,43069.0,43069.0,67709.2,56714.4,15035.6,13804.4,0.0,95383.0,0.0,19141.9,97467.1,21148.1,119708.0,105192.6,128652.3,163092.2,148
4994.9,153846.0,33991.0,33717.0,43069.0,43069.0,67709.2,56714.4,15035.6,13804.4,0.0,95372.9,0.0,19154.3,97455.3,21155.4,119703.4,105185.4,128652.3,163082.1,148
4995.9,153846.0,33991.0,33717.0,43069.0,43069.0,67709.2,56714.5,15035.6,13804.4,0.0,95372.7,0.0,19163.0,97456.7,21162.0,119711.5,105178.7,128652.3,163081.9,148
4996.9,153846.0,33991.0,33717.0,43069.0,43069.0,67709.2,56714.5,15035.6,13804.4,0.0,95362.4,0.0,19175.8,97446.3,21173.5,119712.6,105163.3,128652.3,163071.6,148
4997.9,153846.0,33991.0,33717.0,43069.0,43069.0,67709.2,56714.5,15035.6,13804.4,0.0,95341.9,0.0,19188.4,97426.5,21190.8,119710.0,105150.0,128652.3,163051.1,148
4998.9,153846.0,33991.0,33717.0,43069.0,43069.0,67709.2,56714.5,15035.6,13804.4,0.0,95341.7,0.0,19196.8,97425.9,21197.0,119715.6,105143.9,128652.3,163050.9,148
4999.9,153846.0,33991.0,33717.0,43069.0,43069.0,67709.2,56714.5,15035.6,13804.4,0.0,95331.4,0.0,19208.6,97415.5,21210.6,119718.9,105126.3,128652.3,163040.6,148
5000.9,153846.0,33991.0,33717.0,43069.0,43069.0,67709.2,56714.5,15035.6,13804.5,0.0,95321.1,0.0,19219.4,97405.2,21223.1,119721.1,105113.7,128652.3,163030.3,148
5001.9,153846.0,33991.0,33717.0,43069.0,43069.0,67709.2,56714.5,15035.6,13804.5,0.0,95310.8,0.0,19231.1,97394.6,21231.5,119718.8,105105.3,128652.3,163020.1,148
5002.9,153846.0,33991.0,33717.0,43069.0,43069.0,67709.2,56714.5,15035.6,13804.5,0.0,95300.5,0.0,19241.7,97383.3,21243.9,119719.9,105093.0,128652.3,163009.8,148
5003.9,153846.0,33991.0,33717.0,43069.0,43069.0,67709.2,56714.5,15035.6,13804.5,0.0,95290.2,0.0,19254.0,97371.9,21258.5,119723.1,105078.4,128652.3,162999.4,148
5004.9,153846.0,33991.0,33717.0,43069.0,43069.0,67709.2,56714.5,15035.6,13804.5,0.0,95279.9,0.0,19264.7,97361.6,21265.9,119720.1,105075.0,128652.3,162989.1,148
5005.9,153846.0,33991.0,33717.0,43069.0,43069.0,67709.2,56714.5,15035.6,13804.5,0.0,95279.9,0.0,19275.5,97363.5,21273.5,119729.7,105067.4,128652.3,162989.1,148
5006.9,153846.0,33991.0,33717.0,43069.0,43069.0,67709.2,56714.5,15035.6,13804.5,0.0,95269.6,0.0,19288.2,97353.6,21279.3,119725.5,105061.6,128652.3,162978.8,148
5007.9,153846.0,33991.0,33717.0,43069.0,43069.0,67709.2,56714.5,15035.6,13804.5,0.0,95259.3,0.0,19299.2,97343.2,21293.4,119729.2,105043.6,128652.3,162968.5,148
5008.9,153846.0,33991.0,33717.0,43069.0,43069.0,67709.2,56714.5,15035.6,13804.5,0.0,95249.2,0.0,19307.8,97332.8,21300.9,119726.3,105036.1,128652.3,162958.4,148
5009.9,153846.0,33991.0,33717.0,43069.0,43069.0,67709.2,56714.5,15035.6,13804.5,0.0,95249.0,0.0,19318.3,97332.6,21317.4,119742.6,105019.6,128652.3,162958.2,148
5010.9,153846.0,33991.0,33717.0,43069.0,43069.0,67709.3,56714.6,15035.7,13804.6,0.0,95253.4,0.0,19274.6,97339.8,21269.8,119702.1,105071.3,128652.3,162962.8,148
5011.9,153846.0,33991.0,33717.0,43069.0,43069.0,67709.3,56714.6,15035.7,13804.6,0.0,95253.4,0.0,19286.8,97339.8,21285.3,119717.6,105055.7,128652.3,162962.7,148
5012.9,153846.0,33991.0,33717.0,43069.0,43069.0,67709.3,56714.6,15035.7,13804.6,0.0,95253.4,0.0,19300.3,97339.8,21297.4,119729.7,105043.7,128652.3,162962.7,148
5013.9,153846.0,33991.0,33717.0,43069.0,43069.0,67709.3,56714.6,15035.7,13804.6,0.0,95253.4,0.0,19311.1,97339.8,21309.3,119741.7,105031.7,128652.3,162962.8,148
5014.9,153846.0,33991.0,33717.0,43069.0,43069.0,67709.3,56714.6,15035.7,13804.6,0.0,95243.2,0.0,19321.8,97329.6,21317.9,119740.0,105019.2,128652.3,162952.6,148
5015.9,153846.0,33991.0,33717.0,43069.0,43069.0,67709.4,56714.6,15035.7,13804.6,0.0,95232.5,0.0,19332.1,97318.8,21333.2,119744.5,105003.9,128652.3,162941.8,148
5016.9,153846.0,33991.0,33717.0,43069.0,43069.0,67709.4,56714.6,15035.7,13804.6,0.0,95232.5,0.0,19339.9,97318.8,21340.4,119751.6,104996.8,128652.3,162941.8,148
5017.9,153846.0,33991.0,33717.0,43069.0,43069.0,67709.4,56714.6,15035.7,13804.6,0.0,95222.2,0.0,19350.2,97311.5,21355.7,119759.7,104981.4,128652.3,162931.5,148
5018.9,153846.0,33991.0,33717.0,43069.0,43069.0,67709.4,56714.6,15035.7,13804.6,0.0,95212.1,0.0,19359.7,97297.3,21361.6,119751.3,104979.6,128652.3,162921.4,148
5019.9,153846.0,33991.0,33717.0,43069.0,43069.0,67709.4,56714.6,15035.7,13804.6,0.0,95230.6,0.0,19319.9,97314.1,21319.9,119726.3,105021.4,128652.3,162939.9,148
5020.9,153846.0,33991.0,33717.0,43069.0,43069.0,67709.4,56714.6,15035.7,13804.6,0.0,95230.7,0.0,19332.5,97314.9,21333.1,119740.3,105008.2,128652.3,162940.1,148
5021.9,153846.0,33991.0,33717.0,43069.0,43069.0,67709.4,56714.6,15035.7,13804.6,0.0,95230.7,0.0,19345.0,97314.9,21345.7,119752.9,104995.6,128652.3,162940.1,148
5022.9,153846.0,33991.0,33717.0,43069.0,43069.0,67709.4,56714.6,15035.7,13804.6,0.0,95230.7,0.0,19355.5,97314.9,21348.5,119755.7,104992.8,128652.3,162940.1,148
5023.9,153846.0,33991.0,33717.0,43069.0,43069.0,67709.4,56714.6,15035.7,13804.6,0.0,95220.5,0.0,19365.8,97304.7,21355.7,119752.7,104969.6,128652.3,162929.8,148
5024.9,153846.0,33991.0,33717.0,43069.0,43069.0,67709.4,56714.6,15035.7,13804.6,0.0,95209.7,0.0,19378.1,97293.8,21367.1,119753.2,104974.2,128652.3,162919.0,148
5025.9,153846.0,33991.0,33717.0,43069.0,43069.0,67709.4,56714.6,15035.8,13804.6,0.0,95198.8,0.0,19389.8,97283.0,21379.0,119754.2,104962.3,128652.3,162908.2,148
5026.9,153846.0,33991.0,33717.0,43069.0,43069.0,67709.4,56714.6,15035.8,13804.6,0.0,95198.8,0.0,19400.8,97282.9,21387.4,119762.6,104954.0,128652.3,162908.2,148
5027.9,153846.0,33991.0,33717.0,43069.0,43069.0,67709.4,56714.6,15035.8,13804.6,0.0,95188.4,0.0,19416.2,97272.5,21401.7,119766.5,104935.6,128652.3,162897.7,148
5028.9,153846.0,33991.0,33717.0,43069.0,43069.0,67709.4,56714.6,15035.8,13804.6,0.0,95178.0,0.0,19426.9,97260.5,21415.0,119767.7,104926.4,128652.3,162887.3,148
5029.9,153846.0,33991.0,33717.0,43069.0,43069.0,67709.4,56714.6,15035.8,13804.6,0.0,95167.7,0.0,19434.5,97250.2,21420.3,119762.6,104917.1,128652.3,162877.0,148
5030.9,153846.0,33991.0,33717.0,43069.0,43069.0,67709.4,56714.7,15035.8,13804.6,0.0,95157.3,0.0,19446.3,97240.6,21432.3,119765.1,104905.1,128652.3,162866.8,148
5031.9,153846.0,33991.0,33717.0,43069.0,43069.0,67709.4,56714.7,15035.8,13804.7,0.0,95147.0,0.0,19457.6,97230.3,21445.5,119768.0,104895.9,128652.3,162856.5,148
5032.9,153846.0,33991.0,33717.0,43069.0,43069.0,67709.4,56714.7,15035.8,13804.7,0.0,95136.9,0.0,19466.6,97220.2,21453.7,119766.0,104883.8,128652.3,162846.4,148
5033.9,153846.0,33991.0,33717.0,43069.0,43069.0,67709.4,56714.7,15035.8,13804.7,0.0,95126.4,0.0,19479.7,97209.2,21466.6,119768.0,104870.8,128652.3,162835.9,148
5034.9,153846.0,33991.0,33717.0,43069.0,43069.0,67709.4,56714.7,15035.8,13804.7,0.0,95116.4,0.0,19490.4,97199.1,21476.8,119768.1,104864.7,128652.3,162825.8,148
5035.9,153846.0,33991.0,33717.0,43069.0,43069.0,67709.4,56714.7,15035.8,13804.7,0.0,95105.9,0.0,19502.6,97189.1,21487.4,119768.6,104854.1,128652.3,162815.3,148
5036.9,153846.0,33991.0,33717.0,43069.0,43069.0,67709.4,56714.7,15035.8,13804.7,0.0,95105.9,0.0,19516.6,97189.2,21499.1,119780.4,104842.4,128652.3,162815.3,148
5037.9,153846.0,33991.0,33717.0,43069.0,43069.0,67709.4,56714.7,15035.8,13804.7,0.0,95095.8,0.0,19528.1,97179.1,21508.1,119779.2,104829.5,128652.3,162805.2,148
5038.9,153846.0,33991.0,33717.0,43069.0,43069.0,67709.4,56714.7,15035.8,13804.7,0.0,95167.9,0.0,19476.9,97250.4,21456.8,119799.2,104884.8,128652.3,162877.3,148
5039.9,153846.0,33991.0,33717.0,43069.0,43069.0,67709.4,56714.7,15035.8,13804.7,0.0,95454.0,0.0,19016.9,97539.5,20927.2,119558.4,105414.7,128652.3,163163.5,148
5040.9,153846.0,33991.0,33717.0,43069.0,43069.0,67709.5,56714.7,15035.8,13804.7,0.0,95454.6,0.0,19020.8,97541.0,20943.9,119576.6,105398.0,128652.3,163164.0,148
5042.0,153846.0,33991.0,33717.0,43069.0,43069.0,67687.6,56692.8,15013.9,13782.8,0.0,95454.6,0.0,19005.7,97544.1,20954.9,119590.7,105387.0,128652.3,163142.2,148
5043.0,153846.0,33991.0,33717.0,43069.0,43069.0,67687.6,56692.8,15013.9,13782.8,0.0,95454.6,0.0,19012.9,97541.5,20958.9,119592.1,105383.0,128652.3,163142.2,148
5044.0,153846.0,33991.0,33717.0,43069.0,43069.0,67687.6,56692.8,15013.9,13782.8,0.0,95454.6,0.0,19020.2,97541.5,20969.1,119602.3,105372.8,128652.3,163142.2,148
5045.0,153846.0,33991.0,33717.0,43069.0,43069.0,67687.6,56692.8,15013.9,13782.8,0.0,95501.7,0.0,18965.0,97589.9,20917.0,119598.6,105424.9,128652.3,163189.2,148
5046.0,153846.0,33991.0,33717.0,43069.0,43069.0,67687.6,56692.8,15013.9,13782.8,0.0,95501.7,0.0,18971.8,97590.2,20945.8,119627.6,105396.2,128652.3,163189.2,148
5047.0,153846.0,33991.0,33717.0,43069.0,43069.0,67687.6,56692.8,15013.9,13782.8,0.0,95501.7,0.0,18987.1,97590.1,20955.2,119636.9,105386.8,128652.3,163189.2,148
5048.0,153846.0,33991.0,33717.0,43069.0,43069.0,67687.6,56692.8,15013.9,13782.8,0.0,95501.7,0.0,18998.4,97590.1,20966.7,119648.5,105375.2,128652.3,163189.3,148
5049.0,153846.0,33991.0,33717.0,43069.0,43069.0,67687.6,56692.8,15013.9,13782.8,0.0,95501.7,0.0,19009.9,97590.1,20979.2,119660.9,105362.7,128652.3,163189.3,148
5050.0,153846.0,33991.0,33717.0,43069.0,43069.0,67687.6,56692.8,15013.9,13782.8,0.0,95509.6,0.0,19022.0,97598.2,20991.7,119681.6,105350.2,128652.3,163197.2,148
5051.0,153846.0,33991.0,33717.0,43069.0,43069.0,67687.6,56692.8,15013.9,13782.8,0.0,95509.7,0.0,19030.8,97599.1,21002.8,119693.6,105339.1,128652.3,163197.2,148
5052.0,153846.0,33991.0,33717.0,43069.0,43069.0,67687.6,56692.8,15013.9,13782.8,0.0,95509.7,0.0,19041.9,97599.1,21014.1,119704.8,105327.8,128652.3,163197.2,148
5053.0,153846.0,33991.0,33717.0,43069.0,43069.0,67687.6,56692.8,15013.9,13782.8,0.0,95509.7,0.0,19050.2,97599.1,21020.6,119711.3,105321.3,128652.3,163197.2,148
5054.0,153846.0,33991.0,33717.0,43069.0,43069.0,67687.6,56692.8,15013.9,13782.8,0.0,95509.7,0.0,19064.2,97599.3,21036.8,119727.8,105305.0,128652.3,163197.3,148
5055.0,153846.0,33991.0,33717.0,43069.0,43069.0,67687.6,56692.8,15013.9,13782.8,0.0,95509.7,0.0,19074.3,97604.0,21061.2,119756.9,105280.7,128652.3,163197.3,148
5056.0,153846.0,33991.0,33717.0,43069.0,43069.0,67687.6,56692.8,15013.9,13782.8,0.0,95573.7,0.0,19022.0,97665.3,21005.3,119762.3,105336.6,128652.3,163261.3,148
5057.0,153846.0,33991.0,33717.0,43069.0,43069.0,67687.6,56692.8,15013.9,13782.8,0.0,95573.8,0.0,19026.4,97665.5,21012.8,119770.0,105329.1,128652.3,163261.4,148
5058.0,153846.0,33991.0,33717.0,43069.0,43069.0,67687.6,56692.8,15013.9,13782.8,0.0,95606.5,0.0,19001.0,97699.0,20987.1,119777.9,105354.7,128652.3,163294.1,148
5059.0,153846.0,33991.0,33717.0,43069.0,43069.0,67687.6,56692.8,15013.9,13782.8,0.0,95606.5,0.0,19008.3,97698.8,20992.1,119782.6,105349.8,128652.3,163294.1,148
5060.0,153846.0,33991.0,33717.0,43069.0,43069.0,67687.6,56692.8,15013.9,13782.8,0.0,95606.5,0.0,19014.4,97698.8,20997.3,119787.9,105344.6,128652.3,163294.1,148
5061.0,153846.0,33991.0,33717.0,43069.0,43069.0,67687.6,56692.8,15013.9,13782.8,0.0,95659.4,0.0,18947.3,97753.2,20929.9,119774.8,105412.0,128652.3,163347.0,148
5062.0,153846.0,33991.0,33717.0,43069.0,43069.0,67687.6,56692.8,15013.9,13782.8,0.0,95659.7,0.0,18952.1,97753.8,20937.6,119783.0,105404.3,128652.3,163347.2,148
5063.0,153846.0,33991.0,33717.0,43069.0,43069.0,67687.6,56692.8,15013.9,13782.8,0.0,95677.2,0.0,18960.2,97771.6,20939.2,119802.5,105402.7,128652.3,163364.8,148
5064.0,153846.0,33991.0,33717.0,43069.0,43069.0,67687.6,56692.8,15013.9,13782.8,0.0,95677.2,0.0,18969.0,97771.6,20946.1,119809.3,105395.8,128652.3,163364.8,148
5065.0,153846.0,33991.0,33717.0,43069.0,43069.0,67687.6,56692.8,15013.9,13782.8,0.0,95677.2,0.0,18977.7,97771.6,20952.7,119815.9,105389.3,128652.3,163364.8,148
5066.0,153846.0,33991.0,33717.0,43069.0,43069.0,67687.6,56692.9,15014.0,13782.9,0.0,95698.9,0.0,18985.9,97793.8,20961.2,119846.7,105380.7,128652.3,163386.6,148
5067.0,153846.0,33991.0,33717.0,43069.0,43069.0,67687.6,56692.9,15014.0,13782.9,0.0,95685.7,0.0,18996.6,97779.5,20973.9,119845.1,105368.1,128652.3,163373.4,148
5068.0,153846.0,33991.0,33717.0,43069.0,43069.0,67687.6,56692.9,15014.0,13782.9,0.0,95675.5,0.0,19001.1,97769.3,20988.6,119849.5,105353.5,128652.3,163363.2,148
5069.0,153846.0,33991.0,33717.0,43069.0,43069.0,67687.6,56692.9,15014.0,13782.9,0.0,95664.9,0.0,19009.9,97758.6,20996.3,119846.4,105341.8,128652.3,163352.5,148
5070.0,153846.0,33991.0,33717.0,43069.0,43069.0,67687.6,56692.9,15014.0,13782.9,0.0,95664.9,0.0,19016.5,97758.6,21008.7,119858.8,105329.4,128652.3,163352.5,148
5071.0,153846.0,33991.0,33717.0,43069.0,43069.0,67687.7,56692.9,15014.0,13782.9,0.0,95654.7,0.0,19025.6,97749.2,21015.4,119856.1,105322.7,128652.3,163342.3,148
5072.0,153846.0,33991.0,33717.0,43069.0,43069.0,67687.7,56692.9,15014.0,13782.9,0.0,95644.1,0.0,19031.9,97738.3,21017.5,119847.3,105324.6,128652.3,163331.7,148
5073.0,153846.0,33991.0,33717.0,43069.0,43069.0,67687.7,56692.9,15014.0,13782.9,0.0,95644.2,0.0,19038.5,97738.2,21032.2,119861.9,105309.9,128652.3,163331.9,148
5074.0,153846.0,33991.0,33717.0,43069.0,43069.0,67687.7,56692.9,15014.0,13782.9,0.0,95644.2,0.0,19045.6,97738.1,21040.7,119870.3,105301.4,128652.3,163331.9,148
5075.0,153846.0,33991.0,33717.0,43069.0,43069.0,67687.7,56692.9,15014.0,13782.9,0.0,95633.8,0.0,19050.9,97726.7,21055.4,119873.6,105282.7,128652.3,163321.5,148
5076.0,153846.0,33991.0,33717.0,43069.0,43069.0,67687.7,56692.9,15014.0,13782.9,0.0,95623.4,0.0,19059.4,97716.8,21063.0,119871.3,105275.1,128652.3,163311.1,148
5077.0,153846.0,33991.0,33717.0,43069.0,43069.0,67687.7,56692.9,15014.0,13782.9,0.0,95647.1,0.0,19067.7,97742.7,21095.1,119929.2,105247.1,128652.3,163334.8,148
5078.0,153846.0,33991.0,33717.0,43069.0,43069.0,67687.7,56692.9,15014.0,13782.9,0.0,95644.9,0.0,19018.4,97739.5,21038.2,119869.0,105304.0,128652.3,163332.5,148
5079.0,153846.0,33991.0,33717.0,43069.0,43069.0,67687.7,56692.9,15014.0,13782.9,0.0,95670.8,0.0,19027.6,97767.3,21075.8,119934.5,105266.4,128652.3,163358.4,148
5080.0,153846.0,33991.0,33717.0,43069.0,43069.0,67687.7,56692.9,15014.0,13782.9,0.0,95674.0,0.0,19036.9,97766.1,21052.9,119910.3,105285.3,128652.3,163361.6,148
5081.0,153846.0,33991.0,33717.0,43069.0,43069.0,67687.7,56692.9,15014.0,13782.9,0.0,95663.8,0.0,19044.5,97756.9,21058.8,119907.1,105279.4,128652.3,163351.4,148
5082.0,153846.0,33991.0,33717.0,43069.0,43069.0,67687.7,56692.9,15014.0,13782.9,0.0,95671.9,0.0,19012.7,97764.5,21021.1,119877.0,105321.2,128652.3,163359.6,148
5083.0,153846.0,33991.0,33717.0,43069.0,43069.0,67687.7,56692.9,15014.0,13782.9,0.0,95671.9,0.0,19023.0,97764.5,21028.4,119884.2,105313.9,128652.3,163359.6,148
5084.0,153846.0,33991.0,33717.0,43069.0,43069.0,67687.7,56692.9,15014.0,13782.9,0.0,95671.6,0.0,19033.6,97764.2,21037.0,119892.6,105305.3,128652.3,163359.3,148
5085.0,153846.0,33991.0,33717.0,43069.0,43069.0,67687.7,56692.9,15014.0,13782.9,0.0,95696.6,0.0,19010.1,97789.4,21012.7,119893.4,105329.6,128652.3,163384.2,148
5086.0,153846.0,33991.0,33717.0,43069.0,43069.0,67687.7,56692.9,15014.0,13782.9,0.0,95696.4,0.0,19017.6,97789.6,21025.3,119906.2,105317.0,128652.3,163384.0,148
5087.0,153846.0,33991.0,33717.0,43069.0,43069.0,67687.7,56692.9,15014.0,13782.9,0.0,95685.9,0.0,19029.8,97779.2,21039.0,119909.4,105303.4,128652.3,163373.6,148
5088.0,153846.0,33991.0,33717.0,43069.0,43069.0,67687.7,56692.9,15014.0,13782.9,0.0,95675.7,0.0,19043.1,97768.9,21055.0,119915.2,105283.3,128652.3,163363.4,148
5089.0,153846.0,33991.0,33717.0,43069.0,43069.0,67687.7,56692.9,15014.1,13782.9,0.0,95665.1,0.0,19055.1,97757.4,21069.6,119918.2,105268.7,128652.3,163352.8,148
5090.0,153846.0,33991.0,33717.0,43069.0,43069.0,67687.7,56692.9,15014.1,13782.9,0.0,95654.7,0.0,19064.5,97746.9,21081.4,119919.5,105261.0,128652.3,163342.4,148
5091.0,153846.0,33991.0,33717.0,43069.0,43069.0,67687.7,56693.0,15014.1,13783.0,0.0,95654.7,0.0,19075.8,97748.2,21117.6,119957.0,105224.8,128652.3,163342.4,148
5092.0,153846.0,33991.0,33717.0,43069.0,43069.0,67687.7,56693.0,15014.1,13783.0,0.0,95644.3,0.0,19087.2,97737.6,21119.4,119948.3,105219.0,128652.3,163332.0,148
5093.0,153846.0,33991.0,33717.0,43069.0,43069.0,67687.7,56693.0,15014.1,13783.0,0.0,95634.0,0.0,19095.5,97728.4,21130.7,119950.3,105211.7,128652.3,163321.7,148
5094.0,153846.0,33991.0,33717.0,43069.0,43069.0,67687.7,56693.0,15014.1,13783.0,0.0,95634.0,0.0,19104.0,97727.5,21134.6,119953.3,105207.8,128652.3,163321.7,148
5095.0,153846.0,33991.0,33717.0,43069.0,43069.0,67687.7,56693.0,15014.1,13783.0,0.0,95623.8,0.0,19115.3,97717.3,21142.2,119950.6,105196.2,128652.3,163311.5,148
5096.0,153846.0,33991.0,33717.0,43069.0,43069.0,67687.7,56693.0,15014.1,13783.0,0.0,95632.4,0.0,19085.8,97726.0,21108.8,119925.9,105233.7,128652.3,163320.1,148
5097.0,153846.0,33991.0,33717.0,43069.0,43069.0,67687.7,56693.0,15014.1,13783.0,0.0,95632.4,0.0,19093.2,97726.0,21115.9,119933.0,105226.6,128652.3,163320.1,148
5098.0,153846.0,33991.0,33717.0,43069.0,43069.0,67687.7,56693.0,15014.1,13783.0,0.0,95632.4,0.0,19100.8,97725.7,21127.4,119944.2,105215.1,128652.3,163320.1,148
5099.0,153846.0,33991.0,33717.0,43069.0,43069.0,67687.7,56693.0,15014.1,13783.0,0.0,95632.4,0.0,19109.5,97725.7,21139.0,119955.8,105203.5,128652.3,163320.1,148
5100.0,153846.0,33991.0,33717.0,43069.0,43069.0,67687.7,56693.0,15014.1,13783.0,0.0,95622.0,0.0,19116.6,97715.3,21149.2,119955.6,105193.3,128652.3,163309.7,148
5101.0,153846.0,33991.0,33717.0,43069.0,43069.0,67687.7,56693.0,15014.1,13783.0,0.0,95611.8,0.0,19130.5,97705.1,21164.8,119960.9,105173.8,128652.3,163299.5,148
5102.0,153846.0,33991.0,33717.0,43069.0,43069.0,67687.7,56693.0,15014.1,13783.0,0.0,95601.1,0.0,19143.9,97697.8,21179.6,119968.5,105162.9,128652.3,163288.9,148
5103.0,153846.0,33991.0,33717.0,43069.0,43069.0,67687.7,56693.0,15014.1,13783.0,0.0,95590.7,0.0,19152.5,97685.0,21184.3,119960.3,105158.3,128652.3,163278.4,148
5104.0,153846.0,33991.0,33717.0,43069.0,43069.0,67687.7,56693.0,15014.1,13783.0,0.0,95590.7,0.0,19161.8,97684.6,21190.9,119966.5,105151.7,128652.3,163278.4,148
5105.0,153846.0,33991.0,33717.0,43069.0,43069.0,67687.7,56693.0,15014.1,13783.0,0.0,95580.3,0.0,19171.5,97673.6,21194.8,119959.4,105135.7,128652.3,163268.1,148
5106.0,153846.0,33991.0,33717.0,43069.0,43069.0,67687.7,56693.0,15014.1,13783.0,0.0,95594.2,0.0,19146.3,97688.0,21166.6,119945.6,105176.1,128652.3,163281.9,148
5107.0,153846.0,33991.0,33717.0,43069.0,43069.0,67687.7,56693.0,15014.1,13783.0,0.0,95594.2,0.0,19151.0,97688.0,21170.3,119949.2,105172.4,128652.3,163281.9,148
5108.0,153846.0,33991.0,33717.0,43069.0,43069.0,67687.7,56693.0,15014.1,13783.0,0.0,95594.2,0.0,19162.7,97688.0,21184.4,119963.4,105158.3,128652.3,163281.9,148
5109.0,153846.0,33991.0,33717.0,43069.0,43069.0,67687.7,56693.0,15014.1,13783.0,0.0,95583.9,0.0,19173.0,97677.8,21192.6,119961.3,105146.1,128652.3,163271.7,148
5110.0,153846.0,33991.0,33717.0,43069.0,43069.0,67687.7,56693.0,15014.1,13783.0,0.0,95583.9,0.0,19182.0,97677.8,21200.1,119968.7,105138.6,128652.3,163271.7,148
5111.0,153846.0,33991.0,33717.0,43069.0,43069.0,67687.7,56693.0,15014.1,13783.0,0.0,95573.8,0.0,19190.4,97667.6,21208.0,119966.5,105130.7,128652.3,163261.5,148
5112.0,153846.0,33991.0,33717.0,43069.0,43069.0,67687.7,56693.0,15014.1,13783.0,0.0,95573.6,0.0,19200.5,97667.4,21215.1,119973.3,105123.7,128652.3,163261.3,148
5113.0,153846.0,33991.0,33717.0,43069.0,43069.0,67687.7,56693.0,15014.1,13783.0,0.0,95563.2,0.0,19211.9,97657.0,21224.6,119972.5,105114.1,128652.3,163250.9,148
5114.0,153846.0,33991.0,33717.0,43069.0,43069.0,67687.7,56693.0,15014.1,13783.0,0.0,95552.8,0.0,19218.8,97646.6,21234.5,119971.9,105108.2,128652.3,163240.5,148
5115.0,153846.0,33991.0,33717.0,43069.0,43069.0,67687.7,56693.0,15014.1,13783.0,0.0,95542.4,0.0,19228.2,97636.2,21244.9,119971.9,105097.8,128652.3,163230.1,148
5116.0,153846.0,33991.0,33717.0,43069.0,43069.0,67687.7,56693.0,15014.1,13783.0,0.0,95554.3,0.0,19173.2,97652.5,21188.0,119931.2,105154.9,128652.3,163242.0,148
5117.0,153846.0,33991.0,33717.0,43069.0,43069.0,67687.7,56693.0,15014.1,13783.0,0.0,95554.3,0.0,19181.9,97652.5,21195.2,119938.4,105147.7,128652.3,163242.0,148
5118.0,153846.0,33991.0,33717.0,43069.0,43069.0,67687.7,56693.0,15014.1,13783.0,0.0,95554.3,0.0,19192.2,97652.5,21203.1,119946.3,105139.8,128652.3,163242.0,148
5119.0,153846.0,33991.0,33717.0,43069.0,43069.0,67687.7,56693.0,15014.1,13783.0,0.0,95554.3,0.0,19200.4,97652.5,21215.4,119958.6,105127.5,128652.3,163242.1,148
5120.0,153846.0,33991.0,33717.0,43069.0,43069.0,67687.7,56693.0,15014.1,13783.0,0.0,95554.3,0.0,19206.2,97652.5,21219.5,119962.8,105123.3,128652.3,163242.1,148
5121.0,153846.0,33991.0,33717.0,43069.0,43069.0,67687.7,56693.0,15014.1,13783.0,0.0,95554.3,0.0,19215.5,97652.5,21228.5,119971.7,105114.4,128652.3,163242.1,148
5122.0,153846.0,33991.0,33717.0,43069.0,43069.0,67687.7,56693.0,15014.1,13783.0,0.0,95554.3,0.0,19222.0,97652.5,21238.4,119981.7,105104.5,128652.3,163242.1,148
5123.0,153846.0,33991.0,33717.0,43069.0,43069.0,67687.7,56693.0,15014.1,13783.0,0.0,95554.3,0.0,19231.8,97653.4,21245.2,119989.3,105097.6,128652.3,163242.1,148
5124.0,153846.0,33991.0,33717.0,43069.0,43069.0,67687.7,56693.0,15014.1,13783.0,0.0,95543.9,0.0,19237.6,97643.0,21250.0,119983.7,105092.9,128652.3,163231.7,148
5125.0,153846.0,33991.0,33717.0,43069.0,43069.0,67687.7,56693.0,15014.1,13783.0,0.0,95543.9,0.0,19243.9,97642.4,21255.2,119988.3,105087.7,128652.3,163231.7,148
5126.0,153846.0,33991.0,33717.0,43069.0,43069.0,67687.8,56693.0,15014.1,13783.0,0.0,95533.6,0.0,19251.7,97632.0,21262.4,119985.2,105080.5,128652.3,163221.4,148
5127.0,153846.0,33991.0,33717.0,43069.0,43069.0,67687.9,56693.1,15014.2,13783.1,0.0,95533.6,0.0,19258.4,97633.4,21279.4,120003.5,105063.5,128652.3,163221.4,148
5128.0,153846.0,33991.0,33717.0,43069.0,43069.0,67687.9,56693.1,15014.2,13783.1,0.0,95522.8,0.0,19266.8,97621.3,21280.5,119992.4,105062.5,128652.3,163210.6,148
5129.0,153846.0,33991.0,33717.0,43069.0,43069.0,67687.9,56693.1,15014.2,13783.1,0.0,95522.9,0.0,19275.8,97621.4,21289.7,120001.7,105053.3,128652.3,163210.7,148
5130.0,153846.0,33991.0,33717.0,43069.0,43069.0,67694.6,56699.8,15020.9,13789.8,0.0,95512.4,0.0,19290.5,97610.2,21302.8,120003.7,105035.5,128652.3,163206.9,148
5131.0,153846.0,33991.0,33717.0,43069.0,43069.0,67694.6,56699.8,15020.9,13789.8,0.0,95502.2,0.0,19297.5,97602.1,21309.9,120002.6,105033.1,128652.3,163196.8,148
5132.0,153846.0,33991.0,33717.0,43069.0,43069.0,67694.6,56699.8,15020.9,13789.8,0.0,95502.3,0.0,19304.2,97600.8,21311.0,120002.4,105031.9,128652.3,163196.8,148
5133.0,153846.0,33991.0,33717.0,43069.0,43069.0,67694.6,56699.8,15020.9,13789.8,0.0,95491.9,0.0,19317.6,97590.3,21321.7,120002.7,105017.3,128652.3,163186.5,148
5134.0,153846.0,33991.0,33717.0,43069.0,43069.0,67694.6,56699.8,15020.9,13789.8,0.0,95481.7,0.0,19322.0,97580.2,21332.6,120003.4,105010.4,128652.3,163176.3,148
5135.0,153846.0,33991.0,33717.0,43069.0,43069.0,67694.6,56699.8,15020.9,13789.8,0.0,95471.2,0.0,19333.1,97568.8,21343.7,120003.1,104995.4,128652.3,163165.7,148
5136.0,153846.0,33991.0,33717.0,43069.0,43069.0,67694.6,56699.8,15020.9,13789.8,0.0,95471.2,0.0,19344.1,97568.9,21356.1,120015.5,104983.0,128652.3,163165.7,148
5137.0,153846.0,33991.0,33717.0,43069.0,43069.0,67694.6,56699.8,15020.9,13789.8,0.0,95461.0,0.0,19354.0,97558.7,21367.7,120016.9,104971.3,128652.3,163155.5,148
5138.0,153846.0,33991.0,33717.0,43069.0,43069.0,67694.6,56699.8,15020.9,13789.8,0.0,95450.4,0.0,19365.2,97547.9,21374.5,120012.9,104968.5,128652.3,163145.0,148
5139.0,153846.0,33991.0,33717.0,43069.0,43069.0,67694.6,56699.8,15020.9,13789.8,0.0,95440.2,0.0,19374.0,97537.7,21383.7,120011.9,104955.3,128652.3,163134.8,148
5140.0,153846.0,33991.0,33717.0,43069.0,43069.0,67694.6,56699.8,15020.9,13789.8,0.0,95440.0,0.0,19383.0,97536.9,21295.5,119922.9,105043.6,128652.3,163134.6,148
5141.0,153846.0,33991.0,33717.0,43069.0,43069.0,67694.6,56699.8,15020.9,13789.8,0.0,95440.1,0.0,19394.5,97536.9,21314.0,119941.4,105025.1,128652.3,163134.6,148
5142.0,153846.0,33991.0,33717.0,43069.0,43069.0,67694.6,56699.8,15020.9,13789.8,0.0,95429.9,0.0,19407.2,97526.8,21330.8,119948.1,105008.3,128652.3,163124.5,148
5143.0,153846.0,33991.0,33717.0,43069.0,43069.0,67694.6,56699.8,15020.9,13789.8,0.0,95419.4,0.0,19415.9,97515.8,21349.6,119955.9,104989.5,128652.3,163114.0,148
5144.0,153846.0,33991.0,33717.0,43069.0,43069.0,67694.6,56699.8,15020.9,13789.8,0.0,95409.0,0.0,19425.4,97504.9,21364.7,119960.0,104978.5,128652.3,163103.6,148
5145.0,153846.0,33991.0,33717.0,43069.0,43069.0,67694.6,56699.8,15020.9,13789.8,0.0,95409.2,0.0,19432.5,97505.3,21385.1,119980.9,104958.0,128652.3,163103.7,148
5146.0,153846.0,33991.0,33717.0,43069.0,43069.0,67694.6,56699.8,15020.9,13789.8,0.0,95398.8,0.0,19444.5,97494.9,21400.9,119986.3,104938.2,128652.3,163093.4,148
5147.0,153846.0,33991.0,33717.0,43069.0,43069.0,67694.6,56699.8,15020.9,13789.8,0.0,95388.4,0.0,19452.2,97484.5,21414.8,119989.8,104924.4,128652.3,163083.0,148
5148.0,153846.0,33991.0,33717.0,43069.0,43069.0,67694.6,56699.8,15020.9,13789.8,0.0,95378.2,0.0,19461.6,97474.3,21424.4,119989.2,104918.8,128652.3,163072.8,148
5149.0,153846.0,33991.0,33717.0,43069.0,43069.0,67694.6,56699.8,15020.9,13789.8,0.0,95367.7,0.0,19470.7,97463.7,21436.2,119990.3,104903.0,128652.3,163062.3,148
5150.0,153846.0,33991.0,33717.0,43069.0,43069.0,67694.6,56699.8,15020.9,13789.8,0.0,95357.4,0.0,19478.6,97453.3,21446.7,119990.4,104896.5,128652.3,163051.9,148
5151.0,153846.0,33991.0,33717.0,43069.0,43069.0,67694.6,56699.8,15020.9,13789.8,0.0,95357.4,0.0,19484.5,97453.3,21456.6,120000.3,104886.6,128652.3,163051.9,148
5152.0,153846.0,33991.0,33717.0,43069.0,43069.0,67694.6,56699.8,15020.9,13789.8,0.0,95347.2,0.0,19494.2,97445.5,21482.9,120018.8,104856.3,128652.3,163041.8,148
5153.0,153846.0,33991.0,33717.0,43069.0,43069.0,67694.6,56699.8,15020.9,13789.8,0.0,95336.7,0.0,19506.8,97434.8,21481.4,120006.5,104861.9,128652.3,163031.3,148
5154.0,153846.0,33991.0,33717.0,43069.0,43069.0,67694.6,56699.8,15020.9,13789.8,0.0,95336.7,0.0,19516.2,97434.1,21502.7,120027.1,104840.6,128652.3,163031.3,148
5155.0,153846.0,33991.0,33717.0,43069.0,43069.0,67694.6,56699.8,15020.9,13789.8,0.0,95326.5,0.0,19523.2,97423.6,21506.8,120020.8,104836.4,128652.3,163021.1,148
5156.0,153846.0,33991.0,33717.0,43069.0,43069.0,67694.8,56700.0,15021.1,13790.0,0.0,95316.0,0.0,19532.4,97413.1,21517.0,120020.4,104822.3,128652.3,163010.8,148
5157.0,153846.0,33991.0,33717.0,43069.0,43069.0,67694.8,56700.0,15021.1,13790.0,0.0,95316.0,0.0,19542.3,97413.1,21525.1,120028.5,104814.2,128652.3,163010.8,148
5158.0,153846.0,33991.0,33717.0,43069.0,43069.0,67694.8,56700.0,15021.1,13790.0,0.0,95305.8,0.0,19550.4,97402.9,21531.6,120024.9,104811.7,128652.3,163000.6,148
5159.0,153846.0,33991.0,33717.0,43069.0,43069.0,67694.8,56700.0,15021.1,13790.0,0.0,95295.4,0.0,19557.4,97392.3,21541.9,120024.4,104801.4,128652.3,162990.2,148
5160.0,153846.0,33991.0,33717.0,43069.0,43069.0,67694.8,56700.0,15021.1,13790.0,0.0,95295.4,0.0,19568.5,97392.3,21550.8,120033.4,104792.5,128652.3,162990.2,148
5161.0,153846.0,33991.0,33717.0,43069.0,43069.0,67694.8,56700.1,15021.2,13790.1,0.0,95285.1,0.0,19577.8,97381.9,21559.9,120032.0,104779.5,128652.3,162979.9,148
5162.0,153846.0,33991.0,33717.0,43069.0,43069.0,67694.8,56700.1,15021.2,13790.1,0.0,95274.8,0.0,19586.6,97371.6,21572.3,120034.1,104767.1,128652.3,162969.6,148
5163.0,153846.0,33991.0,33717.0,43069.0,43069.0,67694.8,56700.1,15021.2,13790.1,0.0,95264.4,0.0,19596.3,97361.2,21578.7,120030.2,104760.7,128652.3,162959.3,148
5164.0,153846.0,33991.0,33717.0,43069.0,43069.0,67694.8,56700.1,15021.2,13790.1,0.0,95254.2,0.0,19606.7,97351.1,21589.9,120031.2,104753.5,128652.3,162949.1,148
5165.0,153846.0,33991.0,33717.0,43069.0,43069.0,67694.8,56700.1,15021.2,13790.1,0.0,95254.1,0.0,19609.3,97350.8,21599.4,120040.3,104744.0,128652.3,162948.9,148
5166.0,153846.0,33991.0,33717.0,43069.0,43069.0,67694.8,56700.1,15021.2,13790.1,0.0,95243.9,0.0,19619.7,97340.6,21608.3,120039.0,104731.1,128652.3,162938.7,148
5167.0,153846.0,33991.0,33717.0,43069.0,43069.0,67694.8,56700.1,15021.2,13790.1,0.0,95233.7,0.0,19629.4,97331.0,21615.0,120036.2,104728.4,128652.3,162928.6,148
5168.0,153846.0,33991.0,33717.0,43069.0,43069.0,67694.8,56700.1,15021.2,13790.1,0.0,95233.6,0.0,19638.9,97330.5,21622.7,120043.4,104720.7,128652.3,162928.4,148
5169.0,153846.0,33991.0,33717.0,43069.0,43069.0,67694.8,56700.1,15021.2,13790.1,0.0,95223.3,0.0,19649.9,97320.2,21632.6,120042.9,104706.9,128652.3,162918.1,148
5170.0,153846.0,33991.0,33717.0,43069.0,43069.0,67694.8,56700.1,15021.2,13790.1,0.0,95213.0,0.0,19659.0,97309.8,21650.5,120050.4,104689.0,128652.3,162907.8,148
5171.0,153846.0,33991.0,33717.0,43069.0,43069.0,67694.8,56700.1,15021.2,13790.1,0.0,95202.7,0.0,19669.8,97299.5,21661.0,120050.5,104678.5,128652.3,162897.5,148
5172.0,153846.0,33991.0,33717.0,43069.0,43069.0,67694.8,56700.1,15021.2,13790.1,0.0,95192.5,0.0,19679.8,97289.3,21670.9,120050.3,104672.6,128652.3,162887.3,148
5173.0,153846.0,33991.0,33717.0,43069.0,43069.0,67694.8,56700.1,15021.2,13790.1,0.0,95192.4,0.0,19689.0,97289.2,21681.5,120060.7,104662.0,128652.3,162887.2,148
5174.0,153846.0,33991.0,33717.0,43069.0,43069.0,67694.8,56700.1,15021.2,13790.1,0.0,95182.1,0.0,19700.2,97278.9,21692.5,120061.4,104647.1,128652.3,162876.9,148
5175.0,153846.0,33991.0,33717.0,43069.0,43069.0,67694.8,56700.1,15021.2,13790.1,0.0,95171.9,0.0,19708.0,97268.7,21699.4,120058.1,104640.2,128652.3,162866.7,148
5176.0,153846.0,33991.0,33717.0,43069.0,43069.0,67694.8,56700.1,15021.2,13790.1,0.0,95161.5,0.0,19719.1,97257.9,21710.4,120058.3,104629.2,128652.3,162856.3,148
5177.0,153846.0,33991.0,33717.0,43069.0,43069.0,67694.8,56700.1,15021.2,13790.1,0.0,95161.4,0.0,19728.6,97257.9,21718.8,120066.8,104620.8,128652.3,162856.3,148
5178.0,153846.0,33991.0,33717.0,43069.0,43069.0,67694.8,56700.1,15021.2,13790.1,0.0,95151.1,0.0,19739.8,97249.1,21731.9,120070.9,104607.8,128652.3,162845.9,148
5179.0,153846.0,33991.0,33717.0,43069.0,43069.0,67694.8,56700.1,15021.2,13790.1,0.0,95140.5,0.0,19748.7,97237.3,21743.2,120070.4,104600.4,128652.3,162835.3,148
5180.0,153846.0,33991.0,33717.0,43069.0,43069.0,67694.8,56700.1,15021.2,13790.1,0.0,95140.5,0.0,19760.3,97236.2,21768.5,120094.7,104575.1,128652.3,162835.3,148
5181.0,153846.0,33991.0,33717.0,43069.0,43069.0,67694.8,56700.1,15021.2,13790.1,0.0,95130.3,0.0,19769.2,97225.6,21770.2,120085.7,104573.5,128652.3,162825.2,148
5182.0,153846.0,33991.0,33717.0,43069.0,43069.0,67694.8,56700.1,15021.2,13790.1,0.0,95119.8,0.0,19779.0,97216.0,21775.5,120081.5,104568.2,128652.3,162814.6,148
5183.0,153846.0,33991.0,33717.0,43069.0,43069.0,67694.8,56700.1,15021.2,13790.1,0.0,95119.9,0.0,19789.5,97215.6,21788.1,120093.6,104555.6,128652.3,162814.8,148
5184.0,153846.0,33991.0,33717.0,43069.0,43069.0,67694.8,56700.1,15021.2,13790.1,0.0,95109.8,0.0,19796.8,97205.5,21793.9,120089.2,104545.8,128652.3,162804.6,148
5185.0,153846.0,33991.0,33717.0,43069.0,43069.0,67694.8,56700.1,15021.2,13790.1,0.0,95099.4,0.0,19806.1,97195.0,21805.8,120090.6,104538.0,128652.3,162794.2,148
5186.0,153846.0,33991.0,33717.0,43069.0,43069.0,67694.8,56700.1,15021.2,13790.1,0.0,95089.1,0.0,19814.9,97183.9,21814.8,120088.5,104525.0,128652.3,162783.9,148
5187.0,153846.0,33991.0,33717.0,43069.0,43069.0,67694.8,56700.1,15021.2,13790.1,0.0,95078.9,0.0,19826.4,97173.5,21824.7,120088.0,104519.0,128652.3,162773.7,148
5188.0,153846.0,33991.0,33717.0,43069.0,43069.0,67694.8,56700.1,15021.2,13790.1,0.0,95078.8,0.0,19837.1,97173.3,21836.1,120099.2,104507.7,128652.3,162773.6,148
5189.0,153846.0,33991.0,33717.0,43069.0,43069.0,67694.8,56700.1,15021.2,13790.1,0.0,95068.5,0.0,19846.9,97165.5,21857.9,120113.2,104481.9,128652.3,162763.3,148
5190.0,153846.0,33991.0,33717.0,43069.0,43069.0,67694.8,56700.1,15021.2,13790.1,0.0,95058.2,0.0,19857.1,97152.7,21860.0,120102.4,104483.9,128652.3,162753.1,148
5191.0,153846.0,33991.0,33717.0,43069.0,43069.0,67694.8,56700.1,15021.2,13790.1,0.0,95047.9,0.0,19868.2,97142.4,21869.7,120101.9,104470.2,128652.3,162742.8,148
5192.0,153846.0,33991.0,33717.0,43069.0,43069.0,67694.8,56700.1,15021.2,13790.1,0.0,95047.9,0.0,19877.7,97142.4,21876.9,120109.1,104462.9,128652.3,162742.8,148
5193.0,153846.0,33991.0,33717.0,43069.0,43069.0,67694.8,56700.1,15021.2,13790.1,0.0,95037.7,0.0,19888.7,97132.1,21888.2,120110.1,104451.7,128652.3,162732.5,148
5194.0,153846.0,33991.0,33717.0,43069.0,43069.0,67694.8,56700.1,15021.2,13790.1,0.0,95027.4,0.0,19898.6,97121.8,21899.0,120110.5,104444.9,128652.3,162722.2,148
5195.0,153846.0,33991.0,33717.0,43069.0,43069.0,67694.8,56700.1,15021.2,13790.1,0.0,95017.1,0.0,19910.4,97111.6,21912.6,120113.8,104431.3,128652.3,162712.0,148
5196.0,153846.0,33991.0,33717.0,43069.0,43069.0,67694.8,56700.1,15021.2,13790.1,0.0,95006.9,0.0,19918.3,97101.3,21919.6,120110.5,104420.4,128652.3,162701.7,148
5197.0,153846.0,33991.0,33717.0,43069.0,43069.0,67694.8,56700.1,15021.2,13790.1,0.0,95006.9,0.0,19928.9,97101.3,21930.3,120121.2,104409.6,128652.3,162701.7,148
5198.0,153846.0,33991.0,33717.0,43069.0,43069.0,67694.8,56700.1,15021.2,13790.1,0.0,94986.3,0.0,19938.5,97080.7,21939.2,120109.5,104404.8,128652.3,162681.1,148
5199.0,153846.0,33991.0,33717.0,43069.0,43069.0,67694.8,56700.1,15021.2,13790.1,0.0,94986.3,0.0,19949.3,97080.7,21953.8,120124.2,104390.1,128652.3,162681.2,148
5200.0,153846.0,33991.0,33717.0,43069.0,43069.0,67694.8,56700.1,15021.2,13790.1,0.0,94965.8,0.0,19960.4,97060.1,21965.1,120114.8,104378.9,128652.3,162660.6,148
5201.0,153846.0,33991.0,33717.0,43069.0,43069.0,67694.8,56700.1,15021.2,13790.1,0.0,94965.8,0.0,19971.1,97059.9,21981.2,120130.7,104362.9,128652.3,162660.6,148
5202.0,153846.0,33991.0,33717.0,43069.0,43069.0,67694.8,56700.1,15021.2,13790.1,0.0,94955.6,0.0,19980.8,97049.8,21986.1,120125.4,104353.9,128652.3,162650.5,148
5203.0,153846.0,33991.0,33717.0,43069.0,43069.0,67694.8,56700.1,15021.2,13790.1,0.0,94945.4,0.0,19991.0,97039.5,21995.0,120124.0,104345.1,128652.3,162640.2,148
5204.0,153846.0,33991.0,33717.0,43069.0,43069.0,67694.8,56700.1,15021.2,13790.1,0.0,94935.1,0.0,20001.5,97029.2,22003.7,120122.5,104340.4,128652.3,162630.0,148
5205.0,153846.0,33991.0,33717.0,43069.0,43069.0,67694.8,56700.1,15021.2,13790.1,0.0,94924.9,0.0,20011.5,97019.0,22013.9,120122.4,104330.2,128652.3,162619.7,148
5206.0,153846.0,33991.0,33717.0,43069.0,43069.0,67694.8,56700.1,15021.2,13790.1,0.0,94924.9,0.0,20020.5,97018.7,22025.1,120133.3,104319.0,128652.3,162619.7,148
5207.0,153846.0,33991.0,33717.0,43069.0,43069.0,67694.8,56700.1,15021.2,13790.1,0.0,94914.6,0.0,20031.9,97008.5,22034.8,120132.7,104305.3,128652.3,162609.5,148
5208.0,153846.0,33991.0,33717.0,43069.0,43069.0,67694.8,56700.1,15021.2,13790.1,0.0,94904.4,0.0,20041.5,96998.2,22044.1,120131.7,104296.1,128652.3,162599.2,148
5209.0,153846.0,33991.0,33717.0,43069.0,43069.0,67694.8,56700.1,15021.2,13790.1,0.0,94894.1,0.0,20053.3,96987.9,22056.8,120134.1,104283.4,128652.3,162588.9,148
5210.0,153846.0,33991.0,33717.0,43069.0,43069.0,67694.8,56700.1,15021.2,13790.1,0.0,94883.9,0.0,20069.0,96977.6,22071.2,120138.2,104269.0,128652.3,162578.7,148
5211.0,153846.0,33991.0,33717.0,43069.0,43069.0,67694.8,56700.1,15021.2,13790.1,0.0,94873.6,0.0,20079.6,96967.4,22080.9,120137.7,104259.3,128652.3,162568.5,148
5212.0,153846.0,33991.0,33717.0,43069.0,43069.0,67694.8,56700.1,15021.2,13790.1,0.0,94863.4,0.0,20089.2,96957.1,22093.5,120140.0,104250.8,128652.3,162558.2,148
5213.0,153846.0,33991.0,33717.0,43069.0,43069.0,67694.8,56700.1,15021.2,13790.1,0.0,94863.4,0.0,20099.0,96957.1,22097.8,120144.3,104246.4,128652.3,162558.2,148
5214.0,153846.0,33991.0,33717.0,43069.0,43069.0,67694.8,56700.1,15021.2,13790.1,0.0,94853.2,0.0,20107.6,96946.9,22105.3,120141.6,104234.9,128652.3,162548.0,148
5215.0,153846.0,33991.0,33717.0,43069.0,43069.0,67694.8,56700.1,15021.2,13790.1,0.0,94842.9,0.0,20117.6,96936.7,22116.9,120142.9,104223.3,128652.3,162537.8,148
5216.0,153846.0,33991.0,33717.0,43069.0,43069.0,67694.8,56700.1,15021.2,13790.1,0.0,94832.7,0.0,20127.2,96926.4,22127.5,120143.2,104216.8,128652.3,162527.5,148
5217.0,153846.0,33991.0,33717.0,43069.0,43069.0,67694.8,56700.1,15021.2,13790.1,0.0,94832.7,0.0,20136.1,96926.0,22131.7,120147.0,104212.6,128652.3,162527.5,148
5218.0,153846.0,33991.0,33717.0,43069.0,43069.0,67694.8,56700.1,15021.2,13790.1,0.0,94822.5,0.0,20146.3,96915.8,22138.4,120143.4,104205.9,128652.3,162517.3,148
5219.0,153846.0,33991.0,33717.0,43069.0,43069.0,67694.8,56700.1,15021.2,13790.1,0.0,94822.5,0.0,20157.5,96915.8,22147.8,120152.9,104196.5,128652.3,162517.3,148
5220.0,153846.0,33991.0,33717.0,43069.0,43069.0,67694.8,56700.1,15021.2,13790.1,0.0,94812.2,0.0,20167.2,96905.3,22163.3,120157.8,104165.1,128652.3,162507.1,148
5221.0,153846.0,33991.0,33717.0,43069.0,43069.0,67694.8,56700.1,15021.2,13790.1,0.0,94802.0,0.0,20177.5,96895.0,22174.3,120158.5,104170.1,128652.3,162496.8,148
5222.0,153846.0,33991.0,33717.0,43069.0,43069.0,67694.8,56700.1,15021.2,13790.1,0.0,94801.8,0.0,20187.7,96894.8,22186.1,120170.1,104158.3,128652.3,162496.6,148
5223.0,153846.0,33991.0,33717.0,43069.0,43069.0,67694.8,56700.1,15021.2,13790.1,0.0,94791.6,0.0,20198.1,96884.7,22193.5,120167.3,104146.9,128652.3,162486.5,148
5224.0,153846.0,33991.0,33717.0,43069.0,43069.0,67694.8,56700.1,15021.2,13790.1,0.0,94781.2,0.0,20207.9,96874.2,22203.1,120166.5,104141.4,128652.3,162476.1,148
5225.0,153846.0,33991.0,33717.0,43069.0,43069.0,67694.8,56700.1,15021.2,13790.1,0.0,94781.3,0.0,20219.2,96874.2,22130.6,120093.9,104213.9,128652.3,162476.1,148
5226.0,153846.0,33991.0,33717.0,43069.0,43069.0,67694.8,56700.1,15021.2,13790.1,0.0,94781.3,0.0,20229.4,96874.2,22148.4,120111.8,104196.1,128652.3,162476.2,148
5227.0,153846.0,33991.0,33717.0,43069.0,43069.0,67694.8,56700.1,15021.2,13790.1,0.0,94770.9,0.0,20231.6,96863.8,22156.4,120109.3,104180.1,128652.3,162465.7,148
5228.0,153846.0,33991.0,33717.0,43069.0,43069.0,67694.8,56700.1,15021.2,13790.1,0.0,94760.6,0.0,20243.2,96853.4,22170.3,120112.8,104170.2,128652.3,162455.4,148
5229.0,153846.0,33991.0,33717.0,43069.0,43069.0,67694.8,56700.1,15021.2,13790.1,0.0,94750.2,0.0,20251.8,96843.1,22184.2,120116.4,104156.3,128652.3,162445.0,148
5230.0,153846.0,33991.0,33717.0,43069.0,43069.0,67694.8,56700.1,15021.2,13790.1,0.0,94750.2,0.0,20261.0,96843.1,22196.6,120128.8,104143.9,128652.3,162445.1,148
5231.0,153846.0,33991.0,33717.0,43069.0,43069.0,67694.8,56700.1,15021.2,13790.1,0.0,94740.0,0.0,20271.1,96832.8,22207.7,120129.6,104136.8,128652.3,162434.8,148
5232.0,153846.0,33991.0,33717.0,43069.0,43069.0,67694.8,56700.1,15021.2,13790.1,0.0,94752.9,0.0,20218.0,96845.5,22158.4,120092.8,104186.3,128652.3,162447.7,148
5233.0,153846.0,33991.0,33717.0,43069.0,43069.0,67694.8,56700.1,15021.2,13790.1,0.0,94752.9,0.0,20228.0,96846.3,22175.8,120111.0,104168.9,128652.3,162447.7,148
5234.0,153846.0,33991.0,33717.0,43069.0,43069.0,67694.8,56700.1,15021.2,13790.1,0.0,94752.9,0.0,20237.7,96846.3,22187.7,120122.9,104156.9,128652.3,162447.7,148
5235.0,153846.0,33991.0,33717.0,43069.0,43069.0,67694.8,56700.1,15021.2,13790.1,0.0,94752.9,0.0,20247.1,96846.3,22198.8,120134.0,104145.8,128652.3,162447.7,148
5236.0,153846.0,33991.0,33717.0,43069.0,43069.0,67694.8,56700.1,15021.2,13790.1,0.0,94752.9,0.0,20256.0,96846.3,22210.0,120145.3,104134.6,128652.3,162447.7,148
5237.0,153846.0,33991.0,33717.0,43069.0,43069.0,67694.8,56700.1,15021.2,13790.1,0.0,94752.9,0.0,20264.9,96846.3,22215.5,120150.7,104129.2,128652.3,162447.7,148
5238.0,153846.0,33991.0,33717.0,43069.0,43069.0,67694.8,56700.1,15021.2,13790.1,0.0,94742.8,0.0,20275.4,96836.2,22226.1,120151.2,104118.6,128652.3,162437.6,148
5239.0,153846.0,33991.0,33717.0,43069.0,43069.0,67694.8,56700.1,15021.2,13790.1,0.0,94732.6,0.0,20285.1,96825.9,22239.2,120154.1,104105.5,128652.3,162427.4,148
5240.0,153846.0,33991.0,33717.0,43069.0,43069.0,67694.8,56700.1,15021.2,13790.1,0.0,94722.4,0.0,20293.3,96815.6,22248.9,120153.3,104091.8,128652.3,162417.2,148
5241.0,153846.0,33991.0,33717.0,43069.0,43069.0,67694.8,56700.1,15021.2,13790.1,0.0,94712.2,0.0,20302.7,96806.4,22265.0,120160.3,104079.7,128652.3,162407.0,148
5242.0,153846.0,33991.0,33717.0,43069.0,43069.0,67697.5,56702.8,15023.9,13792.8,0.0,94702.0,0.0,20315.4,96798.5,22279.6,120166.9,104065.2,128652.3,162399.6,148
5243.0,153846.0,33991.0,33717.0,43069.0,43069.0,67697.5,56702.8,15023.9,13792.8,0.0,94706.8,0.0,20325.1,96803.5,22315.8,120208.0,104025.0,128652.3,162404.4,148
5244.0,153846.0,33991.0,33717.0,43069.0,43069.0,67697.5,56702.8,15023.9,13792.8,0.0,94696.8,0.0,20333.1,96791.5,22322.4,120202.6,104022.5,128652.3,162394.3,148
5245.0,153846.0,33991.0,33717.0,43069.0,43069.0,67697.5,56702.8,15023.9,13792.8,0.0,94686.6,0.0,20343.3,96784.8,22336.6,120210.1,104008.3,128652.3,162384.1,148
5246.0,153846.0,33991.0,33717.0,43069.0,43069.0,67697.8,56703.1,15024.2,13793.1,0.0,94686.5,0.0,20354.2,96781.4,22353.2,120223.3,103991.7,128652.3,162384.3,148
5247.0,153846.0,33991.0,33717.0,43069.0,43069.0,67697.2,56702.4,15023.5,13792.4,0.0,94676.2,0.0,20362.9,96772.1,22365.9,120226.7,103975.0,128652.3,162373.3,148
5248.0,153846.0,33991.0,33717.0,43069.0,43069.0,67697.2,56702.4,15023.5,13792.4,0.0,94666.0,0.0,20373.2,96761.9,22371.5,120222.0,103969.4,128652.3,162363.2,148
5249.0,153846.0,33991.0,33717.0,43069.0,43069.0,67697.2,56702.4,15023.5,13792.4,0.0,94655.5,0.0,20384.3,96751.2,22380.9,120220.7,103964.1,128652.3,162352.7,148
5250.0,153846.0,33991.0,33717.0,43069.0,43069.0,67697.2,56702.4,15023.5,13792.4,0.0,94645.2,0.0,20394.3,96740.9,22386.9,120216.4,103958.1,128652.3,162342.4,148
5251.0,153846.0,33991.0,33717.0,43069.0,43069.0,67697.2,56702.4,15023.5,13792.4,0.0,94635.1,0.0,20404.7,96730.7,22401.2,120220.4,103943.9,128652.3,162332.3,148
5252.0,153846.0,33991.0,33717.0,43069.0,43069.0,67697.2,56702.4,15023.5,13792.4,0.0,94634.9,0.0,20415.2,96730.5,22410.8,120229.9,103934.2,128652.3,162332.1,148
5253.0,153846.0,33991.0,33717.0,43069.0,43069.0,67697.2,56702.4,15023.5,13792.4,0.0,94624.6,0.0,20425.3,96720.2,22419.5,120228.2,103913.6,128652.3,162321.8,148
5254.0,153846.0,33991.0,33717.0,43069.0,43069.0,67697.2,56702.4,15023.5,13792.4,0.0,94614.0,0.0,20436.0,96709.6,22431.9,120230.0,103913.2,128652.3,162311.2,148
5255.0,153846.0,33991.0,33717.0,43069.0,43069.0,67697.2,56702.4,15023.5,13792.4,0.0,94614.0,0.0,20446.7,96709.6,22438.4,120236.5,103906.7,128652.3,162311.2,148
5256.0,153846.0,33991.0,33717.0,43069.0,43069.0,67697.2,56702.4,15023.5,13792.4,0.0,94603.9,0.0,20457.2,96699.4,22448.3,120236.3,103892.8,128652.3,162301.0,148
5257.0,153846.0,33991.0,33717.0,43069.0,43069.0,67697.2,56702.4,15023.5,13792.4,0.0,94593.3,0.0,20468.1,96688.8,22461.0,120238.4,103884.1,128652.3,162290.5,148
5258.0,153846.0,33991.0,33717.0,43069.0,43069.0,67697.2,56702.4,15023.5,13792.4,0.0,94583.0,0.0,20475.1,96678.5,22467.0,120234.0,103878.1,128652.3,162280.2,148
5259.0,153846.0,33991.0,33717.0,43069.0,43069.0,67697.2,56702.4,15023.5,13792.4,0.0,94572.7,0.0,20486.8,96668.2,22483.1,120239.8,103862.0,128652.3,162269.9,148
5260.0,153846.0,33991.0,33717.0,43069.0,43069.0,67697.2,56702.4,15023.5,13792.4,0.0,94562.5,0.0,20497.0,96658.0,22493.3,120239.8,103847.9,128652.3,162259.7,148
5261.0,153846.0,33991.0,33717.0,43069.0,43069.0,67697.2,56702.4,15023.5,13792.4,0.0,94552.2,0.0,20507.3,96647.7,22500.2,120236.3,103845.0,128652.3,162249.4,148
5262.0,153846.0,33991.0,33717.0,43069.0,43069.0,67697.2,56702.4,15023.5,13792.4,0.0,94552.2,0.0,20517.0,96647.6,22509.6,120245.6,103835.6,128652.3,162249.4,148
5263.0,153846.0,33991.0,33717.0,43069.0,43069.0,67697.2,56702.4,15023.5,13792.4,0.0,94541.9,0.0,20526.8,96637.3,22517.5,120243.2,103827.7,128652.3,162239.1,148
5264.0,153846.0,33991.0,33717.0,43069.0,43069.0,67697.2,56702.4,15023.5,13792.4,0.0,94531.4,0.0,20535.9,96626.7,22523.1,120238.1,103822.2,128652.3,162228.5,148
5265.0,153846.0,33991.0,33717.0,43069.0,43069.0,67664.8,56670.0,14991.1,13760.0,0.0,94560.3,0.0,20405.1,96655.9,22388.9,120132.9,103956.6,128652.3,162225.0,148
5266.0,153846.0,33991.0,33717.0,43069.0,43069.0,67664.8,56670.0,14991.1,13760.0,0.0,94560.3,0.0,20382.7,96654.9,22367.7,120110.7,103977.7,128652.3,162225.0,148
5267.0,153846.0,33991.0,33717.0,43069.0,43069.0,67664.8,56670.0,14991.1,13760.0,0.0,94560.3,0.0,20392.3,96655.2,22378.0,120121.4,103967.4,128652.3,162225.0,148
5268.0,153846.0,33991.0,33717.0,43069.0,43069.0,67664.8,56670.0,14991.1,13760.0,0.0,94560.3,0.0,20401.5,96654.7,22393.4,120136.3,103952.0,128652.3,162225.1,148
5269.0,153846.0,33991.0,33717.0,43069.0,43069.0,67664.8,56670.0,14991.1,13760.0,0.0,94560.3,0.0,20411.5,96654.8,22403.7,120146.7,103941.7,128652.3,162225.1,148
5270.0,153846.0,33991.0,33717.0,43069.0,43069.0,67664.8,56670.0,14991.1,13760.0,0.0,94560.3,0.0,20421.4,96654.8,22413.7,120156.6,103931.8,128652.3,162225.1,148
5271.0,153846.0,33991.0,33717.0,43069.0,43069.0,67664.8,56670.0,14991.1,13760.0,0.0,94560.3,0.0,20432.3,96654.8,22427.9,120170.8,103917.5,128652.3,162225.1,148
5272.0,153846.0,33991.0,33717.0,43069.0,43069.0,67664.8,56670.0,14991.1,13760.0,0.0,94624.3,0.0,20397.1,96718.9,22386.8,120193.9,103958.6,128652.3,162289.0,148
5273.0,153846.0,33991.0,33717.0,43069.0,43069.0,67664.8,56670.0,14991.1,13760.0,0.0,94624.3,0.0,20408.4,96718.9,22398.5,120205.5,103947.0,128652.3,162289.0,148
5274.0,153846.0,33991.0,33717.0,43069.0,43069.0,67664.8,56670.0,14991.1,13760.0,0.0,94624.4,0.0,20418.6,96719.0,22406.0,120213.1,103939.4,128652.3,162289.2,148
5275.0,153846.0,33991.0,33717.0,43069.0,43069.0,67664.8,56670.0,14991.1,13760.0,0.0,94624.4,0.0,20429.1,96719.1,22416.1,120223.4,103929.3,128652.3,162289.2,148
5276.0,153846.0,33991.0,33717.0,43069.0,43069.0,67664.8,56670.0,14991.1,13760.0,0.0,94624.5,0.0,20439.9,96718.9,22425.6,120232.7,103919.9,128652.3,162289.2,148
5277.0,153846.0,33991.0,33717.0,43069.0,43069.0,67664.8,56670.0,14991.1,13760.0,0.0,94624.5,0.0,20451.2,96718.9,22435.5,120242.6,103909.9,128652.3,162289.2,148
5278.0,153846.0,33991.0,33717.0,43069.0,43069.0,67664.8,56670.0,14991.1,13760.0,0.0,94624.5,0.0,20460.8,96718.9,22444.8,120251.9,103900.6,128652.3,162289.2,148
5279.0,153846.0,33991.0,33717.0,43069.0,43069.0,67664.8,56670.0,14991.1,13760.0,0.0,94624.5,0.0,20470.0,96719.0,22453.9,120261.1,103891.5,128652.3,162289.2,148
5280.0,153846.0,33991.0,33717.0,43069.0,43069.0,67664.8,56670.0,14991.1,13760.0,0.0,94614.3,0.0,20480.9,96708.8,22463.9,120260.9,103877.5,128652.3,162279.1,148
5281.0,153846.0,33991.0,33717.0,43069.0,43069.0,67664.8,56670.0,14991.1,13760.0,0.0,94614.2,0.0,20491.5,96708.5,22478.3,120274.9,103863.2,128652.3,162278.9,148
5282.0,153846.0,33991.0,33717.0,43069.0,43069.0,67664.8,56670.0,14991.1,13760.0,0.0,94603.9,0.0,20502.6,96699.8,22491.2,120279.2,103850.2,128652.3,162268.6,148
5283.0,153846.0,33991.0,33717.0,43069.0,43069.0,67664.8,56670.0,14991.1,13760.0,0.0,94593.7,0.0,20512.3,96689.1,22498.6,120275.8,103846.9,128652.3,162258.5,148
5284.0,153846.0,33991.0,33717.0,43069.0,43069.0,67664.8,56670.0,14991.1,13760.0,0.0,94583.3,0.0,20523.7,96678.7,22508.0,120274.7,103833.6,128652.3,162248.0,148
5285.0,153846.0,33991.0,33717.0,43069.0,43069.0,67664.8,56670.0,14991.1,13760.0,0.0,94573.0,0.0,20534.3,96668.4,22519.1,120275.5,103822.4,128652.3,162237.8,148
5286.0,153846.0,33991.0,33717.0,43069.0,43069.0,67664.8,56670.0,14991.1,13760.0,0.0,94562.7,0.0,20545.2,96658.1,22528.3,120274.4,103817.3,128652.3,162227.5,148
5287.0,153846.0,33991.0,33717.0,43069.0,43069.0,67664.8,56670.0,14991.1,13760.0,0.0,94562.8,0.0,20555.4,96658.1,22537.4,120283.6,103808.1,128652.3,162227.5,148
5288.0,153846.0,33991.0,33717.0,43069.0,43069.0,67664.8,56670.0,14991.1,13760.0,0.0,94552.6,0.0,20567.3,96647.8,22559.9,120295.7,103785.7,128652.3,162217.4,148
5289.0,153846.0,33991.0,33717.0,43069.0,43069.0,67664.8,56670.0,14991.1,13760.0,0.0,94542.2,0.0,20575.2,96637.8,22567.2,120293.1,103774.3,128652.3,162206.9,148
5290.0,153846.0,33991.0,33717.0,43069.0,43069.0,67664.8,56670.0,14991.1,13760.0,0.0,94531.9,0.0,20586.4,96627.2,22575.9,120291.1,103769.7,128652.3,162196.7,148
5291.0,153846.0,33991.0,33717.0,43069.0,43069.0,67664.8,56670.0,14991.1,13760.0,0.0,94521.8,0.0,20597.5,96617.0,22588.0,120293.0,103753.6,128652.3,162186.5,148
5292.0,153846.0,33991.0,33717.0,43069.0,43069.0,67664.8,56670.0,14991.1,13760.0,0.0,94521.8,0.0,20607.0,96617.0,22595.5,120300.5,103746.1,128652.3,162186.5,148
5293.0,153846.0,33991.0,33717.0,43069.0,43069.0,67664.8,56670.0,14991.1,13760.0,0.0,94511.5,0.0,20617.7,96606.7,22603.1,120297.8,103742.5,128652.3,162176.2,148
5294.0,153846.0,33991.0,33717.0,43069.0,43069.0,67664.8,56670.0,14991.1,13760.0,0.0,94501.4,0.0,20628.6,96596.6,22613.5,120298.0,103732.2,128652.3,162166.1,148
5295.0,153846.0,33991.0,33717.0,43069.0,43069.0,67664.8,56670.0,14991.1,13760.0,0.0,94491.0,0.0,20639.8,96586.2,22625.1,120299.3,103720.5,128652.3,162155.7,148
5296.0,153846.0,33991.0,33717.0,43069.0,43069.0,67664.8,56670.0,14991.1,13760.0,0.0,94480.7,0.0,20650.1,96575.9,22635.8,120299.6,103709.9,128652.3,162145.5,148
5297.0,153846.0,33991.0,33717.0,43069.0,43069.0,67664.8,56670.0,14991.1,13760.0,0.0,94470.6,0.0,20660.6,96565.8,22648.4,120302.0,103697.3,128652.3,162135.4,148
5298.0,153846.0,33991.0,33717.0,43069.0,43069.0,67664.8,56670.0,14991.1,13760.0,0.0,94460.2,0.0,20669.6,96556.2,22656.0,120300.1,103689.7,128652.3,162125.0,148
5299.0,153846.0,33991.0,33717.0,43069.0,43069.0,67664.8,56670.0,14991.1,13760.0,0.0,94460.2,0.0,20681.7,96555.8,22662.8,120306.4,103682.9,128652.3,162125.0,148
5300.0,153846.0,33991.0,33717.0,43069.0,43069.0,67664.8,56670.0,14991.1,13760.0,0.0,94450.1,0.0,20692.3,96545.6,22673.0,120306.5,103672.7,128652.3,162114.9,148
5301.0,153846.0,33991.0,33717.0,43069.0,43069.0,67664.8,56670.0,14991.1,13760.0,0.0,94450.0,0.0,20702.9,96545.5,22622.7,120256.0,103723.1,128652.3,162114.7,148
5302.0,153846.0,33991.0,33717.0,43069.0,43069.0,67664.8,56670.0,14991.1,13760.0,0.0,94439.7,0.0,20713.3,96534.3,22650.1,120272.2,103691.7,128652.3,162104.5,148
5303.0,153846.0,33991.0,33717.0,43069.0,43069.0,67664.8,56670.0,14991.1,13760.0,0.0,94429.5,0.0,20722.6,96524.1,22665.3,120277.2,103680.5,128652.3,162094.2,148
5304.0,153846.0,33991.0,33717.0,43069.0,43069.0,67664.8,56670.0,14991.1,13760.0,0.0,94419.4,0.0,20732.2,96513.9,22679.3,120281.1,103662.5,128652.3,162084.1,148
5305.0,153846.0,33991.0,33717.0,43069.0,43069.0,67664.8,56670.0,14991.1,13760.0,0.0,94409.0,0.0,20743.6,96503.5,22690.4,120281.7,103651.4,128652.3,162073.7,148
5306.0,153846.0,33991.0,33717.0,43069.0,43069.0,67664.8,56670.0,14991.1,13760.0,0.0,94398.8,0.0,20753.4,96493.2,22703.0,120284.0,103642.8,128652.3,162063.5,148
5307.0,153846.0,33991.0,33717.0,43069.0,43069.0,67664.8,56670.0,14991.1,13760.0,0.0,94398.8,0.0,20764.5,96493.2,22712.1,120293.1,103633.8,128652.3,162063.5,148
5308.0,153846.0,33991.0,33717.0,43069.0,43069.0,67664.8,56670.0,14991.1,13760.0,0.0,94388.6,0.0,20775.3,96483.1,22723.1,120294.0,103622.7,128652.3,162053.4,148
5309.0,153846.0,33991.0,33717.0,43069.0,43069.0,67664.8,56670.0,14991.1,13760.0,0.0,94368.0,0.0,20784.6,96462.3,22736.7,120286.8,103609.2,128652.3,162032.8,148
5310.0,153846.0,33991.0,33717.0,43069.0,43069.0,67664.8,56670.0,14991.1,13760.0,0.0,94368.1,0.0,20794.7,96462.5,22747.4,120297.5,103598.5,128652.3,162032.9,148
5311.0,153846.0,33991.0,33717.0,43069.0,43069.0,67664.8,56670.0,14991.1,13760.0,0.0,94358.0,0.0,20805.0,96452.3,22758.8,120298.8,103583.1,128652.3,162022.8,148
5312.1,153846.0,33991.0,33717.0,43069.0,43069.0,67664.8,56670.0,14991.1,13760.0,0.0,94347.7,0.0,20815.3,96442.6,22780.1,120310.4,103553.8,128652.3,162012.5,148
5313.1,153846.0,33991.0,33717.0,43069.0,43069.0,67664.8,56670.0,14991.1,13760.0,0.0,94337.4,0.0,20825.9,96432.2,22790.4,120310.1,103551.6,128652.3,162002.2,148
5314.1,153846.0,33991.0,33717.0,43069.0,43069.0,67664.8,56670.0,14991.1,13760.0,0.0,94337.5,0.0,20837.1,96432.2,22799.7,120319.5,103542.2,128652.3,162002.2,148
5315.1,153846.0,33991.0,33717.0,43069.0,43069.0,67664.8,56670.0,14991.1,13760.0,0.0,94327.1,0.0,20847.6,96421.8,22808.0,120317.4,103534.0,128652.3,161991.9,148
5316.1,153846.0,33991.0,33717.0,43069.0,43069.0,67664.8,56670.0,14991.1,13760.0,0.0,94316.9,0.0,20857.6,96411.5,22819.6,120318.8,103522.4,128652.3,161981.6,148
5317.1,153846.0,33991.0,33717.0,43069.0,43069.0,67664.8,56670.0,14991.1,13760.0,0.0,94306.6,0.0,20868.5,96401.0,22834.5,120323.1,103507.5,128652.3,161971.4,148
5318.1,153846.0,33991.0,33717.0,43069.0,43069.0,67664.8,56670.0,14991.1,13760.0,0.0,94318.9,0.0,20815.2,96413.3,22782.6,120283.3,103563.6,128652.3,161983.7,148
5319.1,153846.0,33991.0,33717.0,43069.0,43069.0,67664.8,56670.0,14991.1,13760.0,0.0,94319.4,0.0,20825.0,96413.8,22788.2,120289.4,103557.9,128652.3,161984.2,148
5320.1,153846.0,33991.0,33717.0,43069.0,43069.0,67664.8,56670.0,14991.1,13760.0,0.0,94319.4,0.0,20834.0,96413.8,22797.8,120299.0,103548.4,128652.3,161984.2,148
5321.1,153846.0,33991.0,33717.0,43069.0,43069.0,67664.8,56670.0,14991.1,13760.0,0.0,94319.4,0.0,20845.3,96413.8,22807.1,120308.3,103539.1,128652.3,161984.2,148
5322.1,153846.0,33991.0,33717.0,43069.0,43069.0,67664.8,56670.0,14991.1,13760.0,0.0,94319.4,0.0,20856.4,96413.8,22818.0,120319.3,103528.1,128652.3,161984.2,148
5323.1,153846.0,33991.0,33717.0,43069.0,43069.0,67664.8,56670.0,14991.1,13760.0,0.0,94319.4,0.0,20867.8,96413.8,22830.4,120331.7,103515.7,128652.3,161984.2,148
5324.1,153846.0,33991.0,33717.0,43069.0,43069.0,67664.8,56670.0,14991.1,13760.0,0.0,94309.2,0.0,20879.3,96403.5,22841.3,120332.2,103504.9,128652.3,161974.0,148
5325.1,153846.0,33991.0,33717.0,43069.0,43069.0,67664.8,56670.0,14991.1,13760.0,0.0,94298.7,0.0,20889.7,96393.0,22859.0,120339.4,103483.2,128652.3,161963.4,148
5326.1,153846.0,33991.0,33717.0,43069.0,43069.0,67664.8,56670.0,14991.1,13760.0,0.0,94288.4,0.0,20901.2,96382.7,22862.2,120332.2,103480.0,128652.3,161953.1,148
5327.1,153846.0,33991.0,33717.0,43069.0,43069.0,67664.8,56670.0,14991.1,13760.0,0.0,94288.4,0.0,20911.7,96382.7,22871.7,120341.8,103470.5,128652.3,161953.1,148
5328.1,153846.0,33991.0,33717.0,43069.0,43069.0,67664.8,56670.0,14991.1,13760.0,0.0,94278.2,0.0,20923.4,96372.5,22884.1,120344.0,103458.1,128652.3,161943.0,148
5329.1,153846.0,33991.0,33717.0,43069.0,43069.0,67664.8,56670.0,14991.1,13760.0,0.0,94267.9,0.0,20935.1,96362.2,22897.1,120346.6,103445.1,128652.3,161932.6,148
5330.1,153846.0,33991.0,33717.0,43069.0,43069.0,67664.8,56670.0,14991.1,13760.0,0.0,94257.7,0.0,20946.2,96352.0,22908.0,120347.4,103434.3,128652.3,161922.5,148
5331.1,153846.0,33991.0,33717.0,43069.0,43069.0,67664.8,56670.0,14991.1,13760.0,0.0,94247.5,0.0,20956.8,96341.8,22914.0,120343.2,103428.2,128652.3,161912.3,148
5332.1,153846.0,33991.0,33717.0,43069.0,43069.0,67664.8,56670.0,14991.1,13760.0,0.0,94237.3,0.0,20967.1,96331.6,22921.3,120340.2,103425.0,128652.3,161902.1,148
5333.1,153846.0,33991.0,33717.0,43069.0,43069.0,67664.8,56670.0,14991.1,13760.0,0.0,94227.2,0.0,20978.6,96321.4,22933.4,120342.2,103412.9,128652.3,161891.9,148
5334.1,153846.0,33991.0,33717.0,43069.0,43069.0,67664.8,56670.0,14991.1,13760.0,0.0,94227.2,0.0,20990.7,96321.4,22945.4,120354.1,103400.9,128652.3,161891.9,148
5335.1,153846.0,33991.0,33717.0,43069.0,43069.0,67664.8,56670.0,14991.1,13760.0,0.0,94217.0,0.0,21001.4,96311.2,22955.5,120354.0,103386.8,128652.3,161881.7,148
5336.1,153846.0,33991.0,33717.0,43069.0,43069.0,67664.8,56670.0,14991.1,13760.0,0.0,94206.8,0.0,21012.5,96301.0,22969.1,120357.3,103377.3,128652.3,161871.5,148
5337.1,153846.0,33991.0,33717.0,43069.0,43069.0,67664.8,56670.0,14991.1,13760.0,0.0,94196.6,0.0,21023.2,96290.1,22985.7,120363.0,103360.7,128652.3,161861.3,148
5338.1,153846.0,33991.0,33717.0,43069.0,43069.0,67664.8,56670.0,14991.1,13760.0,0.0,94186.4,0.0,21034.6,96279.9,22992.9,120360.0,103353.4,128652.3,161851.1,148
5339.1,153846.0,33991.0,33717.0,43069.0,43069.0,67664.8,56670.0,14991.1,13760.0,0.0,94186.4,0.0,21045.5,96279.9,23005.6,120372.7,103340.7,128652.3,161851.1,148
5340.1,153846.0,33991.0,33717.0,43069.0,43069.0,67664.8,56670.0,14991.1,13760.0,0.0,94176.2,0.0,21056.4,96269.7,23016.4,120373.3,103325.9,128652.3,161840.9,148
5341.1,153846.0,33991.0,33717.0,43069.0,43069.0,67664.8,56670.0,14991.1,13760.0,0.0,94166.0,0.0,21066.2,96259.5,23029.6,120376.3,103312.8,128652.3,161830.7,148
5342.1,153846.0,33991.0,33717.0,43069.0,43069.0,67664.8,56670.0,14991.1,13760.0,0.0,94155.8,0.0,21077.7,96249.2,23037.0,120373.4,103305.4,128652.3,161820.5,148
5343.1,153846.0,33991.0,33717.0,43069.0,43069.0,67664.8,56670.0,14991.1,13760.0,0.0,94145.6,0.0,21088.8,96239.0,23044.8,120371.0,103301.7,128652.3,161810.3,148
5344.2,153846.0,33991.0,33717.0,43069.0,43069.0,67664.8,56670.0,14991.1,13760.0,0.0,94145.6,0.0,21100.2,96238.8,23060.6,120386.6,103285.8,128652.3,161810.4,148
5345.2,153846.0,33991.0,33717.0,43069.0,43069.0,67664.8,56670.0,14991.1,13760.0,0.0,94135.4,0.0,21111.8,96229.0,23072.8,120389.0,103269.6,128652.3,161800.2,148
5346.2,153846.0,33991.0,33717.0,43069.0,43069.0,67664.8,56670.0,14991.1,13760.0,0.0,94125.3,0.0,21123.9,96218.9,23085.8,120391.9,103256.7,128652.3,161790.1,148
5347.2,153846.0,33991.0,33717.0,43069.0,43069.0,67664.8,56670.0,14991.1,13760.0,0.0,94115.2,0.0,21135.2,96208.8,23095.9,120391.8,103246.6,128652.3,161779.9,148
5348.2,153846.0,33991.0,33717.0,43069.0,43069.0,67664.8,56670.0,14991.1,13760.0,0.0,94105.0,0.0,21146.7,96198.6,23107.6,120393.3,103226.9,128652.3,161769.7,148
5349.2,153846.0,33991.0,33717.0,43069.0,43069.0,67664.8,56670.0,14991.1,13760.0,0.0,94094.5,0.0,21157.5,96188.0,23117.2,120392.3,103229.4,128652.3,161759.2,148
5350.2,153846.0,33991.0,33717.0,43069.0,43069.0,67664.8,56670.0,14991.1,13760.0,0.0,94084.2,0.0,21168.0,96177.7,23129.9,120394.7,103216.6,128652.3,161749.0,148
5351.2,153846.0,33991.0,33717.0,43069.0,43069.0,67664.8,56670.0,14991.1,13760.0,0.0,94087.9,0.0,21151.7,96181.4,23120.7,120389.3,103225.7,128652.3,161752.7,148
5352.2,153846.0,33991.0,33717.0,43069.0,43069.0,67664.8,56670.0,14991.1,13760.0,0.0,94087.9,0.0,21163.2,96181.4,23130.2,120398.8,103216.2,128652.3,161752.7,148
5353.2,153846.0,33991.0,33717.0,43069.0,43069.0,67664.8,56670.0,14991.1,13760.0,0.0,94078.0,0.0,21172.9,96171.5,23137.4,120396.1,103205.0,128652.3,161742.8,148
5354.2,153846.0,33991.0,33717.0,43069.0,43069.0,67664.7,56670.0,14991.1,13760.0,0.0,94067.3,0.0,21185.2,96160.7,23150.2,120398.0,103196.3,128652.3,161732.0,148
5355.2,153846.0,33991.0,33717.0,43069.0,43069.0,67664.7,56670.0,14991.1,13760.0,0.0,94057.0,0.0,21196.2,96150.4,23161.8,120399.4,103184.6,128652.3,161721.7,148
5356.2,153846.0,33991.0,33717.0,43069.0,43069.0,67664.7,56670.0,14991.1,13760.0,0.0,94114.8,0.0,20959.7,96207.4,22879.1,120173.2,103467.8,128652.3,161779.5,148
5357.2,153846.0,33991.0,33717.0,43069.0,43069.0,67664.7,56670.0,14991.1,13760.0,0.0,94114.8,0.0,20971.4,96207.0,22887.5,120181.2,103459.4,128652.3,161779.5,148
5358.2,153846.0,33991.0,33717.0,43069.0,43069.0,67664.7,56670.0,14991.1,13760.0,0.0,94114.8,0.0,20982.0,96207.0,22901.4,120195.2,103445.4,128652.3,161779.5,148
5359.2,153846.0,33991.0,33717.0,43069.0,43069.0,67664.7,56670.0,14991.1,13760.0,0.0,94114.8,0.0,20994.0,96207.1,22919.4,120213.1,103427.5,128652.3,161779.5,148
5360.2,153846.0,33991.0,33717.0,43069.0,43069.0,67664.7,56670.0,14991.1,13760.0,0.0,94114.8,0.0,21004.2,96207.0,22932.7,120226.4,103414.2,128652.3,161779.5,148
5361.2,153846.0,33991.0,33717.0,43069.0,43069.0,67664.7,56670.0,14991.1,13760.0,0.0,94114.8,0.0,21012.3,96207.7,22944.3,120238.8,103402.6,128652.3,161779.5,148
5362.2,153846.0,33991.0,33717.0,43069.0,43069.0,67664.8,56670.0,14991.1,13760.0,0.0,94114.8,0.0,21023.7,96207.7,22958.0,120252.5,103388.8,128652.3,161779.6,148
5363.2,153846.0,33991.0,33717.0,43069.0,43069.0,67663.8,56669.0,14990.1,13759.0,0.0,94114.8,0.0,21033.1,96208.2,22980.3,120275.3,103366.6,128652.3,161778.6,148
5364.2,153846.0,33991.0,33717.0,43069.0,43069.0,67663.8,56669.0,14990.1,13759.0,0.0,94114.8,0.0,21044.8,96207.8,22993.6,120288.2,103353.3,128652.3,161778.7,148
5365.2,153846.0,33991.0,33717.0,43069.0,43069.0,67663.8,56669.0,14990.1,13759.0,0.0,94178.8,0.0,20992.0,96271.9,22941.5,120300.1,103405.4,128652.3,161842.6,148
5366.2,153846.0,33991.0,33717.0,43069.0,43069.0,67663.8,56669.0,14990.1,13759.0,0.0,94214.3,0.0,20968.4,96307.4,22916.6,120310.8,103430.2,128652.3,161878.1,148
5367.2,153846.0,33991.0,33717.0,43069.0,43069.0,67663.8,56669.0,14990.1,13759.0,0.0,94214.8,0.0,20977.6,96308.0,22927.4,120322.1,103419.5,128652.3,161878.6,148
5368.2,153846.0,33991.0,33717.0,43069.0,43069.0,67663.8,56669.0,14990.1,13759.0,0.0,94214.8,0.0,20988.9,96308.1,22937.1,120331.9,103409.8,128652.3,161878.6,148
5369.2,153846.0,33991.0,33717.0,43069.0,43069.0,67663.8,56669.0,14990.1,13759.0,0.0,94214.8,0.0,20999.4,96308.0,22947.7,120342.4,103399.2,128652.3,161878.6,148
5370.2,153846.0,33991.0,33717.0,43069.0,43069.0,67663.8,56669.0,14990.1,13759.0,0.0,94214.8,0.0,21011.1,96308.0,22959.3,120354.1,103387.5,128652.3,161878.6,148
5371.2,153846.0,33991.0,33717.0,43069.0,43069.0,67663.8,56669.0,14990.1,13759.0,0.0,94214.8,0.0,21019.7,96308.1,22968.0,120362.8,103378.9,128652.3,161878.7,148
5372.2,153846.0,33991.0,33717.0,43069.0,43069.0,67663.8,56669.0,14990.1,13759.0,0.0,94214.8,0.0,21030.5,96308.1,22978.9,120373.7,103368.0,128652.3,161878.7,148
5373.2,153846.0,33991.0,33717.0,43069.0,43069.0,67663.8,56669.0,14990.1,13759.0,0.0,94214.8,0.0,21041.9,96308.1,22989.7,120384.5,103357.1,128652.3,161878.7,148
5374.2,153846.0,33991.0,33717.0,43069.0,43069.0,67663.8,56669.0,14990.1,13759.0,0.0,94214.8,0.0,21052.1,96308.1,23001.4,120396.2,103345.5,128652.3,161878.7,148
5375.2,153846.0,33991.0,33717.0,43069.0,43069.0,67663.8,56669.0,14990.1,13759.0,0.0,94214.9,0.0,21062.1,96307.9,23022.6,120417.3,103324.2,128652.3,161878.7,148
5376.2,153846.0,33991.0,33717.0,43069.0,43069.0,67663.8,56669.0,14990.1,13759.0,0.0,94214.9,0.0,21073.7,96306.9,23035.6,120429.2,103311.3,128652.3,161878.7,148
5377.2,153846.0,33991.0,33717.0,43069.0,43069.0,67663.8,56669.0,14990.1,13759.0,0.0,94214.9,0.0,21085.8,96306.9,23047.4,120441.0,103299.4,128652.3,161878.7,148
5378.2,153846.0,33991.0,33717.0,43069.0,43069.0,67663.8,56669.0,14990.1,13759.0,0.0,94204.9,0.0,21093.7,96296.9,23054.1,120437.8,103288.7,128652.3,161868.8,148
5379.2,153846.0,33991.0,33717.0,43069.0,43069.0,67663.8,56669.0,14990.1,13759.0,0.0,94204.7,0.0,21104.9,96296.6,23064.2,120447.6,103278.6,128652.3,161868.5,148
5380.2,153846.0,33991.0,33717.0,43069.0,43069.0,67663.8,56669.0,14990.1,13759.0,0.0,94194.1,0.0,21114.3,96286.1,23072.4,120445.3,103262.4,128652.3,161857.9,148
5381.2,153846.0,33991.0,33717.0,43069.0,43069.0,67663.8,56669.0,14990.1,13759.0,0.0,94183.6,0.0,21125.7,96275.6,23085.1,120447.4,103261.8,128652.3,161847.4,148
5382.2,153846.0,33991.0,33717.0,43069.0,43069.0,67663.8,56669.0,14990.1,13759.0,0.0,94183.6,0.0,21133.3,96275.6,23095.5,120457.8,103251.4,128652.3,161847.4,148
5383.2,153846.0,33991.0,33717.0,43069.0,43069.0,67663.8,56669.0,14990.1,13759.0,0.0,94173.4,0.0,21145.1,96265.3,23107.9,120459.9,103235.1,128652.3,161837.2,148
5384.2,153846.0,33991.0,33717.0,43069.0,43069.0,67663.8,56669.0,14990.1,13759.0,0.0,94163.1,0.0,21153.8,96254.0,23117.2,120457.9,103225.7,128652.3,161826.9,148
5385.2,153846.0,33991.0,33717.0,43069.0,43069.0,67663.8,56669.0,14990.1,13759.0,0.0,94152.9,0.0,21166.0,96243.1,23128.4,120458.1,103214.6,128652.3,161816.7,148
5386.2,153846.0,33991.0,33717.0,43069.0,43069.0,67663.8,56669.0,14990.1,13759.0,0.0,94142.7,0.0,21178.7,96234.6,23136.0,120457.2,103211.0,128652.3,161806.5,148
5387.2,153846.0,33991.0,33717.0,43069.0,43069.0,67663.8,56669.0,14990.1,13759.0,0.0,94132.3,0.0,21189.0,96224.2,23144.6,120455.4,103202.4,128652.3,161796.1,148
5388.2,153846.0,33991.0,33717.0,43069.0,43069.0,67663.8,56669.0,14990.0,13759.0,0.0,94121.9,0.0,21200.6,96213.8,23153.9,120454.2,103193.2,128652.3,161785.6,148
5389.2,153846.0,33991.0,33717.0,43069.0,43069.0,67663.8,56669.0,14990.0,13759.0,0.0,94143.7,0.0,21169.2,96235.1,23121.0,120442.6,103226.1,128652.3,161807.4,148
5390.2,153846.0,33991.0,33717.0,43069.0,43069.0,67663.8,56669.0,14990.0,13759.0,0.0,94143.7,0.0,21182.2,96235.1,23130.4,120452.0,103216.7,128652.3,161807.5,148
5391.2,153846.0,33991.0,33717.0,43069.0,43069.0,67663.8,56669.0,14990.0,13759.0,0.0,94143.7,0.0,21191.1,96235.3,23145.2,120467.0,103201.9,128652.3,161807.5,148
5392.2,153846.0,33991.0,33717.0,43069.0,43069.0,67663.8,56669.0,14990.0,13759.0,0.0,94133.6,0.0,21199.7,96225.2,23150.3,120462.0,103192.8,128652.3,161797.4,148
5393.2,153846.0,33991.0,33717.0,43069.0,43069.0,67663.8,56669.0,14990.1,13759.0,0.0,94123.5,0.0,21209.2,96215.1,23165.7,120467.3,103177.4,128652.3,161787.3,148
5394.2,153846.0,33991.0,33717.0,43069.0,43069.0,67663.8,56669.0,14990.1,13759.0,0.0,94113.4,0.0,21219.6,96203.4,23180.2,120470.0,103162.9,128652.3,161777.2,148
5395.2,153846.0,33991.0,33717.0,43069.0,43069.0,67663.8,56669.0,14990.1,13759.0,0.0,94103.3,0.0,21231.0,96193.2,23189.4,120469.1,103153.7,128652.3,161767.1,148
5396.2,153846.0,33991.0,33717.0,43069.0,43069.0,67663.8,56669.0,14990.1,13759.0,0.0,94093.3,0.0,21241.7,96184.9,23205.4,120476.7,103137.8,128652.3,161757.0,148
5397.2,153846.0,33991.0,33717.0,43069.0,43069.0,67663.8,56669.0,14990.1,13759.0,0.0,94083.2,0.0,21253.0,96174.8,23214.7,120475.9,103132.5,128652.3,161746.9,148
5398.2,153846.0,33991.0,33717.0,43069.0,43069.0,67663.8,56669.0,14990.1,13759.0,0.0,94073.1,0.0,21263.8,96164.7,23227.2,120478.3,103120.0,128652.3,161736.9,148
5399.2,153846.0,33991.0,33717.0,43069.0,43069.0,67663.8,56669.0,14990.1,13759.0,0.0,94073.1,0.0,21276.5,96164.7,23237.1,120488.2,103110.1,128652.3,161736.9,148
5400.2,153846.0,33991.0,33717.0,43069.0,43069.0,67663.8,56669.0,14990.1,13759.0,0.0,94063.0,0.0,21288.7,96154.4,23248.5,120489.2,103082.7,128652.3,161726.8,148
5401.2,153846.0,33991.0,33717.0,43069.0,43069.0,67663.8,56669.0,14990.1,13759.0,0.0,94052.8,0.0,21299.4,96144.4,23261.6,120492.4,103085.7,128652.3,161716.5,148
5402.2,153846.0,33991.0,33717.0,43069.0,43069.0,67663.8,56669.0,14990.1,13759.0,0.0,94052.8,0.0,21311.6,96144.4,23266.3,120497.0,103081.0,128652.3,161716.5,148
5403.2,153846.0,33991.0,33717.0,43069.0,43069.0,67663.8,56669.0,14990.1,13759.0,0.0,94042.6,0.0,21323.0,96134.3,23280.3,120500.8,103063.0,128652.3,161706.3,148
5404.2,153846.0,33991.0,33717.0,43069.0,43069.0,67663.8,56669.0,14990.1,13759.0,0.0,94060.6,0.0,21184.9,96150.6,23142.2,120379.0,103205.2,128652.3,161724.4,148
5405.2,153846.0,33991.0,33717.0,43069.0,43069.0,67663.8,56669.0,14990.1,13759.0,0.0,94060.6,0.0,21194.6,96150.6,23152.7,120389.4,103194.8,128652.3,161724.3,148
5406.2,153846.0,33991.0,33717.0,43069.0,43069.0,67663.8,56669.0,14990.1,13759.0,0.0,94060.6,0.0,21206.8,96152.3,23164.0,120402.4,103183.5,128652.3,161724.3,148
5407.2,153846.0,33991.0,33717.0,43069.0,43069.0,67663.8,56669.0,14990.1,13759.0,0.0,94060.6,0.0,21220.0,96152.3,23175.3,120413.7,103172.2,128652.3,161724.4,148
5408.2,153846.0,33991.0,33717.0,43069.0,43069.0,67663.8,56669.0,14990.1,13759.0,0.0,94060.6,0.0,21229.9,96152.3,23185.5,120423.9,103162.0,128652.3,161724.4,148
5409.2,153846.0,33991.0,33717.0,43069.0,43069.0,67663.8,56669.0,14990.1,13759.0,0.0,94169.4,0.0,21058.3,96260.1,23015.4,120361.5,103332.2,128652.3,161833.2,148
5410.2,153846.0,33991.0,33717.0,43069.0,43069.0,67663.8,56669.0,14990.1,13759.0,0.0,94425.6,0.0,20430.9,96517.5,22383.9,119986.6,103964.5,128652.3,162089.4,148
5411.2,153846.0,33991.0,33717.0,43069.0,43069.0,67663.8,56669.0,14990.1,13759.0,0.0,94425.5,0.0,20441.2,96518.5,22359.4,119963.1,103989.0,128652.3,162089.3,148
5412.2,153846.0,33991.0,33717.0,43069.0,43069.0,67663.8,56669.0,14990.1,13759.0,0.0,94426.0,0.0,20453.7,96519.0,22376.3,119980.5,103972.1,128652.3,162089.8,148
