t_s,P0_use,P0_used_tok,P0_running,P0_cap_tok,P0_pressure,P0_hit,P1_use,P1_used_tok,P1_running,P1_cap_tok,P1_pressure,P1_hit,D0_use,D0_used_tok,D0_running,D0_cap_tok,D0_pressure,D0_hit,D1_use,D1_used_tok,D1_running,D1_cap_tok,D1_pressure,D1_hit
# roles: P0:P P1:P D0:D D1:D
# metric: P0:cache_occupancy P1:cache_occupancy D0:unreachable D1:unreachable
0.00,0.0001,0,0,60000,0.0000,0.0000,0.0001,0,0,60000,0.0000,0.0000,,,,,,,,,,,,
0.50,0.0683,4096,0,60000,0.0683,0.0000,0.0689,4121,0,60000,0.0687,0.0000,,,,,,,,,,,,
1.00,0.0683,4096,0,60000,0.0683,0.0000,0.1372,8217,0,60000,0.1369,0.0099,,,,,,,,,,,,
1.50,0.0683,4096,0,60000,0.0683,0.0000,0.1372,8217,0,60000,0.1369,0.0099,,,,,,,,,,,,
2.00,0.1366,8192,0,60000,0.1365,0.0099,0.1372,8217,0,60000,0.1369,0.0099,,,,,,,,,,,,
2.50,0.2732,16384,0,60000,0.2731,0.0099,0.2737,16409,0,60000,0.2735,0.0099,,,,,,,,,,,,
3.00,0.3414,20480,0,60000,0.3413,0.0000,0.3420,20505,0,60000,0.3417,0.0000,,,,,,,,,,,,
3.50,0.3414,20480,0,60000,0.3413,0.0000,0.3420,20505,0,60000,0.3417,0.0000,,,,,,,,,,,,
4.00,0.4097,16112,0,60000,0.2685,0.0099,0.4103,16148,0,60000,0.2691,0.0099,,,,,,,,,,,,
4.50,0.4779,20208,0,60000,0.3368,0.0000,0.4785,20244,0,60000,0.3374,0.0000,,,,,,,,,,,,
5.00,0.4779,20208,0,60000,0.3368,0.0000,0.4785,20244,0,60000,0.3374,0.0000,,,,,,,,,,,,
# metric: P0:cache_occupancy P1:cache_occupancy D0:unreachable D1:cache_occupancy
5.50,0.5462,15843,0,60000,0.2641,0.0099,0.5468,15901,0,60000,0.2650,0.0099,,,,,,,0.3140,67951,1,216374,0.3140,0.0000
6.00,0.5462,15843,0,60000,0.2641,0.0099,0.6151,19997,0,60000,0.3333,0.0000,,,,,,,0.3140,67951,1,216374,0.3140,0.0000
6.50,0.6145,19939,0,60000,0.3323,0.0000,0.6151,19997,0,60000,0.3333,0.0000,,,,,,,0.3140,67951,1,216374,0.3140,0.0000
7.00,0.6145,19939,0,60000,0.3323,0.0000,0.6834,15657,0,60000,0.2610,0.0099,,,,,,,0.3140,67951,1,216374,0.3140,0.0000
7.50,0.6827,15592,0,60000,0.2599,0.0099,0.6834,15657,0,60000,0.2610,0.0099,,,,,,,0.3140,67951,1,216374,0.3140,0.0000
8.00,0.7510,19688,0,60000,0.3281,0.0000,0.7516,19753,0,60000,0.3292,0.0000,,,,,,,0.3140,67951,1,216374,0.3140,0.0000
8.50,0.7510,19688,0,60000,0.3281,0.0000,0.8199,15399,0,60000,0.2566,0.0099,,,,,,,0.3140,67951,1,216374,0.3140,0.0000
9.00,0.8193,15321,0,60000,0.2554,0.0099,0.8199,15399,0,60000,0.2566,0.0099,,,,,,,0.2358,51022,1,216374,0.2358,0.0000
9.50,0.8875,19417,0,60000,0.3236,0.0000,0.8199,15399,0,60000,0.2566,0.0099,,,,,,,0.2358,51022,1,216374,0.2358,0.0000
10.00,0.8875,19417,0,60000,0.3236,0.0000,0.8881,27959,0,60000,0.4660,0.0000,,,,,,,0.2358,51022,1,216374,0.2358,0.0000
10.50,0.9558,15070,0,60000,0.2512,0.0099,0.9257,30195,0,60000,0.5032,0.8018,,,,,,,0.2358,51022,1,216374,0.2358,0.0000
11.00,0.9505,19166,0,60000,0.3194,0.0000,0.9881,42389,0,60000,0.7065,0.9960,,,,,,,0.2358,51022,1,216374,0.2358,0.0000
11.50,0.9415,23262,0,60000,0.3877,0.0099,0.9881,42389,0,60000,0.7065,0.9960,,,,,,,0.2362,51097,1,216374,0.2362,0.0000
12.00,0.9415,23262,0,60000,0.3877,0.0099,0.9881,42389,0,60000,0.7065,0.9960,,,,,,,0.2362,51097,1,216374,0.2362,0.0000
# metric: P0:cache_occupancy P1:cache_occupancy D0:cache_occupancy D1:cache_occupancy
12.50,0.9415,23262,0,60000,0.3877,0.0099,0.9881,42389,0,60000,0.7065,0.9960,0.2360,51060,1,216374,0.2360,0.0000,0.2362,51097,1,216374,0.2362,0.0000
13.00,0.9372,27362,0,60000,0.4560,0.0000,0.9881,42389,0,60000,0.7065,0.9960,0.2360,51060,1,216374,0.2360,0.0000,0.2362,51097,1,216374,0.2362,0.0000
13.50,0.9173,31302,0,60000,0.5217,0.8047,0.9881,42389,0,60000,0.7065,0.9960,0.2360,51060,1,216374,0.2360,0.0000,0.2362,51097,1,216374,0.2362,0.0000
14.00,0.9173,31302,0,60000,0.5217,0.8047,0.9881,42389,0,60000,0.7065,0.9960,0.2360,51060,1,216374,0.2360,0.0000,0.2362,51097,1,216374,0.2362,0.0000
14.50,0.9811,43841,0,60000,0.7307,0.0000,0.9887,8518,0,60000,0.1420,0.9960,0.2360,51060,1,216374,0.2360,0.0000,0.1970,42636,1,216374,0.1970,0.0000
15.00,0.9811,43841,0,60000,0.7307,0.0000,0.9887,8518,0,60000,0.1420,0.9960,0.2360,51060,1,216374,0.2360,0.0000,0.1970,42636,1,216374,0.1970,0.0000
15.50,0.9400,47965,0,60000,0.7994,0.8061,0.9887,8518,0,60000,0.1420,0.9960,0.2363,51132,1,216374,0.2363,0.0000,0.1970,42636,1,216374,0.1970,0.0000
16.00,0.9047,52061,0,60000,0.8677,0.0000,0.9765,4139,0,60000,0.0690,0.0000,0.2363,51132,1,216374,0.2363,0.0000,0.1970,42636,1,216374,0.1970,0.0000
16.50,0.9047,52061,0,60000,0.8677,0.0000,0.9636,8235,0,60000,0.1373,0.0000,0.2363,51132,1,216374,0.2363,0.0000,0.1970,42636,1,216374,0.1970,0.0000
17.00,0.9730,47695,0,60000,0.7949,0.0099,0.9685,17013,0,60000,0.2836,0.9958,0.2363,51132,1,216374,0.2363,0.0000,0.1970,42636,1,216374,0.1970,0.0000
17.50,0.9644,43319,0,60000,0.7220,0.0000,0.9691,21145,0,60000,0.3524,0.0000,0.1971,42646,1,216374,0.1971,0.0000,0.1970,42636,1,216374,0.1970,0.0000
18.00,0.9644,47415,0,60000,0.7903,0.0099,0.9691,21145,0,60000,0.3524,0.0000,0.1971,42646,1,216374,0.1971,0.0000,0.1970,42636,1,216374,0.1970,0.0000
18.50,0.9644,47415,0,60000,0.7903,0.0099,0.9556,16752,0,60000,0.2792,0.0000,0.1971,42646,1,216374,0.1971,0.0000,0.1970,42636,1,216374,0.1970,0.0000
19.00,0.8585,34568,0,60000,0.5761,0.0000,0.9603,17021,0,60000,0.2837,0.9958,0.1971,42646,1,216374,0.1971,0.0000,0.1970,42636,1,216374,0.1970,0.0000
19.50,0.9268,38664,0,60000,0.6444,0.0099,0.9603,17021,0,60000,0.2837,0.9958,0.2368,51245,1,216374,0.2368,0.0000,0.1970,42636,1,216374,0.1970,0.0000
20.00,0.9949,42724,0,60000,0.7121,0.0000,0.9603,17021,0,60000,0.2837,0.9958,0.2368,51245,1,216374,0.2368,0.0000,0.1973,42698,1,216374,0.1973,0.0000
20.50,0.9220,38343,0,60000,0.6391,0.6749,0.9608,4137,0,60000,0.0689,0.0000,0.2368,51245,1,216374,0.2368,0.0000,0.1973,42698,1,216374,0.1973,0.0000
21.00,0.9220,38343,0,60000,0.6391,0.6749,0.9557,16722,0,60000,0.2787,0.9604,0.2368,51245,1,216374,0.2368,0.0000,0.1973,42698,1,216374,0.1973,0.0000
21.50,0.9902,42439,0,60000,0.7073,0.0099,0.9616,17074,0,60000,0.2846,0.0099,0.2368,51245,1,216374,0.2368,0.0000,0.1973,42698,1,216374,0.1973,0.0000
22.00,0.9902,42439,0,60000,0.7073,0.0099,0.9198,21170,0,60000,0.3528,0.0000,0.1976,42761,1,216374,0.1976,0.0000,0.1973,42698,1,216374,0.1973,0.0000
22.50,0.9166,42689,0,60000,0.7115,0.0000,0.9880,25266,0,60000,0.4211,0.0099,0.1976,42761,1,216374,0.1976,0.0000,0.1973,42698,1,216374,0.1973,0.0000
23.00,0.9849,50608,0,60000,0.8435,0.9734,0.9880,25266,0,60000,0.4211,0.0099,0.1976,42761,1,216374,0.1976,0.0000,0.1973,42698,1,216374,0.1973,0.0000
23.50,0.9849,50608,0,60000,0.8435,0.9734,0.9704,12329,0,60000,0.2055,0.0000,0.1976,42761,1,216374,0.1976,0.0000,0.1977,42780,1,216374,0.1977,0.0000
24.00,0.9926,42597,0,60000,0.7099,0.0099,0.9557,33413,0,60000,0.5569,0.8069,0.1976,42761,1,216374,0.1976,0.0000,0.1977,42780,1,216374,0.1977,0.0000
24.50,0.8803,43482,0,60000,0.7247,0.0000,0.9557,37509,0,60000,0.6251,0.0000,0.1976,42761,1,216374,0.1976,0.0000,0.1983,42905,1,216374,0.1983,0.0000
25.00,0.9486,47578,0,60000,0.7930,0.5919,0.9557,37509,0,60000,0.6251,0.0000,0.1976,42761,1,216374,0.1976,0.0000,0.1983,42905,1,216374,0.1983,0.0000
25.50,0.9486,47578,0,60000,0.7930,0.5919,0.9773,41607,0,60000,0.6935,0.8927,0.1976,42761,1,216374,0.1976,0.0000,0.1983,42905,1,216374,0.1983,0.0000
26.00,0.9318,55911,0,60000,0.9318,0.5508,0.9773,41607,0,60000,0.6935,0.8927,0.1976,42761,1,216374,0.1976,0.0000,0.1983,42905,1,216374,0.1983,0.0000
26.50,0.9950,59702,0,60000,0.9950,0.9958,0.9773,41607,0,60000,0.6935,0.8927,0.1977,42771,1,216374,0.1977,0.0000,0.1983,42905,1,216374,0.1983,0.0000
27.00,0.9950,59702,0,60000,0.9950,0.9958,0.9889,29683,0,60000,0.4947,0.0000,0.1977,42771,1,216374,0.1977,0.0000,0.1983,42905,1,216374,0.1983,0.0000
27.50,0.9890,46783,0,60000,0.7797,0.0000,0.9889,29683,0,60000,0.4947,0.0000,0.1977,42771,1,216374,0.1977,0.0000,0.1983,42905,1,216374,0.1983,0.0000
28.00,0.9695,42383,0,60000,0.7064,0.0099,0.9889,33779,0,60000,0.5630,0.0099,0.1977,42771,1,216374,0.1977,0.0000,0.1983,42905,1,216374,0.1983,0.0000
28.50,0.9163,46479,0,60000,0.7746,0.0000,0.9837,20842,0,60000,0.3474,0.0000,0.2371,51298,1,216374,0.2371,0.0000,0.1984,42934,1,216374,0.1984,0.0000
29.00,0.9163,46479,0,60000,0.7746,0.0000,0.9837,24938,0,60000,0.4156,0.0099,0.2371,51298,1,216374,0.2371,0.0000,0.1984,42934,1,216374,0.1984,0.0000
29.50,0.9845,50575,0,60000,0.8429,0.0099,0.9096,37543,0,60000,0.6257,0.0000,0.2371,51298,1,216374,0.2371,0.0000,0.1984,42934,1,216374,0.1984,0.0000
30.00,0.9442,54671,0,60000,0.9112,0.0000,0.9096,37543,0,60000,0.6257,0.0000,0.2371,51298,1,216374,0.2371,0.0000,0.1984,42934,1,216374,0.1984,0.0000
30.50,0.9442,54671,0,60000,0.9112,0.0000,0.9779,33126,0,60000,0.5521,0.6772,0.2764,59805,1,216374,0.2764,0.0000,0.1984,42934,1,216374,0.1984,0.0000
31.00,0.9787,58723,0,60000,0.9787,0.9366,0.9779,33126,0,60000,0.5521,0.6772,0.2764,59805,1,216374,0.2764,0.0000,0.1984,42934,1,216374,0.1984,0.0000
31.50,0.9787,58723,0,60000,0.9787,0.9366,0.9727,28765,0,60000,0.4794,0.0000,0.2764,59805,1,216374,0.2764,0.0000,0.1986,42966,1,216374,0.1986,0.0000
32.00,0.9435,55444,0,60000,0.9241,0.0000,0.9727,28765,0,60000,0.4794,0.0000,0.2764,59805,1,216374,0.2764,0.0000,0.1986,42966,1,216374,0.1986,0.0000
32.50,0.9923,59540,0,60000,0.9923,0.0000,0.9727,24349,0,60000,0.4058,0.0101,0.2372,51315,1,216374,0.2372,0.0000,0.1986,42966,1,216374,0.1986,0.0000
33.00,0.9923,59540,0,60000,0.9923,0.0000,0.9727,24349,0,60000,0.4058,0.0101,0.2372,51315,1,216374,0.2372,0.0000,0.1986,42966,1,216374,0.1986,0.0000
33.50,0.9981,51347,0,60000,0.8558,0.0099,0.9670,28445,0,60000,0.4741,0.0000,0.2372,51315,1,216374,0.2372,0.0000,0.1986,42966,1,216374,0.1986,0.0000
34.00,0.9336,46884,0,60000,0.7814,0.0000,0.9670,24065,0,60000,0.4011,0.6773,0.2372,51315,1,216374,0.2372,0.0000,0.1986,42966,1,216374,0.1986,0.0000
34.50,0.9168,50980,0,60000,0.8497,0.6773,0.9670,24065,0,60000,0.4011,0.6773,0.2762,59773,1,216374,0.2762,0.0000,0.1986,42966,1,216374,0.1986,0.0000
35.01,0.9850,55076,0,60000,0.9179,0.0000,0.9768,29015,0,60000,0.4836,0.0000,0.2762,59773,1,216374,0.2762,0.0000,0.1986,42966,1,216374,0.1986,0.0000
35.51,0.9850,55076,0,60000,0.9179,0.0000,0.9768,29015,0,60000,0.4836,0.0000,0.2762,59773,1,216374,0.2762,0.0000,0.1986,42966,1,216374,0.1986,0.0000
36.01,0.9862,50612,0,60000,0.8435,0.0101,0.9671,24658,0,60000,0.4110,0.1793,0.2762,59773,1,216374,0.2762,0.0000,0.1986,42966,1,216374,0.1986,0.0000
36.51,0.9862,50612,0,60000,0.8435,0.0101,0.9671,28754,0,60000,0.4792,0.0000,0.3157,68303,1,216374,0.3157,0.0000,0.1986,42966,1,216374,0.1986,0.0000
37.01,0.9796,54682,0,60000,0.9114,0.0000,0.9671,28754,0,60000,0.4792,0.0000,0.3157,68303,1,216374,0.3157,0.0000,0.2773,59992,2,216374,0.2773,0.0000
37.51,0.9796,54682,0,60000,0.9114,0.0000,0.9575,15770,0,60000,0.2628,0.0099,0.3157,68303,1,216374,0.3157,0.0000,0.2773,59992,2,216374,0.2773,0.0000
38.01,0.9796,50212,0,60000,0.8369,0.6773,0.9575,19866,0,60000,0.3311,0.0000,0.3157,68303,1,216374,0.3157,0.0000,0.2773,59992,2,216374,0.2773,0.0000
38.51,0.9615,45740,0,60000,0.7623,0.0000,0.9575,19866,0,60000,0.3311,0.0000,0.3157,68303,1,216374,0.3157,0.0000,0.2773,59992,2,216374,0.2773,0.0000
39.01,0.9615,45740,0,60000,0.7623,0.0000,0.9562,15527,0,60000,0.2588,0.0099,0.3157,68303,1,216374,0.3157,0.0000,0.2773,59992,2,216374,0.2773,0.0000
39.51,0.9533,41397,0,60000,0.6899,0.0099,0.9562,19623,0,60000,0.3271,0.0000,0.3157,68303,1,216374,0.3157,0.0000,0.1974,42707,1,216374,0.1974,0.0000
40.01,0.9533,36945,0,60000,0.6158,0.0000,0.9562,19623,0,60000,0.3271,0.0000,0.3157,68303,1,216374,0.3157,0.0000,0.1974,42707,1,216374,0.1974,0.0000
40.51,0.9533,36945,0,60000,0.6158,0.0000,0.9425,15150,0,60000,0.2525,0.0099,0.3156,68297,1,216374,0.3156,0.0000,0.1974,42707,1,216374,0.1974,0.0000
41.01,0.8948,41041,0,60000,0.6840,0.0099,0.9425,15150,0,60000,0.2525,0.0099,0.3156,68297,1,216374,0.3156,0.0000,0.1974,42707,1,216374,0.1974,0.0000
41.51,0.8948,41041,0,60000,0.6840,0.0099,0.9425,19246,0,60000,0.3208,0.0000,0.3156,68297,1,216374,0.3156,0.0000,0.1974,42707,1,216374,0.1974,0.0000
42.01,0.9630,36645,0,60000,0.6108,0.0000,0.9425,19246,0,60000,0.3208,0.0000,0.3156,68297,1,216374,0.3156,0.0000,0.1974,42707,1,216374,0.1974,0.0000
42.51,0.9032,40741,0,60000,0.6790,0.0099,0.9325,14788,0,60000,0.2465,0.0099,0.3156,68297,1,216374,0.3156,0.0000,0.1974,42707,1,216374,0.1974,0.0000
43.01,0.9032,40741,0,60000,0.6790,0.0099,0.9325,18884,0,60000,0.3147,0.0000,0.3156,68297,1,216374,0.3156,0.0000,0.1963,42467,1,216374,0.1963,0.0000
43.51,0.9715,36361,0,60000,0.6060,0.0000,0.9325,18884,0,60000,0.3147,0.0000,0.3156,68297,1,216374,0.3156,0.0000,0.1963,42467,1,216374,0.1963,0.0000
44.01,0.9474,31910,0,60000,0.5318,0.0101,0.8658,14514,0,60000,0.2419,0.0099,0.3156,68289,1,216374,0.3156,0.0000,0.1963,42467,1,216374,0.1963,0.0000
44.51,0.9474,31910,0,60000,0.5318,0.0101,0.9204,27049,0,60000,0.4508,0.0000,0.3156,68289,1,216374,0.3156,0.0000,0.1963,42467,1,216374,0.1963,0.0000
45.01,0.7423,36081,0,60000,0.6014,0.0000,0.9204,27049,0,60000,0.4508,0.0000,0.3156,68289,1,216374,0.3156,0.0000,0.1963,42467,1,216374,0.1963,0.0000
45.51,0.7423,36081,0,60000,0.6014,0.0000,0.9874,31170,0,60000,0.5195,0.8063,0.3156,68289,1,216374,0.3156,0.0000,0.1963,42467,1,216374,0.1963,0.0000
46.01,0.8106,31730,0,60000,0.5288,0.6777,0.9601,35266,0,60000,0.5878,0.0000,0.3156,68289,1,216374,0.3156,0.0000,0.1963,42467,1,216374,0.1963,0.0000
46.51,0.8785,44261,0,60000,0.7377,0.0000,0.9601,35266,0,60000,0.5878,0.0000,0.2369,51265,1,216374,0.2369,0.0000,0.2360,51063,1,216374,0.2360,0.0000
47.01,0.8785,44261,0,60000,0.7377,0.0000,0.9383,30910,0,60000,0.5152,0.0101,0.2369,51265,1,216374,0.2369,0.0000,0.2360,51063,1,216374,0.2360,0.0000
47.51,0.8785,44261,0,60000,0.7377,0.0000,0.9064,35006,0,60000,0.5834,0.0000,0.2369,51265,1,216374,0.2369,0.0000,0.2360,51063,1,216374,0.2360,0.0000
48.01,0.9467,31430,0,60000,0.5238,0.6753,0.9064,35006,0,60000,0.5834,0.0000,0.2369,51265,1,216374,0.2369,0.0000,0.2360,51063,1,216374,0.2360,0.0000
48.51,0.9273,43992,0,60000,0.7332,0.0000,0.9747,30623,0,60000,0.5104,0.0000,0.2371,51297,1,216374,0.2371,0.0000,0.2360,51063,1,216374,0.2360,0.0000
49.01,0.9273,43992,0,60000,0.7332,0.0000,0.9747,30623,0,60000,0.5104,0.0000,0.2371,51297,1,216374,0.2371,0.0000,0.2360,51063,1,216374,0.2360,0.0000
49.51,0.9628,55636,0,60000,0.9273,0.8662,0.9747,30623,0,60000,0.5104,0.0000,0.2371,51297,1,216374,0.2371,0.0000,0.2360,51063,1,216374,0.2360,0.0000
50.01,0.9907,50990,0,60000,0.8498,0.0099,0.9747,30623,0,60000,0.5104,0.0000,0.2371,51297,1,216374,0.2371,0.0000,0.2360,51063,1,216374,0.2360,0.0000
50.51,0.9907,50990,0,60000,0.8498,0.0099,0.9747,30623,0,60000,0.5104,0.0000,0.2371,51297,1,216374,0.2371,0.0000,0.1969,42612,1,216374,0.1969,0.0000
51.01,0.9161,54968,0,60000,0.9161,0.0000,0.9747,30623,0,60000,0.5104,0.0000,0.2366,51185,1,216374,0.2366,0.0000,0.1969,42612,1,216374,0.1969,0.0000
51.51,0.9844,59064,0,60000,0.9844,0.9627,0.9747,30623,0,60000,0.5104,0.0000,0.2366,51185,1,216374,0.2366,0.0000,0.1969,42612,1,216374,0.1969,0.0000
52.01,0.9173,55035,0,60000,0.9173,0.0000,0.9747,30623,0,60000,0.5104,0.0000,0.2366,51185,1,216374,0.2366,0.0000,0.1969,42612,1,216374,0.1969,0.0000
52.51,0.9173,55035,0,60000,0.9173,0.0000,0.9543,8514,0,60000,0.1419,0.9958,0.2366,51185,1,216374,0.2366,0.0000,0.1969,42612,1,216374,0.1969,0.0000
53.01,0.9855,50630,0,60000,0.8438,0.0099,0.9543,8514,0,60000,0.1419,0.9958,0.2366,51185,1,216374,0.2366,0.0000,0.1969,42612,1,216374,0.1969,0.0000
53.51,0.9121,54726,0,60000,0.9121,0.0000,0.9543,8514,0,60000,0.1419,0.9958,0.2366,51185,1,216374,0.2366,0.0000,0.1969,42612,1,216374,0.1969,0.0000
54.01,0.9804,58822,0,60000,0.9804,0.0000,0.9543,8514,0,60000,0.1419,0.9958,0.1575,34074,1,216374,0.1575,0.0000,0.2765,59823,1,216374,0.2765,0.0000
54.51,0.9804,58822,0,60000,0.9804,0.0000,0.9548,8569,0,60000,0.1428,0.9959,0.1575,34074,1,216374,0.1575,0.0000,0.2765,59823,1,216374,0.2765,0.0000
55.01,0.9441,46634,0,60000,0.7772,0.0000,0.9548,8569,0,60000,0.1428,0.9959,0.1575,34074,1,216374,0.1575,0.0000,0.2765,59823,1,216374,0.2765,0.0000
55.51,0.9441,46634,0,60000,0.7772,0.0000,0.9554,4137,0,60000,0.0689,0.0000,0.1575,34074,1,216374,0.1575,0.0000,0.2765,59823,1,216374,0.2765,0.0000
56.01,0.8988,42230,0,60000,0.7038,0.0101,0.8737,16700,0,60000,0.2783,0.9612,0.1575,34074,1,216374,0.1575,0.0000,0.2765,59823,1,216374,0.2765,0.0000
56.51,0.8988,42230,0,60000,0.7038,0.0101,0.8737,16700,0,60000,0.2783,0.9612,0.1575,34074,1,216374,0.1575,0.0000,0.2765,59823,1,216374,0.2765,0.0000
57.01,0.9134,46315,0,60000,0.7719,0.0000,0.8737,16700,0,60000,0.2783,0.9612,0.1575,34074,1,216374,0.1575,0.0000,0.2765,59823,1,216374,0.2765,0.0000
57.51,0.9385,52215,0,60000,0.8702,0.7167,0.8737,16700,0,60000,0.2783,0.9612,0.1575,34074,1,216374,0.1575,0.0000,0.2373,51339,1,216374,0.2373,0.0000
58.01,0.9385,52215,0,60000,0.8702,0.7167,0.8737,16700,0,60000,0.2783,0.9612,0.2762,59755,1,216374,0.2762,0.0000,0.2373,51339,1,216374,0.2373,0.0000
58.51,0.9385,39314,0,60000,0.6552,0.0099,0.8794,0,0,60000,0.0000,0.0000,0.2762,59755,1,216374,0.2762,0.0000,0.2373,51339,1,216374,0.2373,0.0000
59.01,0.9331,43410,0,60000,0.7235,0.0000,0.8725,8494,0,60000,0.1416,0.9918,0.2762,59755,1,216374,0.2762,0.0000,0.2373,51339,1,216374,0.2373,0.0000
59.51,0.9331,47506,0,60000,0.7918,0.0099,0.8725,8494,0,60000,0.1416,0.9918,0.2762,59755,1,216374,0.2762,0.0000,0.2373,51339,1,216374,0.2373,0.0000
60.01,0.9331,47506,0,60000,0.7918,0.0099,0.8725,8494,0,60000,0.1416,0.9918,0.2762,59755,1,216374,0.2762,0.0000,0.2373,51339,1,216374,0.2373,0.0000
60.51,0.8999,43089,0,60000,0.7181,0.0000,0.8725,8494,0,60000,0.1416,0.9918,0.2762,59755,1,216374,0.2762,0.0000,0.2375,51382,1,216374,0.2375,0.0000
61.01,0.8999,43089,0,60000,0.7181,0.0000,0.8725,8494,0,60000,0.1416,0.9918,0.2762,59755,1,216374,0.2762,0.0000,0.2375,51382,1,216374,0.2375,0.0000
61.51,0.8999,43089,0,60000,0.7181,0.0000,0.8725,8494,0,60000,0.1416,0.9918,0.2762,59755,1,216374,0.2762,0.0000,0.2375,51382,1,216374,0.2375,0.0000
62.01,0.9681,30215,0,60000,0.5036,0.0101,0.8725,8494,0,60000,0.1416,0.9918,0.2762,59755,1,216374,0.2762,0.0000,0.2375,51382,1,216374,0.2375,0.0000
62.51,0.9574,25765,0,60000,0.4294,0.0000,0.8725,8494,0,60000,0.1416,0.9918,0.2762,59755,1,216374,0.2762,0.0000,0.2375,51382,1,216374,0.2375,0.0000
63.01,0.9574,25765,0,60000,0.4294,0.0000,0.8725,8494,0,60000,0.1416,0.9918,0.2770,59933,1,216374,0.2770,0.0000,0.2375,51382,1,216374,0.2375,0.0000
63.51,0.8902,29861,0,60000,0.4977,0.0000,0.8725,8494,0,60000,0.1416,0.9918,0.2770,59933,1,216374,0.2770,0.0000,0.2375,51382,1,216374,0.2375,0.0000
64.01,0.9585,25430,0,60000,0.4238,0.0099,0.8725,8494,0,60000,0.1416,0.9918,0.2770,59933,1,216374,0.2770,0.0000,0.2771,59965,1,216374,0.2771,0.0000
64.51,0.9585,25430,0,60000,0.4238,0.0099,0.8725,8494,0,60000,0.1416,0.9918,0.2770,59933,1,216374,0.2770,0.0000,0.2771,59965,1,216374,0.2771,0.0000
65.01,0.8445,21042,0,60000,0.3507,0.0000,0.8725,8494,0,60000,0.1416,0.9918,0.2770,59933,1,216374,0.2770,0.0000,0.2771,59965,1,216374,0.2771,0.0000
65.51,0.8445,21042,0,60000,0.3507,0.0000,0.8725,8494,0,60000,0.1416,0.9918,0.2770,59933,1,216374,0.2770,0.0000,0.2771,59965,1,216374,0.2771,0.0000
66.01,0.9128,16649,0,60000,0.2775,0.0099,0.8725,8494,0,60000,0.1416,0.9918,0.2770,59933,1,216374,0.2770,0.0000,0.2771,59965,1,216374,0.2771,0.0000
66.51,0.9810,20745,0,60000,0.3458,0.0000,0.8725,8494,0,60000,0.1416,0.9918,0.2770,59933,1,216374,0.2770,0.0000,0.2771,59965,1,216374,0.2771,0.0000
67.01,0.9810,20745,0,60000,0.3458,0.0000,0.8737,41,0,60000,0.0007,0.0099,0.2770,59933,1,216374,0.2770,0.0000,0.2771,59965,1,216374,0.2771,0.0000
67.51,0.9380,16297,0,60000,0.2716,0.0099,0.9419,4137,0,60000,0.0689,0.0000,0.2770,59933,1,216374,0.2770,0.0000,0.2771,59965,1,216374,0.2771,0.0000
68.01,0.9380,16297,0,60000,0.2716,0.0099,0.9317,8233,0,60000,0.1372,0.0000,0.2375,51387,1,216374,0.2375,0.0000,0.2771,59965,1,216374,0.2771,0.0000
68.51,0.9078,28908,0,60000,0.4818,0.0000,0.9317,8233,0,60000,0.1372,0.0000,0.2375,51387,1,216374,0.2375,0.0000,0.2771,59965,1,216374,0.2771,0.0000
69.01,0.9078,28908,0,60000,0.4818,0.0000,0.9317,8233,0,60000,0.1372,0.0000,0.2375,51387,1,216374,0.2375,0.0000,0.2771,59965,1,216374,0.2771,0.0000
69.51,0.9761,24487,0,60000,0.4081,0.6773,0.9317,8233,0,60000,0.1372,0.0000,0.2375,51387,1,216374,0.2375,0.0000,0.2771,59965,1,216374,0.2771,0.0000
70.01,0.9739,28583,0,60000,0.4764,0.0000,0.9317,8233,0,60000,0.1372,0.0000,0.2375,51387,1,216374,0.2375,0.0000,0.2771,59965,1,216374,0.2771,0.0000
70.51,0.9739,28583,0,60000,0.4764,0.0000,0.9317,8233,0,60000,0.1372,0.0000,0.2375,51387,1,216374,0.2375,0.0000,0.2771,59965,1,216374,0.2771,0.0000
71.01,0.9739,24199,0,60000,0.4033,0.0101,0.9317,8233,0,60000,0.1372,0.0000,0.2375,51387,1,216374,0.2375,0.0000,0.2771,59965,1,216374,0.2771,0.0000
71.51,0.9384,29959,0,60000,0.4993,0.0000,0.9317,8233,0,60000,0.1372,0.0000,0.2375,51387,1,216374,0.2375,0.0000,0.3965,85787,1,216374,0.3965,0.0000
72.01,0.9384,29959,0,60000,0.4993,0.0000,0.9372,8561,0,60000,0.1427,0.9959,0.2375,51387,1,216374,0.2375,0.0000,0.3965,85787,1,216374,0.3965,0.0000
72.51,0.9278,25519,0,60000,0.4253,0.2939,0.9372,8561,0,60000,0.1427,0.9959,0.2375,51387,1,216374,0.2375,0.0000,0.3965,85787,1,216374,0.3965,0.0000
73.01,0.9961,21065,0,60000,0.3511,0.0000,0.9372,8561,0,60000,0.1427,0.9959,0.2375,51387,1,216374,0.2375,0.0000,0.3965,85787,1,216374,0.3965,0.0000
73.51,0.9961,21065,0,60000,0.3511,0.0000,0.9377,4137,0,60000,0.0689,0.0000,0.2375,51387,1,216374,0.2375,0.0000,0.3965,85787,1,216374,0.3965,0.0000
74.01,0.9961,25161,0,60000,0.4194,0.0099,0.8480,8233,0,60000,0.1372,0.0099,0.2375,51387,1,216374,0.2375,0.0000,0.3965,85787,1,216374,0.3965,0.0000
74.51,0.9961,25161,0,60000,0.4194,0.0099,0.9162,12329,0,60000,0.2055,0.0000,0.2375,51387,1,216374,0.2375,0.0000,0.3569,77233,1,216374,0.3569,0.0000
75.01,0.9693,20739,0,60000,0.3457,0.0000,0.9845,16425,0,60000,0.2737,0.0099,0.2370,51271,1,216374,0.2370,0.0000,0.3569,77233,1,216374,0.3569,0.0000
75.51,0.9693,20739,0,60000,0.3457,0.0000,0.9845,16425,0,60000,0.2737,0.0099,0.2370,51271,1,216374,0.2370,0.0000,0.3569,77233,1,216374,0.3569,0.0000
76.01,0.9618,16263,0,60000,0.2711,0.0099,0.9101,20521,0,60000,0.3420,0.0000,0.2370,51271,1,216374,0.2370,0.0000,0.3569,77233,1,216374,0.3569,0.0000
76.51,0.8214,20359,0,60000,0.3393,0.0000,0.9783,16175,0,60000,0.2696,0.0000,0.2370,51271,1,216374,0.2370,0.0000,0.3569,77233,1,216374,0.3569,0.0000
77.01,0.8214,20359,0,60000,0.3393,0.0000,0.9783,16175,0,60000,0.2696,0.0000,0.1980,42850,1,216374,0.1980,0.0000,0.3569,77233,1,216374,0.3569,0.0000
77.51,0.8897,15956,0,60000,0.2659,0.0099,0.9911,16941,0,60000,0.2823,0.0099,0.1980,42850,1,216374,0.1980,0.0000,0.3569,77233,1,216374,0.3569,0.0000
78.01,0.9579,20052,0,60000,0.3342,0.0000,0.9535,12588,0,60000,0.2098,0.0000,0.1980,42850,1,216374,0.1980,0.0000,0.3569,77233,1,216374,0.3569,0.0000
78.51,0.9579,20052,0,60000,0.3342,0.0000,0.9125,16684,0,60000,0.2781,0.0000,0.1980,42850,1,216374,0.1980,0.0000,0.2774,60021,1,216374,0.2774,0.0000
79.01,0.9456,15599,0,60000,0.2600,0.0101,0.9125,16684,0,60000,0.2781,0.0000,0.1980,42850,1,216374,0.1980,0.0000,0.2774,60021,1,216374,0.2774,0.0000
79.51,0.9290,19695,0,60000,0.3282,0.0000,0.9185,17036,0,60000,0.2839,0.9960,0.1980,42850,1,216374,0.1980,0.0000,0.2774,60021,1,216374,0.2774,0.0000
80.01,0.9290,19695,0,60000,0.3282,0.0000,0.9185,17036,0,60000,0.2839,0.9960,0.1980,42850,1,216374,0.1980,0.0000,0.2774,60021,1,216374,0.2774,0.0000
80.51,0.9973,15233,0,60000,0.2539,0.0099,0.9185,17036,0,60000,0.2839,0.9960,0.1980,42850,1,216374,0.1980,0.0000,0.2774,60021,1,216374,0.2774,0.0000
81.01,0.9973,19329,0,60000,0.3221,0.0000,0.9873,4137,0,60000,0.0689,0.0000,0.1980,42850,1,216374,0.1980,0.0000,0.2774,60021,1,216374,0.2774,0.0000
81.51,0.9973,19329,0,60000,0.3221,0.0000,0.9873,8233,0,60000,0.1372,0.0099,0.1980,42850,1,216374,0.1980,0.0000,0.2774,60021,1,216374,0.2774,0.0000
82.01,0.9855,14945,0,60000,0.2491,0.0101,0.9873,8233,0,60000,0.1372,0.0099,0.1980,42850,1,216374,0.1980,0.0000,0.2774,60021,1,216374,0.2774,0.0000
82.51,0.9855,14945,0,60000,0.2491,0.0101,0.9454,12329,0,60000,0.2055,0.0000,0.1184,25627,1,216374,0.1184,0.0000,0.2774,60021,1,216374,0.2774,0.0000
83.01,0.9855,19041,0,60000,0.3174,0.0000,0.9075,24876,0,60000,0.4146,0.9278,0.1184,25627,1,216374,0.1184,0.0000,0.2774,60021,1,216374,0.2774,0.0000
83.51,0.9855,19041,0,60000,0.3174,0.0000,0.9075,24876,0,60000,0.4146,0.9278,0.1184,25627,1,216374,0.1184,0.0000,0.4355,94239,1,216374,0.4355,0.0000
84.01,0.9537,14579,0,60000,0.2430,0.0099,0.9185,25429,0,60000,0.4238,0.9958,0.1184,25627,1,216374,0.1184,0.0000,0.4355,94239,1,216374,0.4355,0.0000
84.51,0.9400,18675,0,60000,0.3113,0.0000,0.9874,29561,0,60000,0.4927,0.0000,0.1184,25627,1,216374,0.1184,0.0000,0.4355,94239,1,216374,0.4355,0.0000
85.01,0.9400,18675,0,60000,0.3113,0.0000,0.9874,33657,0,60000,0.5609,0.0099,0.1184,25627,1,216374,0.1184,0.0000,0.4355,94239,1,216374,0.4355,0.0000
85.51,0.9279,14190,0,60000,0.2365,0.0099,0.9874,33657,0,60000,0.5609,0.0099,0.1184,25627,1,216374,0.1184,0.0000,0.4355,94239,1,216374,0.4355,0.0000
86.01,0.9962,18286,0,60000,0.3048,0.0000,0.9789,20841,0,60000,0.3473,0.0000,0.1184,25627,1,216374,0.1184,0.0000,0.4341,93928,1,216374,0.4341,0.0000
86.51,0.9962,18286,0,60000,0.3048,0.0000,0.9771,24938,0,60000,0.4156,0.0101,0.1184,25627,1,216374,0.1184,0.0000,0.4341,93928,1,216374,0.4341,0.0000
87.01,0.9962,13820,0,60000,0.2303,0.0099,0.9771,20522,0,60000,0.3420,0.0000,0.1575,34082,1,216374,0.1575,0.0000,0.4341,93928,1,216374,0.4341,0.0000
87.51,0.9339,17916,0,60000,0.2986,0.0000,0.9771,20522,0,60000,0.3420,0.0000,0.1575,34082,1,216374,0.1575,0.0000,0.4341,93928,1,216374,0.4341,0.0000
88.01,0.9339,17916,0,60000,0.2986,0.0000,0.9771,16100,0,60000,0.2683,0.0000,0.1575,34082,1,216374,0.1575,0.0000,0.4341,93928,1,216374,0.4341,0.0000
88.51,0.9119,13551,0,60000,0.2258,0.0099,0.9771,16100,0,60000,0.2683,0.0000,0.1575,34082,1,216374,0.1575,0.0000,0.3158,68336,1,216374,0.3158,0.0000
89.01,0.9119,13551,0,60000,0.2258,0.0099,0.9771,16100,0,60000,0.2683,0.0000,0.1575,34082,1,216374,0.1575,0.0000,0.3158,68336,1,216374,0.3158,0.0000
89.51,0.9801,17647,0,60000,0.2941,0.0000,0.9771,16100,0,60000,0.2683,0.0000,0.1575,34082,1,216374,0.1575,0.0000,0.3158,68336,1,216374,0.3158,0.0000
90.01,0.9801,13218,0,60000,0.2203,0.0099,0.9771,16100,0,60000,0.2683,0.0000,0.1575,34082,1,216374,0.1575,0.0000,0.2371,51292,1,216374,0.2371,0.0000
90.51,0.9801,13218,0,60000,0.2203,0.0099,0.9771,16100,0,60000,0.2683,0.0000,0.1575,34082,1,216374,0.1575,0.0000,0.2371,51292,1,216374,0.2371,0.0000
91.01,0.9692,17314,0,60000,0.2886,0.0000,0.9771,16100,0,60000,0.2683,0.0000,0.1575,34082,1,216374,0.1575,0.0000,0.2371,51292,1,216374,0.2371,0.0000
91.51,0.9692,17314,0,60000,0.2886,0.0000,0.9771,16100,0,60000,0.2683,0.0000,0.1575,34082,1,216374,0.1575,0.0000,0.2371,51292,1,216374,0.2371,0.0000
92.01,0.9692,12858,0,60000,0.2143,0.0000,0.9771,16100,0,60000,0.2683,0.0000,0.1575,34082,1,216374,0.1575,0.0000,0.2371,51292,1,216374,0.2371,0.0000
92.51,0.9567,16954,0,60000,0.2826,0.0099,0.9771,16100,0,60000,0.2683,0.0000,0.1575,34082,1,216374,0.1575,0.0000,0.2371,51292,1,216374,0.2371,0.0000
93.01,0.9567,16954,0,60000,0.2826,0.0099,0.9911,8499,0,60000,0.1416,0.9960,0.1575,34082,1,216374,0.1575,0.0000,0.2371,51292,1,216374,0.2371,0.0000
93.51,0.9567,12533,0,60000,0.2089,0.0000,0.9911,8499,0,60000,0.1416,0.9960,0.1575,34082,1,216374,0.1575,0.0000,0.2371,51292,1,216374,0.2371,0.0000
94.01,0.9440,16629,0,60000,0.2772,0.0099,0.9911,8499,0,60000,0.1416,0.9960,0.1575,34082,1,216374,0.1575,0.0000,0.3161,68404,1,216374,0.3161,0.0000
94.51,0.8928,26814,0,60000,0.4469,0.0000,0.9911,8499,0,60000,0.1416,0.9960,0.1575,34082,1,216374,0.1575,0.0000,0.3161,68404,1,216374,0.3161,0.0000
95.01,0.8928,26814,0,60000,0.4469,0.0000,0.9911,8499,0,60000,0.1416,0.9960,0.1575,34082,1,216374,0.1575,0.0000,0.3161,68404,1,216374,0.3161,0.0000
95.51,0.9610,22339,0,60000,0.3723,0.6011,0.9911,8499,0,60000,0.1416,0.9960,0.1575,34082,1,216374,0.1575,0.0000,0.3161,68404,1,216374,0.3161,0.0000
96.01,0.9610,22339,0,60000,0.3723,0.6011,0.9911,8499,0,60000,0.1416,0.9960,0.1575,34082,1,216374,0.1575,0.0000,0.3161,68404,1,216374,0.3161,0.0000
96.51,0.9016,26435,0,60000,0.4406,0.0000,0.9911,8499,0,60000,0.1416,0.9960,0.1575,34082,1,216374,0.1575,0.0000,0.3161,68404,1,216374,0.3161,0.0000
97.01,0.9016,26435,0,60000,0.4406,0.0000,0.9911,8499,0,60000,0.1416,0.9960,0.1575,34082,1,216374,0.1575,0.0000,0.3161,68404,1,216374,0.3161,0.0000
97.51,0.9699,21996,0,60000,0.3666,0.0099,0.9911,8499,0,60000,0.1416,0.9960,0.1575,34082,1,216374,0.1575,0.0000,0.2765,59817,1,216374,0.2765,0.0000
98.01,0.8629,34518,0,60000,0.5753,0.0000,0.9911,8499,0,60000,0.1416,0.9960,0.1575,34082,1,216374,0.1575,0.0000,0.2765,59817,1,216374,0.2765,0.0000
98.51,0.8629,34518,0,60000,0.5753,0.0000,0.9911,8499,0,60000,0.1416,0.9960,0.1575,34082,1,216374,0.1575,0.0000,0.2765,59817,1,216374,0.2765,0.0000
99.01,0.9312,30178,0,60000,0.5030,0.6750,0.9911,8499,0,60000,0.1416,0.9960,0.1575,34082,1,216374,0.1575,0.0000,0.2765,59817,1,216374,0.2765,0.0000
99.51,0.9994,25791,0,60000,0.4299,0.0000,0.9911,8499,0,60000,0.1416,0.9960,0.1575,34082,1,216374,0.1575,0.0000,0.2765,59817,1,216374,0.2765,0.0000
100.01,0.9994,25791,0,60000,0.4299,0.0000,0.9911,8499,0,60000,0.1416,0.9960,0.1575,34082,1,216374,0.1575,0.0000,0.2765,59817,1,216374,0.2765,0.0000
100.51,0.9994,21451,0,60000,0.3575,0.0099,0.9911,8499,0,60000,0.1416,0.9960,0.1575,34082,1,216374,0.1575,0.0000,0.2765,59817,1,216374,0.2765,0.0000
101.01,0.9994,25547,0,60000,0.4258,0.0000,0.9852,4138,0,60000,0.0690,0.0000,0.3549,76796,1,216374,0.3549,0.0000,0.2765,59817,1,216374,0.2765,0.0000
101.51,0.9994,25547,0,60000,0.4258,0.0000,0.9852,8234,0,60000,0.1372,0.0000,0.3549,76796,1,216374,0.3549,0.0000,0.2765,59817,1,216374,0.2765,0.0000
102.01,0.9994,25547,0,60000,0.4258,0.0000,0.9852,8234,0,60000,0.1372,0.0000,0.3549,76796,1,216374,0.3549,0.0000,0.2765,59817,1,216374,0.2765,0.0000
102.51,0.9779,12739,0,60000,0.2123,0.0000,0.9852,8234,0,60000,0.1372,0.0000,0.3549,76796,1,216374,0.3549,0.0000,0.2765,59817,1,216374,0.2765,0.0000
103.01,0.9466,16835,0,60000,0.2806,0.0099,0.9852,8234,0,60000,0.1372,0.0000,0.2371,51304,1,216374,0.2371,0.0000,0.2765,59817,1,216374,0.2765,0.0000
103.51,0.9380,20931,0,60000,0.3488,0.0000,0.9852,8234,0,60000,0.1372,0.0000,0.2371,51304,1,216374,0.2371,0.0000,0.2765,59817,1,216374,0.2765,0.0000
104.01,0.9380,20931,0,60000,0.3488,0.0000,0.9852,8234,0,60000,0.1372,0.0000,0.2371,51304,1,216374,0.2371,0.0000,0.2765,59817,1,216374,0.2765,0.0000
104.51,0.8801,16559,0,60000,0.2760,0.0099,0.9852,8234,0,60000,0.1372,0.0000,0.2371,51304,1,216374,0.2371,0.0000,0.2765,59817,1,216374,0.2765,0.0000
105.01,0.9483,20655,0,60000,0.3443,0.0000,0.9852,8234,0,60000,0.1372,0.0000,0.2371,51304,1,216374,0.2371,0.0000,0.2765,59817,1,216374,0.2765,0.0000
105.52,0.9483,20655,0,60000,0.3443,0.0000,0.9898,8512,0,60000,0.1419,0.9975,0.2371,51304,1,216374,0.2371,0.0000,0.2765,59817,1,216374,0.2765,0.0000
106.02,0.8756,16230,0,60000,0.2705,0.0099,0.9898,8512,0,60000,0.1419,0.9975,0.2371,51304,1,216374,0.2371,0.0000,0.2765,59817,1,216374,0.2765,0.0000
106.52,0.9439,20326,0,60000,0.3388,0.0000,0.9797,4137,0,60000,0.0689,0.0000,0.2371,51306,1,216374,0.2371,0.0000,0.2765,59817,1,216374,0.2765,0.0000
107.02,0.9439,20326,0,60000,0.3388,0.0000,0.9664,8233,0,60000,0.1372,0.0099,0.2371,51306,1,216374,0.2371,0.0000,0.2765,59817,1,216374,0.2765,0.0000
107.52,0.9106,15875,0,60000,0.2646,0.0099,0.9664,8233,0,60000,0.1372,0.0099,0.2371,51306,1,216374,0.2371,0.0000,0.2765,59817,1,216374,0.2765,0.0000
108.02,0.9106,15875,0,60000,0.2646,0.0099,0.9131,12329,0,60000,0.2055,0.0000,0.2371,51306,1,216374,0.2371,0.0000,0.2764,59808,1,216374,0.2764,0.0000
108.52,0.9789,19971,0,60000,0.3328,0.0000,0.9814,16425,0,60000,0.2737,0.0000,0.2371,51306,1,216374,0.2371,0.0000,0.2764,59808,1,216374,0.2764,0.0000
109.02,0.9789,19971,0,60000,0.3328,0.0000,0.9814,16425,0,60000,0.2737,0.0000,0.2371,51306,1,216374,0.2371,0.0000,0.2764,59808,1,216374,0.2764,0.0000
109.52,0.9222,15514,0,60000,0.2586,0.0099,0.9814,16425,0,60000,0.2737,0.0000,0.2371,51306,1,216374,0.2371,0.0000,0.2764,59808,1,216374,0.2764,0.0000
110.02,0.9905,19610,0,60000,0.3268,0.0000,0.9814,16425,0,60000,0.2737,0.0000,0.2371,51306,1,216374,0.2371,0.0000,0.2764,59808,1,216374,0.2764,0.0000
110.52,0.9905,19610,0,60000,0.3268,0.0000,0.9814,16425,0,60000,0.2737,0.0000,0.2371,51306,1,216374,0.2371,0.0000,0.2764,59808,1,216374,0.2764,0.0000
111.02,0.9771,15211,0,60000,0.2535,0.0099,0.9814,16425,0,60000,0.2737,0.0000,0.2371,51306,1,216374,0.2371,0.0000,0.2764,59808,1,216374,0.2764,0.0000
111.52,0.9771,19307,0,60000,0.3218,0.0000,0.9814,16425,0,60000,0.2737,0.0000,0.2371,51306,1,216374,0.2371,0.0000,0.2764,59808,1,216374,0.2764,0.0000
112.02,0.9771,19307,0,60000,0.3218,0.0000,0.9910,8543,0,60000,0.1424,0.9958,0.2371,51306,1,216374,0.2371,0.0000,0.2764,59808,1,216374,0.2764,0.0000
112.52,0.9702,14937,0,60000,0.2490,0.0101,0.9910,8543,0,60000,0.1424,0.9958,0.2371,51306,1,216374,0.2371,0.0000,0.2764,59808,1,216374,0.2764,0.0000
113.02,0.9495,19033,0,60000,0.3172,0.0000,0.9862,4137,0,60000,0.0689,0.0000,0.2371,51306,1,216374,0.2371,0.0000,0.3160,68380,2,216374,0.3160,0.0000
113.52,0.9495,19033,0,60000,0.3172,0.0000,0.9862,8233,0,60000,0.1372,0.0000,0.2371,51306,1,216374,0.2371,0.0000,0.3160,68380,2,216374,0.3160,0.0000
114.02,0.9376,14651,0,60000,0.2442,0.0101,0.9862,8233,0,60000,0.1372,0.0000,0.2371,51306,1,216374,0.2371,0.0000,0.3160,68380,2,216374,0.3160,0.0000
114.52,0.9376,14651,0,60000,0.2442,0.0101,0.9865,12668,0,60000,0.2111,0.0000,0.2770,59932,1,216374,0.2770,0.0000,0.3160,68380,2,216374,0.3160,0.0000
115.02,0.9376,18747,0,60000,0.3125,0.0000,0.9865,16764,0,60000,0.2794,0.0000,0.2770,59932,1,216374,0.2770,0.0000,0.3160,68380,2,216374,0.3160,0.0000
115.52,0.9376,18747,0,60000,0.3125,0.0000,0.9865,16764,0,60000,0.2794,0.0000,0.2770,59932,1,216374,0.2770,0.0000,0.3160,68380,2,216374,0.3160,0.0000
116.02,0.8752,14376,0,60000,0.2396,0.0099,0.9916,17079,0,60000,0.2847,0.9959,0.2770,59932,1,216374,0.2770,0.0000,0.3160,68380,2,216374,0.3160,0.0000
116.52,0.9435,18472,0,60000,0.3079,0.0000,0.9916,17079,0,60000,0.2847,0.9959,0.2770,59932,1,216374,0.2770,0.0000,0.3160,68380,2,216374,0.3160,0.0000
117.02,0.9435,18472,0,60000,0.3079,0.0000,0.9916,17079,0,60000,0.2847,0.9959,0.2770,59932,1,216374,0.2770,0.0000,0.3158,68337,1,216374,0.3158,0.0000
117.52,0.9435,14016,0,60000,0.2336,0.0099,0.9916,17079,0,60000,0.2847,0.9959,0.2770,59932,1,216374,0.2770,0.0000,0.3158,68337,1,216374,0.3158,0.0000
118.02,0.9210,18112,0,60000,0.3019,0.0000,0.9825,4137,0,60000,0.0689,0.0000,0.2770,59932,1,216374,0.2770,0.0000,0.3158,68337,1,216374,0.3158,0.0000
118.52,0.9210,18112,0,60000,0.3019,0.0000,0.9733,16764,0,60000,0.2794,0.9613,0.2770,59933,1,216374,0.2770,0.0000,0.3158,68337,1,216374,0.3158,0.0000
119.02,0.9893,13680,0,60000,0.2280,0.0099,0.9733,16764,0,60000,0.2794,0.9613,0.2770,59933,1,216374,0.2770,0.0000,0.3158,68337,1,216374,0.3158,0.0000
119.52,0.9797,17776,0,60000,0.2963,0.0000,0.9733,16764,0,60000,0.2794,0.9613,0.2770,59933,1,216374,0.2770,0.0000,0.3158,68337,1,216374,0.3158,0.0000
120.02,0.9797,17776,0,60000,0.2963,0.0000,0.9733,16764,0,60000,0.2794,0.9613,0.2770,59933,1,216374,0.2770,0.0000,0.3158,68337,1,216374,0.3158,0.0000
120.52,0.9797,13302,0,60000,0.2217,0.0099,0.9733,16764,0,60000,0.2794,0.9613,0.2770,59933,1,216374,0.2770,0.0000,0.3158,68337,1,216374,0.3158,0.0000
121.02,0.9455,17398,0,60000,0.2900,0.0000,0.9733,16764,0,60000,0.2794,0.9613,0.2770,59933,1,216374,0.2770,0.0000,0.3151,68179,1,216374,0.3151,0.0000
121.52,0.9455,17398,0,60000,0.2900,0.0000,0.9733,16764,0,60000,0.2794,0.9613,0.2770,59933,1,216374,0.2770,0.0000,0.3151,68179,1,216374,0.3151,0.0000
122.02,0.9455,17398,0,60000,0.2900,0.0000,0.9733,16764,0,60000,0.2794,0.9613,0.2770,59933,1,216374,0.2770,0.0000,0.3151,68179,1,216374,0.3151,0.0000
122.52,0.9349,12976,0,60000,0.2163,0.0101,0.9733,16764,0,60000,0.2794,0.9613,0.2770,59933,1,216374,0.2770,0.0000,0.3151,68179,1,216374,0.3151,0.0000
123.02,0.9349,17072,0,60000,0.2845,0.0000,0.9733,16764,0,60000,0.2794,0.9613,0.2770,59933,1,216374,0.2770,0.0000,0.3151,68179,1,216374,0.3151,0.0000
123.52,0.9349,17072,0,60000,0.2845,0.0000,0.9733,16764,0,60000,0.2794,0.9613,0.2770,59933,1,216374,0.2770,0.0000,0.3151,68179,1,216374,0.3151,0.0000
124.02,0.8712,12698,0,60000,0.2116,0.0000,0.9733,16764,0,60000,0.2794,0.9613,0.2770,59933,1,216374,0.2770,0.0000,0.3151,68179,1,216374,0.3151,0.0000
124.52,0.9395,16794,0,60000,0.2799,0.0099,0.9791,4137,0,60000,0.0689,0.0000,0.2770,59933,1,216374,0.2770,0.0000,0.2760,59720,1,216374,0.2760,0.0000
125.02,0.9395,16794,0,60000,0.2799,0.0099,0.9155,8233,0,60000,0.1372,0.0000,0.2770,59933,1,216374,0.2770,0.0000,0.2760,59720,1,216374,0.2760,0.0000
125.52,0.9123,12413,0,60000,0.2069,0.0000,0.9155,8233,0,60000,0.1372,0.0000,0.2770,59933,1,216374,0.2770,0.0000,0.2760,59720,1,216374,0.2760,0.0000
126.02,0.9805,16509,0,60000,0.2752,0.0099,0.9898,12691,0,60000,0.2115,0.0000,0.2770,59933,1,216374,0.2770,0.0000,0.2760,59720,1,216374,0.2760,0.0000
126.52,0.9805,16509,0,60000,0.2752,0.0099,0.9898,12691,0,60000,0.2115,0.0000,0.3162,68425,1,216374,0.3162,0.0000,0.2760,59720,1,216374,0.2760,0.0000
127.02,0.9257,29096,0,60000,0.4849,0.0000,0.9898,8233,0,60000,0.1372,0.0099,0.3162,68425,1,216374,0.3162,0.0000,0.2760,59720,1,216374,0.2760,0.0000
127.52,0.9275,28522,0,60000,0.4754,0.7517,0.9802,12329,0,60000,0.2055,0.0000,0.3162,68425,1,216374,0.3162,0.0000,0.2760,59720,1,216374,0.2760,0.0000
128.02,0.9275,28522,0,60000,0.4754,0.7517,0.9119,16425,0,60000,0.2737,0.0099,0.3162,68425,1,216374,0.3162,0.0000,0.2760,59720,1,216374,0.2760,0.0000
128.52,0.9958,32618,0,60000,0.5436,0.0099,0.9119,16425,0,60000,0.2737,0.0099,0.2763,59784,1,216374,0.2763,0.0000,0.2760,59720,1,216374,0.2760,0.0000
129.02,0.9958,32618,0,60000,0.5436,0.0099,0.9802,20521,0,60000,0.3420,0.0000,0.2763,59784,1,216374,0.2763,0.0000,0.2760,59720,1,216374,0.2760,0.0000
129.52,0.9738,28158,0,60000,0.4693,0.0000,0.9802,16111,0,60000,0.2685,0.0099,0.2763,59784,1,216374,0.2763,0.0000,0.2760,59720,1,216374,0.2760,0.0000
130.02,0.9738,32254,0,60000,0.5376,0.0099,0.9802,16111,0,60000,0.2685,0.0099,0.2763,59784,1,216374,0.2763,0.0000,0.2760,59720,1,216374,0.2760,0.0000
130.52,0.9738,32254,0,60000,0.5376,0.0099,0.9738,20207,0,60000,0.3368,0.0000,0.2763,59784,1,216374,0.2763,0.0000,0.2760,59720,1,216374,0.2760,0.0000
131.02,0.9644,27878,0,60000,0.4646,0.0000,0.9738,20207,0,60000,0.3368,0.0000,0.2763,59784,1,216374,0.2763,0.0000,0.2760,59720,1,216374,0.2760,0.0000
131.52,0.9644,23447,0,60000,0.3908,0.0099,0.9738,15852,0,60000,0.2642,0.0000,0.2763,59784,1,216374,0.2763,0.0000,0.1973,42691,1,216374,0.1973,0.0000
132.02,0.9644,23447,0,60000,0.3908,0.0099,0.9931,17007,0,60000,0.2834,0.0101,0.2763,59784,1,216374,0.2763,0.0000,0.1973,42691,1,216374,0.1973,0.0000
132.52,0.9486,19051,0,60000,0.3175,0.0000,0.9879,12591,0,60000,0.2099,0.0000,0.2763,59784,1,216374,0.2763,0.0000,0.1973,42691,1,216374,0.1973,0.0000
133.02,0.9378,23147,0,60000,0.3858,0.0099,0.9879,16687,0,60000,0.2781,0.0000,0.2763,59784,1,216374,0.2763,0.0000,0.1973,42691,1,216374,0.1973,0.0000
133.52,0.9378,23147,0,60000,0.3858,0.0099,0.9879,16687,0,60000,0.2781,0.0000,0.1978,42789,1,216374,0.1978,0.0000,0.1973,42691,1,216374,0.1973,0.0000
134.02,0.9378,18728,0,60000,0.3121,0.0000,0.9879,16687,0,60000,0.2781,0.0000,0.1978,42789,1,216374,0.1978,0.0000,0.1973,42691,1,216374,0.1973,0.0000
134.52,0.9378,18728,0,60000,0.3121,0.0000,0.9879,16687,0,60000,0.2781,0.0000,0.1978,42789,1,216374,0.1978,0.0000,0.1973,42691,1,216374,0.1973,0.0000
135.02,0.9341,14366,0,60000,0.2394,0.0099,0.9860,4137,0,60000,0.0689,0.0000,0.1978,42789,1,216374,0.1978,0.0000,0.1973,42691,1,216374,0.1973,0.0000
135.52,0.9341,14366,0,60000,0.2394,0.0099,0.9860,8233,0,60000,0.1372,0.0000,0.1978,42789,1,216374,0.1978,0.0000,0.1973,42691,1,216374,0.1973,0.0000
136.02,0.9341,18462,0,60000,0.3077,0.0000,0.9860,8233,0,60000,0.1372,0.0000,0.1978,42789,1,216374,0.1978,0.0000,0.1973,42691,1,216374,0.1973,0.0000
136.52,0.8589,14108,0,60000,0.2351,0.0099,0.9916,17022,0,60000,0.2837,0.9960,0.1978,42789,1,216374,0.1978,0.0000,0.1973,42691,1,216374,0.1973,0.0000
137.02,0.8589,14108,0,60000,0.2351,0.0099,0.9916,17022,0,60000,0.2837,0.9960,0.1978,42789,1,216374,0.1978,0.0000,0.3164,68453,1,216374,0.3164,0.0000
137.52,0.9272,18204,0,60000,0.3034,0.0000,0.9916,17022,0,60000,0.2837,0.9960,0.1978,42789,1,216374,0.1978,0.0000,0.3164,68453,1,216374,0.3164,0.0000
138.02,0.9272,18204,0,60000,0.3034,0.0000,0.9922,8492,0,60000,0.1415,0.9960,0.1978,42789,1,216374,0.1978,0.0000,0.3164,68453,1,216374,0.3164,0.0000
138.52,0.9954,13842,0,60000,0.2307,0.0101,0.9922,8492,0,60000,0.1415,0.9960,0.1978,42789,1,216374,0.1978,0.0000,0.3164,68453,1,216374,0.3164,0.0000
139.02,0.9859,17938,0,60000,0.2990,0.0000,0.9922,8492,0,60000,0.1415,0.9960,0.1978,42793,1,216374,0.1978,0.0000,0.2771,59959,1,216374,0.2771,0.0000
139.52,0.9859,17938,0,60000,0.2990,0.0000,0.9922,8492,0,60000,0.1415,0.9960,0.1978,42793,1,216374,0.1978,0.0000,0.2771,59959,1,216374,0.2771,0.0000
140.02,0.9319,13498,0,60000,0.2250,0.0099,0.9922,8492,0,60000,0.1415,0.9960,0.1978,42793,1,216374,0.1978,0.0000,0.2771,59959,1,216374,0.2771,0.0000
140.52,0.9021,17594,0,60000,0.2932,0.0000,0.9867,4137,0,60000,0.0689,0.0000,0.1978,42793,1,216374,0.1978,0.0000,0.2771,59959,1,216374,0.2771,0.0000
141.02,0.9021,17594,0,60000,0.2932,0.0000,0.9867,16761,0,60000,0.2793,0.9623,0.1978,42793,1,216374,0.1978,0.0000,0.2771,59959,1,216374,0.2771,0.0000
141.52,0.9703,13225,0,60000,0.2204,0.0101,0.9867,16761,0,60000,0.2793,0.9623,0.1978,42793,1,216374,0.1978,0.0000,0.2771,59959,1,216374,0.2771,0.0000
142.02,0.9517,17321,0,60000,0.2887,0.0000,0.9923,25582,0,60000,0.4264,0.9958,0.1978,42793,1,216374,0.1978,0.0000,0.2771,59959,1,216374,0.2771,0.0000
142.52,0.9517,17321,0,60000,0.2887,0.0000,0.9923,25582,0,60000,0.4264,0.9958,0.1978,42793,1,216374,0.1978,0.0000,0.2771,59959,1,216374,0.2771,0.0000
143.02,0.9517,12855,0,60000,0.2142,0.0000,0.9923,25582,0,60000,0.4264,0.9958,0.1978,42793,1,216374,0.1978,0.0000,0.2771,59959,1,216374,0.2771,0.0000
143.52,0.9517,12855,0,60000,0.2142,0.0000,0.9877,21221,0,60000,0.3537,0.0000,0.1978,42793,1,216374,0.1978,0.0000,0.2771,59959,1,216374,0.2771,0.0000
144.02,0.8878,16951,0,60000,0.2825,0.0099,0.9877,21221,0,60000,0.3537,0.0000,0.3160,68370,1,216374,0.3160,0.0000,0.2776,60071,1,216374,0.2776,0.0000
144.52,0.8878,16951,0,60000,0.2825,0.0099,0.9877,8233,0,60000,0.1372,0.0000,0.3160,68370,1,216374,0.3160,0.0000,0.2776,60071,1,216374,0.2776,0.0000
145.02,0.9560,12509,0,60000,0.2085,0.0000,0.9832,12636,0,60000,0.2106,0.0000,0.3160,68370,1,216374,0.3160,0.0000,0.2776,60071,1,216374,0.2776,0.0000
145.52,0.9473,16605,0,60000,0.2767,0.0099,0.9736,16732,0,60000,0.2789,0.0000,0.3160,68370,1,216374,0.3160,0.0000,0.2776,60071,1,216374,0.2776,0.0000
146.02,0.9326,29152,0,60000,0.4859,0.0000,0.9736,16732,0,60000,0.2789,0.0000,0.3160,68370,1,216374,0.3160,0.0000,0.2776,60071,1,216374,0.2776,0.0000
146.52,0.9326,29152,0,60000,0.4859,0.0000,0.9782,17003,0,60000,0.2834,0.9958,0.3160,68370,1,216374,0.3160,0.0000,0.2776,60071,1,216374,0.2776,0.0000
147.02,0.8635,33229,0,60000,0.5538,0.8066,0.9782,17003,0,60000,0.2834,0.9958,0.3160,68370,1,216374,0.3160,0.0000,0.2776,60071,1,216374,0.2776,0.0000
147.52,0.9318,37325,0,60000,0.6221,0.0000,0.9782,17003,0,60000,0.2834,0.9958,0.3160,68370,1,216374,0.3160,0.0000,0.2772,59989,1,216374,0.2772,0.0000
148.02,0.9318,37325,0,60000,0.6221,0.0000,0.9782,17003,0,60000,0.2834,0.9958,0.3553,76871,1,216374,0.3553,0.0000,0.2772,59989,1,216374,0.2772,0.0000
148.52,0.9039,32880,0,60000,0.5480,0.0099,0.9788,8540,0,60000,0.1423,0.9958,0.3553,76871,1,216374,0.3553,0.0000,0.2772,59989,1,216374,0.2772,0.0000
149.02,0.9039,32880,0,60000,0.5480,0.0099,0.9788,8540,0,60000,0.1423,0.9958,0.3553,76871,1,216374,0.3553,0.0000,0.2772,59989,1,216374,0.2772,0.0000
149.52,0.9722,36976,0,60000,0.6163,0.0000,0.9788,8540,0,60000,0.1423,0.9958,0.3553,76871,1,216374,0.3553,0.0000,0.1981,42860,1,216374,0.1981,0.0000
150.02,0.9722,36976,0,60000,0.6163,0.0000,0.9788,8540,0,60000,0.1423,0.9958,0.3553,76871,1,216374,0.3553,0.0000,0.1981,42860,1,216374,0.1981,0.0000
150.52,0.9722,32566,0,60000,0.5428,0.0099,0.9788,8540,0,60000,0.1423,0.9958,0.3553,76871,1,216374,0.3553,0.0000,0.1981,42860,1,216374,0.1981,0.0000
151.02,0.9722,19629,0,60000,0.3271,0.0000,0.9799,12640,0,60000,0.2107,0.0000,0.3553,76871,1,216374,0.3553,0.0000,0.1981,42860,1,216374,0.1981,0.0000
151.52,0.9722,23725,0,60000,0.3954,0.0099,0.9799,12640,0,60000,0.2107,0.0000,0.3553,76871,1,216374,0.3553,0.0000,0.1981,42860,1,216374,0.1981,0.0000
152.02,0.9801,29333,0,60000,0.4889,0.0000,0.9697,25265,0,60000,0.4211,0.9671,0.3553,76871,1,216374,0.3553,0.0000,0.1981,42860,1,216374,0.1981,0.0000
152.52,0.9801,29333,0,60000,0.4889,0.0000,0.9746,21150,0,60000,0.3525,0.0000,0.3161,68396,2,216374,0.3161,0.0000,0.1977,42774,1,216374,0.1977,0.0000
153.02,0.9691,33429,0,60000,0.5572,0.2749,0.9746,21150,0,60000,0.3525,0.0000,0.3161,68396,2,216374,0.3161,0.0000,0.1977,42774,1,216374,0.1977,0.0000
153.52,0.9691,33429,0,60000,0.5572,0.2749,0.9150,25246,0,60000,0.4208,0.0099,0.3161,68396,2,216374,0.3161,0.0000,0.1977,42774,1,216374,0.1977,0.0000
154.02,0.9691,20483,0,60000,0.3414,0.0000,0.9150,25246,0,60000,0.4208,0.0099,0.3161,68396,2,216374,0.3161,0.0000,0.1977,42774,1,216374,0.1977,0.0000
154.52,0.9691,20483,0,60000,0.3414,0.0000,0.9833,12329,0,60000,0.2055,0.0000,0.3161,68396,2,216374,0.3161,0.0000,0.1977,42774,1,216374,0.1977,0.0000
155.02,0.8346,16096,0,60000,0.2683,0.0101,0.9287,30208,0,60000,0.5035,0.7792,0.3161,68396,2,216374,0.3161,0.0000,0.1977,42774,1,216374,0.1977,0.0000
155.52,0.8346,16096,0,60000,0.2683,0.0101,0.9287,30208,0,60000,0.5035,0.7792,0.3161,68396,2,216374,0.3161,0.0000,0.2374,51364,1,216374,0.2374,0.0000
156.02,0.9028,20192,0,60000,0.3365,0.0000,0.9287,30208,0,60000,0.5035,0.7792,0.2767,59861,1,216374,0.2767,0.0000,0.2374,51364,1,216374,0.2374,0.0000
156.52,0.9028,20192,0,60000,0.3365,0.0000,0.9880,38193,0,60000,0.6365,0.0000,0.2767,59861,1,216374,0.2767,0.0000,0.2374,51364,1,216374,0.2374,0.0000
157.02,0.9711,15765,0,60000,0.2627,0.0099,0.9880,50738,0,60000,0.8456,0.9544,0.2767,59861,1,216374,0.2767,0.0000,0.2374,51364,1,216374,0.2374,0.0000
157.52,0.9502,19861,0,60000,0.3310,0.0000,0.9880,50738,0,60000,0.8456,0.9544,0.2767,59861,1,216374,0.2767,0.0000,0.2374,51364,1,216374,0.2374,0.0000
158.02,0.9502,19861,0,60000,0.3310,0.0000,0.9880,50738,0,60000,0.8456,0.9544,0.2767,59861,1,216374,0.2767,0.0000,0.2374,51364,1,216374,0.2374,0.0000
158.52,0.9393,15386,0,60000,0.2564,0.0099,0.9880,50738,0,60000,0.8456,0.9544,0.2767,59861,1,216374,0.2767,0.0000,0.1971,42643,1,216374,0.1971,0.0000
159.02,0.8930,28003,0,60000,0.4667,0.0000,0.9889,29669,0,60000,0.4945,0.0000,0.2767,59861,1,216374,0.2767,0.0000,0.1971,42643,1,216374,0.1971,0.0000
159.52,0.8930,28003,0,60000,0.4667,0.0000,0.9889,29669,0,60000,0.4945,0.0000,0.3168,68555,1,216374,0.3168,0.0000,0.1971,42643,1,216374,0.1971,0.0000
160.02,0.9613,23645,0,60000,0.3941,0.6775,0.9889,33765,0,60000,0.5627,0.0000,0.3168,68555,1,216374,0.3168,0.0000,0.1971,42643,1,216374,0.1971,0.0000
160.52,0.9251,27741,0,60000,0.4623,0.0000,0.9889,33765,0,60000,0.5627,0.0000,0.3168,68555,1,216374,0.3168,0.0000,0.1971,42643,1,216374,0.1971,0.0000
161.02,0.9251,27741,0,60000,0.4623,0.0000,0.9889,33765,0,60000,0.5627,0.0000,0.3168,68555,1,216374,0.3168,0.0000,0.1971,42643,1,216374,0.1971,0.0000
161.52,0.9933,23394,0,60000,0.3899,0.0099,0.9889,33765,0,60000,0.5627,0.0000,0.1981,42873,1,216374,0.1981,0.0000,0.1971,42643,1,216374,0.1971,0.0000
162.02,0.9933,23394,0,60000,0.3899,0.0099,0.9889,33765,0,60000,0.5627,0.0000,0.1981,42873,1,216374,0.1981,0.0000,0.1971,42643,1,216374,0.1971,0.0000
162.52,0.9384,27490,0,60000,0.4582,0.0000,0.9847,12695,0,60000,0.2116,0.0000,0.1981,42873,1,216374,0.1981,0.0000,0.1971,42643,1,216374,0.1971,0.0000
163.02,0.9384,27490,0,60000,0.4582,0.0000,0.9842,8233,0,60000,0.1372,0.0099,0.1981,42873,1,216374,0.1981,0.0000,0.1971,42643,1,216374,0.1971,0.0000
163.52,0.9236,22942,0,60000,0.3824,0.6765,0.9842,12329,0,60000,0.2055,0.0000,0.2764,59808,1,216374,0.2764,0.0000,0.1971,42643,1,216374,0.1971,0.0000
164.02,0.9919,27038,0,60000,0.4506,0.0000,0.9842,12329,0,60000,0.2055,0.0000,0.2764,59808,1,216374,0.2764,0.0000,0.1971,42643,1,216374,0.1971,0.0000
164.52,0.9919,27038,0,60000,0.4506,0.0000,0.9836,24946,0,60000,0.4158,0.6775,0.2764,59808,1,216374,0.2764,0.0000,0.1971,42643,1,216374,0.1971,0.0000
165.02,0.9919,22672,0,60000,0.3779,0.0099,0.9785,29042,0,60000,0.4840,0.0000,0.2764,59808,1,216374,0.2764,0.0000,0.1971,42643,1,216374,0.1971,0.0000
165.52,0.9813,26768,0,60000,0.4461,0.0000,0.9785,29042,0,60000,0.4840,0.0000,0.2764,59808,1,216374,0.2764,0.0000,0.1971,42643,1,216374,0.1971,0.0000
166.02,0.9813,30865,0,60000,0.5144,0.0101,0.9785,33166,0,60000,0.5528,0.9052,0.2768,59895,1,216374,0.2768,0.0000,0.2760,59713,1,216374,0.2760,0.0000
166.52,0.9813,30865,0,60000,0.5144,0.0101,0.9785,33166,0,60000,0.5528,0.9052,0.2768,59895,1,216374,0.2768,0.0000,0.2760,59713,1,216374,0.2760,0.0000
167.02,0.9173,17978,0,60000,0.2996,0.0000,0.9785,33166,0,60000,0.5528,0.9052,0.2768,59895,1,216374,0.2768,0.0000,0.2760,59713,1,216374,0.2760,0.0000
167.52,0.9173,17978,0,60000,0.2996,0.0000,0.9871,21133,0,60000,0.3522,0.0000,0.2768,59895,1,216374,0.2768,0.0000,0.2760,59713,1,216374,0.2760,0.0000
168.02,0.9855,22074,0,60000,0.3679,0.0101,0.9816,33684,0,60000,0.5614,0.9646,0.1582,34226,1,216374,0.1582,0.0000,0.2760,59713,1,216374,0.2760,0.0000
168.52,0.9855,22074,0,60000,0.3679,0.0101,0.9816,33684,0,60000,0.5614,0.9646,0.1582,34226,1,216374,0.1582,0.0000,0.2759,59687,1,216374,0.2759,0.0000
169.02,0.9795,24889,0,60000,0.4148,0.0000,0.9868,25519,0,60000,0.4253,0.0099,0.1582,34226,1,216374,0.1582,0.0000,0.2759,59687,1,216374,0.2759,0.0000
169.52,0.9795,24889,0,60000,0.4148,0.0000,0.9890,21225,0,60000,0.3538,0.0000,0.1582,34226,1,216374,0.1582,0.0000,0.2759,59687,1,216374,0.2759,0.0000
170.02,0.9377,20408,0,60000,0.3401,0.6372,0.9890,25321,0,60000,0.4220,0.0396,0.1582,34226,1,216374,0.1582,0.0000,0.2759,59687,1,216374,0.2759,0.0000
170.52,0.8398,33043,0,60000,0.5507,0.6779,0.9890,25321,0,60000,0.4220,0.0396,0.1582,34226,1,216374,0.1582,0.0000,0.2759,59687,1,216374,0.2759,0.0000
171.02,0.8398,33043,0,60000,0.5507,0.6779,0.9800,12457,0,60000,0.2076,0.0000,0.1582,34226,1,216374,0.1582,0.0000,0.3553,76873,1,216374,0.3553,0.0000
171.52,0.9081,28714,0,60000,0.4786,0.0000,0.9293,16553,0,60000,0.2759,0.0099,0.1582,34226,1,216374,0.1582,0.0000,0.3553,76873,1,216374,0.3553,0.0000
172.02,0.9764,32810,0,60000,0.5468,0.0099,0.9293,16553,0,60000,0.2759,0.0099,0.1582,34226,1,216374,0.1582,0.0000,0.3553,76873,1,216374,0.3553,0.0000
172.52,0.9608,45368,0,60000,0.7561,0.0000,0.9975,20649,0,60000,0.3442,0.0000,0.1582,34226,1,216374,0.1582,0.0000,0.3553,76873,1,216374,0.3553,0.0000
173.02,0.9608,45368,0,60000,0.7561,0.0000,0.9783,33300,0,60000,0.5550,0.9567,0.1186,25665,1,216374,0.1186,0.0000,0.3164,68464,1,216374,0.3164,0.0000
173.52,0.9194,55161,0,60000,0.9194,0.7766,0.9783,33300,0,60000,0.5550,0.9567,0.1186,25665,1,216374,0.1186,0.0000,0.3164,68464,1,216374,0.3164,0.0000
174.02,0.9194,55161,0,60000,0.9194,0.7766,0.9912,34073,0,60000,0.5679,0.0099,0.1186,25665,1,216374,0.1186,0.0000,0.3164,68464,1,216374,0.3164,0.0000
174.52,0.9876,33698,0,60000,0.5616,0.0099,0.9866,29672,0,60000,0.4945,0.0000,0.1186,25665,1,216374,0.1186,0.0000,0.3164,68464,1,216374,0.3164,0.0000
175.02,0.9140,40921,0,60000,0.6820,0.0000,0.9866,33768,0,60000,0.5628,0.0099,0.1186,25665,1,216374,0.1186,0.0000,0.3164,68464,1,216374,0.3164,0.0000
175.52,0.9140,40921,0,60000,0.6820,0.0000,0.9816,37864,0,60000,0.6311,0.0000,0.1186,25665,1,216374,0.1186,0.0000,0.3164,68464,1,216374,0.3164,0.0000
176.02,0.9808,50391,0,60000,0.8398,0.8066,0.9816,37864,0,60000,0.6311,0.0000,0.1186,25665,1,216374,0.1186,0.0000,0.3559,77017,1,216374,0.3559,0.0000
176.53,0.9600,54487,0,60000,0.9081,0.0000,0.9816,24979,0,60000,0.4163,0.0101,0.1186,25665,1,216374,0.1186,0.0000,0.3559,77017,1,216374,0.3559,0.0000
177.03,0.9600,54487,0,60000,0.9081,0.0000,0.9816,24979,0,60000,0.4163,0.0101,0.1186,25665,1,216374,0.1186,0.0000,0.3559,77017,1,216374,0.3559,0.0000
177.53,0.9751,50012,0,60000,0.8335,0.6766,0.9775,29075,0,60000,0.4846,0.0000,0.1186,25665,1,216374,0.1186,0.0000,0.2768,59888,1,216374,0.2768,0.0000
178.03,0.9373,54108,0,60000,0.9018,0.0000,0.9775,33114,0,60000,0.5519,0.9017,0.1973,42701,1,216374,0.1973,0.0000,0.2768,59888,1,216374,0.2768,0.0000
178.53,0.9373,54108,0,60000,0.9018,0.0000,0.9775,33114,0,60000,0.5519,0.9017,0.1973,42701,1,216374,0.1973,0.0000,0.2768,59888,1,216374,0.2768,0.0000
179.03,0.9701,58204,0,60000,0.9701,0.0000,0.9930,25586,0,60000,0.4264,0.0099,0.1973,42701,1,216374,0.1973,0.0000,0.2768,59888,1,216374,0.2768,0.0000
179.53,0.9195,46646,0,60000,0.7774,0.0000,0.9781,21203,0,60000,0.3534,0.0000,0.1973,42701,1,216374,0.1973,0.0000,0.2768,59888,1,216374,0.2768,0.0000
180.03,0.9195,46646,0,60000,0.7774,0.0000,0.9133,33767,0,60000,0.5628,0.9619,0.1973,42701,1,216374,0.1973,0.0000,0.2768,59888,1,216374,0.2768,0.0000
180.53,0.9878,50742,0,60000,0.8457,0.0099,0.9133,33767,0,60000,0.5628,0.9619,0.2764,59800,1,216374,0.2764,0.0000,0.1979,42810,1,216374,0.1979,0.0000
181.03,0.9140,54838,0,60000,0.9140,0.0000,0.9190,34104,0,60000,0.5684,0.0099,0.2764,59800,1,216374,0.2764,0.0000,0.1979,42810,1,216374,0.1979,0.0000
181.53,0.9140,54838,0,60000,0.9140,0.0000,0.9872,21133,0,60000,0.3522,0.0000,0.2764,59800,1,216374,0.2764,0.0000,0.1979,42810,1,216374,0.1979,0.0000
182.03,0.9822,41855,0,60000,0.6976,0.0000,0.9872,25229,0,60000,0.4205,0.0099,0.2764,59800,1,216374,0.2764,0.0000,0.1979,42810,1,216374,0.1979,0.0000
182.53,0.9916,42465,0,60000,0.7077,0.6769,0.9872,25229,0,60000,0.4205,0.0099,0.2764,59800,1,216374,0.2764,0.0000,0.1979,42810,1,216374,0.1979,0.0000
183.03,0.9181,55086,0,60000,0.9181,0.0000,0.9780,20833,0,60000,0.3472,0.0000,0.1972,42660,1,216374,0.1972,0.0000,0.1979,42810,1,216374,0.1979,0.0000
183.53,0.9864,59182,0,60000,0.9864,0.9562,0.9675,33389,0,60000,0.5565,0.9292,0.1972,42660,1,216374,0.1972,0.0000,0.1979,42810,1,216374,0.1979,0.0000
184.03,0.9864,59182,0,60000,0.9864,0.9562,0.9932,34065,0,60000,0.5677,0.9959,0.1972,42660,1,216374,0.1972,0.0000,0.2372,51328,1,216374,0.2372,0.0000
184.53,0.9941,59648,0,60000,0.9941,0.9959,0.9932,34065,0,60000,0.5677,0.9959,0.1972,42660,1,216374,0.1972,0.0000,0.2372,51328,1,216374,0.2372,0.0000
185.03,0.9768,55304,0,60000,0.9217,0.0000,0.9938,34060,0,60000,0.5677,0.9958,0.1980,42850,1,216374,0.1980,0.0000,0.2372,51328,1,216374,0.2372,0.0000
185.53,0.9768,55304,0,60000,0.9217,0.0000,0.9938,34060,0,60000,0.5677,0.9958,0.1980,42850,1,216374,0.1980,0.0000,0.2372,51328,1,216374,0.2372,0.0000
186.03,0.9909,59454,0,60000,0.9909,0.9540,0.9938,34060,0,60000,0.5677,0.9958,0.1980,42850,1,216374,0.1980,0.0000,0.1980,42847,1,216374,0.1980,0.0000
186.53,0.9963,59780,0,60000,0.9963,0.9960,0.9938,34060,0,60000,0.5677,0.9958,0.1980,42850,1,216374,0.1980,0.0000,0.1980,42847,1,216374,0.1980,0.0000
187.03,0.9963,59780,0,60000,0.9963,0.9960,0.9944,17073,0,60000,0.2846,0.9959,0.1980,42850,1,216374,0.1980,0.0000,0.1980,42847,1,216374,0.1980,0.0000
187.53,0.9963,59780,0,60000,0.9963,0.9960,0.9944,17073,0,60000,0.2846,0.9959,0.1980,42850,1,216374,0.1980,0.0000,0.1980,42847,1,216374,0.1980,0.0000
188.03,0.9867,55362,0,60000,0.9227,0.0000,0.9873,12676,0,60000,0.2113,0.0000,0.2776,60072,2,216374,0.2776,0.0000,0.1980,42847,1,216374,0.1980,0.0000
188.53,0.9910,59458,0,60000,0.9910,0.0000,0.9837,8233,0,60000,0.1372,0.0000,0.2776,60072,2,216374,0.2776,0.0000,0.1980,42847,1,216374,0.1980,0.0000
189.03,0.9910,59458,0,60000,0.9910,0.0000,0.9890,8552,0,60000,0.1425,0.0099,0.2776,60072,2,216374,0.2776,0.0000,0.1980,42847,1,216374,0.1980,0.0000
189.53,0.9972,51320,0,60000,0.8553,0.0099,0.9890,12648,0,60000,0.2108,0.0000,0.2776,60072,2,216374,0.2776,0.0000,0.2761,59744,1,216374,0.2761,0.0000
190.03,0.9913,55416,0,60000,0.9236,0.0000,0.9890,33704,0,60000,0.5617,0.8066,0.2776,60072,2,216374,0.2776,0.0000,0.2761,59744,1,216374,0.2761,0.0000
190.53,0.9900,59402,0,60000,0.9900,0.9665,0.9890,33704,0,60000,0.5617,0.8066,0.2776,60072,2,216374,0.2776,0.0000,0.2761,59744,1,216374,0.2761,0.0000
191.03,0.9900,59402,0,60000,0.9900,0.9665,0.9735,29289,0,60000,0.4881,0.0000,0.3168,68548,1,216374,0.3168,0.0000,0.2761,59744,1,216374,0.2761,0.0000
191.53,0.9887,55224,0,60000,0.9204,0.0000,0.9089,33385,0,60000,0.5564,0.0099,0.3168,68548,1,216374,0.3168,0.0000,0.2761,59744,1,216374,0.2761,0.0000
192.03,0.9887,59320,0,60000,0.9887,0.0000,0.9771,37481,0,60000,0.6247,0.0000,0.3168,68548,1,216374,0.3168,0.0000,0.2763,59793,1,216374,0.2763,0.0000
192.53,0.9887,59320,0,60000,0.9887,0.0000,0.9771,37481,0,60000,0.6247,0.0000,0.3168,68548,1,216374,0.3168,0.0000,0.2763,59793,1,216374,0.2763,0.0000
193.03,0.9185,55110,0,60000,0.9185,0.0000,0.9771,33160,0,60000,0.5527,0.8975,0.3168,68548,1,216374,0.3168,0.0000,0.2763,59793,1,216374,0.2763,0.0000
193.53,0.9868,59206,0,60000,0.9868,0.9678,0.9771,33160,0,60000,0.5527,0.8975,0.3160,68385,1,216374,0.3160,0.0000,0.2763,59793,1,216374,0.2763,0.0000
194.03,0.9920,59520,0,60000,0.9920,0.9958,0.9805,29702,0,60000,0.4950,0.0000,0.3160,68385,1,216374,0.3160,0.0000,0.2763,59793,1,216374,0.2763,0.0000
194.53,0.9920,59520,0,60000,0.9920,0.9958,0.9154,33798,0,60000,0.5633,0.0000,0.3160,68385,1,216374,0.3160,0.0000,0.2763,59793,1,216374,0.2763,0.0000
195.03,0.9883,55200,0,60000,0.9200,0.0000,0.9154,33798,0,60000,0.5633,0.0000,0.3160,68385,1,216374,0.3160,0.0000,0.2763,59793,1,216374,0.2763,0.0000
195.53,0.9883,59296,0,60000,0.9883,0.0000,0.9154,33798,0,60000,0.5633,0.0000,0.2365,51183,1,216374,0.2365,0.0000,0.2763,59793,1,216374,0.2763,0.0000
196.03,0.9879,55180,0,60000,0.9197,0.0000,0.9876,21114,0,60000,0.3519,0.0000,0.2365,51183,1,216374,0.2365,0.0000,0.2763,59780,1,216374,0.2763,0.0000
196.53,0.9879,55180,0,60000,0.9197,0.0000,0.9876,25210,0,60000,0.4202,0.0000,0.2365,51183,1,216374,0.2365,0.0000,0.2763,59780,1,216374,0.2763,0.0000
197.03,0.9879,59276,0,60000,0.9879,0.0000,0.9876,25210,0,60000,0.4202,0.0000,0.2365,51183,1,216374,0.2365,0.0000,0.2763,59780,1,216374,0.2763,0.0000
197.53,0.9879,59276,0,60000,0.9879,0.0000,0.9876,25210,0,60000,0.4202,0.0000,0.2365,51183,1,216374,0.2365,0.0000,0.2763,59780,1,216374,0.2763,0.0000
198.03,0.9920,59522,0,60000,0.9920,0.9959,0.9808,12566,0,60000,0.2094,0.0000,0.2368,51230,1,216374,0.2368,0.0000,0.2763,59780,1,216374,0.2763,0.0000
198.53,0.9933,59597,0,60000,0.9933,0.9958,0.9126,16662,0,60000,0.2777,0.0000,0.2368,51230,1,216374,0.2368,0.0000,0.2764,59806,1,216374,0.2764,0.0000
199.03,0.9933,59597,0,60000,0.9933,0.9958,0.9126,16662,0,60000,0.2777,0.0000,0.2368,51230,1,216374,0.2368,0.0000,0.2764,59806,1,216374,0.2764,0.0000
199.53,0.9933,59597,0,60000,0.9933,0.9958,0.9126,16662,0,60000,0.2777,0.0000,0.2368,51230,1,216374,0.2368,0.0000,0.2764,59806,1,216374,0.2764,0.0000
200.03,0.9897,55287,0,60000,0.9214,0.0000,0.9126,16662,0,60000,0.2777,0.0000,0.2368,51230,1,216374,0.2368,0.0000,0.2764,59806,1,216374,0.2764,0.0000
200.53,0.9884,59304,0,60000,0.9884,0.9670,0.9857,4137,0,60000,0.0689,0.0000,0.2368,51230,1,216374,0.2368,0.0000,0.1982,42875,1,216374,0.1982,0.0000
201.03,0.9884,59304,0,60000,0.9884,0.9670,0.9857,16664,0,60000,0.2777,0.9666,0.2368,51230,1,216374,0.2368,0.0000,0.1982,42875,1,216374,0.1982,0.0000
201.53,0.9887,55228,0,60000,0.9205,0.0000,0.9857,16664,0,60000,0.2777,0.9666,0.2368,51230,1,216374,0.2368,0.0000,0.1982,42875,1,216374,0.1982,0.0000
202.03,0.9887,50775,0,60000,0.8462,0.0099,0.9857,16664,0,60000,0.2777,0.9666,0.2368,51230,1,216374,0.2368,0.0000,0.1982,42875,1,216374,0.1982,0.0000
202.53,0.9145,54871,0,60000,0.9145,0.0000,0.9857,16664,0,60000,0.2777,0.9666,0.2368,51230,1,216374,0.2368,0.0000,0.1982,42875,1,216374,0.1982,0.0000
203.03,0.9145,54871,0,60000,0.9145,0.0000,0.9857,16664,0,60000,0.2777,0.9666,0.2368,51230,1,216374,0.2368,0.0000,0.1982,42875,1,216374,0.1982,0.0000
203.53,0.9813,58876,0,60000,0.9813,0.9373,0.9798,12659,0,60000,0.2110,0.0000,0.2760,59714,1,216374,0.2760,0.0000,0.1982,42875,1,216374,0.1982,0.0000
204.03,0.9813,58876,0,60000,0.9813,0.9373,0.9692,16755,0,60000,0.2792,0.0000,0.2760,59714,1,216374,0.2760,0.0000,0.1982,42875,1,216374,0.1982,0.0000
204.53,0.9862,55078,0,60000,0.9180,0.0000,0.9733,8481,0,60000,0.1414,0.0099,0.2760,59714,1,216374,0.2760,0.0000,0.1982,42875,1,216374,0.1982,0.0000
205.03,0.9862,59174,0,60000,0.9862,0.0000,0.9733,12577,0,60000,0.2096,0.0000,0.2371,51292,1,216374,0.2371,0.0000,0.2361,51091,1,216374,0.2361,0.0000
205.53,0.9912,50940,0,60000,0.8490,0.0099,0.9106,16673,0,60000,0.2779,0.0099,0.2371,51292,1,216374,0.2371,0.0000,0.2361,51091,1,216374,0.2361,0.0000
206.03,0.9173,55036,0,60000,0.9173,0.0000,0.9106,16673,0,60000,0.2779,0.0099,0.2371,51292,1,216374,0.2371,0.0000,0.2361,51091,1,216374,0.2361,0.0000
206.53,0.9855,59132,0,60000,0.9855,0.0000,0.9789,12329,0,60000,0.2055,0.0000,0.2371,51292,1,216374,0.2371,0.0000,0.2361,51091,1,216374,0.2361,0.0000
207.03,0.9855,59132,0,60000,0.9855,0.0000,0.9789,24890,0,60000,0.4148,0.6760,0.2371,51292,1,216374,0.2371,0.0000,0.2361,51091,1,216374,0.2361,0.0000
207.53,0.9522,57133,0,60000,0.9522,0.0000,0.9749,28986,0,60000,0.4831,0.0000,0.2371,51292,1,216374,0.2371,0.0000,0.2361,51091,1,216374,0.2361,0.0000
208.03,0.9522,57133,0,60000,0.9522,0.0000,0.9749,28986,0,60000,0.4831,0.0000,0.2371,51292,1,216374,0.2371,0.0000,0.3158,68336,1,216374,0.3158,0.0000
208.53,0.9901,59407,0,60000,0.9901,0.9959,0.9749,41561,0,60000,0.6927,0.9396,0.1185,25635,1,216374,0.1185,0.0000,0.3158,68336,1,216374,0.3158,0.0000
209.03,0.9901,59407,0,60000,0.9901,0.9959,0.9749,41561,0,60000,0.6927,0.9396,0.1185,25635,1,216374,0.1185,0.0000,0.3158,68336,1,216374,0.3158,0.0000
209.53,0.9909,59454,0,60000,0.9909,0.9960,0.9749,41561,0,60000,0.6927,0.9396,0.1185,25635,1,216374,0.1185,0.0000,0.3158,68336,1,216374,0.3158,0.0000
210.03,0.9909,59454,0,60000,0.9909,0.9960,0.9749,41561,0,60000,0.6927,0.9396,0.1185,25635,1,216374,0.1185,0.0000,0.3158,68336,1,216374,0.3158,0.0000
210.53,0.9865,55092,0,60000,0.9182,0.0000,0.9932,34055,0,60000,0.5676,0.9958,0.1185,25635,1,216374,0.1185,0.0000,0.3158,68336,1,216374,0.3158,0.0000
211.03,0.9865,59188,0,60000,0.9865,0.0000,0.9932,34055,0,60000,0.5676,0.9958,0.1577,34121,1,216374,0.1577,0.0000,0.3158,68336,1,216374,0.3158,0.0000
211.53,0.9911,59466,0,60000,0.9911,0.9959,0.9895,29713,0,60000,0.4952,0.0000,0.1577,34121,1,216374,0.1577,0.0000,0.2766,59847,1,216374,0.2766,0.0000
212.03,0.9911,59466,0,60000,0.9911,0.9959,0.9895,33809,0,60000,0.5635,0.0099,0.1577,34121,1,216374,0.1577,0.0000,0.2766,59847,1,216374,0.2766,0.0000
212.53,0.9171,55028,0,60000,0.9171,0.0000,0.9895,33809,0,60000,0.5635,0.0099,0.1577,34121,1,216374,0.1577,0.0000,0.2766,59847,1,216374,0.2766,0.0000
213.03,0.9854,59124,0,60000,0.9854,0.0000,0.9781,29405,0,60000,0.4901,0.0000,0.1577,34121,1,216374,0.1577,0.0000,0.2766,59847,1,216374,0.2766,0.0000
213.53,0.9854,59124,0,60000,0.9854,0.0000,0.9778,24944,0,60000,0.4157,0.0099,0.1973,42681,1,216374,0.1973,0.0000,0.2766,59847,1,216374,0.2766,0.0000
214.03,0.9851,46528,0,60000,0.7755,0.0000,0.9778,24944,0,60000,0.4157,0.0099,0.1973,42681,1,216374,0.1973,0.0000,0.2767,59875,1,216374,0.2767,0.0000
214.53,0.9851,46528,0,60000,0.7755,0.0000,0.9778,29040,0,60000,0.4840,0.0000,0.1973,42681,1,216374,0.1973,0.0000,0.2767,59875,1,216374,0.2767,0.0000
215.03,0.9851,50624,0,60000,0.8437,0.0099,0.9778,24617,0,60000,0.4103,0.0099,0.1973,42681,1,216374,0.1973,0.0000,0.2767,59875,1,216374,0.2767,0.0000
215.53,0.9803,46244,0,60000,0.7707,0.0000,0.9778,24617,0,60000,0.4103,0.0099,0.1973,42681,1,216374,0.1973,0.0000,0.2767,59875,1,216374,0.2767,0.0000
216.03,0.9803,50340,0,60000,0.8390,0.0099,0.9731,20157,0,60000,0.3360,0.0000,0.1182,25584,1,216374,0.1182,0.0000,0.3161,68388,1,216374,0.3161,0.0000
216.53,0.9803,50340,0,60000,0.8390,0.0099,0.9731,20157,0,60000,0.3360,0.0000,0.1182,25584,1,216374,0.1182,0.0000,0.3161,68388,1,216374,0.3161,0.0000
217.03,0.9803,50340,0,60000,0.8390,0.0099,0.9731,15784,0,60000,0.2631,0.0101,0.1182,25584,1,216374,0.1182,0.0000,0.3161,68388,1,216374,0.3161,0.0000
217.53,0.9755,37522,0,60000,0.6254,0.0000,0.8979,24232,0,60000,0.4039,0.0000,0.1182,25584,1,216374,0.1182,0.0000,0.3161,68388,1,216374,0.3161,0.0000
218.03,0.9755,33063,0,60000,0.5511,0.0101,0.8979,24232,0,60000,0.4039,0.0000,0.1182,25584,1,216374,0.1182,0.0000,0.3161,68388,1,216374,0.3161,0.0000
218.53,0.9378,37159,0,60000,0.6193,0.0000,0.9661,19800,0,60000,0.3300,0.5175,0.1182,25584,1,216374,0.1182,0.0000,0.3555,76914,1,216374,0.3555,0.0000
219.03,0.9378,37159,0,60000,0.6193,0.0000,0.9655,32377,0,60000,0.5396,0.6765,0.1182,25584,1,216374,0.1182,0.0000,0.3555,76914,1,216374,0.3555,0.0000
219.53,0.8984,32809,0,60000,0.5468,0.0099,0.9655,32377,0,60000,0.5396,0.6765,0.1182,25584,1,216374,0.1182,0.0000,0.3555,76914,1,216374,0.3555,0.0000
220.03,0.8984,32809,0,60000,0.5468,0.0099,0.9595,27956,0,60000,0.4659,0.0000,0.1182,25584,1,216374,0.1182,0.0000,0.3555,76914,1,216374,0.3555,0.0000
220.53,0.9654,36845,0,60000,0.6141,0.0000,0.9595,27956,0,60000,0.4659,0.0000,0.1182,25584,1,216374,0.1182,0.0000,0.3555,76914,1,216374,0.3555,0.0000
221.03,0.9654,36845,0,60000,0.6141,0.0000,0.9595,32052,0,60000,0.5342,0.0099,0.1182,25584,1,216374,0.1182,0.0000,0.3556,76937,1,216374,0.3556,0.0000
221.53,0.9640,57841,0,60000,0.9640,0.9358,0.9595,32052,0,60000,0.5342,0.0099,0.1182,25584,1,216374,0.1182,0.0000,0.3556,76937,1,216374,0.3556,0.0000
222.03,0.9640,57841,0,60000,0.9640,0.9358,0.9487,27697,0,60000,0.4616,0.0000,0.1579,34169,1,216374,0.1579,0.0000,0.3556,76937,1,216374,0.3556,0.0000
222.53,0.9551,57304,0,60000,0.9551,0.7317,0.9548,40339,0,60000,0.6723,0.8840,0.1579,34169,1,216374,0.1579,0.0000,0.3556,76937,1,216374,0.3556,0.0000
223.03,0.9933,51067,0,60000,0.8511,0.0101,0.9548,40339,0,60000,0.6723,0.8840,0.1579,34169,1,216374,0.1579,0.0000,0.3556,76937,1,216374,0.3556,0.0000
223.53,0.9766,55163,0,60000,0.9194,0.0000,0.9548,40339,0,60000,0.6723,0.8840,0.1579,34169,1,216374,0.1579,0.0000,0.3158,68339,1,216374,0.3158,0.0000
224.03,0.9877,59259,0,60000,0.9877,0.0000,0.9923,42521,0,60000,0.7087,0.9960,0.1579,34169,1,216374,0.1579,0.0000,0.3158,68339,1,216374,0.3158,0.0000
224.53,0.9877,59259,0,60000,0.9877,0.0000,0.9920,38201,0,60000,0.6367,0.0000,0.1973,42686,1,216374,0.1973,0.0000,0.3158,68339,1,216374,0.3158,0.0000
225.03,0.9711,46710,0,60000,0.7785,0.0000,0.9877,42297,0,60000,0.7049,0.0000,0.1973,42686,1,216374,0.1973,0.0000,0.3158,68339,1,216374,0.3158,0.0000
225.53,0.9150,50806,0,60000,0.8468,0.0000,0.9933,51149,0,60000,0.8525,0.9959,0.1973,42686,1,216374,0.1973,0.0000,0.3158,68339,1,216374,0.3158,0.0000
226.03,0.9150,50806,0,60000,0.8468,0.0000,0.9933,51149,0,60000,0.8525,0.9959,0.1973,42686,1,216374,0.1973,0.0000,0.3158,68339,1,216374,0.3158,0.0000
226.53,0.9875,46635,0,60000,0.7772,0.0000,0.9933,51149,0,60000,0.8525,0.9959,0.1973,42686,1,216374,0.1973,0.0000,0.2772,59987,1,216374,0.2772,0.0000
227.03,0.9493,50731,0,60000,0.8455,0.0000,0.9737,46739,0,60000,0.7790,0.0000,0.1973,42686,1,216374,0.1973,0.0000,0.2772,59987,1,216374,0.2772,0.0000
227.53,0.9493,50731,0,60000,0.8455,0.0000,0.9731,50835,0,60000,0.8472,0.0099,0.1973,42686,1,216374,0.1973,0.0000,0.2772,59987,1,216374,0.2772,0.0000
228.03,0.8953,50905,0,60000,0.8484,0.9960,0.9731,50835,0,60000,0.8472,0.0099,0.1971,42644,1,216374,0.1971,0.0000,0.2772,59987,1,216374,0.2772,0.0000
228.53,0.8953,50905,0,60000,0.8484,0.9960,0.9731,46446,0,60000,0.7741,0.0000,0.1971,42644,1,216374,0.1971,0.0000,0.3552,76851,1,216374,0.3552,0.0000
229.03,0.8953,50905,0,60000,0.8484,0.9960,0.9572,41989,0,60000,0.6998,0.0099,0.1971,42644,1,216374,0.1971,0.0000,0.3552,76851,1,216374,0.3552,0.0000
229.53,0.9642,38077,0,60000,0.6346,0.0000,0.9091,54547,0,60000,0.9091,0.0000,0.1971,42644,1,216374,0.1971,0.0000,0.3552,76851,1,216374,0.3552,0.0000
230.03,0.9119,33667,0,60000,0.5611,0.0099,0.9091,54547,0,60000,0.9091,0.0000,0.1971,42644,1,216374,0.1971,0.0000,0.3552,76851,1,216374,0.3552,0.0000
230.53,0.9802,37763,0,60000,0.6294,0.0000,0.9774,41564,0,60000,0.6927,0.6759,0.1971,42644,1,216374,0.1971,0.0000,0.3151,68182,1,216374,0.3151,0.0000
231.03,0.9802,37763,0,60000,0.6294,0.0000,0.9774,41564,0,60000,0.6927,0.6759,0.1577,34127,1,216374,0.1577,0.0000,0.3151,68182,1,216374,0.3151,0.0000
231.53,0.9802,41859,0,60000,0.6976,0.0000,0.9715,45660,0,60000,0.7610,0.0000,0.1577,34127,1,216374,0.1577,0.0000,0.3151,68182,1,216374,0.3151,0.0000
232.03,0.9802,41859,0,60000,0.6976,0.0000,0.9715,41271,0,60000,0.6878,0.0099,0.1577,34127,1,216374,0.1577,0.0000,0.3151,68182,1,216374,0.3151,0.0000
232.53,0.9887,25438,0,60000,0.4240,0.0099,0.9334,53560,0,60000,0.8927,0.0000,0.1577,34127,1,216374,0.1577,0.0000,0.3151,68182,1,216374,0.3151,0.0000
233.03,0.9152,29534,0,60000,0.4922,0.0000,0.9334,53560,0,60000,0.8927,0.0000,0.1577,34127,1,216374,0.1577,0.0000,0.3152,68211,1,216374,0.3152,0.0000
233.53,0.9835,42076,0,60000,0.7013,0.9589,0.9609,57656,0,60000,0.9609,0.8168,0.1577,34127,1,216374,0.1577,0.0000,0.3152,68211,1,216374,0.3152,0.0000
234.03,0.9835,42076,0,60000,0.7013,0.9589,0.9609,57656,0,60000,0.9609,0.8168,0.1577,34127,1,216374,0.1577,0.0000,0.3152,68211,1,216374,0.3152,0.0000
234.53,0.9895,42388,0,60000,0.7065,0.9960,0.9917,42564,0,60000,0.7094,0.0099,0.1577,34127,1,216374,0.1577,0.0000,0.3152,68211,1,216374,0.3152,0.0000
235.03,0.9901,33977,0,60000,0.5663,0.0099,0.9917,42564,0,60000,0.7094,0.0099,0.1974,42706,1,216374,0.1974,0.0000,0.2763,59784,2,216374,0.2763,0.0000
235.53,0.9853,29624,0,60000,0.4937,0.0000,0.9464,44744,0,60000,0.7457,0.0000,0.1974,42706,1,216374,0.1974,0.0000,0.2763,59784,2,216374,0.2763,0.0000
236.03,0.9853,33720,0,60000,0.5620,0.0000,0.9377,48840,0,60000,0.8140,0.7398,0.1974,42706,1,216374,0.1974,0.0000,0.2763,59784,2,216374,0.2763,0.0000
236.53,0.9688,38145,0,60000,0.6358,0.0000,0.9574,51160,0,60000,0.8527,0.9959,0.1974,42706,1,216374,0.1974,0.0000,0.2763,59784,2,216374,0.2763,0.0000
237.03,0.9098,42264,0,60000,0.7044,0.6770,0.9574,51160,0,60000,0.8527,0.9959,0.1974,42706,1,216374,0.1974,0.0000,0.2763,59784,2,216374,0.2763,0.0000
237.53,0.9098,42264,0,60000,0.7044,0.6770,0.9574,51160,0,60000,0.8527,0.9959,0.1974,42706,1,216374,0.1974,0.0000,0.3165,68480,1,216374,0.3165,0.0000
238.03,0.9780,46360,0,60000,0.7727,0.0000,0.9574,51160,0,60000,0.8527,0.9959,0.1970,42620,1,216374,0.1970,0.0000,0.3165,68480,1,216374,0.3165,0.0000
238.53,0.9780,46360,0,60000,0.7727,0.0000,0.9580,34179,0,60000,0.5696,0.0000,0.1970,42620,1,216374,0.1970,0.0000,0.3165,68480,1,216374,0.3165,0.0000
239.03,0.9756,50343,0,60000,0.8390,0.8060,0.9580,34179,0,60000,0.5696,0.0000,0.1970,42620,1,216374,0.1970,0.0000,0.3165,68480,1,216374,0.3165,0.0000
239.53,0.9756,54439,0,60000,0.9073,0.0000,0.9949,25613,0,60000,0.4269,0.9958,0.1970,42620,1,216374,0.1970,0.0000,0.3165,68480,1,216374,0.3165,0.0000
240.03,0.9756,54439,0,60000,0.9073,0.0000,0.9750,29745,0,60000,0.4958,0.0000,0.1970,42620,1,216374,0.1970,0.0000,0.1979,42825,1,216374,0.1979,0.0000
240.53,0.9756,50014,0,60000,0.8336,0.0000,0.9645,33841,0,60000,0.5640,0.0099,0.1970,42620,1,216374,0.1970,0.0000,0.1979,42825,1,216374,0.1979,0.0000
241.03,0.9756,50014,0,60000,0.8336,0.0000,0.9645,33841,0,60000,0.5640,0.0099,0.1970,42620,1,216374,0.1970,0.0000,0.1979,42825,1,216374,0.1979,0.0000
241.53,0.9907,42525,0,60000,0.7087,0.9958,0.9157,37856,0,60000,0.6309,0.0000,0.1970,42620,1,216374,0.1970,0.0000,0.1979,42825,1,216374,0.1979,0.0000
242.03,0.9907,42525,0,60000,0.7087,0.9958,0.9840,33417,0,60000,0.5569,0.6759,0.1970,42620,1,216374,0.1970,0.0000,0.2372,51322,1,216374,0.2372,0.0000
242.53,0.9907,42525,0,60000,0.7087,0.9958,0.9840,33417,0,60000,0.5569,0.6759,0.1970,42620,1,216374,0.1970,0.0000,0.2372,51322,1,216374,0.2372,0.0000
243.03,0.9907,42525,0,60000,0.7087,0.9958,0.9095,37503,0,60000,0.6250,0.0000,0.3157,68311,1,216374,0.3157,0.0000,0.2372,51322,1,216374,0.2372,0.0000
243.53,0.9907,42525,0,60000,0.7087,0.9958,0.9778,41599,0,60000,0.6933,0.6775,0.3157,68311,1,216374,0.3157,0.0000,0.1580,34177,1,216374,0.1580,0.0000
244.03,0.9907,42525,0,60000,0.7087,0.9958,0.9778,41599,0,60000,0.6933,0.6775,0.3157,68311,1,216374,0.3157,0.0000,0.1580,34177,1,216374,0.1580,0.0000
244.53,0.9912,25500,0,60000,0.4250,0.9960,0.9634,37243,0,60000,0.6207,0.0000,0.3157,68311,1,216374,0.3157,0.0000,0.1580,34177,1,216374,0.1580,0.0000
245.03,0.9912,25500,0,60000,0.4250,0.9960,0.9346,41340,0,60000,0.6890,0.0101,0.3158,68340,1,216374,0.3158,0.0000,0.1580,34177,1,216374,0.1580,0.0000
245.53,0.9912,25500,0,60000,0.4250,0.9960,0.9346,41340,0,60000,0.6890,0.0101,0.3158,68340,1,216374,0.3158,0.0000,0.1580,34177,1,216374,0.1580,0.0000
246.03,0.9912,25500,0,60000,0.4250,0.9960,0.8992,53952,0,60000,0.8992,0.0000,0.3158,68340,1,216374,0.3158,0.0000,0.1580,34177,1,216374,0.1580,0.0000
246.53,0.9918,16994,0,60000,0.2832,0.9958,0.8992,53952,0,60000,0.8992,0.0000,0.3158,68340,1,216374,0.3158,0.0000,0.1580,34177,1,216374,0.1580,0.0000
247.03,0.9877,21126,0,60000,0.3521,0.0000,0.9678,58068,0,60000,0.9678,0.9148,0.2768,59901,1,216374,0.2768,0.0000,0.1580,34177,1,216374,0.1580,0.0000
247.54,0.9877,16748,0,60000,0.2791,0.0000,0.9678,58068,0,60000,0.9678,0.9148,0.2768,59901,1,216374,0.2768,0.0000,0.1580,34177,1,216374,0.1580,0.0000
248.04,0.9877,16748,0,60000,0.2791,0.0000,0.9203,55219,0,60000,0.9203,0.0000,0.2768,59901,1,216374,0.2768,0.0000,0.1580,34177,1,216374,0.1580,0.0000
248.54,0.9926,25540,0,60000,0.4257,0.9958,0.9886,50821,0,60000,0.8470,0.6779,0.2768,59901,1,216374,0.2768,0.0000,0.1584,34277,1,216374,0.1584,0.0000
249.04,0.9926,25540,0,60000,0.4257,0.9958,0.9886,50821,0,60000,0.8470,0.6779,0.3163,68431,1,216374,0.3163,0.0000,0.1584,34277,1,216374,0.1584,0.0000
249.54,0.9926,25540,0,60000,0.4257,0.9958,0.9631,54917,0,60000,0.9153,0.0000,0.3163,68431,1,216374,0.3163,0.0000,0.1584,34277,1,216374,0.1584,0.0000
250.04,0.9707,4138,0,60000,0.0690,0.0000,0.9836,59013,0,60000,0.9836,0.0000,0.3163,68431,1,216374,0.3163,0.0000,0.1189,25735,1,216374,0.1189,0.0000
250.54,0.9101,16708,0,60000,0.2785,0.9668,0.9836,59013,0,60000,0.9836,0.0000,0.3163,68431,1,216374,0.3163,0.0000,0.1189,25735,1,216374,0.1189,0.0000
251.04,0.9101,16708,0,60000,0.2785,0.9668,0.9219,55314,0,60000,0.9219,0.0000,0.3163,68431,1,216374,0.3163,0.0000,0.1189,25735,1,216374,0.1189,0.0000
251.54,0.9101,16708,0,60000,0.2785,0.9668,0.9219,55314,0,60000,0.9219,0.0000,0.3163,68431,1,216374,0.3163,0.0000,0.1189,25735,1,216374,0.1189,0.0000
252.04,0.9832,21096,0,60000,0.3516,0.0000,0.9902,59410,0,60000,0.9902,0.9658,0.3168,68542,1,216374,0.3168,0.0000,0.1189,25735,1,216374,0.1189,0.0000
252.54,0.9820,33706,0,60000,0.5618,0.9582,0.9902,59410,0,60000,0.9902,0.9658,0.3168,68542,1,216374,0.3168,0.0000,0.1189,25735,1,216374,0.1189,0.0000
253.04,0.9820,33706,0,60000,0.5618,0.9582,0.9699,38168,0,60000,0.6361,0.0000,0.3168,68542,1,216374,0.3168,0.0000,0.1189,25735,1,216374,0.1189,0.0000
253.54,0.9882,21217,0,60000,0.3536,0.0000,0.8462,42264,0,60000,0.7044,0.0099,0.3168,68542,1,216374,0.3168,0.0000,0.1189,25735,1,216374,0.1189,0.0000
254.04,0.9882,25313,0,60000,0.4219,0.0000,0.9145,37873,0,60000,0.6312,0.0000,0.3168,68542,1,216374,0.3168,0.0000,0.1189,25735,1,216374,0.1189,0.0000
254.54,0.9882,25313,0,60000,0.4219,0.0000,0.9145,37873,0,60000,0.6312,0.0000,0.3168,68542,1,216374,0.3168,0.0000,0.1975,42729,1,216374,0.1975,0.0000
255.04,0.9928,8508,0,60000,0.1418,0.0099,0.9828,41969,0,60000,0.6995,0.0099,0.3166,68501,2,216374,0.3166,0.0000,0.1975,42729,1,216374,0.1975,0.0000
255.54,0.9879,12604,0,60000,0.2101,0.0000,0.9828,41969,0,60000,0.6995,0.0099,0.3166,68501,2,216374,0.3166,0.0000,0.1975,42729,1,216374,0.1975,0.0000
256.04,0.9879,16700,0,60000,0.2783,0.0000,0.9092,37499,0,60000,0.6250,0.0000,0.3166,68501,2,216374,0.3166,0.0000,0.1574,34068,1,216374,0.1574,0.0000
256.54,0.9921,25401,0,60000,0.4234,0.9960,0.9775,41595,0,60000,0.6933,0.0099,0.3166,68501,2,216374,0.3166,0.0000,0.1574,34068,1,216374,0.1574,0.0000
257.04,0.9921,25401,0,60000,0.4234,0.9960,0.9775,41595,0,60000,0.6933,0.0099,0.3166,68501,2,216374,0.3166,0.0000,0.1574,34068,1,216374,0.1574,0.0000
257.54,0.9764,12620,0,60000,0.2103,0.0000,0.9623,37172,0,60000,0.6195,0.0000,0.3166,68501,2,216374,0.3166,0.0000,0.1574,34068,1,216374,0.1574,0.0000
258.04,0.9764,16716,0,60000,0.2786,0.0099,0.9623,37172,0,60000,0.6195,0.0000,0.3166,68501,2,216374,0.3166,0.0000,0.1574,34068,1,216374,0.1574,0.0000
258.54,0.9764,16716,0,60000,0.2786,0.0099,0.8980,32717,0,60000,0.5453,0.0099,0.3558,76989,1,216374,0.3558,0.0000,0.1574,34068,1,216374,0.1574,0.0000
259.04,0.9764,12329,0,60000,0.2055,0.0000,0.8980,32717,0,60000,0.5453,0.0099,0.3558,76989,1,216374,0.3558,0.0000,0.1574,34068,1,216374,0.1574,0.0000
259.54,0.9760,16425,0,60000,0.2737,0.0000,0.9597,36888,0,60000,0.6148,0.0000,0.3558,76989,1,216374,0.3558,0.0000,0.1574,34068,1,216374,0.1574,0.0000
260.04,0.9859,25483,0,60000,0.4247,0.9958,0.9597,36888,0,60000,0.6148,0.0000,0.3558,76989,1,216374,0.3558,0.0000,0.1574,34068,1,216374,0.1574,0.0000
260.54,0.9859,25483,0,60000,0.4247,0.9958,0.9545,32428,0,60000,0.5405,0.6778,0.3558,76989,1,216374,0.3558,0.0000,0.1574,34068,1,216374,0.1574,0.0000
261.04,0.9859,25483,0,60000,0.4247,0.9958,0.9545,32428,0,60000,0.5405,0.6778,0.3558,76989,1,216374,0.3558,0.0000,0.1576,34103,1,216374,0.1576,0.0000
261.54,0.9859,25483,0,60000,0.4247,0.9958,0.8932,45034,0,60000,0.7506,0.0000,0.3166,68496,1,216374,0.3166,0.0000,0.1576,34103,1,216374,0.1576,0.0000
262.04,0.9859,25483,0,60000,0.4247,0.9958,0.8932,45034,0,60000,0.7506,0.0000,0.3166,68496,1,216374,0.3166,0.0000,0.1576,34103,1,216374,0.1576,0.0000
262.54,0.9859,25483,0,60000,0.4247,0.9958,0.9614,32231,0,60000,0.5372,0.6772,0.3166,68496,1,216374,0.3166,0.0000,0.1576,34103,1,216374,0.1576,0.0000
263.04,0.9865,8564,0,60000,0.1427,0.9959,0.9614,32231,0,60000,0.5372,0.6772,0.3166,68496,1,216374,0.3166,0.0000,0.1576,34103,1,216374,0.1576,0.0000
263.54,0.9865,8564,0,60000,0.1427,0.9959,0.9554,36327,0,60000,0.6055,0.0000,0.3166,68496,1,216374,0.3166,0.0000,0.1576,34103,1,216374,0.1576,0.0000
264.04,0.9870,17051,0,60000,0.2842,0.9978,0.9554,36327,0,60000,0.6055,0.0000,0.3169,68572,1,216374,0.3169,0.0000,0.1576,34103,1,216374,0.1576,0.0000
264.54,0.9870,17051,0,60000,0.2842,0.9978,0.9554,31901,0,60000,0.5317,0.0099,0.3169,68572,1,216374,0.3169,0.0000,0.1576,34103,1,216374,0.1576,0.0000
265.04,0.9870,17051,0,60000,0.2842,0.9978,0.9392,27428,0,60000,0.4571,0.0000,0.3169,68572,1,216374,0.3169,0.0000,0.1576,34103,1,216374,0.1576,0.0000
265.54,0.9870,17051,0,60000,0.2842,0.9978,0.9131,31524,0,60000,0.5254,0.0099,0.2765,59833,1,216374,0.2765,0.0000,0.1576,34103,1,216374,0.1576,0.0000
266.04,0.9873,4137,0,60000,0.0689,0.0000,0.9131,31524,0,60000,0.5254,0.0099,0.2765,59833,1,216374,0.2765,0.0000,0.1576,34103,1,216374,0.1576,0.0000
266.54,0.9873,8233,0,60000,0.1372,0.0000,0.9813,18626,0,60000,0.3104,0.0000,0.2765,59833,1,216374,0.2765,0.0000,0.1576,34103,1,216374,0.1576,0.0000
267.04,0.9873,8233,0,60000,0.1372,0.0000,0.9813,18626,0,60000,0.3104,0.0000,0.2765,59833,1,216374,0.2765,0.0000,0.1576,34103,1,216374,0.1576,0.0000
267.54,0.9873,8233,0,60000,0.1372,0.0000,0.9068,22723,0,60000,0.3787,0.0101,0.2765,59833,1,216374,0.2765,0.0000,0.1576,34103,1,216374,0.1576,0.0000
268.04,0.9873,8233,0,60000,0.1372,0.0000,0.9068,22723,0,60000,0.3787,0.0101,0.2765,59833,1,216374,0.2765,0.0000,0.3158,68321,1,216374,0.3158,0.0000
268.54,0.9854,4137,0,60000,0.0689,0.0000,0.9748,26719,0,60000,0.4453,0.0000,0.2765,59833,1,216374,0.2765,0.0000,0.3158,68321,1,216374,0.3158,0.0000
269.04,0.9812,8233,0,60000,0.1372,0.0000,0.9748,26719,0,60000,0.4453,0.0000,0.2765,59833,1,216374,0.2765,0.0000,0.3158,68321,1,216374,0.3158,0.0000
269.54,0.9812,8233,0,60000,0.1372,0.0000,0.9558,22250,0,60000,0.3708,0.6755,0.2765,59833,1,216374,0.2765,0.0000,0.3158,68321,1,216374,0.3158,0.0000
270.04,0.9856,12591,0,60000,0.2099,0.0000,0.8697,34829,0,60000,0.5805,0.0000,0.2759,59688,1,216374,0.2759,0.0000,0.3158,68321,1,216374,0.3158,0.0000
270.54,0.9856,12591,0,60000,0.2099,0.0000,0.8697,34829,0,60000,0.5805,0.0000,0.2759,59688,1,216374,0.2759,0.0000,0.3158,68321,1,216374,0.3158,0.0000
271.04,0.9856,8233,0,60000,0.1372,0.0000,0.9380,30371,0,60000,0.5062,0.6765,0.2759,59688,1,216374,0.2759,0.0000,0.3158,68321,1,216374,0.3158,0.0000
271.54,0.9897,16914,0,60000,0.2819,0.9960,0.9259,34467,0,60000,0.5745,0.0000,0.2759,59688,1,216374,0.2759,0.0000,0.3158,68321,1,216374,0.3158,0.0000
272.04,0.9897,16914,0,60000,0.2819,0.9960,0.9259,34467,0,60000,0.5745,0.0000,0.2759,59688,1,216374,0.2759,0.0000,0.2763,59782,1,216374,0.2763,0.0000
272.54,0.9897,16914,0,60000,0.2819,0.9960,0.9942,38563,0,60000,0.6427,0.0099,0.2759,59688,1,216374,0.2759,0.0000,0.2763,59782,1,216374,0.2763,0.0000
273.04,0.9897,16914,0,60000,0.2819,0.9960,0.9942,25718,0,60000,0.4286,0.0000,0.2759,59688,1,216374,0.2759,0.0000,0.2763,59782,1,216374,0.2763,0.0000
273.54,0.9897,16914,0,60000,0.2819,0.9960,0.9942,25718,0,60000,0.4286,0.0000,0.2755,59616,1,216374,0.2755,0.0000,0.2763,59782,1,216374,0.2763,0.0000
274.04,0.9897,16914,0,60000,0.2819,0.9960,0.9634,21295,0,60000,0.3549,0.0000,0.2755,59616,1,216374,0.2755,0.0000,0.2763,59782,1,216374,0.2763,0.0000
274.54,0.9897,16914,0,60000,0.2819,0.9960,0.9404,25391,0,60000,0.4232,0.0104,0.2755,59616,1,216374,0.2755,0.0000,0.2763,59782,1,216374,0.2763,0.0000
275.04,0.9897,16914,0,60000,0.2819,0.9960,0.9404,25391,0,60000,0.4232,0.0104,0.2755,59616,1,216374,0.2755,0.0000,0.2763,59782,1,216374,0.2763,0.0000
275.54,0.9855,4137,0,60000,0.0689,0.0000,0.9404,20994,0,60000,0.3499,0.0000,0.2755,59616,1,216374,0.2755,0.0000,0.2763,59782,1,216374,0.2763,0.0000
276.04,0.9855,8233,0,60000,0.1372,0.0000,0.9404,20994,0,60000,0.3499,0.0000,0.2755,59616,1,216374,0.2755,0.0000,0.2763,59782,1,216374,0.2763,0.0000
276.54,0.9855,8233,0,60000,0.1372,0.0000,0.9298,16659,0,60000,0.2777,0.0099,0.2755,59616,1,216374,0.2755,0.0000,0.2763,59782,1,216374,0.2763,0.0000
277.04,0.9855,8233,0,60000,0.1372,0.0000,0.9981,20755,0,60000,0.3459,0.0000,0.2755,59616,1,216374,0.2755,0.0000,0.2765,59833,1,216374,0.2765,0.0000
277.54,0.9855,8233,0,60000,0.1372,0.0000,0.9981,20755,0,60000,0.3459,0.0000,0.2755,59616,1,216374,0.2755,0.0000,0.2765,59833,1,216374,0.2765,0.0000
278.04,0.9853,4137,0,60000,0.0689,0.0000,0.9981,16357,0,60000,0.2726,0.0099,0.2755,59616,1,216374,0.2755,0.0000,0.2765,59833,1,216374,0.2765,0.0000
278.54,0.9853,8233,0,60000,0.1372,0.0000,0.9981,16357,0,60000,0.2726,0.0099,0.2760,59718,1,216374,0.2760,0.0000,0.2765,59833,1,216374,0.2765,0.0000
279.04,0.9853,8233,0,60000,0.1372,0.0000,0.9880,20453,0,60000,0.3409,0.0000,0.2760,59718,1,216374,0.2760,0.0000,0.2765,59833,1,216374,0.2765,0.0000
279.54,0.9853,8233,0,60000,0.1372,0.0000,0.9880,20453,0,60000,0.3409,0.0000,0.2760,59718,1,216374,0.2760,0.0000,0.2765,59833,1,216374,0.2765,0.0000
280.04,0.9853,8233,0,60000,0.1372,0.0000,0.9880,16076,0,60000,0.2679,0.0099,0.2760,59718,1,216374,0.2760,0.0000,0.1976,42752,1,216374,0.1976,0.0000
280.54,0.9853,8233,0,60000,0.1372,0.0000,0.9015,20172,0,60000,0.3362,0.0000,0.2760,59718,1,216374,0.2760,0.0000,0.1976,42752,1,216374,0.1976,0.0000
281.04,0.9853,8233,0,60000,0.1372,0.0000,0.9015,20172,0,60000,0.3362,0.0000,0.2760,59718,1,216374,0.2760,0.0000,0.1976,42752,1,216374,0.1976,0.0000
281.54,0.9853,8233,0,60000,0.1372,0.0000,0.9698,15827,0,60000,0.2638,0.0099,0.2760,59718,1,216374,0.2760,0.0000,0.1976,42752,1,216374,0.1976,0.0000
282.04,0.9849,4137,0,60000,0.0689,0.0000,0.9698,15827,0,60000,0.2638,0.0099,0.2760,59718,1,216374,0.2760,0.0000,0.1976,42752,1,216374,0.1976,0.0000
282.54,0.9849,8234,0,60000,0.1372,0.0101,0.8960,28394,0,60000,0.4732,0.0000,0.2760,59718,1,216374,0.2760,0.0000,0.1976,42752,1,216374,0.1976,0.0000
283.04,0.9747,12330,0,60000,0.2055,0.0000,0.9643,23952,0,60000,0.3992,0.6762,0.2760,59718,1,216374,0.2760,0.0000,0.1976,42752,1,216374,0.1976,0.0000
283.54,0.9747,12330,0,60000,0.2055,0.0000,0.9643,23952,0,60000,0.3992,0.6762,0.2760,59718,1,216374,0.2760,0.0000,0.1976,42752,1,216374,0.1976,0.0000
284.04,0.9703,24955,0,60000,0.4159,0.6777,0.9627,31819,0,60000,0.5303,0.0000,0.2760,59718,1,216374,0.2760,0.0000,0.2373,51336,1,216374,0.2373,0.0000
284.54,0.9703,29051,0,60000,0.4842,0.0000,0.9627,31819,0,60000,0.5303,0.0000,0.2760,59718,1,216374,0.2760,0.0000,0.2373,51336,1,216374,0.2373,0.0000
285.04,0.9703,29051,0,60000,0.4842,0.0000,0.9449,27358,0,60000,0.4560,0.4820,0.2760,59718,1,216374,0.2760,0.0000,0.2373,51336,1,216374,0.2373,0.0000
285.54,0.9662,24638,0,60000,0.4106,0.0099,0.8813,31454,0,60000,0.5242,0.0099,0.2760,59718,1,216374,0.2760,0.0000,0.2373,51336,1,216374,0.2373,0.0000
286.04,0.9662,28734,0,60000,0.4789,0.0000,0.8813,31454,0,60000,0.5242,0.0099,0.2760,59718,1,216374,0.2760,0.0000,0.2373,51336,1,216374,0.2373,0.0000
286.54,0.9662,28734,0,60000,0.4789,0.0000,0.9496,35550,0,60000,0.5925,0.0000,0.2760,59718,1,216374,0.2760,0.0000,0.2373,51336,1,216374,0.2373,0.0000
287.04,0.9616,24384,0,60000,0.4064,0.0000,0.9496,35550,0,60000,0.5925,0.0000,0.2760,59718,1,216374,0.2760,0.0000,0.2373,51336,1,216374,0.2373,0.0000
287.54,0.9805,25460,0,60000,0.4243,0.9959,0.9496,22687,0,60000,0.3781,0.0099,0.3553,76882,1,216374,0.3553,0.0000,0.1185,25632,1,216374,0.1185,0.0000
288.04,0.9805,25460,0,60000,0.4243,0.9959,0.9496,22687,0,60000,0.3781,0.0099,0.3553,76882,1,216374,0.3553,0.0000,0.1185,25632,1,216374,0.1185,0.0000
288.54,0.9805,25460,0,60000,0.4243,0.9959,0.9300,18300,0,60000,0.3050,0.0000,0.2764,59801,1,216374,0.2764,0.0000,0.1185,25632,1,216374,0.1185,0.0000
289.04,0.9810,17031,0,60000,0.2838,0.9960,0.9982,13908,0,60000,0.2318,0.0099,0.2764,59801,1,216374,0.2764,0.0000,0.1185,25632,1,216374,0.1185,0.0000
289.54,0.9816,21161,0,60000,0.3527,0.0000,0.9864,18004,0,60000,0.3001,0.0000,0.2764,59801,1,216374,0.2764,0.0000,0.1185,25632,1,216374,0.1185,0.0000
290.04,0.9765,16713,0,60000,0.2786,0.0000,0.9864,18004,0,60000,0.3001,0.0000,0.2764,59801,1,216374,0.2764,0.0000,0.1185,25632,1,216374,0.1185,0.0000
290.54,0.9808,12624,0,60000,0.2104,0.0000,0.9864,18004,0,60000,0.3001,0.0000,0.3162,68428,1,216374,0.3162,0.0000,0.1185,25632,1,216374,0.1185,0.0000
291.04,0.9808,16720,0,60000,0.2787,0.0000,0.9864,13640,0,60000,0.2273,0.0099,0.3162,68428,1,216374,0.3162,0.0000,0.1185,25632,1,216374,0.1185,0.0000
291.54,0.9808,16720,0,60000,0.2787,0.0000,0.9759,17736,0,60000,0.2956,0.0000,0.3162,68428,1,216374,0.3162,0.0000,0.1185,25632,1,216374,0.1185,0.0000
292.04,0.9808,16720,0,60000,0.2787,0.0000,0.9759,17736,0,60000,0.2956,0.0000,0.3162,68428,1,216374,0.3162,0.0000,0.1185,25632,1,216374,0.1185,0.0000
292.54,0.9808,16720,0,60000,0.2787,0.0000,0.9759,13318,0,60000,0.2220,0.0099,0.2375,51387,1,216374,0.2375,0.0000,0.1185,25632,1,216374,0.1185,0.0000
293.04,0.9808,16720,0,60000,0.2787,0.0000,0.9662,17414,0,60000,0.2902,0.0000,0.2375,51387,1,216374,0.2375,0.0000,0.1185,25632,1,216374,0.1185,0.0000
293.54,0.9808,16720,0,60000,0.2787,0.0000,0.9662,17414,0,60000,0.2902,0.0000,0.2375,51387,1,216374,0.2375,0.0000,0.1185,25632,1,216374,0.1185,0.0000
294.04,0.9862,8521,0,60000,0.1420,0.9958,0.9662,13008,0,60000,0.2168,0.0099,0.2375,51387,1,216374,0.2375,0.0000,0.1185,25632,1,216374,0.1185,0.0000
294.54,0.9868,4137,0,60000,0.0689,0.0000,0.8511,17104,0,60000,0.2851,0.0000,0.2375,51387,1,216374,0.2375,0.0000,0.1185,25632,1,216374,0.1185,0.0000
295.04,0.9720,16719,0,60000,0.2787,0.6766,0.8511,17104,0,60000,0.2851,0.0000,0.2375,51387,1,216374,0.2375,0.0000,0.2761,59736,1,216374,0.2761,0.0000
295.54,0.9720,16719,0,60000,0.2787,0.6766,0.8511,17104,0,60000,0.2851,0.0000,0.2375,51387,1,216374,0.2375,0.0000,0.2761,59736,1,216374,0.2761,0.0000
296.04,0.9632,20815,0,60000,0.3469,0.0000,0.9194,12646,0,60000,0.2108,0.0000,0.2375,51387,1,216374,0.2375,0.0000,0.2761,59736,1,216374,0.2761,0.0000
296.54,0.9632,33430,0,60000,0.5572,0.6774,0.9877,16742,0,60000,0.2790,0.0099,0.2768,59885,1,216374,0.2768,0.0000,0.2761,59736,1,216374,0.2761,0.0000
297.04,0.9039,37526,0,60000,0.6254,0.0000,0.9877,16742,0,60000,0.2790,0.0099,0.2768,59885,1,216374,0.2768,0.0000,0.2761,59736,1,216374,0.2761,0.0000
297.54,0.9039,37526,0,60000,0.6254,0.0000,0.9359,12371,0,60000,0.2062,0.0000,0.2768,59885,1,216374,0.2768,0.0000,0.2761,59736,1,216374,0.2761,0.0000
298.04,0.9721,24551,0,60000,0.4092,0.0099,0.9037,16468,0,60000,0.2745,0.0101,0.2768,59885,1,216374,0.2768,0.0000,0.2761,59736,1,216374,0.2761,0.0000
298.54,0.9721,24551,0,60000,0.4092,0.0099,0.9719,20564,0,60000,0.3427,0.0000,0.2768,59885,1,216374,0.2768,0.0000,0.2761,59736,1,216374,0.2761,0.0000
299.04,0.9721,28647,0,60000,0.4774,0.0000,0.9719,20564,0,60000,0.3427,0.0000,0.2768,59885,1,216374,0.2768,0.0000,0.2761,59736,1,216374,0.2761,0.0000
299.54,0.9662,41259,0,60000,0.6876,0.8660,0.9204,16130,0,60000,0.2688,0.0099,0.2770,59941,1,216374,0.2770,0.0000,0.2366,51195,1,216374,0.2366,0.0000
300.04,0.9662,41259,0,60000,0.6876,0.8660,0.9204,16130,0,60000,0.2688,0.0099,0.2770,59941,1,216374,0.2770,0.0000,0.2366,51195,1,216374,0.2366,0.0000
300.54,0.9883,29689,0,60000,0.4948,0.0000,0.9887,20226,0,60000,0.3371,0.0000,0.2770,59941,1,216374,0.2770,0.0000,0.2366,51195,1,216374,0.2366,0.0000
301.04,0.9883,29689,0,60000,0.4948,0.0000,0.9887,20226,0,60000,0.3371,0.0000,0.2770,59941,1,216374,0.2770,0.0000,0.2366,51195,1,216374,0.2366,0.0000
301.54,0.9883,25248,0,60000,0.4208,0.0000,0.9887,15789,0,60000,0.2631,0.0099,0.2770,59941,1,216374,0.2770,0.0000,0.2366,51195,1,216374,0.2366,0.0000
302.04,0.9883,25248,0,60000,0.4208,0.0000,0.8682,28360,0,60000,0.4727,0.0000,0.2375,51396,1,216374,0.2375,0.0000,0.2366,51195,1,216374,0.2366,0.0000
302.54,0.9883,25248,0,60000,0.4208,0.0000,0.8682,28360,0,60000,0.4727,0.0000,0.2375,51396,1,216374,0.2375,0.0000,0.2366,51195,1,216374,0.2366,0.0000
303.04,0.9880,12640,0,60000,0.2107,0.0000,0.9365,23993,0,60000,0.3999,0.6763,0.2375,51396,1,216374,0.2375,0.0000,0.2366,51195,1,216374,0.2366,0.0000
303.54,0.9880,12640,0,60000,0.2107,0.0000,0.9365,23993,0,60000,0.3999,0.6763,0.2375,51396,1,216374,0.2375,0.0000,0.2366,51195,1,216374,0.2366,0.0000
304.04,0.9880,16737,0,60000,0.2789,0.0101,0.8869,36217,0,60000,0.6036,0.0000,0.1586,34321,2,216374,0.1586,0.0000,0.2366,51195,1,216374,0.2366,0.0000
304.54,0.9880,16737,0,60000,0.2789,0.0101,0.9814,33350,0,60000,0.5558,0.7050,0.1586,34321,2,216374,0.1586,0.0000,0.2366,51195,1,216374,0.2366,0.0000
305.04,0.9774,12330,0,60000,0.2055,0.0000,0.9814,33350,0,60000,0.5558,0.7050,0.1586,34321,2,216374,0.1586,0.0000,0.2366,51195,1,216374,0.2366,0.0000
305.54,0.9096,16426,0,60000,0.2738,0.0000,0.9663,37446,0,60000,0.6241,0.0000,0.1586,34321,2,216374,0.1586,0.0000,0.4332,93729,1,216374,0.4332,0.0000
306.04,0.9096,16426,0,60000,0.2738,0.0000,0.9663,37446,0,60000,0.6241,0.0000,0.1586,34321,2,216374,0.1586,0.0000,0.4332,93729,1,216374,0.4332,0.0000
306.54,0.9096,16426,0,60000,0.2738,0.0000,0.9614,33088,0,60000,0.5515,0.0101,0.1586,34321,2,216374,0.1586,0.0000,0.4332,93729,1,216374,0.4332,0.0000
307.04,0.9198,17112,0,60000,0.2852,0.9959,0.9614,28673,0,60000,0.4779,0.0000,0.1586,34321,2,216374,0.1586,0.0000,0.4332,93729,1,216374,0.4332,0.0000
307.54,0.9198,17112,0,60000,0.2852,0.9959,0.9614,28673,0,60000,0.4779,0.0000,0.1586,34321,2,216374,0.1586,0.0000,0.4332,93729,1,216374,0.4332,0.0000
308.04,0.9198,17112,0,60000,0.2852,0.9959,0.9397,24245,0,60000,0.4041,0.0099,0.1586,34321,2,216374,0.1586,0.0000,0.3940,85256,1,216374,0.3940,0.0000
308.54,0.9887,4137,0,60000,0.0689,0.0000,0.9397,24245,0,60000,0.4041,0.0099,0.1586,34321,2,216374,0.1586,0.0000,0.3940,85256,1,216374,0.3940,0.0000
309.04,0.9887,8233,0,60000,0.1372,0.0099,0.9295,19872,0,60000,0.3312,0.0000,0.1586,34321,2,216374,0.1586,0.0000,0.3940,85256,1,216374,0.3940,0.0000
309.54,0.9887,8233,0,60000,0.1372,0.0099,0.9978,15473,0,60000,0.2579,0.0099,0.1586,34321,2,216374,0.1586,0.0000,0.3940,85256,1,216374,0.3940,0.0000
310.04,0.9717,12329,0,60000,0.2055,0.0000,0.9978,15473,0,60000,0.2579,0.0099,0.1586,34321,2,216374,0.1586,0.0000,0.3543,76658,1,216374,0.3543,0.0000
310.54,0.9615,16425,0,60000,0.2737,0.0099,0.9978,19569,0,60000,0.3261,0.0000,0.1586,34321,2,216374,0.1586,0.0000,0.3543,76658,1,216374,0.3543,0.0000
311.04,0.9615,20521,0,60000,0.3420,0.0000,0.9978,19569,0,60000,0.3261,0.0000,0.1586,34321,2,216374,0.1586,0.0000,0.3543,76658,1,216374,0.3543,0.0000
311.54,0.9615,20521,0,60000,0.3420,0.0000,0.9611,15193,0,60000,0.2532,0.0099,0.1586,34321,2,216374,0.1586,0.0000,0.3543,76658,1,216374,0.3543,0.0000
312.04,0.8989,16159,0,60000,0.2693,0.0099,0.8869,27725,0,60000,0.4621,0.0000,0.1586,34321,2,216374,0.1586,0.0000,0.3154,68254,1,216374,0.3154,0.0000
312.54,0.8989,16159,0,60000,0.2693,0.0099,0.8869,27725,0,60000,0.4621,0.0000,0.1586,34321,2,216374,0.1586,0.0000,0.3154,68254,1,216374,0.3154,0.0000
313.04,0.9671,20255,0,60000,0.3376,0.0000,0.9552,23368,0,60000,0.3895,0.6753,0.1586,34321,2,216374,0.1586,0.0000,0.3154,68254,1,216374,0.3154,0.0000
313.54,0.9002,15863,0,60000,0.2644,0.0000,0.9347,27464,0,60000,0.4577,0.0000,0.2374,51360,1,216374,0.2374,0.0000,0.3154,68254,1,216374,0.3154,0.0000
314.04,0.9002,15863,0,60000,0.2644,0.0000,0.9347,27464,0,60000,0.4577,0.0000,0.2374,51360,1,216374,0.2374,0.0000,0.3154,68254,1,216374,0.3154,0.0000
314.54,0.9207,25550,0,60000,0.4258,0.9960,0.9032,23003,0,60000,0.3834,0.0099,0.2374,51360,1,216374,0.2374,0.0000,0.3154,68254,1,216374,0.3154,0.0000
315.04,0.9212,17038,0,60000,0.2840,0.0099,0.9032,23003,0,60000,0.3834,0.0099,0.2374,51360,1,216374,0.2374,0.0000,0.3154,68254,1,216374,0.3154,0.0000
315.54,0.9895,21134,0,60000,0.3522,0.0000,0.9715,27099,0,60000,0.4516,0.0000,0.2374,51360,1,216374,0.2374,0.0000,0.3154,68254,1,216374,0.3154,0.0000
316.04,0.9895,25230,0,60000,0.4205,0.0000,0.9715,27099,0,60000,0.4516,0.0000,0.2374,51360,1,216374,0.2374,0.0000,0.3155,68262,1,216374,0.3155,0.0000
316.54,0.9895,25230,0,60000,0.4205,0.0000,0.9042,14161,0,60000,0.2360,0.0101,0.2374,51360,1,216374,0.2374,0.0000,0.3155,68262,1,216374,0.3155,0.0000
317.04,0.9895,25230,0,60000,0.4205,0.0000,0.9725,18257,0,60000,0.3043,0.0000,0.2374,51360,1,216374,0.2374,0.0000,0.2368,51231,1,216374,0.2368,0.0000
317.55,0.9895,25230,0,60000,0.4205,0.0000,0.9725,18257,0,60000,0.3043,0.0000,0.1578,34149,1,216374,0.1578,0.0000,0.2368,51231,1,216374,0.2368,0.0000
318.05,0.9895,25230,0,60000,0.4205,0.0000,0.9089,13902,0,60000,0.2317,0.0099,0.1578,34149,1,216374,0.1578,0.0000,0.2368,51231,1,216374,0.2368,0.0000
318.55,0.9895,25230,0,60000,0.4205,0.0000,0.9376,25024,0,60000,0.4171,0.0000,0.1578,34149,1,216374,0.1578,0.0000,0.2368,51231,1,216374,0.2368,0.0000
319.05,0.9895,25230,0,60000,0.4205,0.0000,0.9376,25024,0,60000,0.4171,0.0000,0.1578,34149,1,216374,0.1578,0.0000,0.2368,51231,1,216374,0.2368,0.0000
319.55,0.9848,12677,0,60000,0.2113,0.0000,0.9101,20623,0,60000,0.3437,0.6331,0.1578,34149,1,216374,0.1578,0.0000,0.2368,51231,1,216374,0.2368,0.0000
320.05,0.9830,25265,0,60000,0.4211,0.9606,0.9101,20623,0,60000,0.3437,0.6331,0.1578,34149,1,216374,0.1578,0.0000,0.2368,51231,1,216374,0.2368,0.0000
320.55,0.9830,25265,0,60000,0.4211,0.9606,0.9784,24719,0,60000,0.4120,0.0099,0.1578,34149,1,216374,0.1578,0.0000,0.2368,51231,1,216374,0.2368,0.0000
321.05,0.9888,21172,0,60000,0.3529,0.0000,0.9784,24719,0,60000,0.4120,0.0099,0.1578,34149,1,216374,0.1578,0.0000,0.2368,51231,1,216374,0.2368,0.0000
321.55,0.9888,25268,0,60000,0.4211,0.0000,0.9412,20317,0,60000,0.3386,0.0000,0.1578,34149,1,216374,0.1578,0.0000,0.2368,51231,1,216374,0.2368,0.0000
322.05,0.9888,25268,0,60000,0.4211,0.0000,0.8310,24414,0,60000,0.4069,0.0101,0.1578,34149,1,216374,0.1578,0.0000,0.2368,51231,1,216374,0.2368,0.0000
322.55,0.9888,25268,0,60000,0.4211,0.0000,0.8992,28510,0,60000,0.4752,0.0000,0.1579,34163,1,216374,0.1579,0.0000,0.2768,59900,1,216374,0.2768,0.0000
323.05,0.9888,25268,0,60000,0.4211,0.0000,0.8992,28510,0,60000,0.4752,0.0000,0.1579,34163,1,216374,0.1579,0.0000,0.2768,59900,1,216374,0.2768,0.0000
323.55,0.9843,4137,0,60000,0.0689,0.0000,0.9675,24173,0,60000,0.4029,0.0101,0.1579,34163,1,216374,0.1579,0.0000,0.2768,59900,1,216374,0.2768,0.0000
324.05,0.9735,8233,0,60000,0.1372,0.0000,0.9675,24173,0,60000,0.4029,0.0101,0.1579,34163,1,216374,0.1579,0.0000,0.2768,59900,1,216374,0.2768,0.0000
324.55,0.9735,8233,0,60000,0.1372,0.0000,0.9159,28293,0,60000,0.4716,0.0000,0.1579,34163,1,216374,0.1579,0.0000,0.2377,51440,1,216374,0.2377,0.0000
325.05,0.9735,8233,0,60000,0.1372,0.0000,0.9159,28293,0,60000,0.4716,0.0000,0.1579,34163,1,216374,0.1579,0.0000,0.2377,51440,1,216374,0.2377,0.0000
325.55,0.9792,17081,0,60000,0.2847,0.9959,0.9520,40814,0,60000,0.6802,0.9328,0.1579,34163,1,216374,0.1579,0.0000,0.2377,51440,1,216374,0.2377,0.0000
326.05,0.9792,17081,0,60000,0.2847,0.9959,0.9827,42657,0,60000,0.7109,0.0099,0.1579,34163,1,216374,0.1579,0.0000,0.2377,51440,1,216374,0.2377,0.0000
326.55,0.9792,17081,0,60000,0.2847,0.9959,0.9827,42657,0,60000,0.7109,0.0099,0.0397,8585,1,216374,0.0397,0.0000,0.2377,51440,1,216374,0.2377,0.0000
327.05,0.9792,17081,0,60000,0.2847,0.9959,0.9379,39185,0,60000,0.6531,0.0000,0.0397,8585,1,216374,0.0397,0.0000,0.2377,51440,1,216374,0.2377,0.0000
327.55,0.9792,17081,0,60000,0.2847,0.9959,0.9198,43281,0,60000,0.7214,0.1967,0.0397,8585,1,216374,0.0397,0.0000,0.2377,51440,1,216374,0.2377,0.0000
328.05,0.9792,17081,0,60000,0.2847,0.9959,0.9198,43281,0,60000,0.7214,0.1967,0.0397,8585,1,216374,0.0397,0.0000,0.2375,51384,1,216374,0.2375,0.0000
328.55,0.9798,8575,0,60000,0.1429,0.9959,0.9749,47296,0,60000,0.7883,0.8155,0.0397,8585,1,216374,0.0397,0.0000,0.2375,51384,1,216374,0.2375,0.0000
329.05,0.9798,8575,0,60000,0.1429,0.9959,0.9749,47296,0,60000,0.7883,0.8155,0.0397,8585,1,216374,0.0397,0.0000,0.2375,51384,1,216374,0.2375,0.0000
329.55,0.9798,8575,0,60000,0.1429,0.9959,0.9749,47296,0,60000,0.7883,0.8155,0.0397,8585,1,216374,0.0397,0.0000,0.2375,51384,1,216374,0.2375,0.0000
330.05,0.9798,8575,0,60000,0.1429,0.9959,0.9749,47296,0,60000,0.7883,0.8155,0.0397,8585,1,216374,0.0397,0.0000,0.1585,34297,1,216374,0.1585,0.0000
330.55,0.9798,8575,0,60000,0.1429,0.9959,0.9942,42598,0,60000,0.7100,0.9958,0.0397,8585,1,216374,0.0397,0.0000,0.1585,34297,1,216374,0.1585,0.0000
331.05,0.9798,8575,0,60000,0.1429,0.9959,0.9942,42598,0,60000,0.7100,0.9958,0.0397,8585,1,216374,0.0397,0.0000,0.1585,34297,1,216374,0.1585,0.0000
331.55,0.9121,8529,0,60000,0.1421,0.9917,0.9942,42598,0,60000,0.7100,0.9958,0.0397,8585,1,216374,0.0397,0.0000,0.1585,34297,1,216374,0.1585,0.0000
332.05,0.9121,8529,0,60000,0.1421,0.9917,0.9942,42598,0,60000,0.7100,0.9958,0.0795,17194,1,216374,0.0795,0.0000,0.1585,34297,1,216374,0.1585,0.0000
332.55,0.9065,17087,0,60000,0.2848,0.9917,0.9942,42598,0,60000,0.7100,0.9958,0.0795,17194,1,216374,0.0795,0.0000,0.1585,34297,1,216374,0.1585,0.0000
333.05,0.9759,12695,0,60000,0.2116,0.0000,0.9942,42598,0,60000,0.7100,0.9958,0.0795,17194,1,216374,0.0795,0.0000,0.1585,34297,1,216374,0.1585,0.0000
333.55,0.9173,8233,0,60000,0.1372,0.0000,0.9942,42598,0,60000,0.7100,0.9958,0.0795,17194,1,216374,0.0795,0.0000,0.1585,34297,1,216374,0.1585,0.0000
334.05,0.9173,8233,0,60000,0.1372,0.0000,0.9942,42598,0,60000,0.7100,0.9958,0.0795,17194,1,216374,0.0795,0.0000,0.0793,17159,1,216374,0.0793,0.0000
334.55,0.9916,12690,0,60000,0.2115,0.0000,0.9942,42598,0,60000,0.7100,0.9958,0.0795,17194,1,216374,0.0795,0.0000,0.0793,17159,1,216374,0.0793,0.0000
335.05,0.9916,12690,0,60000,0.2115,0.0000,0.9942,42598,0,60000,0.7100,0.9958,0.0795,17194,1,216374,0.0795,0.0000,0.0793,17159,1,216374,0.0793,0.0000
335.55,0.9916,8233,0,60000,0.1372,0.0000,0.9942,42598,0,60000,0.7100,0.9958,0.0795,17194,1,216374,0.0795,0.0000,0.0793,17159,1,216374,0.0793,0.0000
336.05,0.9925,12673,0,60000,0.2112,0.0000,0.9948,8508,0,60000,0.1418,0.9975,0.0795,17194,1,216374,0.0795,0.0000,0.0793,17159,1,216374,0.0793,0.0000
336.55,0.9925,16769,0,60000,0.2795,0.0000,0.9948,8508,0,60000,0.1418,0.9975,0.0795,17194,1,216374,0.0795,0.0000,0.0793,17159,1,216374,0.0793,0.0000
337.05,0.9925,16769,0,60000,0.2795,0.0000,0.9948,8508,0,60000,0.1418,0.9975,0.0795,17194,1,216374,0.0795,0.0000,0.0793,17159,1,216374,0.0793,0.0000
337.55,0.9925,16769,0,60000,0.2795,0.0000,0.9952,8562,0,60000,0.1427,0.9959,0.0795,17194,1,216374,0.0795,0.0000,0.0793,17160,1,216374,0.0793,0.0000
338.05,0.9925,16769,0,60000,0.2795,0.0000,0.9952,8562,0,60000,0.1427,0.9959,0.0795,17194,1,216374,0.0795,0.0000,0.0793,17160,1,216374,0.0793,0.0000
338.55,0.9925,16769,0,60000,0.2795,0.0000,0.9952,8562,0,60000,0.1427,0.9959,0.0398,8601,1,216374,0.0398,0.0000,0.0793,17160,1,216374,0.0793,0.0000
339.05,0.9925,16769,0,60000,0.2795,0.0000,0.9952,8562,0,60000,0.1427,0.9959,0.0398,8601,1,216374,0.0398,0.0000,0.0793,17160,1,216374,0.0793,0.0000
339.55,0.9925,16769,0,60000,0.2795,0.0000,0.9952,8562,0,60000,0.1427,0.9959,0.0398,8601,1,216374,0.0398,0.0000,0.0793,17160,1,216374,0.0793,0.0000
340.05,0.9925,16769,0,60000,0.2795,0.0000,0.9952,8562,0,60000,0.1427,0.9959,0.0398,8601,1,216374,0.0398,0.0000,0.0793,17160,1,216374,0.0793,0.0000
340.55,0.9930,4137,0,60000,0.0689,0.0000,0.9952,8562,0,60000,0.1427,0.9959,0.0398,8601,1,216374,0.0398,0.0000,0.0793,17160,1,216374,0.0793,0.0000
341.05,0.9930,8233,0,60000,0.1372,0.0000,0.9952,8562,0,60000,0.1427,0.9959,0.0398,8601,1,216374,0.0398,0.0000,0.0793,17160,1,216374,0.0793,0.0000
341.55,0.9930,8233,0,60000,0.1372,0.0000,0.9952,8562,0,60000,0.1427,0.9959,0.0398,8601,1,216374,0.0398,0.0000,0.0793,17160,1,216374,0.0793,0.0000
342.05,0.9930,8233,0,60000,0.1372,0.0000,0.9952,8562,0,60000,0.1427,0.9959,0.0398,8601,1,216374,0.0398,0.0000,0.0793,17160,1,216374,0.0793,0.0000
