t_s,P0_use,P0_used_tok,P0_running,P0_cap_tok,P0_pressure,P0_hit,P1_use,P1_used_tok,P1_running,P1_cap_tok,P1_pressure,P1_hit,D0_use,D0_used_tok,D0_running,D0_cap_tok,D0_pressure,D0_hit,D1_use,D1_used_tok,D1_running,D1_cap_tok,D1_pressure,D1_hit
# roles: P0:P P1:P D0:D D1:D
# metric: P0:cache_occupancy P1:cache_occupancy D0:unreachable D1:unreachable
0.00,0.0001,0,0,60000,0.0000,0.0000,0.0001,0,0,60000,0.0000,0.0000,,,,,,,,,,,,
0.50,0.0683,4096,0,60000,0.0683,0.0000,0.0689,4121,0,60000,0.0687,0.0000,,,,,,,,,,,,
1.00,0.1366,8192,0,60000,0.1365,0.0099,0.1372,8217,0,60000,0.1369,0.0099,,,,,,,,,,,,
1.50,0.1366,8192,0,60000,0.1365,0.0099,0.1372,8217,0,60000,0.1369,0.0099,,,,,,,,,,,,
2.00,0.1366,8192,0,60000,0.1365,0.0099,0.1372,8217,0,60000,0.1369,0.0099,,,,,,,,,,,,
2.50,0.2732,16384,0,60000,0.2731,0.0099,0.2737,16409,0,60000,0.2735,0.0099,,,,,,,,,,,,
3.00,0.3414,12037,0,60000,0.2006,0.0000,0.2737,16409,0,60000,0.2735,0.0099,,,,,,,,,,,,
3.50,0.4097,16133,0,60000,0.2689,0.0099,0.3420,12042,0,60000,0.2007,0.0000,,,,,,,,,,,,
# metric: P0:cache_occupancy P1:cache_occupancy D0:unreachable D1:cache_occupancy
4.00,0.4097,16133,0,60000,0.2689,0.0099,0.4103,16138,0,60000,0.2690,0.0099,,,,,,,0.3854,59465,1,154304,0.3854,0.0000
4.50,0.4097,16133,0,60000,0.2689,0.0099,0.4785,11798,0,60000,0.1966,0.0000,,,,,,,0.3854,59465,1,154304,0.3854,0.0000
5.00,0.5462,15872,0,60000,0.2645,0.0099,0.5468,15894,0,60000,0.2649,0.0099,,,,,,,0.3854,59465,1,154304,0.3854,0.0000
5.50,0.6145,11504,0,60000,0.1917,0.0000,0.5468,15894,0,60000,0.2649,0.0099,,,,,,,0.3854,59465,1,154304,0.3854,0.0000
6.00,0.6145,11504,0,60000,0.1917,0.0000,0.6151,11547,0,60000,0.1925,0.0000,,,,,,,0.3854,59465,1,154304,0.3854,0.0000
6.50,0.6145,11504,0,60000,0.1917,0.0000,0.6834,15643,0,60000,0.2607,0.0000,,,,,,,0.3854,59465,1,154304,0.3854,0.0000
7.00,0.6830,15600,0,60000,0.2600,0.0099,0.6834,15643,0,60000,0.2607,0.0000,,,,,,,0.3854,59465,1,154304,0.3854,0.0000
7.50,0.9606,23792,0,60000,0.3965,0.0099,0.8461,16945,0,60000,0.2824,0.9979,,,,,,,0.3854,59465,1,154304,0.3854,0.0000
8.00,0.9606,23792,0,60000,0.3965,0.0099,0.8461,16945,0,60000,0.2824,0.9979,,,,,,,0.3309,51056,1,154304,0.3309,0.0000
# metric: P0:cache_occupancy P1:cache_occupancy D0:cache_occupancy D1:cache_occupancy
8.50,0.8826,23545,0,60000,0.3924,0.0099,0.9877,8520,0,60000,0.1420,0.9978,0.2754,42489,1,154304,0.2754,0.0000,0.3309,51056,1,154304,0.3309,0.0000
9.00,0.8826,23545,0,60000,0.3924,0.0099,0.8381,16997,0,60000,0.2833,0.9978,0.2754,42489,1,154304,0.2754,0.0000,0.3309,51056,1,154304,0.3309,0.0000
9.50,0.9508,10734,0,60000,0.1789,0.0000,0.8381,16997,0,60000,0.2833,0.9978,0.2754,42489,1,154304,0.2754,0.0000,0.3309,51056,1,154304,0.3309,0.0000
10.00,0.8105,14830,0,60000,0.2472,0.0099,0.8381,16997,0,60000,0.2833,0.9978,0.2754,42489,1,154304,0.2754,0.0000,0.3309,51056,1,154304,0.3309,0.0000
10.50,0.7385,10449,0,60000,0.1741,0.0000,0.8381,16997,0,60000,0.2833,0.9978,0.1100,16966,1,154304,0.1100,0.0000,0.3863,59615,1,154304,0.3863,0.0000
11.00,0.8067,14545,0,60000,0.2424,0.0099,0.9793,8495,0,60000,0.1416,0.9978,0.1100,16966,1,154304,0.1100,0.0000,0.3863,59615,1,154304,0.3863,0.0000
11.50,0.8067,14545,0,60000,0.2424,0.0099,0.8306,16979,0,60000,0.2830,0.9978,0.1100,16966,1,154304,0.1100,0.0000,0.3863,59615,1,154304,0.3863,0.0000
12.00,0.8492,10192,0,60000,0.1699,0.0000,0.8306,16979,0,60000,0.2830,0.9978,0.1100,16966,1,154304,0.1100,0.0000,0.3863,59615,1,154304,0.3863,0.0000
12.50,0.9126,14288,0,60000,0.2381,0.0099,0.8306,16979,0,60000,0.2830,0.9978,0.1100,16966,1,154304,0.1100,0.0000,0.3863,59615,1,154304,0.3863,0.0000
13.00,0.9126,14288,0,60000,0.2381,0.0099,0.8306,16979,0,60000,0.2830,0.9978,0.1100,16966,1,154304,0.1100,0.0000,0.4419,68182,1,154304,0.4419,0.0000
13.50,0.8710,9929,0,60000,0.1655,0.0000,0.8312,8533,0,60000,0.1422,0.9975,0.1100,16966,1,154304,0.1100,0.0000,0.4419,68182,1,154304,0.4419,0.0000
14.00,0.8710,9929,0,60000,0.1655,0.0000,0.8312,8533,0,60000,0.1422,0.9975,0.1100,16966,1,154304,0.1100,0.0000,0.4419,68182,1,154304,0.4419,0.0000
14.50,0.8677,18121,0,60000,0.3020,0.0000,0.8312,8533,0,60000,0.1422,0.9975,0.1100,16966,1,154304,0.1100,0.0000,0.4419,68182,1,154304,0.4419,0.0000
15.00,0.9359,22217,0,60000,0.3703,0.0099,0.8998,4137,0,60000,0.0689,0.0000,0.1100,16966,1,154304,0.1100,0.0000,0.4419,68182,1,154304,0.4419,0.0000
15.50,0.8959,9416,0,60000,0.1569,0.0000,0.9680,16706,0,60000,0.2784,0.9630,0.2766,42679,1,154304,0.2766,0.0000,0.4419,68182,1,154304,0.4419,0.0000
16.00,0.8959,9416,0,60000,0.1569,0.0000,0.9735,25517,0,60000,0.4253,0.9958,0.2766,42679,1,154304,0.2766,0.0000,0.4419,68182,1,154304,0.4419,0.0000
16.50,0.8959,9416,0,60000,0.1569,0.0000,0.9735,25517,0,60000,0.4253,0.9958,0.2766,42679,1,154304,0.2766,0.0000,0.4419,68182,1,154304,0.4419,0.0000
17.00,0.8578,9131,0,60000,0.1522,0.0000,0.9735,25517,0,60000,0.4253,0.9958,0.2766,42679,1,154304,0.2766,0.0000,0.4425,68284,2,154304,0.4425,0.0000
17.50,0.8578,9131,0,60000,0.1522,0.0000,0.9735,25517,0,60000,0.4253,0.9958,0.2766,42679,1,154304,0.2766,0.0000,0.4425,68284,2,154304,0.4425,0.0000
18.00,0.8578,9131,0,60000,0.1522,0.0000,0.7097,8569,0,60000,0.1428,0.9977,0.2766,42679,1,154304,0.2766,0.0000,0.4425,68284,2,154304,0.4425,0.0000
18.50,0.9943,8841,0,60000,0.1474,0.0000,0.7097,8569,0,60000,0.1428,0.9977,0.2766,42679,1,154304,0.2766,0.0000,0.4425,68284,2,154304,0.4425,0.0000
19.00,0.6722,12937,0,60000,0.2156,0.0099,0.9194,12606,0,60000,0.2101,0.0000,0.2768,42712,1,154304,0.2768,0.0000,0.4425,68284,2,154304,0.4425,0.0000
19.50,0.7405,8563,0,60000,0.1427,0.0000,0.9877,8233,0,60000,0.1372,0.0000,0.2768,42712,1,154304,0.2768,0.0000,0.3315,51150,1,154304,0.3315,0.0000
20.00,0.8087,12659,0,60000,0.2110,0.0000,0.9877,8233,0,60000,0.1372,0.0000,0.2768,42712,1,154304,0.2768,0.0000,0.3315,51150,1,154304,0.3315,0.0000
20.50,0.8087,12659,0,60000,0.2110,0.0000,0.8498,25489,0,60000,0.4248,0.9975,0.2768,42712,1,154304,0.2768,0.0000,0.3315,51150,1,154304,0.3315,0.0000
21.00,0.8770,8260,0,60000,0.1377,0.0099,0.9926,25597,0,60000,0.4266,0.9977,0.2768,42712,1,154304,0.2768,0.0000,0.3322,51258,2,154304,0.3322,0.0000
21.50,0.8881,12356,0,60000,0.2059,0.0000,0.9926,25597,0,60000,0.4266,0.9977,0.2768,42712,1,154304,0.2768,0.0000,0.3322,51258,2,154304,0.3322,0.0000
22.00,0.8107,16452,0,60000,0.2742,0.0099,0.9926,25597,0,60000,0.4266,0.9977,0.2768,42712,1,154304,0.2768,0.0000,0.3322,51258,2,154304,0.3322,0.0000
22.50,0.8789,12040,0,60000,0.2007,0.0000,0.9926,25597,0,60000,0.4266,0.9977,0.2768,42712,1,154304,0.2768,0.0000,0.2220,34259,2,154304,0.2220,0.0000
23.00,0.8789,12040,0,60000,0.2007,0.0000,0.9929,8510,0,60000,0.1418,0.9958,0.2768,42712,1,154304,0.2768,0.0000,0.2220,34259,2,154304,0.2220,0.0000
23.50,0.9472,16136,0,60000,0.2689,0.0099,0.9929,8510,0,60000,0.1418,0.9958,0.2768,42712,1,154304,0.2768,0.0000,0.2220,34259,2,154304,0.2220,0.0000
24.00,0.9472,11755,0,60000,0.1959,0.0000,0.7102,17045,0,60000,0.2841,0.9978,0.2768,42712,1,154304,0.2768,0.0000,0.2220,34259,2,154304,0.2220,0.0000
24.50,0.9375,15851,0,60000,0.2642,0.0099,0.7102,17045,0,60000,0.2841,0.9978,0.2768,42712,1,154304,0.2768,0.0000,0.2220,34259,2,154304,0.2220,0.0000
25.00,0.9375,11449,0,60000,0.1908,0.0000,0.8521,17025,0,60000,0.2838,0.9935,0.4987,76948,1,154304,0.4987,0.0000,0.2220,34259,2,154304,0.2220,0.0000
25.50,0.8581,17504,0,60000,0.2917,0.3281,0.8521,17025,0,60000,0.2838,0.9935,0.4987,76948,1,154304,0.4987,0.0000,0.2220,34259,2,154304,0.2220,0.0000
26.00,0.8581,17504,0,60000,0.2917,0.3281,0.8521,17025,0,60000,0.2838,0.9935,0.4987,76948,1,154304,0.4987,0.0000,0.1667,25724,1,154304,0.1667,0.0000
26.50,0.9215,13066,0,60000,0.2178,0.0099,0.8521,17025,0,60000,0.2838,0.9935,0.4987,76948,1,154304,0.4987,0.0000,0.1667,25724,1,154304,0.1667,0.0000
27.00,0.9215,13066,0,60000,0.2178,0.0099,0.8521,17025,0,60000,0.2838,0.9935,0.4987,76948,1,154304,0.4987,0.0000,0.1667,25724,1,154304,0.1667,0.0000
27.50,0.8384,17162,0,60000,0.2860,0.0000,0.8521,17025,0,60000,0.2838,0.9935,0.4987,76948,1,154304,0.4987,0.0000,0.1667,25724,1,154304,0.1667,0.0000
28.00,0.9013,21258,0,60000,0.3543,0.0000,0.8521,17025,0,60000,0.2838,0.9935,0.4434,68416,1,154304,0.4434,0.0000,0.1667,25724,1,154304,0.1667,0.0000
28.50,0.8479,16843,0,60000,0.2807,0.0104,0.8521,17025,0,60000,0.2838,0.9935,0.4434,68416,1,154304,0.4434,0.0000,0.1667,25724,1,154304,0.1667,0.0000
29.00,0.9162,12452,0,60000,0.2075,0.0000,0.8521,17025,0,60000,0.2838,0.9935,0.4434,68416,1,154304,0.4434,0.0000,0.1667,25724,1,154304,0.1667,0.0000
29.50,0.9845,16548,0,60000,0.2758,0.0099,0.9213,4137,0,60000,0.0689,0.0000,0.4434,68416,1,154304,0.4434,0.0000,0.1667,25724,1,154304,0.1667,0.0000
30.00,0.9104,12148,0,60000,0.2025,0.0000,0.9895,8233,0,60000,0.1372,0.0000,0.4441,68521,1,154304,0.4441,0.0000,0.1667,25724,1,154304,0.1667,0.0000
30.50,0.9787,16244,0,60000,0.2707,0.0099,0.9895,8233,0,60000,0.1372,0.0000,0.4441,68521,1,154304,0.4441,0.0000,0.1667,25724,1,154304,0.1667,0.0000
31.00,0.9787,16244,0,60000,0.2707,0.0099,0.9895,8233,0,60000,0.1372,0.0000,0.4441,68521,1,154304,0.4441,0.0000,0.1667,25724,1,154304,0.1667,0.0000
31.50,0.8391,11785,0,60000,0.1964,0.0000,0.9895,8233,0,60000,0.1372,0.0000,0.4441,68521,1,154304,0.4441,0.0000,0.1667,25724,1,154304,0.1667,0.0000
32.00,0.9074,15881,0,60000,0.2647,0.0099,0.9895,8233,0,60000,0.1372,0.0000,0.4441,68521,1,154304,0.4441,0.0000,0.1667,25724,1,154304,0.1667,0.0000
32.50,0.7593,11459,0,60000,0.1910,0.0000,0.9895,8233,0,60000,0.1372,0.0000,0.4441,68521,1,154304,0.4441,0.0000,0.1667,25724,1,154304,0.1667,0.0000
33.00,0.7593,11459,0,60000,0.1910,0.0000,0.9895,8233,0,60000,0.1372,0.0000,0.4441,68521,1,154304,0.4441,0.0000,0.1667,25724,1,154304,0.1667,0.0000
33.50,0.9695,15555,0,60000,0.2592,0.0099,0.9895,8233,0,60000,0.1372,0.0000,0.4441,68521,1,154304,0.4441,0.0000,0.1667,25724,1,154304,0.1667,0.0000
34.00,0.9604,11145,0,60000,0.1857,0.0000,0.9895,8233,0,60000,0.1372,0.0000,0.4441,68521,1,154304,0.4441,0.0000,0.1667,25724,1,154304,0.1667,0.0000
34.50,0.8692,15241,0,60000,0.2540,0.0099,0.9895,8233,0,60000,0.1372,0.0000,0.4441,68521,1,154304,0.4441,0.0000,0.1667,25724,1,154304,0.1667,0.0000
35.00,0.9375,10892,0,60000,0.1815,0.0000,0.9895,8233,0,60000,0.1372,0.0000,0.3322,51260,1,154304,0.3322,0.0000,0.1667,25724,1,154304,0.1667,0.0000
35.51,0.6745,14988,0,60000,0.2498,0.0099,0.9895,8233,0,60000,0.1372,0.0000,0.3322,51260,1,154304,0.3322,0.0000,0.1667,25724,1,154304,0.1667,0.0000
36.01,0.6745,14988,0,60000,0.2498,0.0099,0.9895,8233,0,60000,0.1372,0.0000,0.3322,51260,1,154304,0.3322,0.0000,0.4995,77081,1,154304,0.4995,0.0000
36.51,0.7428,10541,0,60000,0.1757,0.0000,0.9904,4138,0,60000,0.0690,0.0000,0.3322,51260,1,154304,0.3322,0.0000,0.4995,77081,1,154304,0.4995,0.0000
37.01,0.8111,14637,0,60000,0.2440,0.0099,0.9904,8234,0,60000,0.1372,0.0000,0.3322,51260,1,154304,0.3322,0.0000,0.4995,77081,1,154304,0.4995,0.0000
37.51,0.8793,10179,0,60000,0.1696,0.0000,0.9941,17038,0,60000,0.2840,0.9977,0.3322,51260,1,154304,0.3322,0.0000,0.4995,77081,1,154304,0.4995,0.0000
38.01,0.9476,14275,0,60000,0.2379,0.0099,0.9941,17038,0,60000,0.2840,0.9977,0.3322,51260,1,154304,0.3322,0.0000,0.4995,77081,1,154304,0.4995,0.0000
38.51,0.9279,9918,0,60000,0.1653,0.0000,0.9941,17038,0,60000,0.2840,0.9977,0.4426,68294,1,154304,0.4426,0.0000,0.4995,77081,1,154304,0.4995,0.0000
39.01,0.9279,9918,0,60000,0.1653,0.0000,0.9202,4137,0,60000,0.0689,0.0000,0.4426,68294,1,154304,0.4426,0.0000,0.4995,77081,1,154304,0.4995,0.0000
39.51,0.9961,14014,0,60000,0.2336,0.0099,0.9202,4137,0,60000,0.0689,0.0000,0.4426,68294,1,154304,0.4426,0.0000,0.4995,77081,1,154304,0.4995,0.0000
40.01,0.9867,9597,0,60000,0.1600,0.0000,0.9885,8233,0,60000,0.1372,0.0000,0.4426,68294,1,154304,0.4426,0.0000,0.4995,77081,1,154304,0.4995,0.0000
40.51,0.9867,13693,0,60000,0.2282,0.0099,0.9885,8233,0,60000,0.1372,0.0000,0.4426,68294,1,154304,0.4426,0.0000,0.4995,77081,1,154304,0.4995,0.0000
41.01,0.9234,9249,0,60000,0.1542,0.0000,0.9929,41,0,60000,0.0007,0.0099,0.3314,51131,1,154304,0.3314,0.0000,0.4995,77081,1,154304,0.4995,0.0000
41.51,0.9234,9249,0,60000,0.1542,0.0000,0.9879,4137,0,60000,0.0689,0.0000,0.3314,51131,1,154304,0.3314,0.0000,0.4995,77081,1,154304,0.4995,0.0000
42.01,0.9917,13346,0,60000,0.2224,0.0101,0.9879,8233,0,60000,0.1372,0.0000,0.3314,51131,1,154304,0.3314,0.0000,0.3886,59965,1,154304,0.3886,0.0000
42.51,0.9709,8876,0,60000,0.1479,0.0000,0.9908,16957,0,60000,0.2826,0.9978,0.3314,51131,1,154304,0.3314,0.0000,0.3886,59965,1,154304,0.3886,0.0000
43.01,0.9709,12972,0,60000,0.2162,0.0000,0.9908,16957,0,60000,0.2826,0.9978,0.3314,51131,1,154304,0.3314,0.0000,0.3886,59965,1,154304,0.3886,0.0000
43.51,0.9709,12972,0,60000,0.2162,0.0000,0.9908,16957,0,60000,0.2826,0.9978,0.3314,51131,1,154304,0.3314,0.0000,0.3886,59965,1,154304,0.3886,0.0000
44.01,0.8124,8534,0,60000,0.1422,0.0099,0.8486,8513,0,60000,0.1419,0.9978,0.4424,68265,1,154304,0.4424,0.0000,0.3886,59965,1,154304,0.3886,0.0000
44.51,0.8807,12630,0,60000,0.2105,0.0000,0.8486,8513,0,60000,0.1419,0.9978,0.4424,68265,1,154304,0.4424,0.0000,0.3886,59965,1,154304,0.3886,0.0000
45.01,0.9489,16726,0,60000,0.2788,0.0099,0.8486,8513,0,60000,0.1419,0.9978,0.4424,68265,1,154304,0.4424,0.0000,0.3886,59965,1,154304,0.3886,0.0000
45.51,0.9489,12294,0,60000,0.2049,0.0000,0.8486,8513,0,60000,0.1419,0.9978,0.4424,68265,1,154304,0.4424,0.0000,0.3886,59965,1,154304,0.3886,0.0000
46.01,0.8976,16390,0,60000,0.2732,0.0101,0.8486,8513,0,60000,0.1419,0.9978,0.4424,68265,1,154304,0.4424,0.0000,0.3886,59965,1,154304,0.3886,0.0000
46.51,0.8976,16390,0,60000,0.2732,0.0101,0.8486,8513,0,60000,0.1419,0.9978,0.4424,68265,1,154304,0.4424,0.0000,0.3326,51314,1,154304,0.3326,0.0000
47.01,0.9259,12048,0,60000,0.2008,0.0000,0.8486,8513,0,60000,0.1419,0.9978,0.4424,68265,1,154304,0.4424,0.0000,0.3326,51314,1,154304,0.3326,0.0000
47.51,0.9770,16144,0,60000,0.2691,0.0099,0.8486,8513,0,60000,0.1419,0.9978,0.4424,68265,1,154304,0.4424,0.0000,0.3326,51314,1,154304,0.3326,0.0000
48.01,0.9765,11693,0,60000,0.1949,0.0000,0.8486,8513,0,60000,0.1419,0.9978,0.4424,68265,1,154304,0.4424,0.0000,0.3326,51314,1,154304,0.3326,0.0000
48.51,0.9765,11693,0,60000,0.1949,0.0000,0.8486,8513,0,60000,0.1419,0.9978,0.4424,68265,1,154304,0.4424,0.0000,0.3326,51314,1,154304,0.3326,0.0000
49.01,0.9104,15789,0,60000,0.2631,0.0099,0.8486,8513,0,60000,0.1419,0.9978,0.4424,68265,1,154304,0.4424,0.0000,0.3326,51314,1,154304,0.3326,0.0000
49.51,0.9787,19885,0,60000,0.3314,0.0000,0.8486,8513,0,60000,0.1419,0.9978,0.3873,59768,1,154304,0.3873,0.0000,0.3326,51314,1,154304,0.3326,0.0000
50.01,0.9787,15546,0,60000,0.2591,0.0099,0.9898,8495,0,60000,0.1416,0.9978,0.3873,59768,1,154304,0.3873,0.0000,0.3326,51314,1,154304,0.3326,0.0000
50.51,0.8945,11117,0,60000,0.1853,0.0000,0.9898,8495,0,60000,0.1416,0.9978,0.3873,59768,1,154304,0.3873,0.0000,0.3884,59929,1,154304,0.3884,0.0000
51.01,0.8945,11117,0,60000,0.1853,0.0000,0.9898,8495,0,60000,0.1416,0.9978,0.3873,59768,1,154304,0.3873,0.0000,0.3884,59929,1,154304,0.3884,0.0000
51.51,0.9628,15213,0,60000,0.2535,0.0099,0.9873,8603,0,60000,0.1434,0.9977,0.3873,59768,1,154304,0.3873,0.0000,0.3884,59929,1,154304,0.3884,0.0000
52.01,0.9522,10777,0,60000,0.1796,0.0000,0.9873,8603,0,60000,0.1434,0.9977,0.3873,59768,1,154304,0.3873,0.0000,0.3884,59929,1,154304,0.3884,0.0000
52.51,0.8151,14873,0,60000,0.2479,0.0099,0.9876,4138,0,60000,0.0690,0.0000,0.3873,59768,1,154304,0.3873,0.0000,0.3884,59929,1,154304,0.3884,0.0000
53.01,0.7413,10416,0,60000,0.1736,0.0000,0.9876,8234,0,60000,0.1372,0.0000,0.3873,59768,1,154304,0.3873,0.0000,0.3333,51423,1,154304,0.3333,0.0000
53.51,0.8095,14512,0,60000,0.2419,0.0099,0.9181,12604,0,60000,0.2101,0.0000,0.3873,59768,1,154304,0.3873,0.0000,0.3333,51423,1,154304,0.3333,0.0000
54.01,0.8095,14512,0,60000,0.2419,0.0099,0.9181,12604,0,60000,0.2101,0.0000,0.3873,59768,1,154304,0.3873,0.0000,0.3333,51423,1,154304,0.3333,0.0000
54.51,0.8513,10161,0,60000,0.1694,0.0000,0.9863,8233,0,60000,0.1372,0.0000,0.3873,59768,1,154304,0.3873,0.0000,0.3333,51423,1,154304,0.3333,0.0000
55.01,0.9196,14257,0,60000,0.2376,0.0099,0.8527,17148,0,60000,0.2858,0.9977,0.4439,68492,1,154304,0.4439,0.0000,0.3333,51423,1,154304,0.3333,0.0000
55.51,0.9878,9874,0,60000,0.1646,0.0000,0.8527,17148,0,60000,0.2858,0.9977,0.4439,68492,1,154304,0.4439,0.0000,0.3333,51423,1,154304,0.3333,0.0000
56.01,0.9878,13970,0,60000,0.2328,0.0099,0.9213,12705,0,60000,0.2117,0.0000,0.4439,68492,1,154304,0.4439,0.0000,0.3333,51423,1,154304,0.3333,0.0000
56.51,0.9761,9556,0,60000,0.1593,0.0000,0.9895,8234,0,60000,0.1372,0.0000,0.4439,68492,1,154304,0.4439,0.0000,0.3333,51423,1,154304,0.3333,0.0000
57.01,0.9761,9556,0,60000,0.1593,0.0000,0.9895,8234,0,60000,0.1372,0.0000,0.4439,68492,1,154304,0.4439,0.0000,0.3333,51423,1,154304,0.3333,0.0000
57.51,0.9761,13652,0,60000,0.2275,0.0099,0.7777,25440,0,60000,0.4240,0.9979,0.3324,51287,1,154304,0.3324,0.0000,0.3333,51423,1,154304,0.3333,0.0000
58.01,0.9188,9282,0,60000,0.1547,0.0000,0.7777,25440,0,60000,0.4240,0.9979,0.3324,51287,1,154304,0.3324,0.0000,0.3333,51423,1,154304,0.3333,0.0000
58.51,0.9871,13378,0,60000,0.2230,0.0099,0.7780,17008,0,60000,0.2835,0.0000,0.3324,51287,1,154304,0.3324,0.0000,0.4431,68366,1,154304,0.4431,0.0000
59.01,0.7157,8926,0,60000,0.1488,0.0000,0.7780,17008,0,60000,0.2835,0.0000,0.3324,51287,1,154304,0.3324,0.0000,0.4431,68366,1,154304,0.4431,0.0000
59.51,0.7157,8926,0,60000,0.1488,0.0000,0.7780,17008,0,60000,0.2835,0.0000,0.3324,51287,1,154304,0.3324,0.0000,0.4431,68366,1,154304,0.4431,0.0000
60.01,0.7840,13022,0,60000,0.2170,0.0099,0.7780,17008,0,60000,0.2835,0.0000,0.3324,51287,1,154304,0.3324,0.0000,0.4431,68366,1,154304,0.4431,0.0000
60.51,0.8525,8636,0,60000,0.1439,0.0000,0.7780,17008,0,60000,0.2835,0.0000,0.3324,51287,1,154304,0.3324,0.0000,0.4431,68366,1,154304,0.4431,0.0000
61.01,0.9208,12732,0,60000,0.2122,0.0000,0.8463,4137,0,60000,0.0689,0.0000,0.3324,51287,1,154304,0.3324,0.0000,0.4431,68366,1,154304,0.4431,0.0000
61.51,0.9891,8259,0,60000,0.1376,0.0099,0.9146,8233,0,60000,0.1372,0.0000,0.3324,51287,1,154304,0.3324,0.0000,0.3883,59911,1,154304,0.3883,0.0000
62.01,0.9891,8259,0,60000,0.1376,0.0099,0.9146,8233,0,60000,0.1372,0.0000,0.3324,51287,1,154304,0.3324,0.0000,0.3883,59911,1,154304,0.3883,0.0000
62.51,0.9891,8259,0,60000,0.1376,0.0099,0.9880,12637,0,60000,0.2106,0.0000,0.3324,51287,1,154304,0.3324,0.0000,0.3883,59911,1,154304,0.3883,0.0000
63.01,0.9826,16451,0,60000,0.2742,0.0101,0.9880,8233,0,60000,0.1372,0.0000,0.3874,59771,1,154304,0.3874,0.0000,0.3883,59911,1,154304,0.3883,0.0000
63.51,0.9826,16451,0,60000,0.2742,0.0101,0.9880,8233,0,60000,0.1372,0.0000,0.3874,59771,1,154304,0.3874,0.0000,0.3883,59911,1,154304,0.3883,0.0000
64.01,0.8412,12025,0,60000,0.2004,0.0000,0.9880,8233,0,60000,0.1372,0.0000,0.3874,59771,1,154304,0.3874,0.0000,0.3883,59911,1,154304,0.3883,0.0000
64.51,0.9095,16121,0,60000,0.2687,0.0099,0.9880,8233,0,60000,0.1372,0.0000,0.3874,59771,1,154304,0.3874,0.0000,0.3883,59911,1,154304,0.3883,0.0000
65.01,0.9777,11690,0,60000,0.1948,0.0000,0.9880,8233,0,60000,0.1372,0.0000,0.3874,59771,1,154304,0.3874,0.0000,0.3883,59911,1,154304,0.3883,0.0000
65.51,0.9777,15786,0,60000,0.2631,0.0099,0.9880,8233,0,60000,0.1372,0.0000,0.3874,59771,1,154304,0.3874,0.0000,0.3883,59911,1,154304,0.3883,0.0000
66.01,0.8982,11319,0,60000,0.1887,0.0000,0.9922,8541,0,60000,0.1424,0.9958,0.3874,59771,1,154304,0.3874,0.0000,0.3883,59911,1,154304,0.3883,0.0000
66.51,0.9665,15415,0,60000,0.2569,0.0101,0.9922,8541,0,60000,0.1424,0.9958,0.3874,59771,1,154304,0.3874,0.0000,0.3883,59911,1,154304,0.3883,0.0000
67.01,0.9665,15415,0,60000,0.2569,0.0101,0.9922,8541,0,60000,0.1424,0.9958,0.3874,59771,1,154304,0.3874,0.0000,0.4431,68369,1,154304,0.4431,0.0000
67.51,0.8937,11043,0,60000,0.1840,0.0000,0.9922,8541,0,60000,0.1424,0.9958,0.3874,59771,1,154304,0.3874,0.0000,0.4431,68369,1,154304,0.4431,0.0000
68.01,0.9619,15139,0,60000,0.2523,0.0099,0.9184,4138,0,60000,0.0690,0.0000,0.3874,59771,1,154304,0.3874,0.0000,0.4431,68369,1,154304,0.4431,0.0000
68.51,0.9568,10782,0,60000,0.1797,0.0000,0.9867,8234,0,60000,0.1372,0.0000,0.3874,59771,1,154304,0.3874,0.0000,0.4431,68369,1,154304,0.4431,0.0000
69.01,0.9568,10782,0,60000,0.1797,0.0000,0.9867,8234,0,60000,0.1372,0.0000,0.3874,59771,1,154304,0.3874,0.0000,0.4431,68369,1,154304,0.4431,0.0000
69.51,0.9568,14878,0,60000,0.2480,0.0099,0.9183,4137,0,60000,0.0689,0.0000,0.2762,42614,1,154304,0.2762,0.0000,0.4431,68369,1,154304,0.4431,0.0000
70.01,0.8946,10465,0,60000,0.1744,0.0000,0.9866,8233,0,60000,0.1372,0.0000,0.2762,42614,1,154304,0.2762,0.0000,0.4431,68369,1,154304,0.4431,0.0000
70.51,0.9629,14561,0,60000,0.2427,0.0099,0.9866,8233,0,60000,0.1372,0.0000,0.2762,42614,1,154304,0.2762,0.0000,0.4431,68369,1,154304,0.4431,0.0000
71.01,0.9407,10178,0,60000,0.1696,0.0000,0.9868,21134,0,60000,0.3522,0.0000,0.2762,42614,1,154304,0.2762,0.0000,0.4431,68369,1,154304,0.4431,0.0000
71.51,0.9289,14274,0,60000,0.2379,0.0099,0.9868,16769,0,60000,0.2795,0.0000,0.2762,42614,1,154304,0.2762,0.0000,0.4431,68369,1,154304,0.4431,0.0000
72.01,0.9289,14274,0,60000,0.2379,0.0099,0.9877,21213,0,60000,0.3535,0.0000,0.2762,42614,1,154304,0.2762,0.0000,0.3883,59909,1,154304,0.3883,0.0000
72.51,0.9972,9855,0,60000,0.1643,0.0000,0.9877,21213,0,60000,0.3535,0.0000,0.3319,51212,1,154304,0.3319,0.0000,0.3883,59909,1,154304,0.3883,0.0000
73.01,0.8501,13951,0,60000,0.2325,0.0099,0.9877,16738,0,60000,0.2790,0.0000,0.3319,51212,1,154304,0.3319,0.0000,0.3883,59909,1,154304,0.3883,0.0000
73.51,0.9184,9600,0,60000,0.1600,0.0000,0.9877,16738,0,60000,0.2790,0.0000,0.3319,51212,1,154304,0.3319,0.0000,0.3883,59909,1,154304,0.3883,0.0000
74.01,0.9184,9600,0,60000,0.1600,0.0000,0.9886,8535,0,60000,0.1422,0.9978,0.2764,42644,1,154304,0.2764,0.0000,0.3883,59909,1,154304,0.3883,0.0000
74.51,0.9867,13696,0,60000,0.2283,0.0099,0.9886,8535,0,60000,0.1422,0.9978,0.2764,42644,1,154304,0.2764,0.0000,0.3883,59909,1,154304,0.3883,0.0000
75.01,0.9680,9246,0,60000,0.1541,0.0000,0.9886,8535,0,60000,0.1422,0.9978,0.2764,42644,1,154304,0.2764,0.0000,0.2772,42770,2,154304,0.2772,0.0000
75.51,0.9680,13342,0,60000,0.2224,0.0099,0.9201,8571,0,60000,0.1429,0.9977,0.2764,42644,1,154304,0.2764,0.0000,0.2772,42770,2,154304,0.2772,0.0000
76.01,0.9579,8954,0,60000,0.1492,0.0000,0.9201,8571,0,60000,0.1429,0.9977,0.2764,42644,1,154304,0.2764,0.0000,0.2772,42770,2,154304,0.2772,0.0000
76.51,0.9579,13050,0,60000,0.2175,0.0099,0.9893,12677,0,60000,0.2113,0.0000,0.2764,42644,1,154304,0.2764,0.0000,0.2772,42770,2,154304,0.2772,0.0000
77.01,0.9579,13050,0,60000,0.2175,0.0099,0.9893,8233,0,60000,0.1372,0.0099,0.2764,42644,1,154304,0.2764,0.0000,0.2772,42770,2,154304,0.2772,0.0000
77.51,0.8941,8644,0,60000,0.1441,0.0000,0.9893,8233,0,60000,0.1372,0.0099,0.2765,42663,1,154304,0.2765,0.0000,0.2772,42770,2,154304,0.2772,0.0000
78.01,0.9624,12740,0,60000,0.2123,0.0000,0.9848,12329,0,60000,0.2055,0.0000,0.2765,42663,1,154304,0.2765,0.0000,0.2772,42770,2,154304,0.2772,0.0000
78.51,0.9427,8314,0,60000,0.1386,0.0099,0.7009,33514,0,60000,0.5586,0.9669,0.2765,42663,1,154304,0.2765,0.0000,0.4991,77012,1,154304,0.4991,0.0000
79.01,0.9427,8314,0,60000,0.1386,0.0099,0.7009,33514,0,60000,0.5586,0.9669,0.2765,42663,1,154304,0.2765,0.0000,0.4991,77012,1,154304,0.4991,0.0000
79.51,0.7963,12410,0,60000,0.2068,0.0000,0.7009,33514,0,60000,0.5586,0.9669,0.2765,42663,1,154304,0.2765,0.0000,0.4991,77012,1,154304,0.4991,0.0000
80.01,0.8645,16506,0,60000,0.2751,0.0099,0.7009,33514,0,60000,0.5586,0.9669,0.2765,42663,1,154304,0.2765,0.0000,0.4991,77012,1,154304,0.4991,0.0000
80.51,0.9328,12084,0,60000,0.2014,0.0000,0.7790,12686,0,60000,0.2114,0.0000,0.2765,42663,1,154304,0.2765,0.0000,0.3333,51429,1,154304,0.3333,0.0000
81.01,0.8370,16180,0,60000,0.2697,0.0101,0.7790,12686,0,60000,0.2114,0.0000,0.2765,42663,1,154304,0.2765,0.0000,0.3333,51429,1,154304,0.3333,0.0000
81.51,0.8370,16180,0,60000,0.2697,0.0101,0.8472,8233,0,60000,0.1372,0.0000,0.2765,42663,1,154304,0.2765,0.0000,0.3333,51429,1,154304,0.3333,0.0000
82.01,0.9053,11811,0,60000,0.1968,0.0000,0.9956,25583,0,60000,0.4264,0.9960,0.2765,42663,1,154304,0.2765,0.0000,0.3333,51429,1,154304,0.3333,0.0000
82.51,0.9736,15907,0,60000,0.2651,0.0099,0.9956,25583,0,60000,0.4264,0.9960,0.2765,42663,1,154304,0.2765,0.0000,0.3333,51429,1,154304,0.3333,0.0000
83.01,0.9121,11461,0,60000,0.1910,0.0000,0.9961,25561,0,60000,0.4260,0.9958,0.2765,42663,1,154304,0.2765,0.0000,0.2772,42777,2,154304,0.2772,0.0000
83.51,0.9804,15557,0,60000,0.2593,0.0099,0.9903,21137,0,60000,0.3523,0.0000,0.2765,42663,1,154304,0.2765,0.0000,0.2772,42777,2,154304,0.2772,0.0000
84.01,0.9697,11186,0,60000,0.1864,0.0000,0.9899,25233,0,60000,0.4205,0.0099,0.2765,42663,1,154304,0.2765,0.0000,0.2772,42777,2,154304,0.2772,0.0000
84.51,0.9697,11186,0,60000,0.1864,0.0000,0.9157,29329,0,60000,0.4888,0.0000,0.2765,42663,1,154304,0.2765,0.0000,0.2772,42777,2,154304,0.2772,0.0000
85.01,0.8220,15282,0,60000,0.2547,0.0099,0.9839,24944,0,60000,0.4157,0.9434,0.4418,68174,1,154304,0.4418,0.0000,0.2772,42777,2,154304,0.2772,0.0000
85.51,0.8220,15282,0,60000,0.2547,0.0099,0.9839,24944,0,60000,0.4157,0.9434,0.4418,68174,1,154304,0.4418,0.0000,0.2772,42777,2,154304,0.2772,0.0000
86.01,0.9586,15032,0,60000,0.2505,0.0099,0.9839,24944,0,60000,0.4157,0.9434,0.4418,68174,1,154304,0.4418,0.0000,0.2772,42777,2,154304,0.2772,0.0000
86.51,0.9586,15032,0,60000,0.2505,0.0099,0.9839,24944,0,60000,0.4157,0.9434,0.4418,68174,1,154304,0.4418,0.0000,0.2772,42777,2,154304,0.2772,0.0000
87.01,0.9441,10584,0,60000,0.1764,0.0000,0.9839,24944,0,60000,0.4157,0.9434,0.4418,68174,1,154304,0.4418,0.0000,0.2772,42777,2,154304,0.2772,0.0000
87.51,0.8100,14680,0,60000,0.2447,0.0099,0.9839,24944,0,60000,0.4157,0.9434,0.4418,68174,1,154304,0.4418,0.0000,0.2772,42777,2,154304,0.2772,0.0000
88.01,0.8783,10281,0,60000,0.1714,0.0000,0.8502,8539,0,60000,0.1423,0.9975,0.1654,25529,1,154304,0.1654,0.0000,0.2772,42777,2,154304,0.2772,0.0000
88.51,0.9465,14377,0,60000,0.2396,0.0099,0.8502,8539,0,60000,0.1423,0.9975,0.1654,25529,1,154304,0.1654,0.0000,0.2772,42777,2,154304,0.2772,0.0000
89.01,0.9465,14377,0,60000,0.2396,0.0099,0.8502,8539,0,60000,0.1423,0.9975,0.1654,25529,1,154304,0.1654,0.0000,0.5532,85356,1,154304,0.5532,0.0000
89.51,0.9379,9950,0,60000,0.1658,0.0000,0.8505,8485,0,60000,0.1414,0.9979,0.1654,25529,1,154304,0.1654,0.0000,0.5532,85356,1,154304,0.5532,0.0000
90.01,0.9187,14046,0,60000,0.2341,0.0099,0.8505,8485,0,60000,0.1414,0.9979,0.2204,34003,2,154304,0.2204,0.0000,0.5532,85356,1,154304,0.5532,0.0000
90.51,0.9870,9691,0,60000,0.1615,0.0000,0.8505,8485,0,60000,0.1414,0.9979,0.2204,34003,2,154304,0.2204,0.0000,0.5532,85356,1,154304,0.5532,0.0000
91.01,0.9870,13787,0,60000,0.2298,0.0101,0.9927,8551,0,60000,0.1425,0.9976,0.2204,34003,2,154304,0.2204,0.0000,0.5532,85356,1,154304,0.5532,0.0000
91.51,0.9770,9363,0,60000,0.1560,0.0000,0.9927,8551,0,60000,0.1425,0.9976,0.2204,34003,2,154304,0.2204,0.0000,0.5532,85356,1,154304,0.5532,0.0000
92.01,0.9770,9363,0,60000,0.1560,0.0000,0.9927,8551,0,60000,0.1425,0.9976,0.2204,34003,2,154304,0.2204,0.0000,0.5532,85356,1,154304,0.5532,0.0000
92.51,0.7911,13459,0,60000,0.2243,0.0099,0.9930,8560,0,60000,0.1427,0.9959,0.2204,34003,2,154304,0.2204,0.0000,0.4978,76818,1,154304,0.4978,0.0000
93.01,0.8593,9119,0,60000,0.1520,0.0000,0.9930,8560,0,60000,0.1427,0.9959,0.2204,34003,2,154304,0.2204,0.0000,0.4978,76818,1,154304,0.4978,0.0000
93.51,0.8593,9119,0,60000,0.1520,0.0000,0.8516,8518,0,60000,0.1420,0.9975,0.2204,34003,2,154304,0.2204,0.0000,0.4978,76818,1,154304,0.4978,0.0000
94.01,0.8051,8884,0,60000,0.1481,0.0000,0.8516,8518,0,60000,0.1420,0.9975,0.2204,34003,2,154304,0.2204,0.0000,0.4424,68262,1,154304,0.4424,0.0000
94.51,0.8051,8884,0,60000,0.1481,0.0000,0.8516,8518,0,60000,0.1420,0.9975,0.2204,34003,2,154304,0.2204,0.0000,0.4424,68262,1,154304,0.4424,0.0000
95.01,0.8733,12980,0,60000,0.2163,0.0000,0.8516,8518,0,60000,0.1420,0.9975,0.2204,34003,2,154304,0.2204,0.0000,0.4424,68262,1,154304,0.4424,0.0000
95.51,0.9416,8492,0,60000,0.1415,0.0099,0.9208,12703,0,60000,0.2117,0.0000,0.2204,34003,2,154304,0.2204,0.0000,0.4424,68262,1,154304,0.4424,0.0000
96.01,0.9416,12588,0,60000,0.2098,0.0000,0.9208,12703,0,60000,0.2117,0.0000,0.2204,34003,2,154304,0.2204,0.0000,0.4424,68262,1,154304,0.4424,0.0000
96.51,0.9416,12588,0,60000,0.2098,0.0000,0.9879,16685,0,60000,0.2781,0.9667,0.2770,42738,1,154304,0.2770,0.0000,0.4424,68262,1,154304,0.4424,0.0000
97.01,0.8774,16684,0,60000,0.2781,0.0099,0.9879,16685,0,60000,0.2781,0.9667,0.2770,42738,1,154304,0.2770,0.0000,0.4975,76760,1,154304,0.4975,0.0000
97.51,0.7900,12296,0,60000,0.2049,0.0000,0.7102,17025,0,60000,0.2838,0.9977,0.2770,42738,1,154304,0.2770,0.0000,0.4975,76760,1,154304,0.4975,0.0000
98.01,0.8583,16393,0,60000,0.2732,0.0101,0.7102,17025,0,60000,0.2838,0.9977,0.2770,42738,1,154304,0.2770,0.0000,0.4975,76760,1,154304,0.4975,0.0000
98.51,0.9265,12044,0,60000,0.2007,0.0000,0.7102,17025,0,60000,0.2838,0.9977,0.2770,42738,1,154304,0.2770,0.0000,0.4975,76760,1,154304,0.4975,0.0000
99.01,0.9265,12044,0,60000,0.2007,0.0000,0.7788,4137,0,60000,0.0689,0.0000,0.2770,42738,1,154304,0.2770,0.0000,0.3878,59837,1,154304,0.3878,0.0000
99.51,0.9948,16140,0,60000,0.2690,0.0099,0.8470,8233,0,60000,0.1372,0.0000,0.2770,42738,1,154304,0.2770,0.0000,0.3878,59837,1,154304,0.3878,0.0000
100.01,0.9318,11748,0,60000,0.1958,0.0000,0.8470,8233,0,60000,0.1372,0.0000,0.2770,42738,1,154304,0.2770,0.0000,0.3878,59837,1,154304,0.3878,0.0000
100.51,0.9075,15844,0,60000,0.2641,0.0099,0.8512,25500,0,60000,0.4250,0.9978,0.2770,42738,1,154304,0.2770,0.0000,0.3878,59837,1,154304,0.3878,0.0000
101.01,0.9758,11482,0,60000,0.1914,0.0000,0.8512,25500,0,60000,0.4250,0.9978,0.2770,42738,1,154304,0.2770,0.0000,0.3878,59837,1,154304,0.3878,0.0000
101.51,0.9758,11482,0,60000,0.1914,0.0000,0.8512,25500,0,60000,0.4250,0.9978,0.2770,42738,1,154304,0.2770,0.0000,0.3878,59837,1,154304,0.3878,0.0000
102.01,0.9692,15578,0,60000,0.2596,0.0099,0.9922,25507,0,60000,0.4251,0.9979,0.2770,42738,1,154304,0.2770,0.0000,0.3878,59837,1,154304,0.3878,0.0000
102.51,0.9073,11122,0,60000,0.1854,0.0000,0.9181,12601,0,60000,0.2100,0.0000,0.2770,42738,1,154304,0.2770,0.0000,0.4423,68250,1,154304,0.4423,0.0000
103.01,0.9073,11122,0,60000,0.1854,0.0000,0.9863,8233,0,60000,0.1372,0.0000,0.2211,34123,1,154304,0.2211,0.0000,0.4423,68250,1,154304,0.4423,0.0000
103.51,0.8203,15218,0,60000,0.2536,0.0099,0.9863,8233,0,60000,0.1372,0.0000,0.2211,34123,1,154304,0.2211,0.0000,0.4423,68250,1,154304,0.4423,0.0000
104.01,0.8885,10838,0,60000,0.1806,0.0000,0.9863,8233,0,60000,0.1372,0.0000,0.2211,34123,1,154304,0.2211,0.0000,0.3321,51245,1,154304,0.3321,0.0000
104.51,0.9568,14934,0,60000,0.2489,0.0099,0.9863,8233,0,60000,0.1372,0.0000,0.2211,34123,1,154304,0.2211,0.0000,0.3321,51245,1,154304,0.3321,0.0000
105.01,0.9568,14934,0,60000,0.2489,0.0099,0.9863,8233,0,60000,0.1372,0.0000,0.2211,34123,1,154304,0.2211,0.0000,0.3321,51245,1,154304,0.3321,0.0000
105.51,0.8726,14671,0,60000,0.2445,0.0099,0.9910,8541,0,60000,0.1424,0.9958,0.2211,34123,1,154304,0.2211,0.0000,0.3321,51245,1,154304,0.3321,0.0000
106.01,0.9409,10209,0,60000,0.1701,0.0000,0.9916,17097,0,60000,0.2849,0.9959,0.2211,34123,1,154304,0.2211,0.0000,0.3321,51245,1,154304,0.3321,0.0000
106.51,0.9409,10209,0,60000,0.1701,0.0000,0.9193,21228,0,60000,0.3538,0.0000,0.2211,34123,1,154304,0.2211,0.0000,0.3321,51245,1,154304,0.3321,0.0000
107.02,0.9208,14306,0,60000,0.2384,0.0101,0.9875,33788,0,60000,0.5631,0.6760,0.2211,34123,1,154304,0.2211,0.0000,0.3321,51245,1,154304,0.3321,0.0000
107.52,0.9891,9934,0,60000,0.1656,0.0000,0.9875,33788,0,60000,0.5631,0.6760,0.2769,42733,1,154304,0.2769,0.0000,0.3321,51245,1,154304,0.3321,0.0000
108.02,0.9891,14030,0,60000,0.2338,0.0099,0.9778,20793,0,60000,0.3466,0.0000,0.2769,42733,1,154304,0.2769,0.0000,0.3321,51245,1,154304,0.3321,0.0000
108.52,0.9800,9641,0,60000,0.1607,0.0000,0.9763,41831,0,60000,0.6972,0.9618,0.2769,42733,1,154304,0.2769,0.0000,0.4981,76863,1,154304,0.4981,0.0000
109.02,0.9800,9641,0,60000,0.1607,0.0000,0.9763,41831,0,60000,0.6972,0.9618,0.2769,42733,1,154304,0.2769,0.0000,0.4981,76863,1,154304,0.4981,0.0000
109.52,0.9800,13738,0,60000,0.2290,0.0101,0.9763,41831,0,60000,0.6972,0.9618,0.2769,42733,1,154304,0.2769,0.0000,0.4981,76863,1,154304,0.4981,0.0000
110.02,0.9656,9279,0,60000,0.1547,0.0000,0.9763,41831,0,60000,0.6972,0.9618,0.2769,42733,1,154304,0.2769,0.0000,0.4981,76863,1,154304,0.4981,0.0000
110.52,0.9656,9279,0,60000,0.1547,0.0000,0.9763,41831,0,60000,0.6972,0.9618,0.1655,25540,1,154304,0.1655,0.0000,0.4981,76863,1,154304,0.4981,0.0000
111.02,0.9766,13375,0,60000,0.2229,0.0101,0.9763,41831,0,60000,0.6972,0.9618,0.1655,25540,1,154304,0.1655,0.0000,0.4981,76863,1,154304,0.4981,0.0000
111.52,0.7460,9003,0,60000,0.1500,0.0000,0.9763,41831,0,60000,0.6972,0.9618,0.1655,25540,1,154304,0.1655,0.0000,0.4425,68284,2,154304,0.4425,0.0000
112.02,0.8143,13099,0,60000,0.2183,0.0099,0.9876,4137,0,60000,0.0689,0.0000,0.1655,25540,1,154304,0.1655,0.0000,0.4425,68284,2,154304,0.4425,0.0000
112.52,0.8825,8735,0,60000,0.1456,0.0000,0.9876,8233,0,60000,0.1372,0.0000,0.1655,25540,1,154304,0.1655,0.0000,0.4425,68284,2,154304,0.4425,0.0000
113.02,0.9508,12831,0,60000,0.2139,0.0000,0.9876,8233,0,60000,0.1372,0.0000,0.1655,25540,1,154304,0.1655,0.0000,0.4425,68284,2,154304,0.4425,0.0000
113.52,0.9508,12831,0,60000,0.2139,0.0000,0.9931,8553,0,60000,0.1426,0.9959,0.2773,42783,1,154304,0.2773,0.0000,0.4425,68284,2,154304,0.4425,0.0000
114.02,0.9399,8421,0,60000,0.1404,0.0101,0.9931,8553,0,60000,0.1426,0.9959,0.2773,42783,1,154304,0.2773,0.0000,0.4425,68284,2,154304,0.4425,0.0000
114.52,0.9399,12517,0,60000,0.2086,0.0000,0.9193,4137,0,60000,0.0689,0.0000,0.2773,42783,1,154304,0.2773,0.0000,0.4425,68284,2,154304,0.4425,0.0000
115.02,0.8422,16613,0,60000,0.2769,0.0099,0.9876,16724,0,60000,0.2787,0.6767,0.2773,42783,1,154304,0.2773,0.0000,0.3322,51258,1,154304,0.3322,0.0000
115.52,0.9104,12186,0,60000,0.2031,0.0000,0.9876,16724,0,60000,0.2787,0.6767,0.2773,42783,1,154304,0.2773,0.0000,0.3322,51258,1,154304,0.3322,0.0000
116.02,0.9104,12186,0,60000,0.2031,0.0000,0.9832,20820,0,60000,0.3470,0.0000,0.2773,42783,1,154304,0.2773,0.0000,0.3322,51258,1,154304,0.3322,0.0000
116.52,0.9787,16282,0,60000,0.2714,0.0099,0.9832,24916,0,60000,0.4153,0.0000,0.2773,42783,1,154304,0.2773,0.0000,0.3322,51258,1,154304,0.3322,0.0000
117.02,0.7647,11886,0,60000,0.1981,0.0000,0.9935,25553,0,60000,0.4259,0.9959,0.2773,42783,1,154304,0.2773,0.0000,0.3322,51258,1,154304,0.3322,0.0000
117.52,0.8330,15982,0,60000,0.2664,0.0099,0.9206,21158,0,60000,0.3526,0.0000,0.3876,59807,1,154304,0.3876,0.0000,0.3322,51258,1,154304,0.3322,0.0000
118.02,0.8330,15982,0,60000,0.2664,0.0099,0.9206,21158,0,60000,0.3526,0.0000,0.3876,59807,1,154304,0.3876,0.0000,0.3874,59784,1,154304,0.3874,0.0000
118.52,0.9012,11586,0,60000,0.1931,0.0000,0.9889,16789,0,60000,0.2798,0.0000,0.3876,59807,1,154304,0.3876,0.0000,0.3874,59784,1,154304,0.3874,0.0000
119.02,0.9695,15682,0,60000,0.2614,0.0099,0.9933,17050,0,60000,0.2842,0.0000,0.3876,59807,1,154304,0.3876,0.0000,0.3874,59784,1,154304,0.3874,0.0000
119.52,0.9096,11328,0,60000,0.1888,0.0000,0.9933,17050,0,60000,0.2842,0.0000,0.3876,59807,1,154304,0.3876,0.0000,0.3874,59784,1,154304,0.3874,0.0000
120.02,0.9096,11328,0,60000,0.1888,0.0000,0.9933,17050,0,60000,0.2842,0.0000,0.3876,59807,1,154304,0.3876,0.0000,0.3874,59784,1,154304,0.3874,0.0000
120.52,0.9683,15424,0,60000,0.2571,0.0099,0.9933,17050,0,60000,0.2842,0.0000,0.3876,59807,1,154304,0.3876,0.0000,0.3874,59784,1,154304,0.3874,0.0000
121.02,0.9680,11061,0,60000,0.1844,0.0000,0.9933,17050,0,60000,0.2842,0.0000,0.3876,59807,1,154304,0.3876,0.0000,0.2775,42826,1,154304,0.2775,0.0000
121.52,0.9680,15157,0,60000,0.2526,0.0099,0.9921,8514,0,60000,0.1419,0.9936,0.3876,59807,1,154304,0.3876,0.0000,0.2775,42826,1,154304,0.2775,0.0000
122.02,0.9473,10682,0,60000,0.1780,0.0000,0.9921,8514,0,60000,0.1419,0.9936,0.3324,51286,1,154304,0.3324,0.0000,0.2775,42826,1,154304,0.2775,0.0000
122.52,0.9473,10682,0,60000,0.1780,0.0000,0.9921,8514,0,60000,0.1419,0.9936,0.3324,51286,1,154304,0.3324,0.0000,0.2775,42826,1,154304,0.2775,0.0000
123.02,0.9380,14778,0,60000,0.2463,0.0099,0.8515,8509,0,60000,0.1418,0.9978,0.3324,51286,1,154304,0.3324,0.0000,0.2775,42826,1,154304,0.2775,0.0000
123.52,0.9380,10372,0,60000,0.1729,0.0000,0.8515,8509,0,60000,0.1418,0.9978,0.3324,51286,1,154304,0.3324,0.0000,0.3328,51345,1,154304,0.3328,0.0000
124.02,0.8745,14468,0,60000,0.2411,0.0099,0.8515,8509,0,60000,0.1418,0.9978,0.3324,51286,1,154304,0.3324,0.0000,0.3328,51345,1,154304,0.3328,0.0000
124.52,0.7352,10072,0,60000,0.1679,0.0000,0.8515,8509,0,60000,0.1418,0.9978,0.3324,51286,1,154304,0.3324,0.0000,0.3328,51345,1,154304,0.3328,0.0000
125.02,0.8034,14168,0,60000,0.2361,0.0099,0.8515,8509,0,60000,0.1418,0.9978,0.3324,51286,1,154304,0.3324,0.0000,0.3328,51345,1,154304,0.3328,0.0000
125.52,0.8034,14168,0,60000,0.2361,0.0099,0.8515,8509,0,60000,0.1418,0.9978,0.3324,51286,1,154304,0.3324,0.0000,0.3328,51345,1,154304,0.3328,0.0000
126.02,0.8386,9729,0,60000,0.1621,0.0000,0.8515,8509,0,60000,0.1418,0.9978,0.3324,51286,1,154304,0.3324,0.0000,0.3328,51345,1,154304,0.3328,0.0000
126.52,0.9069,13825,0,60000,0.2304,0.0099,0.9931,8524,0,60000,0.1421,0.9936,0.3324,51286,1,154304,0.3324,0.0000,0.3328,51345,1,154304,0.3328,0.0000
127.02,0.9069,13825,0,60000,0.2304,0.0099,0.9931,8524,0,60000,0.1421,0.9936,0.3324,51286,1,154304,0.3324,0.0000,0.3328,51345,1,154304,0.3328,0.0000
127.52,0.9702,9379,0,60000,0.1563,0.0000,0.9932,8548,0,60000,0.1425,0.9975,0.3324,51286,1,154304,0.3324,0.0000,0.3878,59833,1,154304,0.3878,0.0000
128.02,0.9702,13475,0,60000,0.2246,0.0101,0.9932,8548,0,60000,0.1425,0.9975,0.3324,51286,1,154304,0.3324,0.0000,0.3878,59833,1,154304,0.3878,0.0000
128.52,0.9131,9075,0,60000,0.1512,0.0000,0.9932,8548,0,60000,0.1425,0.9975,0.3324,51286,1,154304,0.3324,0.0000,0.3878,59833,1,154304,0.3878,0.0000
129.02,0.9814,13171,0,60000,0.2195,0.0099,0.9932,8548,0,60000,0.1425,0.9975,0.3324,51286,1,154304,0.3324,0.0000,0.3878,59833,1,154304,0.3878,0.0000
129.52,0.9547,8816,0,60000,0.1469,0.0000,0.9932,8548,0,60000,0.1425,0.9975,0.3317,51181,1,154304,0.3317,0.0000,0.3878,59833,1,154304,0.3878,0.0000
130.02,0.9547,8816,0,60000,0.1469,0.0000,0.9932,8548,0,60000,0.1425,0.9975,0.3317,51181,1,154304,0.3317,0.0000,0.3878,59833,1,154304,0.3878,0.0000
130.52,0.9547,12912,0,60000,0.2152,0.0000,0.9936,8579,0,60000,0.1430,0.9959,0.3317,51181,1,154304,0.3317,0.0000,0.3878,59833,1,154304,0.3878,0.0000
131.02,0.8500,8467,0,60000,0.1411,0.0101,0.9213,12710,0,60000,0.2118,0.0000,0.3317,51181,1,154304,0.3317,0.0000,0.3883,59921,1,154304,0.3883,0.0000
131.52,0.8500,8467,0,60000,0.1411,0.0101,0.9895,8233,0,60000,0.1372,0.0000,0.3317,51181,1,154304,0.3317,0.0000,0.3883,59921,1,154304,0.3883,0.0000
132.02,0.9865,16659,0,60000,0.2777,0.0099,0.9895,8233,0,60000,0.1372,0.0000,0.3317,51181,1,154304,0.3317,0.0000,0.3883,59921,1,154304,0.3883,0.0000
132.52,0.9865,16659,0,60000,0.2777,0.0099,0.9834,12580,0,60000,0.2097,0.0000,0.3317,51181,1,154304,0.3317,0.0000,0.3883,59921,1,154304,0.3883,0.0000
133.02,0.9374,12304,0,60000,0.2051,0.0000,0.9831,16761,0,60000,0.2793,0.6776,0.3317,51181,1,154304,0.3317,0.0000,0.3883,59921,1,154304,0.3883,0.0000
133.52,0.8390,16400,0,60000,0.2733,0.0099,0.9831,20857,0,60000,0.3476,0.0000,0.3317,51181,1,154304,0.3317,0.0000,0.3883,59921,1,154304,0.3883,0.0000
134.02,0.9073,11968,0,60000,0.1995,0.0000,0.9831,24953,0,60000,0.4159,0.0000,0.3333,51427,1,154304,0.3333,0.0000,0.3883,59921,1,154304,0.3883,0.0000
134.52,0.9755,16065,0,60000,0.2677,0.0101,0.9831,24953,0,60000,0.4159,0.0000,0.3333,51427,1,154304,0.3333,0.0000,0.4427,68318,1,154304,0.4427,0.0000
135.02,0.9755,16065,0,60000,0.2677,0.0101,0.9831,24953,0,60000,0.4159,0.0000,0.3333,51427,1,154304,0.3333,0.0000,0.4427,68318,1,154304,0.4427,0.0000
135.52,0.9213,11623,0,60000,0.1937,0.0000,0.9831,24953,0,60000,0.4159,0.0000,0.3333,51427,1,154304,0.3333,0.0000,0.4427,68318,1,154304,0.4427,0.0000
136.02,0.9895,15719,0,60000,0.2620,0.0099,0.9192,4137,0,60000,0.0689,0.0000,0.3333,51427,1,154304,0.3333,0.0000,0.3318,51196,1,154304,0.3318,0.0000
136.52,0.9801,11331,0,60000,0.1888,0.0000,0.9874,8233,0,60000,0.1372,0.0099,0.3333,51427,1,154304,0.3333,0.0000,0.3318,51196,1,154304,0.3318,0.0000
137.02,0.9801,15427,0,60000,0.2571,0.0099,0.9825,12329,0,60000,0.2055,0.0000,0.3333,51427,1,154304,0.3333,0.0000,0.3318,51196,1,154304,0.3318,0.0000
137.52,0.9801,15427,0,60000,0.2571,0.0099,0.9825,24868,0,60000,0.4145,0.6755,0.3333,51427,1,154304,0.3333,0.0000,0.3318,51196,1,154304,0.3318,0.0000
138.02,0.9158,11069,0,60000,0.1845,0.0000,0.9825,24868,0,60000,0.4145,0.6755,0.3333,51427,1,154304,0.3333,0.0000,0.3318,51196,1,154304,0.3318,0.0000
138.52,0.9840,15165,0,60000,0.2527,0.0099,0.9079,20515,0,60000,0.3419,0.0000,0.3333,51427,1,154304,0.3333,0.0000,0.3318,51196,1,154304,0.3318,0.0000
139.02,0.9739,10777,0,60000,0.1796,0.0000,0.9660,41626,0,60000,0.6938,0.9443,0.3889,60013,1,154304,0.3889,0.0000,0.3318,51196,1,154304,0.3318,0.0000
139.52,0.9739,10777,0,60000,0.1796,0.0000,0.8431,42650,0,60000,0.7108,0.9975,0.3889,60013,1,154304,0.3889,0.0000,0.3318,51196,1,154304,0.3318,0.0000
140.02,0.9739,14874,0,60000,0.2479,0.0101,0.8431,42650,0,60000,0.7108,0.9975,0.3889,60013,1,154304,0.3889,0.0000,0.2769,42726,1,154304,0.2769,0.0000
140.52,0.9640,10477,0,60000,0.1746,0.0000,0.8431,42650,0,60000,0.7108,0.9975,0.3889,60013,1,154304,0.3889,0.0000,0.2769,42726,1,154304,0.2769,0.0000
141.02,0.9504,14573,0,60000,0.2429,0.0099,0.8431,42650,0,60000,0.7108,0.9975,0.3895,60094,1,154304,0.3895,0.0000,0.2769,42726,1,154304,0.2769,0.0000
141.52,0.9386,10106,0,60000,0.1684,0.0000,0.9117,21231,0,60000,0.3538,0.0000,0.3895,60094,1,154304,0.3895,0.0000,0.2769,42726,1,154304,0.2769,0.0000
142.02,0.9386,10106,0,60000,0.1684,0.0000,0.9117,21231,0,60000,0.3538,0.0000,0.3895,60094,1,154304,0.3895,0.0000,0.2769,42726,1,154304,0.2769,0.0000
142.52,0.7707,14202,0,60000,0.2367,0.0099,0.9800,16755,0,60000,0.2792,0.0000,0.3895,60094,1,154304,0.3895,0.0000,0.2769,42726,1,154304,0.2769,0.0000
143.02,0.7707,14202,0,60000,0.2367,0.0099,0.9800,16755,0,60000,0.2792,0.0000,0.4431,68367,1,154304,0.4431,0.0000,0.2215,34173,1,154304,0.2215,0.0000
143.52,0.9408,13925,0,60000,0.2321,0.0099,0.9845,4137,0,60000,0.0689,0.0000,0.4431,68367,1,154304,0.4431,0.0000,0.2215,34173,1,154304,0.2215,0.0000
144.02,0.9408,13925,0,60000,0.2321,0.0099,0.9840,8233,0,60000,0.1372,0.0000,0.4431,68367,1,154304,0.4431,0.0000,0.2215,34173,1,154304,0.2215,0.0000
144.52,0.9099,9498,0,60000,0.1583,0.0000,0.9840,8233,0,60000,0.1372,0.0000,0.4431,68367,1,154304,0.4431,0.0000,0.2215,34173,1,154304,0.2215,0.0000
145.02,0.9782,13595,0,60000,0.2266,0.0101,0.9840,8233,0,60000,0.1372,0.0000,0.4431,68367,1,154304,0.4431,0.0000,0.2215,34173,1,154304,0.2215,0.0000
145.52,0.9670,9114,0,60000,0.1519,0.0000,0.9840,8233,0,60000,0.1372,0.0000,0.4435,68436,1,154304,0.4435,0.0000,0.2215,34173,1,154304,0.2215,0.0000
146.02,0.9670,13210,0,60000,0.2202,0.0099,0.9840,8233,0,60000,0.1372,0.0000,0.4435,68436,1,154304,0.4435,0.0000,0.2215,34173,1,154304,0.2215,0.0000
146.52,0.9035,8774,0,60000,0.1462,0.0000,0.9840,8233,0,60000,0.1372,0.0000,0.4435,68436,1,154304,0.4435,0.0000,0.2771,42758,1,154304,0.2771,0.0000
147.02,0.9035,8774,0,60000,0.1462,0.0000,0.9896,4137,0,60000,0.0689,0.0000,0.4435,68436,1,154304,0.4435,0.0000,0.2771,42758,1,154304,0.2771,0.0000
147.52,0.9718,12870,0,60000,0.2145,0.0000,0.9896,16696,0,60000,0.2783,0.6760,0.4435,68436,1,154304,0.4435,0.0000,0.2771,42758,1,154304,0.2771,0.0000
148.02,0.9511,8446,0,60000,0.1408,0.0099,0.9846,20792,0,60000,0.3465,0.0000,0.4435,68436,1,154304,0.4435,0.0000,0.2771,42758,1,154304,0.2771,0.0000
148.52,0.9511,12542,0,60000,0.2090,0.0000,0.9846,20792,0,60000,0.3465,0.0000,0.4435,68436,1,154304,0.4435,0.0000,0.2771,42758,1,154304,0.2771,0.0000
149.02,0.9511,12542,0,60000,0.2090,0.0000,0.9846,24888,0,60000,0.4148,0.0000,0.4435,68436,1,154304,0.4435,0.0000,0.2771,42758,1,154304,0.2771,0.0000
149.52,0.8465,16638,0,60000,0.2773,0.0099,0.9846,24888,0,60000,0.4148,0.0000,0.4435,68436,1,154304,0.4435,0.0000,0.2771,42758,1,154304,0.2771,0.0000
150.02,0.9148,12246,0,60000,0.2041,0.0000,0.9846,24888,0,60000,0.4148,0.0000,0.4435,68436,1,154304,0.4435,0.0000,0.2771,42758,1,154304,0.2771,0.0000
150.52,0.9830,16342,0,60000,0.2724,0.0099,0.9956,41,0,60000,0.0007,0.0099,0.3875,59793,1,154304,0.3875,0.0000,0.2215,34177,1,154304,0.2215,0.0000
151.02,0.9358,11955,0,60000,0.1993,0.0000,0.9797,4137,0,60000,0.0689,0.0000,0.3875,59793,1,154304,0.3875,0.0000,0.2215,34177,1,154304,0.2215,0.0000
151.52,0.9358,11955,0,60000,0.1993,0.0000,0.8466,8233,0,60000,0.1372,0.0099,0.3875,59793,1,154304,0.3875,0.0000,0.2215,34177,1,154304,0.2215,0.0000
152.02,0.9239,16051,0,60000,0.2675,0.0099,0.9148,12329,0,60000,0.2055,0.0000,0.3875,59793,1,154304,0.3875,0.0000,0.2215,34177,1,154304,0.2215,0.0000
152.52,0.9922,11684,0,60000,0.1947,0.0000,0.9831,16425,0,60000,0.2737,0.0000,0.3875,59793,1,154304,0.3875,0.0000,0.2215,34177,1,154304,0.2215,0.0000
153.02,0.9922,11684,0,60000,0.1947,0.0000,0.9831,16425,0,60000,0.2737,0.0000,0.4432,68384,1,154304,0.4432,0.0000,0.2215,34177,1,154304,0.2215,0.0000
153.52,0.9854,15780,0,60000,0.2630,0.0099,0.9831,16425,0,60000,0.2737,0.0000,0.4432,68384,1,154304,0.4432,0.0000,0.2215,34177,1,154304,0.2215,0.0000
154.02,0.9743,11356,0,60000,0.1893,0.0000,0.9831,16425,0,60000,0.2737,0.0000,0.4432,68384,1,154304,0.4432,0.0000,0.2215,34177,1,154304,0.2215,0.0000
154.52,0.8276,15452,0,60000,0.2575,0.0099,0.9831,16425,0,60000,0.2737,0.0000,0.4432,68384,1,154304,0.4432,0.0000,0.2215,34177,1,154304,0.2215,0.0000
155.02,0.8959,11114,0,60000,0.1852,0.0000,0.9831,16425,0,60000,0.2737,0.0000,0.4432,68384,1,154304,0.4432,0.0000,0.2212,34128,1,154304,0.2212,0.0000
155.52,0.8190,15210,0,60000,0.2535,0.0099,0.9831,16425,0,60000,0.2737,0.0000,0.4432,68384,1,154304,0.4432,0.0000,0.2212,34128,1,154304,0.2212,0.0000
156.02,0.8190,15210,0,60000,0.2535,0.0099,0.9831,16425,0,60000,0.2737,0.0000,0.4432,68384,1,154304,0.4432,0.0000,0.2212,34128,1,154304,0.2212,0.0000
156.52,0.8873,10785,0,60000,0.1797,0.0000,0.9935,8507,0,60000,0.1418,0.9960,0.4432,68384,1,154304,0.4432,0.0000,0.2212,34128,1,154304,0.2212,0.0000
157.02,0.9555,14881,0,60000,0.2480,0.0099,0.9935,8507,0,60000,0.1418,0.9960,0.4432,68384,1,154304,0.4432,0.0000,0.2212,34128,1,154304,0.2212,0.0000
157.52,0.9393,10464,0,60000,0.1744,0.0000,0.9935,8507,0,60000,0.1418,0.9960,0.4991,77008,1,154304,0.4991,0.0000,0.2212,34128,1,154304,0.2212,0.0000
158.02,0.8753,14560,0,60000,0.2427,0.0099,0.9935,8507,0,60000,0.1418,0.9960,0.4991,77008,1,154304,0.4991,0.0000,0.2212,34128,1,154304,0.2212,0.0000
158.52,0.8753,14560,0,60000,0.2427,0.0099,0.9935,8507,0,60000,0.1418,0.9960,0.4991,77008,1,154304,0.4991,0.0000,0.2212,34128,1,154304,0.2212,0.0000
159.02,0.9436,10124,0,60000,0.1687,0.0000,0.9935,8507,0,60000,0.1418,0.9960,0.4991,77008,1,154304,0.4991,0.0000,0.2212,34128,1,154304,0.2212,0.0000
159.52,0.9247,14220,0,60000,0.2370,0.0099,0.9935,8507,0,60000,0.1418,0.9960,0.4991,77008,1,154304,0.4991,0.0000,0.2212,34128,1,154304,0.2212,0.0000
160.02,0.9930,9890,0,60000,0.1648,0.0000,0.9935,8507,0,60000,0.1418,0.9960,0.4991,77008,1,154304,0.4991,0.0000,0.2212,34128,1,154304,0.2212,0.0000
160.52,0.9930,9890,0,60000,0.1648,0.0000,0.9935,8507,0,60000,0.1418,0.9960,0.4991,77008,1,154304,0.4991,0.0000,0.2212,34128,1,154304,0.2212,0.0000
161.02,0.7999,13986,0,60000,0.2331,0.0099,0.9935,8507,0,60000,0.1418,0.9960,0.4991,77008,1,154304,0.4991,0.0000,0.2212,34128,1,154304,0.2212,0.0000
161.52,0.8681,9579,0,60000,0.1596,0.0000,0.9935,8507,0,60000,0.1418,0.9960,0.4991,77008,1,154304,0.4991,0.0000,0.2212,34128,1,154304,0.2212,0.0000
162.02,0.7540,13675,0,60000,0.2279,0.0099,0.9935,8507,0,60000,0.1418,0.9960,0.4991,77008,1,154304,0.4991,0.0000,0.2212,34128,1,154304,0.2212,0.0000
162.52,0.8223,9215,0,60000,0.1536,0.0000,0.9935,8507,0,60000,0.1418,0.9960,0.4991,77008,1,154304,0.4991,0.0000,0.2212,34128,1,154304,0.2212,0.0000
163.02,0.8223,9215,0,60000,0.1536,0.0000,0.9835,4137,0,60000,0.0689,0.0000,0.4991,77008,1,154304,0.4991,0.0000,0.2212,34128,1,154304,0.2212,0.0000
163.52,0.8905,13312,0,60000,0.2219,0.0101,0.9829,8233,0,60000,0.1372,0.0000,0.4991,77008,1,154304,0.4991,0.0000,0.2212,34128,1,154304,0.2212,0.0000
164.02,0.9588,8844,0,60000,0.1474,0.0000,0.9829,8233,0,60000,0.1372,0.0000,0.6654,102672,1,154304,0.6654,0.0000,0.2212,34128,1,154304,0.2212,0.0000
164.52,0.9588,8844,0,60000,0.1474,0.0000,0.9829,8233,0,60000,0.1372,0.0000,0.6654,102672,1,154304,0.6654,0.0000,0.2212,34128,1,154304,0.2212,0.0000
165.02,0.7799,12940,0,60000,0.2157,0.0000,0.9829,8233,0,60000,0.1372,0.0000,0.6654,102672,1,154304,0.6654,0.0000,0.2212,34128,1,154304,0.2212,0.0000
165.52,0.8482,8548,0,60000,0.1425,0.0101,0.9829,8233,0,60000,0.1372,0.0000,0.4991,77017,1,154304,0.4991,0.0000,0.2212,34128,1,154304,0.2212,0.0000
166.02,0.9164,12644,0,60000,0.2107,0.0000,0.9829,8233,0,60000,0.1372,0.0000,0.4991,77017,1,154304,0.4991,0.0000,0.2212,34128,1,154304,0.2212,0.0000
166.52,0.9847,16740,0,60000,0.2790,0.0099,0.9829,8233,0,60000,0.1372,0.0000,0.4991,77017,1,154304,0.4991,0.0000,0.2212,34128,1,154304,0.2212,0.0000
167.02,0.9847,12303,0,60000,0.2051,0.0000,0.9829,8233,0,60000,0.1372,0.0000,0.4991,77017,1,154304,0.4991,0.0000,0.2212,34128,1,154304,0.2212,0.0000
167.52,0.9639,16399,0,60000,0.2733,0.0099,0.9829,8233,0,60000,0.1372,0.0000,0.4991,77017,1,154304,0.4991,0.0000,0.2212,34128,1,154304,0.2212,0.0000
168.02,0.9639,16399,0,60000,0.2733,0.0099,0.7786,8527,0,60000,0.1421,0.9978,0.4991,77017,1,154304,0.4991,0.0000,0.2212,34128,1,154304,0.2212,0.0000
168.52,0.9639,11971,0,60000,0.1995,0.0000,0.8524,17050,0,60000,0.2842,0.9975,0.4990,76998,1,154304,0.4990,0.0000,0.2212,34128,1,154304,0.2212,0.0000
169.02,0.9426,16067,0,60000,0.2678,0.0099,0.8524,17050,0,60000,0.2842,0.9975,0.4990,76998,1,154304,0.4990,0.0000,0.2212,34128,1,154304,0.2212,0.0000
169.52,0.9426,11705,0,60000,0.1951,0.0000,0.8524,17050,0,60000,0.2842,0.9975,0.4990,76998,1,154304,0.4990,0.0000,0.2771,42763,1,154304,0.2771,0.0000
170.02,0.9426,11705,0,60000,0.1951,0.0000,0.8524,17050,0,60000,0.2842,0.9975,0.4990,76998,1,154304,0.4990,0.0000,0.2771,42763,1,154304,0.2771,0.0000
170.52,0.7673,15802,0,60000,0.2634,0.0101,0.8524,17050,0,60000,0.2842,0.9975,0.3326,51318,1,154304,0.3326,0.0000,0.2771,42763,1,154304,0.2771,0.0000
171.02,0.8356,11379,0,60000,0.1897,0.0000,0.8524,17050,0,60000,0.2842,0.9975,0.3326,51318,1,154304,0.3326,0.0000,0.2771,42763,1,154304,0.2771,0.0000
171.52,0.9038,15475,0,60000,0.2579,0.0099,0.9210,4137,0,60000,0.0689,0.0000,0.3326,51318,1,154304,0.3326,0.0000,0.2771,42763,1,154304,0.2771,0.0000
172.02,0.9038,15475,0,60000,0.2579,0.0099,0.8369,16753,0,60000,0.2792,0.9566,0.3326,51318,1,154304,0.3326,0.0000,0.2771,42763,1,154304,0.2771,0.0000
172.52,0.9721,11074,0,60000,0.1846,0.0000,0.9846,25614,0,60000,0.4269,0.9978,0.3326,51318,1,154304,0.3326,0.0000,0.2771,42763,1,154304,0.2771,0.0000
173.03,0.9518,15170,0,60000,0.2528,0.0099,0.9846,25614,0,60000,0.4269,0.9978,0.3326,51318,1,154304,0.3326,0.0000,0.2771,42763,1,154304,0.2771,0.0000
173.53,0.9518,10711,0,60000,0.1785,0.0000,0.9846,25614,0,60000,0.4269,0.9978,0.3326,51318,1,154304,0.3326,0.0000,0.2771,42763,1,154304,0.2771,0.0000
174.03,0.7263,14807,0,60000,0.2468,0.0099,0.9849,21170,0,60000,0.3528,0.0000,0.3882,59894,1,154304,0.3882,0.0000,0.2771,42763,1,154304,0.2771,0.0000
174.53,0.7263,14807,0,60000,0.2468,0.0099,0.9795,8233,0,60000,0.1372,0.0000,0.3882,59894,1,154304,0.3882,0.0000,0.2771,42763,1,154304,0.2771,0.0000
175.03,0.7946,10435,0,60000,0.1739,0.0000,0.9795,8233,0,60000,0.1372,0.0000,0.3882,59894,1,154304,0.3882,0.0000,0.2771,42763,1,154304,0.2771,0.0000
175.53,0.7830,14531,0,60000,0.2422,0.0099,0.9795,8233,0,60000,0.1372,0.0000,0.3329,51366,1,154304,0.3329,0.0000,0.2771,42763,1,154304,0.2771,0.0000
176.03,0.8513,10071,0,60000,0.1678,0.0000,0.9795,8233,0,60000,0.1372,0.0000,0.3329,51366,1,154304,0.3329,0.0000,0.2771,42763,1,154304,0.2771,0.0000
176.53,0.9196,14167,0,60000,0.2361,0.0099,0.9795,8233,0,60000,0.1372,0.0000,0.3329,51366,1,154304,0.3329,0.0000,0.2771,42763,1,154304,0.2771,0.0000
177.03,0.9878,9727,0,60000,0.1621,0.0000,0.9795,8233,0,60000,0.1372,0.0000,0.3329,51366,1,154304,0.3329,0.0000,0.2771,42763,1,154304,0.2771,0.0000
177.53,0.9878,9727,0,60000,0.1621,0.0000,0.9795,8233,0,60000,0.1372,0.0000,0.3329,51366,1,154304,0.3329,0.0000,0.2771,42763,1,154304,0.2771,0.0000
178.03,0.7602,13823,0,60000,0.2304,0.0099,0.7786,8597,0,60000,0.1433,0.9977,0.3329,51366,1,154304,0.3329,0.0000,0.2771,42763,1,154304,0.2771,0.0000
178.53,0.8285,9371,0,60000,0.1562,0.0000,0.7790,17068,0,60000,0.2845,0.9979,0.3329,51366,1,154304,0.3329,0.0000,0.4445,68590,1,154304,0.4445,0.0000
179.03,0.8968,13467,0,60000,0.2245,0.0099,0.7790,17068,0,60000,0.2845,0.9979,0.3329,51366,1,154304,0.3329,0.0000,0.4445,68590,1,154304,0.4445,0.0000
179.53,0.8968,13467,0,60000,0.2245,0.0099,0.7790,17068,0,60000,0.2845,0.9979,0.4979,76821,1,154304,0.4979,0.0000,0.4445,68590,1,154304,0.4445,0.0000
180.03,0.9650,8996,0,60000,0.1499,0.0000,0.8476,4137,0,60000,0.0689,0.0000,0.4979,76821,1,154304,0.4979,0.0000,0.4445,68590,1,154304,0.4445,0.0000
180.53,0.9650,13092,0,60000,0.2182,0.0099,0.8419,16784,0,60000,0.2797,0.9678,0.4979,76821,1,154304,0.4979,0.0000,0.4445,68590,1,154304,0.4445,0.0000
181.03,0.9532,8728,0,60000,0.1455,0.0000,0.8419,16784,0,60000,0.2797,0.9678,0.4979,76821,1,154304,0.4979,0.0000,0.4445,68590,1,154304,0.4445,0.0000
181.53,0.9532,12824,0,60000,0.2137,0.0000,0.8419,16784,0,60000,0.2797,0.9678,0.4979,76821,1,154304,0.4979,0.0000,0.4445,68590,1,154304,0.4445,0.0000
182.03,0.9532,12824,0,60000,0.2137,0.0000,0.8419,16784,0,60000,0.2797,0.9678,0.4979,76821,1,154304,0.4979,0.0000,0.4445,68590,1,154304,0.4445,0.0000
182.53,0.8496,8480,0,60000,0.1413,0.0101,0.9149,4137,0,60000,0.0689,0.0000,0.4979,76821,1,154304,0.4979,0.0000,0.3330,51378,1,154304,0.3330,0.0000
183.03,0.8681,12576,0,60000,0.2096,0.0000,0.9149,4137,0,60000,0.0689,0.0000,0.4979,76821,1,154304,0.4979,0.0000,0.3330,51378,1,154304,0.3330,0.0000
183.53,0.9363,16672,0,60000,0.2779,0.0099,0.9832,8233,0,60000,0.1372,0.0000,0.4979,76821,1,154304,0.4979,0.0000,0.3330,51378,1,154304,0.3330,0.0000
184.03,0.9363,16672,0,60000,0.2779,0.0099,0.9832,8233,0,60000,0.1372,0.0000,0.4979,76821,1,154304,0.4979,0.0000,0.3330,51378,1,154304,0.3330,0.0000
184.53,0.9363,12229,0,60000,0.2038,0.0000,0.7091,8500,0,60000,0.1417,0.9979,0.4979,76821,1,154304,0.4979,0.0000,0.3330,51378,1,154304,0.3330,0.0000
185.03,0.9242,16325,0,60000,0.2721,0.0099,0.7091,8500,0,60000,0.1417,0.9979,0.4979,76821,1,154304,0.4979,0.0000,0.2773,42791,1,154304,0.2773,0.0000
185.53,0.9924,11853,0,60000,0.1976,0.0000,0.7091,8500,0,60000,0.1417,0.9979,0.3876,59801,1,154304,0.3876,0.0000,0.2773,42791,1,154304,0.2773,0.0000
186.03,0.8454,15949,0,60000,0.2658,0.0099,0.7091,8500,0,60000,0.1417,0.9979,0.3876,59801,1,154304,0.3876,0.0000,0.2773,42791,1,154304,0.2773,0.0000
186.53,0.8454,15949,0,60000,0.2658,0.0099,0.7091,8500,0,60000,0.1417,0.9979,0.3876,59801,1,154304,0.3876,0.0000,0.2773,42791,1,154304,0.2773,0.0000
187.03,0.9137,11485,0,60000,0.1914,0.0000,0.7091,8500,0,60000,0.1417,0.9979,0.3876,59801,1,154304,0.3876,0.0000,0.2773,42791,1,154304,0.2773,0.0000
187.53,0.8284,15581,0,60000,0.2597,0.0099,0.7097,8486,0,60000,0.1414,0.9978,0.3876,59801,1,154304,0.3876,0.0000,0.2773,42791,1,154304,0.2773,0.0000
188.03,0.8967,11198,0,60000,0.1866,0.0000,0.7097,8486,0,60000,0.1414,0.9978,0.3876,59801,1,154304,0.3876,0.0000,0.2773,42791,1,154304,0.2773,0.0000
188.53,0.9649,15294,0,60000,0.2549,0.0099,0.7097,8486,0,60000,0.1414,0.9978,0.3876,59801,1,154304,0.3876,0.0000,0.3309,51066,1,154304,0.3309,0.0000
189.03,0.9649,15294,0,60000,0.2549,0.0099,0.7097,8486,0,60000,0.1414,0.9978,0.3876,59801,1,154304,0.3876,0.0000,0.3309,51066,1,154304,0.3309,0.0000
189.53,0.9570,10836,0,60000,0.1806,0.0000,0.7782,4137,0,60000,0.0689,0.0000,0.3876,59801,1,154304,0.3876,0.0000,0.3309,51066,1,154304,0.3309,0.0000
190.03,0.8943,14932,0,60000,0.2489,0.0099,0.8465,8233,0,60000,0.1372,0.0000,0.3876,59801,1,154304,0.3876,0.0000,0.3309,51066,1,154304,0.3309,0.0000
190.53,0.9625,10495,0,60000,0.1749,0.0000,0.8465,8233,0,60000,0.1372,0.0000,0.4982,76870,1,154304,0.4982,0.0000,0.3309,51066,1,154304,0.3309,0.0000
191.03,0.9625,10495,0,60000,0.1749,0.0000,0.8465,8233,0,60000,0.1372,0.0000,0.4982,76870,1,154304,0.4982,0.0000,0.3309,51066,1,154304,0.3309,0.0000
191.53,0.9625,14591,0,60000,0.2432,0.0099,0.8465,8233,0,60000,0.1372,0.0000,0.4982,76870,1,154304,0.4982,0.0000,0.3309,51066,1,154304,0.3309,0.0000
192.03,0.8824,10236,0,60000,0.1706,0.0000,0.8465,8233,0,60000,0.1372,0.0000,0.4982,76870,1,154304,0.4982,0.0000,0.3309,51066,1,154304,0.3309,0.0000
192.53,0.9507,14332,0,60000,0.2389,0.0099,0.8465,8233,0,60000,0.1372,0.0000,0.4982,76870,1,154304,0.4982,0.0000,0.3309,51066,1,154304,0.3309,0.0000
193.03,0.9277,9900,0,60000,0.1650,0.0000,0.8465,8233,0,60000,0.1372,0.0000,0.4427,68308,1,154304,0.4427,0.0000,0.3309,51066,1,154304,0.3309,0.0000
193.53,0.9277,9900,0,60000,0.1650,0.0000,0.8465,8233,0,60000,0.1372,0.0000,0.4427,68308,1,154304,0.4427,0.0000,0.3309,51066,1,154304,0.3309,0.0000
194.03,0.9960,13996,0,60000,0.2333,0.0099,0.8465,8233,0,60000,0.1372,0.0000,0.4427,68308,1,154304,0.4427,0.0000,0.3309,51066,1,154304,0.3309,0.0000
194.53,0.9782,9588,0,60000,0.1598,0.0000,0.8465,8233,0,60000,0.1372,0.0000,0.4427,68308,1,154304,0.4427,0.0000,0.3309,51066,1,154304,0.3309,0.0000
195.03,0.9782,13684,0,60000,0.2281,0.0099,0.8465,8233,0,60000,0.1372,0.0000,0.4427,68308,1,154304,0.4427,0.0000,0.3309,51066,1,154304,0.3309,0.0000
195.53,0.9682,9316,0,60000,0.1553,0.0000,0.8465,8233,0,60000,0.1372,0.0000,0.4427,68308,1,154304,0.4427,0.0000,0.3309,51066,1,154304,0.3309,0.0000
196.03,0.9682,9316,0,60000,0.1553,0.0000,0.9193,4137,0,60000,0.0689,0.0000,0.4427,68308,1,154304,0.4427,0.0000,0.3309,51066,1,154304,0.3309,0.0000
196.53,0.9682,13412,0,60000,0.2235,0.0099,0.9193,4137,0,60000,0.0689,0.0000,0.4427,68308,1,154304,0.4427,0.0000,0.3309,51066,1,154304,0.3309,0.0000
197.03,0.8580,9056,0,60000,0.1509,0.0000,0.9876,8233,0,60000,0.1372,0.0000,0.4434,68415,1,154304,0.4434,0.0000,0.3309,51066,1,154304,0.3309,0.0000
197.53,0.8580,9056,0,60000,0.1509,0.0000,0.9876,8233,0,60000,0.1372,0.0000,0.4434,68415,1,154304,0.4434,0.0000,0.3309,51066,1,154304,0.3309,0.0000
198.03,0.6431,13152,0,60000,0.2192,0.0099,0.9876,8233,0,60000,0.1372,0.0000,0.4434,68415,1,154304,0.4434,0.0000,0.3309,51066,1,154304,0.3309,0.0000
198.53,0.7114,8743,0,60000,0.1457,0.0000,0.9876,8233,0,60000,0.1372,0.0000,0.4434,68415,1,154304,0.4434,0.0000,0.3309,51066,1,154304,0.3309,0.0000
199.03,0.7799,12839,0,60000,0.2140,0.0000,0.9876,8233,0,60000,0.1372,0.0000,0.4434,68415,1,154304,0.4434,0.0000,0.3309,51066,1,154304,0.3309,0.0000
199.53,0.8482,8439,0,60000,0.1406,0.0099,0.9876,8233,0,60000,0.1372,0.0000,0.4434,68415,1,154304,0.4434,0.0000,0.3864,59630,1,154304,0.3864,0.0000
200.03,0.9164,12535,0,60000,0.2089,0.0000,0.9919,8508,0,60000,0.1418,0.9978,0.4434,68415,1,154304,0.4434,0.0000,0.3864,59630,1,154304,0.3864,0.0000
200.53,0.9164,12535,0,60000,0.2089,0.0000,0.9919,8508,0,60000,0.1418,0.9978,0.4434,68415,1,154304,0.4434,0.0000,0.3864,59630,1,154304,0.3864,0.0000
201.03,0.9847,16631,0,60000,0.2772,0.0104,0.9919,8508,0,60000,0.1418,0.9978,0.4434,68415,1,154304,0.4434,0.0000,0.3864,59630,1,154304,0.3864,0.0000
201.53,0.9302,12281,0,60000,0.2047,0.0000,0.9919,8508,0,60000,0.1418,0.9978,0.4434,68415,1,154304,0.4434,0.0000,0.3864,59630,1,154304,0.3864,0.0000
202.03,0.9984,16377,0,60000,0.2730,0.0099,0.9919,8508,0,60000,0.1418,0.9978,0.4434,68415,1,154304,0.4434,0.0000,0.3864,59630,1,154304,0.3864,0.0000
202.53,0.9984,16377,0,60000,0.2730,0.0099,0.9919,8508,0,60000,0.1418,0.9978,0.3886,59969,1,154304,0.3886,0.0000,0.3864,59630,1,154304,0.3864,0.0000
203.03,0.9344,11998,0,60000,0.2000,0.0000,0.9919,8508,0,60000,0.1418,0.9978,0.3886,59969,1,154304,0.3886,0.0000,0.3864,59630,1,154304,0.3864,0.0000
203.53,0.9152,16095,0,60000,0.2682,0.0101,0.9919,8508,0,60000,0.1418,0.9978,0.3886,59969,1,154304,0.3886,0.0000,0.3864,59630,1,154304,0.3864,0.0000
204.03,0.9834,11749,0,60000,0.1958,0.0000,0.9919,8508,0,60000,0.1418,0.9978,0.3886,59969,1,154304,0.3886,0.0000,0.3318,51193,1,154304,0.3318,0.0000
204.53,0.9834,15845,0,60000,0.2641,0.0099,0.9182,17026,0,60000,0.2838,0.9978,0.3886,59969,1,154304,0.3886,0.0000,0.3318,51193,1,154304,0.3318,0.0000
205.03,0.9834,15845,0,60000,0.2641,0.0099,0.9182,17026,0,60000,0.2838,0.9978,0.3886,59969,1,154304,0.3886,0.0000,0.3318,51193,1,154304,0.3318,0.0000
205.53,0.9192,11382,0,60000,0.1897,0.0000,0.9182,17026,0,60000,0.2838,0.9978,0.3886,59969,1,154304,0.3886,0.0000,0.3318,51193,1,154304,0.3318,0.0000
206.03,0.8321,15478,0,60000,0.2580,0.0099,0.9182,17026,0,60000,0.2838,0.9978,0.3886,59969,1,154304,0.3886,0.0000,0.3318,51193,1,154304,0.3318,0.0000
206.53,0.9003,11061,0,60000,0.1844,0.0000,0.9182,17026,0,60000,0.2838,0.9978,0.3879,59851,1,154304,0.3879,0.0000,0.3318,51193,1,154304,0.3318,0.0000
207.03,0.9686,15157,0,60000,0.2526,0.0099,0.8498,8498,0,60000,0.1416,0.9978,0.3879,59851,1,154304,0.3879,0.0000,0.3318,51193,1,154304,0.3318,0.0000
207.53,0.9686,15157,0,60000,0.2526,0.0099,0.8498,8498,0,60000,0.1416,0.9978,0.3879,59851,1,154304,0.3879,0.0000,0.3318,51193,1,154304,0.3318,0.0000
208.03,0.9593,10740,0,60000,0.1790,0.0000,0.8498,8498,0,60000,0.1416,0.9978,0.3879,59851,1,154304,0.3879,0.0000,0.3318,51193,1,154304,0.3318,0.0000
208.53,0.9593,14836,0,60000,0.2473,0.0099,0.8498,8498,0,60000,0.1416,0.9978,0.3879,59851,1,154304,0.3879,0.0000,0.3318,51193,1,154304,0.3318,0.0000
209.03,0.9462,10432,0,60000,0.1739,0.0000,0.8510,17096,0,60000,0.2849,0.9977,0.3879,59851,1,154304,0.3879,0.0000,0.3318,51193,1,154304,0.3318,0.0000
209.53,0.9462,10432,0,60000,0.1739,0.0000,0.8510,17096,0,60000,0.2849,0.9977,0.3879,59851,1,154304,0.3879,0.0000,0.3318,51193,1,154304,0.3318,0.0000
210.03,0.7352,14528,0,60000,0.2421,0.0099,0.8510,17096,0,60000,0.2849,0.9977,0.3330,51381,1,154304,0.3330,0.0000,0.3318,51193,1,154304,0.3318,0.0000
210.53,0.8035,10056,0,60000,0.1676,0.0000,0.9196,21213,0,60000,0.3535,0.0000,0.3330,51381,1,154304,0.3330,0.0000,0.4426,68302,1,154304,0.4426,0.0000
211.03,0.8718,14152,0,60000,0.2359,0.0099,0.9844,16762,0,60000,0.2794,0.9688,0.3330,51381,1,154304,0.3330,0.0000,0.4426,68302,1,154304,0.4426,0.0000
211.53,0.9194,9750,0,60000,0.1625,0.0000,0.9890,21134,0,60000,0.3522,0.0000,0.3319,51212,1,154304,0.3319,0.0000,0.4426,68302,1,154304,0.4426,0.0000
212.03,0.9194,9750,0,60000,0.1625,0.0000,0.9890,21134,0,60000,0.3522,0.0000,0.3319,51212,1,154304,0.3319,0.0000,0.4426,68302,1,154304,0.4426,0.0000
212.53,0.9877,13846,0,60000,0.2308,0.0099,0.9153,25297,0,60000,0.4216,0.9701,0.3319,51212,1,154304,0.3319,0.0000,0.4426,68302,1,154304,0.4426,0.0000
213.03,0.9772,9457,0,60000,0.1576,0.0000,0.9153,25297,0,60000,0.4216,0.9701,0.3319,51212,1,154304,0.3319,0.0000,0.4426,68302,1,154304,0.4426,0.0000
213.53,0.9772,13553,0,60000,0.2259,0.0099,0.9153,25297,0,60000,0.4216,0.9701,0.3319,51212,1,154304,0.3319,0.0000,0.3326,51324,1,154304,0.3326,0.0000
214.03,0.9140,9110,0,60000,0.1518,0.0000,0.9196,17094,0,60000,0.2849,0.9959,0.3319,51212,1,154304,0.3319,0.0000,0.3326,51324,1,154304,0.3326,0.0000
214.53,0.9140,9110,0,60000,0.1518,0.0000,0.9885,21225,0,60000,0.3538,0.0000,0.3319,51212,1,154304,0.3319,0.0000,0.3326,51324,1,154304,0.3326,0.0000
215.03,0.9823,13206,0,60000,0.2201,0.0099,0.9882,16786,0,60000,0.2798,0.0000,0.3319,51212,1,154304,0.3319,0.0000,0.3326,51324,1,154304,0.3326,0.0000
215.53,0.9602,8871,0,60000,0.1479,0.0000,0.9882,16786,0,60000,0.2798,0.0000,0.4428,68330,1,154304,0.4428,0.0000,0.3326,51324,1,154304,0.3326,0.0000
216.03,0.9602,8871,0,60000,0.1479,0.0000,0.9882,16786,0,60000,0.2798,0.0000,0.4428,68330,1,154304,0.4428,0.0000,0.3326,51324,1,154304,0.3326,0.0000
216.53,0.7581,12967,0,60000,0.2161,0.0000,0.9882,16786,0,60000,0.2798,0.0000,0.4428,68330,1,154304,0.4428,0.0000,0.3319,51215,1,154304,0.3319,0.0000
217.03,0.8264,8565,0,60000,0.1427,0.0099,0.8468,17076,0,60000,0.2846,0.9978,0.4428,68330,1,154304,0.4428,0.0000,0.3319,51215,1,154304,0.3319,0.0000
217.53,0.8947,12661,0,60000,0.2110,0.0000,0.8468,17076,0,60000,0.2846,0.9978,0.4428,68330,1,154304,0.4428,0.0000,0.3319,51215,1,154304,0.3319,0.0000
218.03,0.9629,16757,0,60000,0.2793,0.0099,0.8468,17076,0,60000,0.2846,0.9978,0.4432,68388,1,154304,0.4432,0.0000,0.3319,51215,1,154304,0.3319,0.0000
218.53,0.9629,12313,0,60000,0.2052,0.0000,0.9154,4137,0,60000,0.0689,0.0000,0.4432,68388,1,154304,0.4432,0.0000,0.3319,51215,1,154304,0.3319,0.0000
219.03,0.9532,16409,0,60000,0.2735,0.0099,0.9837,8233,0,60000,0.1372,0.0000,0.4432,68388,1,154304,0.4432,0.0000,0.3319,51215,1,154304,0.3319,0.0000
219.53,0.9532,16409,0,60000,0.2735,0.0099,0.9837,8233,0,60000,0.1372,0.0000,0.4432,68388,1,154304,0.4432,0.0000,0.3319,51215,1,154304,0.3319,0.0000
220.03,0.9532,11974,0,60000,0.1996,0.0000,0.9882,12603,0,60000,0.2100,0.0000,0.4432,68388,1,154304,0.4432,0.0000,0.3319,51215,1,154304,0.3319,0.0000
220.53,0.8357,16070,0,60000,0.2678,0.0101,0.9882,8234,0,60000,0.1372,0.0000,0.4432,68388,1,154304,0.4432,0.0000,0.3319,51215,1,154304,0.3319,0.0000
221.03,0.9040,11737,0,60000,0.1956,0.0000,0.9882,8234,0,60000,0.1372,0.0000,0.4418,68176,1,154304,0.4418,0.0000,0.3319,51215,1,154304,0.3319,0.0000
221.53,0.9040,11737,0,60000,0.1956,0.0000,0.9882,8234,0,60000,0.1372,0.0000,0.4418,68176,1,154304,0.4418,0.0000,0.3319,51215,1,154304,0.3319,0.0000
222.03,0.9036,15833,0,60000,0.2639,0.0099,0.9882,8234,0,60000,0.1372,0.0000,0.4418,68176,1,154304,0.4418,0.0000,0.3871,59735,1,154304,0.3871,0.0000
222.53,0.9719,11419,0,60000,0.1903,0.0000,0.9882,8234,0,60000,0.1372,0.0000,0.4418,68176,1,154304,0.4418,0.0000,0.3871,59735,1,154304,0.3871,0.0000
223.03,0.9719,15515,0,60000,0.2586,0.0099,0.9882,8234,0,60000,0.1372,0.0000,0.4418,68176,1,154304,0.4418,0.0000,0.3871,59735,1,154304,0.3871,0.0000
223.53,0.9719,15515,0,60000,0.2586,0.0099,0.9928,42,0,60000,0.0007,0.0101,0.4418,68176,1,154304,0.4418,0.0000,0.3871,59735,1,154304,0.3871,0.0000
224.03,0.9605,11063,0,60000,0.1844,0.0000,0.9182,4138,0,60000,0.0690,0.0000,0.4418,68176,1,154304,0.4418,0.0000,0.3871,59735,1,154304,0.3871,0.0000
224.53,0.6777,15159,0,60000,0.2526,0.0099,0.9865,8234,0,60000,0.1372,0.0000,0.4417,68156,1,154304,0.4417,0.0000,0.3871,59735,1,154304,0.3871,0.0000
225.03,0.7460,10743,0,60000,0.1790,0.0000,0.9865,8234,0,60000,0.1372,0.0000,0.4417,68156,1,154304,0.4417,0.0000,0.3871,59735,1,154304,0.3871,0.0000
225.53,0.8142,14839,0,60000,0.2473,0.0101,0.9865,8234,0,60000,0.1372,0.0000,0.4417,68156,1,154304,0.4417,0.0000,0.3871,59735,1,154304,0.3871,0.0000
226.03,0.8142,14839,0,60000,0.2473,0.0101,0.9865,4137,0,60000,0.0689,0.0000,0.4417,68156,1,154304,0.4417,0.0000,0.3871,59735,1,154304,0.3871,0.0000
226.53,0.8825,10402,0,60000,0.1734,0.0000,0.9865,8233,0,60000,0.1372,0.0000,0.4417,68156,1,154304,0.4417,0.0000,0.3871,59735,1,154304,0.3871,0.0000
227.03,0.9507,14498,0,60000,0.2416,0.0099,0.9865,8233,0,60000,0.1372,0.0000,0.4417,68156,1,154304,0.4417,0.0000,0.3871,59735,1,154304,0.3871,0.0000
227.53,0.9356,10154,0,60000,0.1692,0.0000,0.9865,8233,0,60000,0.1372,0.0000,0.3867,59677,1,154304,0.3867,0.0000,0.3871,59735,1,154304,0.3871,0.0000
228.03,0.9356,10154,0,60000,0.1692,0.0000,0.9865,8233,0,60000,0.1372,0.0000,0.3867,59677,1,154304,0.3867,0.0000,0.3871,59735,1,154304,0.3871,0.0000
228.53,0.9244,14250,0,60000,0.2375,0.0099,0.9865,8233,0,60000,0.1372,0.0000,0.3867,59677,1,154304,0.3867,0.0000,0.3322,51253,1,154304,0.3322,0.0000
229.03,0.9926,9864,0,60000,0.1644,0.0000,0.9865,8233,0,60000,0.1372,0.0000,0.3867,59677,1,154304,0.3867,0.0000,0.3322,51253,1,154304,0.3322,0.0000
229.53,0.9926,13960,0,60000,0.2327,0.0101,0.9175,4137,0,60000,0.0689,0.0000,0.3867,59677,1,154304,0.3867,0.0000,0.3322,51253,1,154304,0.3322,0.0000
230.03,0.9294,9627,0,60000,0.1605,0.0000,0.9858,8233,0,60000,0.1372,0.0000,0.3867,59677,1,154304,0.3867,0.0000,0.3322,51253,1,154304,0.3322,0.0000
230.53,0.9294,9627,0,60000,0.1605,0.0000,0.9858,8233,0,60000,0.1372,0.0000,0.3867,59677,1,154304,0.3867,0.0000,0.3322,51253,1,154304,0.3322,0.0000
231.03,0.8352,13724,0,60000,0.2287,0.0101,0.9875,4137,0,60000,0.0689,0.0000,0.3867,59677,1,154304,0.3867,0.0000,0.3322,51253,1,154304,0.3322,0.0000
231.53,0.9034,9314,0,60000,0.1552,0.0000,0.9875,8233,0,60000,0.1372,0.0000,0.3867,59677,1,154304,0.3867,0.0000,0.3322,51267,1,154304,0.3322,0.0000
232.03,0.9717,13410,0,60000,0.2235,0.0099,0.9869,16984,0,60000,0.2831,0.9975,0.3867,59677,1,154304,0.3867,0.0000,0.3322,51267,1,154304,0.3322,0.0000
232.53,0.9034,9060,0,60000,0.1510,0.0000,0.9869,16984,0,60000,0.2831,0.9975,0.3867,59677,1,154304,0.3867,0.0000,0.3322,51267,1,154304,0.3322,0.0000
233.03,0.9034,9060,0,60000,0.1510,0.0000,0.9872,12655,0,60000,0.2109,0.0000,0.3867,59677,1,154304,0.3867,0.0000,0.3322,51267,1,154304,0.3322,0.0000
233.53,0.9717,13156,0,60000,0.2193,0.0099,0.9872,8233,0,60000,0.1372,0.0000,0.3867,59677,1,154304,0.3867,0.0000,0.2769,42730,1,154304,0.2769,0.0000
234.03,0.9517,8800,0,60000,0.1467,0.0000,0.9872,8233,0,60000,0.1372,0.0000,0.3314,51130,1,154304,0.3314,0.0000,0.2769,42730,1,154304,0.2769,0.0000
234.53,0.9517,12896,0,60000,0.2149,0.0000,0.9877,16991,0,60000,0.2832,0.9936,0.3314,51130,1,154304,0.3314,0.0000,0.2769,42730,1,154304,0.2769,0.0000
235.03,0.9429,8507,0,60000,0.1418,0.0099,0.9877,16991,0,60000,0.2832,0.9936,0.3314,51130,1,154304,0.3314,0.0000,0.2769,42730,1,154304,0.2769,0.0000
235.53,0.9429,8507,0,60000,0.1418,0.0099,0.9877,16991,0,60000,0.2832,0.9936,0.3314,51130,1,154304,0.3314,0.0000,0.2769,42730,1,154304,0.2769,0.0000
236.03,0.9429,12603,0,60000,0.2100,0.0000,0.9886,4137,0,60000,0.0689,0.0000,0.3314,51130,1,154304,0.3314,0.0000,0.2769,42730,1,154304,0.2769,0.0000
236.53,0.8793,16699,0,60000,0.2783,0.0099,0.9886,16679,0,60000,0.2780,0.9666,0.3314,51130,1,154304,0.3314,0.0000,0.2769,42730,1,154304,0.2769,0.0000
237.03,0.9475,12261,0,60000,0.2044,0.0000,0.9935,25490,0,60000,0.4248,0.6774,0.3314,51130,1,154304,0.3314,0.0000,0.2769,42730,1,154304,0.2769,0.0000
237.53,0.9294,16357,0,60000,0.2726,0.0099,0.9876,29586,0,60000,0.4931,0.0000,0.3314,51130,1,154304,0.3314,0.0000,0.2769,42730,1,154304,0.2769,0.0000
238.03,0.9294,16357,0,60000,0.2726,0.0099,0.9876,33682,0,60000,0.5614,0.0000,0.3314,51130,1,154304,0.3314,0.0000,0.3320,51227,1,154304,0.3320,0.0000
238.53,0.9977,11947,0,60000,0.1991,0.0000,0.9919,34030,0,60000,0.5672,0.9974,0.3314,51130,1,154304,0.3314,0.0000,0.3320,51227,1,154304,0.3320,0.0000
239.03,0.9930,16043,0,60000,0.2674,0.0099,0.9919,34030,0,60000,0.5672,0.9974,0.4422,68239,1,154304,0.4422,0.0000,0.3320,51227,1,154304,0.3320,0.0000
239.53,0.9844,11653,0,60000,0.1942,0.0000,0.9919,34030,0,60000,0.5672,0.9974,0.4422,68239,1,154304,0.4422,0.0000,0.3320,51227,1,154304,0.3320,0.0000
240.03,0.9844,11653,0,60000,0.1942,0.0000,0.9919,34030,0,60000,0.5672,0.9974,0.3320,51228,1,154304,0.3320,0.0000,0.3320,51227,1,154304,0.3320,0.0000
240.53,0.8389,15749,0,60000,0.2625,0.0099,0.9919,34030,0,60000,0.5672,0.9974,0.3320,51228,1,154304,0.3320,0.0000,0.2765,42666,1,154304,0.2765,0.0000
241.03,0.9072,11382,0,60000,0.1897,0.0000,0.9919,34030,0,60000,0.5672,0.9974,0.3320,51228,1,154304,0.3320,0.0000,0.2765,42666,1,154304,0.2765,0.0000
241.53,0.9755,15478,0,60000,0.2580,0.0099,0.8509,8562,0,60000,0.1427,0.9977,0.3320,51228,1,154304,0.3320,0.0000,0.2765,42666,1,154304,0.2765,0.0000
242.03,0.9755,15478,0,60000,0.2580,0.0099,0.8509,8562,0,60000,0.1427,0.9977,0.3320,51228,1,154304,0.3320,0.0000,0.2765,42666,1,154304,0.2765,0.0000
242.54,0.8911,11071,0,60000,0.1845,0.0000,0.9195,4137,0,60000,0.0689,0.0000,0.3320,51228,1,154304,0.3320,0.0000,0.2765,42666,1,154304,0.2765,0.0000
243.04,0.9593,15167,0,60000,0.2528,0.0101,0.9195,4137,0,60000,0.0689,0.0000,0.3320,51228,1,154304,0.3320,0.0000,0.2765,42666,1,154304,0.2765,0.0000
243.54,0.9441,10801,0,60000,0.1800,0.0000,0.9878,8233,0,60000,0.1372,0.0099,0.2767,42693,1,154304,0.2767,0.0000,0.2765,42666,1,154304,0.2765,0.0000
244.04,0.9441,10801,0,60000,0.1800,0.0000,0.9829,12329,0,60000,0.2055,0.0000,0.2767,42693,1,154304,0.2767,0.0000,0.2765,42666,1,154304,0.2765,0.0000
244.54,0.8817,10447,0,60000,0.1741,0.0000,0.6998,24961,0,60000,0.4160,0.9325,0.2767,42693,1,154304,0.2767,0.0000,0.2765,42666,1,154304,0.2765,0.0000
245.04,0.8817,10447,0,60000,0.1741,0.0000,0.6998,24961,0,60000,0.4160,0.9325,0.2767,42693,1,154304,0.2767,0.0000,0.4985,76918,1,154304,0.4985,0.0000
245.54,0.9499,14543,0,60000,0.2424,0.0099,0.9204,21214,0,60000,0.3536,0.0000,0.2767,42693,1,154304,0.2767,0.0000,0.4985,76918,1,154304,0.4985,0.0000
246.04,0.8771,10154,0,60000,0.1692,0.0000,0.9887,25307,0,60000,0.4218,0.9690,0.3321,51247,1,154304,0.3321,0.0000,0.4985,76918,1,154304,0.4985,0.0000
246.54,0.8771,10154,0,60000,0.1692,0.0000,0.9878,29677,0,60000,0.4946,0.0000,0.3321,51247,1,154304,0.3321,0.0000,0.4985,76918,1,154304,0.4985,0.0000
247.04,0.9454,14250,0,60000,0.2375,0.0101,0.9878,29677,0,60000,0.4946,0.0000,0.3321,51247,1,154304,0.3321,0.0000,0.3316,51172,2,154304,0.3316,0.0000
247.54,0.9199,9872,0,60000,0.1645,0.0000,0.8460,16772,0,60000,0.2795,0.0000,0.3321,51247,1,154304,0.3321,0.0000,0.3316,51172,2,154304,0.3316,0.0000
248.04,0.9882,13968,0,60000,0.2328,0.0099,0.8460,16772,0,60000,0.2795,0.0000,0.3321,51247,1,154304,0.3321,0.0000,0.3316,51172,2,154304,0.3316,0.0000
248.54,0.8361,9585,0,60000,0.1598,0.0000,0.8460,16772,0,60000,0.2795,0.0000,0.3321,51247,1,154304,0.3321,0.0000,0.3316,51172,2,154304,0.3316,0.0000
249.04,0.9043,13681,0,60000,0.2280,0.0099,0.9919,8541,0,60000,0.1424,0.9975,0.3320,51227,1,154304,0.3320,0.0000,0.3316,51172,2,154304,0.3316,0.0000
249.54,0.9043,13681,0,60000,0.2280,0.0099,0.9919,8541,0,60000,0.1424,0.9975,0.3320,51227,1,154304,0.3320,0.0000,0.3316,51172,2,154304,0.3316,0.0000
250.04,0.9726,9277,0,60000,0.1546,0.0000,0.9919,8541,0,60000,0.1424,0.9975,0.3320,51227,1,154304,0.3320,0.0000,0.3316,51172,2,154304,0.3316,0.0000
250.54,0.9726,13373,0,60000,0.2229,0.0099,0.9877,4137,0,60000,0.0689,0.0000,0.2216,34188,1,154304,0.2216,0.0000,0.3316,51172,2,154304,0.3316,0.0000
251.04,0.9618,8900,0,60000,0.1483,0.0000,0.9877,8233,0,60000,0.1372,0.0000,0.2216,34188,1,154304,0.2216,0.0000,0.3316,51172,2,154304,0.3316,0.0000
251.54,0.9618,8900,0,60000,0.1483,0.0000,0.9830,12647,0,60000,0.2108,0.0000,0.2216,34188,1,154304,0.2216,0.0000,0.3316,51172,2,154304,0.3316,0.0000
252.04,0.8160,12996,0,60000,0.2166,0.0099,0.9830,12647,0,60000,0.2108,0.0000,0.2216,34188,1,154304,0.2216,0.0000,0.3316,51172,2,154304,0.3316,0.0000
252.54,0.8842,8653,0,60000,0.1442,0.0000,0.8452,25236,0,60000,0.4206,0.9826,0.2216,34188,1,154304,0.2216,0.0000,0.4424,68267,1,154304,0.4424,0.0000
253.04,0.9525,12749,0,60000,0.2125,0.0000,0.9185,29634,0,60000,0.4939,0.0000,0.2216,34188,1,154304,0.2216,0.0000,0.4424,68267,1,154304,0.4424,0.0000
253.54,0.9525,12749,0,60000,0.2125,0.0000,0.9868,33730,0,60000,0.5622,0.0000,0.2216,34188,1,154304,0.2216,0.0000,0.4424,68267,1,154304,0.4424,0.0000
254.04,0.9897,8329,0,60000,0.1388,0.0099,0.9868,33730,0,60000,0.5622,0.0000,0.2216,34188,1,154304,0.2216,0.0000,0.4424,68267,1,154304,0.4424,0.0000
254.54,0.9388,12425,0,60000,0.2071,0.0000,0.9868,33730,0,60000,0.5622,0.0000,0.2216,34188,1,154304,0.2216,0.0000,0.4424,68267,1,154304,0.4424,0.0000
255.04,0.9274,16521,0,60000,0.2753,0.0099,0.9868,33730,0,60000,0.5622,0.0000,0.2216,34188,1,154304,0.2216,0.0000,0.3871,59730,1,154304,0.3871,0.0000
255.54,0.9957,12132,0,60000,0.2022,0.0000,0.8509,17025,0,60000,0.2838,0.9978,0.3878,59844,1,154304,0.3878,0.0000,0.3871,59730,1,154304,0.3871,0.0000
256.04,0.9957,16228,0,60000,0.2705,0.0099,0.9195,21140,0,60000,0.3523,0.0000,0.3878,59844,1,154304,0.3878,0.0000,0.3871,59730,1,154304,0.3871,0.0000
256.54,0.9957,16228,0,60000,0.2705,0.0099,0.9878,16706,0,60000,0.2784,0.0000,0.3878,59844,1,154304,0.3878,0.0000,0.3871,59730,1,154304,0.3871,0.0000
257.04,0.9323,11802,0,60000,0.1967,0.0000,0.9878,16706,0,60000,0.2784,0.0000,0.3878,59844,1,154304,0.3878,0.0000,0.2761,42603,1,154304,0.2761,0.0000
257.54,0.9120,15898,0,60000,0.2650,0.0099,0.9880,21063,0,60000,0.3510,0.0000,0.3878,59844,1,154304,0.3878,0.0000,0.2761,42603,1,154304,0.2761,0.0000
258.04,0.9120,15898,0,60000,0.2650,0.0099,0.9860,16688,0,60000,0.2781,0.9574,0.3873,59765,2,154304,0.3873,0.0000,0.2761,42603,1,154304,0.2761,0.0000
258.54,0.9803,11495,0,60000,0.1916,0.0000,0.9860,16688,0,60000,0.2781,0.9574,0.3873,59765,2,154304,0.3873,0.0000,0.2761,42603,1,154304,0.2761,0.0000
259.04,0.9803,15591,0,60000,0.2599,0.0099,0.8500,25564,0,60000,0.4261,0.9975,0.3873,59765,2,154304,0.3873,0.0000,0.2761,42603,1,154304,0.2761,0.0000
259.54,0.9708,11191,0,60000,0.1865,0.0000,0.8500,25564,0,60000,0.4261,0.9975,0.3873,59765,2,154304,0.3873,0.0000,0.2761,42603,1,154304,0.2761,0.0000
260.04,0.9708,15287,0,60000,0.2548,0.0099,0.9927,17097,0,60000,0.2849,0.9977,0.3873,59760,1,154304,0.3873,0.0000,0.2761,42603,1,154304,0.2761,0.0000
260.54,0.9708,15287,0,60000,0.2548,0.0099,0.9927,17097,0,60000,0.2849,0.9977,0.3873,59760,1,154304,0.3873,0.0000,0.2761,42603,1,154304,0.2761,0.0000
261.04,0.8898,10923,0,60000,0.1820,0.0000,0.9930,17071,0,60000,0.2845,0.9958,0.3873,59760,1,154304,0.3873,0.0000,0.2761,42603,1,154304,0.2761,0.0000
261.54,0.9541,15019,0,60000,0.2503,0.0099,0.9930,17071,0,60000,0.2845,0.9958,0.3873,59760,1,154304,0.3873,0.0000,0.2761,42603,1,154304,0.2761,0.0000
262.04,0.9541,10617,0,60000,0.1769,0.0000,0.9930,17071,0,60000,0.2845,0.9958,0.3873,59760,1,154304,0.3873,0.0000,0.2761,42603,1,154304,0.2761,0.0000
262.54,0.9541,14713,0,60000,0.2452,0.0099,0.9890,8538,0,60000,0.1423,0.9977,0.3873,59760,1,154304,0.3873,0.0000,0.2767,42696,1,154304,0.2767,0.0000
263.04,0.9335,10330,0,60000,0.1722,0.0000,0.8470,17047,0,60000,0.2841,0.9975,0.3873,59760,1,154304,0.3873,0.0000,0.2767,42696,1,154304,0.2767,0.0000
263.54,0.9335,10330,0,60000,0.1722,0.0000,0.8474,8551,0,60000,0.1425,0.0099,0.3871,59727,1,154304,0.3871,0.0000,0.2767,42696,1,154304,0.2767,0.0000
264.04,0.9240,14426,0,60000,0.2404,0.0099,0.9157,12647,0,60000,0.2108,0.0000,0.3871,59727,1,154304,0.3871,0.0000,0.2767,42696,1,154304,0.2767,0.0000
264.54,0.9922,10006,0,60000,0.1668,0.0000,0.7050,16767,0,60000,0.2794,0.9654,0.3871,59727,1,154304,0.3871,0.0000,0.1661,25623,1,154304,0.1661,0.0000
265.04,0.9922,14102,0,60000,0.2350,0.0099,0.7784,21170,0,60000,0.3528,0.0000,0.3871,59727,1,154304,0.3871,0.0000,0.1661,25623,1,154304,0.1661,0.0000
265.54,0.9922,14102,0,60000,0.2350,0.0099,0.7784,21170,0,60000,0.3528,0.0000,0.3871,59727,1,154304,0.3871,0.0000,0.1661,25623,1,154304,0.1661,0.0000
266.04,0.9288,9642,0,60000,0.1607,0.0000,0.8469,25311,0,60000,0.4219,0.9594,0.4428,68328,1,154304,0.4428,0.0000,0.1661,25623,1,154304,0.1661,0.0000
266.54,0.7967,13738,0,60000,0.2290,0.0099,0.8469,25311,0,60000,0.4219,0.9594,0.4428,68328,1,154304,0.4428,0.0000,0.1661,25623,1,154304,0.1661,0.0000
267.04,0.8650,9382,0,60000,0.1564,0.0000,0.8469,25311,0,60000,0.4219,0.9594,0.4428,68328,1,154304,0.4428,0.0000,0.1661,25623,1,154304,0.1661,0.0000
267.54,0.9332,13478,0,60000,0.2246,0.0099,0.8469,25311,0,60000,0.4219,0.9594,0.4428,68328,1,154304,0.4428,0.0000,0.1661,25623,1,154304,0.1661,0.0000
268.04,0.9332,13478,0,60000,0.2246,0.0099,0.8469,25311,0,60000,0.4219,0.9594,0.4980,76845,1,154304,0.4980,0.0000,0.1661,25623,1,154304,0.1661,0.0000
268.54,0.9047,9141,0,60000,0.1524,0.0000,0.8469,25311,0,60000,0.4219,0.9594,0.4980,76845,1,154304,0.4980,0.0000,0.1661,25623,1,154304,0.1661,0.0000
269.04,0.9730,13237,0,60000,0.2206,0.0099,0.8530,8520,0,60000,0.1420,0.9958,0.4980,76845,1,154304,0.4980,0.0000,0.1661,25623,1,154304,0.1661,0.0000
269.54,0.9577,8812,0,60000,0.1469,0.0000,0.8530,8520,0,60000,0.1420,0.9958,0.4980,76845,1,154304,0.4980,0.0000,0.1661,25623,1,154304,0.1661,0.0000
270.04,0.9577,12908,0,60000,0.2151,0.0000,0.8530,8520,0,60000,0.1420,0.9958,0.4980,76845,1,154304,0.4980,0.0000,0.2216,34200,1,154304,0.2216,0.0000
270.54,0.9577,12908,0,60000,0.2151,0.0000,0.9218,4137,0,60000,0.0689,0.0000,0.4980,76845,1,154304,0.4980,0.0000,0.2216,34200,1,154304,0.2216,0.0000
271.04,0.9462,8545,0,60000,0.1424,0.0099,0.9901,16767,0,60000,0.2794,0.9631,0.4980,76845,1,154304,0.4980,0.0000,0.2216,34200,1,154304,0.2216,0.0000
271.54,0.9462,12641,0,60000,0.2107,0.0000,0.9944,25544,0,60000,0.4257,0.9978,0.4980,76845,1,154304,0.4980,0.0000,0.2216,34200,1,154304,0.2216,0.0000
272.04,0.8831,16738,0,60000,0.2790,0.0101,0.9944,25544,0,60000,0.4257,0.9978,0.5535,85407,1,154304,0.5535,0.0000,0.2216,34200,1,154304,0.2216,0.0000
272.54,0.8831,16738,0,60000,0.2790,0.0101,0.9944,25544,0,60000,0.4257,0.9978,0.5535,85407,1,154304,0.5535,0.0000,0.2216,34200,1,154304,0.2216,0.0000
273.04,0.7576,12300,0,60000,0.2050,0.0000,0.8520,17038,0,60000,0.2840,0.9977,0.5535,85407,1,154304,0.5535,0.0000,0.2216,34200,1,154304,0.2216,0.0000
273.54,0.8259,16396,0,60000,0.2733,0.0099,0.9206,21154,0,60000,0.3526,0.0000,0.3869,59699,1,154304,0.3869,0.0000,0.2216,34200,1,154304,0.2216,0.0000
274.04,0.8942,12005,0,60000,0.2001,0.0000,0.9889,25250,0,60000,0.4208,0.0000,0.3869,59699,1,154304,0.3869,0.0000,0.2216,34200,1,154304,0.2216,0.0000
274.54,0.8942,12005,0,60000,0.2001,0.0000,0.9889,25250,0,60000,0.4208,0.0000,0.3869,59699,1,154304,0.3869,0.0000,0.2216,34200,1,154304,0.2216,0.0000
275.04,0.9624,18484,0,60000,0.3081,0.3719,0.9889,25250,0,60000,0.4208,0.0000,0.3869,59699,1,154304,0.3869,0.0000,0.2216,34200,1,154304,0.2216,0.0000
275.54,0.9624,14132,0,60000,0.2355,0.0099,0.8509,8542,0,60000,0.1424,0.9975,0.2765,42668,1,154304,0.2765,0.0000,0.2216,34200,1,154304,0.2216,0.0000
276.04,0.9485,18228,0,60000,0.3038,0.0000,0.8509,8542,0,60000,0.1424,0.9975,0.2765,42668,1,154304,0.2765,0.0000,0.3322,51257,1,154304,0.3322,0.0000
276.54,0.9485,13885,0,60000,0.2314,0.0099,0.8509,8542,0,60000,0.1424,0.9975,0.2765,42668,1,154304,0.2765,0.0000,0.3322,51257,1,154304,0.3322,0.0000
277.04,0.9485,13885,0,60000,0.2314,0.0099,0.8509,8542,0,60000,0.1424,0.9975,0.2765,42668,1,154304,0.2765,0.0000,0.3322,51257,1,154304,0.3322,0.0000
277.54,0.9383,9466,0,60000,0.1578,0.0000,0.8509,8542,0,60000,0.1424,0.9975,0.2765,42668,1,154304,0.2765,0.0000,0.3322,51257,1,154304,0.3322,0.0000
278.04,0.9383,13562,0,60000,0.2260,0.0099,0.8509,8542,0,60000,0.1424,0.9975,0.2765,42668,1,154304,0.2765,0.0000,0.3322,51257,1,154304,0.3322,0.0000
278.54,0.7179,9198,0,60000,0.1533,0.0000,0.8515,8508,0,60000,0.1418,0.9978,0.2765,42668,1,154304,0.2765,0.0000,0.3322,51257,1,154304,0.3322,0.0000
279.04,0.7862,13294,0,60000,0.2216,0.0099,0.8515,8508,0,60000,0.1418,0.9978,0.3874,59771,1,154304,0.3874,0.0000,0.3322,51257,1,154304,0.3322,0.0000
279.54,0.7862,13294,0,60000,0.2216,0.0099,0.8515,8508,0,60000,0.1418,0.9978,0.3874,59771,1,154304,0.3874,0.0000,0.3322,51257,1,154304,0.3322,0.0000
280.04,0.9967,8838,0,60000,0.1473,0.0000,0.9201,4137,0,60000,0.0689,0.0000,0.3874,59771,1,154304,0.3874,0.0000,0.3331,51391,1,154304,0.3331,0.0000
280.54,0.8042,12934,0,60000,0.2156,0.0000,0.9883,8233,0,60000,0.1372,0.0000,0.3874,59771,1,154304,0.3874,0.0000,0.3331,51391,1,154304,0.3331,0.0000
281.04,0.8724,8485,0,60000,0.1414,0.0099,0.9883,8233,0,60000,0.1372,0.0000,0.3874,59771,1,154304,0.3874,0.0000,0.3331,51391,1,154304,0.3331,0.0000
281.54,0.8724,8485,0,60000,0.1414,0.0099,0.9194,12570,0,60000,0.2095,0.0000,0.3874,59771,1,154304,0.3874,0.0000,0.3331,51391,1,154304,0.3331,0.0000
282.04,0.9407,12581,0,60000,0.2097,0.0000,0.9877,8233,0,60000,0.1372,0.0099,0.3874,59771,1,154304,0.3874,0.0000,0.3331,51391,1,154304,0.3331,0.0000
282.54,0.9102,16677,0,60000,0.2779,0.0099,0.7722,12329,0,60000,0.2055,0.0000,0.3874,59771,1,154304,0.3874,0.0000,0.3331,51391,1,154304,0.3331,0.0000
283.04,0.9785,12222,0,60000,0.2037,0.0000,0.8405,24926,0,60000,0.4154,0.9372,0.3309,51053,1,154304,0.3309,0.0000,0.3331,51391,1,154304,0.3331,0.0000
283.54,0.9257,16318,0,60000,0.2720,0.0099,0.8405,24926,0,60000,0.4154,0.9372,0.3309,51053,1,154304,0.3309,0.0000,0.3331,51391,1,154304,0.3331,0.0000
284.04,0.9257,16318,0,60000,0.2720,0.0099,0.8405,24926,0,60000,0.4154,0.9372,0.3309,51053,1,154304,0.3309,0.0000,0.3331,51391,1,154304,0.3331,0.0000
284.54,0.9940,11970,0,60000,0.1995,0.0000,0.8405,24926,0,60000,0.4154,0.9372,0.3309,51053,1,154304,0.3309,0.0000,0.3331,51391,1,154304,0.3331,0.0000
285.04,0.9940,16066,0,60000,0.2678,0.0099,0.8405,24926,0,60000,0.4154,0.9372,0.3309,51053,1,154304,0.3309,0.0000,0.3877,59820,1,154304,0.3877,0.0000
285.54,0.9025,11606,0,60000,0.1934,0.0000,0.8405,24926,0,60000,0.4154,0.9372,0.3309,51053,1,154304,0.3309,0.0000,0.3877,59820,1,154304,0.3877,0.0000
286.04,0.9708,15702,0,60000,0.2617,0.0101,0.8405,24926,0,60000,0.4154,0.9372,0.3309,51053,1,154304,0.3309,0.0000,0.3877,59820,1,154304,0.3877,0.0000
286.54,0.9708,15702,0,60000,0.2617,0.0101,0.8405,24926,0,60000,0.4154,0.9372,0.3309,51053,1,154304,0.3309,0.0000,0.3877,59820,1,154304,0.3877,0.0000
287.04,0.9067,11350,0,60000,0.1892,0.0000,0.8500,8482,0,60000,0.1414,0.9960,0.3309,51053,1,154304,0.3309,0.0000,0.3877,59820,1,154304,0.3877,0.0000
287.54,0.9750,15446,0,60000,0.2574,0.0099,0.9189,12612,0,60000,0.2102,0.0000,0.3309,51053,1,154304,0.3309,0.0000,0.3877,59820,1,154304,0.3877,0.0000
288.04,0.9750,15446,0,60000,0.2574,0.0099,0.9871,16727,0,60000,0.2788,0.9636,0.3309,51053,1,154304,0.3309,0.0000,0.3877,59816,2,154304,0.3877,0.0000
288.54,0.9631,11049,0,60000,0.1842,0.0000,0.9871,16727,0,60000,0.2788,0.9636,0.3309,51053,1,154304,0.3309,0.0000,0.3877,59816,2,154304,0.3877,0.0000
289.04,0.9605,15145,0,60000,0.2524,0.0099,0.9871,16727,0,60000,0.2788,0.9636,0.3309,51053,1,154304,0.3309,0.0000,0.3877,59816,2,154304,0.3877,0.0000
289.54,0.9484,10778,0,60000,0.1796,0.0000,0.9871,16727,0,60000,0.2788,0.9636,0.3867,59667,1,154304,0.3867,0.0000,0.3877,59816,2,154304,0.3877,0.0000
290.04,0.9484,10778,0,60000,0.1796,0.0000,0.9871,16727,0,60000,0.2788,0.9636,0.3867,59667,1,154304,0.3867,0.0000,0.3877,59816,2,154304,0.3877,0.0000
290.54,0.8821,10447,0,60000,0.1741,0.0000,0.9871,16727,0,60000,0.2788,0.9636,0.3867,59667,1,154304,0.3867,0.0000,0.3877,59816,2,154304,0.3877,0.0000
291.04,0.8821,10447,0,60000,0.1741,0.0000,0.9925,8516,0,60000,0.1419,0.9958,0.3867,59667,1,154304,0.3867,0.0000,0.2776,42838,1,154304,0.2776,0.0000
291.54,0.9504,14543,0,60000,0.2424,0.0099,0.9924,17060,0,60000,0.2843,0.9975,0.3867,59667,1,154304,0.3867,0.0000,0.2776,42838,1,154304,0.2776,0.0000
292.04,0.9290,10136,0,60000,0.1689,0.0000,0.9924,17060,0,60000,0.2843,0.9975,0.3869,59696,2,154304,0.3869,0.0000,0.2776,42838,1,154304,0.2776,0.0000
292.54,0.9290,10136,0,60000,0.1689,0.0000,0.9920,8519,0,60000,0.1420,0.9978,0.3869,59696,2,154304,0.3869,0.0000,0.2776,42838,1,154304,0.2776,0.0000
293.04,0.9973,14232,0,60000,0.2372,0.0099,0.8466,17083,0,60000,0.2847,0.9977,0.3869,59696,2,154304,0.3869,0.0000,0.2776,42838,1,154304,0.2776,0.0000
293.54,0.8553,9845,0,60000,0.1641,0.0000,0.8466,17083,0,60000,0.2847,0.9977,0.3872,59741,1,154304,0.3872,0.0000,0.2776,42838,1,154304,0.2776,0.0000
294.04,0.9235,13942,0,60000,0.2324,0.0101,0.9892,17144,0,60000,0.2857,0.9977,0.3872,59741,1,154304,0.3872,0.0000,0.2776,42838,1,154304,0.2776,0.0000
294.54,0.9918,9481,0,60000,0.1580,0.0000,0.9892,17144,0,60000,0.2857,0.9977,0.3872,59741,1,154304,0.3872,0.0000,0.2776,42838,1,154304,0.2776,0.0000
295.04,0.8362,13577,0,60000,0.2263,0.0099,0.9892,17144,0,60000,0.2857,0.9977,0.3872,59741,1,154304,0.3872,0.0000,0.2776,42838,1,154304,0.2776,0.0000
295.54,0.8362,13577,0,60000,0.2263,0.0099,0.7802,8567,0,60000,0.1428,0.9977,0.3872,59741,1,154304,0.3872,0.0000,0.2776,42838,1,154304,0.2776,0.0000
296.04,0.9045,9200,0,60000,0.1533,0.0000,0.7805,17116,0,60000,0.2853,0.9959,0.3868,59679,1,154304,0.3868,0.0000,0.2776,42838,1,154304,0.2776,0.0000
296.54,0.9727,13298,0,60000,0.2216,0.0104,0.7805,17116,0,60000,0.2853,0.9959,0.3868,59679,1,154304,0.3868,0.0000,0.2776,42838,1,154304,0.2776,0.0000
297.04,0.8887,8844,0,60000,0.1474,0.0000,0.8494,4137,0,60000,0.0689,0.0000,0.3868,59679,1,154304,0.3868,0.0000,0.3878,59833,2,154304,0.3878,0.0000
297.54,0.9569,12940,0,60000,0.2157,0.0099,0.9176,8233,0,60000,0.1372,0.0099,0.3868,59679,1,154304,0.3868,0.0000,0.3878,59833,2,154304,0.3878,0.0000
298.04,0.9569,12940,0,60000,0.2157,0.0099,0.9176,8233,0,60000,0.1372,0.0099,0.3868,59679,1,154304,0.3868,0.0000,0.3878,59833,2,154304,0.3878,0.0000
298.54,0.9460,8604,0,60000,0.1434,0.0000,0.9859,12329,0,60000,0.2055,0.0000,0.3868,59679,1,154304,0.3868,0.0000,0.3878,59833,2,154304,0.3878,0.0000
299.04,0.9460,12700,0,60000,0.2117,0.0000,0.9859,16425,0,60000,0.2737,0.0000,0.3868,59679,1,154304,0.3868,0.0000,0.3878,59833,2,154304,0.3878,0.0000
299.54,0.8823,8329,0,60000,0.1388,0.0099,0.9859,16425,0,60000,0.2737,0.0000,0.3868,59679,1,154304,0.3868,0.0000,0.2764,42642,1,154304,0.2764,0.0000
300.04,0.8823,8329,0,60000,0.1388,0.0099,0.9859,16425,0,60000,0.2737,0.0000,0.4422,68238,1,154304,0.4422,0.0000,0.2764,42642,1,154304,0.2764,0.0000
300.54,0.9506,12425,0,60000,0.2071,0.0000,0.9859,16425,0,60000,0.2737,0.0000,0.4422,68238,1,154304,0.4422,0.0000,0.2764,42642,1,154304,0.2764,0.0000
301.04,0.9298,16522,0,60000,0.2754,0.0101,0.9859,16425,0,60000,0.2737,0.0000,0.4422,68238,1,154304,0.4422,0.0000,0.2764,42642,1,154304,0.2764,0.0000
301.54,0.9981,12166,0,60000,0.2028,0.0000,0.9859,16425,0,60000,0.2737,0.0000,0.4422,68238,1,154304,0.4422,0.0000,0.2764,42642,1,154304,0.2764,0.0000
302.04,0.9981,16262,0,60000,0.2710,0.0099,0.9859,16425,0,60000,0.2737,0.0000,0.4422,68238,1,154304,0.4422,0.0000,0.2764,42642,1,154304,0.2764,0.0000
302.54,0.9981,16262,0,60000,0.2710,0.0099,0.9937,8523,0,60000,0.1421,0.9975,0.4422,68238,1,154304,0.4422,0.0000,0.2764,42642,1,154304,0.2764,0.0000
303.04,0.9875,11801,0,60000,0.1967,0.0000,0.8518,17008,0,60000,0.2835,0.9979,0.4422,68238,1,154304,0.4422,0.0000,0.2764,42642,1,154304,0.2764,0.0000
303.54,0.9875,15897,0,60000,0.2650,0.0099,0.8518,17008,0,60000,0.2835,0.9979,0.4422,68238,1,154304,0.4422,0.0000,0.2764,42642,1,154304,0.2764,0.0000
304.04,0.9775,11510,0,60000,0.1918,0.0000,0.8518,17008,0,60000,0.2835,0.9979,0.4422,68238,1,154304,0.4422,0.0000,0.2764,42642,1,154304,0.2764,0.0000
304.54,0.9775,11510,0,60000,0.1918,0.0000,0.8518,17008,0,60000,0.2835,0.9979,0.4424,68259,1,154304,0.4424,0.0000,0.2764,42642,1,154304,0.2764,0.0000
305.04,0.8327,15606,0,60000,0.2601,0.0099,0.8518,17008,0,60000,0.2835,0.9979,0.4424,68259,1,154304,0.4424,0.0000,0.2764,42642,1,154304,0.2764,0.0000
305.54,0.9010,11188,0,60000,0.1865,0.0000,0.8518,17008,0,60000,0.2835,0.9979,0.4424,68259,1,154304,0.4424,0.0000,0.2764,42642,1,154304,0.2764,0.0000
306.04,0.9692,15284,0,60000,0.2547,0.0099,0.8518,17008,0,60000,0.2835,0.9979,0.4424,68259,1,154304,0.4424,0.0000,0.3310,51074,1,154304,0.3310,0.0000
306.54,0.8900,10926,0,60000,0.1821,0.0000,0.8518,17008,0,60000,0.2835,0.9979,0.4424,68259,1,154304,0.4424,0.0000,0.3310,51074,1,154304,0.3310,0.0000
307.04,0.8900,10926,0,60000,0.1821,0.0000,0.9204,4137,0,60000,0.0689,0.0000,0.4424,68259,1,154304,0.4424,0.0000,0.3310,51074,1,154304,0.3310,0.0000
307.54,0.9583,15023,0,60000,0.2504,0.0101,0.9887,16715,0,60000,0.2786,0.9591,0.4424,68259,1,154304,0.4424,0.0000,0.3310,51074,1,154304,0.3310,0.0000
308.04,0.9495,10581,0,60000,0.1764,0.0000,0.9887,16715,0,60000,0.2786,0.9591,0.4424,68259,1,154304,0.4424,0.0000,0.3310,51074,1,154304,0.3310,0.0000
308.54,0.7371,14677,0,60000,0.2446,0.0099,0.9204,21174,0,60000,0.3529,0.0000,0.4424,68259,1,154304,0.4424,0.0000,0.3310,51074,1,154304,0.3310,0.0000
309.04,0.7371,14677,0,60000,0.2446,0.0099,0.9886,16751,0,60000,0.2792,0.0000,0.4978,76816,1,154304,0.4978,0.0000,0.3310,51074,1,154304,0.3310,0.0000
309.54,0.8054,10332,0,60000,0.1722,0.0000,0.9919,16974,0,60000,0.2829,0.9978,0.4978,76816,1,154304,0.4978,0.0000,0.2761,42598,1,154304,0.2761,0.0000
310.04,0.8736,14428,0,60000,0.2405,0.0099,0.9919,16974,0,60000,0.2829,0.9978,0.4978,76816,1,154304,0.4978,0.0000,0.2761,42598,1,154304,0.2761,0.0000
310.54,0.9419,10078,0,60000,0.1680,0.0000,0.9919,16974,0,60000,0.2829,0.9978,0.4978,76816,1,154304,0.4978,0.0000,0.2761,42598,1,154304,0.2761,0.0000
311.04,0.9169,14174,0,60000,0.2362,0.0099,0.9919,16974,0,60000,0.2829,0.9978,0.4978,76816,1,154304,0.4978,0.0000,0.2761,42598,1,154304,0.2761,0.0000
311.54,0.9169,14174,0,60000,0.2362,0.0099,0.9919,16974,0,60000,0.2829,0.9978,0.3874,59778,1,154304,0.3874,0.0000,0.2761,42598,1,154304,0.2761,0.0000
312.04,0.9852,9751,0,60000,0.1625,0.0000,0.9922,8560,0,60000,0.1427,0.9959,0.3874,59778,1,154304,0.3874,0.0000,0.2761,42598,1,154304,0.2761,0.0000
312.54,0.9387,13847,0,60000,0.2308,0.0099,0.9922,8560,0,60000,0.1427,0.9959,0.3874,59778,1,154304,0.3874,0.0000,0.2761,42598,1,154304,0.2761,0.0000
313.04,0.9095,9410,0,60000,0.1568,0.0000,0.9928,8559,0,60000,0.1426,0.9959,0.3874,59778,1,154304,0.3874,0.0000,0.2761,42598,1,154304,0.2761,0.0000
313.54,0.9095,9410,0,60000,0.1568,0.0000,0.9189,12691,0,60000,0.2115,0.0000,0.3874,59778,1,154304,0.3874,0.0000,0.2761,42598,1,154304,0.2761,0.0000
314.05,0.9778,13506,0,60000,0.2251,0.0099,0.9872,8234,0,60000,0.1372,0.0099,0.2765,42658,1,154304,0.2765,0.0000,0.3871,59731,1,154304,0.3871,0.0000
314.55,0.9136,9148,0,60000,0.1525,0.0000,0.9831,12330,0,60000,0.2055,0.0000,0.2765,42658,1,154304,0.2765,0.0000,0.3871,59731,1,154304,0.3871,0.0000
315.05,0.9670,13244,0,60000,0.2207,0.0099,0.9831,12330,0,60000,0.2055,0.0000,0.2765,42658,1,154304,0.2765,0.0000,0.3871,59731,1,154304,0.3871,0.0000
315.55,0.9295,8831,0,60000,0.1472,0.0000,0.9791,33448,0,60000,0.5575,0.9649,0.2765,42658,1,154304,0.2765,0.0000,0.3871,59731,1,154304,0.3871,0.0000
316.05,0.9295,8831,0,60000,0.1472,0.0000,0.9895,29696,0,60000,0.4949,0.0000,0.2765,42658,1,154304,0.2765,0.0000,0.3871,59731,1,154304,0.3871,0.0000
316.55,0.9978,12927,0,60000,0.2155,0.0099,0.9834,33792,0,60000,0.5632,0.0000,0.2765,42658,1,154304,0.2765,0.0000,0.3871,59731,1,154304,0.3871,0.0000
317.05,0.9881,8557,0,60000,0.1426,0.0000,0.9834,33792,0,60000,0.5632,0.0000,0.2215,34185,1,154304,0.2215,0.0000,0.3871,59731,1,154304,0.3871,0.0000
317.55,0.9881,12653,0,60000,0.2109,0.0000,0.9834,33792,0,60000,0.5632,0.0000,0.2215,34185,1,154304,0.2215,0.0000,0.4982,76869,1,154304,0.4982,0.0000
318.05,0.9881,12653,0,60000,0.2109,0.0000,0.9834,33792,0,60000,0.5632,0.0000,0.2215,34185,1,154304,0.2215,0.0000,0.4982,76869,1,154304,0.4982,0.0000
318.55,0.9769,8280,0,60000,0.1380,0.0099,0.9834,33792,0,60000,0.5632,0.0000,0.2215,34185,1,154304,0.2215,0.0000,0.4982,76869,1,154304,0.4982,0.0000
319.05,0.9769,12376,0,60000,0.2063,0.0000,0.9891,4137,0,60000,0.0689,0.0000,0.2215,34185,1,154304,0.2215,0.0000,0.4982,76869,1,154304,0.4982,0.0000
319.55,0.9669,16474,0,60000,0.2746,0.0104,0.9796,16705,0,60000,0.2784,0.6762,0.2215,34185,1,154304,0.2215,0.0000,0.3864,59619,1,154304,0.3864,0.0000
320.05,0.9669,12134,0,60000,0.2022,0.0000,0.9154,20801,0,60000,0.3467,0.0000,0.2215,34185,1,154304,0.2215,0.0000,0.3864,59619,1,154304,0.3864,0.0000
320.55,0.8351,16230,0,60000,0.2705,0.0099,0.9837,24897,0,60000,0.4149,0.0099,0.2215,34185,1,154304,0.2215,0.0000,0.3864,59619,1,154304,0.3864,0.0000
321.05,0.8351,16230,0,60000,0.2705,0.0099,0.9837,24897,0,60000,0.4149,0.0099,0.3324,51284,1,154304,0.3324,0.0000,0.3864,59619,1,154304,0.3864,0.0000
321.55,0.9034,11840,0,60000,0.1973,0.0000,0.9743,20449,0,60000,0.3408,0.0000,0.3324,51284,1,154304,0.3324,0.0000,0.3864,59619,1,154304,0.3864,0.0000
322.05,0.9717,15937,0,60000,0.2656,0.0101,0.8364,16039,0,60000,0.2673,0.0099,0.3324,51284,1,154304,0.3324,0.0000,0.3864,59619,1,154304,0.3864,0.0000
322.55,0.9134,11495,0,60000,0.1916,0.0000,0.9046,11684,0,60000,0.1947,0.0000,0.3318,51195,2,154304,0.3318,0.0000,0.3864,59619,1,154304,0.3864,0.0000
323.05,0.9134,11495,0,60000,0.1916,0.0000,0.9046,11684,0,60000,0.1947,0.0000,0.3318,51195,2,154304,0.3318,0.0000,0.3864,59619,1,154304,0.3864,0.0000
323.55,0.7733,15591,0,60000,0.2599,0.0099,0.9729,24304,0,60000,0.4051,0.6775,0.3318,51195,2,154304,0.3318,0.0000,0.3868,59691,1,154304,0.3868,0.0000
324.05,0.8416,11138,0,60000,0.1856,0.0000,0.9666,19898,0,60000,0.3316,0.0000,0.3318,51195,2,154304,0.3318,0.0000,0.3868,59691,1,154304,0.3868,0.0000
324.55,0.9099,15234,0,60000,0.2539,0.0101,0.9659,32495,0,60000,0.5416,0.8491,0.3318,51195,2,154304,0.3318,0.0000,0.3868,59691,1,154304,0.3868,0.0000
325.05,0.9099,15234,0,60000,0.2539,0.0101,0.9659,32495,0,60000,0.5416,0.8491,0.3318,51195,2,154304,0.3318,0.0000,0.3868,59691,1,154304,0.3868,0.0000
325.55,0.9548,10856,0,60000,0.1809,0.0000,0.9659,32495,0,60000,0.5416,0.8491,0.2770,42740,1,154304,0.2770,0.0000,0.3868,59691,1,154304,0.3868,0.0000
326.05,0.9442,14952,0,60000,0.2492,0.0099,0.8338,25487,0,60000,0.4248,0.9978,0.2770,42740,1,154304,0.2770,0.0000,0.3868,59691,1,154304,0.3868,0.0000
326.55,0.9442,10595,0,60000,0.1766,0.0000,0.8338,25487,0,60000,0.4248,0.9978,0.2770,42740,1,154304,0.2770,0.0000,0.3868,59691,1,154304,0.3868,0.0000
327.05,0.8805,14691,0,60000,0.2449,0.0099,0.8338,25487,0,60000,0.4248,0.9978,0.2770,42740,1,154304,0.2770,0.0000,0.3868,59691,1,154304,0.3868,0.0000
327.55,0.9488,10289,0,60000,0.1715,0.0000,0.8338,25487,0,60000,0.4248,0.9978,0.2771,42753,1,154304,0.2771,0.0000,0.2765,42666,1,154304,0.2765,0.0000
328.05,0.9488,10289,0,60000,0.1715,0.0000,0.9756,8531,0,60000,0.1422,0.9975,0.2771,42753,1,154304,0.2771,0.0000,0.2765,42666,1,154304,0.2765,0.0000
328.55,0.9463,14385,0,60000,0.2397,0.0099,0.9756,8531,0,60000,0.1422,0.9975,0.2771,42753,1,154304,0.2771,0.0000,0.2765,42666,1,154304,0.2765,0.0000
329.05,0.9217,9993,0,60000,0.1666,0.0000,0.9756,8531,0,60000,0.1422,0.9975,0.2771,42753,1,154304,0.2771,0.0000,0.2765,42666,1,154304,0.2765,0.0000
329.55,0.7998,14089,0,60000,0.2348,0.0099,0.9756,8531,0,60000,0.1422,0.9975,0.2771,42753,1,154304,0.2771,0.0000,0.2765,42666,1,154304,0.2765,0.0000
330.05,0.7998,14089,0,60000,0.2348,0.0099,0.9756,8531,0,60000,0.1422,0.9975,0.2771,42753,1,154304,0.2771,0.0000,0.2764,42643,1,154304,0.2764,0.0000
330.55,0.7269,9755,0,60000,0.1626,0.0000,0.9756,8531,0,60000,0.1422,0.9975,0.2771,42753,1,154304,0.2771,0.0000,0.2764,42643,1,154304,0.2764,0.0000
331.05,0.9375,13851,0,60000,0.2308,0.0099,0.9721,8554,0,60000,0.1426,0.9976,0.2771,42753,1,154304,0.2771,0.0000,0.2764,42643,1,154304,0.2764,0.0000
331.55,0.8648,9431,0,60000,0.1572,0.0000,0.9721,8554,0,60000,0.1426,0.9976,0.3329,51361,1,154304,0.3329,0.0000,0.2764,42643,1,154304,0.2764,0.0000
332.05,0.8648,9431,0,60000,0.1572,0.0000,0.9721,8554,0,60000,0.1426,0.9976,0.3329,51361,1,154304,0.3329,0.0000,0.2764,42643,1,154304,0.2764,0.0000
332.55,0.7931,13527,0,60000,0.2255,0.0099,0.7094,8567,0,60000,0.1428,0.9977,0.3329,51361,1,154304,0.3329,0.0000,0.2764,42643,1,154304,0.2764,0.0000
333.05,0.8613,9118,0,60000,0.1520,0.0000,0.7094,8567,0,60000,0.1428,0.9977,0.3329,51361,1,154304,0.3329,0.0000,0.2764,42643,1,154304,0.2764,0.0000
333.55,0.9296,13214,0,60000,0.2202,0.0099,0.7780,4137,0,60000,0.0689,0.0000,0.3329,51361,1,154304,0.3329,0.0000,0.2764,42643,1,154304,0.2764,0.0000
334.05,0.9979,8840,0,60000,0.1473,0.0000,0.8463,8233,0,60000,0.1372,0.0000,0.3329,51361,1,154304,0.3329,0.0000,0.2214,34169,1,154304,0.2214,0.0000
334.55,0.9238,12936,0,60000,0.2156,0.0000,0.8463,8233,0,60000,0.1372,0.0000,0.3329,51361,1,154304,0.3329,0.0000,0.2214,34169,1,154304,0.2214,0.0000
335.05,0.9238,12936,0,60000,0.2156,0.0000,0.9930,17036,0,60000,0.2839,0.9977,0.3329,51361,1,154304,0.3329,0.0000,0.2214,34169,1,154304,0.2214,0.0000
335.55,0.8510,8490,0,60000,0.1415,0.0099,0.9930,17036,0,60000,0.2839,0.9977,0.3326,51318,1,154304,0.3326,0.0000,0.2214,34169,1,154304,0.2214,0.0000
336.05,0.9192,12586,0,60000,0.2098,0.0000,0.8523,8561,0,60000,0.1427,0.9977,0.3326,51318,1,154304,0.3326,0.0000,0.2222,34285,1,154304,0.2222,0.0000
336.55,0.9875,16682,0,60000,0.2780,0.0099,0.8523,8561,0,60000,0.1427,0.9977,0.3326,51318,1,154304,0.3326,0.0000,0.2222,34285,1,154304,0.2222,0.0000
337.05,0.9875,16682,0,60000,0.2780,0.0099,0.8523,8561,0,60000,0.1427,0.9977,0.3326,51318,1,154304,0.3326,0.0000,0.2222,34285,1,154304,0.2222,0.0000
337.55,0.9141,12241,0,60000,0.2040,0.0000,0.9209,4137,0,60000,0.0689,0.0000,0.3326,51318,1,154304,0.3326,0.0000,0.2222,34285,1,154304,0.2222,0.0000
338.05,0.9823,16337,0,60000,0.2723,0.0099,0.9892,8233,0,60000,0.1372,0.0000,0.3326,51318,1,154304,0.3326,0.0000,0.2222,34285,1,154304,0.2222,0.0000
338.55,0.7827,11966,0,60000,0.1994,0.0000,0.7110,17026,0,60000,0.2838,0.9975,0.3326,51318,1,154304,0.3326,0.0000,0.2222,34285,1,154304,0.2222,0.0000
339.05,0.8509,16062,0,60000,0.2677,0.0099,0.7110,17026,0,60000,0.2838,0.9975,0.3326,51318,1,154304,0.3326,0.0000,0.2779,42883,1,154304,0.2779,0.0000
339.55,0.8509,16062,0,60000,0.2677,0.0099,0.7110,17026,0,60000,0.2838,0.9975,0.3326,51318,1,154304,0.3326,0.0000,0.2779,42883,1,154304,0.2779,0.0000
340.05,0.9192,11671,0,60000,0.1945,0.0000,0.7110,17026,0,60000,0.2838,0.9975,0.3326,51318,1,154304,0.3326,0.0000,0.2779,42883,1,154304,0.2779,0.0000
340.55,0.9875,15767,0,60000,0.2628,0.0099,0.7110,17026,0,60000,0.2838,0.9975,0.1665,25699,1,154304,0.1665,0.0000,0.2779,42883,1,154304,0.2779,0.0000
341.05,0.8985,11371,0,60000,0.1895,0.0000,0.7110,17026,0,60000,0.2838,0.9975,0.1665,25699,1,154304,0.1665,0.0000,0.2779,42883,1,154304,0.2779,0.0000
341.55,0.9668,15467,0,60000,0.2578,0.0099,0.8528,8523,0,60000,0.1421,0.9975,0.1665,25699,1,154304,0.1665,0.0000,0.2779,42883,1,154304,0.2779,0.0000
342.05,0.9668,15467,0,60000,0.2578,0.0099,0.8528,8523,0,60000,0.1421,0.9975,0.1665,25699,1,154304,0.1665,0.0000,0.2779,42883,1,154304,0.2779,0.0000
342.55,0.9605,11006,0,60000,0.1834,0.0000,0.8528,8523,0,60000,0.1421,0.9975,0.1665,25699,1,154304,0.1665,0.0000,0.2779,42883,1,154304,0.2779,0.0000
343.05,0.8977,15103,0,60000,0.2517,0.0101,0.9214,4137,0,60000,0.0689,0.0000,0.1111,17147,1,154304,0.1111,0.0000,0.2779,42883,1,154304,0.2779,0.0000
343.55,0.8977,15103,0,60000,0.2517,0.0101,0.9897,8233,0,60000,0.1372,0.0000,0.1111,17147,1,154304,0.1111,0.0000,0.1672,25803,1,154304,0.1672,0.0000
344.05,0.9503,10678,0,60000,0.1780,0.0000,0.9897,8233,0,60000,0.1372,0.0000,0.1111,17147,1,154304,0.1111,0.0000,0.1672,25803,1,154304,0.1672,0.0000
344.55,0.8140,14774,0,60000,0.2462,0.0101,0.9897,8233,0,60000,0.1372,0.0000,0.1111,17147,1,154304,0.1111,0.0000,0.1672,25803,1,154304,0.1672,0.0000
345.05,0.8822,10346,0,60000,0.1724,0.0000,0.9897,8233,0,60000,0.1372,0.0000,0.1111,17147,1,154304,0.1111,0.0000,0.1672,25803,1,154304,0.1672,0.0000
345.55,0.9505,39985,0,60000,0.6664,0.9015,0.9897,8233,0,60000,0.1372,0.0000,0.1111,17147,1,154304,0.1111,0.0000,0.1672,25803,1,154304,0.1672,0.0000
346.05,0.9505,39985,0,60000,0.6664,0.9015,0.9897,8233,0,60000,0.1372,0.0000,0.1111,17147,1,154304,0.1111,0.0000,0.1672,25803,1,154304,0.1672,0.0000
346.55,0.9641,42740,0,60000,0.7123,0.9977,0.8525,8577,0,60000,0.1429,0.9977,0.1111,17147,1,154304,0.1111,0.0000,0.1672,25803,1,154304,0.1672,0.0000
347.05,0.9641,42740,0,60000,0.7123,0.9977,0.8525,8577,0,60000,0.1429,0.9977,0.1111,17147,1,154304,0.1111,0.0000,0.1672,25803,1,154304,0.1672,0.0000
347.55,0.9641,42740,0,60000,0.7123,0.9977,0.8525,8577,0,60000,0.1429,0.9977,0.1111,17147,1,154304,0.1111,0.0000,0.1672,25803,1,154304,0.1672,0.0000
348.05,0.9584,34180,0,60000,0.5697,0.9977,0.8525,8577,0,60000,0.1429,0.9977,0.2228,34382,2,154304,0.2228,0.0000,0.1672,25803,1,154304,0.1672,0.0000
348.55,0.9584,34180,0,60000,0.5697,0.9977,0.9951,8580,0,60000,0.1430,0.9977,0.2228,34382,2,154304,0.2228,0.0000,0.1672,25803,1,154304,0.1672,0.0000
349.05,0.9584,34180,0,60000,0.5697,0.9977,0.9951,8580,0,60000,0.1430,0.9977,0.2228,34382,2,154304,0.2228,0.0000,0.1672,25803,1,154304,0.1672,0.0000
349.55,0.9584,34180,0,60000,0.5697,0.9977,0.9951,8580,0,60000,0.1430,0.9977,0.2228,34382,2,154304,0.2228,0.0000,0.1112,17153,1,154304,0.1112,0.0000
350.05,0.9584,34180,0,60000,0.5697,0.9977,0.9951,8580,0,60000,0.1430,0.9977,0.2228,34382,2,154304,0.2228,0.0000,0.1112,17153,1,154304,0.1112,0.0000
350.55,0.9584,34180,0,60000,0.5697,0.9977,0.9951,8580,0,60000,0.1430,0.9977,0.2228,34382,2,154304,0.2228,0.0000,0.1112,17153,1,154304,0.1112,0.0000
351.05,0.9584,34180,0,60000,0.5697,0.9977,0.9951,8580,0,60000,0.1430,0.9977,0.0558,8611,1,154304,0.0558,0.0000,0.1112,17153,1,154304,0.1112,0.0000
351.55,0.9584,34180,0,60000,0.5697,0.9977,0.9951,8580,0,60000,0.1430,0.9977,0.0558,8611,1,154304,0.0558,0.0000,0.1112,17153,1,154304,0.1112,0.0000
352.05,0.9584,34180,0,60000,0.5697,0.9977,0.9951,8580,0,60000,0.1430,0.9977,0.0558,8611,1,154304,0.0558,0.0000,0.1112,17153,1,154304,0.1112,0.0000
352.55,0.9584,34180,0,60000,0.5697,0.9977,0.9903,8584,0,60000,0.1431,0.9977,0.0558,8611,1,154304,0.0558,0.0000,0.1112,17153,1,154304,0.1112,0.0000
353.05,0.9584,34180,0,60000,0.5697,0.9977,0.9903,8584,0,60000,0.1431,0.9977,0.0558,8611,1,154304,0.0558,0.0000,0.1112,17153,1,154304,0.1112,0.0000
353.55,0.9584,34180,0,60000,0.5697,0.9977,0.9903,8584,0,60000,0.1431,0.9977,0.0558,8611,1,154304,0.0558,0.0000,0.0558,8617,1,154304,0.0558,0.0000
