t_s,P0_use,P0_used_tok,P0_running,P0_cap_tok,P0_pressure,P1_use,P1_used_tok,P1_running,P1_cap_tok,P1_pressure,D0_use,D0_used_tok,D0_running,D0_cap_tok,D0_pressure,D1_use,D1_used_tok,D1_running,D1_cap_tok,D1_pressure
# roles: P0:P P1:P D0:D D1:D
0.00,0.0000,0,0,60000,0.0000,0.0000,0,0,60000,0.0000,,,,,,,,,,
0.50,0.0000,0,0,60000,0.0000,0.0000,0,0,60000,0.0000,,,,,,,,,,
1.00,0.0000,0,0,60000,0.0000,0.0000,0,0,60000,0.0000,,,,,,,,,,
1.50,0.0000,0,0,60000,0.0000,0.0000,0,0,60000,0.0000,,,,,,,,,,
2.00,0.0000,0,0,60000,0.0000,0.0000,0,0,60000,0.0000,,,,,,,,,,
2.50,0.0004,25,0,60000,0.0004,0.0000,0,0,60000,0.0000,,,,,,,,,,
3.00,0.0022,132,0,60000,0.0022,0.0034,205,0,60000,0.0034,,,,,,,,,,
3.50,0.0022,132,0,60000,0.0022,0.0034,205,0,60000,0.0034,,,,,,0.0064,1191,13,185484,0.0064
4.00,0.0022,132,0,60000,0.0022,0.0034,205,0,60000,0.0034,0.0014,252,3,185484,0.0014,0.0064,1191,13,185484,0.0064
4.50,0.0022,132,0,60000,0.0022,0.0034,205,0,60000,0.0034,0.0014,252,3,185484,0.0014,0.0092,1711,13,185484,0.0092
5.00,0.0022,132,0,60000,0.0022,0.0034,205,0,60000,0.0034,0.0020,372,3,185484,0.0020,0.0092,1711,13,185484,0.0092
5.50,0.0022,132,0,60000,0.0022,0.0034,205,0,60000,0.0034,0.0020,372,3,185484,0.0020,0.0120,2231,13,185484,0.0120
6.00,0.0022,132,0,60000,0.0022,0.0034,205,0,60000,0.0034,0.0027,492,3,185484,0.0027,0.0120,2231,13,185484,0.0120
6.50,0.0022,132,0,60000,0.0022,0.0034,205,0,60000,0.0034,0.0027,492,3,185484,0.0027,0.0148,2751,13,185484,0.0148
7.00,0.0022,132,0,60000,0.0022,0.0034,205,0,60000,0.0034,0.0033,612,3,185484,0.0033,0.0148,2751,13,185484,0.0148
7.50,0.0022,132,0,60000,0.0022,0.0034,205,0,60000,0.0034,0.0033,612,3,185484,0.0033,0.0176,3271,13,185484,0.0176
8.00,0.0022,132,0,60000,0.0022,0.0034,205,0,60000,0.0034,0.0039,732,3,185484,0.0039,0.0176,3271,13,185484,0.0176
8.50,0.0022,132,0,60000,0.0022,0.0034,205,0,60000,0.0034,0.0046,852,3,185484,0.0046,0.0204,3791,13,185484,0.0204
9.00,0.0022,132,0,60000,0.0022,0.0034,205,0,60000,0.0034,0.0046,852,3,185484,0.0046,0.0204,3791,13,185484,0.0204
9.50,0.0022,132,0,60000,0.0022,0.0034,205,0,60000,0.0034,0.0052,972,3,185484,0.0052,0.0232,4311,13,185484,0.0232
10.00,0.0022,132,0,60000,0.0022,0.0034,205,0,60000,0.0034,0.0052,972,3,185484,0.0052,0.0232,4311,13,185484,0.0232
10.50,0.0022,132,0,60000,0.0022,0.0034,205,0,60000,0.0034,0.0059,1092,3,185484,0.0059,0.0260,4831,13,185484,0.0260
11.00,0.0022,132,0,60000,0.0022,0.0034,205,0,60000,0.0034,0.0059,1092,3,185484,0.0059,0.0260,4831,13,185484,0.0260
11.50,0.0022,132,0,60000,0.0022,0.0034,205,0,60000,0.0034,0.0065,1212,3,185484,0.0065,0.0288,5351,13,185484,0.0288
12.00,0.0022,132,0,60000,0.0022,0.0034,205,0,60000,0.0034,0.0065,1212,3,185484,0.0065,0.0288,5351,13,185484,0.0288
12.50,0.0022,132,0,60000,0.0022,0.0034,205,0,60000,0.0034,0.0048,894,2,185484,0.0048,0.0265,4923,11,185484,0.0265
13.00,0.0022,132,0,60000,0.0022,0.0034,205,0,60000,0.0034,0.0048,894,2,185484,0.0048,0.0265,4923,11,185484,0.0265
13.50,0.0022,132,0,60000,0.0022,0.0034,205,0,60000,0.0034,0.0053,974,2,185484,0.0053,0.0289,5363,11,185484,0.0289
14.00,0.0022,132,0,60000,0.0022,0.0034,205,0,60000,0.0034,0.0053,974,2,185484,0.0053,0.0289,5363,11,185484,0.0289
14.50,0.0022,132,0,60000,0.0022,0.0034,205,0,60000,0.0034,0.0057,1054,2,185484,0.0057,0.0285,5288,10,185484,0.0285
15.00,0.0022,132,0,60000,0.0022,0.0008,46,0,60000,0.0008,0.0057,1054,2,185484,0.0057,0.0285,5288,10,185484,0.0285
15.50,0.0006,36,0,60000,0.0006,0.0006,36,0,60000,0.0006,0.0085,1572,3,185484,0.0085,0.0335,6212,10,185484,0.0335
16.00,0.0006,36,0,60000,0.0006,0.0006,36,0,60000,0.0006,0.0085,1572,3,185484,0.0085,0.0335,6212,10,185484,0.0335
16.50,0.0006,36,0,60000,0.0006,0.0008,47,0,60000,0.0008,0.0117,2163,4,185484,0.0117,0.0325,6024,10,185484,0.0325
17.00,0.0006,36,0,60000,0.0006,0.0008,47,0,60000,0.0008,0.0152,2827,5,185484,0.0152,0.0325,6024,10,185484,0.0325
17.50,0.0006,36,0,60000,0.0006,0.0008,47,0,60000,0.0008,0.0152,2827,5,185484,0.0152,0.0240,4457,7,185484,0.0240
18.00,0.0006,36,0,60000,0.0006,0.0008,47,0,60000,0.0008,0.0163,3027,5,185484,0.0163,0.0240,4457,7,185484,0.0240
18.50,0.0006,36,0,60000,0.0006,0.0008,47,0,60000,0.0008,0.0163,3027,5,185484,0.0163,0.0255,4737,7,185484,0.0255
19.00,0.0006,36,0,60000,0.0006,0.0008,47,0,60000,0.0008,0.0174,3227,5,185484,0.0174,0.0255,4737,7,185484,0.0255
19.50,0.0006,36,0,60000,0.0006,0.0013,75,0,60000,0.0013,0.0174,3227,5,185484,0.0174,0.0306,5680,7,185484,0.0306
20.00,0.0006,36,0,60000,0.0006,0.0013,75,0,60000,0.0013,0.0185,3427,5,185484,0.0185,0.0306,5680,7,185484,0.0306
20.50,0.0006,36,0,60000,0.0006,0.0121,729,0,60000,0.0121,0.0185,3427,5,185484,0.0185,0.0323,6000,8,185484,0.0323
21.00,0.0006,36,0,60000,0.0006,0.0121,729,0,60000,0.0121,0.0314,5832,8,185484,0.0314,0.0323,6000,8,185484,0.0323
21.50,0.0006,36,0,60000,0.0006,0.0121,729,0,60000,0.0121,0.0314,5832,8,185484,0.0314,0.0341,6320,8,185484,0.0341
22.00,0.0006,36,0,60000,0.0006,0.0121,729,0,60000,0.0121,0.0286,5311,7,185484,0.0286,0.0341,6320,8,185484,0.0341
22.50,0.0006,36,0,60000,0.0006,0.0121,729,0,60000,0.0121,0.0286,5311,7,185484,0.0286,0.0358,6640,8,185484,0.0358
23.00,0.0006,36,0,60000,0.0006,0.0121,729,0,60000,0.0121,0.0301,5591,7,185484,0.0301,0.0358,6640,8,185484,0.0358
23.50,0.0006,36,0,60000,0.0006,0.0121,729,0,60000,0.0121,0.0301,5591,7,185484,0.0301,0.0375,6960,8,185484,0.0375
24.00,0.0006,36,0,60000,0.0006,0.0121,729,0,60000,0.0121,0.0317,5871,7,185484,0.0317,0.0375,6960,8,185484,0.0375
24.50,0.0008,51,0,60000,0.0008,0.0121,729,0,60000,0.0121,0.0317,5871,7,185484,0.0317,0.0392,7280,8,185484,0.0392
25.00,0.0008,51,0,60000,0.0008,0.0121,729,0,60000,0.0121,0.0377,7000,8,185484,0.0377,0.0392,7280,8,185484,0.0392
25.50,0.0008,51,0,60000,0.0008,0.0121,729,0,60000,0.0121,0.0377,7000,8,185484,0.0377,0.0410,7600,8,185484,0.0410
26.00,0.0008,51,0,60000,0.0008,0.0121,729,0,60000,0.0121,0.0395,7320,8,185484,0.0395,0.0410,7600,8,185484,0.0410
26.50,0.0008,51,0,60000,0.0008,0.0121,729,0,60000,0.0121,0.0395,7320,8,185484,0.0395,0.0427,7920,8,185484,0.0427
27.00,0.0008,51,0,60000,0.0008,0.0121,729,0,60000,0.0121,0.0412,7640,8,185484,0.0412,0.0427,7920,8,185484,0.0427
27.50,0.0008,51,0,60000,0.0008,0.0121,729,0,60000,0.0121,0.0412,7640,8,185484,0.0412,0.0444,8240,8,185484,0.0444
28.00,0.0008,51,0,60000,0.0008,0.0121,729,0,60000,0.0121,0.0370,6867,7,185484,0.0370,0.0444,8240,8,185484,0.0444
28.50,0.0008,51,0,60000,0.0008,0.0121,729,0,60000,0.0121,0.0370,6867,7,185484,0.0370,0.0111,2065,3,185484,0.0111
29.00,0.0008,51,0,60000,0.0008,0.0121,729,0,60000,0.0121,0.0385,7147,7,185484,0.0385,0.0111,2065,3,185484,0.0111
29.50,0.0008,51,0,60000,0.0008,0.0121,729,0,60000,0.0121,0.0385,7147,7,185484,0.0385,0.0116,2145,2,185484,0.0116
30.00,0.0008,51,0,60000,0.0008,0.0121,729,0,60000,0.0121,0.0344,6389,6,185484,0.0344,0.0116,2145,2,185484,0.0116
30.50,0.0008,51,0,60000,0.0008,0.0121,729,0,60000,0.0121,0.0344,6389,6,185484,0.0344,0.0120,2225,2,185484,0.0120
31.00,0.0010,63,0,60000,0.0010,0.0121,729,0,60000,0.0121,0.0237,4402,5,185484,0.0237,0.0120,2225,2,185484,0.0120
31.50,0.0185,1109,0,60000,0.0185,0.0189,1132,0,60000,0.0189,0.0237,4402,5,185484,0.0237,0.0184,3413,3,185484,0.0184
32.00,0.0185,1109,0,60000,0.0185,0.0189,1132,0,60000,0.0189,0.0440,8170,6,185484,0.0440,0.0184,3413,3,185484,0.0184
32.50,0.0615,3688,0,60000,0.0615,0.0189,1132,0,60000,0.0189,0.0440,8170,6,185484,0.0440,0.0379,7034,4,185484,0.0379
33.00,0.0615,3688,0,60000,0.0615,0.0189,1132,0,60000,0.0189,0.0448,8308,7,185484,0.0448,0.0379,7034,4,185484,0.0379
33.50,0.0615,3688,0,60000,0.0615,0.0189,1132,0,60000,0.0189,0.0448,8308,7,185484,0.0448,0.0325,6022,5,185484,0.0325
34.00,0.0074,442,0,60000,0.0074,0.0121,729,0,60000,0.0121,0.0394,7305,5,185484,0.0394,0.0325,6022,5,185484,0.0325
34.50,0.0074,442,0,60000,0.0074,0.0121,729,0,60000,0.0121,0.0394,7305,5,185484,0.0394,0.0335,6222,5,185484,0.0335
35.00,0.0074,442,0,60000,0.0074,0.0121,729,0,60000,0.0121,0.0477,8844,7,185484,0.0477,0.0335,6222,5,185484,0.0335
35.50,0.0022,132,0,60000,0.0022,0.0121,729,0,60000,0.0121,0.0477,8844,7,185484,0.0477,0.0276,5119,4,185484,0.0276
36.00,0.0306,1836,0,60000,0.0306,0.0182,1093,0,60000,0.0182,0.0558,10349,7,185484,0.0558,0.0276,5119,4,185484,0.0276
36.50,0.0306,1836,0,60000,0.0306,0.0269,1614,0,60000,0.0269,0.0558,10349,7,185484,0.0558,0.0474,8794,4,185484,0.0474
37.01,0.0306,1836,0,60000,0.0306,0.0269,1614,0,60000,0.0269,0.0575,10663,8,185484,0.0575,0.0474,8794,4,185484,0.0474
37.51,0.0306,1836,0,60000,0.0306,0.0269,1614,0,60000,0.0269,0.0575,10663,8,185484,0.0575,0.0488,9058,7,185484,0.0488
38.01,0.0006,36,0,60000,0.0006,0.0269,1614,0,60000,0.0269,0.0663,12294,8,185484,0.0663,0.0488,9058,7,185484,0.0488
38.51,0.0006,36,0,60000,0.0006,0.0269,1614,0,60000,0.0269,0.0663,12294,8,185484,0.0663,0.0503,9338,7,185484,0.0503
39.01,0.0006,36,0,60000,0.0006,0.0269,1614,0,60000,0.0269,0.0682,12650,9,185484,0.0682,0.0503,9338,7,185484,0.0503
39.51,0.0006,36,0,60000,0.0006,0.0269,1614,0,60000,0.0269,0.0682,12650,9,185484,0.0682,0.0519,9618,7,185484,0.0519
40.01,0.0006,36,0,60000,0.0006,0.0269,1614,0,60000,0.0269,0.0619,11475,8,185484,0.0619,0.0519,9618,7,185484,0.0519
40.51,0.0006,36,0,60000,0.0006,0.0269,1614,0,60000,0.0269,0.0619,11475,8,185484,0.0619,0.0534,9898,7,185484,0.0534
41.01,0.0006,36,0,60000,0.0006,0.0269,1614,0,60000,0.0269,0.0636,11795,8,185484,0.0636,0.0534,9898,7,185484,0.0534
41.51,0.0006,36,0,60000,0.0006,0.0269,1614,0,60000,0.0269,0.0636,11795,8,185484,0.0636,0.0549,10178,7,185484,0.0549
42.01,0.0006,36,0,60000,0.0006,0.0269,1614,0,60000,0.0269,0.0653,12115,8,185484,0.0653,0.0549,10178,7,185484,0.0549
42.51,0.0006,36,0,60000,0.0006,0.0126,753,0,60000,0.0126,0.0653,12115,8,185484,0.0653,0.0564,10458,7,185484,0.0564
43.01,0.0006,36,0,60000,0.0006,0.0126,753,0,60000,0.0126,0.0570,10580,7,185484,0.0570,0.0564,10458,7,185484,0.0564
43.51,0.0006,36,0,60000,0.0006,0.0126,753,0,60000,0.0126,0.0570,10580,7,185484,0.0570,0.0579,10738,7,185484,0.0579
44.01,0.0006,36,0,60000,0.0006,0.0126,753,0,60000,0.0126,0.0570,10580,7,185484,0.0570,0.0579,10738,7,185484,0.0579
44.51,0.0006,36,0,60000,0.0006,0.0126,753,0,60000,0.0126,0.0585,10860,7,185484,0.0585,0.0514,9530,6,185484,0.0514
45.01,0.0006,36,0,60000,0.0006,0.0126,753,0,60000,0.0126,0.0585,10860,7,185484,0.0585,0.0514,9530,6,185484,0.0514
45.51,0.0139,835,0,60000,0.0139,0.0006,36,0,60000,0.0006,0.0601,11140,7,185484,0.0601,0.0642,11917,6,185484,0.0642
46.01,0.0139,835,0,60000,0.0139,0.0006,36,0,60000,0.0006,0.0601,11140,7,185484,0.0601,0.0642,11917,6,185484,0.0642
46.51,0.0139,835,0,60000,0.0139,0.0006,36,0,60000,0.0006,0.0702,13020,8,185484,0.0702,0.0560,10385,6,185484,0.0560
47.01,0.0139,835,0,60000,0.0139,0.0006,36,0,60000,0.0006,0.0702,13020,8,185484,0.0702,0.0560,10385,6,185484,0.0560
47.51,0.0195,1172,0,60000,0.0195,0.0006,36,0,60000,0.0006,0.0719,13340,8,185484,0.0719,0.0573,10625,6,185484,0.0573
48.01,0.0195,1172,0,60000,0.0195,0.0006,36,0,60000,0.0006,0.0719,13340,8,185484,0.0719,0.0573,10625,6,185484,0.0573
48.51,0.0195,1172,0,60000,0.0195,0.0006,36,0,60000,0.0006,0.0731,13562,8,185484,0.0731,0.0586,10865,6,185484,0.0586
49.01,0.0206,1237,0,60000,0.0206,0.0006,36,0,60000,0.0006,0.0731,13562,8,185484,0.0731,0.0586,10865,6,185484,0.0586
49.51,0.0206,1237,0,60000,0.0206,0.0006,36,0,60000,0.0006,0.0461,8556,7,185484,0.0461,0.0597,11082,6,185484,0.0597
50.01,0.0206,1237,0,60000,0.0206,0.0006,36,0,60000,0.0006,0.0461,8556,7,185484,0.0461,0.0597,11082,6,185484,0.0597
50.51,0.0206,1237,0,60000,0.0206,0.0006,36,0,60000,0.0006,0.0494,9169,6,185484,0.0494,0.0610,11322,6,185484,0.0610
51.01,0.0171,1024,0,60000,0.0171,0.0006,36,0,60000,0.0006,0.0494,9169,6,185484,0.0494,0.0610,11322,6,185484,0.0610
51.51,0.0171,1024,0,60000,0.0171,0.0213,1279,0,60000,0.0213,0.0596,11053,7,185484,0.0596,0.0723,13405,6,185484,0.0723
52.01,0.0183,1098,0,60000,0.0183,0.0213,1279,0,60000,0.0213,0.0596,11053,7,185484,0.0596,0.0723,13405,6,185484,0.0723
52.51,0.0017,103,0,60000,0.0017,0.0213,1279,0,60000,0.0213,0.0610,11307,7,185484,0.0610,0.0731,13553,6,185484,0.0731
53.01,0.0017,103,0,60000,0.0017,0.0213,1279,0,60000,0.0213,0.0610,11307,7,185484,0.0610,0.0731,13553,6,185484,0.0731
53.51,0.0017,103,0,60000,0.0017,0.0213,1279,0,60000,0.0213,0.0625,11587,7,185484,0.0625,0.0745,13825,7,185484,0.0745
54.01,0.0017,103,0,60000,0.0017,0.0213,1279,0,60000,0.0213,0.0625,11587,7,185484,0.0625,0.0745,13825,7,185484,0.0745
54.51,0.0017,103,0,60000,0.0017,0.0213,1279,0,60000,0.0213,0.0640,11867,7,185484,0.0640,0.0760,14105,7,185484,0.0760
55.01,0.0219,1311,0,60000,0.0219,0.0213,1279,0,60000,0.0213,0.0640,11867,7,185484,0.0640,0.0760,14105,7,185484,0.0760
55.51,0.0609,3654,0,60000,0.0609,0.0213,1279,0,60000,0.0213,0.0650,12065,7,185484,0.0650,0.0760,14105,7,185484,0.0760
56.01,0.0609,3654,0,60000,0.0609,0.0213,1279,0,60000,0.0213,0.0650,12065,7,185484,0.0650,0.0667,12375,6,185484,0.0667
56.51,0.0609,3654,0,60000,0.0609,0.0213,1279,0,60000,0.0213,0.0666,12345,7,185484,0.0666,0.0667,12375,6,185484,0.0667
57.01,0.0609,3654,0,60000,0.0609,0.0213,1279,0,60000,0.0213,0.0666,12345,7,185484,0.0666,0.0680,12615,6,185484,0.0680
57.51,0.0609,3654,0,60000,0.0609,0.0213,1279,0,60000,0.0213,0.0681,12625,7,185484,0.0681,0.0680,12615,6,185484,0.0680
58.01,0.0609,3654,0,60000,0.0609,0.0053,316,0,60000,0.0053,0.0681,12625,7,185484,0.0681,0.0684,12691,5,185484,0.0684
58.51,0.0331,1985,0,60000,0.0331,0.0322,1933,0,60000,0.0322,0.0688,12757,6,185484,0.0688,0.0684,12691,5,185484,0.0684
59.01,0.0331,1985,0,60000,0.0331,0.0322,1933,0,60000,0.0322,0.0688,12757,6,185484,0.0688,0.0801,14849,7,185484,0.0801
59.51,0.0331,1985,0,60000,0.0331,0.0322,1933,0,60000,0.0322,0.0688,12757,6,185484,0.0688,0.0801,14849,7,185484,0.0801
60.01,0.0331,1985,0,60000,0.0331,0.0322,1933,0,60000,0.0322,0.0703,13035,7,185484,0.0703,0.0816,15129,7,185484,0.0816
60.51,0.0331,1985,0,60000,0.0331,0.0322,1933,0,60000,0.0322,0.0703,13035,7,185484,0.0703,0.0816,15129,7,185484,0.0816
61.01,0.0546,3277,0,60000,0.0546,0.0322,1933,0,60000,0.0322,0.0718,13315,7,185484,0.0718,0.0801,14864,6,185484,0.0801
61.51,0.0546,3277,0,60000,0.0546,0.0322,1933,0,60000,0.0322,0.0718,13315,7,185484,0.0718,0.0801,14864,6,185484,0.0801
62.01,0.0546,3277,0,60000,0.0546,0.0322,1933,0,60000,0.0322,0.0854,15832,9,185484,0.0854,0.0816,15132,7,185484,0.0816
62.51,0.0546,3277,0,60000,0.0546,0.0322,1933,0,60000,0.0322,0.0854,15832,9,185484,0.0854,0.0816,15132,7,185484,0.0816
63.01,0.0006,36,0,60000,0.0006,0.0322,1933,0,60000,0.0322,0.0876,16257,10,185484,0.0876,0.0712,13215,6,185484,0.0712
63.51,0.0006,36,0,60000,0.0006,0.0322,1933,0,60000,0.0322,0.0876,16257,10,185484,0.0876,0.0712,13215,6,185484,0.0712
64.01,0.0006,36,0,60000,0.0006,0.0322,1933,0,60000,0.0322,0.0892,16552,9,185484,0.0892,0.0725,13455,6,185484,0.0725
64.51,0.0006,36,0,60000,0.0006,0.0322,1933,0,60000,0.0322,0.0892,16552,9,185484,0.0892,0.0725,13455,6,185484,0.0725
65.01,0.0006,36,0,60000,0.0006,0.0322,1933,0,60000,0.0322,0.0912,16912,9,185484,0.0912,0.0738,13695,6,185484,0.0738
65.51,0.0006,36,0,60000,0.0006,0.0322,1933,0,60000,0.0322,0.0912,16912,9,185484,0.0912,0.0738,13695,6,185484,0.0738
66.01,0.0006,36,0,60000,0.0006,0.0322,1933,0,60000,0.0322,0.0931,17272,9,185484,0.0931,0.0622,11539,5,185484,0.0622
66.51,0.0006,36,0,60000,0.0006,0.0006,36,0,60000,0.0006,0.0931,17272,9,185484,0.0931,0.0622,11539,5,185484,0.0622
67.01,0.0006,36,0,60000,0.0006,0.0006,36,0,60000,0.0006,0.0931,17272,9,185484,0.0931,0.0633,11739,5,185484,0.0633
67.51,0.0006,36,0,60000,0.0006,0.0006,36,0,60000,0.0006,0.0959,17780,10,185484,0.0959,0.0633,11739,5,185484,0.0633
68.01,0.0006,36,0,60000,0.0006,0.0006,36,0,60000,0.0006,0.0959,17780,10,185484,0.0959,0.0633,11739,5,185484,0.0633
68.51,0.0006,37,0,60000,0.0006,0.0006,36,0,60000,0.0006,0.0980,18180,10,185484,0.0980,0.0774,14352,5,185484,0.0774
69.01,0.0006,37,0,60000,0.0006,0.0006,36,0,60000,0.0006,0.0980,18180,10,185484,0.0980,0.0774,14352,5,185484,0.0774
69.51,0.0006,37,0,60000,0.0006,0.0006,36,0,60000,0.0006,0.0989,18352,9,185484,0.0989,0.0786,14573,6,185484,0.0786
70.01,0.0006,36,0,60000,0.0006,0.0006,36,0,60000,0.0006,0.0989,18352,9,185484,0.0989,0.0786,14573,6,185484,0.0786
70.51,0.0006,36,0,60000,0.0006,0.0006,36,0,60000,0.0006,0.0822,15238,8,185484,0.0822,0.0664,12311,5,185484,0.0664
71.01,0.0006,36,0,60000,0.0006,0.0006,36,0,60000,0.0006,0.0822,15238,8,185484,0.0822,0.0664,12311,5,185484,0.0664
71.51,0.0010,62,0,60000,0.0010,0.0006,36,0,60000,0.0006,0.0701,12997,7,185484,0.0701,0.0539,9999,4,185484,0.0539
72.01,0.0010,62,0,60000,0.0010,0.0006,36,0,60000,0.0006,0.0701,12997,7,185484,0.0701,0.0539,9999,4,185484,0.0539
72.51,0.0323,1936,0,60000,0.0323,0.0006,36,0,60000,0.0006,0.0447,8296,5,185484,0.0447,0.0423,7853,4,185484,0.0423
73.01,0.0323,1936,0,60000,0.0323,0.0063,381,0,60000,0.0063,0.0447,8296,5,185484,0.0447,0.0423,7853,4,185484,0.0423
73.51,0.0323,1936,0,60000,0.0323,0.0254,1522,0,60000,0.0254,0.0316,5856,4,185484,0.0316,0.0631,11699,6,185484,0.0631
74.01,0.0304,1825,0,60000,0.0304,0.0254,1522,0,60000,0.0254,0.0316,5856,4,185484,0.0316,0.0631,11699,6,185484,0.0631
74.51,0.0304,1825,0,60000,0.0304,0.0254,1522,0,60000,0.0254,0.0324,6016,4,185484,0.0324,0.0921,17082,8,185484,0.0921
75.01,0.0316,1895,0,60000,0.0316,0.0073,436,0,60000,0.0073,0.0324,6016,4,185484,0.0324,0.0921,17082,8,185484,0.0921
75.51,0.0316,1895,0,60000,0.0316,0.0436,2615,0,60000,0.0436,0.0742,13772,6,185484,0.0742,0.0938,17402,8,185484,0.0938
76.01,0.0316,1895,0,60000,0.0316,0.0436,2615,0,60000,0.0436,0.0742,13772,6,185484,0.0742,0.0938,17402,8,185484,0.0938
76.51,0.0316,1895,0,60000,0.0316,0.0436,2615,0,60000,0.0436,0.0757,14046,7,185484,0.0757,0.1075,19944,8,185484,0.1075
77.01,0.0316,1895,0,60000,0.0316,0.0436,2615,0,60000,0.0436,0.0757,14046,7,185484,0.0757,0.1075,19944,8,185484,0.1075
77.51,0.0316,1895,0,60000,0.0316,0.0436,2615,0,60000,0.0436,0.0772,14326,7,185484,0.0772,0.1092,20264,8,185484,0.1092
78.01,0.0316,1895,0,60000,0.0316,0.0436,2615,0,60000,0.0436,0.0772,14326,7,185484,0.0772,0.1092,20264,8,185484,0.1092
78.51,0.0316,1895,0,60000,0.0316,0.0436,2615,0,60000,0.0436,0.0787,14606,7,185484,0.0787,0.1092,20264,8,185484,0.1092
79.01,0.0037,220,0,60000,0.0037,0.0436,2615,0,60000,0.0436,0.0787,14606,7,185484,0.0787,0.0956,17731,8,185484,0.0956
79.51,0.0037,220,0,60000,0.0037,0.0436,2615,0,60000,0.0436,0.0787,14606,7,185484,0.0787,0.0956,17731,8,185484,0.0956
80.01,0.0037,220,0,60000,0.0037,0.0436,2615,0,60000,0.0436,0.0803,14886,7,185484,0.0803,0.0995,18460,8,185484,0.0995
80.51,0.0037,220,0,60000,0.0037,0.0436,2615,0,60000,0.0436,0.0803,14886,7,185484,0.0803,0.0995,18460,8,185484,0.0995
81.01,0.0037,220,0,60000,0.0037,0.0436,2615,0,60000,0.0436,0.0818,15166,7,185484,0.0818,0.1012,18780,8,185484,0.1012
81.51,0.0037,220,0,60000,0.0037,0.0436,2615,0,60000,0.0436,0.0818,15166,7,185484,0.0818,0.1012,18780,8,185484,0.1012
82.01,0.0037,220,0,60000,0.0037,0.0189,1132,0,60000,0.0189,0.0988,18323,7,185484,0.0988,0.1030,19100,8,185484,0.1030
82.51,0.0037,220,0,60000,0.0037,0.0189,1132,0,60000,0.0189,0.0988,18323,7,185484,0.0988,0.1030,19100,8,185484,0.1030
83.01,0.0037,220,0,60000,0.0037,0.0189,1132,0,60000,0.0189,0.0818,15169,6,185484,0.0818,0.0893,16558,7,185484,0.0893
83.51,0.0037,220,0,60000,0.0037,0.0189,1132,0,60000,0.0189,0.0818,15169,6,185484,0.0818,0.0893,16558,7,185484,0.0893
84.01,0.0037,220,0,60000,0.0037,0.0189,1132,0,60000,0.0189,0.0673,12480,5,185484,0.0673,0.0908,16838,7,185484,0.0908
84.51,0.0037,220,0,60000,0.0037,0.0189,1132,0,60000,0.0189,0.0673,12480,5,185484,0.0673,0.0908,16838,7,185484,0.0908
85.01,0.0006,37,0,60000,0.0006,0.0189,1132,0,60000,0.0189,0.0684,12680,5,185484,0.0684,0.0908,16838,7,185484,0.0908
85.51,0.0006,37,0,60000,0.0006,0.0087,524,0,60000,0.0087,0.0684,12680,5,185484,0.0684,0.1076,19958,7,185484,0.1076
86.01,0.0477,2860,0,60000,0.0477,0.0087,524,0,60000,0.0087,0.0851,15784,5,185484,0.0851,0.1076,19958,7,185484,0.1076
86.51,0.0402,2413,0,60000,0.0402,0.0087,524,0,60000,0.0087,0.0851,15784,5,185484,0.0851,0.0922,17099,7,185484,0.0922
87.01,0.0402,2413,0,60000,0.0402,0.0087,524,0,60000,0.0087,0.1025,19016,7,185484,0.1025,0.0922,17099,7,185484,0.0922
87.51,0.0402,2413,0,60000,0.0402,0.0087,524,0,60000,0.0087,0.1025,19016,7,185484,0.1025,0.0773,14330,6,185484,0.0773
88.01,0.0402,2413,0,60000,0.0402,0.0087,524,0,60000,0.0087,0.1025,19016,7,185484,0.1025,0.0773,14330,6,185484,0.0773
88.51,0.0006,37,0,60000,0.0006,0.0332,1994,0,60000,0.0332,0.0981,18193,7,185484,0.0981,0.0786,14570,6,185484,0.0786
89.01,0.0070,423,0,60000,0.0070,0.0332,1994,0,60000,0.0332,0.0981,18193,7,185484,0.0981,0.0786,14570,6,185484,0.0786
89.51,0.0070,423,0,60000,0.0070,0.0332,1994,0,60000,0.0332,0.0988,18327,6,185484,0.0988,0.0674,12496,7,185484,0.0674
90.01,0.0070,423,0,60000,0.0070,0.0425,2553,0,60000,0.0425,0.0988,18327,6,185484,0.0988,0.0674,12496,7,185484,0.0674
90.51,0.0070,423,0,60000,0.0070,0.0425,2553,0,60000,0.0425,0.0839,15570,5,185484,0.0839,0.0847,15709,7,185484,0.0847
91.01,0.0070,423,0,60000,0.0070,0.0425,2553,0,60000,0.0425,0.0839,15570,5,185484,0.0839,0.0847,15709,7,185484,0.0847
91.51,0.0013,78,0,60000,0.0013,0.0425,2553,0,60000,0.0425,0.0850,15770,5,185484,0.0850,0.0924,17141,8,185484,0.0924
92.01,0.0415,2488,0,60000,0.0415,0.0425,2553,0,60000,0.0425,0.0850,15770,5,185484,0.0850,0.0924,17141,8,185484,0.0924
92.51,0.0415,2488,0,60000,0.0415,0.0425,2553,0,60000,0.0425,0.0858,15915,5,185484,0.0858,0.0795,14737,6,185484,0.0795
93.01,0.0272,1630,0,60000,0.0272,0.0425,2553,0,60000,0.0425,0.0858,15915,5,185484,0.0858,0.0795,14737,6,185484,0.0795
93.51,0.0272,1630,0,60000,0.0272,0.0006,37,0,60000,0.0006,0.0702,13029,4,185484,0.0702,0.0798,14806,7,185484,0.0798
94.01,0.0272,1630,0,60000,0.0272,0.0006,37,0,60000,0.0006,0.0702,13029,4,185484,0.0702,0.0798,14806,7,185484,0.0798
94.51,0.0272,1630,0,60000,0.0272,0.0006,37,0,60000,0.0006,0.0713,13234,5,185484,0.0713,0.0798,14806,7,185484,0.0798
95.01,0.0641,3848,0,60000,0.0641,0.0194,1164,0,60000,0.0194,0.0713,13234,5,185484,0.0713,0.0813,15086,7,185484,0.0813
95.51,0.0641,3848,0,60000,0.0641,0.0194,1164,0,60000,0.0194,0.0930,17241,6,185484,0.0930,0.0813,15086,7,185484,0.0813
96.01,0.0263,1577,0,60000,0.0263,0.0194,1164,0,60000,0.0194,0.0930,17241,6,185484,0.0930,0.0931,17277,8,185484,0.0931
96.51,0.0263,1577,0,60000,0.0263,0.0194,1164,0,60000,0.0194,0.0930,17241,6,185484,0.0930,0.0931,17277,8,185484,0.0931
97.01,0.0263,1577,0,60000,0.0263,0.0194,1164,0,60000,0.0194,0.1118,20746,7,185484,0.1118,0.0949,17597,8,185484,0.0949
97.51,0.0263,1577,0,60000,0.0263,0.0006,36,0,60000,0.0006,0.1118,20746,7,185484,0.1118,0.0949,17597,8,185484,0.0949
98.01,0.0009,57,0,60000,0.0009,0.0006,36,0,60000,0.0006,0.1109,20568,7,185484,0.1109,0.0923,17120,8,185484,0.0923
98.51,0.0009,57,0,60000,0.0009,0.0006,36,0,60000,0.0006,0.1109,20568,7,185484,0.1109,0.0923,17120,8,185484,0.0923
99.01,0.0009,57,0,60000,0.0009,0.0006,36,0,60000,0.0006,0.1124,20848,7,185484,0.1124,0.0940,17440,8,185484,0.0940
99.51,0.0009,57,0,60000,0.0009,0.0006,36,0,60000,0.0006,0.1124,20848,7,185484,0.1124,0.0940,17440,8,185484,0.0940
100.01,0.0009,57,0,60000,0.0009,0.0006,36,0,60000,0.0006,0.1139,21128,7,185484,0.1139,0.0773,14339,7,185484,0.0773
100.51,0.0009,57,0,60000,0.0009,0.0006,36,0,60000,0.0006,0.1139,21128,7,185484,0.1139,0.0773,14339,7,185484,0.0773
101.01,0.0009,57,0,60000,0.0009,0.0006,36,0,60000,0.0006,0.1154,21408,7,185484,0.1154,0.0817,15159,7,185484,0.0817
101.51,0.0006,36,0,60000,0.0006,0.0006,36,0,60000,0.0006,0.1154,21408,7,185484,0.1154,0.0817,15159,7,185484,0.0817
102.01,0.0006,36,0,60000,0.0006,0.0006,36,0,60000,0.0006,0.1154,21408,7,185484,0.1154,0.0638,11825,6,185484,0.0638
102.51,0.0006,36,0,60000,0.0006,0.0006,36,0,60000,0.0006,0.1182,21932,8,185484,0.1182,0.0638,11825,6,185484,0.0638
103.01,0.0575,3447,0,60000,0.0575,0.0006,36,0,60000,0.0006,0.1182,21932,8,185484,0.1182,0.0650,12065,6,185484,0.0650
103.51,0.0575,3447,0,60000,0.0575,0.0006,36,0,60000,0.0006,0.1206,22366,7,185484,0.1206,0.0650,12065,6,185484,0.0650
104.01,0.0575,3447,0,60000,0.0575,0.0006,36,0,60000,0.0006,0.1206,22366,7,185484,0.1206,0.0650,12065,6,185484,0.0650
104.51,0.0575,3447,0,60000,0.0575,0.0006,36,0,60000,0.0006,0.1225,22715,9,185484,0.1225,0.0663,12305,6,185484,0.0663
105.01,0.0575,3447,0,60000,0.0575,0.0006,36,0,60000,0.0006,0.1225,22715,9,185484,0.1225,0.0663,12305,6,185484,0.0663
105.51,0.0364,2185,0,60000,0.0364,0.0006,36,0,60000,0.0006,0.1244,23075,9,185484,0.1244,0.0676,12545,6,185484,0.0676
106.01,0.0364,2185,0,60000,0.0364,0.0006,36,0,60000,0.0006,0.1244,23075,9,185484,0.1244,0.0676,12545,6,185484,0.0676
106.51,0.0364,2185,0,60000,0.0364,0.0006,36,0,60000,0.0006,0.1244,23075,9,185484,0.1244,0.0886,16440,7,185484,0.0886
107.01,0.0364,2185,0,60000,0.0364,0.0006,36,0,60000,0.0006,0.1263,23435,9,185484,0.1263,0.0886,16440,7,185484,0.0886
107.51,0.0364,2185,0,60000,0.0364,0.0006,36,0,60000,0.0006,0.1263,23435,9,185484,0.1263,0.0901,16720,7,185484,0.0901
108.01,0.0364,2185,0,60000,0.0364,0.0006,36,0,60000,0.0006,0.1283,23795,9,185484,0.1283,0.0901,16720,7,185484,0.0901
108.51,0.0364,2185,0,60000,0.0364,0.0006,36,0,60000,0.0006,0.1283,23795,9,185484,0.1283,0.0917,17000,7,185484,0.0917
109.01,0.0364,2185,0,60000,0.0364,0.0006,36,0,60000,0.0006,0.1276,23671,8,185484,0.1276,0.0917,17000,7,185484,0.0917
109.51,0.0364,2185,0,60000,0.0364,0.0006,36,0,60000,0.0006,0.1276,23671,8,185484,0.1276,0.0628,11653,4,185484,0.0628
110.01,0.0364,2185,0,60000,0.0364,0.0006,36,0,60000,0.0006,0.1293,23991,8,185484,0.1293,0.0628,11653,4,185484,0.0628
110.52,0.0364,2185,0,60000,0.0364,0.0006,36,0,60000,0.0006,0.1293,23991,8,185484,0.1293,0.0637,11813,4,185484,0.0637
111.02,0.0364,2185,0,60000,0.0364,0.0006,36,0,60000,0.0006,0.1293,23991,8,185484,0.1293,0.0637,11813,4,185484,0.0637
111.52,0.0364,2185,0,60000,0.0364,0.0322,1933,0,60000,0.0322,0.1137,21090,8,185484,0.1137,0.0646,11973,4,185484,0.0646
112.02,0.0364,2185,0,60000,0.0364,0.0859,5157,0,60000,0.0859,0.1137,21090,8,185484,0.1137,0.0646,11973,4,185484,0.0646
112.52,0.0364,2185,0,60000,0.0364,0.0859,5157,0,60000,0.0859,0.1463,27130,12,185484,0.1463,0.0654,12133,4,185484,0.0654
113.02,0.0006,36,0,60000,0.0006,0.0859,5157,0,60000,0.0859,0.1463,27130,12,185484,0.1463,0.0654,12133,4,185484,0.0654
113.52,0.0006,36,0,60000,0.0006,0.0859,5157,0,60000,0.0859,0.1078,20000,11,185484,0.1078,0.0663,12293,4,185484,0.0663
114.02,0.0006,36,0,60000,0.0006,0.0859,5157,0,60000,0.0859,0.1078,20000,11,185484,0.1078,0.0663,12293,4,185484,0.0663
114.52,0.0006,36,0,60000,0.0006,0.0859,5157,0,60000,0.0859,0.0675,12512,10,185484,0.0675,0.0671,12453,4,185484,0.0671
115.02,0.0006,36,0,60000,0.0006,0.0859,5157,0,60000,0.0859,0.0675,12512,10,185484,0.0675,0.0671,12453,4,185484,0.0671
115.52,0.0006,36,0,60000,0.0006,0.0859,5157,0,60000,0.0859,0.0694,12872,9,185484,0.0694,0.0680,12613,4,185484,0.0680
116.02,0.0006,36,0,60000,0.0006,0.0508,3045,0,60000,0.0508,0.0694,12872,9,185484,0.0694,0.0680,12613,4,185484,0.0680
116.52,0.0006,36,0,60000,0.0006,0.0508,3045,0,60000,0.0508,0.0694,12872,9,185484,0.0694,0.0573,10632,3,185484,0.0573
117.02,0.0006,36,0,60000,0.0006,0.0508,3045,0,60000,0.0508,0.0651,12084,8,185484,0.0651,0.0573,10632,3,185484,0.0573
117.52,0.0006,36,0,60000,0.0006,0.1185,7111,0,60000,0.1185,0.0651,12084,8,185484,0.0651,0.0573,10632,3,185484,0.0573
118.02,0.0006,36,0,60000,0.0006,0.1185,7111,0,60000,0.1185,0.0889,16491,7,185484,0.0889,0.0582,10791,4,185484,0.0582
118.52,0.0000,0,0,60000,0.0000,0.0000,0,0,60000,0.0000,0.0889,16491,7,185484,0.0889,0.0582,10791,4,185484,0.0582
119.02,0.0000,0,0,60000,0.0000,0.0006,36,0,60000,0.0006,0.0944,17505,7,185484,0.0944,0.0590,10951,4,185484,0.0590
119.52,0.0006,36,0,60000,0.0006,0.0006,36,0,60000,0.0006,0.0944,17505,7,185484,0.0944,0.0590,10951,4,185484,0.0590
120.02,0.0736,4413,0,60000,0.0736,0.0006,36,0,60000,0.0006,0.1024,18997,8,185484,0.1024,0.0599,11111,4,185484,0.0599
120.52,0.0736,4413,0,60000,0.0736,0.0006,36,0,60000,0.0006,0.1024,18997,8,185484,0.1024,0.0599,11111,4,185484,0.0599
121.02,0.0172,1030,0,60000,0.0172,0.0006,36,0,60000,0.0006,0.1032,19143,8,185484,0.1032,0.0658,12198,3,185484,0.0658
121.52,0.0006,36,0,60000,0.0006,0.0006,36,0,60000,0.0006,0.1032,19143,8,185484,0.1032,0.0658,12198,3,185484,0.0658
122.02,0.0006,36,0,60000,0.0006,0.0006,36,0,60000,0.0006,0.1051,19498,9,185484,0.1051,0.0487,9041,4,185484,0.0487
122.52,0.0006,36,0,60000,0.0006,0.0006,36,0,60000,0.0006,0.1051,19498,9,185484,0.1051,0.0487,9041,4,185484,0.0487
123.02,0.0006,36,0,60000,0.0006,0.0006,36,0,60000,0.0006,0.1043,19347,8,185484,0.1043,0.0496,9201,4,185484,0.0496
123.52,0.0006,36,0,60000,0.0006,0.0316,1898,0,60000,0.0316,0.1043,19347,8,185484,0.1043,0.0496,9201,4,185484,0.0496
124.02,0.0006,36,0,60000,0.0006,0.0316,1898,0,60000,0.0316,0.1043,19347,8,185484,0.1043,0.0519,9622,5,185484,0.0519
124.52,0.0006,36,0,60000,0.0006,0.0316,1898,0,60000,0.0316,0.1216,22551,9,185484,0.1216,0.0519,9622,5,185484,0.0519
125.02,0.0006,36,0,60000,0.0006,0.0008,49,0,60000,0.0008,0.1216,22551,9,185484,0.1216,0.0585,10845,6,185484,0.0585
125.52,0.0006,36,0,60000,0.0006,0.0006,36,0,60000,0.0006,0.1104,20480,9,185484,0.1104,0.0585,10845,6,185484,0.0585
126.02,0.0006,36,0,60000,0.0006,0.0006,36,0,60000,0.0006,0.1104,20480,9,185484,0.1104,0.0603,11191,7,185484,0.0603
126.52,0.0006,36,0,60000,0.0006,0.0006,36,0,60000,0.0006,0.0890,16506,9,185484,0.0890,0.0603,11191,7,185484,0.0603
127.02,0.0006,36,0,60000,0.0006,0.0006,36,0,60000,0.0006,0.0890,16506,9,185484,0.0890,0.0371,6889,5,185484,0.0371
127.52,0.0006,36,0,60000,0.0006,0.0006,36,0,60000,0.0006,0.0903,16746,8,185484,0.0903,0.0371,6889,5,185484,0.0371
128.02,0.0006,36,0,60000,0.0006,0.0006,36,0,60000,0.0006,0.0903,16746,8,185484,0.0903,0.0382,7089,5,185484,0.0382
128.52,0.0006,36,0,60000,0.0006,0.0006,36,0,60000,0.0006,0.0920,17066,8,185484,0.0920,0.0382,7089,5,185484,0.0382
129.02,0.0006,36,0,60000,0.0006,0.0006,37,0,60000,0.0006,0.0920,17066,8,185484,0.0920,0.0393,7289,5,185484,0.0393
129.52,0.0006,36,0,60000,0.0006,0.0006,37,0,60000,0.0006,0.0886,16442,8,185484,0.0886,0.0393,7289,5,185484,0.0393
130.02,0.0006,36,0,60000,0.0006,0.0631,3784,0,60000,0.0631,0.0886,16442,8,185484,0.0886,0.0631,11699,5,185484,0.0631
130.52,0.0006,36,0,60000,0.0006,0.0631,3784,0,60000,0.0631,0.0886,16442,8,185484,0.0886,0.0631,11699,5,185484,0.0631
131.02,0.0006,36,0,60000,0.0006,0.0631,3784,0,60000,0.0631,0.0542,10062,6,185484,0.0542,0.0629,11660,6,185484,0.0629
131.52,0.0006,36,0,60000,0.0006,0.0631,3784,0,60000,0.0631,0.0542,10062,6,185484,0.0542,0.0629,11660,6,185484,0.0629
132.02,0.0006,36,0,60000,0.0006,0.0631,3784,0,60000,0.0631,0.0555,10302,6,185484,0.0555,0.0612,11350,4,185484,0.0612
132.52,0.0006,36,0,60000,0.0006,0.0631,3784,0,60000,0.0631,0.0555,10302,6,185484,0.0555,0.0612,11350,4,185484,0.0612
133.02,0.0006,36,0,60000,0.0006,0.0335,2010,0,60000,0.0335,0.0568,10542,6,185484,0.0568,0.0658,12197,4,185484,0.0658
133.52,0.0006,36,0,60000,0.0006,0.0735,4408,0,60000,0.0735,0.0568,10542,6,185484,0.0568,0.0658,12197,4,185484,0.0658
134.02,0.0006,36,0,60000,0.0006,0.0012,74,0,60000,0.0012,0.0837,15519,6,185484,0.0837,0.0565,10487,4,185484,0.0565
134.52,0.0006,36,0,60000,0.0006,0.0009,52,0,60000,0.0009,0.0837,15519,6,185484,0.0837,0.0565,10487,4,185484,0.0565
135.02,0.0006,36,0,60000,0.0006,0.0009,52,0,60000,0.0009,0.0852,15798,7,185484,0.0852,0.0589,10933,6,185484,0.0589
135.52,0.0006,36,0,60000,0.0006,0.0009,52,0,60000,0.0009,0.0852,15798,7,185484,0.0852,0.0589,10933,6,185484,0.0589
136.02,0.0147,884,0,60000,0.0147,0.0076,453,0,60000,0.0076,0.0968,17946,7,185484,0.0968,0.0633,11732,5,185484,0.0633
136.52,0.0147,884,0,60000,0.0147,0.0102,612,0,60000,0.0102,0.0968,17946,7,185484,0.0968,0.0633,11732,5,185484,0.0633
137.02,0.0147,884,0,60000,0.0147,0.0102,612,0,60000,0.0102,0.1061,19682,9,185484,0.1061,0.0645,11965,6,185484,0.0645
137.52,0.0147,884,0,60000,0.0147,0.0102,612,0,60000,0.0102,0.1061,19682,9,185484,0.1061,0.0645,11965,6,185484,0.0645
138.02,0.0147,884,0,60000,0.0147,0.0102,612,0,60000,0.0102,0.1042,19328,8,185484,0.1042,0.0658,12205,6,185484,0.0658
138.52,0.0147,884,0,60000,0.0147,0.0115,687,0,60000,0.0115,0.1042,19328,8,185484,0.1042,0.0658,12205,6,185484,0.0658
139.02,0.0147,884,0,60000,0.0147,0.0115,687,0,60000,0.0115,0.1042,19328,8,185484,0.1042,0.0716,13278,7,185484,0.0716
139.52,0.0147,884,0,60000,0.0147,0.0115,687,0,60000,0.0115,0.0746,13834,6,185484,0.0746,0.0716,13278,7,185484,0.0716
140.02,0.0147,884,0,60000,0.0147,0.0115,687,0,60000,0.0115,0.0746,13834,6,185484,0.0746,0.0716,13278,7,185484,0.0716
140.52,0.0147,884,0,60000,0.0147,0.0038,229,0,60000,0.0038,0.0759,14074,6,185484,0.0759,0.0692,12839,6,185484,0.0692
141.02,0.0147,884,0,60000,0.0147,0.0038,229,0,60000,0.0038,0.0759,14074,6,185484,0.0759,0.0692,12839,6,185484,0.0692
141.52,0.0147,884,0,60000,0.0147,0.0669,4016,0,60000,0.0669,0.0772,14314,6,185484,0.0772,0.0486,9007,6,185484,0.0486
142.02,0.0006,36,0,60000,0.0006,0.0669,4016,0,60000,0.0669,0.0772,14314,6,185484,0.0772,0.0486,9007,6,185484,0.0486
142.52,0.0009,54,0,60000,0.0009,0.0669,4016,0,60000,0.0669,0.1082,20062,7,185484,0.1082,0.0554,10270,7,185484,0.0554
143.02,0.0009,54,0,60000,0.0009,0.0669,4016,0,60000,0.0669,0.1082,20062,7,185484,0.1082,0.0554,10270,7,185484,0.0554
143.52,0.0006,36,0,60000,0.0006,0.0669,4016,0,60000,0.0669,0.0969,17981,7,185484,0.0969,0.0578,10727,8,185484,0.0578
144.02,0.0667,4001,0,60000,0.0667,0.0669,4016,0,60000,0.0669,0.0969,17981,7,185484,0.0969,0.0578,10727,8,185484,0.0578
144.52,0.0667,4001,0,60000,0.0667,0.0669,4016,0,60000,0.0669,0.1245,23089,7,185484,0.1245,0.0596,11047,8,185484,0.0596
145.02,0.0667,4001,0,60000,0.0667,0.0669,4016,0,60000,0.0669,0.1245,23089,7,185484,0.1245,0.0596,11047,8,185484,0.0596
145.52,0.0667,4001,0,60000,0.0667,0.0669,4016,0,60000,0.0669,0.1225,22715,7,185484,0.1225,0.0599,11110,7,185484,0.0599
146.02,0.0667,4001,0,60000,0.0667,0.0669,4016,0,60000,0.0669,0.1225,22715,7,185484,0.1225,0.0599,11110,7,185484,0.0599
146.52,0.0006,38,0,60000,0.0006,0.0669,4016,0,60000,0.0669,0.1225,22715,7,185484,0.1225,0.0617,11446,7,185484,0.0617
147.02,0.0006,38,0,60000,0.0006,0.0006,36,0,60000,0.0006,0.0976,18108,6,185484,0.0976,0.0617,11446,7,185484,0.0617
147.52,0.0006,38,0,60000,0.0006,0.0006,36,0,60000,0.0006,0.0976,18108,6,185484,0.0976,0.0634,11766,8,185484,0.0634
148.02,0.0006,38,0,60000,0.0006,0.0012,72,0,60000,0.0012,0.0715,13260,5,185484,0.0715,0.0634,11766,8,185484,0.0634
148.52,0.0006,36,0,60000,0.0006,0.0006,36,0,60000,0.0006,0.0715,13260,5,185484,0.0715,0.0667,12371,9,185484,0.0667
149.02,0.0006,36,0,60000,0.0006,0.0006,36,0,60000,0.0006,0.0769,14264,7,185484,0.0769,0.0667,12371,9,185484,0.0667
149.52,0.0006,36,0,60000,0.0006,0.0006,36,0,60000,0.0006,0.0769,14264,7,185484,0.0769,0.0419,7775,8,185484,0.0419
150.02,0.0006,36,0,60000,0.0006,0.0385,2311,0,60000,0.0385,0.0784,14544,7,185484,0.0784,0.0419,7775,8,185484,0.0419
150.52,0.0006,36,0,60000,0.0006,0.0385,2311,0,60000,0.0385,0.0784,14544,7,185484,0.0784,0.0612,11350,8,185484,0.0612
151.02,0.0006,36,0,60000,0.0006,0.0006,37,0,60000,0.0006,0.0744,13802,6,185484,0.0744,0.0612,11350,8,185484,0.0612
151.52,0.0006,36,0,60000,0.0006,0.0006,37,0,60000,0.0006,0.0744,13802,6,185484,0.0744,0.0541,10030,8,185484,0.0541
152.02,0.0006,36,0,60000,0.0006,0.0006,37,0,60000,0.0006,0.0625,11584,5,185484,0.0625,0.0541,10030,8,185484,0.0541
152.52,0.0006,36,0,60000,0.0006,0.0006,37,0,60000,0.0006,0.0625,11584,5,185484,0.0625,0.0448,8315,6,185484,0.0448
153.02,0.0006,36,0,60000,0.0006,0.0047,281,0,60000,0.0047,0.0635,11784,5,185484,0.0635,0.0448,8315,6,185484,0.0448
153.52,0.0006,36,0,60000,0.0006,0.0078,469,0,60000,0.0078,0.0635,11784,5,185484,0.0635,0.0482,8947,7,185484,0.0482
154.02,0.0006,36,0,60000,0.0006,0.0078,469,0,60000,0.0078,0.0685,12701,5,185484,0.0685,0.0482,8947,7,185484,0.0482
154.52,0.0006,36,0,60000,0.0006,0.0170,1023,0,60000,0.0170,0.0685,12701,5,185484,0.0685,0.0452,8385,5,185484,0.0452
155.02,0.0006,36,0,60000,0.0006,0.0635,3809,0,60000,0.0635,0.0947,17561,5,185484,0.0947,0.0452,8385,5,185484,0.0452
155.52,0.0006,36,0,60000,0.0006,0.0635,3809,0,60000,0.0635,0.0947,17561,5,185484,0.0947,0.0465,8618,6,185484,0.0465
156.02,0.0006,36,0,60000,0.0006,0.0635,3809,0,60000,0.0635,0.0947,17561,5,185484,0.0947,0.0465,8618,6,185484,0.0465
156.52,0.0006,36,0,60000,0.0006,0.0635,3809,0,60000,0.0635,0.0962,17840,7,185484,0.0962,0.0478,8858,6,185484,0.0478
157.02,0.0006,36,0,60000,0.0006,0.0014,84,0,60000,0.0014,0.0962,17840,7,185484,0.0962,0.0478,8858,6,185484,0.0478
157.52,0.0009,55,0,60000,0.0009,0.0014,84,0,60000,0.0014,0.0998,18512,8,185484,0.0998,0.0514,9543,7,185484,0.0514
158.02,0.0009,55,0,60000,0.0009,0.0014,84,0,60000,0.0014,0.0998,18512,8,185484,0.0998,0.0514,9543,7,185484,0.0514
158.52,0.0009,55,0,60000,0.0009,0.0014,84,0,60000,0.0014,0.1096,20331,9,185484,0.1096,0.0503,9338,6,185484,0.0503
159.02,0.0009,55,0,60000,0.0009,0.0014,84,0,60000,0.0014,0.1096,20331,9,185484,0.1096,0.0503,9338,6,185484,0.0503
159.52,0.0009,55,0,60000,0.0009,0.0014,84,0,60000,0.0014,0.0825,15304,8,185484,0.0825,0.0516,9578,6,185484,0.0516
160.02,0.0009,55,0,60000,0.0009,0.0014,84,0,60000,0.0014,0.0825,15304,8,185484,0.0825,0.0516,9578,6,185484,0.0516
160.52,0.0009,55,0,60000,0.0009,0.0014,84,0,60000,0.0014,0.0842,15624,8,185484,0.0842,0.0359,6651,4,185484,0.0359
161.02,0.0029,175,0,60000,0.0029,0.0014,84,0,60000,0.0014,0.0842,15624,8,185484,0.0842,0.0359,6651,4,185484,0.0359
161.52,0.0029,175,0,60000,0.0029,0.0014,84,0,60000,0.0014,0.0860,15944,8,185484,0.0860,0.0394,7310,5,185484,0.0394
162.02,0.0029,175,0,60000,0.0029,0.0014,84,0,60000,0.0014,0.0860,15944,8,185484,0.0860,0.0394,7310,5,185484,0.0394
162.52,0.0805,4828,0,60000,0.0805,0.0014,84,0,60000,0.0014,0.0860,15944,8,185484,0.0860,0.0405,7510,5,185484,0.0405
163.02,0.1064,6381,0,60000,0.1064,0.0014,84,0,60000,0.0014,0.1093,20272,7,185484,0.1093,0.0405,7510,5,185484,0.0405
163.52,0.0006,36,0,60000,0.0006,0.0014,84,0,60000,0.0014,0.1093,20272,7,185484,0.1093,0.0510,9460,6,185484,0.0510
164.02,0.0006,36,0,60000,0.0006,0.0014,84,0,60000,0.0014,0.1119,20751,8,185484,0.1119,0.0510,9460,6,185484,0.0510
164.52,0.0006,36,0,60000,0.0006,0.0014,84,0,60000,0.0014,0.1119,20751,8,185484,0.1119,0.0523,9700,6,185484,0.0523
165.02,0.0006,36,0,60000,0.0006,0.0014,84,0,60000,0.0014,0.0832,15429,7,185484,0.0832,0.0523,9700,6,185484,0.0523
165.52,0.0006,36,0,60000,0.0006,0.0174,1045,0,60000,0.0174,0.0832,15429,7,185484,0.0832,0.0536,9940,6,185484,0.0536
166.02,0.0006,37,0,60000,0.0006,0.0174,1045,0,60000,0.0174,0.0924,17132,8,185484,0.0924,0.0536,9940,6,185484,0.0536
166.52,0.0006,36,0,60000,0.0006,0.0174,1045,0,60000,0.0174,0.0924,17132,8,185484,0.0924,0.0585,10853,7,185484,0.0585
167.02,0.0006,36,0,60000,0.0006,0.0174,1045,0,60000,0.0174,0.0941,17452,8,185484,0.0941,0.0585,10853,7,185484,0.0585
167.52,0.0867,5202,0,60000,0.0867,0.0174,1045,0,60000,0.0174,0.0941,17452,8,185484,0.0941,0.0585,10853,7,185484,0.0585
168.02,0.0867,5202,0,60000,0.0867,0.0174,1045,0,60000,0.0174,0.0958,17772,8,185484,0.0958,0.0899,16675,6,185484,0.0899
168.52,0.0867,5202,0,60000,0.0867,0.0174,1045,0,60000,0.0174,0.0958,17772,8,185484,0.0958,0.0899,16675,6,185484,0.0899
169.02,0.0867,5202,0,60000,0.0867,0.0174,1045,0,60000,0.0174,0.0975,18092,8,185484,0.0975,0.0854,15848,6,185484,0.0854
169.52,0.0867,5202,0,60000,0.0867,0.0174,1045,0,60000,0.0174,0.0975,18092,8,185484,0.0975,0.0854,15848,6,185484,0.0854
170.02,0.0010,60,0,60000,0.0010,0.0174,1045,0,60000,0.0174,0.0975,18092,8,185484,0.0975,0.0867,16088,6,185484,0.0867
170.52,0.0010,60,0,60000,0.0010,0.0174,1045,0,60000,0.0174,0.0993,18412,8,185484,0.0993,0.0867,16088,6,185484,0.0867
171.02,0.0010,60,0,60000,0.0010,0.0063,381,0,60000,0.0063,0.0993,18412,8,185484,0.0993,0.0939,17416,6,185484,0.0939
171.52,0.0010,60,0,60000,0.0010,0.0063,381,0,60000,0.0063,0.0645,11961,6,185484,0.0645,0.0939,17416,6,185484,0.0939
172.02,0.0010,60,0,60000,0.0010,0.0063,381,0,60000,0.0063,0.0645,11961,6,185484,0.0645,0.0954,17693,7,185484,0.0954
172.52,0.0010,60,0,60000,0.0010,0.0063,381,0,60000,0.0063,0.0656,12161,5,185484,0.0656,0.0954,17693,7,185484,0.0954
173.02,0.0010,60,0,60000,0.0010,0.0063,381,0,60000,0.0063,0.0656,12161,5,185484,0.0656,0.0910,16877,6,185484,0.0910
173.52,0.0227,1362,0,60000,0.0227,0.0063,381,0,60000,0.0063,0.0621,11512,5,185484,0.0621,0.0910,16877,6,185484,0.0910
174.02,0.0006,36,0,60000,0.0006,0.0448,2688,0,60000,0.0448,0.0621,11512,5,185484,0.0621,0.1105,20491,6,185484,0.1105
174.52,0.0006,36,0,60000,0.0006,0.0064,384,0,60000,0.0064,0.0734,13617,6,185484,0.0734,0.1105,20491,6,185484,0.1105
175.02,0.0006,37,0,60000,0.0006,0.0064,384,0,60000,0.0064,0.0734,13617,6,185484,0.0734,0.1105,20491,6,185484,0.1105
175.52,0.0006,37,0,60000,0.0006,0.0006,38,0,60000,0.0006,0.0749,13893,7,185484,0.0749,0.0804,14922,7,185484,0.0804
176.02,0.0006,37,0,60000,0.0006,0.0183,1096,0,60000,0.0183,0.0749,13893,7,185484,0.0749,0.0804,14922,7,185484,0.0804
176.52,0.0006,37,0,60000,0.0006,0.0183,1096,0,60000,0.0183,0.0804,14914,7,185484,0.0804,0.0784,14546,6,185484,0.0784
177.02,0.0006,37,0,60000,0.0006,0.0183,1096,0,60000,0.0183,0.0804,14914,7,185484,0.0804,0.0784,14546,6,185484,0.0784
177.52,0.0006,37,0,60000,0.0006,0.0183,1096,0,60000,0.0183,0.0713,13217,6,185484,0.0713,0.0546,10126,5,185484,0.0546
178.02,0.0006,37,0,60000,0.0006,0.0183,1096,0,60000,0.0183,0.0713,13217,6,185484,0.0713,0.0557,10326,5,185484,0.0557
178.52,0.0013,77,0,60000,0.0013,0.0000,0,0,60000,0.0000,0.0730,13538,7,185484,0.0730,0.0557,10326,5,185484,0.0557
179.02,0.0267,1601,0,60000,0.0267,0.0000,0,0,60000,0.0000,0.0730,13538,7,185484,0.0730,0.0557,10326,5,185484,0.0557
179.52,0.0267,1601,0,60000,0.0267,0.0000,0,0,60000,0.0000,0.0745,13818,7,185484,0.0745,0.0679,12596,7,185484,0.0679
180.02,0.0267,1601,0,60000,0.0267,0.0602,3615,0,60000,0.0602,0.0745,13818,7,185484,0.0745,0.0679,12596,7,185484,0.0679
180.52,0.0242,1453,0,60000,0.0242,0.0808,4846,0,60000,0.0808,0.0745,13818,7,185484,0.0745,0.1049,19461,8,185484,0.1049
181.03,0.0242,1453,0,60000,0.0242,0.0808,4846,0,60000,0.0808,0.0433,8030,6,185484,0.0433,0.1049,19461,8,185484,0.1049
181.53,0.0242,1453,0,60000,0.0242,0.0808,4846,0,60000,0.0808,0.0433,8030,6,185484,0.0433,0.0957,17757,8,185484,0.0957
182.03,0.0242,1453,0,60000,0.0242,0.0808,4846,0,60000,0.0808,0.0446,8270,6,185484,0.0446,0.0957,17757,8,185484,0.0957
182.53,0.0059,353,0,60000,0.0059,0.0808,4846,0,60000,0.0808,0.0446,8270,6,185484,0.0446,0.0975,18077,8,185484,0.0975
183.03,0.0059,353,0,60000,0.0059,0.0808,4846,0,60000,0.0808,0.0482,8946,6,185484,0.0482,0.0975,18077,8,185484,0.0975
183.53,0.0059,353,0,60000,0.0059,0.0808,4846,0,60000,0.0808,0.0482,8946,6,185484,0.0482,0.0992,18397,8,185484,0.0992
184.03,0.0059,353,0,60000,0.0059,0.0808,4846,0,60000,0.0808,0.0358,6647,5,185484,0.0358,0.0992,18397,8,185484,0.0992
184.53,0.0059,353,0,60000,0.0059,0.0170,1023,0,60000,0.0170,0.0358,6647,5,185484,0.0358,0.0992,18397,8,185484,0.0992
185.03,0.0059,353,0,60000,0.0059,0.0170,1023,0,60000,0.0170,0.0369,6847,5,185484,0.0369,0.0906,16809,8,185484,0.0906
185.53,0.0059,353,0,60000,0.0059,0.0170,1023,0,60000,0.0170,0.0369,6847,5,185484,0.0369,0.0906,16809,8,185484,0.0906
186.03,0.0059,353,0,60000,0.0059,0.0006,36,0,60000,0.0006,0.0331,6146,4,185484,0.0331,0.0921,17089,7,185484,0.0921
186.53,0.0118,706,0,60000,0.0118,0.0006,36,0,60000,0.0006,0.0331,6146,4,185484,0.0331,0.0921,17089,7,185484,0.0921
187.03,0.0118,706,0,60000,0.0118,0.0006,36,0,60000,0.0006,0.0454,8423,4,185484,0.0454,0.0936,17369,7,185484,0.0936
187.53,0.0118,706,0,60000,0.0118,0.0183,1096,0,60000,0.0183,0.0454,8423,4,185484,0.0454,0.0936,17369,7,185484,0.0936
188.03,0.0118,706,0,60000,0.0118,0.0082,491,0,60000,0.0082,0.0385,7143,4,185484,0.0385,0.1029,19089,8,185484,0.1029
188.53,0.0118,706,0,60000,0.0118,0.0428,2567,0,60000,0.0428,0.0533,9888,5,185484,0.0533,0.1029,19089,8,185484,0.1029
189.03,0.0118,706,0,60000,0.0118,0.0428,2567,0,60000,0.0428,0.0533,9888,5,185484,0.0533,0.1096,20335,9,185484,0.1096
189.53,0.0074,442,0,60000,0.0074,0.0006,37,0,60000,0.0006,0.0533,9888,5,185484,0.0533,0.1096,20335,9,185484,0.1096
190.03,0.0006,36,0,60000,0.0006,0.0006,37,0,60000,0.0006,0.0547,10147,6,185484,0.0547,0.0789,14629,7,185484,0.0789
190.53,0.0246,1475,0,60000,0.0246,0.0006,37,0,60000,0.0006,0.0547,10147,6,185484,0.0547,0.0789,14629,7,185484,0.0789
191.03,0.0246,1475,0,60000,0.0246,0.0006,37,0,60000,0.0006,0.0466,8636,6,185484,0.0466,0.0789,14629,7,185484,0.0789
191.53,0.0246,1475,0,60000,0.0246,0.0006,37,0,60000,0.0006,0.0466,8636,6,185484,0.0466,0.0704,13064,6,185484,0.0704
192.03,0.0246,1475,0,60000,0.0246,0.0006,37,0,60000,0.0006,0.0479,8876,6,185484,0.0479,0.0704,13064,6,185484,0.0704
192.53,0.0246,1475,0,60000,0.0246,0.0006,37,0,60000,0.0006,0.0479,8876,6,185484,0.0479,0.0717,13304,6,185484,0.0717
193.03,0.0082,493,0,60000,0.0082,0.0117,701,0,60000,0.0117,0.0491,9116,6,185484,0.0491,0.0717,13304,6,185484,0.0717
193.53,0.0082,493,0,60000,0.0082,0.0529,3173,0,60000,0.0529,0.0491,9116,6,185484,0.0491,0.0761,14107,7,185484,0.0761
194.03,0.0006,37,0,60000,0.0006,0.0529,3173,0,60000,0.0529,0.0685,12701,7,185484,0.0685,0.0761,14107,7,185484,0.0761
194.53,0.0006,37,0,60000,0.0006,0.0006,36,0,60000,0.0006,0.0685,12701,7,185484,0.0685,0.0658,12200,7,185484,0.0658
195.03,0.0006,37,0,60000,0.0006,0.0006,36,0,60000,0.0006,0.0700,12981,7,185484,0.0700,0.0658,12200,7,185484,0.0658
195.53,0.0006,37,0,60000,0.0006,0.0006,36,0,60000,0.0006,0.0700,12981,7,185484,0.0700,0.0675,12519,8,185484,0.0675
196.03,0.0006,37,0,60000,0.0006,0.0006,36,0,60000,0.0006,0.0715,13261,7,185484,0.0715,0.0675,12519,8,185484,0.0675
196.53,0.0006,37,0,60000,0.0006,0.0006,36,0,60000,0.0006,0.0715,13261,7,185484,0.0715,0.0692,12839,8,185484,0.0692
197.03,0.0013,77,0,60000,0.0013,0.0006,36,0,60000,0.0006,0.0730,13541,7,185484,0.0730,0.0692,12839,8,185484,0.0692
197.53,0.0013,77,0,60000,0.0013,0.0006,36,0,60000,0.0006,0.0730,13541,7,185484,0.0730,0.0748,13869,9,185484,0.0748
198.03,0.0013,77,0,60000,0.0013,0.0006,38,0,60000,0.0006,0.0745,13821,7,185484,0.0745,0.0748,13869,9,185484,0.0748
198.53,0.0013,77,0,60000,0.0013,0.0006,38,0,60000,0.0006,0.0745,13821,7,185484,0.0745,0.0729,13524,9,185484,0.0729
199.03,0.0013,77,0,60000,0.0013,0.0006,38,0,60000,0.0006,0.0760,14101,7,185484,0.0760,0.0729,13524,9,185484,0.0729
199.53,0.0013,77,0,60000,0.0013,0.0006,38,0,60000,0.0006,0.0760,14101,7,185484,0.0760,0.0647,12004,8,185484,0.0647
200.03,0.0013,77,0,60000,0.0013,0.0006,38,0,60000,0.0006,0.0775,14381,7,185484,0.0775,0.0647,12004,8,185484,0.0647
200.53,0.0013,77,0,60000,0.0013,0.0006,38,0,60000,0.0006,0.0775,14381,7,185484,0.0775,0.0394,7299,6,185484,0.0394
201.03,0.0013,77,0,60000,0.0013,0.0006,38,0,60000,0.0006,0.0790,14661,7,185484,0.0790,0.0394,7299,6,185484,0.0394
201.53,0.0013,77,0,60000,0.0013,0.0006,38,0,60000,0.0006,0.0790,14661,7,185484,0.0790,0.0404,7499,5,185484,0.0404
202.03,0.0013,77,0,60000,0.0013,0.0237,1422,0,60000,0.0237,0.0790,14661,7,185484,0.0790,0.0404,7499,5,185484,0.0404
202.53,0.0013,77,0,60000,0.0013,0.0065,387,0,60000,0.0065,0.0806,14941,7,185484,0.0806,0.0517,9585,6,185484,0.0517
203.03,0.0013,77,0,60000,0.0013,0.0473,2837,0,60000,0.0473,0.0806,14941,7,185484,0.0806,0.0517,9585,6,185484,0.0517
203.53,0.0230,1378,0,60000,0.0230,0.0473,2837,0,60000,0.0473,0.0604,11201,5,185484,0.0604,0.0732,13574,8,185484,0.0732
204.03,0.0230,1378,0,60000,0.0230,0.0473,2837,0,60000,0.0473,0.0604,11201,5,185484,0.0604,0.0732,13574,8,185484,0.0732
204.53,0.0230,1378,0,60000,0.0230,0.0473,2837,0,60000,0.0473,0.0518,9613,5,185484,0.0518,0.0732,13574,8,185484,0.0732
205.03,0.0230,1378,0,60000,0.0230,0.0473,2837,0,60000,0.0473,0.0518,9613,5,185484,0.0518,0.0751,13925,9,185484,0.0751
205.53,0.0230,1378,0,60000,0.0230,0.0165,988,0,60000,0.0165,0.0376,6978,4,185484,0.0376,0.0751,13925,9,185484,0.0751
206.03,0.0230,1378,0,60000,0.0230,0.0165,988,0,60000,0.0165,0.0376,6978,4,185484,0.0376,0.0880,16316,10,185484,0.0880
206.53,0.0230,1378,0,60000,0.0230,0.0165,988,0,60000,0.0165,0.0385,7138,4,185484,0.0385,0.0880,16316,10,185484,0.0880
207.03,0.0230,1378,0,60000,0.0230,0.0165,988,0,60000,0.0165,0.0385,7138,4,185484,0.0385,0.0901,16716,10,185484,0.0901
207.53,0.0006,36,0,60000,0.0006,0.0428,2567,0,60000,0.0428,0.0250,4642,3,185484,0.0250,0.0901,16716,10,185484,0.0901
208.03,0.0353,2117,0,60000,0.0353,0.0428,2567,0,60000,0.0428,0.0250,4642,3,185484,0.0250,0.0932,17286,10,185484,0.0932
208.53,0.0353,2117,0,60000,0.0353,0.0428,2567,0,60000,0.0428,0.0261,4838,4,185484,0.0261,0.0932,17286,10,185484,0.0932
209.03,0.0353,2117,0,60000,0.0353,0.0428,2567,0,60000,0.0428,0.0261,4838,4,185484,0.0261,0.0955,17721,11,185484,0.0955
209.53,0.0353,2117,0,60000,0.0353,0.0354,2122,0,60000,0.0354,0.0269,4998,4,185484,0.0269,0.0955,17721,11,185484,0.0955
210.03,0.0353,2117,0,60000,0.0353,0.0354,2122,0,60000,0.0354,0.0269,4998,4,185484,0.0269,0.1058,19631,10,185484,0.1058
210.53,0.0353,2117,0,60000,0.0353,0.0354,2122,0,60000,0.0354,0.0233,4323,3,185484,0.0233,0.1058,19631,10,185484,0.1058
211.03,0.0353,2117,0,60000,0.0353,0.0354,2122,0,60000,0.0354,0.0240,4443,3,185484,0.0240,0.1058,19631,10,185484,0.1058
211.53,0.0353,2117,0,60000,0.0353,0.0354,2122,0,60000,0.0354,0.0240,4443,3,185484,0.0240,0.1038,19261,9,185484,0.1038
212.03,0.0353,2117,0,60000,0.0353,0.0354,2122,0,60000,0.0354,0.0246,4563,3,185484,0.0246,0.1038,19261,9,185484,0.1038
212.53,0.0353,2117,0,60000,0.0353,0.0019,114,0,60000,0.0019,0.0246,4563,3,185484,0.0246,0.1058,19621,9,185484,0.1058
213.03,0.0010,59,0,60000,0.0010,0.0019,114,0,60000,0.0019,0.0319,5910,4,185484,0.0319,0.1058,19621,9,185484,0.1058
213.53,0.0010,59,0,60000,0.0010,0.0019,114,0,60000,0.0019,0.0319,5910,4,185484,0.0319,0.1125,20860,10,185484,0.1125
214.03,0.0010,59,0,60000,0.0010,0.0007,44,0,60000,0.0007,0.0330,6115,5,185484,0.0330,0.1125,20860,10,185484,0.1125
214.53,0.0010,59,0,60000,0.0010,0.0007,44,0,60000,0.0007,0.0330,6115,5,185484,0.0330,0.1064,19728,10,185484,0.1064
215.03,0.0010,59,0,60000,0.0010,0.0007,44,0,60000,0.0007,0.0340,6315,5,185484,0.0340,0.1064,19728,10,185484,0.1064
215.53,0.0010,59,0,60000,0.0010,0.0007,44,0,60000,0.0007,0.0340,6315,5,185484,0.0340,0.1064,19728,10,185484,0.1064
216.03,0.0010,59,0,60000,0.0010,0.0007,44,0,60000,0.0007,0.0250,4638,4,185484,0.0250,0.1085,20128,10,185484,0.1085
216.53,0.0010,59,0,60000,0.0010,0.0007,44,0,60000,0.0007,0.0250,4638,4,185484,0.0250,0.1085,20128,10,185484,0.1085
217.03,0.0009,56,0,60000,0.0009,0.0007,44,0,60000,0.0007,0.0259,4798,4,185484,0.0259,0.1000,18542,8,185484,0.1000
217.53,0.0009,56,0,60000,0.0009,0.0007,44,0,60000,0.0007,0.0259,4798,4,185484,0.0259,0.1000,18542,8,185484,0.1000
218.03,0.0009,56,0,60000,0.0009,0.0007,44,0,60000,0.0007,0.0267,4958,4,185484,0.0267,0.1143,21201,9,185484,0.1143
218.53,0.0230,1378,0,60000,0.0230,0.0007,44,0,60000,0.0007,0.0267,4958,4,185484,0.0267,0.1143,21201,9,185484,0.1143
219.03,0.0230,1378,0,60000,0.0230,0.0006,37,0,60000,0.0006,0.0377,6995,5,185484,0.0377,0.1162,21561,9,185484,0.1162
219.53,0.0006,38,0,60000,0.0006,0.0006,37,0,60000,0.0006,0.0377,6995,5,185484,0.0377,0.1162,21561,9,185484,0.1162
220.03,0.0006,38,0,60000,0.0006,0.0006,37,0,60000,0.0006,0.0261,4835,5,185484,0.0261,0.1162,21561,9,185484,0.1162
220.53,0.0006,38,0,60000,0.0006,0.0006,37,0,60000,0.0006,0.0261,4835,5,185484,0.0261,0.1074,19913,9,185484,0.1074
221.03,0.0006,38,0,60000,0.0006,0.0006,37,0,60000,0.0006,0.0271,5035,5,185484,0.0271,0.1074,19913,9,185484,0.1074
221.53,0.0006,38,0,60000,0.0006,0.0006,37,0,60000,0.0006,0.0271,5035,5,185484,0.0271,0.1093,20273,9,185484,0.1093
222.03,0.0006,38,0,60000,0.0006,0.0006,37,0,60000,0.0006,0.0282,5235,5,185484,0.0282,0.1093,20273,9,185484,0.1093
222.53,0.0006,38,0,60000,0.0006,0.0314,1882,0,60000,0.0314,0.0282,5235,5,185484,0.0282,0.1112,20633,9,185484,0.1112
223.03,0.0006,38,0,60000,0.0006,0.0971,5827,0,60000,0.0971,0.0456,8467,6,185484,0.0456,0.1112,20633,9,185484,0.1112
223.53,0.0006,38,0,60000,0.0006,0.0971,5827,0,60000,0.0971,0.0456,8467,6,185484,0.0456,0.1319,24459,10,185484,0.1319
224.03,0.0006,38,0,60000,0.0006,0.0971,5827,0,60000,0.0971,0.0406,7539,5,185484,0.0406,0.1319,24459,10,185484,0.1319
224.53,0.0006,38,0,60000,0.0006,0.0971,5827,0,60000,0.0971,0.0406,7539,5,185484,0.0406,0.1319,24459,10,185484,0.1319
225.03,0.0006,38,0,60000,0.0006,0.0971,5827,0,60000,0.0971,0.0417,7739,5,185484,0.0417,0.1340,24859,10,185484,0.1340
225.53,0.0006,38,0,60000,0.0006,0.0971,5827,0,60000,0.0971,0.0417,7739,5,185484,0.0417,0.1340,24859,10,185484,0.1340
226.03,0.0006,38,0,60000,0.0006,0.0971,5827,0,60000,0.0971,0.0428,7939,5,185484,0.0428,0.1362,25259,10,185484,0.1362
226.53,0.0006,38,0,60000,0.0006,0.0971,5827,0,60000,0.0971,0.0428,7939,5,185484,0.0428,0.1362,25259,10,185484,0.1362
227.03,0.0006,36,0,60000,0.0006,0.0971,5827,0,60000,0.0971,0.0458,8498,4,185484,0.0458,0.1383,25659,10,185484,0.1383
227.53,0.0006,36,0,60000,0.0006,0.0971,5827,0,60000,0.0971,0.0458,8498,4,185484,0.0458,0.1383,25659,10,185484,0.1383
228.03,0.0006,36,0,60000,0.0006,0.0971,5827,0,60000,0.0971,0.0469,8691,5,185484,0.0469,0.1314,24365,9,185484,0.1314
228.53,0.0006,36,0,60000,0.0006,0.0971,5827,0,60000,0.0971,0.0469,8691,5,185484,0.0469,0.1314,24365,9,185484,0.1314
229.03,0.0006,36,0,60000,0.0006,0.0006,36,0,60000,0.0006,0.0479,8891,5,185484,0.0479,0.1314,24365,9,185484,0.1314
229.53,0.0006,36,0,60000,0.0006,0.0006,36,0,60000,0.0006,0.0479,8891,5,185484,0.0479,0.1119,20752,8,185484,0.1119
230.03,0.0006,36,0,60000,0.0006,0.0006,36,0,60000,0.0006,0.0472,8752,5,185484,0.0472,0.1119,20752,8,185484,0.1119
230.53,0.0137,823,0,60000,0.0137,0.0006,36,0,60000,0.0006,0.0472,8752,5,185484,0.0472,0.1226,22743,8,185484,0.1226
231.03,0.0137,823,0,60000,0.0137,0.0007,40,0,60000,0.0007,0.0356,6595,4,185484,0.0356,0.1226,22743,8,185484,0.1226
231.53,0.0288,1728,0,60000,0.0288,0.0007,40,0,60000,0.0007,0.0356,6595,4,185484,0.0356,0.1264,23448,9,185484,0.1264
232.03,0.0288,1728,0,60000,0.0288,0.0007,40,0,60000,0.0007,0.0364,6755,4,185484,0.0364,0.1264,23448,9,185484,0.1264
232.53,0.0084,503,0,60000,0.0084,0.0007,40,0,60000,0.0007,0.0364,6755,4,185484,0.0364,0.1285,23829,10,185484,0.1285
233.03,0.0084,503,0,60000,0.0084,0.0007,40,0,60000,0.0007,0.0437,8113,5,185484,0.0437,0.1285,23829,10,185484,0.1285
233.53,0.0084,503,0,60000,0.0084,0.0007,40,0,60000,0.0007,0.0437,8113,5,185484,0.0437,0.1285,23829,10,185484,0.1285
234.03,0.0084,503,0,60000,0.0084,0.0235,1409,0,60000,0.0235,0.0651,12070,5,185484,0.0651,0.1306,24229,10,185484,0.1306
234.53,0.0006,36,0,60000,0.0006,0.0235,1409,0,60000,0.0235,0.0651,12070,5,185484,0.0651,0.1306,24229,10,185484,0.1306
235.03,0.0006,36,0,60000,0.0006,0.0235,1409,0,60000,0.0235,0.0663,12299,6,185484,0.0663,0.0885,16423,8,185484,0.0885
235.53,0.0006,36,0,60000,0.0006,0.0235,1409,0,60000,0.0235,0.0663,12299,6,185484,0.0663,0.0885,16423,8,185484,0.0885
236.03,0.0006,36,0,60000,0.0006,0.0235,1409,0,60000,0.0235,0.0676,12539,6,185484,0.0676,0.0903,16743,8,185484,0.0903
236.53,0.0006,36,0,60000,0.0006,0.0235,1409,0,60000,0.0235,0.0676,12539,6,185484,0.0676,0.0903,16743,8,185484,0.0903
237.03,0.0006,36,0,60000,0.0006,0.0006,37,0,60000,0.0006,0.0777,14415,6,185484,0.0777,0.0757,14044,7,185484,0.0757
237.53,0.0011,67,0,60000,0.0011,0.0006,37,0,60000,0.0006,0.0777,14415,6,185484,0.0777,0.0757,14044,7,185484,0.0757
238.03,0.0011,67,0,60000,0.0011,0.0006,37,0,60000,0.0006,0.0777,14415,6,185484,0.0777,0.0922,17108,6,185484,0.0922
238.53,0.0000,0,0,60000,0.0000,0.0000,0,0,60000,0.0000,0.0792,14682,7,185484,0.0792,0.0922,17108,6,185484,0.0922
239.03,0.0000,0,0,60000,0.0000,0.0000,0,0,60000,0.0000,0.0792,14682,7,185484,0.0792,0.0937,17388,7,185484,0.0937
239.53,0.0000,0,0,60000,0.0000,0.0311,1864,0,60000,0.0311,0.0807,14962,7,185484,0.0807,0.0937,17388,7,185484,0.0937
240.03,0.0000,0,0,60000,0.0000,0.0311,1864,0,60000,0.0311,0.0807,14962,7,185484,0.0807,0.0937,17388,7,185484,0.0937
240.53,0.0000,0,0,60000,0.0000,0.0006,36,0,60000,0.0006,0.0734,13611,7,185484,0.0734,0.0780,14465,7,185484,0.0780
241.03,0.0000,0,0,60000,0.0000,0.0009,53,0,60000,0.0009,0.0734,13611,7,185484,0.0734,0.0780,14465,7,185484,0.0780
241.53,0.0000,0,0,60000,0.0000,0.0009,53,0,60000,0.0009,0.0767,14229,8,185484,0.0767,0.0793,14705,6,185484,0.0793
242.03,0.0000,0,0,60000,0.0000,0.0009,53,0,60000,0.0009,0.0767,14229,8,185484,0.0767,0.0793,14705,6,185484,0.0793
242.53,0.0199,1195,0,60000,0.0199,0.0009,53,0,60000,0.0009,0.0502,9307,6,185484,0.0502,0.0806,14945,6,185484,0.0806
243.03,0.0199,1195,0,60000,0.0199,0.0236,1414,0,60000,0.0236,0.0502,9307,6,185484,0.0502,0.0806,14945,6,185484,0.0806
243.53,0.0199,1195,0,60000,0.0199,0.0236,1414,0,60000,0.0236,0.0725,13443,8,185484,0.0725,0.0720,13351,5,185484,0.0720
244.03,0.0006,37,0,60000,0.0006,0.0236,1414,0,60000,0.0236,0.0725,13443,8,185484,0.0725,0.0720,13351,5,185484,0.0720
244.53,0.0006,37,0,60000,0.0006,0.0505,3028,0,60000,0.0505,0.0654,12125,7,185484,0.0654,0.0734,13619,6,185484,0.0734
245.03,0.0006,37,0,60000,0.0006,0.0505,3028,0,60000,0.0505,0.0654,12125,7,185484,0.0654,0.0734,13619,6,185484,0.0734
245.53,0.0006,37,0,60000,0.0006,0.0130,781,0,60000,0.0130,0.0954,17701,8,185484,0.0954,0.0747,13859,6,185484,0.0747
246.03,0.0006,37,0,60000,0.0006,0.0130,781,0,60000,0.0130,0.0954,17701,8,185484,0.0954,0.0747,13859,6,185484,0.0747
246.53,0.0006,37,0,60000,0.0006,0.0130,781,0,60000,0.0130,0.0974,18057,9,185484,0.0974,0.0832,15440,6,185484,0.0832
247.03,0.0006,37,0,60000,0.0006,0.0130,781,0,60000,0.0130,0.0974,18057,9,185484,0.0974,0.0832,15440,6,185484,0.0832
247.53,0.0006,37,0,60000,0.0006,0.0130,781,0,60000,0.0130,0.0974,18057,9,185484,0.0974,0.0845,15680,6,185484,0.0845
248.03,0.0006,37,0,60000,0.0006,0.0130,781,0,60000,0.0130,0.0993,18417,9,185484,0.0993,0.0845,15680,6,185484,0.0845
248.53,0.0006,37,0,60000,0.0006,0.0130,781,0,60000,0.0130,0.0993,18417,9,185484,0.0993,0.0611,11342,5,185484,0.0611
249.03,0.0007,44,0,60000,0.0007,0.0130,781,0,60000,0.0130,0.1012,18777,9,185484,0.1012,0.0611,11342,5,185484,0.0611
249.53,0.0007,44,0,60000,0.0007,0.0130,781,0,60000,0.0130,0.1012,18777,9,185484,0.1012,0.0611,11342,5,185484,0.0611
250.03,0.0007,44,0,60000,0.0007,0.0130,781,0,60000,0.0130,0.0762,14133,7,185484,0.0762,0.0655,12147,7,185484,0.0655
250.53,0.0007,44,0,60000,0.0007,0.0130,781,0,60000,0.0130,0.0762,14133,7,185484,0.0762,0.0655,12147,7,185484,0.0655
251.03,0.0007,44,0,60000,0.0007,0.0533,3200,0,60000,0.0533,0.0474,8799,6,185484,0.0474,0.0293,5427,6,185484,0.0293
251.53,0.0007,44,0,60000,0.0007,0.0533,3200,0,60000,0.0533,0.0474,8799,6,185484,0.0474,0.0293,5427,6,185484,0.0293
252.04,0.0007,44,0,60000,0.0007,0.0533,3200,0,60000,0.0533,0.0734,13621,7,185484,0.0734,0.0303,5627,5,185484,0.0303
252.54,0.0007,44,0,60000,0.0007,0.0533,3200,0,60000,0.0533,0.0734,13621,7,185484,0.0734,0.0314,5827,5,185484,0.0314
253.04,0.0516,3095,0,60000,0.0516,0.0054,325,0,60000,0.0054,0.0832,15423,6,185484,0.0832,0.0314,5827,5,185484,0.0314
253.54,0.0606,3638,0,60000,0.0606,0.0636,3815,0,60000,0.0636,0.0832,15423,6,185484,0.0832,0.0630,11689,6,185484,0.0630
254.04,0.0606,3638,0,60000,0.0606,0.0636,3815,0,60000,0.0636,0.0846,15696,7,185484,0.0846,0.0630,11689,6,185484,0.0630
254.54,0.0606,3638,0,60000,0.0606,0.0636,3815,0,60000,0.0636,0.0846,15696,7,185484,0.0846,0.0630,11689,6,185484,0.0630
255.04,0.0606,3638,0,60000,0.0606,0.0013,75,0,60000,0.0013,0.0861,15976,7,185484,0.0861,0.0646,11976,7,185484,0.0646
255.54,0.0146,873,0,60000,0.0146,0.0013,75,0,60000,0.0013,0.0861,15976,7,185484,0.0861,0.0646,11976,7,185484,0.0646
256.04,0.0146,873,0,60000,0.0146,0.0013,75,0,60000,0.0013,0.0861,15976,7,185484,0.0861,0.0661,12256,7,185484,0.0661
256.54,0.0146,873,0,60000,0.0146,0.0013,75,0,60000,0.0013,0.1029,19090,9,185484,0.1029,0.0661,12256,7,185484,0.0661
257.04,0.0146,873,0,60000,0.0146,0.0013,75,0,60000,0.0013,0.1029,19090,9,185484,0.1029,0.0532,9868,6,185484,0.0532
257.54,0.0146,873,0,60000,0.0146,0.0013,75,0,60000,0.0013,0.1049,19450,9,185484,0.1049,0.0532,9868,6,185484,0.0532
258.04,0.0146,873,0,60000,0.0146,0.0013,75,0,60000,0.0013,0.1049,19450,9,185484,0.1049,0.0545,10108,6,185484,0.0545
258.54,0.0146,873,0,60000,0.0146,0.0013,75,0,60000,0.0013,0.0964,17872,8,185484,0.0964,0.0545,10108,6,185484,0.0545
259.04,0.0146,873,0,60000,0.0146,0.0013,75,0,60000,0.0013,0.0964,17872,8,185484,0.0964,0.0558,10348,6,185484,0.0558
259.54,0.0278,1671,0,60000,0.0278,0.0013,75,0,60000,0.0013,0.0981,18192,8,185484,0.0981,0.0558,10348,6,185484,0.0558
260.04,0.0278,1671,0,60000,0.0278,0.0006,39,0,60000,0.0006,0.0981,18192,8,185484,0.0981,0.0484,8984,6,185484,0.0484
260.54,0.0278,1671,0,60000,0.0278,0.0006,39,0,60000,0.0006,0.1002,18590,9,185484,0.1002,0.0484,8984,6,185484,0.0484
261.04,0.0278,1671,0,60000,0.0278,0.0244,1462,0,60000,0.0244,0.1002,18590,9,185484,0.1002,0.0497,9224,6,185484,0.0497
261.54,0.0278,1671,0,60000,0.0278,0.0244,1462,0,60000,0.0244,0.1002,18590,9,185484,0.1002,0.0497,9224,6,185484,0.0497
262.04,0.0278,1671,0,60000,0.0278,0.0244,1462,0,60000,0.0244,0.0979,18156,9,185484,0.0979,0.0616,11429,7,185484,0.0616
262.54,0.0278,1671,0,60000,0.0278,0.0244,1462,0,60000,0.0244,0.0979,18156,9,185484,0.0979,0.0616,11429,7,185484,0.0616
263.04,0.0006,39,0,60000,0.0006,0.0244,1462,0,60000,0.0244,0.0940,17440,7,185484,0.0940,0.0575,10664,6,185484,0.0575
263.54,0.0006,39,0,60000,0.0006,0.0244,1462,0,60000,0.0244,0.0940,17440,7,185484,0.0940,0.0575,10664,6,185484,0.0575
264.04,0.0006,39,0,60000,0.0006,0.0244,1462,0,60000,0.0244,0.0821,15232,6,185484,0.0821,0.0378,7003,4,185484,0.0378
264.54,0.0006,39,0,60000,0.0006,0.0244,1462,0,60000,0.0244,0.0821,15232,6,185484,0.0821,0.0378,7003,4,185484,0.0378
265.04,0.0006,36,0,60000,0.0006,0.0244,1462,0,60000,0.0244,0.0878,16284,6,185484,0.0878,0.0386,7163,4,185484,0.0386
265.54,0.0007,40,0,60000,0.0007,0.0006,36,0,60000,0.0006,0.0878,16284,6,185484,0.0878,0.0386,7163,4,185484,0.0386
266.04,0.0007,40,0,60000,0.0007,0.0006,36,0,60000,0.0006,0.0810,15026,7,185484,0.0810,0.0451,8371,5,185484,0.0451
266.54,0.0009,55,0,60000,0.0009,0.0116,698,0,60000,0.0116,0.0810,15026,7,185484,0.0810,0.0451,8371,5,185484,0.0451
267.04,0.0140,841,0,60000,0.0140,0.0116,698,0,60000,0.0116,0.0706,13088,8,185484,0.0706,0.0597,11070,5,185484,0.0597
267.54,0.0140,841,0,60000,0.0140,0.0116,698,0,60000,0.0116,0.0706,13088,8,185484,0.0706,0.0597,11070,5,185484,0.0597
268.04,0.0140,841,0,60000,0.0140,0.0116,698,0,60000,0.0116,0.0721,13368,7,185484,0.0721,0.0609,11303,6,185484,0.0609
268.54,0.0140,841,0,60000,0.0140,0.0116,698,0,60000,0.0116,0.0721,13368,7,185484,0.0721,0.0609,11303,6,185484,0.0609
269.04,0.0372,2231,0,60000,0.0372,0.0116,698,0,60000,0.0116,0.0454,8426,6,185484,0.0454,0.0764,14168,6,185484,0.0764
269.54,0.0372,2231,0,60000,0.0372,0.0361,2166,0,60000,0.0361,0.0454,8426,6,185484,0.0454,0.0764,14168,6,185484,0.0764
270.04,0.0006,37,0,60000,0.0006,0.0508,3047,0,60000,0.0508,0.0241,4466,6,185484,0.0241,0.0980,18179,8,185484,0.0980
270.54,0.0006,37,0,60000,0.0006,0.0508,3047,0,60000,0.0508,0.0241,4466,6,185484,0.0241,0.0980,18179,8,185484,0.0980
271.04,0.0659,3957,0,60000,0.0659,0.0508,3047,0,60000,0.0508,0.0254,4706,6,185484,0.0254,0.0999,18534,9,185484,0.0999
271.54,0.0659,3957,0,60000,0.0659,0.0508,3047,0,60000,0.0508,0.0254,4706,6,185484,0.0254,0.0999,18534,9,185484,0.0999
272.04,0.0659,3957,0,60000,0.0659,0.0508,3047,0,60000,0.0508,0.0548,10160,7,185484,0.0548,0.0999,18534,9,185484,0.0999
272.54,0.0659,3957,0,60000,0.0659,0.0508,3047,0,60000,0.0508,0.0548,10160,7,185484,0.0548,0.1019,18894,9,185484,0.1019
273.04,0.0659,3957,0,60000,0.0659,0.0508,3047,0,60000,0.0508,0.0563,10440,7,185484,0.0563,0.1019,18894,9,185484,0.1019
273.54,0.0659,3957,0,60000,0.0659,0.0508,3047,0,60000,0.0508,0.0563,10440,7,185484,0.0563,0.1038,19254,9,185484,0.1038
274.04,0.0659,3957,0,60000,0.0659,0.0508,3047,0,60000,0.0508,0.0578,10720,7,185484,0.0578,0.1038,19254,9,185484,0.1038
274.54,0.0659,3957,0,60000,0.0659,0.0508,3047,0,60000,0.0508,0.0578,10720,7,185484,0.0578,0.1057,19614,9,185484,0.1057
275.04,0.0659,3957,0,60000,0.0659,0.0508,3047,0,60000,0.0508,0.0593,11000,7,185484,0.0593,0.1057,19614,9,185484,0.1057
275.54,0.0659,3957,0,60000,0.0659,0.0508,3047,0,60000,0.0508,0.0593,11000,7,185484,0.0593,0.0943,17489,8,185484,0.0943
276.04,0.0659,3957,0,60000,0.0659,0.0508,3047,0,60000,0.0508,0.0541,10028,6,185484,0.0541,0.0943,17489,8,185484,0.0943
276.54,0.0659,3957,0,60000,0.0659,0.0508,3047,0,60000,0.0508,0.0541,10028,6,185484,0.0541,0.0882,16361,7,185484,0.0882
277.04,0.0659,3957,0,60000,0.0659,0.0508,3047,0,60000,0.0508,0.0541,10028,6,185484,0.0541,0.0882,16361,7,185484,0.0882
277.54,0.0659,3957,0,60000,0.0659,0.0006,36,0,60000,0.0006,0.0515,9550,6,185484,0.0515,0.0882,16361,7,185484,0.0882
278.04,0.0092,550,0,60000,0.0092,0.0006,36,0,60000,0.0006,0.0515,9550,6,185484,0.0515,0.0759,14086,6,185484,0.0759
278.54,0.0542,3250,0,60000,0.0542,0.0006,36,0,60000,0.0006,0.0530,9828,6,185484,0.0530,0.0759,14086,6,185484,0.0759
279.04,0.0542,3250,0,60000,0.0542,0.0006,36,0,60000,0.0006,0.0530,9828,6,185484,0.0530,0.0814,15098,8,185484,0.0814
279.54,0.0174,1043,0,60000,0.0174,0.0006,36,0,60000,0.0006,0.0472,8751,5,185484,0.0472,0.0814,15098,8,185484,0.0814
280.04,0.0174,1043,0,60000,0.0174,0.0006,36,0,60000,0.0006,0.0472,8751,5,185484,0.0472,0.0568,10527,7,185484,0.0568
280.54,0.0174,1043,0,60000,0.0174,0.0008,51,0,60000,0.0008,0.0526,9764,6,185484,0.0526,0.0568,10527,7,185484,0.0568
281.04,0.0174,1043,0,60000,0.0174,0.0008,51,0,60000,0.0008,0.0526,9764,6,185484,0.0526,0.0583,10807,7,185484,0.0583
281.54,0.0174,1043,0,60000,0.0174,0.0008,51,0,60000,0.0008,0.0541,10038,7,185484,0.0541,0.0583,10807,7,185484,0.0583
282.04,0.0138,825,0,60000,0.0138,0.0008,51,0,60000,0.0008,0.0541,10038,7,185484,0.0541,0.0669,12402,7,185484,0.0669
282.54,0.0138,825,0,60000,0.0138,0.0416,2499,0,60000,0.0416,0.0556,10318,7,185484,0.0556,0.0669,12402,7,185484,0.0669
283.04,0.0138,825,0,60000,0.0138,0.0416,2499,0,60000,0.0416,0.0556,10318,7,185484,0.0556,0.0686,12718,8,185484,0.0686
283.54,0.0138,825,0,60000,0.0138,0.0416,2499,0,60000,0.0416,0.0732,13585,8,185484,0.0732,0.0686,12718,8,185484,0.0686
284.04,0.0138,825,0,60000,0.0138,0.0416,2499,0,60000,0.0416,0.0732,13585,8,185484,0.0732,0.0703,13038,8,185484,0.0703
284.54,0.0138,825,0,60000,0.0138,0.0416,2499,0,60000,0.0416,0.0750,13905,8,185484,0.0750,0.0703,13038,8,185484,0.0703
285.04,0.0138,825,0,60000,0.0138,0.0416,2499,0,60000,0.0416,0.0750,13905,8,185484,0.0750,0.0672,12465,7,185484,0.0672
285.54,0.0138,825,0,60000,0.0138,0.0416,2499,0,60000,0.0416,0.0693,12847,7,185484,0.0693,0.0672,12465,7,185484,0.0672
286.04,0.0138,825,0,60000,0.0138,0.0416,2499,0,60000,0.0416,0.0693,12847,7,185484,0.0693,0.0604,11210,6,185484,0.0604
286.54,0.0138,825,0,60000,0.0138,0.0416,2499,0,60000,0.0416,0.0607,11265,6,185484,0.0607,0.0604,11210,6,185484,0.0604
287.04,0.0138,825,0,60000,0.0138,0.0416,2499,0,60000,0.0416,0.0607,11265,6,185484,0.0607,0.0617,11450,6,185484,0.0617
287.54,0.0250,1500,0,60000,0.0250,0.0416,2499,0,60000,0.0416,0.0601,11152,5,185484,0.0601,0.0617,11450,6,185484,0.0617
288.04,0.0250,1500,0,60000,0.0250,0.0416,2499,0,60000,0.0416,0.0601,11152,5,185484,0.0601,0.0753,13975,8,185484,0.0753
288.54,0.0250,1500,0,60000,0.0250,0.0416,2499,0,60000,0.0416,0.0612,11352,5,185484,0.0612,0.0753,13975,8,185484,0.0753
289.04,0.0085,508,0,60000,0.0085,0.0093,560,0,60000,0.0093,0.0612,11352,5,185484,0.0612,0.0871,16163,8,185484,0.0871
289.54,0.0085,508,0,60000,0.0085,0.0006,36,0,60000,0.0006,0.0709,13142,6,185484,0.0709,0.0871,16163,8,185484,0.0871
290.04,0.0085,508,0,60000,0.0085,0.0008,50,0,60000,0.0008,0.0709,13142,6,185484,0.0709,0.0871,16163,8,185484,0.0871
290.54,0.0085,508,0,60000,0.0085,0.0008,50,0,60000,0.0008,0.0742,13763,7,185484,0.0742,0.0795,14744,9,185484,0.0795
291.04,0.0085,508,0,60000,0.0085,0.0008,50,0,60000,0.0008,0.0742,13763,7,185484,0.0742,0.0795,14744,9,185484,0.0795
291.54,0.0085,508,0,60000,0.0085,0.0008,50,0,60000,0.0008,0.0757,14043,7,185484,0.0757,0.0814,15104,9,185484,0.0814
292.04,0.0085,508,0,60000,0.0085,0.0008,50,0,60000,0.0008,0.0757,14043,7,185484,0.0757,0.0814,15104,9,185484,0.0814
292.54,0.0085,508,0,60000,0.0085,0.0008,50,0,60000,0.0008,0.0757,14043,7,185484,0.0757,0.0803,14898,8,185484,0.0803
293.04,0.0006,36,0,60000,0.0006,0.0008,50,0,60000,0.0008,0.0772,14323,7,185484,0.0772,0.0803,14898,8,185484,0.0803
293.54,0.0006,36,0,60000,0.0006,0.0008,50,0,60000,0.0008,0.0772,14323,7,185484,0.0772,0.0613,11372,8,185484,0.0613
294.04,0.0006,36,0,60000,0.0006,0.0008,50,0,60000,0.0008,0.0787,14603,7,185484,0.0787,0.0613,11372,8,185484,0.0613
294.54,0.0006,36,0,60000,0.0006,0.0008,50,0,60000,0.0008,0.0787,14603,7,185484,0.0787,0.0630,11692,8,185484,0.0630
295.04,0.0006,36,0,60000,0.0006,0.0008,50,0,60000,0.0008,0.0382,7092,6,185484,0.0382,0.0630,11692,8,185484,0.0630
295.54,0.0006,36,0,60000,0.0006,0.0008,50,0,60000,0.0008,0.0382,7092,6,185484,0.0382,0.0679,12597,9,185484,0.0679
296.04,0.0006,36,0,60000,0.0006,0.0008,50,0,60000,0.0008,0.0395,7332,6,185484,0.0395,0.0679,12597,9,185484,0.0679
296.54,0.0006,36,0,60000,0.0006,0.0008,50,0,60000,0.0008,0.0395,7332,6,185484,0.0395,0.0527,9784,8,185484,0.0527
297.04,0.0006,36,0,60000,0.0006,0.0008,50,0,60000,0.0008,0.0349,6473,5,185484,0.0349,0.0527,9784,8,185484,0.0527
297.54,0.0299,1795,0,60000,0.0299,0.0008,50,0,60000,0.0008,0.0349,6473,5,185484,0.0349,0.0445,8255,6,185484,0.0445
298.04,0.0299,1795,0,60000,0.0299,0.0008,50,0,60000,0.0008,0.0172,3189,5,185484,0.0172,0.0445,8255,6,185484,0.0445
298.54,0.0412,2474,0,60000,0.0412,0.0000,0,0,60000,0.0000,0.0172,3189,5,185484,0.0172,0.0461,8542,7,185484,0.0461
299.04,0.0412,2474,0,60000,0.0412,0.0000,0,0,60000,0.0000,0.0315,5842,4,185484,0.0315,0.0461,8542,7,185484,0.0461
299.54,0.0006,38,0,60000,0.0006,0.0000,0,0,60000,0.0000,0.0315,5842,4,185484,0.0315,0.0476,8822,7,185484,0.0476
300.04,0.0006,38,0,60000,0.0006,0.0000,0,0,60000,0.0000,0.0369,6846,5,185484,0.0369,0.0476,8822,7,185484,0.0476
300.54,0.0006,38,0,60000,0.0006,0.0290,1738,0,60000,0.0290,0.0369,6846,5,185484,0.0369,0.0688,12766,7,185484,0.0688
301.04,0.0006,38,0,60000,0.0006,0.0290,1738,0,60000,0.0290,0.0380,7046,5,185484,0.0380,0.0688,12766,7,185484,0.0688
301.54,0.0006,38,0,60000,0.0006,0.0290,1738,0,60000,0.0290,0.0380,7046,5,185484,0.0380,0.0707,13107,9,185484,0.0707
302.04,0.0006,36,0,60000,0.0006,0.0290,1738,0,60000,0.0290,0.0391,7246,5,185484,0.0391,0.0707,13107,9,185484,0.0707
302.54,0.0010,61,0,60000,0.0010,0.0290,1738,0,60000,0.0290,0.0391,7246,5,185484,0.0391,0.0707,13107,9,185484,0.0707
303.04,0.0010,61,0,60000,0.0010,0.0290,1738,0,60000,0.0290,0.0418,7750,6,185484,0.0418,0.0659,12226,9,185484,0.0659
303.54,0.0010,61,0,60000,0.0010,0.0290,1738,0,60000,0.0290,0.0418,7750,6,185484,0.0418,0.0659,12226,9,185484,0.0659
304.04,0.0010,61,0,60000,0.0010,0.0290,1738,0,60000,0.0290,0.0356,6609,4,185484,0.0356,0.0679,12586,9,185484,0.0679
304.54,0.0010,61,0,60000,0.0010,0.0290,1738,0,60000,0.0290,0.0356,6609,4,185484,0.0356,0.0679,12586,9,185484,0.0679
305.04,0.0010,61,0,60000,0.0010,0.0290,1738,0,60000,0.0290,0.0365,6769,4,185484,0.0365,0.0698,12946,9,185484,0.0698
305.54,0.0299,1795,0,60000,0.0299,0.0290,1738,0,60000,0.0290,0.0365,6769,4,185484,0.0365,0.0698,12946,9,185484,0.0698
306.04,0.0009,55,0,60000,0.0009,0.0290,1738,0,60000,0.0290,0.0374,6929,4,185484,0.0374,0.0789,14633,9,185484,0.0789
306.54,0.0009,55,0,60000,0.0009,0.0290,1738,0,60000,0.0290,0.0374,6929,4,185484,0.0374,0.0789,14633,9,185484,0.0789
307.04,0.0009,55,0,60000,0.0009,0.0290,1738,0,60000,0.0290,0.0362,6709,5,185484,0.0362,0.0695,12896,8,185484,0.0695
307.54,0.0009,55,0,60000,0.0009,0.0290,1738,0,60000,0.0290,0.0362,6709,5,185484,0.0362,0.0695,12896,8,185484,0.0695
308.04,0.0009,55,0,60000,0.0009,0.0290,1738,0,60000,0.0290,0.0372,6909,5,185484,0.0372,0.0713,13216,8,185484,0.0713
308.54,0.0009,55,0,60000,0.0009,0.0011,66,0,60000,0.0011,0.0372,6909,5,185484,0.0372,0.0713,13216,8,185484,0.0713
309.04,0.0227,1363,0,60000,0.0227,0.0011,66,0,60000,0.0011,0.0425,7878,5,185484,0.0425,0.0730,13536,8,185484,0.0730
309.54,0.0006,39,0,60000,0.0006,0.0011,66,0,60000,0.0011,0.0425,7878,5,185484,0.0425,0.0730,13536,8,185484,0.0730
310.04,0.0006,39,0,60000,0.0006,0.0011,66,0,60000,0.0011,0.0519,9625,6,185484,0.0519,0.0749,13902,8,185484,0.0749
310.54,0.0006,39,0,60000,0.0006,0.0011,66,0,60000,0.0011,0.0519,9625,6,185484,0.0519,0.0749,13902,8,185484,0.0749
311.04,0.0006,39,0,60000,0.0006,0.0011,66,0,60000,0.0011,0.0532,9865,6,185484,0.0532,0.0726,13460,7,185484,0.0726
311.54,0.0006,39,0,60000,0.0006,0.0011,66,0,60000,0.0011,0.0532,9865,6,185484,0.0532,0.0726,13460,7,185484,0.0726
312.04,0.0050,298,0,60000,0.0050,0.0011,66,0,60000,0.0011,0.0347,6438,5,185484,0.0347,0.0741,13740,7,185484,0.0741
312.54,0.0050,298,0,60000,0.0050,0.0011,66,0,60000,0.0011,0.0347,6438,5,185484,0.0347,0.0741,13740,7,185484,0.0741
313.04,0.0147,885,0,60000,0.0147,0.0011,66,0,60000,0.0011,0.0391,7254,6,185484,0.0391,0.0741,13740,7,185484,0.0741
313.54,0.0009,56,0,60000,0.0009,0.0011,66,0,60000,0.0011,0.0391,7254,6,185484,0.0391,0.0851,15789,7,185484,0.0851
314.04,0.0526,3154,0,60000,0.0526,0.0011,66,0,60000,0.0011,0.0404,7494,6,185484,0.0404,0.0851,15789,7,185484,0.0851
314.54,0.0526,3154,0,60000,0.0526,0.0011,66,0,60000,0.0011,0.0404,7494,6,185484,0.0404,0.0568,10534,6,185484,0.0568
315.04,0.0526,3154,0,60000,0.0526,0.0011,66,0,60000,0.0011,0.0615,11406,7,185484,0.0615,0.0568,10534,6,185484,0.0568
315.54,0.0526,3154,0,60000,0.0526,0.0011,66,0,60000,0.0011,0.0615,11406,7,185484,0.0615,0.0581,10774,6,185484,0.0581
316.04,0.0526,3154,0,60000,0.0526,0.0011,66,0,60000,0.0011,0.0630,11686,7,185484,0.0630,0.0581,10774,6,185484,0.0581
316.54,0.0526,3154,0,60000,0.0526,0.0061,365,0,60000,0.0061,0.0630,11686,7,185484,0.0630,0.0594,11014,6,185484,0.0594
317.04,0.0526,3154,0,60000,0.0526,0.0727,4359,0,60000,0.0727,0.0607,11254,6,185484,0.0607,0.0594,11014,6,185484,0.0594
317.54,0.0526,3154,0,60000,0.0526,0.0727,4359,0,60000,0.0727,0.0607,11254,6,185484,0.0607,0.0673,12490,7,185484,0.0673
318.04,0.0526,3154,0,60000,0.0526,0.0727,4359,0,60000,0.0727,0.0904,16760,8,185484,0.0904,0.0673,12490,7,185484,0.0673
318.54,0.0526,3154,0,60000,0.0526,0.0727,4359,0,60000,0.0727,0.0904,16760,8,185484,0.0904,0.0688,12770,7,185484,0.0688
319.04,0.0526,3154,0,60000,0.0526,0.0727,4359,0,60000,0.0727,0.0921,17080,8,185484,0.0921,0.0688,12770,7,185484,0.0688
319.54,0.0526,3154,0,60000,0.0526,0.0727,4359,0,60000,0.0727,0.0921,17080,8,185484,0.0921,0.0704,13050,7,185484,0.0704
320.04,0.0526,3154,0,60000,0.0526,0.0006,37,0,60000,0.0006,0.0938,17400,8,185484,0.0938,0.0704,13050,7,185484,0.0704
320.54,0.0526,3154,0,60000,0.0526,0.0006,37,0,60000,0.0006,0.0938,17400,8,185484,0.0938,0.0760,14094,8,185484,0.0760
321.04,0.0526,3154,0,60000,0.0526,0.0006,37,0,60000,0.0006,0.0955,17720,8,185484,0.0955,0.0760,14094,8,185484,0.0760
321.54,0.0526,3154,0,60000,0.0526,0.0006,37,0,60000,0.0006,0.0955,17720,8,185484,0.0955,0.0777,14414,8,185484,0.0777
322.04,0.0526,3154,0,60000,0.0526,0.0006,37,0,60000,0.0006,0.0829,15382,6,185484,0.0829,0.0777,14414,8,185484,0.0777
322.54,0.0526,3154,0,60000,0.0526,0.0006,37,0,60000,0.0006,0.0829,15382,6,185484,0.0829,0.0707,13109,7,185484,0.0707
323.04,0.0526,3154,0,60000,0.0526,0.0006,37,0,60000,0.0006,0.0829,15382,6,185484,0.0829,0.0707,13109,7,185484,0.0707
323.54,0.0526,3154,0,60000,0.0526,0.0006,37,0,60000,0.0006,0.0842,15622,6,185484,0.0842,0.0722,13389,7,185484,0.0722
324.05,0.0526,3154,0,60000,0.0526,0.0006,37,0,60000,0.0006,0.0842,15622,6,185484,0.0842,0.0722,13389,7,185484,0.0722
324.55,0.0178,1070,0,60000,0.0178,0.0006,37,0,60000,0.0006,0.0855,15862,6,185484,0.0855,0.0684,12689,6,185484,0.0684
325.05,0.0095,568,0,60000,0.0095,0.0006,36,0,60000,0.0006,0.0855,15862,6,185484,0.0855,0.0684,12689,6,185484,0.0684
325.55,0.0095,568,0,60000,0.0095,0.0006,36,0,60000,0.0006,0.0956,17736,7,185484,0.0956,0.0684,12689,6,185484,0.0684
326.05,0.0095,568,0,60000,0.0095,0.0006,36,0,60000,0.0006,0.0956,17736,7,185484,0.0956,0.0753,13968,8,185484,0.0753
326.55,0.0095,568,0,60000,0.0095,0.0006,36,0,60000,0.0006,0.0856,15872,6,185484,0.0856,0.0753,13968,8,185484,0.0753
327.05,0.0115,692,0,60000,0.0115,0.0006,36,0,60000,0.0006,0.0856,15872,6,185484,0.0856,0.0770,14288,8,185484,0.0770
327.55,0.0115,692,0,60000,0.0115,0.0006,36,0,60000,0.0006,0.0869,16112,6,185484,0.0869,0.0770,14288,8,185484,0.0770
328.05,0.0115,692,0,60000,0.0115,0.0006,36,0,60000,0.0006,0.0869,16112,6,185484,0.0869,0.0772,14322,8,185484,0.0772
328.55,0.0115,692,0,60000,0.0115,0.0006,36,0,60000,0.0006,0.0882,16352,6,185484,0.0882,0.0772,14322,8,185484,0.0772
329.05,0.0182,1094,0,60000,0.0182,0.0006,36,0,60000,0.0006,0.0882,16352,6,185484,0.0882,0.0563,10452,6,185484,0.0563
329.55,0.0182,1094,0,60000,0.0182,0.0006,36,0,60000,0.0006,0.0857,15893,6,185484,0.0857,0.0563,10452,6,185484,0.0563
330.05,0.0182,1094,0,60000,0.0182,0.0006,36,0,60000,0.0006,0.0857,15893,6,185484,0.0857,0.0516,9568,5,185484,0.0516
330.55,0.0182,1094,0,60000,0.0182,0.0321,1927,0,60000,0.0321,0.0857,15893,6,185484,0.0857,0.0516,9568,5,185484,0.0516
331.05,0.0298,1788,0,60000,0.0298,0.0321,1927,0,60000,0.0321,0.1030,19108,6,185484,0.1030,0.0527,9768,5,185484,0.0527
331.55,0.0121,725,0,60000,0.0121,0.0321,1927,0,60000,0.0321,0.1030,19108,6,185484,0.1030,0.0527,9768,5,185484,0.0527
332.05,0.0121,725,0,60000,0.0121,0.0321,1927,0,60000,0.0321,0.1272,23585,8,185484,0.1272,0.0537,9968,5,185484,0.0537
332.55,0.0121,725,0,60000,0.0121,0.0006,38,0,60000,0.0006,0.1272,23585,8,185484,0.1272,0.0537,9968,5,185484,0.0537
333.05,0.0121,725,0,60000,0.0121,0.0006,38,0,60000,0.0006,0.1355,25138,9,185484,0.1355,0.0609,11299,6,185484,0.0609
333.55,0.0006,37,0,60000,0.0006,0.0006,38,0,60000,0.0006,0.1355,25138,9,185484,0.1355,0.0609,11299,6,185484,0.0609
334.05,0.0006,37,0,60000,0.0006,0.0006,38,0,60000,0.0006,0.1157,21464,9,185484,0.1157,0.0622,11539,6,185484,0.0622
334.55,0.0006,37,0,60000,0.0006,0.0006,38,0,60000,0.0006,0.1157,21464,9,185484,0.1157,0.0622,11539,6,185484,0.0622
335.05,0.0006,37,0,60000,0.0006,0.0006,38,0,60000,0.0006,0.1157,21464,9,185484,0.1157,0.0562,10418,5,185484,0.0562
335.55,0.0006,37,0,60000,0.0006,0.0006,38,0,60000,0.0006,0.1011,18760,8,185484,0.1011,0.0562,10418,5,185484,0.0562
336.05,0.0006,37,0,60000,0.0006,0.0006,38,0,60000,0.0006,0.1011,18760,8,185484,0.1011,0.0430,7972,4,185484,0.0430
336.55,0.0006,37,0,60000,0.0006,0.0006,38,0,60000,0.0006,0.1121,20784,8,185484,0.1121,0.0430,7972,4,185484,0.0430
337.05,0.0006,37,0,60000,0.0006,0.0006,38,0,60000,0.0006,0.1121,20784,8,185484,0.1121,0.0438,8132,4,185484,0.0438
337.55,0.0099,596,0,60000,0.0099,0.0006,38,0,60000,0.0006,0.1213,22506,9,185484,0.1213,0.0438,8132,4,185484,0.0438
338.05,0.0333,1998,0,60000,0.0333,0.0006,38,0,60000,0.0006,0.1213,22506,9,185484,0.1213,0.0613,11369,4,185484,0.0613
338.55,0.0006,36,0,60000,0.0006,0.0006,38,0,60000,0.0006,0.1235,22898,10,185484,0.1235,0.0613,11369,4,185484,0.0613
339.05,0.0006,36,0,60000,0.0006,0.0006,39,0,60000,0.0006,0.1235,22898,10,185484,0.1235,0.0505,9370,3,185484,0.0505
339.55,0.0006,36,0,60000,0.0006,0.0006,39,0,60000,0.0006,0.1256,23298,10,185484,0.1256,0.0505,9370,3,185484,0.0505
340.05,0.0006,36,0,60000,0.0006,0.0006,39,0,60000,0.0006,0.1256,23298,10,185484,0.1256,0.0513,9519,4,185484,0.0513
340.55,0.0006,36,0,60000,0.0006,0.0006,39,0,60000,0.0006,0.1256,23298,10,185484,0.1256,0.0513,9519,4,185484,0.0513
341.05,0.0006,36,0,60000,0.0006,0.0006,39,0,60000,0.0006,0.1278,23698,10,185484,0.1278,0.0522,9679,4,185484,0.0522
341.55,0.0006,36,0,60000,0.0006,0.0006,36,0,60000,0.0006,0.1278,23698,10,185484,0.1278,0.0522,9679,4,185484,0.0522
342.05,0.0009,54,0,60000,0.0009,0.0006,36,0,60000,0.0006,0.1299,24098,10,185484,0.1299,0.0552,10231,5,185484,0.0552
342.55,0.0009,54,0,60000,0.0009,0.0006,36,0,60000,0.0006,0.1299,24098,10,185484,0.1299,0.0552,10231,5,185484,0.0552
343.05,0.0009,54,0,60000,0.0009,0.0006,36,0,60000,0.0006,0.1321,24498,10,185484,0.1321,0.0562,10431,5,185484,0.0562
343.55,0.0006,36,0,60000,0.0006,0.0006,36,0,60000,0.0006,0.1321,24498,10,185484,0.1321,0.0562,10431,5,185484,0.0562
344.05,0.0006,36,0,60000,0.0006,0.0006,36,0,60000,0.0006,0.1321,24498,10,185484,0.1321,0.0581,10769,5,185484,0.0581
344.55,0.0050,297,0,60000,0.0050,0.0006,36,0,60000,0.0006,0.1137,21096,9,185484,0.1137,0.0581,10769,5,185484,0.0581
345.05,0.0050,297,0,60000,0.0050,0.0006,36,0,60000,0.0006,0.1137,21096,9,185484,0.1137,0.0672,12473,6,185484,0.0672
345.55,0.0050,297,0,60000,0.0050,0.0006,36,0,60000,0.0006,0.1157,21456,9,185484,0.1157,0.0672,12473,6,185484,0.0672
346.05,0.0050,297,0,60000,0.0050,0.0006,36,0,60000,0.0006,0.1157,21456,9,185484,0.1157,0.0672,12473,6,185484,0.0672
346.55,0.0050,297,0,60000,0.0050,0.0006,36,0,60000,0.0006,0.0928,17220,7,185484,0.0928,0.0503,9321,5,185484,0.0503
347.05,0.0016,97,0,60000,0.0016,0.0006,36,0,60000,0.0006,0.0928,17220,7,185484,0.0928,0.0503,9321,5,185484,0.0503
347.55,0.0016,97,0,60000,0.0016,0.0006,36,0,60000,0.0006,0.0761,14110,6,185484,0.0761,0.0529,9803,6,185484,0.0529
348.05,0.0016,97,0,60000,0.0016,0.0006,36,0,60000,0.0006,0.0761,14110,6,185484,0.0761,0.0529,9803,6,185484,0.0529
348.55,0.0016,97,0,60000,0.0016,0.0403,2417,0,60000,0.0403,0.0863,16012,5,185484,0.0863,0.0541,10043,6,185484,0.0541
349.05,0.0678,4069,0,60000,0.0678,0.0403,2417,0,60000,0.0403,0.0863,16012,5,185484,0.0863,0.0541,10043,6,185484,0.0541
349.55,0.0678,4069,0,60000,0.0678,0.0403,2417,0,60000,0.0403,0.0945,17521,5,185484,0.0945,0.0637,11821,4,185484,0.0637
350.05,0.0678,4069,0,60000,0.0678,0.0403,2417,0,60000,0.0403,0.0945,17521,5,185484,0.0945,0.0637,11821,4,185484,0.0637
350.55,0.0348,2085,0,60000,0.0348,0.0403,2417,0,60000,0.0403,0.0945,17521,5,185484,0.0945,0.0647,12009,5,185484,0.0647
351.05,0.0348,2085,0,60000,0.0348,0.0162,970,0,60000,0.0162,0.0957,17759,6,185484,0.0957,0.0647,12009,5,185484,0.0647
351.55,0.0048,289,0,60000,0.0048,0.0162,970,0,60000,0.0162,0.0957,17759,6,185484,0.0957,0.0697,12934,5,185484,0.0697
352.05,0.0057,342,0,60000,0.0057,0.0162,970,0,60000,0.0162,0.1093,20276,8,185484,0.1093,0.0697,12934,5,185484,0.0697
352.55,0.0057,342,0,60000,0.0057,0.0162,970,0,60000,0.0162,0.1093,20276,8,185484,0.1093,0.0708,13134,5,185484,0.0708
353.05,0.0057,342,0,60000,0.0057,0.0162,970,0,60000,0.0162,0.1161,21538,9,185484,0.1161,0.0708,13134,5,185484,0.0708
353.55,0.0057,342,0,60000,0.0057,0.0162,970,0,60000,0.0162,0.1161,21538,9,185484,0.1161,0.0719,13334,5,185484,0.0719
354.05,0.0279,1674,0,60000,0.0279,0.0162,970,0,60000,0.0162,0.1181,21898,9,185484,0.1181,0.0719,13334,5,185484,0.0719
354.55,0.0279,1674,0,60000,0.0279,0.0006,37,0,60000,0.0006,0.1181,21898,9,185484,0.1181,0.0718,13325,6,185484,0.0718
355.05,0.0063,376,0,60000,0.0063,0.0006,37,0,60000,0.0006,0.1019,18899,8,185484,0.1019,0.0718,13325,6,185484,0.0718
355.55,0.0063,376,0,60000,0.0063,0.0006,36,0,60000,0.0006,0.1019,18899,8,185484,0.1019,0.0764,14175,7,185484,0.0764
356.05,0.0063,376,0,60000,0.0063,0.0006,36,0,60000,0.0006,0.1019,18899,8,185484,0.1019,0.0764,14175,7,185484,0.0764
356.55,0.0063,376,0,60000,0.0063,0.0006,36,0,60000,0.0006,0.0904,16766,7,185484,0.0904,0.0779,14455,7,185484,0.0779
357.05,0.0063,376,0,60000,0.0063,0.0006,36,0,60000,0.0006,0.0904,16766,7,185484,0.0904,0.0779,14455,7,185484,0.0779
357.55,0.0063,376,0,60000,0.0063,0.0123,740,0,60000,0.0123,0.0775,14369,5,185484,0.0775,0.0868,16108,6,185484,0.0868
358.05,0.0006,38,0,60000,0.0006,0.0123,740,0,60000,0.0123,0.0775,14369,5,185484,0.0775,0.0868,16108,6,185484,0.0868
358.55,0.0000,0,0,60000,0.0000,0.0000,0,0,60000,0.0000,0.0426,7910,4,185484,0.0426,0.0868,16108,6,185484,0.0868
359.05,0.0000,0,0,60000,0.0000,0.0008,45,0,60000,0.0008,0.0426,7910,4,185484,0.0426,0.0843,15641,6,185484,0.0843
359.55,0.0000,0,0,60000,0.0000,0.0292,1752,0,60000,0.0292,0.0219,4065,3,185484,0.0219,0.0843,15641,6,185484,0.0843
360.05,0.0000,0,0,60000,0.0000,0.0006,36,0,60000,0.0006,0.0219,4065,3,185484,0.0219,0.0968,17959,8,185484,0.0968
360.55,0.0248,1488,0,60000,0.0248,0.0008,51,0,60000,0.0008,0.0267,4959,3,185484,0.0267,0.0968,17959,8,185484,0.0968
361.05,0.0100,598,0,60000,0.0100,0.0008,51,0,60000,0.0008,0.0267,4959,3,185484,0.0267,0.1085,20122,8,185484,0.1085
361.55,0.0100,598,0,60000,0.0100,0.0008,51,0,60000,0.0008,0.0448,8307,5,185484,0.0448,0.1085,20122,8,185484,0.1085
362.05,0.0100,598,0,60000,0.0100,0.0008,51,0,60000,0.0008,0.0448,8307,5,185484,0.0448,0.1102,20442,8,185484,0.1102
362.55,0.0219,1315,0,60000,0.0219,0.0008,51,0,60000,0.0008,0.0459,8507,5,185484,0.0459,0.1102,20442,8,185484,0.1102
363.05,0.0219,1315,0,60000,0.0219,0.0008,51,0,60000,0.0008,0.0459,8507,5,185484,0.0459,0.1336,24781,9,185484,0.1336
363.55,0.0219,1315,0,60000,0.0219,0.0015,89,0,60000,0.0015,0.0442,8206,4,185484,0.0442,0.1336,24781,9,185484,0.1336
364.05,0.0006,36,0,60000,0.0006,0.0015,89,0,60000,0.0015,0.0442,8206,4,185484,0.0442,0.1336,24781,9,185484,0.1336
364.55,0.0122,733,0,60000,0.0122,0.0015,89,0,60000,0.0015,0.0303,5624,3,185484,0.0303,0.1359,25209,10,185484,0.1359
365.05,0.0122,733,0,60000,0.0122,0.0015,89,0,60000,0.0015,0.0303,5624,3,185484,0.0303,0.1359,25209,10,185484,0.1359
365.55,0.0048,288,0,60000,0.0048,0.0015,89,0,60000,0.0015,0.0310,5744,3,185484,0.0310,0.1264,23448,9,185484,0.1264
366.05,0.0048,288,0,60000,0.0048,0.0015,89,0,60000,0.0015,0.0310,5744,3,185484,0.0310,0.1264,23448,9,185484,0.1264
366.55,0.0048,288,0,60000,0.0048,0.0015,89,0,60000,0.0015,0.0355,6593,4,185484,0.0355,0.1284,23808,9,185484,0.1284
367.05,0.0048,288,0,60000,0.0048,0.0028,169,0,60000,0.0028,0.0355,6593,4,185484,0.0355,0.1284,23808,9,185484,0.1284
367.55,0.0048,288,0,60000,0.0048,0.0028,169,0,60000,0.0028,0.0364,6753,4,185484,0.0364,0.1167,21648,9,185484,0.1167
368.05,0.0227,1364,0,60000,0.0227,0.0006,36,0,60000,0.0006,0.0364,6753,4,185484,0.0364,0.1167,21648,9,185484,0.1167
368.55,0.0006,37,0,60000,0.0006,0.0006,36,0,60000,0.0006,0.0373,6913,4,185484,0.0373,0.1167,21648,9,185484,0.1167
369.05,0.0006,37,0,60000,0.0006,0.0006,36,0,60000,0.0006,0.0373,6913,4,185484,0.0373,0.1139,21120,10,185484,0.1139
369.55,0.0006,37,0,60000,0.0006,0.0006,36,0,60000,0.0006,0.0296,5491,3,185484,0.0296,0.1139,21120,10,185484,0.1139
370.05,0.0006,37,0,60000,0.0006,0.0006,36,0,60000,0.0006,0.0296,5491,3,185484,0.0296,0.1160,21520,10,185484,0.1160
370.55,0.0006,37,0,60000,0.0006,0.0295,1769,0,60000,0.0295,0.0255,4722,2,185484,0.0255,0.1160,21520,10,185484,0.1160
371.05,0.0126,755,0,60000,0.0126,0.0295,1769,0,60000,0.0295,0.0255,4722,2,185484,0.0255,0.1209,22425,9,185484,0.1209
371.55,0.0152,913,0,60000,0.0152,0.0295,1769,0,60000,0.0295,0.0410,7602,3,185484,0.0410,0.1209,22425,9,185484,0.1209
372.05,0.0152,913,0,60000,0.0152,0.0295,1769,0,60000,0.0295,0.0410,7602,3,185484,0.0410,0.0956,17739,8,185484,0.0956
372.55,0.0006,36,0,60000,0.0006,0.0006,38,0,60000,0.0006,0.0502,9310,4,185484,0.0502,0.0956,17739,8,185484,0.0956
373.05,0.0006,36,0,60000,0.0006,0.0006,38,0,60000,0.0006,0.0502,9310,4,185484,0.0502,0.0956,17739,8,185484,0.0956
373.55,0.0006,36,0,60000,0.0006,0.0033,198,0,60000,0.0033,0.0564,10454,6,185484,0.0564,0.0848,15720,7,185484,0.0848
374.05,0.0006,36,0,60000,0.0006,0.0033,198,0,60000,0.0033,0.0564,10454,6,185484,0.0564,0.0848,15720,7,185484,0.0848
374.55,0.0006,38,0,60000,0.0006,0.0135,812,0,60000,0.0135,0.0577,10694,6,185484,0.0577,0.0659,12217,6,185484,0.0659
375.05,0.0569,3416,0,60000,0.0569,0.0135,812,0,60000,0.0135,0.0577,10694,6,185484,0.0577,0.0659,12217,6,185484,0.0659
375.55,0.0569,3416,0,60000,0.0569,0.0135,812,0,60000,0.0135,0.0593,11003,7,185484,0.0593,0.0737,13676,4,185484,0.0737
376.05,0.0569,3416,0,60000,0.0569,0.0135,812,0,60000,0.0135,0.0593,11003,7,185484,0.0593,0.0737,13676,4,185484,0.0737
376.55,0.0006,37,0,60000,0.0006,0.0135,812,0,60000,0.0135,0.0404,7494,6,185484,0.0404,0.0748,13868,5,185484,0.0748
377.05,0.0453,2718,0,60000,0.0453,0.0135,812,0,60000,0.0135,0.0404,7494,6,185484,0.0404,0.0748,13868,5,185484,0.0748
377.55,0.0453,2718,0,60000,0.0453,0.0135,812,0,60000,0.0135,0.0461,8545,6,185484,0.0461,0.0944,17513,5,185484,0.0944
378.05,0.0578,3471,0,60000,0.0578,0.0185,1112,0,60000,0.0185,0.0461,8545,6,185484,0.0461,0.0944,17513,5,185484,0.0944
378.55,0.0578,3471,0,60000,0.0578,0.0420,2520,0,60000,0.0420,0.0419,7765,6,185484,0.0419,0.0873,16187,4,185484,0.0873
379.05,0.0578,3471,0,60000,0.0578,0.0530,3183,0,60000,0.0530,0.0419,7765,6,185484,0.0419,0.0873,16187,4,185484,0.0873
379.55,0.0576,3454,0,60000,0.0576,0.0530,3183,0,60000,0.0530,0.0637,11812,6,185484,0.0637,0.0897,16631,6,185484,0.0897
380.05,0.0576,3454,0,60000,0.0576,0.0530,3183,0,60000,0.0530,0.0637,11812,6,185484,0.0637,0.0897,16631,6,185484,0.0897
380.55,0.0576,3454,0,60000,0.0576,0.0530,3183,0,60000,0.0530,0.0549,10176,6,185484,0.0549,0.0911,16906,8,185484,0.0911
381.05,0.0083,496,0,60000,0.0083,0.0530,3183,0,60000,0.0530,0.0549,10176,6,185484,0.0549,0.0911,16906,8,185484,0.0911
381.55,0.0007,40,0,60000,0.0007,0.0530,3183,0,60000,0.0530,0.0632,11720,6,185484,0.0632,0.0790,14653,8,185484,0.0790
382.05,0.0007,40,0,60000,0.0007,0.0530,3183,0,60000,0.0530,0.0632,11720,6,185484,0.0632,0.0790,14653,8,185484,0.0790
382.55,0.0261,1563,0,60000,0.0261,0.0530,3183,0,60000,0.0530,0.0576,10690,6,185484,0.0576,0.0790,14653,8,185484,0.0790
383.05,0.0261,1563,0,60000,0.0261,0.0530,3183,0,60000,0.0530,0.0576,10690,6,185484,0.0576,0.0807,14973,8,185484,0.0807
383.55,0.0261,1563,0,60000,0.0261,0.0530,3183,0,60000,0.0530,0.0694,12876,6,185484,0.0694,0.0807,14973,8,185484,0.0807
384.05,0.0261,1563,0,60000,0.0261,0.0530,3183,0,60000,0.0530,0.0694,12876,6,185484,0.0694,0.0817,15149,7,185484,0.0817
384.55,0.0261,1563,0,60000,0.0261,0.0006,37,0,60000,0.0006,0.0707,13116,6,185484,0.0707,0.0817,15149,7,185484,0.0817
385.05,0.0261,1563,0,60000,0.0261,0.0006,37,0,60000,0.0006,0.0707,13116,6,185484,0.0707,0.0850,15768,8,185484,0.0850
385.55,0.0117,702,0,60000,0.0117,0.0006,37,0,60000,0.0006,0.0720,13356,6,185484,0.0720,0.0850,15768,8,185484,0.0850
386.05,0.0117,702,0,60000,0.0117,0.0007,40,0,60000,0.0007,0.0720,13356,6,185484,0.0720,0.0941,17459,9,185484,0.0941
386.55,0.0117,702,0,60000,0.0117,0.0007,40,0,60000,0.0007,0.0687,12734,6,185484,0.0687,0.0941,17459,9,185484,0.0941
387.05,0.0117,702,0,60000,0.0117,0.0007,40,0,60000,0.0007,0.0687,12734,6,185484,0.0687,0.0961,17819,9,185484,0.0961
387.55,0.0117,702,0,60000,0.0117,0.0007,40,0,60000,0.0007,0.0699,12974,6,185484,0.0699,0.0961,17819,9,185484,0.0961
388.05,0.0117,702,0,60000,0.0117,0.0007,40,0,60000,0.0007,0.0699,12974,6,185484,0.0699,0.0877,16269,7,185484,0.0877
388.55,0.0117,702,0,60000,0.0117,0.0007,40,0,60000,0.0007,0.0712,13214,6,185484,0.0712,0.0877,16269,7,185484,0.0877
389.05,0.0171,1027,0,60000,0.0171,0.0007,40,0,60000,0.0007,0.0712,13214,6,185484,0.0712,0.0915,16964,6,185484,0.0915
389.55,0.0171,1027,0,60000,0.0171,0.0007,40,0,60000,0.0007,0.0712,13214,6,185484,0.0712,0.0915,16964,6,185484,0.0915
390.05,0.0006,37,0,60000,0.0006,0.0007,40,0,60000,0.0007,0.0621,11521,6,185484,0.0621,0.0915,16964,6,185484,0.0915
390.55,0.0227,1363,0,60000,0.0227,0.0054,325,0,60000,0.0054,0.0621,11521,6,185484,0.0621,0.0940,17441,8,185484,0.0940
391.05,0.0227,1363,0,60000,0.0227,0.0006,37,0,60000,0.0006,0.0541,10038,6,185484,0.0541,0.0940,17441,8,185484,0.0940
391.55,0.0227,1363,0,60000,0.0227,0.0006,37,0,60000,0.0006,0.0541,10038,6,185484,0.0541,0.0688,12753,8,185484,0.0688
392.05,0.0006,36,0,60000,0.0006,0.0006,37,0,60000,0.0006,0.0358,6638,4,185484,0.0358,0.0688,12753,8,185484,0.0688
392.55,0.0006,36,0,60000,0.0006,0.0006,37,0,60000,0.0006,0.0358,6638,4,185484,0.0358,0.0776,14385,9,185484,0.0776
393.05,0.0006,36,0,60000,0.0006,0.0006,37,0,60000,0.0006,0.0367,6798,4,185484,0.0367,0.0776,14385,9,185484,0.0776
393.55,0.0006,36,0,60000,0.0006,0.0149,894,0,60000,0.0149,0.0367,6798,4,185484,0.0367,0.0795,14745,9,185484,0.0795
394.05,0.1165,6991,0,60000,0.1165,0.0149,894,0,60000,0.0149,0.0461,8550,4,185484,0.0461,0.0795,14745,9,185484,0.0795
394.55,0.1165,6991,0,60000,0.1165,0.0149,894,0,60000,0.0149,0.0461,8550,4,185484,0.0461,0.1156,21444,9,185484,0.1156
395.05,0.1165,6991,0,60000,0.1165,0.0149,894,0,60000,0.0149,0.0471,8744,5,185484,0.0471,0.1156,21444,9,185484,0.1156
395.55,0.1165,6991,0,60000,0.1165,0.0149,894,0,60000,0.0149,0.0471,8744,5,185484,0.0471,0.1135,21045,9,185484,0.1135
396.05,0.1165,6991,0,60000,0.1165,0.0149,894,0,60000,0.0149,0.0330,6125,3,185484,0.0330,0.1135,21045,9,185484,0.1135
396.55,0.0006,36,0,60000,0.0006,0.0006,36,0,60000,0.0006,0.0330,6125,3,185484,0.0330,0.1103,20466,8,185484,0.1103
397.05,0.0006,36,0,60000,0.0006,0.0006,36,0,60000,0.0006,0.0099,1836,3,185484,0.0099,0.1103,20466,8,185484,0.1103
397.55,0.0006,36,0,60000,0.0006,0.0006,36,0,60000,0.0006,0.0099,1836,3,185484,0.0099,0.1103,20466,8,185484,0.1103
398.06,0.0006,36,0,60000,0.0006,0.0006,36,0,60000,0.0006,0.0151,2805,4,185484,0.0151,0.0901,16719,8,185484,0.0901
398.56,0.0006,36,0,60000,0.0006,0.0265,1592,0,60000,0.0265,0.0162,3001,5,185484,0.0162,0.0901,16719,8,185484,0.0901
399.06,0.0077,460,0,60000,0.0077,0.0265,1592,0,60000,0.0265,0.0162,3001,5,185484,0.0162,0.1074,19918,9,185484,0.1074
399.56,0.0077,460,0,60000,0.0077,0.0051,307,0,60000,0.0051,0.0278,5152,5,185484,0.0278,0.1074,19918,9,185484,0.1074
400.06,0.0077,460,0,60000,0.0077,0.0051,307,0,60000,0.0051,0.0278,5152,5,185484,0.0278,0.1095,20315,10,185484,0.1095
400.56,0.0077,460,0,60000,0.0077,0.0051,307,0,60000,0.0051,0.0236,4369,4,185484,0.0236,0.1095,20315,10,185484,0.1095
401.06,0.0006,36,0,60000,0.0006,0.0051,307,0,60000,0.0051,0.0236,4369,4,185484,0.0236,0.0776,14399,9,185484,0.0776
401.56,0.0006,36,0,60000,0.0006,0.0051,307,0,60000,0.0051,0.0249,4612,6,185484,0.0249,0.0776,14399,9,185484,0.0776
402.06,0.0006,36,0,60000,0.0006,0.0051,307,0,60000,0.0051,0.0249,4612,6,185484,0.0249,0.0759,14075,7,185484,0.0759
402.56,0.0006,36,0,60000,0.0006,0.0051,307,0,60000,0.0051,0.0262,4852,6,185484,0.0262,0.0759,14075,7,185484,0.0759
403.06,0.0008,47,0,60000,0.0008,0.0051,307,0,60000,0.0051,0.0262,4852,6,185484,0.0262,0.0759,14075,7,185484,0.0759
403.56,0.0008,50,0,60000,0.0008,0.0051,307,0,60000,0.0051,0.0275,5092,6,185484,0.0275,0.0536,9947,7,185484,0.0536
404.06,0.0008,50,0,60000,0.0008,0.0051,307,0,60000,0.0051,0.0275,5092,6,185484,0.0275,0.0536,9947,7,185484,0.0536
404.56,0.0008,50,0,60000,0.0008,0.0006,37,0,60000,0.0006,0.0287,5332,6,185484,0.0287,0.0614,11389,8,185484,0.0614
405.06,0.0008,50,0,60000,0.0008,0.0006,37,0,60000,0.0006,0.0287,5332,6,185484,0.0287,0.0614,11389,8,185484,0.0614
405.56,0.0008,50,0,60000,0.0008,0.0006,37,0,60000,0.0006,0.0242,4482,5,185484,0.0242,0.0545,10115,7,185484,0.0545
406.06,0.0008,50,0,60000,0.0008,0.0006,37,0,60000,0.0006,0.0242,4482,5,185484,0.0242,0.0545,10115,7,185484,0.0545
406.56,0.0844,5067,0,60000,0.0844,0.0006,37,0,60000,0.0006,0.0180,3339,4,185484,0.0180,0.0855,15856,7,185484,0.0855
407.06,0.0844,5067,0,60000,0.0844,0.0006,37,0,60000,0.0006,0.0180,3339,4,185484,0.0180,0.0855,15856,7,185484,0.0855
407.56,0.0844,5067,0,60000,0.0844,0.0006,37,0,60000,0.0006,0.0161,2989,3,185484,0.0161,0.0871,16158,8,185484,0.0871
408.06,0.0006,38,0,60000,0.0006,0.0340,2039,0,60000,0.0340,0.0161,2989,3,185484,0.0161,0.0871,16158,8,185484,0.0871
408.56,0.0008,49,0,60000,0.0008,0.0340,2039,0,60000,0.0340,0.0168,3109,3,185484,0.0168,0.0919,17055,10,185484,0.0919
409.06,0.0008,49,0,60000,0.0008,0.0340,2039,0,60000,0.0340,0.0168,3109,3,185484,0.0168,0.0919,17055,10,185484,0.0919
409.56,0.0008,49,0,60000,0.0008,0.0006,36,0,60000,0.0006,0.0051,937,2,185484,0.0051,0.0794,14735,9,185484,0.0794
410.06,0.0008,49,0,60000,0.0008,0.0006,36,0,60000,0.0006,0.0051,937,2,185484,0.0051,0.0794,14735,9,185484,0.0794
410.56,0.0381,2288,0,60000,0.0381,0.0006,36,0,60000,0.0006,0.0055,1017,2,185484,0.0055,0.0842,15618,10,185484,0.0842
411.06,0.0381,2288,0,60000,0.0381,0.0006,36,0,60000,0.0006,0.0055,1017,2,185484,0.0055,0.0842,15618,10,185484,0.0842
411.56,0.0381,2288,0,60000,0.0381,0.0325,1951,0,60000,0.0325,0.0211,3912,3,185484,0.0211,0.0794,14722,9,185484,0.0794
412.06,0.0252,1513,0,60000,0.0252,0.0325,1951,0,60000,0.0325,0.0211,3912,3,185484,0.0211,0.0794,14722,9,185484,0.0794
412.56,0.0252,1513,0,60000,0.0252,0.0110,658,0,60000,0.0110,0.0341,6325,4,185484,0.0341,0.0794,14722,9,185484,0.0794
413.06,0.0252,1513,0,60000,0.0252,0.0110,658,0,60000,0.0110,0.0341,6325,4,185484,0.0341,0.1035,19200,10,185484,0.1035
413.56,0.0252,1513,0,60000,0.0252,0.0110,658,0,60000,0.0110,0.0350,6485,4,185484,0.0350,0.1035,19200,10,185484,0.1035
414.06,0.0163,981,0,60000,0.0163,0.0110,658,0,60000,0.0110,0.0350,6485,4,185484,0.0350,0.0950,17617,10,185484,0.0950
414.56,0.0163,981,0,60000,0.0163,0.0110,658,0,60000,0.0110,0.0428,7938,5,185484,0.0428,0.0950,17617,10,185484,0.0950
415.06,0.0163,981,0,60000,0.0163,0.0110,658,0,60000,0.0110,0.0428,7938,5,185484,0.0428,0.0971,18017,10,185484,0.0971
415.56,0.0163,981,0,60000,0.0163,0.0110,658,0,60000,0.0110,0.0309,5725,4,185484,0.0309,0.0971,18017,10,185484,0.0971
416.06,0.0163,981,0,60000,0.0163,0.0110,658,0,60000,0.0110,0.0272,5050,3,185484,0.0272,0.0993,18417,10,185484,0.0993
416.56,0.0006,38,0,60000,0.0006,0.0331,1983,0,60000,0.0331,0.0272,5050,3,185484,0.0272,0.0993,18417,10,185484,0.0993
417.06,0.0006,38,0,60000,0.0006,0.0331,1983,0,60000,0.0331,0.0389,7218,4,185484,0.0389,0.0860,15945,9,185484,0.0860
417.56,0.0006,38,0,60000,0.0006,0.0331,1983,0,60000,0.0331,0.0389,7218,4,185484,0.0389,0.0860,15945,9,185484,0.0860
418.06,0.0006,38,0,60000,0.0006,0.0379,2274,0,60000,0.0379,0.0319,5925,3,185484,0.0319,0.0860,15945,9,185484,0.0860
418.56,0.0136,815,0,60000,0.0136,0.0000,0,0,60000,0.0000,0.0319,5925,3,185484,0.0319,0.1011,18751,9,185484,0.1011
419.06,0.0136,815,0,60000,0.0136,0.0000,0,0,60000,0.0000,0.0157,2910,2,185484,0.0157,0.1011,18751,9,185484,0.1011
419.56,0.0191,1145,0,60000,0.0191,0.0006,36,0,60000,0.0006,0.0157,2910,2,185484,0.0157,0.0956,17723,9,185484,0.0956
420.06,0.0191,1145,0,60000,0.0191,0.0006,36,0,60000,0.0006,0.0128,2377,2,185484,0.0128,0.0956,17723,9,185484,0.0956
420.56,0.0215,1289,0,60000,0.0215,0.0006,36,0,60000,0.0006,0.0128,2377,2,185484,0.0128,0.0931,17277,9,185484,0.0931
421.06,0.0215,1289,0,60000,0.0215,0.0006,36,0,60000,0.0006,0.0211,3914,3,185484,0.0211,0.0931,17277,9,185484,0.0931
421.56,0.0031,188,0,60000,0.0031,0.0006,36,0,60000,0.0006,0.0211,3914,3,185484,0.0211,0.0704,13062,7,185484,0.0704
422.06,0.0197,1180,0,60000,0.0197,0.0006,37,0,60000,0.0006,0.0276,5121,3,185484,0.0276,0.0704,13062,7,185484,0.0704
422.56,0.0009,57,0,60000,0.0009,0.0006,37,0,60000,0.0006,0.0276,5121,3,185484,0.0276,0.1005,18642,8,185484,0.1005
423.06,0.0009,57,0,60000,0.0009,0.0006,37,0,60000,0.0006,0.0284,5277,4,185484,0.0284,0.1005,18642,8,185484,0.1005
423.56,0.0009,57,0,60000,0.0009,0.0408,2446,0,60000,0.0408,0.0284,5277,4,185484,0.0284,0.1026,19028,10,185484,0.1026
424.06,0.0009,57,0,60000,0.0009,0.0408,2446,0,60000,0.0408,0.0383,7100,4,185484,0.0383,0.1026,19028,10,185484,0.1026
424.56,0.0196,1173,0,60000,0.0196,0.0408,2446,0,60000,0.0408,0.0383,7100,4,185484,0.0383,0.1026,19028,10,185484,0.1026
425.06,0.0196,1173,0,60000,0.0196,0.0408,2446,0,60000,0.0408,0.0501,9297,5,185484,0.0501,0.1028,19061,9,185484,0.1028
425.56,0.0196,1173,0,60000,0.0196,0.0408,2446,0,60000,0.0408,0.0501,9297,5,185484,0.0501,0.1028,19061,9,185484,0.1028
426.06,0.0196,1173,0,60000,0.0196,0.0408,2446,0,60000,0.0408,0.0423,7840,4,185484,0.0423,0.0943,17483,8,185484,0.0943
426.56,0.0196,1173,0,60000,0.0196,0.0006,36,0,60000,0.0006,0.0423,7840,4,185484,0.0423,0.0943,17483,8,185484,0.0943
427.06,0.0010,60,0,60000,0.0010,0.0006,36,0,60000,0.0006,0.0485,8989,5,185484,0.0485,0.0960,17803,8,185484,0.0960
427.56,0.0010,60,0,60000,0.0010,0.0006,36,0,60000,0.0006,0.0485,8989,5,185484,0.0485,0.0960,17803,8,185484,0.0960
428.06,0.0010,60,0,60000,0.0010,0.0088,525,0,60000,0.0088,0.0495,9189,5,185484,0.0495,0.0998,18507,9,185484,0.0998
428.56,0.0010,60,0,60000,0.0010,0.0088,525,0,60000,0.0088,0.0495,9189,5,185484,0.0495,0.0998,18507,9,185484,0.0998
429.06,0.0010,60,0,60000,0.0010,0.0096,574,0,60000,0.0096,0.0353,6544,4,185484,0.0353,0.1026,19030,10,185484,0.1026
429.56,0.0010,60,0,60000,0.0010,0.0096,574,0,60000,0.0096,0.0353,6544,4,185484,0.0353,0.1026,19030,10,185484,0.1026
430.06,0.0010,60,0,60000,0.0010,0.0096,574,0,60000,0.0096,0.0361,6704,4,185484,0.0361,0.1026,19030,10,185484,0.1026
430.56,0.0010,60,0,60000,0.0010,0.0096,574,0,60000,0.0096,0.0361,6704,4,185484,0.0361,0.1047,19428,10,185484,0.1047
431.06,0.0010,60,0,60000,0.0010,0.0096,574,0,60000,0.0096,0.0370,6864,4,185484,0.0370,0.1047,19428,10,185484,0.1047
431.56,0.0278,1667,0,60000,0.0278,0.0096,574,0,60000,0.0096,0.0370,6864,4,185484,0.0370,0.0975,18079,9,185484,0.0975
432.06,0.0278,1667,0,60000,0.0278,0.0564,3386,0,60000,0.0564,0.0379,7024,4,185484,0.0379,0.0975,18079,9,185484,0.0975
432.56,0.0278,1667,0,60000,0.0278,0.0564,3386,0,60000,0.0564,0.0379,7024,4,185484,0.0379,0.1148,21299,10,185484,0.1148
433.06,0.0278,1667,0,60000,0.0278,0.0564,3386,0,60000,0.0564,0.0476,8829,5,185484,0.0476,0.1148,21299,10,185484,0.1148
433.56,0.0006,37,0,60000,0.0006,0.0564,3386,0,60000,0.0564,0.0476,8829,5,185484,0.0476,0.1108,20549,10,185484,0.1108
434.06,0.0006,37,0,60000,0.0006,0.0278,1671,0,60000,0.0278,0.0487,9029,5,185484,0.0487,0.1108,20549,10,185484,0.1108
434.56,0.0006,37,0,60000,0.0006,0.0278,1671,0,60000,0.0278,0.0487,9029,5,185484,0.0487,0.1108,20549,10,185484,0.1108
435.06,0.0006,37,0,60000,0.0006,0.0006,36,0,60000,0.0006,0.0504,9350,6,185484,0.0504,0.1225,22729,11,185484,0.1225
435.56,0.0006,37,0,60000,0.0006,0.0006,36,0,60000,0.0006,0.0504,9350,6,185484,0.0504,0.1225,22729,11,185484,0.1225
436.06,0.0006,37,0,60000,0.0006,0.0006,36,0,60000,0.0006,0.0517,9590,6,185484,0.0517,0.0897,16646,10,185484,0.0897
436.56,0.0006,37,0,60000,0.0006,0.0006,36,0,60000,0.0006,0.0517,9590,6,185484,0.0517,0.0897,16646,10,185484,0.0897
437.06,0.0006,37,0,60000,0.0006,0.0006,36,0,60000,0.0006,0.0530,9830,6,185484,0.0530,0.0713,13223,8,185484,0.0713
437.56,0.0006,37,0,60000,0.0006,0.0006,36,0,60000,0.0006,0.0530,9830,6,185484,0.0530,0.0713,13223,8,185484,0.0713
438.06,0.0006,37,0,60000,0.0006,0.0006,36,0,60000,0.0006,0.0543,10070,6,185484,0.0543,0.0690,12799,7,185484,0.0690
438.56,0.0006,36,0,60000,0.0006,0.0006,36,0,60000,0.0006,0.0543,10070,6,185484,0.0543,0.0690,12799,7,185484,0.0690
439.06,0.0006,39,0,60000,0.0006,0.0009,54,0,60000,0.0009,0.0674,12510,7,185484,0.0674,0.0270,5002,5,185484,0.0270
439.56,0.0197,1179,0,60000,0.0197,0.0009,54,0,60000,0.0009,0.0674,12510,7,185484,0.0674,0.0270,5002,5,185484,0.0270
440.06,0.0197,1179,0,60000,0.0197,0.0006,36,0,60000,0.0006,0.0477,8843,7,185484,0.0477,0.0280,5202,5,185484,0.0280
440.56,0.0197,1179,0,60000,0.0197,0.0006,38,0,60000,0.0006,0.0477,8843,7,185484,0.0477,0.0280,5202,5,185484,0.0280
441.06,0.0240,1440,0,60000,0.0240,0.0006,38,0,60000,0.0006,0.0492,9123,7,185484,0.0492,0.0332,6151,6,185484,0.0332
441.56,0.0240,1440,0,60000,0.0240,0.0006,38,0,60000,0.0006,0.0492,9123,7,185484,0.0492,0.0332,6151,6,185484,0.0332
442.06,0.0240,1440,0,60000,0.0240,0.0006,38,0,60000,0.0006,0.0507,9403,7,185484,0.0507,0.0449,8332,7,185484,0.0449
442.56,0.0240,1440,0,60000,0.0240,0.0164,984,0,60000,0.0164,0.0507,9403,7,185484,0.0507,0.0449,8332,7,185484,0.0449
443.06,0.0006,36,0,60000,0.0006,0.0164,984,0,60000,0.0164,0.0507,9403,7,185484,0.0507,0.0464,8612,7,185484,0.0464
443.56,0.0006,36,0,60000,0.0006,0.0164,984,0,60000,0.0164,0.0632,11719,9,185484,0.0632,0.0464,8612,7,185484,0.0464
444.06,0.0006,36,0,60000,0.0006,0.0164,984,0,60000,0.0164,0.0632,11719,9,185484,0.0632,0.0479,8892,7,185484,0.0479
444.56,0.0006,36,0,60000,0.0006,0.0164,984,0,60000,0.0164,0.0651,12079,9,185484,0.0651,0.0479,8892,7,185484,0.0479
445.06,0.0006,36,0,60000,0.0006,0.0164,984,0,60000,0.0164,0.0651,12079,9,185484,0.0651,0.0494,9172,7,185484,0.0494
445.56,0.0006,37,0,60000,0.0006,0.0164,984,0,60000,0.0164,0.0671,12439,9,185484,0.0671,0.0494,9172,7,185484,0.0494
446.06,0.0006,37,0,60000,0.0006,0.0164,984,0,60000,0.0164,0.0671,12439,9,185484,0.0671,0.0349,6475,6,185484,0.0349
446.56,0.0006,37,0,60000,0.0006,0.0164,984,0,60000,0.0164,0.0514,9536,8,185484,0.0514,0.0349,6475,6,185484,0.0349
447.06,0.0006,37,0,60000,0.0006,0.0164,984,0,60000,0.0164,0.0514,9536,8,185484,0.0514,0.0304,5638,5,185484,0.0304
447.56,0.0006,37,0,60000,0.0006,0.0164,984,0,60000,0.0164,0.0529,9816,7,185484,0.0529,0.0304,5638,5,185484,0.0304
448.06,0.0006,37,0,60000,0.0006,0.0293,1759,0,60000,0.0293,0.0529,9816,7,185484,0.0529,0.0315,5838,5,185484,0.0315
448.56,0.0006,37,0,60000,0.0006,0.0293,1759,0,60000,0.0293,0.0430,7973,6,185484,0.0430,0.0315,5838,5,185484,0.0315
449.06,0.0136,815,0,60000,0.0136,0.0293,1759,0,60000,0.0293,0.0430,7973,6,185484,0.0430,0.0539,10003,6,185484,0.0539
449.56,0.0136,815,0,60000,0.0136,0.0006,36,0,60000,0.0006,0.0464,8615,6,185484,0.0464,0.0539,10003,6,185484,0.0539
450.06,0.0136,815,0,60000,0.0136,0.0180,1079,0,60000,0.0180,0.0464,8615,6,185484,0.0464,0.0554,10273,7,185484,0.0554
450.56,0.0136,815,0,60000,0.0136,0.0180,1079,0,60000,0.0180,0.0426,7909,8,185484,0.0426,0.0554,10273,7,185484,0.0554
451.06,0.0181,1087,0,60000,0.0181,0.0180,1079,0,60000,0.0180,0.0426,7909,8,185484,0.0426,0.0427,7916,7,185484,0.0427
451.56,0.0181,1087,0,60000,0.0181,0.0180,1079,0,60000,0.0180,0.0444,8229,8,185484,0.0444,0.0427,7916,7,185484,0.0427
452.06,0.0006,36,0,60000,0.0006,0.0180,1079,0,60000,0.0180,0.0444,8229,8,185484,0.0444,0.0558,10344,8,185484,0.0558
452.56,0.0006,36,0,60000,0.0006,0.0006,36,0,60000,0.0006,0.0295,5467,7,185484,0.0295,0.0558,10344,8,185484,0.0558
453.06,0.0006,36,0,60000,0.0006,0.0006,36,0,60000,0.0006,0.0295,5467,7,185484,0.0295,0.0478,8866,8,185484,0.0478
453.56,0.0006,36,0,60000,0.0006,0.0006,36,0,60000,0.0006,0.0305,5650,6,185484,0.0305,0.0478,8866,8,185484,0.0478
454.06,0.0006,36,0,60000,0.0006,0.0006,36,0,60000,0.0006,0.0305,5650,6,185484,0.0305,0.0446,8277,7,185484,0.0446
454.56,0.0006,36,0,60000,0.0006,0.0006,36,0,60000,0.0006,0.0318,5890,6,185484,0.0318,0.0446,8277,7,185484,0.0446
455.06,0.0006,36,0,60000,0.0006,0.0006,36,0,60000,0.0006,0.0318,5890,6,185484,0.0318,0.0461,8557,7,185484,0.0461
455.56,0.0006,36,0,60000,0.0006,0.0006,36,0,60000,0.0006,0.0330,6130,6,185484,0.0330,0.0461,8557,7,185484,0.0461
456.06,0.0008,48,0,60000,0.0008,0.0006,36,0,60000,0.0006,0.0330,6130,6,185484,0.0330,0.0474,8791,7,185484,0.0474
456.56,0.0008,48,0,60000,0.0008,0.0006,37,0,60000,0.0006,0.0343,6370,6,185484,0.0343,0.0474,8791,7,185484,0.0474
457.06,0.0008,48,0,60000,0.0008,0.0006,37,0,60000,0.0006,0.0343,6370,6,185484,0.0343,0.0542,10051,9,185484,0.0542
457.56,0.0008,48,0,60000,0.0008,0.0006,37,0,60000,0.0006,0.0356,6610,6,185484,0.0356,0.0542,10051,9,185484,0.0542
458.06,0.0008,48,0,60000,0.0008,0.0006,39,0,60000,0.0006,0.0356,6610,6,185484,0.0356,0.0604,11197,9,185484,0.0604
458.56,0.0008,48,0,60000,0.0008,0.0006,39,0,60000,0.0006,0.0328,6091,5,185484,0.0328,0.0604,11197,9,185484,0.0604
459.06,0.0008,48,0,60000,0.0008,0.0006,39,0,60000,0.0006,0.0328,6091,5,185484,0.0328,0.0625,11591,10,185484,0.0625
459.56,0.0008,48,0,60000,0.0008,0.0006,39,0,60000,0.0006,0.0223,4135,4,185484,0.0223,0.0625,11591,10,185484,0.0625
460.06,0.0008,48,0,60000,0.0008,0.0006,39,0,60000,0.0006,0.0223,4135,4,185484,0.0223,0.0625,11591,10,185484,0.0625
460.56,0.0008,48,0,60000,0.0008,0.0006,39,0,60000,0.0006,0.0232,4295,4,185484,0.0232,0.0646,11991,10,185484,0.0646
461.06,0.0008,48,0,60000,0.0008,0.0067,402,0,60000,0.0067,0.0232,4295,4,185484,0.0232,0.0646,11991,10,185484,0.0646
461.56,0.0007,44,0,60000,0.0007,0.0067,402,0,60000,0.0067,0.0178,3294,3,185484,0.0178,0.0709,13160,11,185484,0.0709
462.06,0.0007,44,0,60000,0.0007,0.0067,402,0,60000,0.0067,0.0178,3294,3,185484,0.0178,0.0709,13160,11,185484,0.0709
462.56,0.0007,44,0,60000,0.0007,0.0067,402,0,60000,0.0067,0.0300,5560,4,185484,0.0300,0.0648,12011,10,185484,0.0648
463.06,0.0007,44,0,60000,0.0007,0.0067,402,0,60000,0.0067,0.0300,5560,4,185484,0.0300,0.0648,12011,10,185484,0.0648
463.56,0.0007,44,0,60000,0.0007,0.0067,402,0,60000,0.0067,0.0308,5720,4,185484,0.0308,0.0669,12411,10,185484,0.0669
464.06,0.0007,44,0,60000,0.0007,0.0019,114,0,60000,0.0019,0.0308,5720,4,185484,0.0308,0.0669,12411,10,185484,0.0669
464.56,0.0007,44,0,60000,0.0007,0.0019,114,0,60000,0.0019,0.0244,4520,3,185484,0.0244,0.0573,10620,9,185484,0.0573
465.06,0.0007,44,0,60000,0.0007,0.0123,737,0,60000,0.0123,0.0244,4520,3,185484,0.0244,0.0573,10620,9,185484,0.0573
465.56,0.0007,44,0,60000,0.0007,0.0123,737,0,60000,0.0123,0.0336,6231,3,185484,0.0336,0.0499,9254,8,185484,0.0499
466.06,0.0007,44,0,60000,0.0007,0.0123,737,0,60000,0.0123,0.0336,6231,3,185484,0.0336,0.0499,9254,8,185484,0.0499
466.56,0.0007,44,0,60000,0.0007,0.0123,737,0,60000,0.0123,0.0344,6382,4,185484,0.0344,0.0516,9574,8,185484,0.0516
467.06,0.0239,1432,0,60000,0.0239,0.0123,737,0,60000,0.0123,0.0391,7244,3,185484,0.0391,0.0516,9574,8,185484,0.0516
467.56,0.0799,4791,0,60000,0.0799,0.0123,737,0,60000,0.0123,0.0391,7244,3,185484,0.0391,0.0675,12511,8,185484,0.0675
468.06,0.0799,4791,0,60000,0.0799,0.0123,737,0,60000,0.0123,0.0391,7244,3,185484,0.0391,0.0675,12511,8,185484,0.0675
468.56,0.0799,4791,0,60000,0.0799,0.0123,737,0,60000,0.0123,0.0490,9092,5,185484,0.0490,0.0693,12858,9,185484,0.0693
469.06,0.0799,4791,0,60000,0.0799,0.0123,737,0,60000,0.0123,0.0490,9092,5,185484,0.0490,0.0693,12858,9,185484,0.0693
469.56,0.0799,4791,0,60000,0.0799,0.0123,737,0,60000,0.0123,0.0501,9292,5,185484,0.0501,0.0713,13218,9,185484,0.0713
470.06,0.0799,4791,0,60000,0.0799,0.0010,63,0,60000,0.0010,0.0501,9292,5,185484,0.0501,0.0713,13218,9,185484,0.0713
470.56,0.0025,152,0,60000,0.0025,0.0010,63,0,60000,0.0010,0.0555,10290,6,185484,0.0555,0.0713,13218,9,185484,0.0713
471.06,0.0025,152,0,60000,0.0025,0.0010,63,0,60000,0.0010,0.0555,10290,6,185484,0.0555,0.0678,12577,7,185484,0.0678
471.56,0.0025,152,0,60000,0.0025,0.0010,63,0,60000,0.0010,0.0568,10530,6,185484,0.0568,0.0678,12577,7,185484,0.0678
472.07,0.0025,152,0,60000,0.0025,0.0010,63,0,60000,0.0010,0.0568,10530,6,185484,0.0568,0.0632,11728,7,185484,0.0632
472.57,0.0025,152,0,60000,0.0025,0.0010,63,0,60000,0.0010,0.0581,10770,6,185484,0.0581,0.0632,11728,7,185484,0.0632
473.07,0.0025,152,0,60000,0.0025,0.0008,47,0,60000,0.0008,0.0581,10770,6,185484,0.0581,0.0647,12008,7,185484,0.0647
473.57,0.0015,91,0,60000,0.0015,0.0008,47,0,60000,0.0008,0.0711,13190,6,185484,0.0711,0.0647,12008,7,185484,0.0647
474.07,0.0015,91,0,60000,0.0015,0.0008,47,0,60000,0.0008,0.0711,13190,6,185484,0.0711,0.0597,11076,6,185484,0.0597
474.57,0.0015,91,0,60000,0.0015,0.0126,758,0,60000,0.0126,0.0826,15320,8,185484,0.0826,0.0597,11076,6,185484,0.0597
475.07,0.0015,91,0,60000,0.0015,0.0126,758,0,60000,0.0126,0.0826,15320,8,185484,0.0826,0.0610,11316,6,185484,0.0610
475.57,0.0015,91,0,60000,0.0015,0.0126,758,0,60000,0.0126,0.0845,15672,9,185484,0.0845,0.0610,11316,6,185484,0.0610
476.07,0.0015,91,0,60000,0.0015,0.0126,758,0,60000,0.0126,0.0845,15672,9,185484,0.0845,0.0623,11556,6,185484,0.0623
476.57,0.0160,961,0,60000,0.0160,0.0126,758,0,60000,0.0126,0.0749,13897,8,185484,0.0749,0.0623,11556,6,185484,0.0623
477.07,0.0160,961,0,60000,0.0160,0.0126,758,0,60000,0.0126,0.0749,13897,8,185484,0.0749,0.0610,11317,6,185484,0.0610
477.57,0.0160,961,0,60000,0.0160,0.0126,758,0,60000,0.0126,0.0766,14217,8,185484,0.0766,0.0610,11317,6,185484,0.0610
478.07,0.0160,961,0,60000,0.0160,0.0126,758,0,60000,0.0126,0.0766,14217,8,185484,0.0766,0.0623,11557,6,185484,0.0623
478.57,0.0000,0,0,60000,0.0000,0.0000,0,0,60000,0.0000,0.0784,14537,8,185484,0.0784,0.0623,11557,6,185484,0.0623
479.07,0.0000,0,0,60000,0.0000,0.0155,927,0,60000,0.0155,0.0784,14537,8,185484,0.0784,0.0464,8609,5,185484,0.0464
479.57,0.0000,0,0,60000,0.0000,0.0155,927,0,60000,0.0155,0.0916,16999,9,185484,0.0916,0.0464,8609,5,185484,0.0464
480.07,0.0000,0,0,60000,0.0000,0.0155,927,0,60000,0.0155,0.0916,16999,9,185484,0.0916,0.0474,8786,5,185484,0.0474
480.57,0.0000,0,0,60000,0.0000,0.0155,927,0,60000,0.0155,0.0916,16999,9,185484,0.0916,0.0474,8786,5,185484,0.0474
481.07,0.0354,2125,0,60000,0.0354,0.0155,927,0,60000,0.0155,0.0936,17359,9,185484,0.0936,0.0484,8986,5,185484,0.0484
481.57,0.0354,2125,0,60000,0.0354,0.0155,927,0,60000,0.0155,0.0936,17359,9,185484,0.0936,0.0484,8986,5,185484,0.0484
482.07,0.0354,2125,0,60000,0.0354,0.0155,927,0,60000,0.0155,0.0955,17719,9,185484,0.0955,0.0667,12376,6,185484,0.0667
482.57,0.0006,36,0,60000,0.0006,0.0155,927,0,60000,0.0155,0.0955,17719,9,185484,0.0955,0.0667,12376,6,185484,0.0667
483.07,0.0006,36,0,60000,0.0006,0.0155,927,0,60000,0.0155,0.1070,19853,9,185484,0.1070,0.0680,12616,6,185484,0.0680
483.57,0.0006,36,0,60000,0.0006,0.0155,927,0,60000,0.0155,0.1070,19853,9,185484,0.1070,0.0680,12616,6,185484,0.0680
484.07,0.0006,36,0,60000,0.0006,0.0155,927,0,60000,0.0155,0.0980,18171,9,185484,0.0980,0.0693,12856,6,185484,0.0693
484.57,0.0006,36,0,60000,0.0006,0.0155,927,0,60000,0.0155,0.0980,18171,9,185484,0.0980,0.0693,12856,6,185484,0.0693
485.07,0.0006,36,0,60000,0.0006,0.0155,927,0,60000,0.0155,0.0980,18171,9,185484,0.0980,0.0608,11276,5,185484,0.0608
485.57,0.0006,36,0,60000,0.0006,0.0155,927,0,60000,0.0155,0.0999,18531,9,185484,0.0999,0.0608,11276,5,185484,0.0608
486.07,0.0006,36,0,60000,0.0006,0.0155,927,0,60000,0.0155,0.0999,18531,9,185484,0.0999,0.0619,11476,5,185484,0.0619
486.57,0.0006,36,0,60000,0.0006,0.0155,927,0,60000,0.0155,0.1018,18891,9,185484,0.1018,0.0619,11476,5,185484,0.0619
487.07,0.0244,1461,0,60000,0.0244,0.0006,37,0,60000,0.0006,0.1018,18891,9,185484,0.1018,0.0619,11476,5,185484,0.0619
487.57,0.0244,1461,0,60000,0.0244,0.0131,786,0,60000,0.0131,0.1041,19307,10,185484,0.1041,0.0488,9058,3,185484,0.0488
488.07,0.0244,1461,0,60000,0.0244,0.0131,786,0,60000,0.0131,0.1041,19307,10,185484,0.1041,0.0488,9058,3,185484,0.0488
488.57,0.0244,1461,0,60000,0.0244,0.0131,786,0,60000,0.0131,0.1073,19900,10,185484,0.1073,0.0417,7731,3,185484,0.0417
489.07,0.0244,1461,0,60000,0.0244,0.0006,36,0,60000,0.0006,0.1073,19900,10,185484,0.1073,0.0417,7731,3,185484,0.0417
489.57,0.0244,1461,0,60000,0.0244,0.0006,36,0,60000,0.0006,0.0923,17114,9,185484,0.0923,0.0427,7925,4,185484,0.0427
490.07,0.0244,1461,0,60000,0.0244,0.0006,38,0,60000,0.0006,0.0923,17114,9,185484,0.0923,0.0427,7925,4,185484,0.0427
490.57,0.0244,1461,0,60000,0.0244,0.0532,3194,0,60000,0.0532,0.0923,17114,9,185484,0.0923,0.0436,8085,4,185484,0.0436
491.07,0.0012,72,0,60000,0.0012,0.0532,3194,0,60000,0.0532,0.1196,22186,9,185484,0.1196,0.0436,8085,4,185484,0.0436
491.57,0.0012,72,0,60000,0.0012,0.0532,3194,0,60000,0.0532,0.1196,22186,9,185484,0.1196,0.0536,9944,4,185484,0.0536
492.07,0.0012,72,0,60000,0.0012,0.0532,3194,0,60000,0.0532,0.1107,20524,10,185484,0.1107,0.0536,9944,4,185484,0.0536
492.57,0.0012,72,0,60000,0.0012,0.0532,3194,0,60000,0.0532,0.1107,20524,10,185484,0.1107,0.0546,10132,5,185484,0.0546
493.07,0.0012,72,0,60000,0.0012,0.0006,37,0,60000,0.0006,0.0618,11472,6,185484,0.0618,0.0546,10132,5,185484,0.0546
493.57,0.0012,72,0,60000,0.0012,0.0006,37,0,60000,0.0006,0.0618,11472,6,185484,0.0618,0.0557,10332,5,185484,0.0557
494.07,0.0296,1774,0,60000,0.0296,0.0006,37,0,60000,0.0006,0.0634,11759,7,185484,0.0634,0.0557,10332,5,185484,0.0557
494.57,0.0296,1774,0,60000,0.0296,0.0006,37,0,60000,0.0006,0.0634,11759,7,185484,0.0634,0.0680,12617,5,185484,0.0680
495.07,0.0296,1774,0,60000,0.0296,0.0006,37,0,60000,0.0006,0.0649,12039,7,185484,0.0649,0.0680,12617,5,185484,0.0680
495.57,0.0296,1774,0,60000,0.0296,0.0006,37,0,60000,0.0006,0.0649,12039,7,185484,0.0649,0.0693,12853,6,185484,0.0693
496.07,0.0059,351,0,60000,0.0059,0.0490,2938,0,60000,0.0490,0.0806,14954,7,185484,0.0806,0.0693,12853,6,185484,0.0693
496.57,0.0059,351,0,60000,0.0059,0.0490,2938,0,60000,0.0490,0.0806,14954,7,185484,0.0806,0.1006,18664,7,185484,0.1006
497.07,0.0059,351,0,60000,0.0059,0.0490,2938,0,60000,0.0490,0.0800,14840,7,185484,0.0800,0.1006,18664,7,185484,0.1006
497.57,0.0059,351,0,60000,0.0059,0.0490,2938,0,60000,0.0490,0.0800,14840,7,185484,0.0800,0.1023,18983,8,185484,0.1023
498.07,0.0059,351,0,60000,0.0059,0.0490,2938,0,60000,0.0490,0.0716,13282,6,185484,0.0716,0.1023,18983,8,185484,0.1023
498.57,0.0059,351,0,60000,0.0059,0.0490,2938,0,60000,0.0490,0.0716,13282,6,185484,0.0716,0.1041,19303,8,185484,0.1041
499.07,0.0059,351,0,60000,0.0059,0.0490,2938,0,60000,0.0490,0.0716,13282,6,185484,0.0716,0.1041,19303,8,185484,0.1041
499.57,0.0059,351,0,60000,0.0059,0.0490,2938,0,60000,0.0490,0.0729,13522,6,185484,0.0729,0.0923,17120,7,185484,0.0923
500.07,0.0059,351,0,60000,0.0059,0.0008,49,0,60000,0.0008,0.0729,13522,6,185484,0.0729,0.0923,17120,7,185484,0.0923
500.57,0.0059,351,0,60000,0.0059,0.0132,789,0,60000,0.0132,0.0742,13762,6,185484,0.0742,0.1061,19679,8,185484,0.1061
501.07,0.0059,351,0,60000,0.0059,0.0132,789,0,60000,0.0132,0.0742,13762,6,185484,0.0742,0.1061,19679,8,185484,0.1061
501.57,0.0059,351,0,60000,0.0059,0.0132,789,0,60000,0.0132,0.0755,14002,6,185484,0.0755,0.1061,19679,8,185484,0.1061
502.07,0.0059,351,0,60000,0.0059,0.0286,1719,0,60000,0.0286,0.0755,14002,6,185484,0.0755,0.0931,17275,8,185484,0.0931
502.57,0.0059,351,0,60000,0.0059,0.0286,1719,0,60000,0.0286,0.0904,16768,7,185484,0.0904,0.0931,17275,8,185484,0.0931
503.07,0.0059,351,0,60000,0.0059,0.0286,1719,0,60000,0.0286,0.0904,16768,7,185484,0.0904,0.0819,15194,7,185484,0.0819
503.57,0.0059,351,0,60000,0.0059,0.0286,1719,0,60000,0.0286,0.0919,17048,7,185484,0.0919,0.0819,15194,7,185484,0.0819
504.07,0.0059,351,0,60000,0.0059,0.0286,1719,0,60000,0.0286,0.0919,17048,7,185484,0.0919,0.0834,15474,7,185484,0.0834
504.57,0.0059,351,0,60000,0.0059,0.0286,1719,0,60000,0.0286,0.0769,14266,6,185484,0.0769,0.0834,15474,7,185484,0.0834
505.07,0.0059,351,0,60000,0.0059,0.0032,191,0,60000,0.0032,0.0769,14266,6,185484,0.0769,0.0730,13547,6,185484,0.0730
505.57,0.0059,351,0,60000,0.0059,0.0032,191,0,60000,0.0032,0.0936,17359,7,185484,0.0936,0.0730,13547,6,185484,0.0730
506.07,0.0059,351,0,60000,0.0059,0.0192,1149,0,60000,0.0192,0.0936,17359,7,185484,0.0936,0.0873,16202,6,185484,0.0873
506.57,0.0059,351,0,60000,0.0059,0.0192,1149,0,60000,0.0192,0.0951,17639,7,185484,0.0951,0.0873,16202,6,185484,0.0873
507.07,0.0283,1699,0,60000,0.0283,0.0353,2118,0,60000,0.0353,0.0951,17639,7,185484,0.0951,0.0888,16479,7,185484,0.0888
507.57,0.0283,1699,0,60000,0.0283,0.0353,2118,0,60000,0.0353,0.0951,17639,7,185484,0.0951,0.0888,16479,7,185484,0.0888
508.07,0.0283,1699,0,60000,0.0283,0.0353,2118,0,60000,0.0353,0.1250,23187,9,185484,0.1250,0.0904,16759,7,185484,0.0904
508.57,0.0283,1699,0,60000,0.0283,0.0353,2118,0,60000,0.0353,0.1250,23187,9,185484,0.1250,0.0904,16759,7,185484,0.0904
509.07,0.0283,1699,0,60000,0.0283,0.0353,2118,0,60000,0.0353,0.1127,20908,8,185484,0.1127,0.0691,12809,6,185484,0.0691
509.57,0.0283,1699,0,60000,0.0283,0.0353,2118,0,60000,0.0353,0.1127,20908,8,185484,0.1127,0.0691,12809,6,185484,0.0691
510.07,0.0283,1699,0,60000,0.0283,0.0353,2118,0,60000,0.0353,0.0896,16614,6,185484,0.0896,0.0691,12809,6,185484,0.0691
510.57,0.0283,1699,0,60000,0.0283,0.0353,2118,0,60000,0.0353,0.0896,16614,6,185484,0.0896,0.0704,13049,6,185484,0.0704
511.07,0.0283,1699,0,60000,0.0283,0.0006,37,0,60000,0.0006,0.0916,16989,6,185484,0.0916,0.0704,13049,6,185484,0.0704
511.57,0.0009,55,0,60000,0.0009,0.0691,4144,0,60000,0.0691,0.0916,16989,6,185484,0.0916,0.0528,9785,5,185484,0.0528
512.07,0.0009,55,0,60000,0.0009,0.0691,4144,0,60000,0.0691,0.1158,21486,7,185484,0.1158,0.0528,9785,5,185484,0.0528
512.57,0.0009,55,0,60000,0.0009,0.0543,3259,0,60000,0.0543,0.1158,21486,7,185484,0.1158,0.0682,12644,6,185484,0.0682
513.07,0.0009,55,0,60000,0.0009,0.0656,3936,0,60000,0.0656,0.1158,21486,7,185484,0.1158,0.0682,12644,6,185484,0.0682
513.57,0.0009,55,0,60000,0.0009,0.0656,3936,0,60000,0.0656,0.1266,23487,9,185484,0.1266,0.0734,13621,7,185484,0.0734
514.07,0.0009,55,0,60000,0.0009,0.0656,3936,0,60000,0.0656,0.1266,23487,9,185484,0.1266,0.0734,13621,7,185484,0.0734
514.57,0.0009,55,0,60000,0.0009,0.0656,3936,0,60000,0.0656,0.1286,23847,9,185484,0.1286,0.0749,13901,7,185484,0.0749
515.07,0.0009,55,0,60000,0.0009,0.0656,3936,0,60000,0.0656,0.1286,23847,9,185484,0.1286,0.0749,13901,7,185484,0.0749
515.57,0.0009,55,0,60000,0.0009,0.0656,3936,0,60000,0.0656,0.1305,24207,9,185484,0.1305,0.0765,14181,7,185484,0.0765
516.07,0.0009,55,0,60000,0.0009,0.0656,3936,0,60000,0.0656,0.1305,24207,9,185484,0.1305,0.0765,14181,7,185484,0.0765
516.57,0.0009,55,0,60000,0.0009,0.0656,3936,0,60000,0.0656,0.1324,24567,9,185484,0.1324,0.0720,13347,6,185484,0.0720
517.07,0.0009,55,0,60000,0.0009,0.0656,3936,0,60000,0.0656,0.1324,24567,9,185484,0.1324,0.0720,13347,6,185484,0.0720
517.57,0.0009,55,0,60000,0.0009,0.0656,3936,0,60000,0.0656,0.1324,24567,9,185484,0.1324,0.0733,13587,6,185484,0.0733
518.07,0.0009,55,0,60000,0.0009,0.0656,3936,0,60000,0.0656,0.1344,24927,9,185484,0.1344,0.0733,13587,6,185484,0.0733
518.57,0.0009,55,0,60000,0.0009,0.0656,3936,0,60000,0.0656,0.1344,24927,9,185484,0.1344,0.0745,13827,6,185484,0.0745
519.07,0.0009,55,0,60000,0.0009,0.0012,70,0,60000,0.0012,0.1363,25287,9,185484,0.1363,0.0745,13827,6,185484,0.0745
519.57,0.0006,36,0,60000,0.0006,0.0012,70,0,60000,0.0012,0.1363,25287,9,185484,0.1363,0.0661,12260,6,185484,0.0661
520.07,0.0006,36,0,60000,0.0006,0.0012,70,0,60000,0.0012,0.1418,26305,10,185484,0.1418,0.0661,12260,6,185484,0.0661
520.57,0.0006,36,0,60000,0.0006,0.0012,70,0,60000,0.0012,0.1418,26305,10,185484,0.1418,0.0661,12260,6,185484,0.0661
521.07,0.0006,36,0,60000,0.0006,0.0012,70,0,60000,0.0012,0.1418,26305,10,185484,0.1418,0.0483,8954,5,185484,0.0483
521.57,0.0006,36,0,60000,0.0006,0.0012,70,0,60000,0.0012,0.1269,23529,9,185484,0.1269,0.0483,8954,5,185484,0.0483
522.07,0.0006,36,0,60000,0.0006,0.0012,70,0,60000,0.0012,0.1269,23529,9,185484,0.1269,0.0426,7901,4,185484,0.0426
522.57,0.0006,36,0,60000,0.0006,0.0012,70,0,60000,0.0012,0.1286,23849,8,185484,0.1286,0.0426,7901,4,185484,0.0426
523.07,0.0006,36,0,60000,0.0006,0.0012,70,0,60000,0.0012,0.1286,23849,8,185484,0.1286,0.0435,8061,4,185484,0.0435
523.57,0.0006,36,0,60000,0.0006,0.0265,1591,0,60000,0.0265,0.1277,23687,7,185484,0.1277,0.0435,8061,4,185484,0.0435
524.07,0.0006,36,0,60000,0.0006,0.0613,3680,0,60000,0.0613,0.1277,23687,7,185484,0.1277,0.0635,11769,4,185484,0.0635
524.57,0.0450,2701,0,60000,0.0450,0.0613,3680,0,60000,0.0613,0.0758,14051,6,185484,0.0758,0.0635,11769,4,185484,0.0635
525.07,0.0450,2701,0,60000,0.0450,0.0613,3680,0,60000,0.0613,0.0758,14051,6,185484,0.0758,0.0789,14629,4,185484,0.0789
525.57,0.0450,2701,0,60000,0.0450,0.0613,3680,0,60000,0.0613,0.0840,15587,7,185484,0.0840,0.0789,14629,4,185484,0.0789
526.07,0.0450,2701,0,60000,0.0450,0.0017,101,0,60000,0.0017,0.0840,15587,7,185484,0.0840,0.0797,14789,4,185484,0.0797
526.57,0.0366,2197,0,60000,0.0366,0.0017,101,0,60000,0.0017,0.0840,15587,7,185484,0.0840,0.0797,14789,4,185484,0.0797
527.07,0.0366,2197,0,60000,0.0366,0.0017,101,0,60000,0.0017,0.0883,16375,8,185484,0.0883,0.0999,18533,6,185484,0.0999
527.57,0.0864,5183,0,60000,0.0864,0.0017,101,0,60000,0.0017,0.0883,16375,8,185484,0.0883,0.0999,18533,6,185484,0.0999
528.07,0.0864,5183,0,60000,0.0864,0.0017,101,0,60000,0.0017,0.1101,20417,8,185484,0.1101,0.0858,15913,5,185484,0.0858
528.57,0.0864,5183,0,60000,0.0864,0.0017,101,0,60000,0.0017,0.1101,20417,8,185484,0.1101,0.0858,15913,5,185484,0.0858
529.07,0.0864,5183,0,60000,0.0864,0.0006,36,0,60000,0.0006,0.0883,16375,8,185484,0.0883,0.0869,16113,5,185484,0.0869
529.57,0.0864,5183,0,60000,0.0864,0.0006,36,0,60000,0.0006,0.0883,16375,8,185484,0.0883,0.0869,16113,5,185484,0.0869
530.07,0.0864,5183,0,60000,0.0864,0.0006,36,0,60000,0.0006,0.0902,16735,9,185484,0.0902,0.0879,16313,5,185484,0.0879
530.57,0.0864,5183,0,60000,0.0864,0.0304,1826,0,60000,0.0304,0.0902,16735,9,185484,0.0902,0.0879,16313,5,185484,0.0879
531.07,0.0864,5183,0,60000,0.0864,0.0304,1826,0,60000,0.0304,0.1077,19985,10,185484,0.1077,0.0892,16549,6,185484,0.0892
531.57,0.0864,5183,0,60000,0.0864,0.0304,1826,0,60000,0.0304,0.1077,19985,10,185484,0.1077,0.0892,16549,6,185484,0.0892
532.07,0.0864,5183,0,60000,0.0864,0.0304,1826,0,60000,0.0304,0.1077,19985,10,185484,0.1077,0.0905,16789,6,185484,0.0905
532.57,0.0864,5183,0,60000,0.0864,0.0304,1826,0,60000,0.0304,0.1099,20385,10,185484,0.1099,0.0905,16789,6,185484,0.0905
533.07,0.0864,5183,0,60000,0.0864,0.0304,1826,0,60000,0.0304,0.1099,20385,10,185484,0.1099,0.0918,17029,6,185484,0.0918
533.57,0.0864,5183,0,60000,0.0864,0.0304,1826,0,60000,0.0304,0.1121,20785,10,185484,0.1121,0.0918,17029,6,185484,0.0918
534.07,0.0864,5183,0,60000,0.0864,0.0304,1826,0,60000,0.0304,0.1121,20785,10,185484,0.1121,0.0918,17029,6,185484,0.0918
534.57,0.0864,5183,0,60000,0.0864,0.0304,1826,0,60000,0.0304,0.1142,21185,10,185484,0.1142,0.0931,17269,6,185484,0.0931
535.07,0.0864,5183,0,60000,0.0864,0.0006,36,0,60000,0.0006,0.1142,21185,10,185484,0.1142,0.0931,17269,6,185484,0.0931
535.57,0.0864,5183,0,60000,0.0864,0.0006,36,0,60000,0.0006,0.1110,20588,10,185484,0.1110,0.0780,14460,5,185484,0.0780
536.07,0.0006,36,0,60000,0.0006,0.0006,36,0,60000,0.0006,0.1110,20588,10,185484,0.1110,0.0780,14460,5,185484,0.0780
536.57,0.0006,36,0,60000,0.0006,0.0006,36,0,60000,0.0006,0.0938,17399,10,185484,0.0938,0.0703,13043,4,185484,0.0703
537.07,0.0006,36,0,60000,0.0006,0.0006,36,0,60000,0.0006,0.0938,17399,10,185484,0.0938,0.0703,13043,4,185484,0.0703
537.57,0.0006,36,0,60000,0.0006,0.0006,36,0,60000,0.0006,0.0938,17399,10,185484,0.0938,0.0712,13203,4,185484,0.0712
538.07,0.0106,639,0,60000,0.0106,0.0006,36,0,60000,0.0006,0.1026,19031,10,185484,0.1026,0.0712,13203,4,185484,0.0712
538.57,0.0000,0,0,60000,0.0000,0.0121,728,0,60000,0.0121,0.1026,19031,10,185484,0.1026,0.0621,11518,3,185484,0.0621
539.07,0.0000,0,0,60000,0.0000,0.0270,1622,0,60000,0.0270,0.1136,21077,11,185484,0.1136,0.0621,11518,3,185484,0.0621
539.57,0.0006,36,0,60000,0.0006,0.0270,1622,0,60000,0.0270,0.1136,21077,11,185484,0.1136,0.0432,8022,3,185484,0.0432
540.07,0.0006,36,0,60000,0.0006,0.0270,1622,0,60000,0.0270,0.0995,18457,12,185484,0.0995,0.0432,8022,3,185484,0.0432
540.57,0.0006,36,0,60000,0.0006,0.0270,1622,0,60000,0.0270,0.0995,18457,12,185484,0.0995,0.0439,8142,3,185484,0.0439
541.07,0.0006,36,0,60000,0.0006,0.0006,36,0,60000,0.0006,0.0743,13785,12,185484,0.0743,0.0439,8142,3,185484,0.0439
541.57,0.0006,36,0,60000,0.0006,0.0185,1110,0,60000,0.0185,0.0743,13785,12,185484,0.0743,0.0445,8262,3,185484,0.0445
542.07,0.0006,36,0,60000,0.0006,0.0185,1110,0,60000,0.0185,0.0783,14530,11,185484,0.0783,0.0445,8262,3,185484,0.0445
542.57,0.0006,36,0,60000,0.0006,0.0185,1110,0,60000,0.0185,0.0783,14530,11,185484,0.0783,0.0452,8382,3,185484,0.0452
543.07,0.0006,36,0,60000,0.0006,0.0185,1110,0,60000,0.0185,0.0783,14530,11,185484,0.0783,0.0452,8382,3,185484,0.0452
543.57,0.0006,36,0,60000,0.0006,0.0185,1110,0,60000,0.0185,0.0703,13034,10,185484,0.0703,0.0458,8502,3,185484,0.0458
544.07,0.0006,36,0,60000,0.0006,0.0034,206,0,60000,0.0034,0.0703,13034,10,185484,0.0703,0.0458,8502,3,185484,0.0458
544.57,0.0006,36,0,60000,0.0006,0.0034,206,0,60000,0.0034,0.0724,13434,10,185484,0.0724,0.0491,9103,4,185484,0.0491
545.08,0.0006,36,0,60000,0.0006,0.0085,508,0,60000,0.0085,0.0724,13434,10,185484,0.0724,0.0491,9103,4,185484,0.0491
545.58,0.0006,36,0,60000,0.0006,0.0321,1923,0,60000,0.0321,0.0913,16930,11,185484,0.0913,0.0499,9263,4,185484,0.0499
546.08,0.0006,36,0,60000,0.0006,0.0321,1923,0,60000,0.0321,0.0913,16930,11,185484,0.0913,0.0499,9263,4,185484,0.0499
546.58,0.0006,36,0,60000,0.0006,0.0321,1923,0,60000,0.0321,0.0895,16595,12,185484,0.0895,0.0284,5265,3,185484,0.0284
547.08,0.0006,36,0,60000,0.0006,0.0321,1923,0,60000,0.0321,0.0895,16595,12,185484,0.0895,0.0284,5265,3,185484,0.0284
547.58,0.0006,36,0,60000,0.0006,0.0321,1923,0,60000,0.0321,0.0921,17075,12,185484,0.0921,0.0290,5385,3,185484,0.0290
548.08,0.0006,36,0,60000,0.0006,0.0321,1923,0,60000,0.0321,0.0921,17075,12,185484,0.0921,0.0290,5385,3,185484,0.0290
548.58,0.0006,36,0,60000,0.0006,0.0321,1923,0,60000,0.0321,0.0903,16748,11,185484,0.0903,0.0297,5505,3,185484,0.0297
549.08,0.0006,36,0,60000,0.0006,0.0321,1923,0,60000,0.0321,0.0903,16748,11,185484,0.0903,0.0297,5505,3,185484,0.0297
549.58,0.0006,36,0,60000,0.0006,0.0321,1923,0,60000,0.0321,0.0903,16748,11,185484,0.0903,0.0352,6530,4,185484,0.0352
550.08,0.0006,36,0,60000,0.0006,0.0321,1923,0,60000,0.0321,0.0902,16730,10,185484,0.0902,0.0352,6530,4,185484,0.0352
550.58,0.0006,36,0,60000,0.0006,0.0321,1923,0,60000,0.0321,0.0902,16730,10,185484,0.0902,0.0361,6690,4,185484,0.0361
551.08,0.0006,36,0,60000,0.0006,0.0321,1923,0,60000,0.0321,0.0924,17130,10,185484,0.0924,0.0361,6690,4,185484,0.0361
551.58,0.0006,36,0,60000,0.0006,0.0321,1923,0,60000,0.0321,0.0924,17130,10,185484,0.0924,0.0369,6850,4,185484,0.0369
552.08,0.0006,36,0,60000,0.0006,0.0006,38,0,60000,0.0006,0.0978,18141,10,185484,0.0978,0.0369,6850,4,185484,0.0369
552.58,0.0006,36,0,60000,0.0006,0.0006,36,0,60000,0.0006,0.0978,18141,10,185484,0.0978,0.0102,1892,3,185484,0.0102
553.08,0.0006,36,0,60000,0.0006,0.0006,36,0,60000,0.0006,0.1027,19053,11,185484,0.1027,0.0102,1892,3,185484,0.0102
553.58,0.0006,36,0,60000,0.0006,0.0006,36,0,60000,0.0006,0.1027,19053,11,185484,0.1027,0.0108,2012,3,185484,0.0108
554.08,0.0006,36,0,60000,0.0006,0.0006,37,0,60000,0.0006,0.0698,12953,10,185484,0.0698,0.0108,2012,3,185484,0.0108
554.58,0.0006,36,0,60000,0.0006,0.0006,37,0,60000,0.0006,0.0698,12953,10,185484,0.0698,0.0115,2132,3,185484,0.0115
555.08,0.0006,36,0,60000,0.0006,0.0009,54,0,60000,0.0009,0.0698,12953,10,185484,0.0698,0.0115,2132,3,185484,0.0115
555.58,0.0006,36,0,60000,0.0006,0.0009,54,0,60000,0.0009,0.0671,12437,9,185484,0.0671,0.0043,791,2,185484,0.0043
556.08,0.0006,36,0,60000,0.0006,0.0009,54,0,60000,0.0009,0.0671,12437,9,185484,0.0671,0.0047,871,2,185484,0.0047
556.58,0.0006,36,0,60000,0.0006,0.0009,54,0,60000,0.0009,0.0690,12797,9,185484,0.0690,0.0047,871,2,185484,0.0047
557.08,0.0006,36,0,60000,0.0006,0.0082,493,0,60000,0.0082,0.0690,12797,9,185484,0.0690,0.0051,951,2,185484,0.0051
557.58,0.0006,36,0,60000,0.0006,0.0079,474,0,60000,0.0079,0.0740,13730,10,185484,0.0740,0.0051,951,2,185484,0.0051
558.08,0.0530,3180,0,60000,0.0530,0.0079,474,0,60000,0.0079,0.0740,13730,10,185484,0.0740,0.0232,4310,2,185484,0.0232
558.58,0.0530,3180,0,60000,0.0530,0.0079,474,0,60000,0.0079,0.0653,12117,9,185484,0.0653,0.0232,4310,2,185484,0.0232
559.08,0.0530,3180,0,60000,0.0530,0.0079,474,0,60000,0.0079,0.0653,12117,9,185484,0.0653,0.0240,4454,4,185484,0.0240
559.58,0.0530,3180,0,60000,0.0530,0.0079,474,0,60000,0.0079,0.0673,12477,9,185484,0.0673,0.0240,4454,4,185484,0.0240
560.08,0.0530,3180,0,60000,0.0530,0.0079,474,0,60000,0.0079,0.0673,12477,9,185484,0.0673,0.0249,4614,4,185484,0.0249
560.58,0.0530,3180,0,60000,0.0530,0.0010,61,0,60000,0.0010,0.0692,12837,9,185484,0.0692,0.0249,4614,4,185484,0.0249
561.08,0.0396,2373,0,60000,0.0396,0.0010,61,0,60000,0.0010,0.0692,12837,9,185484,0.0692,0.0298,5523,5,185484,0.0298
561.58,0.0396,2373,0,60000,0.0396,0.0010,61,0,60000,0.0010,0.0851,15787,10,185484,0.0851,0.0298,5523,5,185484,0.0298
562.08,0.0006,36,0,60000,0.0006,0.0010,61,0,60000,0.0010,0.0851,15787,10,185484,0.0851,0.0235,4350,4,185484,0.0235
562.58,0.0006,36,0,60000,0.0006,0.0010,61,0,60000,0.0010,0.0775,14374,9,185484,0.0775,0.0235,4350,4,185484,0.0235
563.08,0.0006,36,0,60000,0.0006,0.0010,61,0,60000,0.0010,0.0775,14374,9,185484,0.0775,0.0261,4838,5,185484,0.0261
563.58,0.0006,36,0,60000,0.0006,0.0010,61,0,60000,0.0010,0.0775,14374,9,185484,0.0775,0.0261,4838,5,185484,0.0261
564.08,0.0006,36,0,60000,0.0006,0.0015,92,0,60000,0.0015,0.0676,12547,8,185484,0.0676,0.0272,5038,5,185484,0.0272
564.58,0.0006,36,0,60000,0.0006,0.0015,92,0,60000,0.0015,0.0676,12547,8,185484,0.0676,0.0272,5038,5,185484,0.0272
565.08,0.0205,1229,0,60000,0.0205,0.0015,92,0,60000,0.0015,0.0694,12867,8,185484,0.0694,0.0307,5688,5,185484,0.0307
565.58,0.0205,1229,0,60000,0.0205,0.0015,92,0,60000,0.0015,0.0694,12867,8,185484,0.0694,0.0307,5688,5,185484,0.0307
566.08,0.0205,1229,0,60000,0.0205,0.0015,92,0,60000,0.0015,0.0788,14623,9,185484,0.0788,0.0317,5888,5,185484,0.0317
566.58,0.0205,1229,0,60000,0.0205,0.0015,92,0,60000,0.0015,0.0788,14623,9,185484,0.0788,0.0317,5888,5,185484,0.0317
567.08,0.0205,1229,0,60000,0.0205,0.0006,36,0,60000,0.0006,0.0945,17537,9,185484,0.0945,0.0328,6088,5,185484,0.0328
567.58,0.0006,38,0,60000,0.0006,0.0006,36,0,60000,0.0006,0.0945,17537,9,185484,0.0945,0.0328,6088,5,185484,0.0328
568.08,0.0006,38,0,60000,0.0006,0.0006,36,0,60000,0.0006,0.0928,17214,9,185484,0.0928,0.0371,6883,6,185484,0.0371
568.58,0.0006,38,0,60000,0.0006,0.0006,36,0,60000,0.0006,0.0928,17214,9,185484,0.0928,0.0371,6883,6,185484,0.0371
569.08,0.0006,38,0,60000,0.0006,0.0006,36,0,60000,0.0006,0.0792,14693,8,185484,0.0792,0.0326,6054,5,185484,0.0326
569.58,0.0006,38,0,60000,0.0006,0.0006,36,0,60000,0.0006,0.0792,14693,8,185484,0.0792,0.0326,6054,5,185484,0.0326
570.08,0.0006,38,0,60000,0.0006,0.0006,36,0,60000,0.0006,0.0809,15013,8,185484,0.0809,0.0337,6254,5,185484,0.0337
570.58,0.0006,38,0,60000,0.0006,0.0030,179,0,60000,0.0030,0.0809,15013,8,185484,0.0809,0.0337,6254,5,185484,0.0337
571.08,0.0006,38,0,60000,0.0006,0.0030,179,0,60000,0.0030,0.0809,15013,8,185484,0.0809,0.0386,7168,6,185484,0.0386
571.58,0.0099,596,0,60000,0.0099,0.0310,1861,0,60000,0.0310,0.0827,15333,8,185484,0.0827,0.0386,7168,6,185484,0.0386
572.08,0.0099,596,0,60000,0.0099,0.0310,1861,0,60000,0.0310,0.0827,15333,8,185484,0.0827,0.0399,7408,6,185484,0.0399
572.58,0.0099,596,0,60000,0.0099,0.0310,1861,0,60000,0.0310,0.0928,17221,8,185484,0.0928,0.0399,7408,6,185484,0.0399
573.08,0.0099,596,0,60000,0.0099,0.0310,1861,0,60000,0.0310,0.0928,17221,8,185484,0.0928,0.0412,7648,6,185484,0.0412
573.58,0.0099,596,0,60000,0.0099,0.0310,1861,0,60000,0.0310,0.0694,12874,6,185484,0.0694,0.0412,7648,6,185484,0.0412
574.08,0.0099,596,0,60000,0.0099,0.0310,1861,0,60000,0.0310,0.0694,12874,6,185484,0.0694,0.0425,7888,6,185484,0.0425
574.58,0.0099,596,0,60000,0.0099,0.0152,914,0,60000,0.0152,0.0707,13114,6,185484,0.0707,0.0425,7888,6,185484,0.0425
575.08,0.0006,39,0,60000,0.0006,0.0152,914,0,60000,0.0152,0.0707,13114,6,185484,0.0707,0.0570,10577,7,185484,0.0570
575.58,0.0006,39,0,60000,0.0006,0.0152,914,0,60000,0.0152,0.0720,13354,6,185484,0.0720,0.0570,10577,7,185484,0.0570
576.08,0.0006,39,0,60000,0.0006,0.0152,914,0,60000,0.0152,0.0720,13354,6,185484,0.0720,0.0587,10891,8,185484,0.0587
576.58,0.0212,1271,0,60000,0.0212,0.0006,36,0,60000,0.0006,0.0643,11935,5,185484,0.0643,0.0587,10891,8,185484,0.0587
577.08,0.0212,1271,0,60000,0.0212,0.0006,36,0,60000,0.0006,0.0643,11935,5,185484,0.0643,0.0883,16374,10,185484,0.0883
577.58,0.0212,1271,0,60000,0.0212,0.0006,36,0,60000,0.0006,0.0654,12135,5,185484,0.0654,0.0883,16374,10,185484,0.0883
578.08,0.0212,1271,0,60000,0.0212,0.0006,36,0,60000,0.0006,0.0654,12135,5,185484,0.0654,0.0904,16774,10,185484,0.0904
578.58,0.0212,1271,0,60000,0.0212,0.0006,36,0,60000,0.0006,0.0563,10442,4,185484,0.0563,0.0904,16774,10,185484,0.0904
579.08,0.0212,1271,0,60000,0.0212,0.0092,554,0,60000,0.0092,0.0563,10442,4,185484,0.0563,0.0963,17859,9,185484,0.0963
579.58,0.0212,1271,0,60000,0.0212,0.0092,554,0,60000,0.0092,0.0572,10602,4,185484,0.0572,0.0963,17859,9,185484,0.0963
580.08,0.0212,1271,0,60000,0.0212,0.0092,554,0,60000,0.0092,0.0572,10602,4,185484,0.0572,0.0963,17859,9,185484,0.0963
580.58,0.0212,1271,0,60000,0.0212,0.0092,554,0,60000,0.0092,0.0580,10762,4,185484,0.0580,0.0984,18255,10,185484,0.0984
581.08,0.0212,1271,0,60000,0.0212,0.0092,554,0,60000,0.0092,0.0580,10762,4,185484,0.0580,0.0984,18255,10,185484,0.0984
581.58,0.0144,862,0,60000,0.0144,0.0006,36,0,60000,0.0006,0.0622,11528,4,185484,0.0622,0.0890,16504,9,185484,0.0890
582.08,0.0049,294,0,60000,0.0049,0.0006,36,0,60000,0.0006,0.0622,11528,4,185484,0.0622,0.0890,16504,9,185484,0.0890
582.58,0.0049,294,0,60000,0.0049,0.0006,36,0,60000,0.0006,0.0632,11722,5,185484,0.0632,0.0775,14369,8,185484,0.0775
583.08,0.0049,294,0,60000,0.0049,0.0006,36,0,60000,0.0006,0.0632,11722,5,185484,0.0632,0.0775,14369,8,185484,0.0775
583.58,0.0049,294,0,60000,0.0049,0.0011,69,0,60000,0.0011,0.0471,8734,4,185484,0.0471,0.0826,15328,8,185484,0.0826
584.08,0.0049,294,0,60000,0.0049,0.0011,69,0,60000,0.0011,0.0471,8734,4,185484,0.0471,0.0826,15328,8,185484,0.0826
584.58,0.0006,36,0,60000,0.0006,0.0124,743,0,60000,0.0124,0.0471,8734,4,185484,0.0471,0.0824,15287,9,185484,0.0824
585.08,0.0006,36,0,60000,0.0006,0.0124,743,0,60000,0.0124,0.0558,10358,5,185484,0.0558,0.0824,15287,9,185484,0.0824
585.58,0.0006,36,0,60000,0.0006,0.0124,743,0,60000,0.0124,0.0558,10358,5,185484,0.0558,0.0937,17371,10,185484,0.0937
586.08,0.0006,36,0,60000,0.0006,0.0124,743,0,60000,0.0124,0.0569,10558,5,185484,0.0569,0.0937,17371,10,185484,0.0937
586.58,0.0006,36,0,60000,0.0006,0.0124,743,0,60000,0.0124,0.0569,10558,5,185484,0.0569,0.0937,17371,10,185484,0.0937
587.08,0.0006,36,0,60000,0.0006,0.0081,484,0,60000,0.0081,0.0580,10758,5,185484,0.0580,0.0958,17771,10,185484,0.0958
587.58,0.0006,36,0,60000,0.0006,0.0081,484,0,60000,0.0081,0.0580,10758,5,185484,0.0580,0.0958,17771,10,185484,0.0958
588.08,0.0006,36,0,60000,0.0006,0.0081,484,0,60000,0.0081,0.0542,10059,5,185484,0.0542,0.0980,18171,10,185484,0.0980
588.58,0.0006,36,0,60000,0.0006,0.0081,484,0,60000,0.0081,0.0542,10059,5,185484,0.0542,0.0980,18171,10,185484,0.0980
589.08,0.0006,36,0,60000,0.0006,0.0081,484,0,60000,0.0081,0.0553,10259,5,185484,0.0553,0.0926,17177,9,185484,0.0926
589.58,0.0006,36,0,60000,0.0006,0.0081,484,0,60000,0.0081,0.0553,10259,5,185484,0.0553,0.0926,17177,9,185484,0.0926
590.08,0.0006,36,0,60000,0.0006,0.0081,484,0,60000,0.0081,0.0379,7038,4,185484,0.0379,0.1134,21033,9,185484,0.1134
590.58,0.0006,36,0,60000,0.0006,0.0081,484,0,60000,0.0081,0.0379,7038,4,185484,0.0379,0.1134,21033,9,185484,0.1134
591.08,0.0006,36,0,60000,0.0006,0.0116,698,0,60000,0.0116,0.0388,7198,4,185484,0.0388,0.1229,22791,10,185484,0.1229
591.58,0.0006,36,0,60000,0.0006,0.0116,698,0,60000,0.0116,0.0388,7198,4,185484,0.0388,0.1229,22791,10,185484,0.1229
592.08,0.0006,36,0,60000,0.0006,0.0116,698,0,60000,0.0116,0.0397,7358,4,185484,0.0397,0.1229,22791,10,185484,0.1229
592.58,0.0006,36,0,60000,0.0006,0.0426,2554,0,60000,0.0426,0.0397,7358,4,185484,0.0397,0.1166,21629,10,185484,0.1166
593.08,0.0006,36,0,60000,0.0006,0.0426,2554,0,60000,0.0426,0.0405,7518,4,185484,0.0405,0.1166,21629,10,185484,0.1166
593.58,0.0006,36,0,60000,0.0006,0.0426,2554,0,60000,0.0426,0.0405,7518,4,185484,0.0405,0.1321,24504,10,185484,0.1321
594.08,0.0006,36,0,60000,0.0006,0.0426,2554,0,60000,0.0426,0.0316,5854,3,185484,0.0316,0.1321,24504,10,185484,0.1321
594.58,0.0006,36,0,60000,0.0006,0.0426,2554,0,60000,0.0426,0.0316,5854,3,185484,0.0316,0.1190,22078,10,185484,0.1190
595.08,0.0006,36,0,60000,0.0006,0.0271,1624,0,60000,0.0271,0.0322,5974,3,185484,0.0322,0.1190,22078,10,185484,0.1190
595.58,0.0006,36,0,60000,0.0006,0.0271,1624,0,60000,0.0271,0.0322,5974,3,185484,0.0322,0.1127,20906,9,185484,0.1127
596.08,0.0340,2041,0,60000,0.0340,0.0271,1624,0,60000,0.0271,0.0294,5453,2,185484,0.0294,0.1127,20906,9,185484,0.1127
596.58,0.0340,2041,0,60000,0.0340,0.0271,1624,0,60000,0.0271,0.0294,5453,2,185484,0.0294,0.1127,20906,9,185484,0.1127
597.08,0.0340,2041,0,60000,0.0340,0.0271,1624,0,60000,0.0271,0.0396,7344,2,185484,0.0396,0.1202,22303,10,185484,0.1202
597.58,0.0235,1408,0,60000,0.0235,0.0271,1624,0,60000,0.0271,0.0396,7344,2,185484,0.0396,0.1202,22303,10,185484,0.1202
598.08,0.0479,2875,0,60000,0.0479,0.0010,60,0,60000,0.0010,0.0557,10339,3,185484,0.0557,0.1312,24341,10,185484,0.1312
598.58,0.0585,3509,0,60000,0.0585,0.0000,0,0,60000,0.0000,0.0557,10339,3,185484,0.0557,0.1312,24341,10,185484,0.1312
599.08,0.0585,3509,0,60000,0.0585,0.0000,0,0,60000,0.0000,0.0564,10470,4,185484,0.0564,0.1373,25462,12,185484,0.1373
599.58,0.0585,3509,0,60000,0.0585,0.0000,0,0,60000,0.0000,0.0564,10470,4,185484,0.0564,0.1373,25462,12,185484,0.1373
600.08,0.0585,3509,0,60000,0.0585,0.0000,0,0,60000,0.0000,0.0573,10630,4,185484,0.0573,0.1373,25462,12,185484,0.1373
600.58,0.0585,3509,0,60000,0.0585,0.0000,0,0,60000,0.0000,0.0573,10630,4,185484,0.0573,0.1399,25942,12,185484,0.1399
601.08,0.0585,3509,0,60000,0.0585,0.0000,0,0,60000,0.0000,0.0582,10790,4,185484,0.0582,0.1399,25942,12,185484,0.1399
601.58,0.0585,3509,0,60000,0.0585,0.0000,0,0,60000,0.0000,0.0582,10790,4,185484,0.0582,0.1424,26422,12,185484,0.1424
602.08,0.0585,3509,0,60000,0.0585,0.0000,0,0,60000,0.0000,0.0590,10950,4,185484,0.0590,0.1424,26422,12,185484,0.1424
602.58,0.0585,3509,0,60000,0.0585,0.0000,0,0,60000,0.0000,0.0590,10950,4,185484,0.0590,0.1450,26902,12,185484,0.1450
603.08,0.0585,3509,0,60000,0.0585,0.0000,0,0,60000,0.0000,0.0599,11110,4,185484,0.0599,0.1450,26902,12,185484,0.1450
603.58,0.0585,3509,0,60000,0.0585,0.0000,0,0,60000,0.0000,0.0599,11110,4,185484,0.0599,0.1450,26902,12,185484,0.1450
604.08,0.0585,3509,0,60000,0.0585,0.0000,0,0,60000,0.0000,0.0608,11270,4,185484,0.0608,0.1349,25018,11,185484,0.1349
604.58,0.0585,3509,0,60000,0.0585,0.0000,0,0,60000,0.0000,0.0608,11270,4,185484,0.0608,0.1349,25018,11,185484,0.1349
605.08,0.0585,3509,0,60000,0.0585,0.0000,0,0,60000,0.0000,0.0616,11430,4,185484,0.0616,0.1373,25458,11,185484,0.1373
605.58,0.0585,3509,0,60000,0.0585,0.0000,0,0,60000,0.0000,0.0616,11430,4,185484,0.0616,0.1373,25458,11,185484,0.1373
606.08,0.0585,3509,0,60000,0.0585,0.0000,0,0,60000,0.0000,0.0625,11590,4,185484,0.0625,0.1122,20806,9,185484,0.1122
606.58,0.0585,3509,0,60000,0.0585,0.0170,1018,0,60000,0.0170,0.0625,11590,4,185484,0.0625,0.1122,20806,9,185484,0.1122
607.08,0.0585,3509,0,60000,0.0585,0.0170,1018,0,60000,0.0170,0.0633,11750,4,185484,0.0633,0.1217,22569,9,185484,0.1217
607.58,0.0585,3509,0,60000,0.0585,0.0170,1018,0,60000,0.0170,0.0633,11750,4,185484,0.0633,0.1217,22569,9,185484,0.1217
608.08,0.0006,36,0,60000,0.0006,0.0006,36,0,60000,0.0006,0.0377,6988,2,185484,0.0377,0.1217,22569,9,185484,0.1217
608.58,0.0006,36,0,60000,0.0006,0.0321,1923,0,60000,0.0321,0.0377,6988,2,185484,0.0377,0.1241,23020,10,185484,0.1241
609.08,0.0006,36,0,60000,0.0006,0.0776,4658,0,60000,0.0776,0.0383,7103,3,185484,0.0383,0.1241,23020,10,185484,0.1241
609.58,0.0006,36,0,60000,0.0006,0.0013,79,0,60000,0.0013,0.0383,7103,3,185484,0.0383,0.1539,28541,12,185484,0.1539
610.08,0.0006,36,0,60000,0.0006,0.0013,79,0,60000,0.0013,0.0389,7223,3,185484,0.0389,0.1539,28541,12,185484,0.1539
610.58,0.0006,36,0,60000,0.0006,0.0006,36,0,60000,0.0006,0.0389,7223,3,185484,0.0389,0.1319,24464,11,185484,0.1319
611.08,0.0006,36,0,60000,0.0006,0.0006,36,0,60000,0.0006,0.0399,7402,4,185484,0.0399,0.1319,24464,11,185484,0.1319
611.58,0.0006,36,0,60000,0.0006,0.0006,36,0,60000,0.0006,0.0399,7402,4,185484,0.0399,0.1319,24464,11,185484,0.1319
612.08,0.0006,36,0,60000,0.0006,0.0006,36,0,60000,0.0006,0.0402,7463,3,185484,0.0402,0.1233,22874,10,185484,0.1233
612.58,0.0006,36,0,60000,0.0006,0.0006,36,0,60000,0.0006,0.0402,7463,3,185484,0.0402,0.1233,22874,10,185484,0.1233
613.08,0.0006,36,0,60000,0.0006,0.0106,639,0,60000,0.0106,0.0490,9092,3,185484,0.0490,0.1255,23274,10,185484,0.1255
613.58,0.0006,36,0,60000,0.0006,0.0106,639,0,60000,0.0106,0.0490,9092,3,185484,0.0490,0.1255,23274,10,185484,0.1255
614.08,0.0006,36,0,60000,0.0006,0.0252,1512,0,60000,0.0252,0.0269,4995,1,185484,0.0269,0.1116,20691,10,185484,0.1116
614.58,0.0006,36,0,60000,0.0006,0.0585,3512,0,60000,0.0585,0.0269,4995,1,185484,0.0269,0.1116,20691,10,185484,0.1116
615.08,0.0006,36,0,60000,0.0006,0.0585,3512,0,60000,0.0585,0.0269,4995,1,185484,0.0269,0.1142,21190,10,185484,0.1142
615.58,0.0006,36,0,60000,0.0006,0.0585,3512,0,60000,0.0585,0.0199,3685,3,185484,0.0199,0.1142,21190,10,185484,0.1142
616.08,0.0006,36,0,60000,0.0006,0.0057,340,0,60000,0.0057,0.0199,3685,3,185484,0.0199,0.1142,21190,10,185484,0.1142
616.58,0.0008,46,0,60000,0.0008,0.0057,340,0,60000,0.0057,0.0254,4705,3,185484,0.0254,0.1141,21170,9,185484,0.1141
617.08,0.0008,46,0,60000,0.0008,0.0057,340,0,60000,0.0057,0.0254,4705,3,185484,0.0254,0.1141,21170,9,185484,0.1141
617.58,0.0036,216,0,60000,0.0036,0.0057,340,0,60000,0.0057,0.0275,5104,3,185484,0.0275,0.1098,20364,9,185484,0.1098
618.08,0.0036,216,0,60000,0.0036,0.0057,340,0,60000,0.0057,0.0275,5104,3,185484,0.0275,0.1098,20364,9,185484,0.1098
618.58,0.0036,216,0,60000,0.0036,0.0059,353,0,60000,0.0059,0.0284,5262,4,185484,0.0284,0.1131,20982,9,185484,0.1131
619.08,0.0006,36,0,60000,0.0006,0.0059,353,0,60000,0.0059,0.0284,5262,4,185484,0.0284,0.1131,20982,9,185484,0.1131
619.59,0.0006,36,0,60000,0.0006,0.0167,1003,0,60000,0.0167,0.0292,5422,4,185484,0.0292,0.1227,22762,11,185484,0.1227
620.09,0.0006,36,0,60000,0.0006,0.0167,1003,0,60000,0.0167,0.0292,5422,4,185484,0.0292,0.1227,22762,11,185484,0.1227
620.59,0.0006,36,0,60000,0.0006,0.0006,36,0,60000,0.0006,0.0317,5877,5,185484,0.0317,0.1227,22762,11,185484,0.1227
621.09,0.0006,36,0,60000,0.0006,0.0006,36,0,60000,0.0006,0.0317,5877,5,185484,0.0317,0.0856,15874,9,185484,0.0856
621.59,0.0006,36,0,60000,0.0006,0.0006,36,0,60000,0.0006,0.0332,6156,7,185484,0.0332,0.0856,15874,9,185484,0.0856
622.09,0.0006,36,0,60000,0.0006,0.0006,36,0,60000,0.0006,0.0332,6156,7,185484,0.0332,0.0738,13685,8,185484,0.0738
622.59,0.0006,36,0,60000,0.0006,0.0006,36,0,60000,0.0006,0.0342,6352,6,185484,0.0342,0.0738,13685,8,185484,0.0738
623.09,0.0006,36,0,60000,0.0006,0.0066,399,0,60000,0.0066,0.0342,6352,6,185484,0.0342,0.0744,13794,7,185484,0.0744
623.59,0.0006,37,0,60000,0.0006,0.0066,399,0,60000,0.0066,0.0382,7077,7,185484,0.0382,0.0744,13794,7,185484,0.0744
624.09,0.0006,37,0,60000,0.0006,0.0066,399,0,60000,0.0066,0.0382,7077,7,185484,0.0382,0.0523,9693,5,185484,0.0523
624.59,0.0006,36,0,60000,0.0006,0.0066,399,0,60000,0.0066,0.0295,5475,5,185484,0.0295,0.0523,9693,5,185484,0.0523
625.09,0.0013,78,0,60000,0.0013,0.0066,399,0,60000,0.0066,0.0295,5475,5,185484,0.0295,0.0460,8529,4,185484,0.0460
625.59,0.0013,78,0,60000,0.0013,0.0066,399,0,60000,0.0066,0.0312,5783,6,185484,0.0312,0.0460,8529,4,185484,0.0460
626.09,0.0013,78,0,60000,0.0013,0.0066,399,0,60000,0.0066,0.0312,5783,6,185484,0.0312,0.0470,8726,5,185484,0.0470
626.59,0.0545,3269,0,60000,0.0545,0.0066,399,0,60000,0.0066,0.0325,6023,6,185484,0.0325,0.0470,8726,5,185484,0.0470
627.09,0.0578,3465,0,60000,0.0578,0.0066,399,0,60000,0.0066,0.0325,6023,6,185484,0.0325,0.0337,6260,4,185484,0.0337
627.59,0.0578,3465,0,60000,0.0578,0.0183,1098,0,60000,0.0183,0.0593,10992,7,185484,0.0593,0.0337,6260,4,185484,0.0337
628.09,0.0578,3465,0,60000,0.0578,0.0183,1098,0,60000,0.0183,0.0593,10992,7,185484,0.0593,0.0466,8652,6,185484,0.0466
628.59,0.0578,3465,0,60000,0.0578,0.0183,1098,0,60000,0.0183,0.0610,11312,8,185484,0.0610,0.0466,8652,6,185484,0.0466
629.09,0.0578,3465,0,60000,0.0578,0.0183,1098,0,60000,0.0183,0.0610,11312,8,185484,0.0610,0.0401,7442,4,185484,0.0401
629.59,0.0578,3465,0,60000,0.0578,0.0183,1098,0,60000,0.0183,0.0627,11632,8,185484,0.0627,0.0401,7442,4,185484,0.0401
630.09,0.0578,3465,0,60000,0.0578,0.0273,1638,0,60000,0.0273,0.0627,11632,8,185484,0.0627,0.0410,7602,4,185484,0.0410
630.59,0.0013,78,0,60000,0.0013,0.0273,1638,0,60000,0.0273,0.0692,12832,8,185484,0.0692,0.0410,7602,4,185484,0.0410
631.09,0.0013,78,0,60000,0.0013,0.0273,1638,0,60000,0.0273,0.0692,12832,8,185484,0.0692,0.0418,7762,4,185484,0.0418
631.59,0.0013,78,0,60000,0.0013,0.0090,538,0,60000,0.0090,0.0709,13152,8,185484,0.0709,0.0418,7762,4,185484,0.0418
632.09,0.0013,78,0,60000,0.0013,0.0006,36,0,60000,0.0006,0.0709,13152,8,185484,0.0709,0.0474,8788,4,185484,0.0474
632.59,0.0006,36,0,60000,0.0006,0.0006,36,0,60000,0.0006,0.0761,14110,9,185484,0.0761,0.0474,8788,4,185484,0.0474
633.09,0.0151,905,0,60000,0.0151,0.0172,1030,0,60000,0.0172,0.0761,14110,9,185484,0.0761,0.0454,8419,5,185484,0.0454
633.59,0.0151,905,0,60000,0.0151,0.0338,2029,0,60000,0.0338,0.0794,14727,9,185484,0.0794,0.0454,8419,5,185484,0.0454
634.09,0.0151,905,0,60000,0.0151,0.0338,2029,0,60000,0.0338,0.0794,14727,9,185484,0.0794,0.0579,10738,7,185484,0.0579
634.59,0.0151,905,0,60000,0.0151,0.0338,2029,0,60000,0.0338,0.0794,14727,9,185484,0.0794,0.0579,10738,7,185484,0.0579
635.09,0.0151,905,0,60000,0.0151,0.0338,2029,0,60000,0.0338,0.0762,14130,8,185484,0.0762,0.0588,10908,6,185484,0.0588
635.59,0.0151,905,0,60000,0.0151,0.0338,2029,0,60000,0.0338,0.0762,14130,8,185484,0.0762,0.0588,10908,6,185484,0.0588
636.09,0.0151,905,0,60000,0.0151,0.0338,2029,0,60000,0.0338,0.0707,13120,6,185484,0.0707,0.0601,11148,6,185484,0.0601
636.59,0.0007,42,0,60000,0.0007,0.0338,2029,0,60000,0.0338,0.0707,13120,6,185484,0.0707,0.0601,11148,6,185484,0.0601
637.09,0.0007,42,0,60000,0.0007,0.0338,2029,0,60000,0.0338,0.0600,11125,6,185484,0.0600,0.0341,6334,5,185484,0.0341
637.59,0.0046,279,0,60000,0.0046,0.0008,49,0,60000,0.0008,0.0600,11125,6,185484,0.0600,0.0341,6334,5,185484,0.0341
638.09,0.0159,955,0,60000,0.0159,0.0008,49,0,60000,0.0008,0.0603,11181,5,185484,0.0603,0.0412,7642,7,185484,0.0412
638.59,0.0159,955,0,60000,0.0159,0.0008,49,0,60000,0.0008,0.0603,11181,5,185484,0.0603,0.0412,7642,7,185484,0.0412
639.09,0.0006,37,0,60000,0.0006,0.0008,49,0,60000,0.0008,0.0491,9107,6,185484,0.0491,0.0463,8592,8,185484,0.0463
639.59,0.0495,2971,0,60000,0.0495,0.0008,49,0,60000,0.0008,0.0491,9107,6,185484,0.0491,0.0463,8592,8,185484,0.0463
640.09,0.0495,2971,0,60000,0.0495,0.0008,49,0,60000,0.0008,0.0509,9446,6,185484,0.0509,0.0753,13958,8,185484,0.0753
640.59,0.0495,2971,0,60000,0.0495,0.0006,37,0,60000,0.0006,0.0509,9446,6,185484,0.0509,0.0753,13958,8,185484,0.0753
641.09,0.0495,2971,0,60000,0.0495,0.0006,37,0,60000,0.0006,0.0457,8471,5,185484,0.0457,0.0794,14732,10,185484,0.0794
641.59,0.0495,2971,0,60000,0.0495,0.0006,37,0,60000,0.0006,0.0457,8471,5,185484,0.0457,0.0794,14732,10,185484,0.0794
642.09,0.0495,2971,0,60000,0.0495,0.0006,37,0,60000,0.0006,0.0467,8671,5,185484,0.0467,0.0775,14380,8,185484,0.0775
642.59,0.0495,2971,0,60000,0.0495,0.0006,37,0,60000,0.0006,0.0467,8671,5,185484,0.0467,0.0775,14380,8,185484,0.0775
643.09,0.0006,36,0,60000,0.0006,0.0006,37,0,60000,0.0006,0.0478,8871,5,185484,0.0478,0.0775,14380,8,185484,0.0775
643.59,0.0151,904,0,60000,0.0151,0.0006,37,0,60000,0.0006,0.0478,8871,5,185484,0.0478,0.0667,12363,8,185484,0.0667
644.09,0.0006,37,0,60000,0.0006,0.0006,37,0,60000,0.0006,0.0489,9071,5,185484,0.0489,0.0667,12363,8,185484,0.0667
644.59,0.0023,139,0,60000,0.0023,0.0006,37,0,60000,0.0006,0.0489,9071,5,185484,0.0489,0.0769,14255,10,185484,0.0769
645.09,0.0023,139,0,60000,0.0023,0.0006,37,0,60000,0.0006,0.0500,9271,5,185484,0.0500,0.0769,14255,10,185484,0.0769
645.59,0.0023,139,0,60000,0.0023,0.0006,37,0,60000,0.0006,0.0500,9271,5,185484,0.0500,0.0824,15280,11,185484,0.0824
646.09,0.0023,139,0,60000,0.0023,0.0006,37,0,60000,0.0006,0.0465,8627,4,185484,0.0465,0.0824,15280,11,185484,0.0824
646.59,0.0023,139,0,60000,0.0023,0.0006,37,0,60000,0.0006,0.0465,8627,4,185484,0.0465,0.0729,13531,9,185484,0.0729
647.09,0.0023,139,0,60000,0.0023,0.0006,37,0,60000,0.0006,0.0474,8787,4,185484,0.0474,0.0729,13531,9,185484,0.0729
647.59,0.0023,139,0,60000,0.0023,0.0006,37,0,60000,0.0006,0.0474,8787,4,185484,0.0474,0.0747,13851,8,185484,0.0747
648.09,0.0023,139,0,60000,0.0023,0.0007,42,0,60000,0.0007,0.0482,8947,4,185484,0.0482,0.0747,13851,8,185484,0.0747
648.59,0.0023,139,0,60000,0.0023,0.0007,42,0,60000,0.0007,0.0482,8947,4,185484,0.0482,0.0785,14567,8,185484,0.0785
649.09,0.0101,604,0,60000,0.0101,0.0007,42,0,60000,0.0007,0.0491,9107,4,185484,0.0491,0.0785,14567,8,185484,0.0785
649.59,0.0101,604,0,60000,0.0101,0.0161,966,0,60000,0.0161,0.0491,9107,4,185484,0.0491,0.0762,14141,7,185484,0.0762
650.09,0.0101,604,0,60000,0.0101,0.0161,966,0,60000,0.0161,0.0598,11096,6,185484,0.0598,0.0762,14141,7,185484,0.0762
650.59,0.0006,36,0,60000,0.0006,0.0161,966,0,60000,0.0161,0.0598,11096,6,185484,0.0598,0.0593,10993,6,185484,0.0593
651.09,0.0006,36,0,60000,0.0006,0.0161,966,0,60000,0.0161,0.0567,10512,6,185484,0.0567,0.0593,10993,6,185484,0.0593
651.59,0.0046,274,0,60000,0.0046,0.0161,966,0,60000,0.0161,0.0567,10512,6,185484,0.0567,0.0521,9657,5,185484,0.0521
652.09,0.0046,274,0,60000,0.0046,0.0006,36,0,60000,0.0006,0.0622,11545,7,185484,0.0622,0.0521,9657,5,185484,0.0521
652.59,0.0046,274,0,60000,0.0046,0.0007,42,0,60000,0.0007,0.0622,11545,7,185484,0.0622,0.0522,9675,4,185484,0.0522
653.09,0.0046,274,0,60000,0.0046,0.0429,2573,0,60000,0.0429,0.0555,10290,7,185484,0.0555,0.0522,9675,4,185484,0.0522
653.59,0.0040,239,0,60000,0.0040,0.0429,2573,0,60000,0.0429,0.0555,10290,7,185484,0.0555,0.0511,9469,5,185484,0.0511
654.09,0.0040,239,0,60000,0.0040,0.0429,2573,0,60000,0.0429,0.0622,11537,9,185484,0.0622,0.0511,9469,5,185484,0.0511
654.59,0.0213,1277,0,60000,0.0213,0.0429,2573,0,60000,0.0429,0.0622,11537,9,185484,0.0622,0.0511,9469,5,185484,0.0511
655.09,0.0213,1277,0,60000,0.0213,0.0429,2573,0,60000,0.0429,0.0622,11537,9,185484,0.0622,0.0608,11275,5,185484,0.0608
655.59,0.0213,1277,0,60000,0.0213,0.0429,2573,0,60000,0.0429,0.0602,11158,8,185484,0.0602,0.0608,11275,5,185484,0.0608
656.09,0.0213,1277,0,60000,0.0213,0.0429,2573,0,60000,0.0429,0.0602,11158,8,185484,0.0602,0.0621,11512,6,185484,0.0621
656.59,0.0213,1277,0,60000,0.0213,0.0006,36,0,60000,0.0006,0.0619,11478,8,185484,0.0619,0.0621,11512,6,185484,0.0621
657.09,0.0213,1277,0,60000,0.0213,0.0006,36,0,60000,0.0006,0.0619,11478,8,185484,0.0619,0.0535,9929,5,185484,0.0535
657.59,0.0213,1277,0,60000,0.0213,0.0006,36,0,60000,0.0006,0.0463,8597,9,185484,0.0463,0.0535,9929,5,185484,0.0535
658.09,0.0213,1277,0,60000,0.0213,0.0006,36,0,60000,0.0006,0.0463,8597,9,185484,0.0463,0.0546,10129,5,185484,0.0546
658.59,0.0000,0,0,60000,0.0000,0.0000,0,0,60000,0.0000,0.0427,7924,8,185484,0.0427,0.0546,10129,5,185484,0.0546
659.09,0.0000,0,0,60000,0.0000,0.0000,0,0,60000,0.0000,0.0427,7924,8,185484,0.0427,0.0610,11308,6,185484,0.0610
659.59,0.0012,73,0,60000,0.0012,0.0000,0,0,60000,0.0000,0.0444,8244,8,185484,0.0444,0.0610,11308,6,185484,0.0610
660.09,0.0012,73,0,60000,0.0012,0.0000,0,0,60000,0.0000,0.0444,8244,8,185484,0.0444,0.0623,11548,6,185484,0.0623
660.59,0.0012,73,0,60000,0.0012,0.0018,107,0,60000,0.0018,0.0561,10404,9,185484,0.0561,0.0623,11548,6,185484,0.0623
661.09,0.0012,73,0,60000,0.0012,0.0018,107,0,60000,0.0018,0.0561,10404,9,185484,0.0561,0.0706,13104,6,185484,0.0706
661.59,0.0012,73,0,60000,0.0012,0.0018,107,0,60000,0.0018,0.0515,9552,8,185484,0.0515,0.0706,13104,6,185484,0.0706
662.09,0.0012,73,0,60000,0.0012,0.0018,107,0,60000,0.0018,0.0515,9552,8,185484,0.0515,0.0620,11501,6,185484,0.0620
662.59,0.0012,73,0,60000,0.0012,0.0018,107,0,60000,0.0018,0.0454,8412,7,185484,0.0454,0.0620,11501,6,185484,0.0620
663.09,0.0012,73,0,60000,0.0012,0.0018,107,0,60000,0.0018,0.0454,8412,7,185484,0.0454,0.0633,11741,6,185484,0.0633
663.59,0.0151,904,0,60000,0.0151,0.0018,107,0,60000,0.0018,0.0469,8692,7,185484,0.0469,0.0633,11741,6,185484,0.0633
664.09,0.0151,904,0,60000,0.0151,0.0018,107,0,60000,0.0018,0.0469,8692,7,185484,0.0469,0.0711,13192,7,185484,0.0711
664.59,0.0268,1606,0,60000,0.0268,0.0018,107,0,60000,0.0018,0.0392,7277,6,185484,0.0392,0.0711,13192,7,185484,0.0711
665.09,0.0268,1606,0,60000,0.0268,0.0018,107,0,60000,0.0018,0.0392,7277,6,185484,0.0392,0.0837,15534,8,185484,0.0837
665.59,0.0106,639,0,60000,0.0106,0.0018,107,0,60000,0.0018,0.0485,8988,6,185484,0.0485,0.0837,15534,8,185484,0.0837
666.09,0.0106,639,0,60000,0.0106,0.0018,107,0,60000,0.0018,0.0485,8988,6,185484,0.0485,0.0855,15854,8,185484,0.0855
666.59,0.0106,639,0,60000,0.0106,0.0018,107,0,60000,0.0018,0.0499,9264,7,185484,0.0499,0.0855,15854,8,185484,0.0855
667.09,0.0006,37,0,60000,0.0006,0.0018,107,0,60000,0.0018,0.0499,9264,7,185484,0.0499,0.0465,8628,6,185484,0.0465
667.59,0.0006,37,0,60000,0.0006,0.0006,36,0,60000,0.0006,0.0480,8900,6,185484,0.0480,0.0465,8628,6,185484,0.0465
668.09,0.0006,37,0,60000,0.0006,0.0006,36,0,60000,0.0006,0.0480,8900,6,185484,0.0480,0.0415,7700,5,185484,0.0415
668.59,0.0006,37,0,60000,0.0006,0.0006,36,0,60000,0.0006,0.0493,9140,6,185484,0.0493,0.0415,7700,5,185484,0.0415
669.09,0.0006,37,0,60000,0.0006,0.0006,36,0,60000,0.0006,0.0493,9140,6,185484,0.0493,0.0426,7900,5,185484,0.0426
669.59,0.0006,37,0,60000,0.0006,0.0225,1350,0,60000,0.0225,0.0506,9380,6,185484,0.0506,0.0426,7900,5,185484,0.0426
670.09,0.0006,37,0,60000,0.0006,0.0008,48,0,60000,0.0008,0.0506,9380,6,185484,0.0506,0.0577,10710,6,185484,0.0577
670.59,0.0129,776,0,60000,0.0129,0.0008,48,0,60000,0.0008,0.0554,10275,7,185484,0.0554,0.0577,10710,6,185484,0.0577
671.09,0.0008,48,0,60000,0.0008,0.0008,48,0,60000,0.0008,0.0554,10275,7,185484,0.0554,0.0577,10710,6,185484,0.0577
671.59,0.0008,48,0,60000,0.0008,0.0008,48,0,60000,0.0008,0.0640,11875,8,185484,0.0640,0.0598,11100,7,185484,0.0598
672.09,0.0008,48,0,60000,0.0008,0.0008,48,0,60000,0.0008,0.0640,11875,8,185484,0.0640,0.0598,11100,7,185484,0.0598
672.59,0.0008,48,0,60000,0.0008,0.0006,38,0,60000,0.0006,0.0609,11290,7,185484,0.0609,0.0533,9881,6,185484,0.0533
673.09,0.0008,48,0,60000,0.0008,0.0006,38,0,60000,0.0006,0.0609,11290,7,185484,0.0609,0.0533,9881,6,185484,0.0533
673.59,0.0200,1198,0,60000,0.0200,0.0006,38,0,60000,0.0006,0.0703,13036,8,185484,0.0703,0.0485,8988,6,185484,0.0485
674.09,0.0200,1198,0,60000,0.0200,0.0006,38,0,60000,0.0006,0.0703,13036,8,185484,0.0703,0.0485,8988,6,185484,0.0485
674.59,0.0200,1198,0,60000,0.0200,0.0006,38,0,60000,0.0006,0.0720,13356,8,185484,0.0720,0.0367,6806,5,185484,0.0367
675.09,0.0200,1198,0,60000,0.0200,0.0251,1505,0,60000,0.0251,0.0720,13356,8,185484,0.0720,0.0367,6806,5,185484,0.0367
675.59,0.0200,1198,0,60000,0.0200,0.0251,1505,0,60000,0.0251,0.0567,10523,7,185484,0.0567,0.0426,7907,6,185484,0.0426
676.09,0.0200,1198,0,60000,0.0200,0.0251,1505,0,60000,0.0251,0.0567,10523,7,185484,0.0567,0.0426,7907,6,185484,0.0426
676.59,0.0200,1198,0,60000,0.0200,0.0251,1505,0,60000,0.0251,0.0451,8366,5,185484,0.0451,0.0439,8147,6,185484,0.0439
677.09,0.0341,2044,0,60000,0.0341,0.0251,1505,0,60000,0.0251,0.0451,8366,5,185484,0.0451,0.0439,8147,6,185484,0.0439
677.59,0.0341,2044,0,60000,0.0341,0.0251,1505,0,60000,0.0251,0.0602,11159,6,185484,0.0602,0.0452,8387,6,185484,0.0452
678.09,0.0006,36,0,60000,0.0006,0.0251,1505,0,60000,0.0251,0.0602,11159,6,185484,0.0602,0.0452,8387,6,185484,0.0452
678.59,0.0006,36,0,60000,0.0006,0.0082,492,0,60000,0.0082,0.0602,11159,6,185484,0.0602,0.0447,8290,4,185484,0.0447
679.09,0.0576,3457,0,60000,0.0576,0.0137,822,0,60000,0.0137,0.0578,10718,6,185484,0.0578,0.0447,8290,4,185484,0.0447
679.59,0.0576,3457,0,60000,0.0576,0.0137,822,0,60000,0.0137,0.0578,10718,6,185484,0.0578,0.0541,10040,5,185484,0.0541
680.09,0.0576,3457,0,60000,0.0576,0.0137,822,0,60000,0.0137,0.0638,11826,7,185484,0.0638,0.0541,10040,5,185484,0.0541
680.59,0.0576,3457,0,60000,0.0576,0.0330,1979,0,60000,0.0330,0.0638,11826,7,185484,0.0638,0.0555,10286,6,185484,0.0555
681.09,0.0576,3457,0,60000,0.0576,0.0403,2421,0,60000,0.0403,0.0653,12106,7,185484,0.0653,0.0555,10286,6,185484,0.0555
681.59,0.0576,3457,0,60000,0.0576,0.0403,2421,0,60000,0.0403,0.0653,12106,7,185484,0.0653,0.0774,14364,8,185484,0.0774
682.09,0.0576,3457,0,60000,0.0576,0.0403,2421,0,60000,0.0403,0.0776,14388,8,185484,0.0776,0.0774,14364,8,185484,0.0774
682.59,0.0576,3457,0,60000,0.0576,0.0403,2421,0,60000,0.0403,0.0776,14388,8,185484,0.0776,0.0792,14684,8,185484,0.0792
683.09,0.0576,3457,0,60000,0.0576,0.0403,2421,0,60000,0.0403,0.0793,14708,8,185484,0.0793,0.0792,14684,8,185484,0.0792
683.59,0.0576,3457,0,60000,0.0576,0.0403,2421,0,60000,0.0403,0.0793,14708,8,185484,0.0793,0.0809,15004,8,185484,0.0809
684.09,0.0576,3457,0,60000,0.0576,0.0403,2421,0,60000,0.0403,0.0810,15028,8,185484,0.0810,0.0809,15004,8,185484,0.0809
684.59,0.0576,3457,0,60000,0.0576,0.0403,2421,0,60000,0.0403,0.0810,15028,8,185484,0.0810,0.0730,13548,7,185484,0.0730
685.09,0.0006,36,0,60000,0.0006,0.0403,2421,0,60000,0.0403,0.0438,8129,6,185484,0.0438,0.0730,13548,7,185484,0.0730
685.59,0.0006,36,0,60000,0.0006,0.0403,2421,0,60000,0.0403,0.0438,8129,6,185484,0.0438,0.0746,13828,7,185484,0.0746
686.09,0.0006,36,0,60000,0.0006,0.0403,2421,0,60000,0.0403,0.0458,8502,6,185484,0.0458,0.0746,13828,7,185484,0.0746
686.59,0.0006,36,0,60000,0.0006,0.0403,2421,0,60000,0.0403,0.0458,8502,6,185484,0.0458,0.0703,13037,6,185484,0.0703
687.09,0.0303,1820,0,60000,0.0303,0.0262,1575,0,60000,0.0262,0.0471,8742,6,185484,0.0471,0.0703,13037,6,185484,0.0703
687.59,0.0303,1820,0,60000,0.0303,0.0262,1575,0,60000,0.0262,0.0471,8742,6,185484,0.0471,0.0963,17870,8,185484,0.0963
688.09,0.0303,1820,0,60000,0.0303,0.0216,1296,0,60000,0.0216,0.0484,8982,6,185484,0.0484,0.0963,17870,8,185484,0.0963
688.59,0.0303,1820,0,60000,0.0303,0.0216,1296,0,60000,0.0216,0.0484,8982,6,185484,0.0484,0.0963,17870,8,185484,0.0963
689.09,0.0303,1820,0,60000,0.0303,0.0216,1296,0,60000,0.0216,0.0423,7847,5,185484,0.0423,0.1066,19772,9,185484,0.1066
689.59,0.0006,38,0,60000,0.0006,0.0216,1296,0,60000,0.0216,0.0423,7847,5,185484,0.0423,0.1066,19772,9,185484,0.1066
690.09,0.0006,38,0,60000,0.0006,0.0216,1296,0,60000,0.0216,0.0434,8047,5,185484,0.0434,0.1147,21276,10,185484,0.1147
690.59,0.0006,38,0,60000,0.0006,0.0216,1296,0,60000,0.0216,0.0434,8047,5,185484,0.0434,0.1147,21276,10,185484,0.1147
691.10,0.0006,38,0,60000,0.0006,0.0008,48,0,60000,0.0008,0.0330,6123,4,185484,0.0330,0.1028,19062,9,185484,0.1028
691.60,0.0006,38,0,60000,0.0006,0.0008,48,0,60000,0.0008,0.0330,6123,4,185484,0.0330,0.1028,19062,9,185484,0.1028
692.10,0.0006,36,0,60000,0.0006,0.0008,48,0,60000,0.0008,0.0343,6368,5,185484,0.0343,0.0899,16679,9,185484,0.0899
692.60,0.0006,36,0,60000,0.0006,0.0008,48,0,60000,0.0008,0.0343,6368,5,185484,0.0343,0.0899,16679,9,185484,0.0899
693.10,0.0006,36,0,60000,0.0006,0.0286,1715,0,60000,0.0286,0.0238,4408,4,185484,0.0238,0.0916,16999,8,185484,0.0916
693.60,0.0006,36,0,60000,0.0006,0.0286,1715,0,60000,0.0286,0.0238,4408,4,185484,0.0238,0.0916,16999,8,185484,0.0916
694.10,0.0006,36,0,60000,0.0006,0.0251,1504,0,60000,0.0251,0.0503,9322,5,185484,0.0503,0.0916,16999,8,185484,0.0916
694.60,0.0006,36,0,60000,0.0006,0.0251,1504,0,60000,0.0251,0.0503,9322,5,185484,0.0503,0.0934,17319,8,185484,0.0934
695.10,0.0006,36,0,60000,0.0006,0.0387,2324,0,60000,0.0387,0.0516,9562,6,185484,0.0516,0.0934,17319,8,185484,0.0934
695.60,0.0006,36,0,60000,0.0006,0.0098,589,0,60000,0.0098,0.0516,9562,6,185484,0.0516,0.0951,17639,8,185484,0.0951
696.10,0.0006,36,0,60000,0.0006,0.0098,589,0,60000,0.0098,0.0679,12594,7,185484,0.0679,0.0951,17639,8,185484,0.0951
696.60,0.0006,36,0,60000,0.0006,0.0006,36,0,60000,0.0006,0.0679,12594,7,185484,0.0679,0.0867,16089,9,185484,0.0867
697.10,0.0006,36,0,60000,0.0006,0.0006,36,0,60000,0.0006,0.0554,10272,6,185484,0.0554,0.0867,16089,9,185484,0.0867
697.60,0.0006,36,0,60000,0.0006,0.0006,36,0,60000,0.0006,0.0554,10272,6,185484,0.0554,0.0681,12639,7,185484,0.0681
698.10,0.0006,36,0,60000,0.0006,0.0006,36,0,60000,0.0006,0.0567,10512,6,185484,0.0567,0.0681,12639,7,185484,0.0681
698.60,0.0006,36,0,60000,0.0006,0.0006,36,0,60000,0.0006,0.0567,10512,6,185484,0.0567,0.0600,11138,6,185484,0.0600
699.10,0.0006,36,0,60000,0.0006,0.0006,36,0,60000,0.0006,0.0580,10752,6,185484,0.0580,0.0600,11138,6,185484,0.0600
699.60,0.0245,1471,0,60000,0.0245,0.0006,36,0,60000,0.0006,0.0580,10752,6,185484,0.0580,0.0486,9012,4,185484,0.0486
700.10,0.0671,4026,0,60000,0.0671,0.0102,610,0,60000,0.0102,0.0849,15750,7,185484,0.0849,0.0486,9012,4,185484,0.0486
700.60,0.0671,4026,0,60000,0.0671,0.0102,610,0,60000,0.0102,0.0849,15750,7,185484,0.0849,0.0584,10835,5,185484,0.0584
701.10,0.0008,48,0,60000,0.0008,0.0006,36,0,60000,0.0006,0.0849,15750,7,185484,0.0849,0.0584,10835,5,185484,0.0584
701.60,0.0008,48,0,60000,0.0008,0.0006,36,0,60000,0.0006,0.0724,13421,7,185484,0.0724,0.0697,12930,7,185484,0.0697
702.10,0.0172,1031,0,60000,0.0172,0.0011,65,0,60000,0.0011,0.0724,13421,7,185484,0.0724,0.0697,12930,7,185484,0.0697
702.60,0.0172,1031,0,60000,0.0172,0.0011,65,0,60000,0.0011,0.0856,15885,8,185484,0.0856,0.0730,13534,8,185484,0.0730
703.10,0.0172,1031,0,60000,0.0172,0.0011,65,0,60000,0.0011,0.0856,15885,8,185484,0.0856,0.0730,13534,8,185484,0.0730
703.60,0.0172,1031,0,60000,0.0172,0.0011,65,0,60000,0.0011,0.0643,11922,6,185484,0.0643,0.0631,11712,7,185484,0.0631
704.10,0.0172,1031,0,60000,0.0172,0.0011,65,0,60000,0.0011,0.0643,11922,6,185484,0.0643,0.0631,11712,7,185484,0.0631
704.60,0.0172,1031,0,60000,0.0172,0.0011,65,0,60000,0.0011,0.0656,12162,6,185484,0.0656,0.0647,11992,7,185484,0.0647
705.10,0.0172,1031,0,60000,0.0172,0.0011,65,0,60000,0.0011,0.0656,12162,6,185484,0.0656,0.0647,11992,7,185484,0.0647
705.60,0.0017,102,0,60000,0.0017,0.0011,65,0,60000,0.0011,0.0802,14881,6,185484,0.0802,0.0647,11992,7,185484,0.0647
706.10,0.0017,102,0,60000,0.0017,0.0012,72,0,60000,0.0012,0.0802,14881,6,185484,0.0802,0.0662,12272,7,185484,0.0662
706.60,0.0017,102,0,60000,0.0017,0.0557,3340,0,60000,0.0557,0.0914,16962,7,185484,0.0914,0.0662,12272,7,185484,0.0662
707.10,0.0017,102,0,60000,0.0017,0.0557,3340,0,60000,0.0557,0.0914,16962,7,185484,0.0914,0.0699,12963,7,185484,0.0699
707.60,0.0017,102,0,60000,0.0017,0.0557,3340,0,60000,0.0557,0.0931,17274,8,185484,0.0931,0.0699,12963,7,185484,0.0699
708.10,0.0017,102,0,60000,0.0017,0.0557,3340,0,60000,0.0557,0.0931,17274,8,185484,0.0931,0.0714,13243,7,185484,0.0714
708.60,0.0017,102,0,60000,0.0017,0.0557,3340,0,60000,0.0557,0.0909,16869,7,185484,0.0909,0.0714,13243,7,185484,0.0714
709.10,0.0017,102,0,60000,0.0017,0.0087,524,0,60000,0.0087,0.0909,16869,7,185484,0.0909,0.0729,13523,7,185484,0.0729
709.60,0.0017,102,0,60000,0.0017,0.0087,524,0,60000,0.0087,0.0925,17149,7,185484,0.0925,0.0729,13523,7,185484,0.0729
710.10,0.0006,36,0,60000,0.0006,0.0087,524,0,60000,0.0087,0.0925,17149,7,185484,0.0925,0.0843,15633,8,185484,0.0843
710.60,0.0006,36,0,60000,0.0006,0.0087,524,0,60000,0.0087,0.0925,17149,7,185484,0.0925,0.0843,15633,8,185484,0.0843
711.10,0.0006,36,0,60000,0.0006,0.0006,36,0,60000,0.0006,0.0807,14969,7,185484,0.0807,0.0860,15953,8,185484,0.0860
711.60,0.0006,36,0,60000,0.0006,0.0006,36,0,60000,0.0006,0.0807,14969,7,185484,0.0807,0.0860,15953,8,185484,0.0860
712.10,0.0006,36,0,60000,0.0006,0.0006,36,0,60000,0.0006,0.0800,14837,7,185484,0.0800,0.0877,16273,8,185484,0.0877
712.60,0.0006,36,0,60000,0.0006,0.0006,36,0,60000,0.0006,0.0800,14837,7,185484,0.0800,0.0877,16273,8,185484,0.0877
713.10,0.0006,36,0,60000,0.0006,0.0006,36,0,60000,0.0006,0.0815,15117,7,185484,0.0815,0.0895,16593,8,185484,0.0895
713.60,0.0006,36,0,60000,0.0006,0.0006,36,0,60000,0.0006,0.0815,15117,7,185484,0.0815,0.0895,16593,8,185484,0.0895
714.10,0.0006,36,0,60000,0.0006,0.0006,36,0,60000,0.0006,0.0830,15397,7,185484,0.0830,0.0912,16913,8,185484,0.0912
714.60,0.0023,136,0,60000,0.0023,0.0006,36,0,60000,0.0006,0.0830,15397,7,185484,0.0830,0.0912,16913,8,185484,0.0912
715.10,0.0023,136,0,60000,0.0023,0.0006,36,0,60000,0.0006,0.0653,12104,6,185484,0.0653,0.0912,16913,8,185484,0.0912
715.60,0.0023,136,0,60000,0.0023,0.0006,36,0,60000,0.0006,0.0653,12104,6,185484,0.0653,0.0753,13963,7,185484,0.0753
716.10,0.0023,136,0,60000,0.0023,0.0006,36,0,60000,0.0006,0.0511,9485,5,185484,0.0511,0.0753,13963,7,185484,0.0753
716.60,0.0023,136,0,60000,0.0023,0.0006,36,0,60000,0.0006,0.0511,9485,5,185484,0.0511,0.0768,14243,7,185484,0.0768
717.10,0.0023,136,0,60000,0.0023,0.0006,36,0,60000,0.0006,0.0522,9685,5,185484,0.0522,0.0768,14243,7,185484,0.0768
717.60,0.0023,136,0,60000,0.0023,0.0006,37,0,60000,0.0006,0.0522,9685,5,185484,0.0522,0.0783,14523,7,185484,0.0783
718.10,0.0464,2784,0,60000,0.0464,0.0015,89,0,60000,0.0015,0.0754,13984,6,185484,0.0754,0.0783,14523,7,185484,0.0783
718.60,0.0000,0,0,60000,0.0000,0.0000,0,0,60000,0.0000,0.0754,13984,6,185484,0.0754,0.0837,15519,8,185484,0.0837
719.10,0.0000,0,0,60000,0.0000,0.0356,2135,0,60000,0.0356,0.0769,14257,7,185484,0.0769,0.0837,15519,8,185484,0.0837
719.60,0.0000,0,0,60000,0.0000,0.0356,2135,0,60000,0.0356,0.0769,14257,7,185484,0.0769,0.0813,15071,7,185484,0.0813
720.10,0.0000,0,0,60000,0.0000,0.0006,36,0,60000,0.0006,0.0629,11673,6,185484,0.0629,0.0813,15071,7,185484,0.0813
720.60,0.0000,0,0,60000,0.0000,0.0006,36,0,60000,0.0006,0.0629,11673,6,185484,0.0629,0.0543,10080,6,185484,0.0543
721.10,0.0006,38,0,60000,0.0006,0.0006,36,0,60000,0.0006,0.0440,8161,5,185484,0.0440,0.0543,10080,6,185484,0.0543
721.60,0.0006,38,0,60000,0.0006,0.0365,2192,0,60000,0.0365,0.0440,8161,5,185484,0.0440,0.0564,10465,7,185484,0.0564
722.10,0.0006,38,0,60000,0.0006,0.0487,2923,0,60000,0.0487,0.0479,8892,5,185484,0.0479,0.0564,10465,7,185484,0.0564
722.60,0.0006,38,0,60000,0.0006,0.0249,1492,0,60000,0.0249,0.0479,8892,5,185484,0.0479,0.0716,13281,7,185484,0.0716
723.10,0.0413,2479,0,60000,0.0413,0.0249,1492,0,60000,0.0249,0.0802,14876,6,185484,0.0802,0.0716,13281,7,185484,0.0716
723.60,0.0413,2479,0,60000,0.0413,0.0249,1492,0,60000,0.0249,0.0802,14876,6,185484,0.0802,0.0431,7995,5,185484,0.0431
724.10,0.0413,2479,0,60000,0.0413,0.0249,1492,0,60000,0.0249,0.0802,14876,6,185484,0.0802,0.0431,7995,5,185484,0.0431
724.60,0.0009,55,0,60000,0.0009,0.0006,36,0,60000,0.0006,0.0816,15144,7,185484,0.0816,0.0445,8250,6,185484,0.0445
725.10,0.0009,55,0,60000,0.0009,0.0008,50,0,60000,0.0008,0.0816,15144,7,185484,0.0816,0.0445,8250,6,185484,0.0445
725.60,0.0009,55,0,60000,0.0009,0.0303,1816,0,60000,0.0303,0.0602,11168,5,185484,0.0602,0.0349,6481,7,185484,0.0349
726.10,0.0219,1312,0,60000,0.0219,0.0303,1816,0,60000,0.0303,0.0602,11168,5,185484,0.0602,0.0349,6481,7,185484,0.0349
726.60,0.0219,1312,0,60000,0.0219,0.0303,1816,0,60000,0.0303,0.0745,13819,6,185484,0.0745,0.0527,9772,7,185484,0.0527
727.10,0.0219,1312,0,60000,0.0219,0.0303,1816,0,60000,0.0303,0.0745,13819,6,185484,0.0745,0.0527,9772,7,185484,0.0527
727.60,0.0013,75,0,60000,0.0013,0.0303,1816,0,60000,0.0303,0.0695,12899,5,185484,0.0695,0.0542,10052,7,185484,0.0542
728.10,0.0013,75,0,60000,0.0013,0.0303,1816,0,60000,0.0303,0.0695,12899,5,185484,0.0695,0.0542,10052,7,185484,0.0542
728.60,0.0013,75,0,60000,0.0013,0.0150,899,0,60000,0.0150,0.0639,11844,5,185484,0.0639,0.0703,13037,7,185484,0.0703
729.10,0.0006,36,0,60000,0.0006,0.0150,899,0,60000,0.0150,0.0639,11844,5,185484,0.0639,0.0703,13037,7,185484,0.0703
729.60,0.0006,36,0,60000,0.0006,0.0150,899,0,60000,0.0150,0.0649,12044,5,185484,0.0649,0.0703,13037,7,185484,0.0703
730.10,0.0006,36,0,60000,0.0006,0.0160,958,0,60000,0.0160,0.0649,12044,5,185484,0.0649,0.0740,13717,9,185484,0.0740
730.60,0.0006,36,0,60000,0.0006,0.0303,1821,0,60000,0.0303,0.0723,13418,6,185484,0.0723,0.0740,13717,9,185484,0.0740
731.10,0.0006,36,0,60000,0.0006,0.0303,1821,0,60000,0.0303,0.0723,13418,6,185484,0.0723,0.0902,16727,9,185484,0.0902
731.60,0.0006,36,0,60000,0.0006,0.0303,1821,0,60000,0.0303,0.0736,13658,6,185484,0.0736,0.0902,16727,9,185484,0.0902
732.10,0.0006,36,0,60000,0.0006,0.0303,1821,0,60000,0.0303,0.0736,13658,6,185484,0.0736,0.0923,17125,10,185484,0.0923
732.60,0.0006,38,0,60000,0.0006,0.0303,1821,0,60000,0.0303,0.0708,13123,5,185484,0.0708,0.0923,17125,10,185484,0.0923
733.10,0.0006,38,0,60000,0.0006,0.0303,1821,0,60000,0.0303,0.0708,13123,5,185484,0.0708,0.0802,14868,10,185484,0.0802
733.60,0.0006,38,0,60000,0.0006,0.0303,1821,0,60000,0.0303,0.0718,13323,5,185484,0.0718,0.0802,14868,10,185484,0.0802
734.10,0.0006,38,0,60000,0.0006,0.0303,1821,0,60000,0.0303,0.0718,13323,5,185484,0.0718,0.0823,15268,10,185484,0.0823
734.60,0.0006,38,0,60000,0.0006,0.0303,1821,0,60000,0.0303,0.0550,10206,4,185484,0.0550,0.0823,15268,10,185484,0.0823
735.10,0.0006,38,0,60000,0.0006,0.0303,1821,0,60000,0.0303,0.0550,10206,4,185484,0.0550,0.0820,15213,9,185484,0.0820
735.60,0.0006,38,0,60000,0.0006,0.0015,89,0,60000,0.0015,0.0559,10366,4,185484,0.0559,0.0820,15213,9,185484,0.0820
736.10,0.0006,38,0,60000,0.0006,0.0015,89,0,60000,0.0015,0.0559,10366,4,185484,0.0559,0.0820,15213,9,185484,0.0820
736.60,0.0006,38,0,60000,0.0006,0.0015,89,0,60000,0.0015,0.0567,10526,4,185484,0.0567,0.0885,16423,10,185484,0.0885
737.10,0.0363,2177,0,60000,0.0363,0.0015,89,0,60000,0.0015,0.0567,10526,4,185484,0.0567,0.0885,16423,10,185484,0.0885
737.60,0.0363,2177,0,60000,0.0363,0.0015,89,0,60000,0.0015,0.0576,10686,4,185484,0.0576,0.1036,19209,9,185484,0.1036
738.10,0.0363,2177,0,60000,0.0363,0.0008,50,0,60000,0.0008,0.0576,10686,4,185484,0.0576,0.1036,19209,9,185484,0.1036
738.60,0.0363,2177,0,60000,0.0363,0.0008,50,0,60000,0.0008,0.0576,10686,4,185484,0.0576,0.1026,19030,9,185484,0.1026
739.10,0.0363,2177,0,60000,0.0363,0.0008,50,0,60000,0.0008,0.0504,9352,4,185484,0.0504,0.1026,19030,9,185484,0.1026
739.60,0.0363,2177,0,60000,0.0363,0.0008,50,0,60000,0.0008,0.0504,9352,4,185484,0.0504,0.0866,16071,8,185484,0.0866
740.10,0.0363,2177,0,60000,0.0363,0.0008,50,0,60000,0.0008,0.0511,9472,3,185484,0.0511,0.0866,16071,8,185484,0.0866
740.60,0.0363,2177,0,60000,0.0363,0.0008,50,0,60000,0.0008,0.0511,9472,3,185484,0.0511,0.0884,16391,8,185484,0.0884
741.10,0.0008,51,0,60000,0.0008,0.0006,38,0,60000,0.0006,0.0517,9592,3,185484,0.0517,0.0884,16391,8,185484,0.0884
741.60,0.0008,51,0,60000,0.0008,0.0006,38,0,60000,0.0006,0.0517,9592,3,185484,0.0517,0.0901,16711,8,185484,0.0901
742.10,0.0010,61,0,60000,0.0010,0.0006,38,0,60000,0.0006,0.0583,10820,5,185484,0.0583,0.0901,16711,8,185484,0.0901
742.60,0.0010,61,0,60000,0.0010,0.0006,38,0,60000,0.0006,0.0583,10820,5,185484,0.0583,0.0752,13947,6,185484,0.0752
743.10,0.0010,61,0,60000,0.0010,0.0006,38,0,60000,0.0006,0.0776,14397,5,185484,0.0776,0.0752,13947,6,185484,0.0752
743.60,0.0010,61,0,60000,0.0010,0.0006,38,0,60000,0.0006,0.0776,14397,5,185484,0.0776,0.0752,13947,6,185484,0.0752
744.10,0.0010,61,0,60000,0.0010,0.0006,38,0,60000,0.0006,0.0789,14637,6,185484,0.0789,0.0765,14187,6,185484,0.0765
744.60,0.0010,61,0,60000,0.0010,0.0006,38,0,60000,0.0006,0.0789,14637,6,185484,0.0789,0.0765,14187,6,185484,0.0765
745.10,0.0010,61,0,60000,0.0010,0.0006,36,0,60000,0.0006,0.0369,6843,4,185484,0.0369,0.0778,14427,6,185484,0.0778
745.60,0.0056,336,0,60000,0.0056,0.0006,36,0,60000,0.0006,0.0369,6843,4,185484,0.0369,0.0778,14427,6,185484,0.0778
746.10,0.0056,336,0,60000,0.0056,0.0006,36,0,60000,0.0006,0.0425,7883,5,185484,0.0425,0.0824,15283,6,185484,0.0824
746.60,0.0056,336,0,60000,0.0056,0.0006,36,0,60000,0.0006,0.0425,7883,5,185484,0.0425,0.0824,15283,6,185484,0.0824
747.10,0.0056,336,0,60000,0.0056,0.0006,36,0,60000,0.0006,0.0436,8083,5,185484,0.0436,0.0837,15523,6,185484,0.0837
747.60,0.0188,1129,0,60000,0.0188,0.0006,36,0,60000,0.0006,0.0436,8083,5,185484,0.0436,0.0837,15523,6,185484,0.0837
748.10,0.0188,1129,0,60000,0.0188,0.0144,866,0,60000,0.0144,0.0885,16408,6,185484,0.0885,0.0850,15763,6,185484,0.0850
748.60,0.0006,36,0,60000,0.0006,0.0144,866,0,60000,0.0144,0.0885,16408,6,185484,0.0885,0.0850,15763,6,185484,0.0850
749.10,0.0006,36,0,60000,0.0006,0.0144,866,0,60000,0.0144,0.0898,16655,7,185484,0.0898,0.0958,17764,6,185484,0.0958
749.60,0.0006,36,0,60000,0.0006,0.0144,866,0,60000,0.0144,0.0898,16655,7,185484,0.0898,0.0958,17764,6,185484,0.0958
750.10,0.0006,36,0,60000,0.0006,0.0144,866,0,60000,0.0144,0.0913,16935,7,185484,0.0913,0.0750,13912,5,185484,0.0750
750.60,0.0006,36,0,60000,0.0006,0.0144,866,0,60000,0.0144,0.0913,16935,7,185484,0.0913,0.0750,13912,5,185484,0.0750
751.10,0.0006,36,0,60000,0.0006,0.0144,866,0,60000,0.0144,0.0805,14937,6,185484,0.0805,0.0761,14116,6,185484,0.0761
751.60,0.0006,36,0,60000,0.0006,0.0144,866,0,60000,0.0144,0.0805,14937,6,185484,0.0805,0.0761,14116,6,185484,0.0761
752.10,0.0006,36,0,60000,0.0006,0.0144,866,0,60000,0.0144,0.0781,14479,5,185484,0.0781,0.0774,14356,6,185484,0.0774
752.60,0.0535,3208,0,60000,0.0535,0.0144,866,0,60000,0.0144,0.0781,14479,5,185484,0.0781,0.0774,14356,6,185484,0.0774
753.10,0.0535,3208,0,60000,0.0535,0.0144,866,0,60000,0.0144,0.0791,14679,5,185484,0.0791,0.0774,14356,6,185484,0.0774
753.60,0.0535,3208,0,60000,0.0535,0.0122,732,0,60000,0.0122,0.0791,14679,5,185484,0.0791,0.1008,18688,7,185484,0.1008
754.10,0.0535,3208,0,60000,0.0535,0.0122,732,0,60000,0.0122,0.0791,14679,5,185484,0.0791,0.1008,18688,7,185484,0.1008
754.60,0.0535,3208,0,60000,0.0535,0.0006,38,0,60000,0.0006,0.0596,11062,4,185484,0.0596,0.1147,21270,8,185484,0.1147
755.10,0.0535,3208,0,60000,0.0535,0.0006,38,0,60000,0.0006,0.0596,11062,4,185484,0.0596,0.1147,21270,8,185484,0.1147
755.60,0.0535,3208,0,60000,0.0535,0.0006,38,0,60000,0.0006,0.0605,11222,4,185484,0.0605,0.1143,21197,8,185484,0.1143
756.10,0.0535,3208,0,60000,0.0535,0.0006,38,0,60000,0.0006,0.0605,11222,4,185484,0.0605,0.1143,21197,8,185484,0.1143
756.60,0.0535,3208,0,60000,0.0535,0.0006,38,0,60000,0.0006,0.0614,11382,4,185484,0.0614,0.0959,17781,7,185484,0.0959
757.10,0.0563,3377,0,60000,0.0563,0.0006,38,0,60000,0.0006,0.0614,11382,4,185484,0.0614,0.0959,17781,7,185484,0.0959
757.60,0.0563,3377,0,60000,0.0563,0.0006,38,0,60000,0.0006,0.0830,15398,4,185484,0.0830,0.0663,12295,5,185484,0.0663
758.10,0.0563,3377,0,60000,0.0563,0.0077,463,0,60000,0.0077,0.0830,15398,4,185484,0.0830,0.0663,12295,5,185484,0.0663
758.60,0.0563,3377,0,60000,0.0563,0.0077,463,0,60000,0.0077,0.0841,15590,5,185484,0.0841,0.0735,13632,6,185484,0.0735
759.10,0.0563,3377,0,60000,0.0563,0.0077,463,0,60000,0.0077,0.0841,15590,5,185484,0.0841,0.0735,13632,6,185484,0.0735
759.60,0.0563,3377,0,60000,0.0563,0.0451,2705,0,60000,0.0451,0.1053,19540,5,185484,0.1053,0.0735,13632,6,185484,0.0735
760.10,0.0563,3377,0,60000,0.0563,0.0451,2705,0,60000,0.0451,0.1053,19540,5,185484,0.1053,0.0748,13872,6,185484,0.0748
760.60,0.0006,36,0,60000,0.0006,0.0451,2705,0,60000,0.0451,0.0864,16026,5,185484,0.0864,0.0748,13872,6,185484,0.0748
761.10,0.0006,36,0,60000,0.0006,0.0451,2705,0,60000,0.0451,0.0864,16026,5,185484,0.0864,0.0851,15783,6,185484,0.0851
761.60,0.0006,36,0,60000,0.0006,0.0451,2705,0,60000,0.0451,0.0790,14656,4,185484,0.0790,0.0851,15783,6,185484,0.0851
762.10,0.0006,36,0,60000,0.0006,0.0451,2705,0,60000,0.0451,0.0790,14656,4,185484,0.0790,0.0866,16058,7,185484,0.0866
762.60,0.0006,36,0,60000,0.0006,0.0451,2705,0,60000,0.0451,0.0717,13296,3,185484,0.0717,0.0866,16058,7,185484,0.0866
763.10,0.0542,3255,0,60000,0.0542,0.0451,2705,0,60000,0.0451,0.0717,13296,3,185484,0.0717,0.0881,16338,7,185484,0.0881
763.60,0.0542,3255,0,60000,0.0542,0.0451,2705,0,60000,0.0451,0.0925,17163,4,185484,0.0925,0.0881,16338,7,185484,0.0881
764.10,0.0542,3255,0,60000,0.0542,0.0451,2705,0,60000,0.0451,0.0925,17163,4,185484,0.0925,0.0896,16618,7,185484,0.0896
764.61,0.0542,3255,0,60000,0.0542,0.0131,788,0,60000,0.0131,0.0925,17163,4,185484,0.0925,0.0896,16618,7,185484,0.0896
765.11,0.0542,3255,0,60000,0.0542,0.0131,788,0,60000,0.0131,0.0934,17323,4,185484,0.0934,0.0997,18496,8,185484,0.0997
765.61,0.0542,3255,0,60000,0.0542,0.0131,788,0,60000,0.0131,0.0934,17323,4,185484,0.0934,0.0997,18496,8,185484,0.0997
766.11,0.0542,3255,0,60000,0.0542,0.0131,788,0,60000,0.0131,0.0718,13315,3,185484,0.0718,0.1014,18816,8,185484,0.1014
766.61,0.0542,3255,0,60000,0.0542,0.0131,788,0,60000,0.0131,0.0718,13315,3,185484,0.0718,0.1014,18816,8,185484,0.1014
767.11,0.0542,3255,0,60000,0.0542,0.0131,788,0,60000,0.0131,0.0724,13435,3,185484,0.0724,0.1014,18816,8,185484,0.1014
767.61,0.0542,3255,0,60000,0.0542,0.0131,788,0,60000,0.0131,0.0724,13435,3,185484,0.0724,0.1032,19136,8,185484,0.1032
768.11,0.0542,3255,0,60000,0.0542,0.0131,788,0,60000,0.0131,0.0731,13555,3,185484,0.0731,0.1032,19136,8,185484,0.1032
768.61,0.0542,3255,0,60000,0.0542,0.0131,788,0,60000,0.0131,0.0731,13555,3,185484,0.0731,0.1049,19456,8,185484,0.1049
769.11,0.0542,3255,0,60000,0.0542,0.0131,788,0,60000,0.0131,0.0737,13675,3,185484,0.0737,0.1049,19456,8,185484,0.1049
769.61,0.0542,3255,0,60000,0.0542,0.0131,788,0,60000,0.0131,0.0737,13675,3,185484,0.0737,0.1066,19776,8,185484,0.1066
770.11,0.0542,3255,0,60000,0.0542,0.0131,788,0,60000,0.0131,0.0744,13795,3,185484,0.0744,0.1066,19776,8,185484,0.1066
770.61,0.0542,3255,0,60000,0.0542,0.0131,788,0,60000,0.0131,0.0744,13795,3,185484,0.0744,0.0949,17611,7,185484,0.0949
771.11,0.0542,3255,0,60000,0.0542,0.0131,788,0,60000,0.0131,0.0750,13915,3,185484,0.0750,0.0949,17611,7,185484,0.0949
771.61,0.0542,3255,0,60000,0.0542,0.0131,788,0,60000,0.0131,0.0750,13915,3,185484,0.0750,0.0965,17891,7,185484,0.0965
772.11,0.0542,3255,0,60000,0.0542,0.0131,788,0,60000,0.0131,0.0757,14035,3,185484,0.0757,0.0965,17891,7,185484,0.0965
772.61,0.0542,3255,0,60000,0.0542,0.0131,788,0,60000,0.0131,0.0757,14035,3,185484,0.0757,0.0980,18171,7,185484,0.0980
773.11,0.0542,3255,0,60000,0.0542,0.0131,788,0,60000,0.0131,0.0763,14155,3,185484,0.0763,0.0980,18171,7,185484,0.0980
773.61,0.0294,1761,0,60000,0.0294,0.0131,788,0,60000,0.0131,0.0763,14155,3,185484,0.0763,0.0980,18171,7,185484,0.0980
774.11,0.0294,1761,0,60000,0.0294,0.0131,788,0,60000,0.0131,0.0455,8440,2,185484,0.0455,0.0870,16131,5,185484,0.0870
774.61,0.0294,1761,0,60000,0.0294,0.0131,788,0,60000,0.0131,0.0455,8440,2,185484,0.0455,0.0870,16131,5,185484,0.0870
775.11,0.0294,1761,0,60000,0.0294,0.0131,788,0,60000,0.0131,0.0459,8520,2,185484,0.0459,0.0883,16377,6,185484,0.0883
775.61,0.0294,1761,0,60000,0.0294,0.0131,788,0,60000,0.0131,0.0459,8520,2,185484,0.0459,0.0883,16377,6,185484,0.0883
776.11,0.0294,1761,0,60000,0.0294,0.0116,696,0,60000,0.0116,0.0539,10004,3,185484,0.0539,0.0800,14840,5,185484,0.0800
776.61,0.0294,1761,0,60000,0.0294,0.0811,4868,0,60000,0.0811,0.0539,10004,3,185484,0.0539,0.0800,14840,5,185484,0.0800
777.11,0.0294,1761,0,60000,0.0294,0.0811,4868,0,60000,0.0811,0.0622,11535,2,185484,0.0622,0.0811,15040,5,185484,0.0811
777.61,0.0294,1761,0,60000,0.0294,0.0811,4868,0,60000,0.0811,0.0622,11535,2,185484,0.0622,0.0811,15040,5,185484,0.0811
778.11,0.0294,1761,0,60000,0.0294,0.0811,4868,0,60000,0.0811,0.0628,11651,3,185484,0.0628,0.0822,15240,5,185484,0.0822
778.61,0.0000,0,0,60000,0.0000,0.0295,1771,0,60000,0.0295,0.0628,11651,3,185484,0.0628,0.0822,15240,5,185484,0.0822
779.11,0.0000,0,0,60000,0.0000,0.0295,1771,0,60000,0.0295,0.0731,13566,4,185484,0.0731,0.0832,15440,5,185484,0.0832
779.61,0.0000,0,0,60000,0.0000,0.0295,1771,0,60000,0.0295,0.0731,13566,4,185484,0.0731,0.0832,15440,5,185484,0.0832
780.11,0.0000,0,0,60000,0.0000,0.0295,1771,0,60000,0.0295,0.0731,13566,4,185484,0.0731,0.0843,15640,5,185484,0.0843
780.61,0.0000,0,0,60000,0.0000,0.0295,1771,0,60000,0.0295,0.0740,13726,4,185484,0.0740,0.0843,15640,5,185484,0.0843
781.11,0.0000,0,0,60000,0.0000,0.0295,1771,0,60000,0.0295,0.0740,13726,4,185484,0.0740,0.0577,10708,4,185484,0.0577
781.61,0.0000,0,0,60000,0.0000,0.0295,1771,0,60000,0.0295,0.0749,13886,4,185484,0.0749,0.0577,10708,4,185484,0.0577
782.11,0.0000,0,0,60000,0.0000,0.0295,1771,0,60000,0.0295,0.0749,13886,4,185484,0.0749,0.0406,7526,3,185484,0.0406
782.61,0.0000,0,0,60000,0.0000,0.0295,1771,0,60000,0.0295,0.0516,9579,3,185484,0.0516,0.0406,7526,3,185484,0.0406
783.11,0.0000,0,0,60000,0.0000,0.0295,1771,0,60000,0.0295,0.0516,9579,3,185484,0.0516,0.0412,7646,3,185484,0.0412
783.61,0.0000,0,0,60000,0.0000,0.0295,1771,0,60000,0.0295,0.0523,9699,3,185484,0.0523,0.0412,7646,3,185484,0.0412
784.11,0.0000,0,0,60000,0.0000,0.0295,1771,0,60000,0.0295,0.0523,9699,3,185484,0.0523,0.0281,5220,2,185484,0.0281
784.61,0.0000,0,0,60000,0.0000,0.0295,1771,0,60000,0.0295,0.0529,9819,3,185484,0.0529,0.0281,5220,2,185484,0.0281
785.11,0.0000,0,0,60000,0.0000,0.0295,1771,0,60000,0.0295,0.0529,9819,3,185484,0.0529,0.0286,5300,2,185484,0.0286
785.61,0.0000,0,0,60000,0.0000,0.0295,1771,0,60000,0.0295,0.0536,9939,3,185484,0.0536,0.0286,5300,2,185484,0.0286
786.11,0.0000,0,0,60000,0.0000,0.0295,1771,0,60000,0.0295,0.0536,9939,3,185484,0.0536,0.0161,2982,1,185484,0.0161
786.61,0.0000,0,0,60000,0.0000,0.0295,1771,0,60000,0.0295,0.0542,10059,3,185484,0.0542,0.0161,2982,1,185484,0.0161
787.11,0.0000,0,0,60000,0.0000,0.0295,1771,0,60000,0.0295,0.0542,10059,3,185484,0.0542,0.0163,3022,1,185484,0.0163
787.61,0.0000,0,0,60000,0.0000,0.0295,1771,0,60000,0.0295,0.0549,10179,3,185484,0.0549,0.0163,3022,1,185484,0.0163
788.11,0.0000,0,0,60000,0.0000,0.0264,1585,0,60000,0.0264,0.0549,10179,3,185484,0.0549,0.0165,3062,1,185484,0.0165
788.61,0.0000,0,0,60000,0.0000,0.0264,1585,0,60000,0.0264,0.0684,12679,3,185484,0.0684,0.0165,3062,1,185484,0.0165
789.11,0.0000,0,0,60000,0.0000,0.0264,1585,0,60000,0.0264,0.0684,12679,3,185484,0.0684,0.0167,3102,1,185484,0.0167
789.61,0.0000,0,0,60000,0.0000,0.0264,1585,0,60000,0.0264,0.0692,12832,4,185484,0.0692,0.0167,3102,1,185484,0.0167
790.11,0.0000,0,0,60000,0.0000,0.0264,1585,0,60000,0.0264,0.0692,12832,4,185484,0.0692,0.0169,3142,1,185484,0.0169
790.61,0.0000,0,0,60000,0.0000,0.0264,1585,0,60000,0.0264,0.0700,12992,4,185484,0.0700,0.0169,3142,1,185484,0.0169
791.11,0.0000,0,0,60000,0.0000,0.0264,1585,0,60000,0.0264,0.0700,12992,4,185484,0.0700,0.0172,3182,1,185484,0.0172
791.61,0.0000,0,0,60000,0.0000,0.0264,1585,0,60000,0.0264,0.0601,11148,3,185484,0.0601,0.0174,3222,1,185484,0.0174
792.11,0.0000,0,0,60000,0.0000,0.0264,1585,0,60000,0.0264,0.0601,11148,3,185484,0.0601,0.0174,3222,1,185484,0.0174
792.61,0.0000,0,0,60000,0.0000,0.0264,1585,0,60000,0.0264,0.0607,11268,3,185484,0.0607,0.0176,3262,1,185484,0.0176
793.11,0.0000,0,0,60000,0.0000,0.0264,1585,0,60000,0.0264,0.0607,11268,3,185484,0.0607,0.0176,3262,1,185484,0.0176
793.61,0.0000,0,0,60000,0.0000,0.0264,1585,0,60000,0.0264,0.0614,11388,3,185484,0.0614,0.0178,3302,1,185484,0.0178
794.11,0.0044,264,0,60000,0.0044,0.0264,1585,0,60000,0.0264,0.0614,11388,3,185484,0.0614,0.0178,3302,1,185484,0.0178
794.61,0.0044,264,0,60000,0.0044,0.0264,1585,0,60000,0.0264,0.0620,11508,3,185484,0.0620,0.0288,5347,2,185484,0.0288
795.11,0.0044,264,0,60000,0.0044,0.0264,1585,0,60000,0.0264,0.0620,11508,3,185484,0.0620,0.0288,5347,2,185484,0.0288
795.61,0.0044,264,0,60000,0.0044,0.0264,1585,0,60000,0.0264,0.0496,9193,2,185484,0.0496,0.0293,5427,2,185484,0.0293
796.11,0.0044,264,0,60000,0.0044,0.0264,1585,0,60000,0.0264,0.0496,9193,2,185484,0.0496,0.0293,5427,2,185484,0.0293
796.61,0.0044,264,0,60000,0.0044,0.0264,1585,0,60000,0.0264,0.0500,9273,2,185484,0.0500,0.0297,5507,2,185484,0.0297
797.11,0.0044,264,0,60000,0.0044,0.0264,1585,0,60000,0.0264,0.0500,9273,2,185484,0.0500,0.0297,5507,2,185484,0.0297
797.61,0.0044,264,0,60000,0.0044,0.0264,1585,0,60000,0.0264,0.0504,9353,2,185484,0.0504,0.0301,5587,2,185484,0.0301
798.11,0.0044,264,0,60000,0.0044,0.0295,1771,0,60000,0.0295,0.0504,9353,2,185484,0.0504,0.0301,5587,2,185484,0.0301
798.61,0.0044,264,0,60000,0.0044,0.0295,1771,0,60000,0.0295,0.0509,9433,2,185484,0.0509,0.0437,8099,3,185484,0.0437
799.11,0.0044,264,0,60000,0.0044,0.0295,1771,0,60000,0.0295,0.0509,9433,2,185484,0.0509,0.0437,8099,3,185484,0.0437
799.61,0.0044,264,0,60000,0.0044,0.0295,1771,0,60000,0.0295,0.0513,9513,2,185484,0.0513,0.0252,4677,2,185484,0.0252
800.11,0.0044,264,0,60000,0.0044,0.0295,1771,0,60000,0.0295,0.0513,9513,2,185484,0.0513,0.0252,4677,2,185484,0.0252
800.61,0.0044,264,0,60000,0.0044,0.0295,1771,0,60000,0.0295,0.0517,9593,2,185484,0.0517,0.0256,4757,2,185484,0.0256
801.11,0.0044,264,0,60000,0.0044,0.0295,1771,0,60000,0.0295,0.0517,9593,2,185484,0.0517,0.0256,4757,2,185484,0.0256
801.61,0.0044,264,0,60000,0.0044,0.0295,1771,0,60000,0.0295,0.0156,2893,1,185484,0.0156,0.0261,4837,2,185484,0.0261
802.11,0.0044,264,0,60000,0.0044,0.0295,1771,0,60000,0.0295,0.0156,2893,1,185484,0.0156,0.0261,4837,2,185484,0.0261
802.61,0.0044,264,0,60000,0.0044,0.0295,1771,0,60000,0.0295,0.0158,2933,1,185484,0.0158,0.0265,4917,2,185484,0.0265
803.11,0.0044,264,0,60000,0.0044,0.0295,1771,0,60000,0.0295,0.0158,2933,1,185484,0.0158,0.0265,4917,2,185484,0.0265
803.61,0.0044,264,0,60000,0.0044,0.0295,1771,0,60000,0.0295,0.0160,2973,1,185484,0.0160,0.0269,4997,2,185484,0.0269
804.11,0.0044,264,0,60000,0.0044,0.0295,1771,0,60000,0.0295,0.0160,2973,1,185484,0.0160,0.0269,4997,2,185484,0.0269
804.61,0.0638,3830,0,60000,0.0638,0.0295,1771,0,60000,0.0295,0.0528,9789,1,185484,0.0528,0.0274,5077,2,185484,0.0274
805.11,0.0638,3830,0,60000,0.0638,0.0295,1771,0,60000,0.0295,0.0528,9789,1,185484,0.0528,0.0274,5077,2,185484,0.0274
805.61,0.0638,3830,0,60000,0.0638,0.0295,1771,0,60000,0.0295,0.0530,9831,2,185484,0.0530,0.0278,5157,2,185484,0.0278
806.11,0.0638,3830,0,60000,0.0638,0.0295,1771,0,60000,0.0295,0.0530,9831,2,185484,0.0530,0.0278,5157,2,185484,0.0278
806.61,0.0638,3830,0,60000,0.0638,0.0295,1771,0,60000,0.0295,0.0534,9911,2,185484,0.0534,0.0282,5237,2,185484,0.0282
807.11,0.0638,3830,0,60000,0.0638,0.0295,1771,0,60000,0.0295,0.0534,9911,2,185484,0.0534,0.0287,5317,2,185484,0.0287
807.61,0.0638,3830,0,60000,0.0638,0.0295,1771,0,60000,0.0295,0.0539,9991,2,185484,0.0539,0.0287,5317,2,185484,0.0287
808.11,0.0638,3830,0,60000,0.0638,0.0295,1771,0,60000,0.0295,0.0539,9991,2,185484,0.0539,0.0291,5397,2,185484,0.0291
808.61,0.0638,3830,0,60000,0.0638,0.0295,1771,0,60000,0.0295,0.0543,10071,2,185484,0.0543,0.0291,5397,2,185484,0.0291
809.11,0.0638,3830,0,60000,0.0638,0.0295,1771,0,60000,0.0295,0.0543,10071,2,185484,0.0543,0.0295,5477,2,185484,0.0295
809.61,0.0638,3830,0,60000,0.0638,0.0295,1771,0,60000,0.0295,0.0547,10151,2,185484,0.0547,0.0295,5477,2,185484,0.0295
810.11,0.0638,3830,0,60000,0.0638,0.0295,1771,0,60000,0.0295,0.0547,10151,2,185484,0.0547,0.0300,5557,2,185484,0.0300
810.61,0.0638,3830,0,60000,0.0638,0.0295,1771,0,60000,0.0295,0.0552,10231,2,185484,0.0552,0.0300,5557,2,185484,0.0300
811.11,0.0638,3830,0,60000,0.0638,0.0295,1771,0,60000,0.0295,0.0552,10231,2,185484,0.0552,0.0304,5637,2,185484,0.0304
811.61,0.0638,3830,0,60000,0.0638,0.0295,1771,0,60000,0.0295,0.0556,10311,2,185484,0.0556,0.0304,5637,2,185484,0.0304
812.11,0.0638,3830,0,60000,0.0638,0.0295,1771,0,60000,0.0295,0.0556,10311,2,185484,0.0556,0.0161,2992,1,185484,0.0161
812.61,0.0638,3830,0,60000,0.0638,0.0295,1771,0,60000,0.0295,0.0381,7058,1,185484,0.0381,0.0161,2992,1,185484,0.0161
813.11,0.0638,3830,0,60000,0.0638,0.0295,1771,0,60000,0.0295,0.0381,7058,1,185484,0.0381,0.0163,3032,1,185484,0.0163
813.61,0.0638,3830,0,60000,0.0638,0.0295,1771,0,60000,0.0295,0.0383,7098,1,185484,0.0383,0.0163,3032,1,185484,0.0163
814.11,0.0638,3830,0,60000,0.0638,0.0295,1771,0,60000,0.0295,0.0383,7098,1,185484,0.0383,0.0166,3072,1,185484,0.0166
814.61,0.0638,3830,0,60000,0.0638,0.0233,1401,0,60000,0.0233,0.0385,7138,1,185484,0.0385,0.0166,3072,1,185484,0.0166
815.11,0.0638,3830,0,60000,0.0638,0.0397,2380,0,60000,0.0397,0.0385,7138,1,185484,0.0385,0.0168,3112,1,185484,0.0168
815.61,0.0638,3830,0,60000,0.0638,0.0397,2380,0,60000,0.0397,0.0714,13243,2,185484,0.0714,0.0168,3112,1,185484,0.0168
816.11,0.0638,3830,0,60000,0.0638,0.0397,2380,0,60000,0.0397,0.0714,13243,2,185484,0.0714,0.0170,3152,1,185484,0.0170
816.61,0.0638,3830,0,60000,0.0638,0.0397,2380,0,60000,0.0397,0.0720,13354,3,185484,0.0720,0.0170,3152,1,185484,0.0170
817.11,0.0638,3830,0,60000,0.0638,0.0397,2380,0,60000,0.0397,0.0720,13354,3,185484,0.0720,0.0172,3192,1,185484,0.0172
817.61,0.0638,3830,0,60000,0.0638,0.0397,2380,0,60000,0.0397,0.0726,13474,3,185484,0.0726,0.0172,3192,1,185484,0.0172
818.11,0.0638,3830,0,60000,0.0638,0.0397,2380,0,60000,0.0397,0.0726,13474,3,185484,0.0726,0.0174,3232,1,185484,0.0174
818.61,0.0638,3830,0,60000,0.0638,0.0397,2380,0,60000,0.0397,0.0733,13594,3,185484,0.0733,0.0176,3272,1,185484,0.0176
819.11,0.0638,3830,0,60000,0.0638,0.0397,2380,0,60000,0.0397,0.0733,13594,3,185484,0.0733,0.0176,3272,1,185484,0.0176
819.61,0.0638,3830,0,60000,0.0638,0.0397,2380,0,60000,0.0397,0.0739,13714,3,185484,0.0739,0.0176,3272,1,185484,0.0176
820.11,0.0638,3830,0,60000,0.0638,0.0397,2380,0,60000,0.0397,0.0739,13714,3,185484,0.0739,0.0176,3272,1,185484,0.0176
820.61,0.0638,3830,0,60000,0.0638,0.0397,2380,0,60000,0.0397,0.0746,13834,3,185484,0.0746,0.0176,3272,1,185484,0.0176
821.11,0.0638,3830,0,60000,0.0638,0.0397,2380,0,60000,0.0397,0.0746,13834,3,185484,0.0746,0.0176,3272,1,185484,0.0176
821.61,0.0638,3830,0,60000,0.0638,0.0397,2380,0,60000,0.0397,0.0752,13954,3,185484,0.0752,0.0176,3272,1,185484,0.0176
822.11,0.0006,36,0,60000,0.0006,0.0397,2380,0,60000,0.0397,0.0752,13954,3,185484,0.0752,0.0176,3272,1,185484,0.0176
822.61,0.0006,36,0,60000,0.0006,0.0397,2380,0,60000,0.0397,0.0937,17388,3,185484,0.0937,0.0176,3272,1,185484,0.0176
823.11,0.0006,36,0,60000,0.0006,0.0397,2380,0,60000,0.0397,0.0937,17388,3,185484,0.0937,0.0176,3272,1,185484,0.0176
823.61,0.0006,36,0,60000,0.0006,0.0397,2380,0,60000,0.0397,0.0937,17388,3,185484,0.0937,0.0176,3272,1,185484,0.0176
824.11,0.0006,36,0,60000,0.0006,0.0397,2380,0,60000,0.0397,0.0946,17539,4,185484,0.0946,0.0176,3272,1,185484,0.0176
824.61,0.0006,36,0,60000,0.0006,0.0397,2380,0,60000,0.0397,0.0946,17539,4,185484,0.0946,0.0176,3272,1,185484,0.0176
825.11,0.0006,36,0,60000,0.0006,0.0397,2380,0,60000,0.0397,0.0954,17699,4,185484,0.0954,0.0176,3272,1,185484,0.0176
825.61,0.0006,36,0,60000,0.0006,0.0397,2380,0,60000,0.0397,0.0954,17699,4,185484,0.0954,0.0176,3272,1,185484,0.0176
826.11,0.0006,36,0,60000,0.0006,0.0397,2380,0,60000,0.0397,0.0963,17859,4,185484,0.0963,0.0176,3272,1,185484,0.0176
826.61,0.0006,36,0,60000,0.0006,0.0397,2380,0,60000,0.0397,0.0963,17859,4,185484,0.0963,0.0176,3272,1,185484,0.0176
827.11,0.0006,36,0,60000,0.0006,0.0397,2380,0,60000,0.0397,0.0971,18019,4,185484,0.0971,0.0176,3272,1,185484,0.0176
827.61,0.0006,36,0,60000,0.0006,0.0397,2380,0,60000,0.0397,0.0971,18019,4,185484,0.0971,0.0176,3272,1,185484,0.0176
828.11,0.0006,36,0,60000,0.0006,0.0397,2380,0,60000,0.0397,0.0980,18179,4,185484,0.0980,0.0176,3272,1,185484,0.0176
828.61,0.0006,36,0,60000,0.0006,0.0397,2380,0,60000,0.0397,0.0980,18179,4,185484,0.0980,0.0176,3272,1,185484,0.0176
829.11,0.0006,36,0,60000,0.0006,0.0397,2380,0,60000,0.0397,0.0989,18339,4,185484,0.0989,0.0176,3272,1,185484,0.0176
829.61,0.0006,36,0,60000,0.0006,0.0397,2380,0,60000,0.0397,0.0989,18339,4,185484,0.0989,0.0176,3272,1,185484,0.0176
830.11,0.0006,36,0,60000,0.0006,0.0397,2380,0,60000,0.0397,0.0997,18499,4,185484,0.0997,0.0176,3272,1,185484,0.0176
830.61,0.0006,36,0,60000,0.0006,0.0397,2380,0,60000,0.0397,0.0997,18499,4,185484,0.0997,0.0176,3272,1,185484,0.0176
831.11,0.0006,36,0,60000,0.0006,0.0397,2380,0,60000,0.0397,0.0997,18499,4,185484,0.0997,0.0176,3272,1,185484,0.0176
831.61,0.0006,36,0,60000,0.0006,0.0397,2380,0,60000,0.0397,0.1006,18659,4,185484,0.1006,0.0176,3272,1,185484,0.0176
832.11,0.0006,36,0,60000,0.0006,0.0397,2380,0,60000,0.0397,0.1006,18659,4,185484,0.1006,0.0176,3272,1,185484,0.0176
832.61,0.0006,36,0,60000,0.0006,0.0397,2380,0,60000,0.0397,0.0411,7629,2,185484,0.0411,0.0176,3272,1,185484,0.0176
833.12,0.0006,36,0,60000,0.0006,0.0397,2380,0,60000,0.0397,0.0411,7629,2,185484,0.0411,0.0176,3272,1,185484,0.0176
833.62,0.0006,36,0,60000,0.0006,0.0397,2380,0,60000,0.0397,0.0416,7709,2,185484,0.0416,0.0176,3272,1,185484,0.0176
834.12,0.0006,36,0,60000,0.0006,0.0397,2380,0,60000,0.0397,0.0416,7709,2,185484,0.0416,0.0176,3272,1,185484,0.0176
834.62,0.0006,36,0,60000,0.0006,0.0397,2380,0,60000,0.0397,0.0420,7789,2,185484,0.0420,0.0176,3272,1,185484,0.0176
835.12,0.0332,1990,0,60000,0.0332,0.0397,2380,0,60000,0.0397,0.0420,7789,2,185484,0.0420,0.0176,3272,1,185484,0.0176
835.62,0.0332,1990,0,60000,0.0332,0.0397,2380,0,60000,0.0397,0.0424,7869,2,185484,0.0424,0.0176,3272,1,185484,0.0176
836.12,0.0332,1990,0,60000,0.0332,0.0397,2380,0,60000,0.0397,0.0424,7869,2,185484,0.0424,0.0183,3391,1,185484,0.0183
836.62,0.0332,1990,0,60000,0.0332,0.0397,2380,0,60000,0.0397,0.0429,7949,2,185484,0.0429,0.0183,3391,1,185484,0.0183
837.12,0.0332,1990,0,60000,0.0332,0.0397,2380,0,60000,0.0397,0.0429,7949,2,185484,0.0429,0.0185,3431,1,185484,0.0185
837.62,0.0332,1990,0,60000,0.0332,0.0397,2380,0,60000,0.0397,0.0208,3865,1,185484,0.0208,0.0187,3471,1,185484,0.0187
838.12,0.0332,1990,0,60000,0.0332,0.0397,2380,0,60000,0.0397,0.0211,3905,1,185484,0.0211,0.0187,3471,1,185484,0.0187
838.62,0.0000,0,0,60000,0.0000,0.0000,0,0,60000,0.0000,0.0211,3905,1,185484,0.0211,0.0189,3511,1,185484,0.0189
839.12,0.0000,0,0,60000,0.0000,0.0000,0,0,60000,0.0000,0.0213,3945,1,185484,0.0213,0.0189,3511,1,185484,0.0189
839.62,0.0703,4215,0,60000,0.0703,0.0000,0,0,60000,0.0000,0.0213,3945,1,185484,0.0213,0.0191,3551,1,185484,0.0191
840.12,0.0703,4215,0,60000,0.0703,0.0000,0,0,60000,0.0000,0.0443,8208,1,185484,0.0443,0.0191,3551,1,185484,0.0191
840.62,0.0703,4215,0,60000,0.0703,0.0000,0,0,60000,0.0000,0.0443,8208,1,185484,0.0443,0.0194,3591,1,185484,0.0194
841.12,0.0703,4215,0,60000,0.0703,0.0000,0,0,60000,0.0000,0.0446,8276,2,185484,0.0446,0.0194,3591,1,185484,0.0194
841.62,0.0703,4215,0,60000,0.0703,0.0000,0,0,60000,0.0000,0.0446,8276,2,185484,0.0446,0.0196,3631,1,185484,0.0196
842.12,0.0703,4215,0,60000,0.0703,0.0000,0,0,60000,0.0000,0.0450,8356,2,185484,0.0450,0.0196,3631,1,185484,0.0196
842.62,0.0703,4215,0,60000,0.0703,0.0000,0,0,60000,0.0000,0.0450,8356,2,185484,0.0450,0.0198,3671,1,185484,0.0198
843.12,0.0703,4215,0,60000,0.0703,0.0000,0,0,60000,0.0000,0.0233,4331,1,185484,0.0233,0.0198,3671,1,185484,0.0198
843.62,0.0703,4215,0,60000,0.0703,0.0000,0,0,60000,0.0000,0.0233,4331,1,185484,0.0233,0.0200,3711,1,185484,0.0200
844.12,0.0703,4215,0,60000,0.0703,0.0000,0,0,60000,0.0000,0.0236,4371,1,185484,0.0236,0.0200,3711,1,185484,0.0200
844.62,0.0703,4215,0,60000,0.0703,0.0000,0,0,60000,0.0000,0.0236,4371,1,185484,0.0236,0.0202,3751,1,185484,0.0202
845.12,0.0703,4215,0,60000,0.0703,0.0000,0,0,60000,0.0000,0.0238,4411,1,185484,0.0238,0.0202,3751,1,185484,0.0202
845.62,0.0703,4215,0,60000,0.0703,0.0403,2417,0,60000,0.0403,0.0238,4411,1,185484,0.0238,0.0204,3791,1,185484,0.0204
846.12,0.0703,4215,0,60000,0.0703,0.0403,2417,0,60000,0.0403,0.0461,8546,1,185484,0.0461,0.0207,3831,1,185484,0.0207
846.62,0.0703,4215,0,60000,0.0703,0.0403,2417,0,60000,0.0403,0.0461,8546,1,185484,0.0461,0.0207,3831,1,185484,0.0207
847.12,0.0703,4215,0,60000,0.0703,0.0403,2417,0,60000,0.0403,0.0222,4127,1,185484,0.0222,0.0209,3871,1,185484,0.0209
847.62,0.0703,4215,0,60000,0.0703,0.0403,2417,0,60000,0.0403,0.0222,4127,1,185484,0.0222,0.0209,3871,1,185484,0.0209
848.12,0.0703,4215,0,60000,0.0703,0.0403,2417,0,60000,0.0403,0.0225,4167,1,185484,0.0225,0.0211,3911,1,185484,0.0211
848.62,0.0703,4215,0,60000,0.0703,0.0403,2417,0,60000,0.0403,0.0225,4167,1,185484,0.0225,0.0211,3911,1,185484,0.0211
849.12,0.0703,4215,0,60000,0.0703,0.0403,2417,0,60000,0.0403,0.0227,4207,1,185484,0.0227,0.0213,3951,1,185484,0.0213
849.62,0.0704,4223,0,60000,0.0704,0.0403,2417,0,60000,0.0403,0.0229,4247,1,185484,0.0229,0.0213,3951,1,185484,0.0213
850.12,0.0704,4223,0,60000,0.0704,0.0403,2417,0,60000,0.0403,0.0229,4247,1,185484,0.0229,0.0458,8501,2,185484,0.0458
850.62,0.0704,4223,0,60000,0.0704,0.0403,2417,0,60000,0.0403,0.0231,4287,1,185484,0.0231,0.0458,8501,2,185484,0.0458
851.12,0.0704,4223,0,60000,0.0704,0.0403,2417,0,60000,0.0403,0.0231,4287,1,185484,0.0231,0.0245,4550,1,185484,0.0245
851.62,0.0704,4223,0,60000,0.0704,0.0403,2417,0,60000,0.0403,0.0233,4327,1,185484,0.0233,0.0245,4550,1,185484,0.0245
852.12,0.0704,4223,0,60000,0.0704,0.0403,2417,0,60000,0.0403,0.0233,4327,1,185484,0.0233,0.0247,4590,1,185484,0.0247
852.62,0.0704,4223,0,60000,0.0704,0.0403,2417,0,60000,0.0403,0.0235,4367,1,185484,0.0235,0.0247,4590,1,185484,0.0247
853.12,0.0704,4223,0,60000,0.0704,0.0403,2417,0,60000,0.0403,0.0235,4367,1,185484,0.0235,0.0250,4630,1,185484,0.0250
853.62,0.0704,4223,0,60000,0.0704,0.0403,2417,0,60000,0.0403,0.0238,4407,1,185484,0.0238,0.0250,4630,1,185484,0.0250
854.12,0.0704,4223,0,60000,0.0704,0.0403,2417,0,60000,0.0403,0.0238,4407,1,185484,0.0238,0.0252,4670,1,185484,0.0252
854.62,0.0704,4223,0,60000,0.0704,0.0403,2417,0,60000,0.0403,0.0240,4447,1,185484,0.0240,0.0252,4670,1,185484,0.0252
855.12,0.0704,4223,0,60000,0.0704,0.0403,2417,0,60000,0.0403,0.0240,4447,1,185484,0.0240,0.0254,4710,1,185484,0.0254
855.62,0.0704,4223,0,60000,0.0704,0.0403,2417,0,60000,0.0403,0.0242,4487,1,185484,0.0242,0.0256,4750,1,185484,0.0256
856.12,0.0704,4223,0,60000,0.0704,0.0403,2417,0,60000,0.0403,0.0242,4487,1,185484,0.0242,0.0256,4750,1,185484,0.0256
856.62,0.0704,4223,0,60000,0.0704,0.0403,2417,0,60000,0.0403,0.0244,4527,1,185484,0.0244,0.0258,4790,1,185484,0.0258
857.12,0.0704,4223,0,60000,0.0704,0.0403,2417,0,60000,0.0403,0.0244,4527,1,185484,0.0244,0.0258,4790,1,185484,0.0258
857.62,0.0704,4223,0,60000,0.0704,0.0403,2417,0,60000,0.0403,0.0246,4567,1,185484,0.0246,0.0000,0,1,185484,0.0000
858.12,0.0704,4223,0,60000,0.0704,0.0403,2417,0,60000,0.0403,0.0246,4567,1,185484,0.0246,0.0000,0,1,185484,0.0000
858.62,0.0704,4223,0,60000,0.0704,0.0403,2417,0,60000,0.0403,0.0248,4607,1,185484,0.0248,0.0000,0,1,185484,0.0000
859.12,0.0704,4223,0,60000,0.0704,0.0403,2417,0,60000,0.0403,0.0251,4647,1,185484,0.0251,0.0000,0,1,185484,0.0000
859.62,0.0704,4223,0,60000,0.0704,0.0403,2417,0,60000,0.0403,0.0251,4647,1,185484,0.0251,0.0000,0,1,185484,0.0000
860.12,0.0704,4223,0,60000,0.0704,0.0403,2417,0,60000,0.0403,0.0253,4687,1,185484,0.0253,0.0000,0,1,185484,0.0000
860.62,0.0704,4223,0,60000,0.0704,0.0556,3333,0,60000,0.0556,0.0253,4687,1,185484,0.0253,0.0000,0,1,185484,0.0000
861.12,0.0704,4223,0,60000,0.0704,0.0556,3333,0,60000,0.0556,0.0517,9582,1,185484,0.0517,0.0000,0,1,185484,0.0000
861.62,0.0704,4223,0,60000,0.0704,0.0556,3333,0,60000,0.0556,0.0517,9582,1,185484,0.0517,0.0000,0,1,185484,0.0000
862.12,0.0704,4223,0,60000,0.0704,0.0556,3333,0,60000,0.0556,0.0519,9622,1,185484,0.0519,0.0000,0,1,185484,0.0000
862.62,0.0704,4223,0,60000,0.0704,0.0556,3333,0,60000,0.0556,0.0519,9622,1,185484,0.0519,0.0000,0,1,185484,0.0000
863.12,0.0704,4223,0,60000,0.0704,0.0556,3333,0,60000,0.0556,0.0521,9662,1,185484,0.0521,0.0000,0,1,185484,0.0000
863.62,0.0704,4223,0,60000,0.0704,0.0556,3333,0,60000,0.0556,0.0521,9662,1,185484,0.0521,0.0000,0,1,185484,0.0000
864.12,0.0704,4223,0,60000,0.0704,0.0556,3333,0,60000,0.0556,0.0525,9737,2,185484,0.0525,0.0000,0,1,185484,0.0000
864.62,0.0704,4223,0,60000,0.0704,0.0556,3333,0,60000,0.0556,0.0525,9737,2,185484,0.0525,0.0000,0,1,185484,0.0000
865.12,0.0704,4223,0,60000,0.0704,0.0556,3333,0,60000,0.0556,0.0529,9817,2,185484,0.0529,0.0000,0,1,185484,0.0000
865.62,0.0704,4223,0,60000,0.0704,0.0556,3333,0,60000,0.0556,0.0529,9817,2,185484,0.0529,0.0000,0,1,185484,0.0000
866.12,0.0704,4223,0,60000,0.0704,0.0556,3333,0,60000,0.0556,0.0534,9897,2,185484,0.0534,0.0000,0,1,185484,0.0000
866.62,0.0704,4223,0,60000,0.0704,0.0556,3333,0,60000,0.0556,0.0534,9897,2,185484,0.0534,0.0000,0,1,185484,0.0000
867.12,0.0704,4223,0,60000,0.0704,0.0556,3333,0,60000,0.0556,0.0538,9977,2,185484,0.0538,0.0000,0,1,185484,0.0000
867.62,0.0704,4223,0,60000,0.0704,0.0556,3333,0,60000,0.0556,0.0538,9977,2,185484,0.0538,0.0000,0,1,185484,0.0000
868.12,0.0704,4223,0,60000,0.0704,0.0556,3333,0,60000,0.0556,0.0272,5050,1,185484,0.0272,0.0000,0,1,185484,0.0000
868.62,0.0704,4223,0,60000,0.0704,0.0556,3333,0,60000,0.0556,0.0272,5050,1,185484,0.0272,0.0000,0,1,185484,0.0000
869.12,0.0704,4223,0,60000,0.0704,0.0556,3333,0,60000,0.0556,0.0274,5090,1,185484,0.0274,0.0000,0,1,185484,0.0000
869.62,0.0704,4223,0,60000,0.0704,0.0556,3333,0,60000,0.0556,0.0274,5090,1,185484,0.0274,0.0000,0,1,185484,0.0000
870.12,0.0704,4223,0,60000,0.0704,0.0556,3333,0,60000,0.0556,0.0277,5130,1,185484,0.0277,0.0000,0,1,185484,0.0000
870.62,0.0552,3314,0,60000,0.0552,0.0556,3333,0,60000,0.0556,0.0277,5130,1,185484,0.0277,0.0000,0,1,185484,0.0000
871.12,0.0552,3314,0,60000,0.0552,0.0556,3333,0,60000,0.0556,0.0279,5170,1,185484,0.0279,0.0000,0,1,185484,0.0000
871.62,0.0552,3314,0,60000,0.0552,0.0556,3333,0,60000,0.0556,0.0279,5170,1,185484,0.0279,0.0000,0,1,185484,0.0000
872.12,0.0552,3314,0,60000,0.0552,0.0556,3333,0,60000,0.0556,0.0281,5210,1,185484,0.0281,0.0272,5044,1,185484,0.0272
872.62,0.0552,3314,0,60000,0.0552,0.0556,3333,0,60000,0.0556,0.0281,5210,1,185484,0.0281,0.0272,5044,1,185484,0.0272
873.12,0.0552,3314,0,60000,0.0552,0.0556,3333,0,60000,0.0556,0.0283,5250,1,185484,0.0283,0.0274,5084,1,185484,0.0274
873.62,0.0552,3314,0,60000,0.0552,0.0556,3333,0,60000,0.0556,0.0283,5250,1,185484,0.0283,0.0274,5084,1,185484,0.0274
874.12,0.0552,3314,0,60000,0.0552,0.0556,3333,0,60000,0.0556,0.0285,5290,1,185484,0.0285,0.0276,5124,1,185484,0.0276
874.62,0.0552,3314,0,60000,0.0552,0.0556,3333,0,60000,0.0556,0.0287,5330,1,185484,0.0287,0.0276,5124,1,185484,0.0276
875.12,0.0552,3314,0,60000,0.0552,0.0556,3333,0,60000,0.0556,0.0287,5330,1,185484,0.0287,0.0278,5164,1,185484,0.0278
875.62,0.0552,3314,0,60000,0.0552,0.0556,3333,0,60000,0.0556,0.0290,5370,1,185484,0.0290,0.0278,5164,1,185484,0.0278
876.12,0.0552,3314,0,60000,0.0552,0.0556,3333,0,60000,0.0556,0.0290,5370,1,185484,0.0290,0.0281,5204,1,185484,0.0281
876.62,0.0552,3314,0,60000,0.0552,0.0556,3333,0,60000,0.0556,0.0292,5410,1,185484,0.0292,0.0281,5204,1,185484,0.0281
877.12,0.0552,3314,0,60000,0.0552,0.0556,3333,0,60000,0.0556,0.0292,5410,1,185484,0.0292,0.0283,5244,1,185484,0.0283
877.62,0.0552,3314,0,60000,0.0552,0.0556,3333,0,60000,0.0556,0.0294,5450,1,185484,0.0294,0.0283,5244,1,185484,0.0283
878.12,0.0552,3314,0,60000,0.0552,0.0556,3333,0,60000,0.0556,0.0294,5450,1,185484,0.0294,0.0285,5284,1,185484,0.0285
878.62,0.0552,3314,0,60000,0.0552,0.0556,3333,0,60000,0.0556,0.0296,5490,1,185484,0.0296,0.0285,5284,1,185484,0.0285
879.12,0.0552,3314,0,60000,0.0552,0.0556,3333,0,60000,0.0556,0.0296,5490,1,185484,0.0296,0.0287,5324,1,185484,0.0287
879.62,0.0552,3314,0,60000,0.0552,0.0556,3333,0,60000,0.0556,0.0296,5490,1,185484,0.0296,0.0287,5324,1,185484,0.0287
880.12,0.0552,3314,0,60000,0.0552,0.0556,3333,0,60000,0.0556,0.0296,5490,1,185484,0.0296,0.0289,5364,1,185484,0.0289
880.62,0.0552,3314,0,60000,0.0552,0.0556,3333,0,60000,0.0556,0.0296,5490,1,185484,0.0296,0.0289,5364,1,185484,0.0289
881.12,0.0552,3314,0,60000,0.0552,0.0556,3333,0,60000,0.0556,0.0296,5490,1,185484,0.0296,0.0291,5404,1,185484,0.0291
881.62,0.0552,3314,0,60000,0.0552,0.0809,4855,0,60000,0.0809,0.0296,5490,1,185484,0.0296,0.0591,10963,1,185484,0.0591
882.12,0.0552,3314,0,60000,0.0552,0.0809,4855,0,60000,0.0809,0.0296,5490,1,185484,0.0296,0.0591,10963,1,185484,0.0591
882.62,0.0552,3314,0,60000,0.0552,0.0809,4855,0,60000,0.0809,0.0296,5490,1,185484,0.0296,0.0594,11020,2,185484,0.0594
883.12,0.0552,3314,0,60000,0.0552,0.0809,4855,0,60000,0.0809,0.0296,5490,1,185484,0.0296,0.0594,11020,2,185484,0.0594
883.62,0.0552,3314,0,60000,0.0552,0.0809,4855,0,60000,0.0809,0.0296,5490,1,185484,0.0296,0.0598,11100,2,185484,0.0598
884.12,0.0552,3314,0,60000,0.0552,0.0809,4855,0,60000,0.0809,0.0296,5490,1,185484,0.0296,0.0598,11100,2,185484,0.0598
884.62,0.0552,3314,0,60000,0.0552,0.0809,4855,0,60000,0.0809,0.0296,5490,1,185484,0.0296,0.0603,11180,2,185484,0.0603
885.12,0.0552,3314,0,60000,0.0552,0.0809,4855,0,60000,0.0809,0.0296,5490,1,185484,0.0296,0.0603,11180,2,185484,0.0603
885.62,0.0552,3314,0,60000,0.0552,0.0809,4855,0,60000,0.0809,0.0296,5490,1,185484,0.0296,0.0603,11180,2,185484,0.0603
886.12,0.0552,3314,0,60000,0.0552,0.0809,4855,0,60000,0.0809,0.0296,5490,1,185484,0.0296,0.0607,11260,2,185484,0.0607
886.62,0.0552,3314,0,60000,0.0552,0.0809,4855,0,60000,0.0809,0.0296,5490,1,185484,0.0296,0.0607,11260,2,185484,0.0607
887.12,0.0552,3314,0,60000,0.0552,0.0809,4855,0,60000,0.0809,0.0296,5490,1,185484,0.0296,0.0611,11340,2,185484,0.0611
887.62,0.0552,3314,0,60000,0.0552,0.0809,4855,0,60000,0.0809,0.0296,5490,1,185484,0.0296,0.0611,11340,2,185484,0.0611
888.12,0.0552,3314,0,60000,0.0552,0.0809,4855,0,60000,0.0809,0.0296,5490,1,185484,0.0296,0.0616,11420,2,185484,0.0616
888.62,0.0552,3314,0,60000,0.0552,0.0809,4855,0,60000,0.0809,0.0296,5490,1,185484,0.0296,0.0616,11420,2,185484,0.0616
889.12,0.0552,3314,0,60000,0.0552,0.0809,4855,0,60000,0.0809,0.0296,5490,1,185484,0.0296,0.0620,11500,2,185484,0.0620
889.62,0.0552,3314,0,60000,0.0552,0.0809,4855,0,60000,0.0809,0.0296,5490,1,185484,0.0296,0.0620,11500,2,185484,0.0620
890.12,0.0552,3314,0,60000,0.0552,0.0809,4855,0,60000,0.0809,0.0296,5490,1,185484,0.0296,0.0624,11580,2,185484,0.0624
890.63,0.0552,3314,0,60000,0.0552,0.0809,4855,0,60000,0.0809,0.0296,5490,1,185484,0.0296,0.0624,11580,2,185484,0.0624
891.13,0.0552,3314,0,60000,0.0552,0.0809,4855,0,60000,0.0809,0.0296,5490,1,185484,0.0296,0.0629,11660,2,185484,0.0629
891.63,0.0552,3314,0,60000,0.0552,0.0809,4855,0,60000,0.0809,0.0296,5490,1,185484,0.0296,0.0629,11660,2,185484,0.0629
892.13,0.0552,3314,0,60000,0.0552,0.0809,4855,0,60000,0.0809,0.0296,5490,1,185484,0.0296,0.0633,11740,2,185484,0.0633
892.63,0.0552,3314,0,60000,0.0552,0.0809,4855,0,60000,0.0809,0.0296,5490,1,185484,0.0296,0.0633,11740,2,185484,0.0633
893.13,0.0552,3314,0,60000,0.0552,0.0809,4855,0,60000,0.0809,0.0296,5490,1,185484,0.0296,0.0637,11820,2,185484,0.0637
893.63,0.0552,3314,0,60000,0.0552,0.0809,4855,0,60000,0.0809,0.0296,5490,1,185484,0.0296,0.0637,11820,2,185484,0.0637
894.13,0.0552,3314,0,60000,0.0552,0.0809,4855,0,60000,0.0809,0.0296,5490,1,185484,0.0296,0.0642,11900,2,185484,0.0642
894.63,0.0552,3314,0,60000,0.0552,0.0809,4855,0,60000,0.0809,0.0296,5490,1,185484,0.0296,0.0642,11900,2,185484,0.0642
895.13,0.0552,3314,0,60000,0.0552,0.0809,4855,0,60000,0.0809,0.0296,5490,1,185484,0.0296,0.0646,11980,2,185484,0.0646
895.63,0.0552,3314,0,60000,0.0552,0.0809,4855,0,60000,0.0809,0.0296,5490,1,185484,0.0296,0.0646,11980,2,185484,0.0646
896.13,0.0552,3314,0,60000,0.0552,0.0809,4855,0,60000,0.0809,0.0296,5490,1,185484,0.0296,0.0650,12060,2,185484,0.0650
896.63,0.0552,3314,0,60000,0.0552,0.0809,4855,0,60000,0.0809,0.0296,5490,1,185484,0.0296,0.0650,12060,2,185484,0.0650
897.13,0.0552,3314,0,60000,0.0552,0.0809,4855,0,60000,0.0809,0.0296,5490,1,185484,0.0296,0.0329,6096,1,185484,0.0329
897.63,0.0552,3314,0,60000,0.0552,0.0809,4855,0,60000,0.0809,0.0296,5490,1,185484,0.0296,0.0329,6096,1,185484,0.0329
898.13,0.0552,3314,0,60000,0.0552,0.0809,4855,0,60000,0.0809,0.0296,5490,1,185484,0.0296,0.0331,6136,1,185484,0.0331
898.63,0.0000,0,0,60000,0.0000,0.0000,0,0,60000,0.0000,0.0296,5490,1,185484,0.0296,0.0331,6136,1,185484,0.0331
899.13,0.0000,0,0,60000,0.0000,0.0000,0,0,60000,0.0000,0.0296,5490,1,185484,0.0296,0.0331,6136,1,185484,0.0331
899.63,0.0834,5004,0,60000,0.0834,0.0000,0,0,60000,0.0000,0.0296,5490,1,185484,0.0296,0.0331,6136,1,185484,0.0331
900.13,0.0834,5004,0,60000,0.0834,0.0000,0,0,60000,0.0000,0.0296,5490,1,185484,0.0296,0.0331,6136,1,185484,0.0331
900.63,0.0834,5004,0,60000,0.0834,0.0000,0,0,60000,0.0000,0.0296,5490,1,185484,0.0296,0.0331,6136,1,185484,0.0331
901.13,0.0834,5004,0,60000,0.0834,0.0000,0,0,60000,0.0000,0.0296,5490,1,185484,0.0296,0.0327,6072,1,185484,0.0327
901.63,0.0751,4507,0,60000,0.0751,0.0000,0,0,60000,0.0000,0.0296,5490,1,185484,0.0296,0.0327,6072,1,185484,0.0327
902.13,0.0751,4507,0,60000,0.0751,0.0000,0,0,60000,0.0000,0.0296,5490,1,185484,0.0296,0.0330,6112,1,185484,0.0330
902.63,0.0751,4507,0,60000,0.0751,0.0000,0,0,60000,0.0000,0.0296,5490,1,185484,0.0296,0.0330,6112,1,185484,0.0330
903.13,0.0751,4507,0,60000,0.0751,0.0000,0,0,60000,0.0000,0.0334,6203,1,185484,0.0334,0.0332,6152,1,185484,0.0332
903.63,0.0751,4507,0,60000,0.0751,0.0000,0,0,60000,0.0000,0.0334,6203,1,185484,0.0334,0.0332,6152,1,185484,0.0332
904.13,0.0751,4507,0,60000,0.0751,0.0000,0,0,60000,0.0000,0.0337,6243,1,185484,0.0337,0.0334,6192,1,185484,0.0334
904.63,0.0751,4507,0,60000,0.0751,0.0000,0,0,60000,0.0000,0.0337,6243,1,185484,0.0337,0.0334,6192,1,185484,0.0334
905.13,0.0751,4507,0,60000,0.0751,0.0000,0,0,60000,0.0000,0.0339,6283,1,185484,0.0339,0.0336,6232,1,185484,0.0336
905.63,0.0751,4507,0,60000,0.0751,0.0000,0,0,60000,0.0000,0.0339,6283,1,185484,0.0339,0.0338,6272,1,185484,0.0338
906.13,0.0751,4507,0,60000,0.0751,0.0000,0,0,60000,0.0000,0.0341,6323,1,185484,0.0341,0.0338,6272,1,185484,0.0338
906.63,0.0751,4507,0,60000,0.0751,0.0000,0,0,60000,0.0000,0.0341,6323,1,185484,0.0341,0.0340,6312,1,185484,0.0340
907.13,0.0751,4507,0,60000,0.0751,0.0000,0,0,60000,0.0000,0.0343,6363,1,185484,0.0343,0.0340,6312,1,185484,0.0340
907.63,0.0751,4507,0,60000,0.0751,0.0000,0,0,60000,0.0000,0.0343,6363,1,185484,0.0343,0.0342,6352,1,185484,0.0342
908.13,0.0751,4507,0,60000,0.0751,0.0000,0,0,60000,0.0000,0.0345,6403,1,185484,0.0345,0.0342,6352,1,185484,0.0342
908.63,0.0751,4507,0,60000,0.0751,0.0000,0,0,60000,0.0000,0.0345,6403,1,185484,0.0345,0.0345,6392,1,185484,0.0345
909.13,0.0751,4507,0,60000,0.0751,0.0000,0,0,60000,0.0000,0.0347,6443,1,185484,0.0347,0.0345,6392,1,185484,0.0345
909.63,0.0751,4507,0,60000,0.0751,0.0000,0,0,60000,0.0000,0.0347,6443,1,185484,0.0347,0.0347,6432,1,185484,0.0347
910.13,0.0751,4507,0,60000,0.0751,0.0000,0,0,60000,0.0000,0.0350,6483,1,185484,0.0350,0.0347,6432,1,185484,0.0347
910.63,0.0751,4507,0,60000,0.0751,0.0000,0,0,60000,0.0000,0.0352,6523,1,185484,0.0352,0.0349,6472,1,185484,0.0349
911.13,0.0751,4507,0,60000,0.0751,0.0000,0,0,60000,0.0000,0.0352,6523,1,185484,0.0352,0.0349,6472,1,185484,0.0349
911.63,0.0751,4507,0,60000,0.0751,0.0000,0,0,60000,0.0000,0.0352,6523,1,185484,0.0352,0.0351,6512,1,185484,0.0351
912.13,0.0751,4507,0,60000,0.0751,0.0000,0,0,60000,0.0000,0.0352,6523,1,185484,0.0352,0.0351,6512,1,185484,0.0351
912.63,0.0751,4507,0,60000,0.0751,0.0000,0,0,60000,0.0000,0.0352,6523,1,185484,0.0352,0.0353,6552,1,185484,0.0353
913.13,0.0751,4507,0,60000,0.0751,0.0000,0,0,60000,0.0000,0.0352,6523,1,185484,0.0352,0.0353,6552,1,185484,0.0353
913.63,0.0751,4507,0,60000,0.0751,0.0000,0,0,60000,0.0000,0.0352,6523,1,185484,0.0352,0.0355,6592,1,185484,0.0355
914.13,0.0751,4507,0,60000,0.0751,0.0000,0,0,60000,0.0000,0.0352,6523,1,185484,0.0352,0.0355,6592,1,185484,0.0355
914.63,0.0751,4507,0,60000,0.0751,0.0000,0,0,60000,0.0000,0.0352,6523,1,185484,0.0352,0.0358,6632,1,185484,0.0358
915.13,0.0751,4507,0,60000,0.0751,0.0000,0,0,60000,0.0000,0.0352,6523,1,185484,0.0352,0.0358,6632,1,185484,0.0358
915.63,0.0751,4507,0,60000,0.0751,0.0000,0,0,60000,0.0000,0.0352,6523,1,185484,0.0352,0.0360,6672,1,185484,0.0360
916.13,0.0751,4507,0,60000,0.0751,0.0000,0,0,60000,0.0000,0.0352,6523,1,185484,0.0352,0.0360,6672,1,185484,0.0360
916.63,0.0751,4507,0,60000,0.0751,0.0000,0,0,60000,0.0000,0.0352,6523,1,185484,0.0352,0.0362,6712,1,185484,0.0362
917.13,0.0751,4507,0,60000,0.0751,0.0000,0,0,60000,0.0000,0.0352,6523,1,185484,0.0352,0.0362,6712,1,185484,0.0362
917.63,0.0751,4507,0,60000,0.0751,0.0000,0,0,60000,0.0000,0.0352,6523,1,185484,0.0352,0.0364,6752,1,185484,0.0364
918.13,0.0751,4507,0,60000,0.0751,0.0000,0,0,60000,0.0000,0.0352,6523,1,185484,0.0352,0.0364,6752,1,185484,0.0364
918.63,0.0751,4507,0,60000,0.0751,0.0000,0,0,60000,0.0000,0.0352,6523,1,185484,0.0352,0.0366,6792,1,185484,0.0366
919.13,0.0751,4507,0,60000,0.0751,0.0000,0,0,60000,0.0000,0.0352,6523,1,185484,0.0352,0.0368,6832,1,185484,0.0368
919.63,0.0751,4507,0,60000,0.0751,0.0000,0,0,60000,0.0000,0.0352,6523,1,185484,0.0352,0.0368,6832,1,185484,0.0368
920.13,0.0751,4507,0,60000,0.0751,0.0000,0,0,60000,0.0000,0.0352,6523,1,185484,0.0352,0.0370,6872,1,185484,0.0370
920.63,0.0751,4507,0,60000,0.0751,0.0000,0,0,60000,0.0000,0.0352,6523,1,185484,0.0352,0.0370,6872,1,185484,0.0370
921.13,0.0751,4507,0,60000,0.0751,0.0000,0,0,60000,0.0000,0.0352,6523,1,185484,0.0352,0.0370,6872,1,185484,0.0370
921.63,0.0751,4507,0,60000,0.0751,0.0000,0,0,60000,0.0000,0.0352,6523,1,185484,0.0352,0.0370,6872,1,185484,0.0370
922.13,0.0751,4507,0,60000,0.0751,0.0000,0,0,60000,0.0000,0.0352,6523,1,185484,0.0352,0.0370,6872,1,185484,0.0370
922.63,0.0751,4507,0,60000,0.0751,0.0000,0,0,60000,0.0000,0.0352,6523,1,185484,0.0352,0.0370,6872,1,185484,0.0370
923.13,0.0751,4507,0,60000,0.0751,0.0000,0,0,60000,0.0000,0.0352,6523,1,185484,0.0352,0.0370,6872,1,185484,0.0370
923.63,0.0751,4507,0,60000,0.0751,0.0683,4095,0,60000,0.0683,0.0352,6523,1,185484,0.0352,0.0370,6872,1,185484,0.0370
924.13,0.0751,4507,0,60000,0.0751,0.0683,4095,0,60000,0.0683,0.0352,6523,1,185484,0.0352,0.0370,6872,1,185484,0.0370
924.63,0.0751,4507,0,60000,0.0751,0.0683,4095,0,60000,0.0683,0.0372,6905,1,185484,0.0372,0.0370,6872,1,185484,0.0370
925.13,0.0751,4507,0,60000,0.0751,0.0683,4095,0,60000,0.0683,0.0372,6905,1,185484,0.0372,0.0370,6872,1,185484,0.0370
925.63,0.0751,4507,0,60000,0.0751,0.0683,4095,0,60000,0.0683,0.0374,6945,1,185484,0.0374,0.0370,6872,1,185484,0.0370
926.13,0.0751,4507,0,60000,0.0751,0.0683,4095,0,60000,0.0683,0.0374,6945,1,185484,0.0374,0.0370,6872,1,185484,0.0370
926.63,0.0751,4507,0,60000,0.0751,0.0683,4095,0,60000,0.0683,0.0377,6985,1,185484,0.0377,0.0370,6872,1,185484,0.0370
927.13,0.0751,4507,0,60000,0.0751,0.0683,4095,0,60000,0.0683,0.0377,6985,1,185484,0.0377,0.0370,6872,1,185484,0.0370
927.63,0.0751,4507,0,60000,0.0751,0.0683,4095,0,60000,0.0683,0.0379,7025,1,185484,0.0379,0.0370,6872,1,185484,0.0370
928.13,0.0751,4507,0,60000,0.0751,0.0683,4095,0,60000,0.0683,0.0379,7025,1,185484,0.0379,0.0370,6872,1,185484,0.0370
928.63,0.0751,4507,0,60000,0.0751,0.0683,4095,0,60000,0.0683,0.0381,7065,1,185484,0.0381,0.0370,6872,1,185484,0.0370
929.13,0.0751,4507,0,60000,0.0751,0.0683,4095,0,60000,0.0683,0.0381,7065,1,185484,0.0381,0.0370,6872,1,185484,0.0370
929.63,0.0751,4507,0,60000,0.0751,0.0683,4095,0,60000,0.0683,0.0383,7105,1,185484,0.0383,0.0370,6872,1,185484,0.0370
930.13,0.0751,4507,0,60000,0.0751,0.0683,4095,0,60000,0.0683,0.0383,7105,1,185484,0.0383,0.0370,6872,1,185484,0.0370
930.63,0.0751,4507,0,60000,0.0751,0.0683,4095,0,60000,0.0683,0.0385,7145,1,185484,0.0385,0.0370,6872,1,185484,0.0370
931.13,0.0751,4507,0,60000,0.0751,0.0683,4095,0,60000,0.0683,0.0385,7145,1,185484,0.0385,0.0370,6872,1,185484,0.0370
931.63,0.1000,6165,0,60000,0.1000,0.0683,4095,0,60000,0.0683,0.0387,7185,1,185484,0.0387,0.0370,6872,1,185484,0.0370
932.13,0.1000,6165,0,60000,0.1000,0.0683,4095,0,60000,0.0683,0.0387,7185,1,185484,0.0387,0.0370,6872,1,185484,0.0370
932.63,0.1000,6165,0,60000,0.1000,0.0683,4095,0,60000,0.0683,0.0390,7225,1,185484,0.0390,0.0370,6872,1,185484,0.0370
933.13,0.1000,6165,0,60000,0.1000,0.0683,4095,0,60000,0.0683,0.0390,7225,1,185484,0.0390,0.0370,6872,1,185484,0.0370
933.63,0.1000,6165,0,60000,0.1000,0.0683,4095,0,60000,0.0683,0.0392,7265,1,185484,0.0392,0.0370,6872,1,185484,0.0370
934.13,0.1000,6165,0,60000,0.1000,0.0683,4095,0,60000,0.0683,0.0392,7265,1,185484,0.0392,0.0370,6872,1,185484,0.0370
934.63,0.1000,6165,0,60000,0.1000,0.0683,4095,0,60000,0.0683,0.0394,7305,1,185484,0.0394,0.0370,6872,1,185484,0.0370
935.13,0.1000,6165,0,60000,0.1000,0.0683,4095,0,60000,0.0683,0.0394,7305,1,185484,0.0394,0.0370,6872,1,185484,0.0370
935.63,0.1000,6165,0,60000,0.1000,0.0683,4095,0,60000,0.0683,0.0396,7345,1,185484,0.0396,0.0370,6872,1,185484,0.0370
936.13,0.1000,6165,0,60000,0.1000,0.0683,4095,0,60000,0.0683,0.0396,7345,1,185484,0.0396,0.0370,6872,1,185484,0.0370
936.63,0.1000,6165,0,60000,0.1000,0.0683,4095,0,60000,0.0683,0.0398,7385,1,185484,0.0398,0.0370,6872,1,185484,0.0370
937.13,0.1000,6165,0,60000,0.1000,0.0683,4095,0,60000,0.0683,0.0398,7385,1,185484,0.0398,0.0370,6872,1,185484,0.0370
937.63,0.1000,6165,0,60000,0.1000,0.0683,4095,0,60000,0.0683,0.0400,7425,1,185484,0.0400,0.0370,6872,1,185484,0.0370
938.13,0.1000,6165,0,60000,0.1000,0.0683,4095,0,60000,0.0683,0.0402,7465,1,185484,0.0402,0.0370,6872,1,185484,0.0370
938.63,0.1000,6165,0,60000,0.1000,0.0683,4095,0,60000,0.0683,0.0402,7465,1,185484,0.0402,0.0370,6872,1,185484,0.0370
939.13,0.1000,6165,0,60000,0.1000,0.0683,4095,0,60000,0.0683,0.0405,7505,1,185484,0.0405,0.0370,6872,1,185484,0.0370
939.63,0.1000,6165,0,60000,0.1000,0.0683,4095,0,60000,0.0683,0.0405,7505,1,185484,0.0405,0.0370,6872,1,185484,0.0370
940.13,0.1000,6165,0,60000,0.1000,0.0683,4095,0,60000,0.0683,0.0407,7545,1,185484,0.0407,0.0370,6872,1,185484,0.0370
940.63,0.1000,6165,0,60000,0.1000,0.0683,4095,0,60000,0.0683,0.0407,7545,1,185484,0.0407,0.0370,6872,1,185484,0.0370
941.13,0.1000,6165,0,60000,0.1000,0.0683,4095,0,60000,0.0683,0.0409,7585,1,185484,0.0409,0.0370,6872,1,185484,0.0370
941.63,0.1000,6165,0,60000,0.1000,0.0683,4095,0,60000,0.0683,0.0409,7585,1,185484,0.0409,0.0370,6872,1,185484,0.0370
942.13,0.1000,6165,0,60000,0.1000,0.0683,4095,0,60000,0.0683,0.0411,7625,1,185484,0.0411,0.0370,6872,1,185484,0.0370
942.63,0.1000,6165,0,60000,0.1000,0.0683,4095,0,60000,0.0683,0.0411,7625,1,185484,0.0411,0.0370,6872,1,185484,0.0370
943.13,0.1000,6165,0,60000,0.1000,0.0683,4095,0,60000,0.0683,0.0413,7665,1,185484,0.0413,0.0370,6872,1,185484,0.0370
943.63,0.1000,6165,0,60000,0.1000,0.0683,4095,0,60000,0.0683,0.0413,7665,1,185484,0.0413,0.0370,6872,1,185484,0.0370
944.13,0.1000,6165,0,60000,0.1000,0.0683,4095,0,60000,0.0683,0.0415,7705,1,185484,0.0415,0.0370,6872,1,185484,0.0370
