t_s,P0_use,P0_used_tok,P0_running,P0_cap_tok,P0_pressure,P0_hit,P1_use,P1_used_tok,P1_running,P1_cap_tok,P1_pressure,P1_hit,D0_use,D0_used_tok,D0_running,D0_cap_tok,D0_pressure,D0_hit,D1_use,D1_used_tok,D1_running,D1_cap_tok,D1_pressure,D1_hit
# roles: P0:P P1:P D0:D D1:D
# metric: P0:cache_occupancy P1:cache_occupancy D0:unreachable D1:unreachable
0.00,0.0001,0,0,60000,0.0000,0.0000,0.0001,0,0,60000,0.0000,0.0000,,,,,,,,,,,,
0.50,0.0001,0,0,60000,0.0000,0.0000,0.0001,0,0,60000,0.0000,0.0000,,,,,,,,,,,,
1.00,0.0001,0,0,60000,0.0000,0.0000,0.0001,0,0,60000,0.0000,0.0000,,,,,,,,,,,,
1.50,0.0001,0,0,60000,0.0000,0.0000,0.0001,0,0,60000,0.0000,0.0000,,,,,,,,,,,,
2.00,0.0001,0,0,60000,0.0000,0.0000,0.0001,0,0,60000,0.0000,0.0000,,,,,,,,,,,,
2.50,0.0001,0,0,60000,0.0000,0.0000,0.0007,25,0,60000,0.0004,0.3333,,,,,,,,,,,,
3.00,0.0010,57,0,60000,0.0009,0.0000,0.0015,75,0,60000,0.0013,0.3853,,,,,,,,,,,,
3.50,0.0010,57,0,60000,0.0009,0.0000,0.0015,75,0,60000,0.0013,0.3853,,,,,,,,,,,,
# metric: P0:cache_occupancy P1:cache_occupancy D0:cache_occupancy D1:cache_occupancy
4.00,0.0010,57,0,60000,0.0009,0.0000,0.0015,75,0,60000,0.0013,0.3853,0.0022,411,4,185482,0.0022,0.0000,0.0058,1085,12,185482,0.0058,0.0000
4.50,0.0010,57,0,60000,0.0009,0.0000,0.0015,75,0,60000,0.0013,0.3853,0.0022,411,4,185482,0.0022,0.0000,0.0058,1085,12,185482,0.0058,0.0000
5.00,0.0010,57,0,60000,0.0009,0.0000,0.0015,75,0,60000,0.0013,0.3853,0.0024,450,3,185482,0.0024,0.0000,0.0084,1565,12,185482,0.0084,0.0000
5.50,0.0010,57,0,60000,0.0009,0.0000,0.0015,75,0,60000,0.0013,0.3853,0.0024,450,3,185482,0.0024,0.0000,0.0084,1565,12,185482,0.0084,0.0000
6.00,0.0010,57,0,60000,0.0009,0.0000,0.0015,75,0,60000,0.0013,0.3853,0.0031,570,3,185482,0.0031,0.0000,0.0101,1882,11,185482,0.0101,0.0000
6.50,0.0010,57,0,60000,0.0009,0.0000,0.0015,75,0,60000,0.0013,0.3853,0.0031,570,3,185482,0.0031,0.0000,0.0101,1882,11,185482,0.0101,0.0000
7.00,0.0010,57,0,60000,0.0009,0.0000,0.0066,83,0,60000,0.0014,0.8058,0.0037,690,3,185482,0.0037,0.0000,0.0125,2322,11,185482,0.0125,0.0000
7.50,0.0010,57,0,60000,0.0009,0.0000,0.0066,83,0,60000,0.0014,0.8058,0.0037,690,3,185482,0.0037,0.0000,0.0125,2322,11,185482,0.0125,0.0000
8.00,0.0010,57,0,60000,0.0009,0.0000,0.0066,83,0,60000,0.0014,0.8058,0.0051,940,4,185482,0.0051,0.0000,0.0149,2762,11,185482,0.0149,0.0000
8.50,0.0045,137,0,60000,0.0023,0.4613,0.0066,83,0,60000,0.0014,0.8058,0.0051,940,4,185482,0.0051,0.0000,0.0149,2762,11,185482,0.0149,0.0000
9.00,0.0045,137,0,60000,0.0023,0.4613,0.0066,83,0,60000,0.0014,0.8058,0.0050,930,3,185482,0.0050,0.0000,0.0189,3514,12,185482,0.0189,0.0000
9.50,0.0045,137,0,60000,0.0023,0.4613,0.0066,83,0,60000,0.0014,0.8058,0.0050,930,3,185482,0.0050,0.0000,0.0189,3514,12,185482,0.0189,0.0000
10.00,0.0045,137,0,60000,0.0023,0.4613,0.0066,83,0,60000,0.0014,0.8058,0.0057,1050,3,185482,0.0057,0.0000,0.0198,3679,11,185482,0.0198,0.0000
10.50,0.0045,137,0,60000,0.0023,0.4613,0.0066,83,0,60000,0.0014,0.8058,0.0057,1050,3,185482,0.0057,0.0000,0.0198,3679,11,185482,0.0198,0.0000
11.00,0.0045,137,0,60000,0.0023,0.4613,0.0066,83,0,60000,0.0014,0.8058,0.0043,800,2,185482,0.0043,0.0000,0.0222,4119,11,185482,0.0222,0.0000
11.50,0.0089,150,0,60000,0.0025,0.9036,0.0066,83,0,60000,0.0014,0.8058,0.0021,396,1,185482,0.0021,0.0000,0.0222,4119,11,185482,0.0222,0.0000
12.00,0.0089,150,0,60000,0.0025,0.9036,0.0066,83,0,60000,0.0014,0.8058,0.0021,396,1,185482,0.0021,0.0000,0.0256,4745,12,185482,0.0256,0.0000
12.50,0.0089,150,0,60000,0.0025,0.9036,0.0066,83,0,60000,0.0014,0.8058,0.0021,396,1,185482,0.0021,0.0000,0.0256,4745,12,185482,0.0256,0.0000
13.00,0.0089,150,0,60000,0.0025,0.9036,0.0170,652,0,60000,0.0109,0.9475,0.0021,396,1,185482,0.0021,0.0000,0.0285,5277,13,185482,0.0285,0.0000
13.50,0.0089,150,0,60000,0.0025,0.9036,0.0170,652,0,60000,0.0109,0.9475,0.0021,396,1,185482,0.0021,0.0000,0.0285,5277,13,185482,0.0285,0.0000
14.00,0.0147,367,0,60000,0.0061,0.5228,0.0227,457,0,60000,0.0076,0.9723,0.0038,708,1,185482,0.0038,0.0000,0.0282,5224,11,185482,0.0282,0.0000
14.50,0.0147,367,0,60000,0.0061,0.5228,0.0227,457,0,60000,0.0076,0.9723,0.0038,708,1,185482,0.0038,0.0000,0.0282,5224,11,185482,0.0282,0.0000
15.00,0.0147,367,0,60000,0.0061,0.5228,0.0227,457,0,60000,0.0076,0.9723,0.0067,1248,2,185482,0.0067,0.0000,0.0277,5147,10,185482,0.0277,0.0000
15.50,0.0147,367,0,60000,0.0061,0.5228,0.0295,429,0,60000,0.0072,0.9533,0.0067,1248,2,185482,0.0067,0.0000,0.0277,5147,10,185482,0.0277,0.0000
16.00,0.0269,435,0,60000,0.0073,0.9667,0.0295,429,0,60000,0.0072,0.9533,0.0072,1328,2,185482,0.0072,0.0000,0.0318,5905,10,185482,0.0318,0.0000
16.50,0.0351,512,0,60000,0.0085,0.8693,0.0295,429,0,60000,0.0072,0.9533,0.0072,1328,2,185482,0.0072,0.0000,0.0318,5905,10,185482,0.0318,0.0000
17.00,0.0351,512,0,60000,0.0085,0.8693,0.0295,429,0,60000,0.0072,0.9533,0.0108,2004,3,185482,0.0108,0.0000,0.0276,5119,10,185482,0.0276,0.0000
17.50,0.0440,494,0,60000,0.0082,0.9724,0.0295,429,0,60000,0.0072,0.9533,0.0108,2004,3,185482,0.0108,0.0000,0.0276,5119,10,185482,0.0276,0.0000
18.00,0.0440,494,0,60000,0.0082,0.9724,0.0295,429,0,60000,0.0072,0.9533,0.0142,2639,4,185482,0.0142,0.0000,0.0295,5479,9,185482,0.0295,0.0000
18.50,0.0440,494,0,60000,0.0082,0.9724,0.0295,429,0,60000,0.0072,0.9533,0.0151,2799,4,185482,0.0151,0.0000,0.0295,5479,9,185482,0.0295,0.0000
19.00,0.0440,494,0,60000,0.0082,0.9724,0.0382,549,0,60000,0.0092,0.9632,0.0151,2799,4,185482,0.0151,0.0000,0.0309,5724,9,185482,0.0309,0.0000
19.50,0.0440,494,0,60000,0.0082,0.9724,0.0382,549,0,60000,0.0092,0.9632,0.0160,2959,4,185482,0.0160,0.0000,0.0309,5724,9,185482,0.0309,0.0000
20.00,0.0440,494,0,60000,0.0082,0.9724,0.0574,597,0,60000,0.0100,0.8444,0.0160,2959,4,185482,0.0160,0.0000,0.0366,6791,9,185482,0.0366,0.0000
20.50,0.0440,494,0,60000,0.0082,0.9724,0.0574,597,0,60000,0.0100,0.8444,0.0205,3809,5,185482,0.0205,0.0000,0.0366,6791,9,185482,0.0366,0.0000
21.00,0.0440,494,0,60000,0.0082,0.9724,0.0574,597,0,60000,0.0100,0.8444,0.0205,3809,5,185482,0.0205,0.0000,0.0388,7189,10,185482,0.0388,0.0000
21.50,0.0440,494,0,60000,0.0082,0.9724,0.0574,597,0,60000,0.0100,0.8444,0.0216,4009,5,185482,0.0216,0.0000,0.0388,7189,10,185482,0.0388,0.0000
22.00,0.0545,675,0,60000,0.0112,0.9740,0.0574,597,0,60000,0.0100,0.8444,0.0216,4009,5,185482,0.0216,0.0000,0.0409,7589,10,185482,0.0409,0.0000
22.50,0.0545,675,0,60000,0.0112,0.9740,0.0574,597,0,60000,0.0100,0.8444,0.0266,4930,6,185482,0.0266,0.0000,0.0409,7589,10,185482,0.0409,0.0000
23.00,0.0545,675,0,60000,0.0112,0.9740,0.0574,597,0,60000,0.0100,0.8444,0.0266,4930,6,185482,0.0266,0.0000,0.0431,7989,10,185482,0.0431,0.0000
23.50,0.0545,675,0,60000,0.0112,0.9740,0.0574,597,0,60000,0.0100,0.8444,0.0279,5170,6,185482,0.0279,0.0000,0.0431,7989,10,185482,0.0431,0.0000
24.00,0.0545,675,0,60000,0.0112,0.9740,0.0574,597,0,60000,0.0100,0.8444,0.0279,5170,6,185482,0.0279,0.0000,0.0403,7477,9,185482,0.0403,0.0000
24.50,0.0545,675,0,60000,0.0112,0.9740,0.0574,597,0,60000,0.0100,0.8444,0.0292,5410,6,185482,0.0292,0.0000,0.0403,7477,9,185482,0.0403,0.0000
25.00,0.0545,675,0,60000,0.0112,0.9740,0.0574,597,0,60000,0.0100,0.8444,0.0292,5410,6,185482,0.0292,0.0000,0.0423,7837,9,185482,0.0423,0.0000
25.50,0.0545,675,0,60000,0.0112,0.9740,0.0574,597,0,60000,0.0100,0.8444,0.0305,5650,6,185482,0.0305,0.0000,0.0423,7837,9,185482,0.0423,0.0000
26.00,0.0545,675,0,60000,0.0112,0.9740,0.0574,597,0,60000,0.0100,0.8444,0.0305,5650,6,185482,0.0305,0.0000,0.0423,7837,9,185482,0.0423,0.0000
26.50,0.0645,880,0,60000,0.0147,0.9800,0.0574,597,0,60000,0.0100,0.8444,0.0366,6788,6,185482,0.0366,0.0000,0.0442,8197,9,185482,0.0442,0.0000
27.00,0.0645,880,0,60000,0.0147,0.9800,0.0574,597,0,60000,0.0100,0.8444,0.0366,6788,6,185482,0.0366,0.0000,0.0442,8197,9,185482,0.0442,0.0000
27.50,0.0645,880,0,60000,0.0147,0.9800,0.0574,597,0,60000,0.0100,0.8444,0.0381,7068,7,185482,0.0381,0.0000,0.0461,8557,9,185482,0.0461,0.0000
28.00,0.0645,880,0,60000,0.0147,0.9800,0.0574,597,0,60000,0.0100,0.8444,0.0381,7068,7,185482,0.0381,0.0000,0.0461,8557,9,185482,0.0461,0.0000
28.50,0.0645,880,0,60000,0.0147,0.9800,0.0574,597,0,60000,0.0100,0.8444,0.0326,6040,6,185482,0.0326,0.0000,0.0481,8917,9,185482,0.0481,0.0000
29.00,0.0645,880,0,60000,0.0147,0.9800,0.0574,597,0,60000,0.0100,0.8444,0.0326,6040,6,185482,0.0326,0.0000,0.0481,8917,9,185482,0.0481,0.0000
29.50,0.0645,880,0,60000,0.0147,0.9800,0.0574,597,0,60000,0.0100,0.8444,0.0278,5164,5,185482,0.0278,0.0000,0.0323,5990,6,185482,0.0323,0.0000
30.00,0.0645,880,0,60000,0.0147,0.9800,0.0574,597,0,60000,0.0100,0.8444,0.0278,5164,5,185482,0.0278,0.0000,0.0323,5990,6,185482,0.0323,0.0000
30.50,0.0645,880,0,60000,0.0147,0.9800,0.0574,597,0,60000,0.0100,0.8444,0.0171,3166,3,185482,0.0171,0.0000,0.0282,5223,5,185482,0.0282,0.0000
31.00,0.0747,1291,0,60000,0.0215,0.7886,0.0574,597,0,60000,0.0100,0.8444,0.0171,3166,3,185482,0.0171,0.0000,0.0282,5223,5,185482,0.0282,0.0000
31.50,0.0747,1291,0,60000,0.0215,0.7886,0.0574,597,0,60000,0.0100,0.8444,0.0177,3286,3,185482,0.0177,0.0000,0.0205,3811,2,185482,0.0205,0.0000
32.00,0.1235,2145,0,60000,0.0357,0.9792,0.0769,1097,0,60000,0.0183,0.9682,0.0177,3286,3,185482,0.0177,0.0000,0.0205,3811,2,185482,0.0205,0.0000
32.50,0.1235,2145,0,60000,0.0357,0.9792,0.0769,1097,0,60000,0.0183,0.9682,0.0185,3430,3,185482,0.0185,0.0000,0.0391,7258,4,185482,0.0391,0.0000
33.00,0.1399,995,0,60000,0.0166,0.9871,0.0769,1097,0,60000,0.0183,0.9682,0.0185,3430,3,185482,0.0185,0.0000,0.0391,7258,4,185482,0.0391,0.0000
33.50,0.1584,1133,0,60000,0.0189,0.9887,0.0941,1046,0,60000,0.0174,0.9767,0.0191,3550,3,185482,0.0191,0.0000,0.0517,9585,7,185482,0.0517,0.0000
34.00,0.1769,1133,0,60000,0.0189,0.9014,0.1192,1032,0,60000,0.0172,0.9819,0.0191,3550,3,185482,0.0191,0.0000,0.0517,9585,7,185482,0.0517,0.0000
34.51,0.1769,1133,0,60000,0.0189,0.9014,0.1192,1032,0,60000,0.0172,0.9819,0.0314,5823,5,185482,0.0314,0.0000,0.0666,12346,10,185482,0.0666,0.0000
35.01,0.1887,1095,0,60000,0.0182,0.9733,0.1192,1032,0,60000,0.0172,0.9819,0.0314,5823,5,185482,0.0314,0.0000,0.0666,12346,10,185482,0.0666,0.0000
35.51,0.1887,1095,0,60000,0.0182,0.9733,0.1192,1032,0,60000,0.0172,0.9819,0.0258,4782,4,185482,0.0258,0.0000,0.0680,12616,10,185482,0.0680,0.0000
36.01,0.1887,1095,0,60000,0.0182,0.9733,0.1192,1032,0,60000,0.0172,0.9819,0.0258,4782,4,185482,0.0258,0.0000,0.0680,12616,10,185482,0.0680,0.0000
36.51,0.1887,1095,0,60000,0.0182,0.9733,0.1192,1032,0,60000,0.0172,0.9819,0.0266,4942,4,185482,0.0266,0.0000,0.0702,13016,10,185482,0.0702,0.0000
37.01,0.1887,1095,0,60000,0.0182,0.9733,0.1192,1032,0,60000,0.0172,0.9819,0.0266,4942,4,185482,0.0266,0.0000,0.0702,13016,10,185482,0.0702,0.0000
37.51,0.2092,1232,0,60000,0.0205,0.9856,0.1192,1032,0,60000,0.0172,0.9819,0.0275,5102,4,185482,0.0275,0.0000,0.0723,13416,10,185482,0.0723,0.0000
38.01,0.2092,1232,0,60000,0.0205,0.9856,0.1394,1229,0,60000,0.0205,0.9808,0.0275,5102,4,185482,0.0275,0.0000,0.0723,13416,10,185482,0.0723,0.0000
38.51,0.2092,1232,0,60000,0.0205,0.9856,0.1394,1229,0,60000,0.0205,0.9808,0.0277,5129,4,185482,0.0277,0.0000,0.0813,15081,11,185482,0.0813,0.0000
39.01,0.2092,1232,0,60000,0.0205,0.9856,0.1394,1229,0,60000,0.0205,0.9808,0.0277,5129,4,185482,0.0277,0.0000,0.0813,15081,11,185482,0.0813,0.0000
39.51,0.2092,1232,0,60000,0.0205,0.9856,0.1394,1229,0,60000,0.0205,0.9808,0.0285,5289,4,185482,0.0285,0.0000,0.0813,15081,11,185482,0.0813,0.0000
40.01,0.2092,1232,0,60000,0.0205,0.9856,0.1394,1229,0,60000,0.0205,0.9808,0.0285,5289,4,185482,0.0285,0.0000,0.0837,15521,11,185482,0.0837,0.0000
40.51,0.2092,1232,0,60000,0.0205,0.9856,0.1394,1229,0,60000,0.0205,0.9808,0.0294,5449,4,185482,0.0294,0.0000,0.0837,15521,11,185482,0.0837,0.0000
41.01,0.2092,1232,0,60000,0.0205,0.9856,0.1394,1229,0,60000,0.0205,0.9808,0.0294,5449,4,185482,0.0294,0.0000,0.0706,13088,9,185482,0.0706,0.0000
41.51,0.2092,1232,0,60000,0.0205,0.9856,0.1522,1405,0,60000,0.0234,0.9805,0.0380,7042,4,185482,0.0380,0.0000,0.0706,13088,9,185482,0.0706,0.0000
42.01,0.2092,1232,0,60000,0.0205,0.9856,0.1522,1405,0,60000,0.0234,0.9805,0.0380,7042,4,185482,0.0380,0.0000,0.0725,13448,9,185482,0.0725,0.0000
42.51,0.2092,1232,0,60000,0.0205,0.9856,0.1522,1405,0,60000,0.0234,0.9805,0.0390,7237,5,185482,0.0390,0.0000,0.0725,13448,9,185482,0.0725,0.0000
43.01,0.2319,1391,0,60000,0.0232,0.9914,0.1522,1405,0,60000,0.0234,0.9805,0.0390,7237,5,185482,0.0390,0.0000,0.0739,13707,9,185482,0.0739,0.0000
43.51,0.2319,1391,0,60000,0.0232,0.9914,0.1749,1435,0,60000,0.0239,0.9903,0.0401,7437,5,185482,0.0401,0.0000,0.0739,13707,9,185482,0.0739,0.0000
44.01,0.2319,1391,0,60000,0.0232,0.9914,0.1749,1435,0,60000,0.0239,0.9903,0.0401,7437,5,185482,0.0401,0.0000,0.0758,14067,9,185482,0.0758,0.0000
44.51,0.2319,1391,0,60000,0.0232,0.9914,0.1749,1435,0,60000,0.0239,0.9903,0.0491,9108,6,185482,0.0491,0.0000,0.0758,14067,9,185482,0.0758,0.0000
45.01,0.2319,1391,0,60000,0.0232,0.9914,0.1749,1435,0,60000,0.0239,0.9903,0.0491,9108,6,185482,0.0491,0.0000,0.0697,12922,8,185482,0.0697,0.0000
45.51,0.2319,1391,0,60000,0.0232,0.9914,0.1749,1435,0,60000,0.0239,0.9903,0.0504,9348,6,185482,0.0504,0.0000,0.0697,12922,8,185482,0.0697,0.0000
46.01,0.2319,1391,0,60000,0.0232,0.9914,0.1996,1503,0,60000,0.0250,0.9901,0.0504,9348,6,185482,0.0504,0.0000,0.0712,13210,7,185482,0.0712,0.0000
46.51,0.2319,1391,0,60000,0.0232,0.9914,0.1996,1503,0,60000,0.0250,0.9901,0.0432,8019,5,185482,0.0432,0.0000,0.0712,13210,7,185482,0.0712,0.0000
47.01,0.2319,1391,0,60000,0.0232,0.9914,0.1996,1503,0,60000,0.0250,0.9901,0.0432,8019,5,185482,0.0432,0.0000,0.0729,13524,8,185482,0.0729,0.0000
47.51,0.2319,1391,0,60000,0.0232,0.9914,0.1996,1503,0,60000,0.0250,0.9901,0.0443,8219,5,185482,0.0443,0.0000,0.0729,13524,8,185482,0.0729,0.0000
48.01,0.2319,1391,0,60000,0.0232,0.9914,0.2039,1497,0,60000,0.0249,0.9855,0.0443,8219,5,185482,0.0443,0.0000,0.0729,13524,8,185482,0.0729,0.0000
48.51,0.2319,1391,0,60000,0.0232,0.9914,0.2039,1497,0,60000,0.0249,0.9855,0.0366,6795,4,185482,0.0366,0.0000,0.0829,15369,9,185482,0.0829,0.0000
49.01,0.2319,1391,0,60000,0.0232,0.9914,0.2122,1547,0,60000,0.0258,0.9872,0.0366,6795,4,185482,0.0366,0.0000,0.0829,15369,9,185482,0.0829,0.0000
49.51,0.2319,1391,0,60000,0.0232,0.9914,0.2208,3095,0,60000,0.0516,0.9899,0.0375,6955,4,185482,0.0375,0.0000,0.0919,17055,9,185482,0.0919,0.0000
50.01,0.2319,1391,0,60000,0.0232,0.9914,0.2208,3095,0,60000,0.0516,0.9899,0.0375,6955,4,185482,0.0375,0.0000,0.0919,17055,9,185482,0.0919,0.0000
50.51,0.2319,1391,0,60000,0.0232,0.9914,0.2299,1584,0,60000,0.0264,0.9894,0.0384,7115,4,185482,0.0384,0.0000,0.1027,19053,10,185482,0.1027,0.0000
51.01,0.2319,1391,0,60000,0.0232,0.9914,0.2302,36,0,60000,0.0006,0.4615,0.0384,7115,4,185482,0.0384,0.0000,0.1027,19053,10,185482,0.1027,0.0000
51.51,0.2319,1391,0,60000,0.0232,0.9914,0.2302,36,0,60000,0.0006,0.4615,0.0398,7373,5,185482,0.0398,0.0000,0.0921,17090,10,185482,0.0921,0.0000
52.01,0.2411,1798,0,60000,0.0300,0.9917,0.2302,36,0,60000,0.0006,0.4615,0.0398,7373,5,185482,0.0398,0.0000,0.0921,17090,10,185482,0.0921,0.0000
52.51,0.2411,1798,0,60000,0.0300,0.9917,0.2302,36,0,60000,0.0006,0.4615,0.0507,9405,6,185482,0.0507,0.0000,0.0843,15631,9,185482,0.0843,0.0000
53.01,0.2411,1798,0,60000,0.0300,0.9917,0.2302,36,0,60000,0.0006,0.4615,0.0507,9405,6,185482,0.0507,0.0000,0.0843,15631,9,185482,0.0843,0.0000
53.51,0.2411,1798,0,60000,0.0300,0.9917,0.2302,36,0,60000,0.0006,0.4615,0.0520,9645,6,185482,0.0520,0.0000,0.0843,15631,9,185482,0.0843,0.0000
54.01,0.2411,1798,0,60000,0.0300,0.9917,0.2302,36,0,60000,0.0006,0.4615,0.0520,9645,6,185482,0.0520,0.0000,0.0862,15991,9,185482,0.0862,0.0000
54.51,0.2526,1820,0,60000,0.0303,0.9929,0.2302,36,0,60000,0.0006,0.4615,0.0428,7937,6,185482,0.0428,0.0000,0.0862,15991,9,185482,0.0862,0.0000
55.01,0.2526,1820,0,60000,0.0303,0.9929,0.2302,36,0,60000,0.0006,0.4615,0.0428,7937,6,185482,0.0428,0.0000,0.0880,16319,8,185482,0.0880,0.0000
55.51,0.2526,1820,0,60000,0.0303,0.9929,0.2302,36,0,60000,0.0006,0.4615,0.0439,8137,5,185482,0.0439,0.0000,0.0880,16319,8,185482,0.0880,0.0000
56.01,0.2526,1820,0,60000,0.0303,0.9929,0.2302,36,0,60000,0.0006,0.4615,0.0439,8137,5,185482,0.0439,0.0000,0.0802,14871,8,185482,0.0802,0.0000
56.51,0.2526,1820,0,60000,0.0303,0.9929,0.2302,36,0,60000,0.0006,0.4615,0.0336,6238,4,185482,0.0336,0.0000,0.0802,14871,8,185482,0.0802,0.0000
57.01,0.2526,1820,0,60000,0.0303,0.9929,0.2302,36,0,60000,0.0006,0.4615,0.0336,6238,4,185482,0.0336,0.0000,0.0819,15191,8,185482,0.0819,0.0000
57.51,0.2649,1851,0,60000,0.0308,0.9898,0.2395,1947,0,60000,0.0324,0.9784,0.0342,6351,3,185482,0.0342,0.0000,0.0819,15191,8,185482,0.0819,0.0000
58.01,0.2649,1851,0,60000,0.0308,0.9898,0.2395,1947,0,60000,0.0324,0.9784,0.0342,6351,3,185482,0.0342,0.0000,0.0836,15511,8,185482,0.0836,0.0000
58.51,0.2652,0,0,60000,0.0000,0.0000,0.2402,0,0,60000,0.0000,0.0000,0.0453,8397,5,185482,0.0453,0.0000,0.0836,15511,8,185482,0.0836,0.0000
59.01,0.2948,1808,0,60000,0.0301,0.9918,0.2402,0,0,60000,0.0000,0.0000,0.0453,8397,5,185482,0.0453,0.0000,0.0952,17661,9,185482,0.0952,0.0000
59.51,0.2948,1808,0,60000,0.0301,0.9918,0.2562,2091,0,60000,0.0348,0.9863,0.0578,10717,5,185482,0.0578,0.0000,0.0952,17661,9,185482,0.0952,0.0000
60.01,0.2948,1808,0,60000,0.0301,0.9918,0.2562,2091,0,60000,0.0348,0.9863,0.0578,10717,5,185482,0.0578,0.0000,0.0747,13850,7,185482,0.0747,0.0000
60.51,0.2948,1808,0,60000,0.0301,0.9918,0.2841,2029,0,60000,0.0338,0.9893,0.0591,10956,6,185482,0.0591,0.0000,0.0747,13850,7,185482,0.0747,0.0000
61.01,0.2948,1808,0,60000,0.0301,0.9918,0.2845,36,0,60000,0.0006,0.5806,0.0591,10956,6,185482,0.0591,0.0000,0.0747,13850,7,185482,0.0747,0.0000
61.51,0.2948,1808,0,60000,0.0301,0.9918,0.2845,36,0,60000,0.0006,0.5806,0.0608,11281,7,185482,0.0608,0.0000,0.0763,14159,7,185482,0.0763,0.0000
62.01,0.2948,1808,0,60000,0.0301,0.9918,0.2845,36,0,60000,0.0006,0.5806,0.0608,11281,7,185482,0.0608,0.0000,0.0763,14159,7,185482,0.0763,0.0000
62.51,0.2948,1808,0,60000,0.0301,0.9918,0.2849,36,0,60000,0.0006,0.6429,0.0498,9245,5,185482,0.0498,0.0000,0.0778,14439,7,185482,0.0778,0.0000
63.01,0.2948,1808,0,60000,0.0301,0.9918,0.3288,4129,0,60000,0.0688,0.9839,0.0498,9245,5,185482,0.0498,0.0000,0.0778,14439,7,185482,0.0778,0.0000
63.51,0.2948,1808,0,60000,0.0301,0.9918,0.3288,4129,0,60000,0.0688,0.9839,0.0737,13679,7,185482,0.0737,0.0000,0.0573,10623,6,185482,0.0573,0.0000
64.01,0.2948,1808,0,60000,0.0301,0.9918,0.3288,4129,0,60000,0.0688,0.9839,0.0737,13679,7,185482,0.0737,0.0000,0.0573,10623,6,185482,0.0573,0.0000
64.51,0.2959,88,0,60000,0.0015,0.7040,0.3288,4129,0,60000,0.0688,0.9839,0.0726,13466,6,185482,0.0726,0.0000,0.0586,10863,6,185482,0.0586,0.0000
65.01,0.2959,88,0,60000,0.0015,0.7040,0.3412,2165,0,60000,0.0361,0.9682,0.0726,13466,6,185482,0.0726,0.0000,0.0586,10863,6,185482,0.0586,0.0000
65.51,0.2959,88,0,60000,0.0015,0.7040,0.3507,2060,0,60000,0.0343,0.9856,0.0849,15740,7,185482,0.0849,0.0000,0.0599,11103,6,185482,0.0599,0.0000
66.01,0.2959,88,0,60000,0.0015,0.7040,0.3507,2060,0,60000,0.0343,0.9856,0.0849,15740,7,185482,0.0849,0.0000,0.0599,11103,6,185482,0.0599,0.0000
66.51,0.2959,88,0,60000,0.0015,0.7040,0.3507,2060,0,60000,0.0343,0.9856,0.0849,15740,7,185482,0.0849,0.0000,0.0379,7037,4,185482,0.0379,0.0000
67.01,0.3056,585,0,60000,0.0097,0.9242,0.3507,2060,0,60000,0.0343,0.9856,0.0854,15849,7,185482,0.0854,0.0000,0.0379,7037,4,185482,0.0379,0.0000
67.51,0.3056,585,0,60000,0.0097,0.9242,0.3512,37,0,60000,0.0006,0.6491,0.0854,15849,7,185482,0.0854,0.0000,0.0388,7197,4,185482,0.0388,0.0000
68.01,0.3056,585,0,60000,0.0097,0.9242,0.3785,2327,0,60000,0.0388,0.9765,0.0909,16861,9,185482,0.0909,0.0000,0.0388,7197,4,185482,0.0388,0.0000
68.51,0.3056,585,0,60000,0.0097,0.9242,0.3785,2327,0,60000,0.0388,0.9765,0.0909,16861,9,185482,0.0909,0.0000,0.0269,4994,3,185482,0.0269,0.0000
69.01,0.3109,2092,0,60000,0.0349,0.9929,0.3891,2180,0,60000,0.0363,0.9932,0.0924,17140,9,185482,0.0924,0.0000,0.0269,4994,3,185482,0.0269,0.0000
69.51,0.3109,2092,0,60000,0.0349,0.9929,0.3916,197,0,60000,0.0033,0.8834,0.0924,17140,9,185482,0.0924,0.0000,0.0276,5114,3,185482,0.0276,0.0000
70.01,0.3109,2092,0,60000,0.0349,0.9929,0.3916,197,0,60000,0.0033,0.8834,0.1183,21950,11,185482,0.1183,0.0000,0.0276,5114,3,185482,0.0276,0.0000
70.51,0.3109,2092,0,60000,0.0349,0.9929,0.3916,197,0,60000,0.0033,0.8834,0.1183,21950,11,185482,0.1183,0.0000,0.0282,5234,3,185482,0.0282,0.0000
71.01,0.3109,2092,0,60000,0.0349,0.9929,0.3916,197,0,60000,0.0033,0.8834,0.1183,21950,11,185482,0.1183,0.0000,0.0282,5234,3,185482,0.0282,0.0000
71.51,0.3109,2092,0,60000,0.0349,0.9929,0.3976,2458,0,60000,0.0410,0.9899,0.1207,22390,11,185482,0.1207,0.0000,0.0289,5354,3,185482,0.0289,0.0000
72.01,0.3109,2092,0,60000,0.0349,0.9929,0.3976,2458,0,60000,0.0410,0.9899,0.1207,22390,11,185482,0.1207,0.0000,0.0289,5354,3,185482,0.0289,0.0000
72.51,0.3126,125,0,60000,0.0021,0.8117,0.3976,2458,0,60000,0.0410,0.9899,0.1095,20312,10,185482,0.1095,0.0000,0.0431,7988,4,185482,0.0431,0.0000
73.01,0.3126,125,0,60000,0.0021,0.8117,0.3976,2458,0,60000,0.0410,0.9899,0.1095,20312,10,185482,0.1095,0.0000,0.0431,7988,4,185482,0.0431,0.0000
73.51,0.3126,125,0,60000,0.0021,0.8117,0.3976,2458,0,60000,0.0410,0.9899,0.1117,20712,10,185482,0.1117,0.0000,0.0449,8333,5,185482,0.0449,0.0000
74.01,0.3126,125,0,60000,0.0021,0.8117,0.3976,2458,0,60000,0.0410,0.9899,0.1117,20712,10,185482,0.1117,0.0000,0.0449,8333,5,185482,0.0449,0.0000
74.51,0.3126,125,0,60000,0.0021,0.8117,0.3976,2458,0,60000,0.0410,0.9899,0.0997,18489,9,185482,0.0997,0.0000,0.0448,8308,4,185482,0.0448,0.0000
75.01,0.3126,125,0,60000,0.0021,0.8117,0.4002,2510,0,60000,0.0418,0.9710,0.0997,18489,9,185482,0.0997,0.0000,0.0448,8308,4,185482,0.0448,0.0000
75.51,0.3126,125,0,60000,0.0021,0.8117,0.4002,2510,0,60000,0.0418,0.9710,0.0997,18489,9,185482,0.0997,0.0000,0.0457,8468,4,185482,0.0457,0.0000
76.01,0.3126,125,0,60000,0.0021,0.8117,0.4002,2510,0,60000,0.0418,0.9710,0.1133,21008,9,185482,0.1133,0.0000,0.0457,8468,4,185482,0.0457,0.0000
76.51,0.3126,125,0,60000,0.0021,0.8117,0.4002,2510,0,60000,0.0418,0.9710,0.1133,21008,9,185482,0.1133,0.0000,0.0289,5356,2,185482,0.0289,0.0000
77.01,0.3557,2590,0,60000,0.0432,0.9916,0.4040,210,0,60000,0.0035,0.9211,0.1152,21368,9,185482,0.1152,0.0000,0.0289,5356,2,185482,0.0289,0.0000
77.51,0.3557,2590,0,60000,0.0432,0.9916,0.4040,210,0,60000,0.0035,0.9211,0.1152,21368,9,185482,0.1152,0.0000,0.0448,8308,4,185482,0.0448,0.0000
78.01,0.3607,404,0,60000,0.0067,0.9161,0.4040,210,0,60000,0.0035,0.9211,0.1171,21728,9,185482,0.1171,0.0000,0.0448,8308,4,185482,0.0448,0.0000
78.51,0.3607,404,0,60000,0.0067,0.9161,0.4040,210,0,60000,0.0035,0.9211,0.1171,21728,9,185482,0.1171,0.0000,0.0481,8930,5,185482,0.0481,0.0000
79.01,0.3702,570,0,60000,0.0095,0.9661,0.4040,210,0,60000,0.0035,0.9211,0.1044,19359,8,185482,0.1044,0.0000,0.0481,8930,5,185482,0.0481,0.0000
79.51,0.3844,2664,0,60000,0.0444,0.9940,0.4040,210,0,60000,0.0035,0.9211,0.1044,19359,8,185482,0.1044,0.0000,0.0670,12424,6,185482,0.0670,0.0000
80.01,0.3844,2664,0,60000,0.0444,0.9940,0.4040,210,0,60000,0.0035,0.9211,0.1044,19359,8,185482,0.1044,0.0000,0.0670,12424,6,185482,0.0670,0.0000
80.51,0.3844,2664,0,60000,0.0444,0.9940,0.4040,210,0,60000,0.0035,0.9211,0.1061,19679,8,185482,0.1061,0.0000,0.0685,12704,7,185482,0.0685,0.0000
81.01,0.3844,2664,0,60000,0.0444,0.9940,0.4040,210,0,60000,0.0035,0.9211,0.1061,19679,8,185482,0.1061,0.0000,0.0685,12704,7,185482,0.0685,0.0000
81.51,0.3844,2664,0,60000,0.0444,0.9940,0.4040,210,0,60000,0.0035,0.9211,0.0794,14729,6,185482,0.0794,0.0000,0.0700,12984,7,185482,0.0700,0.0000
82.01,0.3844,2664,0,60000,0.0444,0.9940,0.4138,2721,0,60000,0.0454,0.9877,0.0794,14729,6,185482,0.0794,0.0000,0.0700,12984,7,185482,0.0700,0.0000
82.51,0.3844,2664,0,60000,0.0444,0.9940,0.4138,2721,0,60000,0.0454,0.9877,0.0506,9379,5,185482,0.0506,0.0000,0.0682,12642,6,185482,0.0682,0.0000
83.01,0.3844,2664,0,60000,0.0444,0.9940,0.4138,2721,0,60000,0.0454,0.9877,0.0506,9379,5,185482,0.0506,0.0000,0.0682,12642,6,185482,0.0682,0.0000
83.51,0.3847,2107,0,60000,0.0351,0.8345,0.4138,2721,0,60000,0.0454,0.9877,0.0298,5526,2,185482,0.0298,0.0000,0.0695,12882,6,185482,0.0695,0.0000
84.01,0.3847,2107,0,60000,0.0351,0.8345,0.4218,494,0,60000,0.0082,0.1805,0.0298,5526,2,185482,0.0298,0.0000,0.0695,12882,6,185482,0.0695,0.0000
84.51,0.3847,2107,0,60000,0.0351,0.8345,0.4218,494,0,60000,0.0082,0.1805,0.0587,10886,3,185482,0.0587,0.0000,0.0707,13122,6,185482,0.0707,0.0000
85.01,0.4281,2640,0,60000,0.0440,0.9902,0.4218,494,0,60000,0.0082,0.1805,0.0587,10886,3,185482,0.0587,0.0000,0.0707,13122,6,185482,0.0707,0.0000
85.51,0.4472,2236,0,60000,0.0373,0.7775,0.4712,3489,0,60000,0.0582,0.9669,0.0595,11040,4,185482,0.0595,0.0000,0.0707,13122,6,185482,0.0707,0.0000
86.01,0.4472,2236,0,60000,0.0373,0.7775,0.4833,2758,0,60000,0.0460,0.9896,0.0595,11040,4,185482,0.0595,0.0000,0.1048,19434,8,185482,0.1048,0.0000
86.51,0.4677,1222,0,60000,0.0204,0.8370,0.4833,2758,0,60000,0.0460,0.9896,0.0683,12660,4,185482,0.0683,0.0000,0.1048,19434,8,185482,0.1048,0.0000
87.01,0.4677,1222,0,60000,0.0204,0.8370,0.4833,2758,0,60000,0.0460,0.9896,0.0683,12660,4,185482,0.0683,0.0000,0.1182,21932,9,185482,0.1182,0.0000
87.51,0.4677,1222,0,60000,0.0204,0.8370,0.4833,2758,0,60000,0.0460,0.9896,0.0693,12855,5,185482,0.0693,0.0000,0.1182,21932,9,185482,0.1182,0.0000
88.01,0.4677,1222,0,60000,0.0204,0.8370,0.4998,3008,0,60000,0.0501,0.9954,0.0693,12855,5,185482,0.0693,0.0000,0.1197,22200,8,185482,0.1197,0.0000
88.51,0.4677,1222,0,60000,0.0204,0.8370,0.4998,3008,0,60000,0.0501,0.9954,0.0704,13055,5,185482,0.0704,0.0000,0.1197,22200,8,185482,0.1197,0.0000
89.01,0.4677,1222,0,60000,0.0204,0.8370,0.4998,3008,0,60000,0.0501,0.9954,0.0704,13055,5,185482,0.0704,0.0000,0.1164,21581,8,185482,0.1164,0.0000
89.51,0.4752,654,0,60000,0.0109,0.9350,0.4998,3008,0,60000,0.0501,0.9954,0.0715,13255,5,185482,0.0715,0.0000,0.1164,21581,8,185482,0.1164,0.0000
90.01,0.4752,654,0,60000,0.0109,0.9350,0.4998,3008,0,60000,0.0501,0.9954,0.0715,13255,5,185482,0.0715,0.0000,0.1164,21581,8,185482,0.1164,0.0000
90.51,0.4760,36,0,60000,0.0006,0.0795,0.4998,3008,0,60000,0.0501,0.9954,0.0750,13918,6,185482,0.0750,0.0000,0.1018,18886,8,185482,0.1018,0.0000
91.01,0.4760,36,0,60000,0.0006,0.0795,0.5104,3106,0,60000,0.0518,0.9962,0.0750,13918,6,185482,0.0750,0.0000,0.1018,18886,8,185482,0.1018,0.0000
91.51,0.4830,36,0,60000,0.0006,0.2069,0.5104,3106,0,60000,0.0518,0.9962,0.0750,13918,6,185482,0.0750,0.0000,0.1035,19206,8,185482,0.1035,0.0000
92.01,0.4830,36,0,60000,0.0006,0.2069,0.5257,964,0,60000,0.0161,0.9787,0.0779,14440,7,185482,0.0779,0.0000,0.1035,19206,8,185482,0.1035,0.0000
92.51,0.4853,36,0,60000,0.0006,0.1622,0.5257,964,0,60000,0.0161,0.9787,0.0779,14440,7,185482,0.0779,0.0000,0.0883,16370,7,185482,0.0883,0.0000
93.01,0.4853,36,0,60000,0.0006,0.1622,0.5257,964,0,60000,0.0161,0.9787,0.0861,15964,9,185482,0.0861,0.0000,0.0883,16370,7,185482,0.0883,0.0000
93.51,0.4853,36,0,60000,0.0006,0.1622,0.5257,964,0,60000,0.0161,0.9787,0.0861,15964,9,185482,0.0861,0.0000,0.0898,16650,7,185482,0.0898,0.0000
94.01,0.4853,36,0,60000,0.0006,0.1622,0.5257,964,0,60000,0.0161,0.9787,0.0880,16324,9,185482,0.0880,0.0000,0.0898,16650,7,185482,0.0898,0.0000
94.51,0.4853,36,0,60000,0.0006,0.1622,0.5257,964,0,60000,0.0161,0.9787,0.0880,16324,9,185482,0.0880,0.0000,0.0913,16930,7,185482,0.0913,0.0000
95.01,0.4853,36,0,60000,0.0006,0.1622,0.5257,964,0,60000,0.0161,0.9787,0.0899,16684,9,185482,0.0899,0.0000,0.0913,16930,7,185482,0.0913,0.0000
95.51,0.4853,36,0,60000,0.0006,0.1622,0.5257,964,0,60000,0.0161,0.9787,0.0899,16684,9,185482,0.0899,0.0000,0.0913,16930,7,185482,0.0913,0.0000
96.01,0.4853,36,0,60000,0.0006,0.1622,0.5257,964,0,60000,0.0161,0.9787,0.0919,17044,9,185482,0.0919,0.0000,0.0749,13898,6,185482,0.0749,0.0000
96.51,0.4853,36,0,60000,0.0006,0.1622,0.5257,964,0,60000,0.0161,0.9787,0.0919,17044,9,185482,0.0919,0.0000,0.0749,13898,6,185482,0.0749,0.0000
97.01,0.4853,36,0,60000,0.0006,0.1622,0.5257,964,0,60000,0.0161,0.9787,0.0938,17404,9,185482,0.0938,0.0000,0.0762,14138,6,185482,0.0762,0.0000
97.51,0.4853,36,0,60000,0.0006,0.1622,0.5257,964,0,60000,0.0161,0.9787,0.0938,17404,9,185482,0.0938,0.0000,0.0762,14138,6,185482,0.0762,0.0000
98.01,0.4853,36,0,60000,0.0006,0.1622,0.5257,964,0,60000,0.0161,0.9787,0.0938,17404,9,185482,0.0938,0.0000,0.0577,10702,4,185482,0.0577,0.0000
98.51,0.4997,3289,0,60000,0.0548,0.9931,0.5257,964,0,60000,0.0161,0.9787,0.1113,20644,8,185482,0.1113,0.0000,0.0577,10702,4,185482,0.0577,0.0000
99.01,0.4997,3289,0,60000,0.0548,0.9931,0.5257,964,0,60000,0.0161,0.9787,0.1113,20644,8,185482,0.1113,0.0000,0.0586,10862,4,185482,0.0586,0.0000
99.51,0.4997,3289,0,60000,0.0548,0.9931,0.5257,964,0,60000,0.0161,0.9787,0.1132,20994,9,185482,0.1132,0.0000,0.0586,10862,4,185482,0.0586,0.0000
100.01,0.5069,3284,0,60000,0.0547,0.9939,0.5257,964,0,60000,0.0161,0.9787,0.1132,20994,9,185482,0.1132,0.0000,0.0594,11022,4,185482,0.0594,0.0000
100.51,0.5069,3284,0,60000,0.0547,0.9939,0.5257,964,0,60000,0.0161,0.9787,0.0982,18211,8,185482,0.0982,0.0000,0.0594,11022,4,185482,0.0594,0.0000
101.01,0.5069,3284,0,60000,0.0547,0.9939,0.5382,426,0,60000,0.0071,0.9704,0.0982,18211,8,185482,0.0982,0.0000,0.0782,14507,5,185482,0.0782,0.0000
101.51,0.5069,3284,0,60000,0.0547,0.9939,0.5382,426,0,60000,0.0071,0.9704,0.1021,18934,9,185482,0.1021,0.0000,0.0782,14507,5,185482,0.0782,0.0000
102.01,0.5069,3284,0,60000,0.0547,0.9939,0.5382,426,0,60000,0.0071,0.9704,0.1021,18934,9,185482,0.1021,0.0000,0.0818,15175,6,185482,0.0818,0.0000
102.51,0.5169,3108,0,60000,0.0518,0.9946,0.5382,426,0,60000,0.0071,0.9704,0.0751,13925,6,185482,0.0751,0.0000,0.0818,15175,6,185482,0.0818,0.0000
103.01,0.5169,3108,0,60000,0.0518,0.9946,0.5382,426,0,60000,0.0071,0.9704,0.0751,13925,6,185482,0.0751,0.0000,0.1000,18542,7,185482,0.1000,0.0000
103.51,0.5169,3108,0,60000,0.0518,0.9946,0.5382,426,0,60000,0.0071,0.9704,0.0751,13925,6,185482,0.0751,0.0000,0.1000,18542,7,185482,0.1000,0.0000
104.01,0.5169,3108,0,60000,0.0518,0.9946,0.5382,426,0,60000,0.0071,0.9704,0.0764,14165,6,185482,0.0764,0.0000,0.1015,18822,7,185482,0.1015,0.0000
104.51,0.5172,36,0,60000,0.0006,0.7347,0.5382,426,0,60000,0.0071,0.9704,0.0764,14165,6,185482,0.0764,0.0000,0.1015,18822,7,185482,0.1015,0.0000
105.01,0.5381,1351,0,60000,0.0225,0.9854,0.5382,426,0,60000,0.0071,0.9704,0.0665,12326,6,185482,0.0665,0.0000,0.1015,18822,7,185482,0.1015,0.0000
105.51,0.5640,3408,0,60000,0.0568,0.9962,0.5382,426,0,60000,0.0071,0.9704,0.0665,12326,6,185482,0.0665,0.0000,0.0997,18486,7,185482,0.0997,0.0000
106.01,0.5640,3408,0,60000,0.0568,0.9962,0.5384,36,0,60000,0.0006,0.6545,0.0741,13736,6,185482,0.0741,0.0000,0.0997,18486,7,185482,0.0997,0.0000
106.51,0.5643,36,0,60000,0.0006,0.5538,0.5384,36,0,60000,0.0006,0.6545,0.0741,13736,6,185482,0.0741,0.0000,0.1015,18832,8,185482,0.1015,0.0000
107.01,0.5754,2100,0,60000,0.0350,0.8824,0.5384,36,0,60000,0.0006,0.6545,0.0499,9252,5,185482,0.0499,0.0000,0.1015,18832,8,185482,0.1015,0.0000
107.51,0.5754,2100,0,60000,0.0350,0.8824,0.5384,36,0,60000,0.0006,0.6545,0.0499,9252,5,185482,0.0499,0.0000,0.0837,15525,8,185482,0.0837,0.0000
108.01,0.5754,2100,0,60000,0.0350,0.8824,0.5384,36,0,60000,0.0006,0.6545,0.0640,11862,6,185482,0.0640,0.0000,0.0837,15525,8,185482,0.0837,0.0000
108.51,0.5754,2100,0,60000,0.0350,0.8824,0.5384,36,0,60000,0.0006,0.6545,0.0640,11862,6,185482,0.0640,0.0000,0.0622,11532,6,185482,0.0622,0.0000
109.01,0.5754,2100,0,60000,0.0350,0.8824,0.5384,36,0,60000,0.0006,0.6545,0.0652,12102,6,185482,0.0652,0.0000,0.0622,11532,6,185482,0.0622,0.0000
109.51,0.5754,2100,0,60000,0.0350,0.8824,0.5556,1048,0,60000,0.0175,0.9571,0.0652,12102,6,185482,0.0652,0.0000,0.0635,11772,6,185482,0.0635,0.0000
110.01,0.5971,3703,0,60000,0.0617,0.9564,0.5556,1048,0,60000,0.0175,0.9571,0.0725,13450,7,185482,0.0725,0.0000,0.0635,11772,6,185482,0.0635,0.0000
110.51,0.5971,3703,0,60000,0.0617,0.9564,0.5602,669,0,60000,0.0112,0.9809,0.0725,13450,7,185482,0.0725,0.0000,0.0882,16361,6,185482,0.0882,0.0000
111.02,0.6045,3577,0,60000,0.0596,0.9950,0.5605,36,0,60000,0.0006,0.6667,0.0540,10014,7,185482,0.0540,0.0000,0.0882,16361,6,185482,0.0882,0.0000
111.52,0.6045,3577,0,60000,0.0596,0.9950,0.5607,36,0,60000,0.0006,0.4865,0.0540,10014,7,185482,0.0540,0.0000,0.0900,16685,8,185482,0.0900,0.0000
112.02,0.6045,3577,0,60000,0.0596,0.9950,0.5607,36,0,60000,0.0006,0.4865,0.0555,10294,7,185482,0.0555,0.0000,0.0900,16685,8,185482,0.0900,0.0000
112.52,0.6045,3577,0,60000,0.0596,0.9950,0.5607,36,0,60000,0.0006,0.4865,0.0555,10294,7,185482,0.0555,0.0000,0.0900,16685,8,185482,0.0900,0.0000
113.02,0.6069,192,0,60000,0.0032,0.8312,0.5607,36,0,60000,0.0006,0.4865,0.0583,10807,8,185482,0.0583,0.0000,0.0917,17005,8,185482,0.0917,0.0000
113.52,0.6069,192,0,60000,0.0032,0.8312,0.5607,36,0,60000,0.0006,0.4865,0.0583,10807,8,185482,0.0583,0.0000,0.0917,17005,8,185482,0.0917,0.0000
114.02,0.6069,192,0,60000,0.0032,0.8312,0.5607,36,0,60000,0.0006,0.4865,0.0600,11127,8,185482,0.0600,0.0000,0.0675,12525,6,185482,0.0675,0.0000
114.52,0.6069,192,0,60000,0.0032,0.8312,0.5607,36,0,60000,0.0006,0.4865,0.0600,11127,8,185482,0.0600,0.0000,0.0675,12525,6,185482,0.0675,0.0000
115.02,0.6069,192,0,60000,0.0032,0.8312,0.5607,36,0,60000,0.0006,0.4865,0.0600,11127,8,185482,0.0600,0.0000,0.0688,12765,6,185482,0.0688,0.0000
115.52,0.6069,192,0,60000,0.0032,0.8312,0.5607,36,0,60000,0.0006,0.4865,0.0543,10068,6,185482,0.0543,0.0000,0.0688,12765,6,185482,0.0688,0.0000
116.02,0.6069,192,0,60000,0.0032,0.8312,0.5779,3776,0,60000,0.0629,0.9953,0.0543,10068,6,185482,0.0543,0.0000,0.0906,16799,6,185482,0.0906,0.0000
116.52,0.6069,192,0,60000,0.0032,0.8312,0.5779,3776,0,60000,0.0629,0.9953,0.0556,10308,6,185482,0.0556,0.0000,0.0906,16799,6,185482,0.0906,0.0000
117.02,0.6130,979,0,60000,0.0163,0.9395,0.5779,3776,0,60000,0.0629,0.9953,0.0556,10308,6,185482,0.0556,0.0000,0.0977,18116,8,185482,0.0977,0.0000
117.52,0.6279,884,0,60000,0.0147,0.9790,0.5782,36,0,60000,0.0006,0.6923,0.0569,10548,6,185482,0.0569,0.0000,0.0977,18116,8,185482,0.0977,0.0000
118.02,0.6279,884,0,60000,0.0147,0.9790,0.5851,437,0,60000,0.0073,0.9626,0.0569,10548,6,185482,0.0569,0.0000,0.0780,14468,9,185482,0.0780,0.0000
118.52,0.6282,0,0,60000,0.0000,0.0000,0.5860,0,0,60000,0.0000,0.0000,0.0558,10355,5,185482,0.0558,0.0000,0.0780,14468,9,185482,0.0780,0.0000
119.02,0.6282,0,0,60000,0.0000,0.0000,0.5860,0,0,60000,0.0000,0.0000,0.0558,10355,5,185482,0.0558,0.0000,0.0797,14774,8,185482,0.0797,0.0000
119.52,0.6282,0,0,60000,0.0000,0.0000,0.5860,0,0,60000,0.0000,0.0000,0.0469,8701,3,185482,0.0469,0.0000,0.0797,14774,8,185482,0.0797,0.0000
120.02,0.6282,0,0,60000,0.0000,0.0000,0.5894,281,0,60000,0.0047,0.7762,0.0469,8701,3,185482,0.0469,0.0000,0.0797,14774,8,185482,0.0797,0.0000
120.52,0.6282,0,0,60000,0.0000,0.0000,0.5894,281,0,60000,0.0047,0.7762,0.0476,8821,3,185482,0.0476,0.0000,0.0833,15456,8,185482,0.0833,0.0000
121.02,0.6313,418,0,60000,0.0070,0.9351,0.5894,281,0,60000,0.0047,0.7762,0.0476,8821,3,185482,0.0476,0.0000,0.0833,15456,8,185482,0.0833,0.0000
121.52,0.6313,418,0,60000,0.0070,0.9351,0.5974,98,0,60000,0.0016,0.7597,0.0399,7410,3,185482,0.0399,0.0000,0.0819,15190,9,185482,0.0819,0.0000
122.02,0.6313,418,0,60000,0.0070,0.9351,0.6038,1452,0,60000,0.0242,0.8789,0.0399,7410,3,185482,0.0399,0.0000,0.0819,15190,9,185482,0.0819,0.0000
122.52,0.6313,418,0,60000,0.0070,0.9351,0.6072,36,0,60000,0.0006,0.2057,0.0414,7685,4,185482,0.0414,0.0000,0.0949,17604,10,185482,0.0949,0.0000
123.02,0.6313,418,0,60000,0.0070,0.9351,0.6072,36,0,60000,0.0006,0.2057,0.0414,7685,4,185482,0.0414,0.0000,0.0949,17604,10,185482,0.0949,0.0000
123.52,0.6313,418,0,60000,0.0070,0.9351,0.6256,1954,0,60000,0.0326,0.9879,0.0202,3753,3,185482,0.0202,0.0000,0.0761,14117,9,185482,0.0761,0.0000
124.02,0.6313,418,0,60000,0.0070,0.9351,0.6256,1954,0,60000,0.0326,0.9879,0.0202,3753,3,185482,0.0202,0.0000,0.0761,14117,9,185482,0.0761,0.0000
124.52,0.6318,36,0,60000,0.0006,0.0564,0.6256,1954,0,60000,0.0326,0.9879,0.0286,5299,4,185482,0.0286,0.0000,0.0594,11023,9,185482,0.0594,0.0000
125.02,0.6318,36,0,60000,0.0006,0.0564,0.6256,1954,0,60000,0.0326,0.9879,0.0286,5299,4,185482,0.0286,0.0000,0.0594,11023,9,185482,0.0594,0.0000
125.52,0.6318,36,0,60000,0.0006,0.0564,0.6256,1954,0,60000,0.0326,0.9879,0.0277,5137,2,185482,0.0277,0.0000,0.0614,11383,9,185482,0.0614,0.0000
126.02,0.6528,4077,0,60000,0.0679,0.9944,0.6267,169,0,60000,0.0028,0.7824,0.0277,5137,2,185482,0.0277,0.0000,0.0614,11383,9,185482,0.0614,0.0000
126.52,0.6528,4077,0,60000,0.0679,0.9944,0.6267,169,0,60000,0.0028,0.7824,0.0503,9322,3,185482,0.0503,0.0000,0.0614,11395,9,185482,0.0614,0.0000
127.02,0.6611,4067,0,60000,0.0678,0.9966,0.6267,169,0,60000,0.0028,0.7824,0.0503,9322,3,185482,0.0503,0.0000,0.0614,11395,9,185482,0.0614,0.0000
127.52,0.6677,252,0,60000,0.0042,0.8968,0.6267,169,0,60000,0.0028,0.7824,0.0729,13530,4,185482,0.0729,0.0000,0.0614,11395,9,185482,0.0614,0.0000
128.02,0.6677,252,0,60000,0.0042,0.8968,0.6267,169,0,60000,0.0028,0.7824,0.0729,13530,4,185482,0.0729,0.0000,0.0520,9645,8,185482,0.0520,0.0000
128.52,0.6677,252,0,60000,0.0042,0.8968,0.6267,169,0,60000,0.0028,0.7824,0.0582,10787,4,185482,0.0582,0.0000,0.0520,9645,8,185482,0.0520,0.0000
129.02,0.6677,252,0,60000,0.0042,0.8968,0.6267,169,0,60000,0.0028,0.7824,0.0582,10787,4,185482,0.0582,0.0000,0.0537,9965,8,185482,0.0537,0.0000
129.52,0.6774,591,0,60000,0.0098,0.9594,0.6267,169,0,60000,0.0028,0.7824,0.0571,10600,3,185482,0.0571,0.0000,0.0537,9965,8,185482,0.0537,0.0000
130.02,0.6774,591,0,60000,0.0098,0.9594,0.6267,169,0,60000,0.0028,0.7824,0.0571,10600,3,185482,0.0571,0.0000,0.0555,10285,8,185482,0.0555,0.0000
130.52,0.6774,591,0,60000,0.0098,0.9594,0.6661,2690,0,60000,0.0448,0.9624,0.0693,12858,4,185482,0.0693,0.0000,0.0555,10285,8,185482,0.0555,0.0000
131.02,0.6774,591,0,60000,0.0098,0.9594,0.6661,2690,0,60000,0.0448,0.9624,0.0693,12858,4,185482,0.0693,0.0000,0.0641,11888,8,185482,0.0641,0.0000
131.52,0.6774,591,0,60000,0.0098,0.9594,0.7190,3200,0,60000,0.0533,0.9392,0.0703,13047,5,185482,0.0703,0.0000,0.0641,11888,8,185482,0.0641,0.0000
132.02,0.6774,591,0,60000,0.0098,0.9594,0.7251,334,0,60000,0.0056,0.9176,0.0703,13047,5,185482,0.0703,0.0000,0.0845,15676,10,185482,0.0845,0.0000
132.52,0.6778,38,0,60000,0.0006,0.6786,0.7251,334,0,60000,0.0056,0.9176,0.0612,11353,5,185482,0.0612,0.0000,0.0845,15676,10,185482,0.0845,0.0000
133.02,0.6778,38,0,60000,0.0006,0.6786,0.7251,334,0,60000,0.0056,0.9176,0.0612,11353,5,185482,0.0612,0.0000,0.0812,15054,9,185482,0.0812,0.0000
133.52,0.6778,38,0,60000,0.0006,0.6786,0.7251,334,0,60000,0.0056,0.9176,0.0602,11174,5,185482,0.0602,0.0000,0.0812,15054,9,185482,0.0812,0.0000
134.02,0.6778,38,0,60000,0.0006,0.6786,0.7251,334,0,60000,0.0056,0.9176,0.0602,11174,5,185482,0.0602,0.0000,0.0628,11649,6,185482,0.0628,0.0000
134.52,0.6778,38,0,60000,0.0006,0.6786,0.7264,84,0,60000,0.0014,0.5373,0.0602,11174,5,185482,0.0602,0.0000,0.0628,11649,6,185482,0.0628,0.0000
135.02,0.6937,985,0,60000,0.0164,0.9821,0.7264,84,0,60000,0.0014,0.5373,0.0384,7116,6,185482,0.0384,0.0000,0.0592,10984,5,185482,0.0592,0.0000
135.52,0.6937,985,0,60000,0.0164,0.9821,0.7264,84,0,60000,0.0014,0.5373,0.0384,7116,6,185482,0.0384,0.0000,0.0592,10984,5,185482,0.0592,0.0000
136.02,0.6937,985,0,60000,0.0164,0.9821,0.7264,84,0,60000,0.0014,0.5373,0.0452,8382,7,185482,0.0452,0.0000,0.0603,11184,5,185482,0.0603,0.0000
136.52,0.7211,2074,0,60000,0.0346,0.8982,0.7276,402,0,60000,0.0067,0.9617,0.0452,8382,7,185482,0.0452,0.0000,0.0603,11184,5,185482,0.0603,0.0000
137.02,0.7211,2074,0,60000,0.0346,0.8982,0.7439,72,0,60000,0.0012,0.1048,0.0567,10520,8,185482,0.0567,0.0000,0.0707,13110,7,185482,0.0707,0.0000
137.52,0.7211,2074,0,60000,0.0346,0.8982,0.7439,72,0,60000,0.0012,0.1048,0.0567,10520,8,185482,0.0567,0.0000,0.0707,13110,7,185482,0.0707,0.0000
138.02,0.7211,2074,0,60000,0.0346,0.8982,0.7439,72,0,60000,0.0012,0.1048,0.0559,10368,7,185482,0.0559,0.0000,0.0707,13110,7,185482,0.0707,0.0000
138.52,0.7211,2074,0,60000,0.0346,0.8982,0.7439,72,0,60000,0.0012,0.1048,0.0559,10368,7,185482,0.0559,0.0000,0.0722,13390,7,185482,0.0722,0.0000
139.02,0.7211,2074,0,60000,0.0346,0.8982,0.7618,863,0,60000,0.0144,0.9452,0.0574,10648,7,185482,0.0574,0.0000,0.0722,13390,7,185482,0.0722,0.0000
139.52,0.7211,2074,0,60000,0.0346,0.8982,0.7618,863,0,60000,0.0144,0.9452,0.0574,10648,7,185482,0.0574,0.0000,0.0786,14583,7,185482,0.0786,0.0000
140.02,0.7211,2074,0,60000,0.0346,0.8982,0.7618,863,0,60000,0.0144,0.9452,0.0589,10928,7,185482,0.0589,0.0000,0.0786,14583,7,185482,0.0786,0.0000
140.52,0.7211,2074,0,60000,0.0346,0.8982,0.7634,461,0,60000,0.0077,0.9564,0.0589,10928,7,185482,0.0589,0.0000,0.0803,14903,8,185482,0.0803,0.0000
141.02,0.7211,2074,0,60000,0.0346,0.8982,0.7634,461,0,60000,0.0077,0.9564,0.0604,11208,7,185482,0.0604,0.0000,0.0803,14903,8,185482,0.0803,0.0000
141.52,0.7211,2074,0,60000,0.0346,0.8982,0.7634,461,0,60000,0.0077,0.9564,0.0604,11208,7,185482,0.0604,0.0000,0.0593,10990,8,185482,0.0593,0.0000
142.02,0.7211,2074,0,60000,0.0346,0.8982,0.7637,37,0,60000,0.0006,0.0971,0.0516,9568,6,185482,0.0516,0.0000,0.0593,10990,8,185482,0.0593,0.0000
142.52,0.7211,2074,0,60000,0.0346,0.8982,0.7637,37,0,60000,0.0006,0.0971,0.0516,9568,6,185482,0.0516,0.0000,0.0586,10864,8,185482,0.0586,0.0000
143.02,0.7211,2074,0,60000,0.0346,0.8982,0.7637,37,0,60000,0.0006,0.0971,0.0507,9396,5,185482,0.0507,0.0000,0.0586,10864,8,185482,0.0586,0.0000
143.52,0.7211,2074,0,60000,0.0346,0.8982,0.7637,37,0,60000,0.0006,0.0971,0.0507,9396,5,185482,0.0507,0.0000,0.0603,11184,8,185482,0.0603,0.0000
144.02,0.7852,4721,0,60000,0.0787,0.9956,0.7637,37,0,60000,0.0006,0.0971,0.0773,14338,5,185482,0.0773,0.0000,0.0603,11184,8,185482,0.0603,0.0000
144.52,0.7852,4721,0,60000,0.0787,0.9956,0.7637,37,0,60000,0.0006,0.0971,0.0773,14338,5,185482,0.0773,0.0000,0.0620,11504,8,185482,0.0620,0.0000
145.02,0.7913,379,0,60000,0.0063,0.9067,0.7796,827,0,60000,0.0138,0.8588,0.0785,14567,6,185482,0.0785,0.0000,0.0620,11504,8,185482,0.0620,0.0000
145.52,0.7913,379,0,60000,0.0063,0.9067,0.7796,827,0,60000,0.0138,0.8588,0.0785,14567,6,185482,0.0785,0.0000,0.0628,11650,8,185482,0.0628,0.0000
146.02,0.7913,379,0,60000,0.0063,0.9067,0.7796,827,0,60000,0.0138,0.8588,0.0823,15257,7,185482,0.0823,0.0000,0.0628,11650,8,185482,0.0628,0.0000
146.52,0.7913,379,0,60000,0.0063,0.9067,0.7819,36,0,60000,0.0006,0.6000,0.0823,15257,7,185482,0.0823,0.0000,0.0505,9366,6,185482,0.0505,0.0000
147.02,0.7913,379,0,60000,0.0063,0.9067,0.7819,36,0,60000,0.0006,0.6000,0.0838,15537,7,185482,0.0838,0.0000,0.0505,9366,6,185482,0.0505,0.0000
147.52,0.7913,379,0,60000,0.0063,0.9067,0.7819,36,0,60000,0.0006,0.6000,0.0838,15537,7,185482,0.0838,0.0000,0.0442,8204,5,185482,0.0442,0.0000
148.02,0.7913,379,0,60000,0.0063,0.9067,0.7823,36,0,60000,0.0006,0.0802,0.0838,15537,7,185482,0.0838,0.0000,0.0442,8204,5,185482,0.0442,0.0000
148.52,0.7913,379,0,60000,0.0063,0.9067,0.7930,1141,0,60000,0.0190,0.9702,0.0877,16266,7,185482,0.0877,0.0000,0.0298,5530,5,185482,0.0298,0.0000
149.02,0.7913,379,0,60000,0.0063,0.9067,0.7930,1141,0,60000,0.0190,0.9702,0.0877,16266,7,185482,0.0877,0.0000,0.0298,5530,5,185482,0.0298,0.0000
149.52,0.8084,1889,0,60000,0.0315,0.9906,0.7930,1141,0,60000,0.0190,0.9702,0.0894,16584,8,185482,0.0894,0.0000,0.0227,4218,4,185482,0.0227,0.0000
150.02,0.8084,1889,0,60000,0.0315,0.9906,0.7938,76,0,60000,0.0013,0.7451,0.0894,16584,8,185482,0.0894,0.0000,0.0227,4218,4,185482,0.0227,0.0000
150.52,0.8084,1889,0,60000,0.0315,0.9906,0.8113,1385,0,60000,0.0231,0.9692,0.1092,20257,9,185482,0.1092,0.0000,0.0236,4378,4,185482,0.0236,0.0000
151.02,0.8084,1889,0,60000,0.0315,0.9906,0.8113,1385,0,60000,0.0231,0.9692,0.1092,20257,9,185482,0.1092,0.0000,0.0236,4378,4,185482,0.0236,0.0000
151.52,0.8084,1889,0,60000,0.0315,0.9906,0.8113,1385,0,60000,0.0231,0.9692,0.0959,17782,9,185482,0.0959,0.0000,0.0245,4538,4,185482,0.0245,0.0000
152.02,0.8084,1889,0,60000,0.0315,0.9906,0.8113,1385,0,60000,0.0231,0.9692,0.0959,17782,9,185482,0.0959,0.0000,0.0245,4538,4,185482,0.0245,0.0000
152.52,0.8084,1889,0,60000,0.0315,0.9906,0.8202,1508,0,60000,0.0251,0.9679,0.0928,17220,7,185482,0.0928,0.0000,0.0253,4698,4,185482,0.0253,0.0000
153.02,0.8084,1889,0,60000,0.0315,0.9906,0.8202,1508,0,60000,0.0251,0.9679,0.0928,17220,7,185482,0.0928,0.0000,0.0253,4698,4,185482,0.0253,0.0000
153.52,0.8098,104,0,60000,0.0017,0.7609,0.8202,1508,0,60000,0.0251,0.9679,0.0928,17220,7,185482,0.0928,0.0000,0.0265,4910,5,185482,0.0265,0.0000
154.02,0.8098,104,0,60000,0.0017,0.7609,0.8202,1508,0,60000,0.0251,0.9679,0.0637,11806,7,185482,0.0637,0.0000,0.0265,4910,5,185482,0.0265,0.0000
154.52,0.8105,36,0,60000,0.0006,0.7660,0.8554,778,0,60000,0.0130,0.9798,0.0637,11806,7,185482,0.0637,0.0000,0.0199,3700,4,185482,0.0199,0.0000
155.02,0.8105,36,0,60000,0.0006,0.7660,0.8554,778,0,60000,0.0130,0.9798,0.0536,9940,7,185482,0.0536,0.0000,0.0199,3700,4,185482,0.0199,0.0000
155.52,0.8105,36,0,60000,0.0006,0.7660,0.8757,1655,0,60000,0.0276,0.9886,0.0536,9940,7,185482,0.0536,0.0000,0.0343,6354,5,185482,0.0343,0.0000
156.02,0.8229,766,0,60000,0.0128,0.9708,0.8757,1655,0,60000,0.0276,0.9886,0.0538,9983,6,185482,0.0538,0.0000,0.0343,6354,5,185482,0.0343,0.0000
156.52,0.8229,766,0,60000,0.0128,0.9708,0.8757,1655,0,60000,0.0276,0.9886,0.0538,9983,6,185482,0.0538,0.0000,0.0356,6600,6,185482,0.0356,0.0000
157.02,0.8229,766,0,60000,0.0128,0.9708,0.8879,1400,0,60000,0.0233,0.8182,0.0669,12413,7,185482,0.0669,0.0000,0.0356,6600,6,185482,0.0356,0.0000
157.52,0.8229,766,0,60000,0.0128,0.9708,0.8879,1400,0,60000,0.0233,0.8182,0.0669,12413,7,185482,0.0669,0.0000,0.0320,5942,6,185482,0.0320,0.0000
158.02,0.8229,766,0,60000,0.0128,0.9708,0.8879,1400,0,60000,0.0233,0.8182,0.0686,12728,8,185482,0.0686,0.0000,0.0320,5942,6,185482,0.0320,0.0000
158.52,0.8247,229,0,60000,0.0038,0.6599,0.8879,1400,0,60000,0.0233,0.8182,0.0686,12728,8,185482,0.0686,0.0000,0.0333,6182,6,185482,0.0333,0.0000
159.02,0.8247,229,0,60000,0.0038,0.6599,0.8879,1400,0,60000,0.0233,0.8182,0.0703,13048,8,185482,0.0703,0.0000,0.0333,6182,6,185482,0.0333,0.0000
159.52,0.8247,229,0,60000,0.0038,0.6599,0.8879,1400,0,60000,0.0233,0.8182,0.0703,13048,8,185482,0.0703,0.0000,0.0367,6804,7,185482,0.0367,0.0000
160.02,0.8422,966,0,60000,0.0161,0.9517,0.8879,1400,0,60000,0.0233,0.8182,0.0621,11511,7,185482,0.0621,0.0000,0.0367,6804,7,185482,0.0367,0.0000
160.52,0.8422,966,0,60000,0.0161,0.9517,0.8879,1400,0,60000,0.0233,0.8182,0.0621,11511,7,185482,0.0621,0.0000,0.0348,6450,7,185482,0.0348,0.0000
161.02,0.8422,966,0,60000,0.0161,0.9517,0.8879,1400,0,60000,0.0233,0.8182,0.0634,11751,6,185482,0.0634,0.0000,0.0348,6450,7,185482,0.0348,0.0000
161.52,0.8422,966,0,60000,0.0161,0.9517,0.8879,1400,0,60000,0.0233,0.8182,0.0634,11751,6,185482,0.0634,0.0000,0.0363,6730,7,185482,0.0363,0.0000
162.02,0.8422,966,0,60000,0.0161,0.9517,0.8879,1400,0,60000,0.0233,0.8182,0.0646,11991,6,185482,0.0646,0.0000,0.0363,6730,7,185482,0.0363,0.0000
162.52,0.8422,966,0,60000,0.0161,0.9517,0.8879,1400,0,60000,0.0233,0.8182,0.0646,11991,6,185482,0.0646,0.0000,0.0378,7010,7,185482,0.0378,0.0000
163.02,0.8570,879,0,60000,0.0146,0.9734,0.9028,968,0,60000,0.0161,0.9500,0.0579,10732,6,185482,0.0579,0.0000,0.0378,7010,7,185482,0.0378,0.0000
163.52,0.8570,879,0,60000,0.0146,0.9734,0.9116,1649,0,60000,0.0275,0.9815,0.0579,10732,6,185482,0.0579,0.0000,0.0420,7787,7,185482,0.0420,0.0000
164.02,0.8570,879,0,60000,0.0146,0.9734,0.9116,1649,0,60000,0.0275,0.9815,0.0579,10734,6,185482,0.0579,0.0000,0.0420,7787,7,185482,0.0420,0.0000
164.52,0.8570,879,0,60000,0.0146,0.9734,0.9116,1649,0,60000,0.0275,0.9815,0.0579,10734,6,185482,0.0579,0.0000,0.0435,8067,7,185482,0.0435,0.0000
165.02,0.8570,879,0,60000,0.0146,0.9734,0.9116,1649,0,60000,0.0275,0.9815,0.0409,7592,5,185482,0.0409,0.0000,0.0435,8067,7,185482,0.0435,0.0000
165.52,0.8651,2367,0,60000,0.0394,0.9909,0.9116,1649,0,60000,0.0275,0.9815,0.0409,7592,5,185482,0.0409,0.0000,0.0582,10787,9,185482,0.0582,0.0000
166.02,0.8651,2367,0,60000,0.0394,0.9909,0.9189,512,0,60000,0.0085,0.8904,0.0358,6648,5,185482,0.0358,0.0000,0.0582,10787,9,185482,0.0582,0.0000
166.52,0.8651,2367,0,60000,0.0394,0.9909,0.9189,512,0,60000,0.0085,0.8904,0.0358,6648,5,185482,0.0358,0.0000,0.0533,9882,8,185482,0.0533,0.0000
167.02,0.8972,1938,0,60000,0.0323,0.9358,0.9189,512,0,60000,0.0085,0.8904,0.0369,6848,5,185482,0.0369,0.0000,0.0533,9882,8,185482,0.0533,0.0000
167.52,0.8972,1938,0,60000,0.0323,0.9358,0.9189,512,0,60000,0.0085,0.8904,0.0369,6848,5,185482,0.0369,0.0000,0.0656,12160,8,185482,0.0656,0.0000
168.02,0.8972,1938,0,60000,0.0323,0.9358,0.9189,512,0,60000,0.0085,0.8904,0.0369,6848,5,185482,0.0369,0.0000,0.0656,12160,8,185482,0.0656,0.0000
168.52,0.8972,1938,0,60000,0.0323,0.9358,0.9189,512,0,60000,0.0085,0.8904,0.0380,7048,5,185482,0.0380,0.0000,0.0656,12160,8,185482,0.0656,0.0000
169.02,0.8972,1938,0,60000,0.0323,0.9358,0.9257,1720,0,60000,0.0287,0.9778,0.0391,7248,5,185482,0.0391,0.0000,0.0673,12480,8,185482,0.0673,0.0000
169.52,0.9193,1253,0,60000,0.0209,0.9897,0.9257,1720,0,60000,0.0287,0.9778,0.0391,7248,5,185482,0.0391,0.0000,0.0673,12480,8,185482,0.0673,0.0000
170.02,0.9193,1253,0,60000,0.0209,0.9897,0.9274,95,0,60000,0.0016,0.8879,0.0391,7248,5,185482,0.0391,0.0000,0.0786,14579,9,185482,0.0786,0.0000
170.52,0.9193,1253,0,60000,0.0209,0.9897,0.9274,95,0,60000,0.0016,0.8879,0.0438,8122,6,185482,0.0438,0.0000,0.0786,14579,9,185482,0.0786,0.0000
171.02,0.9193,1253,0,60000,0.0209,0.9897,0.9274,95,0,60000,0.0016,0.8879,0.0438,8122,6,185482,0.0438,0.0000,0.0805,14939,9,185482,0.0805,0.0000
171.52,0.9193,1253,0,60000,0.0209,0.9897,0.9276,37,0,60000,0.0006,0.6271,0.0451,8362,6,185482,0.0451,0.0000,0.0805,14939,9,185482,0.0805,0.0000
172.02,0.9193,1253,0,60000,0.0209,0.9897,0.9276,37,0,60000,0.0006,0.6271,0.0451,8362,6,185482,0.0451,0.0000,0.0716,13280,8,185482,0.0716,0.0000
172.52,0.9193,1253,0,60000,0.0209,0.9897,0.9276,37,0,60000,0.0006,0.6271,0.0343,6371,6,185482,0.0343,0.0000,0.0716,13280,8,185482,0.0716,0.0000
173.02,0.9261,737,0,60000,0.0123,0.9736,0.9276,37,0,60000,0.0006,0.6271,0.0343,6371,6,185482,0.0343,0.0000,0.0527,9767,5,185482,0.0527,0.0000
173.52,0.9261,737,0,60000,0.0123,0.9736,0.9276,37,0,60000,0.0006,0.6271,0.0356,6611,6,185482,0.0356,0.0000,0.0527,9767,5,185482,0.0527,0.0000
174.02,0.9589,1986,0,60000,0.0331,0.9900,0.9276,37,0,60000,0.0006,0.6271,0.0356,6611,6,185482,0.0356,0.0000,0.0537,9967,5,185482,0.0537,0.0000
174.52,0.9589,1986,0,60000,0.0331,0.9900,0.9276,37,0,60000,0.0006,0.6271,0.0478,8857,6,185482,0.0478,0.0000,0.0537,9967,5,185482,0.0537,0.0000
175.02,0.9589,1986,0,60000,0.0331,0.9900,0.9276,37,0,60000,0.0006,0.6271,0.0478,8857,6,185482,0.0478,0.0000,0.0548,10167,5,185482,0.0548,0.0000
175.52,0.9589,1986,0,60000,0.0331,0.9900,0.9501,762,0,60000,0.0127,0.9807,0.0454,8430,6,185482,0.0454,0.0000,0.0548,10167,5,185482,0.0548,0.0000
176.02,0.9817,2351,0,60000,0.0392,0.9920,0.9501,762,0,60000,0.0127,0.9807,0.0454,8430,6,185482,0.0454,0.0000,0.0601,11156,6,185482,0.0601,0.0000
176.52,0.9817,2351,0,60000,0.0392,0.9920,0.9501,762,0,60000,0.0127,0.9807,0.0598,11083,8,185482,0.0598,0.0000,0.0601,11156,6,185482,0.0601,0.0000
177.02,0.9824,780,0,60000,0.0130,0.9762,0.9501,762,0,60000,0.0127,0.9807,0.0598,11083,8,185482,0.0598,0.0000,0.0530,9837,5,185482,0.0530,0.0000
177.52,0.9664,1357,0,60000,0.0226,0.9869,0.9501,762,0,60000,0.0127,0.9807,0.0659,12215,9,185482,0.0659,0.0000,0.0530,9837,5,185482,0.0530,0.0000
178.02,0.9664,1357,0,60000,0.0226,0.9869,0.9501,762,0,60000,0.0127,0.9807,0.0659,12215,9,185482,0.0659,0.0000,0.0428,7938,4,185482,0.0428,0.0000
178.52,0.9667,0,0,60000,0.0000,0.0000,0.9504,0,0,60000,0.0000,0.0000,0.0707,13122,9,185482,0.0707,0.0000,0.0428,7938,4,185482,0.0428,0.0000
179.02,0.9667,0,0,60000,0.0000,0.0000,0.9504,0,0,60000,0.0000,0.0000,0.0707,13122,9,185482,0.0707,0.0000,0.0437,8098,4,185482,0.0437,0.0000
179.52,0.9667,0,0,60000,0.0000,0.0000,0.9587,1522,0,60000,0.0254,0.9807,0.0602,11173,8,185482,0.0602,0.0000,0.0437,8098,4,185482,0.0437,0.0000
180.02,0.9667,0,0,60000,0.0000,0.0000,0.9587,1522,0,60000,0.0254,0.9807,0.0602,11173,8,185482,0.0602,0.0000,0.0530,9835,5,185482,0.0530,0.0000
180.52,0.9667,0,0,60000,0.0000,0.0000,0.9587,1522,0,60000,0.0254,0.9807,0.0620,11493,8,185482,0.0620,0.0000,0.0530,9835,5,185482,0.0530,0.0000
181.02,0.9542,2082,0,60000,0.0347,0.9863,0.9635,830,0,60000,0.0138,0.9529,0.0620,11493,8,185482,0.0620,0.0000,0.0530,9835,5,185482,0.0530,0.0000
181.52,0.9542,2082,0,60000,0.0347,0.9863,0.9635,830,0,60000,0.0138,0.9529,0.0800,14837,10,185482,0.0800,0.0000,0.0541,10035,5,185482,0.0541,0.0000
182.02,0.9542,2082,0,60000,0.0347,0.9863,0.9642,36,0,60000,0.0006,0.3158,0.0800,14837,10,185482,0.0800,0.0000,0.0541,10035,5,185482,0.0541,0.0000
182.52,0.9542,2082,0,60000,0.0347,0.9863,0.9304,2298,0,60000,0.0383,0.9854,0.0731,13551,10,185482,0.0731,0.0000,0.0414,7671,3,185482,0.0414,0.0000
183.02,0.9542,2082,0,60000,0.0347,0.9863,0.9304,2298,0,60000,0.0383,0.9854,0.0731,13551,10,185482,0.0731,0.0000,0.0414,7671,3,185482,0.0414,0.0000
183.52,0.9542,2082,0,60000,0.0347,0.9863,0.9304,2298,0,60000,0.0383,0.9854,0.0731,13551,10,185482,0.0731,0.0000,0.0421,7814,4,185482,0.0421,0.0000
184.02,0.9542,2082,0,60000,0.0347,0.9863,0.9304,2298,0,60000,0.0383,0.9854,0.0752,13951,10,185482,0.0752,0.0000,0.0421,7814,4,185482,0.0421,0.0000
184.52,0.9542,2082,0,60000,0.0347,0.9863,0.9310,38,0,60000,0.0006,0.8636,0.0752,13951,10,185482,0.0752,0.0000,0.0283,5241,3,185482,0.0283,0.0000
185.03,0.9542,2082,0,60000,0.0347,0.9863,0.9558,1866,0,60000,0.0311,0.9604,0.0622,11544,9,185482,0.0622,0.0000,0.0283,5241,3,185482,0.0283,0.0000
185.53,0.9542,2082,0,60000,0.0347,0.9863,0.9862,1812,0,60000,0.0302,0.9902,0.0622,11544,9,185482,0.0622,0.0000,0.0289,5361,3,185482,0.0289,0.0000
186.03,0.9542,2082,0,60000,0.0347,0.9863,0.9862,1812,0,60000,0.0302,0.9902,0.0748,13866,10,185482,0.0748,0.0000,0.0289,5361,3,185482,0.0289,0.0000
186.53,0.9651,2694,0,60000,0.0449,0.9908,0.9862,1812,0,60000,0.0302,0.9902,0.0748,13866,10,185482,0.0748,0.0000,0.0395,7330,4,185482,0.0395,0.0000
187.03,0.9746,1813,0,60000,0.0302,0.9913,0.9862,1812,0,60000,0.0302,0.9902,0.1015,18827,11,185482,0.1015,0.0000,0.0395,7330,4,185482,0.0395,0.0000
187.53,0.9746,1813,0,60000,0.0302,0.9913,0.9862,1812,0,60000,0.0302,0.9902,0.1015,18827,11,185482,0.1015,0.0000,0.0404,7490,4,185482,0.0404,0.0000
188.03,0.9746,1813,0,60000,0.0302,0.9913,0.9862,1812,0,60000,0.0302,0.9902,0.0998,18502,11,185482,0.0998,0.0000,0.0404,7490,4,185482,0.0404,0.0000
188.53,0.9746,1813,0,60000,0.0302,0.9913,0.9862,1812,0,60000,0.0302,0.9902,0.0998,18502,11,185482,0.0998,0.0000,0.0412,7650,4,185482,0.0412,0.0000
189.03,0.9746,1813,0,60000,0.0302,0.9913,0.9862,1812,0,60000,0.0302,0.9902,0.1021,18942,11,185482,0.1021,0.0000,0.0412,7650,4,185482,0.0412,0.0000
189.53,0.9746,1813,0,60000,0.0302,0.9913,0.9862,1812,0,60000,0.0302,0.9902,0.1021,18942,11,185482,0.1021,0.0000,0.0421,7810,4,185482,0.0421,0.0000
190.03,0.9746,1813,0,60000,0.0302,0.9913,0.9862,1812,0,60000,0.0302,0.9902,0.1021,18942,11,185482,0.1021,0.0000,0.0421,7810,4,185482,0.0421,0.0000
190.53,0.9746,1813,0,60000,0.0302,0.9913,0.9862,1812,0,60000,0.0302,0.9902,0.1045,19382,11,185482,0.1045,0.0000,0.0430,7970,4,185482,0.0430,0.0000
191.03,0.9873,791,0,60000,0.0132,0.9753,0.9865,38,0,60000,0.0006,0.6230,0.1045,19382,11,185482,0.1045,0.0000,0.0430,7970,4,185482,0.0430,0.0000
191.53,0.9873,791,0,60000,0.0132,0.9753,0.9865,38,0,60000,0.0006,0.6230,0.0869,16122,10,185482,0.0869,0.0000,0.0442,8204,5,185482,0.0442,0.0000
192.03,0.9873,791,0,60000,0.0132,0.9753,0.9865,38,0,60000,0.0006,0.6230,0.0869,16122,10,185482,0.0869,0.0000,0.0442,8204,5,185482,0.0442,0.0000
192.53,0.9873,791,0,60000,0.0132,0.9753,0.9865,38,0,60000,0.0006,0.6230,0.0685,12706,8,185482,0.0685,0.0000,0.0453,8404,5,185482,0.0453,0.0000
193.03,0.9877,36,0,60000,0.0006,0.7500,0.9865,38,0,60000,0.0006,0.6230,0.0685,12706,8,185482,0.0685,0.0000,0.0351,6507,4,185482,0.0351,0.0000
193.53,0.9877,36,0,60000,0.0006,0.7500,0.9865,38,0,60000,0.0006,0.6230,0.0706,13100,9,185482,0.0706,0.0000,0.0351,6507,4,185482,0.0351,0.0000
194.03,0.9877,36,0,60000,0.0006,0.7500,0.9753,1853,0,60000,0.0309,0.9920,0.0706,13100,9,185482,0.0706,0.0000,0.0351,6507,4,185482,0.0351,0.0000
194.53,0.9877,36,0,60000,0.0006,0.7500,0.9753,1853,0,60000,0.0309,0.9920,0.0650,12060,8,185482,0.0650,0.0000,0.0461,8548,5,185482,0.0461,0.0000
195.03,0.9843,822,0,60000,0.0137,0.9503,0.9753,1853,0,60000,0.0309,0.9920,0.0650,12060,8,185482,0.0650,0.0000,0.0461,8548,5,185482,0.0461,0.0000
195.53,0.9843,822,0,60000,0.0137,0.9503,0.9383,2969,0,60000,0.0495,0.9936,0.0650,12060,8,185482,0.0650,0.0000,0.0472,8748,5,185482,0.0472,0.0000
196.03,0.9843,822,0,60000,0.0137,0.9503,0.9383,2969,0,60000,0.0495,0.9936,0.0572,10616,8,185482,0.0572,0.0000,0.0472,8748,5,185482,0.0472,0.0000
196.53,0.9843,822,0,60000,0.0137,0.9503,0.9383,2969,0,60000,0.0495,0.9936,0.0572,10616,8,185482,0.0572,0.0000,0.0559,10369,5,185482,0.0559,0.0000
197.03,0.9843,822,0,60000,0.0137,0.9503,0.9383,2969,0,60000,0.0495,0.9936,0.0436,8096,6,185482,0.0436,0.0000,0.0559,10369,5,185482,0.0559,0.0000
197.53,0.9646,1391,0,60000,0.0232,0.9907,0.9383,2969,0,60000,0.0495,0.9936,0.0436,8096,6,185482,0.0436,0.0000,0.0570,10569,5,185482,0.0570,0.0000
198.03,0.9029,2614,0,60000,0.0436,0.9823,0.9383,2969,0,60000,0.0495,0.9936,0.0496,9207,6,185482,0.0496,0.0000,0.0570,10569,5,185482,0.0570,0.0000
198.53,0.9029,2614,0,60000,0.0436,0.9823,0.9383,2969,0,60000,0.0495,0.9936,0.0496,9207,6,185482,0.0496,0.0000,0.0581,10769,5,185482,0.0581,0.0000
199.03,0.9449,2768,0,60000,0.0461,0.9645,0.9383,2969,0,60000,0.0495,0.9936,0.0739,13716,7,185482,0.0739,0.0000,0.0581,10769,5,185482,0.0581,0.0000
199.53,0.9449,2768,0,60000,0.0461,0.9645,0.9383,2969,0,60000,0.0495,0.9936,0.0739,13716,7,185482,0.0739,0.0000,0.0591,10969,5,185482,0.0591,0.0000
200.03,0.9449,2768,0,60000,0.0461,0.9645,0.9383,2969,0,60000,0.0495,0.9936,0.0912,16908,10,185482,0.0912,0.0000,0.0591,10969,5,185482,0.0591,0.0000
200.53,0.9449,2768,0,60000,0.0461,0.9645,0.9465,516,0,60000,0.0086,0.9736,0.0912,16908,10,185482,0.0912,0.0000,0.0439,8134,4,185482,0.0439,0.0000
201.03,0.9449,2768,0,60000,0.0461,0.9645,0.9465,516,0,60000,0.0086,0.9736,0.0963,17863,11,185482,0.0963,0.0000,0.0439,8134,4,185482,0.0439,0.0000
201.53,0.9449,2768,0,60000,0.0461,0.9645,0.9465,516,0,60000,0.0086,0.9736,0.0963,17863,11,185482,0.0963,0.0000,0.0447,8294,4,185482,0.0447,0.0000
202.03,0.9449,2768,0,60000,0.0461,0.9645,0.9465,516,0,60000,0.0086,0.9736,0.0987,18303,11,185482,0.0987,0.0000,0.0447,8294,4,185482,0.0447,0.0000
202.53,0.9449,2768,0,60000,0.0461,0.9645,0.9465,516,0,60000,0.0086,0.9736,0.0987,18303,11,185482,0.0987,0.0000,0.0456,8454,4,185482,0.0456,0.0000
203.03,0.9852,3015,0,60000,0.0503,0.9654,0.9465,516,0,60000,0.0086,0.9736,0.0987,18303,11,185482,0.0987,0.0000,0.0456,8454,4,185482,0.0456,0.0000
203.53,0.9852,3015,0,60000,0.0503,0.9654,0.9465,516,0,60000,0.0086,0.9736,0.0999,18534,10,185482,0.0999,0.0000,0.0464,8614,4,185482,0.0464,0.0000
204.03,0.9852,3015,0,60000,0.0503,0.9654,0.9465,516,0,60000,0.0086,0.9736,0.0999,18534,10,185482,0.0999,0.0000,0.0464,8614,4,185482,0.0464,0.0000
204.53,0.9852,3015,0,60000,0.0503,0.9654,0.9465,516,0,60000,0.0086,0.9736,0.1023,18974,11,185482,0.1023,0.0000,0.0335,6205,3,185482,0.0335,0.0000
205.03,0.9852,3015,0,60000,0.0503,0.9654,0.9465,516,0,60000,0.0086,0.9736,0.1023,18974,11,185482,0.1023,0.0000,0.0335,6205,3,185482,0.0335,0.0000
205.53,0.9213,3303,0,60000,0.0551,0.9943,0.9465,516,0,60000,0.0086,0.9736,0.1047,19414,11,185482,0.1047,0.0000,0.0341,6325,3,185482,0.0341,0.0000
206.03,0.9213,3303,0,60000,0.0551,0.9943,0.9467,40,0,60000,0.0007,0.7547,0.1047,19414,11,185482,0.1047,0.0000,0.0341,6325,3,185482,0.0341,0.0000
206.53,0.9213,3303,0,60000,0.0551,0.9943,0.9467,40,0,60000,0.0007,0.7547,0.1255,23269,13,185482,0.1255,0.0000,0.0220,4084,2,185482,0.0220,0.0000
207.03,0.9511,2555,0,60000,0.0426,0.9834,0.9467,40,0,60000,0.0007,0.7547,0.1255,23269,13,185482,0.1255,0.0000,0.0220,4084,2,185482,0.0220,0.0000
207.53,0.9511,2555,0,60000,0.0426,0.9834,0.9467,40,0,60000,0.0007,0.7547,0.1255,23269,13,185482,0.1255,0.0000,0.0186,3450,1,185482,0.0186,0.0000
208.03,0.9511,2555,0,60000,0.0426,0.9834,0.9467,40,0,60000,0.0007,0.7547,0.1423,26398,14,185482,0.1423,0.0000,0.0186,3450,1,185482,0.0186,0.0000
208.53,0.9511,2555,0,60000,0.0426,0.9834,0.9467,40,0,60000,0.0007,0.7547,0.1423,26398,14,185482,0.1423,0.0000,0.0188,3490,1,185482,0.0188,0.0000
209.03,0.9511,2555,0,60000,0.0426,0.9834,0.9467,40,0,60000,0.0007,0.7547,0.1302,24156,13,185482,0.1302,0.0000,0.0188,3490,1,185482,0.0188,0.0000
209.53,0.9511,2555,0,60000,0.0426,0.9834,0.9467,40,0,60000,0.0007,0.7547,0.1302,24156,13,185482,0.1302,0.0000,0.0190,3530,1,185482,0.0190,0.0000
210.03,0.9628,697,0,60000,0.0116,0.9817,0.9467,40,0,60000,0.0007,0.7547,0.1313,24355,12,185482,0.1313,0.0000,0.0190,3530,1,185482,0.0190,0.0000
210.53,0.9628,697,0,60000,0.0116,0.9817,0.9467,40,0,60000,0.0007,0.7547,0.1313,24355,12,185482,0.1313,0.0000,0.0192,3570,1,185482,0.0192,0.0000
211.03,0.9407,2765,0,60000,0.0461,0.9577,0.9467,40,0,60000,0.0007,0.7547,0.1313,24355,12,185482,0.1313,0.0000,0.0350,6499,2,185482,0.0350,0.0000
211.53,0.9407,2765,0,60000,0.0461,0.9577,0.9467,40,0,60000,0.0007,0.7547,0.1341,24872,13,185482,0.1341,0.0000,0.0350,6499,2,185482,0.0350,0.0000
212.03,0.9407,2765,0,60000,0.0461,0.9577,0.9467,40,0,60000,0.0007,0.7547,0.1341,24872,13,185482,0.1341,0.0000,0.0355,6579,2,185482,0.0355,0.0000
212.53,0.9407,2765,0,60000,0.0461,0.9577,0.9619,1014,0,60000,0.0169,0.9694,0.1369,25392,13,185482,0.1369,0.0000,0.0355,6579,2,185482,0.0355,0.0000
213.03,0.9407,2765,0,60000,0.0461,0.9577,0.9619,1014,0,60000,0.0169,0.9694,0.1369,25392,13,185482,0.1369,0.0000,0.0416,7722,3,185482,0.0416,0.0000
213.53,0.9407,2765,0,60000,0.0461,0.9577,0.9619,1014,0,60000,0.0169,0.9694,0.1397,25912,13,185482,0.1397,0.0000,0.0416,7722,3,185482,0.0416,0.0000
214.03,0.9407,2765,0,60000,0.0461,0.9577,0.9619,1014,0,60000,0.0169,0.9694,0.1397,25912,13,185482,0.1397,0.0000,0.0222,4112,2,185482,0.0222,0.0000
214.53,0.9407,2765,0,60000,0.0461,0.9577,0.9619,1014,0,60000,0.0169,0.9694,0.1397,25912,13,185482,0.1397,0.0000,0.0222,4112,2,185482,0.0222,0.0000
215.03,0.9407,2765,0,60000,0.0461,0.9577,0.9624,36,0,60000,0.0006,0.8182,0.1361,25252,11,185482,0.1361,0.0000,0.0226,4192,2,185482,0.0226,0.0000
215.53,0.9407,2765,0,60000,0.0461,0.9577,0.9624,36,0,60000,0.0006,0.8182,0.1361,25252,11,185482,0.1361,0.0000,0.0226,4192,2,185482,0.0226,0.0000
216.03,0.9407,2765,0,60000,0.0461,0.9577,0.9624,36,0,60000,0.0006,0.8182,0.1125,20863,10,185482,0.1125,0.0000,0.0230,4272,2,185482,0.0230,0.0000
216.53,0.9407,2765,0,60000,0.0461,0.9577,0.9041,3708,0,60000,0.0618,0.9952,0.1125,20863,10,185482,0.1125,0.0000,0.0230,4272,2,185482,0.0230,0.0000
217.03,0.9552,794,0,60000,0.0132,0.9778,0.9087,4004,0,60000,0.0667,0.9373,0.0892,16545,8,185482,0.0892,0.0000,0.0503,9326,5,185482,0.0503,0.0000
217.53,0.9552,794,0,60000,0.0132,0.9778,0.9087,4004,0,60000,0.0667,0.9373,0.0892,16545,8,185482,0.0892,0.0000,0.0503,9326,5,185482,0.0503,0.0000
218.03,0.9552,794,0,60000,0.0132,0.9778,0.9087,4004,0,60000,0.0667,0.9373,0.0909,16865,8,185482,0.0909,0.0000,0.0516,9572,6,185482,0.0516,0.0000
218.53,0.9552,794,0,60000,0.0132,0.9778,0.9344,1581,0,60000,0.0263,0.9832,0.0909,16865,8,185482,0.0909,0.0000,0.0516,9572,6,185482,0.0516,0.0000
219.03,0.9552,794,0,60000,0.0132,0.9778,0.9344,1581,0,60000,0.0263,0.9832,0.0909,16865,8,185482,0.0909,0.0000,0.0529,9812,6,185482,0.0529,0.0000
219.53,0.9552,794,0,60000,0.0132,0.9778,0.9344,1581,0,60000,0.0263,0.9832,0.0774,14357,8,185482,0.0774,0.0000,0.0529,9812,6,185482,0.0529,0.0000
220.03,0.9733,1107,0,60000,0.0185,0.9779,0.9344,1581,0,60000,0.0263,0.9832,0.0774,14357,8,185482,0.0774,0.0000,0.0603,11189,7,185482,0.0603,0.0000
220.53,0.9733,1107,0,60000,0.0185,0.9779,0.9344,1581,0,60000,0.0263,0.9832,0.0367,6802,4,185482,0.0367,0.0000,0.0603,11189,7,185482,0.0603,0.0000
221.03,0.9733,1107,0,60000,0.0185,0.9779,0.9344,1581,0,60000,0.0263,0.9832,0.0367,6802,4,185482,0.0367,0.0000,0.0618,11469,7,185482,0.0618,0.0000
221.53,0.9740,1404,0,60000,0.0234,0.6509,0.9344,1581,0,60000,0.0263,0.9832,0.0375,6962,4,185482,0.0375,0.0000,0.0618,11469,7,185482,0.0618,0.0000
222.03,0.9740,1404,0,60000,0.0234,0.6509,0.9344,1581,0,60000,0.0263,0.9832,0.0375,6962,4,185482,0.0375,0.0000,0.0633,11749,7,185482,0.0633,0.0000
222.53,0.9649,4714,0,60000,0.0786,0.9945,0.9344,1581,0,60000,0.0263,0.9832,0.0295,5470,5,185482,0.0295,0.0000,0.0633,11749,7,185482,0.0633,0.0000
223.03,0.9649,4714,0,60000,0.0786,0.9945,0.9550,3039,0,60000,0.0507,0.9712,0.0295,5470,5,185482,0.0295,0.0000,0.0633,11749,7,185482,0.0633,0.0000
223.53,0.9649,4714,0,60000,0.0786,0.9945,0.9550,3039,0,60000,0.0507,0.9712,0.0406,7535,6,185482,0.0406,0.0000,0.1022,18951,8,185482,0.1022,0.0000
224.03,0.9649,4714,0,60000,0.0786,0.9945,0.9550,3039,0,60000,0.0507,0.9712,0.0406,7535,6,185482,0.0406,0.0000,0.1022,18951,8,185482,0.1022,0.0000
224.53,0.9649,4714,0,60000,0.0786,0.9945,0.9550,3039,0,60000,0.0507,0.9712,0.0419,7775,6,185482,0.0419,0.0000,0.1041,19303,9,185482,0.1041,0.0000
225.03,0.9649,4714,0,60000,0.0786,0.9945,0.9550,3039,0,60000,0.0507,0.9712,0.0419,7775,6,185482,0.0419,0.0000,0.1041,19303,9,185482,0.1041,0.0000
225.53,0.9649,4714,0,60000,0.0786,0.9945,0.9550,3039,0,60000,0.0507,0.9712,0.0432,8015,6,185482,0.0432,0.0000,0.1060,19663,9,185482,0.1060,0.0000
226.03,0.9786,1452,0,60000,0.0242,0.9824,0.9550,3039,0,60000,0.0507,0.9712,0.0432,8015,6,185482,0.0432,0.0000,0.1060,19663,9,185482,0.1060,0.0000
226.53,0.9786,1452,0,60000,0.0242,0.9824,0.9550,3039,0,60000,0.0507,0.9712,0.0525,9739,7,185482,0.0525,0.0000,0.1080,20023,9,185482,0.1080,0.0000
227.03,0.9786,1452,0,60000,0.0242,0.9824,0.9550,3039,0,60000,0.0507,0.9712,0.0525,9739,7,185482,0.0525,0.0000,0.1080,20023,9,185482,0.1080,0.0000
227.53,0.9786,1452,0,60000,0.0242,0.9824,0.9550,3039,0,60000,0.0507,0.9712,0.0513,9511,6,185482,0.0513,0.0000,0.1080,20023,9,185482,0.1080,0.0000
228.03,0.9786,1452,0,60000,0.0242,0.9824,0.9550,3039,0,60000,0.0507,0.9712,0.0513,9511,6,185482,0.0513,0.0000,0.1059,19647,8,185482,0.1059,0.0000
228.53,0.9786,1452,0,60000,0.0242,0.9824,0.9550,3039,0,60000,0.0507,0.9712,0.0526,9751,6,185482,0.0526,0.0000,0.1059,19647,8,185482,0.1059,0.0000
229.03,0.9786,1452,0,60000,0.0242,0.9824,0.9550,3039,0,60000,0.0507,0.9712,0.0526,9751,6,185482,0.0526,0.0000,0.1048,19434,7,185482,0.1048,0.0000
229.53,0.9786,1452,0,60000,0.0242,0.9824,0.9550,3039,0,60000,0.0507,0.9712,0.0539,9991,6,185482,0.0539,0.0000,0.1048,19434,7,185482,0.1048,0.0000
230.03,0.9901,707,0,60000,0.0118,0.9698,0.9639,487,0,60000,0.0081,0.9587,0.0539,9991,6,185482,0.0539,0.0000,0.1090,20222,7,185482,0.1090,0.0000
230.53,0.9901,707,0,60000,0.0118,0.9698,0.9639,487,0,60000,0.0081,0.9587,0.0592,10974,7,185482,0.0592,0.0000,0.1090,20222,7,185482,0.1090,0.0000
231.03,0.9901,707,0,60000,0.0118,0.9698,0.9639,487,0,60000,0.0081,0.9587,0.0592,10974,7,185482,0.0592,0.0000,0.1107,20541,8,185482,0.1107,0.0000
231.53,0.9901,707,0,60000,0.0118,0.9698,0.9717,523,0,60000,0.0087,0.9339,0.0607,11254,7,185482,0.0607,0.0000,0.1107,20541,8,185482,0.1107,0.0000
232.03,0.9901,707,0,60000,0.0118,0.9698,0.9717,523,0,60000,0.0087,0.9339,0.0607,11254,7,185482,0.0607,0.0000,0.1125,20861,8,185482,0.1125,0.0000
232.53,0.9901,707,0,60000,0.0118,0.9698,0.9717,523,0,60000,0.0087,0.9339,0.0537,9967,7,185482,0.0537,0.0000,0.1125,20861,8,185482,0.1125,0.0000
233.03,0.9901,707,0,60000,0.0118,0.9698,0.9717,523,0,60000,0.0087,0.9339,0.0537,9967,7,185482,0.0537,0.0000,0.1125,20861,8,185482,0.1125,0.0000
233.53,0.9901,707,0,60000,0.0118,0.9698,0.9717,523,0,60000,0.0087,0.9339,0.0552,10247,7,185482,0.0552,0.0000,0.0708,13124,6,185482,0.0708,0.0000
234.03,0.9901,707,0,60000,0.0118,0.9698,0.9724,38,0,60000,0.0006,0.7308,0.0552,10247,7,185482,0.0552,0.0000,0.0708,13124,6,185482,0.0708,0.0000
234.53,0.9901,707,0,60000,0.0118,0.9698,0.9726,37,0,60000,0.0006,0.6379,0.0576,10676,9,185482,0.0576,0.0000,0.0452,8387,4,185482,0.0452,0.0000
235.03,0.9901,707,0,60000,0.0118,0.9698,0.9726,37,0,60000,0.0006,0.6379,0.0576,10676,9,185482,0.0576,0.0000,0.0452,8387,4,185482,0.0452,0.0000
235.53,0.9901,707,0,60000,0.0118,0.9698,0.9729,1608,0,60000,0.0268,0.7400,0.0622,11544,9,185482,0.0622,0.0000,0.0461,8547,4,185482,0.0461,0.0000
236.03,0.9901,707,0,60000,0.0118,0.9698,0.9359,8009,0,60000,0.1335,0.9849,0.0622,11544,9,185482,0.0622,0.0000,0.0461,8547,4,185482,0.0461,0.0000
236.53,0.9901,707,0,60000,0.0118,0.9698,0.9359,8009,0,60000,0.1335,0.9849,0.0846,15690,10,185482,0.0846,0.0000,0.0703,13041,5,185482,0.0703,0.0000
237.03,0.9901,707,0,60000,0.0118,0.9698,0.9359,8009,0,60000,0.1335,0.9849,0.0846,15690,10,185482,0.0846,0.0000,0.0703,13041,5,185482,0.0703,0.0000
237.53,0.9901,707,0,60000,0.0118,0.9698,0.9359,8009,0,60000,0.1335,0.9849,0.0846,15690,10,185482,0.0846,0.0000,0.0714,13241,5,185482,0.0714,0.0000
238.03,0.9901,707,0,60000,0.0118,0.9698,0.9633,1647,0,60000,0.0274,0.9898,0.0721,13375,8,185482,0.0721,0.0000,0.0714,13241,5,185482,0.0714,0.0000
238.53,0.9905,0,0,60000,0.0000,0.0000,0.9636,1664,0,60000,0.0277,0.0000,0.0721,13375,8,185482,0.0721,0.0000,0.0815,15109,6,185482,0.0815,0.0000
239.03,0.9905,0,0,60000,0.0000,0.0000,0.9636,1664,0,60000,0.0277,0.0000,0.0681,12632,7,185482,0.0681,0.0000,0.0815,15109,6,185482,0.0815,0.0000
239.53,0.9905,0,0,60000,0.0000,0.0000,0.9636,1664,0,60000,0.0277,0.0000,0.0681,12632,7,185482,0.0681,0.0000,0.0828,15349,6,185482,0.0828,0.0000
240.03,0.9905,0,0,60000,0.0000,0.0000,0.9636,1664,0,60000,0.0277,0.0000,0.0696,12912,7,185482,0.0696,0.0000,0.0828,15349,6,185482,0.0828,0.0000
240.53,0.9538,1908,0,60000,0.0318,0.9891,0.9636,1664,0,60000,0.0277,0.0000,0.0696,12912,7,185482,0.0696,0.0000,0.0944,17518,6,185482,0.0944,0.0000
241.03,0.9538,1908,0,60000,0.0318,0.9891,0.9673,787,0,60000,0.0131,0.9752,0.0578,10722,7,185482,0.0578,0.0000,0.0944,17518,6,185482,0.0944,0.0000
241.53,0.9538,1908,0,60000,0.0318,0.9891,0.9795,1043,0,60000,0.0174,0.9840,0.0578,10722,7,185482,0.0578,0.0000,0.1062,19696,9,185482,0.1062,0.0000
242.03,0.9538,1908,0,60000,0.0318,0.9891,0.9795,1043,0,60000,0.0174,0.9840,0.0593,11002,7,185482,0.0593,0.0000,0.1062,19696,9,185482,0.1062,0.0000
242.53,0.9538,1908,0,60000,0.0318,0.9891,0.9795,1043,0,60000,0.0174,0.9840,0.0593,11002,7,185482,0.0593,0.0000,0.1062,19696,9,185482,0.1062,0.0000
243.03,0.9538,1908,0,60000,0.0318,0.9891,0.9795,1043,0,60000,0.0174,0.9840,0.0391,7256,6,185482,0.0391,0.0000,0.1081,20056,9,185482,0.1081,0.0000
243.53,0.9538,1908,0,60000,0.0318,0.9891,0.9795,1043,0,60000,0.0174,0.9840,0.0391,7256,6,185482,0.0391,0.0000,0.1081,20056,9,185482,0.1081,0.0000
244.03,0.9538,1908,0,60000,0.0318,0.9891,0.9795,1043,0,60000,0.0174,0.9840,0.0242,4483,5,185482,0.0242,0.0000,0.1045,19389,8,185482,0.1045,0.0000
244.53,0.9542,39,0,60000,0.0006,0.6610,0.9795,1043,0,60000,0.0174,0.9840,0.0242,4483,5,185482,0.0242,0.0000,0.1045,19389,8,185482,0.1045,0.0000
245.03,0.9542,39,0,60000,0.0006,0.6610,0.9798,3777,0,60000,0.0630,0.9403,0.0205,3795,5,185482,0.0205,0.0000,0.0751,13925,6,185482,0.0751,0.0000
245.53,0.9545,38,0,60000,0.0006,0.7451,0.9798,3777,0,60000,0.0630,0.9403,0.0205,3795,5,185482,0.0205,0.0000,0.0751,13925,6,185482,0.0751,0.0000
246.03,0.9545,38,0,60000,0.0006,0.7451,0.9745,996,0,60000,0.0166,0.9736,0.0077,1420,4,185482,0.0077,0.0000,0.0814,15105,7,185482,0.0814,0.0000
246.53,0.9545,38,0,60000,0.0006,0.7451,0.9745,996,0,60000,0.0166,0.9736,0.0077,1420,4,185482,0.0077,0.0000,0.0814,15105,7,185482,0.0814,0.0000
247.03,0.9545,38,0,60000,0.0006,0.7451,0.9750,681,0,60000,0.0114,0.2259,0.0085,1580,4,185482,0.0085,0.0000,0.1049,19457,8,185482,0.1049,0.0000
247.53,0.9718,1835,0,60000,0.0306,0.9903,0.9838,3912,0,60000,0.0652,0.9831,0.0085,1580,4,185482,0.0085,0.0000,0.1049,19457,8,185482,0.1049,0.0000
248.03,0.9718,1835,0,60000,0.0306,0.9903,0.9838,3912,0,60000,0.0652,0.9831,0.0146,2710,5,185482,0.0146,0.0000,0.1049,19457,8,185482,0.1049,0.0000
248.53,0.9718,1835,0,60000,0.0306,0.9903,0.9432,2550,0,60000,0.0425,0.9888,0.0146,2710,5,185482,0.0146,0.0000,0.1169,21690,10,185482,0.1169,0.0000
249.03,0.9718,1835,0,60000,0.0306,0.9903,0.9432,2550,0,60000,0.0425,0.9888,0.0157,2910,5,185482,0.0157,0.0000,0.1169,21690,10,185482,0.1169,0.0000
249.53,0.9718,1835,0,60000,0.0306,0.9903,0.9432,2550,0,60000,0.0425,0.9888,0.0157,2910,5,185482,0.0157,0.0000,0.1099,20376,9,185482,0.1099,0.0000
250.03,0.9718,1835,0,60000,0.0306,0.9903,0.9432,2550,0,60000,0.0425,0.9888,0.0132,2440,4,185482,0.0132,0.0000,0.1099,20376,9,185482,0.1099,0.0000
250.53,0.9718,1835,0,60000,0.0306,0.9903,0.9437,36,0,60000,0.0006,0.7660,0.0132,2440,4,185482,0.0132,0.0000,0.0894,16587,8,185482,0.0894,0.0000
251.03,0.9718,1835,0,60000,0.0306,0.9903,0.9437,36,0,60000,0.0006,0.7660,0.0101,1881,3,185482,0.0101,0.0000,0.0894,16587,8,185482,0.0894,0.0000
251.53,0.9426,2042,0,60000,0.0340,0.9908,0.9437,36,0,60000,0.0006,0.7660,0.0101,1881,3,185482,0.0101,0.0000,0.0914,16946,9,185482,0.0914,0.0000
252.03,0.9430,1929,0,60000,0.0321,0.8592,0.9437,36,0,60000,0.0006,0.7660,0.0108,2001,3,185482,0.0108,0.0000,0.0914,16946,9,185482,0.0914,0.0000
252.53,0.9430,1929,0,60000,0.0321,0.8592,0.9536,642,0,60000,0.0107,0.9568,0.0108,2001,3,185482,0.0108,0.0000,0.0817,15147,10,185482,0.0817,0.0000
253.03,0.9430,1929,0,60000,0.0321,0.8592,0.9536,642,0,60000,0.0107,0.9568,0.0236,4379,4,185482,0.0236,0.0000,0.0817,15147,10,185482,0.0817,0.0000
253.53,0.9592,694,0,60000,0.0116,0.9652,0.9536,642,0,60000,0.0107,0.9568,0.0236,4379,4,185482,0.0236,0.0000,0.0817,15147,10,185482,0.0817,0.0000
254.03,0.9592,694,0,60000,0.0116,0.9652,0.9536,642,0,60000,0.0107,0.9568,0.0284,5273,5,185482,0.0284,0.0000,0.0838,15547,10,185482,0.0838,0.0000
254.53,0.9592,694,0,60000,0.0116,0.9652,0.9536,642,0,60000,0.0107,0.9568,0.0284,5273,5,185482,0.0284,0.0000,0.0838,15547,10,185482,0.0838,0.0000
255.03,0.9131,4908,0,60000,0.0818,0.9965,0.9536,642,0,60000,0.0107,0.9568,0.0295,5473,5,185482,0.0295,0.0000,0.0706,13088,8,185482,0.0706,0.0000
255.53,0.9131,4908,0,60000,0.0818,0.9965,0.9536,642,0,60000,0.0107,0.9568,0.0295,5473,5,185482,0.0295,0.0000,0.0706,13088,8,185482,0.0706,0.0000
256.03,0.9131,4908,0,60000,0.0818,0.9965,0.9536,642,0,60000,0.0107,0.9568,0.0572,10609,6,185482,0.0572,0.0000,0.0723,13408,8,185482,0.0723,0.0000
256.53,0.9131,4908,0,60000,0.0818,0.9965,0.9536,642,0,60000,0.0107,0.9568,0.0572,10609,6,185482,0.0572,0.0000,0.0723,13408,8,185482,0.0723,0.0000
257.03,0.9341,1279,0,60000,0.0213,0.9778,0.9616,1513,0,60000,0.0252,0.9870,0.0546,10134,5,185482,0.0546,0.0000,0.0811,15036,8,185482,0.0811,0.0000
257.53,0.9341,1279,0,60000,0.0213,0.9778,0.9616,1513,0,60000,0.0252,0.9870,0.0546,10134,5,185482,0.0546,0.0000,0.0811,15036,8,185482,0.0811,0.0000
258.03,0.9341,1279,0,60000,0.0213,0.9778,0.9616,1513,0,60000,0.0252,0.9870,0.0641,11887,6,185482,0.0641,0.0000,0.0830,15392,9,185482,0.0830,0.0000
258.53,0.9341,1279,0,60000,0.0213,0.9778,0.9616,1513,0,60000,0.0252,0.9870,0.0641,11887,6,185482,0.0641,0.0000,0.0830,15392,9,185482,0.0830,0.0000
259.03,0.9450,677,0,60000,0.0113,0.9671,0.9616,1513,0,60000,0.0252,0.9870,0.0654,12127,6,185482,0.0654,0.0000,0.0849,15752,9,185482,0.0849,0.0000
259.53,0.9450,677,0,60000,0.0113,0.9671,0.9616,1513,0,60000,0.0252,0.9870,0.0654,12127,6,185482,0.0654,0.0000,0.0849,15752,9,185482,0.0849,0.0000
260.03,0.9450,677,0,60000,0.0113,0.9671,0.9616,1513,0,60000,0.0252,0.9870,0.0706,13103,7,185482,0.0706,0.0000,0.0869,16112,9,185482,0.0869,0.0000
260.53,0.9450,677,0,60000,0.0113,0.9671,0.9616,1513,0,60000,0.0252,0.9870,0.0706,13103,7,185482,0.0706,0.0000,0.0869,16112,9,185482,0.0869,0.0000
261.04,0.9450,677,0,60000,0.0113,0.9671,0.9619,36,0,60000,0.0006,0.7500,0.0722,13383,7,185482,0.0722,0.0000,0.0869,16112,9,185482,0.0869,0.0000
261.54,0.9454,36,0,60000,0.0006,0.7200,0.9619,36,0,60000,0.0006,0.7500,0.0722,13383,7,185482,0.0722,0.0000,0.0728,13495,9,185482,0.0728,0.0000
262.04,0.9454,36,0,60000,0.0006,0.7200,0.9619,36,0,60000,0.0006,0.7500,0.0513,9515,5,185482,0.0513,0.0000,0.0728,13495,9,185482,0.0728,0.0000
262.54,0.9454,36,0,60000,0.0006,0.7200,0.9619,36,0,60000,0.0006,0.7500,0.0513,9515,5,185482,0.0513,0.0000,0.0751,13930,10,185482,0.0751,0.0000
263.04,0.9454,36,0,60000,0.0006,0.7200,0.9619,36,0,60000,0.0006,0.7500,0.0524,9715,5,185482,0.0524,0.0000,0.0751,13930,10,185482,0.0751,0.0000
263.54,0.9454,36,0,60000,0.0006,0.7200,0.9619,36,0,60000,0.0006,0.7500,0.0524,9715,5,185482,0.0524,0.0000,0.0773,14330,10,185482,0.0773,0.0000
264.04,0.9454,36,0,60000,0.0006,0.7200,0.9619,36,0,60000,0.0006,0.7500,0.0535,9915,5,185482,0.0535,0.0000,0.0773,14330,10,185482,0.0773,0.0000
264.54,0.9454,36,0,60000,0.0006,0.7200,0.9619,36,0,60000,0.0006,0.7500,0.0535,9915,5,185482,0.0535,0.0000,0.0794,14730,10,185482,0.0794,0.0000
265.04,0.9701,1524,0,60000,0.0254,0.9883,0.9619,36,0,60000,0.0006,0.7500,0.0545,10115,5,185482,0.0545,0.0000,0.0794,14730,10,185482,0.0794,0.0000
265.54,0.9701,1524,0,60000,0.0254,0.9883,0.9619,36,0,60000,0.0006,0.7500,0.0545,10115,5,185482,0.0545,0.0000,0.0900,16693,11,185482,0.0900,0.0000
266.04,0.9701,1524,0,60000,0.0254,0.9883,0.9619,36,0,60000,0.0006,0.7500,0.0556,10315,5,185482,0.0556,0.0000,0.0900,16693,11,185482,0.0900,0.0000
266.54,0.9701,1524,0,60000,0.0254,0.9883,0.9619,36,0,60000,0.0006,0.7500,0.0556,10315,5,185482,0.0556,0.0000,0.0597,11082,8,185482,0.0597,0.0000
267.04,0.9701,1524,0,60000,0.0254,0.9883,0.9619,36,0,60000,0.0006,0.7500,0.0515,9559,4,185482,0.0515,0.0000,0.0597,11082,8,185482,0.0597,0.0000
267.54,0.9701,1524,0,60000,0.0254,0.9883,0.9621,36,0,60000,0.0006,0.5455,0.0515,9559,4,185482,0.0515,0.0000,0.0597,11082,8,185482,0.0597,0.0000
268.04,0.9701,1524,0,60000,0.0254,0.9883,0.9621,36,0,60000,0.0006,0.5455,0.0419,7766,3,185482,0.0419,0.0000,0.0619,11485,9,185482,0.0619,0.0000
268.54,0.9701,1524,0,60000,0.0254,0.9883,0.9621,36,0,60000,0.0006,0.5455,0.0419,7766,3,185482,0.0419,0.0000,0.0619,11485,9,185482,0.0619,0.0000
269.04,0.9701,1524,0,60000,0.0254,0.9883,0.9357,3478,0,60000,0.0580,0.9776,0.0565,10484,3,185482,0.0565,0.0000,0.0589,10925,8,185482,0.0589,0.0000
269.54,0.9993,1768,0,60000,0.0295,0.9833,0.9500,1645,0,60000,0.0274,0.9716,0.0565,10484,3,185482,0.0565,0.0000,0.0589,10925,8,185482,0.0589,0.0000
270.04,0.9993,1768,0,60000,0.0295,0.9833,0.9500,1645,0,60000,0.0274,0.9716,0.0626,11615,5,185482,0.0626,0.0000,0.0796,14758,10,185482,0.0796,0.0000
270.54,0.9998,36,0,60000,0.0006,0.5902,0.9508,36,0,60000,0.0006,0.6429,0.0626,11615,5,185482,0.0626,0.0000,0.0796,14758,10,185482,0.0796,0.0000
271.04,0.9998,36,0,60000,0.0006,0.5902,0.9508,36,0,60000,0.0006,0.6429,0.0642,11901,6,185482,0.0642,0.0000,0.0444,8233,8,185482,0.0444,0.0000
271.54,0.9980,895,0,60000,0.0149,0.9792,0.9508,36,0,60000,0.0006,0.6429,0.0642,11901,6,185482,0.0642,0.0000,0.0444,8233,8,185482,0.0444,0.0000
272.04,0.9980,895,0,60000,0.0149,0.9792,0.9508,36,0,60000,0.0006,0.6429,0.0642,11901,6,185482,0.0642,0.0000,0.0512,9492,9,185482,0.0512,0.0000
272.54,0.9980,895,0,60000,0.0149,0.9792,0.9508,36,0,60000,0.0006,0.6429,0.0655,12141,6,185482,0.0655,0.0000,0.0512,9492,9,185482,0.0512,0.0000
273.04,0.9980,895,0,60000,0.0149,0.9792,0.9508,36,0,60000,0.0006,0.6429,0.0655,12141,6,185482,0.0655,0.0000,0.0531,9852,9,185482,0.0531,0.0000
273.54,0.9972,382,0,60000,0.0064,0.9294,0.9508,36,0,60000,0.0006,0.6429,0.0668,12381,6,185482,0.0668,0.0000,0.0531,9852,9,185482,0.0531,0.0000
274.04,0.9972,382,0,60000,0.0064,0.9294,0.9508,36,0,60000,0.0006,0.6429,0.0668,12381,6,185482,0.0668,0.0000,0.0473,8767,9,185482,0.0473,0.0000
274.54,0.9972,382,0,60000,0.0064,0.9294,0.9508,36,0,60000,0.0006,0.6429,0.0598,11087,5,185482,0.0598,0.0000,0.0473,8767,9,185482,0.0473,0.0000
275.04,0.9972,382,0,60000,0.0064,0.9294,0.9508,36,0,60000,0.0006,0.6429,0.0598,11087,5,185482,0.0598,0.0000,0.0461,8542,8,185482,0.0461,0.0000
275.54,0.9972,382,0,60000,0.0064,0.9294,0.9508,36,0,60000,0.0006,0.6429,0.0609,11287,5,185482,0.0609,0.0000,0.0461,8542,8,185482,0.0461,0.0000
276.04,0.9972,382,0,60000,0.0064,0.9294,0.9508,36,0,60000,0.0006,0.6429,0.0609,11287,5,185482,0.0609,0.0000,0.0478,8862,8,185482,0.0478,0.0000
276.54,0.9977,36,0,60000,0.0006,0.6545,0.9508,36,0,60000,0.0006,0.6429,0.0310,5751,5,185482,0.0310,0.0000,0.0478,8862,8,185482,0.0478,0.0000
277.04,0.9661,1854,0,60000,0.0309,0.9851,0.9508,36,0,60000,0.0006,0.6429,0.0310,5751,5,185482,0.0310,0.0000,0.0584,10839,9,185482,0.0584,0.0000
277.54,0.9661,1854,0,60000,0.0309,0.9851,0.9758,1528,0,60000,0.0255,0.9852,0.0319,5911,4,185482,0.0319,0.0000,0.0584,10839,9,185482,0.0584,0.0000
278.04,0.9757,579,0,60000,0.0097,0.9634,0.9758,1528,0,60000,0.0255,0.9852,0.0319,5911,4,185482,0.0319,0.0000,0.0584,10839,9,185482,0.0584,0.0000
278.54,0.9757,579,0,60000,0.0097,0.9634,0.9758,1528,0,60000,0.0255,0.9852,0.0327,6071,4,185482,0.0327,0.0000,0.0663,12303,10,185482,0.0663,0.0000
279.04,0.9757,579,0,60000,0.0097,0.9634,0.9758,1528,0,60000,0.0255,0.9852,0.0327,6071,4,185482,0.0327,0.0000,0.0663,12303,10,185482,0.0663,0.0000
279.54,0.9797,284,0,60000,0.0047,0.9435,0.9758,1528,0,60000,0.0255,0.9852,0.0336,6231,4,185482,0.0336,0.0000,0.0685,12703,10,185482,0.0685,0.0000
280.04,0.9797,284,0,60000,0.0047,0.9435,0.9758,1528,0,60000,0.0255,0.9852,0.0336,6231,4,185482,0.0336,0.0000,0.0685,12703,10,185482,0.0685,0.0000
280.54,0.9797,284,0,60000,0.0047,0.9435,0.9929,1053,0,60000,0.0175,0.9823,0.0345,6391,4,185482,0.0345,0.0000,0.0632,11715,10,185482,0.0632,0.0000
281.04,0.9797,284,0,60000,0.0047,0.9435,0.9929,1053,0,60000,0.0175,0.9823,0.0345,6391,4,185482,0.0345,0.0000,0.0632,11715,10,185482,0.0632,0.0000
281.54,0.9797,284,0,60000,0.0047,0.9435,0.9929,1053,0,60000,0.0175,0.9823,0.0413,7655,5,185482,0.0413,0.0000,0.0653,12115,10,185482,0.0653,0.0000
282.04,0.9797,284,0,60000,0.0047,0.9435,0.9929,1053,0,60000,0.0175,0.9823,0.0413,7655,5,185482,0.0413,0.0000,0.0653,12115,10,185482,0.0653,0.0000
282.54,0.9797,284,0,60000,0.0047,0.9435,0.9705,1694,0,60000,0.0282,0.9872,0.0423,7855,5,185482,0.0423,0.0000,0.0393,7294,7,185482,0.0393,0.0000
283.04,0.9797,284,0,60000,0.0047,0.9435,0.9705,1694,0,60000,0.0282,0.9872,0.0423,7855,5,185482,0.0423,0.0000,0.0393,7294,7,185482,0.0393,0.0000
283.54,0.9797,284,0,60000,0.0047,0.9435,0.9705,1694,0,60000,0.0282,0.9872,0.0434,8055,5,185482,0.0434,0.0000,0.0500,9279,7,185482,0.0500,0.0000
284.04,0.9797,284,0,60000,0.0047,0.9435,0.9705,1694,0,60000,0.0282,0.9872,0.0434,8055,5,185482,0.0434,0.0000,0.0500,9279,7,185482,0.0500,0.0000
284.54,0.9228,2165,0,60000,0.0361,0.9886,0.9798,603,0,60000,0.0100,0.8714,0.0445,8255,5,185482,0.0445,0.0000,0.0626,11617,6,185482,0.0626,0.0000
285.04,0.9228,2165,0,60000,0.0361,0.9886,0.9798,603,0,60000,0.0100,0.8714,0.0445,8255,5,185482,0.0445,0.0000,0.0626,11617,6,185482,0.0626,0.0000
285.54,0.9228,2165,0,60000,0.0361,0.9886,0.9421,2091,0,60000,0.0348,0.9887,0.0188,3482,3,185482,0.0188,0.0000,0.0630,11685,8,185482,0.0630,0.0000
286.04,0.9228,2165,0,60000,0.0361,0.9886,0.9421,2091,0,60000,0.0348,0.9887,0.0188,3482,3,185482,0.0188,0.0000,0.0630,11685,8,185482,0.0630,0.0000
286.54,0.9228,2165,0,60000,0.0361,0.9886,0.9421,2091,0,60000,0.0348,0.9887,0.0310,5741,4,185482,0.0310,0.0000,0.0647,12005,8,185482,0.0647,0.0000
287.04,0.9296,792,0,60000,0.0132,0.9670,0.9421,2091,0,60000,0.0348,0.9887,0.0310,5741,4,185482,0.0310,0.0000,0.0647,12005,8,185482,0.0647,0.0000
287.54,0.9492,3206,0,60000,0.0534,0.9935,0.9421,2091,0,60000,0.0348,0.9887,0.0363,6738,5,185482,0.0363,0.0000,0.0664,12325,8,185482,0.0664,0.0000
288.04,0.9666,1723,0,60000,0.0287,0.9857,0.9503,504,0,60000,0.0084,0.9299,0.0363,6738,5,185482,0.0363,0.0000,0.0664,12325,8,185482,0.0664,0.0000
288.54,0.9666,1723,0,60000,0.0287,0.9857,0.9503,504,0,60000,0.0084,0.9299,0.0643,11930,7,185482,0.0643,0.0000,0.0664,12325,8,185482,0.0664,0.0000
289.04,0.9666,1723,0,60000,0.0287,0.9857,0.9503,504,0,60000,0.0084,0.9299,0.0643,11930,7,185482,0.0643,0.0000,0.0713,13219,9,185482,0.0713,0.0000
289.54,0.9666,1723,0,60000,0.0287,0.9857,0.9503,504,0,60000,0.0084,0.9299,0.0658,12210,7,185482,0.0658,0.0000,0.0713,13219,9,185482,0.0713,0.0000
290.04,0.9666,1723,0,60000,0.0287,0.9857,0.9503,504,0,60000,0.0084,0.9299,0.0658,12210,7,185482,0.0658,0.0000,0.0732,13579,9,185482,0.0732,0.0000
290.54,0.9666,1723,0,60000,0.0287,0.9857,0.9503,504,0,60000,0.0084,0.9299,0.0628,11644,6,185482,0.0628,0.0000,0.0732,13579,9,185482,0.0732,0.0000
291.04,0.9666,1723,0,60000,0.0287,0.9857,0.9503,504,0,60000,0.0084,0.9299,0.0628,11644,6,185482,0.0628,0.0000,0.0752,13939,9,185482,0.0752,0.0000
291.54,0.9666,1723,0,60000,0.0287,0.9857,0.9503,504,0,60000,0.0084,0.9299,0.0641,11884,6,185482,0.0641,0.0000,0.0752,13939,9,185482,0.0752,0.0000
292.04,0.9666,1723,0,60000,0.0287,0.9857,0.9503,504,0,60000,0.0084,0.9299,0.0641,11884,6,185482,0.0641,0.0000,0.0771,14299,9,185482,0.0771,0.0000
292.54,0.9666,1723,0,60000,0.0287,0.9857,0.9635,809,0,60000,0.0135,0.9700,0.0654,12124,6,185482,0.0654,0.0000,0.0771,14299,9,185482,0.0771,0.0000
293.04,0.9666,1723,0,60000,0.0287,0.9857,0.9635,809,0,60000,0.0135,0.9700,0.0654,12124,6,185482,0.0654,0.0000,0.0691,12822,9,185482,0.0691,0.0000
293.54,0.9666,1723,0,60000,0.0287,0.9857,0.9635,809,0,60000,0.0135,0.9700,0.0536,9945,5,185482,0.0536,0.0000,0.0691,12822,9,185482,0.0691,0.0000
294.04,0.9666,1723,0,60000,0.0287,0.9857,0.9635,809,0,60000,0.0135,0.9700,0.0536,9945,5,185482,0.0536,0.0000,0.0669,12408,8,185482,0.0669,0.0000
294.54,0.9666,1723,0,60000,0.0287,0.9857,0.9635,809,0,60000,0.0135,0.9700,0.0547,10145,5,185482,0.0547,0.0000,0.0669,12408,8,185482,0.0669,0.0000
295.04,0.9666,1723,0,60000,0.0287,0.9857,0.9635,809,0,60000,0.0135,0.9700,0.0547,10145,5,185482,0.0547,0.0000,0.0686,12728,8,185482,0.0686,0.0000
295.54,0.9666,1723,0,60000,0.0287,0.9857,0.9635,809,0,60000,0.0135,0.9700,0.0451,8373,4,185482,0.0451,0.0000,0.0686,12728,8,185482,0.0686,0.0000
296.04,0.9742,734,0,60000,0.0122,0.9813,0.9082,5009,0,60000,0.0835,0.9787,0.0451,8373,4,185482,0.0451,0.0000,0.0628,11647,5,185482,0.0628,0.0000
296.54,0.9742,734,0,60000,0.0122,0.9813,0.9082,5009,0,60000,0.0835,0.9787,0.0594,11018,5,185482,0.0594,0.0000,0.0628,11647,5,185482,0.0628,0.0000
297.04,0.9742,734,0,60000,0.0122,0.9813,0.9082,5009,0,60000,0.0835,0.9787,0.0594,11018,5,185482,0.0594,0.0000,0.0628,11647,5,185482,0.0628,0.0000
297.54,0.9742,734,0,60000,0.0122,0.9813,0.9082,5009,0,60000,0.0835,0.9787,0.0511,9474,4,185482,0.0511,0.0000,0.0642,11917,7,185482,0.0642,0.0000
298.04,0.9742,734,0,60000,0.0122,0.9813,0.9082,5009,0,60000,0.0835,0.9787,0.0511,9474,4,185482,0.0511,0.0000,0.0642,11917,7,185482,0.0642,0.0000
298.54,0.9744,0,0,60000,0.0000,0.0000,0.9455,4837,0,60000,0.0806,0.9507,0.0511,9474,4,185482,0.0511,0.0000,0.0658,12197,7,185482,0.0658,0.0000
299.04,0.9744,0,0,60000,0.0000,0.0000,0.9762,2521,0,60000,0.0420,0.9893,0.0558,10343,3,185482,0.0558,0.0000,0.0658,12197,7,185482,0.0658,0.0000
299.54,0.9744,0,0,60000,0.0000,0.0000,0.9762,2521,0,60000,0.0420,0.9893,0.0558,10343,3,185482,0.0558,0.0000,0.0834,15465,9,185482,0.0834,0.0000
300.04,0.9744,0,0,60000,0.0000,0.0000,0.9762,2521,0,60000,0.0420,0.9893,0.0668,12387,5,185482,0.0668,0.0000,0.0834,15465,9,185482,0.0834,0.0000
300.54,0.9694,1733,0,60000,0.0289,0.9892,0.9762,2521,0,60000,0.0420,0.9893,0.0668,12387,5,185482,0.0668,0.0000,0.0853,15825,9,185482,0.0853,0.0000
301.04,0.9694,1733,0,60000,0.0289,0.9892,0.9762,2521,0,60000,0.0420,0.9893,0.0679,12587,5,185482,0.0679,0.0000,0.0853,15825,9,185482,0.0853,0.0000
301.54,0.9772,1271,0,60000,0.0212,0.9636,0.9762,2521,0,60000,0.0420,0.9893,0.0679,12587,5,185482,0.0679,0.0000,0.0969,17970,10,185482,0.0969,0.0000
302.04,0.9772,1271,0,60000,0.0212,0.9636,0.9762,2521,0,60000,0.0420,0.9893,0.0487,9025,4,185482,0.0487,0.0000,0.0969,17970,10,185482,0.0969,0.0000
302.54,0.9772,1271,0,60000,0.0212,0.9636,0.9762,2521,0,60000,0.0420,0.9893,0.0487,9025,4,185482,0.0487,0.0000,0.1063,19720,11,185482,0.1063,0.0000
303.04,0.9772,1271,0,60000,0.0212,0.9636,0.9762,2521,0,60000,0.0420,0.9893,0.0495,9185,4,185482,0.0495,0.0000,0.1063,19720,11,185482,0.1063,0.0000
303.54,0.9772,1271,0,60000,0.0212,0.9636,0.9762,2521,0,60000,0.0420,0.9893,0.0495,9185,4,185482,0.0495,0.0000,0.1063,19720,11,185482,0.1063,0.0000
304.04,0.9772,1271,0,60000,0.0212,0.9636,0.9243,3731,0,60000,0.0622,0.9941,0.0504,9345,4,185482,0.0504,0.0000,0.1087,20160,11,185482,0.1087,0.0000
304.54,0.9772,1271,0,60000,0.0212,0.9636,0.9243,3731,0,60000,0.0622,0.9941,0.0504,9345,4,185482,0.0504,0.0000,0.1087,20160,11,185482,0.1087,0.0000
305.04,0.9772,1271,0,60000,0.0212,0.9636,0.9243,3731,0,60000,0.0622,0.9941,0.0716,13275,5,185482,0.0716,0.0000,0.1111,20600,11,185482,0.1111,0.0000
305.54,0.9772,1271,0,60000,0.0212,0.9636,0.9243,3731,0,60000,0.0622,0.9941,0.0716,13275,5,185482,0.0716,0.0000,0.1111,20600,11,185482,0.1111,0.0000
306.04,0.9772,1271,0,60000,0.0212,0.9636,0.9243,3731,0,60000,0.0622,0.9941,0.0726,13475,5,185482,0.0726,0.0000,0.1046,19393,10,185482,0.1046,0.0000
306.54,0.9772,1271,0,60000,0.0212,0.9636,0.9243,3731,0,60000,0.0622,0.9941,0.0726,13475,5,185482,0.0726,0.0000,0.1046,19393,10,185482,0.1046,0.0000
307.04,0.9772,1271,0,60000,0.0212,0.9636,0.9243,3731,0,60000,0.0622,0.9941,0.0737,13675,5,185482,0.0737,0.0000,0.1067,19793,10,185482,0.1067,0.0000
307.54,0.9772,1271,0,60000,0.0212,0.9636,0.9243,3731,0,60000,0.0622,0.9941,0.0737,13675,5,185482,0.0737,0.0000,0.1067,19793,10,185482,0.1067,0.0000
308.04,0.9772,1271,0,60000,0.0212,0.9636,0.9243,3731,0,60000,0.0622,0.9941,0.0748,13875,5,185482,0.0748,0.0000,0.1067,19793,10,185482,0.1067,0.0000
308.54,0.9562,1624,0,60000,0.0271,0.9807,0.9243,3731,0,60000,0.0622,0.9941,0.0748,13875,5,185482,0.0748,0.0000,0.0968,17962,8,185482,0.0968,0.0000
309.04,0.9562,1624,0,60000,0.0271,0.9807,0.9243,3731,0,60000,0.0622,0.9941,0.0759,14075,5,185482,0.0759,0.0000,0.0968,17962,8,185482,0.0968,0.0000
309.54,0.9562,1624,0,60000,0.0271,0.9807,0.9243,3731,0,60000,0.0622,0.9941,0.0759,14075,5,185482,0.0759,0.0000,0.1076,19966,9,185482,0.1076,0.0000
310.04,0.9562,1624,0,60000,0.0271,0.9807,0.9243,3731,0,60000,0.0622,0.9941,0.0770,14275,5,185482,0.0770,0.0000,0.1076,19966,9,185482,0.1076,0.0000
310.54,0.9562,1624,0,60000,0.0271,0.9807,0.9243,3731,0,60000,0.0622,0.9941,0.0770,14275,5,185482,0.0770,0.0000,0.0779,14449,7,185482,0.0779,0.0000
311.04,0.9638,1169,0,60000,0.0195,0.9742,0.9299,1023,0,60000,0.0170,0.9875,0.0531,9844,5,185482,0.0531,0.0000,0.0779,14449,7,185482,0.0779,0.0000
311.54,0.9638,1169,0,60000,0.0195,0.9742,0.9299,1023,0,60000,0.0170,0.9875,0.0531,9844,5,185482,0.0531,0.0000,0.0769,14261,7,185482,0.0769,0.0000
312.04,0.9638,1169,0,60000,0.0195,0.9742,0.9299,1023,0,60000,0.0170,0.9875,0.0531,9844,5,185482,0.0531,0.0000,0.0769,14261,7,185482,0.0769,0.0000
312.54,0.9638,1169,0,60000,0.0195,0.9742,0.9659,3097,0,60000,0.0516,0.9885,0.0539,10004,4,185482,0.0539,0.0000,0.0784,14541,7,185482,0.0784,0.0000
313.04,0.9638,1169,0,60000,0.0195,0.9742,0.9659,3097,0,60000,0.0516,0.9885,0.0539,10004,4,185482,0.0539,0.0000,0.0784,14541,7,185482,0.0784,0.0000
313.54,0.9638,1169,0,60000,0.0195,0.9742,0.9442,3025,0,60000,0.0504,0.9899,0.0718,13312,5,185482,0.0718,0.0000,0.0705,13071,6,185482,0.0705,0.0000
314.04,0.9638,1169,0,60000,0.0195,0.9742,0.9879,2628,0,60000,0.0438,0.9910,0.0718,13312,5,185482,0.0718,0.0000,0.0705,13071,6,185482,0.0705,0.0000
314.54,0.9917,1681,0,60000,0.0280,0.9865,0.9879,2628,0,60000,0.0438,0.9910,0.0879,16304,6,185482,0.0879,0.0000,0.0705,13071,6,185482,0.0705,0.0000
315.04,0.9917,1681,0,60000,0.0280,0.9865,0.9879,2628,0,60000,0.0438,0.9910,0.0879,16304,6,185482,0.0879,0.0000,0.1120,20768,9,185482,0.1120,0.0000
315.54,0.9917,1681,0,60000,0.0280,0.9865,0.9879,2628,0,60000,0.0438,0.9910,0.0892,16544,6,185482,0.0892,0.0000,0.1120,20768,9,185482,0.1120,0.0000
316.04,0.9917,1681,0,60000,0.0280,0.9865,0.9879,2628,0,60000,0.0438,0.9910,0.0892,16544,6,185482,0.0892,0.0000,0.1139,21128,9,185482,0.1139,0.0000
316.54,0.9663,1739,0,60000,0.0290,0.9869,0.9879,2628,0,60000,0.0438,0.9910,0.0905,16784,6,185482,0.0905,0.0000,0.1139,21128,9,185482,0.1139,0.0000
317.04,0.9663,1739,0,60000,0.0290,0.9869,0.9879,2628,0,60000,0.0438,0.9910,0.0905,16784,6,185482,0.0905,0.0000,0.1254,23264,10,185482,0.1254,0.0000
317.54,0.9663,1739,0,60000,0.0290,0.9869,0.9879,2628,0,60000,0.0438,0.9910,0.0918,17024,6,185482,0.0918,0.0000,0.1254,23264,10,185482,0.1254,0.0000
318.04,0.9663,1739,0,60000,0.0290,0.9869,0.9879,2628,0,60000,0.0438,0.9910,0.0918,17024,6,185482,0.0918,0.0000,0.1276,23664,10,185482,0.1276,0.0000
318.54,0.9663,1739,0,60000,0.0290,0.9869,0.9879,2628,0,60000,0.0438,0.9910,0.0931,17264,6,185482,0.0931,0.0000,0.1276,23664,10,185482,0.1276,0.0000
319.04,0.9663,1739,0,60000,0.0290,0.9869,0.9879,2628,0,60000,0.0438,0.9910,0.0931,17264,6,185482,0.0931,0.0000,0.1276,23664,10,185482,0.1276,0.0000
319.54,0.9663,1739,0,60000,0.0290,0.9869,0.9879,2628,0,60000,0.0438,0.9910,0.0944,17504,6,185482,0.0944,0.0000,0.1297,24064,10,185482,0.1297,0.0000
320.04,0.9663,1739,0,60000,0.0290,0.9869,0.9882,37,0,60000,0.0006,0.1082,0.0944,17504,6,185482,0.0944,0.0000,0.1297,24064,10,185482,0.1297,0.0000
320.54,0.9663,1739,0,60000,0.0290,0.9869,0.9882,37,0,60000,0.0006,0.1082,0.0944,17504,6,185482,0.0944,0.0000,0.1063,19721,9,185482,0.1063,0.0000
321.04,0.9663,1739,0,60000,0.0290,0.9869,0.9882,37,0,60000,0.0006,0.1082,0.0881,16340,5,185482,0.0881,0.0000,0.1063,19721,9,185482,0.1063,0.0000
321.54,0.9663,1739,0,60000,0.0290,0.9869,0.9882,37,0,60000,0.0006,0.1082,0.0881,16340,5,185482,0.0881,0.0000,0.0981,18194,8,185482,0.0981,0.0000
322.04,0.9663,1739,0,60000,0.0290,0.9869,0.9933,36,0,60000,0.0006,0.6667,0.0654,12130,4,185482,0.0654,0.0000,0.0981,18194,8,185482,0.0981,0.0000
322.54,0.9663,1739,0,60000,0.0290,0.9869,0.9933,36,0,60000,0.0006,0.6667,0.0654,12130,4,185482,0.0654,0.0000,0.0817,15151,7,185482,0.0817,0.0000
323.04,0.9667,1200,0,60000,0.0200,0.7807,0.9933,36,0,60000,0.0006,0.6667,0.0745,13827,4,185482,0.0745,0.0000,0.0817,15151,7,185482,0.0817,0.0000
323.54,0.9944,1385,0,60000,0.0231,0.9830,0.9933,36,0,60000,0.0006,0.6667,0.0745,13827,4,185482,0.0745,0.0000,0.0817,15151,7,185482,0.0817,0.0000
324.04,0.9944,1385,0,60000,0.0231,0.9830,0.9792,1857,0,60000,0.0309,0.9697,0.0859,15938,5,185482,0.0859,0.0000,0.0739,13705,7,185482,0.0739,0.0000
324.54,0.9944,1385,0,60000,0.0231,0.9830,0.9282,3325,0,60000,0.0554,0.9843,0.0859,15938,5,185482,0.0859,0.0000,0.0739,13705,7,185482,0.0739,0.0000
325.04,0.9944,1385,0,60000,0.0231,0.9830,0.9282,3325,0,60000,0.0554,0.9843,0.1054,19554,6,185482,0.1054,0.0000,0.0754,13985,7,185482,0.0754,0.0000
325.54,0.9944,1385,0,60000,0.0231,0.9830,0.9335,322,0,60000,0.0054,0.7113,0.1054,19554,6,185482,0.1054,0.0000,0.0754,13985,7,185482,0.0754,0.0000
326.04,0.9944,1385,0,60000,0.0231,0.9830,0.9335,322,0,60000,0.0054,0.7113,0.0576,10691,5,185482,0.0576,0.0000,0.0792,14689,9,185482,0.0792,0.0000
326.54,0.9944,1385,0,60000,0.0231,0.9830,0.9488,3137,0,60000,0.0523,0.9912,0.0576,10691,5,185482,0.0576,0.0000,0.0792,14689,9,185482,0.0792,0.0000
327.04,0.9944,1385,0,60000,0.0231,0.9830,0.9488,3137,0,60000,0.0523,0.9912,0.0585,10851,4,185482,0.0585,0.0000,0.0974,18060,9,185482,0.0974,0.0000
327.54,0.9944,1385,0,60000,0.0231,0.9830,0.9488,3137,0,60000,0.0523,0.9912,0.0585,10851,4,185482,0.0585,0.0000,0.0974,18060,9,185482,0.0974,0.0000
328.04,0.9944,1385,0,60000,0.0231,0.9830,0.9488,3137,0,60000,0.0523,0.9912,0.0594,11011,4,185482,0.0594,0.0000,0.0993,18420,9,185482,0.0993,0.0000
328.54,0.9944,1385,0,60000,0.0231,0.9830,0.9488,3137,0,60000,0.0523,0.9912,0.0594,11011,4,185482,0.0594,0.0000,0.0993,18420,9,185482,0.0993,0.0000
329.04,0.9929,3009,0,60000,0.0502,0.9921,0.9671,3003,0,60000,0.0500,0.5474,0.0759,14083,4,185482,0.0759,0.0000,0.1026,19028,8,185482,0.1026,0.0000
329.54,0.9929,3009,0,60000,0.0502,0.9921,0.9671,3003,0,60000,0.0500,0.5474,0.0759,14083,4,185482,0.0759,0.0000,0.1026,19028,8,185482,0.1026,0.0000
330.04,0.9929,3009,0,60000,0.0502,0.9921,0.9671,3003,0,60000,0.0500,0.5474,0.0759,14083,4,185482,0.0759,0.0000,0.1026,19028,8,185482,0.1026,0.0000
330.54,0.9929,3009,0,60000,0.0502,0.9921,0.9671,3003,0,60000,0.0500,0.5474,0.0769,14267,5,185482,0.0769,0.0000,0.0806,14951,8,185482,0.0806,0.0000
331.04,0.9933,37,0,60000,0.0006,0.1205,0.9671,3003,0,60000,0.0500,0.5474,0.0769,14267,5,185482,0.0769,0.0000,0.0806,14951,8,185482,0.0806,0.0000
331.55,0.9933,37,0,60000,0.0006,0.1205,0.9671,3003,0,60000,0.0500,0.5474,0.0485,8997,3,185482,0.0485,0.0000,0.0797,14777,7,185482,0.0797,0.0000
332.05,0.9293,2775,0,60000,0.0462,0.9925,0.9671,3003,0,60000,0.0500,0.5474,0.0485,8997,3,185482,0.0485,0.0000,0.0797,14777,7,185482,0.0797,0.0000
332.55,0.9297,1762,0,60000,0.0294,0.7828,0.9671,3003,0,60000,0.0500,0.5474,0.0643,11918,4,185482,0.0643,0.0000,0.0812,15057,7,185482,0.0812,0.0000
333.05,0.9297,1762,0,60000,0.0294,0.7828,0.9673,2424,0,60000,0.0404,0.9846,0.0643,11918,4,185482,0.0643,0.0000,0.0812,15057,7,185482,0.0812,0.0000
333.55,0.9426,1825,0,60000,0.0304,0.9876,0.9673,2424,0,60000,0.0404,0.9846,0.0774,14353,5,185482,0.0774,0.0000,0.0960,17815,8,185482,0.0960,0.0000
334.05,0.9507,498,0,60000,0.0083,0.9689,0.9673,2424,0,60000,0.0404,0.9846,0.0774,14353,5,185482,0.0774,0.0000,0.0960,17815,8,185482,0.0960,0.0000
334.55,0.9507,498,0,60000,0.0083,0.9689,0.9691,301,0,60000,0.0050,0.8985,0.0931,17275,7,185482,0.0931,0.0000,0.0795,14754,7,185482,0.0795,0.0000
335.05,0.9507,498,0,60000,0.0083,0.9689,0.9691,301,0,60000,0.0050,0.8985,0.0931,17275,7,185482,0.0931,0.0000,0.0795,14754,7,185482,0.0795,0.0000
335.55,0.9507,498,0,60000,0.0083,0.9689,0.9691,301,0,60000,0.0050,0.8985,0.0929,17227,7,185482,0.0929,0.0000,0.0762,14127,6,185482,0.0762,0.0000
336.05,0.9507,498,0,60000,0.0083,0.9689,0.9691,301,0,60000,0.0050,0.8985,0.0929,17227,7,185482,0.0929,0.0000,0.0762,14127,6,185482,0.0762,0.0000
336.55,0.9507,498,0,60000,0.0083,0.9689,0.9691,301,0,60000,0.0050,0.8985,0.0944,17507,7,185482,0.0944,0.0000,0.0775,14367,6,185482,0.0775,0.0000
337.05,0.9507,498,0,60000,0.0083,0.9689,0.9691,301,0,60000,0.0050,0.8985,0.0944,17507,7,185482,0.0944,0.0000,0.0775,14367,6,185482,0.0775,0.0000
337.55,0.9137,3378,0,60000,0.0563,0.9921,0.9698,342,0,60000,0.0057,0.6129,0.0860,15955,6,185482,0.0860,0.0000,0.0775,14367,6,185482,0.0775,0.0000
338.05,0.9280,4237,0,60000,0.0706,0.9773,0.9698,342,0,60000,0.0057,0.6129,0.0860,15955,6,185482,0.0860,0.0000,0.1019,18892,6,185482,0.1019,0.0000
338.55,0.9280,4237,0,60000,0.0706,0.9773,0.9698,342,0,60000,0.0057,0.6129,0.0860,15955,6,185482,0.0860,0.0000,0.1019,18892,6,185482,0.1019,0.0000
339.05,0.9280,4237,0,60000,0.0706,0.9773,0.9698,342,0,60000,0.0057,0.6129,0.0836,15504,6,185482,0.0836,0.0000,0.1034,19187,8,185482,0.1034,0.0000
339.55,0.9280,4237,0,60000,0.0706,0.9773,0.9698,342,0,60000,0.0057,0.6129,0.0836,15504,6,185482,0.0836,0.0000,0.1034,19187,8,185482,0.1034,0.0000
340.05,0.9280,4237,0,60000,0.0706,0.9773,0.9698,342,0,60000,0.0057,0.6129,0.0737,13673,5,185482,0.0737,0.0000,0.1052,19507,8,185482,0.1052,0.0000
340.55,0.9280,4237,0,60000,0.0706,0.9773,0.9698,342,0,60000,0.0057,0.6129,0.0737,13673,5,185482,0.0737,0.0000,0.1052,19507,8,185482,0.1052,0.0000
341.05,0.9280,4237,0,60000,0.0706,0.9773,0.9698,342,0,60000,0.0057,0.6129,0.0486,9010,3,185482,0.0486,0.0000,0.1069,19827,8,185482,0.1069,0.0000
341.55,0.9286,57,0,60000,0.0009,0.6404,0.9798,676,0,60000,0.0113,0.9001,0.0486,9010,3,185482,0.0486,0.0000,0.1069,19827,8,185482,0.1069,0.0000
342.05,0.9286,57,0,60000,0.0009,0.6404,0.9798,676,0,60000,0.0113,0.9001,0.0539,10002,5,185482,0.0539,0.0000,0.1086,20147,8,185482,0.1086,0.0000
342.55,0.9286,57,0,60000,0.0009,0.6404,0.9554,2062,0,60000,0.0344,0.9918,0.0539,10002,5,185482,0.0539,0.0000,0.1086,20147,8,185482,0.1086,0.0000
343.05,0.9291,36,0,60000,0.0006,0.1250,0.8897,4156,0,60000,0.0693,0.9959,0.0654,12131,5,185482,0.0654,0.0000,0.1086,20147,8,185482,0.1086,0.0000
343.55,0.9291,36,0,60000,0.0006,0.1250,0.8916,4790,0,60000,0.0798,0.9561,0.0654,12131,5,185482,0.0654,0.0000,0.1196,22187,8,185482,0.1196,0.0000
344.05,0.9291,36,0,60000,0.0006,0.1250,0.8916,4790,0,60000,0.0798,0.9561,0.0665,12331,5,185482,0.0665,0.0000,0.1196,22187,8,185482,0.1196,0.0000
344.55,0.9291,36,0,60000,0.0006,0.1250,0.8916,4790,0,60000,0.0798,0.9561,0.0665,12331,5,185482,0.0665,0.0000,0.0930,17244,8,185482,0.0930,0.0000
345.05,0.9291,36,0,60000,0.0006,0.1250,0.8916,4790,0,60000,0.0798,0.9561,0.0487,9035,4,185482,0.0487,0.0000,0.0930,17244,8,185482,0.0930,0.0000
345.55,0.9342,140,0,60000,0.0023,0.8284,0.8916,4790,0,60000,0.0798,0.9561,0.0487,9035,4,185482,0.0487,0.0000,0.0947,17564,8,185482,0.0947,0.0000
346.05,0.9342,140,0,60000,0.0023,0.8284,0.8916,4790,0,60000,0.0798,0.9561,0.0496,9195,4,185482,0.0496,0.0000,0.0947,17564,8,185482,0.0947,0.0000
346.55,0.9342,140,0,60000,0.0023,0.8284,0.9023,3775,0,60000,0.0629,0.9906,0.0496,9195,4,185482,0.0496,0.0000,0.0964,17884,8,185482,0.0964,0.0000
347.05,0.9471,2155,0,60000,0.0359,0.9913,0.9120,3458,0,60000,0.0576,0.9923,0.0710,13168,5,185482,0.0710,0.0000,0.0964,17884,8,185482,0.0964,0.0000
347.55,0.9471,2155,0,60000,0.0359,0.9913,0.9120,3458,0,60000,0.0576,0.9923,0.0710,13168,5,185482,0.0710,0.0000,0.1056,19581,8,185482,0.1056,0.0000
348.05,0.9471,2155,0,60000,0.0359,0.9913,0.9120,3458,0,60000,0.0576,0.9923,0.0913,16942,6,185482,0.0913,0.0000,0.1056,19581,8,185482,0.1056,0.0000
348.55,0.9471,2155,0,60000,0.0359,0.9913,0.9124,36,0,60000,0.0006,0.5806,0.0913,16942,6,185482,0.0913,0.0000,0.0844,15649,6,185482,0.0844,0.0000
349.05,0.9471,2155,0,60000,0.0359,0.9913,0.9152,179,0,60000,0.0030,0.9040,0.0913,16942,6,185482,0.0913,0.0000,0.0844,15649,6,185482,0.0844,0.0000
349.55,0.9597,779,0,60000,0.0130,0.9738,0.9152,179,0,60000,0.0030,0.9040,0.0928,17216,7,185482,0.0928,0.0000,0.0844,15649,6,185482,0.0844,0.0000
350.05,0.9597,779,0,60000,0.0130,0.9738,0.9152,179,0,60000,0.0030,0.9040,0.0928,17216,7,185482,0.0928,0.0000,0.0869,16112,7,185482,0.0869,0.0000
350.55,0.9597,779,0,60000,0.0130,0.9738,0.9152,179,0,60000,0.0030,0.9040,0.0786,14583,6,185482,0.0786,0.0000,0.0869,16112,7,185482,0.0869,0.0000
351.05,0.9601,37,0,60000,0.0006,0.7400,0.9227,466,0,60000,0.0078,0.6638,0.0786,14583,6,185482,0.0786,0.0000,0.0828,15354,6,185482,0.0828,0.0000
351.55,0.9601,37,0,60000,0.0006,0.7400,0.9227,466,0,60000,0.0078,0.6638,0.0841,15601,8,185482,0.0841,0.0000,0.0828,15354,6,185482,0.0828,0.0000
352.05,0.9601,37,0,60000,0.0006,0.7400,0.9266,36,0,60000,0.0006,0.8000,0.0841,15601,8,185482,0.0841,0.0000,0.0670,12436,5,185482,0.0670,0.0000
352.55,0.9601,37,0,60000,0.0006,0.7400,0.9266,36,0,60000,0.0006,0.8000,0.0730,13537,8,185482,0.0730,0.0000,0.0670,12436,5,185482,0.0670,0.0000
353.05,0.9594,4719,0,60000,0.0786,0.9466,0.9266,36,0,60000,0.0006,0.8000,0.0730,13537,8,185482,0.0730,0.0000,0.0663,12293,4,185482,0.0663,0.0000
353.55,0.9594,4719,0,60000,0.0786,0.9466,0.9266,36,0,60000,0.0006,0.8000,0.0850,15763,10,185482,0.0850,0.0000,0.0663,12293,4,185482,0.0663,0.0000
354.05,0.9594,4719,0,60000,0.0786,0.9466,0.9266,36,0,60000,0.0006,0.8000,0.0850,15763,10,185482,0.0850,0.0000,0.0832,15428,5,185482,0.0832,0.0000
354.55,0.9594,4719,0,60000,0.0786,0.9466,0.9266,36,0,60000,0.0006,0.8000,0.0626,11614,8,185482,0.0626,0.0000,0.0832,15428,5,185482,0.0832,0.0000
355.05,0.9594,4719,0,60000,0.0786,0.9466,0.9266,36,0,60000,0.0006,0.8000,0.0626,11614,8,185482,0.0626,0.0000,0.0843,15628,5,185482,0.0843,0.0000
355.55,0.9625,313,0,60000,0.0052,0.4757,0.9266,36,0,60000,0.0006,0.8000,0.0586,10876,6,185482,0.0586,0.0000,0.0843,15628,5,185482,0.0843,0.0000
356.05,0.9625,313,0,60000,0.0052,0.4757,0.9266,36,0,60000,0.0006,0.8000,0.0586,10876,6,185482,0.0586,0.0000,0.0890,16516,6,185482,0.0890,0.0000
356.55,0.9625,313,0,60000,0.0052,0.4757,0.9266,36,0,60000,0.0006,0.8000,0.0599,11116,6,185482,0.0599,0.0000,0.0890,16516,6,185482,0.0890,0.0000
357.05,0.9685,875,0,60000,0.0146,0.9605,0.9266,36,0,60000,0.0006,0.8000,0.0599,11116,6,185482,0.0599,0.0000,0.0903,16756,6,185482,0.0903,0.0000
357.55,0.9685,875,0,60000,0.0146,0.9605,0.9693,3626,0,60000,0.0604,0.9945,0.0599,11116,6,185482,0.0599,0.0000,0.0903,16756,6,185482,0.0903,0.0000
358.05,0.9710,150,0,60000,0.0025,0.9036,0.9693,3626,0,60000,0.0604,0.9945,0.0590,10940,5,185482,0.0590,0.0000,0.0903,16756,6,185482,0.0903,0.0000
358.55,0.9814,894,0,60000,0.0149,0.0000,0.9697,0,0,60000,0.0000,0.0000,0.0590,10940,5,185482,0.0590,0.0000,0.1172,21739,8,185482,0.1172,0.0000
359.05,0.9814,894,0,60000,0.0149,0.0000,0.9697,0,0,60000,0.0000,0.0000,0.0601,11140,5,185482,0.0601,0.0000,0.1172,21739,8,185482,0.1172,0.0000
359.55,0.9814,894,0,60000,0.0149,0.0000,0.9697,0,0,60000,0.0000,0.0000,0.0601,11140,5,185482,0.0601,0.0000,0.1102,20431,8,185482,0.1102,0.0000
360.05,0.9815,919,0,60000,0.0153,0.9664,0.9750,382,0,60000,0.0064,0.9550,0.0611,11340,5,185482,0.0611,0.0000,0.1102,20431,8,185482,0.1102,0.0000
360.55,0.9820,37,0,60000,0.0006,0.7872,0.9750,382,0,60000,0.0064,0.9550,0.0611,11340,5,185482,0.0611,0.0000,0.1119,20751,8,185482,0.1119,0.0000
361.05,0.9820,37,0,60000,0.0006,0.7872,0.9750,382,0,60000,0.0064,0.9550,0.0566,10495,5,185482,0.0566,0.0000,0.1119,20751,8,185482,0.1119,0.0000
361.55,0.9820,37,0,60000,0.0006,0.7872,0.9750,382,0,60000,0.0064,0.9550,0.0566,10495,5,185482,0.0566,0.0000,0.1141,21156,9,185482,0.1141,0.0000
362.05,0.9820,37,0,60000,0.0006,0.7872,0.9524,1647,0,60000,0.0274,0.9880,0.0503,9337,4,185482,0.0503,0.0000,0.1141,21156,9,185482,0.1141,0.0000
362.55,0.9820,37,0,60000,0.0006,0.7872,0.9524,1647,0,60000,0.0274,0.9880,0.0503,9337,4,185482,0.0503,0.0000,0.1141,21156,9,185482,0.1141,0.0000
363.05,0.9820,37,0,60000,0.0006,0.7872,0.9644,1449,0,60000,0.0242,0.9165,0.0512,9497,4,185482,0.0512,0.0000,0.1251,23207,10,185482,0.1251,0.0000
363.55,0.9822,36,0,60000,0.0006,0.6667,0.9644,1449,0,60000,0.0242,0.9165,0.0512,9497,4,185482,0.0512,0.0000,0.1251,23207,10,185482,0.1251,0.0000
364.05,0.9822,36,0,60000,0.0006,0.6667,0.9644,1449,0,60000,0.0242,0.9165,0.0611,11332,6,185482,0.0611,0.0000,0.1038,19253,9,185482,0.1038,0.0000
364.55,0.9822,36,0,60000,0.0006,0.6667,0.9883,1341,0,60000,0.0223,0.8257,0.0611,11332,6,185482,0.0611,0.0000,0.1038,19253,9,185482,0.1038,0.0000
365.05,0.9822,36,0,60000,0.0006,0.6667,0.9883,1341,0,60000,0.0223,0.8257,0.0382,7079,5,185482,0.0382,0.0000,0.1146,21249,10,185482,0.1146,0.0000
365.55,0.9822,36,0,60000,0.0006,0.6667,0.9883,1341,0,60000,0.0223,0.8257,0.0382,7079,5,185482,0.0382,0.0000,0.1146,21249,10,185482,0.1146,0.0000
366.05,0.9822,36,0,60000,0.0006,0.6667,0.9883,1341,0,60000,0.0223,0.8257,0.0392,7279,5,185482,0.0392,0.0000,0.1167,21649,10,185482,0.1167,0.0000
366.55,0.9822,36,0,60000,0.0006,0.6667,0.9883,1341,0,60000,0.0223,0.8257,0.0392,7279,5,185482,0.0392,0.0000,0.1167,21649,10,185482,0.1167,0.0000
367.05,0.9822,36,0,60000,0.0006,0.6667,0.9883,1341,0,60000,0.0223,0.8257,0.0403,7479,5,185482,0.0403,0.0000,0.1167,21649,10,185482,0.1167,0.0000
367.55,0.9822,36,0,60000,0.0006,0.6667,0.9883,1341,0,60000,0.0223,0.8257,0.0403,7479,5,185482,0.0403,0.0000,0.1189,22049,10,185482,0.1189,0.0000
368.05,0.9667,4490,0,60000,0.0748,0.9947,0.9883,1341,0,60000,0.0223,0.8257,0.0414,7679,5,185482,0.0414,0.0000,0.1189,22049,10,185482,0.1189,0.0000
368.55,0.9667,4490,0,60000,0.0748,0.9947,0.9930,40,0,60000,0.0007,0.8163,0.0414,7679,5,185482,0.0414,0.0000,0.1410,26149,8,185482,0.1410,0.0000
369.05,0.9667,4490,0,60000,0.0748,0.9947,0.9930,40,0,60000,0.0007,0.8163,0.0192,3567,4,185482,0.0192,0.0000,0.1410,26149,8,185482,0.1410,0.0000
369.55,0.9667,4490,0,60000,0.0748,0.9947,0.9930,40,0,60000,0.0007,0.8163,0.0192,3567,4,185482,0.0192,0.0000,0.1361,25246,10,185482,0.1361,0.0000
370.05,0.9667,4490,0,60000,0.0748,0.9947,0.9930,40,0,60000,0.0007,0.8163,0.0201,3727,4,185482,0.0201,0.0000,0.1361,25246,10,185482,0.1361,0.0000
370.55,0.9667,4490,0,60000,0.0748,0.9947,0.9930,40,0,60000,0.0007,0.8163,0.0201,3727,4,185482,0.0201,0.0000,0.1361,25246,10,185482,0.1361,0.0000
371.05,0.9667,4490,0,60000,0.0748,0.9947,0.9930,40,0,60000,0.0007,0.8163,0.0210,3887,4,185482,0.0210,0.0000,0.1267,23506,8,185482,0.1267,0.0000
371.55,0.9667,4490,0,60000,0.0748,0.9947,0.9859,833,0,60000,0.0139,0.9438,0.0210,3887,4,185482,0.0210,0.0000,0.1267,23506,8,185482,0.1267,0.0000
372.05,0.9667,4490,0,60000,0.0748,0.9947,0.9863,37,0,60000,0.0006,0.1968,0.0165,3054,5,185482,0.0165,0.0000,0.0844,15655,6,185482,0.0844,0.0000
372.55,0.9667,4490,0,60000,0.0748,0.9947,0.9888,702,0,60000,0.0117,0.5069,0.0165,3054,5,185482,0.0165,0.0000,0.0844,15655,6,185482,0.0844,0.0000
373.05,0.9667,4490,0,60000,0.0748,0.9947,0.9888,702,0,60000,0.0117,0.5069,0.0250,4639,5,185482,0.0250,0.0000,0.0855,15855,5,185482,0.0855,0.0000
373.55,0.9683,113,0,60000,0.0019,0.2152,0.9888,702,0,60000,0.0117,0.5069,0.0250,4639,5,185482,0.0250,0.0000,0.0855,15855,5,185482,0.0855,0.0000
374.05,0.9683,113,0,60000,0.0019,0.2152,0.9376,1969,0,60000,0.0328,0.9577,0.0352,6522,6,185482,0.0352,0.0000,0.0866,16055,5,185482,0.0866,0.0000
374.55,0.9683,113,0,60000,0.0019,0.2152,0.9376,1969,0,60000,0.0328,0.9577,0.0352,6522,6,185482,0.0352,0.0000,0.0866,16055,5,185482,0.0866,0.0000
375.05,0.9113,5196,0,60000,0.0866,0.9944,0.9565,1242,0,60000,0.0207,0.9495,0.0209,3875,4,185482,0.0209,0.0000,0.1331,24690,7,185482,0.1331,0.0000
375.55,0.9113,5196,0,60000,0.0866,0.9944,0.9565,1242,0,60000,0.0207,0.9495,0.0209,3875,4,185482,0.0209,0.0000,0.1331,24690,7,185482,0.1331,0.0000
376.05,0.9113,5196,0,60000,0.0866,0.9944,0.9565,1242,0,60000,0.0207,0.9495,0.0218,4035,4,185482,0.0218,0.0000,0.1331,24690,7,185482,0.1331,0.0000
376.55,0.9113,5196,0,60000,0.0866,0.9944,0.9565,1242,0,60000,0.0207,0.9495,0.0218,4035,4,185482,0.0218,0.0000,0.1173,21758,7,185482,0.1173,0.0000
377.05,0.9184,444,0,60000,0.0074,0.7577,0.9667,949,0,60000,0.0158,0.9763,0.0226,4195,4,185482,0.0226,0.0000,0.1173,21758,7,185482,0.1173,0.0000
377.55,0.9299,1439,0,60000,0.0240,0.9424,0.9667,949,0,60000,0.0158,0.9763,0.0226,4195,4,185482,0.0226,0.0000,0.1241,23026,8,185482,0.1241,0.0000
378.05,0.9299,1439,0,60000,0.0240,0.9424,0.9827,972,0,60000,0.0162,0.9808,0.0404,7502,6,185482,0.0404,0.0000,0.1241,23026,8,185482,0.1241,0.0000
378.55,0.9314,37,0,60000,0.0006,0.7708,0.9643,3197,0,60000,0.0533,0.9960,0.0404,7502,6,185482,0.0404,0.0000,0.1051,19491,7,185482,0.1051,0.0000
379.05,0.9314,37,0,60000,0.0006,0.7708,0.9643,3197,0,60000,0.0533,0.9960,0.0596,11064,9,185482,0.0596,0.0000,0.1051,19491,7,185482,0.1051,0.0000
379.55,0.9314,37,0,60000,0.0006,0.7708,0.9643,3197,0,60000,0.0533,0.9960,0.0596,11064,9,185482,0.0596,0.0000,0.1066,19771,7,185482,0.1066,0.0000
380.05,0.9314,37,0,60000,0.0006,0.7708,0.9643,3197,0,60000,0.0533,0.9960,0.0480,8909,7,185482,0.0480,0.0000,0.1066,19771,7,185482,0.1066,0.0000
380.55,0.9314,37,0,60000,0.0006,0.7708,0.9643,3197,0,60000,0.0533,0.9960,0.0480,8909,7,185482,0.0480,0.0000,0.1066,19771,7,185482,0.1066,0.0000
381.05,0.9314,37,0,60000,0.0006,0.7708,0.9643,3197,0,60000,0.0533,0.9960,0.0495,9189,7,185482,0.0495,0.0000,0.1081,20051,7,185482,0.1081,0.0000
381.55,0.9314,37,0,60000,0.0006,0.7708,0.9643,3197,0,60000,0.0533,0.9960,0.0495,9189,7,185482,0.0495,0.0000,0.1081,20051,7,185482,0.1081,0.0000
382.05,0.9315,36,0,60000,0.0006,0.6316,0.9679,1587,0,60000,0.0265,0.9532,0.0344,6380,5,185482,0.0344,0.0000,0.0853,15820,6,185482,0.0853,0.0000
382.55,0.9437,873,0,60000,0.0146,0.9831,0.9679,1587,0,60000,0.0265,0.9532,0.0344,6380,5,185482,0.0344,0.0000,0.0853,15820,6,185482,0.0853,0.0000
383.05,0.9439,38,0,60000,0.0006,0.7600,0.9679,1587,0,60000,0.0265,0.9532,0.0159,2944,5,185482,0.0159,0.0000,0.0959,17794,7,185482,0.0959,0.0000
383.55,0.9439,38,0,60000,0.0006,0.7600,0.9679,1587,0,60000,0.0265,0.9532,0.0159,2944,5,185482,0.0159,0.0000,0.0959,17794,7,185482,0.0959,0.0000
384.05,0.9439,38,0,60000,0.0006,0.7600,0.9679,1587,0,60000,0.0265,0.9532,0.0123,2274,5,185482,0.0123,0.0000,0.0857,15894,7,185482,0.0857,0.0000
384.55,0.9439,38,0,60000,0.0006,0.7600,0.9679,1587,0,60000,0.0265,0.9532,0.0123,2274,5,185482,0.0123,0.0000,0.0857,15894,7,185482,0.0857,0.0000
385.05,0.9441,880,0,60000,0.0147,0.3693,0.9763,764,0,60000,0.0127,0.9720,0.0174,3223,5,185482,0.0174,0.0000,0.0605,11224,5,185482,0.0605,0.0000
385.55,0.9846,972,0,60000,0.0162,0.8223,0.9763,764,0,60000,0.0127,0.9720,0.0174,3223,5,185482,0.0174,0.0000,0.0605,11224,5,185482,0.0605,0.0000
386.05,0.9846,972,0,60000,0.0162,0.8223,0.9763,764,0,60000,0.0127,0.9720,0.0140,2594,4,185482,0.0140,0.0000,0.0682,12646,7,185482,0.0682,0.0000
386.55,0.9846,972,0,60000,0.0162,0.8223,0.9763,764,0,60000,0.0127,0.9720,0.0140,2594,4,185482,0.0140,0.0000,0.0682,12646,7,185482,0.0682,0.0000
387.05,0.9726,869,0,60000,0.0145,0.9764,0.9438,2215,0,60000,0.0369,0.9906,0.0148,2754,4,185482,0.0148,0.0000,0.0682,12646,7,185482,0.0682,0.0000
387.55,0.9726,869,0,60000,0.0145,0.9764,0.9438,2215,0,60000,0.0369,0.9906,0.0148,2754,4,185482,0.0148,0.0000,0.0678,12584,7,185482,0.0678,0.0000
388.05,0.8636,5564,0,60000,0.0927,0.9869,0.9457,1755,0,60000,0.0293,0.9739,0.0220,4077,4,185482,0.0220,0.0000,0.0678,12584,7,185482,0.0678,0.0000
388.55,0.8636,5564,0,60000,0.0927,0.9869,0.9469,811,0,60000,0.0135,0.9724,0.0220,4077,4,185482,0.0220,0.0000,0.1098,20372,9,185482,0.1098,0.0000
389.05,0.8636,5564,0,60000,0.0927,0.9869,0.9469,811,0,60000,0.0135,0.9724,0.0228,4237,4,185482,0.0228,0.0000,0.1098,20372,9,185482,0.1098,0.0000
389.55,0.8636,5564,0,60000,0.0927,0.9869,0.9469,811,0,60000,0.0135,0.9724,0.0228,4237,4,185482,0.0228,0.0000,0.1165,21617,11,185482,0.1165,0.0000
390.05,0.8636,5564,0,60000,0.0927,0.9869,0.9510,1218,0,60000,0.0203,0.9783,0.0237,4397,4,185482,0.0237,0.0000,0.1165,21617,11,185482,0.1165,0.0000
390.55,0.8636,5564,0,60000,0.0927,0.9869,0.9510,1218,0,60000,0.0203,0.9783,0.0237,4397,4,185482,0.0237,0.0000,0.1209,22423,11,185482,0.1209,0.0000
391.05,0.8636,5564,0,60000,0.0927,0.9869,0.9510,1218,0,60000,0.0203,0.9783,0.0117,2174,4,185482,0.0117,0.0000,0.1209,22423,11,185482,0.1209,0.0000
391.55,0.8636,5564,0,60000,0.0927,0.9869,0.9510,1218,0,60000,0.0203,0.9783,0.0117,2174,4,185482,0.0117,0.0000,0.1233,22863,11,185482,0.1233,0.0000
392.05,0.8636,5564,0,60000,0.0927,0.9869,0.9510,1218,0,60000,0.0203,0.9783,0.0124,2294,3,185482,0.0124,0.0000,0.1233,22863,11,185482,0.1233,0.0000
392.55,0.8636,5564,0,60000,0.0927,0.9869,0.9519,860,0,60000,0.0143,0.9806,0.0124,2294,3,185482,0.0124,0.0000,0.1233,22863,11,185482,0.1233,0.0000
393.05,0.8636,5564,0,60000,0.0927,0.9869,0.9519,860,0,60000,0.0143,0.9806,0.0178,3298,4,185482,0.0178,0.0000,0.1256,23303,11,185482,0.1256,0.0000
393.55,0.8636,5564,0,60000,0.0927,0.9869,0.9519,860,0,60000,0.0143,0.9806,0.0178,3298,4,185482,0.0178,0.0000,0.1256,23303,11,185482,0.1256,0.0000
394.05,0.8636,5564,0,60000,0.0927,0.9869,0.9546,2382,0,60000,0.0397,0.9823,0.0186,3458,4,185482,0.0186,0.0000,0.1303,24176,10,185482,0.1303,0.0000
394.55,0.8636,5564,0,60000,0.0927,0.9869,0.9546,2382,0,60000,0.0397,0.9823,0.0186,3458,4,185482,0.0186,0.0000,0.1303,24176,10,185482,0.1303,0.0000
395.05,0.8636,5564,0,60000,0.0927,0.9869,0.9546,2382,0,60000,0.0397,0.9823,0.0164,3048,3,185482,0.0164,0.0000,0.1327,24609,11,185482,0.1327,0.0000
395.55,0.8636,5564,0,60000,0.0927,0.9869,0.9546,2382,0,60000,0.0397,0.9823,0.0164,3048,3,185482,0.0164,0.0000,0.1327,24609,11,185482,0.1327,0.0000
396.05,0.8636,5564,0,60000,0.0927,0.9869,0.9546,2382,0,60000,0.0397,0.9823,0.0040,744,1,185482,0.0040,0.0000,0.1327,24609,11,185482,0.1327,0.0000
396.55,0.8636,5564,0,60000,0.0927,0.9869,0.9663,1965,0,60000,0.0328,0.9810,0.0042,784,1,185482,0.0042,0.0000,0.1369,25384,11,185482,0.1369,0.0000
397.05,0.8636,5564,0,60000,0.0927,0.9869,0.9663,1965,0,60000,0.0328,0.9810,0.0042,784,1,185482,0.0042,0.0000,0.1369,25384,11,185482,0.1369,0.0000
397.55,0.8648,59,0,60000,0.0010,0.1513,0.9663,1965,0,60000,0.0328,0.9810,0.0044,824,1,185482,0.0044,0.0000,0.0533,9887,5,185482,0.0533,0.0000
398.05,0.8648,59,0,60000,0.0010,0.1513,0.9663,1965,0,60000,0.0328,0.9810,0.0044,824,1,185482,0.0044,0.0000,0.0533,9887,5,185482,0.0533,0.0000
398.55,0.8737,586,0,60000,0.0098,0.5796,0.9669,49,0,60000,0.0008,0.0347,0.0101,1875,1,185482,0.0101,0.0000,0.0562,10421,6,185482,0.0562,0.0000
399.05,0.8737,586,0,60000,0.0098,0.5796,0.9669,49,0,60000,0.0008,0.0347,0.0101,1875,1,185482,0.0101,0.0000,0.0562,10421,6,185482,0.0562,0.0000
399.55,0.8737,586,0,60000,0.0098,0.5796,0.9817,3455,0,60000,0.0576,0.8480,0.0140,2593,1,185482,0.0140,0.0000,0.0577,10694,7,185482,0.0577,0.0000
400.05,0.9088,3485,0,60000,0.0581,0.9887,0.9540,5385,0,60000,0.0897,0.9883,0.0140,2593,1,185482,0.0140,0.0000,0.0577,10694,7,185482,0.0577,0.0000
400.55,0.9088,3485,0,60000,0.0581,0.9887,0.9540,5385,0,60000,0.0897,0.9883,0.0744,13808,3,185482,0.0744,0.0000,0.0592,10974,7,185482,0.0592,0.0000
401.05,0.9274,4599,0,60000,0.0766,0.9852,0.9540,5385,0,60000,0.0897,0.9883,0.0744,13808,3,185482,0.0744,0.0000,0.0592,10974,7,185482,0.0592,0.0000
401.55,0.9274,4599,0,60000,0.0766,0.9852,0.9540,5385,0,60000,0.0897,0.9883,0.0813,15078,3,185482,0.0813,0.0000,0.0607,11254,7,185482,0.0607,0.0000
402.05,0.9274,4599,0,60000,0.0766,0.9852,0.9540,5385,0,60000,0.0897,0.9883,0.0813,15078,3,185482,0.0813,0.0000,0.0607,11254,7,185482,0.0607,0.0000
402.55,0.9274,4599,0,60000,0.0766,0.9852,0.9571,6416,0,60000,0.1069,0.9746,0.0824,15275,3,185482,0.0824,0.0000,0.0622,11534,7,185482,0.0622,0.0000
403.05,0.9274,4599,0,60000,0.0766,0.9852,0.9571,6416,0,60000,0.1069,0.9746,0.0824,15275,3,185482,0.0824,0.0000,0.0622,11534,7,185482,0.0622,0.0000
403.55,0.9274,4599,0,60000,0.0766,0.9852,0.9571,6416,0,60000,0.1069,0.9746,0.0834,15461,5,185482,0.0834,0.0000,0.0593,11006,6,185482,0.0593,0.0000
404.05,0.9274,4599,0,60000,0.0766,0.9852,0.9576,6443,0,60000,0.1074,0.8182,0.0834,15461,5,185482,0.0834,0.0000,0.0593,11006,6,185482,0.0593,0.0000
404.55,0.9274,4599,0,60000,0.0766,0.9852,0.9576,6443,0,60000,0.1074,0.8182,0.0728,13509,4,185482,0.0728,0.0000,0.0610,11312,7,185482,0.0610,0.0000
405.05,0.9274,4599,0,60000,0.0766,0.9852,0.9740,2038,0,60000,0.0340,0.9854,0.0728,13509,4,185482,0.0728,0.0000,0.0610,11312,7,185482,0.0610,0.0000
405.56,0.9274,4599,0,60000,0.0766,0.9852,0.9740,2038,0,60000,0.0340,0.9854,0.0739,13712,7,185482,0.0739,0.0000,0.0610,11312,7,185482,0.0610,0.0000
406.06,0.9274,4599,0,60000,0.0766,0.9852,0.9740,2038,0,60000,0.0340,0.9854,0.0739,13712,7,185482,0.0739,0.0000,0.0613,11379,6,185482,0.0613,0.0000
406.56,0.9274,4599,0,60000,0.0766,0.9852,0.9870,801,0,60000,0.0134,0.9828,0.0754,13992,7,185482,0.0754,0.0000,0.0613,11379,6,185482,0.0613,0.0000
407.06,0.9274,4599,0,60000,0.0766,0.9852,0.9870,801,0,60000,0.0134,0.9828,0.0754,13992,7,185482,0.0754,0.0000,0.0626,11619,6,185482,0.0626,0.0000
407.56,0.9274,4599,0,60000,0.0766,0.9852,0.9870,801,0,60000,0.0134,0.9828,0.0815,15121,8,185482,0.0815,0.0000,0.0626,11619,6,185482,0.0626,0.0000
408.06,0.9274,4599,0,60000,0.0766,0.9852,0.9870,801,0,60000,0.0134,0.9828,0.0815,15121,8,185482,0.0815,0.0000,0.0639,11859,6,185482,0.0639,0.0000
408.56,0.9327,873,0,60000,0.0146,0.9798,0.9926,358,0,60000,0.0060,0.9650,0.0789,14630,8,185482,0.0789,0.0000,0.0639,11859,6,185482,0.0639,0.0000
409.06,0.9327,873,0,60000,0.0146,0.9798,0.9926,358,0,60000,0.0060,0.9650,0.0789,14630,8,185482,0.0789,0.0000,0.0701,12998,7,185482,0.0701,0.0000
409.56,0.9327,873,0,60000,0.0146,0.9798,0.9926,358,0,60000,0.0060,0.9650,0.0806,14950,8,185482,0.0806,0.0000,0.0701,12998,7,185482,0.0701,0.0000
410.06,0.9327,873,0,60000,0.0146,0.9798,0.9926,358,0,60000,0.0060,0.9650,0.0806,14950,8,185482,0.0806,0.0000,0.0716,13278,7,185482,0.0716,0.0000
410.56,0.9327,873,0,60000,0.0146,0.9798,0.9926,358,0,60000,0.0060,0.9650,0.0806,14950,8,185482,0.0806,0.0000,0.0716,13278,7,185482,0.0716,0.0000
411.06,0.9327,873,0,60000,0.0146,0.9798,0.9605,1161,0,60000,0.0193,0.9881,0.0669,12417,7,185482,0.0669,0.0000,0.0699,12960,6,185482,0.0699,0.0000
411.56,0.9327,873,0,60000,0.0146,0.9798,0.9605,1161,0,60000,0.0193,0.9881,0.0669,12417,7,185482,0.0669,0.0000,0.0699,12960,6,185482,0.0699,0.0000
412.06,0.9327,873,0,60000,0.0146,0.9798,0.9605,1161,0,60000,0.0193,0.9881,0.0685,12697,7,185482,0.0685,0.0000,0.0714,13237,7,185482,0.0714,0.0000
412.56,0.9327,873,0,60000,0.0146,0.9798,0.9633,37,0,60000,0.0006,0.3737,0.0685,12697,7,185482,0.0685,0.0000,0.0714,13237,7,185482,0.0714,0.0000
413.06,0.9327,873,0,60000,0.0146,0.9798,0.9633,37,0,60000,0.0006,0.3737,0.0608,11281,7,185482,0.0608,0.0000,0.0625,11591,6,185482,0.0625,0.0000
413.56,0.9638,4587,0,60000,0.0765,0.9937,0.9633,37,0,60000,0.0006,0.3737,0.0608,11281,7,185482,0.0608,0.0000,0.0625,11591,6,185482,0.0625,0.0000
414.06,0.9638,4587,0,60000,0.0765,0.9937,0.9633,37,0,60000,0.0006,0.3737,0.0623,11561,7,185482,0.0623,0.0000,0.0820,15208,7,185482,0.0820,0.0000
414.56,0.9638,4587,0,60000,0.0765,0.9937,0.9633,37,0,60000,0.0006,0.3737,0.0623,11561,7,185482,0.0623,0.0000,0.0820,15208,7,185482,0.0820,0.0000
415.06,0.9638,4587,0,60000,0.0765,0.9937,0.9633,37,0,60000,0.0006,0.3737,0.0638,11841,7,185482,0.0638,0.0000,0.0820,15208,7,185482,0.0820,0.0000
415.56,0.9638,4587,0,60000,0.0765,0.9937,0.9633,37,0,60000,0.0006,0.3737,0.0638,11841,7,185482,0.0638,0.0000,0.0835,15488,7,185482,0.0835,0.0000
416.06,0.9795,966,0,60000,0.0161,0.9817,0.9633,37,0,60000,0.0006,0.3737,0.0497,9216,7,185482,0.0497,0.0000,0.0835,15488,7,185482,0.0835,0.0000
416.56,0.9798,36,0,60000,0.0006,0.3158,0.9633,37,0,60000,0.0006,0.3737,0.0497,9216,7,185482,0.0497,0.0000,0.0491,9103,6,185482,0.0491,0.0000
417.06,0.9798,36,0,60000,0.0006,0.3158,0.9661,1284,0,60000,0.0214,0.9802,0.0426,7897,6,185482,0.0426,0.0000,0.0491,9103,6,185482,0.0491,0.0000
417.56,0.9798,36,0,60000,0.0006,0.3158,0.9666,36,0,60000,0.0006,0.5000,0.0426,7897,6,185482,0.0426,0.0000,0.0575,10659,7,185482,0.0575,0.0000
418.06,0.9904,619,0,60000,0.0103,0.9779,0.9666,36,0,60000,0.0006,0.5000,0.0348,6459,6,185482,0.0348,0.0000,0.0575,10659,7,185482,0.0575,0.0000
418.56,0.9906,0,0,60000,0.0000,0.0000,0.9672,0,0,60000,0.0000,0.0000,0.0348,6459,6,185482,0.0348,0.0000,0.0590,10939,7,185482,0.0590,0.0000
419.06,0.9466,3341,0,60000,0.0557,0.7091,0.9672,0,0,60000,0.0000,0.0000,0.0363,6737,7,185482,0.0363,0.0000,0.0590,10939,7,185482,0.0590,0.0000
419.56,0.9466,3341,0,60000,0.0557,0.7091,0.9672,0,0,60000,0.0000,0.0000,0.0363,6737,7,185482,0.0363,0.0000,0.0710,13163,7,185482,0.0710,0.0000
420.06,0.9466,3341,0,60000,0.0557,0.7091,0.9922,1692,0,60000,0.0282,0.9837,0.0476,8823,8,185482,0.0476,0.0000,0.0710,13163,7,185482,0.0710,0.0000
420.56,0.9469,36,0,60000,0.0006,0.7660,0.9922,1692,0,60000,0.0282,0.9837,0.0476,8823,8,185482,0.0476,0.0000,0.0557,10330,6,185482,0.0557,0.0000
421.06,0.9469,36,0,60000,0.0006,0.7660,0.9922,1692,0,60000,0.0282,0.9837,0.0471,8734,9,185482,0.0471,0.0000,0.0557,10330,6,185482,0.0557,0.0000
421.56,0.9469,36,0,60000,0.0006,0.7660,0.9922,1692,0,60000,0.0282,0.9837,0.0471,8734,9,185482,0.0471,0.0000,0.0570,10570,6,185482,0.0570,0.0000
422.06,0.9469,36,0,60000,0.0006,0.7660,0.9922,1692,0,60000,0.0282,0.9837,0.0490,9094,9,185482,0.0490,0.0000,0.0570,10570,6,185482,0.0570,0.0000
422.56,0.9469,36,0,60000,0.0006,0.7660,0.9927,37,0,60000,0.0006,0.0386,0.0490,9094,9,185482,0.0490,0.0000,0.0521,9656,6,185482,0.0521,0.0000
423.06,0.9469,36,0,60000,0.0006,0.7660,0.9927,37,0,60000,0.0006,0.0386,0.0510,9454,9,185482,0.0510,0.0000,0.0521,9656,6,185482,0.0521,0.0000
423.56,0.9469,36,0,60000,0.0006,0.7660,0.9738,36,0,60000,0.0006,0.5714,0.0510,9454,9,185482,0.0510,0.0000,0.0534,9896,6,185482,0.0534,0.0000
424.06,0.9550,511,0,60000,0.0085,0.9569,0.9738,36,0,60000,0.0006,0.5714,0.0510,9454,9,185482,0.0510,0.0000,0.0534,9896,6,185482,0.0534,0.0000
424.56,0.9550,511,0,60000,0.0085,0.9569,0.9738,36,0,60000,0.0006,0.5714,0.0393,7292,9,185482,0.0393,0.0000,0.0422,7825,6,185482,0.0422,0.0000
425.06,0.9550,511,0,60000,0.0085,0.9569,0.9738,36,0,60000,0.0006,0.5714,0.0393,7292,9,185482,0.0393,0.0000,0.0422,7825,6,185482,0.0422,0.0000
425.56,0.9550,511,0,60000,0.0085,0.9569,0.9738,36,0,60000,0.0006,0.5714,0.0413,7652,9,185482,0.0413,0.0000,0.0242,4485,5,185482,0.0242,0.0000
426.06,0.9550,511,0,60000,0.0085,0.9569,0.9738,36,0,60000,0.0006,0.5714,0.0413,7652,9,185482,0.0413,0.0000,0.0242,4485,5,185482,0.0242,0.0000
426.56,0.9550,511,0,60000,0.0085,0.9569,0.9738,36,0,60000,0.0006,0.5714,0.0410,7600,8,185482,0.0410,0.0000,0.0253,4685,5,185482,0.0253,0.0000
427.06,0.9550,511,0,60000,0.0085,0.9569,0.9483,2389,0,60000,0.0398,0.9901,0.0410,7600,8,185482,0.0410,0.0000,0.0253,4685,5,185482,0.0253,0.0000
427.56,0.9550,511,0,60000,0.0085,0.9569,0.9483,2389,0,60000,0.0398,0.9901,0.0557,10333,8,185482,0.0557,0.0000,0.0263,4885,5,185482,0.0263,0.0000
428.06,0.8860,3552,0,60000,0.0592,0.9952,0.9483,2389,0,60000,0.0398,0.9901,0.0557,10333,8,185482,0.0557,0.0000,0.0263,4885,5,185482,0.0263,0.0000
428.56,0.8860,3552,0,60000,0.0592,0.9952,0.9539,385,0,60000,0.0064,0.9577,0.0769,14255,9,185482,0.0769,0.0000,0.0221,4099,4,185482,0.0221,0.0000
429.06,0.8860,3552,0,60000,0.0592,0.9952,0.9539,385,0,60000,0.0064,0.9577,0.0769,14255,9,185482,0.0769,0.0000,0.0221,4099,4,185482,0.0221,0.0000
429.56,0.8860,3552,0,60000,0.0592,0.9952,0.9539,385,0,60000,0.0064,0.9577,0.0732,13571,10,185482,0.0732,0.0000,0.0230,4259,4,185482,0.0230,0.0000
430.06,0.8860,3552,0,60000,0.0592,0.9952,0.9539,385,0,60000,0.0064,0.9577,0.0732,13571,10,185482,0.0732,0.0000,0.0230,4259,4,185482,0.0230,0.0000
430.56,0.8860,3552,0,60000,0.0592,0.9952,0.9539,385,0,60000,0.0064,0.9577,0.0753,13971,10,185482,0.0753,0.0000,0.0238,4419,4,185482,0.0238,0.0000
431.06,0.8860,3552,0,60000,0.0592,0.9952,0.9539,385,0,60000,0.0064,0.9577,0.0753,13971,10,185482,0.0753,0.0000,0.0238,4419,4,185482,0.0238,0.0000
431.56,0.8860,3552,0,60000,0.0592,0.9952,0.9939,2426,0,60000,0.0404,0.9893,0.0828,15349,10,185482,0.0828,0.0000,0.0282,5233,3,185482,0.0282,0.0000
432.06,0.8860,3552,0,60000,0.0592,0.9952,0.9941,36,0,60000,0.0006,0.2368,0.0828,15349,10,185482,0.0828,0.0000,0.0282,5233,3,185482,0.0282,0.0000
432.56,0.8860,3552,0,60000,0.0592,0.9952,0.9941,36,0,60000,0.0006,0.2368,0.0623,11557,9,185482,0.0623,0.0000,0.0188,3483,4,185482,0.0188,0.0000
433.06,0.8860,3552,0,60000,0.0592,0.9952,0.9941,36,0,60000,0.0006,0.2368,0.0623,11557,9,185482,0.0623,0.0000,0.0188,3483,4,185482,0.0188,0.0000
433.56,0.8860,3552,0,60000,0.0592,0.9952,0.9941,36,0,60000,0.0006,0.2368,0.0543,10068,8,185482,0.0543,0.0000,0.0196,3643,4,185482,0.0196,0.0000
434.06,0.8860,3552,0,60000,0.0592,0.9952,0.9941,36,0,60000,0.0006,0.2368,0.0543,10068,8,185482,0.0543,0.0000,0.0196,3643,4,185482,0.0196,0.0000
434.56,0.9197,2050,0,60000,0.0342,0.9927,0.9902,823,0,60000,0.0137,0.9548,0.0543,10068,8,185482,0.0543,0.0000,0.0252,4669,5,185482,0.0252,0.0000
435.06,0.9197,2050,0,60000,0.0342,0.9927,0.9902,823,0,60000,0.0137,0.9548,0.0671,12453,8,185482,0.0671,0.0000,0.0252,4669,5,185482,0.0252,0.0000
435.56,0.9276,507,0,60000,0.0084,0.9252,0.9902,823,0,60000,0.0137,0.9548,0.0671,12453,8,185482,0.0671,0.0000,0.0263,4869,5,185482,0.0263,0.0000
436.06,0.9276,507,0,60000,0.0084,0.9252,0.9902,823,0,60000,0.0137,0.9548,0.0595,11044,9,185482,0.0595,0.0000,0.0263,4869,5,185482,0.0263,0.0000
436.56,0.9581,1838,0,60000,0.0306,0.9919,0.9902,823,0,60000,0.0137,0.9548,0.0595,11044,9,185482,0.0595,0.0000,0.0273,5069,5,185482,0.0273,0.0000
437.06,0.9581,1838,0,60000,0.0306,0.9919,0.9902,823,0,60000,0.0137,0.9548,0.0576,10678,8,185482,0.0576,0.0000,0.0273,5069,5,185482,0.0273,0.0000
437.56,0.9581,1838,0,60000,0.0306,0.9919,0.9902,823,0,60000,0.0137,0.9548,0.0576,10678,8,185482,0.0576,0.0000,0.0386,7152,6,185482,0.0386,0.0000
438.06,0.9581,1838,0,60000,0.0306,0.9919,0.9902,823,0,60000,0.0137,0.9548,0.0518,9607,7,185482,0.0518,0.0000,0.0386,7152,6,185482,0.0386,0.0000
438.56,0.9777,2313,0,60000,0.0386,0.9847,0.9902,823,0,60000,0.0137,0.9548,0.0518,9607,7,185482,0.0518,0.0000,0.0312,5790,5,185482,0.0312,0.0000
439.06,0.9777,2313,0,60000,0.0386,0.9847,0.9902,823,0,60000,0.0137,0.9548,0.0533,9887,7,185482,0.0533,0.0000,0.0312,5790,5,185482,0.0312,0.0000
439.56,0.9777,2313,0,60000,0.0386,0.9847,0.9902,823,0,60000,0.0137,0.9548,0.0533,9887,7,185482,0.0533,0.0000,0.0451,8358,6,185482,0.0451,0.0000
440.06,0.9616,1357,0,60000,0.0226,0.9905,0.9849,722,0,60000,0.0120,0.8914,0.0547,10144,6,185482,0.0547,0.0000,0.0451,8358,6,185482,0.0451,0.0000
440.56,0.9616,1357,0,60000,0.0226,0.9905,0.9849,722,0,60000,0.0120,0.8914,0.0547,10144,6,185482,0.0547,0.0000,0.0424,7862,5,185482,0.0424,0.0000
441.06,0.9877,1591,0,60000,0.0265,0.9925,0.9849,722,0,60000,0.0120,0.8914,0.0638,11830,8,185482,0.0638,0.0000,0.0424,7862,5,185482,0.0424,0.0000
441.56,0.9877,1591,0,60000,0.0265,0.9925,0.9849,722,0,60000,0.0120,0.8914,0.0638,11830,8,185482,0.0638,0.0000,0.0521,9668,6,185482,0.0521,0.0000
442.06,0.9632,787,0,60000,0.0131,0.9740,0.9849,722,0,60000,0.0120,0.8914,0.0699,12958,8,185482,0.0699,0.0000,0.0521,9668,6,185482,0.0521,0.0000
442.56,0.9632,787,0,60000,0.0131,0.9740,0.9849,722,0,60000,0.0120,0.8914,0.0699,12958,8,185482,0.0699,0.0000,0.0534,9908,6,185482,0.0534,0.0000
443.06,0.9747,707,0,60000,0.0118,0.9364,0.9849,722,0,60000,0.0120,0.8914,0.0698,12938,9,185482,0.0698,0.0000,0.0534,9908,6,185482,0.0534,0.0000
443.56,0.9747,707,0,60000,0.0118,0.9364,0.9849,722,0,60000,0.0120,0.8914,0.0698,12938,9,185482,0.0698,0.0000,0.0547,10148,6,185482,0.0547,0.0000
444.06,0.9747,707,0,60000,0.0118,0.9364,0.9849,722,0,60000,0.0120,0.8914,0.0646,11991,8,185482,0.0646,0.0000,0.0547,10148,6,185482,0.0547,0.0000
444.56,0.9747,707,0,60000,0.0118,0.9364,0.9849,722,0,60000,0.0120,0.8914,0.0646,11991,8,185482,0.0646,0.0000,0.0560,10388,6,185482,0.0560,0.0000
445.06,0.9747,707,0,60000,0.0118,0.9364,0.9849,722,0,60000,0.0120,0.8914,0.0646,11991,8,185482,0.0646,0.0000,0.0560,10388,6,185482,0.0560,0.0000
445.56,0.9747,707,0,60000,0.0118,0.9364,0.9849,722,0,60000,0.0120,0.8914,0.0664,12311,8,185482,0.0664,0.0000,0.0573,10628,6,185482,0.0573,0.0000
446.06,0.9747,707,0,60000,0.0118,0.9364,0.9506,1137,0,60000,0.0190,0.9896,0.0664,12311,8,185482,0.0664,0.0000,0.0573,10628,6,185482,0.0573,0.0000
446.56,0.9747,707,0,60000,0.0118,0.9364,0.9506,1137,0,60000,0.0190,0.9896,0.0681,12631,8,185482,0.0681,0.0000,0.0609,11292,6,185482,0.0609,0.0000
447.06,0.9747,707,0,60000,0.0118,0.9364,0.9693,1304,0,60000,0.0217,0.9235,0.0681,12631,8,185482,0.0681,0.0000,0.0609,11292,6,185482,0.0609,0.0000
447.56,0.9747,707,0,60000,0.0118,0.9364,0.9693,1304,0,60000,0.0217,0.9235,0.0698,12951,8,185482,0.0698,0.0000,0.0699,12956,7,185482,0.0699,0.0000
448.06,0.9747,707,0,60000,0.0118,0.9364,0.9693,1304,0,60000,0.0217,0.9235,0.0698,12951,8,185482,0.0698,0.0000,0.0699,12956,7,185482,0.0699,0.0000
448.56,0.9747,707,0,60000,0.0118,0.9364,0.9693,1304,0,60000,0.0217,0.9235,0.0715,13271,8,185482,0.0715,0.0000,0.0714,13236,7,185482,0.0714,0.0000
449.06,0.9747,707,0,60000,0.0118,0.9364,0.9805,713,0,60000,0.0119,0.9781,0.0715,13271,8,185482,0.0715,0.0000,0.0714,13236,7,185482,0.0714,0.0000
449.56,0.9747,707,0,60000,0.0118,0.9364,0.9805,713,0,60000,0.0119,0.9781,0.0773,14336,9,185482,0.0773,0.0000,0.0729,13516,7,185482,0.0729,0.0000
450.06,0.9747,707,0,60000,0.0118,0.9364,0.9805,713,0,60000,0.0119,0.9781,0.0773,14336,9,185482,0.0773,0.0000,0.0729,13516,7,185482,0.0729,0.0000
450.56,0.9747,707,0,60000,0.0118,0.9364,0.9805,713,0,60000,0.0119,0.9781,0.0792,14696,9,185482,0.0792,0.0000,0.0729,13516,7,185482,0.0729,0.0000
451.06,0.9747,707,0,60000,0.0118,0.9364,0.9805,713,0,60000,0.0119,0.9781,0.0792,14696,9,185482,0.0792,0.0000,0.0744,13796,7,185482,0.0744,0.0000
451.56,0.9747,707,0,60000,0.0118,0.9364,0.9805,713,0,60000,0.0119,0.9781,0.0686,12733,8,185482,0.0686,0.0000,0.0744,13796,7,185482,0.0744,0.0000
452.06,0.9747,707,0,60000,0.0118,0.9364,0.9805,713,0,60000,0.0119,0.9781,0.0686,12733,8,185482,0.0686,0.0000,0.0759,14076,7,185482,0.0759,0.0000
452.56,0.9747,707,0,60000,0.0118,0.9364,0.9805,713,0,60000,0.0119,0.9781,0.0702,13013,7,185482,0.0702,0.0000,0.0759,14076,7,185482,0.0759,0.0000
453.06,0.9747,707,0,60000,0.0118,0.9364,0.9805,713,0,60000,0.0119,0.9781,0.0702,13013,7,185482,0.0702,0.0000,0.0774,14356,7,185482,0.0774,0.0000
453.56,0.9747,707,0,60000,0.0118,0.9364,0.9805,713,0,60000,0.0119,0.9781,0.0717,13293,7,185482,0.0717,0.0000,0.0774,14356,7,185482,0.0774,0.0000
454.06,0.9854,1138,0,60000,0.0190,0.5196,0.9808,36,0,60000,0.0006,0.7500,0.0717,13293,7,185482,0.0717,0.0000,0.0653,12113,6,185482,0.0653,0.0000
454.56,0.9854,1138,0,60000,0.0190,0.5196,0.9808,36,0,60000,0.0006,0.7500,0.0717,13293,7,185482,0.0717,0.0000,0.0653,12113,6,185482,0.0653,0.0000
455.06,0.9593,3319,0,60000,0.0553,0.7346,0.9808,36,0,60000,0.0006,0.7500,0.0692,12829,7,185482,0.0692,0.0000,0.0480,8909,4,185482,0.0480,0.0000
455.56,0.9593,3319,0,60000,0.0553,0.7346,0.9808,36,0,60000,0.0006,0.7500,0.0692,12829,7,185482,0.0692,0.0000,0.0480,8909,4,185482,0.0480,0.0000
456.06,0.9593,3319,0,60000,0.0553,0.7346,0.9808,36,0,60000,0.0006,0.7500,0.0710,13172,9,185482,0.0710,0.0000,0.0491,9106,5,185482,0.0491,0.0000
456.56,0.9355,2506,0,60000,0.0418,0.9952,0.9808,36,0,60000,0.0006,0.7500,0.0710,13172,9,185482,0.0710,0.0000,0.0491,9106,5,185482,0.0491,0.0000
457.06,0.9355,2506,0,60000,0.0418,0.9952,0.9808,36,0,60000,0.0006,0.7500,0.0730,13532,9,185482,0.0730,0.0000,0.0638,11833,6,185482,0.0638,0.0000
457.56,0.9355,2506,0,60000,0.0418,0.9952,0.9627,1647,0,60000,0.0274,0.9688,0.0730,13532,9,185482,0.0730,0.0000,0.0638,11833,6,185482,0.0638,0.0000
458.06,0.9355,2506,0,60000,0.0418,0.9952,0.9627,1647,0,60000,0.0274,0.9688,0.0841,15601,10,185482,0.0841,0.0000,0.0515,9549,5,185482,0.0515,0.0000
458.56,0.9355,2506,0,60000,0.0418,0.9952,0.9627,1647,0,60000,0.0274,0.9688,0.0841,15601,10,185482,0.0841,0.0000,0.0515,9549,5,185482,0.0515,0.0000
459.06,0.9355,2506,0,60000,0.0418,0.9952,0.9627,1647,0,60000,0.0274,0.9688,0.0753,13972,9,185482,0.0753,0.0000,0.0437,8104,4,185482,0.0437,0.0000
459.56,0.9355,2506,0,60000,0.0418,0.9952,0.9627,1647,0,60000,0.0274,0.9688,0.0753,13972,9,185482,0.0753,0.0000,0.0437,8104,4,185482,0.0437,0.0000
460.06,0.9355,2506,0,60000,0.0418,0.9952,0.9627,1647,0,60000,0.0274,0.9688,0.0773,14332,9,185482,0.0773,0.0000,0.0446,8264,4,185482,0.0446,0.0000
460.56,0.9355,2506,0,60000,0.0418,0.9952,0.9627,1647,0,60000,0.0274,0.9688,0.0773,14332,9,185482,0.0773,0.0000,0.0446,8264,4,185482,0.0446,0.0000
461.06,0.9355,2506,0,60000,0.0418,0.9952,0.9375,2513,0,60000,0.0419,0.9937,0.0714,13248,8,185482,0.0714,0.0000,0.0591,10953,4,185482,0.0591,0.0000
461.56,0.9686,2011,0,60000,0.0335,0.9921,0.9375,2513,0,60000,0.0419,0.9937,0.0714,13248,8,185482,0.0714,0.0000,0.0591,10953,4,185482,0.0591,0.0000
462.06,0.9942,1638,0,60000,0.0273,0.9850,0.9375,2513,0,60000,0.0419,0.9937,0.0714,13248,8,185482,0.0714,0.0000,0.0801,14854,6,185482,0.0801,0.0000
462.56,0.9942,1638,0,60000,0.0273,0.9850,0.9375,2513,0,60000,0.0419,0.9937,0.0564,10469,7,185482,0.0564,0.0000,0.0801,14854,6,185482,0.0801,0.0000
463.06,0.9942,1638,0,60000,0.0273,0.9850,0.9375,2513,0,60000,0.0419,0.9937,0.0564,10469,7,185482,0.0564,0.0000,0.0816,15134,7,185482,0.0816,0.0000
463.56,0.9942,1638,0,60000,0.0273,0.9850,0.9375,2513,0,60000,0.0419,0.9937,0.0580,10749,7,185482,0.0580,0.0000,0.0816,15134,7,185482,0.0816,0.0000
464.06,0.9817,1438,0,60000,0.0240,0.9910,0.9375,2513,0,60000,0.0419,0.9937,0.0580,10749,7,185482,0.0580,0.0000,0.0816,15134,7,185482,0.0816,0.0000
464.56,0.9817,1438,0,60000,0.0240,0.9910,0.9375,2513,0,60000,0.0419,0.9937,0.0603,11178,7,185482,0.0603,0.0000,0.0697,12928,6,185482,0.0697,0.0000
465.06,0.9817,1438,0,60000,0.0240,0.9910,0.9721,3088,0,60000,0.0515,0.9939,0.0603,11178,7,185482,0.0603,0.0000,0.0697,12928,6,185482,0.0697,0.0000
465.56,0.9817,1438,0,60000,0.0240,0.9910,0.9721,3088,0,60000,0.0515,0.9939,0.0522,9687,6,185482,0.0522,0.0000,0.0764,14171,5,185482,0.0764,0.0000
466.06,0.9817,1438,0,60000,0.0240,0.9910,0.9721,3088,0,60000,0.0515,0.9939,0.0522,9687,6,185482,0.0522,0.0000,0.0764,14171,5,185482,0.0764,0.0000
466.56,0.9817,1438,0,60000,0.0240,0.9910,0.9721,3088,0,60000,0.0515,0.9939,0.0535,9927,6,185482,0.0535,0.0000,0.0776,14399,6,185482,0.0776,0.0000
467.06,0.9935,729,0,60000,0.0121,0.5428,0.9447,2482,0,60000,0.0414,0.9952,0.0535,9927,6,185482,0.0535,0.0000,0.0776,14399,6,185482,0.0776,0.0000
467.56,0.9935,729,0,60000,0.0121,0.5428,0.9447,2482,0,60000,0.0414,0.9952,0.0626,11612,6,185482,0.0626,0.0000,0.0699,12972,5,185482,0.0699,0.0000
468.06,0.9776,1758,0,60000,0.0293,0.9665,0.9447,2482,0,60000,0.0414,0.9952,0.0626,11612,6,185482,0.0626,0.0000,0.0699,12972,5,185482,0.0699,0.0000
468.56,0.9635,3883,0,60000,0.0647,0.9430,0.9447,2482,0,60000,0.0414,0.9952,0.0859,15932,8,185482,0.0859,0.0000,0.0608,11269,4,185482,0.0608,0.0000
469.06,0.9635,3883,0,60000,0.0647,0.9430,0.9447,2482,0,60000,0.0414,0.9952,0.0859,15932,8,185482,0.0859,0.0000,0.0608,11269,4,185482,0.0608,0.0000
469.56,0.9635,3883,0,60000,0.0647,0.9430,0.9447,2482,0,60000,0.0414,0.9952,0.0791,14670,7,185482,0.0791,0.0000,0.0616,11429,4,185482,0.0616,0.0000
470.06,0.9635,3883,0,60000,0.0647,0.9430,0.9447,2482,0,60000,0.0414,0.9952,0.0791,14670,7,185482,0.0791,0.0000,0.0616,11429,4,185482,0.0616,0.0000
470.56,0.9194,4044,0,60000,0.0674,0.9942,0.9447,2482,0,60000,0.0414,0.9952,0.0936,17357,7,185482,0.0936,0.0000,0.0716,13276,4,185482,0.0716,0.0000
471.06,0.9194,4044,0,60000,0.0674,0.9942,0.9447,2482,0,60000,0.0414,0.9952,0.0936,17357,7,185482,0.0936,0.0000,0.0716,13276,4,185482,0.0716,0.0000
471.56,0.9194,4044,0,60000,0.0674,0.9942,0.9667,590,0,60000,0.0098,0.9801,0.0936,17357,7,185482,0.0936,0.0000,0.0726,13471,5,185482,0.0726,0.0000
472.06,0.9283,966,0,60000,0.0161,0.9351,0.9667,590,0,60000,0.0098,0.9801,0.1056,19594,9,185482,0.1056,0.0000,0.0726,13471,5,185482,0.0726,0.0000
472.56,0.9283,966,0,60000,0.0161,0.9351,0.9667,590,0,60000,0.0098,0.9801,0.1056,19594,9,185482,0.1056,0.0000,0.0771,14309,6,185482,0.0771,0.0000
473.06,0.9283,966,0,60000,0.0161,0.9351,0.9667,590,0,60000,0.0098,0.9801,0.1133,21017,10,185482,0.1133,0.0000,0.0771,14309,6,185482,0.0771,0.0000
473.56,0.9283,966,0,60000,0.0161,0.9351,0.9667,590,0,60000,0.0098,0.9801,0.1133,21017,10,185482,0.1133,0.0000,0.0784,14549,6,185482,0.0784,0.0000
474.06,0.9283,966,0,60000,0.0161,0.9351,0.9667,590,0,60000,0.0098,0.9801,0.0998,18513,9,185482,0.0998,0.0000,0.0784,14549,6,185482,0.0784,0.0000
474.56,0.9283,966,0,60000,0.0161,0.9351,0.9667,590,0,60000,0.0098,0.9801,0.0998,18513,9,185482,0.0998,0.0000,0.0784,14549,6,185482,0.0784,0.0000
475.06,0.9283,966,0,60000,0.0161,0.9351,0.9667,590,0,60000,0.0098,0.9801,0.1018,18873,9,185482,0.1018,0.0000,0.0797,14789,6,185482,0.0797,0.0000
475.56,0.9283,966,0,60000,0.0161,0.9351,0.9667,590,0,60000,0.0098,0.9801,0.1018,18873,9,185482,0.1018,0.0000,0.0797,14789,6,185482,0.0797,0.0000
476.06,0.9283,966,0,60000,0.0161,0.9351,0.9667,590,0,60000,0.0098,0.9801,0.1037,19233,9,185482,0.1037,0.0000,0.0810,15029,6,185482,0.0810,0.0000
476.56,0.9283,966,0,60000,0.0161,0.9351,0.9628,2882,0,60000,0.0480,0.9836,0.1037,19233,9,185482,0.1037,0.0000,0.0810,15029,6,185482,0.0810,0.0000
477.06,0.9283,966,0,60000,0.0161,0.9351,0.9628,2882,0,60000,0.0480,0.9836,0.1037,19233,9,185482,0.1037,0.0000,0.0804,14919,6,185482,0.0804,0.0000
477.56,0.9283,966,0,60000,0.0161,0.9351,0.9628,2882,0,60000,0.0480,0.9836,0.1056,19593,9,185482,0.1056,0.0000,0.0804,14919,6,185482,0.0804,0.0000
478.06,0.9283,966,0,60000,0.0161,0.9351,0.9628,2882,0,60000,0.0480,0.9836,0.1056,19593,9,185482,0.1056,0.0000,0.0817,15159,6,185482,0.0817,0.0000
478.56,0.9294,0,0,60000,0.0000,0.0000,0.9636,0,0,60000,0.0000,0.0000,0.1076,19953,9,185482,0.1076,0.0000,0.0817,15159,6,185482,0.0817,0.0000
479.06,0.9294,0,0,60000,0.0000,0.0000,0.9636,0,0,60000,0.0000,0.0000,0.1076,19953,9,185482,0.1076,0.0000,0.0830,15399,6,185482,0.0830,0.0000
479.56,0.9294,0,0,60000,0.0000,0.0000,0.9471,3261,0,60000,0.0544,0.9963,0.0906,16809,7,185482,0.0906,0.0000,0.0830,15399,6,185482,0.0830,0.0000
480.06,0.9294,0,0,60000,0.0000,0.0000,0.9471,3261,0,60000,0.0544,0.9963,0.0906,16809,7,185482,0.0906,0.0000,0.1021,18930,7,185482,0.1021,0.0000
480.56,0.9294,0,0,60000,0.0000,0.0000,0.9471,3261,0,60000,0.0544,0.9963,0.0784,14540,6,185482,0.0784,0.0000,0.1021,18930,7,185482,0.1021,0.0000
481.06,0.9294,0,0,60000,0.0000,0.0000,0.9471,3261,0,60000,0.0544,0.9963,0.0784,14540,6,185482,0.0784,0.0000,0.0887,16452,6,185482,0.0887,0.0000
481.57,0.9294,0,0,60000,0.0000,0.0000,0.9471,3261,0,60000,0.0544,0.9963,0.0797,14780,6,185482,0.0797,0.0000,0.0887,16452,6,185482,0.0887,0.0000
482.07,0.9294,0,0,60000,0.0000,0.0000,0.9515,2173,0,60000,0.0362,0.9895,0.0797,14780,6,185482,0.0797,0.0000,0.0887,16452,6,185482,0.0887,0.0000
482.57,0.9294,0,0,60000,0.0000,0.0000,0.9728,1292,0,60000,0.0215,0.9900,0.0797,14780,6,185482,0.0797,0.0000,0.1019,18896,7,185482,0.1019,0.0000
483.07,0.9294,0,0,60000,0.0000,0.0000,0.9444,2525,0,60000,0.0421,0.9817,0.0766,14203,6,185482,0.0766,0.0000,0.1019,18896,7,185482,0.1019,0.0000
483.57,0.9294,0,0,60000,0.0000,0.0000,0.9444,2525,0,60000,0.0421,0.9817,0.0766,14203,6,185482,0.0766,0.0000,0.1173,21750,8,185482,0.1173,0.0000
484.07,0.9414,2745,0,60000,0.0457,0.9942,0.9444,2525,0,60000,0.0421,0.9817,0.0628,11657,5,185482,0.0628,0.0000,0.1173,21750,8,185482,0.1173,0.0000
484.57,0.9414,2745,0,60000,0.0457,0.9942,0.9444,2525,0,60000,0.0421,0.9817,0.0628,11657,5,185482,0.0628,0.0000,0.1071,19868,7,185482,0.1071,0.0000
485.07,0.9525,2098,0,60000,0.0350,0.9822,0.9444,2525,0,60000,0.0421,0.9817,0.0905,16779,6,185482,0.0905,0.0000,0.1071,19868,7,185482,0.1071,0.0000
485.57,0.9525,2098,0,60000,0.0350,0.9822,0.9444,2525,0,60000,0.0421,0.9817,0.0905,16779,6,185482,0.0905,0.0000,0.1086,20148,7,185482,0.1086,0.0000
486.07,0.9619,2753,0,60000,0.0459,0.9680,0.9444,2525,0,60000,0.0421,0.9817,0.0919,17051,7,185482,0.0919,0.0000,0.1086,20148,7,185482,0.1086,0.0000
486.57,0.9619,2753,0,60000,0.0459,0.9680,0.9745,2162,0,60000,0.0360,0.9922,0.0919,17051,7,185482,0.0919,0.0000,0.1255,23286,8,185482,0.1255,0.0000
487.07,0.9619,2753,0,60000,0.0459,0.9680,0.9745,2162,0,60000,0.0360,0.9922,0.1053,19523,8,185482,0.1053,0.0000,0.1255,23286,8,185482,0.1255,0.0000
487.57,0.9619,2753,0,60000,0.0459,0.9680,0.9745,2162,0,60000,0.0360,0.9922,0.1053,19523,8,185482,0.1053,0.0000,0.1255,23286,8,185482,0.1255,0.0000
488.07,0.9619,2753,0,60000,0.0459,0.9680,0.9745,2162,0,60000,0.0360,0.9922,0.1070,19843,8,185482,0.1070,0.0000,0.1273,23606,8,185482,0.1273,0.0000
488.57,0.9634,37,0,60000,0.0006,0.7551,0.9745,2162,0,60000,0.0360,0.9922,0.1070,19843,8,185482,0.1070,0.0000,0.1273,23606,8,185482,0.1273,0.0000
489.07,0.9634,37,0,60000,0.0006,0.7551,0.9745,2162,0,60000,0.0360,0.9922,0.1091,20231,9,185482,0.1091,0.0000,0.1098,20357,7,185482,0.1098,0.0000
489.57,0.9634,37,0,60000,0.0006,0.7551,0.9745,2162,0,60000,0.0360,0.9922,0.1091,20231,9,185482,0.1091,0.0000,0.1098,20357,7,185482,0.1098,0.0000
490.07,0.9634,37,0,60000,0.0006,0.7551,0.9745,2162,0,60000,0.0360,0.9922,0.1091,20231,9,185482,0.1091,0.0000,0.0896,16622,6,185482,0.0896,0.0000
490.57,0.9634,37,0,60000,0.0006,0.7551,0.9745,2162,0,60000,0.0360,0.9922,0.1110,20591,9,185482,0.1110,0.0000,0.0896,16622,6,185482,0.0896,0.0000
491.07,0.9634,37,0,60000,0.0006,0.7551,0.9745,2162,0,60000,0.0360,0.9922,0.1110,20591,9,185482,0.1110,0.0000,0.0909,16862,6,185482,0.0909,0.0000
491.57,0.9634,37,0,60000,0.0006,0.7551,0.9745,2162,0,60000,0.0360,0.9922,0.0986,18285,8,185482,0.0986,0.0000,0.0909,16862,6,185482,0.0909,0.0000
492.07,0.9634,37,0,60000,0.0006,0.7551,0.9745,2162,0,60000,0.0360,0.9922,0.0986,18285,8,185482,0.0986,0.0000,0.0922,17102,6,185482,0.0922,0.0000
492.57,0.9634,37,0,60000,0.0006,0.7551,0.9748,37,0,60000,0.0006,0.2741,0.0884,16395,7,185482,0.0884,0.0000,0.0922,17102,6,185482,0.0922,0.0000
493.07,0.9636,2066,0,60000,0.0344,0.5144,0.9748,37,0,60000,0.0006,0.2741,0.0884,16395,7,185482,0.0884,0.0000,0.0922,17102,6,185482,0.0922,0.0000
493.57,0.9636,2066,0,60000,0.0344,0.5144,0.9748,37,0,60000,0.0006,0.2741,0.1117,20720,9,185482,0.1117,0.0000,0.0616,11429,6,185482,0.0616,0.0000
494.07,0.9972,36,0,60000,0.0006,0.3564,0.9546,2639,0,60000,0.0440,0.9899,0.1117,20720,9,185482,0.1117,0.0000,0.0616,11429,6,185482,0.0616,0.0000
494.57,0.9972,36,0,60000,0.0006,0.3564,0.9546,2639,0,60000,0.0440,0.9899,0.1117,20720,9,185482,0.1117,0.0000,0.0552,10231,5,185482,0.0552,0.0000
495.07,0.9972,36,0,60000,0.0006,0.3564,0.9546,2639,0,60000,0.0440,0.9899,0.1154,21401,10,185482,0.1154,0.0000,0.0552,10231,5,185482,0.0552,0.0000
495.57,0.9972,36,0,60000,0.0006,0.3564,0.9546,2639,0,60000,0.0440,0.9899,0.1154,21401,10,185482,0.1154,0.0000,0.0355,6580,4,185482,0.0355,0.0000
496.07,0.9972,36,0,60000,0.0006,0.3564,0.9546,2639,0,60000,0.0440,0.9899,0.0986,18280,9,185482,0.0986,0.0000,0.0355,6580,4,185482,0.0355,0.0000
496.57,0.9972,36,0,60000,0.0006,0.3564,0.9551,36,0,60000,0.0006,0.0563,0.0986,18280,9,185482,0.0986,0.0000,0.0363,6740,4,185482,0.0363,0.0000
497.07,0.9430,1426,0,60000,0.0238,0.9917,0.9551,36,0,60000,0.0006,0.0563,0.0942,17464,9,185482,0.0942,0.0000,0.0363,6740,4,185482,0.0363,0.0000
497.57,0.9430,1426,0,60000,0.0238,0.9917,0.9551,36,0,60000,0.0006,0.0563,0.0942,17464,9,185482,0.0942,0.0000,0.0372,6900,4,185482,0.0372,0.0000
498.07,0.9430,1426,0,60000,0.0238,0.9917,0.9009,3841,0,60000,0.0640,0.9956,0.1040,19295,10,185482,0.1040,0.0000,0.0372,6900,4,185482,0.0372,0.0000
498.57,0.9430,1426,0,60000,0.0238,0.9917,0.9009,3841,0,60000,0.0640,0.9956,0.1040,19295,10,185482,0.1040,0.0000,0.0381,7060,4,185482,0.0381,0.0000
499.07,0.9025,3517,0,60000,0.0586,0.9769,0.9009,3841,0,60000,0.0640,0.9956,0.1040,19295,10,185482,0.1040,0.0000,0.0381,7060,4,185482,0.0381,0.0000
499.57,0.9025,3517,0,60000,0.0586,0.9769,0.9009,3841,0,60000,0.0640,0.9956,0.1062,19704,9,185482,0.1062,0.0000,0.0584,10826,5,185482,0.0584,0.0000
500.07,0.9025,3517,0,60000,0.0586,0.9769,0.9009,3841,0,60000,0.0640,0.9956,0.1062,19704,9,185482,0.1062,0.0000,0.0584,10826,5,185482,0.0584,0.0000
500.57,0.9025,3517,0,60000,0.0586,0.9769,0.9009,3841,0,60000,0.0640,0.9956,0.1082,20064,9,185482,0.1082,0.0000,0.0594,11026,5,185482,0.0594,0.0000
501.07,0.9025,3517,0,60000,0.0586,0.9769,0.9009,3841,0,60000,0.0640,0.9956,0.1082,20064,9,185482,0.1082,0.0000,0.0594,11026,5,185482,0.0594,0.0000
501.57,0.9025,3517,0,60000,0.0586,0.9769,0.9072,395,0,60000,0.0066,0.9472,0.0955,17712,8,185482,0.0955,0.0000,0.0628,11643,5,185482,0.0628,0.0000
502.07,0.9025,3517,0,60000,0.0586,0.9769,0.9585,3430,0,60000,0.0572,0.9959,0.0955,17712,8,185482,0.0955,0.0000,0.0628,11643,5,185482,0.0628,0.0000
502.57,0.9025,3517,0,60000,0.0586,0.9769,0.9585,3430,0,60000,0.0572,0.9959,0.0972,18032,8,185482,0.0972,0.0000,0.0799,14816,6,185482,0.0799,0.0000
503.07,0.9025,3517,0,60000,0.0586,0.9769,0.9585,3430,0,60000,0.0572,0.9959,0.0972,18032,8,185482,0.0972,0.0000,0.0799,14816,6,185482,0.0799,0.0000
503.57,0.9025,3517,0,60000,0.0586,0.9769,0.9585,3430,0,60000,0.0572,0.9959,0.0989,18352,8,185482,0.0989,0.0000,0.0812,15056,6,185482,0.0812,0.0000
504.07,0.9025,3517,0,60000,0.0586,0.9769,0.9157,2691,0,60000,0.0449,0.9923,0.0989,18352,8,185482,0.0989,0.0000,0.0812,15056,6,185482,0.0812,0.0000
504.57,0.9025,3517,0,60000,0.0586,0.9769,0.9218,481,0,60000,0.0080,0.9601,0.0989,18352,8,185482,0.0989,0.0000,0.0971,18019,7,185482,0.0971,0.0000
505.07,0.9025,3517,0,60000,0.0586,0.9769,0.9218,481,0,60000,0.0080,0.9601,0.0981,18189,7,185482,0.0981,0.0000,0.0971,18019,7,185482,0.0971,0.0000
505.57,0.9025,3517,0,60000,0.0586,0.9769,0.9218,481,0,60000,0.0080,0.9601,0.0981,18189,7,185482,0.0981,0.0000,0.0823,15256,7,185482,0.0823,0.0000
506.07,0.9025,3517,0,60000,0.0586,0.9769,0.9218,481,0,60000,0.0080,0.9601,0.0996,18469,7,185482,0.0996,0.0000,0.0823,15256,7,185482,0.0823,0.0000
506.57,0.9025,3517,0,60000,0.0586,0.9769,0.9218,481,0,60000,0.0080,0.9601,0.0996,18469,7,185482,0.0996,0.0000,0.0838,15536,7,185482,0.0838,0.0000
507.07,0.9099,460,0,60000,0.0077,0.9504,0.9222,36,0,60000,0.0006,0.5217,0.1011,18749,7,185482,0.1011,0.0000,0.0838,15536,7,185482,0.0838,0.0000
507.57,0.9099,460,0,60000,0.0077,0.9504,0.9582,3540,0,60000,0.0590,0.9924,0.1011,18749,7,185482,0.1011,0.0000,0.0838,15536,7,185482,0.0838,0.0000
508.07,0.9099,460,0,60000,0.0077,0.9504,0.9582,3540,0,60000,0.0590,0.9924,0.1246,23108,8,185482,0.1246,0.0000,0.0670,12422,7,185482,0.0670,0.0000
508.57,0.9099,460,0,60000,0.0077,0.9504,0.9582,3540,0,60000,0.0590,0.9924,0.1246,23108,8,185482,0.1246,0.0000,0.0670,12422,7,185482,0.0670,0.0000
509.07,0.9099,460,0,60000,0.0077,0.9504,0.9582,3540,0,60000,0.0590,0.9924,0.1265,23468,9,185482,0.1265,0.0000,0.0685,12702,7,185482,0.0685,0.0000
509.57,0.9099,460,0,60000,0.0077,0.9504,0.9582,3540,0,60000,0.0590,0.9924,0.1265,23468,9,185482,0.1265,0.0000,0.0685,12702,7,185482,0.0685,0.0000
510.07,0.9099,460,0,60000,0.0077,0.9504,0.9582,3540,0,60000,0.0590,0.9924,0.1265,23468,9,185482,0.1265,0.0000,0.0700,12982,7,185482,0.0700,0.0000
510.57,0.9099,460,0,60000,0.0077,0.9504,0.9582,3540,0,60000,0.0590,0.9924,0.1285,23828,9,185482,0.1285,0.0000,0.0700,12982,7,185482,0.0700,0.0000
511.07,0.9099,460,0,60000,0.0077,0.9504,0.9582,3540,0,60000,0.0590,0.9924,0.1285,23828,9,185482,0.1285,0.0000,0.0715,13262,7,185482,0.0715,0.0000
511.57,0.9099,460,0,60000,0.0077,0.9504,0.9582,3540,0,60000,0.0590,0.9924,0.1202,22290,7,185482,0.1202,0.0000,0.0715,13262,7,185482,0.0715,0.0000
512.07,0.9099,460,0,60000,0.0077,0.9504,0.9582,3540,0,60000,0.0590,0.9924,0.1202,22290,7,185482,0.1202,0.0000,0.0730,13542,7,185482,0.0730,0.0000
512.57,0.9099,460,0,60000,0.0077,0.9504,0.9595,87,0,60000,0.0014,0.1748,0.1017,18871,7,185482,0.1017,0.0000,0.0730,13542,7,185482,0.0730,0.0000
513.07,0.9099,460,0,60000,0.0077,0.9504,0.9595,87,0,60000,0.0014,0.1748,0.1017,18871,7,185482,0.1017,0.0000,0.0581,10779,6,185482,0.0581,0.0000
513.57,0.9103,36,0,60000,0.0006,0.0739,0.9595,87,0,60000,0.0014,0.1748,0.0808,14993,7,185482,0.0808,0.0000,0.0581,10779,6,185482,0.0581,0.0000
514.07,0.9285,703,0,60000,0.0117,0.9591,0.9595,87,0,60000,0.0014,0.1748,0.0808,14993,7,185482,0.0808,0.0000,0.0621,11513,7,185482,0.0621,0.0000
514.57,0.9285,703,0,60000,0.0117,0.9591,0.9712,1175,0,60000,0.0196,0.9615,0.0808,14993,7,185482,0.0808,0.0000,0.0621,11513,7,185482,0.0621,0.0000
515.07,0.9285,703,0,60000,0.0117,0.9591,0.9712,1175,0,60000,0.0196,0.9615,0.0823,15273,7,185482,0.0823,0.0000,0.0695,12888,8,185482,0.0695,0.0000
515.57,0.9285,703,0,60000,0.0117,0.9591,0.9712,1175,0,60000,0.0196,0.9615,0.0823,15273,7,185482,0.0823,0.0000,0.0695,12888,8,185482,0.0695,0.0000
516.07,0.9285,703,0,60000,0.0117,0.9591,0.9712,1175,0,60000,0.0196,0.9615,0.0839,15553,7,185482,0.0839,0.0000,0.0712,13208,8,185482,0.0712,0.0000
516.57,0.9285,703,0,60000,0.0117,0.9591,0.9712,1175,0,60000,0.0196,0.9615,0.0839,15553,7,185482,0.0839,0.0000,0.0712,13208,8,185482,0.0712,0.0000
517.07,0.9285,703,0,60000,0.0117,0.9591,0.9712,1175,0,60000,0.0196,0.9615,0.0854,15833,7,185482,0.0854,0.0000,0.0729,13528,8,185482,0.0729,0.0000
517.57,0.9427,889,0,60000,0.0148,0.9823,0.9712,1175,0,60000,0.0196,0.9615,0.0854,15833,7,185482,0.0854,0.0000,0.0729,13528,8,185482,0.0729,0.0000
518.07,0.9427,889,0,60000,0.0148,0.9823,0.9712,1175,0,60000,0.0196,0.9615,0.0918,17031,8,185482,0.0918,0.0000,0.0747,13848,8,185482,0.0747,0.0000
518.57,0.9427,889,0,60000,0.0148,0.9823,0.9720,36,0,60000,0.0006,0.5902,0.0918,17031,8,185482,0.0918,0.0000,0.0747,13848,8,185482,0.0747,0.0000
519.07,0.9427,889,0,60000,0.0148,0.9823,0.9720,36,0,60000,0.0006,0.5902,0.0649,12037,7,185482,0.0649,0.0000,0.0747,13848,8,185482,0.0747,0.0000
519.57,0.9427,889,0,60000,0.0148,0.9823,0.9720,36,0,60000,0.0006,0.5902,0.0649,12037,7,185482,0.0649,0.0000,0.0764,14168,8,185482,0.0764,0.0000
520.07,0.9427,889,0,60000,0.0148,0.9823,0.9724,36,0,60000,0.0006,0.5070,0.0546,10124,7,185482,0.0546,0.0000,0.0764,14168,8,185482,0.0764,0.0000
520.57,0.9427,889,0,60000,0.0148,0.9823,0.9724,36,0,60000,0.0006,0.5070,0.0546,10124,7,185482,0.0546,0.0000,0.0781,14488,8,185482,0.0781,0.0000
521.07,0.9427,889,0,60000,0.0148,0.9823,0.9724,36,0,60000,0.0006,0.5070,0.0561,10404,7,185482,0.0561,0.0000,0.0781,14488,8,185482,0.0781,0.0000
521.57,0.9427,889,0,60000,0.0148,0.9823,0.9775,36,0,60000,0.0006,0.3913,0.0561,10404,7,185482,0.0561,0.0000,0.0798,14808,8,185482,0.0798,0.0000
522.07,0.9427,889,0,60000,0.0148,0.9823,0.9775,36,0,60000,0.0006,0.3913,0.0609,11289,9,185482,0.0609,0.0000,0.0798,14808,8,185482,0.0798,0.0000
522.57,0.9427,889,0,60000,0.0148,0.9823,0.9784,36,0,60000,0.0006,0.6667,0.0609,11289,9,185482,0.0609,0.0000,0.0577,10699,8,185482,0.0577,0.0000
523.07,0.9427,889,0,60000,0.0148,0.9823,0.9784,36,0,60000,0.0006,0.6667,0.0427,7923,8,185482,0.0427,0.0000,0.0577,10699,8,185482,0.0577,0.0000
523.57,0.9427,889,0,60000,0.0148,0.9823,0.9784,36,0,60000,0.0006,0.6667,0.0427,7923,8,185482,0.0427,0.0000,0.0594,11019,8,185482,0.0594,0.0000
524.07,0.9427,889,0,60000,0.0148,0.9823,0.9784,36,0,60000,0.0006,0.6667,0.0444,8243,8,185482,0.0444,0.0000,0.0594,11019,8,185482,0.0594,0.0000
524.57,0.9427,889,0,60000,0.0148,0.9823,0.9784,36,0,60000,0.0006,0.6667,0.0444,8243,8,185482,0.0444,0.0000,0.0604,11202,7,185482,0.0604,0.0000
525.07,0.9427,889,0,60000,0.0148,0.9823,0.9784,36,0,60000,0.0006,0.6667,0.0444,8243,8,185482,0.0444,0.0000,0.0604,11202,7,185482,0.0604,0.0000
525.57,0.9427,889,0,60000,0.0148,0.9823,0.9784,36,0,60000,0.0006,0.6667,0.0462,8563,8,185482,0.0462,0.0000,0.0619,11482,7,185482,0.0619,0.0000
526.07,0.9427,889,0,60000,0.0148,0.9823,0.9784,36,0,60000,0.0006,0.6667,0.0462,8563,8,185482,0.0462,0.0000,0.0619,11482,7,185482,0.0619,0.0000
526.57,0.9427,889,0,60000,0.0148,0.9823,0.9784,36,0,60000,0.0006,0.6667,0.0479,8883,8,185482,0.0479,0.0000,0.0562,10427,6,185482,0.0562,0.0000
527.07,0.9429,36,0,60000,0.0006,0.6000,0.9796,106,0,60000,0.0018,0.7518,0.0479,8883,8,185482,0.0479,0.0000,0.0562,10427,6,185482,0.0562,0.0000
527.57,0.9429,36,0,60000,0.0006,0.6000,0.9796,106,0,60000,0.0018,0.7518,0.0505,9362,9,185482,0.0505,0.0000,0.0266,4927,5,185482,0.0266,0.0000
528.07,0.9429,36,0,60000,0.0006,0.6000,0.9796,106,0,60000,0.0018,0.7518,0.0505,9362,9,185482,0.0505,0.0000,0.0266,4927,5,185482,0.0266,0.0000
528.57,0.9433,37,0,60000,0.0006,0.2067,0.9796,106,0,60000,0.0018,0.7518,0.0524,9722,9,185482,0.0524,0.0000,0.0286,5306,5,185482,0.0286,0.0000
529.07,0.9433,37,0,60000,0.0006,0.2067,0.9802,501,0,60000,0.0083,0.3790,0.0524,9722,9,185482,0.0524,0.0000,0.0286,5306,5,185482,0.0286,0.0000
529.57,0.9433,37,0,60000,0.0006,0.2067,0.9802,501,0,60000,0.0083,0.3790,0.0308,5715,8,185482,0.0308,0.0000,0.0371,6890,7,185482,0.0371,0.0000
530.07,0.9433,37,0,60000,0.0006,0.2067,0.9802,501,0,60000,0.0083,0.3790,0.0308,5715,8,185482,0.0308,0.0000,0.0371,6890,7,185482,0.0371,0.0000
530.57,0.9683,1406,0,60000,0.0234,0.9839,0.9802,501,0,60000,0.0083,0.3790,0.0300,5557,7,185482,0.0300,0.0000,0.0325,6036,6,185482,0.0325,0.0000
531.07,0.9683,1406,0,60000,0.0234,0.9839,0.9802,501,0,60000,0.0083,0.3790,0.0300,5557,7,185482,0.0300,0.0000,0.0325,6036,6,185482,0.0325,0.0000
531.57,0.9683,1406,0,60000,0.0234,0.9839,0.9802,501,0,60000,0.0083,0.3790,0.0315,5846,7,185482,0.0315,0.0000,0.0338,6276,6,185482,0.0338,0.0000
532.07,0.9683,1406,0,60000,0.0234,0.9839,0.9802,501,0,60000,0.0083,0.3790,0.0315,5846,7,185482,0.0315,0.0000,0.0338,6276,6,185482,0.0338,0.0000
532.57,0.9683,1406,0,60000,0.0234,0.9839,0.9637,444,0,60000,0.0074,0.8988,0.0282,5230,6,185482,0.0282,0.0000,0.0321,5950,5,185482,0.0321,0.0000
533.07,0.9683,1406,0,60000,0.0234,0.9839,0.9637,444,0,60000,0.0074,0.8988,0.0282,5230,6,185482,0.0282,0.0000,0.0321,5950,5,185482,0.0321,0.0000
533.57,0.9683,1406,0,60000,0.0234,0.9839,0.9827,1126,0,60000,0.0188,0.9591,0.0295,5470,6,185482,0.0295,0.0000,0.0474,8788,6,185482,0.0474,0.0000
534.07,0.9683,1406,0,60000,0.0234,0.9839,0.9695,2543,0,60000,0.0424,0.9867,0.0295,5470,6,185482,0.0295,0.0000,0.0474,8788,6,185482,0.0474,0.0000
534.57,0.9851,1022,0,60000,0.0170,0.9706,0.9695,2543,0,60000,0.0424,0.9867,0.0140,2595,3,185482,0.0140,0.0000,0.0350,6491,6,185482,0.0350,0.0000
535.07,0.9851,1022,0,60000,0.0170,0.9706,0.9695,2543,0,60000,0.0424,0.9867,0.0140,2595,3,185482,0.0140,0.0000,0.0350,6491,6,185482,0.0350,0.0000
535.57,0.9845,890,0,60000,0.0148,0.9716,0.9695,2543,0,60000,0.0424,0.9867,0.0204,3787,4,185482,0.0204,0.0000,0.0413,7658,7,185482,0.0413,0.0000
536.07,0.9845,890,0,60000,0.0148,0.9716,0.9695,2543,0,60000,0.0424,0.9867,0.0204,3787,4,185482,0.0204,0.0000,0.0413,7658,7,185482,0.0413,0.0000
536.57,0.9845,890,0,60000,0.0148,0.9716,0.9943,1583,0,60000,0.0264,0.9728,0.0213,3947,4,185482,0.0213,0.0000,0.0341,6332,6,185482,0.0341,0.0000
537.07,0.9696,1973,0,60000,0.0329,0.8421,0.9943,1583,0,60000,0.0264,0.9728,0.0213,3947,4,185482,0.0213,0.0000,0.0341,6332,6,185482,0.0341,0.0000
537.57,0.9573,1507,0,60000,0.0251,0.9824,0.9943,1583,0,60000,0.0264,0.9728,0.0312,5794,6,185482,0.0312,0.0000,0.0597,11065,9,185482,0.0597,0.0000
538.07,0.9573,1507,0,60000,0.0251,0.9824,0.9943,1583,0,60000,0.0264,0.9728,0.0312,5794,6,185482,0.0312,0.0000,0.0597,11065,9,185482,0.0597,0.0000
538.57,0.9577,0,0,60000,0.0000,0.0000,0.9946,0,0,60000,0.0000,0.0000,0.0325,6034,6,185482,0.0325,0.0000,0.0509,9440,7,185482,0.0509,0.0000
539.07,0.9577,0,0,60000,0.0000,0.0000,0.9901,1568,0,60000,0.0261,0.9769,0.0325,6034,6,185482,0.0325,0.0000,0.0509,9440,7,185482,0.0509,0.0000
539.57,0.9577,0,0,60000,0.0000,0.0000,0.9901,1568,0,60000,0.0261,0.9769,0.0425,7892,7,185482,0.0425,0.0000,0.0509,9440,7,185482,0.0509,0.0000
540.07,0.9577,0,0,60000,0.0000,0.0000,0.9901,1568,0,60000,0.0261,0.9769,0.0425,7892,7,185482,0.0425,0.0000,0.0491,9101,6,185482,0.0491,0.0000
540.57,0.9715,1317,0,60000,0.0220,0.9720,0.9901,1568,0,60000,0.0261,0.9769,0.0292,5416,4,185482,0.0292,0.0000,0.0491,9101,6,185482,0.0491,0.0000
541.07,0.9728,1911,0,60000,0.0319,0.5397,0.9901,1568,0,60000,0.0261,0.9769,0.0292,5416,4,185482,0.0292,0.0000,0.0544,10092,5,185482,0.0544,0.0000
541.57,0.9728,1911,0,60000,0.0319,0.5397,0.9901,1568,0,60000,0.0261,0.9769,0.0301,5576,4,185482,0.0301,0.0000,0.0544,10092,5,185482,0.0544,0.0000
542.07,0.9728,1911,0,60000,0.0319,0.5397,0.9901,1568,0,60000,0.0261,0.9769,0.0301,5576,4,185482,0.0301,0.0000,0.0618,11456,7,185482,0.0618,0.0000
542.57,0.9728,1911,0,60000,0.0319,0.5397,0.9881,1387,0,60000,0.0231,0.9729,0.0309,5736,4,185482,0.0309,0.0000,0.0618,11456,7,185482,0.0618,0.0000
543.07,0.9452,1260,0,60000,0.0210,0.9231,0.9913,674,0,60000,0.0112,0.9642,0.0309,5736,4,185482,0.0309,0.0000,0.0667,12368,8,185482,0.0667,0.0000
543.57,0.9452,1260,0,60000,0.0210,0.9231,0.9913,674,0,60000,0.0112,0.9642,0.0349,6479,4,185482,0.0349,0.0000,0.0667,12368,8,185482,0.0667,0.0000
544.07,0.9452,1260,0,60000,0.0210,0.9231,0.9913,674,0,60000,0.0112,0.9642,0.0349,6479,4,185482,0.0349,0.0000,0.0793,14700,10,185482,0.0793,0.0000
544.57,0.9452,1260,0,60000,0.0210,0.9231,0.9913,674,0,60000,0.0112,0.9642,0.0360,6677,5,185482,0.0360,0.0000,0.0793,14700,10,185482,0.0793,0.0000
545.07,0.9452,1260,0,60000,0.0210,0.9231,0.9913,674,0,60000,0.0112,0.9642,0.0360,6677,5,185482,0.0360,0.0000,0.0814,15100,10,185482,0.0814,0.0000
545.57,0.9452,1260,0,60000,0.0210,0.9231,0.9913,674,0,60000,0.0112,0.9642,0.0371,6877,5,185482,0.0371,0.0000,0.0814,15100,10,185482,0.0814,0.0000
546.07,0.9618,928,0,60000,0.0155,0.8383,0.9913,674,0,60000,0.0112,0.9642,0.0371,6877,5,185482,0.0371,0.0000,0.0836,15500,10,185482,0.0836,0.0000
546.57,0.9618,928,0,60000,0.0155,0.8383,0.9913,674,0,60000,0.0112,0.9642,0.0442,8197,6,185482,0.0442,0.0000,0.0836,15500,10,185482,0.0836,0.0000
547.07,0.9618,928,0,60000,0.0155,0.8383,0.9913,674,0,60000,0.0112,0.9642,0.0442,8197,6,185482,0.0442,0.0000,0.0857,15900,10,185482,0.0857,0.0000
547.57,0.9618,928,0,60000,0.0155,0.8383,0.9913,674,0,60000,0.0112,0.9642,0.0455,8437,6,185482,0.0455,0.0000,0.0857,15900,10,185482,0.0857,0.0000
548.07,0.9618,928,0,60000,0.0155,0.8383,0.9913,674,0,60000,0.0112,0.9642,0.0455,8437,6,185482,0.0455,0.0000,0.0857,15900,10,185482,0.0857,0.0000
548.57,0.9618,928,0,60000,0.0155,0.8383,0.9913,674,0,60000,0.0112,0.9642,0.0468,8677,6,185482,0.0468,0.0000,0.0879,16300,10,185482,0.0879,0.0000
549.07,0.9618,928,0,60000,0.0155,0.8383,0.9913,674,0,60000,0.0112,0.9642,0.0468,8677,6,185482,0.0468,0.0000,0.0879,16300,10,185482,0.0879,0.0000
549.57,0.9618,928,0,60000,0.0155,0.8383,0.9913,674,0,60000,0.0112,0.9642,0.0481,8917,6,185482,0.0481,0.0000,0.0900,16700,10,185482,0.0900,0.0000
550.07,0.9647,38,0,60000,0.0006,0.1293,0.9913,674,0,60000,0.0112,0.9642,0.0481,8917,6,185482,0.0481,0.0000,0.0900,16700,10,185482,0.0900,0.0000
550.57,0.9647,38,0,60000,0.0006,0.1293,0.9913,674,0,60000,0.0112,0.9642,0.0450,8347,6,185482,0.0450,0.0000,0.0726,13469,8,185482,0.0726,0.0000
551.07,0.9647,38,0,60000,0.0006,0.1293,0.9913,674,0,60000,0.0112,0.9642,0.0450,8347,6,185482,0.0450,0.0000,0.0726,13469,8,185482,0.0726,0.0000
551.57,0.9647,38,0,60000,0.0006,0.1293,0.9913,674,0,60000,0.0112,0.9642,0.0342,6340,5,185482,0.0342,0.0000,0.0743,13789,8,185482,0.0743,0.0000
552.07,0.9647,38,0,60000,0.0006,0.1293,0.9913,674,0,60000,0.0112,0.9642,0.0342,6340,5,185482,0.0342,0.0000,0.0743,13789,8,185482,0.0743,0.0000
552.57,0.9647,38,0,60000,0.0006,0.1293,0.9913,674,0,60000,0.0112,0.9642,0.0353,6540,5,185482,0.0353,0.0000,0.0761,14109,8,185482,0.0761,0.0000
553.07,0.9966,1103,0,60000,0.0184,0.9839,0.9913,674,0,60000,0.0112,0.9642,0.0353,6540,5,185482,0.0353,0.0000,0.0761,14109,8,185482,0.0761,0.0000
553.57,0.9966,1103,0,60000,0.0184,0.9839,0.9831,2215,0,60000,0.0369,0.9893,0.0445,8260,6,185482,0.0445,0.0000,0.0740,13730,8,185482,0.0740,0.0000
554.07,0.9966,1103,0,60000,0.0184,0.9839,0.9831,2215,0,60000,0.0369,0.9893,0.0445,8260,6,185482,0.0445,0.0000,0.0740,13730,8,185482,0.0740,0.0000
554.57,0.9966,1103,0,60000,0.0184,0.9839,0.9831,2215,0,60000,0.0369,0.9893,0.0580,10760,7,185482,0.0580,0.0000,0.0639,11849,7,185482,0.0639,0.0000
555.08,0.9966,1103,0,60000,0.0184,0.9839,0.9831,2215,0,60000,0.0369,0.9893,0.0580,10760,7,185482,0.0580,0.0000,0.0639,11849,7,185482,0.0639,0.0000
555.58,0.9966,1103,0,60000,0.0184,0.9839,0.9831,2215,0,60000,0.0369,0.9893,0.0595,11040,7,185482,0.0595,0.0000,0.0505,9370,5,185482,0.0505,0.0000
556.08,0.9966,1103,0,60000,0.0184,0.9839,0.9831,2215,0,60000,0.0369,0.9893,0.0595,11040,7,185482,0.0595,0.0000,0.0505,9370,5,185482,0.0505,0.0000
556.58,0.9700,1818,0,60000,0.0303,0.7953,0.9831,2215,0,60000,0.0369,0.9893,0.0486,9022,6,185482,0.0486,0.0000,0.0640,11862,6,185482,0.0640,0.0000
557.08,0.9700,1818,0,60000,0.0303,0.7953,0.9561,2169,0,60000,0.0362,0.9859,0.0486,9022,6,185482,0.0486,0.0000,0.0640,11862,6,185482,0.0640,0.0000
557.58,0.9700,1818,0,60000,0.0303,0.7953,0.9561,2169,0,60000,0.0362,0.9859,0.0499,9262,6,185482,0.0499,0.0000,0.0640,11862,6,185482,0.0640,0.0000
558.08,0.9700,1818,0,60000,0.0303,0.7953,0.9835,2700,0,60000,0.0450,0.9891,0.0499,9262,6,185482,0.0499,0.0000,0.0772,14327,7,185482,0.0772,0.0000
558.58,0.9700,1818,0,60000,0.0303,0.7953,0.9835,2700,0,60000,0.0450,0.9891,0.0512,9502,6,185482,0.0512,0.0000,0.0772,14327,7,185482,0.0772,0.0000
559.08,0.9603,2276,0,60000,0.0379,0.9913,0.9835,2700,0,60000,0.0450,0.9891,0.0512,9502,6,185482,0.0512,0.0000,0.0936,17364,8,185482,0.0936,0.0000
559.58,0.9603,2276,0,60000,0.0379,0.9913,0.9835,2700,0,60000,0.0450,0.9891,0.0453,8405,5,185482,0.0453,0.0000,0.0936,17364,8,185482,0.0936,0.0000
560.08,0.9603,2276,0,60000,0.0379,0.9913,0.9835,2700,0,60000,0.0450,0.9891,0.0453,8405,5,185482,0.0453,0.0000,0.1079,20016,9,185482,0.1079,0.0000
560.58,0.9603,2276,0,60000,0.0379,0.9913,0.9835,2700,0,60000,0.0450,0.9891,0.0360,6683,4,185482,0.0360,0.0000,0.1079,20016,9,185482,0.1079,0.0000
561.08,0.9603,2276,0,60000,0.0379,0.9913,0.9835,2700,0,60000,0.0450,0.9891,0.0360,6683,4,185482,0.0360,0.0000,0.1099,20384,10,185482,0.1099,0.0000
561.58,0.9817,1301,0,60000,0.0217,0.9804,0.9835,2700,0,60000,0.0450,0.9891,0.0369,6843,4,185482,0.0369,0.0000,0.1099,20384,10,185482,0.1099,0.0000
562.08,0.9817,1301,0,60000,0.0217,0.9804,0.9835,2700,0,60000,0.0450,0.9891,0.0369,6843,4,185482,0.0369,0.0000,0.1042,19331,9,185482,0.1042,0.0000
562.58,0.9817,1301,0,60000,0.0217,0.9804,0.9835,2700,0,60000,0.0450,0.9891,0.0451,8358,5,185482,0.0451,0.0000,0.1042,19331,9,185482,0.1042,0.0000
563.08,0.9817,1301,0,60000,0.0217,0.9804,0.9838,976,0,60000,0.0163,0.4907,0.0451,8358,5,185482,0.0451,0.0000,0.1042,19331,9,185482,0.1042,0.0000
563.58,0.9817,1301,0,60000,0.0217,0.9804,0.9838,976,0,60000,0.0163,0.4907,0.0461,8558,5,185482,0.0461,0.0000,0.0990,18359,8,185482,0.0990,0.0000
564.08,0.9817,1301,0,60000,0.0217,0.9804,0.9838,976,0,60000,0.0163,0.4907,0.0461,8558,5,185482,0.0461,0.0000,0.0990,18359,8,185482,0.0990,0.0000
564.58,0.9817,1301,0,60000,0.0217,0.9804,0.9838,976,0,60000,0.0163,0.4907,0.0373,6918,4,185482,0.0373,0.0000,0.1009,18715,9,185482,0.1009,0.0000
565.08,0.9817,1301,0,60000,0.0217,0.9804,0.9647,1441,0,60000,0.0240,0.9856,0.0373,6918,4,185482,0.0373,0.0000,0.1009,18715,9,185482,0.1009,0.0000
565.58,0.9817,1301,0,60000,0.0217,0.9804,0.9647,1441,0,60000,0.0240,0.9856,0.0382,7078,4,185482,0.0382,0.0000,0.0969,17967,9,185482,0.0969,0.0000
566.08,0.9817,1301,0,60000,0.0217,0.9804,0.9357,3300,0,60000,0.0550,0.9851,0.0382,7078,4,185482,0.0382,0.0000,0.0969,17967,9,185482,0.0969,0.0000
566.58,0.9817,1301,0,60000,0.0217,0.9804,0.9357,3300,0,60000,0.0550,0.9851,0.0390,7238,4,185482,0.0390,0.0000,0.1170,21694,10,185482,0.1170,0.0000
567.08,0.9817,1301,0,60000,0.0217,0.9804,0.9652,1811,0,60000,0.0302,0.9902,0.0390,7238,4,185482,0.0390,0.0000,0.1170,21694,10,185482,0.1170,0.0000
567.58,0.9817,1301,0,60000,0.0217,0.9804,0.9652,1811,0,60000,0.0302,0.9902,0.0445,8257,4,185482,0.0445,0.0000,0.1170,21694,10,185482,0.1170,0.0000
568.08,0.9563,2557,0,60000,0.0426,0.9876,0.9652,1811,0,60000,0.0302,0.9902,0.0445,8257,4,185482,0.0445,0.0000,0.1191,22094,10,185482,0.1191,0.0000
568.58,0.9563,2557,0,60000,0.0426,0.9876,0.9652,1811,0,60000,0.0302,0.9902,0.0454,8417,4,185482,0.0454,0.0000,0.1191,22094,10,185482,0.1191,0.0000
569.08,0.9563,2557,0,60000,0.0426,0.9876,0.9652,1811,0,60000,0.0302,0.9902,0.0454,8417,4,185482,0.0454,0.0000,0.1229,22800,10,185482,0.1229,0.0000
569.58,0.9563,2557,0,60000,0.0426,0.9876,0.9652,1811,0,60000,0.0302,0.9902,0.0462,8577,4,185482,0.0462,0.0000,0.1229,22800,10,185482,0.1229,0.0000
570.08,0.9679,959,0,60000,0.0160,0.9766,0.9652,1811,0,60000,0.0302,0.9902,0.0462,8577,4,185482,0.0462,0.0000,0.1219,22602,9,185482,0.1219,0.0000
570.58,0.9679,959,0,60000,0.0160,0.9766,0.9652,1811,0,60000,0.0302,0.9902,0.0471,8737,4,185482,0.0471,0.0000,0.1219,22602,9,185482,0.1219,0.0000
571.08,0.9434,2278,0,60000,0.0380,0.9806,0.9652,1811,0,60000,0.0302,0.9902,0.0471,8737,4,185482,0.0471,0.0000,0.1244,23077,10,185482,0.1244,0.0000
571.58,0.9434,2278,0,60000,0.0380,0.9806,0.9655,36,0,60000,0.0006,0.4557,0.0485,8994,4,185482,0.0485,0.0000,0.1244,23077,10,185482,0.1244,0.0000
572.08,0.9434,2278,0,60000,0.0380,0.9806,0.9655,36,0,60000,0.0006,0.4557,0.0485,8994,4,185482,0.0485,0.0000,0.1244,23077,10,185482,0.1244,0.0000
572.58,0.9434,2278,0,60000,0.0380,0.9806,0.9655,36,0,60000,0.0006,0.4557,0.0494,9154,4,185482,0.0494,0.0000,0.1268,23512,11,185482,0.1268,0.0000
573.08,0.9694,1573,0,60000,0.0262,0.9801,0.9655,36,0,60000,0.0006,0.4557,0.0494,9154,4,185482,0.0494,0.0000,0.1268,23512,11,185482,0.1268,0.0000
573.58,0.9694,1573,0,60000,0.0262,0.9801,0.9655,36,0,60000,0.0006,0.4557,0.0590,10936,5,185482,0.0590,0.0000,0.1135,21060,10,185482,0.1135,0.0000
574.08,0.9699,36,0,60000,0.0006,0.0563,0.9655,36,0,60000,0.0006,0.4557,0.0590,10936,5,185482,0.0590,0.0000,0.1135,21060,10,185482,0.1135,0.0000
574.58,0.9699,36,0,60000,0.0006,0.0563,0.9655,36,0,60000,0.0006,0.4557,0.0636,11799,6,185482,0.0636,0.0000,0.0789,14639,7,185482,0.0789,0.0000
575.08,0.9699,36,0,60000,0.0006,0.0563,0.9655,36,0,60000,0.0006,0.4557,0.0636,11799,6,185482,0.0636,0.0000,0.0789,14639,7,185482,0.0789,0.0000
575.58,0.9800,36,0,60000,0.0006,0.0520,0.9655,36,0,60000,0.0006,0.4557,0.0649,12039,6,185482,0.0649,0.0000,0.0689,12787,6,185482,0.0689,0.0000
576.08,0.9800,36,0,60000,0.0006,0.0520,0.9435,2869,0,60000,0.0478,0.9825,0.0649,12039,6,185482,0.0649,0.0000,0.0689,12787,6,185482,0.0689,0.0000
576.58,0.9800,36,0,60000,0.0006,0.0520,0.9435,2869,0,60000,0.0478,0.9825,0.0662,12279,6,185482,0.0662,0.0000,0.0689,12787,6,185482,0.0689,0.0000
577.08,0.9800,36,0,60000,0.0006,0.0520,0.9543,2797,0,60000,0.0466,0.9887,0.0662,12279,6,185482,0.0662,0.0000,0.0863,16003,8,185482,0.0863,0.0000
577.58,0.9628,1783,0,60000,0.0297,0.9917,0.9543,2797,0,60000,0.0466,0.9887,0.0662,12279,6,185482,0.0662,0.0000,0.0863,16003,8,185482,0.0863,0.0000
578.08,0.9628,1783,0,60000,0.0297,0.9917,0.9543,2797,0,60000,0.0466,0.9887,0.0772,14327,7,185482,0.0772,0.0000,0.1034,19175,9,185482,0.1034,0.0000
578.58,0.9631,36,0,60000,0.0006,0.1059,0.9543,2797,0,60000,0.0466,0.9887,0.0772,14327,7,185482,0.0772,0.0000,0.1034,19175,9,185482,0.1034,0.0000
579.08,0.9631,36,0,60000,0.0006,0.1059,0.9543,2797,0,60000,0.0466,0.9887,0.0806,14956,8,185482,0.0806,0.0000,0.0954,17702,8,185482,0.0954,0.0000
579.58,0.9631,36,0,60000,0.0006,0.1059,0.9543,2797,0,60000,0.0466,0.9887,0.0806,14956,8,185482,0.0806,0.0000,0.0954,17702,8,185482,0.0954,0.0000
580.08,0.9631,36,0,60000,0.0006,0.1059,0.9543,2797,0,60000,0.0466,0.9887,0.0824,15276,8,185482,0.0824,0.0000,0.0972,18022,8,185482,0.0972,0.0000
580.58,0.9631,36,0,60000,0.0006,0.1059,0.9543,2797,0,60000,0.0466,0.9887,0.0824,15276,8,185482,0.0824,0.0000,0.0972,18022,8,185482,0.0972,0.0000
581.08,0.9631,36,0,60000,0.0006,0.1059,0.9543,2797,0,60000,0.0466,0.9887,0.0663,12296,7,185482,0.0663,0.0000,0.0989,18342,8,185482,0.0989,0.0000
581.58,0.9631,36,0,60000,0.0006,0.1059,0.9543,2797,0,60000,0.0466,0.9887,0.0663,12296,7,185482,0.0663,0.0000,0.0989,18342,8,185482,0.0989,0.0000
582.08,0.9631,36,0,60000,0.0006,0.1059,0.9543,2797,0,60000,0.0466,0.9887,0.0678,12576,7,185482,0.0678,0.0000,0.1006,18662,8,185482,0.1006,0.0000
582.58,0.9631,36,0,60000,0.0006,0.1059,0.9543,2797,0,60000,0.0466,0.9887,0.0678,12576,7,185482,0.0678,0.0000,0.1006,18662,8,185482,0.1006,0.0000
583.08,0.9426,3262,0,60000,0.0544,0.9924,0.9543,2797,0,60000,0.0466,0.9887,0.0693,12856,7,185482,0.0693,0.0000,0.1006,18662,8,185482,0.1006,0.0000
583.58,0.9426,3262,0,60000,0.0544,0.9924,0.9543,2797,0,60000,0.0466,0.9887,0.0693,12856,7,185482,0.0693,0.0000,0.1201,22269,8,185482,0.1201,0.0000
584.08,0.9426,3262,0,60000,0.0544,0.9924,0.9543,2797,0,60000,0.0466,0.9887,0.0623,11564,5,185482,0.0623,0.0000,0.1201,22269,8,185482,0.1201,0.0000
584.58,0.9426,3262,0,60000,0.0544,0.9924,0.9548,36,0,60000,0.0006,0.4932,0.0623,11564,5,185482,0.0623,0.0000,0.1220,22628,9,185482,0.1220,0.0000
585.08,0.9426,3262,0,60000,0.0544,0.9924,0.9548,36,0,60000,0.0006,0.4932,0.0383,7097,4,185482,0.0383,0.0000,0.1220,22628,9,185482,0.1220,0.0000
585.58,0.9426,3262,0,60000,0.0544,0.9924,0.9548,36,0,60000,0.0006,0.4932,0.0383,7097,4,185482,0.0383,0.0000,0.1151,21348,7,185482,0.1151,0.0000
586.08,0.9426,3262,0,60000,0.0544,0.9924,0.9548,36,0,60000,0.0006,0.4932,0.0391,7257,4,185482,0.0391,0.0000,0.1151,21348,7,185482,0.1151,0.0000
586.58,0.9605,1988,0,60000,0.0331,0.9664,0.9548,36,0,60000,0.0006,0.4932,0.0391,7257,4,185482,0.0391,0.0000,0.1168,21670,7,185482,0.1168,0.0000
587.08,0.9605,1988,0,60000,0.0331,0.9664,0.9548,36,0,60000,0.0006,0.4932,0.0395,7322,5,185482,0.0395,0.0000,0.1168,21670,7,185482,0.1168,0.0000
587.58,0.9605,1988,0,60000,0.0331,0.9664,0.9393,3465,0,60000,0.0578,0.9870,0.0395,7322,5,185482,0.0395,0.0000,0.1168,21670,7,185482,0.1168,0.0000
588.08,0.9699,567,0,60000,0.0095,0.9014,0.9393,3465,0,60000,0.0578,0.9870,0.0462,8562,6,185482,0.0462,0.0000,0.1316,24417,7,185482,0.1316,0.0000
588.58,0.9699,567,0,60000,0.0095,0.9014,0.9393,3465,0,60000,0.0578,0.9870,0.0462,8562,6,185482,0.0462,0.0000,0.1316,24417,7,185482,0.1316,0.0000
589.08,0.9699,567,0,60000,0.0095,0.9014,0.9400,36,0,60000,0.0006,0.7826,0.0475,8802,6,185482,0.0475,0.0000,0.1147,21273,9,185482,0.1147,0.0000
589.58,0.9699,567,0,60000,0.0095,0.9014,0.9400,36,0,60000,0.0006,0.7826,0.0475,8802,6,185482,0.0475,0.0000,0.1147,21273,9,185482,0.1147,0.0000
590.08,0.9699,567,0,60000,0.0095,0.9014,0.9400,36,0,60000,0.0006,0.7826,0.0487,9042,6,185482,0.0487,0.0000,0.1161,21542,8,185482,0.1161,0.0000
590.58,0.9714,66,0,60000,0.0011,0.7952,0.9400,36,0,60000,0.0006,0.7826,0.0487,9042,6,185482,0.0487,0.0000,0.1161,21542,8,185482,0.1161,0.0000
591.08,0.9714,66,0,60000,0.0011,0.7952,0.9402,36,0,60000,0.0006,0.1667,0.0500,9282,6,185482,0.0500,0.0000,0.1010,18735,9,185482,0.1010,0.0000
591.58,0.9714,66,0,60000,0.0011,0.7952,0.9402,36,0,60000,0.0006,0.1667,0.0500,9282,6,185482,0.0500,0.0000,0.1010,18735,9,185482,0.1010,0.0000
592.08,0.9714,66,0,60000,0.0011,0.7952,0.9402,36,0,60000,0.0006,0.1667,0.0532,9875,6,185482,0.0532,0.0000,0.1010,18735,9,185482,0.1010,0.0000
592.58,0.9714,66,0,60000,0.0011,0.7952,0.9432,37,0,60000,0.0006,0.1048,0.0532,9875,6,185482,0.0532,0.0000,0.0844,15655,6,185482,0.0844,0.0000
593.08,0.9723,78,0,60000,0.0013,0.8387,0.9432,37,0,60000,0.0006,0.1048,0.0532,9875,6,185482,0.0532,0.0000,0.0844,15655,6,185482,0.0844,0.0000
593.58,0.9723,78,0,60000,0.0013,0.8387,0.9432,37,0,60000,0.0006,0.1048,0.0526,9762,7,185482,0.0526,0.0000,0.0863,16010,7,185482,0.0863,0.0000
594.08,0.9723,78,0,60000,0.0013,0.8387,0.9432,37,0,60000,0.0006,0.1048,0.0526,9762,7,185482,0.0526,0.0000,0.0863,16010,7,185482,0.0863,0.0000
594.58,0.9723,78,0,60000,0.0013,0.8387,0.9497,109,0,60000,0.0018,0.8321,0.0539,10002,6,185482,0.0539,0.0000,0.0877,16271,7,185482,0.0877,0.0000
595.08,0.9762,253,0,60000,0.0042,0.9068,0.9497,109,0,60000,0.0018,0.8321,0.0539,10002,6,185482,0.0539,0.0000,0.0877,16271,7,185482,0.0877,0.0000
595.58,0.9762,253,0,60000,0.0042,0.9068,0.9497,109,0,60000,0.0018,0.8321,0.0480,8894,5,185482,0.0480,0.0000,0.0908,16850,8,185482,0.0908,0.0000
596.08,0.9762,253,0,60000,0.0042,0.9068,0.9497,109,0,60000,0.0018,0.8321,0.0480,8894,5,185482,0.0480,0.0000,0.0908,16850,8,185482,0.0908,0.0000
596.58,0.9824,382,0,60000,0.0064,0.9574,0.9500,36,0,60000,0.0006,0.6429,0.0512,9493,5,185482,0.0512,0.0000,0.0683,12665,6,185482,0.0683,0.0000
597.08,0.9833,134,0,60000,0.0022,0.8993,0.9500,36,0,60000,0.0006,0.6429,0.0512,9493,5,185482,0.0512,0.0000,0.0683,12665,6,185482,0.0683,0.0000
597.58,0.9624,1323,0,60000,0.0221,0.9643,0.9500,36,0,60000,0.0006,0.6429,0.0525,9732,6,185482,0.0525,0.0000,0.0719,13339,8,185482,0.0719,0.0000
598.08,0.9624,1323,0,60000,0.0221,0.9643,0.9500,36,0,60000,0.0006,0.6429,0.0525,9732,6,185482,0.0525,0.0000,0.0719,13339,8,185482,0.0719,0.0000
598.58,0.9632,0,0,60000,0.0000,0.0000,0.9504,0,0,60000,0.0000,0.0000,0.0330,6117,4,185482,0.0330,0.0000,0.0719,13339,8,185482,0.0719,0.0000
599.08,0.9680,917,0,60000,0.0153,0.9434,0.9504,0,0,60000,0.0000,0.0000,0.0330,6117,4,185482,0.0330,0.0000,0.0694,12870,9,185482,0.0694,0.0000
599.58,0.9680,917,0,60000,0.0153,0.9434,0.9504,0,0,60000,0.0000,0.0000,0.0338,6277,4,185482,0.0338,0.0000,0.0694,12870,9,185482,0.0694,0.0000
600.08,0.9680,917,0,60000,0.0153,0.9434,0.9504,0,0,60000,0.0000,0.0000,0.0338,6277,4,185482,0.0338,0.0000,0.0747,13854,8,185482,0.0747,0.0000
600.58,0.9697,446,0,60000,0.0074,0.9654,0.9504,0,0,60000,0.0000,0.0000,0.0204,3775,3,185482,0.0204,0.0000,0.0747,13854,8,185482,0.0747,0.0000
601.08,0.9697,446,0,60000,0.0074,0.9654,0.9504,0,0,60000,0.0000,0.0000,0.0204,3775,3,185482,0.0204,0.0000,0.0710,13160,8,185482,0.0710,0.0000
601.58,0.9697,446,0,60000,0.0074,0.9654,0.9831,2005,0,60000,0.0334,0.9848,0.0210,3895,3,185482,0.0210,0.0000,0.0710,13160,8,185482,0.0710,0.0000
602.08,0.9697,446,0,60000,0.0074,0.9654,0.9915,2614,0,60000,0.0436,0.9297,0.0210,3895,3,185482,0.0210,0.0000,0.0745,13826,8,185482,0.0745,0.0000
602.58,0.9310,2628,0,60000,0.0438,0.9662,0.9915,2614,0,60000,0.0436,0.9297,0.0258,4778,2,185482,0.0258,0.0000,0.0745,13826,8,185482,0.0745,0.0000
603.08,0.9310,2628,0,60000,0.0438,0.9662,0.9915,2614,0,60000,0.0436,0.9297,0.0258,4778,2,185482,0.0258,0.0000,0.0882,16353,9,185482,0.0882,0.0000
603.58,0.9310,2628,0,60000,0.0438,0.9662,0.9810,1461,0,60000,0.0244,0.7323,0.0173,3218,3,185482,0.0173,0.0000,0.0882,16353,9,185482,0.0882,0.0000
604.08,0.9310,2628,0,60000,0.0438,0.9662,0.9810,1461,0,60000,0.0244,0.7323,0.0173,3218,3,185482,0.0173,0.0000,0.1010,18726,10,185482,0.1010,0.0000
604.58,0.9310,2628,0,60000,0.0438,0.9662,0.9810,1461,0,60000,0.0244,0.7323,0.0134,2488,2,185482,0.0134,0.0000,0.1010,18726,10,185482,0.1010,0.0000
605.08,0.9310,2628,0,60000,0.0438,0.9662,0.9569,1581,0,60000,0.0263,0.9900,0.0138,2568,2,185482,0.0138,0.0000,0.1010,18726,10,185482,0.1010,0.0000
605.58,0.9428,1656,0,60000,0.0276,0.9887,0.9599,520,0,60000,0.0087,0.9665,0.0138,2568,2,185482,0.0138,0.0000,0.1118,20730,11,185482,0.1118,0.0000
606.08,0.9428,1656,0,60000,0.0276,0.9887,0.9599,520,0,60000,0.0087,0.9665,0.0233,4329,3,185482,0.0233,0.0000,0.1118,20730,11,185482,0.1118,0.0000
606.58,0.9428,1656,0,60000,0.0276,0.9887,0.9725,810,0,60000,0.0135,0.9736,0.0233,4329,3,185482,0.0233,0.0000,0.0896,16613,10,185482,0.0896,0.0000
607.08,0.9428,1656,0,60000,0.0276,0.9887,0.9725,810,0,60000,0.0135,0.9736,0.0285,5289,4,185482,0.0285,0.0000,0.0896,16613,10,185482,0.0896,0.0000
607.58,0.9428,1656,0,60000,0.0276,0.9887,0.9725,810,0,60000,0.0135,0.9736,0.0285,5289,4,185482,0.0285,0.0000,0.0679,12600,7,185482,0.0679,0.0000
608.08,0.9428,1656,0,60000,0.0276,0.9887,0.9725,810,0,60000,0.0135,0.9736,0.0294,5449,4,185482,0.0294,0.0000,0.0679,12600,7,185482,0.0679,0.0000
608.58,0.9428,1656,0,60000,0.0276,0.9887,0.9917,1208,0,60000,0.0201,0.9797,0.0294,5449,4,185482,0.0294,0.0000,0.0694,12880,7,185482,0.0694,0.0000
609.08,0.9433,49,0,60000,0.0008,0.6282,0.9917,1208,0,60000,0.0201,0.9797,0.0369,6842,4,185482,0.0369,0.0000,0.0694,12880,7,185482,0.0694,0.0000
609.58,0.9784,3182,0,60000,0.0530,0.9353,0.9917,1208,0,60000,0.0201,0.9797,0.0369,6842,4,185482,0.0369,0.0000,0.0899,16671,8,185482,0.0899,0.0000
610.08,0.9841,3951,0,60000,0.0659,0.9653,0.9854,557,0,60000,0.0093,0.6315,0.0459,8510,5,185482,0.0459,0.0000,0.0899,16671,8,185482,0.0899,0.0000
610.58,0.9841,3951,0,60000,0.0659,0.9653,0.9908,37,0,60000,0.0006,0.1138,0.0459,8510,5,185482,0.0459,0.0000,0.0899,16684,9,185482,0.0899,0.0000
611.08,0.9841,3951,0,60000,0.0659,0.9653,0.9908,37,0,60000,0.0006,0.1138,0.0436,8095,6,185482,0.0436,0.0000,0.0899,16684,9,185482,0.0899,0.0000
611.58,0.9841,3951,0,60000,0.0659,0.9653,0.9908,37,0,60000,0.0006,0.1138,0.0436,8095,6,185482,0.0436,0.0000,0.0899,16684,9,185482,0.0899,0.0000
612.08,0.9841,3951,0,60000,0.0659,0.9653,0.9908,37,0,60000,0.0006,0.1138,0.0449,8335,6,185482,0.0449,0.0000,0.0675,12529,7,185482,0.0675,0.0000
612.58,0.9844,37,0,60000,0.0006,0.7708,0.9908,37,0,60000,0.0006,0.1138,0.0449,8335,6,185482,0.0449,0.0000,0.0675,12529,7,185482,0.0675,0.0000
613.08,0.9844,37,0,60000,0.0006,0.7708,0.9430,629,0,60000,0.0105,0.9782,0.0425,7875,5,185482,0.0425,0.0000,0.0694,12871,8,185482,0.0694,0.0000
613.58,0.9844,37,0,60000,0.0006,0.7708,0.9432,37,0,60000,0.0006,0.7551,0.0425,7875,5,185482,0.0425,0.0000,0.0694,12871,8,185482,0.0694,0.0000
614.08,0.9844,37,0,60000,0.0006,0.7708,0.9432,37,0,60000,0.0006,0.7551,0.0476,8820,7,185482,0.0476,0.0000,0.0546,10124,6,185482,0.0546,0.0000
614.58,0.9863,182,0,60000,0.0030,0.7615,0.9054,4310,0,60000,0.0718,0.9952,0.0476,8820,7,185482,0.0476,0.0000,0.0546,10124,6,185482,0.0546,0.0000
615.08,0.9863,182,0,60000,0.0030,0.7615,0.9054,4310,0,60000,0.0718,0.9952,0.0719,13330,7,185482,0.0719,0.0000,0.0572,10611,7,185482,0.0572,0.0000
615.58,0.9863,182,0,60000,0.0030,0.7615,0.9057,42,0,60000,0.0007,0.3022,0.0719,13330,7,185482,0.0719,0.0000,0.0572,10611,7,185482,0.0572,0.0000
616.08,0.9863,182,0,60000,0.0030,0.7615,0.9057,42,0,60000,0.0007,0.3022,0.0719,13330,7,185482,0.0719,0.0000,0.0587,10891,7,185482,0.0587,0.0000
616.58,0.9979,671,0,60000,0.0112,0.9655,0.9057,42,0,60000,0.0007,0.3022,0.0662,12284,7,185482,0.0662,0.0000,0.0587,10891,7,185482,0.0587,0.0000
617.08,0.9979,671,0,60000,0.0112,0.9655,0.9057,42,0,60000,0.0007,0.3022,0.0662,12284,7,185482,0.0662,0.0000,0.0602,11171,7,185482,0.0602,0.0000
617.58,0.9990,80,0,60000,0.0013,0.7477,0.9057,42,0,60000,0.0007,0.3022,0.0705,13085,7,185482,0.0705,0.0000,0.0602,11171,7,185482,0.0602,0.0000
618.08,0.9990,80,0,60000,0.0013,0.7477,0.9057,42,0,60000,0.0007,0.3022,0.0705,13085,7,185482,0.0705,0.0000,0.0624,11573,8,185482,0.0624,0.0000
618.58,0.9990,80,0,60000,0.0013,0.7477,0.9057,42,0,60000,0.0007,0.3022,0.0721,13365,7,185482,0.0721,0.0000,0.0624,11573,8,185482,0.0624,0.0000
619.08,0.9990,80,0,60000,0.0013,0.7477,0.9057,42,0,60000,0.0007,0.3022,0.0721,13365,7,185482,0.0721,0.0000,0.0641,11893,8,185482,0.0641,0.0000
619.59,0.9901,167,0,60000,0.0028,0.4228,0.9057,42,0,60000,0.0007,0.3022,0.0669,12403,6,185482,0.0669,0.0000,0.0641,11893,8,185482,0.0641,0.0000
620.09,0.9901,167,0,60000,0.0028,0.4228,0.9057,42,0,60000,0.0007,0.3022,0.0669,12403,6,185482,0.0669,0.0000,0.0681,12634,9,185482,0.0681,0.0000
620.59,0.9901,167,0,60000,0.0028,0.4228,0.9057,42,0,60000,0.0007,0.3022,0.0682,12643,6,185482,0.0682,0.0000,0.0681,12634,9,185482,0.0681,0.0000
621.09,0.9901,167,0,60000,0.0028,0.4228,0.9057,42,0,60000,0.0007,0.3022,0.0682,12643,6,185482,0.0682,0.0000,0.0608,11274,7,185482,0.0608,0.0000
621.59,0.9693,1204,0,60000,0.0201,0.9392,0.9057,42,0,60000,0.0007,0.3022,0.0643,11924,5,185482,0.0643,0.0000,0.0608,11274,7,185482,0.0608,0.0000
622.09,0.9693,1204,0,60000,0.0201,0.9392,0.9057,42,0,60000,0.0007,0.3022,0.0643,11924,5,185482,0.0643,0.0000,0.0678,12576,7,185482,0.0678,0.0000
622.59,0.9693,1204,0,60000,0.0201,0.9392,0.9057,42,0,60000,0.0007,0.3022,0.0654,12124,5,185482,0.0654,0.0000,0.0678,12576,7,185482,0.0678,0.0000
623.09,0.9693,1204,0,60000,0.0201,0.9392,0.9057,42,0,60000,0.0007,0.3022,0.0654,12124,5,185482,0.0654,0.0000,0.0678,12576,7,185482,0.0678,0.0000
623.59,0.9713,434,0,60000,0.0072,0.7185,0.9057,42,0,60000,0.0007,0.3022,0.0697,12928,5,185482,0.0697,0.0000,0.0693,12856,7,185482,0.0693,0.0000
624.09,0.9713,434,0,60000,0.0072,0.7185,0.9246,1251,0,60000,0.0209,0.9897,0.0697,12928,5,185482,0.0697,0.0000,0.0693,12856,7,185482,0.0693,0.0000
624.59,0.9914,259,0,60000,0.0043,0.9350,0.9246,1251,0,60000,0.0209,0.9897,0.0762,14139,7,185482,0.0762,0.0000,0.0777,14406,8,185482,0.0777,0.0000
625.09,0.9914,259,0,60000,0.0043,0.9350,0.9246,1251,0,60000,0.0209,0.9897,0.0762,14139,7,185482,0.0762,0.0000,0.0777,14406,8,185482,0.0777,0.0000
625.59,0.9914,259,0,60000,0.0043,0.9350,0.9246,1251,0,60000,0.0209,0.9897,0.0758,14052,7,185482,0.0758,0.0000,0.0794,14726,8,185482,0.0794,0.0000
626.09,0.9914,259,0,60000,0.0043,0.9350,0.9246,1251,0,60000,0.0209,0.9897,0.0758,14052,7,185482,0.0758,0.0000,0.0794,14726,8,185482,0.0794,0.0000
626.59,0.9914,259,0,60000,0.0043,0.9350,0.9246,1251,0,60000,0.0209,0.9897,0.0758,14052,7,185482,0.0758,0.0000,0.0780,14464,7,185482,0.0780,0.0000
627.09,0.9914,259,0,60000,0.0043,0.9350,0.9248,37,0,60000,0.0006,0.4479,0.0612,11353,6,185482,0.0612,0.0000,0.0780,14464,7,185482,0.0780,0.0000
627.59,0.9914,259,0,60000,0.0043,0.9350,0.9248,37,0,60000,0.0006,0.4479,0.0612,11353,6,185482,0.0612,0.0000,0.0587,10889,8,185482,0.0587,0.0000
628.09,0.9914,259,0,60000,0.0043,0.9350,0.9348,650,0,60000,0.0108,0.7937,0.0625,11593,6,185482,0.0625,0.0000,0.0587,10889,8,185482,0.0587,0.0000
628.59,0.9914,259,0,60000,0.0043,0.9350,0.9348,650,0,60000,0.0108,0.7937,0.0625,11593,6,185482,0.0625,0.0000,0.0563,10442,7,185482,0.0563,0.0000
629.09,0.9914,259,0,60000,0.0043,0.9350,0.9348,650,0,60000,0.0108,0.7937,0.0399,7392,5,185482,0.0399,0.0000,0.0563,10442,7,185482,0.0563,0.0000
629.59,0.9917,36,0,60000,0.0006,0.7500,0.9376,37,0,60000,0.0006,0.0624,0.0399,7392,5,185482,0.0399,0.0000,0.0581,10774,8,185482,0.0581,0.0000
630.09,0.9919,37,0,60000,0.0006,0.7708,0.9376,37,0,60000,0.0006,0.0624,0.0394,7307,5,185482,0.0394,0.0000,0.0581,10774,8,185482,0.0581,0.0000
630.59,0.9919,37,0,60000,0.0006,0.7708,0.9376,37,0,60000,0.0006,0.0624,0.0394,7307,5,185482,0.0394,0.0000,0.0311,5771,7,185482,0.0311,0.0000
631.09,0.9921,239,0,60000,0.0040,0.3112,0.9376,37,0,60000,0.0006,0.0624,0.0310,5747,4,185482,0.0310,0.0000,0.0311,5771,7,185482,0.0311,0.0000
631.59,0.9921,239,0,60000,0.0040,0.3112,0.9469,4331,0,60000,0.0722,0.8904,0.0310,5747,4,185482,0.0310,0.0000,0.0368,6828,8,185482,0.0368,0.0000
632.09,0.9944,427,0,60000,0.0071,0.5538,0.9469,4331,0,60000,0.0722,0.8904,0.0318,5907,4,185482,0.0318,0.0000,0.0368,6828,8,185482,0.0368,0.0000
632.59,0.9944,427,0,60000,0.0071,0.5538,0.9558,4864,0,60000,0.0811,0.7500,0.0318,5907,4,185482,0.0318,0.0000,0.0551,10223,10,185482,0.0551,0.0000
633.09,0.9944,427,0,60000,0.0071,0.5538,0.9830,3299,0,60000,0.0550,0.9786,0.0180,3346,3,185482,0.0180,0.0000,0.0551,10223,10,185482,0.0551,0.0000
633.59,0.9944,427,0,60000,0.0071,0.5538,0.9830,3299,0,60000,0.0550,0.9786,0.0180,3346,3,185482,0.0180,0.0000,0.0661,12269,11,185482,0.0661,0.0000
634.09,0.9944,427,0,60000,0.0071,0.5538,0.9830,3299,0,60000,0.0550,0.9786,0.0281,5221,4,185482,0.0281,0.0000,0.0661,12269,11,185482,0.0661,0.0000
634.59,0.9944,427,0,60000,0.0071,0.5538,0.9830,3299,0,60000,0.0550,0.9786,0.0281,5221,4,185482,0.0281,0.0000,0.0685,12709,11,185482,0.0685,0.0000
635.09,0.9742,2613,0,60000,0.0435,0.9798,0.9830,3299,0,60000,0.0550,0.9786,0.0290,5381,4,185482,0.0290,0.0000,0.0685,12709,11,185482,0.0685,0.0000
635.59,0.9742,2613,0,60000,0.0435,0.9798,0.9830,3299,0,60000,0.0550,0.9786,0.0290,5381,4,185482,0.0290,0.0000,0.0685,12709,11,185482,0.0685,0.0000
636.09,0.9742,2613,0,60000,0.0435,0.9798,0.9830,3299,0,60000,0.0550,0.9786,0.0444,8235,5,185482,0.0444,0.0000,0.0709,13149,11,185482,0.0709,0.0000
636.59,0.9742,2613,0,60000,0.0435,0.9798,0.9830,3299,0,60000,0.0550,0.9786,0.0444,8235,5,185482,0.0444,0.0000,0.0709,13149,11,185482,0.0709,0.0000
637.09,0.9742,2613,0,60000,0.0435,0.9798,0.9830,3299,0,60000,0.0550,0.9786,0.0455,8435,5,185482,0.0455,0.0000,0.0733,13589,11,185482,0.0733,0.0000
637.59,0.9742,2613,0,60000,0.0435,0.9798,0.9830,3299,0,60000,0.0550,0.9786,0.0455,8435,5,185482,0.0455,0.0000,0.0733,13589,11,185482,0.0733,0.0000
638.09,0.9742,2613,0,60000,0.0435,0.9798,0.9830,3299,0,60000,0.0550,0.9786,0.0385,7140,4,185482,0.0385,0.0000,0.0656,12173,9,185482,0.0656,0.0000
638.59,0.9742,2613,0,60000,0.0435,0.9798,0.9830,3299,0,60000,0.0550,0.9786,0.0385,7140,4,185482,0.0385,0.0000,0.0656,12173,9,185482,0.0656,0.0000
639.09,0.9742,2613,0,60000,0.0435,0.9798,0.9830,3299,0,60000,0.0550,0.9786,0.0394,7300,4,185482,0.0394,0.0000,0.0620,11494,8,185482,0.0620,0.0000
639.59,0.9742,2613,0,60000,0.0435,0.9798,0.9830,3299,0,60000,0.0550,0.9786,0.0394,7300,4,185482,0.0394,0.0000,0.0620,11494,8,185482,0.0620,0.0000
640.09,0.9742,2613,0,60000,0.0435,0.9798,0.9901,454,0,60000,0.0076,0.9518,0.0402,7460,4,185482,0.0402,0.0000,0.0578,10717,7,185482,0.0578,0.0000
640.59,0.9742,2613,0,60000,0.0435,0.9798,0.9643,1487,0,60000,0.0248,0.9874,0.0402,7460,4,185482,0.0402,0.0000,0.0578,10717,7,185482,0.0578,0.0000
641.09,0.9742,2613,0,60000,0.0435,0.9798,0.9643,1487,0,60000,0.0248,0.9874,0.0349,6473,4,185482,0.0349,0.0000,0.0715,13257,8,185482,0.0715,0.0000
641.59,0.9751,36,0,60000,0.0006,0.5000,0.9643,1487,0,60000,0.0248,0.9874,0.0349,6473,4,185482,0.0349,0.0000,0.0715,13257,8,185482,0.0715,0.0000
642.09,0.9751,36,0,60000,0.0006,0.5000,0.9810,1034,0,60000,0.0172,0.7682,0.0362,6710,5,185482,0.0362,0.0000,0.0594,11009,7,185482,0.0594,0.0000
642.59,0.9751,36,0,60000,0.0006,0.5000,0.9810,1034,0,60000,0.0172,0.7682,0.0362,6710,5,185482,0.0362,0.0000,0.0594,11009,7,185482,0.0594,0.0000
643.09,0.9810,1084,0,60000,0.0181,0.9900,0.9810,1034,0,60000,0.0172,0.7682,0.0373,6910,5,185482,0.0373,0.0000,0.0668,12395,8,185482,0.0668,0.0000
643.59,0.9810,1084,0,60000,0.0181,0.9900,0.9810,1034,0,60000,0.0172,0.7682,0.0373,6910,5,185482,0.0373,0.0000,0.0668,12395,8,185482,0.0668,0.0000
644.09,0.9911,631,0,60000,0.0105,0.7363,0.9543,1927,0,60000,0.0321,0.9111,0.0519,9632,5,185482,0.0519,0.0000,0.0668,12395,8,185482,0.0668,0.0000
644.59,0.9911,631,0,60000,0.0105,0.7363,0.9543,1927,0,60000,0.0321,0.9111,0.0519,9632,5,185482,0.0519,0.0000,0.0800,14830,8,185482,0.0800,0.0000
645.09,0.9911,631,0,60000,0.0105,0.7363,0.9543,1927,0,60000,0.0321,0.9111,0.0534,9908,7,185482,0.0534,0.0000,0.0800,14830,8,185482,0.0800,0.0000
645.59,0.9911,631,0,60000,0.0105,0.7363,0.9543,1927,0,60000,0.0321,0.9111,0.0534,9908,7,185482,0.0534,0.0000,0.0819,15182,9,185482,0.0819,0.0000
646.09,0.9911,631,0,60000,0.0105,0.7363,0.9543,1927,0,60000,0.0321,0.9111,0.0549,10188,7,185482,0.0549,0.0000,0.0819,15182,9,185482,0.0819,0.0000
646.59,0.9911,631,0,60000,0.0105,0.7363,0.9543,1927,0,60000,0.0321,0.9111,0.0549,10188,7,185482,0.0549,0.0000,0.0772,14316,8,185482,0.0772,0.0000
647.09,0.9911,631,0,60000,0.0105,0.7363,0.9543,1927,0,60000,0.0321,0.9111,0.0564,10468,7,185482,0.0564,0.0000,0.0772,14316,8,185482,0.0772,0.0000
647.59,0.9911,631,0,60000,0.0105,0.7363,0.9543,1927,0,60000,0.0321,0.9111,0.0564,10468,7,185482,0.0564,0.0000,0.0756,14024,7,185482,0.0756,0.0000
648.09,0.9911,631,0,60000,0.0105,0.7363,0.9543,1927,0,60000,0.0321,0.9111,0.0579,10748,7,185482,0.0579,0.0000,0.0756,14024,7,185482,0.0756,0.0000
648.59,0.9911,631,0,60000,0.0105,0.7363,0.9543,1927,0,60000,0.0321,0.9111,0.0579,10748,7,185482,0.0579,0.0000,0.0771,14304,7,185482,0.0771,0.0000
649.09,0.9911,631,0,60000,0.0105,0.7363,0.9768,1200,0,60000,0.0200,0.9820,0.0595,11028,7,185482,0.0595,0.0000,0.0771,14304,7,185482,0.0771,0.0000
649.59,0.9911,631,0,60000,0.0105,0.7363,0.9768,1200,0,60000,0.0200,0.9820,0.0595,11028,7,185482,0.0595,0.0000,0.0811,15048,7,185482,0.0811,0.0000
650.09,0.9911,631,0,60000,0.0105,0.7363,0.9861,583,0,60000,0.0097,0.9589,0.0566,10507,6,185482,0.0566,0.0000,0.0811,15048,7,185482,0.0811,0.0000
650.59,0.9911,631,0,60000,0.0105,0.7363,0.9861,583,0,60000,0.0097,0.9589,0.0566,10507,6,185482,0.0566,0.0000,0.0736,13660,7,185482,0.0736,0.0000
651.09,0.9911,631,0,60000,0.0105,0.7363,0.9861,583,0,60000,0.0097,0.9589,0.0582,10794,7,185482,0.0582,0.0000,0.0736,13660,7,185482,0.0736,0.0000
651.59,0.9911,631,0,60000,0.0105,0.7363,0.9861,583,0,60000,0.0097,0.9589,0.0582,10794,7,185482,0.0582,0.0000,0.0736,13660,7,185482,0.0736,0.0000
652.09,0.9911,631,0,60000,0.0105,0.7363,0.9861,583,0,60000,0.0097,0.9589,0.0597,11074,7,185482,0.0597,0.0000,0.0653,12107,5,185482,0.0653,0.0000
652.59,0.9911,631,0,60000,0.0105,0.7363,0.9987,764,0,60000,0.0127,0.9782,0.0597,11074,7,185482,0.0597,0.0000,0.0653,12107,5,185482,0.0653,0.0000
653.09,0.9911,631,0,60000,0.0105,0.7363,0.9481,1393,0,60000,0.0232,0.9886,0.0474,8789,7,185482,0.0474,0.0000,0.0590,10940,4,185482,0.0590,0.0000
653.59,0.9911,631,0,60000,0.0105,0.7363,0.9537,1667,0,60000,0.0278,0.9881,0.0474,8789,7,185482,0.0474,0.0000,0.0590,10940,4,185482,0.0590,0.0000
654.09,0.9911,631,0,60000,0.0105,0.7363,0.9537,1667,0,60000,0.0278,0.9881,0.0489,9069,7,185482,0.0489,0.0000,0.0715,13256,4,185482,0.0715,0.0000
654.59,0.9615,1788,0,60000,0.0298,0.9450,0.9537,1667,0,60000,0.0278,0.9881,0.0489,9069,7,185482,0.0489,0.0000,0.0715,13256,4,185482,0.0715,0.0000
655.09,0.9615,1788,0,60000,0.0298,0.9450,0.9560,1341,0,60000,0.0223,0.9919,0.0607,11253,8,185482,0.0607,0.0000,0.0616,11421,4,185482,0.0616,0.0000
655.59,0.9615,1788,0,60000,0.0298,0.9450,0.9560,1341,0,60000,0.0223,0.9919,0.0607,11253,8,185482,0.0607,0.0000,0.0616,11421,4,185482,0.0616,0.0000
656.09,0.9015,3370,0,60000,0.0562,0.9894,0.9713,943,0,60000,0.0157,0.9843,0.0666,12344,8,185482,0.0666,0.0000,0.0561,10408,4,185482,0.0561,0.0000
656.59,0.9015,3370,0,60000,0.0562,0.9894,0.9713,943,0,60000,0.0157,0.9843,0.0666,12344,8,185482,0.0666,0.0000,0.0561,10408,4,185482,0.0561,0.0000
657.09,0.9193,2002,0,60000,0.0334,0.9857,0.9716,37,0,60000,0.0006,0.0359,0.0666,12344,8,185482,0.0666,0.0000,0.0623,11554,5,185482,0.0623,0.0000
657.59,0.9193,2002,0,60000,0.0334,0.9857,0.9716,37,0,60000,0.0006,0.0359,0.0738,13681,8,185482,0.0738,0.0000,0.0623,11554,5,185482,0.0623,0.0000
658.09,0.9193,2002,0,60000,0.0334,0.9857,0.9716,37,0,60000,0.0006,0.0359,0.0738,13681,8,185482,0.0738,0.0000,0.0645,11963,5,185482,0.0645,0.0000
658.59,0.9407,2536,0,60000,0.0423,0.9365,0.9881,0,0,60000,0.0000,0.0000,0.0693,12860,8,185482,0.0693,0.0000,0.0645,11963,5,185482,0.0645,0.0000
659.09,0.9407,2536,0,60000,0.0423,0.9365,0.9881,0,0,60000,0.0000,0.0000,0.0693,12860,8,185482,0.0693,0.0000,0.0575,10669,4,185482,0.0575,0.0000
659.59,0.9435,38,0,60000,0.0006,0.0725,0.9591,2634,0,60000,0.0439,0.9925,0.0857,15897,9,185482,0.0857,0.0000,0.0575,10669,4,185482,0.0575,0.0000
660.09,0.9435,38,0,60000,0.0006,0.0725,0.9591,2634,0,60000,0.0439,0.9925,0.0857,15897,9,185482,0.0857,0.0000,0.0438,8128,5,185482,0.0438,0.0000
660.59,0.9435,38,0,60000,0.0006,0.0725,0.9707,1151,0,60000,0.0192,0.9305,0.0876,16257,9,185482,0.0876,0.0000,0.0438,8128,5,185482,0.0438,0.0000
661.09,0.9435,38,0,60000,0.0006,0.0725,0.9707,1151,0,60000,0.0192,0.9305,0.0876,16257,9,185482,0.0876,0.0000,0.0449,8328,5,185482,0.0449,0.0000
661.59,0.9435,38,0,60000,0.0006,0.0725,0.9707,1151,0,60000,0.0192,0.9305,0.0964,17884,10,185482,0.0964,0.0000,0.0449,8328,5,185482,0.0449,0.0000
662.09,0.9435,38,0,60000,0.0006,0.0725,0.9742,1480,0,60000,0.0247,0.9886,0.0964,17884,10,185482,0.0964,0.0000,0.0460,8528,5,185482,0.0460,0.0000
662.59,0.9435,38,0,60000,0.0006,0.0725,0.9742,1480,0,60000,0.0247,0.9886,0.1068,19808,11,185482,0.1068,0.0000,0.0460,8528,5,185482,0.0460,0.0000
663.09,0.9435,38,0,60000,0.0006,0.0725,0.9742,1480,0,60000,0.0247,0.9886,0.1068,19808,11,185482,0.1068,0.0000,0.0471,8728,5,185482,0.0471,0.0000
663.59,0.9435,38,0,60000,0.0006,0.0725,0.9742,1480,0,60000,0.0247,0.9886,0.1068,19808,11,185482,0.1068,0.0000,0.0471,8728,5,185482,0.0471,0.0000
664.09,0.9435,38,0,60000,0.0006,0.0725,0.9742,1480,0,60000,0.0247,0.9886,0.0841,15602,9,185482,0.0841,0.0000,0.0481,8928,5,185482,0.0481,0.0000
664.59,0.9435,38,0,60000,0.0006,0.0725,0.9742,1480,0,60000,0.0247,0.9886,0.0841,15602,9,185482,0.0841,0.0000,0.0481,8928,5,185482,0.0481,0.0000
665.09,0.9435,38,0,60000,0.0006,0.0725,0.9742,1480,0,60000,0.0247,0.9886,0.0774,14358,8,185482,0.0774,0.0000,0.0492,9128,5,185482,0.0492,0.0000
665.59,0.9435,38,0,60000,0.0006,0.0725,0.9742,1480,0,60000,0.0247,0.9886,0.0774,14358,8,185482,0.0774,0.0000,0.0492,9128,5,185482,0.0492,0.0000
666.09,0.9435,38,0,60000,0.0006,0.0725,0.9742,1480,0,60000,0.0247,0.9886,0.0791,14678,8,185482,0.0791,0.0000,0.0503,9328,5,185482,0.0503,0.0000
666.59,0.9435,38,0,60000,0.0006,0.0725,0.9460,2219,0,60000,0.0370,0.9845,0.0791,14678,8,185482,0.0791,0.0000,0.0503,9328,5,185482,0.0503,0.0000
667.09,0.9435,38,0,60000,0.0006,0.0725,0.9592,4636,0,60000,0.0773,0.9926,0.0874,16215,7,185482,0.0874,0.0000,0.0645,11964,5,185482,0.0645,0.0000
667.59,0.9599,1590,0,60000,0.0265,0.9809,0.9592,4636,0,60000,0.0773,0.9926,0.0874,16215,7,185482,0.0874,0.0000,0.0645,11964,5,185482,0.0645,0.0000
668.09,0.9599,1590,0,60000,0.0265,0.9809,0.9592,4636,0,60000,0.0773,0.9926,0.0891,16530,8,185482,0.0891,0.0000,0.0746,13840,7,185482,0.0746,0.0000
668.59,0.9599,1590,0,60000,0.0265,0.9809,0.9592,4636,0,60000,0.0773,0.9926,0.0891,16530,8,185482,0.0891,0.0000,0.0746,13840,7,185482,0.0746,0.0000
669.09,0.9599,1590,0,60000,0.0265,0.9809,0.9592,4636,0,60000,0.0773,0.9926,0.0908,16850,8,185482,0.0908,0.0000,0.0746,13840,7,185482,0.0746,0.0000
669.59,0.9599,1590,0,60000,0.0265,0.9809,0.9592,4636,0,60000,0.0773,0.9926,0.0908,16850,8,185482,0.0908,0.0000,0.0761,14120,7,185482,0.0761,0.0000
670.09,0.9599,1590,0,60000,0.0265,0.9809,0.9759,1023,0,60000,0.0170,0.9761,0.0908,16850,8,185482,0.0908,0.0000,0.0761,14120,7,185482,0.0761,0.0000
670.59,0.9599,1590,0,60000,0.0265,0.9809,0.9759,1023,0,60000,0.0170,0.9761,0.0744,13803,6,185482,0.0744,0.0000,0.0834,15462,8,185482,0.0834,0.0000
671.09,0.9599,1590,0,60000,0.0265,0.9809,0.9759,1023,0,60000,0.0170,0.9761,0.0744,13803,6,185482,0.0744,0.0000,0.0834,15462,8,185482,0.0834,0.0000
671.59,0.9599,1590,0,60000,0.0265,0.9809,0.9764,36,0,60000,0.0006,0.2647,0.0669,12416,5,185482,0.0669,0.0000,0.0851,15782,8,185482,0.0851,0.0000
672.09,0.9599,1590,0,60000,0.0265,0.9809,0.9764,36,0,60000,0.0006,0.2647,0.0669,12416,5,185482,0.0669,0.0000,0.0851,15782,8,185482,0.0851,0.0000
672.59,0.9599,1590,0,60000,0.0265,0.9809,0.9629,1832,0,60000,0.0305,0.9887,0.0508,9419,4,185482,0.0508,0.0000,0.0877,16271,9,185482,0.0877,0.0000
673.09,0.9599,1590,0,60000,0.0265,0.9809,0.9711,1499,0,60000,0.0250,0.9765,0.0508,9419,4,185482,0.0508,0.0000,0.0877,16271,9,185482,0.0877,0.0000
673.59,0.9599,1590,0,60000,0.0265,0.9809,0.9776,1589,0,60000,0.0265,0.9888,0.0432,8010,3,185482,0.0432,0.0000,0.0926,17168,9,185482,0.0926,0.0000
674.09,0.9599,1590,0,60000,0.0265,0.9809,0.9776,1589,0,60000,0.0265,0.9888,0.0432,8010,3,185482,0.0432,0.0000,0.0926,17168,9,185482,0.0926,0.0000
674.59,0.9599,1590,0,60000,0.0265,0.9809,0.9776,1589,0,60000,0.0265,0.9888,0.0527,9769,4,185482,0.0527,0.0000,0.0800,14834,8,185482,0.0800,0.0000
675.09,0.9599,1590,0,60000,0.0265,0.9809,0.9776,1589,0,60000,0.0265,0.9888,0.0527,9769,4,185482,0.0527,0.0000,0.0800,14834,8,185482,0.0800,0.0000
675.59,0.9859,1578,0,60000,0.0263,0.9929,0.9776,1589,0,60000,0.0265,0.9888,0.0535,9929,4,185482,0.0535,0.0000,0.0800,14834,8,185482,0.0800,0.0000
676.09,0.9859,1578,0,60000,0.0263,0.9929,0.9492,1809,0,60000,0.0301,0.9885,0.0535,9929,4,185482,0.0535,0.0000,0.0821,15232,9,185482,0.0821,0.0000
676.59,0.9538,1045,0,60000,0.0174,0.9322,0.9495,36,0,60000,0.0006,0.5538,0.0480,8901,4,185482,0.0480,0.0000,0.0821,15232,9,185482,0.0821,0.0000
677.09,0.9538,1045,0,60000,0.0174,0.9322,0.9495,36,0,60000,0.0006,0.5538,0.0480,8901,4,185482,0.0480,0.0000,0.0845,15676,10,185482,0.0845,0.0000
677.59,0.9538,1045,0,60000,0.0174,0.9322,0.9696,2681,0,60000,0.0447,0.9930,0.0547,10148,4,185482,0.0547,0.0000,0.0845,15676,10,185482,0.0845,0.0000
678.09,0.9538,1045,0,60000,0.0174,0.9322,0.9696,2681,0,60000,0.0447,0.9930,0.0547,10148,4,185482,0.0547,0.0000,0.0867,16076,10,185482,0.0867,0.0000
678.59,0.9538,1045,0,60000,0.0174,0.9322,0.9696,2681,0,60000,0.0447,0.9930,0.0557,10338,5,185482,0.0557,0.0000,0.0867,16076,10,185482,0.0867,0.0000
679.09,0.9551,36,0,60000,0.0006,0.4045,0.9696,2681,0,60000,0.0447,0.9930,0.0557,10338,5,185482,0.0557,0.0000,0.0888,16476,10,185482,0.0888,0.0000
679.59,0.9551,36,0,60000,0.0006,0.4045,0.9696,2681,0,60000,0.0447,0.9930,0.0419,7768,4,185482,0.0419,0.0000,0.0888,16476,10,185482,0.0888,0.0000
680.09,0.9825,1631,0,60000,0.0272,0.9831,0.9696,2681,0,60000,0.0447,0.9930,0.0419,7768,4,185482,0.0419,0.0000,0.0874,16214,10,185482,0.0874,0.0000
680.59,0.9825,1631,0,60000,0.0272,0.9831,0.9699,37,0,60000,0.0006,0.6727,0.0319,5925,3,185482,0.0319,0.0000,0.0874,16214,10,185482,0.0874,0.0000
681.09,0.9825,1631,0,60000,0.0272,0.9831,0.9699,37,0,60000,0.0006,0.6727,0.0319,5925,3,185482,0.0319,0.0000,0.0888,16478,11,185482,0.0888,0.0000
681.59,0.9825,1631,0,60000,0.0272,0.9831,0.9699,37,0,60000,0.0006,0.6727,0.0326,6045,3,185482,0.0326,0.0000,0.0888,16478,11,185482,0.0888,0.0000
682.09,0.9825,1631,0,60000,0.0272,0.9831,0.9699,37,0,60000,0.0006,0.6727,0.0326,6045,3,185482,0.0326,0.0000,0.0888,16478,11,185482,0.0888,0.0000
682.59,0.9825,1631,0,60000,0.0272,0.9831,0.9699,37,0,60000,0.0006,0.6727,0.0179,3316,2,185482,0.0179,0.0000,0.0912,16918,11,185482,0.0912,0.0000
683.09,0.9687,2621,0,60000,0.0437,0.6000,0.9699,37,0,60000,0.0006,0.6727,0.0179,3316,2,185482,0.0179,0.0000,0.0912,16918,11,185482,0.0912,0.0000
683.59,0.9687,2621,0,60000,0.0437,0.6000,0.9699,37,0,60000,0.0006,0.6727,0.0335,6211,4,185482,0.0335,0.0000,0.0829,15372,10,185482,0.0829,0.0000
684.09,0.9687,2621,0,60000,0.0437,0.6000,0.9699,37,0,60000,0.0006,0.6727,0.0335,6211,4,185482,0.0335,0.0000,0.0829,15372,10,185482,0.0829,0.0000
684.59,0.9687,2621,0,60000,0.0437,0.6000,0.9699,37,0,60000,0.0006,0.6727,0.0343,6371,4,185482,0.0343,0.0000,0.0850,15772,10,185482,0.0850,0.0000
685.09,0.9687,2621,0,60000,0.0437,0.6000,0.9229,2833,0,60000,0.0472,0.9902,0.0343,6371,4,185482,0.0343,0.0000,0.0850,15772,10,185482,0.0850,0.0000
685.59,0.9687,2621,0,60000,0.0437,0.6000,0.9229,2833,0,60000,0.0472,0.9902,0.0506,9392,4,185482,0.0506,0.0000,0.0859,15934,9,185482,0.0859,0.0000
686.09,0.9687,2621,0,60000,0.0437,0.6000,0.9229,2833,0,60000,0.0472,0.9902,0.0506,9392,4,185482,0.0506,0.0000,0.0859,15934,9,185482,0.0859,0.0000
686.59,0.9699,1981,0,60000,0.0330,0.9920,0.9229,2833,0,60000,0.0472,0.9902,0.0510,9463,4,185482,0.0510,0.0000,0.0878,16294,9,185482,0.0878,0.0000
687.09,0.9699,1981,0,60000,0.0330,0.9920,0.9229,2833,0,60000,0.0472,0.9902,0.0510,9463,4,185482,0.0510,0.0000,0.0878,16294,9,185482,0.0878,0.0000
687.59,0.9699,1981,0,60000,0.0330,0.9920,0.9229,2833,0,60000,0.0472,0.9902,0.0521,9662,5,185482,0.0521,0.0000,0.0878,16294,9,185482,0.0878,0.0000
688.09,0.9699,1981,0,60000,0.0330,0.9920,0.9229,2833,0,60000,0.0472,0.9902,0.0521,9662,5,185482,0.0521,0.0000,0.0698,12940,8,185482,0.0698,0.0000
688.59,0.9733,226,0,60000,0.0038,0.9113,0.9229,2833,0,60000,0.0472,0.9902,0.0545,10116,6,185482,0.0545,0.0000,0.0698,12940,8,185482,0.0698,0.0000
689.09,0.9733,226,0,60000,0.0038,0.9113,0.9229,2833,0,60000,0.0472,0.9902,0.0545,10116,6,185482,0.0545,0.0000,0.0601,11151,7,185482,0.0601,0.0000
689.59,0.9733,226,0,60000,0.0038,0.9113,0.9318,2114,0,60000,0.0352,0.9684,0.0676,12539,6,185482,0.0676,0.0000,0.0601,11151,7,185482,0.0601,0.0000
690.09,0.9733,226,0,60000,0.0038,0.9113,0.9500,3677,0,60000,0.0613,0.9938,0.0676,12539,6,185482,0.0676,0.0000,0.0483,8953,6,185482,0.0483,0.0000
690.59,0.9733,226,0,60000,0.0038,0.9113,0.9500,3677,0,60000,0.0613,0.9938,0.0891,16521,8,185482,0.0891,0.0000,0.0483,8953,6,185482,0.0483,0.0000
691.09,0.9733,226,0,60000,0.0038,0.9113,0.9500,3677,0,60000,0.0613,0.9938,0.0891,16521,8,185482,0.0891,0.0000,0.0496,9193,6,185482,0.0496,0.0000
691.59,0.9737,36,0,60000,0.0006,0.4045,0.9598,2099,0,60000,0.0350,0.9831,0.0936,17353,8,185482,0.0936,0.0000,0.0496,9193,6,185482,0.0496,0.0000
692.09,0.9737,36,0,60000,0.0006,0.4045,0.9598,2099,0,60000,0.0350,0.9831,0.0936,17353,8,185482,0.0936,0.0000,0.0297,5518,4,185482,0.0297,0.0000
692.59,0.9737,36,0,60000,0.0006,0.4045,0.9195,2465,0,60000,0.0411,0.9900,0.0936,17353,8,185482,0.0936,0.0000,0.0297,5518,4,185482,0.0297,0.0000
693.09,0.9737,36,0,60000,0.0006,0.4045,0.9195,2465,0,60000,0.0411,0.9900,0.1066,19777,9,185482,0.1066,0.0000,0.0267,4960,3,185482,0.0267,0.0000
693.59,0.9438,1678,0,60000,0.0280,0.9671,0.9195,2465,0,60000,0.0411,0.9900,0.1066,19777,9,185482,0.1066,0.0000,0.0267,4960,3,185482,0.0267,0.0000
694.09,0.9438,1678,0,60000,0.0280,0.9671,0.9195,2465,0,60000,0.0411,0.9900,0.1085,20128,9,185482,0.1085,0.0000,0.0367,6815,3,185482,0.0367,0.0000
694.60,0.9438,1678,0,60000,0.0280,0.9671,0.9195,2465,0,60000,0.0411,0.9900,0.1085,20128,9,185482,0.1085,0.0000,0.0367,6815,3,185482,0.0367,0.0000
695.10,0.9526,554,0,60000,0.0092,0.8683,0.9195,2465,0,60000,0.0411,0.9900,0.1105,20488,9,185482,0.1105,0.0000,0.0410,7612,4,185482,0.0410,0.0000
695.60,0.9642,688,0,60000,0.0115,0.9490,0.9195,2465,0,60000,0.0411,0.9900,0.1105,20488,9,185482,0.1105,0.0000,0.0410,7612,4,185482,0.0410,0.0000
696.10,0.9675,412,0,60000,0.0069,0.8207,0.9195,2465,0,60000,0.0411,0.9900,0.1165,21602,10,185482,0.1165,0.0000,0.0448,8309,5,185482,0.0448,0.0000
696.60,0.9675,412,0,60000,0.0069,0.8207,0.9195,2465,0,60000,0.0411,0.9900,0.1165,21602,10,185482,0.1165,0.0000,0.0448,8309,5,185482,0.0448,0.0000
697.10,0.9675,412,0,60000,0.0069,0.8207,0.9195,2465,0,60000,0.0411,0.9900,0.1165,21602,10,185482,0.1165,0.0000,0.0461,8555,6,185482,0.0461,0.0000
697.60,0.9675,412,0,60000,0.0069,0.8207,0.9195,2465,0,60000,0.0411,0.9900,0.1186,22002,10,185482,0.1186,0.0000,0.0461,8555,6,185482,0.0461,0.0000
698.10,0.9675,412,0,60000,0.0069,0.8207,0.9195,2465,0,60000,0.0411,0.9900,0.1186,22002,10,185482,0.1186,0.0000,0.0300,5564,4,185482,0.0300,0.0000
698.60,0.9675,412,0,60000,0.0069,0.8207,0.9195,2465,0,60000,0.0411,0.9900,0.1208,22402,10,185482,0.1208,0.0000,0.0300,5564,4,185482,0.0300,0.0000
699.10,0.9675,412,0,60000,0.0069,0.8207,0.9195,2465,0,60000,0.0411,0.9900,0.1208,22402,10,185482,0.1208,0.0000,0.0309,5724,4,185482,0.0309,0.0000
699.60,0.9675,412,0,60000,0.0069,0.8207,0.9195,2465,0,60000,0.0411,0.9900,0.1229,22802,10,185482,0.1229,0.0000,0.0309,5724,4,185482,0.0309,0.0000
700.10,0.9609,2071,0,60000,0.0345,0.9778,0.9195,2465,0,60000,0.0411,0.9900,0.1229,22802,10,185482,0.1229,0.0000,0.0317,5884,4,185482,0.0317,0.0000
700.60,0.9609,2071,0,60000,0.0345,0.9778,0.9361,1101,0,60000,0.0184,0.9848,0.1426,26456,12,185482,0.1426,0.0000,0.0317,5884,4,185482,0.0317,0.0000
701.10,0.9609,2071,0,60000,0.0345,0.9778,0.9361,1101,0,60000,0.0184,0.9848,0.1426,26456,12,185482,0.1426,0.0000,0.0326,6044,4,185482,0.0326,0.0000
701.60,0.9609,2071,0,60000,0.0345,0.9778,0.9361,1101,0,60000,0.0184,0.9848,0.1426,26456,12,185482,0.1426,0.0000,0.0326,6044,4,185482,0.0326,0.0000
702.10,0.9609,2071,0,60000,0.0345,0.9778,0.9361,1101,0,60000,0.0184,0.9848,0.1311,24322,11,185482,0.1311,0.0000,0.0334,6204,4,185482,0.0334,0.0000
702.60,0.9609,2071,0,60000,0.0345,0.9778,0.9361,1101,0,60000,0.0184,0.9848,0.1311,24322,11,185482,0.1311,0.0000,0.0334,6204,4,185482,0.0334,0.0000
703.10,0.9609,2071,0,60000,0.0345,0.9778,0.9361,1101,0,60000,0.0184,0.9848,0.1335,24762,11,185482,0.1335,0.0000,0.0343,6364,4,185482,0.0343,0.0000
703.60,0.9609,2071,0,60000,0.0345,0.9778,0.9361,1101,0,60000,0.0184,0.9848,0.1335,24762,11,185482,0.1335,0.0000,0.0343,6364,4,185482,0.0343,0.0000
704.10,0.9543,2583,0,60000,0.0430,0.9931,0.9361,1101,0,60000,0.0184,0.9848,0.1284,23812,9,185482,0.1284,0.0000,0.0237,4390,3,185482,0.0237,0.0000
704.60,0.9543,2583,0,60000,0.0430,0.9931,0.9361,1101,0,60000,0.0184,0.9848,0.1284,23812,9,185482,0.1284,0.0000,0.0237,4390,3,185482,0.0237,0.0000
705.10,0.9543,2583,0,60000,0.0430,0.9931,0.9361,1101,0,60000,0.0184,0.9848,0.1284,23812,9,185482,0.1284,0.0000,0.0243,4510,3,185482,0.0243,0.0000
705.60,0.9543,2583,0,60000,0.0430,0.9931,0.9361,1101,0,60000,0.0184,0.9848,0.1305,24208,10,185482,0.1305,0.0000,0.0243,4510,3,185482,0.0243,0.0000
706.10,0.9543,2583,0,60000,0.0430,0.9931,0.9361,1101,0,60000,0.0184,0.9848,0.1305,24208,10,185482,0.1305,0.0000,0.0250,4630,3,185482,0.0250,0.0000
706.60,0.9669,1081,0,60000,0.0180,0.9827,0.9775,4964,0,60000,0.0827,0.9439,0.1327,24608,10,185482,0.1327,0.0000,0.0250,4630,3,185482,0.0250,0.0000
707.10,0.9669,1081,0,60000,0.0180,0.9827,0.9796,5090,0,60000,0.0848,0.7200,0.1327,24608,10,185482,0.1327,0.0000,0.0326,6050,3,185482,0.0326,0.0000
707.60,0.9669,1081,0,60000,0.0180,0.9827,0.9796,5090,0,60000,0.0848,0.7200,0.1474,27335,12,185482,0.1474,0.0000,0.0326,6050,3,185482,0.0326,0.0000
708.10,0.9669,1081,0,60000,0.0180,0.9827,0.9796,5090,0,60000,0.0848,0.7200,0.1474,27335,12,185482,0.1474,0.0000,0.0334,6194,4,185482,0.0334,0.0000
708.60,0.9669,1081,0,60000,0.0180,0.9827,0.9796,5090,0,60000,0.0848,0.7200,0.1474,27335,12,185482,0.1474,0.0000,0.0334,6194,4,185482,0.0334,0.0000
709.10,0.9669,1081,0,60000,0.0180,0.9827,0.9796,5090,0,60000,0.0848,0.7200,0.1500,27815,12,185482,0.1500,0.0000,0.0343,6354,4,185482,0.0343,0.0000
709.60,0.9669,1081,0,60000,0.0180,0.9827,0.9796,5090,0,60000,0.0848,0.7200,0.1500,27815,12,185482,0.1500,0.0000,0.0343,6354,4,185482,0.0343,0.0000
710.10,0.9669,1081,0,60000,0.0180,0.9827,0.9796,5090,0,60000,0.0848,0.7200,0.1518,28150,11,185482,0.1518,0.0000,0.0351,6514,4,185482,0.0351,0.0000
710.60,0.9669,1081,0,60000,0.0180,0.9827,0.9796,5090,0,60000,0.0848,0.7200,0.1518,28150,11,185482,0.1518,0.0000,0.0351,6514,4,185482,0.0351,0.0000
711.10,0.9669,1081,0,60000,0.0180,0.9827,0.9796,5090,0,60000,0.0848,0.7200,0.1431,26542,9,185482,0.1431,0.0000,0.0360,6674,4,185482,0.0360,0.0000
711.60,0.9669,1081,0,60000,0.0180,0.9827,0.9796,5090,0,60000,0.0848,0.7200,0.1431,26542,9,185482,0.1431,0.0000,0.0360,6674,4,185482,0.0360,0.0000
712.10,0.9685,109,0,60000,0.0018,0.8516,0.9799,38,0,60000,0.0006,0.3193,0.1431,26542,9,185482,0.1431,0.0000,0.0368,6834,4,185482,0.0368,0.0000
712.60,0.9685,109,0,60000,0.0018,0.8516,0.9799,38,0,60000,0.0006,0.3193,0.1108,20554,7,185482,0.1108,0.0000,0.0368,6834,4,185482,0.0368,0.0000
713.10,0.9685,109,0,60000,0.0018,0.8516,0.9799,38,0,60000,0.0006,0.3193,0.1108,20554,7,185482,0.1108,0.0000,0.0329,6110,5,185482,0.0329,0.0000
713.60,0.9797,742,0,60000,0.0124,0.9252,0.9799,38,0,60000,0.0006,0.3193,0.1167,21638,8,185482,0.1167,0.0000,0.0329,6110,5,185482,0.0329,0.0000
714.10,0.9797,742,0,60000,0.0124,0.9252,0.9553,36,0,60000,0.0006,0.7200,0.1167,21638,8,185482,0.1167,0.0000,0.0330,6118,4,185482,0.0330,0.0000
714.60,0.9849,6277,0,60000,0.1046,0.9888,0.9553,36,0,60000,0.0006,0.7200,0.1050,19470,8,185482,0.1050,0.0000,0.0330,6118,4,185482,0.0330,0.0000
715.10,0.9849,6277,0,60000,0.1046,0.9888,0.9553,36,0,60000,0.0006,0.7200,0.1050,19470,8,185482,0.1050,0.0000,0.0265,4914,4,185482,0.0265,0.0000
715.60,0.9849,6277,0,60000,0.1046,0.9888,0.9553,36,0,60000,0.0006,0.7200,0.1248,23143,9,185482,0.1248,0.0000,0.0274,5074,4,185482,0.0274,0.0000
716.10,0.9860,160,0,60000,0.0027,0.4819,0.9553,36,0,60000,0.0006,0.7200,0.1248,23143,9,185482,0.1248,0.0000,0.0274,5074,4,185482,0.0274,0.0000
716.60,0.9860,160,0,60000,0.0027,0.4819,0.9553,36,0,60000,0.0006,0.7200,0.1248,23143,9,185482,0.1248,0.0000,0.0106,1971,3,185482,0.0106,0.0000
717.10,0.9621,1398,0,60000,0.0233,0.9797,0.9553,36,0,60000,0.0006,0.7200,0.1286,23862,10,185482,0.1286,0.0000,0.0106,1971,3,185482,0.0106,0.0000
717.60,0.9621,1398,0,60000,0.0233,0.9797,0.9553,36,0,60000,0.0006,0.7200,0.1286,23862,10,185482,0.1286,0.0000,0.0191,3546,4,185482,0.0191,0.0000
718.10,0.9621,1398,0,60000,0.0233,0.9797,0.9553,36,0,60000,0.0006,0.7200,0.1308,24262,10,185482,0.1308,0.0000,0.0191,3546,4,185482,0.0191,0.0000
718.60,0.9626,0,0,60000,0.0000,0.0000,0.9393,3020,0,60000,0.0503,0.9941,0.1308,24262,10,185482,0.1308,0.0000,0.0200,3706,4,185482,0.0200,0.0000
719.10,0.9626,0,0,60000,0.0000,0.0000,0.9456,3237,0,60000,0.0539,0.9966,0.1669,30966,11,185482,0.1669,0.0000,0.0200,3706,4,185482,0.0200,0.0000
719.60,0.9626,0,0,60000,0.0000,0.0000,0.9456,3237,0,60000,0.0539,0.9966,0.1669,30966,11,185482,0.1669,0.0000,0.0208,3866,4,185482,0.0208,0.0000
720.10,0.9626,0,0,60000,0.0000,0.0000,0.9456,3237,0,60000,0.0539,0.9966,0.1669,30966,11,185482,0.1669,0.0000,0.0208,3866,4,185482,0.0208,0.0000
720.60,0.9626,0,0,60000,0.0000,0.0000,0.9456,3237,0,60000,0.0539,0.9966,0.1439,26685,11,185482,0.1439,0.0000,0.0217,4026,4,185482,0.0217,0.0000
721.10,0.9626,0,0,60000,0.0000,0.0000,0.9456,3237,0,60000,0.0539,0.9966,0.1439,26685,11,185482,0.1439,0.0000,0.0217,4026,4,185482,0.0217,0.0000
721.60,0.9626,0,0,60000,0.0000,0.0000,0.9456,3237,0,60000,0.0539,0.9966,0.1111,20610,9,185482,0.1111,0.0000,0.0226,4186,4,185482,0.0226,0.0000
722.10,0.9626,0,0,60000,0.0000,0.0000,0.9456,3237,0,60000,0.0539,0.9966,0.1111,20610,9,185482,0.1111,0.0000,0.0226,4186,4,185482,0.0226,0.0000
722.60,0.9619,4723,0,60000,0.0787,0.9968,0.9456,3237,0,60000,0.0539,0.9966,0.1386,25708,9,185482,0.1386,0.0000,0.0234,4346,4,185482,0.0234,0.0000
723.10,0.9619,4723,0,60000,0.0787,0.9968,0.9456,3237,0,60000,0.0539,0.9966,0.1386,25708,9,185482,0.1386,0.0000,0.0234,4346,4,185482,0.0234,0.0000
723.60,0.9619,4723,0,60000,0.0787,0.9968,0.8705,3283,0,60000,0.0547,0.9964,0.1386,25708,9,185482,0.1386,0.0000,0.0243,4506,4,185482,0.0243,0.0000
724.10,0.9619,4723,0,60000,0.0787,0.9968,0.8705,3283,0,60000,0.0547,0.9964,0.1584,29388,10,185482,0.1584,0.0000,0.0243,4506,4,185482,0.0243,0.0000
724.60,0.9129,3268,0,60000,0.0545,0.7451,0.8705,3283,0,60000,0.0547,0.9964,0.1584,29388,10,185482,0.1584,0.0000,0.0229,4243,3,185482,0.0229,0.0000
725.10,0.9129,3268,0,60000,0.0545,0.7451,0.8705,3283,0,60000,0.0547,0.9964,0.1433,26583,10,185482,0.1433,0.0000,0.0229,4243,3,185482,0.0229,0.0000
725.60,0.9129,3268,0,60000,0.0545,0.7451,0.8705,3283,0,60000,0.0547,0.9964,0.1433,26583,10,185482,0.1433,0.0000,0.0237,4400,4,185482,0.0237,0.0000
726.10,0.9129,3268,0,60000,0.0545,0.7451,0.8705,3283,0,60000,0.0547,0.9964,0.1455,26983,10,185482,0.1455,0.0000,0.0237,4400,4,185482,0.0237,0.0000
726.60,0.9129,3268,0,60000,0.0545,0.7451,0.8705,3283,0,60000,0.0547,0.9964,0.1455,26983,10,185482,0.1455,0.0000,0.0143,2650,3,185482,0.0143,0.0000
727.10,0.9199,444,0,60000,0.0074,0.9590,0.8705,3283,0,60000,0.0547,0.9964,0.1455,26983,10,185482,0.1455,0.0000,0.0143,2650,3,185482,0.0143,0.0000
727.60,0.9199,444,0,60000,0.0074,0.9590,0.8705,3283,0,60000,0.0547,0.9964,0.1502,27862,11,185482,0.1502,0.0000,0.0149,2770,3,185482,0.0149,0.0000
728.10,0.9199,444,0,60000,0.0074,0.9590,0.8881,3180,0,60000,0.0530,0.9776,0.1502,27862,11,185482,0.1502,0.0000,0.0149,2770,3,185482,0.0149,0.0000
728.60,0.9199,444,0,60000,0.0074,0.9590,0.8881,3180,0,60000,0.0530,0.9776,0.1702,31565,12,185482,0.1702,0.0000,0.0156,2890,3,185482,0.0156,0.0000
729.10,0.9199,444,0,60000,0.0074,0.9590,0.8881,3180,0,60000,0.0530,0.9776,0.1702,31565,12,185482,0.1702,0.0000,0.0156,2890,3,185482,0.0156,0.0000
729.60,0.9199,444,0,60000,0.0074,0.9590,0.9200,1907,0,60000,0.0318,0.9901,0.1702,31565,12,185482,0.1702,0.0000,0.0118,2183,2,185482,0.0118,0.0000
730.10,0.9199,444,0,60000,0.0074,0.9590,0.9200,1907,0,60000,0.0318,0.9901,0.1832,33974,13,185482,0.1832,0.0000,0.0118,2183,2,185482,0.0118,0.0000
730.60,0.9199,444,0,60000,0.0074,0.9590,0.9200,1907,0,60000,0.0318,0.9901,0.1832,33974,13,185482,0.1832,0.0000,0.0122,2263,2,185482,0.0122,0.0000
731.10,0.9199,444,0,60000,0.0074,0.9590,0.9200,1907,0,60000,0.0318,0.9901,0.1572,29160,11,185482,0.1572,0.0000,0.0122,2263,2,185482,0.0122,0.0000
731.60,0.9199,444,0,60000,0.0074,0.9590,0.9200,1907,0,60000,0.0318,0.9901,0.1572,29160,11,185482,0.1572,0.0000,0.0126,2343,2,185482,0.0126,0.0000
732.10,0.9199,444,0,60000,0.0074,0.9590,0.9319,815,0,60000,0.0136,0.9760,0.1548,28721,10,185482,0.1548,0.0000,0.0065,1203,1,185482,0.0065,0.0000
732.60,0.9199,444,0,60000,0.0074,0.9590,0.9319,815,0,60000,0.0136,0.9760,0.1548,28721,10,185482,0.1548,0.0000,0.0065,1203,1,185482,0.0065,0.0000
733.10,0.9199,444,0,60000,0.0074,0.9590,0.9319,815,0,60000,0.0136,0.9760,0.1548,28721,10,185482,0.1548,0.0000,0.0069,1283,2,185482,0.0069,0.0000
733.60,0.9580,4387,0,60000,0.0731,0.6667,0.9319,815,0,60000,0.0136,0.9760,0.1333,24728,8,185482,0.1333,0.0000,0.0069,1283,2,185482,0.0069,0.0000
734.10,0.9580,4387,0,60000,0.0731,0.6667,0.9319,815,0,60000,0.0136,0.9760,0.1333,24728,8,185482,0.1333,0.0000,0.0221,4098,2,185482,0.0221,0.0000
734.60,0.9504,2017,0,60000,0.0336,0.9887,0.9458,861,0,60000,0.0143,0.9631,0.1239,22981,8,185482,0.1239,0.0000,0.0221,4098,2,185482,0.0221,0.0000
735.10,0.9504,2017,0,60000,0.0336,0.9887,0.9458,861,0,60000,0.0143,0.9631,0.1239,22981,8,185482,0.1239,0.0000,0.0385,7143,4,185482,0.0385,0.0000
735.60,0.8973,3102,0,60000,0.0517,0.9652,0.8962,3518,0,60000,0.0586,0.9871,0.1430,26515,8,185482,0.1430,0.0000,0.0385,7143,4,185482,0.0385,0.0000
736.10,0.8973,3102,0,60000,0.0517,0.9652,0.8962,3518,0,60000,0.0586,0.9871,0.1430,26515,8,185482,0.1430,0.0000,0.0410,7614,4,185482,0.0410,0.0000
736.60,0.9214,2055,0,60000,0.0343,0.9837,0.8962,3518,0,60000,0.0586,0.9871,0.1430,26515,8,185482,0.1430,0.0000,0.0410,7614,4,185482,0.0410,0.0000
737.10,0.9214,2055,0,60000,0.0343,0.9837,0.9038,442,0,60000,0.0074,0.9630,0.1475,27358,9,185482,0.1475,0.0000,0.0419,7774,4,185482,0.0419,0.0000
737.60,0.9214,2055,0,60000,0.0343,0.9837,0.9038,442,0,60000,0.0074,0.9630,0.1475,27358,9,185482,0.1475,0.0000,0.0419,7774,4,185482,0.0419,0.0000
738.10,0.9214,2055,0,60000,0.0343,0.9837,0.9038,442,0,60000,0.0074,0.9630,0.1521,28203,10,185482,0.1521,0.0000,0.0428,7934,4,185482,0.0428,0.0000
738.60,0.9214,2055,0,60000,0.0343,0.9837,0.9038,442,0,60000,0.0074,0.9630,0.1521,28203,10,185482,0.1521,0.0000,0.0428,7934,4,185482,0.0428,0.0000
739.10,0.9214,2055,0,60000,0.0343,0.9837,0.9038,442,0,60000,0.0074,0.9630,0.1309,24280,9,185482,0.1309,0.0000,0.0436,8094,4,185482,0.0436,0.0000
739.60,0.9214,2055,0,60000,0.0343,0.9837,0.9038,442,0,60000,0.0074,0.9630,0.1309,24280,9,185482,0.1309,0.0000,0.0436,8094,4,185482,0.0436,0.0000
740.10,0.9214,2055,0,60000,0.0343,0.9837,0.9301,1602,0,60000,0.0267,0.9840,0.1309,24280,9,185482,0.1309,0.0000,0.0533,9889,5,185482,0.0533,0.0000
740.60,0.9214,2055,0,60000,0.0343,0.9837,0.9301,1602,0,60000,0.0267,0.9840,0.1328,24640,9,185482,0.1328,0.0000,0.0533,9889,5,185482,0.0533,0.0000
741.10,0.9214,2055,0,60000,0.0343,0.9837,0.9301,1602,0,60000,0.0267,0.9840,0.1328,24640,9,185482,0.1328,0.0000,0.0544,10089,5,185482,0.0544,0.0000
741.60,0.9214,2055,0,60000,0.0343,0.9837,0.9070,4301,0,60000,0.0717,0.9961,0.1348,25000,9,185482,0.1348,0.0000,0.0544,10089,5,185482,0.0544,0.0000
742.10,0.9214,2055,0,60000,0.0343,0.9837,0.9070,4301,0,60000,0.0717,0.9961,0.1348,25000,9,185482,0.1348,0.0000,0.0555,10289,5,185482,0.0555,0.0000
742.60,0.9214,2055,0,60000,0.0343,0.9837,0.9070,4301,0,60000,0.0717,0.9961,0.1601,29699,10,185482,0.1601,0.0000,0.0555,10289,5,185482,0.0555,0.0000
743.10,0.9214,2055,0,60000,0.0343,0.9837,0.9070,4301,0,60000,0.0717,0.9961,0.1601,29699,10,185482,0.1601,0.0000,0.0358,6635,4,185482,0.0358,0.0000
743.60,0.9214,2055,0,60000,0.0343,0.9837,0.9070,4301,0,60000,0.0717,0.9961,0.1601,29699,10,185482,0.1601,0.0000,0.0358,6635,4,185482,0.0358,0.0000
744.10,0.9214,2055,0,60000,0.0343,0.9837,0.9070,4301,0,60000,0.0717,0.9961,0.1623,30099,10,185482,0.1623,0.0000,0.0366,6795,4,185482,0.0366,0.0000
744.60,0.9214,2055,0,60000,0.0343,0.9837,0.9070,4301,0,60000,0.0717,0.9961,0.1623,30099,10,185482,0.1623,0.0000,0.0366,6795,4,185482,0.0366,0.0000
745.10,0.9214,2055,0,60000,0.0343,0.9837,0.9070,4301,0,60000,0.0717,0.9961,0.1644,30499,10,185482,0.1644,0.0000,0.0375,6955,4,185482,0.0375,0.0000
745.60,0.9214,2055,0,60000,0.0343,0.9837,0.9070,4301,0,60000,0.0717,0.9961,0.1644,30499,10,185482,0.1644,0.0000,0.0375,6955,4,185482,0.0375,0.0000
746.10,0.9214,2055,0,60000,0.0343,0.9837,0.9070,4301,0,60000,0.0717,0.9961,0.1606,29780,9,185482,0.1606,0.0000,0.0384,7115,4,185482,0.0384,0.0000
746.60,0.9214,2055,0,60000,0.0343,0.9837,0.9070,4301,0,60000,0.0717,0.9961,0.1606,29780,9,185482,0.1606,0.0000,0.0384,7115,4,185482,0.0384,0.0000
747.10,0.9214,2055,0,60000,0.0343,0.9837,0.9070,4301,0,60000,0.0717,0.9961,0.1606,29780,9,185482,0.1606,0.0000,0.0392,7275,4,185482,0.0392,0.0000
747.60,0.9214,2055,0,60000,0.0343,0.9837,0.9070,4301,0,60000,0.0717,0.9961,0.1489,27611,8,185482,0.1489,0.0000,0.0392,7275,4,185482,0.0392,0.0000
748.10,0.9214,2055,0,60000,0.0343,0.9837,0.9070,4301,0,60000,0.0717,0.9961,0.1489,27611,8,185482,0.1489,0.0000,0.0401,7435,4,185482,0.0401,0.0000
748.60,0.9325,1097,0,60000,0.0183,0.9821,0.9070,4301,0,60000,0.0717,0.9961,0.1096,20336,6,185482,0.1096,0.0000,0.0401,7435,4,185482,0.0401,0.0000
749.10,0.9325,1097,0,60000,0.0183,0.9821,0.9070,4301,0,60000,0.0717,0.9961,0.1096,20336,6,185482,0.1096,0.0000,0.0409,7595,4,185482,0.0409,0.0000
749.60,0.9325,1097,0,60000,0.0183,0.9821,0.9070,4301,0,60000,0.0717,0.9961,0.0646,11986,5,185482,0.0646,0.0000,0.0409,7595,4,185482,0.0409,0.0000
750.10,0.9325,1097,0,60000,0.0183,0.9821,0.9070,4301,0,60000,0.0717,0.9961,0.0646,11986,5,185482,0.0646,0.0000,0.0418,7755,4,185482,0.0418,0.0000
750.60,0.9325,1097,0,60000,0.0183,0.9821,0.9070,4301,0,60000,0.0717,0.9961,0.0657,12186,5,185482,0.0657,0.0000,0.0418,7755,4,185482,0.0418,0.0000
751.10,0.9325,1097,0,60000,0.0183,0.9821,0.9070,4301,0,60000,0.0717,0.9961,0.0657,12186,5,185482,0.0657,0.0000,0.0427,7915,4,185482,0.0427,0.0000
751.60,0.9328,3214,0,60000,0.0536,0.8762,0.9070,4301,0,60000,0.0717,0.9961,0.0668,12386,5,185482,0.0668,0.0000,0.0427,7915,4,185482,0.0427,0.0000
752.10,0.9059,7693,0,60000,0.1282,0.9946,0.8427,5612,0,60000,0.0935,0.9972,0.0668,12386,5,185482,0.0668,0.0000,0.0854,15839,5,185482,0.0854,0.0000
752.60,0.9059,7693,0,60000,0.1282,0.9946,0.8427,5612,0,60000,0.0935,0.9972,0.0668,12386,5,185482,0.0668,0.0000,0.0854,15839,5,185482,0.0854,0.0000
753.10,0.9059,7693,0,60000,0.1282,0.9946,0.8427,5612,0,60000,0.0935,0.9972,0.0982,18223,6,185482,0.0982,0.0000,0.0774,14364,4,185482,0.0774,0.0000
753.60,0.9059,7693,0,60000,0.1282,0.9946,0.8427,5612,0,60000,0.0935,0.9972,0.0982,18223,6,185482,0.0982,0.0000,0.0774,14364,4,185482,0.0774,0.0000
754.10,0.9059,7693,0,60000,0.1282,0.9946,0.8427,5612,0,60000,0.0935,0.9972,0.0939,17415,5,185482,0.0939,0.0000,0.0774,14364,4,185482,0.0774,0.0000
754.60,0.9059,7693,0,60000,0.1282,0.9946,0.8427,5612,0,60000,0.0935,0.9972,0.0939,17415,5,185482,0.0939,0.0000,0.0785,14558,5,185482,0.0785,0.0000
755.10,0.9059,7693,0,60000,0.1282,0.9946,0.8427,5612,0,60000,0.0935,0.9972,0.0950,17615,5,185482,0.0950,0.0000,0.0785,14558,5,185482,0.0785,0.0000
755.60,0.9059,7693,0,60000,0.1282,0.9946,0.8566,1648,0,60000,0.0275,0.9862,0.0950,17615,5,185482,0.0950,0.0000,0.0796,14758,5,185482,0.0796,0.0000
756.10,0.9059,7693,0,60000,0.1282,0.9946,0.8566,1648,0,60000,0.0275,0.9862,0.0960,17815,5,185482,0.0960,0.0000,0.0796,14758,5,185482,0.0796,0.0000
756.60,0.9225,1027,0,60000,0.0171,0.9772,0.8566,1648,0,60000,0.0275,0.9862,0.0960,17815,5,185482,0.0960,0.0000,0.0859,15942,5,185482,0.0859,0.0000
757.10,0.9225,1027,0,60000,0.0171,0.9772,0.8566,1648,0,60000,0.0275,0.9862,0.0971,18015,5,185482,0.0971,0.0000,0.0859,15942,5,185482,0.0859,0.0000
757.60,0.9225,1027,0,60000,0.0171,0.9772,0.8566,1648,0,60000,0.0275,0.9862,0.0971,18015,5,185482,0.0971,0.0000,0.0872,16180,6,185482,0.0872,0.0000
758.10,0.9225,1027,0,60000,0.0171,0.9772,0.8566,1648,0,60000,0.0275,0.9862,0.0829,15369,4,185482,0.0829,0.0000,0.0872,16180,6,185482,0.0872,0.0000
758.60,0.9225,1027,0,60000,0.0171,0.9772,0.8566,1648,0,60000,0.0275,0.9862,0.0829,15369,4,185482,0.0829,0.0000,0.0725,13440,5,185482,0.0725,0.0000
759.10,0.9225,1027,0,60000,0.0171,0.9772,0.8566,1648,0,60000,0.0275,0.9862,0.0829,15369,4,185482,0.0829,0.0000,0.0725,13440,5,185482,0.0725,0.0000
759.60,0.9225,1027,0,60000,0.0171,0.9772,0.8566,1648,0,60000,0.0275,0.9862,0.0837,15529,4,185482,0.0837,0.0000,0.0735,13640,5,185482,0.0735,0.0000
760.10,0.9225,1027,0,60000,0.0171,0.9772,0.8566,1648,0,60000,0.0275,0.9862,0.0837,15529,4,185482,0.0837,0.0000,0.0735,13640,5,185482,0.0735,0.0000
760.60,0.9225,1027,0,60000,0.0171,0.9772,0.8566,1648,0,60000,0.0275,0.9862,0.0846,15689,4,185482,0.0846,0.0000,0.0746,13840,5,185482,0.0746,0.0000
761.10,0.9225,1027,0,60000,0.0171,0.9772,0.8566,1648,0,60000,0.0275,0.9862,0.0846,15689,4,185482,0.0846,0.0000,0.0746,13840,5,185482,0.0746,0.0000
761.60,0.9225,1027,0,60000,0.0171,0.9772,0.8566,1648,0,60000,0.0275,0.9862,0.0854,15849,4,185482,0.0854,0.0000,0.0757,14040,5,185482,0.0757,0.0000
762.10,0.9225,1027,0,60000,0.0171,0.9772,0.8566,1648,0,60000,0.0275,0.9862,0.0854,15849,4,185482,0.0854,0.0000,0.0757,14040,5,185482,0.0757,0.0000
762.60,0.9225,1027,0,60000,0.0171,0.9772,0.8566,1648,0,60000,0.0275,0.9862,0.0863,16009,4,185482,0.0863,0.0000,0.0768,14240,5,185482,0.0768,0.0000
763.10,0.9225,1027,0,60000,0.0171,0.9772,0.8566,1648,0,60000,0.0275,0.9862,0.0863,16009,4,185482,0.0863,0.0000,0.0768,14240,5,185482,0.0768,0.0000
763.60,0.9225,1027,0,60000,0.0171,0.9772,0.8566,1648,0,60000,0.0275,0.9862,0.0690,12805,3,185482,0.0690,0.0000,0.0768,14240,5,185482,0.0768,0.0000
764.10,0.9225,1027,0,60000,0.0171,0.9772,0.8566,1648,0,60000,0.0275,0.9862,0.0690,12805,3,185482,0.0690,0.0000,0.0779,14440,5,185482,0.0779,0.0000
764.60,0.9225,1027,0,60000,0.0171,0.9772,0.8566,1648,0,60000,0.0275,0.9862,0.0697,12925,3,185482,0.0697,0.0000,0.0779,14440,5,185482,0.0779,0.0000
765.10,0.9225,1027,0,60000,0.0171,0.9772,0.8566,1648,0,60000,0.0275,0.9862,0.0697,12925,3,185482,0.0697,0.0000,0.0649,12045,4,185482,0.0649,0.0000
765.61,0.9225,1027,0,60000,0.0171,0.9772,0.8566,1648,0,60000,0.0275,0.9862,0.0609,11296,2,185482,0.0609,0.0000,0.0649,12045,4,185482,0.0649,0.0000
766.11,0.9225,1027,0,60000,0.0171,0.9772,0.8566,1648,0,60000,0.0275,0.9862,0.0609,11296,2,185482,0.0609,0.0000,0.0658,12205,4,185482,0.0658,0.0000
766.61,0.9225,1027,0,60000,0.0171,0.9772,0.8566,1648,0,60000,0.0275,0.9862,0.0613,11376,2,185482,0.0613,0.0000,0.0658,12205,4,185482,0.0658,0.0000
767.11,0.9225,1027,0,60000,0.0171,0.9772,0.8566,1648,0,60000,0.0275,0.9862,0.0613,11376,2,185482,0.0613,0.0000,0.0667,12365,4,185482,0.0667,0.0000
767.61,0.9225,1027,0,60000,0.0171,0.9772,0.8566,1648,0,60000,0.0275,0.9862,0.0618,11456,2,185482,0.0618,0.0000,0.0667,12365,4,185482,0.0667,0.0000
768.11,0.9225,1027,0,60000,0.0171,0.9772,0.8566,1648,0,60000,0.0275,0.9862,0.0618,11456,2,185482,0.0618,0.0000,0.0675,12525,4,185482,0.0675,0.0000
768.61,0.9225,1027,0,60000,0.0171,0.9772,0.8852,1746,0,60000,0.0291,0.9904,0.0717,13299,2,185482,0.0717,0.0000,0.0675,12525,4,185482,0.0675,0.0000
769.11,0.9225,1027,0,60000,0.0171,0.9772,0.8852,1746,0,60000,0.0291,0.9904,0.0717,13299,2,185482,0.0717,0.0000,0.0684,12685,4,185482,0.0684,0.0000
769.61,0.9225,1027,0,60000,0.0171,0.9772,0.8852,1746,0,60000,0.0291,0.9904,0.0723,13415,3,185482,0.0723,0.0000,0.0684,12685,4,185482,0.0684,0.0000
770.11,0.9225,1027,0,60000,0.0171,0.9772,0.8852,1746,0,60000,0.0291,0.9904,0.0723,13415,3,185482,0.0723,0.0000,0.0693,12845,4,185482,0.0693,0.0000
770.61,0.9225,1027,0,60000,0.0171,0.9772,0.8852,1746,0,60000,0.0291,0.9904,0.0440,8156,2,185482,0.0440,0.0000,0.0693,12845,4,185482,0.0693,0.0000
771.11,0.9225,1027,0,60000,0.0171,0.9772,0.8852,1746,0,60000,0.0291,0.9904,0.0440,8156,2,185482,0.0440,0.0000,0.0464,8604,3,185482,0.0464,0.0000
771.61,0.9225,1027,0,60000,0.0171,0.9772,0.8852,1746,0,60000,0.0291,0.9904,0.0444,8236,2,185482,0.0444,0.0000,0.0464,8604,3,185482,0.0464,0.0000
772.11,0.9225,1027,0,60000,0.0171,0.9772,0.8852,1746,0,60000,0.0291,0.9904,0.0444,8236,2,185482,0.0444,0.0000,0.0470,8724,3,185482,0.0470,0.0000
772.61,0.9225,1027,0,60000,0.0171,0.9772,0.8852,1746,0,60000,0.0291,0.9904,0.0103,1919,1,185482,0.0103,0.0000,0.0470,8724,3,185482,0.0470,0.0000
773.11,0.9225,1027,0,60000,0.0171,0.9772,0.8852,1746,0,60000,0.0291,0.9904,0.0103,1919,1,185482,0.0103,0.0000,0.0477,8844,3,185482,0.0477,0.0000
773.61,0.9225,1027,0,60000,0.0171,0.9772,0.8852,1746,0,60000,0.0291,0.9904,0.0106,1959,1,185482,0.0106,0.0000,0.0477,8844,3,185482,0.0477,0.0000
774.11,0.9225,1027,0,60000,0.0171,0.9772,0.8852,1746,0,60000,0.0291,0.9904,0.0106,1959,1,185482,0.0106,0.0000,0.0483,8964,3,185482,0.0483,0.0000
774.61,0.9225,1027,0,60000,0.0171,0.9772,0.8852,1746,0,60000,0.0291,0.9904,0.0108,1999,1,185482,0.0108,0.0000,0.0483,8964,3,185482,0.0483,0.0000
775.11,0.9225,1027,0,60000,0.0171,0.9772,0.8852,1746,0,60000,0.0291,0.9904,0.0108,1999,1,185482,0.0108,0.0000,0.0225,4167,2,185482,0.0225,0.0000
775.61,0.8142,6390,0,60000,0.1065,0.9978,0.8852,1746,0,60000,0.0291,0.9904,0.0110,2039,1,185482,0.0110,0.0000,0.0225,4167,2,185482,0.0225,0.0000
776.11,0.8142,6390,0,60000,0.1065,0.9978,0.8852,1746,0,60000,0.0291,0.9904,0.0110,2039,1,185482,0.0110,0.0000,0.0229,4247,2,185482,0.0229,0.0000
776.61,0.8142,6390,0,60000,0.1065,0.9978,0.8852,1746,0,60000,0.0291,0.9904,0.0458,8494,2,185482,0.0458,0.0000,0.0229,4247,2,185482,0.0229,0.0000
777.11,0.8142,6390,0,60000,0.1065,0.9978,0.8852,1746,0,60000,0.0291,0.9904,0.0458,8494,2,185482,0.0458,0.0000,0.0229,4247,2,185482,0.0229,0.0000
777.61,0.8142,6390,0,60000,0.1065,0.9978,0.8852,1746,0,60000,0.0291,0.9904,0.0462,8574,2,185482,0.0462,0.0000,0.0229,4247,2,185482,0.0229,0.0000
778.11,0.8142,6390,0,60000,0.1065,0.9978,0.8852,1746,0,60000,0.0291,0.9904,0.0462,8574,2,185482,0.0462,0.0000,0.0229,4247,2,185482,0.0229,0.0000
778.61,0.8145,0,0,60000,0.0000,0.0000,0.8855,0,0,60000,0.0000,0.0000,0.0467,8654,2,185482,0.0467,0.0000,0.0000,0,1,185482,0.0000,0.0000
779.11,0.8145,0,0,60000,0.0000,0.0000,0.8855,0,0,60000,0.0000,0.0000,0.0467,8654,2,185482,0.0467,0.0000,0.0000,0,1,185482,0.0000,0.0000
779.61,0.8145,0,0,60000,0.0000,0.0000,0.8855,0,0,60000,0.0000,0.0000,0.0471,8734,2,185482,0.0471,0.0000,0.0000,0,1,185482,0.0000,0.0000
780.11,0.8551,2475,0,60000,0.0413,0.9920,0.9085,1843,0,60000,0.0307,0.9824,0.0471,8734,2,185482,0.0471,0.0000,0.0000,0,1,185482,0.0000,0.0000
780.61,0.8551,2475,0,60000,0.0413,0.9920,0.9085,1843,0,60000,0.0307,0.9824,0.0610,11316,3,185482,0.0610,0.0000,0.0000,0,1,185482,0.0000,0.0000
781.11,0.8551,2475,0,60000,0.0413,0.9920,0.9085,1843,0,60000,0.0307,0.9824,0.0610,11316,3,185482,0.0610,0.0000,0.0000,0,1,185482,0.0000,0.0000
781.61,0.8551,2475,0,60000,0.0413,0.9920,0.9085,1843,0,60000,0.0307,0.9824,0.0617,11436,3,185482,0.0617,0.0000,0.0103,1917,1,185482,0.0103,0.0000
782.11,0.8551,2475,0,60000,0.0413,0.9920,0.9085,1843,0,60000,0.0307,0.9824,0.0617,11436,3,185482,0.0617,0.0000,0.0103,1917,1,185482,0.0103,0.0000
782.61,0.8551,2475,0,60000,0.0413,0.9920,0.9085,1843,0,60000,0.0307,0.9824,0.0623,11556,3,185482,0.0623,0.0000,0.0106,1957,1,185482,0.0106,0.0000
783.11,0.8551,2475,0,60000,0.0413,0.9920,0.9085,1843,0,60000,0.0307,0.9824,0.0623,11556,3,185482,0.0623,0.0000,0.0106,1957,1,185482,0.0106,0.0000
783.61,0.8551,2475,0,60000,0.0413,0.9920,0.9085,1843,0,60000,0.0307,0.9824,0.0502,9317,2,185482,0.0502,0.0000,0.0108,1997,1,185482,0.0108,0.0000
784.11,0.8551,2475,0,60000,0.0413,0.9920,0.9085,1843,0,60000,0.0307,0.9824,0.0502,9317,2,185482,0.0502,0.0000,0.0110,2037,1,185482,0.0110,0.0000
784.61,0.8551,2475,0,60000,0.0413,0.9920,0.9085,1843,0,60000,0.0307,0.9824,0.0507,9397,2,185482,0.0507,0.0000,0.0110,2037,1,185482,0.0110,0.0000
785.11,0.8551,2475,0,60000,0.0413,0.9920,0.9085,1843,0,60000,0.0307,0.9824,0.0507,9397,2,185482,0.0507,0.0000,0.0112,2077,1,185482,0.0112,0.0000
785.61,0.8551,2475,0,60000,0.0413,0.9920,0.9184,2323,0,60000,0.0387,0.9919,0.0511,9477,2,185482,0.0511,0.0000,0.0112,2077,1,185482,0.0112,0.0000
786.11,0.8551,2475,0,60000,0.0413,0.9920,0.9184,2323,0,60000,0.0387,0.9919,0.0511,9477,2,185482,0.0511,0.0000,0.0114,2117,1,185482,0.0114,0.0000
786.61,0.8551,2475,0,60000,0.0413,0.9920,0.9184,2323,0,60000,0.0387,0.9919,0.0643,11925,3,185482,0.0643,0.0000,0.0114,2117,1,185482,0.0114,0.0000
787.11,0.8551,2475,0,60000,0.0413,0.9920,0.9184,2323,0,60000,0.0387,0.9919,0.0643,11925,3,185482,0.0643,0.0000,0.0116,2157,1,185482,0.0116,0.0000
787.61,0.8551,2475,0,60000,0.0413,0.9920,0.9184,2323,0,60000,0.0387,0.9919,0.0649,12045,3,185482,0.0649,0.0000,0.0116,2157,1,185482,0.0116,0.0000
788.11,0.8551,2475,0,60000,0.0413,0.9920,0.9184,2323,0,60000,0.0387,0.9919,0.0649,12045,3,185482,0.0649,0.0000,0.0118,2197,1,185482,0.0118,0.0000
788.61,0.8551,2475,0,60000,0.0413,0.9920,0.9184,2323,0,60000,0.0387,0.9919,0.0656,12165,3,185482,0.0656,0.0000,0.0118,2197,1,185482,0.0118,0.0000
789.11,0.8551,2475,0,60000,0.0413,0.9920,0.9184,2323,0,60000,0.0387,0.9919,0.0656,12165,3,185482,0.0656,0.0000,0.0121,2237,1,185482,0.0121,0.0000
789.61,0.8551,2475,0,60000,0.0413,0.9920,0.9184,2323,0,60000,0.0387,0.9919,0.0662,12285,3,185482,0.0662,0.0000,0.0121,2237,1,185482,0.0121,0.0000
790.11,0.8551,2475,0,60000,0.0413,0.9920,0.9184,2323,0,60000,0.0387,0.9919,0.0662,12285,3,185482,0.0662,0.0000,0.0123,2277,1,185482,0.0123,0.0000
790.61,0.8551,2475,0,60000,0.0413,0.9920,0.9184,2323,0,60000,0.0387,0.9919,0.0669,12405,3,185482,0.0669,0.0000,0.0125,2317,1,185482,0.0125,0.0000
791.11,0.8551,2475,0,60000,0.0413,0.9920,0.9184,2323,0,60000,0.0387,0.9919,0.0669,12405,3,185482,0.0669,0.0000,0.0125,2317,1,185482,0.0125,0.0000
791.61,0.8551,2475,0,60000,0.0413,0.9920,0.9184,2323,0,60000,0.0387,0.9919,0.0669,12405,3,185482,0.0669,0.0000,0.0127,2357,1,185482,0.0127,0.0000
792.11,0.8551,2475,0,60000,0.0413,0.9920,0.9184,2323,0,60000,0.0387,0.9919,0.0675,12525,3,185482,0.0675,0.0000,0.0127,2357,1,185482,0.0127,0.0000
792.61,0.8551,2475,0,60000,0.0413,0.9920,0.9184,2323,0,60000,0.0387,0.9919,0.0675,12525,3,185482,0.0675,0.0000,0.0129,2397,1,185482,0.0129,0.0000
793.11,0.8551,2475,0,60000,0.0413,0.9920,0.9184,2323,0,60000,0.0387,0.9919,0.0682,12645,3,185482,0.0682,0.0000,0.0129,2397,1,185482,0.0129,0.0000
793.61,0.8551,2475,0,60000,0.0413,0.9920,0.9184,2323,0,60000,0.0387,0.9919,0.0682,12645,3,185482,0.0682,0.0000,0.0131,2437,1,185482,0.0131,0.0000
794.11,0.8551,2475,0,60000,0.0413,0.9920,0.9184,2323,0,60000,0.0387,0.9919,0.0688,12765,3,185482,0.0688,0.0000,0.0131,2437,1,185482,0.0131,0.0000
794.61,0.8551,2475,0,60000,0.0413,0.9920,0.9184,2323,0,60000,0.0387,0.9919,0.0688,12765,3,185482,0.0688,0.0000,0.0134,2477,1,185482,0.0134,0.0000
795.11,0.8551,2475,0,60000,0.0413,0.9920,0.9184,2323,0,60000,0.0387,0.9919,0.0695,12885,3,185482,0.0695,0.0000,0.0134,2477,1,185482,0.0134,0.0000
795.61,0.8551,2475,0,60000,0.0413,0.9920,0.9184,2323,0,60000,0.0387,0.9919,0.0695,12885,3,185482,0.0695,0.0000,0.0136,2517,1,185482,0.0136,0.0000
796.11,0.8551,2475,0,60000,0.0413,0.9920,0.9184,2323,0,60000,0.0387,0.9919,0.0701,13005,3,185482,0.0701,0.0000,0.0136,2517,1,185482,0.0136,0.0000
796.61,0.8551,2475,0,60000,0.0413,0.9920,0.9184,2323,0,60000,0.0387,0.9919,0.0701,13005,3,185482,0.0701,0.0000,0.0138,2557,1,185482,0.0138,0.0000
797.11,0.8551,2475,0,60000,0.0413,0.9920,0.9184,2323,0,60000,0.0387,0.9919,0.0708,13125,3,185482,0.0708,0.0000,0.0138,2557,1,185482,0.0138,0.0000
797.61,0.8551,2475,0,60000,0.0413,0.9920,0.9184,2323,0,60000,0.0387,0.9919,0.0708,13125,3,185482,0.0708,0.0000,0.0000,0,1,185482,0.0000,0.0000
798.11,0.8551,2475,0,60000,0.0413,0.9920,0.9184,2323,0,60000,0.0387,0.9919,0.0714,13245,3,185482,0.0714,0.0000,0.0000,0,1,185482,0.0000,0.0000
798.61,0.8551,2475,0,60000,0.0413,0.9920,0.9184,2323,0,60000,0.0387,0.9919,0.0714,13245,3,185482,0.0714,0.0000,0.0000,0,1,185482,0.0000,0.0000
799.11,0.8551,2475,0,60000,0.0413,0.9920,0.9184,2323,0,60000,0.0387,0.9919,0.0721,13365,3,185482,0.0721,0.0000,0.0000,0,1,185482,0.0000,0.0000
799.61,0.8551,2475,0,60000,0.0413,0.9920,0.9184,2323,0,60000,0.0387,0.9919,0.0721,13365,3,185482,0.0721,0.0000,0.0000,0,1,185482,0.0000,0.0000
800.11,0.8551,2475,0,60000,0.0413,0.9920,0.9184,2323,0,60000,0.0387,0.9919,0.0727,13485,3,185482,0.0727,0.0000,0.0000,0,1,185482,0.0000,0.0000
800.61,0.8811,2595,0,60000,0.0432,0.9931,0.9184,2323,0,60000,0.0387,0.9919,0.0727,13485,3,185482,0.0727,0.0000,0.0000,0,1,185482,0.0000,0.0000
801.11,0.8811,2595,0,60000,0.0432,0.9931,0.9184,2323,0,60000,0.0387,0.9919,0.0876,16239,4,185482,0.0876,0.0000,0.0000,0,1,185482,0.0000,0.0000
801.61,0.8811,2595,0,60000,0.0432,0.9931,0.9184,2323,0,60000,0.0387,0.9919,0.0876,16239,4,185482,0.0876,0.0000,0.0000,0,1,185482,0.0000,0.0000
802.11,0.8811,2595,0,60000,0.0432,0.9931,0.9184,2323,0,60000,0.0387,0.9919,0.0884,16399,4,185482,0.0884,0.0000,0.0000,0,1,185482,0.0000,0.0000
802.61,0.8811,2595,0,60000,0.0432,0.9931,0.9184,2323,0,60000,0.0387,0.9919,0.0884,16399,4,185482,0.0884,0.0000,0.0000,0,1,185482,0.0000,0.0000
803.11,0.8811,2595,0,60000,0.0432,0.9931,0.9184,2323,0,60000,0.0387,0.9919,0.0491,9104,3,185482,0.0491,0.0000,0.0000,0,1,185482,0.0000,0.0000
803.61,0.8811,2595,0,60000,0.0432,0.9931,0.9184,2323,0,60000,0.0387,0.9919,0.0491,9104,3,185482,0.0491,0.0000,0.0000,0,1,185482,0.0000,0.0000
804.11,0.8811,2595,0,60000,0.0432,0.9931,0.9184,2323,0,60000,0.0387,0.9919,0.0497,9224,3,185482,0.0497,0.0000,0.0000,0,1,185482,0.0000,0.0000
804.61,0.8811,2595,0,60000,0.0432,0.9931,0.9184,2323,0,60000,0.0387,0.9919,0.0497,9224,3,185482,0.0497,0.0000,0.0000,0,1,185482,0.0000,0.0000
805.11,0.8811,2595,0,60000,0.0432,0.9931,0.9184,2323,0,60000,0.0387,0.9919,0.0497,9224,3,185482,0.0497,0.0000,0.0000,0,1,185482,0.0000,0.0000
805.61,0.8811,2595,0,60000,0.0432,0.9931,0.9184,2323,0,60000,0.0387,0.9919,0.0151,2794,2,185482,0.0151,0.0000,0.0000,0,1,185482,0.0000,0.0000
806.11,0.8811,2595,0,60000,0.0432,0.9931,0.9184,2323,0,60000,0.0387,0.9919,0.0153,2834,1,185482,0.0153,0.0000,0.0000,0,1,185482,0.0000,0.0000
806.61,0.8811,2595,0,60000,0.0432,0.9931,0.9184,2323,0,60000,0.0387,0.9919,0.0153,2834,1,185482,0.0153,0.0000,0.0000,0,1,185482,0.0000,0.0000
807.11,0.8811,2595,0,60000,0.0432,0.9931,0.9184,2323,0,60000,0.0387,0.9919,0.0155,2874,1,185482,0.0155,0.0000,0.0000,0,1,185482,0.0000,0.0000
807.61,0.8811,2595,0,60000,0.0432,0.9931,0.9184,2323,0,60000,0.0387,0.9919,0.0155,2874,1,185482,0.0155,0.0000,0.0000,0,1,185482,0.0000,0.0000
808.11,0.8811,2595,0,60000,0.0432,0.9931,0.9483,3442,0,60000,0.0574,0.9942,0.0157,2914,1,185482,0.0157,0.0000,0.0000,0,1,185482,0.0000,0.0000
808.61,0.9143,3086,0,60000,0.0514,0.9920,0.9483,3442,0,60000,0.0574,0.9942,0.0157,2914,1,185482,0.0157,0.0000,0.0000,0,1,185482,0.0000,0.0000
809.11,0.9143,3086,0,60000,0.0514,0.9920,0.9483,3442,0,60000,0.0574,0.9942,0.0159,2954,1,185482,0.0159,0.0000,0.0357,6614,1,185482,0.0357,0.0000
809.61,0.9143,3086,0,60000,0.0514,0.9920,0.9483,3442,0,60000,0.0574,0.9942,0.0159,2954,1,185482,0.0159,0.0000,0.0357,6614,1,185482,0.0357,0.0000
810.11,0.9143,3086,0,60000,0.0514,0.9920,0.9483,3442,0,60000,0.0574,0.9942,0.0161,2994,1,185482,0.0161,0.0000,0.0359,6654,1,185482,0.0359,0.0000
810.61,0.9143,3086,0,60000,0.0514,0.9920,0.9483,3442,0,60000,0.0574,0.9942,0.0161,2994,1,185482,0.0161,0.0000,0.0359,6654,1,185482,0.0359,0.0000
811.11,0.9143,3086,0,60000,0.0514,0.9920,0.9483,3442,0,60000,0.0574,0.9942,0.0164,3034,1,185482,0.0164,0.0000,0.0362,6715,2,185482,0.0362,0.0000
811.61,0.9143,3086,0,60000,0.0514,0.9920,0.9483,3442,0,60000,0.0574,0.9942,0.0164,3034,1,185482,0.0164,0.0000,0.0362,6715,2,185482,0.0362,0.0000
812.11,0.9143,3086,0,60000,0.0514,0.9920,0.9483,3442,0,60000,0.0574,0.9942,0.0166,3074,1,185482,0.0166,0.0000,0.0366,6795,2,185482,0.0366,0.0000
812.61,0.9143,3086,0,60000,0.0514,0.9920,0.9483,3442,0,60000,0.0574,0.9942,0.0166,3074,1,185482,0.0166,0.0000,0.0366,6795,2,185482,0.0366,0.0000
813.11,0.9143,3086,0,60000,0.0514,0.9920,0.9483,3442,0,60000,0.0574,0.9942,0.0168,3114,1,185482,0.0168,0.0000,0.0371,6875,2,185482,0.0371,0.0000
813.61,0.9143,3086,0,60000,0.0514,0.9920,0.9483,3442,0,60000,0.0574,0.9942,0.0170,3154,1,185482,0.0170,0.0000,0.0371,6875,2,185482,0.0371,0.0000
814.11,0.9143,3086,0,60000,0.0514,0.9920,0.9483,3442,0,60000,0.0574,0.9942,0.0170,3154,1,185482,0.0170,0.0000,0.0375,6955,2,185482,0.0375,0.0000
814.61,0.9143,3086,0,60000,0.0514,0.9920,0.9483,3442,0,60000,0.0574,0.9942,0.0172,3194,1,185482,0.0172,0.0000,0.0375,6955,2,185482,0.0375,0.0000
815.11,0.9143,3086,0,60000,0.0514,0.9920,0.9483,3442,0,60000,0.0574,0.9942,0.0172,3194,1,185482,0.0172,0.0000,0.0379,7035,2,185482,0.0379,0.0000
815.61,0.9143,3086,0,60000,0.0514,0.9920,0.9483,3442,0,60000,0.0574,0.9942,0.0174,3234,1,185482,0.0174,0.0000,0.0379,7035,2,185482,0.0379,0.0000
816.11,0.9143,3086,0,60000,0.0514,0.9920,0.9483,3442,0,60000,0.0574,0.9942,0.0174,3234,1,185482,0.0174,0.0000,0.0384,7115,2,185482,0.0384,0.0000
816.61,0.9143,3086,0,60000,0.0514,0.9920,0.9483,3442,0,60000,0.0574,0.9942,0.0177,3274,1,185482,0.0177,0.0000,0.0384,7115,2,185482,0.0384,0.0000
817.11,0.9143,3086,0,60000,0.0514,0.9920,0.9483,3442,0,60000,0.0574,0.9942,0.0177,3274,1,185482,0.0177,0.0000,0.0388,7195,2,185482,0.0388,0.0000
817.61,0.9143,3086,0,60000,0.0514,0.9920,0.9483,3442,0,60000,0.0574,0.9942,0.0179,3314,1,185482,0.0179,0.0000,0.0388,7195,2,185482,0.0388,0.0000
818.11,0.9143,3086,0,60000,0.0514,0.9920,0.9483,3442,0,60000,0.0574,0.9942,0.0179,3314,1,185482,0.0179,0.0000,0.0392,7275,2,185482,0.0392,0.0000
818.61,0.9143,3086,0,60000,0.0514,0.9920,0.9483,3442,0,60000,0.0574,0.9942,0.0179,3314,1,185482,0.0179,0.0000,0.0392,7275,2,185482,0.0392,0.0000
819.11,0.9143,3086,0,60000,0.0514,0.9920,0.9483,3442,0,60000,0.0574,0.9942,0.0179,3314,1,185482,0.0179,0.0000,0.0397,7355,2,185482,0.0397,0.0000
819.61,0.9143,3086,0,60000,0.0514,0.9920,0.9483,3442,0,60000,0.0574,0.9942,0.0179,3314,1,185482,0.0179,0.0000,0.0397,7355,2,185482,0.0397,0.0000
820.11,0.9143,3086,0,60000,0.0514,0.9920,0.9483,3442,0,60000,0.0574,0.9942,0.0179,3314,1,185482,0.0179,0.0000,0.0401,7435,2,185482,0.0401,0.0000
820.61,0.9143,3086,0,60000,0.0514,0.9920,0.9483,3442,0,60000,0.0574,0.9942,0.0179,3314,1,185482,0.0179,0.0000,0.0401,7435,2,185482,0.0401,0.0000
821.11,0.9265,3324,0,60000,0.0554,0.9946,0.9483,3442,0,60000,0.0574,0.9942,0.0179,3314,1,185482,0.0179,0.0000,0.0585,10857,2,185482,0.0585,0.0000
821.61,0.9265,3324,0,60000,0.0554,0.9946,0.9483,3442,0,60000,0.0574,0.9942,0.0179,3314,1,185482,0.0179,0.0000,0.0585,10857,2,185482,0.0585,0.0000
822.11,0.9265,3324,0,60000,0.0554,0.9946,0.9483,3442,0,60000,0.0574,0.9942,0.0179,3314,1,185482,0.0179,0.0000,0.0591,10968,3,185482,0.0591,0.0000
822.61,0.9265,3324,0,60000,0.0554,0.9946,0.9483,3442,0,60000,0.0574,0.9942,0.0179,3314,1,185482,0.0179,0.0000,0.0591,10968,3,185482,0.0591,0.0000
823.11,0.9265,3324,0,60000,0.0554,0.9946,0.9483,3442,0,60000,0.0574,0.9942,0.0179,3314,1,185482,0.0179,0.0000,0.0598,11088,3,185482,0.0598,0.0000
823.61,0.9265,3324,0,60000,0.0554,0.9946,0.9483,3442,0,60000,0.0574,0.9942,0.0179,3314,1,185482,0.0179,0.0000,0.0598,11088,3,185482,0.0598,0.0000
824.11,0.9265,3324,0,60000,0.0554,0.9946,0.9483,3442,0,60000,0.0574,0.9942,0.0179,3314,1,185482,0.0179,0.0000,0.0604,11208,3,185482,0.0604,0.0000
824.61,0.9265,3324,0,60000,0.0554,0.9946,0.9483,3442,0,60000,0.0574,0.9942,0.0179,3314,1,185482,0.0179,0.0000,0.0604,11208,3,185482,0.0604,0.0000
825.11,0.9265,3324,0,60000,0.0554,0.9946,0.9483,3442,0,60000,0.0574,0.9942,0.0179,3314,1,185482,0.0179,0.0000,0.0611,11328,3,185482,0.0611,0.0000
825.61,0.9265,3324,0,60000,0.0554,0.9946,0.9483,3442,0,60000,0.0574,0.9942,0.0179,3314,1,185482,0.0179,0.0000,0.0611,11328,3,185482,0.0611,0.0000
826.11,0.9265,3324,0,60000,0.0554,0.9946,0.9483,3442,0,60000,0.0574,0.9942,0.0179,3314,1,185482,0.0179,0.0000,0.0617,11448,3,185482,0.0617,0.0000
826.61,0.9265,3324,0,60000,0.0554,0.9946,0.9483,3442,0,60000,0.0574,0.9942,0.0179,3314,1,185482,0.0179,0.0000,0.0617,11448,3,185482,0.0617,0.0000
827.12,0.9265,3324,0,60000,0.0554,0.9946,0.9483,3442,0,60000,0.0574,0.9942,0.0179,3314,1,185482,0.0179,0.0000,0.0624,11568,3,185482,0.0624,0.0000
827.62,0.9265,3324,0,60000,0.0554,0.9946,0.9483,3442,0,60000,0.0574,0.9942,0.0179,3314,1,185482,0.0179,0.0000,0.0624,11568,3,185482,0.0624,0.0000
828.12,0.9265,3324,0,60000,0.0554,0.9946,0.9483,3442,0,60000,0.0574,0.9942,0.0179,3314,1,185482,0.0179,0.0000,0.0630,11688,3,185482,0.0630,0.0000
828.62,0.9265,3324,0,60000,0.0554,0.9946,0.9483,3442,0,60000,0.0574,0.9942,0.0179,3314,1,185482,0.0179,0.0000,0.0630,11688,3,185482,0.0630,0.0000
829.12,0.9265,3324,0,60000,0.0554,0.9946,0.9483,3442,0,60000,0.0574,0.9942,0.0179,3314,1,185482,0.0179,0.0000,0.0637,11808,3,185482,0.0637,0.0000
829.62,0.9265,3324,0,60000,0.0554,0.9946,0.9483,3442,0,60000,0.0574,0.9942,0.0179,3314,1,185482,0.0179,0.0000,0.0637,11808,3,185482,0.0637,0.0000
830.12,0.9265,3324,0,60000,0.0554,0.9946,0.9483,3442,0,60000,0.0574,0.9942,0.0179,3314,1,185482,0.0179,0.0000,0.0433,8036,2,185482,0.0433,0.0000
830.62,0.9265,3324,0,60000,0.0554,0.9946,0.9483,3442,0,60000,0.0574,0.9942,0.0179,3314,1,185482,0.0179,0.0000,0.0433,8036,2,185482,0.0433,0.0000
831.12,0.9265,3324,0,60000,0.0554,0.9946,0.9483,3442,0,60000,0.0574,0.9942,0.0179,3314,1,185482,0.0179,0.0000,0.0438,8116,2,185482,0.0438,0.0000
831.62,0.9265,3324,0,60000,0.0554,0.9946,0.9483,3442,0,60000,0.0574,0.9942,0.0179,3314,1,185482,0.0179,0.0000,0.0438,8116,2,185482,0.0438,0.0000
832.12,0.9392,3853,0,60000,0.0642,0.9951,0.9483,3442,0,60000,0.0574,0.9942,0.0179,3314,1,185482,0.0179,0.0000,0.0442,8196,2,185482,0.0442,0.0000
832.62,0.9392,3853,0,60000,0.0642,0.9951,0.9483,3442,0,60000,0.0574,0.9942,0.0179,3314,1,185482,0.0179,0.0000,0.0442,8196,2,185482,0.0442,0.0000
833.12,0.9392,3853,0,60000,0.0642,0.9951,0.9483,3442,0,60000,0.0574,0.9942,0.0179,3314,1,185482,0.0179,0.0000,0.0656,12169,3,185482,0.0656,0.0000
833.62,0.9392,3853,0,60000,0.0642,0.9951,0.9483,3442,0,60000,0.0574,0.9942,0.0179,3314,1,185482,0.0179,0.0000,0.0656,12169,3,185482,0.0656,0.0000
834.12,0.9392,3853,0,60000,0.0642,0.9951,0.9483,3442,0,60000,0.0574,0.9942,0.0179,3314,1,185482,0.0179,0.0000,0.0420,7786,2,185482,0.0420,0.0000
834.62,0.9392,3853,0,60000,0.0642,0.9951,0.9483,3442,0,60000,0.0574,0.9942,0.0179,3314,1,185482,0.0179,0.0000,0.0420,7786,2,185482,0.0420,0.0000
835.12,0.9392,3853,0,60000,0.0642,0.9951,0.9483,3442,0,60000,0.0574,0.9942,0.0179,3314,1,185482,0.0179,0.0000,0.0424,7866,2,185482,0.0424,0.0000
835.62,0.9392,3853,0,60000,0.0642,0.9951,0.9483,3442,0,60000,0.0574,0.9942,0.0179,3314,1,185482,0.0179,0.0000,0.0424,7866,2,185482,0.0424,0.0000
836.12,0.9392,3853,0,60000,0.0642,0.9951,0.9483,3442,0,60000,0.0574,0.9942,0.0179,3314,1,185482,0.0179,0.0000,0.0428,7946,2,185482,0.0428,0.0000
836.62,0.8869,4480,0,60000,0.0747,0.9788,0.9483,3442,0,60000,0.0574,0.9942,0.0179,3314,1,185482,0.0179,0.0000,0.0428,7946,2,185482,0.0428,0.0000
837.12,0.8869,4480,0,60000,0.0747,0.9788,0.9483,3442,0,60000,0.0574,0.9942,0.0179,3314,1,185482,0.0179,0.0000,0.0433,8026,2,185482,0.0433,0.0000
837.62,0.8869,4480,0,60000,0.0747,0.9788,0.9483,3442,0,60000,0.0574,0.9942,0.0248,4606,1,185482,0.0248,0.0000,0.0433,8026,2,185482,0.0433,0.0000
838.12,0.8869,4480,0,60000,0.0747,0.9788,0.9483,0,0,60000,0.0000,0.9942,0.0248,4606,1,185482,0.0248,0.0000,0.0437,8106,2,185482,0.0437,0.0000
838.62,0.8885,0,0,60000,0.0000,0.0000,0.9486,0,0,60000,0.0000,0.0000,0.0250,4646,1,185482,0.0250,0.0000,0.0437,8106,2,185482,0.0437,0.0000
839.12,0.8885,0,0,60000,0.0000,0.0000,0.9486,0,0,60000,0.0000,0.0000,0.0250,4646,1,185482,0.0250,0.0000,0.0223,4133,1,185482,0.0223,0.0000
839.62,0.8885,0,0,60000,0.0000,0.0000,0.9486,0,0,60000,0.0000,0.0000,0.0253,4686,1,185482,0.0253,0.0000,0.0223,4133,1,185482,0.0223,0.0000
840.12,0.8885,0,0,60000,0.0000,0.0000,0.9486,0,0,60000,0.0000,0.0000,0.0253,4686,1,185482,0.0253,0.0000,0.0225,4173,1,185482,0.0225,0.0000
840.62,0.8885,0,0,60000,0.0000,0.0000,0.9486,0,0,60000,0.0000,0.0000,0.0255,4726,1,185482,0.0255,0.0000,0.0225,4173,1,185482,0.0225,0.0000
841.12,0.8885,0,0,60000,0.0000,0.0000,0.9486,0,0,60000,0.0000,0.0000,0.0255,4726,1,185482,0.0255,0.0000,0.0227,4213,1,185482,0.0227,0.0000
841.62,0.8885,0,0,60000,0.0000,0.0000,0.9130,4032,0,60000,0.0672,0.9956,0.0257,4766,1,185482,0.0257,0.0000,0.0227,4213,1,185482,0.0227,0.0000
842.12,0.8885,0,0,60000,0.0000,0.0000,0.9130,4032,0,60000,0.0672,0.9956,0.0257,4766,1,185482,0.0257,0.0000,0.0448,8303,1,185482,0.0448,0.0000
842.62,0.8885,0,0,60000,0.0000,0.0000,0.9130,4032,0,60000,0.0672,0.9956,0.0259,4806,1,185482,0.0259,0.0000,0.0448,8303,1,185482,0.0448,0.0000
843.12,0.8885,0,0,60000,0.0000,0.0000,0.9130,4032,0,60000,0.0672,0.9956,0.0259,4806,1,185482,0.0259,0.0000,0.0452,8378,2,185482,0.0452,0.0000
843.62,0.8885,0,0,60000,0.0000,0.0000,0.9130,4032,0,60000,0.0672,0.9956,0.0261,4846,1,185482,0.0261,0.0000,0.0452,8378,2,185482,0.0452,0.0000
844.12,0.8885,0,0,60000,0.0000,0.0000,0.9130,4032,0,60000,0.0672,0.9956,0.0261,4846,1,185482,0.0261,0.0000,0.0456,8458,2,185482,0.0456,0.0000
844.62,0.8885,0,0,60000,0.0000,0.0000,0.9130,4032,0,60000,0.0672,0.9956,0.0261,4846,1,185482,0.0261,0.0000,0.0456,8458,2,185482,0.0456,0.0000
845.12,0.8885,0,0,60000,0.0000,0.0000,0.9130,4032,0,60000,0.0672,0.9956,0.0261,4846,1,185482,0.0261,0.0000,0.0460,8538,2,185482,0.0460,0.0000
845.62,0.8885,0,0,60000,0.0000,0.0000,0.9130,4032,0,60000,0.0672,0.9956,0.0261,4846,1,185482,0.0261,0.0000,0.0460,8538,2,185482,0.0460,0.0000
846.12,0.8885,0,0,60000,0.0000,0.0000,0.9130,4032,0,60000,0.0672,0.9956,0.0261,4846,1,185482,0.0261,0.0000,0.0465,8618,2,185482,0.0465,0.0000
846.62,0.8931,4852,0,60000,0.0809,0.9928,0.9130,4032,0,60000,0.0672,0.9956,0.0261,4846,1,185482,0.0261,0.0000,0.0465,8618,2,185482,0.0465,0.0000
847.12,0.8931,4852,0,60000,0.0809,0.9928,0.9130,4032,0,60000,0.0672,0.9956,0.0261,4846,1,185482,0.0261,0.0000,0.0469,8698,2,185482,0.0469,0.0000
847.62,0.8931,4852,0,60000,0.0809,0.9928,0.9130,4032,0,60000,0.0672,0.9956,0.0261,4846,1,185482,0.0261,0.0000,0.0469,8698,2,185482,0.0469,0.0000
848.12,0.8931,4852,0,60000,0.0809,0.9928,0.9130,4032,0,60000,0.0672,0.9956,0.0265,4920,1,185482,0.0265,0.0000,0.0473,8778,2,185482,0.0473,0.0000
848.62,0.8931,4852,0,60000,0.0809,0.9928,0.9130,4032,0,60000,0.0672,0.9956,0.0265,4920,1,185482,0.0265,0.0000,0.0473,8778,2,185482,0.0473,0.0000
849.12,0.8931,4852,0,60000,0.0809,0.9928,0.9130,4032,0,60000,0.0672,0.9956,0.0267,4960,1,185482,0.0267,0.0000,0.0478,8858,2,185482,0.0478,0.0000
849.62,0.8931,4852,0,60000,0.0809,0.9928,0.9130,4032,0,60000,0.0672,0.9956,0.0267,4960,1,185482,0.0267,0.0000,0.0478,8858,2,185482,0.0478,0.0000
850.12,0.8931,4852,0,60000,0.0809,0.9928,0.9130,4032,0,60000,0.0672,0.9956,0.0270,5000,1,185482,0.0270,0.0000,0.0482,8938,2,185482,0.0482,0.0000
850.62,0.8931,4852,0,60000,0.0809,0.9928,0.9130,4032,0,60000,0.0672,0.9956,0.0272,5040,1,185482,0.0272,0.0000,0.0482,8938,2,185482,0.0482,0.0000
851.12,0.8931,4852,0,60000,0.0809,0.9928,0.9130,4032,0,60000,0.0672,0.9956,0.0272,5040,1,185482,0.0272,0.0000,0.0237,4405,1,185482,0.0237,0.0000
851.62,0.8931,4852,0,60000,0.0809,0.9928,0.9130,4032,0,60000,0.0672,0.9956,0.0274,5080,1,185482,0.0274,0.0000,0.0237,4405,1,185482,0.0237,0.0000
852.12,0.8931,4852,0,60000,0.0809,0.9928,0.9130,4032,0,60000,0.0672,0.9956,0.0274,5080,1,185482,0.0274,0.0000,0.0240,4445,1,185482,0.0240,0.0000
852.62,0.8931,4852,0,60000,0.0809,0.9928,0.9130,4032,0,60000,0.0672,0.9956,0.0276,5120,1,185482,0.0276,0.0000,0.0240,4445,1,185482,0.0240,0.0000
853.12,0.8931,4852,0,60000,0.0809,0.9928,0.9130,4032,0,60000,0.0672,0.9956,0.0276,5120,1,185482,0.0276,0.0000,0.0242,4485,1,185482,0.0242,0.0000
853.62,0.8931,4852,0,60000,0.0809,0.9928,0.9506,4585,0,60000,0.0764,0.9959,0.0278,5160,1,185482,0.0278,0.0000,0.0242,4485,1,185482,0.0242,0.0000
854.12,0.8931,4852,0,60000,0.0809,0.9928,0.9506,4585,0,60000,0.0764,0.9959,0.0278,5160,1,185482,0.0278,0.0000,0.0492,9129,1,185482,0.0492,0.0000
854.62,0.8931,4852,0,60000,0.0809,0.9928,0.9506,4585,0,60000,0.0764,0.9959,0.0280,5200,1,185482,0.0280,0.0000,0.0492,9129,1,185482,0.0492,0.0000
855.12,0.8931,4852,0,60000,0.0809,0.9928,0.9506,4585,0,60000,0.0764,0.9959,0.0280,5200,1,185482,0.0280,0.0000,0.0496,9209,2,185482,0.0496,0.0000
855.62,0.8931,4852,0,60000,0.0809,0.9928,0.9506,4585,0,60000,0.0764,0.9959,0.0280,5200,1,185482,0.0280,0.0000,0.0496,9209,2,185482,0.0496,0.0000
856.12,0.8931,4852,0,60000,0.0809,0.9928,0.9506,4585,0,60000,0.0764,0.9959,0.0280,5200,1,185482,0.0280,0.0000,0.0501,9289,2,185482,0.0501,0.0000
856.62,0.8931,4852,0,60000,0.0809,0.9928,0.9506,4585,0,60000,0.0764,0.9959,0.0280,5200,1,185482,0.0280,0.0000,0.0501,9289,2,185482,0.0501,0.0000
857.12,0.8931,4852,0,60000,0.0809,0.9928,0.9506,4585,0,60000,0.0764,0.9959,0.0280,5200,1,185482,0.0280,0.0000,0.0505,9369,2,185482,0.0505,0.0000
857.62,0.8931,4852,0,60000,0.0809,0.9928,0.9506,4585,0,60000,0.0764,0.9959,0.0280,5200,1,185482,0.0280,0.0000,0.0505,9369,2,185482,0.0505,0.0000
858.12,0.8931,4852,0,60000,0.0809,0.9928,0.9506,4585,0,60000,0.0764,0.9959,0.0280,5200,1,185482,0.0280,0.0000,0.0509,9449,2,185482,0.0509,0.0000
858.62,0.8995,5236,0,60000,0.0873,0.9951,0.9506,4585,0,60000,0.0764,0.9959,0.0280,5200,1,185482,0.0280,0.0000,0.0509,9449,2,185482,0.0509,0.0000
859.12,0.8995,5236,0,60000,0.0873,0.9951,0.9506,4585,0,60000,0.0764,0.9959,0.0280,5200,1,185482,0.0280,0.0000,0.0797,14791,2,185482,0.0797,0.0000
859.62,0.8995,5236,0,60000,0.0873,0.9951,0.9506,4585,0,60000,0.0764,0.9959,0.0280,5200,1,185482,0.0280,0.0000,0.0797,14791,2,185482,0.0797,0.0000
860.12,0.8995,5236,0,60000,0.0873,0.9951,0.9506,4585,0,60000,0.0764,0.9959,0.0280,5200,1,185482,0.0280,0.0000,0.0804,14905,3,185482,0.0804,0.0000
860.62,0.8995,5236,0,60000,0.0873,0.9951,0.9506,4585,0,60000,0.0764,0.9959,0.0280,5200,1,185482,0.0280,0.0000,0.0804,14905,3,185482,0.0804,0.0000
861.12,0.8995,5236,0,60000,0.0873,0.9951,0.9506,4585,0,60000,0.0764,0.9959,0.0280,5200,1,185482,0.0280,0.0000,0.0551,10220,2,185482,0.0551,0.0000
861.62,0.8995,5236,0,60000,0.0873,0.9951,0.9506,4585,0,60000,0.0764,0.9959,0.0280,5200,1,185482,0.0280,0.0000,0.0551,10220,2,185482,0.0551,0.0000
862.12,0.8995,5236,0,60000,0.0873,0.9951,0.9506,4585,0,60000,0.0764,0.9959,0.0280,5200,1,185482,0.0280,0.0000,0.0555,10300,2,185482,0.0555,0.0000
862.62,0.8995,5236,0,60000,0.0873,0.9951,0.9506,4585,0,60000,0.0764,0.9959,0.0280,5200,1,185482,0.0280,0.0000,0.0555,10300,2,185482,0.0555,0.0000
863.12,0.8995,5236,0,60000,0.0873,0.9951,0.9506,4585,0,60000,0.0764,0.9959,0.0280,5200,1,185482,0.0280,0.0000,0.0560,10380,2,185482,0.0560,0.0000
863.62,0.8995,5236,0,60000,0.0873,0.9951,0.9506,4585,0,60000,0.0764,0.9959,0.0280,5200,1,185482,0.0280,0.0000,0.0560,10380,2,185482,0.0560,0.0000
864.12,0.8995,5236,0,60000,0.0873,0.9951,0.9506,4585,0,60000,0.0764,0.9959,0.0280,5200,1,185482,0.0280,0.0000,0.0564,10460,2,185482,0.0564,0.0000
864.62,0.8995,5236,0,60000,0.0873,0.9951,0.9506,4585,0,60000,0.0764,0.9959,0.0280,5200,1,185482,0.0280,0.0000,0.0564,10460,2,185482,0.0564,0.0000
865.12,0.8995,5236,0,60000,0.0873,0.9951,0.9506,4585,0,60000,0.0764,0.9959,0.0280,5200,1,185482,0.0280,0.0000,0.0568,10540,2,185482,0.0568,0.0000
865.62,0.8995,5236,0,60000,0.0873,0.9951,0.9506,4585,0,60000,0.0764,0.9959,0.0280,5200,1,185482,0.0280,0.0000,0.0568,10540,2,185482,0.0568,0.0000
866.12,0.8995,5236,0,60000,0.0873,0.9951,0.9506,4585,0,60000,0.0764,0.9959,0.0280,5200,1,185482,0.0280,0.0000,0.0573,10620,2,185482,0.0573,0.0000
866.62,0.8995,5236,0,60000,0.0873,0.9951,0.9506,4585,0,60000,0.0764,0.9959,0.0280,5200,1,185482,0.0280,0.0000,0.0573,10620,2,185482,0.0573,0.0000
867.12,0.8995,5236,0,60000,0.0873,0.9951,0.9506,4585,0,60000,0.0764,0.9959,0.0280,5200,1,185482,0.0280,0.0000,0.0577,10700,2,185482,0.0577,0.0000
867.62,0.8995,5236,0,60000,0.0873,0.9951,0.9506,4585,0,60000,0.0764,0.9959,0.0280,5200,1,185482,0.0280,0.0000,0.0577,10700,2,185482,0.0577,0.0000
868.12,0.8995,5236,0,60000,0.0873,0.9951,0.9506,4585,0,60000,0.0764,0.9959,0.0280,5200,1,185482,0.0280,0.0000,0.0581,10780,2,185482,0.0581,0.0000
868.62,0.8995,5236,0,60000,0.0873,0.9951,0.9506,4585,0,60000,0.0764,0.9959,0.0280,5200,1,185482,0.0280,0.0000,0.0581,10780,2,185482,0.0581,0.0000
869.12,0.8995,5236,0,60000,0.0873,0.9951,0.9506,4585,0,60000,0.0764,0.9959,0.0280,5200,1,185482,0.0280,0.0000,0.0586,10860,2,185482,0.0586,0.0000
869.62,0.8995,5236,0,60000,0.0873,0.9951,0.9506,4585,0,60000,0.0764,0.9959,0.0280,5200,1,185482,0.0280,0.0000,0.0586,10860,2,185482,0.0586,0.0000
870.12,0.8995,5236,0,60000,0.0873,0.9951,0.9506,4585,0,60000,0.0764,0.9959,0.0280,5200,1,185482,0.0280,0.0000,0.0590,10940,2,185482,0.0590,0.0000
870.62,0.8995,5236,0,60000,0.0873,0.9951,0.9506,4585,0,60000,0.0764,0.9959,0.0280,5200,1,185482,0.0280,0.0000,0.0590,10940,2,185482,0.0590,0.0000
871.12,0.8995,5236,0,60000,0.0873,0.9951,0.9506,4585,0,60000,0.0764,0.9959,0.0280,5200,1,185482,0.0280,0.0000,0.0594,11020,2,185482,0.0594,0.0000
871.62,0.8995,5236,0,60000,0.0873,0.9951,0.9506,4585,0,60000,0.0764,0.9959,0.0280,5200,1,185482,0.0280,0.0000,0.0594,11020,2,185482,0.0594,0.0000
872.12,0.8995,5236,0,60000,0.0873,0.9951,0.9506,4585,0,60000,0.0764,0.9959,0.0280,5200,1,185482,0.0280,0.0000,0.0598,11100,2,185482,0.0598,0.0000
872.62,0.8995,5236,0,60000,0.0873,0.9951,0.9506,4585,0,60000,0.0764,0.9959,0.0280,5200,1,185482,0.0280,0.0000,0.0598,11100,2,185482,0.0598,0.0000
873.12,0.8995,5236,0,60000,0.0873,0.9951,0.9506,4585,0,60000,0.0764,0.9959,0.0280,5200,1,185482,0.0280,0.0000,0.0603,11180,2,185482,0.0603,0.0000
873.62,0.8995,5236,0,60000,0.0873,0.9951,0.9506,4585,0,60000,0.0764,0.9959,0.0280,5200,1,185482,0.0280,0.0000,0.0603,11180,2,185482,0.0603,0.0000
874.12,0.8995,5236,0,60000,0.0873,0.9951,0.9506,4585,0,60000,0.0764,0.9959,0.0280,5200,1,185482,0.0280,0.0000,0.0316,5856,1,185482,0.0316,0.0000
874.62,0.8995,5236,0,60000,0.0873,0.9951,0.9506,4585,0,60000,0.0764,0.9959,0.0280,5200,1,185482,0.0280,0.0000,0.0316,5856,1,185482,0.0316,0.0000
875.12,0.8995,5236,0,60000,0.0873,0.9951,0.9506,4585,0,60000,0.0764,0.9959,0.0280,5200,1,185482,0.0280,0.0000,0.0318,5896,1,185482,0.0318,0.0000
875.62,0.8995,5236,0,60000,0.0873,0.9951,0.9506,4585,0,60000,0.0764,0.9959,0.0280,5200,1,185482,0.0280,0.0000,0.0318,5896,1,185482,0.0318,0.0000
876.12,0.8995,5236,0,60000,0.0873,0.9951,0.9506,4585,0,60000,0.0764,0.9959,0.0280,5200,1,185482,0.0280,0.0000,0.0318,5896,1,185482,0.0318,0.0000
876.62,0.8995,5236,0,60000,0.0873,0.9951,0.9506,4585,0,60000,0.0764,0.9959,0.0280,5200,1,185482,0.0280,0.0000,0.0318,5896,1,185482,0.0318,0.0000
877.12,0.8995,5236,0,60000,0.0873,0.9951,0.8552,5388,0,60000,0.0898,0.9967,0.0280,5200,1,185482,0.0280,0.0000,0.0318,5896,1,185482,0.0318,0.0000
877.62,0.8995,5236,0,60000,0.0873,0.9951,0.8552,5388,0,60000,0.0898,0.9967,0.0280,5200,1,185482,0.0280,0.0000,0.0318,5896,1,185482,0.0318,0.0000
878.12,0.8995,5236,0,60000,0.0873,0.9951,0.8552,5388,0,60000,0.0898,0.9967,0.0280,5200,1,185482,0.0280,0.0000,0.0293,5443,1,185482,0.0293,0.0000
878.62,0.8995,5236,0,60000,0.0873,0.9951,0.8961,5898,0,60000,0.0983,0.9951,0.0280,5200,1,185482,0.0280,0.0000,0.0293,5443,1,185482,0.0293,0.0000
879.12,0.8995,5236,0,60000,0.0873,0.9951,0.8961,5898,0,60000,0.0983,0.9951,0.0280,5200,1,185482,0.0280,0.0000,0.0296,5483,1,185482,0.0296,0.0000
879.62,0.8995,5236,0,60000,0.0873,0.9951,0.8961,5898,0,60000,0.0983,0.9951,0.0280,5200,1,185482,0.0280,0.0000,0.0296,5483,1,185482,0.0296,0.0000
880.12,0.8995,5236,0,60000,0.0873,0.9951,0.8961,5898,0,60000,0.0983,0.9951,0.0280,5200,1,185482,0.0280,0.0000,0.0298,5523,1,185482,0.0298,0.0000
880.62,0.8995,5236,0,60000,0.0873,0.9951,0.8961,5898,0,60000,0.0983,0.9951,0.0280,5200,1,185482,0.0280,0.0000,0.0298,5523,1,185482,0.0298,0.0000
881.12,0.8995,5236,0,60000,0.0873,0.9951,0.8961,5898,0,60000,0.0983,0.9951,0.0320,5930,1,185482,0.0320,0.0000,0.0300,5563,1,185482,0.0300,0.0000
881.62,0.8995,5236,0,60000,0.0873,0.9951,0.8961,5898,0,60000,0.0983,0.9951,0.0320,5930,1,185482,0.0320,0.0000,0.0300,5563,1,185482,0.0300,0.0000
882.12,0.8995,5236,0,60000,0.0873,0.9951,0.8961,5898,0,60000,0.0983,0.9951,0.0322,5970,1,185482,0.0322,0.0000,0.0302,5603,1,185482,0.0302,0.0000
882.62,0.8995,5236,0,60000,0.0873,0.9951,0.8961,5898,0,60000,0.0983,0.9951,0.0322,5970,1,185482,0.0322,0.0000,0.0302,5603,1,185482,0.0302,0.0000
883.12,0.8995,5236,0,60000,0.0873,0.9951,0.8961,5898,0,60000,0.0983,0.9951,0.0324,6010,1,185482,0.0324,0.0000,0.0304,5643,1,185482,0.0304,0.0000
883.62,0.8995,5236,0,60000,0.0873,0.9951,0.8961,5898,0,60000,0.0983,0.9951,0.0324,6010,1,185482,0.0324,0.0000,0.0304,5643,1,185482,0.0304,0.0000
884.12,0.8995,5236,0,60000,0.0873,0.9951,0.8961,5898,0,60000,0.0983,0.9951,0.0326,6050,1,185482,0.0326,0.0000,0.0306,5683,1,185482,0.0306,0.0000
884.62,0.8995,5236,0,60000,0.0873,0.9951,0.8961,5898,0,60000,0.0983,0.9951,0.0326,6050,1,185482,0.0326,0.0000,0.0306,5683,1,185482,0.0306,0.0000
885.12,0.8995,5236,0,60000,0.0873,0.9951,0.8961,5898,0,60000,0.0983,0.9951,0.0328,6090,1,185482,0.0328,0.0000,0.0309,5723,1,185482,0.0309,0.0000
885.62,0.8995,5236,0,60000,0.0873,0.9951,0.8961,5898,0,60000,0.0983,0.9951,0.0328,6090,1,185482,0.0328,0.0000,0.0309,5723,1,185482,0.0309,0.0000
886.12,0.8995,5236,0,60000,0.0873,0.9951,0.8961,5898,0,60000,0.0983,0.9951,0.0330,6130,1,185482,0.0330,0.0000,0.0311,5763,1,185482,0.0311,0.0000
886.62,0.8995,5236,0,60000,0.0873,0.9951,0.8961,5898,0,60000,0.0983,0.9951,0.0330,6130,1,185482,0.0330,0.0000,0.0311,5763,1,185482,0.0311,0.0000
887.12,0.8995,5236,0,60000,0.0873,0.9951,0.8961,5898,0,60000,0.0983,0.9951,0.0333,6170,1,185482,0.0333,0.0000,0.0313,5803,1,185482,0.0313,0.0000
887.62,0.8995,5236,0,60000,0.0873,0.9951,0.8961,5898,0,60000,0.0983,0.9951,0.0333,6170,1,185482,0.0333,0.0000,0.0313,5803,1,185482,0.0313,0.0000
888.12,0.8995,5236,0,60000,0.0873,0.9951,0.8961,5898,0,60000,0.0983,0.9951,0.0335,6210,1,185482,0.0335,0.0000,0.0315,5843,1,185482,0.0315,0.0000
888.63,0.8995,0,0,60000,0.0000,0.9951,0.8961,5898,0,60000,0.0983,0.9951,0.0335,6210,1,185482,0.0335,0.0000,0.0315,5843,1,185482,0.0315,0.0000
889.13,0.8995,0,0,60000,0.0000,0.9951,0.8961,5898,0,60000,0.0983,0.9951,0.0337,6250,1,185482,0.0337,0.0000,0.0317,5883,1,185482,0.0317,0.0000
889.63,0.8995,0,0,60000,0.0000,0.9951,0.8961,5898,0,60000,0.0983,0.9951,0.0337,6250,1,185482,0.0337,0.0000,0.0319,5923,1,185482,0.0319,0.0000
890.13,0.8995,0,0,60000,0.0000,0.9951,0.8961,5898,0,60000,0.0983,0.9951,0.0339,6290,1,185482,0.0339,0.0000,0.0319,5923,1,185482,0.0319,0.0000
890.63,0.8995,0,0,60000,0.0000,0.9951,0.8961,5898,0,60000,0.0983,0.9951,0.0341,6330,1,185482,0.0341,0.0000,0.0321,5963,1,185482,0.0321,0.0000
891.13,0.8995,0,0,60000,0.0000,0.9951,0.8961,5898,0,60000,0.0983,0.9951,0.0341,6330,1,185482,0.0341,0.0000,0.0321,5963,1,185482,0.0321,0.0000
891.63,0.8995,0,0,60000,0.0000,0.9951,0.8961,5898,0,60000,0.0983,0.9951,0.0343,6370,1,185482,0.0343,0.0000,0.0324,6003,1,185482,0.0324,0.0000
892.13,0.8995,0,0,60000,0.0000,0.9951,0.8961,5898,0,60000,0.0983,0.9951,0.0343,6370,1,185482,0.0343,0.0000,0.0324,6003,1,185482,0.0324,0.0000
892.63,0.8995,0,0,60000,0.0000,0.9951,0.8961,5898,0,60000,0.0983,0.9951,0.0346,6410,1,185482,0.0346,0.0000,0.0326,6043,1,185482,0.0326,0.0000
893.13,0.8995,0,0,60000,0.0000,0.9951,0.8961,5898,0,60000,0.0983,0.9951,0.0346,6410,1,185482,0.0346,0.0000,0.0326,6043,1,185482,0.0326,0.0000
893.63,0.8995,0,0,60000,0.0000,0.9951,0.8961,5898,0,60000,0.0983,0.9951,0.0348,6450,1,185482,0.0348,0.0000,0.0328,6083,1,185482,0.0328,0.0000
894.13,0.8995,0,0,60000,0.0000,0.9951,0.8961,5898,0,60000,0.0983,0.9951,0.0348,6450,1,185482,0.0348,0.0000,0.0328,6083,1,185482,0.0328,0.0000
894.63,0.8995,0,0,60000,0.0000,0.9951,0.8961,5898,0,60000,0.0983,0.9951,0.0350,6490,1,185482,0.0350,0.0000,0.0330,6123,1,185482,0.0330,0.0000
895.13,0.8995,0,0,60000,0.0000,0.9951,0.8961,5898,0,60000,0.0983,0.9951,0.0350,6490,1,185482,0.0350,0.0000,0.0330,6123,1,185482,0.0330,0.0000
895.63,0.8995,0,0,60000,0.0000,0.9951,0.8961,5898,0,60000,0.0983,0.9951,0.0350,6490,1,185482,0.0350,0.0000,0.0330,6123,1,185482,0.0330,0.0000
896.13,0.8995,0,0,60000,0.0000,0.9951,0.8961,5898,0,60000,0.0983,0.9951,0.0350,6490,1,185482,0.0350,0.0000,0.0330,6123,1,185482,0.0330,0.0000
896.63,0.8995,0,0,60000,0.0000,0.9951,0.8961,5898,0,60000,0.0983,0.9951,0.0350,6490,1,185482,0.0350,0.0000,0.0330,6123,1,185482,0.0330,0.0000
897.13,0.8995,0,0,60000,0.0000,0.9951,0.8961,5898,0,60000,0.0983,0.9951,0.0350,6490,1,185482,0.0350,0.0000,0.0330,6123,1,185482,0.0330,0.0000
897.63,0.8995,0,0,60000,0.0000,0.9951,0.8961,5898,0,60000,0.0983,0.9951,0.0350,6490,1,185482,0.0350,0.0000,0.0330,6123,1,185482,0.0330,0.0000
898.13,0.8995,0,0,60000,0.0000,0.9951,0.8961,5898,0,60000,0.0983,0.9951,0.0350,6490,1,185482,0.0350,0.0000,0.0330,6123,1,185482,0.0330,0.0000
898.63,0.8285,6160,0,60000,0.1027,0.9972,0.7965,6522,0,60000,0.1087,0.9974,0.0350,6490,1,185482,0.0350,0.0000,0.0000,0,1,185482,0.0000,0.0000
899.13,0.8285,6160,0,60000,0.1027,0.9972,0.7965,6522,0,60000,0.1087,0.9974,0.0350,6490,1,185482,0.0350,0.0000,0.0000,0,1,185482,0.0000,0.0000
899.63,0.8285,6160,0,60000,0.1027,0.9972,0.7965,6522,0,60000,0.1087,0.9974,0.0686,12722,1,185482,0.0686,0.0000,0.0000,0,1,185482,0.0000,0.0000
900.13,0.8285,6160,0,60000,0.1027,0.9972,0.7965,6522,0,60000,0.1087,0.9974,0.0686,12722,1,185482,0.0686,0.0000,0.0000,0,1,185482,0.0000,0.0000
900.63,0.8285,6160,0,60000,0.1027,0.9972,0.7965,6522,0,60000,0.1087,0.9974,0.0689,12781,2,185482,0.0689,0.0000,0.0000,0,1,185482,0.0000,0.0000
901.13,0.8285,6160,0,60000,0.1027,0.9972,0.7965,6522,0,60000,0.1087,0.9974,0.0689,12781,2,185482,0.0689,0.0000,0.0000,0,1,185482,0.0000,0.0000
901.63,0.8285,6160,0,60000,0.1027,0.9972,0.7965,6522,0,60000,0.1087,0.9974,0.0693,12861,2,185482,0.0693,0.0000,0.0000,0,1,185482,0.0000,0.0000
902.13,0.8285,6160,0,60000,0.1027,0.9972,0.7965,6522,0,60000,0.1087,0.9974,0.0693,12861,2,185482,0.0693,0.0000,0.0000,0,1,185482,0.0000,0.0000
902.63,0.8285,6160,0,60000,0.1027,0.9972,0.7965,6522,0,60000,0.1087,0.9974,0.0698,12941,2,185482,0.0698,0.0000,0.0000,0,1,185482,0.0000,0.0000
903.13,0.8285,6160,0,60000,0.1027,0.9972,0.7965,6522,0,60000,0.1087,0.9974,0.0702,13021,2,185482,0.0702,0.0000,0.0000,0,1,185482,0.0000,0.0000
903.63,0.8285,6160,0,60000,0.1027,0.9972,0.7965,6522,0,60000,0.1087,0.9974,0.0702,13021,2,185482,0.0702,0.0000,0.0000,0,1,185482,0.0000,0.0000
904.13,0.8285,6160,0,60000,0.1027,0.9972,0.7965,6522,0,60000,0.1087,0.9974,0.0702,13021,2,185482,0.0702,0.0000,0.0000,0,1,185482,0.0000,0.0000
904.63,0.8285,6160,0,60000,0.1027,0.9972,0.7965,6522,0,60000,0.1087,0.9974,0.0706,13101,2,185482,0.0706,0.0000,0.0000,0,1,185482,0.0000,0.0000
905.13,0.8285,6160,0,60000,0.1027,0.9972,0.7965,6522,0,60000,0.1087,0.9974,0.0706,13101,2,185482,0.0706,0.0000,0.0000,0,1,185482,0.0000,0.0000
905.63,0.8285,6160,0,60000,0.1027,0.9972,0.7965,6522,0,60000,0.1087,0.9974,0.0711,13181,2,185482,0.0711,0.0000,0.0000,0,1,185482,0.0000,0.0000
906.13,0.8285,6160,0,60000,0.1027,0.9972,0.7965,6522,0,60000,0.1087,0.9974,0.0711,13181,2,185482,0.0711,0.0000,0.0000,0,1,185482,0.0000,0.0000
906.63,0.8285,6160,0,60000,0.1027,0.9972,0.7965,6522,0,60000,0.1087,0.9974,0.0715,13261,2,185482,0.0715,0.0000,0.0000,0,1,185482,0.0000,0.0000
907.13,0.8285,6160,0,60000,0.1027,0.9972,0.7965,6522,0,60000,0.1087,0.9974,0.0715,13261,2,185482,0.0715,0.0000,0.0000,0,1,185482,0.0000,0.0000
907.63,0.8285,6160,0,60000,0.1027,0.9972,0.7965,6522,0,60000,0.1087,0.9974,0.0719,13341,2,185482,0.0719,0.0000,0.0000,0,1,185482,0.0000,0.0000
908.13,0.8285,6160,0,60000,0.1027,0.9972,0.7965,6522,0,60000,0.1087,0.9974,0.0719,13341,2,185482,0.0719,0.0000,0.0000,0,1,185482,0.0000,0.0000
908.63,0.8285,6160,0,60000,0.1027,0.9972,0.7965,6522,0,60000,0.1087,0.9974,0.0724,13421,2,185482,0.0724,0.0000,0.0000,0,1,185482,0.0000,0.0000
909.13,0.8285,6160,0,60000,0.1027,0.9972,0.7965,6522,0,60000,0.1087,0.9974,0.0724,13421,2,185482,0.0724,0.0000,0.0000,0,1,185482,0.0000,0.0000
909.63,0.8285,6160,0,60000,0.1027,0.9972,0.7965,6522,0,60000,0.1087,0.9974,0.0728,13501,2,185482,0.0728,0.0000,0.0000,0,1,185482,0.0000,0.0000
910.13,0.8285,6160,0,60000,0.1027,0.9972,0.7965,6522,0,60000,0.1087,0.9974,0.0728,13501,2,185482,0.0728,0.0000,0.0000,0,1,185482,0.0000,0.0000
910.63,0.8285,6160,0,60000,0.1027,0.9972,0.7965,6522,0,60000,0.1087,0.9974,0.0732,13581,2,185482,0.0732,0.0000,0.0000,0,1,185482,0.0000,0.0000
911.13,0.8285,6160,0,60000,0.1027,0.9972,0.7965,6522,0,60000,0.1087,0.9974,0.0732,13581,2,185482,0.0732,0.0000,0.0000,0,1,185482,0.0000,0.0000
911.63,0.8285,6160,0,60000,0.1027,0.9972,0.7965,6522,0,60000,0.1087,0.9974,0.0737,13661,2,185482,0.0737,0.0000,0.0000,0,1,185482,0.0000,0.0000
912.13,0.8285,6160,0,60000,0.1027,0.9972,0.7965,6522,0,60000,0.1087,0.9974,0.0737,13661,2,185482,0.0737,0.0000,0.0000,0,1,185482,0.0000,0.0000
912.63,0.8285,6160,0,60000,0.1027,0.9972,0.7965,6522,0,60000,0.1087,0.9974,0.0741,13741,2,185482,0.0741,0.0000,0.0000,0,1,185482,0.0000,0.0000
913.13,0.8285,6160,0,60000,0.1027,0.9972,0.7965,6522,0,60000,0.1087,0.9974,0.0741,13741,2,185482,0.0741,0.0000,0.0000,0,1,185482,0.0000,0.0000
913.63,0.8285,6160,0,60000,0.1027,0.9972,0.7965,6522,0,60000,0.1087,0.9974,0.0741,13741,2,185482,0.0741,0.0000,0.0000,0,1,185482,0.0000,0.0000
914.13,0.8285,6160,0,60000,0.1027,0.9972,0.7965,6522,0,60000,0.1087,0.9974,0.0745,13821,2,185482,0.0745,0.0000,0.0000,0,1,185482,0.0000,0.0000
914.63,0.8285,6160,0,60000,0.1027,0.9972,0.7965,6522,0,60000,0.1087,0.9974,0.0745,13821,2,185482,0.0745,0.0000,0.0000,0,1,185482,0.0000,0.0000
915.13,0.8285,6160,0,60000,0.1027,0.9972,0.7965,6522,0,60000,0.1087,0.9974,0.0749,13901,2,185482,0.0749,0.0000,0.0000,0,1,185482,0.0000,0.0000
915.63,0.8285,6160,0,60000,0.1027,0.9972,0.7965,6522,0,60000,0.1087,0.9974,0.0749,13901,2,185482,0.0749,0.0000,0.0000,0,1,185482,0.0000,0.0000
916.13,0.8285,6160,0,60000,0.1027,0.9972,0.7965,6522,0,60000,0.1087,0.9974,0.0366,6796,1,185482,0.0366,0.0000,0.0000,0,1,185482,0.0000,0.0000
916.63,0.8285,6160,0,60000,0.1027,0.9972,0.7965,6522,0,60000,0.1087,0.9974,0.0366,6796,1,185482,0.0366,0.0000,0.0000,0,1,185482,0.0000,0.0000
917.13,0.8285,6160,0,60000,0.1027,0.9972,0.7965,6522,0,60000,0.1087,0.9974,0.0369,6836,1,185482,0.0369,0.0000,0.0000,0,1,185482,0.0000,0.0000
917.63,0.8285,6160,0,60000,0.1027,0.9972,0.7965,6522,0,60000,0.1087,0.9974,0.0371,6876,1,185482,0.0371,0.0000,0.0000,0,1,185482,0.0000,0.0000
918.13,0.8285,6160,0,60000,0.1027,0.9972,0.7965,6522,0,60000,0.1087,0.9974,0.0371,6876,1,185482,0.0371,0.0000,0.0000,0,1,185482,0.0000,0.0000
918.63,0.8285,6160,0,60000,0.1027,0.9972,0.7965,6522,0,60000,0.1087,0.9974,0.0373,6916,1,185482,0.0373,0.0000,0.0000,0,1,185482,0.0000,0.0000
919.13,0.8285,6160,0,60000,0.1027,0.9972,0.7965,6522,0,60000,0.1087,0.9974,0.0373,6916,1,185482,0.0373,0.0000,0.0000,0,1,185482,0.0000,0.0000
919.63,0.8285,6160,0,60000,0.1027,0.9972,0.7965,6522,0,60000,0.1087,0.9974,0.0375,6956,1,185482,0.0375,0.0000,0.0000,0,1,185482,0.0000,0.0000
920.13,0.8285,6160,0,60000,0.1027,0.9972,0.7965,6522,0,60000,0.1087,0.9974,0.0375,6956,1,185482,0.0375,0.0000,0.0000,0,1,185482,0.0000,0.0000
920.63,0.8285,6160,0,60000,0.1027,0.9972,0.7965,6522,0,60000,0.1087,0.9974,0.0377,6996,1,185482,0.0377,0.0000,0.0000,0,1,185482,0.0000,0.0000
921.13,0.8285,6160,0,60000,0.1027,0.9972,0.7965,6522,0,60000,0.1087,0.9974,0.0377,6996,1,185482,0.0377,0.0000,0.0000,0,1,185482,0.0000,0.0000
921.63,0.8285,6160,0,60000,0.1027,0.9972,0.7965,6522,0,60000,0.1087,0.9974,0.0379,7036,1,185482,0.0379,0.0000,0.0000,0,1,185482,0.0000,0.0000
922.13,0.8285,6160,0,60000,0.1027,0.9972,0.7965,6522,0,60000,0.1087,0.9974,0.0379,7036,1,185482,0.0379,0.0000,0.0000,0,1,185482,0.0000,0.0000
922.63,0.8285,6160,0,60000,0.1027,0.9972,0.7965,6522,0,60000,0.1087,0.9974,0.0381,7076,1,185482,0.0381,0.0000,0.0000,0,1,185482,0.0000,0.0000
923.13,0.8285,6160,0,60000,0.1027,0.9972,0.7965,6522,0,60000,0.1087,0.9974,0.0381,7076,1,185482,0.0381,0.0000,0.0000,0,1,185482,0.0000,0.0000
923.63,0.8285,6160,0,60000,0.1027,0.9972,0.7965,6522,0,60000,0.1087,0.9974,0.0384,7116,1,185482,0.0384,0.0000,0.0000,0,1,185482,0.0000,0.0000
