elapsed_s,gpu0_gb,gpu1_gb,gpu2_gb,gpu3_gb,gpu_total_gb,host_gb,total_gb,host_frac,host_peak_gb,host_blocks,host_flushes,host_evicted,serving_gb,park_local_gb,park_peer_gb,dropped_gb,host_evicted_gb,peer_frac_of_parked,fetch_hits,fetch_local_hits,fetch_peer_hits,fetch_host_hits,fetch_miss,fetch_already,fetch_nospace,fetched_tokens,parked_tokens,writers,stale
0.0,0.0,0.0,0.0014,0.0,0.0014,0.0,0.0014,0.0,0.0,0,0,0,0.006,0.0014,0.0,0.0,0.0,0.0,0,0,0,0,5,0,0,0,0,2,0
1.0,0.0,0.0,0.0014,0.0,0.0014,0.0,0.0014,0.0,0.0,0,0,0,0.006,0.0014,0.0,0.0,0.0,0.0,0,0,0,0,5,0,0,0,0,2,0
2.0,0.0,0.0,0.0014,0.0,0.0014,0.0,0.0014,0.0,0.0,0,0,0,0.006,0.0014,0.0,0.0,0.0,0.0,0,0,0,0,5,0,0,0,0,2,0
3.0,0.0,0.0,0.0014,0.0,0.0014,0.0,0.0014,0.0,0.0,0,0,0,0.0135,0.0014,0.0,0.0,0.0,0.0,0,0,0,0,9,0,0,0,0,2,0
4.0,0.0,0.0,0.0014,0.0,0.0014,0.0,0.0014,0.0,0.0,0,0,0,0.0683,0.0014,0.0,0.0,0.0,0.0,0,0,0,0,21,0,0,0,0,2,0
5.0,0.0,0.0,0.0014,0.0,0.0014,0.0,0.0014,0.0,0.0,0,0,0,0.0683,0.0014,0.0,0.0,0.0,0.0,0,0,0,0,21,0,0,0,0,2,0
6.0,0.0,0.0,0.0014,0.0178,0.0193,0.0,0.0193,0.0,0.0,0,0,0,0.0683,0.0014,0.0178,0.0,0.0,0.9252,0,0,0,0,21,0,0,0,0,2,0
7.0,0.0,0.0,0.0014,0.0178,0.0193,0.0,0.0193,0.0,0.0,0,0,0,0.0683,0.0014,0.0178,0.0,0.0,0.9252,0,0,0,0,21,0,0,0,0,2,0
8.0,0.0,0.0,0.0014,0.0178,0.0193,0.0,0.0193,0.0,0.0,0,0,0,0.0683,0.0014,0.0178,0.0,0.0,0.9252,0,0,0,0,21,0,0,0,0,2,0
9.0,0.0,0.0,0.0343,0.0178,0.0522,0.0,0.0522,0.0,0.0,0,0,0,0.1001,0.0343,0.0178,0.0,0.0,0.3417,1,0,1,0,21,0,0,83,0,2,0
10.0,0.0,0.0,0.0343,0.0178,0.0522,0.0,0.0522,0.0,0.0,0,0,0,0.1001,0.0343,0.0178,0.0,0.0,0.3417,1,0,1,0,21,0,0,83,0,2,0
11.0,0.0,0.0,0.0343,0.0733,0.1076,0.0,0.1076,0.0,0.0,0,0,0,0.1001,0.0343,0.0733,0.0,0.0,0.6809,1,0,1,0,21,0,0,83,0,2,0
12.0,0.0,0.0,0.0343,0.0733,0.1076,0.0,0.1076,0.0,0.0,0,0,0,0.1294,0.0343,0.0733,0.0,0.0,0.6809,2,1,1,0,21,0,0,289,0,2,0
13.0,0.0,0.0,0.0343,0.0733,0.1076,0.0,0.1076,0.0,0.0,0,0,0,0.1294,0.0343,0.0733,0.0,0.0,0.6809,2,1,1,0,21,0,0,289,0,2,0
14.0,0.0,0.0,0.0343,0.0733,0.1076,0.0,0.1076,0.0,0.0,0,0,0,0.1692,0.0343,0.0733,0.0,0.0,0.6809,3,1,2,0,21,0,0,580,0,2,0
15.0,0.0,0.0,0.1004,0.0733,0.1737,0.0,0.1737,0.0,0.0,0,0,0,0.1692,0.1004,0.0733,0.0,0.0,0.4219,3,1,2,0,21,0,0,580,0,2,0
16.0,0.0,0.0,0.173,0.1524,0.3255,0.0,0.3255,0.0,0.0,0,0,0,0.1692,0.173,0.1524,0.0,0.0,0.4684,3,1,2,0,21,0,0,580,0,2,0
17.0,0.0,0.0,0.173,0.2311,0.4041,0.0,0.4041,0.0,0.0,0,0,0,0.1692,0.173,0.2311,0.0,0.0,0.5718,3,1,2,0,21,0,0,580,0,2,0
18.0,0.0,0.0,0.173,0.2311,0.4041,0.0,0.4041,0.0,0.0,0,0,0,0.2323,0.173,0.2311,0.0,0.0,0.5718,4,2,2,0,21,0,0,1040,0,2,0
19.0,0.0,0.0,0.173,0.2311,0.4041,0.0,0.4041,0.0,0.0,0,0,0,0.3763,0.173,0.2311,0.0,0.0,0.5718,6,2,4,0,21,0,0,2048,0,2,0
20.0,0.0,0.0,0.2629,0.2311,0.494,0.0,0.494,0.0,0.0,0,0,0,0.4511,0.2629,0.2311,0.0,0.0,0.4678,7,2,5,0,21,0,0,2573,0,2,0
21.0,0.0,0.0,0.2629,0.2311,0.494,0.0,0.494,0.0,0.0,0,0,0,0.4511,0.2629,0.2311,0.0,0.0,0.4678,7,2,5,0,21,0,0,2573,0,2,0
22.0,0.0,0.0,0.2629,0.339,0.6019,0.0,0.6019,0.0,0.0,0,0,0,0.5346,0.2629,0.339,0.0,0.0,0.5632,8,3,5,0,21,0,0,3210,0,2,0
23.0,0.0,0.0,0.2629,0.339,0.6019,0.0,0.6019,0.0,0.0,0,0,0,0.5491,0.2629,0.339,0.0,0.0,0.5632,8,3,5,0,21,0,0,3210,0,2,0
24.0,0.0,0.0,0.2629,0.339,0.6019,0.0,0.6019,0.0,0.0,0,0,0,0.5491,0.2629,0.339,0.0,0.0,0.5632,8,3,5,0,21,0,0,3210,0,2,0
25.0,0.0,0.0,0.2629,0.339,0.6019,0.0,0.6019,0.0,0.0,0,0,0,0.6205,0.2629,0.339,0.0,0.0,0.5632,9,3,6,0,21,0,0,3737,0,2,0
26.0,0.0,0.0,0.2629,0.339,0.6019,0.0,0.6019,0.0,0.0,0,0,0,0.6205,0.2629,0.339,0.0,0.0,0.5632,9,3,6,0,21,0,0,3737,0,2,0
27.0,0.0,0.0,0.3933,0.339,0.7323,0.0,0.7323,0.0,0.0,0,0,0,0.6205,0.3933,0.339,0.0,0.0,0.4629,9,3,6,0,21,0,0,3737,0,2,0
28.0,0.0,0.0,0.5101,0.5896,1.0997,0.0,1.0997,0.0,0.0,0,0,0,0.6205,0.5101,0.5896,0.0,0.0,0.5361,9,3,6,0,21,0,0,3737,0,2,0
29.0,0.0,0.0,0.9334,1.0166,1.95,0.0,1.95,0.0,0.0,0,0,0,0.6205,0.9334,1.0166,0.0,0.0,0.5213,9,3,6,0,21,0,0,3737,0,2,0
30.0,0.0,0.0,1.0739,1.0166,2.0905,0.0,2.0905,0.0,0.0,0,0,0,0.7491,1.0739,1.0166,0.0,0.0,0.4863,10,3,7,0,21,0,0,4696,0,2,0
31.0,0.0,0.0,1.0739,1.0166,2.0905,0.0,2.0905,0.0,0.0,0,0,0,0.956,1.0739,1.0166,0.0,0.0,0.4863,12,4,8,0,21,0,0,6249,0,2,0
32.0,0.0,0.0,1.0739,1.0166,2.0905,0.0,2.0905,0.0,0.0,0,0,0,2.0878,1.0739,1.0166,0.0,0.0,0.4863,19,7,12,0,21,1,0,12353,0,2,0
33.0,0.0,0.0,1.0739,1.0166,2.0905,0.0,2.0905,0.0,0.0,0,0,0,2.0878,1.0739,1.0166,0.0,0.0,0.4863,19,7,12,0,21,1,0,12353,0,2,0
34.0,0.0,0.0,1.0739,1.1655,2.2394,0.0,2.2394,0.0,0.0,0,0,0,2.0878,1.0739,1.1655,0.0,0.0,0.5205,19,7,12,0,21,1,0,12353,0,2,0
35.0,0.0,0.0,1.2246,1.1655,2.3901,0.0,2.3901,0.0,0.0,0,0,0,2.0878,1.2246,1.1655,0.0,0.0,0.4876,19,7,12,0,21,1,0,12353,0,2,0
36.0,0.0,0.0,1.3107,1.3107,2.6214,0.0,2.6214,0.0,0.0,0,0,0,2.0878,1.3107,1.3107,0.0,0.0,0.5,19,7,12,0,21,1,0,12353,0,2,0
37.0,0.0,0.0,1.3107,1.3107,2.6214,0.0,2.6214,0.0,0.0,0,0,0,2.2341,1.3107,1.3107,0.0,0.0,0.5,20,7,13,0,21,1,0,13453,0,2,0
38.0,0.0,0.0,1.3107,1.3107,2.6214,0.0,2.6214,0.0,0.0,0,0,0,2.3839,1.3107,1.3107,0.0,0.0,0.5,21,8,13,0,21,1,0,14566,0,2,0
39.0,0.0,0.0,1.3107,1.3107,2.6214,0.0,2.6214,0.0,0.0,0,0,0,2.6807,1.3107,1.3107,0.0,0.0,0.5,23,8,15,0,22,1,0,16436,0,2,0
40.0,0.0,0.0,1.3107,1.3107,2.6214,0.0,2.6214,0.0,0.0,0,0,0,2.6807,1.3107,1.3107,0.0,0.0,0.5,23,8,15,0,22,1,0,16436,0,2,0
41.0,0.0,0.0,1.3107,1.3107,2.6214,0.0,2.6214,0.0,0.0,0,0,0,2.6807,1.3107,1.3107,0.0,0.0,0.5,23,8,15,0,22,1,0,16436,0,2,0
42.0,0.0,0.0,1.3107,1.3107,2.6214,0.0,2.6214,0.0,0.0,0,0,0,2.6807,1.3107,1.3107,0.0,0.0,0.5,23,8,15,0,22,1,0,16436,0,2,0
43.0,0.0,0.0,1.3107,1.3107,2.6214,0.0,2.6214,0.0,0.0,0,0,0,2.8908,1.3107,1.3107,0.0,0.0,0.5,24,8,16,0,22,1,0,17915,0,2,0
44.0,0.0,0.0,1.3107,1.3107,2.6214,0.0,2.6214,0.0,0.0,0,0,0,2.8908,1.3107,1.3107,0.0,0.0,0.5,24,8,16,0,22,1,0,17915,0,2,0
45.0,0.0,0.0,1.3107,1.3107,2.6214,0.0,2.6214,0.0,0.0,0,0,0,3.0652,1.3107,1.3107,0.0,0.0,0.5,26,9,17,0,22,1,0,19194,0,2,0
46.0,0.0,0.0,1.3107,1.3107,2.6214,0.0,2.6214,0.0,0.0,0,0,0,3.0652,1.3107,1.3107,0.0,0.0,0.5,26,9,17,0,22,1,0,19194,0,2,0
47.0,0.0,0.0,1.3107,1.3107,2.6214,0.0,2.6214,0.0,0.0,0,0,0,3.3121,1.3107,1.3107,0.0,0.0,0.5,29,10,19,0,22,1,0,20696,0,2,0
48.0,0.0,0.0,1.3107,1.3107,2.6214,0.0,2.6214,0.0,0.0,0,0,0,3.38,1.3107,1.3107,0.0,0.0,0.5,30,10,20,0,22,1,0,21190,0,2,0
49.0,0.0,0.0,1.3107,1.3107,2.6214,0.0,2.6214,0.0,0.0,0,0,0,3.5872,1.3107,1.3107,0.0,0.0,0.5,31,10,21,0,22,1,0,22752,0,2,0
50.0,0.0,0.0,1.3107,1.3107,2.6214,0.0,2.6214,0.0,0.0,0,0,0,3.5872,1.3107,1.3107,0.0,0.0,0.5,31,10,21,0,22,1,0,22752,0,2,0
51.0,0.0,0.0,1.3107,1.3107,2.6214,0.0,2.6214,0.0,0.0,0,0,0,3.5872,1.3107,1.3107,0.0,0.0,0.5,31,10,21,0,22,1,0,22752,0,2,0
52.0,0.0,0.0,1.3107,1.3107,2.6214,0.0,2.6214,0.0,0.0,0,0,0,3.6758,1.3107,1.3107,0.0,0.0,0.5,32,10,22,0,22,1,0,23415,0,2,0
53.0,0.0,0.0,1.3107,1.3107,2.6214,0.0,2.6214,0.0,0.0,0,0,0,3.9073,1.3107,1.3107,0.0,0.0,0.5,33,11,22,0,22,1,0,25167,0,2,0
54.0,0.0,0.0,1.3107,1.3107,2.6214,0.0,2.6214,0.0,0.0,0,0,0,3.9073,1.3107,1.3107,0.0,0.0,0.5,33,11,22,0,22,1,0,25167,0,2,0
55.0,0.0,0.0,1.3107,1.3107,2.6214,0.0,2.6214,0.0,0.0,0,0,0,3.9073,1.3107,1.3107,0.0,0.0,0.5,33,11,22,0,22,1,0,25167,0,2,0
56.0,0.0,0.0,1.3107,1.3107,2.6214,0.0,2.6214,0.0,0.0,0,0,0,3.9073,1.3107,1.3107,0.0,0.0,0.5,33,11,22,0,22,1,0,25167,0,2,0
57.0,0.0,0.0,1.3107,1.3107,2.6214,0.0,2.6214,0.0,0.0,0,0,0,3.9073,1.3107,1.3107,0.0,0.0,0.5,33,11,22,0,22,1,0,25167,0,2,0
58.0,0.0,0.0,1.3107,1.3107,2.6214,0.0,2.6214,0.0,0.0,0,0,0,4.2855,1.3107,1.3107,0.0,0.0,0.5,36,13,23,0,23,1,0,27920,0,2,0
59.0,0.0,0.0,1.3107,1.3107,2.6214,0.0,2.6214,0.0,0.0,0,0,0,4.2855,1.3107,1.3107,0.0,0.0,0.5,36,13,23,0,23,1,0,27920,0,2,0
60.0,0.0,0.0,1.3107,1.3107,2.6214,0.0,2.6214,0.0,0.0,0,0,0,4.2855,1.3107,1.3107,0.0,0.0,0.5,36,13,23,0,25,1,0,27920,0,2,0
61.0,0.0,0.0,1.3107,1.3107,2.6214,0.0,2.6214,0.0,0.0,0,0,0,4.6555,1.3107,1.3107,0.0,0.0,0.5,38,13,25,0,25,1,0,30699,0,2,0
62.0,0.0,0.0,1.3107,1.3107,2.6214,0.0,2.6214,0.0,0.0,0,0,0,4.9204,1.3107,1.3107,0.0,0.0,0.5,39,14,25,0,25,1,0,32704,0,2,0
63.0,0.0,0.0,1.3107,1.3107,2.6214,0.0,2.6214,0.0,0.0,0,0,0,4.9204,1.3107,1.3107,0.0,0.0,0.5,39,14,25,0,25,1,0,32704,0,2,0
64.0,0.0,0.0,1.3107,1.3107,2.6214,0.0,2.6214,0.0,0.0,0,0,0,5.1902,1.3107,1.3107,0.0,0.0,0.5,40,15,25,0,26,1,0,34714,0,2,0
65.0,0.0,0.0,1.3107,1.3107,2.6214,0.0,2.6214,0.0,0.0,0,0,0,5.1902,1.3107,1.3107,0.0,0.0,0.5,40,15,25,0,26,1,0,34714,0,2,0
66.0,0.0,0.0,1.3107,1.3107,2.6214,0.0,2.6214,0.0,0.0,0,0,0,5.3526,1.3107,1.3107,0.0,0.0,0.5,41,16,25,0,26,1,0,35923,0,2,0
67.0,0.0,0.0,1.3107,1.3107,2.6214,0.0,2.6214,0.0,0.0,0,0,0,5.435,1.3107,1.3107,0.0,0.0,0.5,43,17,26,0,26,1,0,36498,0,2,0
68.0,0.0,0.0,1.3107,1.3107,2.6214,0.0,2.6214,0.0,0.0,0,0,0,5.7254,1.3107,1.3107,0.0,0.0,0.5,44,18,26,0,26,1,0,38680,0,2,0
69.0,0.0,0.0,1.3107,1.3107,2.6214,0.0,2.6214,0.0,0.0,0,0,0,5.7254,1.3107,1.3107,0.0,0.0,0.5,44,18,26,0,26,1,0,38680,0,2,0
70.0,0.0,0.0,1.3107,1.3107,2.6214,0.0,2.6214,0.0,0.0,0,0,0,5.7254,1.3107,1.3107,0.0,0.0,0.5,44,18,26,0,26,1,0,38680,0,2,0
71.0,0.0,0.0,1.3107,1.3107,2.6214,0.0,2.6214,0.0,0.0,0,0,0,5.7913,1.3107,1.3107,0.0,0.0,0.5,45,19,26,0,27,1,0,39115,0,2,0
72.0,0.0,0.0,1.3107,1.3107,2.6214,0.0,2.6214,0.0,0.0,0,0,0,5.8041,1.3107,1.3107,0.0,0.0,0.5,46,20,26,0,27,1,0,39187,0,2,0
73.0,0.0,0.0,1.3107,1.3107,2.6214,0.0,2.6214,0.0,0.0,0,0,0,6.0509,1.3107,1.3107,0.0,0.0,0.5,46,20,26,0,28,1,0,39187,0,2,0
74.0,0.0,0.0,1.3107,1.3107,2.6214,0.0,2.6214,0.0,0.0,0,0,0,6.1502,1.3107,1.3107,0.0,0.0,0.5,46,20,26,0,29,2,0,39187,0,2,0
75.0,0.0,0.0,1.3107,1.3107,2.6214,0.0,2.6214,0.0,0.0,0,0,0,6.4873,1.3107,1.3107,0.0,0.0,0.5,47,20,27,0,29,2,0,39225,0,2,0
76.0,0.0,0.0,1.3107,1.3107,2.6214,0.0,2.6214,0.0,0.0,0,0,0,6.7345,1.3107,1.3107,0.0,0.0,0.5,47,20,27,0,31,2,0,39225,0,2,0
77.0,0.0,0.0,1.3107,1.3107,2.6214,0.0,2.6214,0.0,0.0,0,0,0,6.9329,1.3107,1.3107,0.0,0.0,0.5,48,20,28,0,31,2,0,40089,0,2,0
78.0,0.0,0.0,1.3107,1.3107,2.6214,0.0,2.6214,0.0,0.0,0,0,0,6.9329,1.3107,1.3107,0.0,0.0,0.5,48,20,28,0,31,2,0,40089,0,2,0
79.0,0.0,0.0,1.3107,1.3107,2.6214,0.0,2.6214,0.0,0.0,0,0,0,6.9998,1.3107,1.3107,0.0,0.0,0.5,50,21,29,0,31,2,0,40533,0,2,0
80.0,0.0,0.0,1.3107,1.3107,2.6214,0.0,2.6214,0.0,0.0,0,0,0,6.9998,1.3107,1.3107,0.0,0.0,0.5,50,21,29,0,31,2,0,40533,0,2,0
81.0,0.0,0.0,1.3107,1.3107,2.6214,0.0,2.6214,0.0,0.0,0,0,0,6.9998,1.3107,1.3107,0.0,0.0,0.5,50,21,29,0,31,2,0,40533,0,2,0
82.0,0.0,0.0,1.3107,1.3107,2.6214,0.0,2.6214,0.0,0.0,0,0,0,6.9998,1.3107,1.3107,0.0,0.0,0.5,50,21,29,0,31,2,0,40533,0,2,0
83.0,0.0,0.0,1.3107,1.3107,2.6214,0.0,2.6214,0.0,0.0,0,0,0,7.0083,1.3107,1.3107,0.0,0.0,0.5,51,22,29,0,31,2,0,40580,0,2,0
84.0,0.0,0.0,1.3107,1.3107,2.6214,0.0,2.6214,0.0,0.0,0,0,0,7.0083,1.3107,1.3107,0.0,0.0,0.5,51,22,29,0,31,2,0,40580,0,2,0
85.0,0.0,0.0,1.3107,1.3107,2.6214,0.0,2.6214,0.0,0.0,0,0,0,7.0103,1.3107,1.3107,0.0,0.0,0.5,51,22,29,0,32,2,0,40580,0,2,0
86.0,0.0,0.0,1.3107,1.3107,2.6214,0.0,2.6214,0.0,0.0,0,0,0,7.1748,1.3107,1.3107,0.0,0.0,0.5,51,22,29,0,34,2,0,40580,0,2,0
87.0,0.0,0.0,1.3107,1.3107,2.6214,0.0,2.6214,0.0,0.0,0,0,0,7.3767,1.3107,1.3107,0.0,0.0,0.5,52,22,30,0,36,2,0,41068,0,2,0
88.0,0.0,0.0,1.3107,1.3107,2.6214,0.0,2.6214,0.0,0.0,0,0,0,7.5878,1.3107,1.3107,0.0,0.0,0.5,52,22,30,0,38,2,0,41068,0,2,0
89.0,0.0,0.0,1.3107,1.3107,2.6214,0.0,2.6214,0.0,0.0,0,0,0,7.5878,1.3107,1.3107,0.0,0.0,0.5,52,22,30,0,38,2,0,41068,0,2,0
90.0,0.0,0.0,1.3107,1.3107,2.6214,0.0,2.6214,0.0,0.0,0,0,0,7.5878,1.3107,1.3107,0.0,0.0,0.5,52,22,30,0,38,2,0,41068,0,2,0
91.0,0.0,0.0,1.3107,1.3107,2.6214,0.0,2.6214,0.0,0.0,0,0,0,7.7334,1.3107,1.3107,0.0,0.0,0.5,54,23,31,0,38,2,0,42111,0,2,0
92.0,0.0,0.0,1.3107,1.3107,2.6214,0.0,2.6214,0.0,0.0,0,0,0,7.7515,1.3107,1.3107,0.0,0.0,0.5,54,23,31,0,39,2,0,42111,0,2,0
93.0,0.0,0.0,1.3107,1.3107,2.6214,0.0,2.6214,0.0,0.0,0,0,0,7.7515,1.3107,1.3107,0.0,0.0,0.5,54,23,31,0,39,2,0,42111,0,2,0
94.0,0.0,0.0,1.3107,1.3107,2.6214,0.0,2.6214,0.0,0.0,0,0,0,7.7515,1.3107,1.3107,0.0,0.0,0.5,54,23,31,0,39,2,0,42111,0,2,0
95.0,0.0,0.0,1.3107,1.3107,2.6214,0.0,2.6214,0.0,0.0,0,0,0,7.9958,1.3107,1.3107,0.0,0.0,0.5,55,23,32,0,39,2,0,43309,0,2,0
96.0,0.0,0.0,1.3107,1.3107,2.6214,0.0,2.6214,0.0,0.0,0,0,0,8.0403,1.3107,1.3107,0.0,0.0,0.5,55,23,32,0,40,2,0,43309,0,2,0
97.0,0.0,0.0,1.3107,1.3107,2.6214,0.0,2.6214,0.0,0.0,0,0,0,8.1698,1.3107,1.3107,0.0,0.0,0.5,55,23,32,0,41,2,0,43309,0,2,0
98.0,0.0,0.0,1.3107,1.3107,2.6214,0.0,2.6214,0.0,0.0,0,0,0,8.5397,1.3107,1.3107,0.0,0.0,0.5,58,26,32,0,41,2,0,46039,0,2,0
99.0,0.0,0.0,1.3107,1.3107,2.6214,0.0,2.6214,0.0,0.0,0,0,0,8.5397,1.3107,1.3107,0.0,0.0,0.5,58,26,32,0,41,2,0,46039,0,2,0
100.0,0.0,0.0,1.3107,1.3107,2.6214,0.0,2.6214,0.0,0.0,0,0,0,8.5928,1.3107,1.3107,0.0,0.0,0.5,59,26,33,0,41,2,0,46423,0,2,0
101.0,0.0,0.0,1.3107,1.3107,2.6214,0.0,2.6214,0.0,0.0,0,0,0,8.7151,1.3107,1.3107,0.0,0.0,0.5,60,26,34,0,41,2,0,47309,0,2,0
102.0,0.0,0.0,1.3107,1.3107,2.6214,0.0,2.6214,0.0,0.0,0,0,0,8.7825,1.3107,1.3107,0.0,0.0,0.5,61,27,34,0,41,2,0,47723,0,2,0
103.0,0.0,0.0,1.3107,1.3107,2.6214,0.0,2.6214,0.0,0.0,0,0,0,8.7825,1.3107,1.3107,0.0,0.0,0.5,61,27,34,0,41,2,0,47723,0,2,0
104.0,0.0,0.0,1.3107,1.3107,2.6214,0.0,2.6214,0.0,0.0,0,0,0,9.0859,1.3107,1.3107,0.0,0.0,0.5,61,27,34,0,42,2,0,47723,0,2,0
105.0,0.0,0.0,1.3107,1.3107,2.6214,0.0,2.6214,0.0,0.0,0,0,0,9.2377,1.3107,1.3107,0.0,0.0,0.5,61,27,34,0,43,3,0,47723,0,2,0
106.0,0.0,0.0,1.3107,1.3107,2.6214,0.0,2.6214,0.0,0.0,0,0,0,9.2377,1.3107,1.3107,0.0,0.0,0.5,61,27,34,0,43,3,0,47723,0,2,0
107.0,0.0,0.0,1.3107,1.3107,2.6214,0.0,2.6214,0.0,0.0,0,0,0,9.2813,1.3107,1.3107,0.0,0.0,0.5,61,27,34,0,43,4,0,47723,0,2,0
108.0,0.0,0.0,1.3107,1.3107,2.6214,0.0,2.6214,0.0,0.0,0,0,0,9.4376,1.3107,1.3107,0.0,0.0,0.5,62,27,35,0,43,4,0,48746,0,2,0
109.0,0.0,0.0,1.3107,1.3107,2.6214,0.0,2.6214,0.0,0.0,0,0,0,9.4376,1.3107,1.3107,0.0,0.0,0.5,62,27,35,0,43,4,0,48746,0,2,0
110.0,0.0,0.0,1.3107,1.3107,2.6214,0.0,2.6214,0.0,0.0,0,0,0,9.4376,1.3107,1.3107,0.0,0.0,0.5,62,27,35,0,43,4,0,48746,0,2,0
111.0,0.0,0.0,1.3107,1.3107,2.6214,0.0,2.6214,0.0,0.0,0,0,0,9.4745,1.3107,1.3107,0.0,0.0,0.5,62,27,35,0,43,5,0,48746,0,2,0
112.0,0.0,0.0,1.3107,1.3107,2.6214,0.0,2.6214,0.0,0.0,0,0,0,9.6102,1.3107,1.3107,0.0,0.0,0.5,62,27,35,0,44,5,0,48746,0,2,0
113.0,0.0,0.0,1.3107,1.3107,2.6214,0.0,2.6214,0.0,0.0,0,0,0,9.9258,1.3107,1.3107,0.0,0.0,0.5,63,27,36,0,45,5,0,50953,0,2,0
114.0,0.0,0.0,1.3107,1.3107,2.6214,0.0,2.6214,0.0,0.0,0,0,0,10.2831,1.3107,1.3107,0.0,0.0,0.5,65,29,36,0,45,6,0,53087,0,2,0
115.0,0.0,0.0,1.3107,1.3107,2.6214,0.0,2.6214,0.0,0.0,0,0,0,10.2831,1.3107,1.3107,0.0,0.0,0.5,65,29,36,0,45,6,0,53087,0,2,0
116.0,0.0,0.0,1.3107,1.3107,2.6214,0.0,2.6214,0.0,0.0,0,0,0,10.2831,1.3107,1.3107,0.0,0.0,0.5,65,29,36,0,45,6,0,53087,0,2,0
117.0,0.0,0.0,1.3107,1.3107,2.6214,0.0,2.6214,0.0,0.0,0,0,0,10.2831,1.3107,1.3107,0.0,0.0,0.5,65,29,36,0,45,6,0,53087,0,2,0
118.0,0.0,0.0,1.3107,1.3107,2.6214,0.0,2.6214,0.0,0.0,0,0,0,10.6826,1.3107,1.3107,0.0,0.0,0.5,65,29,36,0,47,6,0,53087,0,2,0
119.0,0.0,0.0,1.3107,1.3107,2.6214,0.0,2.6214,0.0,0.0,0,0,0,11.0436,1.3107,1.3107,0.0,0.0,0.5,65,29,36,0,51,7,0,53087,0,2,0
120.0,0.0,0.0,1.3107,1.3107,2.6214,0.0,2.6214,0.0,0.0,0,0,0,11.0498,1.3107,1.3107,0.0,0.0,0.5,65,29,36,0,53,7,0,53087,0,2,0
121.0,0.0,0.0,1.3107,1.3107,2.6214,0.0,2.6214,0.0,0.0,0,0,0,11.1707,1.3107,1.3107,0.0,0.0,0.5,65,29,36,0,54,7,0,53087,0,2,0
122.0,0.0,0.0,1.3107,1.3107,2.6214,0.0,2.6214,0.0,0.0,0,0,0,11.2025,1.3107,1.3107,0.0,0.0,0.5,66,29,37,0,54,7,0,53316,0,2,0
123.0,0.0,0.0,1.3107,1.3107,2.6214,0.0,2.6214,0.0,0.0,0,0,0,11.5326,1.3107,1.3107,0.0,0.0,0.5,66,29,37,0,55,7,0,53316,0,2,0
124.0,0.0,0.0,1.3107,1.3107,2.6214,0.0,2.6214,0.0,0.0,0,0,0,11.5326,1.3107,1.3107,0.0,0.0,0.5,66,29,37,0,55,7,0,53316,0,2,0
125.0,0.0,0.0,1.3107,1.3107,2.6214,0.0,2.6214,0.0,0.0,0,0,0,11.5326,1.3107,1.3107,0.0,0.0,0.5,66,29,37,0,55,7,0,53316,0,2,0
126.0,0.0,0.0,1.3107,1.3107,2.6214,0.0,2.6214,0.0,0.0,0,0,0,11.5541,1.3107,1.3107,0.0,0.0,0.5,67,30,37,0,55,7,0,53441,0,2,0
127.0,0.0,0.0,1.3107,1.3107,2.6214,0.0,2.6214,0.0,0.0,0,0,0,11.7724,1.3107,1.3107,0.0,0.0,0.5,68,31,37,0,55,7,0,54871,0,2,0
128.0,0.0,0.0,1.3107,1.3107,2.6214,0.0,2.6214,0.0,0.0,0,0,0,11.7794,1.3107,1.3107,0.0,0.0,0.5,68,31,37,0,57,7,0,54871,0,2,0
129.0,0.0,0.0,1.3107,1.3107,2.6214,0.0,2.6214,0.0,0.0,0,0,0,11.8376,1.3107,1.3107,0.0,0.0,0.5,69,32,37,0,57,7,0,55302,0,2,0
130.0,0.0,0.0,1.3107,1.3107,2.6214,0.0,2.6214,0.0,0.0,0,0,0,11.8376,1.3107,1.3107,0.0,0.0,0.5,69,32,37,0,57,7,0,55302,0,2,0
131.0,0.0,0.0,1.3107,1.3107,2.6214,0.0,2.6214,0.0,0.0,0,0,0,11.8376,1.3107,1.3107,0.0,0.0,0.5,69,32,37,0,57,7,0,55302,0,2,0
132.0,0.0,0.0,1.3107,1.3107,2.6214,0.0,2.6214,0.0,0.0,0,0,0,11.9978,1.3107,1.3107,0.0,0.0,0.5,72,34,38,0,57,7,0,56463,0,2,0
133.0,0.0,0.0,1.3107,1.3107,2.6214,0.0,2.6214,0.0,0.0,0,0,0,12.0196,1.3107,1.3107,0.0,0.0,0.5,73,35,38,0,57,7,0,56600,0,2,0
134.0,0.0,0.0,1.3107,1.3107,2.6214,0.0,2.6214,0.0,0.0,0,0,0,12.0242,1.3107,1.3107,0.0,0.0,0.5,73,35,38,0,58,7,0,56600,0,2,0
135.0,0.0,0.0,1.3107,1.3107,2.6214,0.0,2.6214,0.0,0.0,0,0,0,12.1703,1.3107,1.3107,0.0,0.0,0.5,73,35,38,0,60,7,0,56600,0,2,0
136.0,0.0,0.0,1.3107,1.3107,2.6214,0.0,2.6214,0.0,0.0,0,0,0,12.2849,1.3107,1.3107,0.0,0.0,0.5,73,35,38,0,62,7,0,56600,0,2,0
137.0,0.0,0.0,1.3107,1.3107,2.6214,0.0,2.6214,0.0,0.0,0,0,0,12.8376,1.3107,1.3107,0.0,0.0,0.5,73,35,38,0,65,7,0,56600,0,2,0
138.0,0.0,0.0,1.3107,1.3107,2.6214,0.0,2.6214,0.0,0.0,0,0,0,12.8376,1.3107,1.3107,0.0,0.0,0.5,73,35,38,0,65,7,0,56600,0,2,0
139.0,0.0,0.0,1.3107,1.3107,2.6214,0.0,2.6214,0.0,0.0,0,0,0,12.9828,1.3107,1.3107,0.0,0.0,0.5,73,35,38,0,66,8,0,56600,0,2,0
140.0,0.0,0.0,1.3107,1.3107,2.6214,0.0,2.6214,0.0,0.0,0,0,0,13.171,1.3107,1.3107,0.0,0.0,0.5,75,36,39,0,66,8,0,57987,0,2,0
141.0,0.0,0.0,1.3107,1.3107,2.6214,0.0,2.6214,0.0,0.0,0,0,0,13.2996,1.3107,1.3107,0.0,0.0,0.5,77,37,40,0,66,8,0,58931,0,2,0
142.0,0.0,0.0,1.3107,1.3107,2.6214,0.0,2.6214,0.0,0.0,0,0,0,13.3142,1.3107,1.3107,0.0,0.0,0.5,77,37,40,0,66,8,0,58931,0,2,0
143.0,0.0,0.0,1.3107,1.3107,2.6214,0.0,2.6214,0.0,0.0,0,0,0,13.3165,1.3107,1.3107,0.0,0.0,0.5,77,37,40,0,67,8,0,58931,0,2,0
144.0,0.0,0.0,1.3107,1.3107,2.6214,0.0,2.6214,0.0,0.0,0,0,0,13.3165,1.3107,1.3107,0.0,0.0,0.5,77,37,40,0,67,8,0,58931,0,2,0
145.0,0.0,0.0,1.3107,1.3107,2.6214,0.0,2.6214,0.0,0.0,0,0,0,13.3488,1.3107,1.3107,0.0,0.0,0.5,78,38,40,0,67,8,0,59148,0,2,0
146.0,0.0,0.0,1.3107,1.3107,2.6214,0.0,2.6214,0.0,0.0,0,0,0,13.3488,1.3107,1.3107,0.0,0.0,0.5,78,38,40,0,67,8,0,59148,0,2,0
147.0,0.0,0.0,1.3107,1.3107,2.6214,0.0,2.6214,0.0,0.0,0,0,0,13.4953,1.3107,1.3107,0.0,0.0,0.5,79,38,41,0,68,8,0,59909,0,2,0
148.0,0.0,0.0,1.3107,1.3107,2.6214,0.0,2.6214,0.0,0.0,0,0,0,13.4953,1.3107,1.3107,0.0,0.0,0.5,79,38,41,0,68,8,0,59909,0,2,0
149.0,0.0,0.0,1.3107,1.3107,2.6214,0.0,2.6214,0.0,0.0,0,0,0,13.5125,1.3107,1.3107,0.0,0.0,0.5,80,39,41,0,69,8,0,59962,0,2,0
150.0,0.0,0.0,1.3107,1.3107,2.6214,0.0,2.6214,0.0,0.0,0,0,0,13.7814,1.3107,1.3107,0.0,0.0,0.5,82,41,41,0,71,8,0,61603,0,2,0
151.0,0.0,0.0,1.3107,1.3107,2.6214,0.0,2.6214,0.0,0.0,0,0,0,13.7814,1.3107,1.3107,0.0,0.0,0.5,82,41,41,0,71,8,0,61603,0,2,0
152.0,0.0,0.0,1.3107,1.3107,2.6214,0.0,2.6214,0.0,0.0,0,0,0,13.87,1.3107,1.3107,0.0,0.0,0.5,82,41,41,0,73,8,0,61603,0,2,0
153.0,0.0,0.0,1.3107,1.3107,2.6214,0.0,2.6214,0.0,0.0,0,0,0,13.87,1.3107,1.3107,0.0,0.0,0.5,82,41,41,0,73,8,0,61603,0,2,0
154.0,0.0,0.0,1.3107,1.3107,2.6214,0.0,2.6214,0.0,0.0,0,0,0,13.9312,1.3107,1.3107,0.0,0.0,0.5,83,42,41,0,74,8,0,61641,0,2,0
155.0,0.0,0.0,1.3107,1.3107,2.6214,0.0,2.6214,0.0,0.0,0,0,0,13.9312,1.3107,1.3107,0.0,0.0,0.5,83,42,41,0,74,8,0,61641,0,2,0
156.0,0.0,0.0,1.3107,1.3107,2.6214,0.0,2.6214,0.0,0.0,0,0,0,14.0377,1.3107,1.3107,0.0,0.0,0.5,85,43,42,0,74,8,0,62291,0,2,0
157.0,0.0,0.0,1.3107,1.3107,2.6214,0.0,2.6214,0.0,0.0,0,0,0,14.184,1.3107,1.3107,0.0,0.0,0.5,86,43,43,0,74,8,0,63357,0,2,0
158.0,0.0,0.0,1.3107,1.3107,2.6214,0.0,2.6214,0.0,0.0,0,0,0,14.2243,1.3107,1.3107,0.0,0.0,0.5,87,43,44,0,74,8,0,63644,0,2,0
159.0,0.0,0.0,1.3107,1.3107,2.6214,0.0,2.6214,0.0,0.0,0,0,0,14.2756,1.3107,1.3107,0.0,0.0,0.5,89,43,46,0,74,8,0,63957,0,2,0
160.0,0.0,0.0,1.3107,1.3107,2.6214,0.0,2.6214,0.0,0.0,0,0,0,14.363,1.3107,1.3107,0.0,0.0,0.5,90,43,47,0,74,8,0,64607,0,2,0
161.0,0.0,0.0,1.3107,1.3107,2.6214,0.0,2.6214,0.0,0.0,0,0,0,14.4659,1.3107,1.3107,0.0,0.0,0.5,90,43,47,0,76,8,0,64607,0,2,0
162.0,0.0,0.0,1.3107,1.3107,2.6214,0.0,2.6214,0.0,0.0,0,0,0,14.4659,1.3107,1.3107,0.0,0.0,0.5,90,43,47,0,76,8,0,64607,0,2,0
163.0,0.0,0.0,1.3107,1.3107,2.6214,0.0,2.6214,0.0,0.0,0,0,0,14.4673,1.3107,1.3107,0.0,0.0,0.5,90,43,47,0,77,8,0,64607,0,2,0
164.0,0.0,0.0,1.3107,1.3107,2.6214,0.0,2.6214,0.0,0.0,0,0,0,14.4942,1.3107,1.3107,0.0,0.0,0.5,91,43,48,0,77,8,0,64694,0,2,0
165.0,0.0,0.0,1.3107,1.3107,2.6214,0.0,2.6214,0.0,0.0,0,0,0,14.4994,1.3107,1.3107,0.0,0.0,0.5,92,43,49,0,77,8,0,64720,0,2,0
166.0,0.0,0.0,1.3107,1.3107,2.6214,0.0,2.6214,0.0,0.0,0,0,0,14.4994,1.3107,1.3107,0.0,0.0,0.5,92,43,49,0,77,8,0,64720,0,2,0
167.0,0.0,0.0,1.3107,1.3107,2.6214,0.0,2.6214,0.0,0.0,0,0,0,14.4136,1.3107,1.3107,0.0,0.0,0.5,95,45,50,0,77,8,0,67367,0,2,0
168.0,0.0,0.0,1.3107,1.3107,2.6214,0.0,2.6214,0.0,0.0,0,0,0,14.4994,1.3107,1.3107,0.0,0.0,0.5,96,46,50,0,77,8,0,67987,0,2,0
169.0,0.0,0.0,1.3107,1.3107,2.6214,0.0,2.6214,0.0,0.0,0,0,0,14.4994,1.3107,1.3107,0.0,0.0,0.5,96,46,50,0,77,8,0,67987,0,2,0
170.0,0.0,0.0,1.3107,1.3107,2.6214,0.0,2.6214,0.0,0.0,0,0,0,14.7244,1.3107,1.3107,0.0,0.0,0.5,98,47,51,0,77,8,0,69660,0,2,0
171.0,0.0,0.0,1.3107,1.3107,2.6214,0.0,2.6214,0.0,0.0,0,0,0,14.8647,1.3107,1.3107,0.0,0.0,0.5,99,47,52,0,77,8,0,70682,0,2,0
172.0,0.0,0.0,1.3107,1.3107,2.6214,0.0,2.6214,0.0,0.0,0,0,0,14.9956,1.3107,1.3107,0.0,0.0,0.5,101,48,53,0,77,8,0,71594,0,2,0
173.0,0.0,0.0,1.3107,1.3107,2.6214,0.0,2.6214,0.0,0.0,0,0,0,14.9956,1.3107,1.3107,0.0,0.0,0.5,101,48,53,0,77,8,0,71594,0,2,0
174.0,0.0,0.0,1.3107,1.3107,2.6214,0.0,2.6214,0.0,0.0,0,0,0,15.0683,1.3107,1.3107,0.0,0.0,0.5,102,48,54,0,77,8,0,72098,0,2,0
175.0,0.0,0.0,1.3107,1.3107,2.6214,0.0,2.6214,0.0,0.0,0,0,0,15.0692,1.3107,1.3107,0.0,0.0,0.5,102,48,54,0,78,8,0,72098,0,2,0
176.0,0.0,0.0,1.3107,1.3107,2.6214,0.0,2.6214,0.0,0.0,0,0,0,15.2556,1.3107,1.3107,0.0,0.0,0.5,103,48,55,0,78,8,0,73487,0,2,0
177.0,0.0,0.0,1.3107,1.3107,2.6214,0.0,2.6214,0.0,0.0,0,0,0,15.2556,1.3107,1.3107,0.0,0.0,0.5,103,48,55,0,78,8,0,73487,0,2,0
178.0,0.0,0.0,1.3107,1.3107,2.6214,0.0,2.6214,0.0,0.0,0,0,0,15.2556,1.3107,1.3107,0.0,0.0,0.5,103,48,55,0,78,8,0,73487,0,2,0
179.0,0.0,0.0,1.3107,1.3107,2.6214,0.0,2.6214,0.0,0.0,0,0,0,15.2677,1.3107,1.3107,0.0,0.0,0.5,103,48,55,0,81,8,0,73487,0,2,0
180.0,0.0,0.0,1.3107,1.3107,2.6214,0.0,2.6214,0.0,0.0,0,0,0,15.2937,1.3107,1.3107,0.0,0.0,0.5,103,48,55,0,82,9,0,73487,0,2,0
181.0,0.0,0.0,1.3107,1.3107,2.6214,0.0,2.6214,0.0,0.0,0,0,0,15.3302,1.3107,1.3107,0.0,0.0,0.5,103,48,55,0,84,9,0,73487,0,2,0
182.0,0.0,0.0,1.3107,1.3107,2.6214,0.0,2.6214,0.0,0.0,0,0,0,15.3302,1.3107,1.3107,0.0,0.0,0.5,103,48,55,0,84,9,0,73487,0,2,0
183.0,0.0,0.0,1.3107,1.3107,2.6214,0.0,2.6214,0.0,0.0,0,0,0,15.2484,1.3107,1.3107,0.0,0.0,0.5,105,50,55,0,84,9,0,74674,0,2,0
184.0,0.0,0.0,1.3107,1.3107,2.6214,0.0,2.6214,0.0,0.0,0,0,0,15.4035,1.3107,1.3107,0.0,0.0,0.5,107,52,55,0,85,9,0,75750,0,2,0
185.0,0.0,0.0,1.3107,1.3107,2.6214,0.0,2.6214,0.0,0.0,0,0,0,15.4035,1.3107,1.3107,0.0,0.0,0.5,107,52,55,0,85,9,0,75750,0,2,0
186.0,0.0,0.0,1.3107,1.3107,2.6214,0.0,2.6214,0.0,0.0,0,0,0,15.5032,1.3107,1.3107,0.0,0.0,0.5,107,52,55,0,86,9,0,75750,0,2,0
187.0,0.0,0.0,1.3107,1.3107,2.6214,0.0,2.6214,0.0,0.0,0,0,0,15.4263,1.3107,1.3107,0.0,0.0,0.5,108,52,56,0,87,9,0,76122,0,2,0
188.0,0.0,0.0,1.3107,1.3107,2.6214,0.0,2.6214,0.0,0.0,0,0,0,15.3293,1.3107,1.3107,0.0,0.0,0.5,110,54,56,0,87,9,0,77266,0,2,0
189.0,0.0,0.0,1.3107,1.3107,2.6214,0.0,2.6214,0.0,0.0,0,0,0,15.3293,1.3107,1.3107,0.0,0.0,0.5,110,54,56,0,87,9,0,77266,0,2,0
190.0,0.0,0.0,1.3107,1.3107,2.6214,0.0,2.6214,0.0,0.0,0,0,0,15.3293,1.3107,1.3107,0.0,0.0,0.5,110,54,56,0,87,9,0,77266,0,2,0
191.0,0.0,0.0,1.3107,1.3107,2.6214,0.0,2.6214,0.0,0.0,0,0,0,15.3301,1.3107,1.3107,0.0,0.0,0.5,110,54,56,0,88,9,0,77266,0,2,0
192.0,0.0,0.0,1.3107,1.3107,2.6214,0.0,2.6214,0.0,0.0,0,0,0,15.3301,1.3107,1.3107,0.0,0.0,0.5,110,54,56,0,88,9,0,77266,0,2,0
193.0,0.0,0.0,1.3107,1.3107,2.6214,0.0,2.6214,0.0,0.0,0,0,0,15.0515,1.3107,1.3107,0.0,0.0,0.5,111,54,57,0,88,9,0,78030,0,2,0
194.0,0.0,0.0,1.3107,1.3107,2.6214,0.0,2.6214,0.0,0.0,0,0,0,15.0515,1.3107,1.3107,0.0,0.0,0.5,111,54,57,0,88,9,0,78030,0,2,0
195.0,0.0,0.0,1.3107,1.3107,2.6214,0.0,2.6214,0.0,0.0,0,0,0,15.1646,1.3107,1.3107,0.0,0.0,0.5,112,54,58,0,88,9,0,78816,0,2,0
196.0,0.0,0.0,1.3107,1.3107,2.6214,0.0,2.6214,0.0,0.0,0,0,0,15.1646,1.3107,1.3107,0.0,0.0,0.5,112,54,58,0,88,9,0,78816,0,2,0
197.0,0.0,0.0,1.3107,1.3107,2.6214,0.0,2.6214,0.0,0.0,0,0,0,15.1677,1.3107,1.3107,0.0,0.0,0.5,112,54,58,0,89,9,0,78816,0,2,0
198.0,0.0,0.0,1.3107,1.3107,2.6214,0.0,2.6214,0.0,0.0,0,0,0,15.1677,1.3107,1.3107,0.0,0.0,0.5,112,54,58,0,89,9,0,78816,0,2,0
199.0,0.0,0.0,1.3107,1.3107,2.6214,0.0,2.6214,0.0,0.0,0,0,0,15.5086,1.3107,1.3107,0.0,0.0,0.5,112,54,58,0,91,9,0,78816,0,2,0
200.0,0.0,0.0,1.3107,1.3107,2.6214,0.0,2.6214,0.0,0.0,0,0,0,15.302,1.3107,1.3107,0.0,0.0,0.5,113,54,59,0,94,9,0,80179,0,2,0
201.0,0.0,0.0,1.3107,1.3107,2.6214,0.0,2.6214,0.0,0.0,0,0,0,15.6066,1.3107,1.3107,0.0,0.0,0.5,115,54,61,0,94,9,0,82462,0,2,0
202.0,0.0,0.0,1.3107,1.3107,2.6214,0.0,2.6214,0.0,0.0,0,0,0,15.2778,1.3107,1.3107,0.0,0.0,0.5,116,55,61,0,94,9,0,83105,0,2,0
203.0,0.0,0.0,1.3107,1.3107,2.6214,0.0,2.6214,0.0,0.0,0,0,0,15.2778,1.3107,1.3107,0.0,0.0,0.5,116,55,61,0,94,9,0,83105,0,2,0
204.0,0.0,0.0,1.3107,1.3107,2.6214,0.0,2.6214,0.0,0.0,0,0,0,15.2778,1.3107,1.3107,0.0,0.0,0.5,116,55,61,0,94,9,0,83105,0,2,0
205.0,0.0,0.0,1.3107,1.3107,2.6214,0.0,2.6214,0.0,0.0,0,0,0,15.1801,1.3107,1.3107,0.0,0.0,0.5,117,55,62,0,94,9,0,84413,0,2,0
206.0,0.0,0.0,1.3107,1.3107,2.6214,0.0,2.6214,0.0,0.0,0,0,0,15.1801,1.3107,1.3107,0.0,0.0,0.5,117,55,62,0,94,9,0,84413,0,2,0
207.0,0.0,0.0,1.3107,1.3107,2.6214,0.0,2.6214,0.0,0.0,0,0,0,15.2496,1.3107,1.3107,0.0,0.0,0.5,118,55,63,0,94,9,0,84929,0,2,0
208.0,0.0,0.0,1.3107,1.3107,2.6214,0.0,2.6214,0.0,0.0,0,0,0,15.2496,1.3107,1.3107,0.0,0.0,0.5,118,55,63,0,94,9,0,84929,0,2,0
209.0,0.0,0.0,1.3107,1.3107,2.6214,0.0,2.6214,0.0,0.0,0,0,0,15.2496,1.3107,1.3107,0.0,0.0,0.5,118,55,63,0,94,9,0,84929,0,2,0
210.0,0.0,0.0,1.3107,1.3107,2.6214,0.0,2.6214,0.0,0.0,0,0,0,15.2496,1.3107,1.3107,0.0,0.0,0.5,118,55,63,0,94,9,0,84929,0,2,0
211.0,0.0,0.0,1.3107,1.3107,2.6214,0.0,2.6214,0.0,0.0,0,0,0,15.4543,1.3107,1.3107,0.0,0.0,0.5,118,55,63,0,95,9,0,84929,0,2,0
212.0,0.0,0.0,1.3107,1.3107,2.6214,0.0,2.6214,0.0,0.0,0,0,0,14.8835,1.3107,1.3107,0.0,0.0,0.5,120,55,65,0,95,9,0,87105,0,2,0
213.0,0.0,0.0,1.3107,1.3107,2.6214,0.0,2.6214,0.0,0.0,0,0,0,14.9493,1.3107,1.3107,0.0,0.0,0.5,121,56,65,0,96,9,0,87581,0,2,0
214.0,0.0,0.0,1.3107,1.3107,2.6214,0.0,2.6214,0.0,0.0,0,0,0,14.9493,1.3107,1.3107,0.0,0.0,0.5,121,56,65,0,96,9,0,87581,0,2,0
215.0,0.0,0.0,1.3107,1.3107,2.6214,0.0,2.6214,0.0,0.0,0,0,0,14.7516,1.3107,1.3107,0.0,0.0,0.5,122,57,65,0,96,9,0,89787,0,2,0
216.0,0.0,0.0,1.3107,1.3107,2.6214,0.0,2.6214,0.0,0.0,0,0,0,14.8151,1.3107,1.3107,0.0,0.0,0.5,122,57,65,0,96,10,0,89787,0,2,0
217.0,0.0,0.0,1.3107,1.3107,2.6214,0.0,2.6214,0.0,0.0,0,0,0,14.8151,1.3107,1.3107,0.0,0.0,0.5,122,57,65,0,96,10,0,89787,0,2,0
218.0,0.0,0.0,1.3107,1.3107,2.6214,0.0,2.6214,0.0,0.0,0,0,0,14.8151,1.3107,1.3107,0.0,0.0,0.5,122,57,65,0,96,10,0,89787,0,2,0
219.0,0.0,0.0,1.3107,1.3107,2.6214,0.0,2.6214,0.0,0.0,0,0,0,14.8963,1.3107,1.3107,0.0,0.0,0.5,123,57,66,0,96,10,0,90360,0,2,0
220.0,0.0,0.0,1.3107,1.3107,2.6214,0.0,2.6214,0.0,0.0,0,0,0,14.8963,1.3107,1.3107,0.0,0.0,0.5,123,57,66,0,96,10,0,90360,0,2,0
221.0,0.0,0.0,1.3107,1.3107,2.6214,0.0,2.6214,0.0,0.0,0,0,0,14.8963,1.3107,1.3107,0.0,0.0,0.5,123,57,66,0,96,10,0,90360,0,2,0
222.0,0.0,0.0,1.3107,1.3107,2.6214,0.0,2.6214,0.0,0.0,0,0,0,14.6202,1.3107,1.3107,0.0,0.0,0.5,125,58,67,0,96,10,0,91960,0,2,0
223.0,0.0,0.0,1.3107,1.3107,2.6214,0.0,2.6214,0.0,0.0,0,0,0,14.6202,1.3107,1.3107,0.0,0.0,0.5,125,58,67,0,96,10,0,91960,0,2,0
224.0,0.0,0.0,1.3107,1.3107,2.6214,0.0,2.6214,0.0,0.0,0,0,0,14.7305,1.3107,1.3107,0.0,0.0,0.5,126,59,67,0,96,10,0,92775,0,2,0
225.0,0.0,0.0,1.3107,1.3107,2.6214,0.0,2.6214,0.0,0.0,0,0,0,14.836,1.3107,1.3107,0.0,0.0,0.5,127,59,68,0,96,10,0,93537,0,2,0
226.0,0.0,0.0,1.3107,1.3107,2.6214,0.0,2.6214,0.0,0.0,0,0,0,14.9532,1.3107,1.3107,0.0,0.0,0.5,128,59,69,0,96,10,0,94413,0,2,0
227.0,0.0,0.0,1.3107,1.3107,2.6214,0.0,2.6214,0.0,0.0,0,0,0,14.9532,1.3107,1.3107,0.0,0.0,0.5,128,59,69,0,96,10,0,94413,0,2,0
228.0,0.0,0.0,1.3107,1.3107,2.6214,0.0,2.6214,0.0,0.0,0,0,0,15.3531,1.3107,1.3107,0.0,0.0,0.5,130,60,70,0,97,10,0,95940,0,2,0
229.0,0.0,0.0,1.3107,1.3107,2.6214,0.0,2.6214,0.0,0.0,0,0,0,15.2551,1.3107,1.3107,0.0,0.0,0.5,131,60,71,0,97,10,0,97669,0,2,0
230.0,0.0,0.0,1.3107,1.3107,2.6214,0.0,2.6214,0.0,0.0,0,0,0,14.837,1.3107,1.3107,0.0,0.0,0.5,132,61,71,0,97,10,0,99297,0,2,0
231.0,0.0,0.0,1.3107,1.3107,2.6214,0.0,2.6214,0.0,0.0,0,0,0,14.837,1.3107,1.3107,0.0,0.0,0.5,132,61,71,0,97,10,0,99297,0,2,0
232.0,0.0,0.0,1.3107,1.3107,2.6214,0.0,2.6214,0.0,0.0,0,0,0,14.837,1.3107,1.3107,0.0,0.0,0.5,132,61,71,0,97,10,0,99297,0,2,0
233.0,0.0,0.0,1.3107,1.3107,2.6214,0.0,2.6214,0.0,0.0,0,0,0,14.9358,1.3107,1.3107,0.0,0.0,0.5,133,62,71,0,97,10,0,100036,0,2,0
234.0,0.0,0.0,1.3107,1.3107,2.6214,0.0,2.6214,0.0,0.0,0,0,0,15.0122,1.3107,1.3107,0.0,0.0,0.5,133,62,71,0,98,11,0,100036,0,2,0
235.0,0.0,0.0,1.3107,1.3107,2.6214,0.0,2.6214,0.0,0.0,0,0,0,15.0949,1.3107,1.3107,0.0,0.0,0.5,134,63,71,0,98,11,0,100645,0,2,0
236.0,0.0,0.0,1.3107,1.3107,2.6214,0.0,2.6214,0.0,0.0,0,0,0,15.0949,1.3107,1.3107,0.0,0.0,0.5,134,63,71,0,98,11,0,100645,0,2,0
237.0,0.0,0.0,1.3107,1.3107,2.6214,0.0,2.6214,0.0,0.0,0,0,0,15.4854,1.3107,1.3107,0.0,0.0,0.5,134,63,71,0,99,11,0,100645,0,2,0
238.0,0.0,0.0,1.3107,1.3107,2.6214,0.0,2.6214,0.0,0.0,0,0,0,15.4854,1.3107,1.3107,0.0,0.0,0.5,134,63,71,0,99,11,0,100645,0,2,0
239.0,0.0,0.0,1.3107,1.3107,2.6214,0.0,2.6214,0.0,0.0,0,0,0,15.4854,1.3107,1.3107,0.0,0.0,0.5,134,63,71,0,101,11,0,100645,0,2,0
240.0,0.0,0.0,1.3107,1.3107,2.6214,0.0,2.6214,0.0,0.0,0,0,0,15.1724,1.3107,1.3107,0.0,0.0,0.5,136,65,71,0,101,11,0,103831,0,2,0
241.0,0.0,0.0,1.3107,1.3107,2.6214,0.0,2.6214,0.0,0.0,0,0,0,15.1724,1.3107,1.3107,0.0,0.0,0.5,136,65,71,0,101,11,0,103831,0,2,0
242.0,0.0,0.0,1.3107,1.3107,2.6214,0.0,2.6214,0.0,0.0,0,0,0,15.1775,1.3107,1.3107,0.0,0.0,0.5,136,65,71,0,102,11,0,103831,0,2,0
243.0,0.0,0.0,1.3107,1.3107,2.6214,0.0,2.6214,0.0,0.0,0,0,0,15.2574,1.3107,1.3107,0.0,0.0,0.5,137,66,71,0,102,11,0,104414,0,2,0
244.0,0.0,0.0,1.3107,1.3107,2.6214,0.0,2.6214,0.0,0.0,0,0,0,15.2574,1.3107,1.3107,0.0,0.0,0.5,137,66,71,0,102,11,0,104414,0,2,0
245.0,0.0,0.0,1.3107,1.3107,2.6214,0.0,2.6214,0.0,0.0,0,0,0,15.2916,1.3107,1.3107,0.0,0.0,0.5,138,67,71,0,102,11,0,104658,0,2,0
246.0,0.0,0.0,1.3107,1.3107,2.6214,0.0,2.6214,0.0,0.0,0,0,0,14.6483,1.3107,1.3107,0.0,0.0,0.5,139,68,71,0,102,11,0,105681,0,2,0
247.0,0.0,0.0,1.3107,1.3107,2.6214,0.0,2.6214,0.0,0.0,0,0,0,14.6507,1.3107,1.3107,0.0,0.0,0.5,139,68,71,0,103,11,0,105681,0,2,0
248.0,0.0,0.0,1.3107,1.3107,2.6214,0.0,2.6214,0.0,0.0,0,0,0,14.6507,1.3107,1.3107,0.0,0.0,0.5,139,68,71,0,103,11,0,105681,0,2,0
249.0,0.0,0.0,1.3107,1.3107,2.6214,0.0,2.6214,0.0,0.0,0,0,0,14.6507,1.3107,1.3107,0.0,0.0,0.5,139,68,71,0,103,11,0,105681,0,2,0
250.0,0.0,0.0,1.3107,1.3107,2.6214,0.0,2.6214,0.0,0.0,0,0,0,14.9933,1.3107,1.3107,0.0,0.0,0.5,140,68,72,0,104,11,0,106124,0,2,0
251.0,0.0,0.0,1.3107,1.3107,2.6214,0.0,2.6214,0.0,0.0,0,0,0,14.9954,1.3107,1.3107,0.0,0.0,0.5,140,68,72,0,105,11,0,106124,0,2,0
252.0,0.0,0.0,1.3107,1.3107,2.6214,0.0,2.6214,0.0,0.0,0,0,0,15.0136,1.3107,1.3107,0.0,0.0,0.5,140,68,72,0,106,11,0,106124,0,2,0
253.0,0.0,0.0,1.3107,1.3107,2.6214,0.0,2.6214,0.0,0.0,0,0,0,14.9178,1.3107,1.3107,0.0,0.0,0.5,140,68,72,0,107,11,0,106124,0,2,0
254.0,0.0,0.0,1.3107,1.3107,2.6214,0.0,2.6214,0.0,0.0,0,0,0,14.756,1.3107,1.3107,0.0,0.0,0.5,140,68,72,0,108,11,0,106124,0,2,0
255.0,0.0,0.0,1.3107,1.3107,2.6214,0.0,2.6214,0.0,0.0,0,0,0,14.9476,1.3107,1.3107,0.0,0.0,0.5,140,68,72,0,113,11,0,106124,0,2,0
256.0,0.0,0.0,1.3107,1.3107,2.6214,0.0,2.6214,0.0,0.0,0,0,0,14.8246,1.3107,1.3107,0.0,0.0,0.5,140,68,72,0,114,11,0,106124,0,2,0
257.0,0.0,0.0,1.3107,1.3107,2.6214,0.0,2.6214,0.0,0.0,0,0,0,14.8246,1.3107,1.3107,0.0,0.0,0.5,140,68,72,0,114,11,0,106124,0,2,0
258.0,0.0,0.0,1.3107,1.3107,2.6214,0.0,2.6214,0.0,0.0,0,0,0,14.8839,1.3107,1.3107,0.0,0.0,0.5,140,68,72,0,115,11,0,106124,0,2,0
259.0,0.0,0.0,1.3107,1.3107,2.6214,0.0,2.6214,0.0,0.0,0,0,0,15.0206,1.3107,1.3107,0.0,0.0,0.5,141,68,73,0,115,11,0,107147,0,2,0
260.0,0.0,0.0,1.3107,1.3107,2.6214,0.0,2.6214,0.0,0.0,0,0,0,15.0206,1.3107,1.3107,0.0,0.0,0.5,141,68,73,0,115,11,0,107147,0,2,0
261.0,0.0,0.0,1.3107,1.3107,2.6214,0.0,2.6214,0.0,0.0,0,0,0,15.0223,1.3107,1.3107,0.0,0.0,0.5,141,68,73,0,116,11,0,107147,0,2,0
262.0,0.0,0.0,1.3107,1.3107,2.6214,0.0,2.6214,0.0,0.0,0,0,0,15.1266,1.3107,1.3107,0.0,0.0,0.5,141,68,73,0,118,11,0,107147,0,2,0
263.0,0.0,0.0,1.3107,1.3107,2.6214,0.0,2.6214,0.0,0.0,0,0,0,15.1266,1.3107,1.3107,0.0,0.0,0.5,141,68,73,0,118,11,0,107147,0,2,0
264.0,0.0,0.0,1.3107,1.3107,2.6214,0.0,2.6214,0.0,0.0,0,0,0,15.1266,1.3107,1.3107,0.0,0.0,0.5,141,68,73,0,118,11,0,107147,0,2,0
265.0,0.0,0.0,1.3107,1.3107,2.6214,0.0,2.6214,0.0,0.0,0,0,0,15.1266,1.3107,1.3107,0.0,0.0,0.5,141,68,73,0,118,11,0,107147,0,2,0
266.0,0.0,0.0,1.3107,1.3107,2.6214,0.0,2.6214,0.0,0.0,0,0,0,15.2446,1.3107,1.3107,0.0,0.0,0.5,143,69,74,0,118,11,0,108011,0,2,0
267.0,0.0,0.0,1.3107,1.3107,2.6214,0.0,2.6214,0.0,0.0,0,0,0,15.3737,1.3107,1.3107,0.0,0.0,0.5,144,70,74,0,118,11,0,108969,0,2,0
268.0,0.0,0.0,1.3107,1.3107,2.6214,0.0,2.6214,0.0,0.0,0,0,0,15.3737,1.3107,1.3107,0.0,0.0,0.5,144,70,74,0,118,11,0,108969,0,2,0
269.0,0.0,0.0,1.3107,1.3107,2.6214,0.0,2.6214,0.0,0.0,0,0,0,15.3751,1.3107,1.3107,0.0,0.0,0.5,144,70,74,0,119,11,0,108969,0,2,0
270.0,0.0,0.0,1.3107,1.3107,2.6214,0.0,2.6214,0.0,0.0,0,0,0,15.3767,1.3107,1.3107,0.0,0.0,0.5,144,70,74,0,120,11,0,108969,0,2,0
271.0,0.0,0.0,1.3107,1.3107,2.6214,0.0,2.6214,0.0,0.0,0,0,0,15.4584,1.3107,1.3107,0.0,0.0,0.5,144,70,74,0,121,11,0,108969,0,2,0
272.0,0.0,0.0,1.3107,1.3107,2.6214,0.0,2.6214,0.0,0.0,0,0,0,15.4584,1.3107,1.3107,0.0,0.0,0.5,144,70,74,0,121,11,0,108969,0,2,0
273.0,0.0,0.0,1.3107,1.3107,2.6214,0.0,2.6214,0.0,0.0,0,0,0,15.5934,1.3107,1.3107,0.0,0.0,0.5,144,70,74,0,124,11,0,108969,0,2,0
274.0,0.0,0.0,1.3107,1.3107,2.6214,0.0,2.6214,0.0,0.0,0,0,0,15.4544,1.3107,1.3107,0.0,0.0,0.5,144,70,74,0,125,11,0,108969,0,2,0
275.0,0.0,0.0,1.3107,1.3107,2.6214,0.0,2.6214,0.0,0.0,0,0,0,15.4544,1.3107,1.3107,0.0,0.0,0.5,144,70,74,0,125,11,0,108969,0,2,0
276.0,0.0,0.0,1.3107,1.3107,2.6214,0.0,2.6214,0.0,0.0,0,0,0,15.543,1.3107,1.3107,0.0,0.0,0.5,145,71,74,0,126,11,0,109596,0,2,0
277.0,0.0,0.0,1.3107,1.3107,2.6214,0.0,2.6214,0.0,0.0,0,0,0,15.5463,1.3107,1.3107,0.0,0.0,0.5,145,71,74,0,127,11,0,109596,0,2,0
278.0,0.0,0.0,1.3107,1.3107,2.6214,0.0,2.6214,0.0,0.0,0,0,0,15.5463,1.3107,1.3107,0.0,0.0,0.5,145,71,74,0,127,11,0,109596,0,2,0
279.0,0.0,0.0,1.3107,1.3107,2.6214,0.0,2.6214,0.0,0.0,0,0,0,15.4808,1.3107,1.3107,0.0,0.0,0.5,146,72,74,0,127,11,0,110424,0,2,0
280.0,0.0,0.0,1.3107,1.3107,2.6214,0.0,2.6214,0.0,0.0,0,0,0,15.4808,1.3107,1.3107,0.0,0.0,0.5,146,72,74,0,127,11,0,110424,0,2,0
281.0,0.0,0.0,1.3107,1.3107,2.6214,0.0,2.6214,0.0,0.0,0,0,0,15.218,1.3107,1.3107,0.0,0.0,0.5,147,73,74,0,127,11,0,110893,0,2,0
282.0,0.0,0.0,1.3107,1.3107,2.6214,0.0,2.6214,0.0,0.0,0,0,0,15.218,1.3107,1.3107,0.0,0.0,0.5,147,73,74,0,127,11,0,110893,0,2,0
283.0,0.0,0.0,1.3107,1.3107,2.6214,0.0,2.6214,0.0,0.0,0,0,0,15.218,1.3107,1.3107,0.0,0.0,0.5,147,73,74,0,127,11,0,110893,0,2,0
284.0,0.0,0.0,1.3107,1.3107,2.6214,0.0,2.6214,0.0,0.0,0,0,0,15.367,1.3107,1.3107,0.0,0.0,0.5,149,75,74,0,127,11,0,111980,0,2,0
285.0,0.0,0.0,1.3107,1.3107,2.6214,0.0,2.6214,0.0,0.0,0,0,0,15.4818,1.3107,1.3107,0.0,0.0,0.5,151,76,75,0,127,11,0,112821,0,2,0
286.0,0.0,0.0,1.3107,1.3107,2.6214,0.0,2.6214,0.0,0.0,0,0,0,15.5522,1.3107,1.3107,0.0,0.0,0.5,152,77,75,0,127,11,0,113336,0,2,0
287.0,0.0,0.0,1.3107,1.3107,2.6214,0.0,2.6214,0.0,0.0,0,0,0,15.5522,1.3107,1.3107,0.0,0.0,0.5,152,77,75,0,127,11,0,113336,0,2,0
288.0,0.0,0.0,1.3107,1.3107,2.6214,0.0,2.6214,0.0,0.0,0,0,0,15.5522,1.3107,1.3107,0.0,0.0,0.5,152,77,75,0,127,11,0,113336,0,2,0
289.0,0.0,0.0,1.3107,1.3107,2.6214,0.0,2.6214,0.0,0.0,0,0,0,15.4602,1.3107,1.3107,0.0,0.0,0.5,153,77,76,0,127,11,0,114572,0,2,0
290.0,0.0,0.0,1.3107,1.3107,2.6214,0.0,2.6214,0.0,0.0,0,0,0,15.5576,1.3107,1.3107,0.0,0.0,0.5,156,77,79,0,127,11,0,118285,0,2,0
291.0,0.0,0.0,1.3107,1.3107,2.6214,0.0,2.6214,0.0,0.0,0,0,0,15.5576,1.3107,1.3107,0.0,0.0,0.5,156,77,79,0,127,11,0,118285,0,2,0
292.0,0.0,0.0,1.3107,1.3107,2.6214,0.0,2.6214,0.0,0.0,0,0,0,15.5508,1.3107,1.3107,0.0,0.0,0.5,157,77,80,0,127,11,0,118926,0,2,0
293.0,0.0,0.0,1.3107,1.3107,2.6214,0.0,2.6214,0.0,0.0,0,0,0,15.5508,1.3107,1.3107,0.0,0.0,0.5,157,77,80,0,127,11,0,118926,0,2,0
294.0,0.0,0.0,1.3107,1.3107,2.6214,0.0,2.6214,0.0,0.0,0,0,0,15.2434,1.3107,1.3107,0.0,0.0,0.5,159,79,80,0,127,11,0,120483,0,2,0
295.0,0.0,0.0,1.3107,1.3107,2.6214,0.0,2.6214,0.0,0.0,0,0,0,15.3168,1.3107,1.3107,0.0,0.0,0.5,160,79,81,0,127,11,0,121005,0,2,0
296.0,0.0,0.0,1.3107,1.3107,2.6214,0.0,2.6214,0.0,0.0,0,0,0,15.3193,1.3107,1.3107,0.0,0.0,0.5,160,79,81,0,128,11,0,121005,0,2,0
297.0,0.0,0.0,1.3107,1.3107,2.6214,0.0,2.6214,0.0,0.0,0,0,0,15.1387,1.3107,1.3107,0.0,0.0,0.5,160,79,81,0,130,11,0,121005,0,2,0
298.0,0.0,0.0,1.3107,1.3107,2.6214,0.0,2.6214,0.0,0.0,0,0,0,15.3126,1.3107,1.3107,0.0,0.0,0.5,160,79,81,0,132,11,0,121005,0,2,0
299.0,0.0,0.0,1.3107,1.3107,2.6214,0.0,2.6214,0.0,0.0,0,0,0,15.3126,1.3107,1.3107,0.0,0.0,0.5,160,79,81,0,134,11,0,121005,0,2,0
300.0,0.0,0.0,1.3107,1.3107,2.6214,0.0,2.6214,0.0,0.0,0,0,0,15.3126,1.3107,1.3107,0.0,0.0,0.5,160,79,81,0,134,11,0,121005,0,2,0
301.0,0.0,0.0,1.3107,1.3107,2.6214,0.0,2.6214,0.0,0.0,0,0,0,15.3126,1.3107,1.3107,0.0,0.0,0.5,160,79,81,0,134,11,0,121005,0,2,0
302.0,0.0,0.0,1.3107,1.3107,2.6214,0.0,2.6214,0.0,0.0,0,0,0,15.3126,1.3107,1.3107,0.0,0.0,0.5,160,79,81,0,134,11,0,121005,0,2,0
303.0,0.0,0.0,1.3107,1.3107,2.6214,0.0,2.6214,0.0,0.0,0,0,0,15.3126,1.3107,1.3107,0.0,0.0,0.5,160,79,81,0,134,11,0,121005,0,2,0
304.0,0.0,0.0,1.3107,1.3107,2.6214,0.0,2.6214,0.0,0.0,0,0,0,15.3126,1.3107,1.3107,0.0,0.0,0.5,160,79,81,0,134,11,0,121005,0,2,0
305.0,0.0,0.0,1.3107,1.3107,2.6214,0.0,2.6214,0.0,0.0,0,0,0,15.1273,1.3107,1.3107,0.0,0.0,0.5,162,80,82,0,134,11,0,121553,0,2,0
306.0,0.0,0.0,1.3107,1.3107,2.6214,0.0,2.6214,0.0,0.0,0,0,0,15.3023,1.3107,1.3107,0.0,0.0,0.5,164,81,83,0,134,11,0,122852,0,2,0
307.0,0.0,0.0,1.3107,1.3107,2.6214,0.0,2.6214,0.0,0.0,0,0,0,15.3023,1.3107,1.3107,0.0,0.0,0.5,164,81,83,0,134,11,0,122852,0,2,0
308.0,0.0,0.0,1.3107,1.3107,2.6214,0.0,2.6214,0.0,0.0,0,0,0,15.3023,1.3107,1.3107,0.0,0.0,0.5,164,81,83,0,134,11,0,122852,0,2,0
309.0,0.0,0.0,1.3107,1.3107,2.6214,0.0,2.6214,0.0,0.0,0,0,0,15.1429,1.3107,1.3107,0.0,0.0,0.5,166,81,85,0,134,11,0,125326,0,2,0
310.0,0.0,0.0,1.3107,1.3107,2.6214,0.0,2.6214,0.0,0.0,0,0,0,15.1429,1.3107,1.3107,0.0,0.0,0.5,166,81,85,0,134,11,0,125326,0,2,0
311.0,0.0,0.0,1.3107,1.3107,2.6214,0.0,2.6214,0.0,0.0,0,0,0,15.0347,1.3107,1.3107,0.0,0.0,0.5,167,82,85,0,134,11,0,126256,0,2,0
312.0,0.0,0.0,1.3107,1.3107,2.6214,0.0,2.6214,0.0,0.0,0,0,0,15.0347,1.3107,1.3107,0.0,0.0,0.5,167,82,85,0,134,11,0,126256,0,2,0
313.0,0.0,0.0,1.3107,1.3107,2.6214,0.0,2.6214,0.0,0.0,0,0,0,15.1114,1.3107,1.3107,0.0,0.0,0.5,168,83,85,0,134,11,0,126822,0,2,0
314.0,0.0,0.0,1.3107,1.3107,2.6214,0.0,2.6214,0.0,0.0,0,0,0,14.991,1.3107,1.3107,0.0,0.0,0.5,170,84,86,0,134,11,0,128629,0,2,0
315.0,0.0,0.0,1.3107,1.3107,2.6214,0.0,2.6214,0.0,0.0,0,0,0,14.991,1.3107,1.3107,0.0,0.0,0.5,170,84,86,0,134,11,0,128629,0,2,0
316.0,0.0,0.0,1.3107,1.3107,2.6214,0.0,2.6214,0.0,0.0,0,0,0,15.1292,1.3107,1.3107,0.0,0.0,0.5,171,85,86,0,134,11,0,129652,0,2,0
317.0,0.0,0.0,1.3107,1.3107,2.6214,0.0,2.6214,0.0,0.0,0,0,0,15.1762,1.3107,1.3107,0.0,0.0,0.5,171,85,86,0,134,12,0,129652,0,2,0
318.0,0.0,0.0,1.3107,1.3107,2.6214,0.0,2.6214,0.0,0.0,0,0,0,15.3518,1.3107,1.3107,0.0,0.0,0.5,173,85,88,0,134,12,0,130909,0,2,0
319.0,0.0,0.0,1.3107,1.3107,2.6214,0.0,2.6214,0.0,0.0,0,0,0,15.3518,1.3107,1.3107,0.0,0.0,0.5,173,85,88,0,134,12,0,130909,0,2,0
320.0,0.0,0.0,1.3107,1.3107,2.6214,0.0,2.6214,0.0,0.0,0,0,0,15.5209,1.3107,1.3107,0.0,0.0,0.5,175,87,88,0,134,12,0,134651,0,2,0
321.0,0.0,0.0,1.3107,1.3107,2.6214,0.0,2.6214,0.0,0.0,0,0,0,15.5209,1.3107,1.3107,0.0,0.0,0.5,175,87,88,0,134,12,0,134651,0,2,0
322.0,0.0,0.0,1.3107,1.3107,2.6214,0.0,2.6214,0.0,0.0,0,0,0,15.6335,1.3107,1.3107,0.0,0.0,0.5,175,87,88,0,135,12,0,134651,0,2,0
323.0,0.0,0.0,1.3107,1.3107,2.6214,0.0,2.6214,0.0,0.0,0,0,0,15.6335,1.3107,1.3107,0.0,0.0,0.5,175,87,88,0,135,12,0,134651,0,2,0
324.0,0.0,0.0,1.3107,1.3107,2.6214,0.0,2.6214,0.0,0.0,0,0,0,15.6335,1.3107,1.3107,0.0,0.0,0.5,175,87,88,0,135,12,0,134651,0,2,0
325.0,0.0,0.0,1.3107,1.3107,2.6214,0.0,2.6214,0.0,0.0,0,0,0,15.1856,1.3107,1.3107,0.0,0.0,0.5,176,88,88,0,135,12,0,135674,0,2,0
326.0,0.0,0.0,1.3107,1.3107,2.6214,0.0,2.6214,0.0,0.0,0,0,0,15.1856,1.3107,1.3107,0.0,0.0,0.5,176,88,88,0,135,12,0,135674,0,2,0
327.0,0.0,0.0,1.3107,1.3107,2.6214,0.0,2.6214,0.0,0.0,0,0,0,15.4265,1.3107,1.3107,0.0,0.0,0.5,177,89,88,0,135,12,0,137455,0,2,0
328.0,0.0,0.0,1.3107,1.3107,2.6214,0.0,2.6214,0.0,0.0,0,0,0,15.4265,1.3107,1.3107,0.0,0.0,0.5,177,89,88,0,135,12,0,137455,0,2,0
329.0,0.0,0.0,1.3107,1.3107,2.6214,0.0,2.6214,0.0,0.0,0,0,0,15.4265,1.3107,1.3107,0.0,0.0,0.5,177,89,88,0,135,12,0,137455,0,2,0
330.0,0.0,0.0,1.3107,1.3107,2.6214,0.0,2.6214,0.0,0.0,0,0,0,15.2923,1.3107,1.3107,0.0,0.0,0.5,179,90,89,0,135,12,0,139178,0,2,0
331.0,0.0,0.0,1.3107,1.3107,2.6214,0.0,2.6214,0.0,0.0,0,0,0,15.2923,1.3107,1.3107,0.0,0.0,0.5,179,90,89,0,135,12,0,139178,0,2,0
332.0,0.0,0.0,1.3107,1.3107,2.6214,0.0,2.6214,0.0,0.0,0,0,0,15.1941,1.3107,1.3107,0.0,0.0,0.5,180,91,89,0,135,12,0,141254,0,2,0
333.0,0.0,0.0,1.3107,1.3107,2.6214,0.0,2.6214,0.0,0.0,0,0,0,15.5386,1.3107,1.3107,0.0,0.0,0.5,180,91,89,0,136,12,0,141254,0,2,0
334.0,0.0,0.0,1.3107,1.3107,2.6214,0.0,2.6214,0.0,0.0,0,0,0,15.3747,1.3107,1.3107,0.0,0.0,0.5,181,91,90,0,136,12,0,141708,0,2,0
335.0,0.0,0.0,1.3107,1.3107,2.6214,0.0,2.6214,0.0,0.0,0,0,0,15.1556,1.3107,1.3107,0.0,0.0,0.5,183,92,91,0,136,12,0,145903,0,2,0
336.0,0.0,0.0,1.3107,1.3107,2.6214,0.0,2.6214,0.0,0.0,0,0,0,14.886,1.3107,1.3107,0.0,0.0,0.5,184,92,92,0,137,12,0,146746,0,2,0
337.0,0.0,0.0,1.3107,1.3107,2.6214,0.0,2.6214,0.0,0.0,0,0,0,14.886,1.3107,1.3107,0.0,0.0,0.5,184,92,92,0,137,12,0,146746,0,2,0
338.0,0.0,0.0,1.3107,1.3107,2.6214,0.0,2.6214,0.0,0.0,0,0,0,14.886,1.3107,1.3107,0.0,0.0,0.5,184,92,92,0,137,12,0,146746,0,2,0
339.0,0.0,0.0,1.3107,1.3107,2.6214,0.0,2.6214,0.0,0.0,0,0,0,14.9579,1.3107,1.3107,0.0,0.0,0.5,185,92,93,0,137,12,0,147272,0,2,0
340.0,0.0,0.0,1.3107,1.3107,2.6214,0.0,2.6214,0.0,0.0,0,0,0,14.9579,1.3107,1.3107,0.0,0.0,0.5,185,92,93,0,137,12,0,147272,0,2,0
341.0,0.0,0.0,1.3107,1.3107,2.6214,0.0,2.6214,0.0,0.0,0,0,0,15.0022,1.3107,1.3107,0.0,0.0,0.5,186,92,94,0,137,12,0,147557,0,2,0
342.0,0.0,0.0,1.3107,1.3107,2.6214,0.0,2.6214,0.0,0.0,0,0,0,14.7311,1.3107,1.3107,0.0,0.0,0.5,187,93,94,0,137,12,0,148412,0,2,0
343.0,0.0,0.0,1.3107,1.3107,2.6214,0.0,2.6214,0.0,0.0,0,0,0,14.7311,1.3107,1.3107,0.0,0.0,0.5,187,93,94,0,137,12,0,148412,0,2,0
344.0,0.0,0.0,1.3107,1.3107,2.6214,0.0,2.6214,0.0,0.0,0,0,0,15.0587,1.3107,1.3107,0.0,0.0,0.5,188,93,95,0,137,12,0,150891,0,2,0
345.0,0.0,0.0,1.3107,1.3107,2.6214,0.0,2.6214,0.0,0.0,0,0,0,15.0611,1.3107,1.3107,0.0,0.0,0.5,188,93,95,0,138,12,0,150891,0,2,0
346.0,0.0,0.0,1.3107,1.3107,2.6214,0.0,2.6214,0.0,0.0,0,0,0,15.0611,1.3107,1.3107,0.0,0.0,0.5,188,93,95,0,138,12,0,150891,0,2,0
347.0,0.0,0.0,1.3107,1.3107,2.6214,0.0,2.6214,0.0,0.0,0,0,0,15.3138,1.3107,1.3107,0.0,0.0,0.5,190,95,95,0,139,12,0,152525,0,2,0
348.0,0.0,0.0,1.3107,1.3107,2.6214,0.0,2.6214,0.0,0.0,0,0,0,15.3138,1.3107,1.3107,0.0,0.0,0.5,190,95,95,0,139,12,0,152525,0,2,0
349.0,0.0,0.0,1.3107,1.3107,2.6214,0.0,2.6214,0.0,0.0,0,0,0,15.3218,1.3107,1.3107,0.0,0.0,0.5,191,96,95,0,139,12,0,152558,0,2,0
350.0,0.0,0.0,1.3107,1.3107,2.6214,0.0,2.6214,0.0,0.0,0,0,0,15.3572,1.3107,1.3107,0.0,0.0,0.5,191,96,95,0,140,12,0,152558,0,2,0
351.0,0.0,0.0,1.3107,1.3107,2.6214,0.0,2.6214,0.0,0.0,0,0,0,15.2895,1.3107,1.3107,0.0,0.0,0.5,191,96,95,0,143,12,0,152558,0,2,0
352.0,0.0,0.0,1.3107,1.3107,2.6214,0.0,2.6214,0.0,0.0,0,0,0,15.2895,1.3107,1.3107,0.0,0.0,0.5,191,96,95,0,143,12,0,152558,0,2,0
353.0,0.0,0.0,1.3107,1.3107,2.6214,0.0,2.6214,0.0,0.0,0,0,0,15.3257,1.3107,1.3107,0.0,0.0,0.5,191,96,95,0,145,12,0,152558,0,2,0
354.0,0.0,0.0,1.3107,1.3107,2.6214,0.0,2.6214,0.0,0.0,0,0,0,15.3335,1.3107,1.3107,0.0,0.0,0.5,191,96,95,0,149,12,0,152558,0,2,0
355.0,0.0,0.0,1.3107,1.3107,2.6214,0.0,2.6214,0.0,0.0,0,0,0,15.3394,1.3107,1.3107,0.0,0.0,0.5,191,96,95,0,150,12,0,152558,0,2,0
356.0,0.0,0.0,1.3107,1.3107,2.6214,0.0,2.6214,0.0,0.0,0,0,0,15.3985,1.3107,1.3107,0.0,0.0,0.5,192,96,96,0,150,12,0,152993,0,2,0
357.0,0.0,0.0,1.3107,1.3107,2.6214,0.0,2.6214,0.0,0.0,0,0,0,15.3985,1.3107,1.3107,0.0,0.0,0.5,192,96,96,0,150,12,0,152993,0,2,0
358.0,0.0,0.0,1.3107,1.3107,2.6214,0.0,2.6214,0.0,0.0,0,0,0,14.9952,1.3107,1.3107,0.0,0.0,0.5,194,98,96,0,150,12,0,154087,0,2,0
359.0,0.0,0.0,1.3107,1.3107,2.6214,0.0,2.6214,0.0,0.0,0,0,0,15.0551,1.3107,1.3107,0.0,0.0,0.5,196,100,96,0,152,12,0,154496,0,2,0
360.0,0.0,0.0,1.3107,1.3107,2.6214,0.0,2.6214,0.0,0.0,0,0,0,15.0568,1.3107,1.3107,0.0,0.0,0.5,196,100,96,0,153,12,0,154496,0,2,0
361.0,0.0,0.0,1.3107,1.3107,2.6214,0.0,2.6214,0.0,0.0,0,0,0,14.7405,1.3107,1.3107,0.0,0.0,0.5,199,101,98,0,153,12,0,155823,0,2,0
362.0,0.0,0.0,1.3107,1.3107,2.6214,0.0,2.6214,0.0,0.0,0,0,0,14.7405,1.3107,1.3107,0.0,0.0,0.5,199,101,98,0,153,12,0,155823,0,2,0
363.0,0.0,0.0,1.3107,1.3107,2.6214,0.0,2.6214,0.0,0.0,0,0,0,14.7736,1.3107,1.3107,0.0,0.0,0.5,201,102,99,0,153,12,0,155982,0,2,0
364.0,0.0,0.0,1.3107,1.3107,2.6214,0.0,2.6214,0.0,0.0,0,0,0,14.7736,1.3107,1.3107,0.0,0.0,0.5,201,102,99,0,153,12,0,155982,0,2,0
365.0,0.0,0.0,1.3107,1.3107,2.6214,0.0,2.6214,0.0,0.0,0,0,0,14.7736,1.3107,1.3107,0.0,0.0,0.5,201,102,99,0,153,12,0,155982,0,2,0
366.0,0.0,0.0,1.3107,1.3107,2.6214,0.0,2.6214,0.0,0.0,0,0,0,14.9193,1.3107,1.3107,0.0,0.0,0.5,203,103,100,0,153,12,0,157055,0,2,0
367.0,0.0,0.0,1.3107,1.3107,2.6214,0.0,2.6214,0.0,0.0,0,0,0,14.9193,1.3107,1.3107,0.0,0.0,0.5,203,103,100,0,153,12,0,157055,0,2,0
368.0,0.0,0.0,1.3107,1.3107,2.6214,0.0,2.6214,0.0,0.0,0,0,0,14.9615,1.3107,1.3107,0.0,0.0,0.5,205,104,101,0,153,12,0,157314,0,2,0
369.0,0.0,0.0,1.3107,1.3107,2.6214,0.0,2.6214,0.0,0.0,0,0,0,15.0412,1.3107,1.3107,0.0,0.0,0.5,206,104,102,0,153,12,0,157577,0,2,0
370.0,0.0,0.0,1.3107,1.3107,2.6214,0.0,2.6214,0.0,0.0,0,0,0,15.1616,1.3107,1.3107,0.0,0.0,0.5,207,104,103,0,154,12,0,158465,0,2,0
371.0,0.0,0.0,1.3107,1.3107,2.6214,0.0,2.6214,0.0,0.0,0,0,0,15.1616,1.3107,1.3107,0.0,0.0,0.5,207,104,103,0,154,12,0,158465,0,2,0
372.0,0.0,0.0,1.3107,1.3107,2.6214,0.0,2.6214,0.0,0.0,0,0,0,15.1616,1.3107,1.3107,0.0,0.0,0.5,207,104,103,0,154,12,0,158465,0,2,0
373.0,0.0,0.0,1.3107,1.3107,2.6214,0.0,2.6214,0.0,0.0,0,0,0,15.1777,1.3107,1.3107,0.0,0.0,0.5,207,104,103,0,155,12,0,158465,0,2,0
374.0,0.0,0.0,1.3107,1.3107,2.6214,0.0,2.6214,0.0,0.0,0,0,0,14.4413,1.3107,1.3107,0.0,0.0,0.5,209,105,104,0,155,12,0,162388,0,2,0
375.0,0.0,0.0,1.3107,1.3107,2.6214,0.0,2.6214,0.0,0.0,0,0,0,14.4413,1.3107,1.3107,0.0,0.0,0.5,209,105,104,0,155,12,0,162388,0,2,0
376.0,0.0,0.0,1.3107,1.3107,2.6214,0.0,2.6214,0.0,0.0,0,0,0,14.4589,1.3107,1.3107,0.0,0.0,0.5,210,106,104,0,155,12,0,162507,0,2,0
377.0,0.0,0.0,1.3107,1.3107,2.6214,0.0,2.6214,0.0,0.0,0,0,0,14.534,1.3107,1.3107,0.0,0.0,0.5,211,107,104,0,155,12,0,163068,0,2,0
378.0,0.0,0.0,1.3107,1.3107,2.6214,0.0,2.6214,0.0,0.0,0,0,0,14.5422,1.3107,1.3107,0.0,0.0,0.5,212,107,105,0,155,12,0,163084,0,2,0
379.0,0.0,0.0,1.3107,1.3107,2.6214,0.0,2.6214,0.0,0.0,0,0,0,14.6491,1.3107,1.3107,0.0,0.0,0.5,212,107,105,0,156,12,0,163084,0,2,0
380.0,0.0,0.0,1.3107,1.3107,2.6214,0.0,2.6214,0.0,0.0,0,0,0,14.7267,1.3107,1.3107,0.0,0.0,0.5,212,107,105,0,157,12,0,163084,0,2,0
381.0,0.0,0.0,1.3107,1.3107,2.6214,0.0,2.6214,0.0,0.0,0,0,0,14.9506,1.3107,1.3107,0.0,0.0,0.5,212,107,105,0,160,12,0,163084,0,2,0
382.0,0.0,0.0,1.3107,1.3107,2.6214,0.0,2.6214,0.0,0.0,0,0,0,15.208,1.3107,1.3107,0.0,0.0,0.5,212,107,105,0,161,12,0,163084,0,2,0
383.0,0.0,0.0,1.3107,1.3107,2.6214,0.0,2.6214,0.0,0.0,0,0,0,15.3669,1.3107,1.3107,0.0,0.0,0.5,213,108,105,0,161,12,0,164164,0,2,0
384.0,0.0,0.0,1.3107,1.3107,2.6214,0.0,2.6214,0.0,0.0,0,0,0,15.1674,1.3107,1.3107,0.0,0.0,0.5,215,110,105,0,163,12,0,164954,0,2,0
385.0,0.0,0.0,1.3107,1.3107,2.6214,0.0,2.6214,0.0,0.0,0,0,0,15.1791,1.3107,1.3107,0.0,0.0,0.5,216,111,105,0,163,12,0,164955,0,2,0
386.0,0.0,0.0,1.3107,1.3107,2.6214,0.0,2.6214,0.0,0.0,0,0,0,15.1988,1.3107,1.3107,0.0,0.0,0.5,216,111,105,0,164,12,0,164955,0,2,0
387.0,0.0,0.0,1.3107,1.3107,2.6214,0.0,2.6214,0.0,0.0,0,0,0,15.1988,1.3107,1.3107,0.0,0.0,0.5,216,111,105,0,164,12,0,164955,0,2,0
388.0,0.0,0.0,1.3107,1.3107,2.6214,0.0,2.6214,0.0,0.0,0,0,0,15.3445,1.3107,1.3107,0.0,0.0,0.5,217,111,106,0,164,12,0,166043,0,2,0
389.0,0.0,0.0,1.3107,1.3107,2.6214,0.0,2.6214,0.0,0.0,0,0,0,15.3512,1.3107,1.3107,0.0,0.0,0.5,220,113,107,0,164,12,0,166541,0,2,0
390.0,0.0,0.0,1.3107,1.3107,2.6214,0.0,2.6214,0.0,0.0,0,0,0,15.5455,1.3107,1.3107,0.0,0.0,0.5,221,114,107,0,166,12,0,166808,0,2,0
391.0,0.0,0.0,1.3107,1.3107,2.6214,0.0,2.6214,0.0,0.0,0,0,0,15.0695,1.3107,1.3107,0.0,0.0,0.5,221,114,107,0,168,12,0,166808,0,2,0
392.0,0.0,0.0,1.3107,1.3107,2.6214,0.0,2.6214,0.0,0.0,0,0,0,15.184,1.3107,1.3107,0.0,0.0,0.5,221,114,107,0,170,12,0,166808,0,2,0
393.0,0.0,0.0,1.3107,1.3107,2.6214,0.0,2.6214,0.0,0.0,0,0,0,15.2344,1.3107,1.3107,0.0,0.0,0.5,221,114,107,0,171,12,0,166808,0,2,0
394.0,0.0,0.0,1.3107,1.3107,2.6214,0.0,2.6214,0.0,0.0,0,0,0,15.2481,1.3107,1.3107,0.0,0.0,0.5,222,115,107,0,171,12,0,166866,0,2,0
395.0,0.0,0.0,1.3107,1.3107,2.6214,0.0,2.6214,0.0,0.0,0,0,0,15.2775,1.3107,1.3107,0.0,0.0,0.5,223,116,107,0,172,12,0,167049,0,2,0
396.0,0.0,0.0,1.3107,1.3107,2.6214,0.0,2.6214,0.0,0.0,0,0,0,15.2775,1.3107,1.3107,0.0,0.0,0.5,223,116,107,0,172,12,0,167049,0,2,0
397.0,0.0,0.0,1.3107,1.3107,2.6214,0.0,2.6214,0.0,0.0,0,0,0,15.3101,1.3107,1.3107,0.0,0.0,0.5,224,117,107,0,172,12,0,167156,0,2,0
398.0,0.0,0.0,1.3107,1.3107,2.6214,0.0,2.6214,0.0,0.0,0,0,0,15.3101,1.3107,1.3107,0.0,0.0,0.5,224,117,107,0,172,12,0,167156,0,2,0
399.0,0.0,0.0,1.3107,1.3107,2.6214,0.0,2.6214,0.0,0.0,0,0,0,15.3101,1.3107,1.3107,0.0,0.0,0.5,224,117,107,0,172,12,0,167156,0,2,0
400.0,0.0,0.0,1.3107,1.3107,2.6214,0.0,2.6214,0.0,0.0,0,0,0,15.3101,1.3107,1.3107,0.0,0.0,0.5,224,117,107,0,172,12,0,167156,0,2,0
401.0,0.0,0.0,1.3107,1.3107,2.6214,0.0,2.6214,0.0,0.0,0,0,0,14.978,1.3107,1.3107,0.0,0.0,0.5,225,117,108,0,172,12,0,167854,0,2,0
402.0,0.0,0.0,1.3107,1.3107,2.6214,0.0,2.6214,0.0,0.0,0,0,0,14.979,1.3107,1.3107,0.0,0.0,0.5,225,117,108,0,173,12,0,167854,0,2,0
403.0,0.0,0.0,1.3107,1.3107,2.6214,0.0,2.6214,0.0,0.0,0,0,0,15.0572,1.3107,1.3107,0.0,0.0,0.5,225,117,108,0,174,12,0,167854,0,2,0
404.0,0.0,0.0,1.3107,1.3107,2.6214,0.0,2.6214,0.0,0.0,0,0,0,15.0946,1.3107,1.3107,0.0,0.0,0.5,225,117,108,0,175,12,0,167854,0,2,0
405.0,0.0,0.0,1.3107,1.3107,2.6214,0.0,2.6214,0.0,0.0,0,0,0,15.1767,1.3107,1.3107,0.0,0.0,0.5,226,118,108,0,176,12,0,168083,0,2,0
406.0,0.0,0.0,1.3107,1.3107,2.6214,0.0,2.6214,0.0,0.0,0,0,0,15.264,1.3107,1.3107,0.0,0.0,0.5,227,119,108,0,176,12,0,168732,0,2,0
407.0,0.0,0.0,1.3107,1.3107,2.6214,0.0,2.6214,0.0,0.0,0,0,0,15.3306,1.3107,1.3107,0.0,0.0,0.5,228,119,109,0,176,12,0,169240,0,2,0
408.0,0.0,0.0,1.3107,1.3107,2.6214,0.0,2.6214,0.0,0.0,0,0,0,15.3329,1.3107,1.3107,0.0,0.0,0.5,228,119,109,0,176,12,0,169240,0,2,0
409.0,0.0,0.0,1.3107,1.3107,2.6214,0.0,2.6214,0.0,0.0,0,0,0,15.2801,1.3107,1.3107,0.0,0.0,0.5,229,120,109,0,176,12,0,170036,0,2,0
410.0,0.0,0.0,1.3107,1.3107,2.6214,0.0,2.6214,0.0,0.0,0,0,0,15.2028,1.3107,1.3107,0.0,0.0,0.5,232,120,112,0,176,12,0,173027,0,2,0
411.0,0.0,0.0,1.3107,1.3107,2.6214,0.0,2.6214,0.0,0.0,0,0,0,15.2028,1.3107,1.3107,0.0,0.0,0.5,232,120,112,0,176,12,0,173027,0,2,0
412.0,0.0,0.0,1.3107,1.3107,2.6214,0.0,2.6214,0.0,0.0,0,0,0,15.2028,1.3107,1.3107,0.0,0.0,0.5,232,120,112,0,176,12,0,173027,0,2,0
413.0,0.0,0.0,1.3107,1.3107,2.6214,0.0,2.6214,0.0,0.0,0,0,0,15.226,1.3107,1.3107,0.0,0.0,0.5,233,120,113,0,177,12,0,173972,0,2,0
414.0,0.0,0.0,1.3107,1.3107,2.6214,0.0,2.6214,0.0,0.0,0,0,0,15.1985,1.3107,1.3107,0.0,0.0,0.5,234,121,113,0,178,12,0,174638,0,2,0
415.0,0.0,0.0,1.3107,1.3107,2.6214,0.0,2.6214,0.0,0.0,0,0,0,15.3089,1.3107,1.3107,0.0,0.0,0.5,235,122,113,0,178,12,0,175466,0,2,0
416.0,0.0,0.0,1.3107,1.3107,2.6214,0.0,2.6214,0.0,0.0,0,0,0,15.0429,1.3107,1.3107,0.0,0.0,0.5,237,122,115,0,178,12,0,175990,0,2,0
417.0,0.0,0.0,1.3107,1.3107,2.6214,0.0,2.6214,0.0,0.0,0,0,0,15.1754,1.3107,1.3107,0.0,0.0,0.5,239,122,117,0,178,12,0,176969,0,2,0
418.0,0.0,0.0,1.3107,1.3107,2.6214,0.0,2.6214,0.0,0.0,0,0,0,15.1793,1.3107,1.3107,0.0,0.0,0.5,239,122,117,0,180,12,0,176969,0,2,0
419.0,0.0,0.0,1.3107,1.3107,2.6214,0.0,2.6214,0.0,0.0,0,0,0,15.0599,1.3107,1.3107,0.0,0.0,0.5,240,123,117,0,183,12,0,177247,0,2,0
420.0,0.0,0.0,1.3107,1.3107,2.6214,0.0,2.6214,0.0,0.0,0,0,0,15.0599,1.3107,1.3107,0.0,0.0,0.5,240,123,117,0,183,12,0,177247,0,2,0
421.0,0.0,0.0,1.3107,1.3107,2.6214,0.0,2.6214,0.0,0.0,0,0,0,15.0783,1.3107,1.3107,0.0,0.0,0.5,240,123,117,0,185,12,0,177247,0,2,0
422.0,0.0,0.0,1.3107,1.3107,2.6214,0.0,2.6214,0.0,0.0,0,0,0,15.1441,1.3107,1.3107,0.0,0.0,0.5,240,123,117,0,186,12,0,177247,0,2,0
423.0,0.0,0.0,1.3107,1.3107,2.6214,0.0,2.6214,0.0,0.0,0,0,0,15.1441,1.3107,1.3107,0.0,0.0,0.5,240,123,117,0,186,12,0,177247,0,2,0
424.0,0.0,0.0,1.3107,1.3107,2.6214,0.0,2.6214,0.0,0.0,0,0,0,15.1441,1.3107,1.3107,0.0,0.0,0.5,240,123,117,0,186,12,0,177247,0,2,0
425.0,0.0,0.0,1.3107,1.3107,2.6214,0.0,2.6214,0.0,0.0,0,0,0,14.8603,1.3107,1.3107,0.0,0.0,0.5,242,125,117,0,186,12,0,177989,0,2,0
426.0,0.0,0.0,1.3107,1.3107,2.6214,0.0,2.6214,0.0,0.0,0,0,0,14.8626,1.3107,1.3107,0.0,0.0,0.5,242,125,117,0,186,12,0,177989,0,2,0
427.0,0.0,0.0,1.3107,1.3107,2.6214,0.0,2.6214,0.0,0.0,0,0,0,15.0489,1.3107,1.3107,0.0,0.0,0.5,243,125,118,0,187,12,0,179348,0,2,0
428.0,0.0,0.0,1.3107,1.3107,2.6214,0.0,2.6214,0.0,0.0,0,0,0,15.1047,1.3107,1.3107,0.0,0.0,0.5,243,125,118,0,188,12,0,179348,0,2,0
429.0,0.0,0.0,1.3107,1.3107,2.6214,0.0,2.6214,0.0,0.0,0,0,0,15.2063,1.3107,1.3107,0.0,0.0,0.5,245,125,120,0,188,12,0,180576,0,2,0
430.0,0.0,0.0,1.3107,1.3107,2.6214,0.0,2.6214,0.0,0.0,0,0,0,14.9524,1.3107,1.3107,0.0,0.0,0.5,247,125,122,0,188,12,0,181192,0,2,0
431.0,0.0,0.0,1.3107,1.3107,2.6214,0.0,2.6214,0.0,0.0,0,0,0,14.9524,1.3107,1.3107,0.0,0.0,0.5,247,125,122,0,188,12,0,181192,0,2,0
432.0,0.0,0.0,1.3107,1.3107,2.6214,0.0,2.6214,0.0,0.0,0,0,0,14.9524,1.3107,1.3107,0.0,0.0,0.5,247,125,122,0,188,12,0,181192,0,2,0
433.0,0.0,0.0,1.3107,1.3107,2.6214,0.0,2.6214,0.0,0.0,0,0,0,14.9548,1.3107,1.3107,0.0,0.0,0.5,247,125,122,0,189,12,0,181192,0,2,0
434.0,0.0,0.0,1.3107,1.3107,2.6214,0.0,2.6214,0.0,0.0,0,0,0,14.9548,1.3107,1.3107,0.0,0.0,0.5,247,125,122,0,189,12,0,181192,0,2,0
435.0,0.0,0.0,1.3107,1.3107,2.6214,0.0,2.6214,0.0,0.0,0,0,0,14.9548,1.3107,1.3107,0.0,0.0,0.5,247,125,122,0,189,12,0,181192,0,2,0
436.0,0.0,0.0,1.3107,1.3107,2.6214,0.0,2.6214,0.0,0.0,0,0,0,14.9849,1.3107,1.3107,0.0,0.0,0.5,248,126,122,0,190,12,0,181397,0,2,0
437.0,0.0,0.0,1.3107,1.3107,2.6214,0.0,2.6214,0.0,0.0,0,0,0,14.4378,1.3107,1.3107,0.0,0.0,0.5,249,126,123,0,190,12,0,181605,0,2,0
438.0,0.0,0.0,1.3107,1.3107,2.6214,0.0,2.6214,0.0,0.0,0,0,0,14.5141,1.3107,1.3107,0.0,0.0,0.5,250,127,123,0,190,12,0,182173,0,2,0
439.0,0.0,0.0,1.3107,1.3107,2.6214,0.0,2.6214,0.0,0.0,0,0,0,14.6384,1.3107,1.3107,0.0,0.0,0.5,252,128,124,0,190,12,0,183068,0,2,0
440.0,0.0,0.0,1.3107,1.3107,2.6214,0.0,2.6214,0.0,0.0,0,0,0,14.6384,1.3107,1.3107,0.0,0.0,0.5,252,128,124,0,190,12,0,183068,0,2,0
441.0,0.0,0.0,1.3107,1.3107,2.6214,0.0,2.6214,0.0,0.0,0,0,0,14.7511,1.3107,1.3107,0.0,0.0,0.5,253,129,124,0,190,12,0,183914,0,2,0
442.0,0.0,0.0,1.3107,1.3107,2.6214,0.0,2.6214,0.0,0.0,0,0,0,15.1477,1.3107,1.3107,0.0,0.0,0.5,255,129,126,0,192,12,0,185941,0,2,0
443.0,0.0,0.0,1.3107,1.3107,2.6214,0.0,2.6214,0.0,0.0,0,0,0,15.1629,1.3107,1.3107,0.0,0.0,0.5,255,129,126,0,193,12,0,185941,0,2,0
444.0,0.0,0.0,1.3107,1.3107,2.6214,0.0,2.6214,0.0,0.0,0,0,0,15.2822,1.3107,1.3107,0.0,0.0,0.5,256,129,127,0,193,12,0,186812,0,2,0
445.0,0.0,0.0,1.3107,1.3107,2.6214,0.0,2.6214,0.0,0.0,0,0,0,15.3485,1.3107,1.3107,0.0,0.0,0.5,256,129,127,0,194,12,0,186812,0,2,0
446.0,0.0,0.0,1.3107,1.3107,2.6214,0.0,2.6214,0.0,0.0,0,0,0,15.3485,1.3107,1.3107,0.0,0.0,0.5,256,129,127,0,194,12,0,186812,0,2,0
447.0,0.0,0.0,1.3107,1.3107,2.6214,0.0,2.6214,0.0,0.0,0,0,0,15.2251,1.3107,1.3107,0.0,0.0,0.5,257,129,128,0,194,12,0,187835,0,2,0
448.0,0.0,0.0,1.3107,1.3107,2.6214,0.0,2.6214,0.0,0.0,0,0,0,15.3607,1.3107,1.3107,0.0,0.0,0.5,258,130,128,0,194,12,0,188858,0,2,0
449.0,0.0,0.0,1.3107,1.3107,2.6214,0.0,2.6214,0.0,0.0,0,0,0,15.3607,1.3107,1.3107,0.0,0.0,0.5,258,130,128,0,194,12,0,188858,0,2,0
450.0,0.0,0.0,1.3107,1.3107,2.6214,0.0,2.6214,0.0,0.0,0,0,0,15.3607,1.3107,1.3107,0.0,0.0,0.5,258,130,128,0,194,12,0,188858,0,2,0
451.0,0.0,0.0,1.3107,1.3107,2.6214,0.0,2.6214,0.0,0.0,0,0,0,15.4964,1.3107,1.3107,0.0,0.0,0.5,259,130,129,0,194,12,0,189881,0,2,0
452.0,0.0,0.0,1.3107,1.3107,2.6214,0.0,2.6214,0.0,0.0,0,0,0,15.5708,1.3107,1.3107,0.0,0.0,0.5,260,130,130,0,194,12,0,190408,0,2,0
453.0,0.0,0.0,1.3107,1.3107,2.6214,0.0,2.6214,0.0,0.0,0,0,0,15.5356,1.3107,1.3107,0.0,0.0,0.5,262,130,132,0,194,12,0,191538,0,2,0
454.0,0.0,0.0,1.3107,1.3107,2.6214,0.0,2.6214,0.0,0.0,0,0,0,15.3105,1.3107,1.3107,0.0,0.0,0.5,263,130,133,0,194,12,0,192341,0,2,0
455.0,0.0,0.0,1.3107,1.3107,2.6214,0.0,2.6214,0.0,0.0,0,0,0,15.3121,1.3107,1.3107,0.0,0.0,0.5,263,130,133,0,195,12,0,192341,0,2,0
456.0,0.0,0.0,1.3107,1.3107,2.6214,0.0,2.6214,0.0,0.0,0,0,0,15.3121,1.3107,1.3107,0.0,0.0,0.5,263,130,133,0,195,12,0,192341,0,2,0
457.0,0.0,0.0,1.3107,1.3107,2.6214,0.0,2.6214,0.0,0.0,0,0,0,15.3121,1.3107,1.3107,0.0,0.0,0.5,263,130,133,0,195,12,0,192341,0,2,0
458.0,0.0,0.0,1.3107,1.3107,2.6214,0.0,2.6214,0.0,0.0,0,0,0,15.4391,1.3107,1.3107,0.0,0.0,0.5,265,131,134,0,195,12,0,193285,0,2,0
459.0,0.0,0.0,1.3107,1.3107,2.6214,0.0,2.6214,0.0,0.0,0,0,0,15.4391,1.3107,1.3107,0.0,0.0,0.5,265,131,134,0,195,12,0,193285,0,2,0
460.0,0.0,0.0,1.3107,1.3107,2.6214,0.0,2.6214,0.0,0.0,0,0,0,15.4391,1.3107,1.3107,0.0,0.0,0.5,265,131,134,0,195,12,0,193285,0,2,0
461.0,0.0,0.0,1.3107,1.3107,2.6214,0.0,2.6214,0.0,0.0,0,0,0,15.4028,1.3107,1.3107,0.0,0.0,0.5,266,132,134,0,195,12,0,193968,0,2,0
462.0,0.0,0.0,1.3107,1.3107,2.6214,0.0,2.6214,0.0,0.0,0,0,0,15.4816,1.3107,1.3107,0.0,0.0,0.5,268,133,135,0,195,12,0,195295,0,2,0
463.0,0.0,0.0,1.3107,1.3107,2.6214,0.0,2.6214,0.0,0.0,0,0,0,15.4816,1.3107,1.3107,0.0,0.0,0.5,268,133,135,0,195,12,0,195295,0,2,0
464.0,0.0,0.0,1.3107,1.3107,2.6214,0.0,2.6214,0.0,0.0,0,0,0,15.4816,1.3107,1.3107,0.0,0.0,0.5,268,133,135,0,195,12,0,195295,0,2,0
465.0,0.0,0.0,1.3107,1.3107,2.6214,0.0,2.6214,0.0,0.0,0,0,0,15.1209,1.3107,1.3107,0.0,0.0,0.5,269,133,136,0,196,12,0,195860,0,2,0
466.0,0.0,0.0,1.3107,1.3107,2.6214,0.0,2.6214,0.0,0.0,0,0,0,15.0465,1.3107,1.3107,0.0,0.0,0.5,269,133,136,0,197,12,0,195860,0,2,0
467.0,0.0,0.0,1.3107,1.3107,2.6214,0.0,2.6214,0.0,0.0,0,0,0,15.0465,1.3107,1.3107,0.0,0.0,0.5,269,133,136,0,197,12,0,195860,0,2,0
468.0,0.0,0.0,1.3107,1.3107,2.6214,0.0,2.6214,0.0,0.0,0,0,0,14.8789,1.3107,1.3107,0.0,0.0,0.5,271,134,137,0,197,12,0,197232,0,2,0
469.0,0.0,0.0,1.3107,1.3107,2.6214,0.0,2.6214,0.0,0.0,0,0,0,14.8789,1.3107,1.3107,0.0,0.0,0.5,271,134,137,0,197,12,0,197232,0,2,0
470.0,0.0,0.0,1.3107,1.3107,2.6214,0.0,2.6214,0.0,0.0,0,0,0,14.8789,1.3107,1.3107,0.0,0.0,0.5,271,134,137,0,197,12,0,197232,0,2,0
471.0,0.0,0.0,1.3107,1.3107,2.6214,0.0,2.6214,0.0,0.0,0,0,0,15.3365,1.3107,1.3107,0.0,0.0,0.5,273,135,138,0,197,12,0,199671,0,2,0
472.0,0.0,0.0,1.3107,1.3107,2.6214,0.0,2.6214,0.0,0.0,0,0,0,15.3397,1.3107,1.3107,0.0,0.0,0.5,273,135,138,0,197,12,0,199671,0,2,0
473.0,0.0,0.0,1.3107,1.3107,2.6214,0.0,2.6214,0.0,0.0,0,0,0,15.3397,1.3107,1.3107,0.0,0.0,0.5,273,135,138,0,197,12,0,199671,0,2,0
474.0,0.0,0.0,1.3107,1.3107,2.6214,0.0,2.6214,0.0,0.0,0,0,0,15.1363,1.3107,1.3107,0.0,0.0,0.5,274,135,139,0,197,12,0,200694,0,2,0
475.0,0.0,0.0,1.3107,1.3107,2.6214,0.0,2.6214,0.0,0.0,0,0,0,15.1363,1.3107,1.3107,0.0,0.0,0.5,274,135,139,0,197,12,0,200694,0,2,0
476.0,0.0,0.0,1.3107,1.3107,2.6214,0.0,2.6214,0.0,0.0,0,0,0,15.0699,1.3107,1.3107,0.0,0.0,0.5,275,136,139,0,197,12,0,202784,0,2,0
477.0,0.0,0.0,1.3107,1.3107,2.6214,0.0,2.6214,0.0,0.0,0,0,0,15.1593,1.3107,1.3107,0.0,0.0,0.5,276,136,140,0,197,12,0,203454,0,2,0
478.0,0.0,0.0,1.3107,1.3107,2.6214,0.0,2.6214,0.0,0.0,0,0,0,14.9309,1.3107,1.3107,0.0,0.0,0.5,277,137,140,0,197,12,0,204477,0,2,0
479.0,0.0,0.0,1.3107,1.3107,2.6214,0.0,2.6214,0.0,0.0,0,0,0,14.9309,1.3107,1.3107,0.0,0.0,0.5,277,137,140,0,199,12,0,204477,0,2,0
480.0,0.0,0.0,1.3107,1.3107,2.6214,0.0,2.6214,0.0,0.0,0,0,0,15.0517,1.3107,1.3107,0.0,0.0,0.5,278,138,140,0,199,12,0,205331,0,2,0
481.0,0.0,0.0,1.3107,1.3107,2.6214,0.0,2.6214,0.0,0.0,0,0,0,15.3951,1.3107,1.3107,0.0,0.0,0.5,280,138,142,0,199,12,0,207885,0,2,0
482.0,0.0,0.0,1.3107,1.3107,2.6214,0.0,2.6214,0.0,0.0,0,0,0,15.6398,1.3107,1.3107,0.0,0.0,0.5,281,139,142,0,199,12,0,209690,0,2,0
483.0,0.0,0.0,1.3107,1.3107,2.6214,0.0,2.6214,0.0,0.0,0,0,0,15.6398,1.3107,1.3107,0.0,0.0,0.5,281,139,142,0,199,12,0,209690,0,2,0
484.0,0.0,0.0,1.3107,1.3107,2.6214,0.0,2.6214,0.0,0.0,0,0,0,15.4904,1.3107,1.3107,0.0,0.0,0.5,282,139,143,0,199,12,0,210732,0,2,0
485.0,0.0,0.0,1.3107,1.3107,2.6214,0.0,2.6214,0.0,0.0,0,0,0,15.4904,1.3107,1.3107,0.0,0.0,0.5,282,139,143,0,199,12,0,210732,0,2,0
486.0,0.0,0.0,1.3107,1.3107,2.6214,0.0,2.6214,0.0,0.0,0,0,0,15.4904,1.3107,1.3107,0.0,0.0,0.5,282,139,143,0,199,12,0,210732,0,2,0
487.0,0.0,0.0,1.3107,1.3107,2.6214,0.0,2.6214,0.0,0.0,0,0,0,15.4247,1.3107,1.3107,0.0,0.0,0.5,284,139,145,0,199,12,0,212278,0,2,0
488.0,0.0,0.0,1.3107,1.3107,2.6214,0.0,2.6214,0.0,0.0,0,0,0,15.4247,1.3107,1.3107,0.0,0.0,0.5,284,139,145,0,199,12,0,212278,0,2,0
489.0,0.0,0.0,1.3107,1.3107,2.6214,0.0,2.6214,0.0,0.0,0,0,0,15.4247,1.3107,1.3107,0.0,0.0,0.5,284,139,145,0,199,12,0,212278,0,2,0
490.0,0.0,0.0,1.3107,1.3107,2.6214,0.0,2.6214,0.0,0.0,0,0,0,15.3618,1.3107,1.3107,0.0,0.0,0.5,284,139,145,0,201,12,0,212278,0,2,0
491.0,0.0,0.0,1.3107,1.3107,2.6214,0.0,2.6214,0.0,0.0,0,0,0,15.2927,1.3107,1.3107,0.0,0.0,0.5,285,139,146,0,202,12,0,215604,0,2,0
492.0,0.0,0.0,1.3107,1.3107,2.6214,0.0,2.6214,0.0,0.0,0,0,0,15.0051,1.3107,1.3107,0.0,0.0,0.5,286,139,147,0,202,12,0,217239,0,2,0
493.0,0.0,0.0,1.3107,1.3107,2.6214,0.0,2.6214,0.0,0.0,0,0,0,15.0051,1.3107,1.3107,0.0,0.0,0.5,286,139,147,0,202,12,0,217239,0,2,0
494.0,0.0,0.0,1.3107,1.3107,2.6214,0.0,2.6214,0.0,0.0,0,0,0,14.9832,1.3107,1.3107,0.0,0.0,0.5,287,140,147,0,202,12,0,220226,0,2,0
495.0,0.0,0.0,1.3107,1.3107,2.6214,0.0,2.6214,0.0,0.0,0,0,0,15.1817,1.3107,1.3107,0.0,0.0,0.5,288,140,148,0,202,12,0,221649,0,2,0
496.0,0.0,0.0,1.3107,1.3107,2.6214,0.0,2.6214,0.0,0.0,0,0,0,14.811,1.3107,1.3107,0.0,0.0,0.5,289,141,148,0,202,12,0,222320,0,2,0
497.0,0.0,0.0,1.3107,1.3107,2.6214,0.0,2.6214,0.0,0.0,0,0,0,14.8126,1.3107,1.3107,0.0,0.0,0.5,289,141,148,0,203,12,0,222320,0,2,0
498.0,0.0,0.0,1.3107,1.3107,2.6214,0.0,2.6214,0.0,0.0,0,0,0,14.8126,1.3107,1.3107,0.0,0.0,0.5,289,141,148,0,203,12,0,222320,0,2,0
499.0,0.0,0.0,1.3107,1.3107,2.6214,0.0,2.6214,0.0,0.0,0,0,0,14.8126,1.3107,1.3107,0.0,0.0,0.5,289,141,148,0,203,12,0,222320,0,2,0
500.0,0.0,0.0,1.3107,1.3107,2.6214,0.0,2.6214,0.0,0.0,0,0,0,14.8126,1.3107,1.3107,0.0,0.0,0.5,289,141,148,0,203,12,0,222320,0,2,0
501.0,0.0,0.0,1.3107,1.3107,2.6214,0.0,2.6214,0.0,0.0,0,0,0,14.8126,1.3107,1.3107,0.0,0.0,0.5,289,141,148,0,203,12,0,222320,0,2,0
502.0,0.0,0.0,1.3107,1.3107,2.6214,0.0,2.6214,0.0,0.0,0,0,0,14.9134,1.3107,1.3107,0.0,0.0,0.5,290,142,148,0,203,12,0,223073,0,2,0
503.0,0.0,0.0,1.3107,1.3107,2.6214,0.0,2.6214,0.0,0.0,0,0,0,14.9178,1.3107,1.3107,0.0,0.0,0.5,290,142,148,0,204,12,0,223073,0,2,0
504.0,0.0,0.0,1.3107,1.3107,2.6214,0.0,2.6214,0.0,0.0,0,0,0,14.9178,1.3107,1.3107,0.0,0.0,0.5,290,142,148,0,204,12,0,223073,0,2,0
505.0,0.0,0.0,1.3107,1.3107,2.6214,0.0,2.6214,0.0,0.0,0,0,0,14.9208,1.3107,1.3107,0.0,0.0,0.5,290,142,148,0,205,12,0,223073,0,2,0
506.0,0.0,0.0,1.3107,1.3107,2.6214,0.0,2.6214,0.0,0.0,0,0,0,14.7601,1.3107,1.3107,0.0,0.0,0.5,292,142,150,0,205,12,0,224555,0,2,0
507.0,0.0,0.0,1.3107,1.3107,2.6214,0.0,2.6214,0.0,0.0,0,0,0,14.7601,1.3107,1.3107,0.0,0.0,0.5,292,142,150,0,205,12,0,224555,0,2,0
508.0,0.0,0.0,1.3107,1.3107,2.6214,0.0,2.6214,0.0,0.0,0,0,0,14.7601,1.3107,1.3107,0.0,0.0,0.5,292,142,150,0,205,12,0,224555,0,2,0
509.0,0.0,0.0,1.3107,1.3107,2.6214,0.0,2.6214,0.0,0.0,0,0,0,14.8218,1.3107,1.3107,0.0,0.0,0.5,293,142,151,0,206,12,0,224905,0,2,0
510.0,0.0,0.0,1.3107,1.3107,2.6214,0.0,2.6214,0.0,0.0,0,0,0,14.8218,1.3107,1.3107,0.0,0.0,0.5,293,142,151,0,206,12,0,224905,0,2,0
511.0,0.0,0.0,1.3107,1.3107,2.6214,0.0,2.6214,0.0,0.0,0,0,0,15.0873,1.3107,1.3107,0.0,0.0,0.5,293,142,151,0,207,12,0,224905,0,2,0
512.0,0.0,0.0,1.3107,1.3107,2.6214,0.0,2.6214,0.0,0.0,0,0,0,15.1749,1.3107,1.3107,0.0,0.0,0.5,293,142,151,0,209,12,0,224905,0,2,0
513.0,0.0,0.0,1.3107,1.3107,2.6214,0.0,2.6214,0.0,0.0,0,0,0,15.1859,1.3107,1.3107,0.0,0.0,0.5,293,142,151,0,211,12,0,224905,0,2,0
514.0,0.0,0.0,1.3107,1.3107,2.6214,0.0,2.6214,0.0,0.0,0,0,0,15.3467,1.3107,1.3107,0.0,0.0,0.5,293,142,151,0,212,12,0,224905,0,2,0
515.0,0.0,0.0,1.3107,1.3107,2.6214,0.0,2.6214,0.0,0.0,0,0,0,15.3467,1.3107,1.3107,0.0,0.0,0.5,293,142,151,0,212,12,0,224905,0,2,0
516.0,0.0,0.0,1.3107,1.3107,2.6214,0.0,2.6214,0.0,0.0,0,0,0,15.4647,1.3107,1.3107,0.0,0.0,0.5,293,142,151,0,213,12,0,224905,0,2,0
517.0,0.0,0.0,1.3107,1.3107,2.6214,0.0,2.6214,0.0,0.0,0,0,0,15.4869,1.3107,1.3107,0.0,0.0,0.5,293,142,151,0,214,12,0,224905,0,2,0
518.0,0.0,0.0,1.3107,1.3107,2.6214,0.0,2.6214,0.0,0.0,0,0,0,15.4869,1.3107,1.3107,0.0,0.0,0.5,293,142,151,0,214,12,0,224905,0,2,0
519.0,0.0,0.0,1.3107,1.3107,2.6214,0.0,2.6214,0.0,0.0,0,0,0,15.4719,1.3107,1.3107,0.0,0.0,0.5,293,142,151,0,215,12,0,224905,0,2,0
520.0,0.0,0.0,1.3107,1.3107,2.6214,0.0,2.6214,0.0,0.0,0,0,0,15.2352,1.3107,1.3107,0.0,0.0,0.5,294,142,152,0,215,12,0,226855,0,2,0
521.0,0.0,0.0,1.3107,1.3107,2.6214,0.0,2.6214,0.0,0.0,0,0,0,15.2352,1.3107,1.3107,0.0,0.0,0.5,294,142,152,0,215,12,0,226855,0,2,0
522.0,0.0,0.0,1.3107,1.3107,2.6214,0.0,2.6214,0.0,0.0,0,0,0,15.2974,1.3107,1.3107,0.0,0.0,0.5,295,142,153,0,215,12,0,227310,0,2,0
523.0,0.0,0.0,1.3107,1.3107,2.6214,0.0,2.6214,0.0,0.0,0,0,0,15.2974,1.3107,1.3107,0.0,0.0,0.5,295,142,153,0,215,12,0,227310,0,2,0
524.0,0.0,0.0,1.3107,1.3107,2.6214,0.0,2.6214,0.0,0.0,0,0,0,15.388,1.3107,1.3107,0.0,0.0,0.5,296,143,153,0,215,12,0,227971,0,2,0
525.0,0.0,0.0,1.3107,1.3107,2.6214,0.0,2.6214,0.0,0.0,0,0,0,15.4479,1.3107,1.3107,0.0,0.0,0.5,297,144,153,0,215,12,0,228404,0,2,0
526.0,0.0,0.0,1.3107,1.3107,2.6214,0.0,2.6214,0.0,0.0,0,0,0,15.4479,1.3107,1.3107,0.0,0.0,0.5,297,144,153,0,215,12,0,228404,0,2,0
527.0,0.0,0.0,1.3107,1.3107,2.6214,0.0,2.6214,0.0,0.0,0,0,0,15.5053,1.3107,1.3107,0.0,0.0,0.5,298,145,153,0,215,12,0,228789,0,2,0
528.0,0.0,0.0,1.3107,1.3107,2.6214,0.0,2.6214,0.0,0.0,0,0,0,15.5644,1.3107,1.3107,0.0,0.0,0.5,298,145,153,0,216,12,0,228789,0,2,0
529.0,0.0,0.0,1.3107,1.3107,2.6214,0.0,2.6214,0.0,0.0,0,0,0,15.3783,1.3107,1.3107,0.0,0.0,0.5,299,146,153,0,218,12,0,232119,0,2,0
530.0,0.0,0.0,1.3107,1.3107,2.6214,0.0,2.6214,0.0,0.0,0,0,0,15.5358,1.3107,1.3107,0.0,0.0,0.5,299,146,153,0,218,12,0,232119,0,2,0
531.0,0.0,0.0,1.3107,1.3107,2.6214,0.0,2.6214,0.0,0.0,0,0,0,15.5358,1.3107,1.3107,0.0,0.0,0.5,299,146,153,0,218,12,0,232119,0,2,0
532.0,0.0,0.0,1.3107,1.3107,2.6214,0.0,2.6214,0.0,0.0,0,0,0,15.5095,1.3107,1.3107,0.0,0.0,0.5,300,146,154,0,218,12,0,233124,0,2,0
533.0,0.0,0.0,1.3107,1.3107,2.6214,0.0,2.6214,0.0,0.0,0,0,0,15.6143,1.3107,1.3107,0.0,0.0,0.5,301,146,155,0,218,12,0,233901,0,2,0
534.0,0.0,0.0,1.3107,1.3107,2.6214,0.0,2.6214,0.0,0.0,0,0,0,15.6143,1.3107,1.3107,0.0,0.0,0.5,301,146,155,0,218,12,0,233901,0,2,0
535.0,0.0,0.0,1.3107,1.3107,2.6214,0.0,2.6214,0.0,0.0,0,0,0,15.6143,1.3107,1.3107,0.0,0.0,0.5,301,146,155,0,218,12,0,233901,0,2,0
536.0,0.0,0.0,1.3107,1.3107,2.6214,0.0,2.6214,0.0,0.0,0,0,0,15.6143,1.3107,1.3107,0.0,0.0,0.5,301,146,155,0,218,12,0,233901,0,2,0
537.0,0.0,0.0,1.3107,1.3107,2.6214,0.0,2.6214,0.0,0.0,0,0,0,15.6189,1.3107,1.3107,0.0,0.0,0.5,301,146,155,0,219,12,0,233901,0,2,0
538.0,0.0,0.0,1.3107,1.3107,2.6214,0.0,2.6214,0.0,0.0,0,0,0,15.6189,1.3107,1.3107,0.0,0.0,0.5,301,146,155,0,219,12,0,233901,0,2,0
539.0,0.0,0.0,1.3107,1.3107,2.6214,0.0,2.6214,0.0,0.0,0,0,0,15.6263,1.3107,1.3107,0.0,0.0,0.5,301,146,155,0,222,12,0,233901,0,2,0
540.0,0.0,0.0,1.3107,1.3107,2.6214,0.0,2.6214,0.0,0.0,0,0,0,15.6263,1.3107,1.3107,0.0,0.0,0.5,301,146,155,0,222,12,0,233901,0,2,0
541.0,0.0,0.0,1.3107,1.3107,2.6214,0.0,2.6214,0.0,0.0,0,0,0,15.6286,1.3107,1.3107,0.0,0.0,0.5,301,146,155,0,223,12,0,233901,0,2,0
542.0,0.0,0.0,1.3107,1.3107,2.6214,0.0,2.6214,0.0,0.0,0,0,0,15.5117,1.3107,1.3107,0.0,0.0,0.5,301,146,155,0,226,12,0,233901,0,2,0
543.0,0.0,0.0,1.3107,1.3107,2.6214,0.0,2.6214,0.0,0.0,0,0,0,15.6407,1.3107,1.3107,0.0,0.0,0.5,301,146,155,0,227,12,0,233901,0,2,0
544.0,0.0,0.0,1.3107,1.3107,2.6214,0.0,2.6214,0.0,0.0,0,0,0,15.5908,1.3107,1.3107,0.0,0.0,0.5,302,146,156,0,229,12,0,234669,0,2,0
545.0,0.0,0.0,1.3107,1.3107,2.6214,0.0,2.6214,0.0,0.0,0,0,0,15.5908,1.3107,1.3107,0.0,0.0,0.5,302,146,156,0,229,12,0,234669,0,2,0
546.0,0.0,0.0,1.3107,1.3107,2.6214,0.0,2.6214,0.0,0.0,0,0,0,15.5908,1.3107,1.3107,0.0,0.0,0.5,302,146,156,0,229,12,0,234669,0,2,0
547.0,0.0,0.0,1.3107,1.3107,2.6214,0.0,2.6214,0.0,0.0,0,0,0,15.4381,1.3107,1.3107,0.0,0.0,0.5,303,146,157,0,229,12,0,235256,0,2,0
548.0,0.0,0.0,1.3107,1.3107,2.6214,0.0,2.6214,0.0,0.0,0,0,0,15.2414,1.3107,1.3107,0.0,0.0,0.5,304,147,157,0,229,12,0,235838,0,2,0
549.0,0.0,0.0,1.3107,1.3107,2.6214,0.0,2.6214,0.0,0.0,0,0,0,15.2414,1.3107,1.3107,0.0,0.0,0.5,304,147,157,0,229,12,0,235838,0,2,0
550.0,0.0,0.0,1.3107,1.3107,2.6214,0.0,2.6214,0.0,0.0,0,0,0,15.1975,1.3107,1.3107,0.0,0.0,0.5,306,147,159,0,229,12,0,237932,0,2,0
551.0,0.0,0.0,1.3107,1.3107,2.6214,0.0,2.6214,0.0,0.0,0,0,0,15.2657,1.3107,1.3107,0.0,0.0,0.5,307,148,159,0,229,12,0,238402,0,2,0
552.0,0.0,0.0,1.3107,1.3107,2.6214,0.0,2.6214,0.0,0.0,0,0,0,15.2657,1.3107,1.3107,0.0,0.0,0.5,307,148,159,0,229,12,0,238402,0,2,0
553.0,0.0,0.0,1.3107,1.3107,2.6214,0.0,2.6214,0.0,0.0,0,0,0,15.3742,1.3107,1.3107,0.0,0.0,0.5,308,149,159,0,229,12,0,239700,0,2,0
554.0,0.0,0.0,1.3107,1.3107,2.6214,0.0,2.6214,0.0,0.0,0,0,0,15.4542,1.3107,1.3107,0.0,0.0,0.5,311,151,160,0,229,12,0,241856,0,2,0
555.0,0.0,0.0,1.3107,1.3107,2.6214,0.0,2.6214,0.0,0.0,0,0,0,15.3661,1.3107,1.3107,0.0,0.0,0.5,312,152,160,0,229,12,0,242879,0,2,0
556.0,0.0,0.0,1.3107,1.3107,2.6214,0.0,2.6214,0.0,0.0,0,0,0,15.374,1.3107,1.3107,0.0,0.0,0.5,313,153,160,0,229,12,0,242921,0,2,0
557.0,0.0,0.0,1.3107,1.3107,2.6214,0.0,2.6214,0.0,0.0,0,0,0,15.3688,1.3107,1.3107,0.0,0.0,0.5,313,153,160,0,229,13,0,242921,0,2,0
558.0,0.0,0.0,1.3107,1.3107,2.6214,0.0,2.6214,0.0,0.0,0,0,0,15.4609,1.3107,1.3107,0.0,0.0,0.5,314,153,161,0,230,13,0,243348,0,2,0
559.0,0.0,0.0,1.3107,1.3107,2.6214,0.0,2.6214,0.0,0.0,0,0,0,15.3311,1.3107,1.3107,0.0,0.0,0.5,316,155,161,0,230,13,0,244941,0,2,0
560.0,0.0,0.0,1.3107,1.3107,2.6214,0.0,2.6214,0.0,0.0,0,0,0,15.475,1.3107,1.3107,0.0,0.0,0.5,317,155,162,0,230,13,0,245534,0,2,0
561.0,0.0,0.0,1.3107,1.3107,2.6214,0.0,2.6214,0.0,0.0,0,0,0,15.5615,1.3107,1.3107,0.0,0.0,0.5,318,156,162,0,230,13,0,246169,0,2,0
562.0,0.0,0.0,1.3107,1.3107,2.6214,0.0,2.6214,0.0,0.0,0,0,0,15.4154,1.3107,1.3107,0.0,0.0,0.5,319,156,163,0,230,13,0,247041,0,2,0
563.0,0.0,0.0,1.3107,1.3107,2.6214,0.0,2.6214,0.0,0.0,0,0,0,15.4154,1.3107,1.3107,0.0,0.0,0.5,319,156,163,0,230,13,0,247041,0,2,0
564.0,0.0,0.0,1.3107,1.3107,2.6214,0.0,2.6214,0.0,0.0,0,0,0,15.4154,1.3107,1.3107,0.0,0.0,0.5,319,156,163,0,230,13,0,247041,0,2,0
565.0,0.0,0.0,1.3107,1.3107,2.6214,0.0,2.6214,0.0,0.0,0,0,0,15.5575,1.3107,1.3107,0.0,0.0,0.5,320,156,164,0,230,13,0,248107,0,2,0
566.0,0.0,0.0,1.3107,1.3107,2.6214,0.0,2.6214,0.0,0.0,0,0,0,15.5575,1.3107,1.3107,0.0,0.0,0.5,320,156,164,0,230,13,0,248107,0,2,0
567.0,0.0,0.0,1.3107,1.3107,2.6214,0.0,2.6214,0.0,0.0,0,0,0,15.5575,1.3107,1.3107,0.0,0.0,0.5,320,156,164,0,230,13,0,248107,0,2,0
568.0,0.0,0.0,1.3107,1.3107,2.6214,0.0,2.6214,0.0,0.0,0,0,0,15.5575,1.3107,1.3107,0.0,0.0,0.5,320,156,164,0,230,13,0,248107,0,2,0
569.0,0.0,0.0,1.3107,1.3107,2.6214,0.0,2.6214,0.0,0.0,0,0,0,15.6108,1.3107,1.3107,0.0,0.0,0.5,321,157,164,0,230,13,0,249840,0,2,0
570.0,0.0,0.0,1.3107,1.3107,2.6214,0.0,2.6214,0.0,0.0,0,0,0,15.604,1.3107,1.3107,0.0,0.0,0.5,321,157,164,0,230,14,0,249840,0,2,0
571.0,0.0,0.0,1.3107,1.3107,2.6214,0.0,2.6214,0.0,0.0,0,0,0,15.3121,1.3107,1.3107,0.0,0.0,0.5,322,158,164,0,230,14,0,251419,0,2,0
572.0,0.0,0.0,1.3107,1.3107,2.6214,0.0,2.6214,0.0,0.0,0,0,0,15.4757,1.3107,1.3107,0.0,0.0,0.5,324,159,165,0,230,14,0,254146,0,2,0
573.0,0.0,0.0,1.3107,1.3107,2.6214,0.0,2.6214,0.0,0.0,0,0,0,15.4757,1.3107,1.3107,0.0,0.0,0.5,324,159,165,0,230,14,0,254146,0,2,0
574.0,0.0,0.0,1.3107,1.3107,2.6214,0.0,2.6214,0.0,0.0,0,0,0,15.4757,1.3107,1.3107,0.0,0.0,0.5,324,159,165,0,230,14,0,254146,0,2,0
575.0,0.0,0.0,1.3107,1.3107,2.6214,0.0,2.6214,0.0,0.0,0,0,0,15.4757,1.3107,1.3107,0.0,0.0,0.5,324,159,165,0,230,14,0,254146,0,2,0
576.0,0.0,0.0,1.3107,1.3107,2.6214,0.0,2.6214,0.0,0.0,0,0,0,15.4757,1.3107,1.3107,0.0,0.0,0.5,324,159,165,0,230,14,0,254146,0,2,0
577.0,0.0,0.0,1.3107,1.3107,2.6214,0.0,2.6214,0.0,0.0,0,0,0,15.3847,1.3107,1.3107,0.0,0.0,0.5,325,160,165,0,230,14,0,255210,0,2,0
578.0,0.0,0.0,1.3107,1.3107,2.6214,0.0,2.6214,0.0,0.0,0,0,0,15.3847,1.3107,1.3107,0.0,0.0,0.5,325,160,165,0,230,14,0,255210,0,2,0
579.0,0.0,0.0,1.3107,1.3107,2.6214,0.0,2.6214,0.0,0.0,0,0,0,15.5377,1.3107,1.3107,0.0,0.0,0.5,327,161,166,0,231,14,0,256290,0,2,0
580.0,0.0,0.0,1.3107,1.3107,2.6214,0.0,2.6214,0.0,0.0,0,0,0,15.4987,1.3107,1.3107,0.0,0.0,0.5,328,162,166,0,231,14,0,257861,0,2,0
581.0,0.0,0.0,1.3107,1.3107,2.6214,0.0,2.6214,0.0,0.0,0,0,0,15.5778,1.3107,1.3107,0.0,0.0,0.5,328,162,166,0,232,14,0,257861,0,2,0
582.0,0.0,0.0,1.3107,1.3107,2.6214,0.0,2.6214,0.0,0.0,0,0,0,15.5568,1.3107,1.3107,0.0,0.0,0.5,328,162,166,0,233,14,0,257861,0,2,0
583.0,0.0,0.0,1.3107,1.3107,2.6214,0.0,2.6214,0.0,0.0,0,0,0,15.4817,1.3107,1.3107,0.0,0.0,0.5,328,162,166,0,234,14,0,257861,0,2,0
584.0,0.0,0.0,1.3107,1.3107,2.6214,0.0,2.6214,0.0,0.0,0,0,0,15.2243,1.3107,1.3107,0.0,0.0,0.5,329,163,166,0,234,14,0,258884,0,2,0
585.0,0.0,0.0,1.3107,1.3107,2.6214,0.0,2.6214,0.0,0.0,0,0,0,15.1794,1.3107,1.3107,0.0,0.0,0.5,330,163,167,0,234,14,0,261349,0,2,0
586.0,0.0,0.0,1.3107,1.3107,2.6214,0.0,2.6214,0.0,0.0,0,0,0,15.2654,1.3107,1.3107,0.0,0.0,0.5,330,163,167,0,235,14,0,261349,0,2,0
587.0,0.0,0.0,1.3107,1.3107,2.6214,0.0,2.6214,0.0,0.0,0,0,0,15.2644,1.3107,1.3107,0.0,0.0,0.5,330,163,167,0,236,14,0,261349,0,2,0
588.0,0.0,0.0,1.3107,1.3107,2.6214,0.0,2.6214,0.0,0.0,0,0,0,15.4715,1.3107,1.3107,0.0,0.0,0.5,330,163,167,0,238,14,0,261349,0,2,0
589.0,0.0,0.0,1.3107,1.3107,2.6214,0.0,2.6214,0.0,0.0,0,0,0,15.6496,1.3107,1.3107,0.0,0.0,0.5,330,163,167,0,239,15,0,261349,0,2,0
590.0,0.0,0.0,1.3107,1.3107,2.6214,0.0,2.6214,0.0,0.0,0,0,0,15.6496,1.3107,1.3107,0.0,0.0,0.5,330,163,167,0,239,15,0,261349,0,2,0
591.0,0.0,0.0,1.3107,1.3107,2.6214,0.0,2.6214,0.0,0.0,0,0,0,15.3986,1.3107,1.3107,0.0,0.0,0.5,331,163,168,0,239,15,0,261665,0,2,0
592.0,0.0,0.0,1.3107,1.3107,2.6214,0.0,2.6214,0.0,0.0,0,0,0,15.3986,1.3107,1.3107,0.0,0.0,0.5,331,163,168,0,239,15,0,261665,0,2,0
593.0,0.0,0.0,1.3107,1.3107,2.6214,0.0,2.6214,0.0,0.0,0,0,0,15.3986,1.3107,1.3107,0.0,0.0,0.5,331,163,168,0,239,15,0,261665,0,2,0
594.0,0.0,0.0,1.3107,1.3107,2.6214,0.0,2.6214,0.0,0.0,0,0,0,15.3986,1.3107,1.3107,0.0,0.0,0.5,331,163,168,0,239,15,0,261665,0,2,0
595.0,0.0,0.0,1.3107,1.3107,2.6214,0.0,2.6214,0.0,0.0,0,0,0,15.3986,1.3107,1.3107,0.0,0.0,0.5,331,163,168,0,239,15,0,261665,0,2,0
596.0,0.0,0.0,1.3107,1.3107,2.6214,0.0,2.6214,0.0,0.0,0,0,0,15.385,1.3107,1.3107,0.0,0.0,0.5,333,164,169,0,239,15,0,262582,0,2,0
597.0,0.0,0.0,1.3107,1.3107,2.6214,0.0,2.6214,0.0,0.0,0,0,0,15.3898,1.3107,1.3107,0.0,0.0,0.5,333,164,169,0,240,15,0,262582,0,2,0
598.0,0.0,0.0,1.3107,1.3107,2.6214,0.0,2.6214,0.0,0.0,0,0,0,15.4779,1.3107,1.3107,0.0,0.0,0.5,334,165,169,0,240,15,0,262764,0,2,0
599.0,0.0,0.0,1.3107,1.3107,2.6214,0.0,2.6214,0.0,0.0,0,0,0,15.4715,1.3107,1.3107,0.0,0.0,0.5,335,166,169,0,244,15,0,263733,0,2,0
600.0,0.0,0.0,1.3107,1.3107,2.6214,0.0,2.6214,0.0,0.0,0,0,0,15.6272,1.3107,1.3107,0.0,0.0,0.5,335,166,169,0,245,15,0,263733,0,2,0
601.0,0.0,0.0,1.3107,1.3107,2.6214,0.0,2.6214,0.0,0.0,0,0,0,15.6508,1.3107,1.3107,0.0,0.0,0.5,335,166,169,0,246,15,0,263733,0,2,0
602.0,0.0,0.0,1.3107,1.3107,2.6214,0.0,2.6214,0.0,0.0,0,0,0,15.6558,1.3107,1.3107,0.0,0.0,0.5,336,166,170,0,246,15,0,263754,0,2,0
603.0,0.0,0.0,1.3107,1.3107,2.6214,0.0,2.6214,0.0,0.0,0,0,0,15.6639,1.3107,1.3107,0.0,0.0,0.5,337,166,171,0,246,15,0,263801,0,2,0
604.0,0.0,0.0,1.3107,1.3107,2.6214,0.0,2.6214,0.0,0.0,0,0,0,15.6639,1.3107,1.3107,0.0,0.0,0.5,337,166,171,0,246,15,0,263801,0,2,0
605.0,0.0,0.0,1.3107,1.3107,2.6214,0.0,2.6214,0.0,0.0,0,0,0,15.6084,1.3107,1.3107,0.0,0.0,0.5,338,167,171,0,246,15,0,264018,0,2,0
606.0,0.0,0.0,1.3107,1.3107,2.6214,0.0,2.6214,0.0,0.0,0,0,0,15.5503,1.3107,1.3107,0.0,0.0,0.5,340,168,172,0,246,15,0,264951,0,2,0
607.0,0.0,0.0,1.3107,1.3107,2.6214,0.0,2.6214,0.0,0.0,0,0,0,15.5563,1.3107,1.3107,0.0,0.0,0.5,341,168,173,0,246,15,0,264982,0,2,0
608.0,0.0,0.0,1.3107,1.3107,2.6214,0.0,2.6214,0.0,0.0,0,0,0,15.5563,1.3107,1.3107,0.0,0.0,0.5,341,168,173,0,246,15,0,264982,0,2,0
609.0,0.0,0.0,1.3107,1.3107,2.6214,0.0,2.6214,0.0,0.0,0,0,0,15.455,1.3107,1.3107,0.0,0.0,0.5,342,169,173,0,247,15,0,265274,0,2,0
610.0,0.0,0.0,1.3107,1.3107,2.6214,0.0,2.6214,0.0,0.0,0,0,0,15.4446,1.3107,1.3107,0.0,0.0,0.5,343,169,174,0,247,15,0,267238,0,2,0
611.0,0.0,0.0,1.3107,1.3107,2.6214,0.0,2.6214,0.0,0.0,0,0,0,15.4675,1.3107,1.3107,0.0,0.0,0.5,344,169,175,0,247,15,0,267282,0,2,0
612.0,0.0,0.0,1.3107,1.3107,2.6214,0.0,2.6214,0.0,0.0,0,0,0,15.4702,1.3107,1.3107,0.0,0.0,0.5,344,169,175,0,248,15,0,267282,0,2,0
613.0,0.0,0.0,1.3107,1.3107,2.6214,0.0,2.6214,0.0,0.0,0,0,0,15.5011,1.3107,1.3107,0.0,0.0,0.5,346,170,176,0,249,15,0,267532,0,2,0
614.0,0.0,0.0,1.3107,1.3107,2.6214,0.0,2.6214,0.0,0.0,0,0,0,15.5252,1.3107,1.3107,0.0,0.0,0.5,346,170,176,0,250,15,0,267532,0,2,0
615.0,0.0,0.0,1.3107,1.3107,2.6214,0.0,2.6214,0.0,0.0,0,0,0,15.6621,1.3107,1.3107,0.0,0.0,0.5,346,170,176,0,251,15,0,267532,0,2,0
616.0,0.0,0.0,1.3107,1.3107,2.6214,0.0,2.6214,0.0,0.0,0,0,0,15.6172,1.3107,1.3107,0.0,0.0,0.5,346,170,176,0,252,15,0,267532,0,2,0
617.0,0.0,0.0,1.3107,1.3107,2.6214,0.0,2.6214,0.0,0.0,0,0,0,15.6056,1.3107,1.3107,0.0,0.0,0.5,346,170,176,0,256,15,0,267532,0,2,0
618.0,0.0,0.0,1.3107,1.3107,2.6214,0.0,2.6214,0.0,0.0,0,0,0,15.4868,1.3107,1.3107,0.0,0.0,0.5,347,170,177,0,256,15,0,268504,0,2,0
619.0,0.0,0.0,1.3107,1.3107,2.6214,0.0,2.6214,0.0,0.0,0,0,0,15.5246,1.3107,1.3107,0.0,0.0,0.5,347,170,177,0,257,15,0,268504,0,2,0
620.0,0.0,0.0,1.3107,1.3107,2.6214,0.0,2.6214,0.0,0.0,0,0,0,15.1808,1.3107,1.3107,0.0,0.0,0.5,349,171,178,0,257,15,0,269540,0,2,0
621.0,0.0,0.0,1.3107,1.3107,2.6214,0.0,2.6214,0.0,0.0,0,0,0,15.1808,1.3107,1.3107,0.0,0.0,0.5,349,171,178,0,257,15,0,269540,0,2,0
622.0,0.0,0.0,1.3107,1.3107,2.6214,0.0,2.6214,0.0,0.0,0,0,0,15.1822,1.3107,1.3107,0.0,0.0,0.5,349,171,178,0,258,15,0,269540,0,2,0
623.0,0.0,0.0,1.3107,1.3107,2.6214,0.0,2.6214,0.0,0.0,0,0,0,15.2004,1.3107,1.3107,0.0,0.0,0.5,350,172,178,0,258,15,0,269661,0,2,0
624.0,0.0,0.0,1.3107,1.3107,2.6214,0.0,2.6214,0.0,0.0,0,0,0,15.3211,1.3107,1.3107,0.0,0.0,0.5,351,173,178,0,258,15,0,270560,0,2,0
625.0,0.0,0.0,1.3107,1.3107,2.6214,0.0,2.6214,0.0,0.0,0,0,0,15.0747,1.3107,1.3107,0.0,0.0,0.5,354,174,180,0,258,15,0,272089,0,2,0
626.0,0.0,0.0,1.3107,1.3107,2.6214,0.0,2.6214,0.0,0.0,0,0,0,15.1005,1.3107,1.3107,0.0,0.0,0.5,355,175,180,0,258,15,0,272229,0,2,0
627.0,0.0,0.0,1.3107,1.3107,2.6214,0.0,2.6214,0.0,0.0,0,0,0,15.1194,1.3107,1.3107,0.0,0.0,0.5,356,175,181,0,258,15,0,272352,0,2,0
628.0,0.0,0.0,1.3107,1.3107,2.6214,0.0,2.6214,0.0,0.0,0,0,0,15.1194,1.3107,1.3107,0.0,0.0,0.5,356,175,181,0,258,15,0,272352,0,2,0
629.0,0.0,0.0,1.3107,1.3107,2.6214,0.0,2.6214,0.0,0.0,0,0,0,15.1344,1.3107,1.3107,0.0,0.0,0.5,356,175,181,0,260,15,0,272352,0,2,0
630.0,0.0,0.0,1.3107,1.3107,2.6214,0.0,2.6214,0.0,0.0,0,0,0,15.2151,1.3107,1.3107,0.0,0.0,0.5,357,175,182,0,260,15,0,272944,0,2,0
631.0,0.0,0.0,1.3107,1.3107,2.6214,0.0,2.6214,0.0,0.0,0,0,0,15.2151,1.3107,1.3107,0.0,0.0,0.5,357,175,182,0,260,15,0,272944,0,2,0
632.0,0.0,0.0,1.3107,1.3107,2.6214,0.0,2.6214,0.0,0.0,0,0,0,15.2151,1.3107,1.3107,0.0,0.0,0.5,357,175,182,0,260,15,0,272944,0,2,0
633.0,0.0,0.0,1.3107,1.3107,2.6214,0.0,2.6214,0.0,0.0,0,0,0,15.269,1.3107,1.3107,0.0,0.0,0.5,359,177,182,0,260,15,0,273100,0,2,0
634.0,0.0,0.0,1.3107,1.3107,2.6214,0.0,2.6214,0.0,0.0,0,0,0,15.269,1.3107,1.3107,0.0,0.0,0.5,359,177,182,0,260,15,0,273100,0,2,0
635.0,0.0,0.0,1.3107,1.3107,2.6214,0.0,2.6214,0.0,0.0,0,0,0,15.269,1.3107,1.3107,0.0,0.0,0.5,359,177,182,0,260,15,0,273100,0,2,0
636.0,0.0,0.0,1.3107,1.3107,2.6214,0.0,2.6214,0.0,0.0,0,0,0,15.3202,1.3107,1.3107,0.0,0.0,0.5,359,177,182,0,262,15,0,273100,0,2,0
637.0,0.0,0.0,1.3107,1.3107,2.6214,0.0,2.6214,0.0,0.0,0,0,0,15.5193,1.3107,1.3107,0.0,0.0,0.5,360,177,183,0,263,15,0,273128,0,2,0
638.0,0.0,0.0,1.3107,1.3107,2.6214,0.0,2.6214,0.0,0.0,0,0,0,15.518,1.3107,1.3107,0.0,0.0,0.5,360,177,183,0,265,15,0,273128,0,2,0
639.0,0.0,0.0,1.3107,1.3107,2.6214,0.0,2.6214,0.0,0.0,0,0,0,15.518,1.3107,1.3107,0.0,0.0,0.5,360,177,183,0,265,15,0,273128,0,2,0
640.0,0.0,0.0,1.3107,1.3107,2.6214,0.0,2.6214,0.0,0.0,0,0,0,15.5403,1.3107,1.3107,0.0,0.0,0.5,361,178,183,0,265,15,0,273280,0,2,0
641.0,0.0,0.0,1.3107,1.3107,2.6214,0.0,2.6214,0.0,0.0,0,0,0,15.5451,1.3107,1.3107,0.0,0.0,0.5,361,178,183,0,267,15,0,273280,0,2,0
642.0,0.0,0.0,1.3107,1.3107,2.6214,0.0,2.6214,0.0,0.0,0,0,0,15.5451,1.3107,1.3107,0.0,0.0,0.5,361,178,183,0,267,15,0,273280,0,2,0
643.0,0.0,0.0,1.3107,1.3107,2.6214,0.0,2.6214,0.0,0.0,0,0,0,15.6445,1.3107,1.3107,0.0,0.0,0.5,361,178,183,0,269,15,0,273280,0,2,0
644.0,0.0,0.0,1.3107,1.3107,2.6214,0.0,2.6214,0.0,0.0,0,0,0,15.2935,1.3107,1.3107,0.0,0.0,0.5,362,179,183,0,269,15,0,273649,0,2,0
645.0,0.0,0.0,1.3107,1.3107,2.6214,0.0,2.6214,0.0,0.0,0,0,0,15.4968,1.3107,1.3107,0.0,0.0,0.5,363,180,183,0,269,15,0,275146,0,2,0
646.0,0.0,0.0,1.3107,1.3107,2.6214,0.0,2.6214,0.0,0.0,0,0,0,15.5607,1.3107,1.3107,0.0,0.0,0.5,364,181,183,0,270,15,0,275278,0,2,0
647.0,0.0,0.0,1.3107,1.3107,2.6214,0.0,2.6214,0.0,0.0,0,0,0,15.358,1.3107,1.3107,0.0,0.0,0.5,365,182,183,0,270,15,0,276280,0,2,0
648.0,0.0,0.0,1.3107,1.3107,2.6214,0.0,2.6214,0.0,0.0,0,0,0,15.1106,1.3107,1.3107,0.0,0.0,0.5,366,182,184,0,271,15,0,276589,0,2,0
649.0,0.0,0.0,1.3107,1.3107,2.6214,0.0,2.6214,0.0,0.0,0,0,0,15.1106,1.3107,1.3107,0.0,0.0,0.5,366,182,184,0,271,15,0,276589,0,2,0
650.0,0.0,0.0,1.3107,1.3107,2.6214,0.0,2.6214,0.0,0.0,0,0,0,15.1106,1.3107,1.3107,0.0,0.0,0.5,366,182,184,0,271,15,0,276589,0,2,0
651.0,0.0,0.0,1.3107,1.3107,2.6214,0.0,2.6214,0.0,0.0,0,0,0,15.1106,1.3107,1.3107,0.0,0.0,0.5,366,182,184,0,271,15,0,276589,0,2,0
652.0,0.0,0.0,1.3107,1.3107,2.6214,0.0,2.6214,0.0,0.0,0,0,0,15.1106,1.3107,1.3107,0.0,0.0,0.5,366,182,184,0,271,15,0,276589,0,2,0
653.0,0.0,0.0,1.3107,1.3107,2.6214,0.0,2.6214,0.0,0.0,0,0,0,15.5485,1.3107,1.3107,0.0,0.0,0.5,368,183,185,0,271,15,0,279897,0,2,0
654.0,0.0,0.0,1.3107,1.3107,2.6214,0.0,2.6214,0.0,0.0,0,0,0,15.5485,1.3107,1.3107,0.0,0.0,0.5,368,183,185,0,271,15,0,279897,0,2,0
655.0,0.0,0.0,1.3107,1.3107,2.6214,0.0,2.6214,0.0,0.0,0,0,0,15.2781,1.3107,1.3107,0.0,0.0,0.5,370,185,185,0,271,15,0,280534,0,2,0
656.0,0.0,0.0,1.3107,1.3107,2.6214,0.0,2.6214,0.0,0.0,0,0,0,15.2227,1.3107,1.3107,0.0,0.0,0.5,371,185,186,0,271,15,0,281229,0,2,0
657.0,0.0,0.0,1.3107,1.3107,2.6214,0.0,2.6214,0.0,0.0,0,0,0,15.3859,1.3107,1.3107,0.0,0.0,0.5,374,186,188,0,271,15,0,283519,0,2,0
658.0,0.0,0.0,1.3107,1.3107,2.6214,0.0,2.6214,0.0,0.0,0,0,0,15.3859,1.3107,1.3107,0.0,0.0,0.5,374,186,188,0,271,15,0,283519,0,2,0
659.0,0.0,0.0,1.3107,1.3107,2.6214,0.0,2.6214,0.0,0.0,0,0,0,15.3859,1.3107,1.3107,0.0,0.0,0.5,374,186,188,0,273,15,0,283519,0,2,0
660.0,0.0,0.0,1.3107,1.3107,2.6214,0.0,2.6214,0.0,0.0,0,0,0,15.3859,1.3107,1.3107,0.0,0.0,0.5,374,186,188,0,273,15,0,283519,0,2,0
661.0,0.0,0.0,1.3107,1.3107,2.6214,0.0,2.6214,0.0,0.0,0,0,0,15.3859,1.3107,1.3107,0.0,0.0,0.5,374,186,188,0,273,15,0,283519,0,2,0
662.0,0.0,0.0,1.3107,1.3107,2.6214,0.0,2.6214,0.0,0.0,0,0,0,15.564,1.3107,1.3107,0.0,0.0,0.5,375,187,188,0,273,15,0,284862,0,2,0
663.0,0.0,0.0,1.3107,1.3107,2.6214,0.0,2.6214,0.0,0.0,0,0,0,15.6399,1.3107,1.3107,0.0,0.0,0.5,376,188,188,0,273,15,0,285416,0,2,0
664.0,0.0,0.0,1.3107,1.3107,2.6214,0.0,2.6214,0.0,0.0,0,0,0,15.6399,1.3107,1.3107,0.0,0.0,0.5,376,188,188,0,273,15,0,285416,0,2,0
665.0,0.0,0.0,1.3107,1.3107,2.6214,0.0,2.6214,0.0,0.0,0,0,0,15.3184,1.3107,1.3107,0.0,0.0,0.5,378,189,189,0,273,15,0,286394,0,2,0
666.0,0.0,0.0,1.3107,1.3107,2.6214,0.0,2.6214,0.0,0.0,0,0,0,15.1281,1.3107,1.3107,0.0,0.0,0.5,378,189,189,0,274,15,0,286394,0,2,0
667.0,0.0,0.0,1.3107,1.3107,2.6214,0.0,2.6214,0.0,0.0,0,0,0,15.3088,1.3107,1.3107,0.0,0.0,0.5,378,189,189,0,277,15,0,286394,0,2,0
668.0,0.0,0.0,1.3107,1.3107,2.6214,0.0,2.6214,0.0,0.0,0,0,0,15.205,1.3107,1.3107,0.0,0.0,0.5,378,189,189,0,278,15,0,286394,0,2,0
669.0,0.0,0.0,1.3107,1.3107,2.6214,0.0,2.6214,0.0,0.0,0,0,0,15.3442,1.3107,1.3107,0.0,0.0,0.5,378,189,189,0,279,15,0,286394,0,2,0
670.0,0.0,0.0,1.3107,1.3107,2.6214,0.0,2.6214,0.0,0.0,0,0,0,15.4497,1.3107,1.3107,0.0,0.0,0.5,379,190,189,0,279,15,0,287174,0,2,0
671.0,0.0,0.0,1.3107,1.3107,2.6214,0.0,2.6214,0.0,0.0,0,0,0,15.4497,1.3107,1.3107,0.0,0.0,0.5,379,190,189,0,279,15,0,287174,0,2,0
672.0,0.0,0.0,1.3107,1.3107,2.6214,0.0,2.6214,0.0,0.0,0,0,0,15.2476,1.3107,1.3107,0.0,0.0,0.5,381,192,189,0,279,15,0,288988,0,2,0
673.0,0.0,0.0,1.3107,1.3107,2.6214,0.0,2.6214,0.0,0.0,0,0,0,15.2476,1.3107,1.3107,0.0,0.0,0.5,381,192,189,0,279,15,0,288988,0,2,0
674.0,0.0,0.0,1.3107,1.3107,2.6214,0.0,2.6214,0.0,0.0,0,0,0,15.1764,1.3107,1.3107,0.0,0.0,0.5,382,192,190,0,279,15,0,290043,0,2,0
675.0,0.0,0.0,1.3107,1.3107,2.6214,0.0,2.6214,0.0,0.0,0,0,0,15.1764,1.3107,1.3107,0.0,0.0,0.5,382,192,190,0,279,15,0,290043,0,2,0
676.0,0.0,0.0,1.3107,1.3107,2.6214,0.0,2.6214,0.0,0.0,0,0,0,14.9919,1.3107,1.3107,0.0,0.0,0.5,383,192,191,0,279,15,0,290519,0,2,0
677.0,0.0,0.0,1.3107,1.3107,2.6214,0.0,2.6214,0.0,0.0,0,0,0,15.1397,1.3107,1.3107,0.0,0.0,0.5,384,193,191,0,279,15,0,291542,0,2,0
678.0,0.0,0.0,1.3107,1.3107,2.6214,0.0,2.6214,0.0,0.0,0,0,0,15.1397,1.3107,1.3107,0.0,0.0,0.5,384,193,191,0,279,15,0,291542,0,2,0
679.1,0.0,0.0,1.3107,1.3107,2.6214,0.0,2.6214,0.0,0.0,0,0,0,15.1397,1.3107,1.3107,0.0,0.0,0.5,384,193,191,0,279,15,0,291542,0,2,0
680.1,0.0,0.0,1.3107,1.3107,2.6214,0.0,2.6214,0.0,0.0,0,0,0,15.1528,1.3107,1.3107,0.0,0.0,0.5,384,193,191,0,280,15,0,291542,0,2,0
681.1,0.0,0.0,1.3107,1.3107,2.6214,0.0,2.6214,0.0,0.0,0,0,0,14.9765,1.3107,1.3107,0.0,0.0,0.5,384,193,191,0,281,15,0,291542,0,2,0
682.1,0.0,0.0,1.3107,1.3107,2.6214,0.0,2.6214,0.0,0.0,0,0,0,14.9765,1.3107,1.3107,0.0,0.0,0.5,384,193,191,0,281,15,0,291542,0,2,0
683.1,0.0,0.0,1.3107,1.3107,2.6214,0.0,2.6214,0.0,0.0,0,0,0,15.3172,1.3107,1.3107,0.0,0.0,0.5,385,193,192,0,282,15,0,291696,0,2,0
684.1,0.0,0.0,1.3107,1.3107,2.6214,0.0,2.6214,0.0,0.0,0,0,0,15.3957,1.3107,1.3107,0.0,0.0,0.5,386,193,193,0,282,15,0,292259,0,2,0
685.1,0.0,0.0,1.3107,1.3107,2.6214,0.0,2.6214,0.0,0.0,0,0,0,15.3957,1.3107,1.3107,0.0,0.0,0.5,386,193,193,0,282,15,0,292259,0,2,0
686.1,0.0,0.0,1.3107,1.3107,2.6214,0.0,2.6214,0.0,0.0,0,0,0,15.1251,1.3107,1.3107,0.0,0.0,0.5,388,195,193,0,282,15,0,293486,0,2,0
687.1,0.0,0.0,1.3107,1.3107,2.6214,0.0,2.6214,0.0,0.0,0,0,0,15.2852,1.3107,1.3107,0.0,0.0,0.5,389,196,193,0,282,15,0,294632,0,2,0
688.1,0.0,0.0,1.3107,1.3107,2.6214,0.0,2.6214,0.0,0.0,0,0,0,15.2852,1.3107,1.3107,0.0,0.0,0.5,389,196,193,0,282,15,0,294632,0,2,0
689.1,0.0,0.0,1.3107,1.3107,2.6214,0.0,2.6214,0.0,0.0,0,0,0,15.0215,1.3107,1.3107,0.0,0.0,0.5,390,197,193,0,282,15,0,295766,0,2,0
690.1,0.0,0.0,1.3107,1.3107,2.6214,0.0,2.6214,0.0,0.0,0,0,0,15.0952,1.3107,1.3107,0.0,0.0,0.5,391,198,193,0,283,15,0,296258,0,2,0
691.1,0.0,0.0,1.3107,1.3107,2.6214,0.0,2.6214,0.0,0.0,0,0,0,15.3124,1.3107,1.3107,0.0,0.0,0.5,391,198,193,0,285,15,0,296258,0,2,0
692.1,0.0,0.0,1.3107,1.3107,2.6214,0.0,2.6214,0.0,0.0,0,0,0,15.4561,1.3107,1.3107,0.0,0.0,0.5,391,198,193,0,287,15,0,296258,0,2,0
693.1,0.0,0.0,1.3107,1.3107,2.6214,0.0,2.6214,0.0,0.0,0,0,0,15.5202,1.3107,1.3107,0.0,0.0,0.5,391,198,193,0,289,15,0,296258,0,2,0
694.1,0.0,0.0,1.3107,1.3107,2.6214,0.0,2.6214,0.0,0.0,0,0,0,15.5202,1.3107,1.3107,0.0,0.0,0.5,391,198,193,0,289,15,0,296258,0,2,0
695.1,0.0,0.0,1.3107,1.3107,2.6214,0.0,2.6214,0.0,0.0,0,0,0,15.5202,1.3107,1.3107,0.0,0.0,0.5,391,198,193,0,289,15,0,296258,0,2,0
696.1,0.0,0.0,1.3107,1.3107,2.6214,0.0,2.6214,0.0,0.0,0,0,0,15.5202,1.3107,1.3107,0.0,0.0,0.5,391,198,193,0,289,15,0,296258,0,2,0
697.1,0.0,0.0,1.3107,1.3107,2.6214,0.0,2.6214,0.0,0.0,0,0,0,15.5392,1.3107,1.3107,0.0,0.0,0.5,393,199,194,0,289,15,0,298301,0,2,0
698.1,0.0,0.0,1.3107,1.3107,2.6214,0.0,2.6214,0.0,0.0,0,0,0,15.4522,1.3107,1.3107,0.0,0.0,0.5,394,199,195,0,289,15,0,299983,0,2,0
699.1,0.0,0.0,1.3107,1.3107,2.6214,0.0,2.6214,0.0,0.0,0,0,0,15.4522,1.3107,1.3107,0.0,0.0,0.5,394,199,195,0,289,15,0,299983,0,2,0
700.1,0.0,0.0,1.3107,1.3107,2.6214,0.0,2.6214,0.0,0.0,0,0,0,15.4522,1.3107,1.3107,0.0,0.0,0.5,394,199,195,0,289,15,0,299983,0,2,0
701.1,0.0,0.0,1.3107,1.3107,2.6214,0.0,2.6214,0.0,0.0,0,0,0,15.4522,1.3107,1.3107,0.0,0.0,0.5,394,199,195,0,289,15,0,299983,0,2,0
702.1,0.0,0.0,1.3107,1.3107,2.6214,0.0,2.6214,0.0,0.0,0,0,0,14.9444,1.3107,1.3107,0.0,0.0,0.5,396,200,196,0,289,15,0,301164,0,2,0
703.1,0.0,0.0,1.3107,1.3107,2.6214,0.0,2.6214,0.0,0.0,0,0,0,15.0967,1.3107,1.3107,0.0,0.0,0.5,398,201,197,0,289,15,0,302286,0,2,0
704.1,0.0,0.0,1.3107,1.3107,2.6214,0.0,2.6214,0.0,0.0,0,0,0,15.1562,1.3107,1.3107,0.0,0.0,0.5,399,201,198,0,289,15,0,302656,0,2,0
705.1,0.0,0.0,1.3107,1.3107,2.6214,0.0,2.6214,0.0,0.0,0,0,0,15.1562,1.3107,1.3107,0.0,0.0,0.5,399,201,198,0,289,15,0,302656,0,2,0
706.1,0.0,0.0,1.3107,1.3107,2.6214,0.0,2.6214,0.0,0.0,0,0,0,15.4673,1.3107,1.3107,0.0,0.0,0.5,400,202,198,0,290,15,0,304975,0,2,0
707.1,0.0,0.0,1.3107,1.3107,2.6214,0.0,2.6214,0.0,0.0,0,0,0,15.4673,1.3107,1.3107,0.0,0.0,0.5,400,202,198,0,290,15,0,304975,0,2,0
708.1,0.0,0.0,1.3107,1.3107,2.6214,0.0,2.6214,0.0,0.0,0,0,0,15.4252,1.3107,1.3107,0.0,0.0,0.5,400,202,198,0,291,15,0,304975,0,2,0
709.1,0.0,0.0,1.3107,1.3107,2.6214,0.0,2.6214,0.0,0.0,0,0,0,15.4252,1.3107,1.3107,0.0,0.0,0.5,400,202,198,0,291,15,0,304975,0,2,0
710.1,0.0,0.0,1.3107,1.3107,2.6214,0.0,2.6214,0.0,0.0,0,0,0,15.4252,1.3107,1.3107,0.0,0.0,0.5,400,202,198,0,291,15,0,304975,0,2,0
711.1,0.0,0.0,1.3107,1.3107,2.6214,0.0,2.6214,0.0,0.0,0,0,0,14.9248,1.3107,1.3107,0.0,0.0,0.5,402,203,199,0,292,15,0,307744,0,2,0
712.1,0.0,0.0,1.3107,1.3107,2.6214,0.0,2.6214,0.0,0.0,0,0,0,15.0249,1.3107,1.3107,0.0,0.0,0.5,403,204,199,0,292,15,0,308471,0,2,0
713.1,0.0,0.0,1.3107,1.3107,2.6214,0.0,2.6214,0.0,0.0,0,0,0,15.0249,1.3107,1.3107,0.0,0.0,0.5,403,204,199,0,292,15,0,308471,0,2,0
714.1,0.0,0.0,1.3107,1.3107,2.6214,0.0,2.6214,0.0,0.0,0,0,0,15.0249,1.3107,1.3107,0.0,0.0,0.5,403,204,199,0,292,15,0,308471,0,2,0
715.1,0.0,0.0,1.3107,1.3107,2.6214,0.0,2.6214,0.0,0.0,0,0,0,14.7738,1.3107,1.3107,0.0,0.0,0.5,404,205,199,0,292,15,0,309389,0,2,0
716.1,0.0,0.0,1.3107,1.3107,2.6214,0.0,2.6214,0.0,0.0,0,0,0,14.8113,1.3107,1.3107,0.0,0.0,0.5,405,205,200,0,292,15,0,309653,0,2,0
717.1,0.0,0.0,1.3107,1.3107,2.6214,0.0,2.6214,0.0,0.0,0,0,0,14.8595,1.3107,1.3107,0.0,0.0,0.5,406,205,201,0,292,15,0,310010,0,2,0
718.1,0.0,0.0,1.3107,1.3107,2.6214,0.0,2.6214,0.0,0.0,0,0,0,14.8595,1.3107,1.3107,0.0,0.0,0.5,406,205,201,0,292,15,0,310010,0,2,0
719.1,0.0,0.0,1.3107,1.3107,2.6214,0.0,2.6214,0.0,0.0,0,0,0,14.9518,1.3107,1.3107,0.0,0.0,0.5,407,206,201,0,294,15,0,310695,0,2,0
720.1,0.0,0.0,1.3107,1.3107,2.6214,0.0,2.6214,0.0,0.0,0,0,0,14.9536,1.3107,1.3107,0.0,0.0,0.5,407,206,201,0,295,15,0,310695,0,2,0
721.1,0.0,0.0,1.3107,1.3107,2.6214,0.0,2.6214,0.0,0.0,0,0,0,14.96,1.3107,1.3107,0.0,0.0,0.5,408,206,202,0,295,15,0,310732,0,2,0
722.1,0.0,0.0,1.3107,1.3107,2.6214,0.0,2.6214,0.0,0.0,0,0,0,15.35,1.3107,1.3107,0.0,0.0,0.5,409,206,203,0,296,15,0,313606,0,2,0
723.1,0.0,0.0,1.3107,1.3107,2.6214,0.0,2.6214,0.0,0.0,0,0,0,15.35,1.3107,1.3107,0.0,0.0,0.5,409,206,203,0,296,15,0,313606,0,2,0
724.1,0.0,0.0,1.3107,1.3107,2.6214,0.0,2.6214,0.0,0.0,0,0,0,15.35,1.3107,1.3107,0.0,0.0,0.5,409,206,203,0,296,15,0,313606,0,2,0
725.1,0.0,0.0,1.3107,1.3107,2.6214,0.0,2.6214,0.0,0.0,0,0,0,15.3602,1.3107,1.3107,0.0,0.0,0.5,409,206,203,0,297,15,0,313606,0,2,0
726.1,0.0,0.0,1.3107,1.3107,2.6214,0.0,2.6214,0.0,0.0,0,0,0,15.2639,1.3107,1.3107,0.0,0.0,0.5,410,206,204,0,297,15,0,313879,0,2,0
727.1,0.0,0.0,1.3107,1.3107,2.6214,0.0,2.6214,0.0,0.0,0,0,0,15.0439,1.3107,1.3107,0.0,0.0,0.5,412,208,204,0,298,15,0,316426,0,2,0
728.1,0.0,0.0,1.3107,1.3107,2.6214,0.0,2.6214,0.0,0.0,0,0,0,15.3352,1.3107,1.3107,0.0,0.0,0.5,414,209,205,0,298,15,0,318440,0,2,0
729.1,0.0,0.0,1.3107,1.3107,2.6214,0.0,2.6214,0.0,0.0,0,0,0,15.3352,1.3107,1.3107,0.0,0.0,0.5,414,209,205,0,298,15,0,318440,0,2,0
730.1,0.0,0.0,1.3107,1.3107,2.6214,0.0,2.6214,0.0,0.0,0,0,0,15.0058,1.3107,1.3107,0.0,0.0,0.5,416,211,205,0,299,15,0,319763,0,2,0
731.1,0.0,0.0,1.3107,1.3107,2.6214,0.0,2.6214,0.0,0.0,0,0,0,15.1915,1.3107,1.3107,0.0,0.0,0.5,417,212,205,0,299,15,0,321151,0,2,0
732.1,0.0,0.0,1.3107,1.3107,2.6214,0.0,2.6214,0.0,0.0,0,0,0,15.1915,1.3107,1.3107,0.0,0.0,0.5,417,212,205,0,299,15,0,321151,0,2,0
733.1,0.0,0.0,1.3107,1.3107,2.6214,0.0,2.6214,0.0,0.0,0,0,0,15.1915,1.3107,1.3107,0.0,0.0,0.5,417,212,205,0,299,15,0,321151,0,2,0
734.1,0.0,0.0,1.3107,1.3107,2.6214,0.0,2.6214,0.0,0.0,0,0,0,15.3471,1.3107,1.3107,0.0,0.0,0.5,418,213,205,0,299,15,0,322174,0,2,0
735.1,0.0,0.0,1.3107,1.3107,2.6214,0.0,2.6214,0.0,0.0,0,0,0,15.2425,1.3107,1.3107,0.0,0.0,0.5,419,213,206,0,299,15,0,323634,0,2,0
736.1,0.0,0.0,1.3107,1.3107,2.6214,0.0,2.6214,0.0,0.0,0,0,0,14.9136,1.3107,1.3107,0.0,0.0,0.5,420,214,206,0,299,15,0,324271,0,2,0
737.1,0.0,0.0,1.3107,1.3107,2.6214,0.0,2.6214,0.0,0.0,0,0,0,14.9153,1.3107,1.3107,0.0,0.0,0.5,420,214,206,0,300,15,0,324271,0,2,0
738.1,0.0,0.0,1.3107,1.3107,2.6214,0.0,2.6214,0.0,0.0,0,0,0,14.9153,1.3107,1.3107,0.0,0.0,0.5,420,214,206,0,300,15,0,324271,0,2,0
739.1,0.0,0.0,1.3107,1.3107,2.6214,0.0,2.6214,0.0,0.0,0,0,0,14.9153,1.3107,1.3107,0.0,0.0,0.5,420,214,206,0,300,15,0,324271,0,2,0
740.1,0.0,0.0,1.3107,1.3107,2.6214,0.0,2.6214,0.0,0.0,0,0,0,14.9153,1.3107,1.3107,0.0,0.0,0.5,420,214,206,0,300,15,0,324271,0,2,0
741.1,0.0,0.0,1.3107,1.3107,2.6214,0.0,2.6214,0.0,0.0,0,0,0,14.9153,1.3107,1.3107,0.0,0.0,0.5,420,214,206,0,300,15,0,324271,0,2,0
742.1,0.0,0.0,1.3107,1.3107,2.6214,0.0,2.6214,0.0,0.0,0,0,0,14.3521,1.3107,1.3107,0.0,0.0,0.5,421,214,207,0,300,15,0,325294,0,2,0
743.1,0.0,0.0,1.3107,1.3107,2.6214,0.0,2.6214,0.0,0.0,0,0,0,14.4498,1.3107,1.3107,0.0,0.0,0.5,422,214,208,0,300,15,0,326019,0,2,0
744.1,0.0,0.0,1.3107,1.3107,2.6214,0.0,2.6214,0.0,0.0,0,0,0,14.4498,1.3107,1.3107,0.0,0.0,0.5,422,214,208,0,300,15,0,326019,0,2,0
745.1,0.0,0.0,1.3107,1.3107,2.6214,0.0,2.6214,0.0,0.0,0,0,0,14.6975,1.3107,1.3107,0.0,0.0,0.5,423,214,209,0,303,15,0,326215,0,2,0
746.1,0.0,0.0,1.3107,1.3107,2.6214,0.0,2.6214,0.0,0.0,0,0,0,14.6975,1.3107,1.3107,0.0,0.0,0.5,423,214,209,0,303,15,0,326215,0,2,0
747.1,0.0,0.0,1.3107,1.3107,2.6214,0.0,2.6214,0.0,0.0,0,0,0,14.8484,1.3107,1.3107,0.0,0.0,0.5,425,216,209,0,303,15,0,327267,0,2,0
748.1,0.0,0.0,1.3107,1.3107,2.6214,0.0,2.6214,0.0,0.0,0,0,0,14.8484,1.3107,1.3107,0.0,0.0,0.5,425,216,209,0,303,15,0,327267,0,2,0
749.1,0.0,0.0,1.3107,1.3107,2.6214,0.0,2.6214,0.0,0.0,0,0,0,15.0392,1.3107,1.3107,0.0,0.0,0.5,426,216,210,0,303,15,0,328677,0,2,0
750.1,0.0,0.0,1.3107,1.3107,2.6214,0.0,2.6214,0.0,0.0,0,0,0,15.0392,1.3107,1.3107,0.0,0.0,0.5,426,216,210,0,303,15,0,328677,0,2,0
751.1,0.0,0.0,1.3107,1.3107,2.6214,0.0,2.6214,0.0,0.0,0,0,0,15.0392,1.3107,1.3107,0.0,0.0,0.5,426,216,210,0,303,15,0,328677,0,2,0
752.1,0.0,0.0,1.3107,1.3107,2.6214,0.0,2.6214,0.0,0.0,0,0,0,15.0392,1.3107,1.3107,0.0,0.0,0.5,426,216,210,0,303,15,0,328677,0,2,0
753.1,0.0,0.0,1.3107,1.3107,2.6214,0.0,2.6214,0.0,0.0,0,0,0,15.0392,1.3107,1.3107,0.0,0.0,0.5,426,216,210,0,303,15,0,328677,0,2,0
754.1,0.0,0.0,1.3107,1.3107,2.6214,0.0,2.6214,0.0,0.0,0,0,0,15.0392,1.3107,1.3107,0.0,0.0,0.5,426,216,210,0,303,15,0,328677,0,2,0
755.1,0.0,0.0,1.3107,1.3107,2.6214,0.0,2.6214,0.0,0.0,0,0,0,15.1701,1.3107,1.3107,0.0,0.0,0.5,428,217,211,0,303,15,0,329629,0,2,0
756.1,0.0,0.0,1.3107,1.3107,2.6214,0.0,2.6214,0.0,0.0,0,0,0,15.1701,1.3107,1.3107,0.0,0.0,0.5,428,217,211,0,303,15,0,329629,0,2,0
757.1,0.0,0.0,1.3107,1.3107,2.6214,0.0,2.6214,0.0,0.0,0,0,0,15.1701,1.3107,1.3107,0.0,0.0,0.5,428,217,211,0,303,15,0,329629,0,2,0
758.1,0.0,0.0,1.3107,1.3107,2.6214,0.0,2.6214,0.0,0.0,0,0,0,15.1701,1.3107,1.3107,0.0,0.0,0.5,428,217,211,0,303,15,0,329629,0,2,0
759.1,0.0,0.0,1.3107,1.3107,2.6214,0.0,2.6214,0.0,0.0,0,0,0,15.1701,1.3107,1.3107,0.0,0.0,0.5,428,217,211,0,303,15,0,329629,0,2,0
760.1,0.0,0.0,1.3107,1.3107,2.6214,0.0,2.6214,0.0,0.0,0,0,0,14.7333,1.3107,1.3107,0.0,0.0,0.5,429,217,212,0,303,16,0,330652,0,2,0
761.1,0.0,0.0,1.3107,1.3107,2.6214,0.0,2.6214,0.0,0.0,0,0,0,14.7333,1.3107,1.3107,0.0,0.0,0.5,429,217,212,0,303,16,0,330652,0,2,0
762.1,0.0,0.0,1.3107,1.3107,2.6214,0.0,2.6214,0.0,0.0,0,0,0,14.7333,1.3107,1.3107,0.0,0.0,0.5,429,217,212,0,303,16,0,330652,0,2,0
763.1,0.0,0.0,1.3107,1.3107,2.6214,0.0,2.6214,0.0,0.0,0,0,0,14.7333,1.3107,1.3107,0.0,0.0,0.5,429,217,212,0,303,16,0,330652,0,2,0
764.1,0.0,0.0,1.3107,1.3107,2.6214,0.0,2.6214,0.0,0.0,0,0,0,14.72,1.3107,1.3107,0.0,0.0,0.5,429,217,212,0,303,17,0,330652,0,2,0
765.1,0.0,0.0,1.3107,1.3107,2.6214,0.0,2.6214,0.0,0.0,0,0,0,14.72,1.3107,1.3107,0.0,0.0,0.5,429,217,212,0,303,17,0,330652,0,2,0
766.1,0.0,0.0,1.3107,1.3107,2.6214,0.0,2.6214,0.0,0.0,0,0,0,14.8609,1.3107,1.3107,0.0,0.0,0.5,429,217,212,0,304,17,0,330652,0,2,0
767.1,0.0,0.0,1.3107,1.3107,2.6214,0.0,2.6214,0.0,0.0,0,0,0,14.8609,1.3107,1.3107,0.0,0.0,0.5,429,217,212,0,304,17,0,330652,0,2,0
768.1,0.0,0.0,1.3107,1.3107,2.6214,0.0,2.6214,0.0,0.0,0,0,0,14.8609,1.3107,1.3107,0.0,0.0,0.5,429,217,212,0,304,17,0,330652,0,2,0
769.1,0.0,0.0,1.3107,1.3107,2.6214,0.0,2.6214,0.0,0.0,0,0,0,14.964,1.3107,1.3107,0.0,0.0,0.5,430,217,213,0,304,17,0,331415,0,2,0
770.1,0.0,0.0,1.3107,1.3107,2.6214,0.0,2.6214,0.0,0.0,0,0,0,15.1019,1.3107,1.3107,0.0,0.0,0.5,430,217,213,0,305,17,0,331415,0,2,0
771.1,0.0,0.0,1.3107,1.3107,2.6214,0.0,2.6214,0.0,0.0,0,0,0,15.1019,1.3107,1.3107,0.0,0.0,0.5,430,217,213,0,305,17,0,331415,0,2,0
772.1,0.0,0.0,1.3107,1.3107,2.6214,0.0,2.6214,0.0,0.0,0,0,0,15.1019,1.3107,1.3107,0.0,0.0,0.5,430,217,213,0,305,17,0,331415,0,2,0
773.1,0.0,0.0,1.3107,1.3107,2.6214,0.0,2.6214,0.0,0.0,0,0,0,15.0963,1.3107,1.3107,0.0,0.0,0.5,430,217,213,0,306,17,0,331415,0,2,0
774.1,0.0,0.0,1.3107,1.3107,2.6214,0.0,2.6214,0.0,0.0,0,0,0,15.0963,1.3107,1.3107,0.0,0.0,0.5,430,217,213,0,306,17,0,331415,0,2,0
775.1,0.0,0.0,1.3107,1.3107,2.6214,0.0,2.6214,0.0,0.0,0,0,0,15.0963,1.3107,1.3107,0.0,0.0,0.5,430,217,213,0,306,17,0,331415,0,2,0
776.1,0.0,0.0,1.3107,1.3107,2.6214,0.0,2.6214,0.0,0.0,0,0,0,15.1505,1.3107,1.3107,0.0,0.0,0.5,431,217,214,0,306,17,0,331805,0,2,0
777.1,0.0,0.0,1.3107,1.3107,2.6214,0.0,2.6214,0.0,0.0,0,0,0,15.1505,1.3107,1.3107,0.0,0.0,0.5,431,217,214,0,306,17,0,331805,0,2,0
778.1,0.0,0.0,1.3107,1.3107,2.6214,0.0,2.6214,0.0,0.0,0,0,0,15.1505,1.3107,1.3107,0.0,0.0,0.5,431,217,214,0,306,17,0,331805,0,2,0
779.1,0.0,0.0,1.3107,1.3107,2.6214,0.0,2.6214,0.0,0.0,0,0,0,15.1505,1.3107,1.3107,0.0,0.0,0.5,431,217,214,0,308,17,0,331805,0,2,0
780.1,0.0,0.0,1.3107,1.3107,2.6214,0.0,2.6214,0.0,0.0,0,0,0,15.1505,1.3107,1.3107,0.0,0.0,0.5,431,217,214,0,308,17,0,331805,0,2,0
781.1,0.0,0.0,1.3107,1.3107,2.6214,0.0,2.6214,0.0,0.0,0,0,0,15.1505,1.3107,1.3107,0.0,0.0,0.5,431,217,214,0,308,17,0,331805,0,2,0
782.1,0.0,0.0,1.3107,1.3107,2.6214,0.0,2.6214,0.0,0.0,0,0,0,15.1505,1.3107,1.3107,0.0,0.0,0.5,431,217,214,0,308,17,0,331805,0,2,0
783.1,0.0,0.0,1.3107,1.3107,2.6214,0.0,2.6214,0.0,0.0,0,0,0,15.1505,1.3107,1.3107,0.0,0.0,0.5,431,217,214,0,308,17,0,331805,0,2,0
784.1,0.0,0.0,1.3107,1.3107,2.6214,0.0,2.6214,0.0,0.0,0,0,0,15.1505,1.3107,1.3107,0.0,0.0,0.5,431,217,214,0,308,17,0,331805,0,2,0
785.1,0.0,0.0,1.3107,1.3107,2.6214,0.0,2.6214,0.0,0.0,0,0,0,15.1505,1.3107,1.3107,0.0,0.0,0.5,431,217,214,0,308,17,0,331805,0,2,0
786.1,0.0,0.0,1.3107,1.3107,2.6214,0.0,2.6214,0.0,0.0,0,0,0,15.238,1.3107,1.3107,0.0,0.0,0.5,432,217,215,0,308,17,0,332456,0,2,0
787.1,0.0,0.0,1.3107,1.3107,2.6214,0.0,2.6214,0.0,0.0,0,0,0,15.238,1.3107,1.3107,0.0,0.0,0.5,432,217,215,0,308,17,0,332456,0,2,0
788.1,0.0,0.0,1.3107,1.3107,2.6214,0.0,2.6214,0.0,0.0,0,0,0,15.238,1.3107,1.3107,0.0,0.0,0.5,432,217,215,0,308,17,0,332456,0,2,0
789.1,0.0,0.0,1.3107,1.3107,2.6214,0.0,2.6214,0.0,0.0,0,0,0,15.0177,1.3107,1.3107,0.0,0.0,0.5,433,218,215,0,308,17,0,333061,0,2,0
790.1,0.0,0.0,1.3107,1.3107,2.6214,0.0,2.6214,0.0,0.0,0,0,0,15.0177,1.3107,1.3107,0.0,0.0,0.5,433,218,215,0,308,17,0,333061,0,2,0
791.1,0.0,0.0,1.3107,1.3107,2.6214,0.0,2.6214,0.0,0.0,0,0,0,15.0177,1.3107,1.3107,0.0,0.0,0.5,433,218,215,0,308,17,0,333061,0,2,0
792.1,0.0,0.0,1.3107,1.3107,2.6214,0.0,2.6214,0.0,0.0,0,0,0,14.9809,1.3107,1.3107,0.0,0.0,0.5,434,219,215,0,308,17,0,335312,0,2,0
793.1,0.0,0.0,1.3107,1.3107,2.6214,0.0,2.6214,0.0,0.0,0,0,0,14.9809,1.3107,1.3107,0.0,0.0,0.5,434,219,215,0,308,17,0,335312,0,2,0
794.1,0.0,0.0,1.3107,1.3107,2.6214,0.0,2.6214,0.0,0.0,0,0,0,14.9809,1.3107,1.3107,0.0,0.0,0.5,434,219,215,0,308,17,0,335312,0,2,0
795.1,0.0,0.0,1.3107,1.3107,2.6214,0.0,2.6214,0.0,0.0,0,0,0,14.9809,1.3107,1.3107,0.0,0.0,0.5,434,219,215,0,308,17,0,335312,0,2,0
796.1,0.0,0.0,1.3107,1.3107,2.6214,0.0,2.6214,0.0,0.0,0,0,0,14.9809,1.3107,1.3107,0.0,0.0,0.5,434,219,215,0,308,17,0,335312,0,2,0
797.1,0.0,0.0,1.3107,1.3107,2.6214,0.0,2.6214,0.0,0.0,0,0,0,14.9809,1.3107,1.3107,0.0,0.0,0.5,434,219,215,0,308,17,0,335312,0,2,0
798.1,0.0,0.0,1.3107,1.3107,2.6214,0.0,2.6214,0.0,0.0,0,0,0,14.9809,1.3107,1.3107,0.0,0.0,0.5,434,219,215,0,308,17,0,335312,0,2,0
799.1,0.0,0.0,1.3107,1.3107,2.6214,0.0,2.6214,0.0,0.0,0,0,0,14.9809,1.3107,1.3107,0.0,0.0,0.5,434,219,215,0,308,17,0,335312,0,2,0
800.1,0.0,0.0,1.3107,1.3107,2.6214,0.0,2.6214,0.0,0.0,0,0,0,14.0666,1.3107,1.3107,0.0,0.0,0.5,435,220,215,0,308,17,0,336200,0,2,0
801.1,0.0,0.0,1.3107,1.3107,2.6214,0.0,2.6214,0.0,0.0,0,0,0,14.0666,1.3107,1.3107,0.0,0.0,0.5,435,220,215,0,308,17,0,336200,0,2,0
802.1,0.0,0.0,1.3107,1.3107,2.6214,0.0,2.6214,0.0,0.0,0,0,0,14.0666,1.3107,1.3107,0.0,0.0,0.5,435,220,215,0,308,17,0,336200,0,2,0
803.1,0.0,0.0,1.3107,1.3107,2.6214,0.0,2.6214,0.0,0.0,0,0,0,14.0666,1.3107,1.3107,0.0,0.0,0.5,435,220,215,0,308,17,0,336200,0,2,0
804.1,0.0,0.0,1.3107,1.3107,2.6214,0.0,2.6214,0.0,0.0,0,0,0,14.0666,1.3107,1.3107,0.0,0.0,0.5,435,220,215,0,308,17,0,336200,0,2,0
805.1,0.0,0.0,1.3107,1.3107,2.6214,0.0,2.6214,0.0,0.0,0,0,0,14.3251,1.3107,1.3107,0.0,0.0,0.5,436,221,215,0,308,17,0,338153,0,2,0
806.1,0.0,0.0,1.3107,1.3107,2.6214,0.0,2.6214,0.0,0.0,0,0,0,14.3251,1.3107,1.3107,0.0,0.0,0.5,436,221,215,0,308,17,0,338153,0,2,0
807.1,0.0,0.0,1.3107,1.3107,2.6214,0.0,2.6214,0.0,0.0,0,0,0,14.3251,1.3107,1.3107,0.0,0.0,0.5,436,221,215,0,308,17,0,338153,0,2,0
808.1,0.0,0.0,1.3107,1.3107,2.6214,0.0,2.6214,0.0,0.0,0,0,0,14.3251,1.3107,1.3107,0.0,0.0,0.5,436,221,215,0,308,17,0,338153,0,2,0
809.1,0.0,0.0,1.3107,1.3107,2.6214,0.0,2.6214,0.0,0.0,0,0,0,14.3251,1.3107,1.3107,0.0,0.0,0.5,436,221,215,0,308,17,0,338153,0,2,0
810.1,0.0,0.0,1.3107,1.3107,2.6214,0.0,2.6214,0.0,0.0,0,0,0,14.3251,1.3107,1.3107,0.0,0.0,0.5,436,221,215,0,308,17,0,338153,0,2,0
811.1,0.0,0.0,1.3107,1.3107,2.6214,0.0,2.6214,0.0,0.0,0,0,0,14.3251,1.3107,1.3107,0.0,0.0,0.5,436,221,215,0,308,17,0,338153,0,2,0
812.1,0.0,0.0,1.3107,1.3107,2.6214,0.0,2.6214,0.0,0.0,0,0,0,14.431,1.3107,1.3107,0.0,0.0,0.5,437,222,215,0,308,17,0,338943,0,2,0
813.1,0.0,0.0,1.3107,1.3107,2.6214,0.0,2.6214,0.0,0.0,0,0,0,14.431,1.3107,1.3107,0.0,0.0,0.5,437,222,215,0,308,17,0,338943,0,2,0
814.1,0.0,0.0,1.3107,1.3107,2.6214,0.0,2.6214,0.0,0.0,0,0,0,14.431,1.3107,1.3107,0.0,0.0,0.5,437,222,215,0,308,17,0,338943,0,2,0
815.1,0.0,0.0,1.3107,1.3107,2.6214,0.0,2.6214,0.0,0.0,0,0,0,14.431,1.3107,1.3107,0.0,0.0,0.5,437,222,215,0,308,17,0,338943,0,2,0
816.1,0.0,0.0,1.3107,1.3107,2.6214,0.0,2.6214,0.0,0.0,0,0,0,14.431,1.3107,1.3107,0.0,0.0,0.5,437,222,215,0,308,17,0,338943,0,2,0
817.1,0.0,0.0,1.3107,1.3107,2.6214,0.0,2.6214,0.0,0.0,0,0,0,14.431,1.3107,1.3107,0.0,0.0,0.5,437,222,215,0,308,17,0,338943,0,2,0
818.1,0.0,0.0,1.3107,1.3107,2.6214,0.0,2.6214,0.0,0.0,0,0,0,14.431,1.3107,1.3107,0.0,0.0,0.5,437,222,215,0,308,17,0,338943,0,2,0
819.1,0.0,0.0,1.3107,1.3107,2.6214,0.0,2.6214,0.0,0.0,0,0,0,14.431,1.3107,1.3107,0.0,0.0,0.5,437,222,215,0,308,17,0,338943,0,2,0
820.1,0.0,0.0,1.3107,1.3107,2.6214,0.0,2.6214,0.0,0.0,0,0,0,14.5566,1.3107,1.3107,0.0,0.0,0.5,438,223,215,0,308,17,0,339881,0,2,0
821.1,0.0,0.0,1.3107,1.3107,2.6214,0.0,2.6214,0.0,0.0,0,0,0,14.5566,1.3107,1.3107,0.0,0.0,0.5,438,223,215,0,308,17,0,339881,0,2,0
822.1,0.0,0.0,1.3107,1.3107,2.6214,0.0,2.6214,0.0,0.0,0,0,0,14.5566,1.3107,1.3107,0.0,0.0,0.5,438,223,215,0,308,17,0,339881,0,2,0
823.1,0.0,0.0,1.3107,1.3107,2.6214,0.0,2.6214,0.0,0.0,0,0,0,14.5566,1.3107,1.3107,0.0,0.0,0.5,438,223,215,0,308,17,0,339881,0,2,0
824.1,0.0,0.0,1.3107,1.3107,2.6214,0.0,2.6214,0.0,0.0,0,0,0,14.5566,1.3107,1.3107,0.0,0.0,0.5,438,223,215,0,308,17,0,339881,0,2,0
825.1,0.0,0.0,1.3107,1.3107,2.6214,0.0,2.6214,0.0,0.0,0,0,0,14.5566,1.3107,1.3107,0.0,0.0,0.5,438,223,215,0,308,17,0,339881,0,2,0
826.1,0.0,0.0,1.3107,1.3107,2.6214,0.0,2.6214,0.0,0.0,0,0,0,14.5566,1.3107,1.3107,0.0,0.0,0.5,438,223,215,0,308,17,0,339881,0,2,0
827.1,0.0,0.0,1.3107,1.3107,2.6214,0.0,2.6214,0.0,0.0,0,0,0,14.5566,1.3107,1.3107,0.0,0.0,0.5,438,223,215,0,308,17,0,339881,0,2,0
828.1,0.0,0.0,1.3107,1.3107,2.6214,0.0,2.6214,0.0,0.0,0,0,0,14.5566,1.3107,1.3107,0.0,0.0,0.5,438,223,215,0,308,17,0,339881,0,2,0
829.1,0.0,0.0,1.3107,1.3107,2.6214,0.0,2.6214,0.0,0.0,0,0,0,14.5566,1.3107,1.3107,0.0,0.0,0.5,438,223,215,0,308,17,0,339881,0,2,0
830.1,0.0,0.0,1.3107,1.3107,2.6214,0.0,2.6214,0.0,0.0,0,0,0,15.0827,1.3107,1.3107,0.0,0.0,0.5,439,224,215,0,308,17,0,340756,0,2,0
831.1,0.0,0.0,1.3107,1.3107,2.6214,0.0,2.6214,0.0,0.0,0,0,0,15.0132,1.3107,1.3107,0.0,0.0,0.5,440,224,216,0,308,17,0,343322,0,2,0
832.1,0.0,0.0,1.3107,1.3107,2.6214,0.0,2.6214,0.0,0.0,0,0,0,15.0132,1.3107,1.3107,0.0,0.0,0.5,440,224,216,0,308,17,0,343322,0,2,0
833.1,0.0,0.0,1.3107,1.3107,2.6214,0.0,2.6214,0.0,0.0,0,0,0,15.0132,1.3107,1.3107,0.0,0.0,0.5,440,224,216,0,308,17,0,343322,0,2,0
834.1,0.0,0.0,1.3107,1.3107,2.6214,0.0,2.6214,0.0,0.0,0,0,0,15.0132,1.3107,1.3107,0.0,0.0,0.5,440,224,216,0,308,17,0,343322,0,2,0
835.1,0.0,0.0,1.3107,1.3107,2.6214,0.0,2.6214,0.0,0.0,0,0,0,15.0132,1.3107,1.3107,0.0,0.0,0.5,440,224,216,0,308,17,0,343322,0,2,0
836.1,0.0,0.0,1.3107,1.3107,2.6214,0.0,2.6214,0.0,0.0,0,0,0,15.0132,1.3107,1.3107,0.0,0.0,0.5,440,224,216,0,308,17,0,343322,0,2,0
837.1,0.0,0.0,1.3107,1.3107,2.6214,0.0,2.6214,0.0,0.0,0,0,0,15.0132,1.3107,1.3107,0.0,0.0,0.5,440,224,216,0,308,17,0,343322,0,2,0
838.1,0.0,0.0,1.3107,1.3107,2.6214,0.0,2.6214,0.0,0.0,0,0,0,15.0132,1.3107,1.3107,0.0,0.0,0.5,440,224,216,0,308,17,0,343322,0,2,0
839.1,0.0,0.0,1.3107,1.3107,2.6214,0.0,2.6214,0.0,0.0,0,0,0,15.0132,1.3107,1.3107,0.0,0.0,0.5,440,224,216,0,310,17,0,343322,0,2,0
840.1,0.0,0.0,1.3107,1.3107,2.6214,0.0,2.6214,0.0,0.0,0,0,0,15.0132,1.3107,1.3107,0.0,0.0,0.5,440,224,216,0,310,17,0,343322,0,2,0
841.1,0.0,0.0,1.3107,1.3107,2.6214,0.0,2.6214,0.0,0.0,0,0,0,15.0132,1.3107,1.3107,0.0,0.0,0.5,440,224,216,0,310,17,0,343322,0,2,0
842.1,0.0,0.0,1.3107,1.3107,2.6214,0.0,2.6214,0.0,0.0,0,0,0,15.0132,1.3107,1.3107,0.0,0.0,0.5,440,224,216,0,310,17,0,343322,0,2,0
843.1,0.0,0.0,1.3107,1.3107,2.6214,0.0,2.6214,0.0,0.0,0,0,0,15.0132,1.3107,1.3107,0.0,0.0,0.5,440,224,216,0,310,17,0,343322,0,2,0
844.1,0.0,0.0,1.3107,1.3107,2.6214,0.0,2.6214,0.0,0.0,0,0,0,15.0132,1.3107,1.3107,0.0,0.0,0.5,440,224,216,0,310,17,0,343322,0,2,0
845.1,0.0,0.0,1.3107,1.3107,2.6214,0.0,2.6214,0.0,0.0,0,0,0,15.0132,1.3107,1.3107,0.0,0.0,0.5,440,224,216,0,310,17,0,343322,0,2,0
846.1,0.0,0.0,1.3107,1.3107,2.6214,0.0,2.6214,0.0,0.0,0,0,0,15.0132,1.3107,1.3107,0.0,0.0,0.5,440,224,216,0,310,17,0,343322,0,2,0
847.1,0.0,0.0,1.3107,1.3107,2.6214,0.0,2.6214,0.0,0.0,0,0,0,15.0132,1.3107,1.3107,0.0,0.0,0.5,440,224,216,0,310,17,0,343322,0,2,0
848.1,0.0,0.0,1.3107,1.3107,2.6214,0.0,2.6214,0.0,0.0,0,0,0,15.158,1.3107,1.3107,0.0,0.0,0.5,441,225,216,0,310,17,0,344329,0,2,0
849.1,0.0,0.0,1.3107,1.3107,2.6214,0.0,2.6214,0.0,0.0,0,0,0,15.158,1.3107,1.3107,0.0,0.0,0.5,441,225,216,0,310,17,0,344329,0,2,0
850.1,0.0,0.0,1.3107,1.3107,2.6214,0.0,2.6214,0.0,0.0,0,0,0,15.158,1.3107,1.3107,0.0,0.0,0.5,441,225,216,0,310,17,0,344329,0,2,0
851.1,0.0,0.0,1.3107,1.3107,2.6214,0.0,2.6214,0.0,0.0,0,0,0,15.158,1.3107,1.3107,0.0,0.0,0.5,441,225,216,0,310,17,0,344329,0,2,0
852.1,0.0,0.0,1.3107,1.3107,2.6214,0.0,2.6214,0.0,0.0,0,0,0,15.158,1.3107,1.3107,0.0,0.0,0.5,441,225,216,0,310,17,0,344329,0,2,0
853.1,0.0,0.0,1.3107,1.3107,2.6214,0.0,2.6214,0.0,0.0,0,0,0,14.9093,1.3107,1.3107,0.0,0.0,0.5,442,225,217,0,310,17,0,346646,0,2,0
854.1,0.0,0.0,1.3107,1.3107,2.6214,0.0,2.6214,0.0,0.0,0,0,0,14.9093,1.3107,1.3107,0.0,0.0,0.5,442,225,217,0,310,17,0,346646,0,2,0
855.1,0.0,0.0,1.3107,1.3107,2.6214,0.0,2.6214,0.0,0.0,0,0,0,14.9093,1.3107,1.3107,0.0,0.0,0.5,442,225,217,0,310,17,0,346646,0,2,0
856.1,0.0,0.0,1.3107,1.3107,2.6214,0.0,2.6214,0.0,0.0,0,0,0,14.9093,1.3107,1.3107,0.0,0.0,0.5,442,225,217,0,310,17,0,346646,0,2,0
857.1,0.0,0.0,1.3107,1.3107,2.6214,0.0,2.6214,0.0,0.0,0,0,0,14.9093,1.3107,1.3107,0.0,0.0,0.5,442,225,217,0,310,17,0,346646,0,2,0
858.1,0.0,0.0,1.3107,1.3107,2.6214,0.0,2.6214,0.0,0.0,0,0,0,14.5177,1.3107,1.3107,0.0,0.0,0.5,443,225,218,0,310,17,0,349789,0,2,0
859.1,0.0,0.0,1.3107,1.3107,2.6214,0.0,2.6214,0.0,0.0,0,0,0,14.5177,1.3107,1.3107,0.0,0.0,0.5,443,225,218,0,310,17,0,349789,0,2,0
860.1,0.0,0.0,1.3107,1.3107,2.6214,0.0,2.6214,0.0,0.0,0,0,0,14.5177,1.3107,1.3107,0.0,0.0,0.5,443,225,218,0,310,17,0,349789,0,2,0
861.1,0.0,0.0,1.3107,1.3107,2.6214,0.0,2.6214,0.0,0.0,0,0,0,14.5177,1.3107,1.3107,0.0,0.0,0.5,443,225,218,0,310,17,0,349789,0,2,0
862.1,0.0,0.0,1.3107,1.3107,2.6214,0.0,2.6214,0.0,0.0,0,0,0,14.5177,1.3107,1.3107,0.0,0.0,0.5,443,225,218,0,310,17,0,349789,0,2,0
863.1,0.0,0.0,1.3107,1.3107,2.6214,0.0,2.6214,0.0,0.0,0,0,0,14.5177,1.3107,1.3107,0.0,0.0,0.5,443,225,218,0,310,17,0,349789,0,2,0
864.1,0.0,0.0,1.3107,1.3107,2.6214,0.0,2.6214,0.0,0.0,0,0,0,14.5177,1.3107,1.3107,0.0,0.0,0.5,443,225,218,0,310,17,0,349789,0,2,0
865.1,0.0,0.0,1.3107,1.3107,2.6214,0.0,2.6214,0.0,0.0,0,0,0,14.5177,1.3107,1.3107,0.0,0.0,0.5,443,225,218,0,310,17,0,349789,0,2,0
866.1,0.0,0.0,1.3107,1.3107,2.6214,0.0,2.6214,0.0,0.0,0,0,0,14.5177,1.3107,1.3107,0.0,0.0,0.5,443,225,218,0,310,17,0,349789,0,2,0
867.1,0.0,0.0,1.3107,1.3107,2.6214,0.0,2.6214,0.0,0.0,0,0,0,14.5177,1.3107,1.3107,0.0,0.0,0.5,443,225,218,0,310,17,0,349789,0,2,0
868.1,0.0,0.0,1.3107,1.3107,2.6214,0.0,2.6214,0.0,0.0,0,0,0,14.5177,1.3107,1.3107,0.0,0.0,0.5,443,225,218,0,310,17,0,349789,0,2,0
869.1,0.0,0.0,1.3107,1.3107,2.6214,0.0,2.6214,0.0,0.0,0,0,0,13.8725,1.3107,1.3107,0.0,0.0,0.5,444,226,218,0,310,17,0,350413,0,2,0
870.1,0.0,0.0,1.3107,1.3107,2.6214,0.0,2.6214,0.0,0.0,0,0,0,13.8725,1.3107,1.3107,0.0,0.0,0.5,444,226,218,0,310,17,0,350413,0,2,0
871.1,0.0,0.0,1.3107,1.3107,2.6214,0.0,2.6214,0.0,0.0,0,0,0,13.8725,1.3107,1.3107,0.0,0.0,0.5,444,226,218,0,310,17,0,350413,0,2,0
872.1,0.0,0.0,1.3107,1.3107,2.6214,0.0,2.6214,0.0,0.0,0,0,0,13.8725,1.3107,1.3107,0.0,0.0,0.5,444,226,218,0,310,17,0,350413,0,2,0
873.1,0.0,0.0,1.3107,1.3107,2.6214,0.0,2.6214,0.0,0.0,0,0,0,13.8725,1.3107,1.3107,0.0,0.0,0.5,444,226,218,0,310,17,0,350413,0,2,0
874.1,0.0,0.0,1.3107,1.3107,2.6214,0.0,2.6214,0.0,0.0,0,0,0,13.8725,1.3107,1.3107,0.0,0.0,0.5,444,226,218,0,310,17,0,350413,0,2,0
875.1,0.0,0.0,1.3107,1.3107,2.6214,0.0,2.6214,0.0,0.0,0,0,0,13.8725,1.3107,1.3107,0.0,0.0,0.5,444,226,218,0,310,17,0,350413,0,2,0
876.1,0.0,0.0,1.3107,1.3107,2.6214,0.0,2.6214,0.0,0.0,0,0,0,13.8725,1.3107,1.3107,0.0,0.0,0.5,444,226,218,0,310,17,0,350413,0,2,0
877.1,0.0,0.0,1.3107,1.3107,2.6214,0.0,2.6214,0.0,0.0,0,0,0,13.8725,1.3107,1.3107,0.0,0.0,0.5,444,226,218,0,310,17,0,350413,0,2,0
878.1,0.0,0.0,1.3107,1.3107,2.6214,0.0,2.6214,0.0,0.0,0,0,0,13.8725,1.3107,1.3107,0.0,0.0,0.5,444,226,218,0,310,17,0,350413,0,2,0
879.1,0.0,0.0,1.3107,1.3107,2.6214,0.0,2.6214,0.0,0.0,0,0,0,14.0951,1.3107,1.3107,0.0,0.0,0.5,445,227,218,0,310,17,0,352092,0,2,0
880.1,0.0,0.0,1.3107,1.3107,2.6214,0.0,2.6214,0.0,0.0,0,0,0,14.0951,1.3107,1.3107,0.0,0.0,0.5,445,227,218,0,310,17,0,352092,0,2,0
881.1,0.0,0.0,1.3107,1.3107,2.6214,0.0,2.6214,0.0,0.0,0,0,0,14.0951,1.3107,1.3107,0.0,0.0,0.5,445,227,218,0,310,17,0,352092,0,2,0
882.1,0.0,0.0,1.3107,1.3107,2.6214,0.0,2.6214,0.0,0.0,0,0,0,14.0951,1.3107,1.3107,0.0,0.0,0.5,445,227,218,0,310,17,0,352092,0,2,0
883.1,0.0,0.0,1.3107,1.3107,2.6214,0.0,2.6214,0.0,0.0,0,0,0,14.0951,1.3107,1.3107,0.0,0.0,0.5,445,227,218,0,310,17,0,352092,0,2,0
884.1,0.0,0.0,1.3107,1.3107,2.6214,0.0,2.6214,0.0,0.0,0,0,0,14.0951,1.3107,1.3107,0.0,0.0,0.5,445,227,218,0,310,17,0,352092,0,2,0
885.1,0.0,0.0,1.3107,1.3107,2.6214,0.0,2.6214,0.0,0.0,0,0,0,14.1626,1.3107,1.3107,0.0,0.0,0.5,446,228,218,0,310,17,0,352578,0,2,0
886.1,0.0,0.0,1.3107,1.3107,2.6214,0.0,2.6214,0.0,0.0,0,0,0,14.1626,1.3107,1.3107,0.0,0.0,0.5,446,228,218,0,310,17,0,352578,0,2,0
887.1,0.0,0.0,1.3107,1.3107,2.6214,0.0,2.6214,0.0,0.0,0,0,0,14.1626,1.3107,1.3107,0.0,0.0,0.5,446,228,218,0,310,17,0,352578,0,2,0
888.1,0.0,0.0,1.3107,1.3107,2.6214,0.0,2.6214,0.0,0.0,0,0,0,14.1626,1.3107,1.3107,0.0,0.0,0.5,446,228,218,0,310,17,0,352578,0,2,0
889.1,0.0,0.0,1.3107,1.3107,2.6214,0.0,2.6214,0.0,0.0,0,0,0,14.1626,1.3107,1.3107,0.0,0.0,0.5,446,228,218,0,310,17,0,352578,0,2,0
890.1,0.0,0.0,1.3107,1.3107,2.6214,0.0,2.6214,0.0,0.0,0,0,0,14.1626,1.3107,1.3107,0.0,0.0,0.5,446,228,218,0,310,17,0,352578,0,2,0
891.1,0.0,0.0,1.3107,1.3107,2.6214,0.0,2.6214,0.0,0.0,0,0,0,14.1626,1.3107,1.3107,0.0,0.0,0.5,446,228,218,0,310,17,0,352578,0,2,0
892.1,0.0,0.0,1.3107,1.3107,2.6214,0.0,2.6214,0.0,0.0,0,0,0,14.1626,1.3107,1.3107,0.0,0.0,0.5,446,228,218,0,310,17,0,352578,0,2,0
893.1,0.0,0.0,1.3107,1.3107,2.6214,0.0,2.6214,0.0,0.0,0,0,0,14.1626,1.3107,1.3107,0.0,0.0,0.5,446,228,218,0,310,17,0,352578,0,2,0
894.1,0.0,0.0,1.3107,1.3107,2.6214,0.0,2.6214,0.0,0.0,0,0,0,14.1626,1.3107,1.3107,0.0,0.0,0.5,446,228,218,0,310,17,0,352578,0,2,0
895.1,0.0,0.0,1.3107,1.3107,2.6214,0.0,2.6214,0.0,0.0,0,0,0,14.1626,1.3107,1.3107,0.0,0.0,0.5,446,228,218,0,310,17,0,352578,0,2,0
896.1,0.0,0.0,1.3107,1.3107,2.6214,0.0,2.6214,0.0,0.0,0,0,0,14.1626,1.3107,1.3107,0.0,0.0,0.5,446,228,218,0,310,17,0,352578,0,2,0
897.1,0.0,0.0,1.3107,1.3107,2.6214,0.0,2.6214,0.0,0.0,0,0,0,14.1626,1.3107,1.3107,0.0,0.0,0.5,446,228,218,0,310,17,0,352578,0,2,0
898.1,0.0,0.0,1.3107,1.3107,2.6214,0.0,2.6214,0.0,0.0,0,0,0,14.1626,1.3107,1.3107,0.0,0.0,0.5,446,228,218,0,310,17,0,352578,0,2,0
899.1,0.0,0.0,1.3107,1.3107,2.6214,0.0,2.6214,0.0,0.0,0,0,0,14.1626,1.3107,1.3107,0.0,0.0,0.5,446,228,218,0,312,17,0,352578,0,2,0
900.1,0.0,0.0,1.3107,1.3107,2.6214,0.0,2.6214,0.0,0.0,0,0,0,13.4814,1.3107,1.3107,0.0,0.0,0.5,447,228,219,0,312,17,0,353955,0,2,0
901.1,0.0,0.0,1.3107,1.3107,2.6214,0.0,2.6214,0.0,0.0,0,0,0,13.4814,1.3107,1.3107,0.0,0.0,0.5,447,228,219,0,312,17,0,353955,0,2,0
902.1,0.0,0.0,1.3107,1.3107,2.6214,0.0,2.6214,0.0,0.0,0,0,0,13.4814,1.3107,1.3107,0.0,0.0,0.5,447,228,219,0,312,17,0,353955,0,2,0
903.1,0.0,0.0,1.3107,1.3107,2.6214,0.0,2.6214,0.0,0.0,0,0,0,13.4814,1.3107,1.3107,0.0,0.0,0.5,447,228,219,0,312,17,0,353955,0,2,0
904.1,0.0,0.0,1.3107,1.3107,2.6214,0.0,2.6214,0.0,0.0,0,0,0,13.4814,1.3107,1.3107,0.0,0.0,0.5,447,228,219,0,312,17,0,353955,0,2,0
905.1,0.0,0.0,1.3107,1.3107,2.6214,0.0,2.6214,0.0,0.0,0,0,0,13.7227,1.3107,1.3107,0.0,0.0,0.5,448,228,220,0,312,17,0,355778,0,2,0
906.1,0.0,0.0,1.3107,1.3107,2.6214,0.0,2.6214,0.0,0.0,0,0,0,13.7227,1.3107,1.3107,0.0,0.0,0.5,448,228,220,0,312,17,0,355778,0,2,0
907.1,0.0,0.0,1.3107,1.3107,2.6214,0.0,2.6214,0.0,0.0,0,0,0,13.7227,1.3107,1.3107,0.0,0.0,0.5,448,228,220,0,312,17,0,355778,0,2,0
908.1,0.0,0.0,1.3107,1.3107,2.6214,0.0,2.6214,0.0,0.0,0,0,0,13.7227,1.3107,1.3107,0.0,0.0,0.5,448,228,220,0,312,17,0,355778,0,2,0
909.1,0.0,0.0,1.3107,1.3107,2.6214,0.0,2.6214,0.0,0.0,0,0,0,13.7227,1.3107,1.3107,0.0,0.0,0.5,448,228,220,0,312,17,0,355778,0,2,0
910.1,0.0,0.0,1.3107,1.3107,2.6214,0.0,2.6214,0.0,0.0,0,0,0,13.7227,1.3107,1.3107,0.0,0.0,0.5,448,228,220,0,312,17,0,355778,0,2,0
911.1,0.0,0.0,1.3107,1.3107,2.6214,0.0,2.6214,0.0,0.0,0,0,0,13.7227,1.3107,1.3107,0.0,0.0,0.5,448,228,220,0,312,17,0,355778,0,2,0
912.1,0.0,0.0,1.3107,1.3107,2.6214,0.0,2.6214,0.0,0.0,0,0,0,13.7227,1.3107,1.3107,0.0,0.0,0.5,448,228,220,0,312,17,0,355778,0,2,0
913.1,0.0,0.0,1.3107,1.3107,2.6214,0.0,2.6214,0.0,0.0,0,0,0,13.7227,1.3107,1.3107,0.0,0.0,0.5,448,228,220,0,312,17,0,355778,0,2,0
914.1,0.0,0.0,1.3107,1.3107,2.6214,0.0,2.6214,0.0,0.0,0,0,0,13.7227,1.3107,1.3107,0.0,0.0,0.5,448,228,220,0,312,17,0,355778,0,2,0
915.1,0.0,0.0,1.3107,1.3107,2.6214,0.0,2.6214,0.0,0.0,0,0,0,13.7227,1.3107,1.3107,0.0,0.0,0.5,448,228,220,0,312,17,0,355778,0,2,0
916.1,0.0,0.0,1.3107,1.3107,2.6214,0.0,2.6214,0.0,0.0,0,0,0,13.7227,1.3107,1.3107,0.0,0.0,0.5,448,228,220,0,312,17,0,355778,0,2,0
917.1,0.0,0.0,1.3107,1.3107,2.6214,0.0,2.6214,0.0,0.0,0,0,0,13.7227,1.3107,1.3107,0.0,0.0,0.5,448,228,220,0,312,17,0,355778,0,2,0
918.1,0.0,0.0,1.3107,1.3107,2.6214,0.0,2.6214,0.0,0.0,0,0,0,13.7227,1.3107,1.3107,0.0,0.0,0.5,448,228,220,0,312,17,0,355778,0,2,0
919.1,0.0,0.0,1.3107,1.3107,2.6214,0.0,2.6214,0.0,0.0,0,0,0,13.7227,1.3107,1.3107,0.0,0.0,0.5,448,228,220,0,312,17,0,355778,0,2,0
920.1,0.0,0.0,1.3107,1.3107,2.6214,0.0,2.6214,0.0,0.0,0,0,0,13.7227,1.3107,1.3107,0.0,0.0,0.5,448,228,220,0,312,17,0,355778,0,2,0
921.1,0.0,0.0,1.3107,1.3107,2.6214,0.0,2.6214,0.0,0.0,0,0,0,13.7227,1.3107,1.3107,0.0,0.0,0.5,448,228,220,0,312,17,0,355778,0,2,0
922.1,0.0,0.0,1.3107,1.3107,2.6214,0.0,2.6214,0.0,0.0,0,0,0,13.7227,1.3107,1.3107,0.0,0.0,0.5,448,228,220,0,312,17,0,355778,0,2,0
923.1,0.0,0.0,1.3107,1.3107,2.6214,0.0,2.6214,0.0,0.0,0,0,0,13.7227,1.3107,1.3107,0.0,0.0,0.5,448,228,220,0,312,17,0,355778,0,2,0
924.1,0.0,0.0,1.3107,1.3107,2.6214,0.0,2.6214,0.0,0.0,0,0,0,12.9645,1.3107,1.3107,0.0,0.0,0.5,449,229,220,0,312,17,0,357328,0,2,0
925.1,0.0,0.0,1.3107,1.3107,2.6214,0.0,2.6214,0.0,0.0,0,0,0,12.9645,1.3107,1.3107,0.0,0.0,0.5,449,229,220,0,312,17,0,357328,0,2,0
926.1,0.0,0.0,1.3107,1.3107,2.6214,0.0,2.6214,0.0,0.0,0,0,0,12.9645,1.3107,1.3107,0.0,0.0,0.5,449,229,220,0,312,17,0,357328,0,2,0
927.1,0.0,0.0,1.3107,1.3107,2.6214,0.0,2.6214,0.0,0.0,0,0,0,12.9645,1.3107,1.3107,0.0,0.0,0.5,449,229,220,0,312,17,0,357328,0,2,0
928.1,0.0,0.0,1.3107,1.3107,2.6214,0.0,2.6214,0.0,0.0,0,0,0,12.9645,1.3107,1.3107,0.0,0.0,0.5,449,229,220,0,312,17,0,357328,0,2,0
929.1,0.0,0.0,1.3107,1.3107,2.6214,0.0,2.6214,0.0,0.0,0,0,0,12.9645,1.3107,1.3107,0.0,0.0,0.5,449,229,220,0,312,17,0,357328,0,2,0
930.1,0.0,0.0,1.3107,1.3107,2.6214,0.0,2.6214,0.0,0.0,0,0,0,12.9645,1.3107,1.3107,0.0,0.0,0.5,449,229,220,0,312,17,0,357328,0,2,0
931.1,0.0,0.0,1.3107,1.3107,2.6214,0.0,2.6214,0.0,0.0,0,0,0,12.9645,1.3107,1.3107,0.0,0.0,0.5,449,229,220,0,312,17,0,357328,0,2,0
932.1,0.0,0.0,1.3107,1.3107,2.6214,0.0,2.6214,0.0,0.0,0,0,0,12.9645,1.3107,1.3107,0.0,0.0,0.5,449,229,220,0,312,17,0,357328,0,2,0
933.1,0.0,0.0,1.3107,1.3107,2.6214,0.0,2.6214,0.0,0.0,0,0,0,12.9645,1.3107,1.3107,0.0,0.0,0.5,449,229,220,0,312,17,0,357328,0,2,0
934.1,0.0,0.0,1.3107,1.3107,2.6214,0.0,2.6214,0.0,0.0,0,0,0,12.9645,1.3107,1.3107,0.0,0.0,0.5,449,229,220,0,312,17,0,357328,0,2,0
935.1,0.0,0.0,1.3107,1.3107,2.6214,0.0,2.6214,0.0,0.0,0,0,0,12.9645,1.3107,1.3107,0.0,0.0,0.5,449,229,220,0,312,17,0,357328,0,2,0
936.1,0.0,0.0,1.3107,1.3107,2.6214,0.0,2.6214,0.0,0.0,0,0,0,12.9645,1.3107,1.3107,0.0,0.0,0.5,449,229,220,0,312,17,0,357328,0,2,0
937.1,0.0,0.0,1.3107,1.3107,2.6214,0.0,2.6214,0.0,0.0,0,0,0,12.9645,1.3107,1.3107,0.0,0.0,0.5,449,229,220,0,312,17,0,357328,0,2,0
938.1,0.0,0.0,1.3107,1.3107,2.6214,0.0,2.6214,0.0,0.0,0,0,0,12.9645,1.3107,1.3107,0.0,0.0,0.5,449,229,220,0,312,17,0,357328,0,2,0
939.1,0.0,0.0,1.3107,1.3107,2.6214,0.0,2.6214,0.0,0.0,0,0,0,12.9645,1.3107,1.3107,0.0,0.0,0.5,449,229,220,0,312,17,0,357328,0,2,0
940.1,0.0,0.0,1.3107,1.3107,2.6214,0.0,2.6214,0.0,0.0,0,0,0,12.9645,1.3107,1.3107,0.0,0.0,0.5,449,229,220,0,312,17,0,357328,0,2,0
941.1,0.0,0.0,1.3107,1.3107,2.6214,0.0,2.6214,0.0,0.0,0,0,0,12.9645,1.3107,1.3107,0.0,0.0,0.5,449,229,220,0,312,17,0,357328,0,2,0
