t_s,P0_use,P0_used_tok,P0_running,P0_cap_tok,P0_pressure,P0_hit,P1_use,P1_used_tok,P1_running,P1_cap_tok,P1_pressure,P1_hit,D0_use,D0_used_tok,D0_running,D0_cap_tok,D0_pressure,D0_hit,D1_use,D1_used_tok,D1_running,D1_cap_tok,D1_pressure,D1_hit
# roles: P0:P P1:P D0:D D1:D
# metric: P0:cache_occupancy P1:cache_occupancy D0:unreachable D1:unreachable
0.00,0.0001,0,0,60000,0.0000,0.0000,0.0001,0,0,60000,0.0000,0.0000,,,,,,,,,,,,
0.50,0.0689,4121,0,60000,0.0687,0.0000,0.0683,4096,0,60000,0.0683,0.0000,,,,,,,,,,,,
1.00,0.1372,8217,0,60000,0.1369,0.0099,0.0683,4096,0,60000,0.0683,0.0000,,,,,,,,,,,,
1.50,0.1372,8217,0,60000,0.1369,0.0099,0.1366,8192,0,60000,0.1365,0.0099,,,,,,,,,,,,
2.00,0.1372,8217,0,60000,0.1369,0.0099,0.1366,8192,0,60000,0.1365,0.0099,,,,,,,,,,,,
2.50,0.2737,16409,0,60000,0.2735,0.0099,0.2732,16384,0,60000,0.2731,0.0099,,,,,,,,,,,,
3.00,0.3420,12052,0,60000,0.2009,0.0000,0.2732,16384,0,60000,0.2731,0.0099,,,,,,,,,,,,
3.50,0.4103,16148,0,60000,0.2691,0.0099,0.2732,16384,0,60000,0.2731,0.0099,,,,,,,,,,,,
# metric: P0:cache_occupancy P1:cache_occupancy D0:unreachable D1:cache_occupancy
4.00,0.4785,11781,0,60000,0.1963,0.0000,0.2732,16384,0,60000,0.2731,0.0099,,,,,,,0.5503,84915,1,154304,0.5503,0.0000
4.50,0.4785,11781,0,60000,0.1963,0.0000,0.2732,16384,0,60000,0.2731,0.0099,,,,,,,0.5503,84915,1,154304,0.5503,0.0000
5.00,0.5468,15877,0,60000,0.2646,0.0099,0.2732,16384,0,60000,0.2731,0.0099,,,,,,,0.5503,84915,1,154304,0.5503,0.0000
5.50,0.6151,11534,0,60000,0.1922,0.0000,0.2732,16384,0,60000,0.2731,0.0099,,,,,,,0.5503,84915,1,154304,0.5503,0.0000
6.00,0.6834,15630,0,60000,0.2605,0.0099,0.2732,16384,0,60000,0.2731,0.0099,,,,,,,0.5503,84915,1,154304,0.5503,0.0000
6.50,0.7516,11283,0,60000,0.1880,0.0000,0.2732,16384,0,60000,0.2731,0.0099,,,,,,,0.5503,84915,1,154304,0.5503,0.0000
7.00,0.8199,15379,0,60000,0.2563,0.0099,0.2732,16384,0,60000,0.2731,0.0099,,,,,,,0.5503,84915,1,154304,0.5503,0.0000
7.50,0.8199,15379,0,60000,0.2563,0.0099,0.2732,16384,0,60000,0.2731,0.0099,,,,,,,0.5503,84915,1,154304,0.5503,0.0000
# metric: P0:cache_occupancy P1:cache_occupancy D0:cache_occupancy D1:cache_occupancy
8.00,0.8881,11011,0,60000,0.1835,0.0000,0.4828,12016,0,60000,0.2003,0.0000,0.2205,34027,1,154304,0.2205,0.0000,0.5503,84915,1,154304,0.5503,0.0000
8.50,0.9564,15107,0,60000,0.2518,0.0099,0.4828,12016,0,60000,0.2003,0.0000,0.2205,34027,1,154304,0.2205,0.0000,0.5503,84915,1,154304,0.5503,0.0000
9.00,0.9515,19203,0,60000,0.3201,0.0000,0.4828,12016,0,60000,0.2003,0.0000,0.2205,34027,1,154304,0.2205,0.0000,0.5503,84915,1,154304,0.5503,0.0000
9.50,0.9427,14850,0,60000,0.2475,0.0099,0.4828,12016,0,60000,0.2003,0.0000,0.2205,34027,1,154304,0.2205,0.0000,0.5510,85020,1,154304,0.5510,0.0000
10.00,0.9427,14850,0,60000,0.2475,0.0099,0.4828,12016,0,60000,0.2003,0.0000,0.2205,34027,1,154304,0.2205,0.0000,0.5510,85020,1,154304,0.5510,0.0000
10.50,0.9427,10469,0,60000,0.1745,0.0000,0.4828,12016,0,60000,0.2003,0.0000,0.2205,34027,1,154304,0.2205,0.0000,0.5510,85020,1,154304,0.5510,0.0000
11.00,0.9340,14565,0,60000,0.2427,0.0101,0.4828,12016,0,60000,0.2003,0.0000,0.2205,34027,1,154304,0.2205,0.0000,0.5510,85020,1,154304,0.5510,0.0000
11.50,0.9340,10206,0,60000,0.1701,0.0000,0.4828,12016,0,60000,0.2003,0.0000,0.2205,34027,1,154304,0.2205,0.0000,0.4960,76538,1,154304,0.4960,0.0000
12.00,0.9257,14302,0,60000,0.2384,0.0099,0.4828,12016,0,60000,0.2003,0.0000,0.2205,34027,1,154304,0.2205,0.0000,0.4960,76538,1,154304,0.4960,0.0000
12.50,0.9940,9937,0,60000,0.1656,0.0000,0.4828,12016,0,60000,0.2003,0.0000,0.2205,34027,1,154304,0.2205,0.0000,0.4960,76538,1,154304,0.4960,0.0000
13.00,0.9940,9937,0,60000,0.1656,0.0000,0.4828,12016,0,60000,0.2003,0.0000,0.2205,34027,1,154304,0.2205,0.0000,0.4960,76538,1,154304,0.4960,0.0000
13.50,0.9940,14033,0,60000,0.2339,0.0099,0.9744,16112,0,60000,0.2685,0.0099,0.2205,34027,1,154304,0.2205,0.0000,0.4960,76538,1,154304,0.4960,0.0000
14.00,0.9853,9686,0,60000,0.1614,0.0000,0.9744,16112,0,60000,0.2685,0.0099,0.2209,34093,1,154304,0.2209,0.0000,0.4960,76538,1,154304,0.4960,0.0000
14.50,0.9853,13782,0,60000,0.2297,0.0099,0.9744,16112,0,60000,0.2685,0.0099,0.2209,34093,1,154304,0.2209,0.0000,0.4960,76538,1,154304,0.4960,0.0000
15.00,0.9765,9443,0,60000,0.1574,0.0000,0.9744,16112,0,60000,0.2685,0.0099,0.2209,34093,1,154304,0.2209,0.0000,0.4960,76538,1,154304,0.4960,0.0000
15.50,0.9765,21994,0,60000,0.3666,0.7076,0.9744,16112,0,60000,0.2685,0.0099,0.2209,34093,1,154304,0.2209,0.0000,0.4960,76538,1,154304,0.4960,0.0000
16.00,0.9765,21994,0,60000,0.3666,0.7076,0.9744,16112,0,60000,0.2685,0.0099,0.2209,34093,1,154304,0.2209,0.0000,0.4960,76538,1,154304,0.4960,0.0000
16.50,0.9765,21994,0,60000,0.3666,0.7076,0.9744,16112,0,60000,0.2685,0.0099,0.2209,34093,1,154304,0.2209,0.0000,0.4960,76538,1,154304,0.4960,0.0000
17.00,0.9577,21103,0,60000,0.3517,0.0000,0.9744,16112,0,60000,0.2685,0.0099,0.2209,34093,1,154304,0.2209,0.0000,0.4960,76538,1,154304,0.4960,0.0000
17.50,0.9440,25199,0,60000,0.4200,0.0000,0.9744,16112,0,60000,0.2685,0.0099,0.2209,34093,1,154304,0.2209,0.0000,0.4960,76538,1,154304,0.4960,0.0000
18.00,0.9440,25199,0,60000,0.4200,0.0000,0.9744,16112,0,60000,0.2685,0.0099,0.2212,34136,1,154304,0.2212,0.0000,0.4960,76538,1,154304,0.4960,0.0000
18.50,0.9440,25199,0,60000,0.4200,0.0000,0.7606,11747,0,60000,0.1958,0.0000,0.2212,34136,1,154304,0.2212,0.0000,0.4960,76538,1,154304,0.4960,0.0000
19.00,0.9440,25199,0,60000,0.4200,0.0000,0.7606,11747,0,60000,0.1958,0.0000,0.2212,34136,1,154304,0.2212,0.0000,0.4960,76538,1,154304,0.4960,0.0000
19.50,0.9440,25199,0,60000,0.4200,0.0000,0.7606,11747,0,60000,0.1958,0.0000,0.2212,34136,1,154304,0.2212,0.0000,0.4960,76538,1,154304,0.4960,0.0000
20.00,0.9440,25199,0,60000,0.4200,0.0000,0.7606,11747,0,60000,0.1958,0.0000,0.2212,34136,1,154304,0.2212,0.0000,0.4414,68110,1,154304,0.4414,0.0000
20.50,0.9440,25199,0,60000,0.4200,0.0000,0.7606,11747,0,60000,0.1958,0.0000,0.2212,34136,1,154304,0.2212,0.0000,0.4414,68110,1,154304,0.4414,0.0000
21.00,0.9491,8530,0,60000,0.1422,0.9958,0.7606,11747,0,60000,0.1958,0.0000,0.2212,34136,1,154304,0.2212,0.0000,0.4414,68110,1,154304,0.4414,0.0000
21.50,0.9491,8530,0,60000,0.1422,0.9958,0.7606,11747,0,60000,0.1958,0.0000,0.2212,34136,1,154304,0.2212,0.0000,0.4414,68110,1,154304,0.4414,0.0000
22.00,0.9497,17061,0,60000,0.2843,0.9958,0.7606,11747,0,60000,0.1958,0.0000,0.2212,34136,1,154304,0.2212,0.0000,0.4414,68110,1,154304,0.4414,0.0000
22.50,0.9497,17061,0,60000,0.2843,0.9958,0.7606,11747,0,60000,0.1958,0.0000,0.2212,34136,1,154304,0.2212,0.0000,0.4414,68110,1,154304,0.4414,0.0000
23.00,0.9497,17061,0,60000,0.2843,0.9958,0.7606,11747,0,60000,0.1958,0.0000,0.2212,34136,1,154304,0.2212,0.0000,0.4975,76760,1,154304,0.4975,0.0000
23.50,0.9497,17061,0,60000,0.2843,0.9958,0.7606,11747,0,60000,0.1958,0.0000,0.2212,34136,1,154304,0.2212,0.0000,0.4975,76760,1,154304,0.4975,0.0000
24.00,0.9497,17061,0,60000,0.2843,0.9958,0.7606,11747,0,60000,0.1958,0.0000,0.2212,34136,1,154304,0.2212,0.0000,0.4975,76760,1,154304,0.4975,0.0000
24.50,0.9497,17061,0,60000,0.2843,0.9958,0.8297,15843,0,60000,0.2641,0.0099,0.2212,34136,1,154304,0.2212,0.0000,0.4975,76760,1,154304,0.4975,0.0000
25.00,0.9497,17061,0,60000,0.2843,0.9958,0.8297,15843,0,60000,0.2641,0.0099,0.2212,34136,1,154304,0.2212,0.0000,0.4975,76760,1,154304,0.4975,0.0000
25.50,0.9503,8566,0,60000,0.1428,0.9959,0.8297,15843,0,60000,0.2641,0.0099,0.2212,34136,1,154304,0.2212,0.0000,0.4975,76760,1,154304,0.4975,0.0000
26.00,0.9509,8572,0,60000,0.1429,0.9959,0.8297,15843,0,60000,0.2641,0.0099,0.2212,34136,1,154304,0.2212,0.0000,0.4975,76760,1,154304,0.4975,0.0000
26.50,0.9515,12703,0,60000,0.2117,0.0000,0.8297,15843,0,60000,0.2641,0.0099,0.2212,34136,1,154304,0.2212,0.0000,0.4975,76760,1,154304,0.4975,0.0000
27.00,0.9428,8233,0,60000,0.1372,0.0000,0.8297,15843,0,60000,0.2641,0.0099,0.2212,34136,1,154304,0.2212,0.0000,0.4975,76760,1,154304,0.4975,0.0000
27.50,0.9428,8233,0,60000,0.1372,0.0000,0.8297,15843,0,60000,0.2641,0.0099,0.2212,34136,1,154304,0.2212,0.0000,0.4975,76760,1,154304,0.4975,0.0000
28.00,0.9428,8233,0,60000,0.1372,0.0000,0.8297,15843,0,60000,0.2641,0.0099,0.3318,51191,1,154304,0.3318,0.0000,0.4975,76760,1,154304,0.4975,0.0000
28.50,0.9428,8233,0,60000,0.1372,0.0000,0.8297,15843,0,60000,0.2641,0.0099,0.3318,51191,1,154304,0.3318,0.0000,0.4975,76760,1,154304,0.4975,0.0000
29.00,0.9428,8233,0,60000,0.1372,0.0000,0.8297,15843,0,60000,0.2641,0.0099,0.3318,51191,1,154304,0.3318,0.0000,0.4975,76760,1,154304,0.4975,0.0000
29.50,0.9428,8233,0,60000,0.1372,0.0000,0.8297,15843,0,60000,0.2641,0.0099,0.3318,51191,1,154304,0.3318,0.0000,0.4975,76760,1,154304,0.4975,0.0000
30.00,0.9428,8233,0,60000,0.1372,0.0000,0.8297,15843,0,60000,0.2641,0.0099,0.3318,51191,1,154304,0.3318,0.0000,0.4975,76760,1,154304,0.4975,0.0000
30.50,0.9428,8233,0,60000,0.1372,0.0000,0.6160,11496,0,60000,0.1916,0.0000,0.3318,51191,1,154304,0.3318,0.0000,0.4975,76760,1,154304,0.4975,0.0000
31.00,0.9428,8233,0,60000,0.1372,0.0000,0.6160,11496,0,60000,0.1916,0.0000,0.3318,51191,1,154304,0.3318,0.0000,0.4975,76760,1,154304,0.4975,0.0000
31.50,0.9428,8233,0,60000,0.1372,0.0000,0.6160,11496,0,60000,0.1916,0.0000,0.3318,51191,1,154304,0.3318,0.0000,0.4975,76760,1,154304,0.4975,0.0000
32.00,0.9428,8233,0,60000,0.1372,0.0000,0.6160,11496,0,60000,0.1916,0.0000,0.3318,51191,1,154304,0.3318,0.0000,0.4975,76760,1,154304,0.4975,0.0000
32.50,0.9428,8233,0,60000,0.1372,0.0000,0.6160,11496,0,60000,0.1916,0.0000,0.3318,51191,1,154304,0.3318,0.0000,0.4975,76760,1,154304,0.4975,0.0000
33.00,0.9428,8233,0,60000,0.1372,0.0000,0.6160,11496,0,60000,0.1916,0.0000,0.3318,51191,1,154304,0.3318,0.0000,0.4975,76760,1,154304,0.4975,0.0000
33.50,0.9428,8233,0,60000,0.1372,0.0000,0.6160,11496,0,60000,0.1916,0.0000,0.3318,51191,1,154304,0.3318,0.0000,0.4975,76760,1,154304,0.4975,0.0000
34.00,0.9428,8233,0,60000,0.1372,0.0000,0.6160,11496,0,60000,0.1916,0.0000,0.3318,51191,1,154304,0.3318,0.0000,0.4975,76760,1,154304,0.4975,0.0000
34.51,0.9428,8233,0,60000,0.1372,0.0000,0.6160,11496,0,60000,0.1916,0.0000,0.3318,51191,1,154304,0.3318,0.0000,0.4975,76760,1,154304,0.4975,0.0000
35.01,0.9428,8233,0,60000,0.1372,0.0000,0.6160,11496,0,60000,0.1916,0.0000,0.3318,51191,1,154304,0.3318,0.0000,0.4975,76760,1,154304,0.4975,0.0000
35.51,0.9428,8233,0,60000,0.1372,0.0000,0.6160,11496,0,60000,0.1916,0.0000,0.3318,51191,1,154304,0.3318,0.0000,0.4975,76760,1,154304,0.4975,0.0000
36.01,0.9428,8233,0,60000,0.1372,0.0000,0.6160,11496,0,60000,0.1916,0.0000,0.3318,51191,1,154304,0.3318,0.0000,0.4975,76760,1,154304,0.4975,0.0000
36.51,0.9428,8233,0,60000,0.1372,0.0000,0.8937,11252,0,60000,0.1875,0.0000,0.3318,51191,1,154304,0.3318,0.0000,0.4975,76760,1,154304,0.4975,0.0000
37.01,0.9428,8233,0,60000,0.1372,0.0000,0.9620,15348,0,60000,0.2558,0.0099,0.3318,51191,1,154304,0.3318,0.0000,0.5524,85240,1,154304,0.5524,0.0000
37.51,0.9428,8233,0,60000,0.1372,0.0000,0.9620,15348,0,60000,0.2558,0.0099,0.3318,51191,1,154304,0.3318,0.0000,0.5524,85240,1,154304,0.5524,0.0000
38.01,0.9428,8233,0,60000,0.1372,0.0000,0.9620,15348,0,60000,0.2558,0.0099,0.3318,51191,1,154304,0.3318,0.0000,0.5524,85240,1,154304,0.5524,0.0000
38.51,0.9428,8233,0,60000,0.1372,0.0000,0.9620,15348,0,60000,0.2558,0.0099,0.3318,51191,1,154304,0.3318,0.0000,0.5524,85240,1,154304,0.5524,0.0000
39.01,0.9428,8233,0,60000,0.1372,0.0000,0.9567,15090,0,60000,0.2515,0.0099,0.3318,51191,1,154304,0.3318,0.0000,0.5524,85240,1,154304,0.5524,0.0000
39.51,0.9428,8233,0,60000,0.1372,0.0000,0.6015,10699,0,60000,0.1783,0.0000,0.3318,51191,1,154304,0.3318,0.0000,0.5524,85240,1,154304,0.5524,0.0000
40.01,0.9428,8233,0,60000,0.1372,0.0000,0.6015,10699,0,60000,0.1783,0.0000,0.3318,51191,1,154304,0.3318,0.0000,0.5524,85240,1,154304,0.5524,0.0000
40.51,0.9472,4139,0,60000,0.0690,0.0000,0.6015,10699,0,60000,0.1783,0.0000,0.3318,51191,1,154304,0.3318,0.0000,0.5524,85240,1,154304,0.5524,0.0000
41.01,0.9390,8235,0,60000,0.1373,0.0000,0.7380,10393,0,60000,0.1732,0.0000,0.3318,51191,1,154304,0.3318,0.0000,0.5524,85240,1,154304,0.5524,0.0000
41.51,0.9390,8235,0,60000,0.1373,0.0000,0.7380,10393,0,60000,0.1732,0.0000,0.3318,51191,1,154304,0.3318,0.0000,0.5526,85265,1,154304,0.5526,0.0000
42.01,0.9390,8235,0,60000,0.1373,0.0000,0.8063,14489,0,60000,0.2415,0.0099,0.3318,51191,1,154304,0.3318,0.0000,0.5526,85265,1,154304,0.5526,0.0000
42.51,0.9390,8235,0,60000,0.1373,0.0000,0.8745,18585,0,60000,0.3098,0.0000,0.3318,51191,1,154304,0.3318,0.0000,0.5526,85265,1,154304,0.5526,0.0000
43.01,0.9438,4137,0,60000,0.0689,0.0000,0.8745,18585,0,60000,0.3098,0.0000,0.3318,51191,1,154304,0.3318,0.0000,0.5526,85265,1,154304,0.5526,0.0000
43.51,0.9347,8233,0,60000,0.1372,0.0000,0.8745,18585,0,60000,0.3098,0.0000,0.3318,51191,1,154304,0.3318,0.0000,0.5526,85265,1,154304,0.5526,0.0000
44.01,0.9347,8233,0,60000,0.1372,0.0000,0.8745,18585,0,60000,0.3098,0.0000,0.3318,51191,1,154304,0.3318,0.0000,0.5526,85265,1,154304,0.5526,0.0000
44.51,0.9402,4137,0,60000,0.0689,0.0000,0.8745,18585,0,60000,0.3098,0.0000,0.3318,51191,1,154304,0.3318,0.0000,0.5526,85265,1,154304,0.5526,0.0000
45.01,0.9402,4137,0,60000,0.0689,0.0000,0.9205,9806,0,60000,0.1634,0.0000,0.2769,42720,1,154304,0.2769,0.0000,0.5526,85265,1,154304,0.5526,0.0000
45.51,0.9402,4137,0,60000,0.0689,0.0000,0.9888,13902,0,60000,0.2317,0.0099,0.2769,42720,1,154304,0.2769,0.0000,0.5526,85265,1,154304,0.5526,0.0000
46.01,0.9402,4137,0,60000,0.0689,0.0000,0.9888,13902,0,60000,0.2317,0.0099,0.2769,42720,1,154304,0.2769,0.0000,0.5526,85265,1,154304,0.5526,0.0000
46.51,0.9402,4137,0,60000,0.0689,0.0000,0.9205,9515,0,60000,0.1586,0.0000,0.2769,42720,1,154304,0.2769,0.0000,0.5526,85265,1,154304,0.5526,0.0000
47.01,0.9402,4137,0,60000,0.0689,0.0000,0.9888,13611,0,60000,0.2268,0.0101,0.2769,42720,1,154304,0.2769,0.0000,0.5526,85265,1,154304,0.5526,0.0000
47.51,0.9402,4137,0,60000,0.0689,0.0000,0.9704,9196,0,60000,0.1533,0.0000,0.2769,42720,1,154304,0.2769,0.0000,0.4977,76792,1,154304,0.4977,0.0000
48.01,0.9402,4137,0,60000,0.0689,0.0000,0.9704,13292,0,60000,0.2215,0.0099,0.2769,42720,1,154304,0.2769,0.0000,0.4977,76792,1,154304,0.4977,0.0000
48.51,0.9402,4137,0,60000,0.0689,0.0000,0.9606,8893,0,60000,0.1482,0.0000,0.2769,42720,1,154304,0.2769,0.0000,0.4977,76792,1,154304,0.4977,0.0000
49.01,0.9402,4137,0,60000,0.0689,0.0000,0.9606,12989,0,60000,0.2165,0.0099,0.2769,42720,1,154304,0.2769,0.0000,0.4977,76792,1,154304,0.4977,0.0000
49.51,0.9402,4137,0,60000,0.0689,0.0000,0.9606,12989,0,60000,0.2165,0.0099,0.2769,42720,1,154304,0.2769,0.0000,0.4977,76792,1,154304,0.4977,0.0000
50.01,0.7419,8233,0,60000,0.1372,0.0099,0.7987,8608,0,60000,0.1435,0.0000,0.2769,42720,1,154304,0.2769,0.0000,0.4977,76792,1,154304,0.4977,0.0000
50.51,0.7419,8233,0,60000,0.1372,0.0099,0.8669,12704,0,60000,0.2117,0.0000,0.2769,42720,1,154304,0.2769,0.0000,0.4977,76792,1,154304,0.4977,0.0000
51.01,0.7419,8233,0,60000,0.1372,0.0099,0.8035,8331,0,60000,0.1389,0.0099,0.3331,51401,1,154304,0.3331,0.0000,0.4977,76792,1,154304,0.4977,0.0000
51.51,0.7419,8233,0,60000,0.1372,0.0099,0.8717,12427,0,60000,0.2071,0.0000,0.3331,51401,1,154304,0.3331,0.0000,0.4977,76792,1,154304,0.4977,0.0000
52.01,0.7419,8233,0,60000,0.1372,0.0099,0.8717,12427,0,60000,0.2071,0.0000,0.3331,51401,1,154304,0.3331,0.0000,0.4977,76792,1,154304,0.4977,0.0000
52.51,0.7419,8233,0,60000,0.1372,0.0099,0.9197,16523,0,60000,0.2754,0.0099,0.3331,51401,1,154304,0.3331,0.0000,0.4977,76792,1,154304,0.4977,0.0000
53.01,0.7419,8233,0,60000,0.1372,0.0099,0.9879,12086,0,60000,0.2014,0.0000,0.3331,51401,1,154304,0.3331,0.0000,0.4977,76792,1,154304,0.4977,0.0000
53.51,0.7419,8233,0,60000,0.1372,0.0099,0.9879,16182,0,60000,0.2697,0.0099,0.3331,51401,1,154304,0.3331,0.0000,0.4977,76792,1,154304,0.4977,0.0000
54.01,0.7419,8233,0,60000,0.1372,0.0099,0.9304,11765,0,60000,0.1961,0.0000,0.3331,51401,1,154304,0.3331,0.0000,0.4428,68320,1,154304,0.4428,0.0000
54.51,0.7419,8233,0,60000,0.1372,0.0099,0.9304,11765,0,60000,0.1961,0.0000,0.3331,51401,1,154304,0.3331,0.0000,0.4428,68320,1,154304,0.4428,0.0000
55.01,0.9503,12329,0,60000,0.2055,0.0000,0.9986,15861,0,60000,0.2643,0.0099,0.3331,51401,1,154304,0.3331,0.0000,0.4428,68320,1,154304,0.4428,0.0000
55.51,0.9503,12329,0,60000,0.2055,0.0000,0.9740,11512,0,60000,0.1919,0.0000,0.3331,51401,1,154304,0.3331,0.0000,0.4428,68320,1,154304,0.4428,0.0000
56.01,0.9503,12329,0,60000,0.2055,0.0000,0.9740,15608,0,60000,0.2601,0.0099,0.3331,51401,1,154304,0.3331,0.0000,0.4428,68320,1,154304,0.4428,0.0000
56.51,0.9503,12329,0,60000,0.2055,0.0000,0.9740,15608,0,60000,0.2601,0.0099,0.2222,34288,1,154304,0.2222,0.0000,0.4428,68320,1,154304,0.4428,0.0000
57.01,0.9503,12329,0,60000,0.2055,0.0000,0.9159,11227,0,60000,0.1871,0.0000,0.2222,34288,1,154304,0.2222,0.0000,0.4428,68320,1,154304,0.4428,0.0000
57.51,0.9097,50487,0,60000,0.8415,0.9788,0.9842,15323,0,60000,0.2554,0.0099,0.2222,34288,1,154304,0.2222,0.0000,0.4438,68480,1,154304,0.4438,0.0000
58.01,0.9097,50487,0,60000,0.8415,0.9788,0.8898,10927,0,60000,0.1821,0.0000,0.2222,34288,1,154304,0.2222,0.0000,0.4438,68480,1,154304,0.4438,0.0000
58.51,0.9212,51173,0,60000,0.8529,0.0000,0.9581,15023,0,60000,0.2504,0.0099,0.2222,34288,1,154304,0.2222,0.0000,0.4438,68480,1,154304,0.4438,0.0000
59.01,0.9212,51173,0,60000,0.8529,0.0000,0.9540,10649,0,60000,0.1775,0.0000,0.2222,34288,1,154304,0.2222,0.0000,0.4438,68480,1,154304,0.4438,0.0000
59.51,0.9212,51173,0,60000,0.8529,0.0000,0.9540,14745,0,60000,0.2457,0.0099,0.2222,34288,1,154304,0.2222,0.0000,0.4438,68480,1,154304,0.4438,0.0000
60.01,0.9212,51173,0,60000,0.8529,0.0000,0.9540,14745,0,60000,0.2457,0.0099,0.2222,34288,1,154304,0.2222,0.0000,0.4438,68480,1,154304,0.4438,0.0000
60.51,0.9212,51173,0,60000,0.8529,0.0000,0.9387,10321,0,60000,0.1720,0.0000,0.2222,34288,1,154304,0.2222,0.0000,0.3886,59959,1,154304,0.3886,0.0000
61.01,0.9212,51173,0,60000,0.8529,0.0000,0.8717,14417,0,60000,0.2403,0.0099,0.2222,34288,1,154304,0.2222,0.0000,0.3886,59959,1,154304,0.3886,0.0000
61.51,0.9212,51173,0,60000,0.8529,0.0000,0.9399,9979,0,60000,0.1663,0.0000,0.2222,34288,1,154304,0.2222,0.0000,0.3886,59959,1,154304,0.3886,0.0000
62.01,0.9212,51173,0,60000,0.8529,0.0000,0.9399,9979,0,60000,0.1663,0.0000,0.2222,34288,1,154304,0.2222,0.0000,0.3886,59959,1,154304,0.3886,0.0000
62.51,0.9212,51173,0,60000,0.8529,0.0000,0.9159,14075,0,60000,0.2346,0.0099,0.2222,34288,1,154304,0.2222,0.0000,0.3886,59959,1,154304,0.3886,0.0000
63.01,0.9212,51173,0,60000,0.8529,0.0000,0.9842,18171,0,60000,0.3029,0.0000,0.2222,34288,1,154304,0.2222,0.0000,0.3886,59959,1,154304,0.3886,0.0000
63.51,0.9212,51173,0,60000,0.8529,0.0000,0.9842,13748,0,60000,0.2291,0.0099,0.2222,34288,1,154304,0.2222,0.0000,0.3886,59959,1,154304,0.3886,0.0000
64.01,0.8533,42664,0,60000,0.7111,0.0099,0.9741,9297,0,60000,0.1550,0.0000,0.2781,42914,1,154304,0.2781,0.0000,0.3886,59959,1,154304,0.3886,0.0000
64.51,0.8533,42664,0,60000,0.7111,0.0099,0.9741,30430,0,60000,0.5072,0.8182,0.2781,42914,1,154304,0.2781,0.0000,0.3886,59959,1,154304,0.3886,0.0000
65.01,0.8533,42664,0,60000,0.7111,0.0099,0.9741,30430,0,60000,0.5072,0.8182,0.2781,42914,1,154304,0.2781,0.0000,0.3886,59959,1,154304,0.3886,0.0000
65.51,0.8533,42664,0,60000,0.7111,0.0099,0.8038,34181,0,60000,0.5697,0.9895,0.2781,42914,1,154304,0.2781,0.0000,0.3887,59971,1,154304,0.3887,0.0000
66.01,0.8533,42664,0,60000,0.7111,0.0099,0.8038,34181,0,60000,0.5697,0.9895,0.2781,42914,1,154304,0.2781,0.0000,0.3887,59971,1,154304,0.3887,0.0000
66.51,0.8533,42664,0,60000,0.7111,0.0099,0.8038,34181,0,60000,0.5697,0.9895,0.2781,42914,1,154304,0.2781,0.0000,0.3887,59971,1,154304,0.3887,0.0000
67.01,0.8533,42664,0,60000,0.7111,0.0099,0.8038,34181,0,60000,0.5697,0.9895,0.2781,42914,1,154304,0.2781,0.0000,0.3887,59971,1,154304,0.3887,0.0000
67.51,0.8533,42664,0,60000,0.7111,0.0099,0.8736,29819,0,60000,0.4970,0.0000,0.2781,42914,1,154304,0.2781,0.0000,0.3887,59971,1,154304,0.3887,0.0000
68.01,0.8533,42664,0,60000,0.7111,0.0099,0.9418,33915,0,60000,0.5653,0.0000,0.2781,42914,1,154304,0.2781,0.0000,0.3887,59971,1,154304,0.3887,0.0000
68.51,0.8533,42664,0,60000,0.7111,0.0099,0.9418,33915,0,60000,0.5653,0.0000,0.3885,59941,1,154304,0.3885,0.0000,0.3887,59971,1,154304,0.3887,0.0000
69.01,0.9218,38202,0,60000,0.6367,0.0000,0.9459,21120,0,60000,0.3520,0.0000,0.3885,59941,1,154304,0.3885,0.0000,0.3887,59971,1,154304,0.3887,0.0000
69.51,0.9218,38202,0,60000,0.6367,0.0000,0.9344,25216,0,60000,0.4203,0.0000,0.3885,59941,1,154304,0.3885,0.0000,0.3887,59971,1,154304,0.3887,0.0000
70.01,0.9218,38202,0,60000,0.6367,0.0000,0.9344,25216,0,60000,0.4203,0.0000,0.3885,59941,1,154304,0.3885,0.0000,0.4439,68502,1,154304,0.4439,0.0000
70.51,0.9218,38202,0,60000,0.6367,0.0000,0.9391,12613,0,60000,0.2102,0.0000,0.3885,59941,1,154304,0.3885,0.0000,0.4439,68502,1,154304,0.4439,0.0000
71.01,0.9218,38202,0,60000,0.6367,0.0000,0.9275,8233,0,60000,0.1372,0.0000,0.3885,59941,1,154304,0.3885,0.0000,0.4439,68502,1,154304,0.4439,0.0000
71.51,0.9218,38202,0,60000,0.6367,0.0000,0.9275,8233,0,60000,0.1372,0.0000,0.3885,59941,1,154304,0.3885,0.0000,0.4439,68502,1,154304,0.4439,0.0000
72.01,0.9157,37889,0,60000,0.6315,0.0000,0.9275,8233,0,60000,0.1372,0.0000,0.3885,59941,1,154304,0.3885,0.0000,0.4439,68502,1,154304,0.4439,0.0000
72.51,0.9839,24904,0,60000,0.4151,0.0099,0.9275,8233,0,60000,0.1372,0.0000,0.3327,51331,1,154304,0.3327,0.0000,0.4439,68502,1,154304,0.4439,0.0000
73.01,0.9839,24904,0,60000,0.4151,0.0099,0.9317,4137,0,60000,0.0689,0.0000,0.3327,51331,1,154304,0.3327,0.0000,0.4439,68502,1,154304,0.4439,0.0000
73.51,0.9839,24904,0,60000,0.4151,0.0099,0.8451,8233,0,60000,0.1372,0.0000,0.3327,51331,1,154304,0.3327,0.0000,0.4439,68502,1,154304,0.4439,0.0000
74.01,0.9839,24904,0,60000,0.4151,0.0099,0.8451,8233,0,60000,0.1372,0.0000,0.3327,51331,1,154304,0.3327,0.0000,0.4439,68502,1,154304,0.4439,0.0000
74.51,0.9780,33096,0,60000,0.5516,0.0099,0.8451,8233,0,60000,0.1372,0.0000,0.3327,51331,1,154304,0.3327,0.0000,0.4439,68502,1,154304,0.4439,0.0000
75.01,0.9041,28713,0,60000,0.4785,0.0000,0.8451,8233,0,60000,0.1372,0.0000,0.3327,51331,1,154304,0.3327,0.0000,0.2772,42780,1,154304,0.2772,0.0000
75.51,0.9041,28713,0,60000,0.4785,0.0000,0.8451,8233,0,60000,0.1372,0.0000,0.3884,59932,1,154304,0.3884,0.0000,0.2772,42780,1,154304,0.2772,0.0000
76.01,0.9711,15769,0,60000,0.2628,0.0101,0.8496,8488,0,60000,0.1415,0.9960,0.3884,59932,1,154304,0.3884,0.0000,0.2772,42780,1,154304,0.2772,0.0000
76.51,0.8979,19865,0,60000,0.3311,0.0000,0.8496,8488,0,60000,0.1415,0.9960,0.3884,59932,1,154304,0.3884,0.0000,0.2772,42780,1,154304,0.2772,0.0000
77.01,0.9662,23961,0,60000,0.3993,0.0099,0.8496,8488,0,60000,0.1415,0.9960,0.3884,59932,1,154304,0.3884,0.0000,0.2772,42780,1,154304,0.2772,0.0000
77.51,0.8931,19502,0,60000,0.3250,0.0000,0.8496,8488,0,60000,0.1415,0.9960,0.3884,59932,1,154304,0.3884,0.0000,0.2772,42780,1,154304,0.2772,0.0000
78.01,0.9614,15092,0,60000,0.2515,0.0099,0.8496,8488,0,60000,0.1415,0.9960,0.3884,59932,1,154304,0.3884,0.0000,0.2769,42723,1,154304,0.2769,0.0000
78.51,0.9614,15092,0,60000,0.2515,0.0099,0.8496,8488,0,60000,0.1415,0.9960,0.3882,59896,1,154304,0.3882,0.0000,0.2769,42723,1,154304,0.2769,0.0000
79.01,0.9496,10735,0,60000,0.1789,0.0000,0.9921,17132,0,60000,0.2855,0.9977,0.3882,59896,1,154304,0.3882,0.0000,0.2769,42723,1,154304,0.2769,0.0000
79.51,0.8134,14832,0,60000,0.2472,0.0101,0.9921,17132,0,60000,0.2855,0.9977,0.3882,59896,1,154304,0.3882,0.0000,0.2769,42723,1,154304,0.2769,0.0000
80.01,0.8817,10374,0,60000,0.1729,0.0000,0.9925,8590,0,60000,0.1432,0.0101,0.3882,59896,1,154304,0.3882,0.0000,0.2769,42723,1,154304,0.2769,0.0000
80.51,0.8817,10374,0,60000,0.1729,0.0000,0.9183,12686,0,60000,0.2114,0.0000,0.3882,59896,1,154304,0.3882,0.0000,0.2769,42723,1,154304,0.2769,0.0000
81.01,0.8817,10374,0,60000,0.1729,0.0000,0.8415,16730,0,60000,0.2788,0.9666,0.3882,59896,1,154304,0.3882,0.0000,0.3872,59743,1,154304,0.3872,0.0000
81.51,0.8817,10374,0,60000,0.1729,0.0000,0.9884,25546,0,60000,0.4258,0.9977,0.3882,59896,1,154304,0.3882,0.0000,0.3872,59743,1,154304,0.3872,0.0000
82.01,0.8817,10374,0,60000,0.1729,0.0000,0.9206,34034,0,60000,0.5672,0.9978,0.3882,59896,1,154304,0.3882,0.0000,0.3872,59743,1,154304,0.3872,0.0000
82.51,0.8817,10374,0,60000,0.1729,0.0000,0.9206,34034,0,60000,0.5672,0.9978,0.3882,59896,1,154304,0.3882,0.0000,0.3872,59743,1,154304,0.3872,0.0000
83.01,0.8817,10374,0,60000,0.1729,0.0000,0.9206,34034,0,60000,0.5672,0.9978,0.3882,59896,1,154304,0.3882,0.0000,0.3872,59743,1,154304,0.3872,0.0000
83.51,0.8817,10374,0,60000,0.1729,0.0000,0.9206,34034,0,60000,0.5672,0.9978,0.3882,59896,1,154304,0.3882,0.0000,0.3872,59743,1,154304,0.3872,0.0000
84.01,0.8817,10374,0,60000,0.1729,0.0000,0.9206,34034,0,60000,0.5672,0.9978,0.3882,59896,1,154304,0.3882,0.0000,0.3872,59743,1,154304,0.3872,0.0000
84.51,0.8817,10374,0,60000,0.1729,0.0000,0.9206,34034,0,60000,0.5672,0.9978,0.3882,59896,1,154304,0.3882,0.0000,0.3872,59743,1,154304,0.3872,0.0000
85.01,0.8817,10374,0,60000,0.1729,0.0000,0.9206,34034,0,60000,0.5672,0.9978,0.3882,59896,1,154304,0.3882,0.0000,0.3872,59743,1,154304,0.3872,0.0000
85.51,0.8817,10374,0,60000,0.1729,0.0000,0.9892,4137,0,60000,0.0689,0.0000,0.3882,59896,1,154304,0.3882,0.0000,0.3872,59743,1,154304,0.3872,0.0000
86.01,0.8817,10374,0,60000,0.1729,0.0000,0.9892,4137,0,60000,0.0689,0.0000,0.3882,59896,1,154304,0.3882,0.0000,0.3872,59743,1,154304,0.3872,0.0000
86.51,0.8817,10374,0,60000,0.1729,0.0000,0.9889,8233,0,60000,0.1372,0.0000,0.3882,59896,1,154304,0.3882,0.0000,0.3872,59743,1,154304,0.3872,0.0000
87.01,0.8817,10374,0,60000,0.1729,0.0000,0.7092,25525,0,60000,0.4254,0.9978,0.3882,59896,1,154304,0.3882,0.0000,0.3872,59743,1,154304,0.3872,0.0000
87.51,0.8817,10374,0,60000,0.1729,0.0000,0.7092,25525,0,60000,0.4254,0.9978,0.3882,59896,1,154304,0.3882,0.0000,0.3872,59743,1,154304,0.3872,0.0000
88.01,0.8817,10374,0,60000,0.1729,0.0000,0.7092,25525,0,60000,0.4254,0.9978,0.3882,59896,1,154304,0.3882,0.0000,0.3872,59743,1,154304,0.3872,0.0000
88.51,0.8817,10374,0,60000,0.1729,0.0000,0.7092,25525,0,60000,0.4254,0.9978,0.4992,77023,1,154304,0.4992,0.0000,0.3872,59743,1,154304,0.3872,0.0000
89.01,0.8817,10374,0,60000,0.1729,0.0000,0.7092,25525,0,60000,0.4254,0.9978,0.4992,77023,1,154304,0.4992,0.0000,0.3872,59743,1,154304,0.3872,0.0000
89.51,0.8817,10374,0,60000,0.1729,0.0000,0.7092,25525,0,60000,0.4254,0.9978,0.4992,77023,1,154304,0.4992,0.0000,0.4421,68213,1,154304,0.4421,0.0000
90.01,0.8817,10374,0,60000,0.1729,0.0000,0.7092,25525,0,60000,0.4254,0.9978,0.4992,77023,1,154304,0.4992,0.0000,0.4421,68213,1,154304,0.4421,0.0000
90.51,0.8817,10374,0,60000,0.1729,0.0000,0.7092,25525,0,60000,0.4254,0.9978,0.4992,77023,1,154304,0.4992,0.0000,0.4421,68213,1,154304,0.4421,0.0000
91.01,0.8817,10374,0,60000,0.1729,0.0000,0.7092,25525,0,60000,0.4254,0.9978,0.4992,77023,1,154304,0.4992,0.0000,0.4421,68213,1,154304,0.4421,0.0000
91.51,0.9277,9984,0,60000,0.1664,0.0000,0.7778,4137,0,60000,0.0689,0.0000,0.3882,59896,1,154304,0.3882,0.0000,0.4421,68213,1,154304,0.4421,0.0000
92.01,0.9960,14080,0,60000,0.2347,0.0099,0.8461,8233,0,60000,0.1372,0.0000,0.3882,59896,1,154304,0.3882,0.0000,0.4421,68213,1,154304,0.4421,0.0000
92.51,0.9960,9609,0,60000,0.1601,0.0000,0.8461,8233,0,60000,0.1372,0.0000,0.3882,59896,1,154304,0.3882,0.0000,0.4421,68213,1,154304,0.4421,0.0000
93.01,0.9960,13705,0,60000,0.2284,0.0101,0.8506,16953,0,60000,0.2826,0.9978,0.3882,59896,1,154304,0.3882,0.0000,0.4421,68213,1,154304,0.4421,0.0000
93.51,0.9960,13705,0,60000,0.2284,0.0101,0.8506,16953,0,60000,0.2826,0.9978,0.3882,59896,1,154304,0.3882,0.0000,0.4421,68213,1,154304,0.4421,0.0000
94.01,0.9804,9367,0,60000,0.1561,0.0000,0.8506,16953,0,60000,0.2826,0.9978,0.3882,59896,1,154304,0.3882,0.0000,0.3872,59747,1,154304,0.3872,0.0000
94.51,0.9804,13463,0,60000,0.2244,0.0101,0.8506,16953,0,60000,0.2826,0.9978,0.3882,59896,1,154304,0.3882,0.0000,0.3872,59747,1,154304,0.3872,0.0000
95.01,0.8616,9020,0,60000,0.1503,0.0000,0.8506,16953,0,60000,0.2826,0.9978,0.3882,59896,1,154304,0.3882,0.0000,0.3872,59747,1,154304,0.3872,0.0000
95.51,0.9299,13117,0,60000,0.2186,0.0101,0.8506,16953,0,60000,0.2826,0.9978,0.3882,59896,1,154304,0.3882,0.0000,0.3872,59747,1,154304,0.3872,0.0000
96.01,0.9981,8740,0,60000,0.1457,0.0000,0.8506,16953,0,60000,0.2826,0.9978,0.3868,59679,1,154304,0.3868,0.0000,0.3872,59747,1,154304,0.3872,0.0000
96.51,0.9981,8740,0,60000,0.1457,0.0000,0.8506,16953,0,60000,0.2826,0.9978,0.3868,59679,1,154304,0.3868,0.0000,0.3872,59747,1,154304,0.3872,0.0000
97.01,0.9655,12836,0,60000,0.2139,0.0000,0.8506,16953,0,60000,0.2826,0.9978,0.3868,59679,1,154304,0.3868,0.0000,0.3872,59747,1,154304,0.3872,0.0000
97.51,0.9530,8422,0,60000,0.1404,0.0099,0.8511,8540,0,60000,0.1423,0.9975,0.3868,59679,1,154304,0.3868,0.0000,0.3872,59747,1,154304,0.3872,0.0000
98.01,0.9530,12518,0,60000,0.2086,0.0000,0.8511,8540,0,60000,0.1423,0.9975,0.3868,59679,1,154304,0.3868,0.0000,0.3872,59747,1,154304,0.3872,0.0000
98.51,0.9403,16614,0,60000,0.2769,0.0099,0.8511,8540,0,60000,0.1423,0.9975,0.3868,59679,1,154304,0.3868,0.0000,0.3872,59747,1,154304,0.3872,0.0000
99.01,0.9403,16614,0,60000,0.2769,0.0099,0.8511,8540,0,60000,0.1423,0.9975,0.3314,51144,1,154304,0.3314,0.0000,0.3872,59747,1,154304,0.3872,0.0000
99.51,0.9403,12162,0,60000,0.2027,0.0000,0.9197,4137,0,60000,0.0689,0.0000,0.3314,51144,1,154304,0.3314,0.0000,0.3872,59747,1,154304,0.3872,0.0000
100.01,0.9300,16258,0,60000,0.2710,0.0099,0.9880,8233,0,60000,0.1372,0.0000,0.3314,51144,1,154304,0.3314,0.0000,0.3872,59747,1,154304,0.3872,0.0000
100.51,0.9982,11906,0,60000,0.1984,0.0000,0.9880,8233,0,60000,0.1372,0.0000,0.3314,51144,1,154304,0.3314,0.0000,0.4425,68272,1,154304,0.4425,0.0000
101.01,0.9982,16002,0,60000,0.2667,0.0099,0.8508,17027,0,60000,0.2838,0.9976,0.3314,51144,1,154304,0.3314,0.0000,0.4425,68272,1,154304,0.4425,0.0000
101.51,0.9982,16002,0,60000,0.2667,0.0099,0.8514,25583,0,60000,0.4264,0.9977,0.3314,51144,1,154304,0.3314,0.0000,0.4425,68272,1,154304,0.4425,0.0000
102.01,0.9884,11607,0,60000,0.1935,0.0000,0.8514,25583,0,60000,0.4264,0.9977,0.3314,51144,1,154304,0.3314,0.0000,0.4425,68272,1,154304,0.4425,0.0000
102.51,0.9884,15703,0,60000,0.2617,0.0099,0.8514,25583,0,60000,0.4264,0.9977,0.2761,42611,1,154304,0.2761,0.0000,0.4425,68272,1,154304,0.4425,0.0000
103.01,0.9780,11284,0,60000,0.1881,0.0000,0.9200,4137,0,60000,0.0689,0.0000,0.2761,42611,1,154304,0.2761,0.0000,0.4425,68272,1,154304,0.4425,0.0000
103.51,0.9780,15380,0,60000,0.2563,0.0099,0.9883,8233,0,60000,0.1372,0.0000,0.2761,42611,1,154304,0.2761,0.0000,0.4425,68272,1,154304,0.4425,0.0000
104.01,0.9780,15380,0,60000,0.2563,0.0099,0.9883,8233,0,60000,0.1372,0.0000,0.2761,42611,1,154304,0.2761,0.0000,0.3872,59745,1,154304,0.3872,0.0000
104.51,0.9680,11010,0,60000,0.1835,0.0000,0.9909,16946,0,60000,0.2824,0.9978,0.2761,42611,1,154304,0.2761,0.0000,0.3872,59745,1,154304,0.3872,0.0000
105.01,0.9680,11010,0,60000,0.1835,0.0000,0.7087,33968,0,60000,0.5661,0.9978,0.2761,42611,1,154304,0.2761,0.0000,0.3872,59745,1,154304,0.3872,0.0000
105.51,0.9680,11010,0,60000,0.1835,0.0000,0.7087,33968,0,60000,0.5661,0.9978,0.2761,42611,1,154304,0.2761,0.0000,0.3872,59745,1,154304,0.3872,0.0000
106.01,0.9680,11010,0,60000,0.1835,0.0000,0.8512,25593,0,60000,0.4265,0.9977,0.2761,42611,1,154304,0.2761,0.0000,0.3872,59745,1,154304,0.3872,0.0000
106.51,0.9680,11010,0,60000,0.1835,0.0000,0.8512,25593,0,60000,0.4265,0.9977,0.2761,42611,1,154304,0.2761,0.0000,0.3872,59745,1,154304,0.3872,0.0000
107.01,0.9568,19202,0,60000,0.3200,0.0000,0.8512,25593,0,60000,0.4265,0.9977,0.2761,42611,1,154304,0.2761,0.0000,0.3872,59745,1,154304,0.3872,0.0000
107.51,0.9568,19202,0,60000,0.3200,0.0000,0.8512,25593,0,60000,0.4265,0.9977,0.3317,51182,1,154304,0.3317,0.0000,0.3872,59745,1,154304,0.3872,0.0000
108.02,0.8131,14845,0,60000,0.2474,0.0101,0.8512,25593,0,60000,0.4265,0.9977,0.3317,51182,1,154304,0.3317,0.0000,0.3872,59745,1,154304,0.3872,0.0000
108.52,0.8813,10419,0,60000,0.1736,0.0000,0.8512,25593,0,60000,0.4265,0.9977,0.3317,51182,1,154304,0.3317,0.0000,0.3879,59852,2,154304,0.3879,0.0000
109.02,0.9496,14516,0,60000,0.2419,0.0101,0.8512,25593,0,60000,0.4265,0.9977,0.3317,51182,1,154304,0.3317,0.0000,0.3879,59852,2,154304,0.3879,0.0000
109.52,0.9376,10133,0,60000,0.1689,0.0000,0.8518,8538,0,60000,0.1423,0.9975,0.3317,51182,1,154304,0.3317,0.0000,0.3879,59852,2,154304,0.3879,0.0000
110.02,0.9202,14229,0,60000,0.2371,0.0099,0.8518,8538,0,60000,0.1423,0.9975,0.3317,51182,1,154304,0.3317,0.0000,0.3879,59852,2,154304,0.3879,0.0000
110.52,0.9202,14229,0,60000,0.2371,0.0099,0.8518,8538,0,60000,0.1423,0.9975,0.2756,42528,1,154304,0.2756,0.0000,0.3879,59852,2,154304,0.3879,0.0000
111.02,0.9884,9877,0,60000,0.1646,0.0000,0.9933,8509,0,60000,0.1418,0.9978,0.2756,42528,1,154304,0.2756,0.0000,0.3879,59852,2,154304,0.3879,0.0000
111.52,0.9741,13973,0,60000,0.2329,0.0099,0.7111,25596,0,60000,0.4266,0.9976,0.2756,42528,1,154304,0.2756,0.0000,0.3879,59852,2,154304,0.3879,0.0000
112.02,0.9741,9532,0,60000,0.1589,0.0000,0.7111,25596,0,60000,0.4266,0.9976,0.2756,42528,1,154304,0.2756,0.0000,0.3888,59990,1,154304,0.3888,0.0000
112.52,0.9739,13628,0,60000,0.2271,0.0099,0.7111,25596,0,60000,0.4266,0.9976,0.2756,42528,1,154304,0.2756,0.0000,0.3888,59990,1,154304,0.3888,0.0000
113.02,0.9739,13628,0,60000,0.2271,0.0099,0.7111,25596,0,60000,0.4266,0.9976,0.2756,42528,1,154304,0.2756,0.0000,0.3888,59990,1,154304,0.3888,0.0000
113.52,0.9739,9259,0,60000,0.1543,0.0000,0.7800,4137,0,60000,0.0689,0.0000,0.3317,51179,2,154304,0.3317,0.0000,0.3888,59990,1,154304,0.3888,0.0000
114.02,0.9595,13355,0,60000,0.2226,0.0101,0.7800,4137,0,60000,0.0689,0.0000,0.3317,51179,2,154304,0.3317,0.0000,0.3888,59990,1,154304,0.3888,0.0000
114.52,0.9595,8998,0,60000,0.1500,0.0000,0.8482,16766,0,60000,0.2794,0.9685,0.3317,51179,2,154304,0.3317,0.0000,0.3882,59907,1,154304,0.3882,0.0000
115.02,0.9246,13094,0,60000,0.2182,0.0099,0.8482,16766,0,60000,0.2794,0.9685,0.3317,51179,2,154304,0.3317,0.0000,0.3882,59907,1,154304,0.3882,0.0000
115.52,0.9929,8709,0,60000,0.1452,0.0000,0.8482,16766,0,60000,0.2794,0.9685,0.3317,51179,2,154304,0.3317,0.0000,0.3882,59907,1,154304,0.3882,0.0000
116.02,0.9929,8709,0,60000,0.1452,0.0000,0.8482,16766,0,60000,0.2794,0.9685,0.3317,51179,2,154304,0.3317,0.0000,0.3882,59907,1,154304,0.3882,0.0000
116.52,0.9562,12805,0,60000,0.2134,0.0000,0.9211,4137,0,60000,0.0689,0.0000,0.3317,51179,2,154304,0.3317,0.0000,0.3328,51360,1,154304,0.3328,0.0000
117.02,0.9472,8392,0,60000,0.1399,0.0099,0.9894,8233,0,60000,0.1372,0.0000,0.3317,51179,2,154304,0.3317,0.0000,0.3328,51360,1,154304,0.3328,0.0000
117.52,0.9472,8392,0,60000,0.1399,0.0099,0.9894,8233,0,60000,0.1372,0.0000,0.3317,51179,2,154304,0.3317,0.0000,0.3328,51360,1,154304,0.3328,0.0000
118.02,0.9472,8392,0,60000,0.1399,0.0099,0.9894,8233,0,60000,0.1372,0.0000,0.3317,51179,2,154304,0.3317,0.0000,0.3328,51360,1,154304,0.3328,0.0000
118.52,0.9472,8392,0,60000,0.1399,0.0099,0.8512,8507,0,60000,0.1418,0.9978,0.3317,51179,2,154304,0.3317,0.0000,0.3328,51360,1,154304,0.3328,0.0000
119.02,0.9472,8392,0,60000,0.1399,0.0099,0.8512,8507,0,60000,0.1418,0.9978,0.3317,51179,2,154304,0.3317,0.0000,0.3328,51360,1,154304,0.3328,0.0000
119.52,0.9472,8392,0,60000,0.1399,0.0099,0.8512,8507,0,60000,0.1418,0.9978,0.3317,51179,2,154304,0.3317,0.0000,0.3328,51360,1,154304,0.3328,0.0000
120.02,0.9372,16584,0,60000,0.2764,0.0099,0.8512,8507,0,60000,0.1418,0.9978,0.3317,51179,2,154304,0.3317,0.0000,0.2778,42866,1,154304,0.2778,0.0000
120.52,0.7906,12099,0,60000,0.2016,0.0000,0.8512,8507,0,60000,0.1418,0.9978,0.3317,51179,2,154304,0.3317,0.0000,0.2778,42866,1,154304,0.2778,0.0000
121.02,0.8589,16195,0,60000,0.2699,0.0099,0.8512,8507,0,60000,0.1418,0.9978,0.3317,51179,2,154304,0.3317,0.0000,0.2778,42866,1,154304,0.2778,0.0000
121.52,0.8589,16195,0,60000,0.2699,0.0099,0.8516,8478,0,60000,0.1413,0.9960,0.3317,51179,2,154304,0.3317,0.0000,0.2778,42866,1,154304,0.2778,0.0000
122.02,0.9272,11791,0,60000,0.1965,0.0000,0.8516,8478,0,60000,0.1413,0.9960,0.3317,51179,2,154304,0.3317,0.0000,0.2778,42866,1,154304,0.2778,0.0000
122.52,0.9954,15887,0,60000,0.2648,0.0099,0.8516,8478,0,60000,0.1413,0.9960,0.3317,51179,2,154304,0.3317,0.0000,0.2213,34154,1,154304,0.2213,0.0000
123.02,0.9865,11534,0,60000,0.1922,0.0000,0.8524,8541,0,60000,0.1424,0.9975,0.5543,85531,1,154304,0.5543,0.0000,0.2213,34154,1,154304,0.2213,0.0000
123.52,,,,,,,0.9943,8505,0,60000,0.1417,0.9978,0.5543,85531,1,154304,0.5543,0.0000,0.2213,34154,1,154304,0.2213,0.0000
126.57,,,,,,,0.9946,8577,0,60000,0.1429,0.9959,0.5547,85585,1,154304,0.5547,0.0000,0.2213,34154,1,154304,0.2213,0.0000
129.67,,,,,,,0.9952,8524,0,60000,0.1421,0.9958,0.4995,77075,1,154304,0.4995,0.0000,0.2220,34256,1,154304,0.2220,0.0000
132.75,0.9605,14656,0,60000,0.2443,0.0099,0.9952,8524,0,60000,0.1421,0.9958,0.4995,77075,1,154304,0.4995,0.0000,0.2220,34256,1,154304,0.2220,0.0000
135.45,0.9605,14656,0,60000,0.2443,0.0099,0.9958,41,0,60000,0.0007,0.0099,0.4995,77075,1,154304,0.4995,0.0000,0.2220,34256,1,154304,0.2220,0.0000
135.95,0.9605,14656,0,60000,0.2443,0.0099,0.9217,4137,0,60000,0.0689,0.0000,0.4995,77075,1,154304,0.4995,0.0000,0.2220,34256,1,154304,0.2220,0.0000
139.30,0.9605,14656,0,60000,0.2443,0.0099,0.9900,8233,0,60000,0.1372,0.0000,0.4995,77075,1,154304,0.4995,0.0000,0.2220,34256,1,154304,0.2220,0.0000
140.18,0.9605,14656,0,60000,0.2443,0.0099,0.9900,8233,0,60000,0.1372,0.0000,0.4995,77075,1,154304,0.4995,0.0000,0.2220,34256,1,154304,0.2220,0.0000
140.68,0.9605,14656,0,60000,0.2443,0.0099,0.9900,8233,0,60000,0.1372,0.0000,0.4995,77075,1,154304,0.4995,0.0000,0.2220,34256,1,154304,0.2220,0.0000
141.18,0.9605,14656,0,60000,0.2443,0.0099,0.9900,8233,0,60000,0.1372,0.0000,0.4995,77075,1,154304,0.4995,0.0000,0.2220,34256,1,154304,0.2220,0.0000
141.68,0.9605,14656,0,60000,0.2443,0.0099,0.9900,8233,0,60000,0.1372,0.0000,0.4995,77075,1,154304,0.4995,0.0000,0.2220,34256,1,154304,0.2220,0.0000
142.18,0.9605,14656,0,60000,0.2443,0.0099,0.9900,8233,0,60000,0.1372,0.0000,0.4995,77075,1,154304,0.4995,0.0000,0.2220,34256,1,154304,0.2220,0.0000
142.68,0.9605,14656,0,60000,0.2443,0.0099,0.9900,8233,0,60000,0.1372,0.0000,0.4995,77075,1,154304,0.4995,0.0000,0.2220,34256,1,154304,0.2220,0.0000
143.18,0.9605,14656,0,60000,0.2443,0.0099,0.9900,8233,0,60000,0.1372,0.0000,0.4995,77075,1,154304,0.4995,0.0000,0.2220,34256,1,154304,0.2220,0.0000
143.68,0.9605,14656,0,60000,0.2443,0.0099,0.9942,8484,0,60000,0.1414,0.9960,0.4995,77075,1,154304,0.4995,0.0000,0.2220,34256,1,154304,0.2220,0.0000
144.18,0.9605,14656,0,60000,0.2443,0.0099,0.9942,8484,0,60000,0.1414,0.9960,0.4995,77075,1,154304,0.4995,0.0000,0.2220,34256,1,154304,0.2220,0.0000
144.68,0.9605,14656,0,60000,0.2443,0.0099,0.9942,8484,0,60000,0.1414,0.9960,0.6662,102799,1,154304,0.6662,0.0000,0.2220,34256,1,154304,0.2220,0.0000
145.18,0.9605,14656,0,60000,0.2443,0.0099,0.9942,8484,0,60000,0.1414,0.9960,0.6662,102799,1,154304,0.6662,0.0000,0.2220,34256,1,154304,0.2220,0.0000
145.68,0.9605,14656,0,60000,0.2443,0.0099,0.9942,8484,0,60000,0.1414,0.9960,0.6662,102799,1,154304,0.6662,0.0000,0.2220,34256,1,154304,0.2220,0.0000
146.18,0.9605,14656,0,60000,0.2443,0.0099,0.9942,8484,0,60000,0.1414,0.9960,0.6662,102799,1,154304,0.6662,0.0000,0.2220,34256,1,154304,0.2220,0.0000
146.68,0.9605,14656,0,60000,0.2443,0.0099,0.9942,8484,0,60000,0.1414,0.9960,0.6662,102799,1,154304,0.6662,0.0000,0.2220,34256,1,154304,0.2220,0.0000
147.18,0.9605,14656,0,60000,0.2443,0.0099,0.9942,8484,0,60000,0.1414,0.9960,0.6662,102799,1,154304,0.6662,0.0000,0.2220,34256,1,154304,0.2220,0.0000
147.68,0.9605,14656,0,60000,0.2443,0.0099,0.9942,8484,0,60000,0.1414,0.9960,0.6662,102799,1,154304,0.6662,0.0000,0.2220,34256,1,154304,0.2220,0.0000
148.18,0.9605,14656,0,60000,0.2443,0.0099,0.9942,8484,0,60000,0.1414,0.9960,0.6662,102799,1,154304,0.6662,0.0000,0.2220,34256,1,154304,0.2220,0.0000
148.68,0.9605,14656,0,60000,0.2443,0.0099,0.9942,8484,0,60000,0.1414,0.9960,0.6662,102799,1,154304,0.6662,0.0000,0.2220,34256,1,154304,0.2220,0.0000
149.18,0.9605,14656,0,60000,0.2443,0.0099,0.9942,8484,0,60000,0.1414,0.9960,0.6662,102799,1,154304,0.6662,0.0000,0.2220,34256,1,154304,0.2220,0.0000
149.68,0.9605,14656,0,60000,0.2443,0.0099,0.9942,8484,0,60000,0.1414,0.9960,0.6662,102799,1,154304,0.6662,0.0000,0.2220,34256,1,154304,0.2220,0.0000
150.18,0.9605,14656,0,60000,0.2443,0.0099,0.9942,8484,0,60000,0.1414,0.9960,0.6662,102799,1,154304,0.6662,0.0000,0.2220,34256,1,154304,0.2220,0.0000
150.68,0.9605,14656,0,60000,0.2443,0.0099,0.9942,8484,0,60000,0.1414,0.9960,0.6662,102799,1,154304,0.6662,0.0000,0.2220,34256,1,154304,0.2220,0.0000
151.18,0.9605,14656,0,60000,0.2443,0.0099,0.9942,8484,0,60000,0.1414,0.9960,0.6662,102799,1,154304,0.6662,0.0000,0.2220,34256,1,154304,0.2220,0.0000
151.68,0.9605,14656,0,60000,0.2443,0.0099,0.9942,8484,0,60000,0.1414,0.9960,0.6662,102799,1,154304,0.6662,0.0000,0.2220,34256,1,154304,0.2220,0.0000
152.18,0.9605,14656,0,60000,0.2443,0.0099,0.8525,8533,0,60000,0.1422,0.9975,0.6662,102799,1,154304,0.6662,0.0000,0.2220,34256,1,154304,0.2220,0.0000
152.68,0.9605,14656,0,60000,0.2443,0.0099,0.8525,8533,0,60000,0.1422,0.9975,0.6662,102799,1,154304,0.6662,0.0000,0.2220,34256,1,154304,0.2220,0.0000
153.18,0.9605,14656,0,60000,0.2443,0.0099,0.8525,8533,0,60000,0.1422,0.9975,0.6662,102799,1,154304,0.6662,0.0000,0.2220,34256,1,154304,0.2220,0.0000
153.68,0.9605,14656,0,60000,0.2443,0.0099,0.8525,8533,0,60000,0.1422,0.9975,0.6662,102799,1,154304,0.6662,0.0000,0.2220,34256,1,154304,0.2220,0.0000
154.18,0.9605,14656,0,60000,0.2443,0.0099,0.8525,8533,0,60000,0.1422,0.9975,0.6662,102799,1,154304,0.6662,0.0000,0.2220,34256,1,154304,0.2220,0.0000
154.68,0.9605,14656,0,60000,0.2443,0.0099,,,,,,,0.6662,102799,1,154304,0.6662,0.0000,0.2220,34256,1,154304,0.2220,0.0000
157.71,0.9605,14656,0,60000,0.2443,0.0099,0.8525,8533,0,60000,0.1422,0.9975,0.6662,102799,1,154304,0.6662,0.0000,0.2220,34256,1,154304,0.2220,0.0000
158.88,0.9605,14656,0,60000,0.2443,0.0099,0.8531,8569,0,60000,0.1428,0.9977,0.6662,102799,1,154304,0.6662,0.0000,0.2220,34256,1,154304,0.2220,0.0000
159.38,0.9605,14656,0,60000,0.2443,0.0099,0.8531,8569,0,60000,0.1428,0.9977,0.6662,102799,1,154304,0.6662,0.0000,0.2220,34256,1,154304,0.2220,0.0000
159.88,0.9605,14656,0,60000,0.2443,0.0099,0.8531,8569,0,60000,0.1428,0.9977,0.6662,102799,1,154304,0.6662,0.0000,0.2220,34256,1,154304,0.2220,0.0000
160.38,0.9605,14656,0,60000,0.2443,0.0099,0.8531,8569,0,60000,0.1428,0.9977,0.6662,102799,1,154304,0.6662,0.0000,0.2220,34256,1,154304,0.2220,0.0000
160.88,0.9605,14656,0,60000,0.2443,0.0099,0.8531,8569,0,60000,0.1428,0.9977,0.6662,102799,1,154304,0.6662,0.0000,0.2220,34256,1,154304,0.2220,0.0000
161.38,0.9605,14656,0,60000,0.2443,0.0099,0.8531,8569,0,60000,0.1428,0.9977,0.6662,102799,1,154304,0.6662,0.0000,0.2220,34256,1,154304,0.2220,0.0000
161.88,0.9605,14656,0,60000,0.2443,0.0099,0.8531,8569,0,60000,0.1428,0.9977,0.6662,102799,1,154304,0.6662,0.0000,0.2220,34256,1,154304,0.2220,0.0000
162.38,0.9605,14656,0,60000,0.2443,0.0099,0.8531,8569,0,60000,0.1428,0.9977,0.6662,102799,1,154304,0.6662,0.0000,0.2220,34256,1,154304,0.2220,0.0000
162.88,0.9605,14656,0,60000,0.2443,0.0099,0.8531,8569,0,60000,0.1428,0.9977,0.6662,102799,1,154304,0.6662,0.0000,0.2220,34256,1,154304,0.2220,0.0000
163.38,0.9605,14656,0,60000,0.2443,0.0099,0.8531,8569,0,60000,0.1428,0.9977,0.6662,102799,1,154304,0.6662,0.0000,0.2220,34256,1,154304,0.2220,0.0000
163.88,0.9605,14656,0,60000,0.2443,0.0099,0.8531,8569,0,60000,0.1428,0.9977,0.6662,102799,1,154304,0.6662,0.0000,0.2220,34256,1,154304,0.2220,0.0000
164.38,0.9605,14656,0,60000,0.2443,0.0099,0.8531,8569,0,60000,0.1428,0.9977,0.6662,102799,1,154304,0.6662,0.0000,0.2220,34256,1,154304,0.2220,0.0000
164.88,0.9605,14656,0,60000,0.2443,0.0099,0.8531,8569,0,60000,0.1428,0.9977,0.6662,102799,1,154304,0.6662,0.0000,0.2220,34256,1,154304,0.2220,0.0000
165.38,0.9605,14656,0,60000,0.2443,0.0099,0.8531,8569,0,60000,0.1428,0.9977,0.6662,102799,1,154304,0.6662,0.0000,0.2220,34256,1,154304,0.2220,0.0000
165.88,0.9605,14656,0,60000,0.2443,0.0099,0.8531,8569,0,60000,0.1428,0.9977,0.6662,102799,1,154304,0.6662,0.0000,0.2220,34256,1,154304,0.2220,0.0000
166.38,0.9605,14656,0,60000,0.2443,0.0099,0.8531,8569,0,60000,0.1428,0.9977,0.6662,102799,1,154304,0.6662,0.0000,0.2220,34256,1,154304,0.2220,0.0000
166.88,0.9605,14656,0,60000,0.2443,0.0099,0.8531,8569,0,60000,0.1428,0.9977,0.6662,102799,1,154304,0.6662,0.0000,0.2220,34256,1,154304,0.2220,0.0000
167.38,0.9605,14656,0,60000,0.2443,0.0099,0.8531,8569,0,60000,0.1428,0.9977,0.6662,102799,1,154304,0.6662,0.0000,0.2220,34256,1,154304,0.2220,0.0000
167.88,0.9605,14656,0,60000,0.2443,0.0099,0.8531,8569,0,60000,0.1428,0.9977,0.6662,102799,1,154304,0.6662,0.0000,0.2220,34256,1,154304,0.2220,0.0000
168.38,0.9605,14656,0,60000,0.2443,0.0099,0.8531,8569,0,60000,0.1428,0.9977,0.6662,102799,1,154304,0.6662,0.0000,0.2220,34256,1,154304,0.2220,0.0000
168.88,0.9605,14656,0,60000,0.2443,0.0099,0.8531,8569,0,60000,0.1428,0.9977,0.6662,102799,1,154304,0.6662,0.0000,0.2220,34256,1,154304,0.2220,0.0000
169.38,0.9605,14656,0,60000,0.2443,0.0099,0.8531,8569,0,60000,0.1428,0.9977,0.6662,102799,1,154304,0.6662,0.0000,0.2220,34256,1,154304,0.2220,0.0000
169.88,0.9605,14656,0,60000,0.2443,0.0099,0.8531,8569,0,60000,0.1428,0.9977,0.6662,102799,1,154304,0.6662,0.0000,0.2220,34256,1,154304,0.2220,0.0000
170.38,0.9605,14656,0,60000,0.2443,0.0099,0.8531,8569,0,60000,0.1428,0.9977,0.6662,102799,1,154304,0.6662,0.0000,0.2220,34256,1,154304,0.2220,0.0000
170.88,0.9605,14656,0,60000,0.2443,0.0099,0.8531,8569,0,60000,0.1428,0.9977,0.6662,102799,1,154304,0.6662,0.0000,0.2220,34256,1,154304,0.2220,0.0000
171.38,0.9605,14656,0,60000,0.2443,0.0099,0.8531,8569,0,60000,0.1428,0.9977,0.6662,102799,1,154304,0.6662,0.0000,0.2220,34256,1,154304,0.2220,0.0000
171.88,0.9605,14656,0,60000,0.2443,0.0099,0.8531,8569,0,60000,0.1428,0.9977,0.6662,102799,1,154304,0.6662,0.0000,0.2220,34256,1,154304,0.2220,0.0000
172.38,0.9605,14656,0,60000,0.2443,0.0099,0.8531,8569,0,60000,0.1428,0.9977,0.6662,102799,1,154304,0.6662,0.0000,0.2220,34256,1,154304,0.2220,0.0000
172.88,0.9605,14656,0,60000,0.2443,0.0099,0.8531,8569,0,60000,0.1428,0.9977,0.6662,102799,1,154304,0.6662,0.0000,0.2220,34256,1,154304,0.2220,0.0000
173.38,0.9605,14656,0,60000,0.2443,0.0099,0.8531,8569,0,60000,0.1428,0.9977,0.6662,102799,1,154304,0.6662,0.0000,0.2220,34256,1,154304,0.2220,0.0000
173.88,0.9605,14656,0,60000,0.2443,0.0099,0.8531,8569,0,60000,0.1428,0.9977,0.6662,102799,1,154304,0.6662,0.0000,0.2220,34256,1,154304,0.2220,0.0000
174.38,0.9605,14656,0,60000,0.2443,0.0099,0.8531,8569,0,60000,0.1428,0.9977,0.6662,102799,1,154304,0.6662,0.0000,0.2220,34256,1,154304,0.2220,0.0000
174.88,0.9605,14656,0,60000,0.2443,0.0099,0.8531,8569,0,60000,0.1428,0.9977,0.6662,102799,1,154304,0.6662,0.0000,0.2220,34256,1,154304,0.2220,0.0000
175.38,0.9605,14656,0,60000,0.2443,0.0099,0.8531,8569,0,60000,0.1428,0.9977,0.6662,102799,1,154304,0.6662,0.0000,0.2220,34256,1,154304,0.2220,0.0000
175.88,0.9605,14656,0,60000,0.2443,0.0099,0.8531,8569,0,60000,0.1428,0.9977,0.6662,102799,1,154304,0.6662,0.0000,0.2220,34256,1,154304,0.2220,0.0000
176.38,0.9605,14656,0,60000,0.2443,0.0099,0.8531,8569,0,60000,0.1428,0.9977,0.6662,102799,1,154304,0.6662,0.0000,0.2220,34256,1,154304,0.2220,0.0000
176.88,0.9605,14656,0,60000,0.2443,0.0099,0.8531,8569,0,60000,0.1428,0.9977,0.6662,102799,1,154304,0.6662,0.0000,,,,,,
179.90,0.9605,14656,0,60000,0.2443,0.0099,0.8534,0,0,60000,0.0000,0.0000,0.6662,102799,1,154304,0.6662,0.0000,0.2220,34256,1,154304,0.2220,0.0000
181.90,0.9605,14656,0,60000,0.2443,0.0099,0.8534,0,0,60000,0.0000,0.0000,0.6662,102799,1,154304,0.6662,0.0000,0.2220,34256,1,154304,0.2220,0.0000
182.40,0.9605,14656,0,60000,0.2443,0.0099,0.8534,0,0,60000,0.0000,0.0000,0.6662,102799,1,154304,0.6662,0.0000,0.2220,34256,1,154304,0.2220,0.0000
182.90,0.9605,14656,0,60000,0.2443,0.0099,0.8534,0,0,60000,0.0000,0.0000,0.6662,102799,1,154304,0.6662,0.0000,0.2220,34256,1,154304,0.2220,0.0000
183.40,0.9605,14656,0,60000,0.2443,0.0099,0.8534,0,0,60000,0.0000,0.0000,0.6662,102799,1,154304,0.6662,0.0000,0.2220,34256,1,154304,0.2220,0.0000
183.90,0.9605,14656,0,60000,0.2443,0.0099,0.8534,0,0,60000,0.0000,0.0000,0.6662,102799,1,154304,0.6662,0.0000,0.2220,34256,1,154304,0.2220,0.0000
184.40,0.9605,14656,0,60000,0.2443,0.0099,0.8534,0,0,60000,0.0000,0.0000,0.6662,102799,1,154304,0.6662,0.0000,0.2220,34256,1,154304,0.2220,0.0000
184.90,0.9605,14656,0,60000,0.2443,0.0099,0.8534,0,0,60000,0.0000,0.0000,0.6662,102799,1,154304,0.6662,0.0000,0.2220,34256,1,154304,0.2220,0.0000
185.40,0.9605,14656,0,60000,0.2443,0.0099,0.8534,0,0,60000,0.0000,0.0000,0.6662,102799,1,154304,0.6662,0.0000,0.2220,34256,1,154304,0.2220,0.0000
185.90,0.9605,14656,0,60000,0.2443,0.0099,0.8534,0,0,60000,0.0000,0.0000,0.6662,102799,1,154304,0.6662,0.0000,0.2220,34256,1,154304,0.2220,0.0000
186.40,0.9605,14656,0,60000,0.2443,0.0099,0.8534,0,0,60000,0.0000,0.0000,0.6662,102799,1,154304,0.6662,0.0000,0.2220,34256,1,154304,0.2220,0.0000
186.90,0.9605,14656,0,60000,0.2443,0.0099,0.8534,0,0,60000,0.0000,0.0000,0.6662,102799,1,154304,0.6662,0.0000,0.2220,34256,1,154304,0.2220,0.0000
187.40,0.9605,14656,0,60000,0.2443,0.0099,0.8534,0,0,60000,0.0000,0.0000,0.6662,102799,1,154304,0.6662,0.0000,0.2220,34256,1,154304,0.2220,0.0000
187.90,0.9605,14656,0,60000,0.2443,0.0099,0.8534,0,0,60000,0.0000,0.0000,0.6662,102799,1,154304,0.6662,0.0000,0.2220,34256,1,154304,0.2220,0.0000
188.40,0.9605,14656,0,60000,0.2443,0.0099,0.8534,0,0,60000,0.0000,0.0000,0.6662,102799,1,154304,0.6662,0.0000,0.2220,34256,1,154304,0.2220,0.0000
188.90,0.9605,14656,0,60000,0.2443,0.0099,0.8534,0,0,60000,0.0000,0.0000,0.6662,102799,1,154304,0.6662,0.0000,0.2220,34256,1,154304,0.2220,0.0000
189.40,0.9605,14656,0,60000,0.2443,0.0099,0.8534,0,0,60000,0.0000,0.0000,0.6662,102799,1,154304,0.6662,0.0000,0.2220,34256,1,154304,0.2220,0.0000
189.90,0.9605,14656,0,60000,0.2443,0.0099,0.8534,0,0,60000,0.0000,0.0000,0.6662,102799,1,154304,0.6662,0.0000,0.2220,34256,1,154304,0.2220,0.0000
190.40,0.9605,14656,0,60000,0.2443,0.0099,0.8534,0,0,60000,0.0000,0.0000,0.6662,102799,1,154304,0.6662,0.0000,0.2220,34256,1,154304,0.2220,0.0000
190.90,0.9605,14656,0,60000,0.2443,0.0099,0.8534,0,0,60000,0.0000,0.0000,0.6662,102799,1,154304,0.6662,0.0000,0.2220,34256,1,154304,0.2220,0.0000
191.40,0.9605,14656,0,60000,0.2443,0.0099,0.8534,0,0,60000,0.0000,0.0000,0.6662,102799,1,154304,0.6662,0.0000,0.2220,34256,1,154304,0.2220,0.0000
191.90,0.9605,14656,0,60000,0.2443,0.0099,0.8534,0,0,60000,0.0000,0.0000,0.6662,102799,1,154304,0.6662,0.0000,0.2220,34256,1,154304,0.2220,0.0000
192.40,0.9605,14656,0,60000,0.2443,0.0099,0.8534,0,0,60000,0.0000,0.0000,0.6662,102799,1,154304,0.6662,0.0000,0.2220,34256,1,154304,0.2220,0.0000
192.90,0.9605,14656,0,60000,0.2443,0.0099,0.8534,0,0,60000,0.0000,0.0000,0.6662,102799,1,154304,0.6662,0.0000,0.2220,34256,1,154304,0.2220,0.0000
193.40,0.9605,14656,0,60000,0.2443,0.0099,0.8534,0,0,60000,0.0000,0.0000,0.6662,102799,1,154304,0.6662,0.0000,0.2220,34256,1,154304,0.2220,0.0000
193.90,0.9605,14656,0,60000,0.2443,0.0099,0.8534,0,0,60000,0.0000,0.0000,0.6662,102799,1,154304,0.6662,0.0000,0.2220,34256,1,154304,0.2220,0.0000
194.40,0.9605,14656,0,60000,0.2443,0.0099,0.8534,0,0,60000,0.0000,0.0000,,,,,,,0.2220,34256,1,154304,0.2220,0.0000
197.43,0.9605,14656,0,60000,0.2443,0.0099,0.8534,0,0,60000,0.0000,0.0000,0.6662,102799,1,154304,0.6662,0.0000,0.2220,34256,1,154304,0.2220,0.0000
199.19,0.9605,14656,0,60000,0.2443,0.0099,0.8534,0,0,60000,0.0000,0.0000,0.6662,102799,1,154304,0.6662,0.0000,0.2220,34256,1,154304,0.2220,0.0000
199.69,0.9605,14656,0,60000,0.2443,0.0099,0.8534,0,0,60000,0.0000,0.0000,0.6662,102799,1,154304,0.6662,0.0000,0.2220,34256,1,154304,0.2220,0.0000
200.19,0.9605,14656,0,60000,0.2443,0.0099,0.8534,0,0,60000,0.0000,0.0000,0.6662,102799,1,154304,0.6662,0.0000,0.2220,34256,1,154304,0.2220,0.0000
200.69,0.9605,14656,0,60000,0.2443,0.0099,0.8534,0,0,60000,0.0000,0.0000,0.6662,102799,1,154304,0.6662,0.0000,0.2220,34256,1,154304,0.2220,0.0000
201.19,0.9605,14656,0,60000,0.2443,0.0099,0.8534,0,0,60000,0.0000,0.0000,0.6662,102799,1,154304,0.6662,0.0000,0.2220,34256,1,154304,0.2220,0.0000
201.69,0.9605,14656,0,60000,0.2443,0.0099,0.8534,0,0,60000,0.0000,0.0000,0.6662,102799,1,154304,0.6662,0.0000,0.2220,34256,1,154304,0.2220,0.0000
202.19,0.9605,14656,0,60000,0.2443,0.0099,0.8534,0,0,60000,0.0000,0.0000,0.6662,102799,1,154304,0.6662,0.0000,0.2220,34256,1,154304,0.2220,0.0000
202.69,0.9605,14656,0,60000,0.2443,0.0099,0.8534,0,0,60000,0.0000,0.0000,0.6662,102799,1,154304,0.6662,0.0000,0.2220,34256,1,154304,0.2220,0.0000
203.19,0.9605,14656,0,60000,0.2443,0.0099,0.8534,0,0,60000,0.0000,0.0000,0.6662,102799,1,154304,0.6662,0.0000,0.2220,34256,1,154304,0.2220,0.0000
203.69,0.9605,14656,0,60000,0.2443,0.0099,0.8534,0,0,60000,0.0000,0.0000,0.6662,102799,1,154304,0.6662,0.0000,0.2220,34256,1,154304,0.2220,0.0000
204.19,0.9605,14656,0,60000,0.2443,0.0099,0.8534,0,0,60000,0.0000,0.0000,0.6662,102799,1,154304,0.6662,0.0000,0.2220,34256,1,154304,0.2220,0.0000
204.69,0.9605,14656,0,60000,0.2443,0.0099,0.8534,0,0,60000,0.0000,0.0000,0.6662,102799,1,154304,0.6662,0.0000,0.2220,34256,1,154304,0.2220,0.0000
205.19,0.9605,14656,0,60000,0.2443,0.0099,0.8534,0,0,60000,0.0000,0.0000,0.6662,102799,1,154304,0.6662,0.0000,0.2220,34256,1,154304,0.2220,0.0000
205.69,0.9605,14656,0,60000,0.2443,0.0099,0.8534,0,0,60000,0.0000,0.0000,0.6662,102799,1,154304,0.6662,0.0000,0.2220,34256,1,154304,0.2220,0.0000
206.19,0.9605,14656,0,60000,0.2443,0.0099,0.8534,0,0,60000,0.0000,0.0000,0.6662,102799,1,154304,0.6662,0.0000,0.2220,34256,1,154304,0.2220,0.0000
206.69,0.9605,14656,0,60000,0.2443,0.0099,0.8534,0,0,60000,0.0000,0.0000,0.6662,102799,1,154304,0.6662,0.0000,0.2220,34256,1,154304,0.2220,0.0000
207.19,0.9605,14656,0,60000,0.2443,0.0099,0.8534,0,0,60000,0.0000,0.0000,0.6662,102799,1,154304,0.6662,0.0000,0.2220,34256,1,154304,0.2220,0.0000
207.69,0.9605,14656,0,60000,0.2443,0.0099,0.8534,0,0,60000,0.0000,0.0000,0.6662,102799,1,154304,0.6662,0.0000,0.2220,34256,1,154304,0.2220,0.0000
208.19,0.9605,14656,0,60000,0.2443,0.0099,0.8534,0,0,60000,0.0000,0.0000,0.6662,102799,1,154304,0.6662,0.0000,0.2220,34256,1,154304,0.2220,0.0000
208.69,0.9605,14656,0,60000,0.2443,0.0099,0.8534,0,0,60000,0.0000,0.0000,0.6662,102799,1,154304,0.6662,0.0000,0.2220,34256,1,154304,0.2220,0.0000
209.19,0.9605,14656,0,60000,0.2443,0.0099,0.8534,0,0,60000,0.0000,0.0000,0.6662,102799,1,154304,0.6662,0.0000,0.2220,34256,1,154304,0.2220,0.0000
209.69,0.9605,14656,0,60000,0.2443,0.0099,0.8534,0,0,60000,0.0000,0.0000,0.6662,102799,1,154304,0.6662,0.0000,0.2220,34256,1,154304,0.2220,0.0000
210.19,0.9605,14656,0,60000,0.2443,0.0099,0.8534,0,0,60000,0.0000,0.0000,0.6662,102799,1,154304,0.6662,0.0000,0.2220,34256,1,154304,0.2220,0.0000
210.69,0.9605,14656,0,60000,0.2443,0.0099,0.8534,0,0,60000,0.0000,0.0000,0.6662,102799,1,154304,0.6662,0.0000,0.2220,34256,1,154304,0.2220,0.0000
211.19,0.9605,14656,0,60000,0.2443,0.0099,0.8534,0,0,60000,0.0000,0.0000,0.6662,102799,1,154304,0.6662,0.0000,0.2220,34256,1,154304,0.2220,0.0000
211.69,0.9605,14656,0,60000,0.2443,0.0099,0.8534,0,0,60000,0.0000,0.0000,0.6662,102799,1,154304,0.6662,0.0000,0.2220,34256,1,154304,0.2220,0.0000
212.19,0.9605,14656,0,60000,0.2443,0.0099,0.8534,0,0,60000,0.0000,0.0000,0.6662,102799,1,154304,0.6662,0.0000,0.2220,34256,1,154304,0.2220,0.0000
212.69,0.9605,14656,0,60000,0.2443,0.0099,0.8534,0,0,60000,0.0000,0.0000,0.6662,102799,1,154304,0.6662,0.0000,0.2220,34256,1,154304,0.2220,0.0000
213.19,0.9605,14656,0,60000,0.2443,0.0099,0.8534,0,0,60000,0.0000,0.0000,0.6662,102799,1,154304,0.6662,0.0000,0.2220,34256,1,154304,0.2220,0.0000
213.69,0.9605,14656,0,60000,0.2443,0.0099,0.8534,0,0,60000,0.0000,0.0000,0.6662,102799,1,154304,0.6662,0.0000,0.2220,34256,1,154304,0.2220,0.0000
214.19,0.9605,14656,0,60000,0.2443,0.0099,0.8534,0,0,60000,0.0000,0.0000,0.6662,102799,1,154304,0.6662,0.0000,0.2220,34256,1,154304,0.2220,0.0000
214.69,0.9605,14656,0,60000,0.2443,0.0099,0.8534,0,0,60000,0.0000,0.0000,0.6662,102799,1,154304,0.6662,0.0000,0.2220,34256,1,154304,0.2220,0.0000
215.19,0.9605,14656,0,60000,0.2443,0.0099,0.8534,0,0,60000,0.0000,0.0000,0.6662,102799,1,154304,0.6662,0.0000,0.2220,34256,1,154304,0.2220,0.0000
215.69,0.9605,14656,0,60000,0.2443,0.0099,0.8534,0,0,60000,0.0000,0.0000,0.6662,102799,1,154304,0.6662,0.0000,0.2220,34256,1,154304,0.2220,0.0000
216.19,0.9605,14656,0,60000,0.2443,0.0099,0.8534,0,0,60000,0.0000,0.0000,0.6662,102799,1,154304,0.6662,0.0000,0.2220,34256,1,154304,0.2220,0.0000
216.69,0.9605,14656,0,60000,0.2443,0.0099,0.8534,0,0,60000,0.0000,0.0000,0.6662,102799,1,154304,0.6662,0.0000,0.2220,34256,1,154304,0.2220,0.0000
217.19,0.9605,14656,0,60000,0.2443,0.0099,0.8534,0,0,60000,0.0000,0.0000,0.6662,102799,1,154304,0.6662,0.0000,0.2220,34256,1,154304,0.2220,0.0000
217.69,0.9605,14656,0,60000,0.2443,0.0099,0.8534,0,0,60000,0.0000,0.0000,0.6662,102799,1,154304,0.6662,0.0000,0.2220,34256,1,154304,0.2220,0.0000
218.19,0.9605,14656,0,60000,0.2443,0.0099,0.8534,0,0,60000,0.0000,0.0000,0.6662,102799,1,154304,0.6662,0.0000,0.2220,34256,1,154304,0.2220,0.0000
218.69,0.9605,14656,0,60000,0.2443,0.0099,0.8534,0,0,60000,0.0000,0.0000,0.6662,102799,1,154304,0.6662,0.0000,0.2220,34256,1,154304,0.2220,0.0000
219.19,0.9605,14656,0,60000,0.2443,0.0099,0.8534,0,0,60000,0.0000,0.0000,0.6662,102799,1,154304,0.6662,0.0000,0.2220,34256,1,154304,0.2220,0.0000
219.69,0.9605,14656,0,60000,0.2443,0.0099,0.8534,0,0,60000,0.0000,0.0000,0.6662,102799,1,154304,0.6662,0.0000,0.2220,34256,1,154304,0.2220,0.0000
220.19,0.9605,14656,0,60000,0.2443,0.0099,0.8534,0,0,60000,0.0000,0.0000,0.6662,102799,1,154304,0.6662,0.0000,0.2220,34256,1,154304,0.2220,0.0000
220.69,0.9605,14656,0,60000,0.2443,0.0099,0.8534,0,0,60000,0.0000,0.0000,0.6662,102799,1,154304,0.6662,0.0000,0.2220,34256,1,154304,0.2220,0.0000
221.19,0.9605,14656,0,60000,0.2443,0.0099,0.8534,0,0,60000,0.0000,0.0000,0.6662,102799,1,154304,0.6662,0.0000,0.2220,34256,1,154304,0.2220,0.0000
221.69,0.9605,14656,0,60000,0.2443,0.0099,0.8534,0,0,60000,0.0000,0.0000,0.6662,102799,1,154304,0.6662,0.0000,0.2220,34256,1,154304,0.2220,0.0000
222.19,0.9605,14656,0,60000,0.2443,0.0099,0.8534,0,0,60000,0.0000,0.0000,0.6662,102799,1,154304,0.6662,0.0000,0.2220,34256,1,154304,0.2220,0.0000
222.69,0.9605,14656,0,60000,0.2443,0.0099,0.8534,0,0,60000,0.0000,0.0000,0.6662,102799,1,154304,0.6662,0.0000,0.2220,34256,1,154304,0.2220,0.0000
223.19,0.9605,14656,0,60000,0.2443,0.0099,0.8534,0,0,60000,0.0000,0.0000,0.6662,102799,1,154304,0.6662,0.0000,0.2220,34256,1,154304,0.2220,0.0000
223.69,0.9605,14656,0,60000,0.2443,0.0099,0.8534,0,0,60000,0.0000,0.0000,0.6662,102799,1,154304,0.6662,0.0000,0.2220,34256,1,154304,0.2220,0.0000
224.19,0.9605,14656,0,60000,0.2443,0.0099,0.8534,0,0,60000,0.0000,0.0000,0.6662,102799,1,154304,0.6662,0.0000,0.2220,34256,1,154304,0.2220,0.0000
224.69,0.9605,14656,0,60000,0.2443,0.0099,0.8534,0,0,60000,0.0000,0.0000,0.6662,102799,1,154304,0.6662,0.0000,0.2220,34256,1,154304,0.2220,0.0000
225.19,0.9605,14656,0,60000,0.2443,0.0099,0.8534,0,0,60000,0.0000,0.0000,0.6662,102799,1,154304,0.6662,0.0000,0.2220,34256,1,154304,0.2220,0.0000
225.69,0.9605,14656,0,60000,0.2443,0.0099,0.8534,0,0,60000,0.0000,0.0000,0.6662,102799,1,154304,0.6662,0.0000,0.2220,34256,1,154304,0.2220,0.0000
226.19,0.9605,14656,0,60000,0.2443,0.0099,0.8534,0,0,60000,0.0000,0.0000,0.6662,102799,1,154304,0.6662,0.0000,0.2220,34256,1,154304,0.2220,0.0000
226.69,0.9605,14656,0,60000,0.2443,0.0099,0.8534,0,0,60000,0.0000,0.0000,0.6662,102799,1,154304,0.6662,0.0000,0.2220,34256,1,154304,0.2220,0.0000
227.20,0.9605,14656,0,60000,0.2443,0.0099,0.8534,0,0,60000,0.0000,0.0000,0.6662,102799,1,154304,0.6662,0.0000,0.2220,34256,1,154304,0.2220,0.0000
227.70,0.9605,14656,0,60000,0.2443,0.0099,0.8534,0,0,60000,0.0000,0.0000,0.6662,102799,1,154304,0.6662,0.0000,0.2220,34256,1,154304,0.2220,0.0000
228.20,0.9605,14656,0,60000,0.2443,0.0099,0.8534,0,0,60000,0.0000,0.0000,0.6662,102799,1,154304,0.6662,0.0000,0.2220,34256,1,154304,0.2220,0.0000
228.70,0.9605,14656,0,60000,0.2443,0.0099,0.8534,0,0,60000,0.0000,0.0000,0.6662,102799,1,154304,0.6662,0.0000,0.2220,34256,1,154304,0.2220,0.0000
229.20,0.9605,14656,0,60000,0.2443,0.0099,0.8534,0,0,60000,0.0000,0.0000,0.6662,102799,1,154304,0.6662,0.0000,0.2220,34256,1,154304,0.2220,0.0000
229.70,0.9605,14656,0,60000,0.2443,0.0099,0.8534,0,0,60000,0.0000,0.0000,0.6662,102799,1,154304,0.6662,0.0000,0.2220,34256,1,154304,0.2220,0.0000
230.20,0.9605,14656,0,60000,0.2443,0.0099,0.8534,0,0,60000,0.0000,0.0000,0.6662,102799,1,154304,0.6662,0.0000,0.2220,34256,1,154304,0.2220,0.0000
230.70,0.9605,14656,0,60000,0.2443,0.0099,0.8534,0,0,60000,0.0000,0.0000,0.6662,102799,1,154304,0.6662,0.0000,0.2220,34256,1,154304,0.2220,0.0000
231.20,0.9605,14656,0,60000,0.2443,0.0099,0.8534,0,0,60000,0.0000,0.0000,0.6662,102799,1,154304,0.6662,0.0000,0.2220,34256,1,154304,0.2220,0.0000
231.70,0.9605,14656,0,60000,0.2443,0.0099,0.8534,0,0,60000,0.0000,0.0000,0.6662,102799,1,154304,0.6662,0.0000,0.2220,34256,1,154304,0.2220,0.0000
232.20,0.9605,14656,0,60000,0.2443,0.0099,0.8534,0,0,60000,0.0000,0.0000,0.6662,102799,1,154304,0.6662,0.0000,0.2220,34256,1,154304,0.2220,0.0000
232.70,0.9605,14656,0,60000,0.2443,0.0099,0.8534,0,0,60000,0.0000,0.0000,0.6662,102799,1,154304,0.6662,0.0000,0.2220,34256,1,154304,0.2220,0.0000
233.20,0.9605,14656,0,60000,0.2443,0.0099,0.8534,0,0,60000,0.0000,0.0000,0.6662,102799,1,154304,0.6662,0.0000,0.2220,34256,1,154304,0.2220,0.0000
233.70,0.9605,14656,0,60000,0.2443,0.0099,0.8534,0,0,60000,0.0000,0.0000,0.6662,102799,1,154304,0.6662,0.0000,0.2220,34256,1,154304,0.2220,0.0000
234.20,0.9605,14656,0,60000,0.2443,0.0099,0.8534,0,0,60000,0.0000,0.0000,0.6662,102799,1,154304,0.6662,0.0000,0.2220,34256,1,154304,0.2220,0.0000
234.70,0.9605,14656,0,60000,0.2443,0.0099,0.8534,0,0,60000,0.0000,0.0000,0.6662,102799,1,154304,0.6662,0.0000,0.2220,34256,1,154304,0.2220,0.0000
235.20,0.9605,14656,0,60000,0.2443,0.0099,0.8534,0,0,60000,0.0000,0.0000,0.6662,102799,1,154304,0.6662,0.0000,0.2220,34256,1,154304,0.2220,0.0000
235.70,0.9605,14656,0,60000,0.2443,0.0099,0.8534,0,0,60000,0.0000,0.0000,0.6662,102799,1,154304,0.6662,0.0000,0.2220,34256,1,154304,0.2220,0.0000
236.20,0.9605,14656,0,60000,0.2443,0.0099,0.8534,0,0,60000,0.0000,0.0000,0.6662,102799,1,154304,0.6662,0.0000,0.2220,34256,1,154304,0.2220,0.0000
236.70,0.9605,14656,0,60000,0.2443,0.0099,0.8534,0,0,60000,0.0000,0.0000,0.6662,102799,1,154304,0.6662,0.0000,0.2220,34256,1,154304,0.2220,0.0000
237.20,0.9605,14656,0,60000,0.2443,0.0099,0.8534,0,0,60000,0.0000,0.0000,0.6662,102799,1,154304,0.6662,0.0000,0.2220,34256,1,154304,0.2220,0.0000
237.70,0.9605,14656,0,60000,0.2443,0.0099,0.8534,0,0,60000,0.0000,0.0000,0.6662,102799,1,154304,0.6662,0.0000,0.2220,34256,1,154304,0.2220,0.0000
238.20,0.9605,14656,0,60000,0.2443,0.0099,0.8534,0,0,60000,0.0000,0.0000,0.6662,102799,1,154304,0.6662,0.0000,0.2220,34256,1,154304,0.2220,0.0000
238.70,0.9605,14656,0,60000,0.2443,0.0099,0.8534,0,0,60000,0.0000,0.0000,0.6662,102799,1,154304,0.6662,0.0000,0.2220,34256,1,154304,0.2220,0.0000
239.20,0.9605,14656,0,60000,0.2443,0.0099,0.8534,0,0,60000,0.0000,0.0000,0.6662,102799,1,154304,0.6662,0.0000,0.2220,34256,1,154304,0.2220,0.0000
239.70,0.9605,14656,0,60000,0.2443,0.0099,0.8534,0,0,60000,0.0000,0.0000,0.6662,102799,1,154304,0.6662,0.0000,0.2220,34256,1,154304,0.2220,0.0000
240.20,0.9605,14656,0,60000,0.2443,0.0099,0.8534,0,0,60000,0.0000,0.0000,0.6662,102799,1,154304,0.6662,0.0000,0.2220,34256,1,154304,0.2220,0.0000
240.70,0.9605,14656,0,60000,0.2443,0.0099,0.8534,0,0,60000,0.0000,0.0000,0.6662,102799,1,154304,0.6662,0.0000,0.2220,34256,1,154304,0.2220,0.0000
241.20,0.9605,14656,0,60000,0.2443,0.0099,0.8534,0,0,60000,0.0000,0.0000,0.6662,102799,1,154304,0.6662,0.0000,0.2220,34256,1,154304,0.2220,0.0000
241.70,0.9605,14656,0,60000,0.2443,0.0099,0.8534,0,0,60000,0.0000,0.0000,0.6662,102799,1,154304,0.6662,0.0000,0.2220,34256,1,154304,0.2220,0.0000
242.20,0.9605,14656,0,60000,0.2443,0.0099,0.8534,0,0,60000,0.0000,0.0000,0.6662,102799,1,154304,0.6662,0.0000,0.2220,34256,1,154304,0.2220,0.0000
242.70,0.9605,14656,0,60000,0.2443,0.0099,0.8534,0,0,60000,0.0000,0.0000,0.6662,102799,1,154304,0.6662,0.0000,0.2220,34256,1,154304,0.2220,0.0000
243.20,0.9605,14656,0,60000,0.2443,0.0099,0.8534,0,0,60000,0.0000,0.0000,0.6662,102799,1,154304,0.6662,0.0000,0.2220,34256,1,154304,0.2220,0.0000
243.70,0.9605,14656,0,60000,0.2443,0.0099,0.8534,0,0,60000,0.0000,0.0000,0.6662,102799,1,154304,0.6662,0.0000,0.2220,34256,1,154304,0.2220,0.0000
244.20,0.9605,14656,0,60000,0.2443,0.0099,0.8534,0,0,60000,0.0000,0.0000,0.6662,102799,1,154304,0.6662,0.0000,0.2220,34256,1,154304,0.2220,0.0000
244.70,0.9605,14656,0,60000,0.2443,0.0099,0.8534,0,0,60000,0.0000,0.0000,0.6662,102799,1,154304,0.6662,0.0000,0.2220,34256,1,154304,0.2220,0.0000
245.20,0.9605,14656,0,60000,0.2443,0.0099,0.8534,0,0,60000,0.0000,0.0000,0.6662,102799,1,154304,0.6662,0.0000,0.2220,34256,1,154304,0.2220,0.0000
245.70,0.9605,14656,0,60000,0.2443,0.0099,0.8534,0,0,60000,0.0000,0.0000,0.6662,102799,1,154304,0.6662,0.0000,0.2220,34256,1,154304,0.2220,0.0000
246.20,0.9605,14656,0,60000,0.2443,0.0099,0.8534,0,0,60000,0.0000,0.0000,0.6662,102799,1,154304,0.6662,0.0000,0.2220,34256,1,154304,0.2220,0.0000
246.70,0.9605,14656,0,60000,0.2443,0.0099,0.8534,0,0,60000,0.0000,0.0000,0.6662,102799,1,154304,0.6662,0.0000,0.2220,34256,1,154304,0.2220,0.0000
247.20,0.9605,14656,0,60000,0.2443,0.0099,0.8534,0,0,60000,0.0000,0.0000,0.6662,102799,1,154304,0.6662,0.0000,0.2220,34256,1,154304,0.2220,0.0000
247.70,0.9605,14656,0,60000,0.2443,0.0099,0.8534,0,0,60000,0.0000,0.0000,0.6662,102799,1,154304,0.6662,0.0000,0.2220,34256,1,154304,0.2220,0.0000
248.20,0.9605,14656,0,60000,0.2443,0.0099,0.8534,0,0,60000,0.0000,0.0000,0.6662,102799,1,154304,0.6662,0.0000,0.2220,34256,1,154304,0.2220,0.0000
248.70,0.9605,14656,0,60000,0.2443,0.0099,0.8534,0,0,60000,0.0000,0.0000,0.6662,102799,1,154304,0.6662,0.0000,0.2220,34256,1,154304,0.2220,0.0000
249.20,0.9605,14656,0,60000,0.2443,0.0099,0.8534,0,0,60000,0.0000,0.0000,0.6662,102799,1,154304,0.6662,0.0000,0.2220,34256,1,154304,0.2220,0.0000
249.70,0.9605,14656,0,60000,0.2443,0.0099,0.8534,0,0,60000,0.0000,0.0000,0.6662,102799,1,154304,0.6662,0.0000,0.2220,34256,1,154304,0.2220,0.0000
250.20,0.9605,14656,0,60000,0.2443,0.0099,0.8534,0,0,60000,0.0000,0.0000,0.6662,102799,1,154304,0.6662,0.0000,0.2220,34256,1,154304,0.2220,0.0000
250.70,0.9605,14656,0,60000,0.2443,0.0099,0.8534,0,0,60000,0.0000,0.0000,0.6662,102799,1,154304,0.6662,0.0000,0.2220,34256,1,154304,0.2220,0.0000
251.20,0.9605,14656,0,60000,0.2443,0.0099,0.8534,0,0,60000,0.0000,0.0000,0.6662,102799,1,154304,0.6662,0.0000,0.2220,34256,1,154304,0.2220,0.0000
251.70,0.9605,14656,0,60000,0.2443,0.0099,0.8534,0,0,60000,0.0000,0.0000,0.6662,102799,1,154304,0.6662,0.0000,0.2220,34256,1,154304,0.2220,0.0000
252.20,0.9605,14656,0,60000,0.2443,0.0099,0.8534,0,0,60000,0.0000,0.0000,0.6662,102799,1,154304,0.6662,0.0000,0.2220,34256,1,154304,0.2220,0.0000
252.70,0.9605,14656,0,60000,0.2443,0.0099,0.8534,0,0,60000,0.0000,0.0000,0.6662,102799,1,154304,0.6662,0.0000,0.2220,34256,1,154304,0.2220,0.0000
253.20,0.9605,14656,0,60000,0.2443,0.0099,0.8534,0,0,60000,0.0000,0.0000,0.6662,102799,1,154304,0.6662,0.0000,0.2220,34256,1,154304,0.2220,0.0000
253.70,0.9605,14656,0,60000,0.2443,0.0099,0.8534,0,0,60000,0.0000,0.0000,0.6662,102799,1,154304,0.6662,0.0000,0.2220,34256,1,154304,0.2220,0.0000
254.20,0.9605,14656,0,60000,0.2443,0.0099,0.8534,0,0,60000,0.0000,0.0000,0.6662,102799,1,154304,0.6662,0.0000,0.2220,34256,1,154304,0.2220,0.0000
254.70,0.9605,14656,0,60000,0.2443,0.0099,0.8534,0,0,60000,0.0000,0.0000,0.6662,102799,1,154304,0.6662,0.0000,0.2220,34256,1,154304,0.2220,0.0000
255.20,0.9605,14656,0,60000,0.2443,0.0099,0.8534,0,0,60000,0.0000,0.0000,0.6662,102799,1,154304,0.6662,0.0000,0.2220,34256,1,154304,0.2220,0.0000
255.70,0.9605,14656,0,60000,0.2443,0.0099,0.8534,0,0,60000,0.0000,0.0000,0.6662,102799,1,154304,0.6662,0.0000,0.2220,34256,1,154304,0.2220,0.0000
256.20,0.9605,14656,0,60000,0.2443,0.0099,0.8534,0,0,60000,0.0000,0.0000,0.6662,102799,1,154304,0.6662,0.0000,0.2220,34256,1,154304,0.2220,0.0000
256.70,0.9605,14656,0,60000,0.2443,0.0099,0.8534,0,0,60000,0.0000,0.0000,0.6662,102799,1,154304,0.6662,0.0000,0.2220,34256,1,154304,0.2220,0.0000
257.20,0.9605,14656,0,60000,0.2443,0.0099,0.8534,0,0,60000,0.0000,0.0000,0.6662,102799,1,154304,0.6662,0.0000,0.2220,34256,1,154304,0.2220,0.0000
257.70,0.9605,14656,0,60000,0.2443,0.0099,0.8534,0,0,60000,0.0000,0.0000,0.6662,102799,1,154304,0.6662,0.0000,0.2220,34256,1,154304,0.2220,0.0000
258.20,0.9605,14656,0,60000,0.2443,0.0099,0.8534,0,0,60000,0.0000,0.0000,0.6662,102799,1,154304,0.6662,0.0000,0.2220,34256,1,154304,0.2220,0.0000
258.70,0.9605,14656,0,60000,0.2443,0.0099,0.8534,0,0,60000,0.0000,0.0000,0.6662,102799,1,154304,0.6662,0.0000,0.2220,34256,1,154304,0.2220,0.0000
259.20,0.9605,14656,0,60000,0.2443,0.0099,0.8534,0,0,60000,0.0000,0.0000,0.6662,102799,1,154304,0.6662,0.0000,0.2220,34256,1,154304,0.2220,0.0000
259.70,0.9605,14656,0,60000,0.2443,0.0099,0.8534,0,0,60000,0.0000,0.0000,0.6662,102799,1,154304,0.6662,0.0000,0.2220,34256,1,154304,0.2220,0.0000
260.20,0.9605,14656,0,60000,0.2443,0.0099,0.8534,0,0,60000,0.0000,0.0000,0.6662,102799,1,154304,0.6662,0.0000,0.2220,34256,1,154304,0.2220,0.0000
260.70,0.9605,14656,0,60000,0.2443,0.0099,0.8534,0,0,60000,0.0000,0.0000,0.6662,102799,1,154304,0.6662,0.0000,0.2220,34256,1,154304,0.2220,0.0000
261.20,0.9605,14656,0,60000,0.2443,0.0099,0.8534,0,0,60000,0.0000,0.0000,0.6662,102799,1,154304,0.6662,0.0000,0.2220,34256,1,154304,0.2220,0.0000
261.70,0.9605,14656,0,60000,0.2443,0.0099,0.8534,0,0,60000,0.0000,0.0000,0.6662,102799,1,154304,0.6662,0.0000,0.2220,34256,1,154304,0.2220,0.0000
262.20,0.9605,14656,0,60000,0.2443,0.0099,0.8534,0,0,60000,0.0000,0.0000,0.6662,102799,1,154304,0.6662,0.0000,0.2220,34256,1,154304,0.2220,0.0000
262.70,0.9605,14656,0,60000,0.2443,0.0099,0.8534,0,0,60000,0.0000,0.0000,0.6662,102799,1,154304,0.6662,0.0000,0.2220,34256,1,154304,0.2220,0.0000
263.20,0.9605,14656,0,60000,0.2443,0.0099,0.8534,0,0,60000,0.0000,0.0000,0.6662,102799,1,154304,0.6662,0.0000,0.2220,34256,1,154304,0.2220,0.0000
263.70,0.9605,14656,0,60000,0.2443,0.0099,0.8534,0,0,60000,0.0000,0.0000,0.6662,102799,1,154304,0.6662,0.0000,0.2220,34256,1,154304,0.2220,0.0000
264.20,0.9605,14656,0,60000,0.2443,0.0099,0.8534,0,0,60000,0.0000,0.0000,0.6662,102799,1,154304,0.6662,0.0000,0.2220,34256,1,154304,0.2220,0.0000
264.70,0.9605,14656,0,60000,0.2443,0.0099,0.8534,0,0,60000,0.0000,0.0000,0.6662,102799,1,154304,0.6662,0.0000,0.2220,34256,1,154304,0.2220,0.0000
265.20,0.9605,14656,0,60000,0.2443,0.0099,0.8534,0,0,60000,0.0000,0.0000,0.6662,102799,1,154304,0.6662,0.0000,0.2220,34256,1,154304,0.2220,0.0000
265.70,0.9605,14656,0,60000,0.2443,0.0099,0.8534,0,0,60000,0.0000,0.0000,0.6662,102799,1,154304,0.6662,0.0000,0.2220,34256,1,154304,0.2220,0.0000
266.20,0.9605,14656,0,60000,0.2443,0.0099,0.8534,0,0,60000,0.0000,0.0000,0.6662,102799,1,154304,0.6662,0.0000,0.2220,34256,1,154304,0.2220,0.0000
266.70,0.9605,14656,0,60000,0.2443,0.0099,0.8534,0,0,60000,0.0000,0.0000,0.6662,102799,1,154304,0.6662,0.0000,0.2220,34256,1,154304,0.2220,0.0000
267.20,0.9605,14656,0,60000,0.2443,0.0099,0.8534,0,0,60000,0.0000,0.0000,0.6662,102799,1,154304,0.6662,0.0000,0.2220,34256,1,154304,0.2220,0.0000
267.70,0.9605,14656,0,60000,0.2443,0.0099,0.8534,0,0,60000,0.0000,0.0000,0.6662,102799,1,154304,0.6662,0.0000,0.2220,34256,1,154304,0.2220,0.0000
268.20,0.9605,14656,0,60000,0.2443,0.0099,0.8534,0,0,60000,0.0000,0.0000,0.6662,102799,1,154304,0.6662,0.0000,0.2220,34256,1,154304,0.2220,0.0000
268.70,0.9605,14656,0,60000,0.2443,0.0099,0.8534,0,0,60000,0.0000,0.0000,0.6662,102799,1,154304,0.6662,0.0000,0.2220,34256,1,154304,0.2220,0.0000
269.20,0.9605,14656,0,60000,0.2443,0.0099,0.8534,0,0,60000,0.0000,0.0000,0.6662,102799,1,154304,0.6662,0.0000,0.2220,34256,1,154304,0.2220,0.0000
269.70,0.9605,14656,0,60000,0.2443,0.0099,0.8534,0,0,60000,0.0000,0.0000,0.6662,102799,1,154304,0.6662,0.0000,0.2220,34256,1,154304,0.2220,0.0000
270.20,0.9605,14656,0,60000,0.2443,0.0099,0.8534,0,0,60000,0.0000,0.0000,0.6662,102799,1,154304,0.6662,0.0000,0.2220,34256,1,154304,0.2220,0.0000
270.70,0.9605,14656,0,60000,0.2443,0.0099,0.8534,0,0,60000,0.0000,0.0000,0.6662,102799,1,154304,0.6662,0.0000,0.2220,34256,1,154304,0.2220,0.0000
271.20,0.9605,14656,0,60000,0.2443,0.0099,0.8534,0,0,60000,0.0000,0.0000,0.6662,102799,1,154304,0.6662,0.0000,0.2220,34256,1,154304,0.2220,0.0000
271.70,0.9605,14656,0,60000,0.2443,0.0099,0.8534,0,0,60000,0.0000,0.0000,0.6662,102799,1,154304,0.6662,0.0000,0.2220,34256,1,154304,0.2220,0.0000
272.20,0.9605,14656,0,60000,0.2443,0.0099,0.8534,0,0,60000,0.0000,0.0000,0.6662,102799,1,154304,0.6662,0.0000,0.2220,34256,1,154304,0.2220,0.0000
272.70,0.9605,14656,0,60000,0.2443,0.0099,0.8534,0,0,60000,0.0000,0.0000,0.6662,102799,1,154304,0.6662,0.0000,0.2220,34256,1,154304,0.2220,0.0000
273.20,0.9605,14656,0,60000,0.2443,0.0099,0.8534,0,0,60000,0.0000,0.0000,0.6662,102799,1,154304,0.6662,0.0000,0.2220,34256,1,154304,0.2220,0.0000
273.70,0.9605,14656,0,60000,0.2443,0.0099,0.8534,0,0,60000,0.0000,0.0000,0.6662,102799,1,154304,0.6662,0.0000,0.2220,34256,1,154304,0.2220,0.0000
274.20,0.9605,14656,0,60000,0.2443,0.0099,0.8534,0,0,60000,0.0000,0.0000,0.6662,102799,1,154304,0.6662,0.0000,0.2220,34256,1,154304,0.2220,0.0000
274.70,0.9605,14656,0,60000,0.2443,0.0099,0.8534,0,0,60000,0.0000,0.0000,0.6662,102799,1,154304,0.6662,0.0000,0.2220,34256,1,154304,0.2220,0.0000
275.20,0.9605,14656,0,60000,0.2443,0.0099,0.8534,0,0,60000,0.0000,0.0000,0.6662,102799,1,154304,0.6662,0.0000,0.2220,34256,1,154304,0.2220,0.0000
275.70,0.9605,14656,0,60000,0.2443,0.0099,0.8534,0,0,60000,0.0000,0.0000,0.6662,102799,1,154304,0.6662,0.0000,0.2220,34256,1,154304,0.2220,0.0000
276.20,0.9605,14656,0,60000,0.2443,0.0099,0.8534,0,0,60000,0.0000,0.0000,0.6662,102799,1,154304,0.6662,0.0000,0.2220,34256,1,154304,0.2220,0.0000
276.70,0.9605,14656,0,60000,0.2443,0.0099,0.8534,0,0,60000,0.0000,0.0000,0.6662,102799,1,154304,0.6662,0.0000,0.2220,34256,1,154304,0.2220,0.0000
277.20,0.9605,14656,0,60000,0.2443,0.0099,0.8534,0,0,60000,0.0000,0.0000,0.6662,102799,1,154304,0.6662,0.0000,0.2220,34256,1,154304,0.2220,0.0000
277.70,0.9605,14656,0,60000,0.2443,0.0099,0.8534,0,0,60000,0.0000,0.0000,0.6662,102799,1,154304,0.6662,0.0000,0.2220,34256,1,154304,0.2220,0.0000
278.20,0.9605,14656,0,60000,0.2443,0.0099,0.8534,0,0,60000,0.0000,0.0000,0.6662,102799,1,154304,0.6662,0.0000,0.2220,34256,1,154304,0.2220,0.0000
278.70,0.9605,14656,0,60000,0.2443,0.0099,0.8534,0,0,60000,0.0000,0.0000,0.6662,102799,1,154304,0.6662,0.0000,0.2220,34256,1,154304,0.2220,0.0000
279.20,0.9605,14656,0,60000,0.2443,0.0099,0.8534,0,0,60000,0.0000,0.0000,0.6662,102799,1,154304,0.6662,0.0000,0.2220,34256,1,154304,0.2220,0.0000
279.70,0.9605,14656,0,60000,0.2443,0.0099,0.8534,0,0,60000,0.0000,0.0000,0.6662,102799,1,154304,0.6662,0.0000,0.2220,34256,1,154304,0.2220,0.0000
280.20,0.9605,14656,0,60000,0.2443,0.0099,0.8534,0,0,60000,0.0000,0.0000,0.6662,102799,1,154304,0.6662,0.0000,0.2220,34256,1,154304,0.2220,0.0000
280.70,0.9605,14656,0,60000,0.2443,0.0099,0.8534,0,0,60000,0.0000,0.0000,0.6662,102799,1,154304,0.6662,0.0000,0.2220,34256,1,154304,0.2220,0.0000
281.20,0.9605,14656,0,60000,0.2443,0.0099,0.8534,0,0,60000,0.0000,0.0000,0.6662,102799,1,154304,0.6662,0.0000,0.2220,34256,1,154304,0.2220,0.0000
281.70,0.9605,14656,0,60000,0.2443,0.0099,0.8534,0,0,60000,0.0000,0.0000,0.6662,102799,1,154304,0.6662,0.0000,0.2220,34256,1,154304,0.2220,0.0000
282.20,0.9605,14656,0,60000,0.2443,0.0099,0.8534,0,0,60000,0.0000,0.0000,0.6662,102799,1,154304,0.6662,0.0000,0.2220,34256,1,154304,0.2220,0.0000
282.70,0.9605,14656,0,60000,0.2443,0.0099,0.8534,0,0,60000,0.0000,0.0000,0.6662,102799,1,154304,0.6662,0.0000,0.2220,34256,1,154304,0.2220,0.0000
283.20,0.9605,14656,0,60000,0.2443,0.0099,0.8534,0,0,60000,0.0000,0.0000,0.6662,102799,1,154304,0.6662,0.0000,0.2220,34256,1,154304,0.2220,0.0000
283.70,0.9605,14656,0,60000,0.2443,0.0099,0.8534,0,0,60000,0.0000,0.0000,0.6662,102799,1,154304,0.6662,0.0000,0.2220,34256,1,154304,0.2220,0.0000
284.20,0.9605,14656,0,60000,0.2443,0.0099,0.8534,0,0,60000,0.0000,0.0000,0.6662,102799,1,154304,0.6662,0.0000,0.2220,34256,1,154304,0.2220,0.0000
284.70,0.9605,14656,0,60000,0.2443,0.0099,0.8534,0,0,60000,0.0000,0.0000,0.6662,102799,1,154304,0.6662,0.0000,0.2220,34256,1,154304,0.2220,0.0000
285.20,0.9605,14656,0,60000,0.2443,0.0099,0.8534,0,0,60000,0.0000,0.0000,0.6662,102799,1,154304,0.6662,0.0000,0.2220,34256,1,154304,0.2220,0.0000
285.70,0.9605,14656,0,60000,0.2443,0.0099,0.8534,0,0,60000,0.0000,0.0000,0.6662,102799,1,154304,0.6662,0.0000,0.2220,34256,1,154304,0.2220,0.0000
286.20,0.9605,14656,0,60000,0.2443,0.0099,0.8534,0,0,60000,0.0000,0.0000,0.6662,102799,1,154304,0.6662,0.0000,0.2220,34256,1,154304,0.2220,0.0000
286.70,0.9605,14656,0,60000,0.2443,0.0099,0.8534,0,0,60000,0.0000,0.0000,0.6662,102799,1,154304,0.6662,0.0000,0.2220,34256,1,154304,0.2220,0.0000
287.20,0.9605,14656,0,60000,0.2443,0.0099,0.8534,0,0,60000,0.0000,0.0000,0.6662,102799,1,154304,0.6662,0.0000,0.2220,34256,1,154304,0.2220,0.0000
287.70,0.9605,14656,0,60000,0.2443,0.0099,0.8534,0,0,60000,0.0000,0.0000,0.6662,102799,1,154304,0.6662,0.0000,0.2220,34256,1,154304,0.2220,0.0000
288.20,0.9605,14656,0,60000,0.2443,0.0099,0.8534,0,0,60000,0.0000,0.0000,0.6662,102799,1,154304,0.6662,0.0000,0.2220,34256,1,154304,0.2220,0.0000
288.70,0.9605,14656,0,60000,0.2443,0.0099,0.8534,0,0,60000,0.0000,0.0000,0.6662,102799,1,154304,0.6662,0.0000,0.2220,34256,1,154304,0.2220,0.0000
289.20,0.9605,14656,0,60000,0.2443,0.0099,0.8534,0,0,60000,0.0000,0.0000,0.6662,102799,1,154304,0.6662,0.0000,0.2220,34256,1,154304,0.2220,0.0000
289.70,0.9605,14656,0,60000,0.2443,0.0099,0.8534,0,0,60000,0.0000,0.0000,0.6662,102799,1,154304,0.6662,0.0000,0.2220,34256,1,154304,0.2220,0.0000
290.20,0.9605,14656,0,60000,0.2443,0.0099,0.8534,0,0,60000,0.0000,0.0000,0.6662,102799,1,154304,0.6662,0.0000,0.2220,34256,1,154304,0.2220,0.0000
290.70,0.9605,14656,0,60000,0.2443,0.0099,0.8534,0,0,60000,0.0000,0.0000,0.6662,102799,1,154304,0.6662,0.0000,0.2220,34256,1,154304,0.2220,0.0000
291.20,0.9605,14656,0,60000,0.2443,0.0099,0.8534,0,0,60000,0.0000,0.0000,0.6662,102799,1,154304,0.6662,0.0000,0.2220,34256,1,154304,0.2220,0.0000
291.70,0.9605,14656,0,60000,0.2443,0.0099,0.8534,0,0,60000,0.0000,0.0000,0.6662,102799,1,154304,0.6662,0.0000,0.2220,34256,1,154304,0.2220,0.0000
292.20,0.9605,14656,0,60000,0.2443,0.0099,0.8534,0,0,60000,0.0000,0.0000,0.6662,102799,1,154304,0.6662,0.0000,0.2220,34256,1,154304,0.2220,0.0000
292.70,0.9605,14656,0,60000,0.2443,0.0099,0.8534,0,0,60000,0.0000,0.0000,0.6662,102799,1,154304,0.6662,0.0000,0.2220,34256,1,154304,0.2220,0.0000
293.20,0.9605,14656,0,60000,0.2443,0.0099,0.8534,0,0,60000,0.0000,0.0000,0.6662,102799,1,154304,0.6662,0.0000,0.2220,34256,1,154304,0.2220,0.0000
293.70,0.9605,14656,0,60000,0.2443,0.0099,0.8534,0,0,60000,0.0000,0.0000,0.6662,102799,1,154304,0.6662,0.0000,0.2220,34256,1,154304,0.2220,0.0000
294.20,0.9605,14656,0,60000,0.2443,0.0099,0.8534,0,0,60000,0.0000,0.0000,0.6662,102799,1,154304,0.6662,0.0000,0.2220,34256,1,154304,0.2220,0.0000
294.70,0.9605,14656,0,60000,0.2443,0.0099,0.8534,0,0,60000,0.0000,0.0000,0.6662,102799,1,154304,0.6662,0.0000,0.2220,34256,1,154304,0.2220,0.0000
295.20,0.9605,14656,0,60000,0.2443,0.0099,0.8534,0,0,60000,0.0000,0.0000,0.6662,102799,1,154304,0.6662,0.0000,0.2220,34256,1,154304,0.2220,0.0000
295.70,0.9605,14656,0,60000,0.2443,0.0099,0.9217,4137,0,60000,0.0689,0.0000,0.6662,102799,1,154304,0.6662,0.0000,0.2220,34256,1,154304,0.2220,0.0000
296.20,0.9605,14656,0,60000,0.2443,0.0099,0.9899,8233,0,60000,0.1372,0.0000,0.6662,102799,1,154304,0.6662,0.0000,0.2220,34256,1,154304,0.2220,0.0000
296.70,0.9605,14656,0,60000,0.2443,0.0099,0.9899,8233,0,60000,0.1372,0.0000,0.6662,102799,1,154304,0.6662,0.0000,0.2220,34256,1,154304,0.2220,0.0000
297.20,0.9605,14656,0,60000,0.2443,0.0099,0.9206,12605,0,60000,0.2101,0.0000,0.6662,102799,1,154304,0.6662,0.0000,0.2220,34256,1,154304,0.2220,0.0000
297.70,0.9605,14656,0,60000,0.2443,0.0099,0.9889,8233,0,60000,0.1372,0.0000,0.6662,102799,1,154304,0.6662,0.0000,0.2220,34256,1,154304,0.2220,0.0000
298.20,0.9605,14656,0,60000,0.2443,0.0099,0.9934,8507,0,60000,0.1418,0.0000,0.6662,102799,1,154304,0.6662,0.0000,0.2220,34256,1,154304,0.2220,0.0000
298.70,0.9605,14656,0,60000,0.2443,0.0099,0.9934,8507,0,60000,0.1418,0.0000,0.5543,85532,1,154304,0.5543,0.0000,0.2220,34256,1,154304,0.2220,0.0000
299.20,0.9605,14656,0,60000,0.2443,0.0099,0.9934,8507,0,60000,0.1418,0.0000,0.5543,85532,1,154304,0.5543,0.0000,0.2220,34256,1,154304,0.2220,0.0000
299.70,0.9605,14656,0,60000,0.2443,0.0099,0.9934,8507,0,60000,0.1418,0.0000,0.5543,85532,1,154304,0.5543,0.0000,0.2220,34256,1,154304,0.2220,0.0000
300.20,0.9605,14656,0,60000,0.2443,0.0099,0.9888,4137,0,60000,0.0689,0.0000,0.5543,85532,1,154304,0.5543,0.0000,0.2220,34256,1,154304,0.2220,0.0000
300.71,0.9605,14656,0,60000,0.2443,0.0099,0.9888,8233,0,60000,0.1372,0.0000,0.5543,85532,1,154304,0.5543,0.0000,0.2220,34256,1,154304,0.2220,0.0000
301.21,0.9605,14656,0,60000,0.2443,0.0099,0.8509,16982,0,60000,0.2830,0.9978,0.5543,85532,1,154304,0.5543,0.0000,0.2220,34256,1,154304,0.2220,0.0000
301.71,0.9605,14656,0,60000,0.2443,0.0099,0.8509,16982,0,60000,0.2830,0.9978,0.5543,85532,1,154304,0.5543,0.0000,0.2220,34256,1,154304,0.2220,0.0000
302.21,0.9605,14656,0,60000,0.2443,0.0099,0.8509,16982,0,60000,0.2830,0.9978,0.5543,85532,1,154304,0.5543,0.0000,0.2220,34256,1,154304,0.2220,0.0000
302.71,0.9605,14656,0,60000,0.2443,0.0099,0.8509,16982,0,60000,0.2830,0.9978,0.5543,85532,1,154304,0.5543,0.0000,0.4968,76660,1,154304,0.4968,0.0000
303.21,0.9605,14656,0,60000,0.2443,0.0099,0.8509,16982,0,60000,0.2830,0.9978,0.5543,85532,1,154304,0.5543,0.0000,0.4968,76660,1,154304,0.4968,0.0000
303.71,0.9605,14656,0,60000,0.2443,0.0099,0.8509,16982,0,60000,0.2830,0.9978,0.5543,85532,1,154304,0.5543,0.0000,0.4968,76660,1,154304,0.4968,0.0000
304.21,0.9605,14656,0,60000,0.2443,0.0099,0.8509,16982,0,60000,0.2830,0.9978,0.5543,85532,1,154304,0.5543,0.0000,0.4968,76660,1,154304,0.4968,0.0000
304.71,0.9605,14656,0,60000,0.2443,0.0099,0.8509,16982,0,60000,0.2830,0.9978,0.5543,85532,1,154304,0.5543,0.0000,0.4968,76660,1,154304,0.4968,0.0000
305.21,0.9605,14656,0,60000,0.2443,0.0099,0.8509,16982,0,60000,0.2830,0.9978,0.5543,85532,1,154304,0.5543,0.0000,0.4968,76660,1,154304,0.4968,0.0000
305.71,0.9605,14656,0,60000,0.2443,0.0099,0.8509,16982,0,60000,0.2830,0.9978,0.5543,85532,1,154304,0.5543,0.0000,0.4968,76660,1,154304,0.4968,0.0000
306.21,0.9605,14656,0,60000,0.2443,0.0099,0.9194,4137,0,60000,0.0689,0.0000,0.5543,85532,1,154304,0.5543,0.0000,0.4968,76660,1,154304,0.4968,0.0000
306.71,0.9605,14656,0,60000,0.2443,0.0099,0.8459,25223,0,60000,0.4204,0.9823,0.5543,85532,1,154304,0.5543,0.0000,0.4968,76660,1,154304,0.4968,0.0000
307.21,0.9605,14656,0,60000,0.2443,0.0099,0.8459,25223,0,60000,0.4204,0.9823,0.5543,85532,1,154304,0.5543,0.0000,0.4968,76660,1,154304,0.4968,0.0000
307.71,0.9605,14656,0,60000,0.2443,0.0099,0.9193,29626,0,60000,0.4938,0.0000,0.5543,85532,1,154304,0.5543,0.0000,0.4968,76660,1,154304,0.4968,0.0000
308.21,0.9605,14656,0,60000,0.2443,0.0099,0.9876,33722,0,60000,0.5620,0.0000,0.5543,85532,1,154304,0.5543,0.0000,0.4968,76660,1,154304,0.4968,0.0000
308.71,0.9605,14656,0,60000,0.2443,0.0099,0.9876,33722,0,60000,0.5620,0.0000,0.3325,51311,1,154304,0.3325,0.0000,0.4968,76660,1,154304,0.4968,0.0000
309.21,0.9605,14656,0,60000,0.2443,0.0099,0.9876,33722,0,60000,0.5620,0.0000,0.3325,51311,1,154304,0.3325,0.0000,0.4968,76660,1,154304,0.4968,0.0000
309.71,0.9605,14656,0,60000,0.2443,0.0099,0.9876,33722,0,60000,0.5620,0.0000,0.3325,51311,1,154304,0.3325,0.0000,0.4965,76613,1,154304,0.4965,0.0000
310.21,0.9605,14656,0,60000,0.2443,0.0099,0.9876,33722,0,60000,0.5620,0.0000,0.3325,51311,1,154304,0.3325,0.0000,0.4965,76613,1,154304,0.4965,0.0000
310.71,0.9605,14656,0,60000,0.2443,0.0099,0.9184,4137,0,60000,0.0689,0.0000,0.3325,51311,1,154304,0.3325,0.0000,0.4965,76613,1,154304,0.4965,0.0000
311.21,0.9605,14656,0,60000,0.2443,0.0099,0.9867,8233,0,60000,0.1372,0.0000,0.3325,51311,1,154304,0.3325,0.0000,0.4965,76613,1,154304,0.4965,0.0000
311.71,0.9605,14656,0,60000,0.2443,0.0099,0.8488,16966,0,60000,0.2828,0.9978,0.3325,51311,1,154304,0.3325,0.0000,0.4965,76613,1,154304,0.4965,0.0000
312.21,0.9605,14656,0,60000,0.2443,0.0099,0.8494,25492,0,60000,0.4249,0.9975,0.3325,51311,1,154304,0.3325,0.0000,0.4965,76613,1,154304,0.4965,0.0000
312.71,0.9605,14656,0,60000,0.2443,0.0099,0.8494,25492,0,60000,0.4249,0.9975,0.3325,51311,1,154304,0.3325,0.0000,0.4965,76613,1,154304,0.4965,0.0000
313.21,0.9605,14656,0,60000,0.2443,0.0099,0.8500,34066,0,60000,0.5678,0.9977,0.3325,51311,1,154304,0.3325,0.0000,0.4965,76613,1,154304,0.4965,0.0000
313.71,0.9605,14656,0,60000,0.2443,0.0099,0.8506,34115,0,60000,0.5686,0.9978,0.3325,51311,1,154304,0.3325,0.0000,0.4965,76613,1,154304,0.4965,0.0000
314.21,0.9605,14656,0,60000,0.2443,0.0099,0.8506,34115,0,60000,0.5686,0.9978,0.3325,51311,1,154304,0.3325,0.0000,0.4965,76613,1,154304,0.4965,0.0000
314.71,0.9605,14656,0,60000,0.2443,0.0099,0.8506,34115,0,60000,0.5686,0.9978,0.3325,51311,1,154304,0.3325,0.0000,0.4965,76613,1,154304,0.4965,0.0000
315.21,0.9605,14656,0,60000,0.2443,0.0099,0.9191,21209,0,60000,0.3535,0.0000,0.3325,51311,1,154304,0.3325,0.0000,0.4965,76613,1,154304,0.4965,0.0000
315.71,0.9605,14656,0,60000,0.2443,0.0099,0.9874,25305,0,60000,0.4218,0.0000,0.3325,51311,1,154304,0.3325,0.0000,0.4965,76613,1,154304,0.4965,0.0000
316.21,0.9605,14656,0,60000,0.2443,0.0099,0.9874,25305,0,60000,0.4218,0.0000,0.3325,51311,1,154304,0.3325,0.0000,0.4965,76613,1,154304,0.4965,0.0000
316.71,0.9605,14656,0,60000,0.2443,0.0099,0.8500,16960,0,60000,0.2827,0.9978,0.3332,51417,1,154304,0.3332,0.0000,0.4412,68077,1,154304,0.4412,0.0000
317.21,0.9605,14656,0,60000,0.2443,0.0099,0.9185,21075,0,60000,0.3513,0.0000,0.3332,51417,1,154304,0.3332,0.0000,0.4412,68077,1,154304,0.4412,0.0000
317.71,0.9605,14656,0,60000,0.2443,0.0099,0.9868,25171,0,60000,0.4195,0.0000,0.3332,51417,1,154304,0.3332,0.0000,0.4412,68077,1,154304,0.4412,0.0000
318.21,0.9605,14656,0,60000,0.2443,0.0099,0.8490,25488,0,60000,0.4248,0.9977,0.3332,51417,1,154304,0.3332,0.0000,0.4412,68077,1,154304,0.4412,0.0000
318.71,0.9605,14656,0,60000,0.2443,0.0099,0.9911,25563,0,60000,0.4260,0.9975,0.3332,51417,1,154304,0.3332,0.0000,0.4412,68077,1,154304,0.4412,0.0000
319.21,0.9605,14656,0,60000,0.2443,0.0099,0.9869,29681,0,60000,0.4947,0.0000,0.3332,51417,1,154304,0.3332,0.0000,0.4412,68077,1,154304,0.4412,0.0000
319.71,0.9605,14656,0,60000,0.2443,0.0099,0.9869,25326,0,60000,0.4221,0.0099,0.3332,51417,1,154304,0.3332,0.0000,0.5522,85212,1,154304,0.5522,0.0000
320.21,0.9605,14656,0,60000,0.2443,0.0099,0.9869,25326,0,60000,0.4221,0.0099,0.3332,51417,1,154304,0.3332,0.0000,0.5522,85212,1,154304,0.5522,0.0000
320.71,0.9605,14656,0,60000,0.2443,0.0099,0.9096,29422,0,60000,0.4904,0.0000,0.3332,51417,1,154304,0.3332,0.0000,0.5522,85212,1,154304,0.5522,0.0000
321.21,0.9605,14656,0,60000,0.2443,0.0099,0.9779,24955,0,60000,0.4159,0.0099,0.3332,51417,1,154304,0.3332,0.0000,0.5522,85212,1,154304,0.5522,0.0000
321.71,0.9605,14656,0,60000,0.2443,0.0099,0.9779,24955,0,60000,0.4159,0.0099,0.3332,51417,1,154304,0.3332,0.0000,0.5522,85212,1,154304,0.5522,0.0000
322.21,0.9605,14656,0,60000,0.2443,0.0099,0.9779,33147,0,60000,0.5524,0.0101,0.3332,51417,1,154304,0.3332,0.0000,0.5522,85212,1,154304,0.5522,0.0000
322.71,0.9605,14656,0,60000,0.2443,0.0099,0.9779,33147,0,60000,0.5524,0.0101,0.3332,51417,1,154304,0.3332,0.0000,0.5522,85212,1,154304,0.5522,0.0000
323.21,0.9605,14656,0,60000,0.2443,0.0099,0.9035,28775,0,60000,0.4796,0.0000,0.3867,59677,1,154304,0.3867,0.0000,0.5522,85212,1,154304,0.5522,0.0000
323.71,0.9605,14656,0,60000,0.2443,0.0099,0.9717,24342,0,60000,0.4057,0.0099,0.3867,59677,1,154304,0.3867,0.0000,0.5522,85212,1,154304,0.5522,0.0000
324.21,0.9605,14656,0,60000,0.2443,0.0099,0.8983,28438,0,60000,0.4740,0.0000,0.3867,59677,1,154304,0.3867,0.0000,0.5522,85212,1,154304,0.5522,0.0000
324.71,0.9605,14656,0,60000,0.2443,0.0099,0.9666,24081,0,60000,0.4013,0.0101,0.3867,59677,1,154304,0.3867,0.0000,0.4411,68064,1,154304,0.4411,0.0000
325.21,0.9605,14656,0,60000,0.2443,0.0099,0.9666,24081,0,60000,0.4013,0.0101,0.3867,59677,1,154304,0.3867,0.0000,0.4411,68064,1,154304,0.4411,0.0000
325.71,0.9605,14656,0,60000,0.2443,0.0099,0.9620,19734,0,60000,0.3289,0.0000,0.3867,59677,1,154304,0.3867,0.0000,0.4411,68064,1,154304,0.4411,0.0000
326.21,0.9605,14656,0,60000,0.2443,0.0099,0.9620,15295,0,60000,0.2549,0.0099,0.3867,59677,1,154304,0.3867,0.0000,0.4411,68064,1,154304,0.4411,0.0000
326.71,0.9605,14656,0,60000,0.2443,0.0099,0.8811,19391,0,60000,0.3232,0.0000,0.3867,59677,1,154304,0.3867,0.0000,0.4411,68064,1,154304,0.4411,0.0000
327.21,0.9605,14656,0,60000,0.2443,0.0099,0.9494,15025,0,60000,0.2504,0.0099,0.2768,42704,1,154304,0.2768,0.0000,0.4411,68064,1,154304,0.4411,0.0000
327.71,0.9605,14656,0,60000,0.2443,0.0099,0.9494,19121,0,60000,0.3187,0.0000,0.2768,42704,1,154304,0.2768,0.0000,0.4411,68064,1,154304,0.4411,0.0000
328.21,0.9605,14656,0,60000,0.2443,0.0099,0.9494,19121,0,60000,0.3187,0.0000,0.2768,42704,1,154304,0.2768,0.0000,0.4411,68064,1,154304,0.4411,0.0000
328.71,0.9605,14656,0,60000,0.2443,0.0099,0.9515,23180,0,60000,0.3863,0.6765,0.2768,42704,1,154304,0.2768,0.0000,0.4411,68064,1,154304,0.4411,0.0000
329.21,0.9605,14656,0,60000,0.2443,0.0099,0.9281,27276,0,60000,0.4546,0.0000,0.2768,42704,1,154304,0.2768,0.0000,0.4411,68064,1,154304,0.4411,0.0000
329.71,0.9605,14656,0,60000,0.2443,0.0099,0.9924,56848,0,60000,0.9475,0.9025,0.2768,42704,1,154304,0.2768,0.0000,0.4411,68064,1,154304,0.4411,0.0000
330.21,0.9605,14656,0,60000,0.2443,0.0099,0.9924,56848,0,60000,0.9475,0.9025,0.2768,42704,1,154304,0.2768,0.0000,0.4411,68064,1,154304,0.4411,0.0000
330.71,0.9605,14656,0,60000,0.2443,0.0099,0.9598,55223,0,60000,0.9204,0.0000,0.2768,42704,1,154304,0.2768,0.0000,0.4411,68064,1,154304,0.4411,0.0000
331.21,0.9605,14656,0,60000,0.2443,0.0099,0.9598,55223,0,60000,0.9204,0.0000,0.2767,42702,1,154304,0.2767,0.0000,0.4411,68064,1,154304,0.4411,0.0000
331.71,0.9605,14656,0,60000,0.2443,0.0099,0.9895,59369,0,60000,0.9895,0.9636,0.2767,42702,1,154304,0.2767,0.0000,0.4411,68064,1,154304,0.4411,0.0000
332.21,0.9605,14656,0,60000,0.2443,0.0099,0.9895,59369,0,60000,0.9895,0.9636,0.2767,42702,1,154304,0.2767,0.0000,0.4411,68064,1,154304,0.4411,0.0000
332.71,0.9605,14656,0,60000,0.2443,0.0099,0.9895,59369,0,60000,0.9895,0.9636,0.2767,42702,1,154304,0.2767,0.0000,0.5530,85332,1,154304,0.5530,0.0000
333.21,0.9605,14656,0,60000,0.2443,0.0099,0.9895,59369,0,60000,0.9895,0.9636,0.2767,42702,1,154304,0.2767,0.0000,0.5530,85332,1,154304,0.5530,0.0000
333.71,0.9605,14656,0,60000,0.2443,0.0099,0.9895,59369,0,60000,0.9895,0.9636,0.2767,42702,1,154304,0.2767,0.0000,0.5530,85332,1,154304,0.5530,0.0000
334.21,0.9605,14656,0,60000,0.2443,0.0099,0.9214,46723,0,60000,0.7787,0.0000,0.2767,42702,1,154304,0.2767,0.0000,0.5530,85332,1,154304,0.5530,0.0000
334.71,0.9605,14656,0,60000,0.2443,0.0099,0.8472,42332,0,60000,0.7055,0.0099,0.2767,42702,1,154304,0.2767,0.0000,0.5530,85332,1,154304,0.5530,0.0000
335.21,0.9605,14656,0,60000,0.2443,0.0099,0.9155,46428,0,60000,0.7738,0.0000,0.2767,42702,1,154304,0.2767,0.0000,0.5530,85332,1,154304,0.5530,0.0000
335.71,0.9605,14656,0,60000,0.2443,0.0099,0.9155,46428,0,60000,0.7738,0.0000,0.2767,42702,1,154304,0.2767,0.0000,0.5530,85332,1,154304,0.5530,0.0000
336.21,0.9605,14656,0,60000,0.2443,0.0099,0.8427,42047,0,60000,0.7008,0.0099,0.2767,42702,1,154304,0.2767,0.0000,0.5530,85332,1,154304,0.5530,0.0000
336.71,0.9605,14656,0,60000,0.2443,0.0099,0.9110,37573,0,60000,0.6262,0.0000,0.2767,42702,1,154304,0.2767,0.0000,0.5530,85332,1,154304,0.5530,0.0000
337.21,0.9605,14656,0,60000,0.2443,0.0099,0.9793,50187,0,60000,0.8365,0.6774,0.2767,42702,1,154304,0.2767,0.0000,0.5530,85332,1,154304,0.5530,0.0000
337.71,0.9605,14656,0,60000,0.2443,0.0099,0.9047,45727,0,60000,0.7621,0.0000,0.2767,42702,1,154304,0.2767,0.0000,0.4971,76710,1,154304,0.4971,0.0000
338.21,0.9605,14656,0,60000,0.2443,0.0099,0.9047,45727,0,60000,0.7621,0.0000,0.2767,42702,1,154304,0.2767,0.0000,0.4971,76710,1,154304,0.4971,0.0000
338.71,0.9605,14656,0,60000,0.2443,0.0099,0.9721,49830,0,60000,0.8305,0.6770,0.2766,42673,1,154304,0.2766,0.0000,0.4971,76710,1,154304,0.4971,0.0000
339.21,0.9605,14656,0,60000,0.2443,0.0099,0.9670,53926,0,60000,0.8988,0.0000,0.2766,42673,1,154304,0.2766,0.0000,0.4971,76710,1,154304,0.4971,0.0000
339.71,0.9605,14656,0,60000,0.2443,0.0099,0.9670,58022,0,60000,0.9670,0.0000,0.2766,42673,1,154304,0.2766,0.0000,0.4971,76710,1,154304,0.4971,0.0000
340.21,0.9605,14656,0,60000,0.2443,0.0099,0.9920,42551,0,60000,0.7092,0.0099,0.2766,42673,1,154304,0.2766,0.0000,0.4971,76710,1,154304,0.4971,0.0000
340.71,0.9605,14656,0,60000,0.2443,0.0099,0.9878,46647,0,60000,0.7774,0.0000,0.2766,42673,1,154304,0.2766,0.0000,0.4971,76710,1,154304,0.4971,0.0000
341.21,0.9605,14656,0,60000,0.2443,0.0099,0.9878,50743,0,60000,0.8457,0.0099,0.2766,42673,1,154304,0.2766,0.0000,0.4971,76710,1,154304,0.4971,0.0000
341.71,0.9605,14656,0,60000,0.2443,0.0099,0.9878,50743,0,60000,0.8457,0.0099,0.2766,42673,1,154304,0.2766,0.0000,0.5520,85175,1,154304,0.5520,0.0000
342.21,0.9605,14656,0,60000,0.2443,0.0099,0.9818,58907,0,60000,0.9818,0.9361,0.2766,42673,1,154304,0.2766,0.0000,0.5520,85175,1,154304,0.5520,0.0000
342.71,0.9605,14656,0,60000,0.2443,0.0099,0.9818,58907,0,60000,0.9818,0.9361,0.2766,42673,1,154304,0.2766,0.0000,0.5520,85175,1,154304,0.5520,0.0000
343.21,0.9605,14656,0,60000,0.2443,0.0099,0.9818,58907,0,60000,0.9818,0.9361,0.2766,42673,1,154304,0.2766,0.0000,0.5520,85175,1,154304,0.5520,0.0000
343.71,0.9605,14656,0,60000,0.2443,0.0099,0.9911,59467,0,60000,0.9911,0.9977,0.2768,42707,1,154304,0.2768,0.0000,0.5520,85175,1,154304,0.5520,0.0000
344.21,0.9605,14656,0,60000,0.2443,0.0099,0.9911,59467,0,60000,0.9911,0.9977,0.2768,42707,1,154304,0.2768,0.0000,0.5520,85175,1,154304,0.5520,0.0000
344.71,0.9605,14656,0,60000,0.2443,0.0099,0.9911,59467,0,60000,0.9911,0.9977,0.2768,42707,1,154304,0.2768,0.0000,0.5520,85175,1,154304,0.5520,0.0000
345.21,0.9605,14656,0,60000,0.2443,0.0099,0.9664,55120,0,60000,0.9187,0.0000,0.2768,42707,1,154304,0.2768,0.0000,0.5520,85175,1,154304,0.5520,0.0000
345.71,0.9605,14656,0,60000,0.2443,0.0099,0.9869,50753,0,60000,0.8459,0.0000,0.2768,42707,1,154304,0.2768,0.0000,0.5520,85175,1,154304,0.5520,0.0000
346.21,0.9605,14656,0,60000,0.2443,0.0099,0.9869,50753,0,60000,0.8459,0.0000,0.2768,42707,1,154304,0.2768,0.0000,0.5520,85175,1,154304,0.5520,0.0000
346.71,0.9605,14656,0,60000,0.2443,0.0099,0.9966,59796,0,60000,0.9966,0.9977,0.2768,42707,1,154304,0.2768,0.0000,0.4417,68155,1,154304,0.4417,0.0000
347.21,0.9605,14656,0,60000,0.2443,0.0099,0.9966,59796,0,60000,0.9966,0.9977,0.2768,42707,1,154304,0.2768,0.0000,0.4417,68155,1,154304,0.4417,0.0000
347.71,0.9605,14656,0,60000,0.2443,0.0099,0.9966,59796,0,60000,0.9966,0.9977,0.2768,42707,1,154304,0.2768,0.0000,0.4417,68155,1,154304,0.4417,0.0000
348.21,0.9605,14656,0,60000,0.2443,0.0099,0.9966,59796,0,60000,0.9966,0.9977,0.2768,42707,1,154304,0.2768,0.0000,0.4417,68155,1,154304,0.4417,0.0000
348.71,0.9605,14656,0,60000,0.2443,0.0099,0.9966,59795,0,60000,0.9966,0.9978,0.2768,42707,1,154304,0.2768,0.0000,0.4417,68155,1,154304,0.4417,0.0000
349.21,0.9605,14656,0,60000,0.2443,0.0099,0.9966,59795,0,60000,0.9966,0.9978,0.2768,42707,1,154304,0.2768,0.0000,0.4417,68155,1,154304,0.4417,0.0000
349.71,0.9605,14656,0,60000,0.2443,0.0099,0.9966,59795,0,60000,0.9966,0.9978,0.2768,42707,1,154304,0.2768,0.0000,0.4417,68155,1,154304,0.4417,0.0000
350.21,0.9605,14656,0,60000,0.2443,0.0099,0.9955,59731,0,60000,0.9955,0.9978,0.3333,51429,1,154304,0.3333,0.0000,0.4417,68155,1,154304,0.4417,0.0000
350.71,0.9605,14656,0,60000,0.2443,0.0099,0.9955,59731,0,60000,0.9955,0.9978,0.3333,51429,1,154304,0.3333,0.0000,0.4421,68211,1,154304,0.4421,0.0000
351.21,0.9605,14656,0,60000,0.2443,0.0099,0.9215,55288,0,60000,0.9215,0.0000,0.3333,51429,1,154304,0.3333,0.0000,0.4421,68211,1,154304,0.4421,0.0000
351.71,0.9605,14656,0,60000,0.2443,0.0099,0.9897,59384,0,60000,0.9897,0.0000,0.3333,51429,1,154304,0.3333,0.0000,0.4421,68211,1,154304,0.4421,0.0000
352.21,0.9605,14656,0,60000,0.2443,0.0099,0.9937,51121,0,60000,0.8520,0.0099,0.3333,51429,1,154304,0.3333,0.0000,0.4421,68211,1,154304,0.4421,0.0000
352.71,0.9605,14656,0,60000,0.2443,0.0099,0.9203,55217,0,60000,0.9203,0.0000,0.3333,51429,1,154304,0.3333,0.0000,0.4421,68211,1,154304,0.4421,0.0000
353.21,0.9605,14656,0,60000,0.2443,0.0099,0.9886,50739,0,60000,0.8457,0.0099,0.3333,51429,1,154304,0.3333,0.0000,0.4421,68211,1,154304,0.4421,0.0000
353.71,0.9605,14656,0,60000,0.2443,0.0099,0.9152,46367,0,60000,0.7728,0.0000,0.3333,51429,1,154304,0.3333,0.0000,0.4421,68211,1,154304,0.4421,0.0000
354.21,0.9605,14656,0,60000,0.2443,0.0099,0.9835,50463,0,60000,0.8410,0.0099,0.3333,51429,1,154304,0.3333,0.0000,0.4421,68211,1,154304,0.4421,0.0000
354.71,0.9605,14656,0,60000,0.2443,0.0099,0.9835,50463,0,60000,0.8410,0.0099,0.3333,51429,1,154304,0.3333,0.0000,0.4421,68211,1,154304,0.4421,0.0000
355.21,0.9605,14656,0,60000,0.2443,0.0099,0.9093,46000,0,60000,0.7667,0.0000,0.2768,42716,1,154304,0.2768,0.0000,0.4421,68211,1,154304,0.4421,0.0000
355.71,0.9605,14656,0,60000,0.2443,0.0099,0.9768,50096,0,60000,0.8349,0.0099,0.2768,42716,1,154304,0.2768,0.0000,0.4421,68211,1,154304,0.4421,0.0000
356.21,0.9605,14656,0,60000,0.2443,0.0099,0.9032,45644,0,60000,0.7607,0.0000,0.2768,42716,1,154304,0.2768,0.0000,0.4978,76810,1,154304,0.4978,0.0000
356.71,0.9605,14656,0,60000,0.2443,0.0099,0.9715,41184,0,60000,0.6864,0.0101,0.2768,42716,1,154304,0.2768,0.0000,0.4978,76810,1,154304,0.4978,0.0000
357.21,0.9605,14656,0,60000,0.2443,0.0099,0.9715,41184,0,60000,0.6864,0.0101,0.2768,42716,1,154304,0.2768,0.0000,0.4978,76810,1,154304,0.4978,0.0000
357.71,0.9605,14656,0,60000,0.2443,0.0099,0.8961,45280,0,60000,0.7547,0.0000,0.2768,42716,1,154304,0.2768,0.0000,0.4978,76810,1,154304,0.4978,0.0000
358.21,0.9605,14656,0,60000,0.2443,0.0099,0.9643,49376,0,60000,0.8229,0.0099,0.2768,42716,1,154304,0.2768,0.0000,0.4978,76810,1,154304,0.4978,0.0000
358.71,0.9605,14656,0,60000,0.2443,0.0099,0.8912,44953,0,60000,0.7492,0.0000,0.2768,42716,1,154304,0.2768,0.0000,0.4978,76810,1,154304,0.4978,0.0000
359.21,0.9605,14656,0,60000,0.2443,0.0099,0.9595,40552,0,60000,0.6759,0.0099,0.2768,42716,1,154304,0.2768,0.0000,0.4978,76810,1,154304,0.4978,0.0000
359.71,0.9605,14656,0,60000,0.2443,0.0099,0.9595,40552,0,60000,0.6759,0.0099,0.2768,42716,1,154304,0.2768,0.0000,0.4978,76810,1,154304,0.4978,0.0000
360.21,0.9605,14656,0,60000,0.2443,0.0099,0.9481,36193,0,60000,0.6032,0.0000,0.2768,42716,1,154304,0.2768,0.0000,0.4972,76713,1,154304,0.4972,0.0000
360.71,0.9605,14656,0,60000,0.2443,0.0099,0.8124,40289,0,60000,0.6715,0.0099,0.2768,42716,1,154304,0.2768,0.0000,0.4972,76713,1,154304,0.4972,0.0000
361.21,0.9605,14656,0,60000,0.2443,0.0099,0.8807,35960,0,60000,0.5993,0.0000,0.2759,42565,1,154304,0.2759,0.0000,0.4972,76713,1,154304,0.4972,0.0000
361.71,0.9605,14656,0,60000,0.2443,0.0099,0.8807,35960,0,60000,0.5993,0.0000,0.2759,42565,1,154304,0.2759,0.0000,0.4972,76713,1,154304,0.4972,0.0000
362.21,0.9605,14656,0,60000,0.2443,0.0099,0.9464,31490,0,60000,0.5248,0.0101,0.2759,42565,1,154304,0.2759,0.0000,0.4972,76713,1,154304,0.4972,0.0000
362.71,0.9605,14656,0,60000,0.2443,0.0099,0.9297,35586,0,60000,0.5931,0.0000,0.2759,42565,1,154304,0.2759,0.0000,0.4972,76713,1,154304,0.4972,0.0000
363.21,0.9605,14656,0,60000,0.2443,0.0099,0.9297,35586,0,60000,0.5931,0.0000,0.2759,42565,1,154304,0.2759,0.0000,0.4972,76713,1,154304,0.4972,0.0000
363.71,0.9605,14656,0,60000,0.2443,0.0099,0.9171,43778,0,60000,0.7296,0.0000,0.2759,42565,1,154304,0.2759,0.0000,0.4972,76713,1,154304,0.4972,0.0000
364.21,0.9605,14656,0,60000,0.2443,0.0099,0.9171,43778,0,60000,0.7296,0.0000,0.2759,42565,1,154304,0.2759,0.0000,0.4972,76713,1,154304,0.4972,0.0000
364.71,0.9605,14656,0,60000,0.2443,0.0099,0.9386,47874,0,60000,0.7979,0.0099,0.2759,42565,1,154304,0.2759,0.0000,0.4972,76713,1,154304,0.4972,0.0000
365.21,0.9605,14656,0,60000,0.2443,0.0099,0.8662,43512,0,60000,0.7252,0.0000,0.2759,42565,1,154304,0.2759,0.0000,0.4972,76713,1,154304,0.4972,0.0000
365.71,0.9605,14656,0,60000,0.2443,0.0099,0.9345,39142,0,60000,0.6524,0.0099,0.2761,42607,1,154304,0.2761,0.0000,0.4972,76713,1,154304,0.4972,0.0000
366.21,0.9605,14656,0,60000,0.2443,0.0099,0.8978,43238,0,60000,0.7206,0.0000,0.2761,42607,1,154304,0.2761,0.0000,0.4972,76713,1,154304,0.4972,0.0000
366.71,0.9605,14656,0,60000,0.2443,0.0099,0.8978,43238,0,60000,0.7206,0.0000,0.2761,42607,1,154304,0.2761,0.0000,0.4971,76709,1,154304,0.4971,0.0000
367.21,0.9605,14656,0,60000,0.2443,0.0099,0.9314,38831,0,60000,0.6472,0.0101,0.2761,42607,1,154304,0.2761,0.0000,0.4971,76709,1,154304,0.4971,0.0000
367.71,0.9605,14656,0,60000,0.2443,0.0099,0.9996,42927,0,60000,0.7155,0.0000,0.2761,42607,1,154304,0.2761,0.0000,0.4971,76709,1,154304,0.4971,0.0000
368.21,0.9605,14656,0,60000,0.2443,0.0099,0.9577,47100,0,60000,0.7850,0.6831,0.2761,42607,1,154304,0.2761,0.0000,0.4971,76709,1,154304,0.4971,0.0000
368.71,0.9605,14656,0,60000,0.2443,0.0099,0.9577,47100,0,60000,0.7850,0.6831,0.2761,42607,1,154304,0.2761,0.0000,0.4971,76709,1,154304,0.4971,0.0000
369.21,0.9605,14656,0,60000,0.2443,0.0099,0.9914,59485,0,60000,0.9914,0.9978,0.2761,42607,1,154304,0.2761,0.0000,0.4971,76709,1,154304,0.4971,0.0000
369.71,0.9605,14656,0,60000,0.2443,0.0099,0.9914,59485,0,60000,0.9914,0.9978,0.2761,42607,1,154304,0.2761,0.0000,0.4971,76709,1,154304,0.4971,0.0000
370.21,0.9605,14656,0,60000,0.2443,0.0099,0.9411,55178,0,60000,0.9196,0.0000,0.2761,42607,1,154304,0.2761,0.0000,0.4971,76709,1,154304,0.4971,0.0000
370.71,0.9605,14656,0,60000,0.2443,0.0099,0.9411,55178,0,60000,0.9196,0.0000,0.2761,42607,1,154304,0.2761,0.0000,0.4967,76638,1,154304,0.4967,0.0000
371.21,0.9605,14656,0,60000,0.2443,0.0099,0.9879,50741,0,60000,0.8457,0.0099,0.2761,42607,1,154304,0.2761,0.0000,0.4967,76638,1,154304,0.4967,0.0000
371.71,0.9605,14656,0,60000,0.2443,0.0099,0.9140,54837,0,60000,0.9140,0.0000,0.2761,42607,1,154304,0.2761,0.0000,0.4967,76638,1,154304,0.4967,0.0000
372.21,0.9605,14656,0,60000,0.2443,0.0099,0.9822,50474,0,60000,0.8412,0.0099,0.3323,51274,1,154304,0.3323,0.0000,0.4967,76638,1,154304,0.4967,0.0000
372.71,0.9605,14656,0,60000,0.2443,0.0099,0.9822,50474,0,60000,0.8412,0.0099,0.3323,51274,1,154304,0.3323,0.0000,0.4967,76638,1,154304,0.4967,0.0000
373.21,0.9605,14656,0,60000,0.2443,0.0099,0.9161,46081,0,60000,0.7680,0.0000,0.3323,51274,1,154304,0.3323,0.0000,0.4967,76638,1,154304,0.4967,0.0000
373.71,0.9605,14656,0,60000,0.2443,0.0099,0.9844,50177,0,60000,0.8363,0.0000,0.3323,51274,1,154304,0.3323,0.0000,0.4967,76638,1,154304,0.4967,0.0000
374.21,0.9605,14656,0,60000,0.2443,0.0099,0.9927,59560,0,60000,0.9927,0.9977,0.3323,51274,1,154304,0.3323,0.0000,0.4967,76638,1,154304,0.4967,0.0000
374.71,0.9605,14656,0,60000,0.2443,0.0099,0.9927,59560,0,60000,0.9927,0.9977,0.3323,51274,1,154304,0.3323,0.0000,0.4967,76638,1,154304,0.4967,0.0000
375.21,0.9605,14656,0,60000,0.2443,0.0099,0.9199,46703,0,60000,0.7784,0.0000,0.2215,34172,1,154304,0.2215,0.0000,0.4967,76638,1,154304,0.4967,0.0000
375.72,0.9605,14656,0,60000,0.2443,0.0099,0.9199,46703,0,60000,0.7784,0.0000,0.2215,34172,1,154304,0.2215,0.0000,0.4967,76638,1,154304,0.4967,0.0000
376.22,0.9605,14656,0,60000,0.2443,0.0099,0.9879,59274,0,60000,0.9879,0.9683,0.2215,34172,1,154304,0.2215,0.0000,0.4967,76638,1,154304,0.4967,0.0000
376.72,0.9605,14656,0,60000,0.2443,0.0099,0.9878,55170,0,60000,0.9195,0.0000,0.2215,34172,1,154304,0.2215,0.0000,0.5524,85230,1,154304,0.5524,0.0000
377.22,0.9605,14656,0,60000,0.2443,0.0099,0.9878,55170,0,60000,0.9195,0.0000,0.2215,34172,1,154304,0.2215,0.0000,0.5524,85230,1,154304,0.5524,0.0000
377.72,0.9605,14656,0,60000,0.2443,0.0099,0.9878,59266,0,60000,0.9878,0.0000,0.2215,34172,1,154304,0.2215,0.0000,0.5524,85230,1,154304,0.5524,0.0000
378.22,0.9605,14656,0,60000,0.2443,0.0099,0.9828,55156,0,60000,0.9193,0.0000,0.2215,34172,1,154304,0.2215,0.0000,0.5524,85230,1,154304,0.5524,0.0000
378.72,0.9605,14656,0,60000,0.2443,0.0099,0.9828,55156,0,60000,0.9193,0.0000,0.2215,34172,1,154304,0.2215,0.0000,0.5524,85230,1,154304,0.5524,0.0000
379.22,0.9605,14656,0,60000,0.2443,0.0099,0.9881,50777,0,60000,0.8463,0.0099,0.2215,34172,1,154304,0.2215,0.0000,0.5524,85230,1,154304,0.5524,0.0000
379.72,0.9605,14656,0,60000,0.2443,0.0099,0.9145,54873,0,60000,0.9145,0.0000,0.2215,34172,1,154304,0.2215,0.0000,0.5524,85230,1,154304,0.5524,0.0000
380.22,0.9605,14656,0,60000,0.2443,0.0099,0.9828,41896,0,60000,0.6983,0.0099,0.2215,34172,1,154304,0.2215,0.0000,0.6080,93817,1,154304,0.6080,0.0000
380.72,0.9605,14656,0,60000,0.2443,0.0099,0.9828,41896,0,60000,0.6983,0.0099,0.2215,34172,1,154304,0.2215,0.0000,0.6080,93817,1,154304,0.6080,0.0000
381.22,0.9605,14656,0,60000,0.2443,0.0099,0.9764,58582,0,60000,0.9764,0.8991,0.2215,34172,1,154304,0.2215,0.0000,0.6080,93817,1,154304,0.6080,0.0000
381.72,0.9605,14656,0,60000,0.2443,0.0099,0.9764,58582,0,60000,0.9764,0.8991,0.2213,34153,1,154304,0.2213,0.0000,0.6080,93817,1,154304,0.6080,0.0000
382.22,0.9605,14656,0,60000,0.2443,0.0099,0.9875,46661,0,60000,0.7777,0.0000,0.2213,34153,1,154304,0.2213,0.0000,0.6080,93817,1,154304,0.6080,0.0000
382.72,0.9605,14656,0,60000,0.2443,0.0099,0.9875,59247,0,60000,0.9875,0.9668,0.2213,34153,1,154304,0.2213,0.0000,0.6080,93817,1,154304,0.6080,0.0000
383.22,0.9605,14656,0,60000,0.2443,0.0099,0.9875,59247,0,60000,0.9875,0.9668,0.2213,34153,1,154304,0.2213,0.0000,0.6080,93817,1,154304,0.6080,0.0000
383.72,0.9605,14656,0,60000,0.2443,0.0099,0.9927,59564,0,60000,0.9927,0.9976,0.2213,34153,1,154304,0.2213,0.0000,0.6080,93817,1,154304,0.6080,0.0000
384.22,0.9605,14656,0,60000,0.2443,0.0099,0.9927,59564,0,60000,0.9927,0.9976,0.2213,34153,1,154304,0.2213,0.0000,0.6080,93817,1,154304,0.6080,0.0000
384.72,0.9605,14656,0,60000,0.2443,0.0099,0.9927,59564,0,60000,0.9927,0.9976,0.2213,34153,1,154304,0.2213,0.0000,0.6080,93817,1,154304,0.6080,0.0000
385.22,0.9605,14656,0,60000,0.2443,0.0099,0.9931,59589,0,60000,0.9931,0.9977,0.2213,34153,1,154304,0.2213,0.0000,0.5532,85355,1,154304,0.5532,0.0000
385.72,0.9605,14656,0,60000,0.2443,0.0099,0.9937,59623,0,60000,0.9937,0.9978,0.2213,34153,1,154304,0.2213,0.0000,0.5532,85355,1,154304,0.5532,0.0000
386.22,0.9605,14656,0,60000,0.2443,0.0099,0.9937,59623,0,60000,0.9937,0.9978,0.1657,25570,1,154304,0.1657,0.0000,0.5532,85355,1,154304,0.5532,0.0000
386.72,0.9605,14656,0,60000,0.2443,0.0099,0.9948,59689,0,60000,0.9948,0.9977,0.1657,25570,1,154304,0.1657,0.0000,0.5532,85355,1,154304,0.5532,0.0000
387.22,0.9605,14656,0,60000,0.2443,0.0099,0.9948,59689,0,60000,0.9948,0.9977,0.1657,25570,1,154304,0.1657,0.0000,0.5532,85355,1,154304,0.5532,0.0000
387.72,0.9605,14656,0,60000,0.2443,0.0099,0.9955,59732,0,60000,0.9955,0.9977,0.1657,25570,1,154304,0.1657,0.0000,0.5532,85355,1,154304,0.5532,0.0000
388.22,0.9605,14656,0,60000,0.2443,0.0099,0.9955,59732,0,60000,0.9955,0.9977,0.1657,25570,1,154304,0.1657,0.0000,0.5532,85355,1,154304,0.5532,0.0000
388.72,0.9605,14656,0,60000,0.2443,0.0099,0.9951,59707,0,60000,0.9951,0.9978,0.1657,25570,1,154304,0.1657,0.0000,0.5532,85355,1,154304,0.5532,0.0000
389.22,0.9605,14656,0,60000,0.2443,0.0099,0.9939,59634,0,60000,0.9939,0.9978,0.1657,25570,1,154304,0.1657,0.0000,0.5532,85355,1,154304,0.5532,0.0000
389.72,0.9605,14656,0,60000,0.2443,0.0099,0.9206,55236,0,60000,0.9206,0.0000,0.1657,25570,1,154304,0.1657,0.0000,0.6085,93892,1,154304,0.6085,0.0000
390.22,0.9605,14656,0,60000,0.2443,0.0099,0.9889,59332,0,60000,0.9889,0.0000,0.1657,25570,1,154304,0.1657,0.0000,0.6085,93892,1,154304,0.6085,0.0000
390.72,0.9605,14656,0,60000,0.2443,0.0099,0.9932,59594,0,60000,0.9932,0.9977,0.1657,25570,1,154304,0.1657,0.0000,0.6085,93892,1,154304,0.6085,0.0000
391.22,0.9605,14656,0,60000,0.2443,0.0099,0.9932,59594,0,60000,0.9932,0.9977,0.1657,25570,1,154304,0.1657,0.0000,0.6085,93892,1,154304,0.6085,0.0000
391.72,0.9605,14656,0,60000,0.2443,0.0099,0.9204,55225,0,60000,0.9204,0.0000,0.2214,34157,1,154304,0.2214,0.0000,0.6085,93892,1,154304,0.6085,0.0000
392.22,0.9605,14656,0,60000,0.2443,0.0099,0.9887,59321,0,60000,0.9887,0.0000,0.2214,34157,1,154304,0.2214,0.0000,0.6085,93892,1,154304,0.6085,0.0000
392.72,0.9605,14656,0,60000,0.2443,0.0099,0.9937,51145,0,60000,0.8524,0.9976,0.2214,34157,1,154304,0.2214,0.0000,0.6085,93892,1,154304,0.6085,0.0000
393.22,0.9605,14656,0,60000,0.2443,0.0099,0.9210,55262,0,60000,0.9210,0.0000,0.2214,34157,1,154304,0.2214,0.0000,0.6085,93892,1,154304,0.6085,0.0000
393.72,0.9605,14656,0,60000,0.2443,0.0099,0.9893,59358,0,60000,0.9893,0.0000,0.2214,34157,1,154304,0.2214,0.0000,0.6085,93892,1,154304,0.6085,0.0000
394.22,0.9605,14656,0,60000,0.2443,0.0099,0.9893,59358,0,60000,0.9893,0.0000,0.2214,34157,1,154304,0.2214,0.0000,0.6082,93840,1,154304,0.6082,0.0000
394.72,0.9605,14656,0,60000,0.2443,0.0099,0.9949,59695,0,60000,0.9949,0.9977,0.2214,34157,1,154304,0.2214,0.0000,0.6082,93840,1,154304,0.6082,0.0000
395.22,0.9605,14656,0,60000,0.2443,0.0099,0.9949,59695,0,60000,0.9949,0.9977,0.2214,34157,1,154304,0.2214,0.0000,0.6082,93840,1,154304,0.6082,0.0000
395.72,0.9605,14656,0,60000,0.2443,0.0099,0.9893,55266,0,60000,0.9211,0.0000,0.1108,17100,1,154304,0.1108,0.0000,0.6082,93840,1,154304,0.6082,0.0000
396.22,0.9605,14656,0,60000,0.2443,0.0099,0.9891,50831,0,60000,0.8472,0.0099,0.1108,17100,1,154304,0.1108,0.0000,0.6082,93840,1,154304,0.6082,0.0000
396.72,0.9605,14656,0,60000,0.2443,0.0099,0.9154,46475,0,60000,0.7746,0.0000,0.1108,17100,1,154304,0.1108,0.0000,0.6643,102505,1,154304,0.6643,0.0000
397.22,0.9605,14656,0,60000,0.2443,0.0099,0.9154,46475,0,60000,0.7746,0.0000,0.1108,17100,1,154304,0.1108,0.0000,0.6643,102505,1,154304,0.6643,0.0000
397.72,0.9605,14656,0,60000,0.2443,0.0099,0.9837,50571,0,60000,0.8428,0.0099,0.1108,17100,1,154304,0.1108,0.0000,0.6643,102505,1,154304,0.6643,0.0000
398.22,0.9605,14656,0,60000,0.2443,0.0099,0.9111,54667,0,60000,0.9111,0.0000,0.1108,17100,1,154304,0.1108,0.0000,0.6643,102505,1,154304,0.6643,0.0000
398.72,0.9605,14656,0,60000,0.2443,0.0099,0.9794,50200,0,60000,0.8367,0.0099,0.1108,17100,1,154304,0.1108,0.0000,0.6643,102505,1,154304,0.6643,0.0000
399.22,0.9605,14656,0,60000,0.2443,0.0099,0.9049,54296,0,60000,0.9049,0.0000,0.1108,17100,1,154304,0.1108,0.0000,0.6643,102505,1,154304,0.6643,0.0000
399.72,0.9605,14656,0,60000,0.2443,0.0099,0.9049,54296,0,60000,0.9049,0.0000,0.1108,17100,1,154304,0.1108,0.0000,0.6643,102505,1,154304,0.6643,0.0000
400.22,0.9605,14656,0,60000,0.2443,0.0099,0.9732,41413,0,60000,0.6902,0.0099,0.1108,17100,1,154304,0.1108,0.0000,0.6643,102505,1,154304,0.6643,0.0000
400.72,0.9605,14656,0,60000,0.2443,0.0099,0.8996,45509,0,60000,0.7585,0.0000,0.1108,17100,1,154304,0.1108,0.0000,0.6643,102505,1,154304,0.6643,0.0000
401.22,0.9605,14656,0,60000,0.2443,0.0099,0.9679,49605,0,60000,0.8267,0.0104,0.1108,17100,1,154304,0.1108,0.0000,0.6643,102505,1,154304,0.6643,0.0000
401.72,0.9605,14656,0,60000,0.2443,0.0099,0.8950,45243,0,60000,0.7540,0.0000,0.1108,17100,1,154304,0.1108,0.0000,0.5528,85293,1,154304,0.5528,0.0000
402.22,0.9605,14656,0,60000,0.2443,0.0099,0.8950,45243,0,60000,0.7540,0.0000,0.1108,17100,1,154304,0.1108,0.0000,0.5528,85293,1,154304,0.5528,0.0000
402.72,0.9605,14656,0,60000,0.2443,0.0099,0.9633,40893,0,60000,0.6815,0.0099,0.1108,17100,1,154304,0.1108,0.0000,0.5528,85293,1,154304,0.5528,0.0000
403.22,0.9605,14656,0,60000,0.2443,0.0099,0.8904,36413,0,60000,0.6069,0.0000,0.1108,17100,1,154304,0.1108,0.0000,0.5528,85293,1,154304,0.5528,0.0000
403.72,0.9605,14656,0,60000,0.2443,0.0099,0.9586,57518,0,60000,0.9586,0.8918,0.1108,17100,1,154304,0.1108,0.0000,0.5528,85293,1,154304,0.5528,0.0000
404.22,0.9605,14656,0,60000,0.2443,0.0099,0.9586,57518,0,60000,0.9586,0.8918,0.1108,17100,1,154304,0.1108,0.0000,0.5528,85293,1,154304,0.5528,0.0000
404.72,0.9605,14656,0,60000,0.2443,0.0099,0.9877,55167,0,60000,0.9194,0.0000,0.1108,17100,1,154304,0.1108,0.0000,0.5528,85293,1,154304,0.5528,0.0000
405.22,0.9605,14656,0,60000,0.2443,0.0099,0.9877,55167,0,60000,0.9194,0.0000,0.2769,42723,1,154304,0.2769,0.0000,0.4970,76690,1,154304,0.4970,0.0000
405.72,0.9605,14656,0,60000,0.2443,0.0099,0.9877,55167,0,60000,0.9194,0.0000,0.2769,42723,1,154304,0.2769,0.0000,0.4970,76690,1,154304,0.4970,0.0000
406.22,0.9605,14656,0,60000,0.2443,0.0099,0.9140,54839,0,60000,0.9140,0.0000,0.2769,42723,1,154304,0.2769,0.0000,0.4970,76690,1,154304,0.4970,0.0000
406.72,0.9605,14656,0,60000,0.2443,0.0099,0.9822,58935,0,60000,0.9822,0.0000,0.2769,42723,1,154304,0.2769,0.0000,0.4970,76690,1,154304,0.4970,0.0000
407.22,0.9605,14656,0,60000,0.2443,0.0099,0.9822,58935,0,60000,0.9822,0.0000,0.2769,42723,1,154304,0.2769,0.0000,0.4970,76690,1,154304,0.4970,0.0000
407.72,0.9605,14656,0,60000,0.2443,0.0099,0.9766,46583,0,60000,0.7764,0.0000,0.2769,42723,1,154304,0.2769,0.0000,0.4970,76690,1,154304,0.4970,0.0000
408.22,0.9605,14656,0,60000,0.2443,0.0099,0.9522,50679,0,60000,0.8447,0.0000,0.2769,42723,1,154304,0.2769,0.0000,0.4970,76690,1,154304,0.4970,0.0000
408.72,0.9605,14656,0,60000,0.2443,0.0099,0.9522,50679,0,60000,0.8447,0.0000,0.2769,42723,1,154304,0.2769,0.0000,0.4970,76690,1,154304,0.4970,0.0000
409.22,0.9605,14656,0,60000,0.2443,0.0099,0.9929,59574,0,60000,0.9929,0.9977,0.2772,42772,1,154304,0.2772,0.0000,0.4970,76690,1,154304,0.4970,0.0000
409.72,0.9605,14656,0,60000,0.2443,0.0099,0.9929,59574,0,60000,0.9929,0.9977,0.2772,42772,1,154304,0.2772,0.0000,0.4970,76690,1,154304,0.4970,0.0000
410.22,0.9605,14656,0,60000,0.2443,0.0099,0.9929,59574,0,60000,0.9929,0.9977,0.2772,42772,1,154304,0.2772,0.0000,0.4970,76690,1,154304,0.4970,0.0000
410.72,0.9605,14656,0,60000,0.2443,0.0099,0.9940,59640,0,60000,0.9940,0.9976,0.2772,42772,1,154304,0.2772,0.0000,0.4970,76690,1,154304,0.4970,0.0000
411.22,0.9605,14656,0,60000,0.2443,0.0099,0.9940,59640,0,60000,0.9940,0.9976,0.2772,42772,1,154304,0.2772,0.0000,0.4970,76690,1,154304,0.4970,0.0000
411.72,0.9605,14656,0,60000,0.2443,0.0099,0.9901,55313,0,60000,0.9219,0.0000,0.2772,42772,1,154304,0.2772,0.0000,0.5532,85355,1,154304,0.5532,0.0000
412.22,0.9605,14656,0,60000,0.2443,0.0099,0.9901,55313,0,60000,0.9219,0.0000,0.2772,42772,1,154304,0.2772,0.0000,0.5532,85355,1,154304,0.5532,0.0000
412.72,0.9605,14656,0,60000,0.2443,0.0099,0.9901,59409,0,60000,0.9901,0.0000,0.2772,42772,1,154304,0.2772,0.0000,0.5532,85355,1,154304,0.5532,0.0000
413.22,0.9605,14656,0,60000,0.2443,0.0099,0.9846,55252,0,60000,0.9209,0.0000,0.2772,42772,1,154304,0.2772,0.0000,0.5532,85355,1,154304,0.5532,0.0000
413.72,0.9605,14656,0,60000,0.2443,0.0099,0.9875,59248,0,60000,0.9875,0.9629,0.2763,42631,1,154304,0.2763,0.0000,0.5532,85355,1,154304,0.5532,0.0000
414.22,0.9605,14656,0,60000,0.2443,0.0099,0.9875,59248,0,60000,0.9875,0.9629,0.2763,42631,1,154304,0.2763,0.0000,0.5532,85355,1,154304,0.5532,0.0000
414.72,0.9605,14656,0,60000,0.2443,0.0099,0.9881,55191,0,60000,0.9198,0.0000,0.2763,42631,1,154304,0.2763,0.0000,0.5532,85355,1,154304,0.5532,0.0000
415.22,0.9605,14656,0,60000,0.2443,0.0099,0.9881,59287,0,60000,0.9881,0.0000,0.2763,42631,1,154304,0.2763,0.0000,0.5532,85355,1,154304,0.5532,0.0000
415.72,0.9605,14656,0,60000,0.2443,0.0099,0.9881,55189,0,60000,0.9198,0.0000,0.2763,42631,1,154304,0.2763,0.0000,0.5532,85355,1,154304,0.5532,0.0000
416.22,0.9605,14656,0,60000,0.2443,0.0099,0.9881,55189,0,60000,0.9198,0.0000,0.2763,42631,1,154304,0.2763,0.0000,0.5532,85355,1,154304,0.5532,0.0000
416.72,0.9605,14656,0,60000,0.2443,0.0099,0.9873,59236,0,60000,0.9873,0.9632,0.2763,42631,1,154304,0.2763,0.0000,0.5533,85374,1,154304,0.5533,0.0000
417.22,0.9605,14656,0,60000,0.2443,0.0099,0.9873,59236,0,60000,0.9873,0.9632,0.2763,42631,1,154304,0.2763,0.0000,0.5533,85374,1,154304,0.5533,0.0000
417.72,0.9605,14656,0,60000,0.2443,0.0099,0.9190,55137,0,60000,0.9190,0.0000,0.2763,42631,1,154304,0.2763,0.0000,0.5533,85374,1,154304,0.5533,0.0000
418.22,0.9605,14656,0,60000,0.2443,0.0099,0.9872,59233,0,60000,0.9872,0.0000,0.2763,42631,1,154304,0.2763,0.0000,0.5533,85374,1,154304,0.5533,0.0000
418.72,0.9605,14656,0,60000,0.2443,0.0099,0.9915,50988,0,60000,0.8498,0.0104,0.2763,42631,1,154304,0.2763,0.0000,0.5533,85374,1,154304,0.5533,0.0000
419.22,0.9605,14656,0,60000,0.2443,0.0099,0.9863,55084,0,60000,0.9181,0.0000,0.2765,42668,1,154304,0.2765,0.0000,0.5533,85374,1,154304,0.5533,0.0000
419.72,0.9605,14656,0,60000,0.2443,0.0099,0.9843,59057,0,60000,0.9843,0.9610,0.2765,42668,1,154304,0.2765,0.0000,0.5533,85374,1,154304,0.5533,0.0000
420.22,0.9605,14656,0,60000,0.2443,0.0099,0.9171,55022,0,60000,0.9170,0.0000,0.2765,42668,1,154304,0.2765,0.0000,0.5533,85374,1,154304,0.5533,0.0000
420.72,0.9605,14656,0,60000,0.2443,0.0099,0.9171,55022,0,60000,0.9170,0.0000,0.2765,42668,1,154304,0.2765,0.0000,0.5533,85374,1,154304,0.5533,0.0000
421.22,0.9605,14656,0,60000,0.2443,0.0099,0.9853,59118,0,60000,0.9853,0.0000,0.2765,42668,1,154304,0.2765,0.0000,0.5533,85374,1,154304,0.5533,0.0000
421.72,0.9605,14656,0,60000,0.2443,0.0099,0.9854,55029,0,60000,0.9172,0.0000,0.2765,42668,1,154304,0.2765,0.0000,0.4964,76590,1,154304,0.4964,0.0000
422.22,0.9605,14656,0,60000,0.2443,0.0099,0.9854,55029,0,60000,0.9172,0.0000,0.2765,42668,1,154304,0.2765,0.0000,0.4964,76590,1,154304,0.4964,0.0000
422.72,0.9605,14656,0,60000,0.2443,0.0099,0.9857,59143,0,60000,0.9857,0.9569,0.2765,42668,1,154304,0.2765,0.0000,0.4964,76590,1,154304,0.4964,0.0000
423.22,0.9605,14656,0,60000,0.2443,0.0099,0.9857,59143,0,60000,0.9857,0.9569,0.2765,42668,1,154304,0.2765,0.0000,0.4964,76590,1,154304,0.4964,0.0000
423.72,0.9605,14656,0,60000,0.2443,0.0099,0.9915,59489,0,60000,0.9915,0.9975,0.2765,42668,1,154304,0.2765,0.0000,0.4964,76590,1,154304,0.4964,0.0000
424.22,0.9605,14656,0,60000,0.2443,0.0099,0.9915,59489,0,60000,0.9915,0.9975,0.2768,42714,1,154304,0.2768,0.0000,0.4964,76590,1,154304,0.4964,0.0000
424.72,0.9605,14656,0,60000,0.2443,0.0099,0.9915,59489,0,60000,0.9915,0.9975,0.2768,42714,1,154304,0.2768,0.0000,0.4964,76590,1,154304,0.4964,0.0000
425.22,0.9605,14656,0,60000,0.2443,0.0099,0.9906,59438,0,60000,0.9906,0.9978,0.2768,42714,1,154304,0.2768,0.0000,0.4964,76590,1,154304,0.4964,0.0000
425.72,0.9605,14656,0,60000,0.2443,0.0099,0.9920,59522,0,60000,0.9920,0.9976,0.2768,42714,1,154304,0.2768,0.0000,0.5521,85191,1,154304,0.5521,0.0000
426.22,0.9605,14656,0,60000,0.2443,0.0099,0.9920,59522,0,60000,0.9920,0.9976,0.2768,42714,1,154304,0.2768,0.0000,0.5521,85191,1,154304,0.5521,0.0000
426.72,0.9605,14656,0,60000,0.2443,0.0099,0.9920,59522,0,60000,0.9920,0.9976,0.2768,42714,1,154304,0.2768,0.0000,0.5521,85191,1,154304,0.5521,0.0000
427.22,0.9605,14656,0,60000,0.2443,0.0099,0.9942,59650,0,60000,0.9942,0.9977,0.2768,42714,1,154304,0.2768,0.0000,0.5521,85191,1,154304,0.5521,0.0000
427.72,0.9605,14656,0,60000,0.2443,0.0099,0.9956,59736,0,60000,0.9956,0.9977,0.2768,42714,1,154304,0.2768,0.0000,0.5521,85191,1,154304,0.5521,0.0000
428.22,0.9605,14656,0,60000,0.2443,0.0099,0.9956,59736,0,60000,0.9956,0.9977,0.2768,42714,1,154304,0.2768,0.0000,0.5521,85191,1,154304,0.5521,0.0000
428.72,0.9605,14656,0,60000,0.2443,0.0099,0.9899,55295,0,60000,0.9216,0.0000,0.2222,34290,1,154304,0.2222,0.0000,0.5521,85191,1,154304,0.5521,0.0000
429.22,0.9605,14656,0,60000,0.2443,0.0099,0.9899,55295,0,60000,0.9216,0.0000,0.2222,34290,1,154304,0.2222,0.0000,0.5521,85191,1,154304,0.5521,0.0000
429.72,0.9605,14656,0,60000,0.2443,0.0099,0.9890,59343,0,60000,0.9890,0.9683,0.2222,34290,1,154304,0.2222,0.0000,0.5521,85191,1,154304,0.5521,0.0000
430.22,0.9605,14656,0,60000,0.2443,0.0099,0.9890,59343,0,60000,0.9890,0.9683,0.2222,34290,1,154304,0.2222,0.0000,0.5521,85191,1,154304,0.5521,0.0000
430.72,0.9605,14656,0,60000,0.2443,0.0099,0.9197,55182,0,60000,0.9197,0.0000,0.2222,34290,1,154304,0.2222,0.0000,0.5521,85191,1,154304,0.5521,0.0000
431.22,0.9605,14656,0,60000,0.2443,0.0099,0.9880,59278,0,60000,0.9880,0.0000,0.2222,34290,1,154304,0.2222,0.0000,0.5521,85191,1,154304,0.5521,0.0000
431.72,0.9605,14656,0,60000,0.2443,0.0099,0.9198,55189,0,60000,0.9198,0.0000,0.2222,34290,1,154304,0.2222,0.0000,0.6627,102255,1,154304,0.6627,0.0000
432.22,0.9605,14656,0,60000,0.2443,0.0099,0.9198,55189,0,60000,0.9198,0.0000,0.2222,34290,1,154304,0.2222,0.0000,0.6627,102255,1,154304,0.6627,0.0000
432.72,0.9605,14656,0,60000,0.2443,0.0099,0.9881,50722,0,60000,0.8454,0.0099,0.2222,34290,1,154304,0.2222,0.0000,0.6627,102255,1,154304,0.6627,0.0000
433.22,0.9605,14656,0,60000,0.2443,0.0099,0.9136,54818,0,60000,0.9136,0.0000,0.2222,34290,1,154304,0.2222,0.0000,0.6627,102255,1,154304,0.6627,0.0000
433.72,0.9605,14656,0,60000,0.2443,0.0099,0.9819,50381,0,60000,0.8397,0.0099,0.2222,34290,1,154304,0.2222,0.0000,0.6627,102255,1,154304,0.6627,0.0000
434.22,0.9605,14656,0,60000,0.2443,0.0099,0.9819,50381,0,60000,0.8397,0.0099,0.2222,34290,1,154304,0.2222,0.0000,0.6627,102255,1,154304,0.6627,0.0000
434.72,0.9605,14656,0,60000,0.2443,0.0099,0.9080,54477,0,60000,0.9080,0.0000,0.1660,25615,1,154304,0.1660,0.0000,0.6627,102255,1,154304,0.6627,0.0000
435.22,0.9605,14656,0,60000,0.2443,0.0099,0.9762,41540,0,60000,0.6923,0.0104,0.1660,25615,1,154304,0.1660,0.0000,0.6070,93655,1,154304,0.6070,0.0000
435.72,0.9605,14656,0,60000,0.2443,0.0099,0.9762,41540,0,60000,0.6923,0.0104,0.1660,25615,1,154304,0.1660,0.0000,0.6070,93655,1,154304,0.6070,0.0000
436.22,0.9605,14656,0,60000,0.2443,0.0099,0.9702,49759,0,60000,0.8293,0.6764,0.1660,25615,1,154304,0.1660,0.0000,0.6070,93655,1,154304,0.6070,0.0000
436.72,0.9605,14656,0,60000,0.2443,0.0099,0.9702,49759,0,60000,0.8293,0.6764,0.1660,25615,1,154304,0.1660,0.0000,0.6070,93655,1,154304,0.6070,0.0000
437.22,0.9605,14656,0,60000,0.2443,0.0099,0.9658,53855,0,60000,0.8976,0.0000,0.1660,25615,1,154304,0.1660,0.0000,0.6070,93655,1,154304,0.6070,0.0000
437.72,0.9605,14656,0,60000,0.2443,0.0099,0.9658,57951,0,60000,0.9658,0.0000,0.1660,25615,1,154304,0.1660,0.0000,0.6070,93655,1,154304,0.6070,0.0000
438.22,0.9605,14656,0,60000,0.2443,0.0099,0.9896,50903,0,60000,0.8484,0.0099,0.1660,25615,1,154304,0.1660,0.0000,0.6070,93655,1,154304,0.6070,0.0000
438.72,0.9605,14656,0,60000,0.2443,0.0099,0.9708,46452,0,60000,0.7742,0.0000,0.1660,25615,1,154304,0.1660,0.0000,0.6070,93655,1,154304,0.6070,0.0000
439.22,0.9605,14656,0,60000,0.2443,0.0099,0.8425,50548,0,60000,0.8425,0.0101,0.1660,25615,1,154304,0.1660,0.0000,0.6070,93655,1,154304,0.6070,0.0000
439.72,0.9605,14656,0,60000,0.2443,0.0099,0.9102,46143,0,60000,0.7691,0.0000,0.1660,25615,1,154304,0.1660,0.0000,0.4963,76576,1,154304,0.4963,0.0000
440.22,0.9605,14656,0,60000,0.2443,0.0099,0.9102,46143,0,60000,0.7691,0.0000,0.3318,51201,1,154304,0.3318,0.0000,0.4963,76576,1,154304,0.4963,0.0000
440.72,0.9605,14656,0,60000,0.2443,0.0099,0.9784,41740,0,60000,0.6957,0.0101,0.3318,51201,1,154304,0.3318,0.0000,0.4963,76576,1,154304,0.4963,0.0000
441.22,0.9605,14656,0,60000,0.2443,0.0099,0.9056,37396,0,60000,0.6233,0.0000,0.3318,51201,1,154304,0.3318,0.0000,0.4963,76576,1,154304,0.4963,0.0000
441.72,0.9605,14656,0,60000,0.2443,0.0099,0.9643,33047,0,60000,0.5508,0.0099,0.3318,51201,1,154304,0.3318,0.0000,0.4963,76576,1,154304,0.4963,0.0000
442.22,0.9605,14656,0,60000,0.2443,0.0099,0.9643,37143,0,60000,0.6190,0.0000,0.3318,51201,1,154304,0.3318,0.0000,0.4963,76576,1,154304,0.4963,0.0000
442.72,0.9605,14656,0,60000,0.2443,0.0099,0.9458,32726,0,60000,0.5454,0.8699,0.3318,51201,1,154304,0.3318,0.0000,0.4414,68108,1,154304,0.4414,0.0000
443.22,0.9605,14656,0,60000,0.2443,0.0099,0.9458,32726,0,60000,0.5454,0.8699,0.3318,51201,1,154304,0.3318,0.0000,0.4414,68108,1,154304,0.4414,0.0000
443.72,0.9605,14656,0,60000,0.2443,0.0099,0.9188,46613,0,60000,0.7769,0.0000,0.3318,51201,1,154304,0.3318,0.0000,0.4414,68108,1,154304,0.4414,0.0000
444.22,0.9605,14656,0,60000,0.2443,0.0099,0.9188,46613,0,60000,0.7769,0.0000,0.3318,51201,1,154304,0.3318,0.0000,0.4414,68108,1,154304,0.4414,0.0000
444.72,0.9605,14656,0,60000,0.2443,0.0099,0.9861,42192,0,60000,0.7032,0.0099,0.2212,34131,1,154304,0.2212,0.0000,0.4414,68108,1,154304,0.4414,0.0000
445.22,0.9605,14656,0,60000,0.2443,0.0099,0.9125,37803,0,60000,0.6300,0.0000,0.2212,34131,1,154304,0.2212,0.0000,0.4414,68108,1,154304,0.4414,0.0000
445.72,0.9605,14656,0,60000,0.2443,0.0099,0.9808,41899,0,60000,0.6983,0.0099,0.2212,34131,1,154304,0.2212,0.0000,0.4414,68108,1,154304,0.4414,0.0000
446.22,0.9605,14656,0,60000,0.2443,0.0099,0.9808,41899,0,60000,0.6983,0.0099,0.2212,34131,1,154304,0.2212,0.0000,0.4414,68108,1,154304,0.4414,0.0000
446.72,0.9605,14656,0,60000,0.2443,0.0099,0.9066,37489,0,60000,0.6248,0.0000,0.2212,34131,1,154304,0.2212,0.0000,0.4414,68108,1,154304,0.4414,0.0000
447.22,0.9605,14656,0,60000,0.2443,0.0099,0.9748,50038,0,60000,0.8340,0.9466,0.2212,34131,1,154304,0.2212,0.0000,0.4414,68108,1,154304,0.4414,0.0000
447.72,0.9605,14656,0,60000,0.2443,0.0099,0.9748,50038,0,60000,0.8340,0.9466,0.2212,34131,1,154304,0.2212,0.0000,0.4969,76679,1,154304,0.4969,0.0000
448.22,0.9605,14656,0,60000,0.2443,0.0099,0.9185,46576,0,60000,0.7763,0.0000,0.2215,34186,1,154304,0.2215,0.0000,0.4969,76679,1,154304,0.4969,0.0000
448.73,0.9605,14656,0,60000,0.2443,0.0099,0.9862,59172,0,60000,0.9862,0.9683,0.2215,34186,1,154304,0.2215,0.0000,0.4969,76679,1,154304,0.4969,0.0000
449.23,0.9605,14656,0,60000,0.2443,0.0099,0.9909,50983,0,60000,0.8497,0.0099,0.2215,34186,1,154304,0.2215,0.0000,0.4969,76679,1,154304,0.4969,0.0000
449.73,0.9605,14656,0,60000,0.2443,0.0099,0.9180,55079,0,60000,0.9180,0.0000,0.2215,34186,1,154304,0.2215,0.0000,0.4969,76679,1,154304,0.4969,0.0000
450.23,0.9605,14656,0,60000,0.2443,0.0099,0.9863,50712,0,60000,0.8452,0.0099,0.2215,34186,1,154304,0.2215,0.0000,0.4969,76679,1,154304,0.4969,0.0000
450.73,0.9605,14656,0,60000,0.2443,0.0099,0.9135,46334,0,60000,0.7722,0.0000,0.2215,34186,1,154304,0.2215,0.0000,0.6075,93739,1,154304,0.6075,0.0000
451.23,0.9605,14656,0,60000,0.2443,0.0099,0.9135,46334,0,60000,0.7722,0.0000,0.2215,34186,1,154304,0.2215,0.0000,0.6075,93739,1,154304,0.6075,0.0000
451.73,0.9605,14656,0,60000,0.2443,0.0099,0.9817,50430,0,60000,0.8405,0.0101,0.2215,34186,1,154304,0.2215,0.0000,0.6075,93739,1,154304,0.6075,0.0000
452.23,0.9605,14656,0,60000,0.2443,0.0099,0.9664,46046,0,60000,0.7674,0.0000,0.2215,34186,1,154304,0.2215,0.0000,0.6075,93739,1,154304,0.6075,0.0000
452.73,0.9605,14656,0,60000,0.2443,0.0099,0.9771,33139,0,60000,0.5523,0.0099,0.2215,34186,1,154304,0.2215,0.0000,0.6075,93739,1,154304,0.6075,0.0000
453.23,0.9605,14656,0,60000,0.2443,0.0099,0.9771,33139,0,60000,0.5523,0.0099,0.2215,34186,1,154304,0.2215,0.0000,0.6075,93739,1,154304,0.6075,0.0000
453.73,0.9605,14656,0,60000,0.2443,0.0099,0.7619,37235,0,60000,0.6206,0.0000,0.2215,34186,1,154304,0.2215,0.0000,0.6075,93739,1,154304,0.6075,0.0000
454.23,0.9605,14656,0,60000,0.2443,0.0099,0.8302,41331,0,60000,0.6888,0.0099,0.2215,34186,1,154304,0.2215,0.0000,0.5524,85234,1,154304,0.5524,0.0000
454.73,0.9605,14656,0,60000,0.2443,0.0099,0.7566,36906,0,60000,0.6151,0.0000,0.2211,34123,1,154304,0.2211,0.0000,0.5524,85234,1,154304,0.5524,0.0000
455.23,0.9605,14656,0,60000,0.2443,0.0099,0.9664,24055,0,60000,0.4009,0.0101,0.2211,34123,1,154304,0.2211,0.0000,0.5524,85234,1,154304,0.5524,0.0000
455.73,0.9605,14656,0,60000,0.2443,0.0099,0.9664,24055,0,60000,0.4009,0.0101,0.2211,34123,1,154304,0.2211,0.0000,0.5524,85234,1,154304,0.5524,0.0000
456.23,0.9605,14656,0,60000,0.2443,0.0099,0.8781,28151,0,60000,0.4692,0.0000,0.2211,34123,1,154304,0.2211,0.0000,0.4971,76703,1,154304,0.4971,0.0000
456.73,0.9605,14656,0,60000,0.2443,0.0099,0.9464,23706,0,60000,0.3951,0.0099,0.2211,34123,1,154304,0.2211,0.0000,0.4971,76703,1,154304,0.4971,0.0000
457.23,0.9605,14656,0,60000,0.2443,0.0099,0.9464,19356,0,60000,0.3226,0.0000,0.2211,34123,1,154304,0.2211,0.0000,0.4971,76703,1,154304,0.4971,0.0000
457.73,0.9605,14656,0,60000,0.2443,0.0099,0.9464,19356,0,60000,0.3226,0.0000,0.2211,34123,1,154304,0.2211,0.0000,0.4971,76703,1,154304,0.4971,0.0000
458.23,0.9605,14656,0,60000,0.2443,0.0099,0.9578,31946,0,60000,0.5324,0.6768,0.2211,34123,1,154304,0.2211,0.0000,0.4971,76703,1,154304,0.4971,0.0000
458.73,0.9605,14656,0,60000,0.2443,0.0099,0.9377,27543,0,60000,0.4591,0.0000,0.2211,34123,1,154304,0.2211,0.0000,0.4971,76703,1,154304,0.4971,0.0000
459.23,0.9605,14656,0,60000,0.2443,0.0099,0.9519,23136,0,60000,0.3856,0.0099,0.2211,34123,1,154304,0.2211,0.0000,0.4971,76703,1,154304,0.4971,0.0000
459.73,0.9605,14656,0,60000,0.2443,0.0099,0.9222,18722,0,60000,0.3120,0.0000,0.2766,42675,1,154304,0.2766,0.0000,0.4971,76703,1,154304,0.4971,0.0000
460.23,0.9605,14656,0,60000,0.2443,0.0099,0.9222,18722,0,60000,0.3120,0.0000,0.2766,42675,1,154304,0.2766,0.0000,0.4971,76703,1,154304,0.4971,0.0000
460.73,0.9605,14656,0,60000,0.2443,0.0099,0.9462,22818,0,60000,0.3803,0.0099,0.2766,42675,1,154304,0.2766,0.0000,0.4421,68216,1,154304,0.4421,0.0000
461.23,0.9605,14656,0,60000,0.2443,0.0099,0.9215,9913,0,60000,0.1652,0.0000,0.2766,42675,1,154304,0.2766,0.0000,0.4421,68216,1,154304,0.4421,0.0000
461.73,0.9605,14656,0,60000,0.2443,0.0099,0.9215,9913,0,60000,0.1652,0.0000,0.2766,42675,1,154304,0.2766,0.0000,0.4421,68216,1,154304,0.4421,0.0000
462.23,0.9605,14656,0,60000,0.2443,0.0099,0.9416,14009,0,60000,0.2335,0.0099,0.2766,42675,1,154304,0.2766,0.0000,0.4421,68216,1,154304,0.4421,0.0000
462.73,0.9605,14656,0,60000,0.2443,0.0099,0.8690,9654,0,60000,0.1609,0.0000,0.2766,42675,1,154304,0.2766,0.0000,0.4421,68216,1,154304,0.4421,0.0000
463.23,0.9605,14656,0,60000,0.2443,0.0099,0.8971,13750,0,60000,0.2292,0.0099,0.2766,42675,1,154304,0.2766,0.0000,0.4421,68216,1,154304,0.4421,0.0000
463.73,0.9605,14656,0,60000,0.2443,0.0099,0.9654,9290,0,60000,0.1548,0.0000,0.2766,42675,1,154304,0.2766,0.0000,0.4421,68216,1,154304,0.4421,0.0000
464.23,0.9605,14656,0,60000,0.2443,0.0099,0.9654,9290,0,60000,0.1548,0.0000,0.2766,42675,1,154304,0.2766,0.0000,0.4421,68216,1,154304,0.4421,0.0000
464.73,0.9605,14656,0,60000,0.2443,0.0099,0.8599,8960,0,60000,0.1493,0.0000,0.2766,42675,1,154304,0.2766,0.0000,0.4421,68216,1,154304,0.4421,0.0000
465.23,0.9605,14656,0,60000,0.2443,0.0099,0.8599,8960,0,60000,0.1493,0.0000,0.3327,51336,1,154304,0.3327,0.0000,0.4421,68216,1,154304,0.4421,0.0000
465.73,0.9605,14656,0,60000,0.2443,0.0099,0.9272,13057,0,60000,0.2176,0.0101,0.3327,51336,1,154304,0.3327,0.0000,0.4421,68216,1,154304,0.4421,0.0000
466.23,0.9605,14656,0,60000,0.2443,0.0099,0.9954,8657,0,60000,0.1443,0.0000,0.3327,51336,1,154304,0.3327,0.0000,0.4973,76729,1,154304,0.4973,0.0000
466.73,0.9605,14656,0,60000,0.2443,0.0099,0.9954,8657,0,60000,0.1443,0.0000,0.3327,51336,1,154304,0.3327,0.0000,0.4973,76729,1,154304,0.4973,0.0000
467.23,0.9605,14656,0,60000,0.2443,0.0099,0.9448,12753,0,60000,0.2125,0.0000,0.3327,51336,1,154304,0.3327,0.0000,0.4973,76729,1,154304,0.4973,0.0000
467.73,0.9605,14656,0,60000,0.2443,0.0099,0.8806,8369,0,60000,0.1395,0.0099,0.3327,51336,1,154304,0.3327,0.0000,0.4973,76729,1,154304,0.4973,0.0000
468.23,0.9605,14656,0,60000,0.2443,0.0099,0.9489,12465,0,60000,0.2077,0.0000,0.3327,51336,1,154304,0.3327,0.0000,0.4973,76729,1,154304,0.4973,0.0000
468.73,0.9605,14656,0,60000,0.2443,0.0099,0.7012,16561,0,60000,0.2760,0.0099,0.3327,51336,1,154304,0.3327,0.0000,0.4973,76729,1,154304,0.4973,0.0000
469.23,0.9605,14656,0,60000,0.2443,0.0099,0.7012,16561,0,60000,0.2760,0.0099,0.3330,51384,1,154304,0.3330,0.0000,0.4973,76729,1,154304,0.4973,0.0000
469.73,0.9605,14656,0,60000,0.2443,0.0099,0.7698,12122,0,60000,0.2020,0.0000,0.3330,51384,1,154304,0.3330,0.0000,0.4973,76729,1,154304,0.4973,0.0000
470.23,0.9605,14656,0,60000,0.2443,0.0099,0.8380,16218,0,60000,0.2703,0.0099,0.3330,51384,1,154304,0.3330,0.0000,0.4973,76729,1,154304,0.4973,0.0000
470.73,0.9605,14656,0,60000,0.2443,0.0099,0.7642,11775,0,60000,0.1963,0.0000,0.3330,51384,1,154304,0.3330,0.0000,0.4973,76729,1,154304,0.4973,0.0000
471.23,0.9605,14656,0,60000,0.2443,0.0099,0.7642,11775,0,60000,0.1963,0.0000,0.3330,51384,1,154304,0.3330,0.0000,0.4973,76729,1,154304,0.4973,0.0000
471.73,0.9605,14656,0,60000,0.2443,0.0099,0.8325,15871,0,60000,0.2645,0.0099,0.3330,51384,1,154304,0.3330,0.0000,0.4973,76729,1,154304,0.4973,0.0000
472.23,0.9605,14656,0,60000,0.2443,0.0099,0.9008,11422,0,60000,0.1904,0.0000,0.3330,51384,1,154304,0.3330,0.0000,0.4973,76729,1,154304,0.4973,0.0000
472.73,0.9605,14656,0,60000,0.2443,0.0099,0.9690,15519,0,60000,0.2586,0.0101,0.3330,51384,1,154304,0.3330,0.0000,0.4973,76729,1,154304,0.4973,0.0000
473.23,0.9605,14656,0,60000,0.2443,0.0099,0.9690,15519,0,60000,0.2586,0.0101,0.3330,51384,1,154304,0.3330,0.0000,0.4973,76729,1,154304,0.4973,0.0000
473.73,0.9605,14656,0,60000,0.2443,0.0099,0.9656,11176,0,60000,0.1863,0.0000,0.3330,51384,1,154304,0.3330,0.0000,0.4973,76729,1,154304,0.4973,0.0000
474.23,0.9605,14656,0,60000,0.2443,0.0099,0.8217,15272,0,60000,0.2545,0.0099,0.3330,51384,1,154304,0.3330,0.0000,0.4973,76729,1,154304,0.4973,0.0000
474.73,0.9605,14656,0,60000,0.2443,0.0099,0.8900,10847,0,60000,0.1808,0.0000,0.3330,51384,1,154304,0.3330,0.0000,0.5527,85281,1,154304,0.5527,0.0000
475.23,0.9605,14656,0,60000,0.2443,0.0099,0.9583,14943,0,60000,0.2490,0.0099,0.3330,51384,1,154304,0.3330,0.0000,0.5527,85281,1,154304,0.5527,0.0000
475.73,0.9605,14656,0,60000,0.2443,0.0099,0.9583,14943,0,60000,0.2490,0.0099,0.3330,51384,1,154304,0.3330,0.0000,0.5527,85281,1,154304,0.5527,0.0000
476.23,0.9605,14656,0,60000,0.2443,0.0099,0.8920,10488,0,60000,0.1748,0.0000,0.3330,51384,1,154304,0.3330,0.0000,0.5527,85281,1,154304,0.5527,0.0000
476.73,0.9605,14656,0,60000,0.2443,0.0099,0.8111,14584,0,60000,0.2431,0.0099,0.3330,51384,1,154304,0.3330,0.0000,0.5527,85281,1,154304,0.5527,0.0000
477.23,0.9605,14656,0,60000,0.2443,0.0099,0.8793,10195,0,60000,0.1699,0.0000,0.3318,51205,1,154304,0.3318,0.0000,0.5527,85281,1,154304,0.5527,0.0000
477.73,0.9605,14656,0,60000,0.2443,0.0099,0.8793,10195,0,60000,0.1699,0.0000,0.3318,51205,1,154304,0.3318,0.0000,0.5527,85281,1,154304,0.5527,0.0000
478.23,0.9605,14656,0,60000,0.2443,0.0099,0.7746,14291,0,60000,0.2382,0.0099,0.3318,51205,1,154304,0.3318,0.0000,0.5527,85281,1,154304,0.5527,0.0000
478.73,0.9605,14656,0,60000,0.2443,0.0099,0.8429,9830,0,60000,0.1638,0.0000,0.3318,51205,1,154304,0.3318,0.0000,0.5527,85281,1,154304,0.5527,0.0000
479.23,0.9605,14656,0,60000,0.2443,0.0099,0.9111,13926,0,60000,0.2321,0.0099,0.3318,51205,1,154304,0.3318,0.0000,0.5527,85281,1,154304,0.5527,0.0000
479.73,0.9605,14656,0,60000,0.2443,0.0099,0.9794,9490,0,60000,0.1582,0.0000,0.1658,25590,1,154304,0.1658,0.0000,0.5527,85281,1,154304,0.5527,0.0000
480.23,0.9605,14656,0,60000,0.2443,0.0099,0.9794,9490,0,60000,0.1582,0.0000,0.1658,25590,1,154304,0.1658,0.0000,0.5527,85281,1,154304,0.5527,0.0000
480.73,0.9605,14656,0,60000,0.2443,0.0099,0.7952,13586,0,60000,0.2264,0.0099,0.1658,25590,1,154304,0.1658,0.0000,0.5527,85281,1,154304,0.5527,0.0000
481.23,0.9605,14656,0,60000,0.2443,0.0099,0.8635,9218,0,60000,0.1536,0.0000,0.1658,25590,1,154304,0.1658,0.0000,0.5527,85281,1,154304,0.5527,0.0000
481.73,0.9605,14656,0,60000,0.2443,0.0099,0.9317,13314,0,60000,0.2219,0.0099,0.1658,25590,1,154304,0.1658,0.0000,0.5527,85281,1,154304,0.5527,0.0000
482.23,0.9605,14656,0,60000,0.2443,0.0099,1.0000,8894,0,60000,0.1482,0.0000,0.1658,25590,1,154304,0.1658,0.0000,0.7176,110730,1,154304,0.7176,0.0000
482.73,0.9605,14656,0,60000,0.2443,0.0099,1.0000,8894,0,60000,0.1482,0.0000,0.1658,25590,1,154304,0.1658,0.0000,0.7176,110730,1,154304,0.7176,0.0000
483.23,0.9605,14656,0,60000,0.2443,0.0099,0.8163,12991,0,60000,0.2165,0.0101,0.1658,25590,1,154304,0.1658,0.0000,0.7176,110730,1,154304,0.7176,0.0000
483.73,0.9605,14656,0,60000,0.2443,0.0099,0.8846,8642,0,60000,0.1440,0.0000,0.1658,25590,1,154304,0.1658,0.0000,0.7176,110730,1,154304,0.7176,0.0000
484.23,0.9605,14656,0,60000,0.2443,0.0099,0.8846,8642,0,60000,0.1440,0.0000,0.1658,25590,1,154304,0.1658,0.0000,0.7176,110730,1,154304,0.7176,0.0000
484.73,0.9605,14656,0,60000,0.2443,0.0099,0.7787,12738,0,60000,0.2123,0.0000,0.1658,25590,1,154304,0.1658,0.0000,0.7176,110730,1,154304,0.7176,0.0000
485.23,0.9605,14656,0,60000,0.2443,0.0099,0.8470,8260,0,60000,0.1377,0.0099,0.1658,25590,1,154304,0.1658,0.0000,0.7176,110730,1,154304,0.7176,0.0000
485.73,0.9605,14656,0,60000,0.2443,0.0099,0.7116,12356,0,60000,0.2059,0.0000,0.1658,25590,1,154304,0.1658,0.0000,0.7176,110730,1,154304,0.7176,0.0000
486.23,0.9605,14656,0,60000,0.2443,0.0099,0.7799,16452,0,60000,0.2742,0.0099,0.1658,25590,1,154304,0.1658,0.0000,0.7176,110730,1,154304,0.7176,0.0000
486.73,0.9605,14656,0,60000,0.2443,0.0099,0.7799,16452,0,60000,0.2742,0.0099,0.1658,25590,1,154304,0.1658,0.0000,0.7176,110730,1,154304,0.7176,0.0000
487.23,0.9605,14656,0,60000,0.2443,0.0099,0.9099,12099,0,60000,0.2016,0.0000,0.1658,25590,1,154304,0.1658,0.0000,0.7176,110730,1,154304,0.7176,0.0000
487.73,0.9605,14656,0,60000,0.2443,0.0099,0.9781,16195,0,60000,0.2699,0.0099,0.1658,25590,1,154304,0.1658,0.0000,0.4966,76624,1,154304,0.4966,0.0000
488.23,0.9605,14656,0,60000,0.2443,0.0099,0.9260,11831,0,60000,0.1972,0.0000,0.1658,25590,1,154304,0.1658,0.0000,0.4966,76624,1,154304,0.4966,0.0000
488.73,0.9605,14656,0,60000,0.2443,0.0099,0.9943,15927,0,60000,0.2655,0.0099,0.1658,25590,1,154304,0.1658,0.0000,0.4966,76624,1,154304,0.4966,0.0000
489.23,0.9605,14656,0,60000,0.2443,0.0099,0.9943,15927,0,60000,0.2655,0.0099,0.1658,25590,1,154304,0.1658,0.0000,0.4966,76624,1,154304,0.4966,0.0000
489.73,0.9605,14656,0,60000,0.2443,0.0099,0.9738,11550,0,60000,0.1925,0.0000,0.1658,25590,1,154304,0.1658,0.0000,0.4966,76624,1,154304,0.4966,0.0000
490.23,0.9605,14656,0,60000,0.2443,0.0099,0.8250,15646,0,60000,0.2608,0.0099,0.1658,25590,1,154304,0.1658,0.0000,0.4966,76624,1,154304,0.4966,0.0000
490.73,0.9605,14656,0,60000,0.2443,0.0099,0.8933,11302,0,60000,0.1884,0.0000,0.1658,25590,1,154304,0.1658,0.0000,0.4966,76624,1,154304,0.4966,0.0000
491.23,0.9605,14656,0,60000,0.2443,0.0099,0.8933,11302,0,60000,0.1884,0.0000,0.1658,25590,1,154304,0.1658,0.0000,0.4966,76624,1,154304,0.4966,0.0000
491.73,0.9605,14656,0,60000,0.2443,0.0099,0.8078,15398,0,60000,0.2566,0.0099,0.1658,25590,1,154304,0.1658,0.0000,0.4971,76709,1,154304,0.4971,0.0000
492.23,0.9605,14656,0,60000,0.2443,0.0099,0.8761,11042,0,60000,0.1840,0.0000,0.1658,25590,1,154304,0.1658,0.0000,0.4971,76709,1,154304,0.4971,0.0000
492.73,0.9605,14656,0,60000,0.2443,0.0099,0.7994,15138,0,60000,0.2523,0.0099,0.1658,25590,1,154304,0.1658,0.0000,0.4971,76709,1,154304,0.4971,0.0000
493.23,0.9605,14656,0,60000,0.2443,0.0099,0.7994,15138,0,60000,0.2523,0.0099,0.1658,25590,1,154304,0.1658,0.0000,0.4971,76709,1,154304,0.4971,0.0000
493.73,0.9605,14656,0,60000,0.2443,0.0099,0.8677,10678,0,60000,0.1780,0.0000,0.1658,25590,1,154304,0.1658,0.0000,0.4971,76709,1,154304,0.4971,0.0000
494.23,0.9605,14656,0,60000,0.2443,0.0099,0.7906,14774,0,60000,0.2462,0.0099,0.1658,25590,1,154304,0.1658,0.0000,0.4971,76709,1,154304,0.4971,0.0000
494.73,0.9605,14656,0,60000,0.2443,0.0099,0.8589,10417,0,60000,0.1736,0.0000,0.1658,25590,1,154304,0.1658,0.0000,0.4971,76709,1,154304,0.4971,0.0000
495.23,0.9605,14656,0,60000,0.2443,0.0099,0.7799,14513,0,60000,0.2419,0.0099,0.1658,25590,1,154304,0.1658,0.0000,0.4971,76709,1,154304,0.4971,0.0000
495.73,0.9605,14656,0,60000,0.2443,0.0099,0.7799,14513,0,60000,0.2419,0.0099,0.1658,25590,1,154304,0.1658,0.0000,0.4419,68194,1,154304,0.4419,0.0000
496.23,0.9605,14656,0,60000,0.2443,0.0099,0.8481,10176,0,60000,0.1696,0.0000,0.1658,25590,1,154304,0.1658,0.0000,0.4419,68194,1,154304,0.4419,0.0000
496.73,0.9605,14656,0,60000,0.2443,0.0099,0.9164,14272,0,60000,0.2379,0.0099,0.1658,25590,1,154304,0.1658,0.0000,0.4419,68194,1,154304,0.4419,0.0000
497.23,0.9605,14656,0,60000,0.2443,0.0099,0.9847,9847,0,60000,0.1641,0.0000,0.3871,59730,1,154304,0.3871,0.0000,0.4419,68194,1,154304,0.4419,0.0000
497.73,0.9605,14656,0,60000,0.2443,0.0099,0.9847,9847,0,60000,0.1641,0.0000,0.3871,59730,1,154304,0.3871,0.0000,0.4419,68194,1,154304,0.4419,0.0000
498.23,0.9605,14656,0,60000,0.2443,0.0099,0.7972,13943,0,60000,0.2324,0.0099,0.3871,59730,1,154304,0.3871,0.0000,0.4419,68194,1,154304,0.4419,0.0000
498.73,0.9605,14656,0,60000,0.2443,0.0099,0.8655,9580,0,60000,0.1597,0.0000,0.3871,59730,1,154304,0.3871,0.0000,0.4419,68194,1,154304,0.4419,0.0000
499.23,0.9605,14656,0,60000,0.2443,0.0099,0.7515,13676,0,60000,0.2279,0.0099,0.3871,59730,1,154304,0.3871,0.0000,0.4419,68194,1,154304,0.4419,0.0000
499.73,0.9605,14656,0,60000,0.2443,0.0099,0.8198,9323,0,60000,0.1554,0.0000,0.3871,59730,1,154304,0.3871,0.0000,0.4424,68264,1,154304,0.4424,0.0000
500.23,0.9605,14656,0,60000,0.2443,0.0099,0.8198,9323,0,60000,0.1554,0.0000,0.3871,59730,1,154304,0.3871,0.0000,0.4424,68264,1,154304,0.4424,0.0000
500.73,0.9605,14656,0,60000,0.2443,0.0099,0.7427,13419,0,60000,0.2236,0.0099,0.3871,59730,1,154304,0.3871,0.0000,0.4424,68264,1,154304,0.4424,0.0000
501.23,0.9605,14656,0,60000,0.2443,0.0099,0.8110,8948,0,60000,0.1491,0.0000,0.3871,59730,1,154304,0.3871,0.0000,0.4424,68264,1,154304,0.4424,0.0000
501.73,0.9605,14656,0,60000,0.2443,0.0099,0.8110,8948,0,60000,0.1491,0.0000,0.3871,59730,1,154304,0.3871,0.0000,0.4424,68264,1,154304,0.4424,0.0000
502.23,0.9605,14656,0,60000,0.2443,0.0099,0.7344,13044,0,60000,0.2174,0.0099,0.3871,59730,1,154304,0.3871,0.0000,0.4424,68264,1,154304,0.4424,0.0000
502.73,0.9605,14656,0,60000,0.2443,0.0099,0.8027,8642,0,60000,0.1440,0.0000,0.3309,51053,1,154304,0.3309,0.0000,0.4424,68264,1,154304,0.4424,0.0000
503.23,0.9605,14656,0,60000,0.2443,0.0099,0.7790,12738,0,60000,0.2123,0.0000,0.3309,51053,1,154304,0.3309,0.0000,0.4424,68264,1,154304,0.4424,0.0000
503.73,0.9605,14656,0,60000,0.2443,0.0099,0.8473,8396,0,60000,0.1399,0.0101,0.3309,51053,1,154304,0.3309,0.0000,0.4424,68264,1,154304,0.4424,0.0000
504.23,0.9605,14656,0,60000,0.2443,0.0099,0.8473,8396,0,60000,0.1399,0.0101,0.3309,51053,1,154304,0.3309,0.0000,0.4424,68264,1,154304,0.4424,0.0000
504.73,0.9605,14656,0,60000,0.2443,0.0099,0.9155,12492,0,60000,0.2082,0.0000,0.3309,51053,1,154304,0.3309,0.0000,0.4424,68264,1,154304,0.4424,0.0000
505.23,0.9605,14656,0,60000,0.2443,0.0099,0.9838,16589,0,60000,0.2765,0.0101,0.3309,51053,1,154304,0.3309,0.0000,0.4424,68264,1,154304,0.4424,0.0000
505.73,0.9605,14656,0,60000,0.2443,0.0099,0.7361,12134,0,60000,0.2022,0.0000,0.3309,51053,1,154304,0.3309,0.0000,0.4424,68264,1,154304,0.4424,0.0000
506.23,0.9605,14656,0,60000,0.2443,0.0099,0.8044,16230,0,60000,0.2705,0.0099,0.3309,51053,1,154304,0.3309,0.0000,0.4424,68264,1,154304,0.4424,0.0000
506.73,0.9605,14656,0,60000,0.2443,0.0099,0.8044,16230,0,60000,0.2705,0.0099,0.3309,51053,1,154304,0.3309,0.0000,0.4424,68264,1,154304,0.4424,0.0000
507.23,0.9605,14656,0,60000,0.2443,0.0099,0.6925,11847,0,60000,0.1974,0.0000,0.3309,51053,1,154304,0.3309,0.0000,0.4424,68264,1,154304,0.4424,0.0000
507.73,0.9605,14656,0,60000,0.2443,0.0099,0.7608,15943,0,60000,0.2657,0.0099,0.3309,51053,1,154304,0.3309,0.0000,0.4424,68264,1,154304,0.4424,0.0000
508.23,0.9605,14656,0,60000,0.2443,0.0099,0.8290,11556,0,60000,0.1926,0.0000,0.3309,51053,1,154304,0.3309,0.0000,0.4424,68264,1,154304,0.4424,0.0000
508.73,0.9605,14656,0,60000,0.2443,0.0099,0.8290,11556,0,60000,0.1926,0.0000,0.3309,51053,1,154304,0.3309,0.0000,0.4424,68264,1,154304,0.4424,0.0000
509.23,0.9605,14656,0,60000,0.2443,0.0099,0.8973,15652,0,60000,0.2609,0.0099,0.3309,51053,1,154304,0.3309,0.0000,0.5529,85309,1,154304,0.5529,0.0000
509.73,0.9605,14656,0,60000,0.2443,0.0099,0.9656,11254,0,60000,0.1876,0.0000,0.3309,51053,1,154304,0.3309,0.0000,0.5529,85309,1,154304,0.5529,0.0000
510.23,0.9605,14656,0,60000,0.2443,0.0099,0.8213,15350,0,60000,0.2558,0.0099,0.3309,51053,1,154304,0.3309,0.0000,0.5529,85309,1,154304,0.5529,0.0000
510.73,0.9605,14656,0,60000,0.2443,0.0099,0.8895,10937,0,60000,0.1823,0.0000,0.3309,51053,1,154304,0.3309,0.0000,0.5529,85309,1,154304,0.5529,0.0000
511.23,0.9605,14656,0,60000,0.2443,0.0099,0.8895,10937,0,60000,0.1823,0.0000,0.3309,51053,1,154304,0.3309,0.0000,0.5529,85309,1,154304,0.5529,0.0000
511.73,0.9605,14656,0,60000,0.2443,0.0099,0.7992,15033,0,60000,0.2505,0.0099,0.3318,51197,1,154304,0.3318,0.0000,0.5529,85309,1,154304,0.5529,0.0000
512.23,0.9605,14656,0,60000,0.2443,0.0099,0.8675,10669,0,60000,0.1778,0.0000,0.3318,51197,1,154304,0.3318,0.0000,0.5529,85309,1,154304,0.5529,0.0000
512.73,0.9605,14656,0,60000,0.2443,0.0099,0.7892,14765,0,60000,0.2461,0.0099,0.3318,51197,1,154304,0.3318,0.0000,0.5529,85309,1,154304,0.5529,0.0000
513.23,0.9605,14656,0,60000,0.2443,0.0099,0.7892,14765,0,60000,0.2461,0.0099,0.3318,51197,1,154304,0.3318,0.0000,0.5529,85309,1,154304,0.5529,0.0000
513.74,0.9605,14656,0,60000,0.2443,0.0099,0.8574,10387,0,60000,0.1731,0.0000,0.3318,51197,1,154304,0.3318,0.0000,0.5529,85309,1,154304,0.5529,0.0000
514.24,0.9605,14656,0,60000,0.2443,0.0099,0.7798,14483,0,60000,0.2414,0.0099,0.3318,51197,1,154304,0.3318,0.0000,0.5529,85309,1,154304,0.5529,0.0000
514.74,0.9605,14656,0,60000,0.2443,0.0099,0.8481,10093,0,60000,0.1682,0.0000,0.3318,51197,1,154304,0.3318,0.0000,0.5534,85388,1,154304,0.5534,0.0000
515.24,0.9605,14656,0,60000,0.2443,0.0099,0.8481,10093,0,60000,0.1682,0.0000,0.3318,51197,1,154304,0.3318,0.0000,0.5534,85388,1,154304,0.5534,0.0000
515.74,0.9605,14656,0,60000,0.2443,0.0099,0.7701,14189,0,60000,0.2365,0.0099,0.3318,51197,1,154304,0.3318,0.0000,0.5534,85388,1,154304,0.5534,0.0000
516.24,0.9605,14656,0,60000,0.2443,0.0099,0.8384,9798,0,60000,0.1633,0.0000,0.3318,51197,1,154304,0.3318,0.0000,0.5534,85388,1,154304,0.5534,0.0000
516.74,0.9605,14656,0,60000,0.2443,0.0099,0.8384,9798,0,60000,0.1633,0.0000,0.3318,51197,1,154304,0.3318,0.0000,0.5534,85388,1,154304,0.5534,0.0000
517.24,0.9605,14656,0,60000,0.2443,0.0099,0.8282,9523,0,60000,0.1587,0.0000,0.3318,51197,1,154304,0.3318,0.0000,0.5534,85388,1,154304,0.5534,0.0000
517.74,0.9605,14656,0,60000,0.2443,0.0099,0.8282,9523,0,60000,0.1587,0.0000,0.3318,51197,1,154304,0.3318,0.0000,0.5534,85388,1,154304,0.5534,0.0000
518.24,0.9605,14656,0,60000,0.2443,0.0099,0.7505,13619,0,60000,0.2270,0.0099,0.3318,51197,1,154304,0.3318,0.0000,0.5534,85388,1,154304,0.5534,0.0000
518.74,0.9605,14656,0,60000,0.2443,0.0099,0.8188,9159,0,60000,0.1527,0.0000,0.3318,51197,1,154304,0.3318,0.0000,0.4986,76931,1,154304,0.4986,0.0000
519.24,0.9605,14656,0,60000,0.2443,0.0099,0.8188,9159,0,60000,0.1527,0.0000,0.3318,51197,1,154304,0.3318,0.0000,0.4986,76931,1,154304,0.4986,0.0000
519.74,0.9605,14656,0,60000,0.2443,0.0099,0.7412,13255,0,60000,0.2209,0.0099,0.3318,51197,1,154304,0.3318,0.0000,0.4986,76931,1,154304,0.4986,0.0000
520.24,0.9605,14656,0,60000,0.2443,0.0099,0.8095,8907,0,60000,0.1484,0.0000,0.3874,59781,1,154304,0.3874,0.0000,0.4986,76931,1,154304,0.4986,0.0000
520.74,0.9605,14656,0,60000,0.2443,0.0099,0.7303,13003,0,60000,0.2167,0.0099,0.3874,59781,1,154304,0.3874,0.0000,0.4986,76931,1,154304,0.4986,0.0000
521.24,0.9605,14656,0,60000,0.2443,0.0099,0.7985,8606,0,60000,0.1434,0.0000,0.3874,59781,1,154304,0.3874,0.0000,0.4986,76931,1,154304,0.4986,0.0000
521.74,0.9605,14656,0,60000,0.2443,0.0099,0.7985,8606,0,60000,0.1434,0.0000,0.3874,59781,1,154304,0.3874,0.0000,0.4986,76931,1,154304,0.4986,0.0000
522.24,0.9605,14656,0,60000,0.2443,0.0099,0.8668,12702,0,60000,0.2117,0.0000,0.3874,59781,1,154304,0.3874,0.0000,0.4986,76931,1,154304,0.4986,0.0000
522.74,0.9605,14656,0,60000,0.2443,0.0099,0.9351,8315,0,60000,0.1386,0.0099,0.3874,59781,1,154304,0.3874,0.0000,0.3876,59808,1,154304,0.3876,0.0000
523.24,0.9605,14656,0,60000,0.2443,0.0099,0.9351,12411,0,60000,0.2069,0.0000,0.3874,59781,1,154304,0.3874,0.0000,0.3876,59808,1,154304,0.3876,0.0000
523.74,0.9605,14656,0,60000,0.2443,0.0099,0.9351,12411,0,60000,0.2069,0.0000,0.3874,59781,1,154304,0.3874,0.0000,0.3876,59808,1,154304,0.3876,0.0000
524.24,0.9605,14656,0,60000,0.2443,0.0099,0.7251,16507,0,60000,0.2751,0.0099,0.3874,59781,1,154304,0.3874,0.0000,0.3876,59808,1,154304,0.3876,0.0000
524.74,0.9605,14656,0,60000,0.2443,0.0099,0.7936,12069,0,60000,0.2011,0.0000,0.3874,59781,1,154304,0.3874,0.0000,0.3876,59808,1,154304,0.3876,0.0000
525.24,0.9605,14656,0,60000,0.2443,0.0099,0.8619,16166,0,60000,0.2694,0.0101,0.3874,59781,1,154304,0.3874,0.0000,0.3876,59808,1,154304,0.3876,0.0000
525.74,0.9605,14656,0,60000,0.2443,0.0099,0.8619,16166,0,60000,0.2694,0.0101,0.3874,59781,1,154304,0.3874,0.0000,0.3876,59808,1,154304,0.3876,0.0000
526.24,0.9605,14656,0,60000,0.2443,0.0099,0.7788,11813,0,60000,0.1969,0.0000,0.3874,59781,1,154304,0.3874,0.0000,0.3876,59808,1,154304,0.3876,0.0000
526.74,0.9605,14656,0,60000,0.2443,0.0099,0.8470,15909,0,60000,0.2651,0.0099,0.3874,59781,1,154304,0.3874,0.0000,0.3876,59808,1,154304,0.3876,0.0000
527.24,0.9605,14656,0,60000,0.2443,0.0099,0.9153,11532,0,60000,0.1922,0.0000,0.3874,59781,1,154304,0.3874,0.0000,0.3876,59808,1,154304,0.3876,0.0000
527.74,0.9605,14656,0,60000,0.2443,0.0099,0.8378,15628,0,60000,0.2605,0.0099,0.3874,59781,1,154304,0.3874,0.0000,0.3876,59808,1,154304,0.3876,0.0000
528.24,0.9605,14656,0,60000,0.2443,0.0099,0.8378,15628,0,60000,0.2605,0.0099,0.3874,59781,1,154304,0.3874,0.0000,0.3876,59808,1,154304,0.3876,0.0000
528.74,0.9605,14656,0,60000,0.2443,0.0099,0.9061,11209,0,60000,0.1868,0.0000,0.3874,59781,1,154304,0.3874,0.0000,0.3876,59808,1,154304,0.3876,0.0000
529.24,0.9605,14656,0,60000,0.2443,0.0099,0.8280,15305,0,60000,0.2551,0.0099,0.3874,59781,1,154304,0.3874,0.0000,0.3876,59808,1,154304,0.3876,0.0000
529.74,0.9605,14656,0,60000,0.2443,0.0099,0.8962,10882,0,60000,0.1814,0.0000,0.3323,51271,1,154304,0.3323,0.0000,0.3876,59808,1,154304,0.3876,0.0000
530.24,0.9605,14656,0,60000,0.2443,0.0099,0.8962,10882,0,60000,0.1814,0.0000,0.3323,51271,1,154304,0.3323,0.0000,0.3876,59808,1,154304,0.3876,0.0000
530.74,0.9605,14656,0,60000,0.2443,0.0099,0.8174,14978,0,60000,0.2496,0.0099,0.3323,51271,1,154304,0.3323,0.0000,0.4438,68485,1,154304,0.4438,0.0000
531.24,0.9605,14656,0,60000,0.2443,0.0099,0.8857,10544,0,60000,0.1757,0.0000,0.3323,51271,1,154304,0.3323,0.0000,0.4438,68485,1,154304,0.4438,0.0000
531.74,0.9605,14656,0,60000,0.2443,0.0099,0.7877,14640,0,60000,0.2440,0.0099,0.3323,51271,1,154304,0.3323,0.0000,0.4438,68485,1,154304,0.4438,0.0000
532.24,0.9605,14656,0,60000,0.2443,0.0099,0.8559,10192,0,60000,0.1699,0.0000,0.3323,51271,1,154304,0.3323,0.0000,0.4438,68485,1,154304,0.4438,0.0000
532.74,0.9605,14656,0,60000,0.2443,0.0099,0.8559,10192,0,60000,0.1699,0.0000,0.3323,51271,1,154304,0.3323,0.0000,0.4438,68485,1,154304,0.4438,0.0000
533.24,0.9605,14656,0,60000,0.2443,0.0099,0.7773,14288,0,60000,0.2381,0.0099,0.3323,51271,1,154304,0.3323,0.0000,0.4438,68485,1,154304,0.4438,0.0000
533.74,0.9605,14656,0,60000,0.2443,0.0099,0.8456,9890,0,60000,0.1648,0.0000,0.3323,51271,1,154304,0.3323,0.0000,0.4438,68485,1,154304,0.4438,0.0000
534.24,0.9605,14656,0,60000,0.2443,0.0099,0.8456,9890,0,60000,0.1648,0.0000,0.3323,51271,1,154304,0.3323,0.0000,0.4438,68485,1,154304,0.4438,0.0000
534.74,0.9605,14656,0,60000,0.2443,0.0099,0.7661,13986,0,60000,0.2331,0.0099,0.3323,51271,1,154304,0.3323,0.0000,0.4441,68523,1,154304,0.4441,0.0000
535.24,0.9605,14656,0,60000,0.2443,0.0099,0.8344,9572,0,60000,0.1595,0.0000,0.3323,51271,1,154304,0.3323,0.0000,0.4441,68523,1,154304,0.4441,0.0000
535.74,0.9605,14656,0,60000,0.2443,0.0099,0.9026,13668,0,60000,0.2278,0.0099,0.3323,51271,1,154304,0.3323,0.0000,0.4441,68523,1,154304,0.4441,0.0000
536.24,0.9605,14656,0,60000,0.2443,0.0099,0.9709,9242,0,60000,0.1540,0.0000,0.3323,51271,1,154304,0.3323,0.0000,0.4441,68523,1,154304,0.4441,0.0000
536.74,0.9605,14656,0,60000,0.2443,0.0099,0.9709,9242,0,60000,0.1540,0.0000,0.3323,51271,1,154304,0.3323,0.0000,0.4441,68523,1,154304,0.4441,0.0000
537.24,0.9605,14656,0,60000,0.2443,0.0099,0.7904,13338,0,60000,0.2223,0.0099,0.3323,51271,1,154304,0.3323,0.0000,0.4441,68523,1,154304,0.4441,0.0000
537.74,0.9605,14656,0,60000,0.2443,0.0099,0.8587,8982,0,60000,0.1497,0.0000,0.4434,68415,1,154304,0.4434,0.0000,0.4441,68523,1,154304,0.4441,0.0000
538.24,0.9605,14656,0,60000,0.2443,0.0099,0.7333,13078,0,60000,0.2180,0.0099,0.4434,68415,1,154304,0.4434,0.0000,0.4441,68523,1,154304,0.4441,0.0000
538.74,0.9605,14656,0,60000,0.2443,0.0099,0.8016,8651,0,60000,0.1442,0.0000,0.4434,68415,1,154304,0.4434,0.0000,0.4441,68523,1,154304,0.4441,0.0000
539.24,0.9605,14656,0,60000,0.2443,0.0099,0.8016,8651,0,60000,0.1442,0.0000,0.4434,68415,1,154304,0.4434,0.0000,0.4441,68523,1,154304,0.4441,0.0000
539.74,0.9605,14656,0,60000,0.2443,0.0099,0.7239,12747,0,60000,0.2124,0.0000,0.4434,68415,1,154304,0.4434,0.0000,0.4441,68523,1,154304,0.4441,0.0000
540.24,0.9605,14656,0,60000,0.2443,0.0099,0.7922,16843,0,60000,0.2807,0.0099,0.4434,68415,1,154304,0.4434,0.0000,0.4441,68523,1,154304,0.4441,0.0000
540.74,0.9605,14656,0,60000,0.2443,0.0099,0.7922,16843,0,60000,0.2807,0.0099,0.4434,68415,1,154304,0.4434,0.0000,0.4441,68523,1,154304,0.4441,0.0000
541.24,0.9605,14656,0,60000,0.2443,0.0099,0.7744,12436,0,60000,0.2073,0.0000,0.4434,68415,1,154304,0.4434,0.0000,0.4441,68523,1,154304,0.4441,0.0000
541.74,0.9605,14656,0,60000,0.2443,0.0099,0.8427,16532,0,60000,0.2755,0.0099,0.4434,68415,1,154304,0.4434,0.0000,0.4441,68523,1,154304,0.4441,0.0000
542.24,0.9605,14656,0,60000,0.2443,0.0099,0.7025,12150,0,60000,0.2025,0.0000,0.4434,68415,1,154304,0.4434,0.0000,0.3332,51407,1,154304,0.3332,0.0000
542.74,0.9605,14656,0,60000,0.2443,0.0099,0.7707,16246,0,60000,0.2708,0.0099,0.4434,68415,1,154304,0.4434,0.0000,0.3332,51407,1,154304,0.3332,0.0000
543.24,0.9605,14656,0,60000,0.2443,0.0099,0.7707,16246,0,60000,0.2708,0.0099,0.3888,59989,1,154304,0.3888,0.0000,0.3332,51407,1,154304,0.3332,0.0000
543.74,0.9605,14656,0,60000,0.2443,0.0099,0.8390,11813,0,60000,0.1969,0.0000,0.3888,59989,1,154304,0.3888,0.0000,0.3332,51407,1,154304,0.3332,0.0000
544.24,0.9605,14656,0,60000,0.2443,0.0099,0.8299,15909,0,60000,0.2651,0.0099,0.3888,59989,1,154304,0.3888,0.0000,0.3332,51407,1,154304,0.3332,0.0000
544.74,0.9605,14656,0,60000,0.2443,0.0099,0.8982,11486,0,60000,0.1914,0.0000,0.3888,59989,1,154304,0.3888,0.0000,0.3332,51407,1,154304,0.3332,0.0000
545.24,0.9605,14656,0,60000,0.2443,0.0099,0.8982,11486,0,60000,0.1914,0.0000,0.3888,59989,1,154304,0.3888,0.0000,0.3332,51407,1,154304,0.3332,0.0000
545.74,0.9605,14656,0,60000,0.2443,0.0099,0.8274,15582,0,60000,0.2597,0.0099,0.3888,59989,1,154304,0.3888,0.0000,0.3332,51407,1,154304,0.3332,0.0000
546.24,0.9605,14656,0,60000,0.2443,0.0099,0.8956,11109,0,60000,0.1852,0.0000,0.3888,59989,1,154304,0.3888,0.0000,0.3332,51407,1,154304,0.3332,0.0000
546.74,0.9605,14656,0,60000,0.2443,0.0099,0.8081,15206,0,60000,0.2534,0.0101,0.3888,59989,1,154304,0.3888,0.0000,0.3332,51407,1,154304,0.3332,0.0000
547.24,0.9605,14656,0,60000,0.2443,0.0099,0.8764,10819,0,60000,0.1803,0.0000,0.3888,59989,1,154304,0.3888,0.0000,0.4994,77058,1,154304,0.4994,0.0000
547.74,0.9605,14656,0,60000,0.2443,0.0099,0.8764,10819,0,60000,0.1803,0.0000,0.3888,59989,1,154304,0.3888,0.0000,0.4994,77058,1,154304,0.4994,0.0000
548.24,0.9605,14656,0,60000,0.2443,0.0099,0.7971,14916,0,60000,0.2486,0.0101,0.3888,59989,1,154304,0.3888,0.0000,0.4994,77058,1,154304,0.4994,0.0000
548.74,0.9605,14656,0,60000,0.2443,0.0099,0.8653,10503,0,60000,0.1751,0.0000,0.3888,59989,1,154304,0.3888,0.0000,0.4994,77058,1,154304,0.4994,0.0000
549.24,0.9605,14656,0,60000,0.2443,0.0099,0.9336,14599,0,60000,0.2433,0.0099,0.3888,59989,1,154304,0.3888,0.0000,0.4994,77058,1,154304,0.4994,0.0000
549.74,0.9605,14656,0,60000,0.2443,0.0099,0.9336,14599,0,60000,0.2433,0.0099,0.3888,59989,1,154304,0.3888,0.0000,0.4994,77058,1,154304,0.4994,0.0000
550.24,0.9605,14656,0,60000,0.2443,0.0099,0.9336,10145,0,60000,0.1691,0.0000,0.3888,59989,1,154304,0.3888,0.0000,0.4994,77058,1,154304,0.4994,0.0000
550.74,0.9605,14656,0,60000,0.2443,0.0099,0.7229,14241,0,60000,0.2374,0.0099,0.3888,59989,1,154304,0.3888,0.0000,0.4994,77058,1,154304,0.4994,0.0000
551.24,0.9605,14656,0,60000,0.2443,0.0099,0.7912,9874,0,60000,0.1646,0.0000,0.4440,68514,1,154304,0.4440,0.0000,0.4994,77058,1,154304,0.4994,0.0000
551.74,0.9605,14656,0,60000,0.2443,0.0099,0.7912,9874,0,60000,0.1646,0.0000,0.4440,68514,1,154304,0.4440,0.0000,0.4994,77058,1,154304,0.4994,0.0000
552.24,0.9605,14656,0,60000,0.2443,0.0099,0.6954,13970,0,60000,0.2328,0.0099,0.4440,68514,1,154304,0.4440,0.0000,0.4994,77058,1,154304,0.4994,0.0000
552.74,0.9605,14656,0,60000,0.2443,0.0099,0.7637,9512,0,60000,0.1585,0.0000,0.4440,68514,1,154304,0.4440,0.0000,0.3327,51339,1,154304,0.3327,0.0000
553.24,0.9605,14656,0,60000,0.2443,0.0099,0.8319,13608,0,60000,0.2268,0.0099,0.4440,68514,1,154304,0.4440,0.0000,0.3327,51339,1,154304,0.3327,0.0000
553.74,0.9605,14656,0,60000,0.2443,0.0099,0.9002,9139,0,60000,0.1523,0.0000,0.4440,68514,1,154304,0.4440,0.0000,0.3327,51339,1,154304,0.3327,0.0000
554.24,0.9605,14656,0,60000,0.2443,0.0099,0.9002,9139,0,60000,0.1523,0.0000,0.4440,68514,1,154304,0.4440,0.0000,0.3327,51339,1,154304,0.3327,0.0000
554.74,0.9605,14656,0,60000,0.2443,0.0099,0.7893,13235,0,60000,0.2206,0.0099,0.4440,68514,1,154304,0.4440,0.0000,0.3327,51339,1,154304,0.3327,0.0000
555.24,0.9605,14656,0,60000,0.2443,0.0099,0.8575,8801,0,60000,0.1467,0.0000,0.4440,68514,1,154304,0.4440,0.0000,0.3327,51339,1,154304,0.3327,0.0000
555.74,0.9605,14656,0,60000,0.2443,0.0099,0.9258,12897,0,60000,0.2150,0.0000,0.4440,68514,1,154304,0.4440,0.0000,0.3327,51339,1,154304,0.3327,0.0000
556.24,0.9605,14656,0,60000,0.2443,0.0099,0.9258,12897,0,60000,0.2150,0.0000,0.3881,59883,1,154304,0.3881,0.0000,0.3327,51339,1,154304,0.3327,0.0000
556.74,0.9605,14656,0,60000,0.2443,0.0099,0.9941,8448,0,60000,0.1408,0.0099,0.3881,59883,1,154304,0.3881,0.0000,0.3327,51339,1,154304,0.3327,0.0000
557.24,0.9605,14656,0,60000,0.2443,0.0099,0.9634,12544,0,60000,0.2091,0.0000,0.3881,59883,1,154304,0.3881,0.0000,0.3327,51339,1,154304,0.3327,0.0000
557.74,0.9605,14656,0,60000,0.2443,0.0099,0.9416,16640,0,60000,0.2773,0.0099,0.3881,59883,1,154304,0.3881,0.0000,0.3327,51339,1,154304,0.3327,0.0000
558.24,0.9605,14656,0,60000,0.2443,0.0099,0.9416,16640,0,60000,0.2773,0.0099,0.3881,59883,1,154304,0.3881,0.0000,0.3327,51339,1,154304,0.3327,0.0000
558.74,0.9605,14656,0,60000,0.2443,0.0099,0.7931,12179,0,60000,0.2030,0.0000,0.3881,59883,1,154304,0.3881,0.0000,0.3327,51339,1,154304,0.3327,0.0000
559.24,0.9605,14656,0,60000,0.2443,0.0099,0.8613,16275,0,60000,0.2712,0.0099,0.3881,59883,1,154304,0.3881,0.0000,0.3327,51339,1,154304,0.3327,0.0000
559.74,0.9605,14656,0,60000,0.2443,0.0099,0.9296,11885,0,60000,0.1981,0.0000,0.3881,59883,1,154304,0.3881,0.0000,0.3327,51339,1,154304,0.3327,0.0000
560.24,0.9605,14656,0,60000,0.2443,0.0099,0.9979,15981,0,60000,0.2663,0.0099,0.3881,59883,1,154304,0.3881,0.0000,0.3327,51339,1,154304,0.3327,0.0000
560.74,0.9605,14656,0,60000,0.2443,0.0099,0.9979,15981,0,60000,0.2663,0.0099,0.3881,59883,1,154304,0.3881,0.0000,0.3327,51339,1,154304,0.3327,0.0000
561.24,0.9605,14656,0,60000,0.2443,0.0099,0.9354,11519,0,60000,0.1920,0.0000,0.3881,59883,1,154304,0.3881,0.0000,0.3327,51339,1,154304,0.3327,0.0000
561.74,0.9605,14656,0,60000,0.2443,0.0099,0.9071,15615,0,60000,0.2602,0.0099,0.3881,59883,1,154304,0.3881,0.0000,0.3327,51339,1,154304,0.3327,0.0000
562.24,0.9605,14656,0,60000,0.2443,0.0099,0.9071,15615,0,60000,0.2602,0.0099,0.3881,59883,1,154304,0.3881,0.0000,0.4429,68346,1,154304,0.4429,0.0000
562.74,0.9605,14656,0,60000,0.2443,0.0099,0.9754,11173,0,60000,0.1862,0.0000,0.3881,59883,1,154304,0.3881,0.0000,0.4429,68346,1,154304,0.4429,0.0000
563.24,0.9605,14656,0,60000,0.2443,0.0099,0.8271,15269,0,60000,0.2545,0.0099,0.3881,59883,1,154304,0.3881,0.0000,0.4429,68346,1,154304,0.4429,0.0000
563.74,0.9605,14656,0,60000,0.2443,0.0099,0.8954,10851,0,60000,0.1809,0.0000,0.3881,59883,1,154304,0.3881,0.0000,0.4429,68346,1,154304,0.4429,0.0000
564.24,0.9605,14656,0,60000,0.2443,0.0099,0.9636,14947,0,60000,0.2491,0.0099,0.3881,59883,1,154304,0.3881,0.0000,0.4429,68346,1,154304,0.4429,0.0000
564.74,0.9605,14656,0,60000,0.2443,0.0099,0.9636,14947,0,60000,0.2491,0.0099,0.3881,59883,1,154304,0.3881,0.0000,0.3873,59768,1,154304,0.3873,0.0000
565.24,0.9605,14656,0,60000,0.2443,0.0099,0.9010,10610,0,60000,0.1768,0.0000,0.3881,59883,1,154304,0.3881,0.0000,0.3873,59768,1,154304,0.3873,0.0000
565.74,0.9605,14656,0,60000,0.2443,0.0099,0.9693,14706,0,60000,0.2451,0.0099,0.3881,59883,1,154304,0.3881,0.0000,0.3873,59768,1,154304,0.3873,0.0000
566.24,0.9605,14656,0,60000,0.2443,0.0099,0.9407,10238,0,60000,0.1706,0.0000,0.3881,59883,1,154304,0.3881,0.0000,0.3873,59768,1,154304,0.3873,0.0000
566.74,0.9605,14656,0,60000,0.2443,0.0099,0.9407,10238,0,60000,0.1706,0.0000,0.3881,59883,1,154304,0.3881,0.0000,0.3873,59768,1,154304,0.3873,0.0000
567.24,0.9605,14656,0,60000,0.2443,0.0099,0.7301,14334,0,60000,0.2389,0.0099,0.3881,59883,1,154304,0.3881,0.0000,0.3873,59768,1,154304,0.3873,0.0000
567.74,0.9605,14656,0,60000,0.2443,0.0099,0.7984,9876,0,60000,0.1646,0.0000,0.3868,59684,1,154304,0.3868,0.0000,0.3873,59768,1,154304,0.3873,0.0000
568.24,0.9605,14656,0,60000,0.2443,0.0099,0.6980,13974,0,60000,0.2329,0.0104,0.3868,59684,1,154304,0.3868,0.0000,0.3873,59768,1,154304,0.3873,0.0000
568.74,0.9605,14656,0,60000,0.2443,0.0099,0.7663,9629,0,60000,0.1605,0.0000,0.3868,59684,1,154304,0.3868,0.0000,0.3873,59768,1,154304,0.3873,0.0000
569.24,0.9605,14656,0,60000,0.2443,0.0099,0.7663,9629,0,60000,0.1605,0.0000,0.3868,59684,1,154304,0.3868,0.0000,0.3873,59768,1,154304,0.3873,0.0000
569.74,0.9605,14656,0,60000,0.2443,0.0099,0.8345,13725,0,60000,0.2288,0.0099,0.3868,59684,1,154304,0.3868,0.0000,0.3873,59768,1,154304,0.3873,0.0000
570.24,0.9605,14656,0,60000,0.2443,0.0099,0.9028,9302,0,60000,0.1550,0.0000,0.3868,59684,1,154304,0.3868,0.0000,0.3873,59768,1,154304,0.3873,0.0000
570.74,0.9605,14656,0,60000,0.2443,0.0099,0.9711,13398,0,60000,0.2233,0.0099,0.3868,59684,1,154304,0.3868,0.0000,0.3873,59768,1,154304,0.3873,0.0000
571.24,0.9605,14656,0,60000,0.2443,0.0099,0.9711,13398,0,60000,0.2233,0.0099,0.2206,34039,1,154304,0.2206,0.0000,0.3873,59768,1,154304,0.3873,0.0000
571.74,0.9605,14656,0,60000,0.2443,0.0099,0.9066,8950,0,60000,0.1492,0.0000,0.2206,34039,1,154304,0.2206,0.0000,0.3873,59768,1,154304,0.3873,0.0000
572.24,0.9605,14656,0,60000,0.2443,0.0099,0.8169,13047,0,60000,0.2175,0.0101,0.2206,34039,1,154304,0.2206,0.0000,0.3873,59768,1,154304,0.3873,0.0000
572.74,0.9605,14656,0,60000,0.2443,0.0099,0.8852,8711,0,60000,0.1452,0.0000,0.2206,34039,1,154304,0.2206,0.0000,0.3873,59768,1,154304,0.3873,0.0000
573.24,0.9605,14656,0,60000,0.2443,0.0099,0.8852,8711,0,60000,0.1452,0.0000,0.2206,34039,1,154304,0.2206,0.0000,0.3873,59768,1,154304,0.3873,0.0000
573.74,0.9605,14656,0,60000,0.2443,0.0099,0.7795,12807,0,60000,0.2135,0.0000,0.2206,34039,1,154304,0.2206,0.0000,0.3873,59768,1,154304,0.3873,0.0000
574.24,0.9605,14656,0,60000,0.2443,0.0099,0.8478,8451,0,60000,0.1409,0.0099,0.2206,34039,1,154304,0.2206,0.0000,0.3873,59768,1,154304,0.3873,0.0000
574.74,0.9605,14656,0,60000,0.2443,0.0099,0.9161,12547,0,60000,0.2091,0.0000,0.2206,34039,1,154304,0.2206,0.0000,0.3873,59768,1,154304,0.3873,0.0000
575.24,0.9605,14656,0,60000,0.2443,0.0099,0.9843,16643,0,60000,0.2774,0.0099,0.2206,34039,1,154304,0.2206,0.0000,0.3873,59768,1,154304,0.3873,0.0000
575.74,0.9605,14656,0,60000,0.2443,0.0099,0.9843,16643,0,60000,0.2774,0.0099,0.2206,34039,1,154304,0.2206,0.0000,0.5525,85253,1,154304,0.5525,0.0000
576.24,0.9605,14656,0,60000,0.2443,0.0099,0.7695,12242,0,60000,0.2040,0.0000,0.2206,34039,1,154304,0.2206,0.0000,0.5525,85253,1,154304,0.5525,0.0000
576.74,0.9605,14656,0,60000,0.2443,0.0099,0.8378,16338,0,60000,0.2723,0.0099,0.2206,34039,1,154304,0.2206,0.0000,0.5525,85253,1,154304,0.5525,0.0000
577.24,0.9605,14656,0,60000,0.2443,0.0099,0.8378,16338,0,60000,0.2723,0.0099,0.2761,42607,1,154304,0.2761,0.0000,0.5525,85253,1,154304,0.5525,0.0000
577.74,0.9605,14656,0,60000,0.2443,0.0099,0.7641,11980,0,60000,0.1997,0.0000,0.2761,42607,1,154304,0.2761,0.0000,0.5525,85253,1,154304,0.5525,0.0000
578.24,0.9605,14656,0,60000,0.2443,0.0099,0.8324,16076,0,60000,0.2679,0.0099,0.2761,42607,1,154304,0.2761,0.0000,0.5525,85253,1,154304,0.5525,0.0000
578.74,0.9605,14656,0,60000,0.2443,0.0099,0.9006,11607,0,60000,0.1935,0.0000,0.2761,42607,1,154304,0.2761,0.0000,0.5525,85253,1,154304,0.5525,0.0000
579.24,0.9605,14656,0,60000,0.2443,0.0099,0.8225,15703,0,60000,0.2617,0.0099,0.2761,42607,1,154304,0.2761,0.0000,0.5525,85253,1,154304,0.5525,0.0000
579.74,0.9605,14656,0,60000,0.2443,0.0099,0.8225,15703,0,60000,0.2617,0.0099,0.2761,42607,1,154304,0.2761,0.0000,0.5525,85253,1,154304,0.5525,0.0000
580.24,0.9605,14656,0,60000,0.2443,0.0099,0.8908,11358,0,60000,0.1893,0.0000,0.2761,42607,1,154304,0.2761,0.0000,0.5525,85253,1,154304,0.5525,0.0000
580.74,0.9605,14656,0,60000,0.2443,0.0099,0.8120,15454,0,60000,0.2576,0.0101,0.2761,42607,1,154304,0.2761,0.0000,0.5525,85253,1,154304,0.5525,0.0000
581.24,0.9605,14656,0,60000,0.2443,0.0099,0.8802,11105,0,60000,0.1851,0.0000,0.2761,42607,1,154304,0.2761,0.0000,0.5524,85243,1,154304,0.5524,0.0000
581.74,0.9605,14656,0,60000,0.2443,0.0099,0.9485,15201,0,60000,0.2534,0.0099,0.2761,42607,1,154304,0.2761,0.0000,0.5524,85243,1,154304,0.5524,0.0000
582.24,0.9605,14656,0,60000,0.2443,0.0099,0.9485,15201,0,60000,0.2534,0.0099,0.2761,42607,1,154304,0.2761,0.0000,0.5524,85243,1,154304,0.5524,0.0000
582.74,0.9605,14656,0,60000,0.2443,0.0099,0.9485,10862,0,60000,0.1810,0.0000,0.2761,42607,1,154304,0.2761,0.0000,0.5524,85243,1,154304,0.5524,0.0000
583.24,0.9605,14656,0,60000,0.2443,0.0099,0.7384,14958,0,60000,0.2493,0.0099,0.2761,42607,1,154304,0.2761,0.0000,0.5524,85243,1,154304,0.5524,0.0000
583.74,0.9605,14656,0,60000,0.2443,0.0099,0.8066,10532,0,60000,0.1755,0.0000,0.2761,42607,1,154304,0.2761,0.0000,0.5524,85243,1,154304,0.5524,0.0000
584.24,0.9605,14656,0,60000,0.2443,0.0099,0.8066,10532,0,60000,0.1755,0.0000,0.2761,42607,1,154304,0.2761,0.0000,0.5524,85243,1,154304,0.5524,0.0000
584.74,0.9605,14656,0,60000,0.2443,0.0099,0.7156,14628,0,60000,0.2438,0.0099,0.2761,42607,1,154304,0.2761,0.0000,0.5525,85250,1,154304,0.5525,0.0000
585.24,0.9605,14656,0,60000,0.2443,0.0099,0.7839,10261,0,60000,0.1710,0.0000,0.2761,42607,1,154304,0.2761,0.0000,0.5525,85250,1,154304,0.5525,0.0000
585.74,0.9605,14656,0,60000,0.2443,0.0099,0.9451,14357,0,60000,0.2393,0.0099,0.2761,42607,1,154304,0.2761,0.0000,0.5525,85250,1,154304,0.5525,0.0000
586.25,0.9605,14656,0,60000,0.2443,0.0099,0.9451,14357,0,60000,0.2393,0.0099,0.2761,42607,1,154304,0.2761,0.0000,0.5525,85250,1,154304,0.5525,0.0000
586.75,0.9605,14656,0,60000,0.2443,0.0099,0.9287,9904,0,60000,0.1651,0.0000,0.2761,42607,1,154304,0.2761,0.0000,0.5525,85250,1,154304,0.5525,0.0000
587.25,0.9605,14656,0,60000,0.2443,0.0099,0.8520,14000,0,60000,0.2333,0.0099,0.2761,42607,1,154304,0.2761,0.0000,0.5525,85250,1,154304,0.5525,0.0000
587.75,0.9605,14656,0,60000,0.2443,0.0099,0.9203,9642,0,60000,0.1607,0.0000,0.2761,42607,1,154304,0.2761,0.0000,0.5526,85273,1,154304,0.5526,0.0000
588.25,0.9605,14656,0,60000,0.2443,0.0099,0.9203,9642,0,60000,0.1607,0.0000,0.2761,42607,1,154304,0.2761,0.0000,0.5526,85273,1,154304,0.5526,0.0000
588.75,0.9605,14656,0,60000,0.2443,0.0099,0.8438,13738,0,60000,0.2290,0.0099,0.2761,42607,1,154304,0.2761,0.0000,0.5526,85273,1,154304,0.5526,0.0000
589.25,0.9605,14656,0,60000,0.2443,0.0099,0.9121,9367,0,60000,0.1561,0.0000,0.2761,42607,1,154304,0.2761,0.0000,0.5526,85273,1,154304,0.5526,0.0000
589.75,0.9605,14656,0,60000,0.2443,0.0099,0.9803,13463,0,60000,0.2244,0.0099,0.2761,42607,1,154304,0.2761,0.0000,0.5526,85273,1,154304,0.5526,0.0000
590.25,0.9605,14656,0,60000,0.2443,0.0099,0.9603,9123,0,60000,0.1520,0.0000,0.2761,42607,1,154304,0.2761,0.0000,0.5526,85273,1,154304,0.5526,0.0000
590.75,0.9605,14656,0,60000,0.2443,0.0099,0.9603,9123,0,60000,0.1520,0.0000,0.2761,42607,1,154304,0.2761,0.0000,0.5526,85273,1,154304,0.5526,0.0000
591.25,0.9605,14656,0,60000,0.2443,0.0099,0.7845,13219,0,60000,0.2203,0.0099,0.2761,42607,1,154304,0.2761,0.0000,0.5526,85273,1,154304,0.5526,0.0000
591.75,0.9605,14656,0,60000,0.2443,0.0099,0.8528,8840,0,60000,0.1473,0.0000,0.2761,42607,1,154304,0.2761,0.0000,0.5526,85273,1,154304,0.5526,0.0000
592.25,0.9605,14656,0,60000,0.2443,0.0099,0.7265,12936,0,60000,0.2156,0.0000,0.2761,42607,1,154304,0.2761,0.0000,0.5526,85273,1,154304,0.5526,0.0000
592.75,0.9605,14656,0,60000,0.2443,0.0099,0.7948,8478,0,60000,0.1413,0.0099,0.2213,34155,1,154304,0.2213,0.0000,0.5526,85273,1,154304,0.5526,0.0000
593.25,0.9605,14656,0,60000,0.2443,0.0099,0.7948,8478,0,60000,0.1413,0.0099,0.2213,34155,1,154304,0.2213,0.0000,0.5526,85273,1,154304,0.5526,0.0000
593.75,0.9605,14656,0,60000,0.2443,0.0099,0.7175,12574,0,60000,0.2096,0.0000,0.2213,34155,1,154304,0.2213,0.0000,0.5526,85273,1,154304,0.5526,0.0000
594.25,0.9605,14656,0,60000,0.2443,0.0099,0.7857,16670,0,60000,0.2778,0.0099,0.2213,34155,1,154304,0.2213,0.0000,0.5526,85273,1,154304,0.5526,0.0000
594.75,0.9605,14656,0,60000,0.2443,0.0099,0.7857,16670,0,60000,0.2778,0.0099,0.2213,34155,1,154304,0.2213,0.0000,0.5526,85273,1,154304,0.5526,0.0000
595.25,0.9605,14656,0,60000,0.2443,0.0099,0.9124,12300,0,60000,0.2050,0.0000,0.2213,34155,1,154304,0.2213,0.0000,0.5526,85273,1,154304,0.5526,0.0000
595.75,0.9605,14656,0,60000,0.2443,0.0099,0.9807,16397,0,60000,0.2733,0.0101,0.2213,34155,1,154304,0.2213,0.0000,0.6637,102410,1,154304,0.6637,0.0000
596.25,0.9605,14656,0,60000,0.2443,0.0099,0.9310,12007,0,60000,0.2001,0.0000,0.2213,34155,1,154304,0.2213,0.0000,0.6637,102410,1,154304,0.6637,0.0000
596.75,0.9605,14656,0,60000,0.2443,0.0099,0.9993,16103,0,60000,0.2684,0.0099,0.2213,34155,1,154304,0.2213,0.0000,0.6637,102410,1,154304,0.6637,0.0000
597.25,0.9605,14656,0,60000,0.2443,0.0099,0.9993,16103,0,60000,0.2684,0.0099,0.1657,25572,1,154304,0.1657,0.0000,0.6637,102410,1,154304,0.6637,0.0000
597.75,0.9605,14656,0,60000,0.2443,0.0099,0.9799,11735,0,60000,0.1956,0.0000,0.1657,25572,1,154304,0.1657,0.0000,0.6637,102410,1,154304,0.6637,0.0000
598.25,0.9605,14656,0,60000,0.2443,0.0099,0.7809,15832,0,60000,0.2639,0.0101,0.1657,25572,1,154304,0.1657,0.0000,0.6637,102410,1,154304,0.6637,0.0000
598.75,0.9605,14656,0,60000,0.2443,0.0099,0.8492,11395,0,60000,0.1899,0.0000,0.1657,25572,1,154304,0.1657,0.0000,0.6637,102410,1,154304,0.6637,0.0000
599.25,0.9605,14656,0,60000,0.2443,0.0099,0.8492,11395,0,60000,0.1899,0.0000,0.1657,25572,1,154304,0.1657,0.0000,0.6637,102410,1,154304,0.6637,0.0000
599.75,0.9605,14656,0,60000,0.2443,0.0099,0.7463,15491,0,60000,0.2582,0.0099,0.1657,25572,1,154304,0.1657,0.0000,0.6637,102410,1,154304,0.6637,0.0000
600.25,0.9605,14656,0,60000,0.2443,0.0099,0.8146,11099,0,60000,0.1850,0.0000,0.1657,25572,1,154304,0.1657,0.0000,0.4975,76771,1,154304,0.4975,0.0000
600.75,0.9605,14656,0,60000,0.2443,0.0099,0.8043,15195,0,60000,0.2532,0.0099,0.1657,25572,1,154304,0.1657,0.0000,0.4975,76771,1,154304,0.4975,0.0000
601.25,0.9605,14656,0,60000,0.2443,0.0099,0.8043,15195,0,60000,0.2532,0.0099,0.1657,25572,1,154304,0.1657,0.0000,0.4975,76771,1,154304,0.4975,0.0000
601.75,0.9605,14656,0,60000,0.2443,0.0099,0.8726,10816,0,60000,0.1803,0.0000,0.1657,25572,1,154304,0.1657,0.0000,0.4975,76771,1,154304,0.4975,0.0000
602.25,0.9605,14656,0,60000,0.2443,0.0099,0.7945,14913,0,60000,0.2485,0.0101,0.1657,25572,1,154304,0.1657,0.0000,0.4975,76771,1,154304,0.4975,0.0000
602.75,0.9605,14656,0,60000,0.2443,0.0099,0.8628,10529,0,60000,0.1755,0.0000,0.1657,25572,1,154304,0.1657,0.0000,0.4975,76771,1,154304,0.4975,0.0000
603.25,0.9605,14656,0,60000,0.2443,0.0099,0.8628,10529,0,60000,0.1755,0.0000,0.1657,25572,1,154304,0.1657,0.0000,0.4975,76771,1,154304,0.4975,0.0000
603.75,0.9605,14656,0,60000,0.2443,0.0099,0.7853,14626,0,60000,0.2438,0.0101,0.1657,25572,1,154304,0.1657,0.0000,0.4430,68352,1,154304,0.4430,0.0000
604.25,0.9605,14656,0,60000,0.2443,0.0099,0.8536,10253,0,60000,0.1709,0.0000,0.1657,25572,1,154304,0.1657,0.0000,0.4430,68352,1,154304,0.4430,0.0000
604.75,0.9605,14656,0,60000,0.2443,0.0099,0.8048,14349,0,60000,0.2392,0.0099,0.1657,25572,1,154304,0.1657,0.0000,0.4430,68352,1,154304,0.4430,0.0000
605.25,0.9605,14656,0,60000,0.2443,0.0099,0.8731,9973,0,60000,0.1662,0.0000,0.1657,25572,1,154304,0.1657,0.0000,0.4430,68352,1,154304,0.4430,0.0000
605.75,0.9605,14656,0,60000,0.2443,0.0099,0.8731,9973,0,60000,0.1662,0.0000,0.1657,25572,1,154304,0.1657,0.0000,0.4430,68352,1,154304,0.4430,0.0000
606.25,0.9605,14656,0,60000,0.2443,0.0099,0.7652,14069,0,60000,0.2345,0.0099,0.1657,25572,1,154304,0.1657,0.0000,0.4430,68352,1,154304,0.4430,0.0000
606.75,0.9605,14656,0,60000,0.2443,0.0099,0.8335,9608,0,60000,0.1601,0.0000,0.1657,25572,1,154304,0.1657,0.0000,0.3323,51274,1,154304,0.3323,0.0000
607.25,0.9605,14656,0,60000,0.2443,0.0099,0.7559,13704,0,60000,0.2284,0.0099,0.1657,25572,1,154304,0.1657,0.0000,0.3323,51274,1,154304,0.3323,0.0000
607.75,0.9605,14656,0,60000,0.2443,0.0099,0.8242,9303,0,60000,0.1550,0.0000,0.1657,25572,1,154304,0.1657,0.0000,0.3323,51274,1,154304,0.3323,0.0000
608.25,0.9605,14656,0,60000,0.2443,0.0099,0.8242,9303,0,60000,0.1550,0.0000,0.1657,25572,1,154304,0.1657,0.0000,0.3323,51274,1,154304,0.3323,0.0000
608.75,0.9605,14656,0,60000,0.2443,0.0099,0.7450,13399,0,60000,0.2233,0.0099,0.1657,25572,1,154304,0.1657,0.0000,0.3323,51274,1,154304,0.3323,0.0000
609.25,0.9605,14656,0,60000,0.2443,0.0099,0.8133,9007,0,60000,0.1501,0.0000,0.1657,25572,1,154304,0.1657,0.0000,0.3323,51274,1,154304,0.3323,0.0000
609.75,0.9605,14656,0,60000,0.2443,0.0099,0.8816,13103,0,60000,0.2184,0.0099,0.1657,25572,1,154304,0.1657,0.0000,0.3323,51274,1,154304,0.3323,0.0000
610.25,0.9605,14656,0,60000,0.2443,0.0099,0.8816,13103,0,60000,0.2184,0.0099,0.1657,25572,1,154304,0.1657,0.0000,0.3323,51274,1,154304,0.3323,0.0000
610.75,0.9605,14656,0,60000,0.2443,0.0099,0.9498,8696,0,60000,0.1449,0.0000,0.1657,25572,1,154304,0.1657,0.0000,0.3323,51274,1,154304,0.3323,0.0000
611.25,0.9605,14656,0,60000,0.2443,0.0099,0.7797,12792,0,60000,0.2132,0.0000,0.1657,25572,1,154304,0.1657,0.0000,0.3323,51274,1,154304,0.3323,0.0000
611.75,0.9605,14656,0,60000,0.2443,0.0099,0.8480,8435,0,60000,0.1406,0.0099,0.1657,25572,1,154304,0.1657,0.0000,0.3327,51337,1,154304,0.3327,0.0000
612.25,0.9605,14656,0,60000,0.2443,0.0099,0.8480,8435,0,60000,0.1406,0.0099,0.1657,25572,1,154304,0.1657,0.0000,0.3327,51337,1,154304,0.3327,0.0000
612.75,0.9605,14656,0,60000,0.2443,0.0099,0.7145,12531,0,60000,0.2089,0.0000,0.1657,25572,1,154304,0.1657,0.0000,0.3327,51337,1,154304,0.3327,0.0000
613.25,0.9605,14656,0,60000,0.2443,0.0099,0.7827,16627,0,60000,0.2771,0.0099,0.1657,25572,1,154304,0.1657,0.0000,0.3327,51337,1,154304,0.3327,0.0000
613.75,0.9605,14656,0,60000,0.2443,0.0099,0.7827,16627,0,60000,0.2771,0.0099,0.1657,25572,1,154304,0.1657,0.0000,0.3327,51337,1,154304,0.3327,0.0000
614.25,0.9605,14656,0,60000,0.2443,0.0099,0.9801,16349,0,60000,0.2725,0.0099,0.1657,25572,1,154304,0.1657,0.0000,0.3327,51337,1,154304,0.3327,0.0000
614.75,0.9605,14656,0,60000,0.2443,0.0099,0.9801,16349,0,60000,0.2725,0.0099,0.1657,25572,1,154304,0.1657,0.0000,0.3327,51337,1,154304,0.3327,0.0000
615.25,0.9605,14656,0,60000,0.2443,0.0099,0.7829,11934,0,60000,0.1989,0.0000,0.1657,25572,1,154304,0.1657,0.0000,0.3327,51337,1,154304,0.3327,0.0000
615.75,0.9605,14656,0,60000,0.2443,0.0099,0.8511,16030,0,60000,0.2672,0.0099,0.4430,68352,1,154304,0.4430,0.0000,0.3327,51337,1,154304,0.3327,0.0000
616.25,0.9605,14656,0,60000,0.2443,0.0099,0.9194,11624,0,60000,0.1937,0.0000,0.4430,68352,1,154304,0.4430,0.0000,0.3327,51337,1,154304,0.3327,0.0000
616.75,0.9605,14656,0,60000,0.2443,0.0099,0.9194,11624,0,60000,0.1937,0.0000,0.4430,68352,1,154304,0.4430,0.0000,0.3327,51337,1,154304,0.3327,0.0000
617.25,0.9605,14656,0,60000,0.2443,0.0099,0.8410,15720,0,60000,0.2620,0.0099,0.4430,68352,1,154304,0.4430,0.0000,0.3327,51337,1,154304,0.3327,0.0000
617.75,0.9605,14656,0,60000,0.2443,0.0099,0.9093,11294,0,60000,0.1882,0.0000,0.4430,68352,1,154304,0.4430,0.0000,0.3327,51337,1,154304,0.3327,0.0000
618.25,0.9605,14656,0,60000,0.2443,0.0099,0.8315,15390,0,60000,0.2565,0.0099,0.4430,68352,1,154304,0.4430,0.0000,0.3327,51337,1,154304,0.3327,0.0000
618.75,0.9605,14656,0,60000,0.2443,0.0099,0.8315,15390,0,60000,0.2565,0.0099,0.3322,51254,1,154304,0.3322,0.0000,0.3327,51337,1,154304,0.3327,0.0000
619.25,0.9605,14656,0,60000,0.2443,0.0099,0.8997,10988,0,60000,0.1831,0.0000,0.3322,51254,1,154304,0.3322,0.0000,0.3327,51337,1,154304,0.3327,0.0000
619.75,0.9605,14656,0,60000,0.2443,0.0099,0.8225,15085,0,60000,0.2514,0.0101,0.3322,51254,1,154304,0.3322,0.0000,0.3327,51337,1,154304,0.3327,0.0000
620.25,0.9605,14656,0,60000,0.2443,0.0099,0.8908,10613,0,60000,0.1769,0.0000,0.3322,51254,1,154304,0.3322,0.0000,0.4439,68492,1,154304,0.4439,0.0000
620.75,0.9605,14656,0,60000,0.2443,0.0099,0.8908,10613,0,60000,0.1769,0.0000,0.3322,51254,1,154304,0.3322,0.0000,0.4439,68492,1,154304,0.4439,0.0000
621.25,0.9605,14656,0,60000,0.2443,0.0099,0.8138,14709,0,60000,0.2452,0.0099,0.3322,51254,1,154304,0.3322,0.0000,0.4439,68492,1,154304,0.4439,0.0000
621.75,0.9605,14656,0,60000,0.2443,0.0099,0.8821,10281,0,60000,0.1714,0.0000,0.3322,51254,1,154304,0.3322,0.0000,0.4439,68492,1,154304,0.4439,0.0000
622.25,0.9605,14656,0,60000,0.2443,0.0099,0.7800,14377,0,60000,0.2396,0.0099,0.3322,51254,1,154304,0.3322,0.0000,0.4439,68492,1,154304,0.4439,0.0000
622.75,0.9605,14656,0,60000,0.2443,0.0099,0.8483,9962,0,60000,0.1660,0.0000,0.3322,51254,1,154304,0.3322,0.0000,0.4439,68492,1,154304,0.4439,0.0000
623.25,0.9605,14656,0,60000,0.2443,0.0099,0.8483,9962,0,60000,0.1660,0.0000,0.3322,51254,1,154304,0.3322,0.0000,0.4439,68492,1,154304,0.4439,0.0000
623.75,0.9605,14656,0,60000,0.2443,0.0099,0.9165,14058,0,60000,0.2343,0.0099,0.3322,51254,1,154304,0.3322,0.0000,0.4439,68492,1,154304,0.4439,0.0000
624.25,0.9605,14656,0,60000,0.2443,0.0099,0.9848,9638,0,60000,0.1606,0.0000,0.3322,51254,1,154304,0.3322,0.0000,0.4439,68492,1,154304,0.4439,0.0000
624.75,0.9605,14656,0,60000,0.2443,0.0099,0.7969,13735,0,60000,0.2289,0.0101,0.3322,51254,1,154304,0.3322,0.0000,0.4439,68492,1,154304,0.4439,0.0000
625.25,0.9605,14656,0,60000,0.2443,0.0099,0.7969,13735,0,60000,0.2289,0.0101,0.2215,34183,1,154304,0.2215,0.0000,0.4439,68492,1,154304,0.4439,0.0000
625.75,0.9605,14656,0,60000,0.2443,0.0099,0.8651,9401,0,60000,0.1567,0.0000,0.2215,34183,1,154304,0.2215,0.0000,0.4439,68492,1,154304,0.4439,0.0000
626.25,0.9605,14656,0,60000,0.2443,0.0099,0.7469,13497,0,60000,0.2250,0.0099,0.2215,34183,1,154304,0.2215,0.0000,0.4439,68492,1,154304,0.4439,0.0000
626.75,0.9605,14656,0,60000,0.2443,0.0099,0.8152,9088,0,60000,0.1515,0.0000,0.2215,34183,1,154304,0.2215,0.0000,0.4439,68492,1,154304,0.4439,0.0000
627.25,0.9605,14656,0,60000,0.2443,0.0099,0.8152,9088,0,60000,0.1515,0.0000,0.2215,34183,1,154304,0.2215,0.0000,0.4439,68492,1,154304,0.4439,0.0000
627.75,0.9605,14656,0,60000,0.2443,0.0099,0.7374,13184,0,60000,0.2197,0.0099,0.2215,34183,1,154304,0.2215,0.0000,0.4439,68492,1,154304,0.4439,0.0000
628.25,0.9605,14656,0,60000,0.2443,0.0099,0.8057,8774,0,60000,0.1462,0.0000,0.2215,34183,1,154304,0.2215,0.0000,0.4439,68492,1,154304,0.4439,0.0000
628.75,0.9605,14656,0,60000,0.2443,0.0099,0.7810,12870,0,60000,0.2145,0.0000,0.2215,34183,1,154304,0.2215,0.0000,0.4439,68492,1,154304,0.4439,0.0000
629.25,0.9605,14656,0,60000,0.2443,0.0099,0.8492,8433,0,60000,0.1406,0.0099,0.2215,34183,1,154304,0.2215,0.0000,0.5551,85656,1,154304,0.5551,0.0000
629.75,0.9605,14656,0,60000,0.2443,0.0099,0.8492,8433,0,60000,0.1406,0.0099,0.2215,34183,1,154304,0.2215,0.0000,0.5551,85656,1,154304,0.5551,0.0000
630.25,0.9605,14656,0,60000,0.2443,0.0099,0.7163,12529,0,60000,0.2088,0.0000,0.2215,34183,1,154304,0.2215,0.0000,0.5551,85656,1,154304,0.5551,0.0000
630.75,0.9605,14656,0,60000,0.2443,0.0099,0.7846,16625,0,60000,0.2771,0.0099,0.2215,34183,1,154304,0.2215,0.0000,0.5551,85656,1,154304,0.5551,0.0000
631.25,0.9605,14656,0,60000,0.2443,0.0099,0.7846,16625,0,60000,0.2771,0.0099,0.2221,34271,1,154304,0.2221,0.0000,0.5551,85656,1,154304,0.5551,0.0000
631.75,0.9605,14656,0,60000,0.2443,0.0099,0.9123,12197,0,60000,0.2033,0.0000,0.2221,34271,1,154304,0.2221,0.0000,0.5551,85656,1,154304,0.5551,0.0000
632.25,0.9605,14656,0,60000,0.2443,0.0099,0.9806,16293,0,60000,0.2716,0.0099,0.2221,34271,1,154304,0.2221,0.0000,0.5551,85656,1,154304,0.5551,0.0000
632.75,0.9605,14656,0,60000,0.2443,0.0099,0.7858,11851,0,60000,0.1975,0.0000,0.2221,34271,1,154304,0.2221,0.0000,0.5551,85656,1,154304,0.5551,0.0000
633.25,0.9605,14656,0,60000,0.2443,0.0099,0.8541,15947,0,60000,0.2658,0.0099,0.2221,34271,1,154304,0.2221,0.0000,0.5551,85656,1,154304,0.5551,0.0000
633.75,0.9605,14656,0,60000,0.2443,0.0099,0.8541,15947,0,60000,0.2658,0.0099,0.2221,34271,1,154304,0.2221,0.0000,0.4442,68547,1,154304,0.4442,0.0000
634.25,0.9605,14656,0,60000,0.2443,0.0099,0.9224,11556,0,60000,0.1926,0.0000,0.2221,34271,1,154304,0.2221,0.0000,0.4442,68547,1,154304,0.4442,0.0000
634.75,0.9605,14656,0,60000,0.2443,0.0099,0.8437,15652,0,60000,0.2609,0.0099,0.2221,34271,1,154304,0.2221,0.0000,0.4442,68547,1,154304,0.4442,0.0000
635.25,0.9605,14656,0,60000,0.2443,0.0099,0.9119,11242,0,60000,0.1874,0.0000,0.2221,34271,1,154304,0.2221,0.0000,0.4442,68547,1,154304,0.4442,0.0000
635.75,0.9605,14656,0,60000,0.2443,0.0099,0.9802,15338,0,60000,0.2556,0.0101,0.2221,34271,1,154304,0.2221,0.0000,0.4442,68547,1,154304,0.4442,0.0000
636.25,0.9605,14656,0,60000,0.2443,0.0099,0.9802,15338,0,60000,0.2556,0.0101,0.2221,34271,1,154304,0.2221,0.0000,0.4442,68547,1,154304,0.4442,0.0000
636.75,0.9605,14656,0,60000,0.2443,0.0099,0.9580,10889,0,60000,0.1815,0.0000,0.2221,34271,1,154304,0.2221,0.0000,0.4442,68547,1,154304,0.4442,0.0000
637.25,0.9605,14656,0,60000,0.2443,0.0099,0.7472,14985,0,60000,0.2497,0.0099,0.2221,34271,1,154304,0.2221,0.0000,0.4442,68547,1,154304,0.4442,0.0000
637.75,0.9605,14656,0,60000,0.2443,0.0099,0.8155,10544,0,60000,0.1757,0.0000,0.2221,34271,1,154304,0.2221,0.0000,0.3333,51422,1,154304,0.3333,0.0000
638.25,0.9605,14656,0,60000,0.2443,0.0099,0.8155,10544,0,60000,0.1757,0.0000,0.2221,34271,1,154304,0.2221,0.0000,0.3333,51422,1,154304,0.3333,0.0000
638.75,0.9605,14656,0,60000,0.2443,0.0099,0.7201,14640,0,60000,0.2440,0.0099,0.2221,34271,1,154304,0.2221,0.0000,0.3333,51422,1,154304,0.3333,0.0000
639.25,0.9605,14656,0,60000,0.2443,0.0099,0.7884,10285,0,60000,0.1714,0.0000,0.2221,34271,1,154304,0.2221,0.0000,0.3333,51422,1,154304,0.3333,0.0000
639.75,0.9605,14656,0,60000,0.2443,0.0099,0.8567,14381,0,60000,0.2397,0.0099,0.2221,34271,1,154304,0.2221,0.0000,0.3333,51422,1,154304,0.3333,0.0000
640.25,0.9605,14656,0,60000,0.2443,0.0099,0.9249,9920,0,60000,0.1653,0.0000,0.2221,34271,1,154304,0.2221,0.0000,0.3333,51422,1,154304,0.3333,0.0000
640.75,0.9605,14656,0,60000,0.2443,0.0099,0.9249,9920,0,60000,0.1653,0.0000,0.2221,34271,1,154304,0.2221,0.0000,0.3333,51422,1,154304,0.3333,0.0000
641.25,0.9605,14656,0,60000,0.2443,0.0099,0.9932,14016,0,60000,0.2336,0.0101,0.2221,34271,1,154304,0.2221,0.0000,0.3333,51422,1,154304,0.3333,0.0000
641.75,0.9605,14656,0,60000,0.2443,0.0099,0.9299,9579,0,60000,0.1596,0.0000,0.2221,34271,1,154304,0.2221,0.0000,0.2226,34350,1,154304,0.2226,0.0000
642.25,0.9605,14656,0,60000,0.2443,0.0099,0.9299,9579,0,60000,0.1596,0.0000,0.2221,34271,1,154304,0.2221,0.0000,0.2226,34350,1,154304,0.2226,0.0000
642.75,0.9605,14656,0,60000,0.2443,0.0099,0.8401,13675,0,60000,0.2279,0.0099,0.2221,34271,1,154304,0.2221,0.0000,0.2226,34350,1,154304,0.2226,0.0000
643.25,0.9605,14656,0,60000,0.2443,0.0099,0.9084,9212,0,60000,0.1535,0.0000,0.2221,34271,1,154304,0.2221,0.0000,0.2226,34350,1,154304,0.2226,0.0000
643.75,0.9605,14656,0,60000,0.2443,0.0099,0.9767,13308,0,60000,0.2218,0.0099,0.2221,34271,1,154304,0.2221,0.0000,0.2226,34350,1,154304,0.2226,0.0000
644.25,0.9605,14656,0,60000,0.2443,0.0099,0.9140,8858,0,60000,0.1476,0.0000,0.2221,34271,1,154304,0.2221,0.0000,0.2226,34350,1,154304,0.2226,0.0000
644.75,0.9605,14656,0,60000,0.2443,0.0099,0.9140,8858,0,60000,0.1476,0.0000,0.2221,34271,1,154304,0.2221,0.0000,0.2226,34350,1,154304,0.2226,0.0000
645.25,0.9605,14656,0,60000,0.2443,0.0099,0.8187,12954,0,60000,0.2159,0.0000,0.2221,34271,1,154304,0.2221,0.0000,0.2226,34350,1,154304,0.2226,0.0000
645.75,0.9605,14656,0,60000,0.2443,0.0099,0.8870,8499,0,60000,0.1416,0.0099,0.2221,34271,1,154304,0.2221,0.0000,0.2226,34350,1,154304,0.2226,0.0000
646.25,0.9605,14656,0,60000,0.2443,0.0099,0.9553,12595,0,60000,0.2099,0.0000,0.2221,34271,1,154304,0.2221,0.0000,0.2226,34350,1,154304,0.2226,0.0000
646.75,0.9605,14656,0,60000,0.2443,0.0099,0.9550,16692,0,60000,0.2782,0.0101,0.2221,34271,1,154304,0.2221,0.0000,0.2226,34350,1,154304,0.2226,0.0000
647.25,0.9605,14656,0,60000,0.2443,0.0099,0.9550,16692,0,60000,0.2782,0.0101,0.4436,68447,1,154304,0.4436,0.0000,0.2226,34350,1,154304,0.2226,0.0000
647.75,0.9605,14656,0,60000,0.2443,0.0099,0.9550,12324,0,60000,0.2054,0.0000,0.4436,68447,1,154304,0.4436,0.0000,0.2226,34350,1,154304,0.2226,0.0000
648.25,0.9605,14656,0,60000,0.2443,0.0099,0.9328,16420,0,60000,0.2737,0.0099,0.4436,68447,1,154304,0.4436,0.0000,0.2226,34350,1,154304,0.2226,0.0000
648.75,0.9605,14656,0,60000,0.2443,0.0099,0.9328,16420,0,60000,0.2737,0.0099,0.4436,68447,1,154304,0.4436,0.0000,0.1665,25698,1,154304,0.1665,0.0000
649.25,0.9605,14656,0,60000,0.2443,0.0099,0.9328,11976,0,60000,0.1996,0.0000,0.4436,68447,1,154304,0.4436,0.0000,0.1665,25698,1,154304,0.1665,0.0000
649.75,0.9605,14656,0,60000,0.2443,0.0099,0.9208,16072,0,60000,0.2679,0.0099,0.4436,68447,1,154304,0.4436,0.0000,0.1665,25698,1,154304,0.1665,0.0000
650.25,0.9605,14656,0,60000,0.2443,0.0099,0.9891,11626,0,60000,0.1938,0.0000,0.4436,68447,1,154304,0.4436,0.0000,0.1665,25698,1,154304,0.1665,0.0000
650.75,0.9605,14656,0,60000,0.2443,0.0099,0.8306,15722,0,60000,0.2620,0.0099,0.4436,68447,1,154304,0.4436,0.0000,0.1665,25698,1,154304,0.1665,0.0000
651.25,0.9605,14656,0,60000,0.2443,0.0099,0.8306,15722,0,60000,0.2620,0.0099,0.3329,51367,1,154304,0.3329,0.0000,0.1665,25698,1,154304,0.1665,0.0000
651.75,0.9605,14656,0,60000,0.2443,0.0099,0.8988,11250,0,60000,0.1875,0.0000,0.3329,51367,1,154304,0.3329,0.0000,0.1665,25698,1,154304,0.1665,0.0000
652.25,0.9605,14656,0,60000,0.2443,0.0099,0.9671,15346,0,60000,0.2558,0.0099,0.3329,51367,1,154304,0.3329,0.0000,0.1665,25698,1,154304,0.1665,0.0000
652.76,0.9605,14656,0,60000,0.2443,0.0099,0.9033,11009,0,60000,0.1835,0.0000,0.3329,51367,1,154304,0.3329,0.0000,0.1665,25698,1,154304,0.1665,0.0000
653.26,0.9605,14656,0,60000,0.2443,0.0099,0.9033,11009,0,60000,0.1835,0.0000,0.3329,51367,1,154304,0.3329,0.0000,0.1665,25698,1,154304,0.1665,0.0000
653.76,0.9605,14656,0,60000,0.2443,0.0099,0.8190,15105,0,60000,0.2517,0.0099,0.3329,51367,1,154304,0.3329,0.0000,0.1665,25698,1,154304,0.1665,0.0000
654.26,0.9605,14656,0,60000,0.2443,0.0099,0.8873,10642,0,60000,0.1774,0.0000,0.3329,51367,1,154304,0.3329,0.0000,0.1665,25698,1,154304,0.1665,0.0000
654.76,0.9605,14656,0,60000,0.2443,0.0099,0.9556,14738,0,60000,0.2456,0.0099,0.3329,51367,1,154304,0.3329,0.0000,0.1665,25698,1,154304,0.1665,0.0000
655.26,0.9605,14656,0,60000,0.2443,0.0099,0.9556,14738,0,60000,0.2456,0.0099,0.1664,25676,1,154304,0.1664,0.0000,0.1665,25698,1,154304,0.1665,0.0000
655.76,0.9605,14656,0,60000,0.2443,0.0099,0.9552,10376,0,60000,0.1729,0.0000,0.1664,25676,1,154304,0.1664,0.0000,0.1665,25698,1,154304,0.1665,0.0000
656.26,0.9605,14656,0,60000,0.2443,0.0099,0.8082,14472,0,60000,0.2412,0.0099,0.1664,25676,1,154304,0.1664,0.0000,0.1665,25698,1,154304,0.1665,0.0000
656.76,0.9605,14656,0,60000,0.2443,0.0099,0.8765,10045,0,60000,0.1674,0.0000,0.1664,25676,1,154304,0.1664,0.0000,0.1665,25698,1,154304,0.1665,0.0000
657.26,0.9605,14656,0,60000,0.2443,0.0099,0.9448,14142,0,60000,0.2357,0.0101,0.1664,25676,1,154304,0.1664,0.0000,0.1665,25698,1,154304,0.1665,0.0000
657.76,0.9605,14656,0,60000,0.2443,0.0099,0.9328,9697,0,60000,0.1616,0.0000,0.1664,25676,1,154304,0.1664,0.0000,0.1665,25698,1,154304,0.1665,0.0000
658.26,0.9605,14656,0,60000,0.2443,0.0099,0.9328,9697,0,60000,0.1616,0.0000,0.1664,25676,1,154304,0.1664,0.0000,0.1665,25698,1,154304,0.1665,0.0000
658.76,0.9605,14656,0,60000,0.2443,0.0099,0.7058,13793,0,60000,0.2299,0.0099,0.1664,25676,1,154304,0.1664,0.0000,0.1665,25698,1,154304,0.1665,0.0000
659.26,0.9605,14656,0,60000,0.2443,0.0099,0.7741,9404,0,60000,0.1567,0.0000,0.1664,25676,1,154304,0.1664,0.0000,0.1665,25698,1,154304,0.1665,0.0000
659.76,0.9605,14656,0,60000,0.2443,0.0099,0.7741,9404,0,60000,0.1567,0.0000,0.1664,25676,1,154304,0.1664,0.0000,0.1663,25667,1,154304,0.1663,0.0000
660.26,0.9605,14656,0,60000,0.2443,0.0099,0.8426,13500,0,60000,0.2250,0.0101,0.1664,25676,1,154304,0.1664,0.0000,0.1663,25667,1,154304,0.1663,0.0000
660.76,0.9605,14656,0,60000,0.2443,0.0099,0.9108,9028,0,60000,0.1505,0.0000,0.1112,17153,1,154304,0.1112,0.0000,0.1663,25667,1,154304,0.1663,0.0000
661.26,0.9605,14656,0,60000,0.2443,0.0099,0.9791,16141,0,60000,0.2690,0.4275,0.1112,17153,1,154304,0.1112,0.0000,0.1663,25667,1,154304,0.1663,0.0000
661.76,0.9605,14656,0,60000,0.2443,0.0099,0.9352,11737,0,60000,0.1956,0.0000,0.1112,17153,1,154304,0.1112,0.0000,0.1663,25667,1,154304,0.1663,0.0000
662.26,0.9605,14656,0,60000,0.2443,0.0099,0.9352,11737,0,60000,0.1956,0.0000,0.1112,17153,1,154304,0.1112,0.0000,0.1663,25667,1,154304,0.1663,0.0000
662.76,0.9605,14656,0,60000,0.2443,0.0099,0.7762,24306,0,60000,0.4051,0.6762,0.1112,17153,1,154304,0.1112,0.0000,0.1663,25667,1,154304,0.1663,0.0000
663.26,0.9605,14656,0,60000,0.2443,0.0099,0.8445,19825,0,60000,0.3304,0.0000,0.1112,17153,1,154304,0.1112,0.0000,0.1663,25667,1,154304,0.1663,0.0000
663.76,0.9605,14656,0,60000,0.2443,0.0099,0.9127,32421,0,60000,0.5403,0.8374,0.1112,17153,1,154304,0.1112,0.0000,0.1663,25667,1,154304,0.1663,0.0000
664.26,0.9605,14656,0,60000,0.2443,0.0099,0.9127,32421,0,60000,0.5403,0.8374,0.1112,17153,1,154304,0.1112,0.0000,0.1663,25667,1,154304,0.1663,0.0000
664.76,0.9605,14656,0,60000,0.2443,0.0099,0.9127,32421,0,60000,0.5403,0.8374,0.1112,17153,1,154304,0.1112,0.0000,0.1663,25667,1,154304,0.1663,0.0000
665.26,0.9605,14656,0,60000,0.2443,0.0099,0.7863,42594,0,60000,0.7099,0.9977,0.1112,17153,1,154304,0.1112,0.0000,0.1663,25667,1,154304,0.1663,0.0000
665.76,0.9605,14656,0,60000,0.2443,0.0099,0.7863,42594,0,60000,0.7099,0.9977,0.1112,17153,1,154304,0.1112,0.0000,0.1665,25691,1,154304,0.1665,0.0000
666.26,0.9605,14656,0,60000,0.2443,0.0099,0.7863,42594,0,60000,0.7099,0.9977,0.1112,17153,1,154304,0.1112,0.0000,0.1665,25691,1,154304,0.1665,0.0000
666.76,0.9605,14656,0,60000,0.2443,0.0099,0.7863,42594,0,60000,0.7099,0.9977,0.1112,17153,1,154304,0.1112,0.0000,0.1665,25691,1,154304,0.1665,0.0000
667.26,0.9605,14656,0,60000,0.2443,0.0099,0.7863,42594,0,60000,0.7099,0.9977,0.1112,17153,1,154304,0.1112,0.0000,0.1665,25691,1,154304,0.1665,0.0000
667.76,0.9605,14656,0,60000,0.2443,0.0099,0.7863,42594,0,60000,0.7099,0.9977,0.1112,17153,1,154304,0.1112,0.0000,0.1665,25691,1,154304,0.1665,0.0000
668.26,0.9605,14656,0,60000,0.2443,0.0099,0.7869,8548,0,60000,0.1425,0.9975,0.1112,17153,1,154304,0.1112,0.0000,0.0000,0,1,154304,0.0000,0.0000
668.76,0.9605,14656,0,60000,0.2443,0.0099,0.7875,17051,0,60000,0.2842,0.9975,0.1112,17153,1,154304,0.1112,0.0000,0.0000,0,1,154304,0.0000,0.0000
669.26,0.9605,14656,0,60000,0.2443,0.0099,0.7875,17051,0,60000,0.2842,0.9975,0.1112,17153,1,154304,0.1112,0.0000,0.0000,0,1,154304,0.0000,0.0000
669.76,0.9605,14656,0,60000,0.2443,0.0099,0.7875,17051,0,60000,0.2842,0.9975,0.1112,17153,1,154304,0.1112,0.0000,0.0000,0,1,154304,0.0000,0.0000
670.26,0.9605,14656,0,60000,0.2443,0.0099,0.7881,8577,0,60000,0.1429,0.9977,0.0555,8571,1,154304,0.0555,0.0000,0.0000,0,1,154304,0.0000,0.0000
670.76,0.9605,14656,0,60000,0.2443,0.0099,0.7881,8577,0,60000,0.1429,0.9977,0.0555,8571,1,154304,0.0555,0.0000,0.0000,0,1,154304,0.0000,0.0000
671.26,0.9605,14656,0,60000,0.2443,0.0099,0.7881,8577,0,60000,0.1429,0.9977,0.0555,8571,1,154304,0.0555,0.0000,0.0000,0,1,154304,0.0000,0.0000
671.76,0.9605,14656,0,60000,0.2443,0.0099,0.7881,8577,0,60000,0.1429,0.9977,0.0555,8571,1,154304,0.0555,0.0000,0.0000,0,1,154304,0.0000,0.0000
672.26,0.9605,14656,0,60000,0.2443,0.0099,0.7881,8577,0,60000,0.1429,0.9977,0.0555,8571,1,154304,0.0555,0.0000,0.0000,0,1,154304,0.0000,0.0000
672.76,0.9605,14656,0,60000,0.2443,0.0099,0.7881,8577,0,60000,0.1429,0.9977,0.0555,8571,1,154304,0.0555,0.0000,0.0000,0,1,154304,0.0000,0.0000
673.26,0.9605,14656,0,60000,0.2443,0.0099,0.7881,8577,0,60000,0.1429,0.9977,0.0555,8571,1,154304,0.0555,0.0000,0.0000,0,1,154304,0.0000,0.0000
673.76,0.9605,14656,0,60000,0.2443,0.0099,0.7892,17122,0,60000,0.2854,0.9977,0.0555,8571,1,154304,0.0555,0.0000,0.0000,0,1,154304,0.0000,0.0000
674.26,0.9605,14656,0,60000,0.2443,0.0099,0.7892,17122,0,60000,0.2854,0.9977,0.0555,8571,1,154304,0.0555,0.0000,0.0000,0,1,154304,0.0000,0.0000
674.76,0.9605,14656,0,60000,0.2443,0.0099,0.7892,17122,0,60000,0.2854,0.9977,0.0555,8571,1,154304,0.0555,0.0000,0.0000,0,1,154304,0.0000,0.0000
675.26,0.9605,14656,0,60000,0.2443,0.0099,0.7892,17122,0,60000,0.2854,0.9977,0.0555,8571,1,154304,0.0555,0.0000,0.0000,0,1,154304,0.0000,0.0000
675.76,0.9605,14656,0,60000,0.2443,0.0099,0.7892,17122,0,60000,0.2854,0.9977,0.0558,8614,1,154304,0.0558,0.0000,0.0000,0,1,154304,0.0000,0.0000
