elapsed_s,gpu_hbm_mb,gpu0_hbm_mb,gpu1_hbm_mb,gpu2_hbm_mb,gpu3_hbm_mb,proc_rss_mb,proc_anon_mb,proc_pss_mb,proc_pss_anon_mb,proc_locked_mb,file_cache_mb,hicache_dir_mb,anonpages_mb,reclaimable_mb,nonreclaimable_mb,mem_used_mb,mem_avail_mb,mem_total_mb,rss_plus_cache_mb,n_pids
0.0,135488.0,26606.0,41296.0,26336.0,41250.0,67777.6,55961.5,15040.5,13046.8,0.0,23891.6,0.0,16810.3,25459.4,19353.0,46239.5,106363.0,128652.3,91669.2,148
1.0,135488.0,26606.0,41296.0,26336.0,41250.0,67778.1,55962.0,15041.1,13047.3,0.0,23891.6,0.0,17505.6,25459.4,20076.8,46963.3,105639.2,128652.3,91669.8,148
2.0,136070.0,27020.0,41296.0,26504.0,41250.0,67778.4,55962.3,15041.3,13047.6,0.0,23891.6,0.0,18088.5,25459.4,20660.9,47547.4,105055.1,128652.3,91670.0,148
3.1,136018.0,26876.0,41342.0,26504.0,41296.0,67934.5,56012.8,15195.6,13098.1,0.0,23891.6,0.0,17290.4,25458.9,19998.1,46884.0,105717.9,128652.3,91826.1,148
4.1,136018.0,26876.0,41342.0,26504.0,41296.0,68012.8,56014.5,15273.6,13099.8,0.0,23891.7,0.0,17296.3,25457.8,20081.4,46966.3,105634.6,128652.3,91904.5,148
5.2,136018.0,26876.0,41342.0,26504.0,41296.0,68013.5,56014.9,15274.3,13100.2,0.0,23891.9,0.0,17297.2,25458.1,20081.8,46966.9,105634.2,128652.3,91905.4,148
6.2,136020.0,26878.0,41342.0,26504.0,41296.0,68013.7,56015.2,15274.5,13100.5,0.0,23891.9,0.0,17297.6,25458.1,20082.3,46967.4,105633.7,128652.3,91905.6,148
7.2,136088.0,26898.0,41342.0,26506.0,41342.0,68018.9,56019.1,15278.5,13104.5,0.0,23891.9,0.0,17300.6,25458.2,20086.6,46971.9,105629.4,128652.3,91910.8,148
8.2,136088.0,26898.0,41342.0,26506.0,41342.0,68027.2,56021.4,15286.7,13106.8,0.0,23891.9,0.0,17304.2,25458.3,20102.1,46987.4,105613.9,128652.3,91919.1,148
9.3,136088.0,26898.0,41342.0,26506.0,41342.0,68027.6,56021.6,15287.0,13106.9,0.0,23891.9,0.0,17304.4,25458.3,20103.4,46988.7,105612.6,128652.3,91919.5,148
10.3,136088.0,26898.0,41342.0,26506.0,41342.0,68027.7,56021.7,15287.0,13107.0,0.0,23891.9,0.0,17304.6,25458.3,20103.9,46989.3,105612.0,128652.3,91919.6,148
11.3,136094.0,26900.0,41342.0,26510.0,41342.0,68030.7,56024.7,15290.1,13110.1,0.0,23892.0,0.0,17308.2,25458.4,20111.1,46996.5,105604.9,128652.3,91922.7,148
12.3,136094.0,26900.0,41342.0,26510.0,41342.0,68033.8,56027.8,15293.1,13113.1,0.0,23892.0,0.0,17314.5,25458.2,20116.1,47001.5,105599.9,128652.3,91925.9,148
13.3,136134.0,26920.0,41342.0,26510.0,41362.0,68034.0,56027.9,15293.2,13113.2,0.0,23892.1,0.0,17314.5,25458.3,20116.4,47001.7,105599.6,128652.3,91926.0,148
14.4,136154.0,26920.0,41362.0,26510.0,41362.0,68034.2,56028.2,15293.5,13113.5,0.0,23892.1,0.0,17314.7,25458.4,20120.5,47006.0,105595.4,128652.3,91926.4,148
15.4,136156.0,26922.0,41362.0,26510.0,41362.0,68037.7,56031.6,15296.9,13116.9,0.0,23892.2,0.0,17318.1,25458.3,20126.5,47011.9,105589.5,128652.3,91929.9,148
16.4,136156.0,26922.0,41362.0,26510.0,41362.0,68038.0,56031.9,15297.2,13117.2,0.0,23892.2,0.0,17318.6,25457.9,20125.7,47010.7,105590.3,128652.3,91930.2,148
17.5,136176.0,26922.0,41382.0,26510.0,41362.0,68038.2,56032.1,15297.4,13117.4,0.0,23892.2,0.0,17319.4,25457.8,20130.3,47015.2,105585.7,128652.3,91930.4,148
18.5,136176.0,26922.0,41382.0,26510.0,41362.0,68038.3,56032.2,15297.5,13117.5,0.0,23892.2,0.0,17319.1,25457.8,20129.3,47014.2,105586.7,128652.3,91930.5,148
19.6,136176.0,26922.0,41382.0,26510.0,41362.0,68038.4,56032.3,15297.6,13117.6,0.0,23892.2,0.0,17319.2,25457.8,20131.7,47016.6,105584.3,128652.3,91930.6,148
20.6,136176.0,26922.0,41382.0,26510.0,41362.0,68038.7,56032.6,15298.0,13118.0,0.0,23892.2,0.0,17319.7,25457.7,20133.1,47017.9,105582.9,128652.3,91930.9,148
21.6,136176.0,26922.0,41382.0,26510.0,41362.0,68039.6,56033.5,15298.8,13118.8,0.0,23892.2,0.0,17321.3,25457.6,20134.5,47019.2,105581.5,128652.3,91931.8,148
22.6,136176.0,26922.0,41382.0,26510.0,41362.0,68040.4,56034.3,15299.6,13119.6,0.0,23892.3,0.0,17321.4,25457.6,20138.4,47023.1,105577.6,128652.3,91932.6,148
23.7,136176.0,26922.0,41382.0,26510.0,41362.0,68040.5,56034.4,15299.8,13119.8,0.0,23892.3,0.0,17321.6,25457.8,20139.2,47024.2,105576.8,128652.3,91932.8,148
24.7,136176.0,26922.0,41382.0,26510.0,41362.0,68040.6,56034.5,15299.9,13119.9,0.0,23892.3,0.0,17321.7,25458.0,20137.0,47022.1,105578.9,128652.3,91932.9,148
25.7,136196.0,26922.0,41382.0,26510.0,41382.0,68042.6,56036.5,15301.8,13121.8,0.0,23892.3,0.0,17323.6,25457.9,20134.8,47019.8,105581.2,128652.3,91934.8,148
26.8,136196.0,26922.0,41382.0,26510.0,41382.0,68045.6,56039.5,15304.9,13124.9,0.0,23892.3,0.0,17326.3,25458.7,20133.0,47018.8,105583.0,128652.3,91937.9,148
27.8,136196.0,26922.0,41382.0,26510.0,41382.0,68048.4,56042.3,15307.6,13127.6,0.0,23892.5,0.0,17329.7,25459.0,20140.4,47026.5,105575.6,128652.3,91940.9,148
28.8,136196.0,26922.0,41382.0,26510.0,41382.0,68048.4,56042.3,15307.7,13127.7,0.0,23892.5,0.0,17329.7,25459.0,20140.4,47026.5,105575.6,128652.3,91940.9,148
29.8,136196.0,26922.0,41382.0,26510.0,41382.0,68048.6,56042.6,15307.9,13127.9,0.0,23892.6,0.0,17329.9,25459.0,20143.3,47029.4,105572.7,128652.3,91941.2,148
30.8,136288.0,27014.0,41382.0,26510.0,41382.0,68054.9,56048.8,15314.2,13134.2,0.0,23892.6,0.0,17329.9,25459.0,20141.3,47027.4,105574.7,128652.3,91947.5,148
31.8,136368.0,27064.0,41382.0,26540.0,41382.0,68055.0,56048.9,15314.2,13134.2,0.0,23892.6,0.0,17336.5,25458.9,20151.7,47037.8,105564.2,128652.3,91947.5,148
32.8,136368.0,27064.0,41382.0,26540.0,41382.0,68062.3,56056.2,15321.6,13141.6,0.0,23892.6,0.0,17343.9,25460.1,20164.5,47051.6,105551.5,128652.3,91954.9,148
33.8,136478.0,27174.0,41382.0,26540.0,41382.0,68062.6,56056.5,15321.9,13141.9,0.0,23892.6,0.0,17344.2,25460.0,20159.3,47046.4,105556.6,128652.3,91955.2,148
34.9,136478.0,27174.0,41382.0,26540.0,41382.0,68062.9,56056.8,15322.2,13142.2,0.0,23892.6,0.0,17344.6,25459.9,20166.3,47053.3,105549.7,128652.3,91955.5,148
35.9,136480.0,27174.0,41382.0,26542.0,41382.0,68063.1,56057.0,15322.4,13142.4,0.0,23892.6,0.0,17345.5,25460.0,20164.2,47051.3,105551.7,128652.3,91955.7,148
36.9,136480.0,27174.0,41382.0,26542.0,41382.0,68063.6,56057.5,15322.8,13142.8,0.0,23892.6,0.0,17345.1,25460.0,20167.4,47054.6,105548.5,128652.3,91956.2,148
38.0,136480.0,27174.0,41382.0,26542.0,41382.0,68063.7,56057.6,15323.0,13143.0,0.0,23892.6,0.0,17345.6,25460.0,20168.8,47055.9,105547.1,128652.3,91956.3,148
39.0,136480.0,27174.0,41382.0,26542.0,41382.0,68063.7,56057.6,15323.0,13143.0,0.0,23892.6,0.0,17345.8,25460.0,20170.4,47057.5,105545.5,128652.3,91956.3,148
40.0,136480.0,27174.0,41382.0,26542.0,41382.0,68063.8,56057.7,15323.0,13143.0,0.0,23892.6,0.0,17345.8,25460.0,20166.8,47053.9,105549.1,128652.3,91956.4,148
41.0,136480.0,27174.0,41382.0,26542.0,41382.0,68063.8,56057.7,15323.0,13143.0,0.0,23892.6,0.0,17344.0,25460.3,20172.8,47060.2,105543.2,128652.3,91956.4,148
42.1,136480.0,27174.0,41382.0,26542.0,41382.0,68064.0,56057.9,15323.2,13143.2,0.0,23892.8,0.0,17358.9,25460.8,20197.1,47084.9,105518.9,128652.3,91956.8,148
43.1,136480.0,27174.0,41382.0,26542.0,41382.0,68064.2,56058.1,15323.4,13143.4,0.0,23892.8,0.0,17346.2,25460.7,20185.0,47072.8,105530.9,128652.3,91957.0,148
44.1,136480.0,27174.0,41382.0,26542.0,41382.0,68064.2,56058.1,15323.5,13143.5,0.0,23892.8,0.0,17346.4,25460.7,20185.9,47073.7,105530.1,128652.3,91957.0,148
45.2,136480.0,27174.0,41382.0,26542.0,41382.0,68064.4,56058.3,15323.6,13143.6,0.0,23892.8,0.0,17346.5,25460.6,20184.1,47071.9,105531.9,128652.3,91957.2,148
46.2,136480.0,27174.0,41382.0,26542.0,41382.0,68064.4,56058.4,15323.7,13143.7,0.0,23892.8,0.0,17346.5,25460.8,20186.7,47074.6,105529.2,128652.3,91957.3,148
47.3,136480.0,27174.0,41382.0,26542.0,41382.0,68064.5,56058.5,15323.8,13143.8,0.0,23892.8,0.0,17346.7,25461.1,20176.3,47064.6,105539.6,128652.3,91957.4,148
48.3,136480.0,27174.0,41382.0,26542.0,41382.0,68064.7,56058.6,15323.9,13143.9,0.0,23892.8,0.0,17346.9,25461.1,20180.0,47068.2,105535.9,128652.3,91957.5,148
49.3,136480.0,27174.0,41382.0,26542.0,41382.0,68064.7,56058.7,15324.0,13144.0,0.0,23892.9,0.0,17347.0,25461.1,20180.1,47068.3,105535.9,128652.3,91957.6,148
50.4,136480.0,27174.0,41382.0,26542.0,41382.0,68064.9,56058.8,15324.1,13144.1,0.0,23892.9,0.0,17347.1,25461.1,20177.9,47066.1,105538.0,128652.3,91957.7,148
51.4,136480.0,27174.0,41382.0,26542.0,41382.0,68064.9,56058.8,15324.2,13144.2,0.0,23892.9,0.0,17347.6,25461.1,20183.1,47071.2,105532.9,128652.3,91957.8,148
52.5,136480.0,27174.0,41382.0,26542.0,41382.0,68065.2,56059.1,15324.5,13144.5,0.0,23892.9,0.0,17347.6,25460.8,20183.4,47071.3,105532.6,128652.3,91958.1,148
53.6,136582.0,27276.0,41382.0,26542.0,41382.0,68075.0,56068.9,15334.3,13154.3,0.0,23892.9,0.0,17354.4,25460.4,20195.7,47083.2,105520.3,128652.3,91967.9,148
54.6,136582.0,27276.0,41382.0,26542.0,41382.0,68075.1,56069.1,15334.4,13154.4,0.0,23892.9,0.0,17358.0,25460.0,20191.5,47078.5,105524.5,128652.3,91968.0,148
55.7,136582.0,27276.0,41382.0,26542.0,41382.0,68077.3,56071.2,15336.5,13156.5,0.0,23892.9,0.0,17360.0,25460.0,20191.1,47078.2,105524.9,128652.3,91970.2,148
56.8,136582.0,27276.0,41382.0,26542.0,41382.0,68077.5,56071.3,15336.7,13156.7,0.0,23892.9,0.0,17360.4,25460.3,20193.5,47080.9,105522.5,128652.3,91970.4,148
57.8,136582.0,27276.0,41382.0,26542.0,41382.0,68077.6,56071.5,15336.9,13156.9,0.0,23892.9,0.0,17360.7,25460.1,20197.0,47084.2,105519.0,128652.3,91970.6,148
58.9,136582.0,27276.0,41382.0,26542.0,41382.0,68077.7,56071.5,15336.9,13156.9,0.0,23893.0,0.0,17361.3,25459.9,20198.8,47085.8,105517.2,128652.3,91970.7,148
59.9,136582.0,27276.0,41382.0,26542.0,41382.0,68077.7,56071.5,15336.9,13156.9,0.0,23893.1,0.0,17361.4,25459.7,20197.2,47084.0,105518.8,128652.3,91970.7,148
60.9,136582.0,27276.0,41382.0,26542.0,41382.0,68077.7,56071.6,15337.0,13156.9,0.0,23893.1,0.0,17361.7,25459.6,20195.1,47081.9,105520.8,128652.3,91970.8,148
62.0,136584.0,27276.0,41384.0,26542.0,41382.0,68078.0,56071.9,15337.3,13157.3,0.0,23893.1,0.0,17361.8,25460.0,20190.8,47077.9,105525.2,128652.3,91971.1,148
63.0,136584.0,27276.0,41384.0,26542.0,41382.0,68078.9,56072.8,15338.2,13158.1,0.0,23893.1,0.0,17362.6,25460.0,20194.5,47081.6,105521.4,128652.3,91972.0,148
64.1,136584.0,27276.0,41384.0,26542.0,41382.0,68079.0,56072.9,15338.3,13158.2,0.0,23893.1,0.0,17363.1,25460.2,20193.3,47080.6,105522.6,128652.3,91972.1,148
65.1,136584.0,27276.0,41384.0,26542.0,41382.0,68079.0,56072.9,15338.3,13158.3,0.0,23893.1,0.0,17363.2,25460.1,20194.4,47081.7,105521.5,128652.3,91972.1,148
66.2,136584.0,27276.0,41384.0,26542.0,41382.0,68079.1,56073.0,15338.4,13158.4,0.0,23893.1,0.0,17363.2,25460.1,20191.5,47078.7,105524.5,128652.3,91972.2,148
67.2,136584.0,27276.0,41384.0,26542.0,41382.0,68079.4,56073.3,15338.7,13158.6,0.0,23893.1,0.0,17363.5,25460.7,20195.7,47083.5,105520.2,128652.3,91972.5,148
68.2,136584.0,27276.0,41384.0,26542.0,41382.0,68079.5,56073.3,15338.7,13158.7,0.0,23893.1,0.0,17363.6,25460.7,20197.2,47085.0,105518.7,128652.3,91972.6,148
69.2,136584.0,27276.0,41384.0,26542.0,41382.0,68079.5,56073.4,15338.7,13158.7,0.0,23893.1,0.0,17363.7,25460.6,20197.9,47085.7,105518.0,128652.3,91972.6,148
70.3,136584.0,27276.0,41384.0,26542.0,41382.0,68079.7,56073.6,15339.0,13158.9,0.0,23893.1,0.0,17363.7,25460.6,20195.7,47083.4,105520.3,128652.3,91972.8,148
71.3,136584.0,27276.0,41384.0,26542.0,41382.0,68080.1,56074.0,15339.4,13159.3,0.0,23893.1,0.0,17364.4,25460.8,20193.5,47081.5,105522.5,128652.3,91973.2,148
72.3,136584.0,27276.0,41384.0,26542.0,41382.0,68080.2,56074.1,15339.5,13159.4,0.0,23893.1,0.0,17362.0,25459.8,20197.5,47084.4,105518.4,128652.3,91973.3,148
73.4,136584.0,27276.0,41384.0,26542.0,41382.0,68084.4,56078.3,15343.7,13163.6,0.0,23893.1,0.0,17361.4,25459.5,20202.2,47088.9,105513.8,128652.3,91977.5,148
74.5,136584.0,27276.0,41384.0,26542.0,41382.0,68094.0,56087.9,15353.3,13173.2,0.0,23893.1,0.0,17366.5,25459.6,20203.6,47090.3,105512.3,128652.3,91987.1,148
75.5,136584.0,27276.0,41384.0,26542.0,41382.0,68094.0,56087.9,15353.3,13173.3,0.0,23893.2,0.0,17376.3,25459.9,20209.4,47096.4,105506.5,128652.3,91987.2,148
76.5,136584.0,27276.0,41384.0,26542.0,41382.0,68094.1,56088.0,15353.4,13173.3,0.0,23893.3,0.0,17377.0,25459.8,20207.1,47094.1,105508.8,128652.3,91987.4,148
77.5,136584.0,27276.0,41384.0,26542.0,41382.0,68094.3,56088.1,15353.6,13173.5,0.0,23893.3,0.0,17376.7,25460.3,20219.3,47106.7,105496.7,128652.3,91987.6,148
78.6,136584.0,27276.0,41384.0,26542.0,41382.0,68094.6,56088.5,15353.9,13173.8,0.0,23893.3,0.0,17377.0,25460.4,20215.8,47103.3,105500.2,128652.3,91987.9,148
79.6,136584.0,27276.0,41384.0,26542.0,41382.0,68094.8,56088.7,15354.1,13174.1,0.0,23893.3,0.0,17377.3,25460.6,20216.2,47103.9,105499.7,128652.3,91988.2,148
80.6,136584.0,27276.0,41384.0,26542.0,41382.0,68094.9,56088.7,15354.2,13174.1,0.0,23893.3,0.0,17377.5,25460.9,20219.1,47107.2,105496.8,128652.3,91988.2,148
81.6,136870.0,27390.0,41384.0,26714.0,41382.0,68094.9,56088.7,15354.2,13174.1,0.0,23893.4,0.0,17379.1,25460.8,20219.5,47107.4,105496.5,128652.3,91988.2,148
82.6,136872.0,27390.0,41384.0,26714.0,41384.0,68185.4,56172.5,15441.3,13257.8,0.0,23893.4,0.0,17448.4,25462.5,20296.0,47185.7,105419.9,128652.3,92078.8,148
83.7,136872.0,27390.0,41384.0,26714.0,41384.0,68170.5,56157.6,15426.4,13242.9,0.0,23893.4,0.0,17446.8,25461.6,20287.1,47175.9,105428.8,128652.3,92063.9,148
84.8,136872.0,27390.0,41384.0,26714.0,41384.0,68188.1,56175.2,15444.0,13260.5,0.0,23893.4,0.0,17464.4,25461.4,20306.5,47195.0,105409.4,128652.3,92081.4,148
85.8,136872.0,27390.0,41384.0,26714.0,41384.0,68188.1,56175.2,15444.0,13260.5,0.0,23893.4,0.0,17464.9,25461.5,20308.2,47196.8,105407.7,128652.3,92081.5,148
86.8,136872.0,27390.0,41384.0,26714.0,41384.0,68188.3,56175.4,15444.2,13260.7,0.0,23893.4,0.0,17464.8,25461.5,20306.0,47194.6,105409.9,128652.3,92081.7,148
87.8,136872.0,27390.0,41384.0,26714.0,41384.0,68188.4,56175.5,15444.3,13260.8,0.0,23893.4,0.0,17465.1,25461.5,20302.9,47191.6,105413.0,128652.3,92081.8,148
88.8,136872.0,27390.0,41384.0,26714.0,41384.0,68188.6,56175.7,15444.5,13261.0,0.0,23893.4,0.0,17465.2,25461.2,20301.2,47189.5,105414.7,128652.3,92082.0,148
89.9,136872.0,27390.0,41384.0,26714.0,41384.0,68188.6,56175.7,15444.5,13261.0,0.0,23893.4,0.0,17465.2,25461.1,20304.4,47192.7,105411.5,128652.3,92082.0,148
90.9,136872.0,27390.0,41384.0,26714.0,41384.0,68188.7,56175.8,15444.5,13261.1,0.0,23893.4,0.0,17465.5,25461.2,20307.4,47195.8,105408.5,128652.3,92082.1,148
92.0,136872.0,27390.0,41384.0,26714.0,41384.0,68188.7,56175.8,15444.5,13261.1,0.0,23893.4,0.0,17482.2,25461.5,20328.0,47216.6,105387.9,128652.3,92082.1,148
93.0,136872.0,27390.0,41384.0,26714.0,41384.0,68188.7,56175.8,15444.5,13261.1,0.0,23893.5,0.0,17468.6,25461.2,20316.8,47205.1,105399.2,128652.3,92082.2,148
94.0,136872.0,27390.0,41384.0,26714.0,41384.0,68188.7,56175.8,15444.6,13261.1,0.0,23893.5,0.0,17468.7,25461.2,20316.1,47204.4,105399.8,128652.3,92082.2,148
95.0,136872.0,27390.0,41384.0,26714.0,41384.0,68188.7,56175.8,15444.6,13261.1,0.0,23893.6,0.0,17468.8,25461.1,20315.1,47203.4,105400.9,128652.3,92082.3,148
96.0,136872.0,27390.0,41384.0,26714.0,41384.0,68220.6,56204.1,15476.5,13289.4,0.0,23893.6,0.0,17496.8,25461.1,20346.9,47235.2,105369.0,128652.3,92114.2,148
97.0,136872.0,27390.0,41384.0,26714.0,41384.0,68220.8,56204.3,15476.6,13289.6,0.0,23893.6,0.0,17495.8,25461.1,20349.4,47237.6,105366.6,128652.3,92114.4,148
98.0,136872.0,27390.0,41384.0,26714.0,41384.0,68220.9,56204.4,15476.7,13289.7,0.0,23893.6,0.0,17495.8,25461.2,20347.5,47235.9,105368.4,128652.3,92114.4,148
99.1,136872.0,27390.0,41384.0,26714.0,41384.0,68221.5,56205.0,15477.4,13290.3,0.0,23893.6,0.0,17495.9,25461.8,20350.1,47239.1,105365.8,128652.3,92115.1,148
100.1,136872.0,27390.0,41384.0,26714.0,41384.0,68223.7,56207.2,15479.5,13292.5,0.0,23893.6,0.0,17498.7,25461.8,20347.5,47236.4,105368.4,128652.3,92117.3,148
101.1,136872.0,27390.0,41384.0,26714.0,41384.0,68235.3,56218.8,15491.2,13304.2,0.0,23893.6,0.0,17498.9,25462.4,20346.2,47235.8,105369.7,128652.3,92129.0,148
102.2,136872.0,27390.0,41384.0,26714.0,41384.0,68266.3,56246.1,15518.4,13331.4,0.0,23893.6,0.0,17536.6,25462.8,20376.5,47266.5,105339.4,128652.3,92159.9,148
103.2,136872.0,27390.0,41384.0,26714.0,41384.0,68273.2,56253.0,15525.3,13338.3,0.0,23893.6,0.0,17545.1,25462.2,20382.0,47271.3,105333.9,128652.3,92166.8,148
104.3,136872.0,27390.0,41384.0,26714.0,41384.0,68273.2,56253.0,15525.3,13338.3,0.0,23893.6,0.0,17544.8,25461.6,20381.6,47270.4,105334.3,128652.3,92166.8,148
105.3,136872.0,27390.0,41384.0,26714.0,41384.0,68273.2,56253.0,15525.3,13338.3,0.0,23893.6,0.0,17545.3,25461.6,20378.1,47266.9,105337.8,128652.3,92166.8,148
106.4,136872.0,27390.0,41384.0,26714.0,41384.0,68275.3,56255.1,15527.5,13340.4,0.0,23893.6,0.0,17547.8,25461.0,20383.6,47271.8,105332.3,128652.3,92168.9,148
107.5,136872.0,27390.0,41384.0,26714.0,41384.0,68283.2,56259.5,15531.9,13344.9,0.0,23893.6,0.0,17547.7,25460.9,20389.0,47277.0,105326.9,128652.3,92176.8,148
108.6,136872.0,27390.0,41384.0,26714.0,41384.0,68292.5,56268.8,15541.2,13354.2,0.0,23893.7,0.0,17561.0,25461.1,20404.0,47292.3,105311.9,128652.3,92186.1,148
109.7,136872.0,27390.0,41384.0,26714.0,41384.0,68292.5,56268.9,15541.2,13354.2,0.0,23893.7,0.0,17561.5,25461.3,20403.1,47291.6,105312.8,128652.3,92186.2,148
110.7,136872.0,27390.0,41384.0,26714.0,41384.0,68292.5,56268.9,15541.2,13354.2,0.0,23893.7,0.0,17561.7,25460.9,20401.2,47289.3,105314.8,128652.3,92186.2,148
111.8,136872.0,27390.0,41384.0,26714.0,41384.0,68292.5,56268.9,15541.2,13354.2,0.0,23893.7,0.0,17561.0,25460.9,20402.8,47290.8,105313.1,128652.3,92186.2,148
112.9,136872.0,27390.0,41384.0,26714.0,41384.0,68292.6,56268.9,15541.3,13354.3,0.0,23893.8,0.0,17561.0,25461.0,20405.1,47293.3,105310.8,128652.3,92186.4,148
113.9,136872.0,27390.0,41384.0,26714.0,41384.0,68292.8,56269.1,15541.5,13354.5,0.0,23893.8,0.0,17561.2,25461.8,20407.6,47296.7,105308.3,128652.3,92186.6,148
115.0,136872.0,27390.0,41384.0,26714.0,41384.0,68292.8,56269.1,15541.5,13354.5,0.0,23893.8,0.0,17561.2,25461.6,20405.4,47294.2,105310.5,128652.3,92186.6,148
116.0,136872.0,27390.0,41384.0,26714.0,41384.0,68292.8,56269.1,15541.5,13354.5,0.0,23893.8,0.0,17561.2,25461.6,20406.0,47294.8,105309.9,128652.3,92186.6,148
117.1,137184.0,27390.0,41384.0,27026.0,41384.0,68299.7,56276.0,15548.4,13361.3,0.0,23893.8,0.0,17567.8,25461.9,20414.5,47303.5,105301.4,128652.3,92193.5,148
118.1,137184.0,27390.0,41384.0,27026.0,41384.0,68299.7,56276.0,15548.4,13361.3,0.0,23893.8,0.0,17568.3,25461.3,20417.7,47306.1,105298.2,128652.3,92193.6,148
119.1,137184.0,27390.0,41384.0,27026.0,41384.0,68299.7,56276.0,15548.4,13361.3,0.0,23893.8,0.0,17568.3,25461.4,20416.8,47305.4,105299.1,128652.3,92193.6,148
120.1,137184.0,27390.0,41384.0,27026.0,41384.0,68299.7,56276.0,15548.4,13361.3,0.0,23893.8,0.0,17568.3,25461.1,20415.8,47304.1,105300.1,128652.3,92193.6,148
121.2,137184.0,27390.0,41384.0,27026.0,41384.0,68299.7,56276.0,15548.4,13361.3,0.0,23893.9,0.0,17567.5,25461.1,20415.6,47303.9,105300.3,128652.3,92193.6,148
122.3,137184.0,27390.0,41384.0,27026.0,41384.0,68299.7,56276.0,15548.4,13361.3,0.0,23893.9,0.0,17568.4,25461.3,20420.0,47308.5,105295.9,128652.3,92193.6,148
123.3,137184.0,27390.0,41384.0,27026.0,41384.0,68299.8,56276.0,15548.5,13361.4,0.0,23893.9,0.0,17568.8,25461.1,20423.7,47312.0,105292.2,128652.3,92193.7,148
124.4,137184.0,27390.0,41384.0,27026.0,41384.0,68302.4,56278.6,15551.0,13364.0,0.0,23893.9,0.0,17571.3,25461.6,20422.4,47311.2,105293.5,128652.3,92196.2,148
125.5,137344.0,27550.0,41384.0,27026.0,41384.0,68302.4,56278.6,15551.0,13364.0,0.0,23894.0,0.0,17571.2,25461.3,20421.0,47309.5,105294.9,128652.3,92196.4,148
126.5,137344.0,27550.0,41384.0,27026.0,41384.0,68302.4,56278.7,15551.1,13364.0,0.0,23894.0,0.0,17571.9,25461.2,20421.4,47309.8,105294.5,128652.3,92196.4,148
127.6,137344.0,27550.0,41384.0,27026.0,41384.0,68415.3,56391.5,15664.0,13476.9,0.0,23894.0,0.0,17614.8,25463.2,20517.6,47408.0,105198.3,128652.3,92309.3,148
128.7,137344.0,27550.0,41384.0,27026.0,41384.0,68331.7,56307.9,15580.4,13393.3,0.0,23894.0,0.0,17601.5,25461.8,20449.4,47338.4,105266.5,128652.3,92225.7,148
129.7,137344.0,27550.0,41384.0,27026.0,41384.0,68331.7,56308.0,15580.4,13393.3,0.0,23894.0,0.0,17601.4,25461.6,20446.6,47335.4,105269.3,128652.3,92225.7,148
130.7,137344.0,27550.0,41384.0,27026.0,41384.0,68355.6,56331.9,15604.3,13417.2,0.0,23894.0,0.0,17625.3,25461.5,20468.5,47357.1,105247.4,128652.3,92249.6,148
131.8,137344.0,27550.0,41384.0,27026.0,41384.0,68355.6,56331.9,15604.3,13417.2,0.0,23894.0,0.0,17625.4,25461.2,20471.1,47359.6,105244.7,128652.3,92249.6,148
132.8,137344.0,27550.0,41384.0,27026.0,41384.0,68355.6,56331.9,15604.3,13417.2,0.0,23894.1,0.0,17625.2,25461.5,20469.4,47358.1,105246.5,128652.3,92249.7,148
133.9,137344.0,27550.0,41384.0,27026.0,41384.0,68388.8,56365.1,15637.5,13450.4,0.0,23894.1,0.0,17675.0,25462.6,20524.0,47413.8,105191.9,128652.3,92282.9,148
134.9,137344.0,27550.0,41384.0,27026.0,41384.0,68336.7,56312.9,15585.4,13398.3,0.0,23894.1,0.0,17606.4,25461.3,20447.4,47335.9,105268.5,128652.3,92230.8,148
135.9,137344.0,27550.0,41384.0,27026.0,41384.0,68367.3,56343.6,15616.0,13428.9,0.0,23894.1,0.0,17637.1,25462.8,20476.7,47366.6,105239.2,128652.3,92261.4,148
137.0,137344.0,27550.0,41384.0,27026.0,41384.0,68367.4,56343.7,15616.1,13429.0,0.0,23894.1,0.0,17637.1,25461.8,20478.8,47367.8,105237.1,128652.3,92261.5,148
138.1,137344.0,27550.0,41384.0,27026.0,41384.0,68376.1,56348.9,15621.4,13434.3,0.0,23894.1,0.0,17642.3,25461.8,20486.8,47375.8,105229.1,128652.3,92270.2,148
139.1,137344.0,27550.0,41384.0,27026.0,41384.0,68345.4,56318.2,15590.6,13403.5,0.0,23894.1,0.0,17611.7,25461.1,20458.7,47347.0,105257.2,128652.3,92239.4,148
140.2,137344.0,27550.0,41384.0,27026.0,41384.0,68345.4,56318.2,15590.6,13403.6,0.0,23894.1,0.0,17611.7,25462.0,20456.9,47346.2,105259.0,128652.3,92239.5,148
141.2,137344.0,27550.0,41384.0,27026.0,41384.0,68361.0,56333.9,15606.3,13419.2,0.0,23894.1,0.0,17627.5,25461.5,20469.3,47358.0,105246.6,128652.3,92255.2,148
142.3,137344.0,27550.0,41384.0,27026.0,41384.0,68443.1,56415.9,15688.3,13501.2,0.0,23894.1,0.0,17760.1,25469.4,20628.2,47524.8,105087.7,128652.3,92337.2,148
143.4,137346.0,27552.0,41384.0,27026.0,41384.0,68437.1,56410.0,15682.4,13495.3,0.0,23894.2,0.0,17703.7,25466.0,20560.3,47453.5,105155.6,128652.3,92331.3,148
144.4,137346.0,27552.0,41384.0,27026.0,41384.0,68377.0,56349.9,15622.3,13435.2,0.0,23894.2,0.0,17703.7,25466.3,20561.0,47454.4,105154.9,128652.3,92271.2,148
145.5,137346.0,27552.0,41384.0,27026.0,41384.0,68381.0,56353.9,15626.3,13439.2,0.0,23894.2,0.0,17647.7,25465.5,20497.9,47390.6,105218.0,128652.3,92275.3,148
146.6,137346.0,27552.0,41384.0,27026.0,41384.0,68396.5,56369.4,15641.8,13454.7,0.0,23894.3,0.0,17652.7,25465.4,20505.2,47397.8,105210.7,128652.3,92290.8,148
147.6,137346.0,27552.0,41384.0,27026.0,41384.0,68396.5,56369.4,15641.8,13454.7,0.0,23894.3,0.0,17663.2,25465.6,20515.4,47408.2,105200.5,128652.3,92290.8,148
148.6,137346.0,27552.0,41384.0,27026.0,41384.0,68396.5,56369.4,15641.8,13454.7,0.0,23894.3,0.0,17663.2,25465.3,20513.9,47406.4,105202.0,128652.3,92290.8,148
149.7,137348.0,27552.0,41384.0,27028.0,41384.0,68396.5,56369.4,15641.8,13454.7,0.0,23894.3,0.0,17663.3,25465.6,20522.3,47415.1,105193.5,128652.3,92290.8,148
150.8,137348.0,27552.0,41384.0,27028.0,41384.0,68383.3,56356.1,15628.6,13441.5,0.0,23894.3,0.0,17698.4,25466.7,20714.3,47608.2,105001.6,128652.3,92277.6,148
151.9,137348.0,27552.0,41384.0,27028.0,41384.0,68383.3,56356.1,15628.6,13441.5,0.0,23894.3,0.0,17650.1,25465.0,20504.5,47396.7,105211.4,128652.3,92277.6,148
152.9,137348.0,27552.0,41384.0,27028.0,41384.0,68383.3,56356.1,15628.6,13441.5,0.0,23894.3,0.0,17646.9,25464.9,20505.8,47397.9,105210.0,128652.3,92277.6,148
154.0,137348.0,27552.0,41384.0,27028.0,41384.0,68384.6,56357.4,15629.9,13442.8,0.0,23894.3,0.0,17648.2,25464.9,20507.3,47399.3,105208.6,128652.3,92278.9,148
155.0,137348.0,27552.0,41384.0,27028.0,41384.0,68384.6,56357.5,15629.9,13442.8,0.0,23894.4,0.0,17648.3,25464.6,20509.8,47401.6,105206.1,128652.3,92279.0,148
156.1,137348.0,27552.0,41384.0,27028.0,41384.0,68384.7,56357.6,15630.0,13442.9,0.0,23894.4,0.0,17648.5,25464.9,20507.6,47399.7,105208.3,128652.3,92279.0,148
157.2,137348.0,27552.0,41384.0,27028.0,41384.0,68397.8,56370.7,15643.1,13456.0,0.0,23894.4,0.0,17661.4,25464.9,20516.1,47408.2,105199.8,128652.3,92292.2,148
158.3,137348.0,27552.0,41384.0,27028.0,41384.0,68397.9,56370.8,15643.2,13456.1,0.0,23894.4,0.0,17662.0,25464.6,20512.7,47404.5,105203.2,128652.3,92292.3,148
159.3,137348.0,27552.0,41384.0,27028.0,41384.0,68397.9,56370.8,15643.2,13456.1,0.0,23894.4,0.0,17661.8,25464.8,20509.7,47401.8,105206.1,128652.3,92292.3,148
160.3,137348.0,27552.0,41384.0,27028.0,41384.0,68398.0,56370.9,15643.4,13456.2,0.0,23894.4,0.0,17662.2,25464.8,20508.6,47400.6,105207.3,128652.3,92292.4,148
161.4,137348.0,27552.0,41384.0,27028.0,41384.0,68398.1,56370.9,15643.4,13456.2,0.0,23894.5,0.0,17661.9,25464.9,20514.8,47406.9,105201.1,128652.3,92292.5,148
162.5,137572.0,27776.0,41384.0,27028.0,41384.0,68398.1,56370.9,15643.4,13456.2,0.0,23894.5,0.0,17662.3,25464.8,20514.2,47406.2,105201.6,128652.3,92292.6,148
163.6,137572.0,27776.0,41384.0,27028.0,41384.0,68405.3,56378.1,15650.6,13463.5,0.0,23894.5,0.0,17669.4,25465.5,20515.7,47408.4,105200.2,128652.3,92299.8,148
164.7,137572.0,27776.0,41384.0,27028.0,41384.0,68405.4,56378.2,15650.7,13463.6,0.0,23894.5,0.0,17669.2,25465.2,20519.8,47412.2,105196.1,128652.3,92300.0,148
165.7,137572.0,27776.0,41384.0,27028.0,41384.0,68405.4,56378.2,15650.7,13463.6,0.0,23894.6,0.0,17669.4,25465.2,20516.5,47409.0,105199.3,128652.3,92300.0,148
166.8,137572.0,27776.0,41384.0,27028.0,41384.0,68405.5,56378.3,15650.7,13463.6,0.0,23894.6,0.0,17666.4,25465.2,20518.7,47411.1,105197.2,128652.3,92300.0,148
167.9,137572.0,27776.0,41384.0,27028.0,41384.0,68405.5,56378.3,15650.7,13463.6,0.0,23894.6,0.0,17666.7,25465.9,20524.4,47417.5,105191.4,128652.3,92300.0,148
169.0,137572.0,27776.0,41384.0,27028.0,41384.0,68405.5,56378.3,15650.7,13463.6,0.0,23894.6,0.0,17666.5,25465.7,20521.2,47414.1,105194.6,128652.3,92300.1,148
170.0,137572.0,27776.0,41384.0,27028.0,41384.0,68430.2,56403.0,15675.4,13488.3,0.0,23894.6,0.0,17691.2,25470.2,20564.9,47462.3,105150.9,128652.3,92324.7,148
171.1,137572.0,27776.0,41384.0,27028.0,41384.0,68374.5,56347.3,15619.8,13432.6,0.0,23894.6,0.0,17635.6,25466.0,20496.8,47390.0,105219.0,128652.3,92269.1,148
172.2,137572.0,27776.0,41384.0,27028.0,41384.0,68393.6,56366.4,15638.8,13451.7,0.0,23894.6,0.0,17666.3,25465.7,20525.0,47418.0,105190.8,128652.3,92288.2,148
173.3,137572.0,27776.0,41384.0,27028.0,41384.0,68410.1,56382.9,15655.3,13468.2,0.0,23894.6,0.0,17658.2,25465.7,20519.9,47412.8,105196.0,128652.3,92304.7,148
174.3,137572.0,27776.0,41384.0,27028.0,41384.0,68410.1,56382.9,15655.3,13468.2,0.0,23894.6,0.0,17674.5,25465.4,20536.8,47429.5,105179.1,128652.3,92304.7,148
175.4,137572.0,27776.0,41384.0,27028.0,41384.0,68410.1,56382.9,15655.3,13468.2,0.0,23894.6,0.0,17674.8,25465.3,20534.3,47426.8,105181.6,128652.3,92304.7,148
176.4,137572.0,27776.0,41384.0,27028.0,41384.0,68361.4,56334.2,15606.7,13419.6,0.0,23894.6,0.0,17626.6,25466.3,20481.7,47375.2,105234.2,128652.3,92256.1,148
177.4,137572.0,27776.0,41384.0,27028.0,41384.0,68392.7,56365.4,15637.9,13450.8,0.0,23894.6,0.0,17657.4,25465.6,20514.6,47407.4,105201.3,128652.3,92287.3,148
178.4,137572.0,27776.0,41384.0,27028.0,41384.0,68392.7,56365.4,15637.9,13450.8,0.0,23894.6,0.0,17657.6,25466.6,20520.8,47414.6,105195.0,128652.3,92287.3,148
179.4,137572.0,27776.0,41384.0,27028.0,41384.0,68392.7,56365.5,15637.9,13450.8,0.0,23894.8,0.0,17657.5,25465.5,20522.9,47415.7,105192.9,128652.3,92287.5,148
180.4,137572.0,27776.0,41384.0,27028.0,41384.0,68396.7,56369.5,15641.9,13454.9,0.0,23894.8,0.0,17661.5,25465.6,20524.2,47416.9,105191.7,128652.3,92291.5,148
181.4,137572.0,27776.0,41384.0,27028.0,41384.0,68396.7,56369.5,15641.9,13454.9,0.0,23894.8,0.0,17662.7,25465.1,20520.4,47412.7,105195.5,128652.3,92291.5,148
182.5,137572.0,27776.0,41384.0,27028.0,41384.0,68407.0,56379.8,15652.2,13465.1,0.0,23894.8,0.0,17663.1,25466.0,20523.9,47417.1,105191.9,128652.3,92301.8,148
183.5,137572.0,27776.0,41384.0,27028.0,41384.0,68407.0,56379.8,15652.2,13465.1,0.0,23894.8,0.0,17673.1,25465.6,20531.2,47423.9,105184.7,128652.3,92301.8,148
184.5,137572.0,27776.0,41384.0,27028.0,41384.0,68407.0,56379.8,15652.2,13465.1,0.0,23894.8,0.0,17672.9,25465.6,20532.0,47424.8,105183.8,128652.3,92301.8,148
185.5,137572.0,27776.0,41384.0,27028.0,41384.0,68407.0,56379.8,15652.2,13465.1,0.0,23894.8,0.0,17672.9,25466.5,20534.3,47428.0,105181.5,128652.3,92301.8,148
186.5,137572.0,27776.0,41384.0,27028.0,41384.0,68407.0,56379.8,15652.2,13465.1,0.0,23894.8,0.0,17673.0,25466.0,20536.7,47429.9,105179.2,128652.3,92301.8,148
187.5,137572.0,27776.0,41384.0,27028.0,41384.0,68407.0,56379.8,15652.2,13465.1,0.0,23894.9,0.0,17673.0,25465.8,20537.3,47430.4,105178.5,128652.3,92301.8,148
188.6,137572.0,27776.0,41384.0,27028.0,41384.0,68407.0,56379.8,15652.2,13465.1,0.0,23894.9,0.0,17673.1,25465.9,20537.6,47430.8,105178.2,128652.3,92301.8,148
189.6,137572.0,27776.0,41384.0,27028.0,41384.0,68415.7,56388.5,15660.9,13473.8,0.0,23894.9,0.0,17681.3,25465.9,20547.5,47440.7,105168.3,128652.3,92310.6,148
190.7,137572.0,27776.0,41384.0,27028.0,41384.0,68418.4,56391.2,15663.6,13476.5,0.0,23894.9,0.0,17684.4,25469.2,20550.5,47447.0,105165.3,128652.3,92313.3,148
191.8,137572.0,27776.0,41384.0,27028.0,41384.0,68436.5,56409.3,15681.8,13494.7,0.0,23894.9,0.0,17702.8,25468.3,20554.6,47450.2,105161.2,128652.3,92331.4,148
192.8,137572.0,27776.0,41384.0,27028.0,41384.0,68382.3,56355.1,15627.6,13440.5,0.0,23894.9,0.0,17648.6,25467.5,20507.9,47402.7,105207.9,128652.3,92277.2,148
193.9,137572.0,27776.0,41384.0,27028.0,41384.0,68404.2,56377.0,15649.5,13462.4,0.0,23894.9,0.0,17670.3,25468.2,20530.2,47425.7,105185.6,128652.3,92299.2,148
194.9,137572.0,27776.0,41384.0,27028.0,41384.0,68430.4,56403.2,15675.7,13488.6,0.0,23894.9,0.0,17696.7,25467.3,20565.2,47459.8,105150.6,128652.3,92325.4,148
195.9,137572.0,27776.0,41384.0,27028.0,41384.0,68380.5,56353.3,15625.7,13438.6,0.0,23894.9,0.0,17646.7,25466.2,20497.2,47390.7,105218.6,128652.3,92275.4,148
197.0,137572.0,27776.0,41384.0,27028.0,41384.0,68430.1,56402.9,15675.4,13488.3,0.0,23894.9,0.0,17696.1,25470.0,20557.1,47454.3,105158.7,128652.3,92325.1,148
198.0,137572.0,27776.0,41384.0,27028.0,41384.0,68383.4,56356.2,15628.7,13441.6,0.0,23895.1,0.0,17698.1,25468.2,20553.7,47449.2,105162.1,128652.3,92278.5,148
199.1,137572.0,27776.0,41384.0,27028.0,41384.0,68416.3,56389.1,15661.5,13474.4,0.0,23895.1,0.0,17682.9,25467.8,20535.4,47430.4,105180.4,128652.3,92311.3,148
200.1,137572.0,27776.0,41384.0,27028.0,41384.0,68416.3,56389.1,15661.5,13474.4,0.0,23895.1,0.0,17683.0,25467.8,20533.2,47428.2,105182.7,128652.3,92311.4,148
201.1,137572.0,27776.0,41384.0,27028.0,41384.0,68416.3,56389.1,15661.5,13474.4,0.0,23895.1,0.0,17682.8,25467.3,20533.7,47428.3,105182.1,128652.3,92311.4,148
202.2,137586.0,27776.0,41384.0,27042.0,41384.0,68416.3,56389.1,15661.5,13474.4,0.0,23895.1,0.0,17707.1,25468.5,20559.7,47455.4,105156.1,128652.3,92311.4,148
203.3,137586.0,27776.0,41384.0,27042.0,41384.0,68416.3,56389.1,15661.5,13474.5,0.0,23895.1,0.0,17682.1,25467.3,20551.3,47445.9,105164.5,128652.3,92311.5,148
204.3,137586.0,27776.0,41384.0,27042.0,41384.0,68441.2,56414.0,15686.4,13499.3,0.0,23895.1,0.0,17705.7,25476.5,20595.7,47499.4,105120.1,128652.3,92336.3,148
205.4,137586.0,27776.0,41384.0,27042.0,41384.0,68442.9,56415.7,15688.2,13501.1,0.0,23895.1,0.0,17708.6,25468.9,20575.7,47471.9,105140.1,128652.3,92338.1,148
206.4,137586.0,27776.0,41384.0,27042.0,41384.0,68445.9,56418.7,15691.1,13504.0,0.0,23895.1,0.0,17711.9,25471.4,20602.0,47500.7,105113.8,128652.3,92341.0,148
207.5,137586.0,27776.0,41384.0,27042.0,41384.0,68441.0,56413.8,15686.3,13499.2,0.0,23895.1,0.0,17708.0,25472.3,20582.7,47482.2,105133.2,128652.3,92336.2,148
208.6,137586.0,27776.0,41384.0,27042.0,41384.0,68441.0,56413.8,15686.3,13499.2,0.0,23895.1,0.0,17707.8,25472.2,20575.3,47474.7,105140.5,128652.3,92336.2,148
209.7,137586.0,27776.0,41384.0,27042.0,41384.0,68441.5,56414.3,15686.8,13499.7,0.0,23895.1,0.0,17708.6,25471.4,20579.7,47478.3,105136.1,128652.3,92336.7,148
210.7,137586.0,27776.0,41384.0,27042.0,41384.0,68441.5,56414.3,15686.8,13499.7,0.0,23895.3,0.0,17708.7,25471.5,20580.2,47479.0,105135.6,128652.3,92336.8,148
211.7,137586.0,27776.0,41384.0,27042.0,41384.0,68441.5,56414.3,15686.8,13499.7,0.0,23895.3,0.0,17709.2,25471.6,20576.1,47474.9,105139.7,128652.3,92336.8,148
212.7,137586.0,27776.0,41384.0,27042.0,41384.0,68441.5,56414.3,15686.8,13499.7,0.0,23895.3,0.0,17708.6,25471.3,20572.2,47470.8,105143.6,128652.3,92336.8,148
213.8,137586.0,27776.0,41384.0,27042.0,41384.0,68441.5,56414.3,15686.8,13499.7,0.0,23895.3,0.0,17708.8,25471.9,20572.5,47471.6,105143.3,128652.3,92336.8,148
214.8,137586.0,27776.0,41384.0,27042.0,41384.0,68449.9,56422.6,15695.1,13508.0,0.0,23895.3,0.0,17717.3,25471.5,20585.5,47484.4,105130.3,128652.3,92345.1,148
215.9,137586.0,27776.0,41384.0,27042.0,41384.0,68469.1,56441.9,15714.3,13527.2,0.0,23895.3,0.0,17736.5,25474.4,20607.5,47509.1,105108.3,128652.3,92364.4,148
216.9,137586.0,27776.0,41384.0,27042.0,41384.0,68487.5,56460.3,15732.7,13545.6,0.0,23895.3,0.0,17755.1,25472.9,20628.2,47528.4,105087.6,128652.3,92382.8,148
218.0,137586.0,27776.0,41384.0,27042.0,41384.0,68490.9,56463.7,15736.2,13549.1,0.0,23895.3,0.0,17757.7,25474.4,20668.3,47570.0,105047.5,128652.3,92386.3,148
219.1,137600.0,27790.0,41384.0,27042.0,41384.0,68493.0,56465.8,15738.2,13551.1,0.0,23895.3,0.0,17760.7,25473.2,20621.6,47522.0,105094.2,128652.3,92388.3,148
220.1,137600.0,27790.0,41384.0,27042.0,41384.0,68495.8,56468.6,15741.0,13553.9,0.0,23895.3,0.0,17762.8,25475.5,20629.3,47532.1,105086.5,128652.3,92391.1,148
221.1,137600.0,27790.0,41384.0,27042.0,41384.0,68491.3,56464.1,15736.5,13549.4,0.0,23895.3,0.0,17759.2,25473.4,20627.4,47528.1,105088.4,128652.3,92386.6,148
222.2,137600.0,27790.0,41384.0,27042.0,41384.0,68491.3,56464.1,15736.5,13549.4,0.0,23895.3,0.0,17759.1,25473.2,20632.1,47532.5,105083.7,128652.3,92386.6,148
223.3,137600.0,27790.0,41384.0,27042.0,41384.0,68499.1,56471.9,15744.3,13557.2,0.0,23895.3,0.0,17766.0,25473.7,20630.9,47531.9,105084.9,128652.3,92394.4,148
224.3,137600.0,27790.0,41384.0,27042.0,41384.0,68447.5,56420.3,15692.7,13505.6,0.0,23895.4,0.0,17715.4,25471.8,20576.8,47475.8,105139.0,128652.3,92342.8,148
225.4,137600.0,27790.0,41384.0,27042.0,41384.0,68447.5,56420.3,15692.7,13505.6,0.0,23895.4,0.0,17715.9,25471.8,20574.9,47474.0,105140.9,128652.3,92342.8,148
226.4,137600.0,27790.0,41384.0,27042.0,41384.0,68447.5,56420.3,15692.7,13505.6,0.0,23895.4,0.0,17715.5,25471.8,20580.1,47479.1,105135.7,128652.3,92342.8,148
227.4,137600.0,27790.0,41384.0,27042.0,41384.0,68480.5,56453.3,15725.7,13538.6,0.0,23895.4,0.0,17748.8,25470.9,20608.2,47506.4,105107.6,128652.3,92375.9,148
228.5,137600.0,27790.0,41384.0,27042.0,41384.0,68451.9,56424.7,15697.1,13510.0,0.0,23895.4,0.0,17720.4,25470.8,20583.1,47481.2,105132.7,128652.3,92347.2,148
229.5,137600.0,27790.0,41384.0,27042.0,41384.0,68451.9,56424.7,15697.1,13510.0,0.0,23895.5,0.0,17720.4,25471.0,20584.0,47482.2,105131.8,128652.3,92347.4,148
230.5,137600.0,27790.0,41384.0,27042.0,41384.0,68457.2,56430.0,15702.4,13515.3,0.0,23895.5,0.0,17725.0,25471.5,20588.5,47487.3,105127.3,128652.3,92352.7,148
231.6,137600.0,27790.0,41384.0,27042.0,41384.0,68481.8,56454.6,15727.0,13539.9,0.0,23895.5,0.0,17750.3,25471.0,20609.2,47507.5,105106.6,128652.3,92377.3,148
232.6,137600.0,27790.0,41384.0,27042.0,41384.0,68481.8,56454.6,15727.1,13539.9,0.0,23895.5,0.0,17750.3,25470.5,20613.1,47510.9,105102.7,128652.3,92377.4,148
233.7,137600.0,27790.0,41384.0,27042.0,41384.0,68484.9,56457.7,15730.2,13543.1,0.0,23895.5,0.0,17750.4,25471.9,20619.1,47518.3,105096.7,128652.3,92380.5,148
234.7,137600.0,27790.0,41384.0,27042.0,41384.0,68448.4,56421.2,15693.7,13506.6,0.0,23895.6,0.0,17714.2,25471.3,20570.0,47468.6,105145.8,128652.3,92344.0,148
235.8,137600.0,27790.0,41384.0,27042.0,41384.0,68448.9,56421.7,15694.2,13507.1,0.0,23895.6,0.0,17714.0,25470.3,20567.4,47465.0,105148.4,128652.3,92344.5,148
236.9,137600.0,27790.0,41384.0,27042.0,41384.0,68448.9,56421.7,15694.2,13507.1,0.0,23895.6,0.0,17714.8,25470.6,20567.8,47465.7,105148.0,128652.3,92344.5,148
237.9,137600.0,27790.0,41384.0,27042.0,41384.0,68448.9,56421.7,15694.2,13507.1,0.0,23895.6,0.0,17714.8,25470.6,20571.6,47469.5,105144.1,128652.3,92344.5,148
239.0,137600.0,27790.0,41384.0,27042.0,41384.0,68448.9,56421.7,15694.2,13507.1,0.0,23895.6,0.0,17714.8,25471.6,20573.2,47472.1,105142.6,128652.3,92344.5,148
240.1,137600.0,27790.0,41384.0,27042.0,41384.0,68449.8,56422.6,15695.0,13507.9,0.0,23895.6,0.0,17714.9,25471.7,20570.3,47469.2,105145.5,128652.3,92345.4,148
241.1,137600.0,27790.0,41384.0,27042.0,41384.0,68438.3,56411.1,15683.5,13496.4,0.0,23895.6,0.0,17704.2,25472.4,20567.5,47467.2,105148.3,128652.3,92333.9,148
242.1,137600.0,27790.0,41384.0,27042.0,41384.0,68441.6,56414.4,15686.9,13499.7,0.0,23895.6,0.0,17708.1,25471.0,20568.8,47467.1,105147.0,128652.3,92337.2,148
243.2,137600.0,27790.0,41384.0,27042.0,41384.0,68483.2,56456.0,15728.4,13541.3,0.0,23895.6,0.0,17736.9,25473.0,20604.5,47504.8,105111.3,128652.3,92378.8,148
244.3,137600.0,27790.0,41384.0,27042.0,41384.0,68479.9,56452.7,15725.2,13538.0,0.0,23895.6,0.0,17746.1,25471.9,20602.6,47501.7,105113.2,128652.3,92375.5,148
245.3,137600.0,27790.0,41384.0,27042.0,41384.0,68480.0,56452.8,15725.3,13538.1,0.0,23895.6,0.0,17746.3,25471.2,20600.6,47499.2,105115.1,128652.3,92375.7,148
246.3,137600.0,27790.0,41384.0,27042.0,41384.0,68480.0,56452.8,15725.3,13538.2,0.0,23895.8,0.0,17746.4,25471.4,20606.4,47505.2,105109.3,128652.3,92375.8,148
247.4,137600.0,27790.0,41384.0,27042.0,41384.0,68480.0,56452.8,15725.3,13538.2,0.0,23895.8,0.0,17746.2,25471.5,20608.6,47507.4,105107.2,128652.3,92375.8,148
248.4,137600.0,27790.0,41384.0,27042.0,41384.0,68480.0,56452.8,15725.3,13538.2,0.0,23895.8,0.0,17746.4,25471.5,20609.4,47508.1,105106.4,128652.3,92375.8,148
249.4,137600.0,27790.0,41384.0,27042.0,41384.0,68480.0,56452.8,15725.3,13538.2,0.0,23895.8,0.0,17746.4,25471.4,20611.4,47510.2,105104.4,128652.3,92375.8,148
250.4,137600.0,27790.0,41384.0,27042.0,41384.0,68480.0,56452.8,15725.3,13538.2,0.0,23895.8,0.0,17746.9,25471.1,20613.5,47512.0,105102.2,128652.3,92375.8,148
251.5,137600.0,27790.0,41384.0,27042.0,41384.0,68420.9,56393.7,15666.2,13479.1,0.0,23895.8,0.0,17744.7,25470.7,20612.9,47511.0,105102.8,128652.3,92316.7,148
252.5,137600.0,27790.0,41384.0,27042.0,41384.0,68421.0,56393.8,15666.2,13479.1,0.0,23895.8,0.0,17685.7,25470.8,20549.8,47447.9,105166.0,128652.3,92316.7,148
253.5,137600.0,27790.0,41384.0,27042.0,41384.0,68421.0,56393.8,15666.2,13479.1,0.0,23895.8,0.0,17689.3,25470.8,20555.6,47453.7,105160.2,128652.3,92316.8,148
254.6,137600.0,27790.0,41384.0,27042.0,41384.0,68421.0,56393.8,15666.2,13479.1,0.0,23895.8,0.0,17689.1,25470.8,20555.7,47453.9,105160.0,128652.3,92316.8,148
255.7,137600.0,27790.0,41384.0,27042.0,41384.0,68447.7,56420.5,15692.9,13505.8,0.0,23895.8,0.0,17715.6,25470.7,20584.2,47482.2,105131.6,128652.3,92343.5,148
256.7,137600.0,27790.0,41384.0,27042.0,41384.0,68451.3,56424.1,15696.5,13509.5,0.0,23895.8,0.0,17716.3,25470.8,20580.5,47478.5,105135.3,128652.3,92347.1,148
257.7,137600.0,27790.0,41384.0,27042.0,41384.0,68451.3,56424.1,15696.5,13509.5,0.0,23895.8,0.0,17719.9,25471.0,20583.9,47482.2,105131.9,128652.3,92347.1,148
258.8,137600.0,27790.0,41384.0,27042.0,41384.0,68463.6,56436.4,15708.9,13521.8,0.0,23895.8,0.0,17731.8,25471.3,20591.4,47490.0,105124.4,128652.3,92359.5,148
259.8,137600.0,27790.0,41384.0,27042.0,41384.0,68463.6,56436.4,15708.9,13521.8,0.0,23895.8,0.0,17732.4,25470.5,20583.4,47481.3,105132.3,128652.3,92359.5,148
260.8,137600.0,27790.0,41384.0,27042.0,41384.0,68463.6,56436.4,15708.9,13521.8,0.0,23895.8,0.0,17732.4,25470.3,20586.1,47483.7,105129.6,128652.3,92359.5,148
261.8,137600.0,27790.0,41384.0,27042.0,41384.0,68463.6,56436.4,15708.9,13521.8,0.0,23895.8,0.0,17733.0,25470.3,20586.9,47484.5,105128.8,128652.3,92359.5,148
262.9,137600.0,27790.0,41384.0,27042.0,41384.0,68463.7,56436.4,15708.9,13521.8,0.0,23895.8,0.0,17733.0,25470.7,20595.7,47493.8,105120.0,128652.3,92359.5,148
263.9,137600.0,27790.0,41384.0,27042.0,41384.0,68471.3,56444.1,15716.5,13529.4,0.0,23895.9,0.0,17740.7,25470.6,20601.4,47499.3,105114.4,128652.3,92367.2,148
264.9,137600.0,27790.0,41384.0,27042.0,41384.0,68471.3,56444.1,15716.5,13529.4,0.0,23895.9,0.0,17740.7,25470.6,20602.3,47500.2,105113.5,128652.3,92367.2,148
266.0,137600.0,27790.0,41384.0,27042.0,41384.0,68510.1,56482.9,15755.3,13568.2,0.0,23896.0,0.0,17741.3,25470.8,20606.7,47504.8,105109.0,128652.3,92406.1,148
267.0,137600.0,27790.0,41384.0,27042.0,41384.0,68510.1,56482.9,15755.3,13568.2,0.0,23896.0,0.0,17779.6,25471.5,20635.1,47533.9,105080.6,128652.3,92406.1,148
268.1,137600.0,27790.0,41384.0,27042.0,41384.0,68510.1,56482.9,15755.3,13568.2,0.0,23896.0,0.0,17779.7,25471.2,20635.3,47533.9,105080.4,128652.3,92406.2,148
269.1,137600.0,27790.0,41384.0,27042.0,41384.0,68510.1,56482.9,15755.3,13568.2,0.0,23896.0,0.0,17779.7,25471.2,20634.5,47533.0,105081.3,128652.3,92406.2,148
270.1,137600.0,27790.0,41384.0,27042.0,41384.0,68510.2,56482.9,15755.4,13568.3,0.0,23896.0,0.0,17779.7,25471.2,20635.8,47534.3,105079.9,128652.3,92406.2,148
271.1,137600.0,27790.0,41384.0,27042.0,41384.0,68510.2,56482.9,15755.4,13568.3,0.0,23896.0,0.0,17780.3,25470.5,20638.3,47536.2,105077.5,128652.3,92406.2,148
272.1,137600.0,27790.0,41384.0,27042.0,41384.0,68510.2,56482.9,15755.4,13568.3,0.0,23896.1,0.0,17779.9,25470.4,20641.1,47538.7,105074.7,128652.3,92406.2,148
273.2,137600.0,27790.0,41384.0,27042.0,41384.0,68513.7,56486.5,15758.9,13571.8,0.0,23896.1,0.0,17782.7,25472.6,20713.5,47613.4,105002.3,128652.3,92409.8,148
274.3,137600.0,27790.0,41384.0,27042.0,41384.0,68492.7,56465.5,15738.0,13550.9,0.0,23896.1,0.0,17761.2,25473.0,20634.1,47534.5,105081.7,128652.3,92388.8,148
275.4,137600.0,27790.0,41384.0,27042.0,41384.0,68492.8,56465.6,15738.0,13550.9,0.0,23896.1,0.0,17762.6,25470.9,20618.9,47517.1,105096.9,128652.3,92388.8,148
276.4,137600.0,27790.0,41384.0,27042.0,41384.0,68514.2,56487.0,15759.4,13572.3,0.0,23896.1,0.0,17765.2,25471.4,20626.5,47525.3,105089.2,128652.3,92410.3,148
277.5,137600.0,27790.0,41384.0,27042.0,41384.0,68474.8,56447.6,15720.1,13533.0,0.0,23896.1,0.0,17745.4,25471.7,20600.8,47499.8,105115.0,128652.3,92370.9,148
278.5,137600.0,27790.0,41384.0,27042.0,41384.0,68474.9,56447.6,15720.1,13533.0,0.0,23896.1,0.0,17745.5,25472.0,20602.4,47501.8,105113.3,128652.3,92370.9,148
279.6,137600.0,27790.0,41384.0,27042.0,41384.0,68477.3,56450.1,15722.5,13535.4,0.0,23896.1,0.0,17746.0,25472.6,20628.9,47528.8,105086.9,128652.3,92373.4,148
280.6,137600.0,27790.0,41384.0,27042.0,41384.0,68483.6,56456.4,15728.8,13541.7,0.0,23896.1,0.0,17754.8,25472.8,20614.5,47514.6,105101.3,128652.3,92379.7,148
281.7,137600.0,27790.0,41384.0,27042.0,41384.0,68483.6,56456.4,15728.8,13541.7,0.0,23896.2,0.0,17754.3,25476.1,20631.7,47535.2,105084.0,128652.3,92379.8,148
282.7,137600.0,27790.0,41384.0,27042.0,41384.0,68483.6,56456.4,15728.9,13541.8,0.0,23896.2,0.0,17753.1,25472.2,20612.9,47512.5,105102.8,128652.3,92379.9,148
283.7,137600.0,27790.0,41384.0,27042.0,41384.0,68483.6,56456.4,15728.9,13541.8,0.0,23896.3,0.0,17754.1,25472.6,20612.8,47512.7,105103.0,128652.3,92379.9,148
284.7,137600.0,27790.0,41384.0,27042.0,41384.0,68483.6,56456.4,15728.9,13541.8,0.0,23896.3,0.0,17768.8,25472.2,20626.6,47526.2,105089.1,128652.3,92380.0,148
285.7,137600.0,27790.0,41384.0,27042.0,41384.0,68483.7,56456.4,15728.9,13541.8,0.0,23896.3,0.0,17754.6,25472.2,20612.6,47512.1,105103.2,128652.3,92380.0,148
286.8,137600.0,27790.0,41384.0,27042.0,41384.0,68483.7,56456.5,15728.9,13541.8,0.0,23896.3,0.0,17754.6,25472.1,20610.4,47509.9,105105.3,128652.3,92380.0,148
287.8,137600.0,27790.0,41384.0,27042.0,41384.0,68491.4,56464.2,15736.6,13549.5,0.0,23896.3,0.0,17762.1,25471.9,20620.1,47519.4,105095.6,128652.3,92387.7,148
288.8,137600.0,27790.0,41384.0,27042.0,41384.0,68523.9,56496.7,15769.2,13582.1,0.0,23896.3,0.0,17774.0,25481.7,20671.8,47580.9,105043.9,128652.3,92420.3,148
289.9,137600.0,27790.0,41384.0,27042.0,41384.0,68540.9,56513.7,15786.1,13599.0,0.0,23896.3,0.0,17811.5,25479.4,20719.8,47626.5,104995.9,128652.3,92437.2,148
291.0,137600.0,27790.0,41384.0,27042.0,41384.0,68542.4,56515.2,15787.7,13600.6,0.0,23896.3,0.0,17813.6,25473.3,20671.8,47572.3,105044.0,128652.3,92438.8,148
292.1,137600.0,27790.0,41384.0,27042.0,41384.0,68587.2,56560.0,15832.4,13645.3,0.0,23896.3,0.0,17857.8,25497.8,20803.2,47728.3,104912.6,128652.3,92483.5,148
293.1,137600.0,27790.0,41384.0,27042.0,41384.0,68562.6,56535.4,15807.8,13620.7,0.0,23896.4,0.0,17833.4,25479.8,20690.0,47597.1,105025.8,128652.3,92459.0,148
294.2,137600.0,27790.0,41384.0,27042.0,41384.0,68502.9,56475.6,15748.1,13561.0,0.0,23896.4,0.0,17774.0,25479.1,20636.5,47542.9,105079.3,128652.3,92399.2,148
295.4,137600.0,27790.0,41384.0,27042.0,41384.0,68503.4,56476.2,15748.6,13561.5,0.0,23896.4,0.0,17774.3,25481.2,20632.8,47541.3,105083.0,128652.3,92399.8,148
296.4,137600.0,27790.0,41384.0,27042.0,41384.0,68541.2,56514.0,15786.5,13599.4,0.0,23896.5,0.0,17813.2,25478.9,20720.3,47626.5,104995.4,128652.3,92437.8,148
297.5,137600.0,27790.0,41384.0,27042.0,41384.0,68541.2,56514.0,15786.5,13599.4,0.0,23896.5,0.0,17812.4,25478.9,20676.6,47582.9,105039.1,128652.3,92437.8,148
298.6,137600.0,27790.0,41384.0,27042.0,41384.0,68541.2,56514.0,15786.5,13599.4,0.0,23896.5,0.0,17812.3,25479.9,20790.0,47697.3,104925.7,128652.3,92437.8,148
299.7,137600.0,27790.0,41384.0,27042.0,41384.0,68541.2,56514.0,15786.5,13599.4,0.0,23896.5,0.0,17812.3,25481.3,20764.4,47673.1,104951.3,128652.3,92437.8,148
300.7,137600.0,27790.0,41384.0,27042.0,41384.0,68541.3,56514.1,15786.5,13599.4,0.0,23896.5,0.0,17812.4,25478.2,20661.1,47566.6,105054.6,128652.3,92437.8,148
301.8,137600.0,27790.0,41384.0,27042.0,41384.0,68541.3,56514.1,15786.5,13599.4,0.0,23896.5,0.0,17813.0,25478.1,20662.6,47568.0,105053.2,128652.3,92437.8,148
302.9,137600.0,27790.0,41384.0,27042.0,41384.0,68541.3,56514.1,15786.5,13599.4,0.0,23896.5,0.0,17813.1,25478.1,20662.3,47567.8,105053.4,128652.3,92437.9,148
303.9,137600.0,27790.0,41384.0,27042.0,41384.0,68541.3,56514.1,15786.5,13599.4,0.0,23896.6,0.0,17813.1,25478.1,20662.5,47567.9,105053.3,128652.3,92437.9,148
304.9,137600.0,27790.0,41384.0,27042.0,41384.0,68541.3,56514.1,15786.5,13599.4,0.0,23896.6,0.0,17812.9,25478.1,20661.1,47566.5,105054.6,128652.3,92437.9,148
305.9,137600.0,27790.0,41384.0,27042.0,41384.0,68541.3,56514.1,15786.5,13599.4,0.0,23896.6,0.0,17813.1,25477.3,20659.7,47564.4,105056.0,128652.3,92437.9,148
306.9,137600.0,27790.0,41384.0,27042.0,41384.0,68581.3,56554.1,15826.5,13639.4,0.0,23896.6,0.0,17813.8,25478.3,20667.2,47572.9,105048.6,128652.3,92477.9,148
307.9,137600.0,27790.0,41384.0,27042.0,41384.0,68514.2,56487.0,15759.4,13572.3,0.0,23896.6,0.0,17782.4,25481.6,20671.5,47580.4,105044.3,128652.3,92410.8,148
309.0,137600.0,27790.0,41384.0,27042.0,41384.0,68544.8,56517.6,15790.0,13603.0,0.0,23896.6,0.0,17790.0,25478.3,20637.1,47542.8,105078.6,128652.3,92441.4,148
310.0,137600.0,27790.0,41384.0,27042.0,41384.0,68498.7,56471.5,15743.9,13556.8,0.0,23896.6,0.0,17819.4,25477.8,20672.9,47578.1,105042.8,128652.3,92395.3,148
311.1,137600.0,27790.0,41384.0,27042.0,41384.0,68512.1,56484.9,15757.3,13570.2,0.0,23896.6,0.0,17785.0,25477.6,20622.4,47527.3,105093.4,128652.3,92408.7,148
312.1,137600.0,27790.0,41384.0,27042.0,41384.0,68512.1,56484.9,15757.3,13570.2,0.0,23896.6,0.0,17784.8,25476.9,20621.2,47525.5,105094.5,128652.3,92408.7,148
313.1,137600.0,27790.0,41384.0,27042.0,41384.0,68512.2,56485.0,15757.4,13570.3,0.0,23896.6,0.0,17785.1,25477.3,20626.3,47531.0,105089.4,128652.3,92408.8,148
314.2,137600.0,27790.0,41384.0,27042.0,41384.0,68569.2,56542.0,15814.4,13627.3,0.0,23896.6,0.0,17838.8,25478.2,20688.1,47593.6,105027.6,128652.3,92465.8,148
315.3,137600.0,27790.0,41384.0,27042.0,41384.0,68569.2,56542.0,15814.5,13627.4,0.0,23896.7,0.0,17840.6,25478.3,20686.0,47591.6,105029.7,128652.3,92465.9,148
316.3,137600.0,27790.0,41384.0,27042.0,41384.0,68569.3,56542.1,15814.5,13627.4,0.0,23896.8,0.0,17841.0,25478.4,20685.0,47590.8,105030.7,128652.3,92466.0,148
317.3,137600.0,27790.0,41384.0,27042.0,41384.0,68569.3,56542.1,15814.5,13627.4,0.0,23896.8,0.0,17841.3,25478.6,20686.9,47592.8,105028.9,128652.3,92466.0,148
318.4,137600.0,27790.0,41384.0,27042.0,41384.0,68569.3,56542.1,15814.5,13627.4,0.0,23896.8,0.0,17841.6,25478.5,20684.7,47590.6,105031.0,128652.3,92466.0,148
319.5,137600.0,27790.0,41384.0,27042.0,41384.0,68551.9,56524.6,15797.1,13610.0,0.0,23896.8,0.0,17823.9,25478.5,20669.6,47575.5,105046.1,128652.3,92448.6,148
320.5,137600.0,27790.0,41384.0,27042.0,41384.0,68551.9,56524.6,15797.1,13610.0,0.0,23896.8,0.0,17821.5,25478.5,20672.0,47577.8,105043.8,128652.3,92448.6,148
321.5,137600.0,27790.0,41384.0,27042.0,41384.0,68551.9,56524.6,15797.1,13610.0,0.0,23896.8,0.0,17822.1,25478.7,20672.1,47578.2,105043.6,128652.3,92448.7,148
322.5,137600.0,27790.0,41384.0,27042.0,41384.0,68551.9,56524.6,15797.1,13610.0,0.0,23896.8,0.0,17824.0,25480.3,20671.3,47579.0,105044.4,128652.3,92448.7,148
323.6,137600.0,27790.0,41384.0,27042.0,41384.0,68556.0,56528.8,15801.3,13614.1,0.0,23896.8,0.0,17828.5,25479.5,20675.3,47582.1,105040.4,128652.3,92452.9,148
324.6,137600.0,27790.0,41384.0,27042.0,41384.0,68556.0,56528.8,15801.3,13614.1,0.0,23896.8,0.0,17828.5,25479.5,20723.3,47630.2,104992.4,128652.3,92452.9,148
325.7,137600.0,27790.0,41384.0,27042.0,41384.0,68558.5,56531.3,15803.7,13616.6,0.0,23896.8,0.0,17830.7,25480.2,20680.0,47587.5,105035.7,128652.3,92455.3,148
326.7,137600.0,27790.0,41384.0,27042.0,41384.0,68558.5,56531.3,15803.7,13616.6,0.0,23896.9,0.0,17831.1,25479.8,20677.7,47584.9,105038.0,128652.3,92455.4,148
327.7,137600.0,27790.0,41384.0,27042.0,41384.0,68558.5,56531.3,15803.8,13616.6,0.0,23896.9,0.0,17831.1,25480.2,20682.9,47590.5,105032.8,128652.3,92455.4,148
328.7,137600.0,27790.0,41384.0,27042.0,41384.0,68558.5,56531.3,15803.8,13616.6,0.0,23896.9,0.0,17828.9,25480.2,20681.8,47589.3,105033.9,128652.3,92455.4,148
329.7,137600.0,27790.0,41384.0,27042.0,41384.0,68558.5,56531.3,15803.8,13616.6,0.0,23896.9,0.0,17828.9,25480.2,20682.4,47589.9,105033.3,128652.3,92455.4,148
330.8,137600.0,27790.0,41384.0,27042.0,41384.0,68558.5,56531.3,15803.8,13616.6,0.0,23897.0,0.0,17829.1,25480.4,20681.8,47589.6,105033.9,128652.3,92455.5,148
331.8,137600.0,27790.0,41384.0,27042.0,41384.0,68558.5,56531.3,15803.8,13616.6,0.0,23897.0,0.0,17828.2,25480.6,20680.0,47588.0,105035.7,128652.3,92455.5,148
332.9,137600.0,27790.0,41384.0,27042.0,41384.0,68558.5,56531.3,15803.8,13616.6,0.0,23897.0,0.0,17828.5,25480.5,20683.8,47591.7,105031.9,128652.3,92455.5,148
333.9,137600.0,27790.0,41384.0,27042.0,41384.0,68558.5,56531.3,15803.7,13616.6,0.0,23897.0,0.0,17843.4,25480.0,20698.5,47605.9,105017.2,128652.3,92455.5,148
335.0,137600.0,27790.0,41384.0,27042.0,41384.0,68601.5,56574.3,15846.7,13659.6,0.0,23897.0,0.0,17874.3,25483.5,20752.2,47663.0,104963.5,128652.3,92498.5,148
336.1,137600.0,27790.0,41384.0,27042.0,41384.0,68601.5,56574.3,15846.7,13659.6,0.0,23897.0,0.0,17874.7,25480.5,20738.6,47646.5,104977.1,128652.3,92498.5,148
337.1,137600.0,27790.0,41384.0,27042.0,41384.0,68601.5,56574.3,15846.7,13659.6,0.0,23897.0,0.0,17874.8,25480.3,20737.0,47644.7,104978.7,128652.3,92498.6,148
338.1,137600.0,27790.0,41384.0,27042.0,41384.0,68601.5,56574.3,15846.7,13659.6,0.0,23897.0,0.0,17874.9,25480.8,20737.2,47645.3,104978.5,128652.3,92498.6,148
339.1,137600.0,27790.0,41384.0,27042.0,41384.0,68601.5,56574.3,15846.7,13659.6,0.0,23897.0,0.0,17874.9,25480.3,20737.8,47645.5,104977.9,128652.3,92498.6,148
340.2,137600.0,27790.0,41384.0,27042.0,41384.0,68601.5,56574.3,15846.7,13659.6,0.0,23897.1,0.0,17874.9,25480.9,20734.5,47642.7,104981.2,128652.3,92498.6,148
341.3,137600.0,27790.0,41384.0,27042.0,41384.0,68601.5,56574.3,15846.7,13659.6,0.0,23897.1,0.0,17874.9,25480.2,20737.1,47644.7,104978.6,128652.3,92498.6,148
342.3,137600.0,27790.0,41384.0,27042.0,41384.0,68601.5,56574.3,15846.7,13659.6,0.0,23897.1,0.0,17875.3,25480.3,20738.4,47646.1,104977.3,128652.3,92498.6,148
343.4,137600.0,27790.0,41384.0,27042.0,41384.0,68601.5,56574.3,15846.7,13659.6,0.0,23897.1,0.0,17875.0,25480.3,20739.1,47646.8,104976.6,128652.3,92498.6,148
344.5,137600.0,27790.0,41384.0,27042.0,41384.0,68601.5,56574.3,15846.7,13659.6,0.0,23897.1,0.0,17875.0,25482.0,20735.4,47644.8,104980.3,128652.3,92498.6,148
345.5,137600.0,27790.0,41384.0,27042.0,41384.0,68601.5,56574.3,15846.7,13659.6,0.0,23897.1,0.0,17875.0,25480.3,20734.7,47642.4,104980.9,128652.3,92498.6,148
346.6,137600.0,27790.0,41384.0,27042.0,41384.0,68601.5,56574.3,15846.7,13659.6,0.0,23897.1,0.0,17875.0,25480.7,20734.6,47642.7,104981.1,128652.3,92498.6,148
347.6,137600.0,27790.0,41384.0,27042.0,41384.0,68601.5,56574.3,15846.7,13659.6,0.0,23897.1,0.0,17875.1,25480.8,20736.1,47644.2,104979.6,128652.3,92498.7,148
348.7,137600.0,27790.0,41384.0,27042.0,41384.0,68601.5,56574.3,15846.7,13659.6,0.0,23897.1,0.0,17875.1,25480.7,20737.1,47645.2,104978.6,128652.3,92498.7,148
349.8,137600.0,27790.0,41384.0,27042.0,41384.0,68601.5,56574.3,15846.7,13659.6,0.0,23897.1,0.0,17875.1,25480.7,20731.4,47639.5,104984.3,128652.3,92498.7,148
350.8,137600.0,27790.0,41384.0,27042.0,41384.0,68601.5,56574.3,15846.7,13659.6,0.0,23897.2,0.0,17875.1,25480.7,20733.3,47641.4,104982.4,128652.3,92498.7,148
351.9,137600.0,27790.0,41384.0,27042.0,41384.0,68601.5,56574.3,15846.7,13659.6,0.0,23897.2,0.0,17875.1,25480.7,20733.9,47642.0,104981.8,128652.3,92498.7,148
353.0,137600.0,27790.0,41384.0,27042.0,41384.0,68601.5,56574.3,15846.8,13659.7,0.0,23897.2,0.0,17875.4,25480.7,20731.7,47639.8,104984.0,128652.3,92498.7,148
354.0,137600.0,27790.0,41384.0,27042.0,41384.0,68601.5,56574.3,15846.8,13659.7,0.0,23897.2,0.0,17875.4,25480.4,20733.4,47641.1,104982.3,128652.3,92498.7,148
355.0,137600.0,27790.0,41384.0,27042.0,41384.0,68601.5,56574.3,15846.8,13659.7,0.0,23897.2,0.0,17875.4,25480.7,20747.7,47655.7,104968.0,128652.3,92498.7,148
356.1,137600.0,27790.0,41384.0,27042.0,41384.0,68601.5,56574.3,15846.7,13659.7,0.0,23897.2,0.0,17875.5,25480.6,20729.4,47637.3,104986.3,128652.3,92498.7,148
357.2,137600.0,27790.0,41384.0,27042.0,41384.0,68601.5,56574.3,15846.7,13659.7,0.0,23897.2,0.0,17877.6,25480.3,20739.6,47647.3,104976.0,128652.3,92498.8,148
358.2,137600.0,27790.0,41384.0,27042.0,41384.0,68601.6,56574.4,15846.8,13659.7,0.0,23897.2,0.0,17877.7,25480.9,20740.5,47648.8,104975.2,128652.3,92498.8,148
359.3,137600.0,27790.0,41384.0,27042.0,41384.0,68601.6,56574.4,15846.8,13659.7,0.0,23897.2,0.0,17877.8,25480.8,20741.8,47650.0,104973.8,128652.3,92498.8,148
360.3,137600.0,27790.0,41384.0,27042.0,41384.0,68601.6,56574.4,15846.8,13659.7,0.0,23897.2,0.0,17876.0,25480.8,20740.5,47648.6,104975.2,128652.3,92498.8,148
361.4,137600.0,27790.0,41384.0,27042.0,41384.0,68601.6,56574.4,15846.8,13659.7,0.0,23897.3,0.0,17875.6,25480.8,20742.9,47651.1,104972.8,128652.3,92498.9,148
362.5,137600.0,27790.0,41384.0,27042.0,41384.0,68603.0,56575.7,15848.2,13661.1,0.0,23897.3,0.0,17877.1,25480.6,20740.9,47648.9,104974.8,128652.3,92500.2,148
363.5,137600.0,27790.0,41384.0,27042.0,41384.0,68603.0,56575.8,15848.2,13661.1,0.0,23897.3,0.0,17875.7,25481.0,20736.6,47645.0,104979.1,128652.3,92500.3,148
364.5,137600.0,27790.0,41384.0,27042.0,41384.0,68603.0,56575.8,15848.2,13661.1,0.0,23897.3,0.0,17876.5,25481.1,20748.1,47656.6,104967.6,128652.3,92500.3,148
365.5,137600.0,27790.0,41384.0,27042.0,41384.0,68603.0,56575.8,15848.2,13661.1,0.0,23897.4,0.0,17891.9,25481.2,20760.8,47669.4,104954.9,128652.3,92500.4,148
366.6,137600.0,27790.0,41384.0,27042.0,41384.0,68603.0,56575.8,15848.3,13661.2,0.0,23897.5,0.0,17877.3,25480.8,20746.0,47654.2,104969.7,128652.3,92500.5,148
367.6,137600.0,27790.0,41384.0,27042.0,41384.0,68603.1,56575.9,15848.3,13661.2,0.0,23897.5,0.0,17877.3,25480.9,20742.8,47651.1,104972.9,128652.3,92500.5,148
368.7,137600.0,27790.0,41384.0,27042.0,41384.0,68603.1,56575.9,15848.3,13661.2,0.0,23897.5,0.0,17877.3,25480.9,20745.4,47653.7,104970.3,128652.3,92500.6,148
369.7,137600.0,27790.0,41384.0,27042.0,41384.0,68603.1,56575.9,15848.3,13661.2,0.0,23897.5,0.0,17877.3,25480.3,20736.0,47643.7,104979.7,128652.3,92500.6,148
370.7,137600.0,27790.0,41384.0,27042.0,41384.0,68603.1,56575.9,15848.3,13661.2,0.0,23897.5,0.0,17877.3,25479.7,20733.0,47640.1,104982.7,128652.3,92500.6,148
371.8,137600.0,27790.0,41384.0,27042.0,41384.0,68603.1,56575.9,15848.3,13661.2,0.0,23897.5,0.0,17877.4,25481.2,20741.6,47650.2,104974.1,128652.3,92500.6,148
372.9,137600.0,27790.0,41384.0,27042.0,41384.0,68621.6,56594.4,15866.9,13679.8,0.0,23897.5,0.0,17877.5,25479.7,20738.7,47645.9,104976.9,128652.3,92519.2,148
374.0,137600.0,27790.0,41384.0,27042.0,41384.0,68640.0,56612.8,15885.2,13698.1,0.0,23897.6,0.0,17914.4,25480.1,20773.4,47681.0,104942.3,128652.3,92537.5,148
375.0,137600.0,27790.0,41384.0,27042.0,41384.0,68640.0,56612.8,15885.2,13698.1,0.0,23897.6,0.0,17914.4,25479.6,20768.1,47675.1,104947.6,128652.3,92537.5,148
376.1,137600.0,27790.0,41384.0,27042.0,41384.0,68640.0,56612.8,15885.2,13698.1,0.0,23897.6,0.0,17914.4,25479.8,20764.9,47672.2,104950.7,128652.3,92537.5,148
377.1,137600.0,27790.0,41384.0,27042.0,41384.0,68640.0,56612.8,15885.2,13698.1,0.0,23897.7,0.0,17914.4,25479.8,20763.1,47670.3,104952.6,128652.3,92537.7,148
378.1,137600.0,27790.0,41384.0,27042.0,41384.0,68640.0,56612.8,15885.2,13698.1,0.0,23897.7,0.0,17914.4,25479.9,20767.2,47674.5,104948.5,128652.3,92537.7,148
379.2,137600.0,27790.0,41384.0,27042.0,41384.0,68640.0,56612.8,15885.2,13698.1,0.0,23897.8,0.0,17914.4,25481.4,20768.2,47677.0,104947.5,128652.3,92537.8,148
380.2,137600.0,27790.0,41384.0,27042.0,41384.0,68640.0,56612.8,15885.2,13698.1,0.0,23897.8,0.0,17914.4,25480.8,20765.4,47673.6,104950.3,128652.3,92537.8,148
381.3,137600.0,27790.0,41384.0,27042.0,41384.0,68640.0,56612.8,15885.3,13698.2,0.0,23897.8,0.0,17914.4,25481.6,20774.7,47683.7,104941.0,128652.3,92537.9,148
382.3,137600.0,27790.0,41384.0,27042.0,41384.0,68640.1,56612.9,15885.3,13698.2,0.0,23897.8,0.0,17914.6,25481.6,20776.7,47685.6,104939.0,128652.3,92537.9,148
383.4,137600.0,27790.0,41384.0,27042.0,41384.0,68640.1,56612.9,15885.3,13698.2,0.0,23897.9,0.0,17915.1,25481.1,20771.7,47680.2,104944.0,128652.3,92537.9,148
384.4,137600.0,27790.0,41384.0,27042.0,41384.0,68640.1,56612.9,15885.3,13698.2,0.0,23897.9,0.0,17914.6,25481.1,20772.1,47680.5,104943.6,128652.3,92538.0,148
385.5,137600.0,27790.0,41384.0,27042.0,41384.0,68640.1,56612.9,15885.3,13698.2,0.0,23897.9,0.0,17914.7,25481.1,20776.4,47684.9,104939.3,128652.3,92538.0,148
386.6,137600.0,27790.0,41384.0,27042.0,41384.0,68640.1,56612.9,15885.3,13698.2,0.0,23897.9,0.0,17914.7,25483.8,20775.6,47686.8,104940.0,128652.3,92538.0,148
387.7,137600.0,27790.0,41384.0,27042.0,41384.0,68640.1,56612.9,15885.3,13698.2,0.0,23897.9,0.0,17914.8,25481.0,20766.0,47674.3,104949.7,128652.3,92538.0,148
388.8,137600.0,27790.0,41384.0,27042.0,41384.0,68640.2,56613.0,15885.4,13698.3,0.0,23897.9,0.0,17914.8,25482.6,20770.7,47680.6,104945.0,128652.3,92538.1,148
389.9,137600.0,27790.0,41384.0,27042.0,41384.0,68640.2,56613.0,15885.4,13698.3,0.0,23897.9,0.0,17914.8,25481.8,20770.0,47679.2,104945.7,128652.3,92538.1,148
390.9,137600.0,27790.0,41384.0,27042.0,41384.0,68640.2,56613.0,15885.4,13698.3,0.0,23897.9,0.0,17915.2,25483.0,20795.6,47705.9,104920.1,128652.3,92538.1,148
391.9,137600.0,27790.0,41384.0,27042.0,41384.0,68640.2,56613.0,15885.4,13698.3,0.0,23897.9,0.0,17915.0,25483.0,20813.9,47724.3,104901.8,128652.3,92538.1,148
393.0,137600.0,27790.0,41384.0,27042.0,41384.0,68640.2,56613.0,15885.5,13698.4,0.0,23897.9,0.0,17915.1,25481.0,20774.8,47683.1,104940.9,128652.3,92538.2,148
394.1,137600.0,27790.0,41384.0,27042.0,41384.0,68640.3,56613.0,15885.5,13698.4,0.0,23897.9,0.0,17915.1,25481.5,20794.2,47703.1,104921.4,128652.3,92538.2,148
395.1,137600.0,27790.0,41384.0,27042.0,41384.0,68640.3,56613.1,15885.5,13698.4,0.0,23897.9,0.0,17911.9,25481.1,20784.0,47692.5,104931.7,128652.3,92538.2,148
396.2,137600.0,27790.0,41384.0,27042.0,41384.0,68698.8,56671.5,15944.0,13756.9,0.0,23897.9,0.0,17920.0,25482.7,20815.5,47725.6,104900.1,128652.3,92596.7,148
397.3,137600.0,27790.0,41384.0,27042.0,41384.0,68604.9,56577.7,15850.2,13663.0,0.0,23898.1,0.0,17860.1,25485.4,20767.1,47679.9,104948.6,128652.3,92503.0,148
398.4,137600.0,27790.0,41384.0,27042.0,41384.0,68604.9,56577.7,15850.2,13663.1,0.0,23898.1,0.0,17876.2,25482.6,20738.0,47648.0,104977.7,128652.3,92503.0,148
399.4,137600.0,27790.0,41384.0,27042.0,41384.0,68605.8,56578.6,15851.1,13664.0,0.0,23898.1,0.0,17876.2,25481.1,20732.9,47641.5,104982.8,128652.3,92503.9,148
400.5,137600.0,27790.0,41384.0,27042.0,41384.0,68617.6,56590.4,15862.9,13675.7,0.0,23898.1,0.0,17888.9,25481.8,20756.2,47665.4,104959.5,128652.3,92515.7,148
401.5,137600.0,27790.0,41384.0,27042.0,41384.0,68617.9,56590.7,15863.2,13676.1,0.0,23898.1,0.0,17889.8,25482.1,20750.4,47660.0,104965.2,128652.3,92516.1,148
402.6,137600.0,27790.0,41384.0,27042.0,41384.0,68618.0,56590.8,15863.2,13676.1,0.0,23898.1,0.0,17889.9,25481.8,20770.0,47679.2,104945.7,128652.3,92516.1,148
403.7,137600.0,27790.0,41384.0,27042.0,41384.0,68581.1,56553.8,15826.3,13639.2,0.0,23898.1,0.0,17900.3,25491.9,20803.0,47722.3,104912.7,128652.3,92479.2,148
404.7,137600.0,27790.0,41384.0,27042.0,41384.0,68598.8,56571.6,15844.1,13656.9,0.0,23898.1,0.0,17870.5,25482.2,20740.2,47649.8,104975.5,128652.3,92496.9,148
405.8,137600.0,27790.0,41384.0,27042.0,41384.0,68604.4,56577.2,15849.7,13662.5,0.0,23898.2,0.0,17876.3,25497.4,20807.7,47732.5,104908.0,128652.3,92502.6,148
406.8,137600.0,27790.0,41384.0,27042.0,41384.0,68602.4,56575.2,15847.7,13660.6,0.0,23898.2,0.0,17872.6,25482.3,20742.3,47652.1,104973.3,128652.3,92500.6,148
407.9,137600.0,27790.0,41384.0,27042.0,41384.0,68601.5,56574.2,15846.7,13659.6,0.0,23898.2,0.0,17873.5,25480.8,20748.1,47656.3,104967.6,128652.3,92499.6,148
408.9,137600.0,27790.0,41384.0,27042.0,41384.0,68601.5,56574.3,15846.7,13659.6,0.0,23898.2,0.0,17873.6,25480.8,20746.3,47654.4,104969.4,128652.3,92499.7,148
409.9,137600.0,27790.0,41384.0,27042.0,41384.0,68601.5,56574.3,15846.7,13659.6,0.0,23898.2,0.0,17873.6,25480.8,20746.7,47654.8,104969.0,128652.3,92499.7,148
411.0,137600.0,27790.0,41384.0,27042.0,41384.0,68617.6,56590.4,15862.8,13675.7,0.0,23898.2,0.0,17890.0,25480.0,20762.7,47670.1,104953.0,128652.3,92515.8,148
412.1,137600.0,27790.0,41384.0,27042.0,41384.0,68617.6,56590.4,15862.9,13675.7,0.0,23898.2,0.0,17889.2,25479.9,20763.7,47671.0,104951.9,128652.3,92515.8,148
413.1,137600.0,27790.0,41384.0,27042.0,41384.0,68617.6,56590.4,15862.9,13675.7,0.0,23898.2,0.0,17889.4,25479.9,20765.0,47672.3,104950.6,128652.3,92515.8,148
414.2,137600.0,27790.0,41384.0,27042.0,41384.0,68597.4,56570.2,15842.6,13655.5,0.0,23898.2,0.0,17870.6,25483.8,20748.0,47659.2,104967.7,128652.3,92495.6,148
415.2,137600.0,27790.0,41384.0,27042.0,41384.0,68611.6,56584.4,15856.9,13669.8,0.0,23898.3,0.0,17872.6,25480.4,20740.0,47647.9,104975.6,128652.3,92510.0,148
416.3,137600.0,27790.0,41384.0,27042.0,41384.0,68611.6,56584.4,15856.9,13669.8,0.0,23898.3,0.0,17886.8,25480.6,20759.6,47667.6,104956.1,128652.3,92510.0,148
417.3,137600.0,27790.0,41384.0,27042.0,41384.0,68611.7,56584.5,15856.9,13669.8,0.0,23898.3,0.0,17886.7,25480.2,20752.4,47660.0,104963.3,128652.3,92510.0,148
418.3,137600.0,27790.0,41384.0,27042.0,41384.0,68611.7,56584.5,15856.9,13669.8,0.0,23898.3,0.0,17886.7,25480.2,20751.2,47658.9,104964.4,128652.3,92510.1,148
419.3,137600.0,27790.0,41384.0,27042.0,41384.0,68611.7,56584.5,15857.0,13669.9,0.0,23898.4,0.0,17887.2,25481.1,20752.3,47660.8,104963.4,128652.3,92510.1,148
420.3,137600.0,27790.0,41384.0,27042.0,41384.0,68597.7,56570.4,15842.9,13655.8,0.0,23898.4,0.0,17926.4,25489.5,20811.3,47728.2,104904.4,128652.3,92496.0,148
421.4,137600.0,27790.0,41384.0,27042.0,41384.0,68597.7,56570.4,15842.9,13655.8,0.0,23898.4,0.0,17873.2,25481.7,20735.2,47644.3,104980.4,128652.3,92496.0,148
422.5,137600.0,27790.0,41384.0,27042.0,41384.0,68597.7,56570.4,15842.9,13655.8,0.0,23898.4,0.0,17873.1,25481.6,20737.3,47646.4,104978.3,128652.3,92496.0,148
423.5,137600.0,27790.0,41384.0,27042.0,41384.0,68597.7,56570.5,15842.9,13655.8,0.0,23898.4,0.0,17872.8,25481.7,20733.5,47642.6,104982.2,128652.3,92496.1,148
424.5,137600.0,27790.0,41384.0,27042.0,41384.0,68597.7,56570.5,15842.9,13655.8,0.0,23898.4,0.0,17872.8,25481.6,20733.4,47642.5,104982.3,128652.3,92496.1,148
425.6,137600.0,27790.0,41384.0,27042.0,41384.0,68598.1,56570.8,15843.3,13656.2,0.0,23898.4,0.0,17873.4,25482.5,20748.6,47658.5,104967.0,128652.3,92496.4,148
426.7,137600.0,27790.0,41384.0,27042.0,41384.0,68558.6,56531.4,15803.8,13616.7,0.0,23898.4,0.0,17834.0,25484.3,20703.9,47615.6,105011.8,128652.3,92457.0,148
427.7,137600.0,27790.0,41384.0,27042.0,41384.0,68559.6,56532.4,15804.8,13617.7,0.0,23898.4,0.0,17834.2,25487.5,20739.4,47654.3,104976.2,128652.3,92458.0,148
428.8,137600.0,27790.0,41384.0,27042.0,41384.0,68559.7,56532.5,15804.9,13617.8,0.0,23898.4,0.0,17835.0,25482.0,20722.6,47632.0,104993.1,128652.3,92458.1,148
429.8,137600.0,27790.0,41384.0,27042.0,41384.0,68559.7,56532.5,15805.0,13617.9,0.0,23898.4,0.0,17835.1,25480.6,20700.7,47608.7,105014.9,128652.3,92458.1,148
430.9,137600.0,27790.0,41384.0,27042.0,41384.0,68559.7,56532.5,15805.0,13617.9,0.0,23898.4,0.0,17835.3,25481.1,20693.9,47602.4,105021.8,128652.3,92458.2,148
431.9,137600.0,27790.0,41384.0,27042.0,41384.0,68570.1,56542.9,15815.3,13628.2,0.0,23898.4,0.0,17845.5,25482.9,20707.8,47618.1,105007.8,128652.3,92468.5,148
432.9,137600.0,27790.0,41384.0,27042.0,41384.0,68571.1,56543.9,15816.3,13629.2,0.0,23898.4,0.0,17846.4,25485.8,20708.7,47621.9,105007.0,128652.3,92469.5,148
434.1,137600.0,27790.0,41384.0,27042.0,41384.0,68580.6,56553.4,15825.9,13638.8,0.0,23898.6,0.0,17856.0,25483.9,20722.4,47633.8,104993.2,128652.3,92479.2,148
435.1,137600.0,27790.0,41384.0,27042.0,41384.0,68592.0,56564.8,15837.2,13650.1,0.0,23898.6,0.0,17856.3,25481.5,20718.3,47627.2,104997.4,128652.3,92490.6,148
436.2,137600.0,27790.0,41384.0,27042.0,41384.0,68613.2,56586.0,15858.4,13671.3,0.0,23898.6,0.0,17870.5,25480.4,20733.1,47640.9,104982.6,128652.3,92511.8,148
437.2,137600.0,27790.0,41384.0,27042.0,41384.0,68613.2,56586.0,15858.4,13671.3,0.0,23898.6,0.0,17891.0,25480.8,20753.5,47661.7,104962.2,128652.3,92511.8,148
438.2,137600.0,27790.0,41384.0,27042.0,41384.0,68613.2,56586.0,15858.4,13671.3,0.0,23898.6,0.0,17891.1,25480.5,20752.9,47660.8,104962.8,128652.3,92511.8,148
439.3,137600.0,27790.0,41384.0,27042.0,41384.0,68613.2,56586.0,15858.4,13671.3,0.0,23898.6,0.0,17891.1,25480.4,20751.1,47658.9,104964.6,128652.3,92511.8,148
440.3,137600.0,27790.0,41384.0,27042.0,41384.0,68613.2,56586.0,15858.4,13671.3,0.0,23898.6,0.0,17889.6,25480.5,20748.4,47656.3,104967.2,128652.3,92511.8,148
441.3,137600.0,27790.0,41384.0,27042.0,41384.0,68697.0,56669.8,15942.3,13755.2,0.0,23898.6,0.0,17890.2,25484.1,20761.1,47672.6,104954.5,128652.3,92595.6,148
442.3,137600.0,27790.0,41384.0,27042.0,41384.0,68577.5,56550.3,15822.7,13635.6,0.0,23898.6,0.0,17854.3,25483.6,20724.3,47635.3,104991.3,128652.3,92476.1,148
443.5,137600.0,27790.0,41384.0,27042.0,41384.0,68580.8,56553.6,15826.0,13638.9,0.0,23898.6,0.0,17857.3,25480.3,20728.1,47635.8,104987.6,128652.3,92479.4,148
444.5,137600.0,27790.0,41384.0,27042.0,41384.0,68580.8,56553.6,15826.0,13638.9,0.0,23898.7,0.0,17881.3,25480.7,20753.5,47661.6,104962.1,128652.3,92479.4,148
445.6,137600.0,27790.0,41384.0,27042.0,41384.0,68580.8,56553.6,15826.0,13638.9,0.0,23898.7,0.0,17857.7,25480.3,20733.1,47640.8,104982.5,128652.3,92479.5,148
446.6,137600.0,27790.0,41384.0,27042.0,41384.0,68580.8,56553.6,15826.0,13638.9,0.0,23898.7,0.0,17857.8,25480.4,20730.3,47638.1,104985.4,128652.3,92479.5,148
447.6,137600.0,27790.0,41384.0,27042.0,41384.0,68580.8,56553.6,15826.0,13638.9,0.0,23898.8,0.0,17857.8,25480.5,20731.0,47638.9,104984.6,128652.3,92479.6,148
448.7,137600.0,27790.0,41384.0,27042.0,41384.0,68595.6,56568.4,15840.8,13653.7,0.0,23898.8,0.0,17872.1,25481.5,20748.0,47656.9,104967.7,128652.3,92494.4,148
449.7,137600.0,27790.0,41384.0,27042.0,41384.0,68595.6,56568.4,15840.8,13653.7,0.0,23898.8,0.0,17872.6,25481.0,20742.9,47651.3,104972.8,128652.3,92494.4,148
450.8,137600.0,27790.0,41384.0,27042.0,41384.0,68635.6,56608.4,15880.8,13693.7,0.0,23898.8,0.0,17872.6,25480.9,20744.3,47652.7,104971.3,128652.3,92534.4,148
451.8,137600.0,27790.0,41384.0,27042.0,41384.0,68606.3,56579.0,15851.5,13664.4,0.0,23898.8,0.0,17883.0,25481.7,20752.6,47661.7,104963.1,128652.3,92505.1,148
452.9,137600.0,27790.0,41384.0,27042.0,41384.0,68606.3,56579.1,15851.5,13664.4,0.0,23898.8,0.0,17882.9,25482.1,20750.9,47660.5,104964.7,128652.3,92505.1,148
453.9,137600.0,27790.0,41384.0,27042.0,41384.0,68606.3,56579.1,15851.5,13664.4,0.0,23898.8,0.0,17883.1,25481.8,20749.9,47659.1,104965.8,128652.3,92505.1,148
455.0,137600.0,27790.0,41384.0,27042.0,41384.0,68606.3,56579.1,15851.5,13664.4,0.0,23898.8,0.0,17883.1,25482.2,20749.4,47659.1,104966.2,128652.3,92505.1,148
456.1,137600.0,27790.0,41384.0,27042.0,41384.0,68606.3,56579.1,15851.5,13664.4,0.0,23898.8,0.0,17882.7,25481.8,20749.5,47658.7,104966.1,128652.3,92505.1,148
457.1,137600.0,27790.0,41384.0,27042.0,41384.0,68606.3,56579.1,15851.6,13664.5,0.0,23898.8,0.0,17883.3,25482.6,20744.8,47654.8,104970.8,128652.3,92505.2,148
458.2,137600.0,27790.0,41384.0,27042.0,41384.0,68606.3,56579.1,15851.6,13664.5,0.0,23898.8,0.0,17883.3,25482.3,20744.7,47654.5,104970.9,128652.3,92505.2,148
459.3,137600.0,27790.0,41384.0,27042.0,41384.0,68638.4,56611.2,15883.7,13696.6,0.0,23898.8,0.0,17915.3,25481.8,20779.0,47688.3,104936.6,128652.3,92537.3,148
460.3,137600.0,27790.0,41384.0,27042.0,41384.0,68638.4,56611.2,15883.7,13696.6,0.0,23898.9,0.0,17915.5,25482.2,20774.7,47684.4,104940.9,128652.3,92537.3,148
461.4,137600.0,27790.0,41384.0,27042.0,41384.0,68638.4,56611.2,15883.7,13696.6,0.0,23898.9,0.0,17916.0,25483.3,20779.4,47690.2,104936.2,128652.3,92537.3,148
462.4,137600.0,27790.0,41384.0,27042.0,41384.0,68638.5,56611.3,15883.7,13696.6,0.0,23898.9,0.0,17916.1,25481.4,20776.9,47685.7,104938.7,128652.3,92537.3,148
463.5,137600.0,27790.0,41384.0,27042.0,41384.0,68638.5,56611.3,15883.7,13696.6,0.0,23899.0,0.0,17915.7,25481.3,20774.8,47683.6,104940.8,128652.3,92537.5,148
464.5,137600.0,27790.0,41384.0,27042.0,41384.0,68638.5,56611.3,15883.7,13696.6,0.0,23899.0,0.0,17915.6,25481.3,20773.1,47681.8,104942.5,128652.3,92537.5,148
465.6,137600.0,27790.0,41384.0,27042.0,41384.0,68645.4,56618.2,15890.7,13703.6,0.0,23899.0,0.0,17922.6,25482.4,20782.6,47692.4,104933.1,128652.3,92544.5,148
466.6,137600.0,27790.0,41384.0,27042.0,41384.0,68645.4,56618.2,15890.7,13703.6,0.0,23899.0,0.0,17922.7,25481.4,20781.1,47690.0,104934.5,128652.3,92544.5,148
467.7,137600.0,27790.0,41384.0,27042.0,41384.0,68667.2,56639.9,15912.4,13725.3,0.0,23899.0,0.0,17944.4,25481.6,20799.2,47708.2,104916.4,128652.3,92566.2,148
468.8,137600.0,27790.0,41384.0,27042.0,41384.0,68667.2,56640.0,15912.4,13725.3,0.0,23899.1,0.0,17944.5,25481.6,20803.7,47712.8,104912.0,128652.3,92566.2,148
469.9,137600.0,27790.0,41384.0,27042.0,41384.0,68667.2,56640.0,15912.4,13725.3,0.0,23899.1,0.0,17944.5,25482.1,20811.5,47721.0,104904.1,128652.3,92566.2,148
470.9,137600.0,27790.0,41384.0,27042.0,41384.0,68623.4,56596.2,15868.6,13681.5,0.0,23899.1,0.0,17945.7,25483.2,20816.2,47726.9,104899.4,128652.3,92522.5,148
472.0,137600.0,27790.0,41384.0,27042.0,41384.0,68623.4,56596.2,15868.6,13681.5,0.0,23899.1,0.0,17900.8,25480.9,20771.6,47680.0,104944.1,128652.3,92522.5,148
473.0,137600.0,27790.0,41384.0,27042.0,41384.0,68637.0,56609.8,15882.2,13695.1,0.0,23899.1,0.0,17901.0,25480.9,20771.7,47680.1,104943.9,128652.3,92536.1,148
474.1,137600.0,27790.0,41384.0,27042.0,41384.0,68635.5,56608.3,15880.7,13693.6,0.0,23899.1,0.0,17913.4,25482.4,20787.8,47697.6,104927.8,128652.3,92534.6,148
475.2,137600.0,27790.0,41384.0,27042.0,41384.0,68635.5,56608.3,15880.8,13693.6,0.0,23899.1,0.0,17913.2,25480.8,20782.2,47690.5,104933.4,128652.3,92534.6,148
476.2,137600.0,27790.0,41384.0,27042.0,41384.0,68635.5,56608.3,15880.8,13693.6,0.0,23899.1,0.0,17910.2,25482.4,20782.8,47692.7,104932.8,128652.3,92534.6,148
477.3,137600.0,27790.0,41384.0,27042.0,41384.0,68635.5,56608.3,15880.8,13693.6,0.0,23899.1,0.0,17910.5,25480.8,20772.1,47680.4,104943.5,128652.3,92534.6,148
478.4,137600.0,27790.0,41384.0,27042.0,41384.0,68591.0,56563.8,15836.2,13649.1,0.0,23899.1,0.0,17865.6,25480.7,20725.7,47633.9,104989.9,128652.3,92490.1,148
479.4,137600.0,27790.0,41384.0,27042.0,41384.0,68591.0,56563.8,15836.2,13649.1,0.0,23899.1,0.0,17865.6,25480.7,20727.2,47635.4,104988.4,128652.3,92490.1,148
480.5,137600.0,27790.0,41384.0,27042.0,41384.0,68591.0,56563.8,15836.3,13649.1,0.0,23899.1,0.0,17865.6,25482.8,20782.8,47693.1,104932.8,128652.3,92490.1,148
481.6,137600.0,27790.0,41384.0,27042.0,41384.0,68591.1,56563.8,15836.3,13649.2,0.0,23899.1,0.0,17865.7,25481.7,20729.7,47638.9,104985.9,128652.3,92490.2,148
482.6,137600.0,27790.0,41384.0,27042.0,41384.0,68591.1,56563.8,15836.3,13649.2,0.0,23899.1,0.0,17865.7,25486.7,20778.3,47692.5,104937.3,128652.3,92490.2,148
483.6,137600.0,27790.0,41384.0,27042.0,41384.0,68591.1,56563.8,15836.3,13649.2,0.0,23899.3,0.0,17865.7,25482.1,20736.6,47646.2,104979.0,128652.3,92490.3,148
484.7,137600.0,27790.0,41384.0,27042.0,41384.0,68591.1,56563.8,15836.3,13649.2,0.0,23899.3,0.0,17865.8,25482.7,20749.3,47659.5,104966.3,128652.3,92490.3,148
485.8,137600.0,27790.0,41384.0,27042.0,41384.0,68591.1,56563.8,15836.3,13649.2,0.0,23899.3,0.0,17865.8,25484.4,20745.1,47656.9,104970.5,128652.3,92490.3,148
486.8,137600.0,27790.0,41384.0,27042.0,41384.0,68591.1,56563.8,15836.3,13649.2,0.0,23899.3,0.0,17865.8,25482.2,20729.5,47639.1,104986.1,128652.3,92490.3,148
488.0,137600.0,27790.0,41384.0,27042.0,41384.0,68593.5,56566.3,15838.7,13651.6,0.0,23899.3,0.0,17868.3,25482.8,20724.1,47634.4,104991.5,128652.3,92492.8,148
489.0,137600.0,27790.0,41384.0,27042.0,41384.0,68593.5,56566.3,15838.8,13651.6,0.0,23899.3,0.0,17868.4,25490.0,20751.1,47668.5,104964.5,128652.3,92492.8,148
490.1,137600.0,27790.0,41384.0,27042.0,41384.0,68593.5,56566.3,15838.8,13651.6,0.0,23899.3,0.0,17868.4,25487.9,20727.6,47643.0,104987.9,128652.3,92492.8,148
491.1,137600.0,27790.0,41384.0,27042.0,41384.0,68593.5,56566.3,15838.8,13651.6,0.0,23899.4,0.0,17869.0,25484.0,20717.3,47628.8,104998.3,128652.3,92492.9,148
492.2,137600.0,27790.0,41384.0,27042.0,41384.0,68593.5,56566.3,15838.8,13651.6,0.0,23899.4,0.0,17868.1,25484.7,20729.0,47641.2,104986.6,128652.3,92492.9,148
493.3,137600.0,27790.0,41384.0,27042.0,41384.0,68593.5,56566.3,15838.8,13651.7,0.0,23899.4,0.0,17869.1,25483.7,20718.2,47629.3,104997.4,128652.3,92492.9,148
494.4,137600.0,27790.0,41384.0,27042.0,41384.0,68593.6,56566.3,15838.8,13651.7,0.0,23899.4,0.0,17868.8,25482.7,20724.7,47634.8,104990.9,128652.3,92492.9,148
495.5,137600.0,27790.0,41384.0,27042.0,41384.0,68593.6,56566.4,15838.8,13651.7,0.0,23899.4,0.0,17884.4,25482.4,20739.3,47649.1,104976.3,128652.3,92493.0,148
496.5,137600.0,27790.0,41384.0,27042.0,41384.0,68608.4,56581.1,15853.6,13666.5,0.0,23899.4,0.0,17872.5,25482.4,20729.4,47639.3,104986.2,128652.3,92507.8,148
497.5,137600.0,27790.0,41384.0,27042.0,41384.0,68582.8,56555.6,15828.0,13640.9,0.0,23899.4,0.0,17862.2,25483.9,20708.1,47619.6,105007.5,128652.3,92482.2,148
498.5,137600.0,27790.0,41384.0,27042.0,41384.0,68582.8,56555.6,15828.0,13640.9,0.0,23899.4,0.0,17861.8,25482.3,20708.3,47618.1,105007.3,128652.3,92482.2,148
499.5,137600.0,27790.0,41384.0,27042.0,41384.0,68582.8,56555.6,15828.0,13640.9,0.0,23899.5,0.0,17861.8,25482.4,20709.2,47619.2,105006.3,128652.3,92482.3,148
500.5,137600.0,27790.0,41384.0,27042.0,41384.0,68582.8,56555.6,15828.0,13640.9,0.0,23899.5,0.0,17861.7,25482.5,20710.7,47620.7,105004.9,128652.3,92482.3,148
501.5,137600.0,27790.0,41384.0,27042.0,41384.0,68606.8,56579.6,15852.0,13664.9,0.0,23899.5,0.0,17885.4,25484.1,20746.3,47657.9,104969.2,128652.3,92506.3,148
502.5,137600.0,27790.0,41384.0,27042.0,41384.0,68606.8,56579.6,15852.0,13665.0,0.0,23899.5,0.0,17885.4,25482.4,20742.1,47652.1,104973.4,128652.3,92506.4,148
503.5,137600.0,27790.0,41384.0,27042.0,41384.0,68606.8,56579.6,15852.0,13665.0,0.0,23899.6,0.0,17885.9,25483.4,20738.5,47649.4,104977.1,128652.3,92506.4,148
504.5,137600.0,27790.0,41384.0,27042.0,41384.0,68606.8,56579.6,15852.0,13665.0,0.0,23899.6,0.0,17885.9,25483.4,20736.2,47647.1,104979.4,128652.3,92506.4,148
505.5,137600.0,27790.0,41384.0,27042.0,41384.0,68624.2,56597.0,15869.5,13682.4,0.0,23899.6,0.0,17885.8,25483.1,20737.9,47648.6,104977.6,128652.3,92523.8,148
506.6,137600.0,27790.0,41384.0,27042.0,41384.0,68657.3,56630.1,15902.5,13715.4,0.0,23899.6,0.0,17936.4,25483.1,20786.6,47697.1,104929.0,128652.3,92556.9,148
507.7,137600.0,27790.0,41384.0,27042.0,41384.0,68720.1,56692.9,15965.4,13778.3,0.0,23899.6,0.0,17999.0,25488.0,20867.1,47782.5,104848.5,128652.3,92619.8,148
508.7,137600.0,27790.0,41384.0,27042.0,41384.0,68580.2,56553.0,15825.4,13638.3,0.0,23899.6,0.0,17859.3,25481.7,20718.5,47627.8,104997.0,128652.3,92479.8,148
509.7,137600.0,27790.0,41384.0,27042.0,41384.0,68631.5,56604.3,15876.8,13689.7,0.0,23899.6,0.0,17891.4,25483.3,20757.3,47668.1,104958.2,128652.3,92531.2,148
510.8,137600.0,27790.0,41384.0,27042.0,41384.0,68610.1,56582.9,15855.3,13668.2,0.0,23899.6,0.0,17890.2,25481.9,20742.6,47652.1,104972.9,128652.3,92509.8,148
511.8,137600.0,27790.0,41384.0,27042.0,41384.0,68610.1,56582.9,15855.3,13668.2,0.0,23899.6,0.0,17890.2,25481.5,20740.2,47649.2,104975.4,128652.3,92509.8,148
512.9,137600.0,27790.0,41384.0,27042.0,41384.0,68565.4,56538.2,15810.6,13623.5,0.0,23899.6,0.0,17974.0,25488.3,20848.4,47764.3,104868.1,128652.3,92465.0,148
514.0,137600.0,27790.0,41384.0,27042.0,41384.0,68565.4,56538.2,15810.6,13623.5,0.0,23899.7,0.0,17845.6,25481.8,20701.0,47610.3,105014.6,128652.3,92465.1,148
515.0,137600.0,27790.0,41384.0,27042.0,41384.0,68565.4,56538.2,15810.6,13623.5,0.0,23899.7,0.0,17845.6,25481.8,20701.0,47610.4,105014.5,128652.3,92465.1,148
516.0,137600.0,27790.0,41384.0,27042.0,41384.0,68565.4,56538.2,15810.6,13623.5,0.0,23899.7,0.0,17845.7,25481.7,20707.4,47616.6,105008.1,128652.3,92465.1,148
517.1,137600.0,27790.0,41384.0,27042.0,41384.0,68565.4,56538.2,15810.6,13623.5,0.0,23899.7,0.0,17845.7,25481.5,20703.8,47612.8,105011.8,128652.3,92465.1,148
518.1,137600.0,27790.0,41384.0,27042.0,41384.0,68565.4,56538.2,15810.6,13623.5,0.0,23899.7,0.0,17845.7,25481.5,20703.8,47612.8,105011.7,128652.3,92465.1,148
519.2,137600.0,27790.0,41384.0,27042.0,41384.0,68565.4,56538.2,15810.6,13623.5,0.0,23899.7,0.0,17846.2,25481.2,20706.3,47615.0,105009.3,128652.3,92465.1,148
520.2,137600.0,27790.0,41384.0,27042.0,41384.0,68594.4,56567.2,15839.7,13652.6,0.0,23899.8,0.0,17875.2,25484.0,20729.8,47641.3,104985.7,128652.3,92494.2,148
521.2,137600.0,27790.0,41384.0,27042.0,41384.0,68594.4,56567.2,15839.7,13652.6,0.0,23899.8,0.0,17875.4,25483.8,20737.5,47648.8,104978.0,128652.3,92494.2,148
522.3,137600.0,27790.0,41384.0,27042.0,41384.0,68594.4,56567.2,15839.7,13652.6,0.0,23899.8,0.0,17874.9,25483.8,20737.9,47649.2,104977.7,128652.3,92494.2,148
523.3,137600.0,27790.0,41384.0,27042.0,41384.0,68594.4,56567.2,15839.7,13652.6,0.0,23899.8,0.0,17874.9,25483.6,20736.0,47647.1,104979.5,128652.3,92494.2,148
524.3,137600.0,27790.0,41384.0,27042.0,41384.0,68594.5,56567.3,15839.8,13652.7,0.0,23899.8,0.0,17875.0,25483.7,20738.2,47649.5,104977.3,128652.3,92494.4,148
525.4,137600.0,27790.0,41384.0,27042.0,41384.0,68638.6,56611.4,15883.9,13696.8,0.0,23899.9,0.0,17970.0,25488.9,20848.6,47765.0,104866.9,128652.3,92538.5,148
526.4,137600.0,27790.0,41384.0,27042.0,41384.0,68638.6,56611.4,15883.9,13696.8,0.0,23899.9,0.0,17928.9,25483.4,20800.8,47711.8,104914.7,128652.3,92538.6,148
527.5,137600.0,27790.0,41384.0,27042.0,41384.0,68638.6,56611.4,15883.9,13696.8,0.0,23899.9,0.0,17919.5,25483.4,20790.1,47701.1,104925.4,128652.3,92538.6,148
528.5,137600.0,27790.0,41384.0,27042.0,41384.0,68638.7,56611.4,15883.9,13696.8,0.0,23899.9,0.0,17919.3,25483.4,20790.0,47700.9,104925.6,128652.3,92538.6,148
529.6,137600.0,27790.0,41384.0,27042.0,41384.0,68638.7,56611.4,15883.9,13696.8,0.0,23899.9,0.0,17919.3,25483.7,20789.2,47700.4,104926.4,128652.3,92538.6,148
530.6,137600.0,27790.0,41384.0,27042.0,41384.0,68638.7,56611.5,15883.9,13696.8,0.0,23899.9,0.0,17919.8,25483.7,20779.7,47691.0,104935.8,128652.3,92538.6,148
531.7,137600.0,27790.0,41384.0,27042.0,41384.0,68638.9,56611.7,15884.1,13697.0,0.0,23899.9,0.0,17919.6,25487.2,20786.8,47701.5,104928.7,128652.3,92538.8,148
532.7,137600.0,27790.0,41384.0,27042.0,41384.0,68638.9,56611.7,15884.1,13697.0,0.0,23899.9,0.0,17919.9,25486.8,20792.3,47706.7,104923.2,128652.3,92538.8,148
533.7,137600.0,27790.0,41384.0,27042.0,41384.0,68638.9,56611.7,15884.1,13697.0,0.0,23899.9,0.0,17919.7,25483.7,20776.8,47688.1,104938.7,128652.3,92538.8,148
534.8,137600.0,27790.0,41384.0,27042.0,41384.0,68638.9,56611.7,15884.1,13697.0,0.0,23899.9,0.0,17919.8,25483.3,20783.1,47694.0,104932.4,128652.3,92538.9,148
535.8,137600.0,27790.0,41384.0,27042.0,41384.0,68638.9,56611.7,15884.2,13697.1,0.0,23900.2,0.0,17919.9,25483.2,20779.9,47690.6,104935.6,128652.3,92539.1,148
536.9,137600.0,27790.0,41384.0,27042.0,41384.0,68639.1,56611.9,15884.3,13697.2,0.0,23900.2,0.0,17920.5,25483.1,20780.9,47691.5,104934.7,128652.3,92539.2,148
537.9,137600.0,27790.0,41384.0,27042.0,41384.0,68639.1,56611.9,15884.3,13697.2,0.0,23900.2,0.0,17920.7,25482.9,20780.1,47690.5,104935.4,128652.3,92539.3,148
539.0,137600.0,27790.0,41384.0,27042.0,41384.0,68639.1,56611.9,15884.3,13697.2,0.0,23900.2,0.0,17920.9,25483.6,20779.1,47690.2,104936.5,128652.3,92539.3,148
540.1,137600.0,27790.0,41384.0,27042.0,41384.0,68660.7,56633.5,15905.9,13718.8,0.0,23900.2,0.0,17942.2,25485.7,20813.0,47726.3,104902.5,128652.3,92560.9,148
541.1,137600.0,27790.0,41384.0,27042.0,41384.0,68660.7,56633.5,15905.9,13718.8,0.0,23900.2,0.0,17942.5,25483.5,20811.1,47722.1,104904.4,128652.3,92560.9,148
542.2,137600.0,27790.0,41384.0,27042.0,41384.0,68660.7,56633.5,15905.9,13718.8,0.0,23900.2,0.0,17943.3,25482.4,20798.6,47708.5,104917.0,128652.3,92560.9,148
543.3,137600.0,27790.0,41384.0,27042.0,41384.0,68660.7,56633.5,15906.0,13718.9,0.0,23900.2,0.0,17942.7,25482.4,20797.7,47707.6,104917.8,128652.3,92561.0,148
544.4,137600.0,27790.0,41384.0,27042.0,41384.0,68814.7,56787.5,16059.9,13872.8,0.0,23900.2,0.0,18097.5,25490.5,20973.9,47892.0,104741.6,128652.3,92714.9,148
545.4,137600.0,27790.0,41384.0,27042.0,41384.0,68618.0,56590.8,15863.2,13676.1,0.0,23900.3,0.0,17900.6,25483.3,20758.9,47669.7,104956.6,128652.3,92518.3,148
546.5,137600.0,27790.0,41384.0,27042.0,41384.0,68618.0,56590.8,15863.2,13676.1,0.0,23900.3,0.0,17900.7,25483.3,20757.2,47668.1,104958.3,128652.3,92518.3,148
547.5,137600.0,27790.0,41384.0,27042.0,41384.0,68618.0,56590.8,15863.2,13676.1,0.0,23900.3,0.0,17900.7,25482.8,20757.6,47667.9,104957.9,128652.3,92518.3,148
548.5,137600.0,27790.0,41384.0,27042.0,41384.0,68618.0,56590.8,15863.2,13676.1,0.0,23900.3,0.0,17900.7,25482.0,20756.1,47665.6,104959.4,128652.3,92518.3,148
549.6,137600.0,27790.0,41384.0,27042.0,41384.0,68618.0,56590.8,15863.2,13676.1,0.0,23900.3,0.0,17901.2,25482.0,20758.4,47667.9,104957.1,128652.3,92518.3,148
550.6,137600.0,27790.0,41384.0,27042.0,41384.0,68619.7,56592.5,15864.9,13677.8,0.0,23900.3,0.0,17900.8,25482.0,20760.7,47670.3,104954.8,128652.3,92519.9,148
551.6,137600.0,27790.0,41384.0,27042.0,41384.0,68643.6,56616.4,15888.8,13701.7,0.0,23900.3,0.0,17926.3,25482.2,20775.6,47685.3,104939.9,128652.3,92543.9,148
552.7,137600.0,27790.0,41384.0,27042.0,41384.0,68643.6,56616.4,15888.9,13701.8,0.0,23900.4,0.0,17926.4,25482.9,20782.8,47693.3,104932.7,128652.3,92544.0,148
553.7,137600.0,27790.0,41384.0,27042.0,41384.0,68643.6,56616.4,15888.9,13701.8,0.0,23900.4,0.0,17926.3,25482.9,20782.4,47692.9,104933.1,128652.3,92544.0,148
554.8,137600.0,27790.0,41384.0,27042.0,41384.0,68643.6,56616.4,15888.9,13701.8,0.0,23900.4,0.0,17926.5,25482.3,20782.5,47692.4,104933.0,128652.3,92544.1,148
555.8,137600.0,27790.0,41384.0,27042.0,41384.0,68644.2,56617.0,15889.5,13702.3,0.0,23900.4,0.0,17927.1,25482.2,20786.8,47696.5,104928.7,128652.3,92544.6,148
556.8,137600.0,27790.0,41384.0,27042.0,41384.0,68644.2,56617.0,15889.5,13702.3,0.0,23900.4,0.0,17925.3,25482.2,20778.3,47688.0,104937.3,128652.3,92544.6,148
557.8,137600.0,27790.0,41384.0,27042.0,41384.0,68644.2,56617.0,15889.5,13702.3,0.0,23900.4,0.0,17924.5,25482.2,20778.9,47688.6,104936.6,128652.3,92544.7,148
558.9,137600.0,27790.0,41384.0,27042.0,41384.0,68644.2,56617.0,15889.5,13702.3,0.0,23900.4,0.0,17924.7,25483.4,20788.7,47699.6,104926.9,128652.3,92544.7,148
559.9,137600.0,27790.0,41384.0,27042.0,41384.0,68644.2,56617.0,15889.5,13702.3,0.0,23900.4,0.0,17924.6,25481.9,20783.0,47692.4,104932.5,128652.3,92544.7,148
561.0,137600.0,27790.0,41384.0,27042.0,41384.0,68644.2,56617.0,15889.5,13702.3,0.0,23900.4,0.0,17924.6,25481.9,20783.4,47692.8,104932.2,128652.3,92544.7,148
562.0,137600.0,27790.0,41384.0,27042.0,41384.0,68644.2,56617.0,15889.5,13702.3,0.0,23900.4,0.0,17924.9,25481.8,20785.4,47694.8,104930.1,128652.3,92544.7,148
563.0,137600.0,27790.0,41384.0,27042.0,41384.0,68644.2,56617.0,15889.5,13702.3,0.0,23900.4,0.0,17925.0,25482.9,20784.8,47695.3,104930.7,128652.3,92544.7,148
564.1,137600.0,27790.0,41384.0,27042.0,41384.0,68644.2,56617.0,15889.5,13702.3,0.0,23900.5,0.0,17925.0,25481.6,20786.1,47695.3,104929.4,128652.3,92544.7,148
565.1,137600.0,27790.0,41384.0,27042.0,41384.0,68644.2,56617.0,15889.5,13702.3,0.0,23900.5,0.0,17925.1,25481.8,20785.2,47694.5,104930.3,128652.3,92544.7,148
566.2,137600.0,27790.0,41384.0,27042.0,41384.0,68644.2,56617.0,15889.5,13702.3,0.0,23900.5,0.0,17925.2,25481.6,20778.7,47687.8,104936.8,128652.3,92544.7,148
567.2,137600.0,27790.0,41384.0,27042.0,41384.0,68644.2,56617.0,15889.5,13702.3,0.0,23900.5,0.0,17925.1,25481.6,20779.9,47689.0,104935.7,128652.3,92544.7,148
568.2,137600.0,27790.0,41384.0,27042.0,41384.0,68644.2,56617.0,15889.5,13702.3,0.0,23900.5,0.0,17925.1,25482.2,20778.2,47687.9,104937.3,128652.3,92544.7,148
569.3,137600.0,27790.0,41384.0,27042.0,41384.0,68644.2,56617.0,15889.5,13702.4,0.0,23900.5,0.0,17925.2,25481.9,20780.6,47690.0,104934.9,128652.3,92544.7,148
570.3,137600.0,27790.0,41384.0,27042.0,41384.0,68644.3,56617.1,15889.6,13702.5,0.0,23900.5,0.0,17925.1,25481.9,20779.2,47688.7,104936.3,128652.3,92544.8,148
571.3,137600.0,27790.0,41384.0,27042.0,41384.0,68644.3,56617.1,15889.6,13702.5,0.0,23900.5,0.0,17925.3,25482.0,20777.7,47687.3,104937.8,128652.3,92544.8,148
572.3,137600.0,27790.0,41384.0,27042.0,41384.0,68644.3,56617.1,15889.6,13702.5,0.0,23900.5,0.0,17927.3,25481.9,20776.7,47686.1,104938.8,128652.3,92544.8,148
573.4,137600.0,27790.0,41384.0,27042.0,41384.0,68723.0,56695.7,15968.2,13781.1,0.0,23900.6,0.0,17961.0,25484.6,20827.2,47739.4,104888.3,128652.3,92623.6,148
574.4,137600.0,27790.0,41384.0,27042.0,41384.0,68584.3,56557.1,15829.6,13642.5,0.0,23900.7,0.0,18008.9,25485.2,20874.4,47787.1,104841.1,128652.3,92485.0,148
575.6,137600.0,27790.0,41384.0,27042.0,41384.0,68599.8,56572.6,15845.0,13658.0,0.0,23900.7,0.0,17883.1,25482.6,20746.5,47656.7,104969.1,128652.3,92500.5,148
576.6,137600.0,27790.0,41384.0,27042.0,41384.0,68599.8,56572.6,15845.0,13658.0,0.0,23900.7,0.0,17900.6,25482.7,20766.4,47676.7,104949.1,128652.3,92500.5,148
577.7,137616.0,27790.0,41384.0,27058.0,41384.0,68605.7,56578.5,15851.0,13663.9,0.0,23900.7,0.0,17890.1,25484.6,20764.3,47676.5,104951.2,128652.3,92506.4,148
578.7,137616.0,27790.0,41384.0,27058.0,41384.0,68617.4,56590.2,15862.6,13675.5,0.0,23900.7,0.0,17901.8,25491.8,20784.6,47703.9,104930.9,128652.3,92518.1,148
579.8,137616.0,27790.0,41384.0,27058.0,41384.0,68617.4,56590.2,15862.6,13675.5,0.0,23900.7,0.0,17901.9,25490.9,20786.9,47705.4,104928.6,128652.3,92518.1,148
580.8,137616.0,27790.0,41384.0,27058.0,41384.0,68617.4,56590.2,15862.6,13675.5,0.0,23900.7,0.0,17901.9,25483.8,20770.1,47681.5,104945.4,128652.3,92518.1,148
581.9,137616.0,27790.0,41384.0,27058.0,41384.0,68617.4,56590.2,15862.6,13675.5,0.0,23900.7,0.0,17902.1,25483.8,20770.8,47682.2,104944.7,128652.3,92518.1,148
582.9,137616.0,27790.0,41384.0,27058.0,41384.0,68617.4,56590.2,15862.6,13675.5,0.0,23900.7,0.0,17902.0,25483.5,20772.5,47683.7,104943.0,128652.3,92518.1,148
583.9,137616.0,27790.0,41384.0,27058.0,41384.0,68617.5,56590.2,15862.7,13675.6,0.0,23900.7,0.0,17902.0,25484.6,20769.6,47681.8,104945.9,128652.3,92518.2,148
585.0,137616.0,27790.0,41384.0,27058.0,41384.0,68617.5,56590.3,15862.7,13675.6,0.0,23900.7,0.0,17902.1,25483.1,20767.4,47678.1,104948.1,128652.3,92518.2,148
586.0,137616.0,27790.0,41384.0,27058.0,41384.0,68617.5,56590.3,15862.7,13675.6,0.0,23900.8,0.0,17902.2,25484.9,20775.0,47687.5,104940.5,128652.3,92518.3,148
587.1,137616.0,27790.0,41384.0,27058.0,41384.0,68617.5,56590.3,15862.7,13675.6,0.0,23900.9,0.0,17902.1,25490.5,20785.9,47704.0,104929.6,128652.3,92518.3,148
588.1,137616.0,27790.0,41384.0,27058.0,41384.0,68626.9,56599.7,15872.1,13685.0,0.0,23900.9,0.0,17902.2,25486.9,20768.2,47682.6,104947.4,128652.3,92527.8,148
589.2,137616.0,27790.0,41384.0,27058.0,41384.0,68626.9,56599.7,15872.1,13685.0,0.0,23900.9,0.0,17911.6,25485.3,20778.3,47691.2,104937.2,128652.3,92527.8,148
590.2,137616.0,27790.0,41384.0,27058.0,41384.0,68626.9,56599.7,15872.1,13685.0,0.0,23900.9,0.0,17911.7,25487.8,20778.9,47694.3,104936.6,128652.3,92527.8,148
591.3,137616.0,27790.0,41384.0,27058.0,41384.0,68628.6,56601.4,15873.9,13686.8,0.0,23900.9,0.0,17911.6,25490.8,20796.3,47714.7,104919.2,128652.3,92529.5,148
592.4,137616.0,27790.0,41384.0,27058.0,41384.0,68629.5,56602.3,15874.8,13687.7,0.0,23900.9,0.0,17914.9,25485.8,20778.1,47691.5,104937.4,128652.3,92530.4,148
593.4,137616.0,27790.0,41384.0,27058.0,41384.0,68631.3,56604.1,15876.5,13689.4,0.0,23900.9,0.0,17915.7,25485.9,20780.4,47693.9,104935.1,128652.3,92532.2,148
594.5,137616.0,27790.0,41384.0,27058.0,41384.0,68664.1,56636.9,15909.3,13722.2,0.0,23900.9,0.0,17948.8,25491.0,20852.0,47770.6,104863.5,128652.3,92565.0,148
595.5,137616.0,27790.0,41384.0,27058.0,41384.0,68693.5,56666.2,15938.7,13751.6,0.0,23900.9,0.0,17962.4,25487.8,20839.5,47754.8,104876.0,128652.3,92594.4,148
596.7,137616.0,27790.0,41384.0,27058.0,41384.0,68636.1,56608.9,15881.3,13694.2,0.0,23900.9,0.0,17921.2,25486.3,20795.1,47709.0,104920.4,128652.3,92537.0,148
597.7,137616.0,27790.0,41384.0,27058.0,41384.0,68636.1,56608.9,15881.3,13694.2,0.0,23900.9,0.0,17921.2,25486.5,20794.0,47708.1,104921.5,128652.3,92537.1,148
598.8,137616.0,27790.0,41384.0,27058.0,41384.0,68636.1,56608.9,15881.3,13694.2,0.0,23900.9,0.0,17921.2,25486.5,20792.7,47706.8,104922.8,128652.3,92537.1,148
599.8,137616.0,27790.0,41384.0,27058.0,41384.0,68635.1,56607.9,15880.4,13693.3,0.0,23900.9,0.0,17920.3,25486.5,20793.7,47707.8,104921.8,128652.3,92536.1,148
600.9,137616.0,27790.0,41384.0,27058.0,41384.0,68665.4,56638.2,15910.6,13723.5,0.0,23901.0,0.0,18014.0,25491.8,20908.0,47827.4,104807.5,128652.3,92566.4,148
602.0,137616.0,27790.0,41384.0,27058.0,41384.0,68577.5,56550.3,15822.8,13635.6,0.0,23901.0,0.0,17862.9,25486.7,20741.3,47655.6,104974.2,128652.3,92478.5,148
603.0,137840.0,27790.0,41384.0,27282.0,41384.0,68586.0,56558.8,15831.3,13644.2,0.0,23901.0,0.0,17862.7,25486.7,20746.0,47660.3,104969.5,128652.3,92487.0,148
604.0,137840.0,27790.0,41384.0,27282.0,41384.0,68642.9,56615.7,15888.2,13701.1,0.0,23901.0,0.0,17927.7,25490.6,21170.0,48088.1,104545.5,128652.3,92543.9,148
605.1,137840.0,27790.0,41384.0,27282.0,41384.0,68642.9,56615.7,15888.2,13701.1,0.0,23901.1,0.0,17928.3,25487.1,20801.9,47716.6,104913.6,128652.3,92544.1,148
606.1,137840.0,27790.0,41384.0,27282.0,41384.0,68622.2,56595.0,15867.4,13680.3,0.0,23901.1,0.0,17931.9,25489.1,20806.7,47723.4,104908.8,128652.3,92523.3,148
607.2,137840.0,27790.0,41384.0,27282.0,41384.0,68622.2,56595.0,15867.4,13680.3,0.0,23901.3,0.0,17908.3,25490.2,20790.2,47708.0,104925.2,128652.3,92523.5,148
608.3,137840.0,27790.0,41384.0,27282.0,41384.0,68663.9,56636.7,15909.2,13722.1,0.0,23901.3,0.0,17936.0,25489.9,20797.5,47715.0,104918.0,128652.3,92565.2,148
609.3,137840.0,27790.0,41384.0,27282.0,41384.0,68567.7,56540.5,15812.9,13625.8,0.0,23901.3,0.0,17853.2,25486.9,20712.3,47626.8,105003.2,128652.3,92469.0,148
610.4,137840.0,27790.0,41384.0,27282.0,41384.0,68567.8,56540.6,15813.0,13625.9,0.0,23901.3,0.0,17853.4,25486.7,20706.7,47620.9,105008.8,128652.3,92469.1,148
611.4,137840.0,27790.0,41384.0,27282.0,41384.0,68595.3,56568.1,15840.5,13653.4,0.0,23901.3,0.0,17955.0,25490.7,20814.1,47732.3,104901.4,128652.3,92496.6,148
612.5,137840.0,27790.0,41384.0,27282.0,41384.0,68595.3,56568.1,15840.5,13653.4,0.0,23901.3,0.0,17881.3,25486.3,20729.1,47643.0,104986.4,128652.3,92496.6,148
613.5,137840.0,27790.0,41384.0,27282.0,41384.0,68595.3,56568.1,15840.5,13653.4,0.0,23901.3,0.0,17881.4,25486.3,20730.6,47644.5,104984.9,128652.3,92496.6,148
614.6,137840.0,27790.0,41384.0,27282.0,41384.0,68632.0,56604.8,15877.2,13690.1,0.0,23901.3,0.0,17917.4,25486.7,20768.6,47683.0,104946.9,128652.3,92533.3,148
615.6,137840.0,27790.0,41384.0,27282.0,41384.0,68632.0,56604.8,15877.2,13690.1,0.0,23901.3,0.0,17917.7,25486.6,20765.4,47679.6,104950.0,128652.3,92533.3,148
616.7,137840.0,27790.0,41384.0,27282.0,41384.0,68677.7,56650.5,15922.9,13735.8,0.0,23901.3,0.0,17962.7,25490.0,20821.0,47738.7,104894.5,128652.3,92579.0,148
617.7,137840.0,27790.0,41384.0,27282.0,41384.0,68677.7,56650.5,15922.9,13735.8,0.0,23901.3,0.0,17963.5,25486.8,20818.5,47732.9,104897.0,128652.3,92579.0,148
618.8,137840.0,27790.0,41384.0,27282.0,41384.0,68678.8,56651.6,15924.0,13736.9,0.0,23901.3,0.0,17963.5,25486.4,20818.5,47732.5,104897.0,128652.3,92580.2,148
619.8,137840.0,27790.0,41384.0,27282.0,41384.0,68641.0,56613.8,15886.3,13699.2,0.0,23901.3,0.0,17926.9,25486.1,20776.1,47689.8,104939.4,128652.3,92542.4,148
620.9,137840.0,27790.0,41384.0,27282.0,41384.0,68656.6,56629.4,15901.8,13714.7,0.0,23901.6,0.0,17942.2,25486.7,20792.4,47706.7,104923.1,128652.3,92558.2,148
621.9,137856.0,27806.0,41384.0,27282.0,41384.0,68656.7,56629.5,15902.0,13714.8,0.0,23901.6,0.0,17938.9,25486.1,20792.8,47706.5,104922.7,128652.3,92558.3,148
623.0,137856.0,27806.0,41384.0,27282.0,41384.0,68709.5,56682.2,15954.7,13767.6,0.0,23901.6,0.0,17940.0,25490.9,20810.9,47729.4,104904.6,128652.3,92611.1,148
624.0,137856.0,27806.0,41384.0,27282.0,41384.0,68675.6,56648.4,15920.8,13733.7,0.0,23901.6,0.0,17958.0,25486.7,20813.8,47728.1,104901.6,128652.3,92577.2,148
625.1,137856.0,27806.0,41384.0,27282.0,41384.0,68774.0,56746.8,16019.2,13832.1,0.0,23901.6,0.0,18000.8,25488.3,20871.5,47787.4,104844.0,128652.3,92675.6,148
626.1,137856.0,27806.0,41384.0,27282.0,41384.0,68747.6,56720.4,15992.8,13805.7,0.0,23901.6,0.0,18034.0,25493.6,20913.0,47834.2,104802.5,128652.3,92649.2,148
627.2,137856.0,27806.0,41384.0,27282.0,41384.0,68619.8,56592.5,15865.0,13677.9,0.0,23901.7,0.0,17902.3,25486.7,20761.2,47675.5,104954.3,128652.3,92521.4,148
628.2,137856.0,27806.0,41384.0,27282.0,41384.0,68619.8,56592.5,15865.0,13677.9,0.0,23901.7,0.0,17902.3,25486.7,20759.8,47674.1,104955.7,128652.3,92521.4,148
629.3,137856.0,27806.0,41384.0,27282.0,41384.0,68619.8,56592.5,15865.0,13677.9,0.0,23901.7,0.0,17902.3,25486.9,20756.5,47671.0,104959.0,128652.3,92521.4,148
630.3,137856.0,27806.0,41384.0,27282.0,41384.0,68607.1,56579.9,15852.3,13665.2,0.0,23901.7,0.0,17972.2,25490.3,20835.5,47753.5,104879.9,128652.3,92508.8,148
631.3,137856.0,27806.0,41384.0,27282.0,41384.0,68607.1,56579.9,15852.3,13665.2,0.0,23901.7,0.0,17889.7,25486.3,20741.2,47655.1,104974.2,128652.3,92508.8,148
632.4,137856.0,27806.0,41384.0,27282.0,41384.0,68607.1,56579.9,15852.3,13665.2,0.0,23901.7,0.0,17890.0,25485.9,20741.6,47655.1,104973.9,128652.3,92508.8,148
633.4,137856.0,27806.0,41384.0,27282.0,41384.0,68607.1,56579.9,15852.3,13665.2,0.0,23901.7,0.0,17889.9,25491.5,20775.5,47694.7,104940.0,128652.3,92508.8,148
634.5,137856.0,27806.0,41384.0,27282.0,41384.0,68636.8,56609.6,15882.0,13694.9,0.0,23901.7,0.0,17914.4,25490.9,20786.8,47705.3,104928.6,128652.3,92538.5,148
635.6,137856.0,27806.0,41384.0,27282.0,41384.0,68636.8,56609.6,15882.0,13694.9,0.0,23901.7,0.0,17919.5,25487.3,20774.1,47689.1,104941.3,128652.3,92538.5,148
636.7,137856.0,27806.0,41384.0,27282.0,41384.0,68636.8,56609.6,15882.0,13694.9,0.0,23901.7,0.0,17919.5,25487.1,20793.5,47708.1,104922.0,128652.3,92538.5,148
637.7,137856.0,27806.0,41384.0,27282.0,41384.0,68642.3,56615.1,15887.6,13700.5,0.0,23901.7,0.0,17916.3,25494.1,20802.6,47724.3,104912.8,128652.3,92544.1,148
638.9,137856.0,27806.0,41384.0,27282.0,41384.0,68655.0,56627.8,15900.3,13713.1,0.0,23901.8,0.0,17934.6,25490.7,20810.0,47728.3,104905.4,128652.3,92556.8,148
640.0,137856.0,27806.0,41384.0,27282.0,41384.0,68655.0,56627.8,15900.3,13713.1,0.0,23901.9,0.0,17934.6,25487.3,20905.4,47820.4,104810.1,128652.3,92556.9,148
641.0,137856.0,27806.0,41384.0,27282.0,41384.0,68655.0,56627.8,15900.3,13713.1,0.0,23901.9,0.0,17934.8,25487.2,20805.2,47720.0,104910.2,128652.3,92556.9,148
642.0,137856.0,27806.0,41384.0,27282.0,41384.0,68655.0,56627.8,15900.3,13713.1,0.0,23901.9,0.0,17934.7,25487.0,20801.5,47716.1,104914.0,128652.3,92556.9,148
643.0,137874.0,27824.0,41384.0,27282.0,41384.0,68658.3,56631.1,15903.6,13716.4,0.0,23901.9,0.0,17938.3,25489.2,20811.9,47728.7,104903.6,128652.3,92560.2,148
644.0,137874.0,27824.0,41384.0,27282.0,41384.0,68658.4,56631.2,15903.7,13716.5,0.0,23901.9,0.0,17938.1,25490.1,20817.6,47735.3,104897.9,128652.3,92560.3,148
645.2,137874.0,27824.0,41384.0,27282.0,41384.0,68661.2,56634.0,15906.4,13719.3,0.0,23901.9,0.0,17940.9,25498.4,20832.4,47758.4,104883.1,128652.3,92563.1,148
646.3,137874.0,27824.0,41384.0,27282.0,41384.0,68663.2,56636.0,15908.5,13721.3,0.0,23901.9,0.0,17941.7,25489.8,20819.9,47737.3,104895.6,128652.3,92565.1,148
647.4,137874.0,27824.0,41384.0,27282.0,41384.0,68663.5,56636.3,15908.8,13721.6,0.0,23901.9,0.0,17943.3,25487.4,20807.7,47722.7,104907.7,128652.3,92565.5,148
648.4,137874.0,27824.0,41384.0,27282.0,41384.0,68663.5,56636.3,15908.8,13721.7,0.0,23901.9,0.0,17943.8,25494.7,20836.6,47758.9,104878.9,128652.3,92565.5,148
649.5,137874.0,27824.0,41384.0,27282.0,41384.0,68663.5,56636.3,15908.8,13721.7,0.0,23901.9,0.0,17943.4,25486.8,20820.5,47734.9,104894.9,128652.3,92565.5,148
650.5,137874.0,27824.0,41384.0,27282.0,41384.0,68663.5,56636.3,15908.8,13721.7,0.0,23902.0,0.0,17943.4,25487.1,20855.2,47770.0,104860.2,128652.3,92565.5,148
651.6,137874.0,27824.0,41384.0,27282.0,41384.0,68663.5,56636.3,15908.7,13721.7,0.0,23902.0,0.0,17946.9,25493.2,20863.0,47783.8,104852.4,128652.3,92565.5,148
652.7,137874.0,27824.0,41384.0,27282.0,41384.0,68663.6,56636.4,15908.8,13721.7,0.0,23902.0,0.0,17948.4,25487.4,20823.2,47738.2,104892.3,128652.3,92565.6,148
653.7,137874.0,27824.0,41384.0,27282.0,41384.0,68663.6,56636.4,15908.8,13721.7,0.0,23902.0,0.0,17948.4,25487.3,20826.5,47741.4,104889.0,128652.3,92565.6,148
654.8,137874.0,27824.0,41384.0,27282.0,41384.0,68663.6,56636.4,15908.8,13721.7,0.0,23902.0,0.0,17946.3,25488.4,20832.3,47748.4,104883.2,128652.3,92565.6,148
655.9,137874.0,27824.0,41384.0,27282.0,41384.0,68663.6,56636.4,15908.9,13721.7,0.0,23902.0,0.0,17944.8,25487.4,20832.4,47747.4,104883.1,128652.3,92565.6,148
656.9,137874.0,27824.0,41384.0,27282.0,41384.0,68663.6,56636.4,15908.8,13721.7,0.0,23902.1,0.0,17959.8,25489.5,20839.1,47756.2,104876.3,128652.3,92565.7,148
658.0,137874.0,27824.0,41384.0,27282.0,41384.0,68663.6,56636.4,15908.8,13721.7,0.0,23902.1,0.0,17948.1,25487.1,20830.5,47745.2,104884.9,128652.3,92565.7,148
659.0,137874.0,27824.0,41384.0,27282.0,41384.0,68663.7,56636.4,15908.9,13721.8,0.0,23902.1,0.0,17948.4,25487.8,20833.2,47748.6,104882.3,128652.3,92565.8,148
660.0,137874.0,27824.0,41384.0,27282.0,41384.0,68663.7,56636.4,15908.9,13721.8,0.0,23902.1,0.0,17948.0,25487.2,20828.2,47743.1,104887.2,128652.3,92565.8,148
661.1,137874.0,27824.0,41384.0,27282.0,41384.0,68682.7,56655.5,15927.9,13740.8,0.0,23902.2,0.0,17967.4,25489.8,20847.9,47765.3,104867.5,128652.3,92584.8,148
662.1,137874.0,27824.0,41384.0,27282.0,41384.0,68682.7,56655.5,15927.9,13740.8,0.0,23902.2,0.0,17967.5,25488.4,20845.5,47761.5,104869.9,128652.3,92584.9,148
663.2,137874.0,27824.0,41384.0,27282.0,41384.0,68682.8,56655.5,15928.0,13740.9,0.0,23902.2,0.0,17967.6,25502.7,20911.9,47842.3,104803.5,128652.3,92584.9,148
664.3,137874.0,27824.0,41384.0,27282.0,41384.0,68682.8,56655.5,15928.0,13740.9,0.0,23902.2,0.0,17967.6,25490.7,20867.7,47786.1,104847.7,128652.3,92584.9,148
665.3,137874.0,27824.0,41384.0,27282.0,41384.0,68682.8,56655.6,15928.0,13740.9,0.0,23902.2,0.0,17967.7,25486.9,20839.5,47754.1,104875.9,128652.3,92585.0,148
666.4,137874.0,27824.0,41384.0,27282.0,41384.0,68760.8,56733.6,16006.0,13818.9,0.0,23902.2,0.0,18045.6,25501.0,20979.0,47907.7,104736.4,128652.3,92663.0,148
667.5,137874.0,27824.0,41384.0,27282.0,41384.0,68762.7,56735.5,16008.0,13820.9,0.0,23902.2,0.0,18046.8,25495.7,20955.5,47878.9,104760.0,128652.3,92664.9,148
668.6,137874.0,27824.0,41384.0,27282.0,41384.0,68765.8,56738.6,16011.1,13824.0,0.0,23902.2,0.0,18048.3,25489.5,20931.4,47848.5,104784.1,128652.3,92668.0,148
669.6,137874.0,27824.0,41384.0,27282.0,41384.0,68767.2,56739.9,16012.4,13825.3,0.0,23902.2,0.0,18052.1,25488.8,20927.1,47843.6,104788.3,128652.3,92669.4,148
670.7,137874.0,27824.0,41384.0,27282.0,41384.0,68764.2,56737.0,16009.4,13822.3,0.0,23902.2,0.0,18049.2,25488.4,20924.8,47840.8,104790.6,128652.3,92666.4,148
671.7,137874.0,27824.0,41384.0,27282.0,41384.0,68764.2,56737.0,16009.4,13822.3,0.0,23902.2,0.0,18049.2,25488.4,20921.5,47837.6,104793.9,128652.3,92666.4,148
672.8,137874.0,27824.0,41384.0,27282.0,41384.0,68764.2,56737.0,16009.4,13822.3,0.0,23902.4,0.0,18049.3,25487.8,20918.6,47834.0,104796.8,128652.3,92666.6,148
673.9,137874.0,27824.0,41384.0,27282.0,41384.0,68776.0,56748.8,16021.3,13834.2,0.0,23902.4,0.0,18049.3,25487.8,20907.1,47822.5,104808.3,128652.3,92678.4,148
675.0,137874.0,27824.0,41384.0,27282.0,41384.0,68776.0,56748.8,16021.3,13834.2,0.0,23902.4,0.0,18061.3,25489.6,20925.4,47842.6,104790.0,128652.3,92678.4,148
676.0,137874.0,27824.0,41384.0,27282.0,41384.0,68776.1,56748.8,16021.3,13834.2,0.0,23902.4,0.0,18061.3,25487.9,20925.0,47840.6,104790.4,128652.3,92678.4,148
677.0,137874.0,27824.0,41384.0,27282.0,41384.0,68776.1,56748.8,16021.3,13834.2,0.0,23902.4,0.0,18061.0,25487.7,20925.4,47840.8,104790.0,128652.3,92678.4,148
678.0,137874.0,27824.0,41384.0,27282.0,41384.0,68776.1,56748.8,16021.3,13834.2,0.0,23902.4,0.0,18060.8,25487.8,20927.9,47843.3,104787.6,128652.3,92678.5,148
679.1,137874.0,27824.0,41384.0,27282.0,41384.0,68776.1,56748.8,16021.3,13834.2,0.0,23902.4,0.0,18060.5,25487.8,20925.5,47840.9,104790.0,128652.3,92678.5,148
680.1,137874.0,27824.0,41384.0,27282.0,41384.0,68776.1,56748.8,16021.3,13834.2,0.0,23902.4,0.0,18060.8,25488.3,20996.0,47911.9,104719.4,128652.3,92678.5,148
681.3,137874.0,27824.0,41384.0,27282.0,41384.0,68776.1,56748.8,16021.3,13834.2,0.0,23902.4,0.0,18061.0,25487.2,20925.1,47840.0,104790.3,128652.3,92678.5,148
682.3,137874.0,27824.0,41384.0,27282.0,41384.0,68776.1,56748.8,16021.3,13834.2,0.0,23902.4,0.0,18060.6,25487.5,20927.2,47842.3,104788.2,128652.3,92678.5,148
683.4,137874.0,27824.0,41384.0,27282.0,41384.0,68776.1,56748.8,16021.3,13834.2,0.0,23902.4,0.0,18061.1,25487.5,20921.4,47836.5,104794.0,128652.3,92678.5,148
684.4,137874.0,27824.0,41384.0,27282.0,41384.0,68776.1,56748.8,16021.3,13834.2,0.0,23902.4,0.0,18061.1,25487.5,20920.7,47835.9,104794.7,128652.3,92678.5,148
685.5,137874.0,27824.0,41384.0,27282.0,41384.0,68776.1,56748.9,16021.3,13834.2,0.0,23902.5,0.0,18062.9,25487.5,20925.2,47840.4,104790.2,128652.3,92678.5,148
686.6,137874.0,27824.0,41384.0,27282.0,41384.0,68776.1,56748.9,16021.3,13834.2,0.0,23902.5,0.0,18062.2,25487.5,20923.2,47838.4,104792.2,128652.3,92678.5,148
687.7,137874.0,27824.0,41384.0,27282.0,41384.0,68776.1,56748.9,16021.3,13834.2,0.0,23902.5,0.0,18061.9,25487.7,20926.3,47841.7,104789.1,128652.3,92678.5,148
688.7,137874.0,27824.0,41384.0,27282.0,41384.0,68776.1,56748.9,16021.3,13834.2,0.0,23902.5,0.0,18062.8,25487.2,20928.0,47842.9,104787.4,128652.3,92678.5,148
689.8,137874.0,27824.0,41384.0,27282.0,41384.0,68801.2,56774.0,16046.5,13859.4,0.0,23902.6,0.0,18062.9,25490.8,20943.2,47861.7,104772.2,128652.3,92703.8,148
690.8,137874.0,27824.0,41384.0,27282.0,41384.0,68806.7,56779.5,16051.9,13864.8,0.0,23902.6,0.0,17996.2,25494.8,20873.9,47796.4,104841.5,128652.3,92709.3,148
691.8,137874.0,27824.0,41384.0,27282.0,41384.0,68726.7,56699.4,15971.9,13784.8,0.0,23902.6,0.0,18012.0,25489.8,20881.1,47798.5,104834.3,128652.3,92629.3,148
692.9,137874.0,27824.0,41384.0,27282.0,41384.0,68726.7,56699.4,15971.9,13784.8,0.0,23902.6,0.0,18012.0,25488.6,20876.8,47793.1,104838.6,128652.3,92629.3,148
693.9,137874.0,27824.0,41384.0,27282.0,41384.0,68726.7,56699.4,15971.9,13784.8,0.0,23902.6,0.0,18012.0,25488.4,20879.9,47795.9,104835.5,128652.3,92629.3,148
695.0,137874.0,27824.0,41384.0,27282.0,41384.0,68726.7,56699.4,15971.9,13784.8,0.0,23902.6,0.0,18012.1,25487.9,20878.8,47794.4,104836.6,128652.3,92629.3,148
696.1,137874.0,27824.0,41384.0,27282.0,41384.0,68726.7,56699.4,15971.9,13784.8,0.0,23902.6,0.0,18013.8,25488.4,20882.4,47798.5,104833.0,128652.3,92629.3,148
697.1,137874.0,27824.0,41384.0,27282.0,41384.0,68726.7,56699.4,15971.9,13784.8,0.0,23902.6,0.0,18014.9,25488.4,20884.7,47800.8,104830.7,128652.3,92629.3,148
698.2,137874.0,27824.0,41384.0,27282.0,41384.0,68725.7,56698.4,15970.9,13783.8,0.0,23902.6,0.0,18014.0,25489.1,20880.0,47796.8,104835.4,128652.3,92628.3,148
699.2,137874.0,27824.0,41384.0,27282.0,41384.0,68733.2,56706.0,15978.4,13791.3,0.0,23902.6,0.0,18014.0,25490.9,20891.9,47810.5,104823.5,128652.3,92635.8,148
700.3,137874.0,27824.0,41384.0,27282.0,41384.0,68752.8,56725.6,15998.0,13810.9,0.0,23902.6,0.0,18030.5,25492.5,20911.6,47831.8,104803.8,128652.3,92655.4,148
701.3,137874.0,27824.0,41384.0,27282.0,41384.0,68752.8,56725.6,15998.0,13810.9,0.0,23902.7,0.0,18040.0,25489.3,20907.7,47824.7,104807.7,128652.3,92655.5,148
702.4,137874.0,27824.0,41384.0,27282.0,41384.0,68752.8,56725.6,15998.0,13810.9,0.0,23902.7,0.0,18040.8,25489.4,20910.7,47827.7,104804.7,128652.3,92655.5,148
703.4,137874.0,27824.0,41384.0,27282.0,41384.0,68752.8,56725.6,15998.0,13810.9,0.0,23902.7,0.0,18041.3,25488.9,20908.5,47825.1,104806.9,128652.3,92655.5,148
704.5,137874.0,27824.0,41384.0,27282.0,41384.0,68752.8,56725.6,15998.1,13811.0,0.0,23902.7,0.0,18040.5,25488.9,20910.4,47827.0,104805.0,128652.3,92655.5,148
705.5,137874.0,27824.0,41384.0,27282.0,41384.0,68752.9,56725.6,15998.1,13811.0,0.0,23902.8,0.0,18040.6,25489.3,20905.3,47822.3,104810.1,128652.3,92655.7,148
706.6,137874.0,27824.0,41384.0,27282.0,41384.0,68752.9,56725.6,15998.1,13811.0,0.0,23902.8,0.0,18041.0,25488.7,20904.2,47820.6,104811.2,128652.3,92655.7,148
707.7,137874.0,27824.0,41384.0,27282.0,41384.0,68752.9,56725.6,15998.1,13811.0,0.0,23902.8,0.0,18040.6,25489.2,20904.8,47821.7,104810.6,128652.3,92655.7,148
708.7,137874.0,27824.0,41384.0,27282.0,41384.0,68753.1,56725.9,15998.3,13811.2,0.0,23902.8,0.0,18041.3,25489.3,20902.4,47819.3,104813.1,128652.3,92655.9,148
709.8,137874.0,27824.0,41384.0,27282.0,41384.0,68753.1,56725.9,15998.3,13811.2,0.0,23902.8,0.0,18041.3,25489.0,20900.8,47817.5,104814.6,128652.3,92655.9,148
710.8,137874.0,27824.0,41384.0,27282.0,41384.0,68753.1,56725.9,15998.3,13811.2,0.0,23902.8,0.0,18041.7,25488.7,20904.3,47820.7,104811.1,128652.3,92655.9,148
711.9,137874.0,27824.0,41384.0,27282.0,41384.0,68753.1,56725.9,15998.3,13811.2,0.0,23902.8,0.0,18040.9,25488.7,20906.1,47822.5,104809.3,128652.3,92655.9,148
712.9,137874.0,27824.0,41384.0,27282.0,41384.0,68753.1,56725.9,15998.3,13811.2,0.0,23902.9,0.0,18040.8,25488.7,20907.7,47824.0,104807.7,128652.3,92656.0,148
714.0,137874.0,27824.0,41384.0,27282.0,41384.0,68753.1,56725.9,15998.3,13811.2,0.0,23902.9,0.0,18040.8,25488.7,20906.2,47822.6,104809.2,128652.3,92656.0,148
715.0,137874.0,27824.0,41384.0,27282.0,41384.0,68753.1,56725.9,15998.3,13811.2,0.0,23902.9,0.0,18040.8,25488.7,20903.9,47820.2,104811.5,128652.3,92656.0,148
716.1,137874.0,27824.0,41384.0,27282.0,41384.0,68753.1,56725.9,15998.3,13811.2,0.0,23902.9,0.0,18040.8,25489.4,20898.8,47815.9,104816.6,128652.3,92656.0,148
717.2,137874.0,27824.0,41384.0,27282.0,41384.0,68754.3,56727.0,15999.5,13812.4,0.0,23902.9,0.0,18040.9,25489.3,20900.1,47817.0,104815.3,128652.3,92657.1,148
718.3,137874.0,27824.0,41384.0,27282.0,41384.0,68753.1,56725.9,15998.4,13811.2,0.0,23902.9,0.0,18039.7,25489.4,20905.4,47822.5,104810.0,128652.3,92656.0,148
719.4,137874.0,27824.0,41384.0,27282.0,41384.0,68753.1,56725.9,15998.3,13811.2,0.0,23902.9,0.0,18040.1,25489.0,20903.4,47820.1,104812.0,128652.3,92656.0,148
720.4,137874.0,27824.0,41384.0,27282.0,41384.0,68753.1,56725.9,15998.4,13811.2,0.0,23902.9,0.0,18039.9,25489.6,20900.8,47818.1,104814.6,128652.3,92656.0,148
721.5,137874.0,27824.0,41384.0,27282.0,41384.0,68753.1,56725.9,15998.4,13811.2,0.0,23903.0,0.0,18037.9,25490.0,20907.2,47824.8,104808.2,128652.3,92656.1,148
722.5,137874.0,27824.0,41384.0,27282.0,41384.0,68753.3,56726.1,15998.5,13811.4,0.0,23903.0,0.0,18038.2,25489.3,20902.7,47819.7,104812.7,128652.3,92656.3,148
723.5,137874.0,27824.0,41384.0,27282.0,41384.0,68753.3,56726.1,15998.5,13811.4,0.0,23903.0,0.0,18038.1,25489.2,20902.4,47819.2,104813.0,128652.3,92656.3,148
724.5,137874.0,27824.0,41384.0,27282.0,41384.0,68753.3,56726.1,15998.5,13811.4,0.0,23903.0,0.0,18038.2,25490.7,20910.9,47829.2,104804.5,128652.3,92656.3,148
725.6,137874.0,27824.0,41384.0,27282.0,41384.0,68753.3,56726.1,15998.5,13811.4,0.0,23903.1,0.0,18038.2,25489.0,20899.7,47816.4,104815.7,128652.3,92656.3,148
726.7,137874.0,27824.0,41384.0,27282.0,41384.0,68753.3,56726.1,15998.5,13811.4,0.0,23903.1,0.0,18038.2,25489.1,20910.2,47827.0,104805.2,128652.3,92656.4,148
727.7,137874.0,27824.0,41384.0,27282.0,41384.0,68753.3,56726.1,15998.5,13811.4,0.0,23903.1,0.0,18038.3,25489.8,20907.0,47824.5,104808.4,128652.3,92656.4,148
728.7,137874.0,27824.0,41384.0,27282.0,41384.0,68753.3,56726.1,15998.5,13811.4,0.0,23903.1,0.0,18038.3,25489.8,20909.2,47826.8,104806.2,128652.3,92656.4,148
729.8,137874.0,27824.0,41384.0,27282.0,41384.0,68753.3,56726.1,15998.5,13811.4,0.0,23903.1,0.0,18038.3,25489.9,20909.8,47827.4,104805.6,128652.3,92656.4,148
730.8,137874.0,27824.0,41384.0,27282.0,41384.0,68753.3,56726.1,15998.5,13811.4,0.0,23903.1,0.0,18038.3,25489.9,20910.1,47827.7,104805.3,128652.3,92656.4,148
731.9,137874.0,27824.0,41384.0,27282.0,41384.0,68753.3,56726.1,15998.5,13811.4,0.0,23903.1,0.0,18038.6,25489.6,20910.2,47827.4,104805.2,128652.3,92656.4,148
733.0,137874.0,27824.0,41384.0,27282.0,41384.0,68753.3,56726.1,15998.6,13811.4,0.0,23903.1,0.0,18038.5,25489.6,20914.6,47831.9,104800.7,128652.3,92656.4,148
734.0,137874.0,27824.0,41384.0,27282.0,41384.0,68753.3,56726.1,15998.6,13811.4,0.0,23903.1,0.0,18038.4,25489.6,20915.0,47832.2,104800.4,128652.3,92656.4,148
735.0,137874.0,27824.0,41384.0,27282.0,41384.0,68753.3,56726.1,15998.6,13811.4,0.0,23903.2,0.0,18038.6,25489.6,20916.1,47833.4,104799.3,128652.3,92656.4,148
736.1,137874.0,27824.0,41384.0,27282.0,41384.0,68753.3,56726.1,15998.6,13811.4,0.0,23903.2,0.0,18038.8,25490.2,20915.8,47833.7,104799.6,128652.3,92656.5,148
737.1,137874.0,27824.0,41384.0,27282.0,41384.0,68753.3,56726.1,15998.5,13811.5,0.0,23903.2,0.0,18038.7,25489.8,20905.6,47823.2,104809.7,128652.3,92656.5,148
738.3,137874.0,27824.0,41384.0,27282.0,41384.0,68753.3,56726.1,15998.6,13811.5,0.0,23903.2,0.0,18041.9,25492.8,20915.6,47836.1,104799.8,128652.3,92656.5,148
739.3,137874.0,27824.0,41384.0,27282.0,41384.0,68753.3,56726.1,15998.6,13811.5,0.0,23903.2,0.0,18042.2,25489.7,20909.6,47827.0,104805.7,128652.3,92656.5,148
740.3,137874.0,27824.0,41384.0,27282.0,41384.0,68753.3,56726.1,15998.6,13811.5,0.0,23903.2,0.0,18042.1,25489.7,20907.2,47824.6,104808.2,128652.3,92656.5,148
741.4,137874.0,27824.0,41384.0,27282.0,41384.0,68755.1,56727.9,16000.3,13813.2,0.0,23903.3,0.0,18042.6,25489.5,20911.8,47829.0,104803.5,128652.3,92658.4,148
742.4,137874.0,27824.0,41384.0,27282.0,41384.0,68755.1,56727.9,16000.3,13813.2,0.0,23903.3,0.0,18044.5,25490.2,20917.3,47835.2,104798.1,128652.3,92658.4,148
743.5,137874.0,27824.0,41384.0,27282.0,41384.0,68755.1,56727.9,16000.3,13813.2,0.0,23903.3,0.0,18044.1,25490.2,20918.4,47836.3,104797.0,128652.3,92658.4,148
744.5,137874.0,27824.0,41384.0,27282.0,41384.0,68755.1,56727.9,16000.3,13813.2,0.0,23903.3,0.0,18044.0,25490.4,20923.7,47841.9,104791.6,128652.3,92658.4,148
745.6,137874.0,27824.0,41384.0,27282.0,41384.0,68755.1,56727.9,16000.3,13813.2,0.0,23903.3,0.0,18044.1,25490.5,20923.2,47841.4,104792.2,128652.3,92658.4,148
746.6,137874.0,27824.0,41384.0,27282.0,41384.0,68755.1,56727.9,16000.3,13813.2,0.0,23903.4,0.0,18044.1,25490.1,20923.6,47841.4,104791.8,128652.3,92658.5,148
747.6,137874.0,27824.0,41384.0,27282.0,41384.0,68755.1,56727.9,16000.3,13813.2,0.0,23903.4,0.0,18044.0,25490.1,20921.2,47839.0,104794.1,128652.3,92658.5,148
748.6,137874.0,27824.0,41384.0,27282.0,41384.0,68755.1,56727.9,16000.3,13813.2,0.0,23903.4,0.0,18044.3,25489.8,20923.0,47840.5,104792.4,128652.3,92658.5,148
749.7,137874.0,27824.0,41384.0,27282.0,41384.0,68755.1,56727.9,16000.3,13813.2,0.0,23903.4,0.0,18044.1,25489.8,20919.4,47836.8,104796.0,128652.3,92658.5,148
750.7,137874.0,27824.0,41384.0,27282.0,41384.0,68755.1,56727.9,16000.3,13813.2,0.0,23903.4,0.0,18044.1,25491.6,20923.5,47842.8,104791.9,128652.3,92658.5,148
751.8,137874.0,27824.0,41384.0,27282.0,41384.0,68755.1,56727.9,16000.3,13813.2,0.0,23903.4,0.0,18044.1,25496.1,20938.4,47862.2,104776.9,128652.3,92658.5,148
752.9,137874.0,27824.0,41384.0,27282.0,41384.0,68755.1,56727.9,16000.3,13813.2,0.0,23903.4,0.0,18044.1,25490.9,20907.5,47826.2,104807.8,128652.3,92658.5,148
754.0,137874.0,27824.0,41384.0,27282.0,41384.0,68755.2,56728.0,16000.4,13813.3,0.0,23903.4,0.0,18044.2,25493.9,20912.6,47834.2,104802.8,128652.3,92658.6,148
755.0,137874.0,27824.0,41384.0,27282.0,41384.0,68755.2,56728.0,16000.4,13813.3,0.0,23903.4,0.0,18044.3,25490.7,20909.1,47827.5,104806.3,128652.3,92658.6,148
756.1,137874.0,27824.0,41384.0,27282.0,41384.0,68755.2,56728.0,16000.4,13813.3,0.0,23903.4,0.0,18044.3,25492.0,20910.8,47830.5,104804.6,128652.3,92658.6,148
757.1,137874.0,27824.0,41384.0,27282.0,41384.0,68755.2,56728.0,16000.4,13813.3,0.0,23903.4,0.0,18044.3,25491.8,20909.6,47829.2,104805.7,128652.3,92658.6,148
758.1,137874.0,27824.0,41384.0,27282.0,41384.0,68755.2,56728.0,16000.4,13813.3,0.0,23903.5,0.0,18044.4,25491.6,20913.6,47832.9,104801.8,128652.3,92658.8,148
759.2,137874.0,27824.0,41384.0,27282.0,41384.0,68755.2,56728.0,16000.4,13813.3,0.0,23903.6,0.0,18044.4,25491.4,20910.2,47829.3,104805.2,128652.3,92658.8,148
760.2,137874.0,27824.0,41384.0,27282.0,41384.0,68755.2,56728.0,16000.4,13813.3,0.0,23903.6,0.0,18044.4,25491.4,20910.2,47829.3,104805.1,128652.3,92658.8,148
761.2,137874.0,27824.0,41384.0,27282.0,41384.0,68761.1,56733.9,16006.3,13819.2,0.0,23903.6,0.0,18044.5,25492.8,20914.9,47835.5,104800.4,128652.3,92664.7,148
762.2,137874.0,27824.0,41384.0,27282.0,41384.0,68755.2,56728.0,16000.4,13813.3,0.0,23903.6,0.0,18051.3,25504.4,20946.6,47878.8,104768.7,128652.3,92658.8,148
763.3,137874.0,27824.0,41384.0,27282.0,41384.0,68755.2,56728.0,16000.4,13813.3,0.0,23903.6,0.0,18044.5,25492.5,20912.2,47832.5,104803.1,128652.3,92658.8,148
764.3,137874.0,27824.0,41384.0,27282.0,41384.0,68755.2,56728.0,16000.4,13813.3,0.0,23903.6,0.0,18044.5,25492.5,20913.3,47833.5,104802.1,128652.3,92658.8,148
765.3,137874.0,27824.0,41384.0,27282.0,41384.0,68755.2,56728.0,16000.4,13813.3,0.0,23903.6,0.0,18044.5,25495.2,20973.7,47896.7,104741.7,128652.3,92658.8,148
766.4,137874.0,27824.0,41384.0,27282.0,41384.0,68755.2,56728.0,16000.4,13813.3,0.0,23903.6,0.0,18044.6,25491.6,20903.8,47823.1,104811.5,128652.3,92658.8,148
767.4,137874.0,27824.0,41384.0,27282.0,41384.0,68755.2,56728.0,16000.4,13813.3,0.0,23903.6,0.0,18044.1,25498.8,20915.7,47842.3,104799.6,128652.3,92658.9,148
768.4,137874.0,27824.0,41384.0,27282.0,41384.0,68755.2,56728.0,16000.4,13813.3,0.0,23903.6,0.0,18044.2,25493.9,20909.8,47831.5,104805.5,128652.3,92658.9,148
769.5,137874.0,27824.0,41384.0,27282.0,41384.0,68755.2,56728.0,16000.5,13813.3,0.0,23903.7,0.0,18044.7,25493.6,20916.1,47837.3,104799.3,128652.3,92658.9,148
770.6,137874.0,27824.0,41384.0,27282.0,41384.0,68775.1,56747.9,16020.3,13833.2,0.0,23903.7,0.0,18064.4,25498.8,20943.1,47869.6,104772.2,128652.3,92678.8,148
771.6,137874.0,27824.0,41384.0,27282.0,41384.0,68776.6,56749.4,16021.8,13834.7,0.0,23903.7,0.0,18065.6,25513.8,21034.6,47976.2,104680.7,128652.3,92680.2,148
772.7,137874.0,27824.0,41384.0,27282.0,41384.0,68776.6,56749.4,16021.8,13834.7,0.0,23903.7,0.0,18066.8,25509.6,20972.0,47909.3,104743.4,128652.3,92680.2,148
773.7,137874.0,27824.0,41384.0,27282.0,41384.0,68776.6,56749.4,16021.8,13834.7,0.0,23903.7,0.0,18066.3,25496.4,20933.3,47857.4,104782.1,128652.3,92680.2,148
774.8,137874.0,27824.0,41384.0,27282.0,41384.0,68776.6,56749.4,16021.8,13834.7,0.0,23903.7,0.0,18066.3,25505.9,20959.1,47892.8,104756.3,128652.3,92680.3,148
775.9,137874.0,27824.0,41384.0,27282.0,41384.0,68803.2,56776.0,16048.4,13861.3,0.0,23903.7,0.0,18068.4,25501.1,20942.8,47871.5,104772.6,128652.3,92706.9,148
777.0,137874.0,27824.0,41384.0,27282.0,41384.0,68783.4,56756.2,16028.6,13841.5,0.0,23903.8,0.0,18073.2,25496.9,20926.1,47850.7,104789.2,128652.3,92687.2,148
778.0,137874.0,27824.0,41384.0,27282.0,41384.0,68783.4,56756.2,16028.6,13841.5,0.0,23903.9,0.0,18073.2,25496.0,20931.6,47855.3,104783.8,128652.3,92687.2,148
779.1,137874.0,27824.0,41384.0,27282.0,41384.0,68783.4,56756.2,16028.6,13841.5,0.0,23903.9,0.0,18073.5,25496.9,20939.1,47863.8,104776.2,128652.3,92687.3,148
780.2,137874.0,27824.0,41384.0,27282.0,41384.0,68783.4,56756.2,16028.6,13841.5,0.0,23903.9,0.0,18073.4,25496.0,20938.9,47862.7,104776.4,128652.3,92687.3,148
781.3,137874.0,27824.0,41384.0,27282.0,41384.0,68783.5,56756.3,16028.7,13841.6,0.0,23903.9,0.0,18073.4,25497.1,21011.1,47935.9,104704.2,128652.3,92687.4,148
782.3,137874.0,27824.0,41384.0,27282.0,41384.0,68783.5,56756.3,16028.7,13841.6,0.0,23903.9,0.0,18073.6,25497.6,20992.1,47917.4,104723.2,128652.3,92687.4,148
783.3,137874.0,27824.0,41384.0,27282.0,41384.0,68783.5,56756.3,16028.7,13841.6,0.0,23903.9,0.0,18073.6,25495.7,20953.8,47877.2,104761.5,128652.3,92687.4,148
784.4,137874.0,27824.0,41384.0,27282.0,41384.0,68783.5,56756.3,16028.7,13841.6,0.0,23903.9,0.0,18073.6,25496.4,20952.2,47876.3,104763.2,128652.3,92687.4,148
785.4,137874.0,27824.0,41384.0,27282.0,41384.0,68783.5,56756.3,16028.7,13841.6,0.0,23903.9,0.0,18073.8,25496.2,20952.3,47876.2,104763.1,128652.3,92687.4,148
786.4,137874.0,27824.0,41384.0,27282.0,41384.0,68783.5,56756.3,16028.7,13841.6,0.0,23903.9,0.0,18073.8,25498.8,20985.3,47911.8,104730.1,128652.3,92687.4,148
787.5,137874.0,27824.0,41384.0,27282.0,41384.0,68783.5,56756.3,16028.7,13841.6,0.0,23903.9,0.0,18073.8,25497.4,20947.3,47872.5,104768.0,128652.3,92687.4,148
788.6,137874.0,27824.0,41384.0,27282.0,41384.0,68783.7,56756.5,16028.9,13841.8,0.0,23903.9,0.0,18073.8,25495.4,20948.3,47871.5,104767.0,128652.3,92687.6,148
789.6,137874.0,27824.0,41384.0,27282.0,41384.0,68783.7,56756.5,16028.9,13841.8,0.0,23903.9,0.0,18074.0,25501.3,20976.2,47905.3,104739.1,128652.3,92687.6,148
790.7,137874.0,27824.0,41384.0,27282.0,41384.0,68783.7,56756.5,16028.9,13841.8,0.0,23904.1,0.0,18074.1,25498.1,20949.2,47875.0,104766.2,128652.3,92687.8,148
791.8,137874.0,27824.0,41384.0,27282.0,41384.0,68783.8,56756.6,16029.0,13841.9,0.0,23904.1,0.0,18074.3,25497.2,20946.0,47871.0,104769.3,128652.3,92687.8,148
792.8,137874.0,27824.0,41384.0,27282.0,41384.0,68783.9,56756.7,16029.1,13842.0,0.0,23904.1,0.0,18074.4,25497.3,20944.7,47869.8,104770.6,128652.3,92687.9,148
793.8,137874.0,27824.0,41384.0,27282.0,41384.0,68783.9,56756.7,16029.1,13842.0,0.0,23904.1,0.0,18074.4,25497.0,20940.6,47865.4,104774.7,128652.3,92688.0,148
794.9,137874.0,27824.0,41384.0,27282.0,41384.0,68783.9,56756.7,16029.1,13842.0,0.0,23904.1,0.0,18074.5,25496.6,20942.1,47866.5,104773.2,128652.3,92688.0,148
795.9,137874.0,27824.0,41384.0,27282.0,41384.0,68783.9,56756.7,16029.1,13842.0,0.0,23904.1,0.0,18074.5,25496.6,20942.5,47866.9,104772.8,128652.3,92688.0,148
796.9,137874.0,27824.0,41384.0,27282.0,41384.0,68783.9,56756.7,16029.1,13842.0,0.0,23904.1,0.0,18074.5,25496.6,20941.7,47866.1,104773.6,128652.3,92688.0,148
797.9,137874.0,27824.0,41384.0,27282.0,41384.0,68783.9,56756.7,16029.1,13842.0,0.0,23904.1,0.0,18074.5,25496.6,20941.3,47865.7,104774.0,128652.3,92688.0,148
798.9,137874.0,27824.0,41384.0,27282.0,41384.0,68783.9,56756.7,16029.1,13842.0,0.0,23904.1,0.0,18071.8,25496.5,20936.9,47861.2,104778.4,128652.3,92688.0,148
800.0,137874.0,27824.0,41384.0,27282.0,41384.0,68783.9,56756.7,16029.1,13842.0,0.0,23904.1,0.0,18071.6,25496.8,20943.1,47867.7,104772.2,128652.3,92688.0,148
801.0,137874.0,27824.0,41384.0,27282.0,41384.0,68783.9,56756.7,16029.1,13842.0,0.0,23904.1,0.0,18071.3,25496.3,20943.9,47868.0,104771.4,128652.3,92688.0,148
802.1,137874.0,27824.0,41384.0,27282.0,41384.0,68783.9,56756.7,16029.1,13842.0,0.0,23904.1,0.0,18071.9,25496.3,20940.7,47864.8,104774.6,128652.3,92688.0,148
803.1,137874.0,27824.0,41384.0,27282.0,41384.0,68783.9,56756.7,16029.1,13842.0,0.0,23904.1,0.0,18071.7,25496.3,20943.7,47867.8,104771.6,128652.3,92688.0,148
804.2,137874.0,27824.0,41384.0,27282.0,41384.0,68783.9,56756.7,16029.1,13842.0,0.0,23904.2,0.0,18071.8,25496.4,20942.3,47866.4,104773.0,128652.3,92688.0,148
805.2,137874.0,27824.0,41384.0,27282.0,41384.0,68784.1,56756.9,16029.4,13842.2,0.0,23904.2,0.0,18071.9,25496.9,20941.1,47865.7,104774.2,128652.3,92688.2,148
806.3,137874.0,27824.0,41384.0,27282.0,41384.0,68787.0,56759.8,16032.2,13845.1,0.0,23904.2,0.0,18074.7,25496.0,20944.1,47867.9,104771.2,128652.3,92691.1,148
807.4,137874.0,27824.0,41384.0,27282.0,41384.0,68787.0,56759.8,16032.2,13845.1,0.0,23904.2,0.0,18075.1,25497.0,20944.8,47869.6,104770.5,128652.3,92691.1,148
808.4,137874.0,27824.0,41384.0,27282.0,41384.0,68787.0,56759.8,16032.2,13845.1,0.0,23904.2,0.0,18075.2,25496.7,20946.8,47871.3,104768.5,128652.3,92691.1,148
809.5,137874.0,27824.0,41384.0,27282.0,41384.0,68787.0,56759.8,16032.2,13845.1,0.0,23904.2,0.0,18075.2,25496.4,20947.2,47871.4,104768.1,128652.3,92691.1,148
810.5,137874.0,27824.0,41384.0,27282.0,41384.0,68787.0,56759.8,16032.2,13845.1,0.0,23904.2,0.0,18075.3,25496.1,20948.1,47872.0,104767.2,128652.3,92691.1,148
811.5,137874.0,27824.0,41384.0,27282.0,41384.0,68790.4,56763.1,16035.6,13848.5,0.0,23904.2,0.0,18075.6,25499.5,20960.1,47887.4,104755.2,128652.3,92694.6,148
812.6,137874.0,27824.0,41384.0,27282.0,41384.0,68790.4,56763.1,16035.6,13848.5,0.0,23904.3,0.0,18078.9,25496.2,20958.1,47882.1,104757.2,128652.3,92694.7,148
813.7,137874.0,27824.0,41384.0,27282.0,41384.0,68790.4,56763.1,16035.6,13848.5,0.0,23904.3,0.0,18078.9,25496.0,20955.8,47879.6,104759.5,128652.3,92694.8,148
814.7,137874.0,27824.0,41384.0,27282.0,41384.0,68790.4,56763.1,16035.6,13848.5,0.0,23904.3,0.0,18079.0,25497.8,20960.9,47886.4,104754.4,128652.3,92694.8,148
815.8,137874.0,27824.0,41384.0,27282.0,41384.0,68790.4,56763.1,16035.6,13848.5,0.0,23904.3,0.0,18079.0,25495.6,20959.7,47883.0,104755.6,128652.3,92694.8,148
816.8,137874.0,27824.0,41384.0,27282.0,41384.0,68790.4,56763.1,16035.6,13848.5,0.0,23904.3,0.0,18079.1,25495.6,20959.2,47882.5,104756.1,128652.3,92694.8,148
817.8,137874.0,27824.0,41384.0,27282.0,41384.0,68790.4,56763.1,16035.6,13848.5,0.0,23904.3,0.0,18079.8,25496.3,20954.4,47878.4,104760.9,128652.3,92694.8,148
818.8,137874.0,27824.0,41384.0,27282.0,41384.0,68790.4,56763.1,16035.6,13848.5,0.0,23904.4,0.0,18097.3,25496.2,20969.3,47893.3,104746.0,128652.3,92694.8,148
819.9,137874.0,27824.0,41384.0,27282.0,41384.0,68790.4,56763.1,16035.6,13848.5,0.0,23904.4,0.0,18083.1,25496.1,20955.2,47879.0,104760.1,128652.3,92694.8,148
820.9,137874.0,27824.0,41384.0,27282.0,41384.0,68790.4,56763.1,16035.6,13848.5,0.0,23904.4,0.0,18083.1,25496.1,20955.8,47879.7,104759.5,128652.3,92694.8,148
822.0,137874.0,27824.0,41384.0,27282.0,41384.0,68790.4,56763.1,16035.6,13848.5,0.0,23904.4,0.0,18083.1,25496.9,20964.4,47889.1,104750.9,128652.3,92694.8,148
823.0,137874.0,27824.0,41384.0,27282.0,41384.0,68790.4,56763.1,16035.6,13848.5,0.0,23904.4,0.0,18083.2,25496.0,20961.5,47885.3,104753.8,128652.3,92694.8,148
824.1,137874.0,27824.0,41384.0,27282.0,41384.0,68790.4,56763.1,16035.6,13848.5,0.0,23904.4,0.0,18083.2,25497.0,20957.7,47882.5,104757.6,128652.3,92694.8,148
825.1,137874.0,27824.0,41384.0,27282.0,41384.0,68790.4,56763.1,16035.6,13848.5,0.0,23904.4,0.0,18083.2,25496.4,20958.1,47882.3,104757.2,128652.3,92694.8,148
826.1,137874.0,27824.0,41384.0,27282.0,41384.0,68790.4,56763.1,16035.6,13848.5,0.0,23904.4,0.0,18083.3,25496.4,20956.3,47880.5,104759.0,128652.3,92694.8,148
827.1,137874.0,27824.0,41384.0,27282.0,41384.0,68790.4,56763.1,16035.6,13848.5,0.0,23904.5,0.0,18083.5,25496.0,20956.0,47879.8,104759.3,128652.3,92695.0,148
828.1,137874.0,27824.0,41384.0,27282.0,41384.0,68792.3,56765.0,16037.4,13850.3,0.0,23904.5,0.0,18124.7,25501.3,21014.6,47943.6,104700.7,128652.3,92696.8,148
829.1,137874.0,27824.0,41384.0,27282.0,41384.0,68790.4,56763.1,16035.6,13848.5,0.0,23904.5,0.0,18083.6,25496.3,20953.2,47877.2,104762.1,128652.3,92695.0,148
830.2,137874.0,27824.0,41384.0,27282.0,41384.0,68790.4,56763.1,16035.6,13848.5,0.0,23904.6,0.0,18083.5,25496.1,20955.1,47878.9,104760.2,128652.3,92695.0,148
831.3,137874.0,27824.0,41384.0,27282.0,41384.0,68790.4,56763.1,16035.6,13848.5,0.0,23904.6,0.0,18083.8,25496.1,20961.1,47885.0,104754.2,128652.3,92695.0,148
832.4,137874.0,27824.0,41384.0,27282.0,41384.0,68790.4,56763.1,16035.6,13848.5,0.0,23904.6,0.0,18084.1,25496.1,20960.5,47884.4,104754.8,128652.3,92695.0,148
833.4,137874.0,27824.0,41384.0,27282.0,41384.0,68790.4,56763.1,16035.6,13848.5,0.0,23904.6,0.0,18084.4,25496.1,20959.9,47883.8,104755.4,128652.3,92695.0,148
834.4,137874.0,27824.0,41384.0,27282.0,41384.0,68807.6,56780.3,16052.7,13865.6,0.0,23904.6,0.0,18101.7,25495.9,20970.8,47894.5,104744.5,128652.3,92712.2,148
835.5,137874.0,27824.0,41384.0,27282.0,41384.0,68807.6,56780.3,16052.7,13865.6,0.0,23904.6,0.0,18101.2,25495.4,20979.3,47902.5,104736.0,128652.3,92712.2,148
836.5,137874.0,27824.0,41384.0,27282.0,41384.0,68807.6,56780.3,16052.7,13865.6,0.0,23904.6,0.0,18101.5,25494.8,20976.9,47899.5,104738.4,128652.3,92712.2,148
837.6,137874.0,27824.0,41384.0,27282.0,41384.0,68807.6,56780.3,16052.7,13865.6,0.0,23904.6,0.0,18101.6,25495.5,20977.1,47900.3,104738.2,128652.3,92712.2,148
838.7,137874.0,27824.0,41384.0,27282.0,41384.0,68807.6,56780.3,16052.7,13865.6,0.0,23904.6,0.0,18101.6,25494.5,20979.2,47901.5,104736.1,128652.3,92712.2,148
839.7,137874.0,27824.0,41384.0,27282.0,41384.0,68807.6,56780.3,16052.7,13865.6,0.0,23904.6,0.0,18101.6,25494.3,20977.1,47899.2,104738.2,128652.3,92712.3,148
840.8,137874.0,27824.0,41384.0,27282.0,41384.0,68807.6,56780.3,16052.8,13865.6,0.0,23904.6,0.0,18101.6,25495.5,20976.9,47900.3,104738.3,128652.3,92712.3,148
841.9,137874.0,27824.0,41384.0,27282.0,41384.0,68807.8,56780.5,16052.9,13865.8,0.0,23904.7,0.0,18102.1,25498.9,20992.9,47919.6,104722.4,128652.3,92712.5,148
843.0,137874.0,27824.0,41384.0,27282.0,41384.0,68807.8,56780.5,16052.9,13865.8,0.0,23904.7,0.0,18101.8,25495.8,20973.8,47897.4,104741.5,128652.3,92712.5,148
844.0,137874.0,27824.0,41384.0,27282.0,41384.0,68807.8,56780.5,16052.9,13865.8,0.0,23904.7,0.0,18101.9,25495.8,20973.2,47896.8,104742.1,128652.3,92712.5,148
845.1,137874.0,27824.0,41384.0,27282.0,41384.0,68807.8,56780.5,16052.9,13865.8,0.0,23904.7,0.0,18102.2,25499.9,20978.9,47906.6,104736.4,128652.3,92712.5,148
846.2,137874.0,27824.0,41384.0,27282.0,41384.0,68807.8,56780.5,16052.9,13865.8,0.0,23904.7,0.0,18101.9,25496.4,20977.8,47902.1,104737.4,128652.3,92712.5,148
847.2,137874.0,27824.0,41384.0,27282.0,41384.0,68807.8,56780.5,16052.9,13865.8,0.0,23904.7,0.0,18102.1,25495.7,20971.0,47894.6,104744.2,128652.3,92712.5,148
848.2,137874.0,27824.0,41384.0,27282.0,41384.0,68807.8,56780.5,16052.9,13865.8,0.0,23904.8,0.0,18108.4,25495.2,20981.3,47904.4,104734.0,128652.3,92712.6,148
849.2,137874.0,27824.0,41384.0,27282.0,41384.0,68807.8,56780.5,16052.9,13865.8,0.0,23904.8,0.0,18100.9,25495.8,20984.1,47907.7,104731.2,128652.3,92712.6,148
850.3,137874.0,27824.0,41384.0,27282.0,41384.0,68807.8,56780.5,16052.9,13865.8,0.0,23904.9,0.0,18101.8,25495.7,20979.3,47902.8,104735.9,128652.3,92712.7,148
851.4,137874.0,27824.0,41384.0,27282.0,41384.0,68807.8,56780.5,16052.9,13865.8,0.0,23904.9,0.0,18102.2,25496.4,20976.6,47900.9,104738.6,128652.3,92712.7,148
852.5,137874.0,27824.0,41384.0,27282.0,41384.0,68807.8,56780.5,16052.9,13865.8,0.0,23904.9,0.0,18102.7,25495.5,20962.0,47885.3,104753.2,128652.3,92712.7,148
853.5,137874.0,27824.0,41384.0,27282.0,41384.0,68807.8,56780.5,16052.9,13865.8,0.0,23904.9,0.0,18102.2,25495.5,20962.6,47885.9,104752.7,128652.3,92712.7,148
854.5,137874.0,27824.0,41384.0,27282.0,41384.0,68807.8,56780.5,16052.9,13865.8,0.0,23904.9,0.0,18102.2,25495.5,20964.2,47887.4,104751.1,128652.3,92712.7,148
855.6,137874.0,27824.0,41384.0,27282.0,41384.0,68807.8,56780.5,16052.9,13865.8,0.0,23904.9,0.0,18102.4,25495.5,20965.9,47889.2,104749.4,128652.3,92712.7,148
856.7,137874.0,27824.0,41384.0,27282.0,41384.0,68807.8,56780.5,16052.9,13865.8,0.0,23904.9,0.0,18106.9,25503.4,20993.4,47924.6,104721.9,128652.3,92712.7,148
857.7,137874.0,27824.0,41384.0,27282.0,41384.0,68765.6,56738.3,16010.7,13823.6,0.0,23904.9,0.0,18060.0,25499.6,20929.2,47856.6,104786.0,128652.3,92670.5,148
858.8,137874.0,27824.0,41384.0,27282.0,41384.0,68799.2,56771.9,16044.3,13857.2,0.0,23904.9,0.0,18090.8,25499.1,20966.7,47893.6,104748.6,128652.3,92704.1,148
859.8,137874.0,27824.0,41384.0,27282.0,41384.0,68799.2,56771.9,16044.3,13857.2,0.0,23904.9,0.0,18093.9,25497.2,20978.0,47903.0,104737.3,128652.3,92704.1,148
860.9,137874.0,27824.0,41384.0,27282.0,41384.0,68902.8,56875.4,16147.9,13960.8,0.0,23904.9,0.0,18196.5,25512.4,21101.4,48041.5,104613.9,128652.3,92807.7,148
862.0,137874.0,27824.0,41384.0,27282.0,41384.0,68834.3,56807.0,16079.4,13892.3,0.0,23904.9,0.0,18129.1,25502.1,20998.7,47928.7,104716.5,128652.3,92739.2,148
863.0,137874.0,27824.0,41384.0,27282.0,41384.0,68834.3,56807.0,16079.4,13892.3,0.0,23905.0,0.0,18128.8,25497.3,20984.8,47910.0,104730.4,128652.3,92739.3,148
864.1,137874.0,27824.0,41384.0,27282.0,41384.0,68834.3,56807.0,16079.4,13892.3,0.0,23905.1,0.0,18129.0,25499.3,20984.9,47912.0,104730.4,128652.3,92739.3,148
865.2,137874.0,27824.0,41384.0,27282.0,41384.0,68834.3,56807.0,16079.4,13892.3,0.0,23905.1,0.0,18129.0,25499.6,21024.3,47951.7,104690.9,128652.3,92739.3,148
866.2,137874.0,27824.0,41384.0,27282.0,41384.0,68836.9,56809.6,16082.0,13894.9,0.0,23905.1,0.0,18129.1,25497.8,20991.1,47916.8,104724.1,128652.3,92742.0,148
867.3,137874.0,27824.0,41384.0,27282.0,41384.0,68836.9,56809.6,16082.0,13894.9,0.0,23905.1,0.0,18132.1,25502.5,20998.5,47928.8,104716.8,128652.3,92742.0,148
868.4,137874.0,27824.0,41384.0,27282.0,41384.0,68836.9,56809.6,16082.0,13894.9,0.0,23905.1,0.0,18131.8,25499.5,20996.8,47924.2,104718.4,128652.3,92742.0,148
869.4,137874.0,27824.0,41384.0,27282.0,41384.0,68849.5,56822.2,16094.6,13907.5,0.0,23905.1,0.0,18144.9,25505.2,21021.5,47954.4,104693.8,128652.3,92754.6,148
870.4,137874.0,27824.0,41384.0,27282.0,41384.0,68849.5,56822.2,16094.6,13907.5,0.0,23905.1,0.0,18144.5,25497.8,21025.8,47951.4,104689.5,128652.3,92754.6,148
871.4,137874.0,27824.0,41384.0,27282.0,41384.0,68849.5,56822.2,16094.6,13907.5,0.0,23905.1,0.0,18144.5,25497.4,21015.8,47941.0,104699.5,128652.3,92754.6,148
872.5,137874.0,27824.0,41384.0,27282.0,41384.0,68855.2,56827.9,16100.3,13913.2,0.0,23905.1,0.0,18150.6,25504.1,21066.7,47998.5,104648.6,128652.3,92760.3,148
873.5,137874.0,27824.0,41384.0,27282.0,41384.0,68855.2,56827.9,16100.3,13913.2,0.0,23905.1,0.0,18150.2,25497.1,21033.8,47958.7,104681.4,128652.3,92760.3,148
874.6,137874.0,27824.0,41384.0,27282.0,41384.0,68855.2,56827.9,16100.3,13913.2,0.0,23905.1,0.0,18150.2,25497.2,21012.1,47937.1,104703.2,128652.3,92760.3,148
875.7,137874.0,27824.0,41384.0,27282.0,41384.0,68855.2,56827.9,16100.3,13913.2,0.0,23905.1,0.0,18150.3,25497.7,21011.0,47936.5,104704.2,128652.3,92760.3,148
876.7,137874.0,27824.0,41384.0,27282.0,41384.0,68855.2,56827.9,16100.3,13913.2,0.0,23905.1,0.0,18150.3,25499.5,21145.3,48072.7,104569.9,128652.3,92760.3,148
877.9,137874.0,27824.0,41384.0,27282.0,41384.0,68890.0,56862.6,16135.1,13948.0,0.0,23905.1,0.0,18209.1,25504.7,21100.5,48033.1,104614.7,128652.3,92795.1,148
878.9,137874.0,27824.0,41384.0,27282.0,41384.0,68890.0,56862.6,16135.1,13948.0,0.0,23905.3,0.0,18185.1,25500.0,21058.3,47986.1,104656.9,128652.3,92795.2,148
880.0,137874.0,27824.0,41384.0,27282.0,41384.0,68891.8,56864.5,16137.0,13949.8,0.0,23905.3,0.0,18183.8,25500.5,21053.8,47982.1,104661.5,128652.3,92797.1,148
881.1,137874.0,27824.0,41384.0,27282.0,41384.0,68891.8,56864.5,16137.0,13949.8,0.0,23905.3,0.0,18183.8,25500.3,21059.1,47987.3,104656.1,128652.3,92797.1,148
882.1,137874.0,27824.0,41384.0,27282.0,41384.0,68891.8,56864.5,16137.0,13949.8,0.0,23905.3,0.0,18183.3,25498.7,21055.6,47982.2,104659.6,128652.3,92797.1,148
883.1,137874.0,27824.0,41384.0,27282.0,41384.0,68891.8,56864.5,16137.0,13949.8,0.0,23905.3,0.0,18183.8,25498.7,21055.2,47981.8,104660.0,128652.3,92797.1,148
884.2,137874.0,27824.0,41384.0,27282.0,41384.0,68891.8,56864.5,16137.0,13949.8,0.0,23905.3,0.0,18183.3,25498.8,21056.3,47982.9,104659.0,128652.3,92797.1,148
885.2,137874.0,27824.0,41384.0,27282.0,41384.0,68891.8,56864.5,16137.0,13949.8,0.0,23905.3,0.0,18183.6,25498.8,21056.5,47983.1,104658.7,128652.3,92797.1,148
886.3,137874.0,27824.0,41384.0,27282.0,41384.0,68891.8,56864.5,16137.0,13949.8,0.0,23905.3,0.0,18183.2,25498.8,21057.9,47984.5,104657.3,128652.3,92797.1,148
887.4,137874.0,27824.0,41384.0,27282.0,41384.0,68891.8,56864.5,16137.0,13949.8,0.0,23905.3,0.0,18182.9,25498.7,21058.6,47985.2,104656.6,128652.3,92797.1,148
888.4,137874.0,27824.0,41384.0,27282.0,41384.0,68891.8,56864.5,16137.0,13949.8,0.0,23905.3,0.0,18183.8,25498.7,21059.6,47986.2,104655.6,128652.3,92797.1,148
889.4,137874.0,27824.0,41384.0,27282.0,41384.0,68891.8,56864.5,16137.0,13949.8,0.0,23905.3,0.0,18183.3,25498.7,21060.3,47986.8,104654.9,128652.3,92797.1,148
890.5,137874.0,27824.0,41384.0,27282.0,41384.0,68891.8,56864.5,16137.0,13949.8,0.0,23905.3,0.0,18183.5,25500.3,21060.0,47988.1,104655.3,128652.3,92797.1,148
891.5,137874.0,27824.0,41384.0,27282.0,41384.0,68891.8,56864.5,16137.0,13949.8,0.0,23905.3,0.0,18183.4,25501.0,21331.0,48259.9,104384.2,128652.3,92797.1,148
892.6,137874.0,27824.0,41384.0,27282.0,41384.0,68891.8,56864.5,16137.0,13949.9,0.0,23905.3,0.0,18183.7,25498.6,21055.8,47982.2,104659.5,128652.3,92797.2,148
893.6,137874.0,27824.0,41384.0,27282.0,41384.0,68891.8,56864.5,16137.0,13949.9,0.0,23905.3,0.0,18185.6,25499.8,21068.1,47995.7,104647.2,128652.3,92797.2,148
894.6,137874.0,27824.0,41384.0,27282.0,41384.0,68891.8,56864.5,16137.0,13949.9,0.0,23905.3,0.0,18183.8,25498.3,21057.8,47983.9,104657.5,128652.3,92797.2,148
895.6,137874.0,27824.0,41384.0,27282.0,41384.0,68891.8,56864.5,16137.0,13949.9,0.0,23905.3,0.0,18184.0,25498.2,21059.1,47985.2,104656.1,128652.3,92797.2,148
896.6,137874.0,27824.0,41384.0,27282.0,41384.0,68891.8,56864.5,16137.0,13949.9,0.0,23905.4,0.0,18183.8,25498.2,21057.9,47984.0,104657.3,128652.3,92797.2,148
897.6,137874.0,27824.0,41384.0,27282.0,41384.0,68891.8,56864.5,16137.0,13949.9,0.0,23905.4,0.0,18183.8,25498.3,21059.4,47985.5,104655.8,128652.3,92797.2,148
898.6,137874.0,27824.0,41384.0,27282.0,41384.0,68891.8,56864.5,16137.0,13949.9,0.0,23905.4,0.0,18183.8,25498.3,21060.2,47986.3,104655.0,128652.3,92797.2,148
899.7,137874.0,27824.0,41384.0,27282.0,41384.0,68891.8,56864.5,16137.0,13949.9,0.0,23905.5,0.0,18187.3,25497.7,21057.6,47983.1,104657.7,128652.3,92797.4,148
900.7,137874.0,27824.0,41384.0,27282.0,41384.0,68891.8,56864.5,16137.0,13949.9,0.0,23905.5,0.0,18187.1,25497.7,21058.1,47983.7,104657.1,128652.3,92797.4,148
901.7,137874.0,27824.0,41384.0,27282.0,41384.0,68891.8,56864.5,16137.0,13949.9,0.0,23905.5,0.0,18187.1,25497.7,21055.8,47981.3,104659.4,128652.3,92797.4,148
902.7,137874.0,27824.0,41384.0,27282.0,41384.0,68891.8,56864.5,16137.0,13949.9,0.0,23905.5,0.0,18187.1,25498.0,21054.6,47980.5,104660.7,128652.3,92797.4,148
903.7,137874.0,27824.0,41384.0,27282.0,41384.0,68891.8,56864.5,16137.0,13949.9,0.0,23905.5,0.0,18187.1,25497.8,21055.0,47980.6,104660.3,128652.3,92797.4,148
904.8,137874.0,27824.0,41384.0,27282.0,41384.0,68891.8,56864.5,16137.0,13949.9,0.0,23905.5,0.0,18187.2,25497.3,21051.8,47976.9,104663.5,128652.3,92797.4,148
905.8,137874.0,27824.0,41384.0,27282.0,41384.0,68891.8,56864.5,16137.0,13949.9,0.0,23905.5,0.0,18187.2,25497.2,21051.7,47976.8,104663.5,128652.3,92797.4,148
906.8,137874.0,27824.0,41384.0,27282.0,41384.0,68891.8,56864.5,16137.0,13949.9,0.0,23905.5,0.0,18187.2,25497.2,21052.8,47977.9,104662.5,128652.3,92797.4,148
907.8,137874.0,27824.0,41384.0,27282.0,41384.0,68891.8,56864.5,16137.0,13949.9,0.0,23905.5,0.0,18187.5,25497.2,21051.6,47976.7,104663.6,128652.3,92797.4,148
908.9,137874.0,27824.0,41384.0,27282.0,41384.0,68891.8,56864.5,16137.0,13949.9,0.0,23905.5,0.0,18187.2,25497.2,21052.0,47977.0,104663.3,128652.3,92797.4,148
909.9,137874.0,27824.0,41384.0,27282.0,41384.0,68891.8,56864.5,16137.0,13949.9,0.0,23905.5,0.0,18187.3,25497.2,21052.0,47977.1,104663.2,128652.3,92797.4,148
910.9,137874.0,27824.0,41384.0,27282.0,41384.0,68891.8,56864.5,16137.0,13949.9,0.0,23905.5,0.0,18187.3,25497.2,21051.6,47976.7,104663.6,128652.3,92797.4,148
911.9,137874.0,27824.0,41384.0,27282.0,41384.0,68891.8,56864.5,16137.0,13949.9,0.0,23905.5,0.0,18187.3,25497.3,21050.9,47976.0,104664.3,128652.3,92797.4,148
912.9,137874.0,27824.0,41384.0,27282.0,41384.0,68891.8,56864.5,16137.0,13949.9,0.0,23905.5,0.0,18187.2,25498.3,21061.2,47987.3,104654.0,128652.3,92797.4,148
914.0,137874.0,27824.0,41384.0,27282.0,41384.0,68891.8,56864.5,16137.0,13949.9,0.0,23905.7,0.0,18187.4,25497.8,21054.1,47979.8,104661.1,128652.3,92797.5,148
915.0,137874.0,27824.0,41384.0,27282.0,41384.0,68891.9,56864.6,16137.0,13949.9,0.0,23905.7,0.0,18186.9,25497.1,21055.6,47980.6,104659.6,128652.3,92797.6,148
916.0,137874.0,27824.0,41384.0,27282.0,41384.0,68891.9,56864.6,16137.0,13949.9,0.0,23905.7,0.0,18187.4,25497.2,21054.7,47979.7,104660.6,128652.3,92797.6,148
917.0,137874.0,27824.0,41384.0,27282.0,41384.0,68891.9,56864.6,16137.0,13949.9,0.0,23905.7,0.0,18214.0,25500.5,21093.7,48022.1,104621.5,128652.3,92797.6,148
918.0,137874.0,27824.0,41384.0,27282.0,41384.0,68891.9,56864.6,16137.0,13949.9,0.0,23905.7,0.0,18187.5,25497.4,21055.1,47980.4,104660.1,128652.3,92797.6,148
919.0,137874.0,27824.0,41384.0,27282.0,41384.0,68891.9,56864.6,16137.0,13949.9,0.0,23905.7,0.0,18187.5,25497.4,21054.7,47979.9,104660.6,128652.3,92797.6,148
920.1,137874.0,27824.0,41384.0,27282.0,41384.0,68891.9,56864.6,16137.0,13949.9,0.0,23905.7,0.0,18188.0,25497.4,21052.8,47978.0,104662.5,128652.3,92797.6,148
921.1,137874.0,27824.0,41384.0,27282.0,41384.0,68891.9,56864.6,16137.0,13949.9,0.0,23905.7,0.0,18187.6,25497.1,21056.4,47981.3,104658.9,128652.3,92797.6,148
922.1,137874.0,27824.0,41384.0,27282.0,41384.0,68891.9,56864.6,16137.0,13949.9,0.0,23905.7,0.0,18187.6,25497.3,21056.2,47981.3,104659.1,128652.3,92797.6,148
923.2,137874.0,27824.0,41384.0,27282.0,41384.0,68891.9,56864.6,16137.0,13949.9,0.0,23905.7,0.0,18187.6,25497.3,21056.0,47981.1,104659.3,128652.3,92797.6,148
924.3,137874.0,27824.0,41384.0,27282.0,41384.0,68891.9,56864.6,16137.0,13949.9,0.0,23905.7,0.0,18187.6,25497.3,21056.5,47981.7,104658.7,128652.3,92797.6,148
925.3,137874.0,27824.0,41384.0,27282.0,41384.0,68891.9,56864.6,16137.0,13949.9,0.0,23905.7,0.0,18187.6,25497.3,21056.8,47982.0,104658.4,128652.3,92797.6,148
926.3,137874.0,27824.0,41384.0,27282.0,41384.0,68891.9,56864.6,16137.0,13949.9,0.0,23905.8,0.0,18187.7,25497.3,21053.7,47978.9,104661.5,128652.3,92797.6,148
927.3,137874.0,27824.0,41384.0,27282.0,41384.0,68891.9,56864.6,16137.0,13949.9,0.0,23905.8,0.0,18187.6,25497.3,21053.0,47978.2,104662.2,128652.3,92797.6,148
928.4,137874.0,27824.0,41384.0,27282.0,41384.0,68891.9,56864.6,16137.0,13949.9,0.0,23905.8,0.0,18188.2,25497.3,21058.3,47983.5,104656.9,128652.3,92797.6,148
929.4,137874.0,27824.0,41384.0,27282.0,41384.0,68891.9,56864.6,16137.0,13949.9,0.0,23905.8,0.0,18186.4,25496.8,21046.5,47971.2,104668.7,128652.3,92797.7,148
930.5,137874.0,27824.0,41384.0,27282.0,41384.0,68891.9,56864.6,16137.0,13949.9,0.0,23905.9,0.0,18199.6,25496.9,21060.9,47985.7,104654.3,128652.3,92797.8,148
931.5,137874.0,27824.0,41384.0,27282.0,41384.0,68891.9,56864.6,16137.0,13949.9,0.0,23905.9,0.0,18187.7,25496.9,21049.1,47973.8,104666.2,128652.3,92797.8,148
932.6,137874.0,27824.0,41384.0,27282.0,41384.0,68891.9,56864.6,16137.0,13949.9,0.0,23905.9,0.0,18188.2,25496.9,21047.9,47972.6,104667.3,128652.3,92797.8,148
933.6,137874.0,27824.0,41384.0,27282.0,41384.0,68891.9,56864.6,16137.0,13949.9,0.0,23905.9,0.0,18187.9,25496.9,21049.0,47973.7,104666.2,128652.3,92797.8,148
934.6,137874.0,27824.0,41384.0,27282.0,41384.0,68891.9,56864.6,16137.0,13949.9,0.0,23905.9,0.0,18187.8,25496.9,21049.3,47974.0,104665.9,128652.3,92797.8,148
935.7,137874.0,27824.0,41384.0,27282.0,41384.0,68891.9,56864.6,16137.0,13949.9,0.0,23905.9,0.0,18187.8,25496.9,21047.9,47972.6,104667.4,128652.3,92797.8,148
936.7,137874.0,27824.0,41384.0,27282.0,41384.0,68891.9,56864.6,16137.0,13949.9,0.0,23905.9,0.0,18187.8,25496.9,21048.4,47973.2,104666.8,128652.3,92797.8,148
937.8,137874.0,27824.0,41384.0,27282.0,41384.0,68891.9,56864.6,16137.0,13949.9,0.0,23905.9,0.0,18213.6,25501.3,21101.2,48030.3,104614.1,128652.3,92797.8,148
938.8,137874.0,27824.0,41384.0,27282.0,41384.0,68891.9,56864.6,16137.0,13949.9,0.0,23906.0,0.0,18187.9,25497.9,21063.5,47989.3,104651.7,128652.3,92797.9,148
939.9,137874.0,27824.0,41384.0,27282.0,41384.0,68891.9,56864.6,16137.0,13949.9,0.0,23906.0,0.0,18187.9,25497.9,21061.9,47987.7,104653.3,128652.3,92797.9,148
940.9,137874.0,27824.0,41384.0,27282.0,41384.0,68891.9,56864.6,16137.0,13949.9,0.0,23906.0,0.0,18188.1,25497.9,21061.2,47987.0,104654.0,128652.3,92797.9,148
941.9,137874.0,27824.0,41384.0,27282.0,41384.0,68891.9,56864.6,16137.0,13949.9,0.0,23906.0,0.0,18188.3,25497.9,21061.3,47987.1,104653.9,128652.3,92797.9,148
942.9,137874.0,27824.0,41384.0,27282.0,41384.0,68891.9,56864.6,16137.0,13949.9,0.0,23906.0,0.0,18188.0,25497.9,21061.0,47986.8,104654.2,128652.3,92797.9,148
944.0,137874.0,27824.0,41384.0,27282.0,41384.0,68891.9,56864.6,16137.0,13949.9,0.0,23906.0,0.0,18188.0,25497.9,21061.1,47986.9,104654.1,128652.3,92797.9,148
945.0,137874.0,27824.0,41384.0,27282.0,41384.0,68891.9,56864.6,16137.0,13949.9,0.0,23906.0,0.0,18188.0,25497.9,21058.9,47984.8,104656.2,128652.3,92797.9,148
946.0,137874.0,27824.0,41384.0,27282.0,41384.0,68891.9,56864.6,16137.0,13949.9,0.0,23906.0,0.0,18188.0,25497.9,21059.4,47985.2,104655.8,128652.3,92797.9,148
947.0,137874.0,27824.0,41384.0,27282.0,41384.0,68891.9,56864.6,16137.0,13949.9,0.0,23906.1,0.0,18188.1,25498.1,21059.9,47985.8,104655.3,128652.3,92798.0,148
948.1,137874.0,27824.0,41384.0,27282.0,41384.0,68891.9,56864.6,16137.0,13949.9,0.0,23906.1,0.0,18188.4,25498.1,21060.9,47986.8,104654.3,128652.3,92798.0,148
