elapsed_s,gpu_hbm_mb,gpu0_hbm_mb,gpu1_hbm_mb,gpu2_hbm_mb,gpu3_hbm_mb,proc_rss_mb,proc_anon_mb,proc_pss_mb,proc_pss_anon_mb,proc_locked_mb,file_cache_mb,hicache_dir_mb,anonpages_mb,reclaimable_mb,nonreclaimable_mb,mem_used_mb,mem_avail_mb,mem_total_mb,rss_plus_cache_mb,n_pids
0.0,171584.0,44654.0,41296.0,44384.0,41250.0,67740.8,55938.0,15019.2,13027.3,0.0,24747.8,0.0,15753.4,26313.5,18263.4,46037.0,107419.6,128652.3,92488.6,148
1.0,171584.0,44654.0,41296.0,44384.0,41250.0,67741.0,55938.2,15019.4,13027.5,0.0,24747.9,0.0,16549.7,26313.7,19063.8,46837.7,106619.1,128652.3,92488.9,148
2.0,172164.0,45162.0,41296.0,44456.0,41250.0,67741.2,55938.4,15019.6,13027.7,0.0,24747.9,0.0,17087.8,26313.8,19602.6,47376.5,106080.3,128652.3,92489.1,148
3.1,172210.0,45162.0,41296.0,44456.0,41296.0,67899.0,55989.4,15174.4,13078.7,0.0,24748.0,0.0,16374.1,26316.0,19130.5,46906.6,106552.5,128652.3,92647.0,148
4.1,172210.0,45162.0,41296.0,44456.0,41296.0,67907.2,55990.9,15182.4,13080.2,0.0,24748.2,0.0,16380.1,26313.5,19022.3,46795.9,106660.6,128652.3,92655.4,148
5.2,172210.0,45162.0,41296.0,44456.0,41296.0,67907.6,55991.2,15182.8,13080.5,0.0,24748.3,0.0,16380.6,26313.6,19024.7,46798.5,106658.2,128652.3,92655.9,148
6.3,172210.0,45162.0,41296.0,44456.0,41296.0,67907.9,55991.4,15183.0,13080.7,0.0,24748.3,0.0,16381.5,26313.6,19026.5,46800.3,106656.4,128652.3,92656.1,148
7.3,172210.0,45162.0,41296.0,44456.0,41296.0,67909.5,55992.9,15184.6,13082.1,0.0,24748.3,0.0,16382.3,26313.6,19030.8,46804.5,106652.2,128652.3,92657.8,148
8.3,172210.0,45162.0,41296.0,44456.0,41296.0,67912.3,55995.6,15187.4,13084.9,0.0,24748.3,0.0,16382.8,26313.1,19038.6,46811.9,106644.3,128652.3,92660.6,148
9.3,172212.0,45162.0,41296.0,44458.0,41296.0,67916.6,55999.8,15191.6,13089.1,0.0,24748.3,0.0,16386.1,26313.2,19044.7,46818.0,106638.2,128652.3,92664.9,148
10.3,172212.0,45162.0,41296.0,44458.0,41296.0,67916.6,55999.9,15191.7,13089.2,0.0,24748.3,0.0,16386.3,26313.2,19045.6,46818.9,106637.4,128652.3,92664.9,148
11.3,172232.0,45162.0,41296.0,44458.0,41316.0,67916.8,56000.0,15191.8,13089.3,0.0,24748.3,0.0,16386.4,26312.8,19044.8,46817.7,106638.1,128652.3,92665.1,148
12.3,172232.0,45162.0,41296.0,44458.0,41316.0,67920.6,56003.7,15195.5,13093.0,0.0,24748.3,0.0,16390.6,26312.7,19050.5,46823.4,106632.4,128652.3,92669.0,148
13.3,172234.0,45164.0,41296.0,44458.0,41316.0,67920.9,56004.0,15195.8,13093.2,0.0,24748.3,0.0,16390.6,26312.6,19055.2,46828.0,106627.8,128652.3,92669.2,148
14.4,172234.0,45164.0,41296.0,44458.0,41316.0,67924.1,56007.1,15198.9,13096.4,0.0,24748.3,0.0,16393.6,26312.6,19061.4,46834.2,106621.5,128652.3,92672.4,148
15.4,172254.0,45164.0,41316.0,44458.0,41316.0,67929.4,56012.4,15204.2,13101.7,0.0,24748.3,0.0,16400.3,26312.5,19067.4,46840.0,106615.6,128652.3,92677.7,148
16.4,172254.0,45164.0,41316.0,44458.0,41316.0,67929.5,56012.5,15204.3,13101.8,0.0,24748.3,0.0,16399.3,26312.3,19065.5,46838.0,106617.4,128652.3,92677.9,148
17.4,172254.0,45164.0,41316.0,44458.0,41316.0,67929.7,56012.7,15204.5,13102.0,0.0,24748.4,0.0,16400.6,26312.2,19068.7,46841.1,106614.2,128652.3,92678.1,148
18.5,172082.0,44924.0,41382.0,44460.0,41316.0,67929.8,56012.8,15204.6,13102.1,0.0,24748.5,0.0,16399.7,26312.3,19069.1,46841.6,106613.8,128652.3,92678.3,148
19.5,172084.0,44926.0,41382.0,44460.0,41316.0,68000.1,56013.1,15274.8,13102.4,0.0,24748.5,0.0,16400.6,26312.3,19142.2,46914.6,106540.7,128652.3,92748.6,148
20.6,172084.0,44926.0,41382.0,44460.0,41316.0,68000.6,56013.7,15275.4,13103.0,0.0,24748.6,0.0,16400.9,26312.2,19141.8,46914.2,106541.1,128652.3,92749.2,148
21.6,172084.0,44926.0,41382.0,44460.0,41316.0,68001.7,56014.8,15276.5,13104.0,0.0,24748.6,0.0,16402.0,26312.5,19152.4,46925.0,106530.5,128652.3,92750.3,148
22.7,172084.0,44926.0,41382.0,44460.0,41316.0,68001.8,56014.9,15276.6,13104.2,0.0,24748.6,0.0,16403.0,26312.5,19153.7,46926.3,106529.2,128652.3,92750.4,148
23.8,172084.0,44926.0,41382.0,44460.0,41316.0,68002.5,56015.6,15277.3,13104.8,0.0,24748.6,0.0,16403.1,26312.5,19155.4,46928.0,106527.6,128652.3,92751.0,148
24.8,172084.0,44926.0,41382.0,44460.0,41316.0,68002.6,56015.7,15277.4,13105.0,0.0,24748.6,0.0,16403.9,26312.5,19155.4,46928.0,106527.6,128652.3,92751.2,148
25.8,172084.0,44926.0,41382.0,44460.0,41316.0,68002.7,56015.8,15277.5,13105.0,0.0,24748.6,0.0,16404.1,26312.4,19156.7,46929.2,106526.2,128652.3,92751.2,148
26.8,172084.0,44926.0,41382.0,44460.0,41316.0,68005.3,56018.4,15280.0,13107.6,0.0,24748.6,0.0,16406.6,26312.4,19163.1,46935.6,106519.9,128652.3,92753.9,148
27.8,172086.0,44928.0,41382.0,44460.0,41316.0,68005.4,56018.4,15280.1,13107.7,0.0,24748.6,0.0,16423.7,26312.4,19179.2,46951.8,106503.7,128652.3,92753.9,148
28.9,172086.0,44928.0,41382.0,44460.0,41316.0,68006.4,56019.4,15281.1,13108.7,0.0,24748.6,0.0,16411.1,26312.6,19167.9,46940.6,106515.1,128652.3,92754.9,148
29.9,172086.0,44928.0,41382.0,44460.0,41316.0,68006.4,56019.5,15281.1,13108.7,0.0,24748.6,0.0,16411.2,26312.6,19167.2,46939.9,106515.7,128652.3,92755.0,148
30.9,172204.0,45046.0,41382.0,44460.0,41316.0,68011.3,56024.4,15286.1,13113.7,0.0,24748.6,0.0,16411.3,26312.5,19169.4,46942.1,106513.5,128652.3,92759.9,148
31.9,172364.0,45096.0,41382.0,44570.0,41316.0,68011.5,56024.6,15286.3,13113.9,0.0,24748.6,0.0,16416.4,26312.2,19169.5,46941.9,106513.4,128652.3,92760.2,148
32.9,172616.0,45232.0,41382.0,44686.0,41316.0,68013.2,56026.3,15287.9,13115.5,0.0,24748.6,0.0,16417.1,26312.3,19175.4,46947.9,106507.5,128652.3,92761.8,148
34.1,172616.0,45232.0,41382.0,44686.0,41316.0,68026.7,56039.7,15301.4,13129.0,0.0,24748.8,0.0,16431.4,26312.3,19191.5,46964.0,106491.4,128652.3,92775.4,148
35.1,172616.0,45232.0,41382.0,44686.0,41316.0,68026.8,56039.9,15301.5,13129.1,0.0,24748.8,0.0,16432.7,26312.0,19195.1,46967.3,106487.8,128652.3,92775.6,148
36.2,172616.0,45232.0,41382.0,44686.0,41316.0,68027.0,56040.0,15301.7,13129.3,0.0,24748.8,0.0,16432.6,26312.2,19194.6,46967.0,106488.3,128652.3,92775.7,148
37.2,172618.0,45234.0,41382.0,44686.0,41316.0,68027.2,56040.3,15302.0,13129.6,0.0,24748.8,0.0,16432.9,26312.3,19203.3,46975.8,106479.6,128652.3,92776.1,148
38.2,172618.0,45234.0,41382.0,44686.0,41316.0,68027.4,56040.5,15302.1,13129.7,0.0,24748.8,0.0,16433.0,26312.2,19204.0,46976.3,106478.9,128652.3,92776.2,148
39.2,172618.0,45234.0,41382.0,44686.0,41316.0,68030.0,56043.1,15304.8,13132.4,0.0,24748.8,0.0,16436.0,26311.8,19213.3,46985.2,106469.6,128652.3,92778.8,148
40.2,172618.0,45234.0,41382.0,44686.0,41316.0,68030.1,56043.2,15304.9,13132.5,0.0,24748.8,0.0,16436.0,26311.8,19213.3,46985.2,106469.6,128652.3,92778.9,148
41.3,172618.0,45234.0,41382.0,44686.0,41316.0,68030.1,56043.2,15304.9,13132.5,0.0,24748.8,0.0,16436.2,26311.5,19215.1,46986.7,106467.8,128652.3,92778.9,148
42.3,172618.0,45234.0,41382.0,44686.0,41316.0,68030.1,56043.2,15304.9,13132.5,0.0,24748.8,0.0,16436.1,26311.5,19214.0,46985.7,106468.9,128652.3,92778.9,148
43.3,172618.0,45234.0,41382.0,44686.0,41316.0,68030.3,56043.4,15305.0,13132.6,0.0,24748.8,0.0,16436.3,26311.5,19212.8,46984.5,106470.1,128652.3,92779.1,148
44.3,172618.0,45234.0,41382.0,44686.0,41316.0,68030.3,56043.4,15305.1,13132.7,0.0,24748.8,0.0,16436.5,26311.6,19211.9,46983.8,106470.9,128652.3,92779.2,148
45.4,172618.0,45234.0,41382.0,44686.0,41316.0,68030.3,56043.4,15305.1,13132.7,0.0,24748.8,0.0,16436.4,26311.6,19212.4,46984.2,106470.5,128652.3,92779.2,148
46.4,172618.0,45234.0,41382.0,44686.0,41316.0,68030.5,56043.6,15305.2,13132.9,0.0,24748.9,0.0,16436.5,26311.6,19210.3,46982.1,106472.6,128652.3,92779.4,148
47.4,172618.0,45234.0,41382.0,44686.0,41316.0,68030.6,56043.7,15305.3,13132.9,0.0,24748.9,0.0,16436.7,26311.7,19211.4,46983.4,106471.4,128652.3,92779.5,148
48.4,172742.0,45234.0,41382.0,44810.0,41316.0,68030.7,56043.8,15305.5,13133.1,0.0,24748.9,0.0,16436.9,26311.7,19216.6,46988.5,106466.3,128652.3,92779.6,148
49.5,172808.0,45234.0,41382.0,44810.0,41382.0,68030.8,56043.9,15305.5,13133.1,0.0,24748.9,0.0,16436.9,26312.0,19216.1,46988.3,106466.8,128652.3,92779.7,148
50.5,172808.0,45234.0,41382.0,44810.0,41382.0,68037.7,56044.8,15312.4,13134.1,0.0,24748.9,0.0,16438.0,26312.1,19230.2,47002.5,106452.7,128652.3,92786.6,148
51.6,172808.0,45234.0,41382.0,44810.0,41382.0,68038.0,56045.1,15312.7,13134.4,0.0,24748.9,0.0,16438.0,26312.2,19231.9,47004.3,106451.0,128652.3,92786.9,148
52.6,172808.0,45234.0,41382.0,44810.0,41382.0,68038.1,56045.2,15312.8,13134.5,0.0,24748.9,0.0,16438.6,26311.7,19227.8,46999.7,106455.1,128652.3,92787.0,148
53.6,172808.0,45234.0,41382.0,44810.0,41382.0,68038.4,56045.5,15313.1,13134.8,0.0,24748.9,0.0,16438.7,26311.8,19227.7,46999.7,106455.2,128652.3,92787.3,148
54.6,172808.0,45234.0,41382.0,44810.0,41382.0,68038.5,56045.6,15313.2,13134.9,0.0,24748.9,0.0,16438.9,26312.3,19223.6,46996.1,106459.2,128652.3,92787.4,148
55.7,172808.0,45234.0,41382.0,44810.0,41382.0,68038.7,56045.9,15313.5,13135.1,0.0,24749.0,0.0,16439.1,26312.1,19225.5,46997.8,106457.4,128652.3,92787.7,148
56.7,172808.0,45234.0,41382.0,44810.0,41382.0,68038.9,56046.0,15313.6,13135.3,0.0,24749.0,0.0,16439.4,26312.6,19224.4,46997.2,106458.5,128652.3,92787.9,148
57.7,172808.0,45234.0,41382.0,44810.0,41382.0,68039.3,56046.5,15314.1,13135.7,0.0,24749.1,0.0,16440.2,26312.4,19224.7,46997.3,106458.2,128652.3,92788.4,148
58.8,172808.0,45234.0,41382.0,44810.0,41382.0,68039.6,56046.7,15314.3,13136.0,0.0,24749.1,0.0,16453.2,26312.3,19241.2,47013.6,106441.7,128652.3,92788.6,148
59.9,172808.0,45234.0,41382.0,44810.0,41382.0,68040.6,56047.8,15315.4,13137.0,0.0,24749.1,0.0,16443.0,26312.6,19271.3,47044.1,106411.6,128652.3,92789.7,148
60.9,172808.0,45234.0,41382.0,44810.0,41382.0,68040.9,56048.0,15315.6,13137.3,0.0,24749.1,0.0,16442.8,26312.6,19225.1,46997.9,106457.8,128652.3,92790.0,148
62.1,172808.0,45234.0,41382.0,44810.0,41382.0,68041.6,56048.8,15316.3,13138.0,0.0,24749.1,0.0,16443.5,26312.2,19223.9,46996.3,106459.0,128652.3,92790.7,148
63.1,172808.0,45234.0,41382.0,44810.0,41382.0,68042.0,56049.1,15316.7,13138.4,0.0,24749.1,0.0,16445.1,26312.2,19251.6,47024.0,106431.2,128652.3,92791.1,148
64.2,172810.0,45234.0,41382.0,44810.0,41384.0,68042.1,56049.2,15316.8,13138.5,0.0,24749.1,0.0,16446.0,26312.8,19222.9,46995.9,106460.0,128652.3,92791.2,148
65.2,172810.0,45234.0,41382.0,44810.0,41384.0,68042.2,56049.3,15316.9,13138.6,0.0,24749.1,0.0,16443.9,26312.6,19225.8,46998.5,106457.1,128652.3,92791.3,148
66.2,172810.0,45234.0,41382.0,44810.0,41384.0,68042.7,56049.8,15317.4,13139.1,0.0,24749.1,0.0,16444.1,26312.3,19225.4,46997.9,106457.5,128652.3,92791.8,148
67.3,172810.0,45234.0,41382.0,44810.0,41384.0,68043.0,56050.1,15317.7,13139.4,0.0,24749.2,0.0,16444.7,26312.6,19230.0,47002.8,106452.9,128652.3,92792.2,148
68.3,172810.0,45234.0,41382.0,44810.0,41384.0,68043.0,56050.2,15317.8,13139.4,0.0,24749.2,0.0,16444.9,26312.5,19227.5,47000.2,106455.4,128652.3,92792.3,148
69.3,172810.0,45234.0,41382.0,44810.0,41384.0,68046.0,56053.1,15320.7,13142.4,0.0,24749.2,0.0,16444.5,26312.5,19302.7,47075.4,106380.2,128652.3,92795.2,148
70.4,172810.0,45234.0,41382.0,44810.0,41384.0,68048.7,56055.9,15323.5,13145.1,0.0,24749.2,0.0,16450.1,26312.4,19230.6,47003.2,106452.2,128652.3,92798.0,148
71.4,172810.0,45234.0,41382.0,44810.0,41384.0,68049.5,56056.6,15324.2,13145.9,0.0,24749.3,0.0,16450.3,26312.4,19232.9,47005.5,106450.0,128652.3,92798.7,148
72.5,172810.0,45234.0,41382.0,44810.0,41384.0,68049.5,56056.6,15324.2,13145.9,0.0,24749.3,0.0,16451.0,26312.1,19225.7,46998.1,106457.1,128652.3,92798.8,148
73.5,172810.0,45234.0,41382.0,44810.0,41384.0,68052.4,56059.6,15327.2,13148.8,0.0,24749.3,0.0,16451.1,26312.2,19227.2,46999.6,106455.6,128652.3,92801.7,148
74.7,172812.0,45234.0,41384.0,44810.0,41384.0,68055.1,56062.3,15329.9,13151.5,0.0,24749.3,0.0,16456.8,26312.0,19233.1,47005.3,106449.8,128652.3,92804.4,148
75.7,172812.0,45234.0,41384.0,44810.0,41384.0,68055.3,56062.4,15330.0,13151.7,0.0,24749.3,0.0,16456.9,26312.1,19258.1,47030.4,106424.7,128652.3,92804.6,148
76.7,172812.0,45234.0,41384.0,44810.0,41384.0,68055.3,56062.5,15330.1,13151.7,0.0,24749.3,0.0,16457.0,26312.1,19235.1,47007.4,106447.7,128652.3,92804.6,148
77.7,172812.0,45234.0,41384.0,44810.0,41384.0,68055.3,56062.5,15330.1,13151.7,0.0,24749.3,0.0,16457.2,26312.3,19230.1,47002.6,106452.8,128652.3,92804.7,148
78.8,172948.0,45370.0,41384.0,44810.0,41384.0,68055.5,56062.7,15330.3,13152.0,0.0,24749.3,0.0,16457.9,26312.4,19235.0,47007.6,106447.9,128652.3,92804.9,148
79.8,173090.0,45512.0,41384.0,44810.0,41384.0,68055.7,56062.9,15330.5,13152.1,0.0,24749.3,0.0,16457.6,26312.6,19233.8,47006.6,106449.1,128652.3,92805.1,148
81.0,173230.0,45512.0,41384.0,44950.0,41384.0,68055.9,56063.0,15330.6,13152.3,0.0,24749.3,0.0,16457.8,26312.7,19235.9,47008.9,106446.9,128652.3,92805.2,148
82.1,173230.0,45512.0,41384.0,44950.0,41384.0,68056.2,56063.3,15330.9,13152.6,0.0,24749.3,0.0,16458.1,26312.6,19234.4,47007.3,106448.5,128652.3,92805.5,148
83.1,173230.0,45512.0,41384.0,44950.0,41384.0,68056.6,56063.8,15331.4,13153.0,0.0,24749.3,0.0,16458.6,26312.3,19236.0,47008.5,106446.9,128652.3,92806.0,148
84.1,173230.0,45512.0,41384.0,44950.0,41384.0,68056.8,56064.0,15331.6,13153.2,0.0,24749.4,0.0,16459.0,26312.3,19234.6,47007.2,106448.2,128652.3,92806.2,148
85.1,173230.0,45512.0,41384.0,44950.0,41384.0,68056.9,56064.0,15331.6,13153.3,0.0,24749.4,0.0,16459.1,26312.3,19237.3,47009.8,106445.6,128652.3,92806.2,148
86.2,173230.0,45512.0,41384.0,44950.0,41384.0,68056.9,56064.0,15331.6,13153.3,0.0,24749.4,0.0,16459.1,26312.3,19237.7,47010.2,106445.2,128652.3,92806.2,148
87.2,173230.0,45512.0,41384.0,44950.0,41384.0,68056.9,56064.1,15331.7,13153.3,0.0,24749.4,0.0,16459.2,26312.3,19239.4,47011.9,106443.5,128652.3,92806.3,148
88.3,173230.0,45512.0,41384.0,44950.0,41384.0,68057.1,56064.3,15331.9,13153.5,0.0,24749.4,0.0,16460.2,26311.9,19238.8,47011.0,106444.1,128652.3,92806.5,148
89.3,173230.0,45512.0,41384.0,44950.0,41384.0,68057.1,56064.3,15331.9,13153.5,0.0,24749.4,0.0,16456.7,26311.9,19237.6,47009.7,106445.3,128652.3,92806.5,148
90.3,173230.0,45512.0,41384.0,44950.0,41384.0,68057.1,56064.3,15331.9,13153.5,0.0,24749.4,0.0,16456.7,26311.9,19237.9,47010.0,106445.0,128652.3,92806.5,148
91.3,173230.0,45512.0,41384.0,44950.0,41384.0,68057.1,56064.3,15331.9,13153.5,0.0,24749.4,0.0,16456.3,26311.9,19237.2,47009.4,106445.6,128652.3,92806.6,148
92.3,173230.0,45512.0,41384.0,44950.0,41384.0,68057.2,56064.4,15332.0,13153.6,0.0,24749.4,0.0,16456.5,26312.0,19237.7,47009.9,106445.1,128652.3,92806.6,148
93.3,173230.0,45512.0,41384.0,44950.0,41384.0,68057.4,56064.6,15332.2,13153.9,0.0,24749.4,0.0,16457.7,26312.0,19234.2,47006.4,106448.6,128652.3,92806.9,148
94.3,173230.0,45512.0,41384.0,44950.0,41384.0,68057.6,56064.7,15332.3,13154.0,0.0,24749.4,0.0,16457.1,26312.6,19242.1,47015.0,106440.7,128652.3,92807.0,148
95.4,173230.0,45512.0,41384.0,44950.0,41384.0,68057.7,56064.8,15332.5,13154.1,0.0,24749.4,0.0,16457.2,26312.9,19241.0,47014.1,106441.9,128652.3,92807.1,148
96.4,173230.0,45512.0,41384.0,44950.0,41384.0,68057.8,56064.9,15332.5,13154.2,0.0,24749.4,0.0,16457.2,26312.9,19243.2,47016.3,106439.7,128652.3,92807.2,148
97.4,173230.0,45512.0,41384.0,44950.0,41384.0,68057.8,56064.9,15332.6,13154.2,0.0,24749.5,0.0,16458.9,26312.9,19239.2,47012.4,106443.7,128652.3,92807.3,148
98.4,173230.0,45512.0,41384.0,44950.0,41384.0,68058.0,56065.2,15332.8,13154.4,0.0,24749.5,0.0,16459.7,26313.1,19242.8,47016.1,106440.0,128652.3,92807.5,148
99.5,173230.0,45512.0,41384.0,44950.0,41384.0,68058.3,56065.4,15333.0,13154.7,0.0,24749.5,0.0,16460.1,26312.7,19241.4,47014.4,106441.4,128652.3,92807.8,148
100.5,173230.0,45512.0,41384.0,44950.0,41384.0,68058.4,56065.5,15333.1,13154.8,0.0,24749.5,0.0,16460.1,26312.7,19246.9,47019.9,106435.9,128652.3,92807.9,148
101.5,173230.0,45512.0,41384.0,44950.0,41384.0,68061.1,56068.3,15335.9,13157.5,0.0,24749.6,0.0,16458.1,26313.1,19242.6,47016.0,106440.2,128652.3,92810.7,148
102.5,173230.0,45512.0,41384.0,44950.0,41384.0,68061.1,56068.3,15335.9,13157.5,0.0,24749.6,0.0,16460.8,26312.2,19247.2,47019.7,106435.6,128652.3,92810.7,148
103.6,173230.0,45512.0,41384.0,44950.0,41384.0,68061.2,56068.4,15336.0,13157.6,0.0,24749.8,0.0,16460.9,26312.4,19241.4,47014.1,106441.4,128652.3,92811.0,148
104.6,173230.0,45512.0,41384.0,44950.0,41384.0,68061.2,56068.4,15336.0,13157.6,0.0,24749.8,0.0,16461.0,26312.4,19240.0,47012.7,106442.8,128652.3,92811.0,148
105.7,173230.0,45512.0,41384.0,44950.0,41384.0,68061.2,56068.4,15336.0,13157.6,0.0,24749.8,0.0,16461.0,26312.4,19241.8,47014.5,106441.0,128652.3,92811.0,148
106.7,173230.0,45512.0,41384.0,44950.0,41384.0,68061.2,56068.4,15336.0,13157.6,0.0,24749.8,0.0,16461.0,26312.4,19241.4,47014.1,106441.4,128652.3,92811.0,148
107.7,173230.0,45512.0,41384.0,44950.0,41384.0,68061.2,56068.4,15336.0,13157.7,0.0,24749.9,0.0,16461.0,26312.5,19240.2,47013.0,106442.6,128652.3,92811.2,148
108.7,173230.0,45512.0,41384.0,44950.0,41384.0,68061.4,56068.5,15336.1,13157.8,0.0,24750.0,0.0,16472.6,26312.6,19252.9,47025.8,106429.9,128652.3,92811.3,148
109.7,173230.0,45512.0,41384.0,44950.0,41384.0,68061.5,56068.7,15336.3,13157.9,0.0,24750.0,0.0,16464.7,26313.0,19248.1,47021.4,106434.7,128652.3,92811.5,148
110.8,173230.0,45512.0,41384.0,44950.0,41384.0,68061.6,56068.8,15336.4,13158.1,0.0,24750.0,0.0,16464.7,26312.9,19237.8,47011.0,106445.0,128652.3,92811.7,148
111.8,173230.0,45512.0,41384.0,44950.0,41384.0,68061.7,56068.9,15336.5,13158.1,0.0,24750.0,0.0,16464.8,26312.3,19240.5,47013.0,106442.4,128652.3,92811.7,148
112.9,173230.0,45512.0,41384.0,44950.0,41384.0,68062.0,56069.2,15336.8,13158.4,0.0,24750.0,0.0,16464.9,26312.5,19239.4,47012.1,106443.4,128652.3,92812.0,148
113.9,173230.0,45512.0,41384.0,44950.0,41384.0,68062.0,56069.2,15336.8,13158.5,0.0,24750.0,0.0,16465.2,26312.7,19244.5,47017.4,106438.3,128652.3,92812.1,148
114.9,173230.0,45512.0,41384.0,44950.0,41384.0,68062.0,56069.2,15336.8,13158.5,0.0,24750.0,0.0,16465.4,26312.7,19244.6,47017.5,106438.2,128652.3,92812.1,148
116.0,173230.0,45512.0,41384.0,44950.0,41384.0,68062.1,56069.2,15336.8,13158.5,0.0,24750.0,0.0,16465.2,26312.7,19244.3,47017.2,106438.5,128652.3,92812.1,148
117.0,173230.0,45512.0,41384.0,44950.0,41384.0,68062.3,56069.4,15337.0,13158.7,0.0,24750.0,0.0,16465.4,26312.6,19237.5,47010.4,106445.3,128652.3,92812.3,148
118.1,173230.0,45512.0,41384.0,44950.0,41384.0,68062.4,56069.5,15337.1,13158.8,0.0,24750.0,0.0,16465.5,26312.4,19243.1,47015.8,106439.7,128652.3,92812.5,148
119.1,173230.0,45512.0,41384.0,44950.0,41384.0,68065.9,56069.6,15340.6,13158.8,0.0,24750.0,0.0,16465.7,26312.6,19246.2,47019.0,106436.6,128652.3,92815.9,148
120.2,173230.0,45512.0,41384.0,44950.0,41384.0,68065.9,56069.6,15340.6,13158.8,0.0,24750.1,0.0,16465.7,26312.7,19245.7,47018.7,106437.1,128652.3,92816.0,148
121.3,173230.0,45512.0,41384.0,44950.0,41384.0,68066.0,56069.7,15340.7,13159.0,0.0,24750.1,0.0,16465.9,26312.8,19238.7,47011.8,106444.1,128652.3,92816.1,148
122.3,173230.0,45512.0,41384.0,44950.0,41384.0,68066.1,56069.8,15340.8,13159.1,0.0,24750.1,0.0,16465.9,26312.8,19236.6,47009.7,106446.2,128652.3,92816.2,148
123.4,173230.0,45512.0,41384.0,44950.0,41384.0,68066.2,56069.8,15340.9,13159.1,0.0,24750.1,0.0,16466.0,26313.4,19238.3,47012.0,106444.5,128652.3,92816.2,148
124.5,173230.0,45512.0,41384.0,44950.0,41384.0,68066.2,56069.8,15340.9,13159.1,0.0,24750.1,0.0,16466.0,26313.5,19241.1,47014.9,106441.7,128652.3,92816.3,148
125.5,173230.0,45512.0,41384.0,44950.0,41384.0,68066.3,56069.9,15341.0,13159.2,0.0,24750.1,0.0,16466.1,26313.5,19241.7,47015.4,106441.1,128652.3,92816.4,148
126.7,173230.0,45512.0,41384.0,44950.0,41384.0,68071.1,56071.3,15342.3,13160.5,0.0,24750.1,0.0,16467.5,26314.0,19239.5,47013.8,106443.3,128652.3,92821.2,148
127.7,173230.0,45512.0,41384.0,44950.0,41384.0,68071.1,56071.3,15342.3,13160.6,0.0,24750.2,0.0,16467.6,26314.2,19241.6,47016.0,106441.2,128652.3,92821.3,148
128.7,173230.0,45512.0,41384.0,44950.0,41384.0,68071.1,56071.3,15342.4,13160.6,0.0,24750.2,0.0,16467.7,26314.2,19243.9,47018.4,106438.9,128652.3,92821.4,148
129.8,173230.0,45512.0,41384.0,44950.0,41384.0,68071.2,56071.4,15342.5,13160.7,0.0,24750.2,0.0,16468.1,26314.2,19245.0,47019.5,106437.8,128652.3,92821.4,148
130.8,173230.0,45512.0,41384.0,44950.0,41384.0,68071.4,56071.6,15342.6,13160.8,0.0,24750.3,0.0,16467.7,26314.2,19245.7,47020.2,106437.0,128652.3,92821.6,148
131.9,173230.0,45512.0,41384.0,44950.0,41384.0,68071.4,56071.6,15342.6,13160.8,0.0,24750.3,0.0,16467.9,26314.3,19243.4,47018.0,106439.4,128652.3,92821.6,148
132.9,173230.0,45512.0,41384.0,44950.0,41384.0,68071.4,56071.6,15342.6,13160.8,0.0,24750.3,0.0,16468.5,26314.3,19246.8,47021.4,106436.0,128652.3,92821.6,148
134.0,173230.0,45512.0,41384.0,44950.0,41384.0,68071.4,56071.6,15342.6,13160.8,0.0,24750.3,0.0,16468.6,26314.1,19246.0,47020.3,106436.8,128652.3,92821.6,148
135.0,173230.0,45512.0,41384.0,44950.0,41384.0,68071.4,56071.6,15342.7,13160.9,0.0,24750.3,0.0,16468.6,26314.5,19248.6,47023.4,106434.2,128652.3,92821.7,148
136.1,173230.0,45512.0,41384.0,44950.0,41384.0,68071.6,56071.8,15342.8,13161.0,0.0,24750.3,0.0,16468.8,26314.6,19249.0,47023.8,106433.8,128652.3,92821.8,148
137.1,173230.0,45512.0,41384.0,44950.0,41384.0,68071.6,56071.8,15342.9,13161.1,0.0,24750.3,0.0,16468.9,26314.7,19252.4,47027.4,106430.4,128652.3,92821.9,148
138.1,173230.0,45512.0,41384.0,44950.0,41384.0,68071.7,56071.9,15343.0,13161.2,0.0,24750.3,0.0,16469.3,26314.7,19249.3,47024.3,106433.5,128652.3,92822.0,148
139.2,173230.0,45512.0,41384.0,44950.0,41384.0,68071.8,56072.0,15343.0,13161.2,0.0,24750.3,0.0,16468.8,26314.1,19264.7,47039.1,106418.1,128652.3,92822.1,148
140.2,173230.0,45512.0,41384.0,44950.0,41384.0,68071.8,56072.0,15343.0,13161.2,0.0,24750.5,0.0,16467.7,26314.4,19265.5,47040.2,106417.3,128652.3,92822.2,148
141.2,173406.0,45512.0,41384.0,45126.0,41384.0,68072.3,56072.5,15343.5,13161.7,0.0,24750.5,0.0,16483.5,26314.4,19280.1,47054.8,106402.7,128652.3,92822.8,148
142.2,173406.0,45512.0,41384.0,45126.0,41384.0,68079.8,56080.0,15351.0,13169.2,0.0,24750.5,0.0,16477.3,26315.5,19277.2,47052.9,106405.6,128652.3,92830.3,148
143.3,173406.0,45512.0,41384.0,45126.0,41384.0,68079.9,56080.1,15351.2,13169.4,0.0,24750.5,0.0,16477.7,26315.1,19275.1,47050.5,106407.7,128652.3,92830.4,148
144.3,173406.0,45512.0,41384.0,45126.0,41384.0,68079.9,56080.1,15351.2,13169.4,0.0,24750.5,0.0,16477.6,26315.0,19268.1,47043.4,106414.6,128652.3,92830.5,148
145.4,173406.0,45512.0,41384.0,45126.0,41384.0,68080.2,56080.4,15351.5,13169.7,0.0,24750.5,0.0,16477.7,26315.4,19271.6,47047.3,106411.2,128652.3,92830.7,148
146.4,173406.0,45512.0,41384.0,45126.0,41384.0,68080.2,56080.4,15351.5,13169.7,0.0,24750.5,0.0,16478.0,26315.0,19268.0,47043.3,106414.8,128652.3,92830.8,148
147.5,173406.0,45512.0,41384.0,45126.0,41384.0,68080.2,56080.4,15351.5,13169.7,0.0,24750.5,0.0,16479.1,26315.0,19266.9,47042.2,106415.8,128652.3,92830.8,148
148.5,173406.0,45512.0,41384.0,45126.0,41384.0,68080.3,56080.5,15351.5,13169.8,0.0,24750.5,0.0,16478.2,26315.1,19267.4,47042.7,106415.4,128652.3,92830.8,148
149.6,173408.0,45514.0,41384.0,45126.0,41384.0,68080.4,56080.6,15351.6,13169.8,0.0,24750.5,0.0,16478.2,26315.1,19270.3,47045.6,106412.5,128652.3,92830.9,148
150.7,173408.0,45514.0,41384.0,45126.0,41384.0,68080.4,56080.6,15351.6,13169.8,0.0,24750.6,0.0,16478.5,26315.5,19272.9,47048.7,106409.8,128652.3,92830.9,148
151.8,173408.0,45514.0,41384.0,45126.0,41384.0,68086.1,56086.3,15357.3,13175.6,0.0,24750.6,0.0,16478.5,26315.8,19272.3,47048.3,106410.5,128652.3,92836.6,148
152.8,173408.0,45514.0,41384.0,45126.0,41384.0,68086.2,56086.4,15357.4,13175.7,0.0,24750.6,0.0,16484.4,26315.5,19273.9,47049.7,106408.9,128652.3,92836.7,148
153.9,173408.0,45514.0,41384.0,45126.0,41384.0,68086.2,56086.4,15357.4,13175.7,0.0,24750.6,0.0,16484.6,26315.6,19271.5,47047.4,106411.3,128652.3,92836.8,148
154.9,173410.0,45514.0,41384.0,45128.0,41384.0,68086.2,56086.4,15357.4,13175.7,0.0,24750.6,0.0,16484.7,26315.6,19271.1,47047.0,106411.7,128652.3,92836.8,148
156.0,173410.0,45514.0,41384.0,45128.0,41384.0,68086.2,56086.4,15357.5,13175.7,0.0,24750.6,0.0,16484.6,26316.3,19270.3,47046.9,106412.4,128652.3,92836.8,148
157.0,173410.0,45514.0,41384.0,45128.0,41384.0,68086.2,56086.4,15357.5,13175.7,0.0,24750.6,0.0,16484.7,26316.4,19270.4,47047.1,106412.4,128652.3,92836.8,148
158.0,173410.0,45514.0,41384.0,45128.0,41384.0,68086.3,56086.5,15357.5,13175.7,0.0,24750.6,0.0,16485.1,26316.5,19269.2,47046.0,106413.6,128652.3,92836.9,148
159.1,173410.0,45514.0,41384.0,45128.0,41384.0,68086.7,56086.9,15357.9,13176.1,0.0,24750.7,0.0,16484.9,26316.7,19268.7,47045.7,106414.1,128652.3,92837.4,148
160.2,173410.0,45514.0,41384.0,45128.0,41384.0,68086.7,56086.9,15358.0,13176.2,0.0,24750.7,0.0,16485.2,26317.2,19272.7,47050.2,106410.0,128652.3,92837.5,148
161.2,173410.0,45514.0,41384.0,45128.0,41384.0,68106.2,56106.4,15377.4,13195.6,0.0,24750.7,0.0,16485.3,26316.9,19273.7,47050.9,106409.1,128652.3,92856.9,148
162.3,173410.0,45514.0,41384.0,45128.0,41384.0,68106.6,56106.8,15377.9,13196.1,0.0,24750.8,0.0,16504.9,26316.9,19282.0,47059.2,106400.8,128652.3,92857.4,148
163.3,173410.0,45514.0,41384.0,45128.0,41384.0,68106.7,56106.9,15377.9,13196.2,0.0,24750.8,0.0,16505.6,26316.0,19288.4,47064.7,106394.4,128652.3,92857.5,148
164.4,173410.0,45514.0,41384.0,45128.0,41384.0,68106.7,56106.9,15378.0,13196.2,0.0,24750.9,0.0,16505.5,26316.1,19286.7,47063.2,106396.0,128652.3,92857.6,148
165.4,173410.0,45514.0,41384.0,45128.0,41384.0,68106.8,56106.9,15378.1,13196.2,0.0,24750.9,0.0,16505.5,26316.0,19287.5,47063.8,106395.2,128652.3,92857.7,148
166.4,173410.0,45514.0,41384.0,45128.0,41384.0,68106.8,56107.0,15378.1,13196.2,0.0,24750.9,0.0,16505.5,26316.3,19288.2,47064.8,106394.6,128652.3,92857.7,148
167.5,173410.0,45514.0,41384.0,45128.0,41384.0,68106.8,56107.0,15378.1,13196.2,0.0,24750.9,0.0,16505.7,26316.4,19288.4,47065.1,106394.4,128652.3,92857.7,148
168.5,173410.0,45514.0,41384.0,45128.0,41384.0,68106.9,56107.0,15378.1,13196.3,0.0,24750.9,0.0,16505.6,26316.6,19286.7,47063.6,106396.1,128652.3,92857.8,148
169.5,173410.0,45514.0,41384.0,45128.0,41384.0,68106.9,56107.0,15378.1,13196.3,0.0,24750.9,0.0,16505.6,26316.6,19288.5,47065.4,106394.3,128652.3,92857.8,148
170.5,173410.0,45514.0,41384.0,45128.0,41384.0,68106.9,56107.0,15378.1,13196.3,0.0,24750.9,0.0,16502.4,26316.7,19285.0,47062.0,106397.7,128652.3,92857.8,148
171.6,173410.0,45514.0,41384.0,45128.0,41384.0,68106.9,56107.0,15378.2,13196.3,0.0,24750.9,0.0,16502.4,26316.7,19282.3,47059.3,106400.4,128652.3,92857.8,148
172.6,173410.0,45514.0,41384.0,45128.0,41384.0,68106.9,56107.0,15378.1,13196.3,0.0,24750.9,0.0,16502.4,26316.2,19286.5,47063.0,106396.2,128652.3,92857.8,148
173.7,173410.0,45514.0,41384.0,45128.0,41384.0,68115.2,56115.4,15386.5,13204.6,0.0,24750.9,0.0,16502.4,26316.3,19282.4,47059.0,106400.4,128652.3,92866.2,148
174.7,173410.0,45514.0,41384.0,45128.0,41384.0,68115.3,56115.4,15386.6,13204.7,0.0,24751.1,0.0,16511.0,26316.5,19291.7,47068.6,106391.0,128652.3,92866.4,148
175.7,173410.0,45514.0,41384.0,45128.0,41384.0,68115.4,56115.6,15386.7,13204.8,0.0,24751.1,0.0,16510.9,26316.5,19294.9,47071.7,106387.9,128652.3,92866.5,148
176.7,173410.0,45514.0,41384.0,45128.0,41384.0,68115.4,56115.6,15386.7,13204.8,0.0,24751.3,0.0,16511.0,26317.3,19295.4,47073.0,106387.4,128652.3,92866.7,148
177.8,173410.0,45514.0,41384.0,45128.0,41384.0,68115.4,56115.6,15386.7,13204.8,0.0,24751.3,0.0,16511.1,26316.6,19295.5,47072.4,106387.3,128652.3,92866.8,148
178.9,173410.0,45514.0,41384.0,45128.0,41384.0,68115.4,56115.6,15386.7,13204.8,0.0,24751.4,0.0,16511.3,26317.1,19301.4,47078.8,106381.3,128652.3,92866.8,148
180.0,173410.0,45514.0,41384.0,45128.0,41384.0,68115.4,56115.6,15386.7,13204.8,0.0,24751.4,0.0,16511.1,26317.3,19300.4,47078.1,106382.3,128652.3,92866.8,148
181.0,173410.0,45514.0,41384.0,45128.0,41384.0,68115.4,56115.6,15386.7,13204.8,0.0,24751.4,0.0,16511.0,26317.3,19300.7,47078.4,106382.0,128652.3,92866.8,148
182.0,173410.0,45514.0,41384.0,45128.0,41384.0,68115.4,56115.6,15386.7,13204.8,0.0,24751.4,0.0,16511.0,26317.3,19301.0,47078.7,106381.7,128652.3,92866.8,148
183.1,173410.0,45514.0,41384.0,45128.0,41384.0,68115.4,56115.6,15386.7,13204.8,0.0,24751.4,0.0,16511.0,26317.3,19304.6,47082.2,106378.2,128652.3,92866.8,148
184.2,173410.0,45514.0,41384.0,45128.0,41384.0,68115.6,56115.7,15386.8,13205.0,0.0,24751.4,0.0,16511.3,26317.0,19300.9,47078.2,106381.9,128652.3,92866.9,148
185.2,173562.0,45664.0,41384.0,45130.0,41384.0,68115.6,56115.8,15386.9,13205.0,0.0,24751.4,0.0,16511.3,26316.9,19300.8,47078.0,106382.0,128652.3,92867.0,148
186.2,173562.0,45664.0,41384.0,45130.0,41384.0,68115.9,56116.0,15387.2,13205.3,0.0,24751.4,0.0,16511.4,26317.3,19350.2,47127.8,106332.5,128652.3,92867.3,148
187.3,173562.0,45664.0,41384.0,45130.0,41384.0,68115.9,56116.0,15387.2,13205.3,0.0,24751.4,0.0,16511.8,26316.9,19298.5,47075.8,106384.2,128652.3,92867.3,148
188.4,173562.0,45664.0,41384.0,45130.0,41384.0,68116.1,56116.3,15387.4,13205.5,0.0,24751.7,0.0,16512.2,26317.4,19300.2,47078.0,106382.5,128652.3,92867.8,148
189.4,173562.0,45664.0,41384.0,45130.0,41384.0,68125.1,56125.2,15396.4,13214.5,0.0,24751.7,0.0,16520.9,26317.5,19316.2,47094.0,106366.6,128652.3,92876.8,148
190.4,173562.0,45664.0,41384.0,45130.0,41384.0,68125.1,56125.2,15396.3,13214.5,0.0,24751.8,0.0,16523.4,26317.6,19320.2,47098.2,106362.5,128652.3,92876.9,148
191.5,173562.0,45664.0,41384.0,45130.0,41384.0,68125.2,56125.3,15396.4,13214.6,0.0,24751.9,0.0,16538.9,26317.4,19332.6,47110.3,106350.2,128652.3,92877.0,148
192.5,173562.0,45664.0,41384.0,45130.0,41384.0,68125.2,56125.3,15396.4,13214.6,0.0,24752.0,0.0,16524.3,26317.4,19313.2,47090.9,106369.6,128652.3,92877.2,148
193.5,173562.0,45664.0,41384.0,45130.0,41384.0,68125.2,56125.3,15396.4,13214.6,0.0,24752.0,0.0,16524.6,26317.4,19312.9,47090.7,106369.9,128652.3,92877.2,148
194.6,173562.0,45664.0,41384.0,45130.0,41384.0,68125.2,56125.3,15396.4,13214.6,0.0,24752.0,0.0,16524.4,26317.1,19312.2,47089.7,106370.5,128652.3,92877.2,148
195.6,173562.0,45664.0,41384.0,45130.0,41384.0,68125.3,56125.5,15396.6,13214.7,0.0,24752.0,0.0,16524.5,26317.0,19313.0,47090.4,106369.7,128652.3,92877.3,148
196.7,173562.0,45664.0,41384.0,45130.0,41384.0,68126.8,56126.9,15398.0,13216.2,0.0,24752.1,0.0,16525.9,26317.4,19310.8,47088.5,106372.0,128652.3,92878.9,148
197.7,173562.0,45664.0,41384.0,45130.0,41384.0,68127.7,56127.8,15398.9,13217.1,0.0,24752.1,0.0,16526.9,26317.7,19315.4,47093.5,106367.3,128652.3,92879.8,148
198.7,173562.0,45664.0,41384.0,45130.0,41384.0,68127.7,56127.8,15398.9,13217.1,0.0,24752.1,0.0,16526.9,26317.1,19319.2,47096.7,106363.5,128652.3,92879.8,148
199.8,173562.0,45664.0,41384.0,45130.0,41384.0,68127.7,56127.8,15398.9,13217.1,0.0,24752.1,0.0,16526.9,26317.2,19317.8,47095.4,106364.9,128652.3,92879.8,148
200.8,173562.0,45664.0,41384.0,45130.0,41384.0,68127.8,56127.9,15399.1,13217.2,0.0,24752.4,0.0,16527.0,26319.0,19314.8,47094.1,106368.0,128652.3,92880.2,148
201.8,173562.0,45664.0,41384.0,45130.0,41384.0,68127.8,56128.0,15399.1,13217.2,0.0,24752.4,0.0,16527.1,26317.2,19315.5,47093.1,106367.2,128652.3,92880.2,148
202.9,173562.0,45664.0,41384.0,45130.0,41384.0,68135.5,56135.6,15406.7,13224.9,0.0,24752.4,0.0,16534.4,26318.7,19334.2,47113.3,106348.6,128652.3,92887.9,148
203.9,173562.0,45664.0,41384.0,45130.0,41384.0,68141.6,56141.8,15412.9,13231.0,0.0,24752.4,0.0,16540.7,26319.5,19324.1,47103.9,106358.6,128652.3,92894.0,148
205.0,173562.0,45664.0,41384.0,45130.0,41384.0,68201.5,56201.7,15472.8,13290.9,0.0,24752.4,0.0,16600.8,26329.9,19455.1,47245.4,106227.6,128652.3,92954.0,148
206.1,173562.0,45664.0,41384.0,45130.0,41384.0,68214.8,56215.0,15486.1,13304.3,0.0,24752.5,0.0,16603.3,26318.3,19398.1,47176.8,106284.6,128652.3,92967.3,148
207.1,173562.0,45664.0,41384.0,45130.0,41384.0,68161.7,56161.9,15433.0,13251.1,0.0,24752.5,0.0,16560.8,26318.7,19353.7,47132.8,106329.0,128652.3,92914.2,148
208.2,173562.0,45664.0,41384.0,45130.0,41384.0,68175.8,56175.9,15447.0,13265.2,0.0,24752.5,0.0,16574.4,26320.8,19367.3,47148.4,106315.5,128652.3,92928.2,148
209.2,173562.0,45664.0,41384.0,45130.0,41384.0,68190.8,56190.9,15462.0,13280.2,0.0,24752.6,0.0,16590.3,26317.5,19388.3,47166.2,106294.4,128652.3,92943.4,148
210.3,173562.0,45664.0,41384.0,45130.0,41384.0,68197.6,56197.8,15468.9,13287.0,0.0,24752.6,0.0,16596.1,26320.2,19440.5,47221.1,106242.2,128652.3,92950.2,148
211.4,173562.0,45664.0,41384.0,45130.0,41384.0,68197.9,56198.1,15469.2,13287.3,0.0,24752.6,0.0,16597.5,26320.9,19418.2,47199.4,106264.5,128652.3,92950.5,148
212.5,173562.0,45664.0,41384.0,45130.0,41384.0,68197.9,56198.1,15469.2,13287.3,0.0,24752.9,0.0,16597.5,26318.2,19406.3,47184.9,106276.4,128652.3,92950.8,148
213.6,173562.0,45664.0,41384.0,45130.0,41384.0,68198.0,56198.1,15469.2,13287.4,0.0,24752.9,0.0,16596.9,26318.3,19407.1,47185.7,106275.7,128652.3,92950.8,148
214.7,173562.0,45664.0,41384.0,45130.0,41384.0,68212.4,56212.6,15483.7,13301.8,0.0,24752.9,0.0,16610.7,26324.4,19433.1,47217.9,106249.6,128652.3,92965.3,148
215.9,173576.0,45678.0,41384.0,45130.0,41384.0,68216.3,56216.5,15487.6,13305.7,0.0,24752.9,0.0,16615.2,26318.5,19406.4,47185.3,106276.3,128652.3,92969.2,148
216.9,173576.0,45678.0,41384.0,45130.0,41384.0,68216.4,56216.5,15487.6,13305.8,0.0,24753.0,0.0,16615.3,26319.4,19413.8,47193.7,106268.9,128652.3,92969.4,148
217.9,173576.0,45678.0,41384.0,45130.0,41384.0,68216.4,56216.5,15487.6,13305.8,0.0,24753.0,0.0,16615.4,26318.6,19409.2,47188.1,106273.5,128652.3,92969.4,148
219.0,173576.0,45678.0,41384.0,45130.0,41384.0,68216.4,56216.5,15487.6,13305.8,0.0,24753.0,0.0,16615.4,26318.6,19410.9,47189.8,106271.8,128652.3,92969.4,148
220.0,173748.0,45850.0,41384.0,45130.0,41384.0,68216.4,56216.5,15487.6,13305.8,0.0,24753.1,0.0,16615.4,26318.6,19408.5,47187.5,106274.2,128652.3,92969.4,148
221.0,173748.0,45850.0,41384.0,45130.0,41384.0,68216.5,56216.6,15487.7,13305.9,0.0,24753.1,0.0,16614.9,26318.7,19407.8,47186.8,106274.9,128652.3,92969.6,148
222.0,173748.0,45850.0,41384.0,45130.0,41384.0,68221.6,56221.7,15492.8,13311.0,0.0,24753.1,0.0,16619.9,26318.4,19420.2,47199.0,106262.5,128652.3,92974.7,148
223.1,173748.0,45850.0,41384.0,45130.0,41384.0,68221.6,56221.8,15492.9,13311.0,0.0,24753.1,0.0,16620.5,26318.0,19417.2,47195.6,106265.4,128652.3,92974.8,148
224.1,173748.0,45850.0,41384.0,45130.0,41384.0,68221.6,56221.8,15492.9,13311.0,0.0,24753.1,0.0,16620.7,26317.8,19417.2,47195.4,106265.4,128652.3,92974.8,148
225.1,173748.0,45850.0,41384.0,45130.0,41384.0,68221.6,56221.8,15492.9,13311.0,0.0,24753.4,0.0,16620.7,26317.7,19410.9,47189.0,106271.8,128652.3,92975.0,148
226.2,173748.0,45850.0,41384.0,45130.0,41384.0,68221.6,56221.8,15492.9,13311.0,0.0,24753.4,0.0,16621.2,26317.7,19413.4,47191.5,106269.3,128652.3,92975.0,148
227.2,173748.0,45850.0,41384.0,45130.0,41384.0,68221.6,56221.8,15492.9,13311.0,0.0,24753.5,0.0,16620.7,26317.8,19414.3,47192.5,106268.4,128652.3,92975.1,148
228.2,173748.0,45850.0,41384.0,45130.0,41384.0,68221.7,56221.8,15492.9,13311.1,0.0,24753.5,0.0,16620.7,26317.8,19414.7,47192.9,106268.0,128652.3,92975.2,148
229.2,173748.0,45850.0,41384.0,45130.0,41384.0,68224.7,56224.9,15496.0,13314.1,0.0,24753.5,0.0,16623.7,26317.6,19421.9,47199.9,106260.8,128652.3,92978.2,148
230.2,173748.0,45850.0,41384.0,45130.0,41384.0,68224.9,56225.0,15496.1,13314.3,0.0,24753.5,0.0,16623.8,26317.6,19419.5,47197.5,106263.2,128652.3,92978.4,148
231.2,173748.0,45850.0,41384.0,45130.0,41384.0,68224.9,56225.0,15496.1,13314.3,0.0,24753.5,0.0,16624.0,26318.1,19417.3,47195.8,106265.4,128652.3,92978.4,148
232.3,173748.0,45850.0,41384.0,45130.0,41384.0,68228.4,56228.6,15499.7,13317.8,0.0,24753.5,0.0,16628.1,26317.8,19423.2,47201.4,106259.5,128652.3,92982.0,148
233.3,173748.0,45850.0,41384.0,45130.0,41384.0,68228.4,56228.6,15499.7,13317.8,0.0,24753.5,0.0,16628.1,26317.8,19420.5,47198.7,106262.2,128652.3,92982.0,148
234.4,173748.0,45850.0,41384.0,45130.0,41384.0,68228.4,56228.6,15499.7,13317.8,0.0,24753.5,0.0,16627.8,26317.9,19426.1,47204.4,106256.6,128652.3,92982.0,148
235.4,173748.0,45850.0,41384.0,45130.0,41384.0,68228.4,56228.6,15499.7,13317.8,0.0,24753.5,0.0,16628.0,26317.7,19425.2,47203.4,106257.4,128652.3,92982.0,148
236.4,173748.0,45850.0,41384.0,45130.0,41384.0,68228.4,56228.6,15499.7,13317.8,0.0,24753.5,0.0,16629.5,26317.7,19427.7,47205.8,106255.0,128652.3,92982.0,148
237.4,173748.0,45850.0,41384.0,45130.0,41384.0,68228.4,56228.6,15499.7,13317.8,0.0,24753.6,0.0,16629.9,26317.6,19426.8,47204.8,106255.9,128652.3,92982.0,148
238.4,173748.0,45850.0,41384.0,45130.0,41384.0,68228.4,56228.6,15499.7,13317.8,0.0,24753.6,0.0,16629.9,26317.6,19428.7,47206.7,106254.0,128652.3,92982.0,148
239.5,173748.0,45850.0,41384.0,45130.0,41384.0,68228.4,56228.6,15499.7,13317.8,0.0,24753.6,0.0,16630.0,26317.7,19427.9,47205.9,106254.8,128652.3,92982.0,148
240.5,173748.0,45850.0,41384.0,45130.0,41384.0,68228.5,56228.6,15499.7,13317.8,0.0,24753.6,0.0,16630.0,26317.9,19428.6,47206.8,106254.1,128652.3,92982.1,148
241.5,173748.0,45850.0,41384.0,45130.0,41384.0,68228.5,56228.6,15499.7,13317.8,0.0,24753.6,0.0,16627.9,26318.6,19430.2,47209.2,106252.4,128652.3,92982.1,148
242.5,173748.0,45850.0,41384.0,45130.0,41384.0,68228.5,56228.6,15499.7,13317.9,0.0,24753.6,0.0,16627.9,26318.0,19432.8,47211.2,106249.9,128652.3,92982.1,148
243.6,173748.0,45850.0,41384.0,45130.0,41384.0,68228.5,56228.6,15499.7,13317.9,0.0,24753.7,0.0,16628.0,26318.2,19430.6,47209.1,106252.1,128652.3,92982.2,148
244.7,173748.0,45850.0,41384.0,45130.0,41384.0,68228.5,56228.6,15499.7,13317.9,0.0,24753.7,0.0,16627.9,26318.1,19432.5,47211.0,106250.1,128652.3,92982.2,148
245.8,173748.0,45850.0,41384.0,45130.0,41384.0,68228.6,56228.7,15499.8,13317.9,0.0,24753.7,0.0,16628.0,26318.1,19435.0,47213.5,106247.6,128652.3,92982.3,148
246.8,173748.0,45850.0,41384.0,45130.0,41384.0,68228.6,56228.7,15499.8,13318.0,0.0,24753.7,0.0,16628.5,26318.3,19430.3,47209.1,106252.4,128652.3,92982.4,148
247.9,173748.0,45850.0,41384.0,45130.0,41384.0,68229.2,56229.3,15500.4,13318.5,0.0,24753.7,0.0,16628.8,26319.0,19425.6,47205.0,106257.1,128652.3,92982.9,148
248.9,173750.0,45850.0,41384.0,45132.0,41384.0,68229.2,56229.3,15500.4,13318.5,0.0,24753.7,0.0,16628.8,26319.0,19423.9,47203.4,106258.7,128652.3,92982.9,148
249.9,173752.0,45852.0,41384.0,45132.0,41384.0,68229.2,56229.3,15499.3,13318.5,0.0,24753.7,0.0,16628.9,26318.7,19428.9,47208.0,106253.7,128652.3,92982.9,148
250.9,173752.0,45852.0,41384.0,45132.0,41384.0,68297.9,56294.6,15565.7,13383.8,0.0,24753.8,0.0,16694.4,26319.1,19492.4,47271.9,106190.3,128652.3,93051.6,148
252.0,173752.0,45852.0,41384.0,45132.0,41384.0,68297.9,56294.6,15565.7,13383.8,0.0,24753.8,0.0,16691.9,26319.1,19485.6,47265.2,106197.0,128652.3,93051.6,148
253.0,173752.0,45852.0,41384.0,45132.0,41384.0,68247.8,56244.4,15515.6,13333.7,0.0,24753.8,0.0,16641.1,26319.1,19439.3,47218.9,106243.3,128652.3,93001.5,148
254.1,173752.0,45852.0,41384.0,45132.0,41384.0,68279.6,56272.9,15544.0,13362.1,0.0,24753.8,0.0,16660.5,26318.9,19465.7,47245.0,106216.9,128652.3,93033.4,148
255.1,173752.0,45852.0,41384.0,45132.0,41384.0,68279.6,56272.9,15544.0,13362.1,0.0,24753.8,0.0,16669.4,26318.4,19468.4,47247.2,106214.2,128652.3,93033.4,148
256.2,173752.0,45852.0,41384.0,45132.0,41384.0,68279.6,56272.9,15544.0,13362.1,0.0,24753.8,0.0,16669.4,26318.1,19472.5,47251.0,106210.2,128652.3,93033.4,148
257.2,173752.0,45852.0,41384.0,45132.0,41384.0,68279.6,56272.9,15544.0,13362.1,0.0,24753.8,0.0,16669.3,26318.4,19469.0,47247.9,106213.7,128652.3,93033.4,148
258.2,173752.0,45852.0,41384.0,45132.0,41384.0,68279.6,56272.9,15544.0,13362.1,0.0,24753.8,0.0,16669.3,26318.2,19465.8,47244.4,106216.9,128652.3,93033.4,148
259.3,173752.0,45852.0,41384.0,45132.0,41384.0,68279.6,56272.9,15544.0,13362.2,0.0,24753.8,0.0,16669.4,26318.4,19467.5,47246.3,106215.1,128652.3,93033.4,148
260.3,173752.0,45852.0,41384.0,45132.0,41384.0,68279.6,56272.9,15544.1,13362.2,0.0,24753.8,0.0,16669.9,26318.4,19467.8,47246.6,106214.8,128652.3,93033.5,148
261.4,173752.0,45852.0,41384.0,45132.0,41384.0,68280.2,56273.5,15544.7,13362.8,0.0,24753.9,0.0,16670.0,26319.0,19473.9,47253.3,106208.8,128652.3,93034.2,148
262.4,173752.0,45852.0,41384.0,45132.0,41384.0,68280.2,56273.5,15544.7,13362.8,0.0,24754.0,0.0,16670.0,26319.0,19474.7,47254.2,106207.9,128652.3,93034.2,148
263.5,173976.0,46076.0,41384.0,45132.0,41384.0,68280.4,56273.7,15544.9,13363.0,0.0,24754.0,0.0,16670.0,26319.0,19479.0,47258.5,106203.6,128652.3,93034.4,148
264.6,173976.0,46076.0,41384.0,45132.0,41384.0,68296.0,56289.2,15560.4,13378.5,0.0,24754.0,0.0,16685.5,26318.8,19482.6,47261.9,106200.0,128652.3,93049.9,148
265.7,173976.0,46076.0,41384.0,45132.0,41384.0,68296.0,56289.3,15560.4,13378.5,0.0,24754.0,0.0,16685.8,26318.7,19480.7,47259.8,106202.0,128652.3,93050.0,148
266.8,173976.0,46076.0,41384.0,45132.0,41384.0,68296.0,56289.3,15560.5,13378.6,0.0,24754.0,0.0,16685.9,26319.1,19487.9,47267.4,106194.8,128652.3,93050.0,148
267.8,173976.0,46076.0,41384.0,45132.0,41384.0,68296.1,56289.3,15560.5,13378.6,0.0,24754.0,0.0,16685.9,26319.3,19483.6,47263.3,106199.0,128652.3,93050.1,148
268.9,173976.0,46076.0,41384.0,45132.0,41384.0,68296.1,56289.4,15560.5,13378.6,0.0,24754.0,0.0,16686.7,26319.3,19482.1,47261.9,106200.5,128652.3,93050.1,148
269.9,173976.0,46076.0,41384.0,45132.0,41384.0,68296.1,56289.4,15560.5,13378.6,0.0,24754.1,0.0,16685.9,26319.3,19482.7,47262.5,106199.9,128652.3,93050.1,148
270.9,173976.0,46076.0,41384.0,45132.0,41384.0,68296.1,56289.4,15560.5,13378.6,0.0,24754.1,0.0,16685.9,26319.4,19484.0,47263.8,106198.6,128652.3,93050.1,148
272.0,173976.0,46076.0,41384.0,45132.0,41384.0,68296.2,56289.4,15560.5,13378.7,0.0,24754.1,0.0,16688.8,26319.6,19487.0,47267.1,106195.6,128652.3,93050.2,148
273.0,173976.0,46076.0,41384.0,45132.0,41384.0,68296.2,56289.4,15560.5,13378.7,0.0,24754.1,0.0,16689.8,26319.6,19487.0,47267.0,106195.6,128652.3,93050.3,148
274.1,173976.0,46076.0,41384.0,45132.0,41384.0,68296.2,56289.4,15560.6,13378.7,0.0,24754.1,0.0,16689.5,26319.6,19488.7,47268.7,106193.9,128652.3,93050.3,148
275.1,173976.0,46076.0,41384.0,45132.0,41384.0,68296.2,56289.4,15560.6,13378.7,0.0,24754.1,0.0,16689.4,26319.6,19486.9,47267.0,106195.7,128652.3,93050.3,148
276.2,173976.0,46076.0,41384.0,45132.0,41384.0,68296.2,56289.5,15560.6,13378.7,0.0,24754.1,0.0,16689.5,26319.0,19487.6,47267.1,106195.0,128652.3,93050.3,148
277.2,173976.0,46076.0,41384.0,45132.0,41384.0,68297.0,56290.2,15561.3,13379.5,0.0,24754.2,0.0,16689.6,26319.8,19492.4,47272.7,106190.2,128652.3,93051.2,148
278.3,173976.0,46076.0,41384.0,45132.0,41384.0,68300.7,56294.0,15565.1,13383.3,0.0,24754.2,0.0,16691.2,26320.0,19502.3,47282.8,106180.3,128652.3,93055.0,148
279.3,173976.0,46076.0,41384.0,45132.0,41384.0,68316.4,56309.6,15580.8,13398.9,0.0,24754.2,0.0,16703.5,26319.8,19508.2,47288.4,106174.4,128652.3,93070.6,148
280.5,173976.0,46076.0,41384.0,45132.0,41384.0,68321.4,56314.7,15585.8,13404.0,0.0,24754.3,0.0,16714.4,26324.2,19591.4,47376.1,106091.3,128652.3,93075.7,148
281.5,173976.0,46076.0,41384.0,45132.0,41384.0,68321.4,56314.7,15585.8,13404.0,0.0,24754.3,0.0,16714.9,26320.9,19564.8,47346.1,106117.8,128652.3,93075.7,148
282.7,173976.0,46076.0,41384.0,45132.0,41384.0,68319.5,56312.8,15583.9,13402.0,0.0,24754.3,0.0,16713.0,26320.8,19529.8,47311.1,106152.8,128652.3,93073.8,148
283.7,173976.0,46076.0,41384.0,45132.0,41384.0,68323.3,56316.6,15587.7,13405.8,0.0,24754.3,0.0,16716.4,26320.5,19535.4,47316.4,106147.2,128652.3,93077.6,148
284.7,173976.0,46076.0,41384.0,45132.0,41384.0,68338.8,56332.1,15603.2,13421.4,0.0,24754.3,0.0,16731.5,26337.5,19608.0,47405.9,106074.6,128652.3,93093.1,148
285.8,173976.0,46076.0,41384.0,45132.0,41384.0,68337.8,56331.1,15602.2,13420.4,0.0,24754.3,0.0,16731.3,26321.0,19589.5,47370.9,106093.1,128652.3,93092.1,148
286.9,173976.0,46076.0,41384.0,45132.0,41384.0,68338.1,56331.4,15602.5,13420.6,0.0,24754.3,0.0,16731.5,26320.6,19547.8,47328.9,106134.8,128652.3,93092.4,148
288.0,173976.0,46076.0,41384.0,45132.0,41384.0,68338.2,56331.5,15602.6,13420.7,0.0,24754.3,0.0,16731.8,26320.5,19550.9,47331.8,106131.8,128652.3,93092.5,148
289.1,173976.0,46076.0,41384.0,45132.0,41384.0,68338.2,56331.5,15602.6,13420.7,0.0,24754.3,0.0,16731.3,26324.3,19624.3,47409.1,106058.3,128652.3,93092.5,148
290.1,173976.0,46076.0,41384.0,45132.0,41384.0,68338.2,56331.5,15602.6,13420.7,0.0,24754.3,0.0,16731.7,26320.3,19556.5,47337.3,106126.1,128652.3,93092.5,148
291.2,173976.0,46076.0,41384.0,45132.0,41384.0,68344.6,56337.9,15609.0,13427.1,0.0,24754.3,0.0,16737.9,26321.0,19557.5,47339.0,106125.1,128652.3,93098.9,148
292.3,173976.0,46076.0,41384.0,45132.0,41384.0,68345.5,56338.8,15609.9,13428.0,0.0,24754.3,0.0,16739.2,26321.1,19611.2,47392.8,106071.4,128652.3,93099.8,148
293.3,173976.0,46076.0,41384.0,45132.0,41384.0,68345.7,56339.0,15610.1,13428.3,0.0,24754.3,0.0,16739.4,26321.6,19559.7,47341.7,106123.0,128652.3,93100.1,148
294.4,173976.0,46076.0,41384.0,45132.0,41384.0,68345.8,56339.1,15610.2,13428.4,0.0,24754.3,0.0,16739.5,26321.0,19555.0,47336.5,106127.6,128652.3,93100.2,148
295.5,173976.0,46076.0,41384.0,45132.0,41384.0,68345.8,56339.1,15610.2,13428.4,0.0,24754.4,0.0,16741.4,26320.7,19592.9,47374.0,106089.7,128652.3,93100.2,148
296.5,173976.0,46076.0,41384.0,45132.0,41384.0,68344.3,56337.5,15608.6,13426.8,0.0,24754.4,0.0,16741.7,26321.5,19700.8,47482.8,105981.8,128652.3,93098.6,148
297.5,173976.0,46076.0,41384.0,45132.0,41384.0,68344.3,56337.6,15608.6,13426.8,0.0,24754.5,0.0,16741.3,26321.9,19563.6,47346.0,106119.0,128652.3,93098.8,148
298.6,173976.0,46076.0,41384.0,45132.0,41384.0,68344.3,56337.6,15608.7,13426.8,0.0,24754.5,0.0,16740.8,26321.0,19560.0,47341.5,106122.6,128652.3,93098.8,148
299.6,173976.0,46076.0,41384.0,45132.0,41384.0,68344.4,56337.6,15608.7,13426.9,0.0,24754.5,0.0,16740.9,26320.6,19555.5,47336.6,106127.1,128652.3,93098.9,148
300.7,173976.0,46076.0,41384.0,45132.0,41384.0,68344.4,56337.7,15608.8,13426.9,0.0,24754.5,0.0,16738.8,26320.6,19555.8,47336.9,106126.8,128652.3,93098.9,148
301.7,173976.0,46076.0,41384.0,45132.0,41384.0,68344.5,56337.8,15608.9,13427.0,0.0,24754.5,0.0,16738.9,26320.1,19548.3,47328.9,106134.3,128652.3,93099.0,148
302.8,173976.0,46076.0,41384.0,45132.0,41384.0,68344.6,56337.8,15609.0,13427.1,0.0,24754.5,0.0,16738.1,26323.2,19567.8,47351.5,106114.8,128652.3,93099.1,148
303.8,173976.0,46076.0,41384.0,45132.0,41384.0,68344.7,56337.9,15609.0,13427.2,0.0,24754.6,0.0,16752.5,26322.1,19582.0,47364.6,106100.6,128652.3,93099.2,148
304.8,173976.0,46076.0,41384.0,45132.0,41384.0,68345.7,56339.0,15610.1,13428.3,0.0,24754.6,0.0,16740.1,26321.8,19566.2,47348.5,106116.5,128652.3,93100.3,148
305.8,173976.0,46076.0,41384.0,45132.0,41384.0,68359.6,56352.8,15623.9,13442.1,0.0,24754.6,0.0,16753.5,26335.3,19645.6,47441.4,106037.0,128652.3,93114.1,148
306.8,173976.0,46076.0,41384.0,45132.0,41384.0,68359.6,56352.9,15624.0,13442.2,0.0,24754.6,0.0,16754.1,26321.4,19570.6,47352.5,106112.0,128652.3,93114.2,148
307.9,173976.0,46076.0,41384.0,45132.0,41384.0,68359.8,56353.0,15624.1,13442.3,0.0,24754.6,0.0,16753.8,26321.3,19565.7,47347.4,106116.9,128652.3,93114.4,148
308.9,173976.0,46076.0,41384.0,45132.0,41384.0,68359.8,56353.0,15624.1,13442.3,0.0,24754.7,0.0,16753.8,26321.2,19567.7,47349.4,106114.9,128652.3,93114.4,148
309.9,173976.0,46076.0,41384.0,45132.0,41384.0,68359.8,56353.0,15624.1,13442.3,0.0,24754.7,0.0,16753.9,26321.1,19569.1,47350.7,106113.5,128652.3,93114.4,148
310.9,173976.0,46076.0,41384.0,45132.0,41384.0,68359.8,56353.0,15624.1,13442.3,0.0,24754.7,0.0,16755.3,26321.1,19565.4,47347.0,106117.2,128652.3,93114.4,148
311.9,173976.0,46076.0,41384.0,45132.0,41384.0,68359.8,56353.0,15624.1,13442.3,0.0,24754.7,0.0,16756.0,26320.4,19568.1,47349.0,106114.5,128652.3,93114.4,148
312.9,173990.0,46076.0,41384.0,45146.0,41384.0,68360.0,56353.3,15624.3,13442.5,0.0,24754.7,0.0,16755.9,26320.1,19567.4,47348.0,106115.2,128652.3,93114.7,148
314.0,173990.0,46076.0,41384.0,45146.0,41384.0,68360.1,56353.3,15624.4,13442.6,0.0,24754.7,0.0,16756.3,26320.2,19568.4,47349.0,106114.3,128652.3,93114.8,148
315.0,173990.0,46076.0,41384.0,45146.0,41384.0,68360.1,56353.3,15624.4,13442.6,0.0,24754.7,0.0,16756.4,26320.2,19569.7,47350.3,106112.9,128652.3,93114.8,148
316.0,173990.0,46076.0,41384.0,45146.0,41384.0,68360.1,56353.3,15624.4,13442.6,0.0,24754.7,0.0,16754.2,26320.3,19565.4,47346.2,106117.1,128652.3,93114.8,148
317.0,173990.0,46076.0,41384.0,45146.0,41384.0,68360.1,56353.3,15624.4,13442.6,0.0,24754.7,0.0,16754.2,26320.0,19566.3,47346.8,106116.3,128652.3,93114.8,148
318.0,173990.0,46076.0,41384.0,45146.0,41384.0,68360.1,56353.3,15624.4,13442.6,0.0,24754.7,0.0,16754.2,26320.1,19562.5,47343.0,106120.1,128652.3,93114.8,148
319.1,173990.0,46076.0,41384.0,45146.0,41384.0,68360.1,56353.3,15624.4,13442.6,0.0,24754.7,0.0,16756.4,26320.1,19564.8,47345.4,106117.8,128652.3,93114.8,148
320.1,173990.0,46076.0,41384.0,45146.0,41384.0,68360.1,56353.3,15624.4,13442.6,0.0,24754.7,0.0,16756.3,26319.7,19560.8,47341.0,106121.8,128652.3,93114.8,148
321.1,173990.0,46076.0,41384.0,45146.0,41384.0,68360.1,56353.3,15624.4,13442.6,0.0,24754.8,0.0,16754.2,26319.8,19559.3,47339.6,106123.3,128652.3,93114.8,148
322.1,173990.0,46076.0,41384.0,45146.0,41384.0,68360.1,56353.3,15624.4,13442.6,0.0,24754.8,0.0,16754.2,26319.2,19561.8,47341.5,106120.8,128652.3,93114.8,148
323.1,173990.0,46076.0,41384.0,45146.0,41384.0,68360.1,56353.3,15624.4,13442.6,0.0,24754.8,0.0,16754.4,26319.2,19561.8,47341.4,106120.8,128652.3,93114.8,148
324.2,173990.0,46076.0,41384.0,45146.0,41384.0,68361.4,56354.6,15625.7,13443.9,0.0,24754.8,0.0,16755.9,26320.6,19566.9,47348.1,106115.7,128652.3,93116.2,148
325.2,173990.0,46076.0,41384.0,45146.0,41384.0,68362.5,56355.8,15626.9,13445.0,0.0,24754.8,0.0,16758.4,26320.3,19567.1,47347.9,106115.5,128652.3,93117.3,148
326.2,173990.0,46076.0,41384.0,45146.0,41384.0,68329.0,56322.3,15593.4,13411.6,0.0,24754.8,0.0,16725.7,26319.7,19527.3,47307.4,106155.3,128652.3,93083.8,148
327.2,173990.0,46076.0,41384.0,45146.0,41384.0,68329.1,56322.3,15593.4,13411.6,0.0,24755.0,0.0,16725.6,26319.5,19526.2,47306.2,106156.4,128652.3,93084.0,148
328.2,173990.0,46076.0,41384.0,45146.0,41384.0,68332.6,56325.9,15597.0,13415.2,0.0,24755.0,0.0,16723.6,26319.5,19523.4,47303.4,106159.2,128652.3,93087.6,148
329.2,173990.0,46076.0,41384.0,45146.0,41384.0,68332.7,56325.9,15597.1,13415.2,0.0,24755.0,0.0,16727.7,26319.7,19531.1,47311.3,106151.5,128652.3,93087.6,148
330.3,173990.0,46076.0,41384.0,45146.0,41384.0,68332.8,56326.1,15597.2,13415.4,0.0,24755.0,0.0,16728.0,26319.1,19529.9,47309.5,106152.7,128652.3,93087.8,148
331.3,173990.0,46076.0,41384.0,45146.0,41384.0,68326.9,56320.2,15591.3,13409.4,0.0,24755.0,0.0,16722.6,26320.0,19521.5,47302.0,106161.0,128652.3,93081.9,148
332.3,173990.0,46076.0,41384.0,45146.0,41384.0,68326.9,56320.2,15591.3,13409.4,0.0,24755.0,0.0,16722.6,26319.7,19523.8,47304.0,106158.8,128652.3,93081.9,148
333.3,173990.0,46076.0,41384.0,45146.0,41384.0,68350.2,56343.5,15614.6,13432.8,0.0,24755.0,0.0,16742.7,26319.9,19541.8,47322.3,106140.8,128652.3,93105.2,148
334.3,173990.0,46076.0,41384.0,45146.0,41384.0,68383.7,56373.3,15648.1,13462.6,0.0,24755.0,0.0,16771.3,26320.0,19570.8,47351.3,106111.8,128652.3,93138.8,148
335.3,173990.0,46076.0,41384.0,45146.0,41384.0,68410.9,56400.5,15675.3,13489.8,0.0,24755.1,0.0,16799.5,26319.9,19592.3,47372.7,106090.2,128652.3,93166.0,148
336.4,173990.0,46076.0,41384.0,45146.0,41384.0,68411.0,56400.6,15675.3,13489.9,0.0,24755.1,0.0,16799.5,26319.9,19588.5,47368.9,106094.1,128652.3,93166.0,148
337.4,173990.0,46076.0,41384.0,45146.0,41384.0,68411.0,56400.6,15675.4,13489.9,0.0,24755.1,0.0,16799.6,26319.5,19591.9,47372.0,106090.6,128652.3,93166.1,148
338.4,173990.0,46076.0,41384.0,45146.0,41384.0,68442.9,56429.0,15703.7,13518.2,0.0,24755.1,0.0,16827.9,26320.0,19622.6,47403.1,106060.0,128652.3,93198.0,148
339.4,173990.0,46076.0,41384.0,45146.0,41384.0,68443.0,56429.0,15703.7,13518.3,0.0,24755.1,0.0,16827.9,26320.0,19619.8,47400.3,106062.7,128652.3,93198.1,148
340.4,173990.0,46076.0,41384.0,45146.0,41384.0,68443.2,56429.2,15704.0,13518.5,0.0,24755.1,0.0,16828.2,26320.0,19624.6,47405.1,106058.0,128652.3,93198.3,148
341.5,173990.0,46076.0,41384.0,45146.0,41384.0,68443.2,56429.2,15704.0,13518.5,0.0,24755.1,0.0,16828.2,26319.5,19619.9,47399.9,106062.6,128652.3,93198.3,148
342.5,173990.0,46076.0,41384.0,45146.0,41384.0,68443.2,56429.2,15704.0,13518.5,0.0,24755.1,0.0,16828.5,26319.5,19620.6,47400.6,106062.0,128652.3,93198.3,148
343.5,173990.0,46076.0,41384.0,45146.0,41384.0,68443.2,56429.2,15704.0,13518.5,0.0,24755.1,0.0,16828.8,26319.4,19622.7,47402.6,106059.9,128652.3,93198.3,148
344.5,173990.0,46076.0,41384.0,45146.0,41384.0,68443.2,56429.2,15704.0,13518.5,0.0,24755.1,0.0,16828.6,26320.3,19614.4,47395.2,106068.2,128652.3,93198.3,148
345.6,173990.0,46076.0,41384.0,45146.0,41384.0,68443.2,56429.2,15704.0,13518.5,0.0,24755.2,0.0,16828.6,26320.4,19613.8,47394.7,106068.7,128652.3,93198.4,148
346.6,173990.0,46076.0,41384.0,45146.0,41384.0,68447.2,56433.2,15708.0,13522.5,0.0,24755.2,0.0,16828.6,26320.0,19611.8,47392.3,106070.8,128652.3,93202.4,148
347.9,173990.0,46076.0,41384.0,45146.0,41384.0,68451.2,56437.2,15712.0,13526.5,0.0,24755.2,0.0,16836.7,26321.9,19630.6,47413.0,106052.0,128652.3,93206.4,148
348.9,173990.0,46076.0,41384.0,45146.0,41384.0,68451.2,56437.2,15712.0,13526.5,0.0,24755.2,0.0,16836.7,26321.1,19632.7,47414.3,106049.9,128652.3,93206.5,148
349.9,173990.0,46076.0,41384.0,45146.0,41384.0,68417.8,56403.8,15678.6,13493.1,0.0,24755.2,0.0,16785.0,26321.1,19582.1,47363.7,106100.5,128652.3,93173.1,148
351.0,173990.0,46076.0,41384.0,45146.0,41384.0,68417.8,56403.8,15678.6,13493.1,0.0,24755.2,0.0,16803.3,26320.6,19595.9,47377.1,106086.6,128652.3,93173.1,148
352.0,173990.0,46076.0,41384.0,45146.0,41384.0,68417.8,56403.8,15678.6,13493.1,0.0,24755.2,0.0,16803.3,26320.6,19598.0,47379.1,106084.5,128652.3,93173.1,148
353.1,173990.0,46076.0,41384.0,45146.0,41384.0,68417.8,56403.8,15678.5,13493.1,0.0,24755.3,0.0,16804.8,26320.6,19602.2,47383.4,106080.3,128652.3,93173.1,148
354.1,173990.0,46076.0,41384.0,45146.0,41384.0,68417.8,56403.8,15678.5,13493.1,0.0,24755.3,0.0,16806.7,26320.9,19604.2,47385.6,106078.4,128652.3,93173.1,148
355.1,173990.0,46076.0,41384.0,45146.0,41384.0,68417.8,56403.8,15678.5,13493.1,0.0,24755.3,0.0,16806.4,26320.9,19604.5,47385.9,106078.1,128652.3,93173.1,148
356.2,173990.0,46076.0,41384.0,45146.0,41384.0,68417.8,56403.8,15678.5,13493.1,0.0,24755.3,0.0,16806.5,26320.9,19605.8,47387.2,106076.7,128652.3,93173.1,148
357.2,173990.0,46076.0,41384.0,45146.0,41384.0,68417.8,56403.8,15678.5,13493.1,0.0,24755.3,0.0,16807.0,26320.9,19607.5,47388.9,106075.1,128652.3,93173.1,148
358.3,173990.0,46076.0,41384.0,45146.0,41384.0,68441.2,56427.2,15701.9,13516.4,0.0,24755.3,0.0,16820.3,26322.1,19625.0,47407.6,106057.5,128652.3,93196.5,148
359.4,173990.0,46076.0,41384.0,45146.0,41384.0,68441.2,56427.2,15701.9,13516.5,0.0,24755.3,0.0,16829.9,26321.8,19632.8,47415.2,106049.7,128652.3,93196.5,148
360.4,173990.0,46076.0,41384.0,45146.0,41384.0,68441.2,56427.2,15701.9,13516.5,0.0,24755.3,0.0,16831.7,26321.8,19634.6,47416.9,106048.0,128652.3,93196.5,148
361.4,173990.0,46076.0,41384.0,45146.0,41384.0,68441.2,56427.2,15701.9,13516.5,0.0,24755.4,0.0,16832.1,26321.1,19635.0,47416.7,106047.5,128652.3,93196.6,148
362.4,173990.0,46076.0,41384.0,45146.0,41384.0,68441.2,56427.2,15701.9,13516.5,0.0,24755.4,0.0,16832.1,26321.1,19637.8,47419.4,106044.8,128652.3,93196.6,148
363.5,173990.0,46076.0,41384.0,45146.0,41384.0,68441.2,56427.2,15701.9,13516.5,0.0,24755.4,0.0,16832.1,26321.1,19636.0,47417.7,106046.6,128652.3,93196.6,148
364.5,173990.0,46076.0,41384.0,45146.0,41384.0,68441.3,56427.3,15702.0,13516.6,0.0,24755.4,0.0,16832.1,26321.2,19635.7,47417.5,106046.8,128652.3,93196.8,148
365.5,173990.0,46076.0,41384.0,45146.0,41384.0,68441.4,56427.4,15702.1,13516.6,0.0,24755.4,0.0,16830.1,26321.3,19632.1,47413.9,106050.5,128652.3,93196.8,148
366.5,173990.0,46076.0,41384.0,45146.0,41384.0,68447.8,56433.8,15708.5,13523.1,0.0,24755.5,0.0,16836.6,26321.3,19627.5,47409.3,106055.0,128652.3,93203.3,148
367.5,173990.0,46076.0,41384.0,45146.0,41384.0,68447.8,56433.8,15708.5,13523.1,0.0,24755.5,0.0,16836.6,26321.3,19628.1,47409.9,106054.4,128652.3,93203.3,148
368.5,173990.0,46076.0,41384.0,45146.0,41384.0,68447.8,56433.8,15708.5,13523.1,0.0,24755.5,0.0,16836.6,26321.3,19627.1,47408.9,106055.4,128652.3,93203.3,148
369.5,173990.0,46076.0,41384.0,45146.0,41384.0,68447.9,56433.9,15708.6,13523.1,0.0,24755.5,0.0,16836.6,26321.5,19630.4,47412.4,106052.2,128652.3,93203.3,148
370.6,173990.0,46076.0,41384.0,45146.0,41384.0,68447.9,56433.9,15708.6,13523.1,0.0,24755.5,0.0,16836.6,26321.3,19626.8,47408.6,106055.8,128652.3,93203.4,148
371.6,173990.0,46076.0,41384.0,45146.0,41384.0,68447.9,56433.9,15708.6,13523.1,0.0,24755.5,0.0,16836.7,26321.1,19625.4,47407.1,106057.2,128652.3,93203.4,148
372.7,173990.0,46076.0,41384.0,45146.0,41384.0,68448.0,56434.0,15708.7,13523.2,0.0,24755.5,0.0,16836.5,26321.1,19629.6,47411.3,106052.9,128652.3,93203.5,148
373.7,173990.0,46076.0,41384.0,45146.0,41384.0,68448.0,56434.0,15708.7,13523.3,0.0,24755.6,0.0,16836.8,26321.2,19628.6,47410.3,106053.9,128652.3,93203.5,148
374.7,173990.0,46076.0,41384.0,45146.0,41384.0,68448.0,56434.0,15708.7,13523.3,0.0,24755.6,0.0,16836.8,26320.9,19631.7,47413.1,106050.8,128652.3,93203.6,148
375.7,173990.0,46076.0,41384.0,45146.0,41384.0,68448.0,56434.0,15708.7,13523.3,0.0,24755.6,0.0,16836.8,26321.0,19633.4,47414.9,106049.2,128652.3,93203.6,148
376.7,173990.0,46076.0,41384.0,45146.0,41384.0,68448.0,56434.0,15708.7,13523.3,0.0,24755.6,0.0,16836.8,26320.9,19635.5,47417.0,106047.1,128652.3,93203.6,148
377.7,173990.0,46076.0,41384.0,45146.0,41384.0,68448.0,56434.0,15708.7,13523.3,0.0,24755.6,0.0,16836.8,26320.9,19633.8,47415.3,106048.7,128652.3,93203.6,148
378.7,173990.0,46076.0,41384.0,45146.0,41384.0,68448.0,56434.0,15708.7,13523.3,0.0,24755.6,0.0,16837.0,26320.7,19636.5,47417.8,106046.0,128652.3,93203.6,148
379.7,173990.0,46076.0,41384.0,45146.0,41384.0,68448.0,56434.0,15708.7,13523.3,0.0,24755.6,0.0,16836.8,26320.6,19634.1,47415.3,106048.4,128652.3,93203.6,148
380.8,173990.0,46076.0,41384.0,45146.0,41384.0,68448.0,56434.0,15708.7,13523.3,0.0,24755.6,0.0,16836.8,26322.3,19638.4,47421.2,106044.1,128652.3,93203.6,148
381.8,173990.0,46076.0,41384.0,45146.0,41384.0,68448.0,56434.0,15708.7,13523.3,0.0,24755.6,0.0,16836.8,26321.2,19634.8,47416.6,106047.7,128652.3,93203.6,148
382.9,173990.0,46076.0,41384.0,45146.0,41384.0,68448.1,56434.1,15708.8,13523.4,0.0,24755.6,0.0,16837.0,26322.1,19633.7,47416.3,106048.8,128652.3,93203.8,148
383.9,173990.0,46076.0,41384.0,45146.0,41384.0,68448.2,56434.2,15708.9,13523.4,0.0,24755.6,0.0,16835.9,26321.9,19640.7,47423.2,106041.9,128652.3,93203.8,148
385.0,173990.0,46076.0,41384.0,45146.0,41384.0,68448.2,56434.2,15708.9,13523.5,0.0,24755.7,0.0,16851.4,26322.3,19656.8,47439.6,106025.8,128652.3,93203.9,148
386.0,173990.0,46076.0,41384.0,45146.0,41384.0,68448.2,56434.3,15708.9,13523.5,0.0,24755.7,0.0,16837.1,26320.9,19640.2,47421.6,106042.3,128652.3,93203.9,148
387.0,173990.0,46076.0,41384.0,45146.0,41384.0,68448.3,56434.3,15709.0,13523.6,0.0,24755.7,0.0,16837.1,26320.9,19641.8,47423.2,106040.8,128652.3,93204.0,148
388.0,173990.0,46076.0,41384.0,45146.0,41384.0,68448.5,56434.5,15709.2,13523.7,0.0,24755.7,0.0,16837.2,26321.7,19639.6,47421.8,106043.0,128652.3,93204.1,148
389.1,173990.0,46076.0,41384.0,45146.0,41384.0,68448.5,56434.5,15709.2,13523.8,0.0,24755.7,0.0,16837.4,26321.5,19637.9,47419.9,106044.6,128652.3,93204.2,148
390.1,173990.0,46076.0,41384.0,45146.0,41384.0,68448.5,56434.5,15709.2,13523.8,0.0,24755.7,0.0,16837.3,26321.5,19636.9,47418.9,106045.6,128652.3,93204.2,148
391.1,173990.0,46076.0,41384.0,45146.0,41384.0,68448.5,56434.5,15709.2,13523.8,0.0,24755.7,0.0,16837.4,26321.5,19637.2,47419.3,106045.3,128652.3,93204.2,148
392.1,173990.0,46076.0,41384.0,45146.0,41384.0,68448.6,56434.6,15709.3,13523.9,0.0,24755.7,0.0,16837.4,26327.6,19649.0,47437.2,106033.5,128652.3,93204.3,148
393.2,173990.0,46076.0,41384.0,45146.0,41384.0,68448.6,56434.6,15709.3,13523.9,0.0,24755.7,0.0,16837.2,26321.9,19644.5,47426.9,106038.1,128652.3,93204.3,148
394.2,173990.0,46076.0,41384.0,45146.0,41384.0,68448.6,56434.7,15709.3,13523.9,0.0,24755.8,0.0,16837.8,26322.5,19648.2,47431.2,106034.3,128652.3,93204.4,148
395.3,173990.0,46076.0,41384.0,45146.0,41384.0,68448.6,56434.7,15709.3,13523.9,0.0,24755.8,0.0,16837.8,26322.5,19646.6,47429.6,106035.9,128652.3,93204.4,148
396.3,173990.0,46076.0,41384.0,45146.0,41384.0,68448.6,56434.7,15709.3,13523.9,0.0,24755.8,0.0,16837.9,26322.5,19644.6,47427.7,106037.9,128652.3,93204.5,148
397.4,173990.0,46076.0,41384.0,45146.0,41384.0,68513.2,56499.2,15773.9,13588.4,0.0,24755.8,0.0,16840.1,26326.6,19668.2,47455.4,106014.3,128652.3,93269.0,148
398.5,173990.0,46076.0,41384.0,45146.0,41384.0,68483.2,56469.2,15743.9,13558.5,0.0,24756.0,0.0,16872.6,26327.8,19698.0,47486.4,105984.5,128652.3,93239.2,148
399.5,173990.0,46076.0,41384.0,45146.0,41384.0,68483.2,56469.2,15743.9,13558.5,0.0,24756.0,0.0,16872.6,26324.5,19693.9,47479.0,105988.6,128652.3,93239.2,148
400.6,173990.0,46076.0,41384.0,45146.0,41384.0,68429.6,56415.6,15690.3,13504.8,0.0,24756.0,0.0,16819.4,26324.5,19634.6,47419.7,106047.9,128652.3,93185.5,148
401.7,173990.0,46076.0,41384.0,45146.0,41384.0,68429.6,56415.6,15690.3,13504.8,0.0,24756.0,0.0,16819.0,26324.1,19634.6,47419.3,106047.9,128652.3,93185.5,148
402.7,173990.0,46076.0,41384.0,45146.0,41384.0,68429.6,56415.6,15690.3,13504.8,0.0,24756.0,0.0,16818.9,26324.1,19634.8,47419.5,106047.7,128652.3,93185.5,148
403.7,173990.0,46076.0,41384.0,45146.0,41384.0,68429.6,56415.6,15690.3,13504.8,0.0,24756.0,0.0,16819.0,26324.1,19631.2,47415.8,106051.3,128652.3,93185.5,148
404.7,173990.0,46076.0,41384.0,45146.0,41384.0,68429.6,56415.6,15690.3,13504.8,0.0,24756.0,0.0,16819.0,26324.1,19630.6,47415.3,106051.9,128652.3,93185.6,148
405.9,173990.0,46076.0,41384.0,45146.0,41384.0,68434.3,56420.3,15695.0,13509.6,0.0,24756.0,0.0,16823.0,26325.7,19627.4,47413.7,106055.1,128652.3,93190.3,148
406.9,173990.0,46076.0,41384.0,45146.0,41384.0,68465.6,56451.6,15726.3,13540.8,0.0,24756.2,0.0,16846.8,26325.5,19649.2,47435.3,106033.3,128652.3,93221.7,148
407.9,173990.0,46076.0,41384.0,45146.0,41384.0,68480.3,56466.3,15741.0,13555.6,0.0,24756.2,0.0,16869.8,26325.7,19679.1,47465.4,106003.4,128652.3,93236.5,148
408.9,173990.0,46076.0,41384.0,45146.0,41384.0,68480.3,56466.3,15741.0,13555.6,0.0,24756.2,0.0,16869.8,26325.6,19678.0,47464.3,106004.5,128652.3,93236.5,148
410.0,173990.0,46076.0,41384.0,45146.0,41384.0,68480.3,56466.3,15741.0,13555.6,0.0,24756.2,0.0,16869.8,26326.1,19672.3,47458.9,106010.2,128652.3,93236.5,148
411.0,173990.0,46076.0,41384.0,45146.0,41384.0,68421.6,56407.6,15682.3,13496.9,0.0,24756.2,0.0,16811.5,26324.8,19622.3,47407.7,106060.2,128652.3,93177.8,148
412.1,173990.0,46076.0,41384.0,45146.0,41384.0,68498.5,56484.5,15759.2,13573.8,0.0,24756.2,0.0,16871.1,26353.6,19785.5,47599.7,105897.0,128652.3,93254.7,148
413.2,173990.0,46076.0,41384.0,45146.0,41384.0,68523.2,56509.2,15783.9,13598.5,0.0,24756.2,0.0,16912.8,26332.0,19728.2,47520.8,105954.3,128652.3,93279.5,148
414.3,173990.0,46076.0,41384.0,45146.0,41384.0,68537.1,56523.1,15797.9,13612.4,0.0,24756.2,0.0,16922.2,26336.4,19774.7,47571.7,105907.8,128652.3,93293.4,148
415.4,173990.0,46076.0,41384.0,45146.0,41384.0,68539.5,56525.5,15800.2,13614.7,0.0,24756.3,0.0,16925.3,26347.4,19800.9,47608.9,105881.6,128652.3,93295.7,148
416.4,173990.0,46076.0,41384.0,45146.0,41384.0,68530.9,56516.9,15791.6,13606.1,0.0,24756.3,0.0,16917.2,26327.9,19731.4,47519.8,105951.1,128652.3,93287.1,148
417.5,173990.0,46076.0,41384.0,45146.0,41384.0,68533.3,56519.3,15794.0,13608.6,0.0,24756.3,0.0,16919.8,26327.5,19736.7,47524.8,105945.8,128652.3,93289.6,148
418.6,173990.0,46076.0,41384.0,45146.0,41384.0,68533.3,56519.3,15794.1,13608.6,0.0,24756.3,0.0,16919.8,26325.7,19741.9,47528.2,105940.6,128652.3,93289.6,148
419.6,173990.0,46076.0,41384.0,45146.0,41384.0,68533.4,56519.4,15794.1,13608.6,0.0,24756.3,0.0,16919.9,26325.9,19771.9,47558.4,105910.6,128652.3,93289.7,148
420.7,173990.0,46076.0,41384.0,45146.0,41384.0,68533.4,56519.4,15794.1,13608.6,0.0,24756.4,0.0,16919.9,26326.3,19734.7,47521.7,105947.8,128652.3,93289.8,148
421.8,173990.0,46076.0,41384.0,45146.0,41384.0,68533.4,56519.4,15794.1,13608.6,0.0,24756.4,0.0,16919.9,26326.3,19730.3,47517.2,105952.2,128652.3,93289.8,148
422.8,173990.0,46076.0,41384.0,45146.0,41384.0,68533.4,56519.4,15794.1,13608.7,0.0,24756.4,0.0,16920.0,26326.0,19735.4,47522.0,105947.1,128652.3,93289.8,148
423.9,173990.0,46076.0,41384.0,45146.0,41384.0,68533.4,56519.4,15794.2,13608.7,0.0,24756.4,0.0,16920.6,26325.7,19732.1,47518.4,105950.4,128652.3,93289.9,148
424.9,173990.0,46076.0,41384.0,45146.0,41384.0,68533.4,56519.4,15794.2,13608.7,0.0,24756.4,0.0,16920.1,26325.7,19732.4,47518.7,105950.1,128652.3,93289.9,148
425.9,173990.0,46076.0,41384.0,45146.0,41384.0,68533.4,56519.4,15794.2,13608.7,0.0,24756.5,0.0,16920.2,26325.7,19732.9,47519.3,105949.5,128652.3,93289.9,148
427.0,173990.0,46076.0,41384.0,45146.0,41384.0,68560.1,56546.1,15820.9,13635.4,0.0,24756.5,0.0,16946.9,26326.2,19754.1,47540.9,105928.3,128652.3,93316.6,148
428.0,173990.0,46076.0,41384.0,45146.0,41384.0,68560.1,56546.1,15820.8,13635.4,0.0,24756.5,0.0,16947.0,26325.6,19759.6,47545.8,105922.9,128652.3,93316.6,148
429.0,173990.0,46076.0,41384.0,45146.0,41384.0,68560.1,56546.1,15820.9,13635.4,0.0,24756.5,0.0,16947.0,26325.6,19756.7,47542.9,105925.8,128652.3,93316.6,148
430.1,173990.0,46076.0,41384.0,45146.0,41384.0,68560.2,56546.2,15821.0,13635.5,0.0,24756.5,0.0,16947.2,26326.0,19763.8,47550.3,105918.7,128652.3,93316.7,148
431.1,173990.0,46076.0,41384.0,45146.0,41384.0,68560.2,56546.2,15821.0,13635.5,0.0,24756.5,0.0,16947.3,26325.5,19762.6,47548.6,105919.9,128652.3,93316.7,148
432.2,173990.0,46076.0,41384.0,45146.0,41384.0,68560.2,56546.2,15821.0,13635.5,0.0,24756.5,0.0,16947.2,26325.5,19760.9,47547.0,105921.6,128652.3,93316.7,148
433.2,173990.0,46076.0,41384.0,45146.0,41384.0,68560.2,56546.2,15821.0,13635.5,0.0,24756.5,0.0,16946.3,26325.0,19761.2,47546.8,105921.3,128652.3,93316.7,148
434.2,173990.0,46076.0,41384.0,45146.0,41384.0,68560.3,56546.3,15821.0,13635.5,0.0,24756.5,0.0,16949.0,26325.0,19765.1,47550.6,105917.4,128652.3,93316.8,148
435.3,173990.0,46076.0,41384.0,45146.0,41384.0,68560.3,56546.3,15821.0,13635.5,0.0,24756.5,0.0,16949.6,26324.7,19759.3,47544.6,105923.2,128652.3,93316.8,148
436.3,173990.0,46076.0,41384.0,45146.0,41384.0,68560.3,56546.3,15821.0,13635.5,0.0,24756.5,0.0,16949.8,26324.2,19755.7,47540.6,105926.7,128652.3,93316.8,148
437.3,173990.0,46076.0,41384.0,45146.0,41384.0,68560.3,56546.3,15821.0,13635.5,0.0,24756.5,0.0,16949.7,26324.2,19757.1,47541.9,105925.3,128652.3,93316.8,148
438.4,173990.0,46076.0,41384.0,45146.0,41384.0,68560.3,56546.3,15821.0,13635.5,0.0,24756.5,0.0,16950.2,26324.2,19754.3,47539.1,105928.2,128652.3,93316.8,148
439.4,173990.0,46076.0,41384.0,45146.0,41384.0,68560.3,56546.3,15821.0,13635.5,0.0,24756.5,0.0,16949.7,26324.1,19753.2,47537.9,105929.3,128652.3,93316.8,148
440.5,173990.0,46076.0,41384.0,45146.0,41384.0,68560.3,56546.3,15821.0,13635.6,0.0,24756.5,0.0,16949.8,26324.4,19749.8,47534.9,105932.6,128652.3,93316.8,148
441.6,173990.0,46076.0,41384.0,45146.0,41384.0,68560.3,56546.3,15821.0,13635.6,0.0,24756.5,0.0,16949.8,26324.2,19753.8,47538.6,105928.7,128652.3,93316.8,148
442.6,173990.0,46076.0,41384.0,45146.0,41384.0,68560.3,56546.3,15821.0,13635.6,0.0,24756.6,0.0,16951.7,26324.1,19757.4,47542.1,105925.1,128652.3,93316.9,148
443.6,173990.0,46076.0,41384.0,45146.0,41384.0,68560.3,56546.3,15821.0,13635.6,0.0,24756.6,0.0,16952.1,26323.9,19760.8,47545.3,105921.7,128652.3,93317.0,148
444.7,173990.0,46076.0,41384.0,45146.0,41384.0,68560.4,56546.4,15821.0,13635.6,0.0,24756.6,0.0,16952.1,26325.4,19760.8,47546.8,105921.7,128652.3,93317.0,148
445.7,173990.0,46076.0,41384.0,45146.0,41384.0,68560.4,56546.4,15821.0,13635.6,0.0,24756.7,0.0,16952.1,26323.6,19758.7,47542.9,105923.8,128652.3,93317.0,148
446.8,173990.0,46076.0,41384.0,45146.0,41384.0,68560.4,56546.4,15821.0,13635.6,0.0,24756.7,0.0,16952.6,26323.7,19758.4,47542.7,105924.1,128652.3,93317.0,148
447.9,173990.0,46076.0,41384.0,45146.0,41384.0,68560.4,56546.4,15821.1,13635.6,0.0,24756.7,0.0,16950.1,26323.6,19757.5,47541.7,105925.0,128652.3,93317.0,148
448.9,173990.0,46076.0,41384.0,45146.0,41384.0,68560.4,56546.4,15821.1,13635.6,0.0,24756.7,0.0,16950.2,26323.5,19759.7,47543.8,105922.7,128652.3,93317.1,148
450.0,173990.0,46076.0,41384.0,45146.0,41384.0,68560.4,56546.4,15821.1,13635.6,0.0,24756.7,0.0,16950.1,26323.5,19756.0,47540.1,105926.5,128652.3,93317.1,148
451.0,173990.0,46076.0,41384.0,45146.0,41384.0,68560.4,56546.4,15821.1,13635.6,0.0,24756.7,0.0,16950.1,26323.5,19754.9,47539.0,105927.6,128652.3,93317.1,148
452.0,173990.0,46076.0,41384.0,45146.0,41384.0,68560.4,56546.4,15821.1,13635.6,0.0,24756.7,0.0,16950.1,26323.7,19751.8,47536.2,105930.7,128652.3,93317.1,148
453.1,173990.0,46076.0,41384.0,45146.0,41384.0,68560.4,56546.4,15821.1,13635.6,0.0,24756.7,0.0,16950.1,26323.7,19751.6,47535.9,105930.8,128652.3,93317.1,148
454.2,173990.0,46076.0,41384.0,45146.0,41384.0,68560.4,56546.4,15821.1,13635.6,0.0,24756.9,0.0,16950.2,26323.8,19752.3,47536.6,105930.2,128652.3,93317.2,148
455.3,173990.0,46076.0,41384.0,45146.0,41384.0,68560.4,56546.4,15821.1,13635.6,0.0,24756.9,0.0,16950.4,26323.6,19753.6,47537.8,105928.9,128652.3,93317.2,148
456.3,173990.0,46076.0,41384.0,45146.0,41384.0,68560.4,56546.4,15821.1,13635.6,0.0,24756.9,0.0,16950.4,26323.6,19753.2,47537.5,105929.3,128652.3,93317.2,148
457.4,173990.0,46076.0,41384.0,45146.0,41384.0,68560.4,56546.4,15821.1,13635.6,0.0,24756.9,0.0,16950.4,26324.4,19743.7,47528.7,105938.8,128652.3,93317.2,148
458.4,173990.0,46076.0,41384.0,45146.0,41384.0,68560.7,56546.7,15821.4,13636.0,0.0,24756.9,0.0,16950.8,26324.5,19751.5,47536.6,105931.0,128652.3,93317.6,148
459.5,174190.0,46076.0,41384.0,45346.0,41384.0,68560.7,56546.7,15821.4,13636.0,0.0,24756.9,0.0,16950.8,26324.6,19754.7,47539.8,105927.8,128652.3,93317.6,148
460.5,174190.0,46076.0,41384.0,45346.0,41384.0,68560.8,56546.8,15821.5,13636.0,0.0,24757.0,0.0,16950.7,26324.4,19753.2,47538.1,105929.3,128652.3,93317.8,148
461.6,174190.0,46076.0,41384.0,45346.0,41384.0,68560.8,56546.8,15821.5,13636.1,0.0,24757.0,0.0,16950.8,26324.3,19754.6,47539.5,105927.9,128652.3,93317.8,148
462.7,174190.0,46076.0,41384.0,45346.0,41384.0,68560.8,56546.8,15821.5,13636.1,0.0,24757.0,0.0,16950.9,26325.0,19754.8,47540.4,105927.7,128652.3,93317.9,148
463.8,174190.0,46076.0,41384.0,45346.0,41384.0,68560.9,56546.9,15821.6,13636.1,0.0,24757.1,0.0,16951.0,26323.9,19753.5,47538.1,105928.9,128652.3,93317.9,148
464.9,174190.0,46076.0,41384.0,45346.0,41384.0,68560.9,56546.9,15821.6,13636.1,0.0,24757.1,0.0,16949.1,26323.9,19762.6,47547.1,105919.9,128652.3,93317.9,148
465.9,174190.0,46076.0,41384.0,45346.0,41384.0,68560.9,56546.9,15821.6,13636.1,0.0,24757.1,0.0,16965.7,26324.4,19780.6,47565.6,105901.9,128652.3,93317.9,148
466.9,174190.0,46076.0,41384.0,45346.0,41384.0,68560.9,56546.9,15821.6,13636.1,0.0,24757.2,0.0,16951.0,26325.1,19769.6,47555.2,105912.9,128652.3,93318.1,148
467.9,174190.0,46076.0,41384.0,45346.0,41384.0,68560.9,56546.9,15821.6,13636.2,0.0,24757.2,0.0,16951.0,26324.8,19764.9,47550.3,105917.5,128652.3,93318.1,148
468.9,174190.0,46076.0,41384.0,45346.0,41384.0,68561.1,56547.1,15821.8,13636.4,0.0,24757.2,0.0,16951.1,26324.8,19756.9,47542.3,105925.6,128652.3,93318.3,148
470.0,174190.0,46076.0,41384.0,45346.0,41384.0,68561.2,56547.2,15821.9,13636.4,0.0,24757.2,0.0,16951.1,26324.6,19749.0,47534.2,105933.5,128652.3,93318.4,148
471.0,174190.0,46076.0,41384.0,45346.0,41384.0,68561.2,56547.2,15821.9,13636.4,0.0,24757.2,0.0,16951.3,26324.6,19749.3,47534.5,105933.2,128652.3,93318.4,148
472.0,174190.0,46076.0,41384.0,45346.0,41384.0,68561.2,56547.2,15821.9,13636.4,0.0,24757.2,0.0,16951.3,26324.6,19749.6,47534.8,105932.9,128652.3,93318.4,148
473.1,174190.0,46076.0,41384.0,45346.0,41384.0,68561.2,56547.2,15821.9,13636.4,0.0,24757.4,0.0,16951.4,26324.5,19740.5,47525.6,105941.9,128652.3,93318.5,148
474.2,174190.0,46076.0,41384.0,45346.0,41384.0,68561.2,56547.2,15821.9,13636.4,0.0,24757.4,0.0,16951.3,26324.2,19742.5,47527.3,105940.0,128652.3,93318.5,148
475.3,174190.0,46076.0,41384.0,45346.0,41384.0,68561.2,56547.2,15821.9,13636.4,0.0,24757.5,0.0,16951.3,26325.1,19746.8,47532.5,105935.6,128652.3,93318.7,148
476.3,174190.0,46076.0,41384.0,45346.0,41384.0,68561.2,56547.2,15821.9,13636.4,0.0,24757.5,0.0,16951.3,26324.9,19747.8,47533.3,105934.6,128652.3,93318.7,148
477.4,174190.0,46076.0,41384.0,45346.0,41384.0,68561.2,56547.2,15821.9,13636.5,0.0,24757.5,0.0,16951.3,26324.6,19745.9,47531.2,105936.5,128652.3,93318.7,148
478.5,174190.0,46076.0,41384.0,45346.0,41384.0,68561.2,56547.2,15821.9,13636.5,0.0,24757.6,0.0,16951.3,26324.8,19749.8,47535.2,105932.7,128652.3,93318.8,148
479.6,174190.0,46076.0,41384.0,45346.0,41384.0,68561.2,56547.2,15821.9,13636.5,0.0,24757.7,0.0,16951.4,26325.1,19755.3,47541.0,105927.2,128652.3,93318.8,148
480.7,174190.0,46076.0,41384.0,45346.0,41384.0,68561.2,56547.2,15821.9,13636.5,0.0,24757.7,0.0,16951.3,26325.1,19757.4,47543.2,105925.0,128652.3,93318.9,148
481.7,174190.0,46076.0,41384.0,45346.0,41384.0,68561.2,56547.2,15821.9,13636.5,0.0,24757.7,0.0,16951.3,26325.1,19753.9,47539.6,105928.6,128652.3,93318.9,148
482.7,174190.0,46076.0,41384.0,45346.0,41384.0,68561.2,56547.2,15821.9,13636.5,0.0,24757.8,0.0,16951.3,26325.2,19754.2,47540.0,105928.3,128652.3,93319.0,148
483.8,174190.0,46076.0,41384.0,45346.0,41384.0,68561.2,56547.2,15821.9,13636.5,0.0,24757.8,0.0,16951.3,26325.4,19753.1,47539.1,105929.4,128652.3,93319.0,148
484.8,174190.0,46076.0,41384.0,45346.0,41384.0,68561.2,56547.2,15821.9,13636.5,0.0,24757.8,0.0,16951.8,26325.4,19755.6,47541.6,105926.8,128652.3,93319.0,148
485.8,174190.0,46076.0,41384.0,45346.0,41384.0,68561.2,56547.2,15821.9,13636.5,0.0,24757.8,0.0,16951.3,26327.9,19758.5,47547.1,105923.9,128652.3,93319.0,148
486.9,174190.0,46076.0,41384.0,45346.0,41384.0,68561.2,56547.2,15821.9,13636.5,0.0,24757.8,0.0,16951.8,26325.4,19757.2,47543.2,105925.2,128652.3,93319.0,148
487.9,174190.0,46076.0,41384.0,45346.0,41384.0,68561.2,56547.2,15821.9,13636.5,0.0,24757.8,0.0,16951.5,26325.4,19754.8,47540.9,105927.6,128652.3,93319.0,148
488.9,174190.0,46076.0,41384.0,45346.0,41384.0,68623.8,56609.8,15884.5,13699.1,0.0,24757.8,0.0,16972.3,26338.6,19816.9,47616.2,105865.5,128652.3,93381.6,148
489.9,174190.0,46076.0,41384.0,45346.0,41384.0,68595.2,56581.2,15855.9,13670.5,0.0,24757.8,0.0,16985.5,26326.5,19790.9,47578.1,105891.5,128652.3,93353.0,148
490.9,174190.0,46076.0,41384.0,45346.0,41384.0,68595.2,56581.2,15855.9,13670.5,0.0,24758.1,0.0,16985.4,26326.7,19790.5,47577.8,105892.0,128652.3,93353.3,148
492.1,174190.0,46076.0,41384.0,45346.0,41384.0,68605.4,56591.4,15866.1,13680.6,0.0,24758.1,0.0,16997.7,26329.1,19809.7,47599.5,105872.7,128652.3,93363.5,148
493.1,174190.0,46076.0,41384.0,45346.0,41384.0,68605.5,56591.5,15866.1,13680.7,0.0,24758.1,0.0,16998.4,26328.1,19816.0,47604.7,105866.4,128652.3,93363.5,148
494.2,174190.0,46076.0,41384.0,45346.0,41384.0,68603.5,56589.5,15864.2,13678.8,0.0,24758.1,0.0,16998.5,26328.8,19819.5,47608.9,105863.0,128652.3,93361.6,148
495.2,174190.0,46076.0,41384.0,45346.0,41384.0,68603.5,56589.5,15864.3,13678.8,0.0,24758.1,0.0,16993.5,26329.6,19824.2,47614.4,105858.3,128652.3,93361.6,148
496.2,174190.0,46076.0,41384.0,45346.0,41384.0,68605.2,56591.2,15866.0,13680.5,0.0,24758.1,0.0,16992.3,26332.5,19831.4,47624.5,105851.1,128652.3,93363.4,148
497.4,174190.0,46076.0,41384.0,45346.0,41384.0,68605.3,56591.3,15866.0,13680.5,0.0,24758.1,0.0,16992.6,26331.5,19842.5,47634.7,105839.9,128652.3,93363.4,148
498.4,174190.0,46076.0,41384.0,45346.0,41384.0,68604.3,56590.3,15865.1,13679.6,0.0,24758.1,0.0,16991.5,26328.6,19839.3,47628.6,105843.1,128652.3,93362.4,148
499.4,174190.0,46076.0,41384.0,45346.0,41384.0,68604.3,56590.3,15865.1,13679.6,0.0,24758.2,0.0,16991.5,26327.1,19812.8,47600.5,105869.7,128652.3,93362.5,148
500.5,174190.0,46076.0,41384.0,45346.0,41384.0,68604.3,56590.3,15865.1,13679.6,0.0,24758.2,0.0,16991.5,26328.3,19897.5,47686.4,105784.9,128652.3,93362.5,148
501.6,174190.0,46076.0,41384.0,45346.0,41384.0,68604.4,56590.4,15865.1,13679.6,0.0,24758.2,0.0,16991.6,26326.4,19810.4,47597.4,105872.0,128652.3,93362.5,148
502.6,174190.0,46076.0,41384.0,45346.0,41384.0,68604.4,56590.4,15865.1,13679.6,0.0,24758.2,0.0,16991.6,26327.5,19815.3,47603.4,105867.2,128652.3,93362.5,148
503.7,174190.0,46076.0,41384.0,45346.0,41384.0,68604.4,56590.4,15865.1,13679.6,0.0,24758.2,0.0,16993.4,26325.5,19813.3,47599.4,105869.1,128652.3,93362.5,148
504.8,174190.0,46076.0,41384.0,45346.0,41384.0,68604.4,56590.4,15865.1,13679.6,0.0,24758.2,0.0,16993.8,26325.8,19814.6,47601.0,105867.9,128652.3,93362.6,148
505.8,174190.0,46076.0,41384.0,45346.0,41384.0,68604.4,56590.4,15865.1,13679.6,0.0,24758.2,0.0,16993.8,26325.8,19806.7,47593.2,105875.7,128652.3,93362.6,148
506.9,174190.0,46076.0,41384.0,45346.0,41384.0,68604.4,56590.4,15865.1,13679.6,0.0,24758.2,0.0,16993.9,26327.8,19819.5,47607.9,105862.9,128652.3,93362.6,148
507.9,174190.0,46076.0,41384.0,45346.0,41384.0,68604.4,56590.4,15865.1,13679.6,0.0,24758.4,0.0,16993.8,26327.0,19814.6,47602.3,105867.8,128652.3,93362.7,148
508.9,174190.0,46076.0,41384.0,45346.0,41384.0,68604.4,56590.4,15865.1,13679.6,0.0,24758.4,0.0,16991.7,26326.9,19800.1,47587.7,105882.4,128652.3,93362.7,148
510.0,174190.0,46076.0,41384.0,45346.0,41384.0,68604.4,56590.4,15865.1,13679.6,0.0,24758.4,0.0,16991.6,26326.7,19797.2,47584.5,105885.3,128652.3,93362.8,148
511.0,174190.0,46076.0,41384.0,45346.0,41384.0,68604.4,56590.4,15865.1,13679.6,0.0,24758.4,0.0,16991.8,26326.7,19795.5,47582.9,105887.0,128652.3,93362.8,148
512.1,174190.0,46076.0,41384.0,45346.0,41384.0,68604.4,56590.4,15865.1,13679.6,0.0,24758.4,0.0,16991.8,26326.7,19797.2,47584.6,105885.2,128652.3,93362.8,148
513.2,174190.0,46076.0,41384.0,45346.0,41384.0,68604.4,56590.4,15865.1,13679.6,0.0,24758.4,0.0,16991.9,26326.7,19800.0,47587.3,105882.5,128652.3,93362.8,148
514.2,174190.0,46076.0,41384.0,45346.0,41384.0,68604.4,56590.4,15865.1,13679.6,0.0,24758.4,0.0,16991.2,26326.4,19802.6,47589.6,105879.9,128652.3,93362.8,148
515.3,174190.0,46076.0,41384.0,45346.0,41384.0,68604.4,56590.4,15865.1,13679.7,0.0,24758.4,0.0,17000.6,26326.3,19812.0,47598.9,105870.4,128652.3,93362.9,148
516.3,174190.0,46076.0,41384.0,45346.0,41384.0,68604.4,56590.4,15865.2,13679.7,0.0,24758.4,0.0,16994.5,26327.1,19807.6,47595.4,105874.8,128652.3,93362.9,148
517.4,174190.0,46076.0,41384.0,45346.0,41384.0,68604.4,56590.4,15865.2,13679.7,0.0,24758.4,0.0,16994.6,26326.7,19801.2,47588.6,105881.2,128652.3,93362.9,148
518.5,174190.0,46076.0,41384.0,45346.0,41384.0,68604.5,56590.5,15865.2,13679.7,0.0,24758.4,0.0,16994.6,26326.7,19796.0,47583.4,105886.4,128652.3,93362.9,148
519.6,174190.0,46076.0,41384.0,45346.0,41384.0,68604.5,56590.5,15865.2,13679.8,0.0,24758.5,0.0,16998.1,26326.8,19804.7,47592.1,105877.7,128652.3,93362.9,148
520.6,174190.0,46076.0,41384.0,45346.0,41384.0,68604.5,56590.5,15865.2,13679.8,0.0,24758.5,0.0,16994.7,26326.2,19796.6,47583.4,105885.8,128652.3,93362.9,148
521.6,174190.0,46076.0,41384.0,45346.0,41384.0,68604.6,56590.6,15865.3,13679.9,0.0,24758.4,0.0,16994.7,26326.2,19808.2,47595.0,105874.2,128652.3,93363.0,148
522.7,174190.0,46076.0,41384.0,45346.0,41384.0,68604.7,56590.7,15865.4,13679.9,0.0,24758.5,0.0,16994.8,26325.9,19808.2,47594.8,105874.2,128652.3,93363.1,148
523.7,174190.0,46076.0,41384.0,45346.0,41384.0,68604.7,56590.7,15865.4,13679.9,0.0,24758.5,0.0,16995.0,26325.9,19810.0,47596.6,105872.4,128652.3,93363.2,148
524.8,174190.0,46076.0,41384.0,45346.0,41384.0,68604.8,56590.8,15865.5,13680.0,0.0,24758.5,0.0,16994.8,26328.6,19830.8,47620.1,105851.6,128652.3,93363.2,148
525.8,174190.0,46076.0,41384.0,45346.0,41384.0,68604.8,56590.8,15865.5,13680.1,0.0,24758.5,0.0,16995.0,26326.8,19811.1,47598.5,105871.3,128652.3,93363.3,148
526.8,174190.0,46076.0,41384.0,45346.0,41384.0,68604.8,56590.8,15865.5,13680.1,0.0,24758.6,0.0,16995.5,26326.5,19805.4,47592.6,105877.0,128652.3,93363.4,148
527.8,174414.0,46076.0,41384.0,45570.0,41384.0,68604.8,56590.8,15865.5,13680.1,0.0,24758.6,0.0,16995.0,26326.4,19806.7,47593.8,105875.8,128652.3,93363.4,148
528.8,174414.0,46076.0,41384.0,45570.0,41384.0,68661.0,56647.0,15921.7,13736.2,0.0,24758.6,0.0,16998.1,26329.2,19817.6,47607.4,105864.8,128652.3,93419.6,148
529.9,174414.0,46076.0,41384.0,45570.0,41384.0,68611.2,56597.2,15871.9,13686.5,0.0,24758.6,0.0,17001.4,26327.3,19810.5,47598.5,105871.9,128652.3,93369.8,148
530.9,174414.0,46076.0,41384.0,45570.0,41384.0,68611.2,56597.2,15871.9,13686.5,0.0,24758.7,0.0,17001.4,26326.8,19814.8,47602.3,105867.6,128652.3,93369.9,148
532.0,174414.0,46076.0,41384.0,45570.0,41384.0,68611.3,56597.3,15872.0,13686.5,0.0,24758.7,0.0,17001.5,26326.4,19816.5,47603.6,105865.9,128652.3,93369.9,148
533.0,174414.0,46076.0,41384.0,45570.0,41384.0,68611.3,56597.3,15872.0,13686.6,0.0,24758.7,0.0,17001.4,26326.4,19818.0,47605.1,105864.4,128652.3,93370.0,148
534.1,174414.0,46076.0,41384.0,45570.0,41384.0,68611.3,56597.3,15872.0,13686.6,0.0,24758.7,0.0,17001.5,26326.1,19818.7,47605.4,105863.7,128652.3,93370.0,148
535.1,174414.0,46076.0,41384.0,45570.0,41384.0,68611.3,56597.3,15872.0,13686.6,0.0,24758.7,0.0,17001.5,26327.3,19845.6,47633.6,105836.8,128652.3,93370.0,148
536.1,174414.0,46076.0,41384.0,45570.0,41384.0,68611.3,56597.3,15872.0,13686.6,0.0,24758.7,0.0,17001.7,26326.2,19812.3,47599.1,105870.1,128652.3,93370.0,148
537.2,174414.0,46076.0,41384.0,45570.0,41384.0,68611.3,56597.3,15872.0,13686.6,0.0,24758.7,0.0,17001.6,26330.2,19819.3,47610.1,105863.2,128652.3,93370.0,148
538.2,174414.0,46076.0,41384.0,45570.0,41384.0,68611.5,56597.5,15872.2,13686.7,0.0,24758.7,0.0,17001.8,26327.1,19811.8,47599.6,105870.6,128652.3,93370.1,148
539.3,174414.0,46076.0,41384.0,45570.0,41384.0,68611.5,56597.5,15872.2,13686.7,0.0,24758.8,0.0,17002.3,26326.8,19813.2,47600.6,105869.2,128652.3,93370.3,148
540.3,174414.0,46076.0,41384.0,45570.0,41384.0,68611.5,56597.5,15872.2,13686.7,0.0,24758.8,0.0,17002.3,26326.5,19815.1,47602.3,105867.3,128652.3,93370.3,148
541.3,174414.0,46076.0,41384.0,45570.0,41384.0,68611.5,56597.5,15872.2,13686.7,0.0,24758.8,0.0,17001.8,26326.5,19814.2,47601.4,105868.2,128652.3,93370.3,148
542.3,174414.0,46076.0,41384.0,45570.0,41384.0,68611.5,56597.5,15872.2,13686.7,0.0,24758.8,0.0,17001.8,26326.5,19814.8,47602.0,105867.6,128652.3,93370.3,148
543.3,174414.0,46076.0,41384.0,45570.0,41384.0,68611.5,56597.5,15872.2,13686.7,0.0,24758.9,0.0,17001.9,26339.8,20195.7,47996.1,105486.8,128652.3,93370.4,148
544.3,174414.0,46076.0,41384.0,45570.0,41384.0,68611.5,56597.5,15872.2,13686.7,0.0,24758.9,0.0,17002.0,26335.0,19827.4,47623.1,105855.0,128652.3,93370.4,148
545.4,174414.0,46076.0,41384.0,45570.0,41384.0,68611.5,56597.5,15872.2,13686.7,0.0,24758.9,0.0,17025.4,26331.8,19842.2,47634.7,105840.2,128652.3,93370.4,148
546.4,174414.0,46076.0,41384.0,45570.0,41384.0,68611.5,56597.5,15872.2,13686.7,0.0,24759.0,0.0,17003.0,26331.7,19811.4,47603.8,105871.0,128652.3,93370.5,148
547.5,174414.0,46076.0,41384.0,45570.0,41384.0,68611.5,56597.5,15872.2,13686.7,0.0,24759.0,0.0,17002.1,26331.5,19807.0,47599.2,105875.4,128652.3,93370.5,148
548.5,174414.0,46076.0,41384.0,45570.0,41384.0,68611.5,56597.5,15872.2,13686.7,0.0,24759.0,0.0,17001.9,26331.1,19810.6,47602.4,105871.8,128652.3,93370.5,148
549.6,174414.0,46076.0,41384.0,45570.0,41384.0,68611.5,56597.5,15872.2,13686.7,0.0,24759.0,0.0,17001.9,26331.6,19811.0,47603.2,105871.4,128652.3,93370.5,148
550.6,174414.0,46076.0,41384.0,45570.0,41384.0,68611.5,56597.5,15872.2,13686.7,0.0,24759.0,0.0,17001.9,26331.3,19809.9,47601.9,105872.5,128652.3,93370.5,148
551.7,174414.0,46076.0,41384.0,45570.0,41384.0,68611.5,56597.5,15872.2,13686.7,0.0,24759.1,0.0,17001.9,26331.3,19807.5,47599.5,105874.9,128652.3,93370.6,148
552.7,174414.0,46076.0,41384.0,45570.0,41384.0,68611.5,56597.5,15872.2,13686.7,0.0,24759.1,0.0,17001.9,26331.3,19812.0,47604.0,105870.4,128652.3,93370.6,148
553.8,174414.0,46076.0,41384.0,45570.0,41384.0,68611.5,56597.5,15872.2,13686.8,0.0,24759.1,0.0,17001.8,26331.4,19804.4,47596.5,105878.0,128652.3,93370.6,148
554.8,174414.0,46076.0,41384.0,45570.0,41384.0,68611.5,56597.5,15872.2,13686.8,0.0,24759.1,0.0,17001.8,26331.5,19803.6,47595.9,105878.7,128652.3,93370.6,148
555.8,174414.0,46076.0,41384.0,45570.0,41384.0,68611.5,56597.5,15872.2,13686.8,0.0,24759.1,0.0,17001.8,26331.5,19803.2,47595.4,105879.2,128652.3,93370.6,148
556.9,174414.0,46076.0,41384.0,45570.0,41384.0,68611.5,56597.5,15872.2,13686.8,0.0,24759.1,0.0,17001.8,26331.5,19802.3,47594.5,105880.1,128652.3,93370.6,148
558.0,174414.0,46076.0,41384.0,45570.0,41384.0,68611.5,56597.5,15872.2,13686.8,0.0,24759.1,0.0,17001.8,26332.6,19804.8,47598.0,105877.6,128652.3,93370.6,148
559.0,174414.0,46076.0,41384.0,45570.0,41384.0,68611.5,56597.5,15872.2,13686.8,0.0,24759.1,0.0,17001.8,26332.1,19802.9,47595.7,105879.5,128652.3,93370.6,148
560.1,174414.0,46076.0,41384.0,45570.0,41384.0,68611.5,56597.5,15872.2,13686.8,0.0,24759.2,0.0,17031.0,26332.3,19831.9,47624.9,105850.4,128652.3,93370.7,148
561.2,174414.0,46076.0,41384.0,45570.0,41384.0,68611.5,56597.5,15872.2,13686.8,0.0,24759.3,0.0,17031.4,26332.3,19830.1,47623.1,105852.2,128652.3,93370.8,148
562.3,174414.0,46076.0,41384.0,45570.0,41384.0,68611.5,56597.5,15872.2,13686.8,0.0,24759.3,0.0,17031.9,26332.4,19824.4,47617.6,105857.9,128652.3,93370.8,148
563.4,174430.0,46092.0,41384.0,45570.0,41384.0,68611.5,56597.5,15872.2,13686.8,0.0,24759.3,0.0,17031.4,26332.5,19824.5,47617.8,105857.8,128652.3,93370.8,148
564.4,174430.0,46092.0,41384.0,45570.0,41384.0,68611.5,56597.5,15872.2,13686.8,0.0,24759.3,0.0,17031.4,26332.2,19821.7,47614.7,105860.6,128652.3,93370.8,148
565.5,174430.0,46092.0,41384.0,45570.0,41384.0,68611.5,56597.5,15872.2,13686.8,0.0,24759.3,0.0,17031.4,26332.2,19820.0,47613.0,105862.3,128652.3,93370.8,148
566.6,174430.0,46092.0,41384.0,45570.0,41384.0,68611.5,56597.5,15872.2,13686.8,0.0,24759.3,0.0,17031.4,26332.2,19820.5,47613.5,105861.8,128652.3,93370.8,148
567.6,174430.0,46092.0,41384.0,45570.0,41384.0,68611.5,56597.5,15872.2,13686.8,0.0,24759.3,0.0,17031.5,26333.0,19828.2,47622.0,105854.1,128652.3,93370.9,148
568.6,174430.0,46092.0,41384.0,45570.0,41384.0,68611.6,56597.6,15872.3,13686.8,0.0,24759.4,0.0,17031.5,26332.2,19818.5,47611.5,105863.8,128652.3,93370.9,148
569.6,174430.0,46092.0,41384.0,45570.0,41384.0,68611.6,56597.6,15872.3,13686.9,0.0,24759.4,0.0,17031.6,26332.4,19822.2,47615.4,105860.1,128652.3,93371.0,148
570.7,174430.0,46092.0,41384.0,45570.0,41384.0,68611.7,56597.7,15872.4,13687.0,0.0,24759.4,0.0,17031.8,26333.0,19824.8,47618.6,105857.5,128652.3,93371.1,148
571.8,174430.0,46092.0,41384.0,45570.0,41384.0,68611.7,56597.7,15872.4,13687.0,0.0,24759.4,0.0,17031.9,26334.6,19834.6,47629.9,105847.7,128652.3,93371.1,148
572.9,174430.0,46092.0,41384.0,45570.0,41384.0,68611.7,56597.7,15872.4,13687.0,0.0,24759.4,0.0,17031.8,26335.5,19926.8,47723.1,105755.5,128652.3,93371.1,148
573.9,174430.0,46092.0,41384.0,45570.0,41384.0,68611.7,56597.7,15872.4,13687.0,0.0,24759.4,0.0,17032.0,26337.2,19865.4,47663.4,105816.9,128652.3,93371.1,148
574.9,174430.0,46092.0,41384.0,45570.0,41384.0,68611.7,56597.7,15872.4,13687.0,0.0,24759.7,0.0,17032.0,26333.4,19831.9,47626.1,105850.4,128652.3,93371.4,148
575.9,174430.0,46092.0,41384.0,45570.0,41384.0,68611.7,56597.7,15872.4,13687.0,0.0,24759.7,0.0,17032.0,26332.9,19828.4,47622.1,105853.9,128652.3,93371.4,148
576.9,174430.0,46092.0,41384.0,45570.0,41384.0,68611.7,56597.7,15872.5,13687.0,0.0,24759.7,0.0,17028.8,26332.8,19827.4,47621.0,105854.9,128652.3,93371.4,148
577.9,174430.0,46092.0,41384.0,45570.0,41384.0,68611.7,56597.7,15872.5,13687.0,0.0,24759.7,0.0,17028.9,26332.7,19823.6,47617.2,105858.6,128652.3,93371.4,148
579.0,174430.0,46092.0,41384.0,45570.0,41384.0,68611.7,56597.7,15872.5,13687.0,0.0,24759.7,0.0,17028.8,26333.4,19818.6,47612.8,105863.7,128652.3,93371.4,148
580.0,174430.0,46092.0,41384.0,45570.0,41384.0,68611.7,56597.7,15872.5,13687.0,0.0,24759.7,0.0,17028.7,26334.6,19827.2,47622.6,105855.1,128652.3,93371.4,148
581.0,174430.0,46092.0,41384.0,45570.0,41384.0,68611.7,56597.7,15872.5,13687.0,0.0,24759.7,0.0,17028.8,26333.4,19831.5,47625.6,105850.8,128652.3,93371.5,148
582.1,174430.0,46092.0,41384.0,45570.0,41384.0,68611.7,56597.7,15872.5,13687.0,0.0,24759.7,0.0,17029.0,26333.6,19830.6,47625.0,105851.7,128652.3,93371.5,148
583.1,174430.0,46092.0,41384.0,45570.0,41384.0,68611.7,56597.7,15872.5,13687.0,0.0,24759.7,0.0,17029.4,26333.3,19833.3,47627.4,105849.0,128652.3,93371.5,148
584.2,174430.0,46092.0,41384.0,45570.0,41384.0,68611.7,56597.7,15872.5,13687.0,0.0,24759.7,0.0,17029.0,26333.1,19829.3,47623.2,105853.0,128652.3,93371.5,148
585.2,174430.0,46092.0,41384.0,45570.0,41384.0,68611.7,56597.7,15872.5,13687.0,0.0,24759.7,0.0,17028.8,26334.6,19833.4,47628.8,105848.9,128652.3,93371.5,148
586.2,174430.0,46092.0,41384.0,45570.0,41384.0,68611.7,56597.7,15872.5,13687.0,0.0,24759.7,0.0,17029.0,26333.6,19831.4,47625.8,105850.9,128652.3,93371.5,148
587.3,174430.0,46092.0,41384.0,45570.0,41384.0,68611.7,56597.7,15872.5,13687.0,0.0,24759.7,0.0,17029.0,26333.6,19824.4,47618.8,105857.9,128652.3,93371.5,148
588.4,174430.0,46092.0,41384.0,45570.0,41384.0,68611.7,56597.7,15872.5,13687.0,0.0,24759.8,0.0,17029.1,26333.3,19828.6,47622.7,105853.7,128652.3,93371.5,148
589.4,174430.0,46092.0,41384.0,45570.0,41384.0,68611.7,56597.7,15872.5,13687.0,0.0,24759.8,0.0,17029.0,26333.7,19829.5,47624.0,105852.8,128652.3,93371.5,148
590.5,174430.0,46092.0,41384.0,45570.0,41384.0,68611.7,56597.7,15872.5,13687.0,0.0,24759.8,0.0,17029.0,26333.8,19824.9,47619.5,105857.4,128652.3,93371.5,148
591.5,174430.0,46092.0,41384.0,45570.0,41384.0,68611.7,56597.7,15872.5,13687.0,0.0,24759.8,0.0,17029.0,26333.7,19826.2,47620.7,105856.1,128652.3,93371.5,148
592.5,174430.0,46092.0,41384.0,45570.0,41384.0,68611.7,56597.7,15872.5,13687.0,0.0,24759.8,0.0,17029.0,26333.6,19824.5,47618.9,105857.8,128652.3,93371.5,148
593.6,174430.0,46092.0,41384.0,45570.0,41384.0,68611.8,56597.8,15872.5,13687.0,0.0,24759.8,0.0,17029.1,26333.6,19826.6,47621.0,105855.7,128652.3,93371.6,148
594.6,174430.0,46092.0,41384.0,45570.0,41384.0,68611.8,56597.8,15872.5,13687.0,0.0,24759.8,0.0,17029.1,26333.5,19828.8,47623.1,105853.5,128652.3,93371.6,148
595.6,174430.0,46092.0,41384.0,45570.0,41384.0,68611.8,56597.8,15872.5,13687.1,0.0,24759.9,0.0,17029.2,26333.6,19830.8,47625.1,105851.5,128652.3,93371.7,148
596.6,174430.0,46092.0,41384.0,45570.0,41384.0,68640.9,56626.9,15901.6,13716.1,0.0,24759.9,0.0,17073.6,26334.0,19884.0,47678.8,105798.3,128652.3,93400.8,148
597.7,174430.0,46092.0,41384.0,45570.0,41384.0,68640.9,56626.9,15901.6,13716.2,0.0,24759.9,0.0,17061.5,26333.4,19904.5,47698.7,105777.8,128652.3,93400.9,148
598.7,174430.0,46092.0,41384.0,45570.0,41384.0,68641.0,56627.0,15901.7,13716.2,0.0,24759.9,0.0,17061.6,26336.8,19935.8,47733.4,105746.5,128652.3,93400.9,148
599.8,174430.0,46092.0,41384.0,45570.0,41384.0,68641.0,56627.0,15901.7,13716.2,0.0,24759.9,0.0,17061.6,26333.8,19878.2,47672.8,105804.1,128652.3,93400.9,148
600.8,174430.0,46092.0,41384.0,45570.0,41384.0,68641.0,56627.0,15901.7,13716.3,0.0,24759.9,0.0,17061.6,26334.4,19865.0,47660.2,105817.3,128652.3,93401.0,148
601.9,174430.0,46092.0,41384.0,45570.0,41384.0,68641.1,56627.1,15901.8,13716.3,0.0,24759.9,0.0,17061.8,26334.9,19871.7,47667.4,105810.5,128652.3,93401.0,148
602.9,174432.0,46094.0,41384.0,45570.0,41384.0,68641.3,56627.3,15902.0,13716.6,0.0,24759.9,0.0,17062.4,26336.1,19866.0,47663.0,105816.2,128652.3,93401.3,148
603.9,174432.0,46094.0,41384.0,45570.0,41384.0,68641.5,56627.5,15902.2,13716.8,0.0,24760.0,0.0,17062.2,26347.9,19920.4,47729.1,105761.9,128652.3,93401.5,148
605.0,174432.0,46094.0,41384.0,45570.0,41384.0,68641.7,56627.7,15902.4,13717.0,0.0,24760.0,0.0,17062.2,26337.2,19872.4,47670.3,105809.9,128652.3,93401.7,148
606.0,174432.0,46094.0,41384.0,45570.0,41384.0,68641.7,56627.7,15902.4,13717.0,0.0,24760.0,0.0,17062.4,26340.1,19887.8,47688.7,105794.5,128652.3,93401.7,148
607.0,174432.0,46094.0,41384.0,45570.0,41384.0,68642.5,56628.5,15903.2,13717.8,0.0,24760.0,0.0,17062.5,26336.6,19871.6,47668.9,105810.7,128652.3,93402.5,148
608.1,174432.0,46094.0,41384.0,45570.0,41384.0,68645.9,56631.9,15906.6,13721.1,0.0,24760.0,0.0,17066.5,26336.5,19881.3,47678.6,105801.0,128652.3,93405.9,148
609.2,174432.0,46094.0,41384.0,45570.0,41384.0,68650.1,56636.1,15910.8,13725.4,0.0,24760.0,0.0,17070.5,26340.6,19916.6,47718.1,105765.6,128652.3,93410.1,148
610.2,174432.0,46094.0,41384.0,45570.0,41384.0,68641.4,56627.3,15902.1,13716.6,0.0,24760.0,0.0,17063.3,26335.8,19889.9,47686.5,105792.4,128652.3,93401.4,148
611.4,174432.0,46094.0,41384.0,45570.0,41384.0,68641.4,56627.3,15902.1,13716.6,0.0,24760.1,0.0,17062.2,26335.0,20043.9,47839.8,105638.3,128652.3,93401.5,148
612.6,174432.0,46094.0,41384.0,45570.0,41384.0,68641.4,56627.3,15902.1,13716.6,0.0,24760.1,0.0,17062.3,26334.3,19872.9,47668.0,105809.4,128652.3,93401.5,148
613.6,174432.0,46094.0,41384.0,45570.0,41384.0,68641.4,56627.3,15902.1,13716.6,0.0,24760.1,0.0,17062.4,26333.8,19873.5,47668.1,105808.7,128652.3,93401.5,148
614.7,174432.0,46094.0,41384.0,45570.0,41384.0,68641.4,56627.4,15902.1,13716.6,0.0,24760.2,0.0,17062.3,26333.9,19878.1,47672.8,105804.2,128652.3,93401.5,148
615.8,174432.0,46094.0,41384.0,45570.0,41384.0,68641.4,56627.4,15902.1,13716.6,0.0,24760.2,0.0,17062.3,26333.8,19872.7,47667.3,105809.5,128652.3,93401.5,148
616.8,174432.0,46094.0,41384.0,45570.0,41384.0,68641.4,56627.4,15902.1,13716.6,0.0,24760.2,0.0,17062.3,26333.8,19872.8,47667.4,105809.5,128652.3,93401.5,148
617.9,174432.0,46094.0,41384.0,45570.0,41384.0,68641.4,56627.4,15902.1,13716.6,0.0,24760.2,0.0,17062.3,26333.8,19871.9,47666.5,105810.4,128652.3,93401.5,148
618.9,174432.0,46094.0,41384.0,45570.0,41384.0,68641.4,56627.4,15902.1,13716.6,0.0,24760.2,0.0,17062.3,26333.6,19868.8,47663.2,105813.5,128652.3,93401.5,148
620.0,174432.0,46094.0,41384.0,45570.0,41384.0,68641.4,56627.4,15902.1,13716.6,0.0,24760.2,0.0,17062.4,26333.8,19868.8,47663.4,105813.5,128652.3,93401.5,148
621.0,174432.0,46094.0,41384.0,45570.0,41384.0,68644.8,56630.8,15905.5,13720.1,0.0,24760.8,0.0,17062.3,26334.5,19875.0,47670.3,105807.3,128652.3,93405.6,148
622.1,174432.0,46094.0,41384.0,45570.0,41384.0,68641.4,56627.4,15902.1,13716.6,0.0,24760.8,0.0,17062.3,26334.4,19869.9,47665.1,105812.4,128652.3,93402.2,148
623.1,174432.0,46094.0,41384.0,45570.0,41384.0,68641.4,56627.4,15902.1,13716.6,0.0,24760.8,0.0,17062.3,26334.4,19873.6,47668.8,105808.7,128652.3,93402.2,148
624.2,174432.0,46094.0,41384.0,45570.0,41384.0,68641.4,56627.4,15902.1,13716.6,0.0,24760.8,0.0,17062.4,26334.4,19874.0,47669.3,105808.2,128652.3,93402.2,148
625.2,174432.0,46094.0,41384.0,45570.0,41384.0,68641.4,56627.4,15902.1,13716.6,0.0,24760.8,0.0,17062.4,26334.4,19871.0,47666.2,105811.3,128652.3,93402.2,148
626.2,174432.0,46094.0,41384.0,45570.0,41384.0,68641.4,56627.4,15902.1,13716.6,0.0,24760.8,0.0,17061.8,26334.4,19872.5,47667.7,105809.7,128652.3,93402.2,148
627.2,174432.0,46094.0,41384.0,45570.0,41384.0,68650.7,56636.7,15911.4,13725.9,0.0,24761.0,0.0,17060.5,26336.7,19877.5,47675.0,105804.7,128652.3,93411.6,148
628.3,174432.0,46094.0,41384.0,45570.0,41384.0,68641.4,56627.4,15902.1,13716.6,0.0,24761.0,0.0,17063.3,26334.7,19868.9,47664.5,105813.3,128652.3,93402.3,148
629.4,174432.0,46094.0,41384.0,45570.0,41384.0,68641.4,56627.4,15902.1,13716.6,0.0,24761.0,0.0,17062.5,26336.0,19865.3,47662.2,105816.9,128652.3,93402.4,148
630.4,174432.0,46094.0,41384.0,45570.0,41384.0,68641.4,56627.4,15902.1,13716.6,0.0,24761.0,0.0,17062.4,26335.1,19859.7,47655.6,105822.6,128652.3,93402.4,148
631.5,174434.0,46094.0,41384.0,45572.0,41384.0,68641.4,56627.4,15902.1,13716.6,0.0,24761.0,0.0,17062.4,26334.9,19860.7,47656.4,105821.6,128652.3,93402.4,148
632.5,174450.0,46094.0,41384.0,45588.0,41384.0,68641.5,56627.5,15902.2,13716.8,0.0,24761.0,0.0,17062.8,26336.1,19862.2,47659.2,105820.0,128652.3,93402.5,148
633.6,174450.0,46094.0,41384.0,45588.0,41384.0,68641.5,56627.5,15902.2,13716.8,0.0,24761.0,0.0,17062.7,26334.4,19859.6,47654.8,105822.7,128652.3,93402.5,148
634.6,174450.0,46094.0,41384.0,45588.0,41384.0,68641.5,56627.5,15902.2,13716.8,0.0,24761.0,0.0,17062.8,26334.4,19860.4,47655.6,105821.9,128652.3,93402.5,148
635.6,174450.0,46094.0,41384.0,45588.0,41384.0,68641.5,56627.5,15902.2,13716.8,0.0,24761.0,0.0,17062.8,26334.2,19855.9,47650.9,105826.3,128652.3,93402.5,148
636.7,174450.0,46094.0,41384.0,45588.0,41384.0,68686.2,56672.2,15946.9,13761.5,0.0,24761.0,0.0,17065.7,26336.2,19865.5,47662.5,105816.8,128652.3,93447.3,148
637.7,174450.0,46094.0,41384.0,45588.0,41384.0,68641.6,56627.6,15902.3,13716.8,0.0,24761.0,0.0,17063.7,26336.9,19854.8,47652.5,105827.5,128652.3,93402.6,148
638.8,174450.0,46094.0,41384.0,45588.0,41384.0,68658.7,56644.7,15919.4,13733.9,0.0,24761.1,0.0,17064.2,26338.1,19857.2,47656.1,105825.1,128652.3,93419.7,148
639.9,174450.0,46094.0,41384.0,45588.0,41384.0,68642.1,56628.1,15902.8,13717.4,0.0,24761.1,0.0,17063.5,26337.7,19854.5,47653.0,105827.8,128652.3,93403.2,148
640.9,174450.0,46094.0,41384.0,45588.0,41384.0,68642.2,56628.2,15902.9,13717.5,0.0,24761.1,0.0,17063.5,26338.3,19858.9,47658.0,105823.4,128652.3,93403.3,148
642.0,174450.0,46094.0,41384.0,45588.0,41384.0,68641.2,56627.2,15901.9,13716.5,0.0,24761.1,0.0,17063.0,26339.7,19857.3,47657.9,105824.9,128652.3,93402.3,148
643.0,174450.0,46094.0,41384.0,45588.0,41384.0,68641.3,56627.2,15902.0,13716.5,0.0,24761.1,0.0,17062.4,26336.6,19877.8,47675.2,105804.5,128652.3,93402.4,148
644.0,174450.0,46094.0,41384.0,45588.0,41384.0,68641.3,56627.3,15902.0,13716.5,0.0,24761.2,0.0,17062.6,26336.5,19872.3,47669.6,105809.9,128652.3,93402.5,148
645.1,174450.0,46094.0,41384.0,45588.0,41384.0,68641.3,56627.3,15902.0,13716.5,0.0,24761.2,0.0,17062.7,26336.1,19874.3,47671.2,105807.9,128652.3,93402.5,148
646.2,174450.0,46094.0,41384.0,45588.0,41384.0,68641.3,56627.3,15902.0,13716.5,0.0,24761.3,0.0,17062.6,26336.3,19875.0,47672.1,105807.3,128652.3,93402.5,148
647.2,174450.0,46094.0,41384.0,45588.0,41384.0,68641.3,56627.3,15902.0,13716.5,0.0,24761.3,0.0,17062.6,26336.3,19874.8,47671.9,105807.4,128652.3,93402.5,148
648.3,174450.0,46094.0,41384.0,45588.0,41384.0,68641.3,56627.3,15902.0,13716.5,0.0,24761.3,0.0,17063.4,26337.5,19886.5,47684.8,105795.7,128652.3,93402.5,148
649.3,174450.0,46094.0,41384.0,45588.0,41384.0,68647.6,56633.6,15908.3,13722.8,0.0,24761.3,0.0,17068.9,26338.1,19887.8,47686.7,105794.5,128652.3,93408.8,148
650.4,174450.0,46094.0,41384.0,45588.0,41384.0,68647.6,56633.6,15908.3,13722.8,0.0,24761.3,0.0,17069.0,26338.0,19887.2,47686.0,105795.1,128652.3,93408.8,148
651.4,174450.0,46094.0,41384.0,45588.0,41384.0,68647.6,56633.6,15908.3,13722.8,0.0,24761.3,0.0,17068.9,26338.3,19914.5,47713.6,105767.7,128652.3,93408.9,148
652.4,174450.0,46094.0,41384.0,45588.0,41384.0,68647.6,56633.6,15908.3,13722.8,0.0,24761.3,0.0,17068.9,26336.8,19882.8,47680.4,105799.4,128652.3,93408.9,148
653.5,174450.0,46094.0,41384.0,45588.0,41384.0,68647.6,56633.6,15908.3,13722.8,0.0,24761.3,0.0,17068.9,26336.9,19878.3,47676.0,105804.0,128652.3,93408.9,148
654.6,174450.0,46094.0,41384.0,45588.0,41384.0,68647.6,56633.6,15908.3,13722.9,0.0,24761.3,0.0,17069.0,26337.5,19873.3,47671.7,105808.9,128652.3,93408.9,148
655.7,174450.0,46094.0,41384.0,45588.0,41384.0,68649.4,56635.4,15910.2,13724.7,0.0,24761.3,0.0,17071.2,26340.3,19895.6,47696.8,105786.6,128652.3,93410.8,148
656.8,174450.0,46094.0,41384.0,45588.0,41384.0,68651.7,56637.7,15912.4,13726.9,0.0,24761.3,0.0,17072.8,26340.7,19905.6,47707.1,105776.7,128652.3,93413.0,148
657.8,174450.0,46094.0,41384.0,45588.0,41384.0,68652.9,56638.9,15913.7,13728.2,0.0,24761.3,0.0,17070.4,26336.4,19888.5,47685.8,105793.8,128652.3,93414.3,148
658.9,174450.0,46094.0,41384.0,45588.0,41384.0,68653.1,56639.1,15913.8,13728.3,0.0,24761.3,0.0,17071.4,26335.6,19883.7,47680.1,105798.5,128652.3,93414.4,148
660.0,174450.0,46094.0,41384.0,45588.0,41384.0,68653.1,56639.1,15913.8,13728.3,0.0,24761.3,0.0,17071.2,26335.6,19884.0,47680.5,105798.2,128652.3,93414.4,148
661.1,174468.0,46094.0,41384.0,45606.0,41384.0,68653.1,56639.1,15913.8,13728.3,0.0,24761.5,0.0,17071.3,26339.1,19890.8,47690.7,105791.4,128652.3,93414.5,148
662.1,174468.0,46094.0,41384.0,45606.0,41384.0,68653.1,56639.1,15913.9,13728.4,0.0,24761.5,0.0,17071.4,26337.3,19882.8,47680.9,105799.4,128652.3,93414.6,148
663.2,174468.0,46094.0,41384.0,45606.0,41384.0,68653.1,56639.1,15913.9,13728.4,0.0,24761.5,0.0,17071.4,26335.9,19879.5,47676.2,105802.7,128652.3,93414.6,148
664.2,174468.0,46094.0,41384.0,45606.0,41384.0,68653.1,56639.1,15913.9,13728.4,0.0,24761.5,0.0,17071.5,26335.9,19877.6,47674.4,105804.6,128652.3,93414.6,148
665.2,174468.0,46094.0,41384.0,45606.0,41384.0,68653.1,56639.1,15913.9,13728.4,0.0,24761.5,0.0,17071.3,26335.9,19875.0,47671.8,105807.2,128652.3,93414.6,148
666.2,174468.0,46094.0,41384.0,45606.0,41384.0,68653.7,56639.7,15914.5,13729.0,0.0,24761.5,0.0,17071.4,26335.9,19874.0,47670.8,105808.2,128652.3,93415.2,148
667.2,174468.0,46094.0,41384.0,45606.0,41384.0,68653.7,56639.7,15914.5,13729.0,0.0,24761.5,0.0,17072.4,26341.0,19938.6,47740.4,105743.7,128652.3,93415.2,148
668.3,174468.0,46094.0,41384.0,45606.0,41384.0,68653.7,56639.7,15914.5,13729.0,0.0,24761.5,0.0,17072.9,26338.4,19889.1,47688.3,105793.1,128652.3,93415.2,148
669.3,174468.0,46094.0,41384.0,45606.0,41384.0,68653.7,56639.7,15914.5,13729.0,0.0,24761.5,0.0,17072.5,26341.7,19898.6,47701.1,105783.6,128652.3,93415.2,148
670.3,174468.0,46094.0,41384.0,45606.0,41384.0,68653.7,56639.7,15914.5,13729.0,0.0,24761.5,0.0,17072.9,26337.8,19880.8,47679.4,105801.4,128652.3,93415.3,148
671.4,174468.0,46094.0,41384.0,45606.0,41384.0,68653.7,56639.7,15914.5,13729.0,0.0,24761.5,0.0,17072.4,26337.4,19875.3,47673.6,105806.9,128652.3,93415.3,148
672.4,174468.0,46094.0,41384.0,45606.0,41384.0,68653.7,56639.7,15914.5,13729.0,0.0,24761.6,0.0,17072.5,26336.9,19876.8,47674.6,105805.4,128652.3,93415.3,148
673.5,174468.0,46094.0,41384.0,45606.0,41384.0,68653.8,56639.8,15914.5,13729.0,0.0,24761.6,0.0,17072.5,26338.8,19886.9,47686.5,105795.3,128652.3,93415.3,148
674.6,174468.0,46094.0,41384.0,45606.0,41384.0,68653.8,56639.8,15914.5,13729.0,0.0,24761.6,0.0,17072.5,26336.9,19873.9,47671.7,105808.4,128652.3,93415.3,148
675.7,174468.0,46094.0,41384.0,45606.0,41384.0,68653.8,56639.8,15914.5,13729.0,0.0,24761.6,0.0,17072.5,26345.1,19896.5,47702.5,105785.7,128652.3,93415.3,148
676.7,174468.0,46094.0,41384.0,45606.0,41384.0,68653.8,56639.8,15914.5,13729.0,0.0,24761.6,0.0,17072.6,26337.2,19885.1,47683.1,105797.1,128652.3,93415.3,148
677.7,174468.0,46094.0,41384.0,45606.0,41384.0,68653.8,56639.8,15914.5,13729.0,0.0,24761.7,0.0,17089.7,26337.2,19908.1,47706.2,105774.1,128652.3,93415.4,148
678.8,174468.0,46094.0,41384.0,45606.0,41384.0,68653.8,56639.8,15914.5,13729.0,0.0,24761.7,0.0,17075.8,26337.2,19891.2,47689.3,105791.0,128652.3,93415.5,148
679.8,174468.0,46094.0,41384.0,45606.0,41384.0,68653.8,56639.8,15914.5,13729.0,0.0,24761.7,0.0,17075.8,26345.1,19910.6,47716.5,105771.6,128652.3,93415.5,148
680.9,174468.0,46094.0,41384.0,45606.0,41384.0,68653.8,56639.8,15914.5,13729.0,0.0,24761.7,0.0,17076.0,26337.7,19889.0,47687.5,105793.2,128652.3,93415.5,148
681.9,174468.0,46094.0,41384.0,45606.0,41384.0,68653.8,56639.8,15914.5,13729.0,0.0,24761.7,0.0,17076.1,26338.1,19884.7,47683.6,105797.6,128652.3,93415.5,148
683.0,174468.0,46094.0,41384.0,45606.0,41384.0,68654.8,56640.7,15915.5,13730.0,0.0,24761.7,0.0,17077.6,26345.8,19923.0,47729.6,105759.3,128652.3,93416.4,148
684.0,174468.0,46094.0,41384.0,45606.0,41384.0,68654.8,56640.7,15915.5,13730.0,0.0,24761.7,0.0,17077.1,26341.6,19890.6,47693.2,105791.6,128652.3,93416.4,148
685.1,174468.0,46094.0,41384.0,45606.0,41384.0,68654.8,56640.7,15915.5,13730.0,0.0,24761.7,0.0,17077.1,26343.4,19880.1,47684.4,105802.1,128652.3,93416.5,148
686.1,174468.0,46094.0,41384.0,45606.0,41384.0,68654.8,56640.7,15915.5,13730.0,0.0,24761.7,0.0,17077.6,26348.1,19892.6,47701.5,105789.6,128652.3,93416.5,148
687.2,174468.0,46094.0,41384.0,45606.0,41384.0,68654.8,56640.7,15915.5,13730.0,0.0,24761.8,0.0,17077.1,26343.7,19887.8,47692.4,105794.4,128652.3,93416.5,148
688.2,174468.0,46094.0,41384.0,45606.0,41384.0,68654.8,56640.7,15915.5,13730.0,0.0,24761.8,0.0,17077.1,26363.0,19927.1,47751.0,105755.1,128652.3,93416.5,148
689.4,174468.0,46094.0,41384.0,45606.0,41384.0,68654.8,56640.7,15915.5,13730.0,0.0,24761.8,0.0,17080.1,26352.4,19943.8,47757.0,105738.5,128652.3,93416.5,148
690.5,174468.0,46094.0,41384.0,45606.0,41384.0,68654.8,56640.7,15915.5,13730.0,0.0,24761.8,0.0,17076.8,26350.4,19892.7,47704.0,105789.5,128652.3,93416.5,148
691.5,174468.0,46094.0,41384.0,45606.0,41384.0,68654.8,56640.7,15915.5,13730.0,0.0,24761.8,0.0,17077.3,26348.8,19884.5,47694.2,105797.7,128652.3,93416.5,148
692.6,174468.0,46094.0,41384.0,45606.0,41384.0,68654.8,56640.7,15915.5,13730.0,0.0,24761.8,0.0,17077.6,26348.8,19886.7,47696.5,105795.5,128652.3,93416.5,148
693.7,174468.0,46094.0,41384.0,45606.0,41384.0,68654.8,56640.7,15915.4,13730.0,0.0,24761.8,0.0,17077.4,26348.6,19886.9,47696.4,105795.3,128652.3,93416.6,148
694.7,174468.0,46094.0,41384.0,45606.0,41384.0,68654.8,56640.7,15915.5,13730.0,0.0,24761.8,0.0,17077.5,26348.6,19889.1,47698.6,105793.1,128652.3,93416.6,148
695.8,174468.0,46094.0,41384.0,45606.0,41384.0,68654.8,56640.7,15915.5,13730.0,0.0,24761.8,0.0,17077.5,26348.6,19889.9,47699.4,105792.2,128652.3,93416.6,148
696.8,174468.0,46094.0,41384.0,45606.0,41384.0,68654.8,56640.7,15915.5,13730.0,0.0,24762.1,0.0,17077.5,26348.7,19894.5,47704.2,105787.6,128652.3,93416.8,148
697.9,174468.0,46094.0,41384.0,45606.0,41384.0,68654.8,56640.7,15915.5,13730.0,0.0,24762.1,0.0,17077.5,26349.0,19886.4,47696.2,105795.8,128652.3,93416.8,148
698.9,174468.0,46094.0,41384.0,45606.0,41384.0,68654.8,56640.7,15915.5,13730.0,0.0,24762.1,0.0,17077.5,26348.8,19886.4,47696.1,105795.8,128652.3,93416.8,148
700.0,174468.0,46094.0,41384.0,45606.0,41384.0,68654.8,56640.7,15915.5,13730.0,0.0,24762.1,0.0,17077.5,26348.4,19887.7,47697.0,105794.5,128652.3,93416.8,148
701.0,174468.0,46094.0,41384.0,45606.0,41384.0,68654.8,56640.7,15915.5,13730.0,0.0,24762.1,0.0,17077.6,26348.5,19883.3,47692.7,105798.9,128652.3,93416.9,148
702.0,174468.0,46094.0,41384.0,45606.0,41384.0,68654.8,56640.8,15915.6,13730.1,0.0,24762.1,0.0,17077.5,26348.2,19884.5,47693.7,105797.6,128652.3,93417.0,148
703.1,174468.0,46094.0,41384.0,45606.0,41384.0,68656.2,56642.2,15916.9,13731.4,0.0,24762.1,0.0,17079.6,26348.5,19884.1,47693.5,105798.1,128652.3,93418.3,148
704.2,174468.0,46094.0,41384.0,45606.0,41384.0,68656.2,56642.2,15916.9,13731.4,0.0,24762.1,0.0,17078.9,26348.1,19888.6,47697.7,105793.6,128652.3,93418.3,148
705.2,174468.0,46094.0,41384.0,45606.0,41384.0,68656.2,56642.2,15916.9,13731.4,0.0,24762.1,0.0,17078.8,26348.1,19894.5,47703.5,105787.7,128652.3,93418.3,148
706.2,174468.0,46094.0,41384.0,45606.0,41384.0,68656.2,56642.2,15916.9,13731.4,0.0,24762.1,0.0,17078.9,26348.3,19883.7,47692.9,105798.5,128652.3,93418.3,148
707.2,174468.0,46094.0,41384.0,45606.0,41384.0,68656.2,56642.2,15916.9,13731.4,0.0,24762.1,0.0,17078.4,26348.3,19884.8,47694.0,105797.4,128652.3,93418.3,148
708.2,174468.0,46094.0,41384.0,45606.0,41384.0,68656.2,56642.2,15916.9,13731.4,0.0,24762.2,0.0,17079.3,26347.9,19891.1,47699.9,105791.1,128652.3,93418.3,148
709.2,174468.0,46094.0,41384.0,45606.0,41384.0,68656.2,56642.2,15916.9,13731.4,0.0,24762.4,0.0,17079.4,26348.2,19889.0,47698.1,105793.2,128652.3,93418.6,148
710.3,174468.0,46094.0,41384.0,45606.0,41384.0,68656.2,56642.2,15916.9,13731.4,0.0,24762.4,0.0,17078.9,26348.7,19882.8,47692.4,105799.4,128652.3,93418.6,148
711.3,174468.0,46094.0,41384.0,45606.0,41384.0,68656.2,56642.2,15916.9,13731.4,0.0,24762.4,0.0,17078.9,26348.7,19883.5,47693.1,105798.7,128652.3,93418.6,148
712.3,174468.0,46094.0,41384.0,45606.0,41384.0,68656.2,56642.2,15916.9,13731.4,0.0,24762.4,0.0,17078.9,26348.3,19883.9,47693.1,105798.3,128652.3,93418.6,148
713.4,174468.0,46094.0,41384.0,45606.0,41384.0,68656.2,56642.2,15916.9,13731.4,0.0,24762.4,0.0,17078.9,26348.3,19886.1,47695.3,105796.1,128652.3,93418.6,148
714.5,174468.0,46094.0,41384.0,45606.0,41384.0,68656.2,56642.2,15916.9,13731.4,0.0,24762.4,0.0,17078.9,26347.9,19890.0,47698.8,105792.2,128652.3,93418.6,148
715.6,174468.0,46094.0,41384.0,45606.0,41384.0,68656.2,56642.2,15916.9,13731.4,0.0,24762.4,0.0,17078.9,26348.1,19888.0,47697.0,105794.2,128652.3,93418.6,148
716.6,174468.0,46094.0,41384.0,45606.0,41384.0,68656.2,56642.2,15916.9,13731.4,0.0,24762.5,0.0,17079.1,26349.9,19887.0,47697.8,105795.1,128652.3,93418.6,148
717.6,174468.0,46094.0,41384.0,45606.0,41384.0,68656.2,56642.2,15916.9,13731.4,0.0,24762.5,0.0,17079.1,26349.1,19890.4,47700.4,105791.8,128652.3,93418.6,148
718.7,174468.0,46094.0,41384.0,45606.0,41384.0,68656.2,56642.2,15916.9,13731.4,0.0,24762.5,0.0,17079.2,26348.8,19886.5,47696.2,105795.7,128652.3,93418.6,148
719.7,174468.0,46094.0,41384.0,45606.0,41384.0,68656.2,56642.2,15916.9,13731.4,0.0,24762.5,0.0,17079.2,26348.8,19886.5,47696.2,105795.7,128652.3,93418.6,148
720.8,174468.0,46094.0,41384.0,45606.0,41384.0,68656.2,56642.2,15916.9,13731.4,0.0,24762.5,0.0,17079.2,26347.6,19891.1,47699.6,105791.0,128652.3,93418.6,148
721.8,174468.0,46094.0,41384.0,45606.0,41384.0,68656.2,56642.2,15916.9,13731.4,0.0,24762.5,0.0,17079.2,26349.3,19891.8,47702.0,105790.4,128652.3,93418.6,148
722.8,174468.0,46094.0,41384.0,45606.0,41384.0,68656.2,56642.2,15916.9,13731.4,0.0,24762.5,0.0,17079.4,26350.3,19888.6,47699.8,105793.6,128652.3,93418.6,148
723.8,174468.0,46094.0,41384.0,45606.0,41384.0,68656.2,56642.2,15916.9,13731.4,0.0,24762.5,0.0,17080.3,26349.6,19890.3,47700.8,105791.9,128652.3,93418.7,148
724.8,174468.0,46094.0,41384.0,45606.0,41384.0,68656.2,56642.2,15916.9,13731.4,0.0,24762.5,0.0,17080.3,26349.4,19887.1,47697.4,105795.0,128652.3,93418.7,148
725.9,174468.0,46094.0,41384.0,45606.0,41384.0,68656.2,56642.2,15916.9,13731.4,0.0,24762.5,0.0,17080.5,26349.4,19887.8,47698.1,105794.4,128652.3,93418.7,148
726.9,174468.0,46094.0,41384.0,45606.0,41384.0,68656.2,56642.2,15916.9,13731.4,0.0,24762.5,0.0,17080.5,26349.4,19887.7,47698.0,105794.5,128652.3,93418.7,148
727.9,174468.0,46094.0,41384.0,45606.0,41384.0,68656.2,56642.2,15916.9,13731.4,0.0,24762.5,0.0,17080.4,26349.4,19890.6,47700.9,105791.6,128652.3,93418.7,148
728.9,174468.0,46094.0,41384.0,45606.0,41384.0,68656.2,56642.2,15916.9,13731.4,0.0,24762.5,0.0,17080.4,26349.4,19888.0,47698.3,105794.2,128652.3,93418.7,148
729.9,174468.0,46094.0,41384.0,45606.0,41384.0,68656.2,56642.2,15916.9,13731.4,0.0,24762.5,0.0,17080.4,26348.7,19887.1,47696.7,105795.0,128652.3,93418.7,148
731.0,174468.0,46094.0,41384.0,45606.0,41384.0,68656.2,56642.2,15916.9,13731.4,0.0,24762.7,0.0,17080.5,26349.0,19889.8,47699.7,105792.4,128652.3,93418.8,148
732.0,174468.0,46094.0,41384.0,45606.0,41384.0,68656.2,56642.2,15916.9,13731.4,0.0,24762.7,0.0,17080.3,26349.3,19890.3,47700.5,105791.9,128652.3,93418.8,148
733.0,174468.0,46094.0,41384.0,45606.0,41384.0,68656.2,56642.2,15916.9,13731.4,0.0,24762.7,0.0,17080.3,26349.3,19887.2,47697.4,105794.9,128652.3,93418.9,148
734.0,174468.0,46094.0,41384.0,45606.0,41384.0,68656.2,56642.2,15916.9,13731.4,0.0,24762.8,0.0,17080.4,26349.2,19888.6,47698.7,105793.6,128652.3,93418.9,148
735.1,174468.0,46094.0,41384.0,45606.0,41384.0,68656.2,56642.2,15916.9,13731.4,0.0,24762.8,0.0,17080.4,26349.4,19885.5,47695.8,105796.6,128652.3,93419.0,148
736.1,174468.0,46094.0,41384.0,45606.0,41384.0,68656.2,56642.2,15916.9,13731.4,0.0,24762.8,0.0,17080.4,26349.3,19910.9,47721.1,105771.3,128652.3,93419.0,148
737.1,174468.0,46094.0,41384.0,45606.0,41384.0,68656.2,56642.2,15916.9,13731.4,0.0,24762.8,0.0,17080.4,26349.3,19879.7,47690.0,105802.4,128652.3,93419.0,148
738.2,174468.0,46094.0,41384.0,45606.0,41384.0,68656.2,56642.2,15916.9,13731.4,0.0,24762.8,0.0,17080.4,26348.8,19878.2,47688.0,105803.9,128652.3,93419.0,148
739.2,174468.0,46094.0,41384.0,45606.0,41384.0,68656.2,56642.2,15916.9,13731.4,0.0,24762.8,0.0,17077.2,26348.8,19881.3,47691.1,105800.9,128652.3,93419.0,148
740.2,174468.0,46094.0,41384.0,45606.0,41384.0,68656.2,56642.2,15916.9,13731.4,0.0,24762.8,0.0,17077.3,26348.9,19883.4,47693.2,105798.8,128652.3,93419.0,148
741.2,174468.0,46094.0,41384.0,45606.0,41384.0,68656.2,56642.2,15916.9,13731.4,0.0,24762.8,0.0,17079.0,26349.0,19885.4,47695.3,105796.8,128652.3,93419.0,148
742.3,174468.0,46094.0,41384.0,45606.0,41384.0,68656.2,56642.2,15916.9,13731.4,0.0,24762.8,0.0,17079.4,26348.9,19889.2,47699.1,105792.9,128652.3,93419.0,148
743.3,174468.0,46094.0,41384.0,45606.0,41384.0,68656.2,56642.2,15916.9,13731.4,0.0,24762.9,0.0,17079.4,26350.7,19890.5,47702.1,105791.6,128652.3,93419.0,148
744.4,174468.0,46094.0,41384.0,45606.0,41384.0,68656.2,56642.2,15916.9,13731.4,0.0,24763.0,0.0,17079.4,26350.8,19892.6,47704.3,105789.6,128652.3,93419.2,148
745.4,174468.0,46094.0,41384.0,45606.0,41384.0,68656.2,56642.2,15916.9,13731.4,0.0,24763.0,0.0,17079.4,26352.0,19885.9,47698.8,105796.2,128652.3,93419.2,148
746.4,174468.0,46094.0,41384.0,45606.0,41384.0,68656.2,56642.2,15916.9,13731.4,0.0,24763.0,0.0,17077.2,26359.2,19911.2,47731.4,105770.9,128652.3,93419.2,148
747.5,174468.0,46094.0,41384.0,45606.0,41384.0,68656.2,56642.2,15916.9,13731.4,0.0,24763.0,0.0,17077.2,26350.9,19893.0,47704.9,105789.1,128652.3,93419.2,148
748.5,174468.0,46094.0,41384.0,45606.0,41384.0,68656.2,56642.2,15916.9,13731.4,0.0,24763.0,0.0,17077.1,26352.0,19902.9,47715.8,105779.3,128652.3,93419.2,148
749.5,174468.0,46094.0,41384.0,45606.0,41384.0,68656.5,56642.5,15917.3,13731.8,0.0,24763.0,0.0,17077.2,26352.5,19902.5,47715.9,105779.6,128652.3,93419.5,148
750.6,174468.0,46094.0,41384.0,45606.0,41384.0,68656.5,56642.5,15917.3,13731.8,0.0,24763.0,0.0,17077.6,26353.3,19910.8,47725.1,105771.3,128652.3,93419.5,148
751.7,174468.0,46094.0,41384.0,45606.0,41384.0,68656.5,56642.5,15917.3,13731.8,0.0,24763.0,0.0,17077.8,26352.3,19890.8,47704.0,105791.3,128652.3,93419.5,148
752.7,174468.0,46094.0,41384.0,45606.0,41384.0,68656.5,56642.5,15917.3,13731.8,0.0,24763.1,0.0,17077.6,26351.9,19938.5,47751.3,105743.7,128652.3,93419.6,148
753.7,174468.0,46094.0,41384.0,45606.0,41384.0,68656.5,56642.5,15917.3,13731.8,0.0,24763.1,0.0,17077.8,26349.9,19895.1,47706.0,105787.0,128652.3,93419.6,148
754.7,174468.0,46094.0,41384.0,45606.0,41384.0,68656.5,56642.5,15917.3,13731.8,0.0,24763.1,0.0,17077.8,26350.6,19893.5,47705.0,105788.7,128652.3,93419.6,148
755.8,174468.0,46094.0,41384.0,45606.0,41384.0,68656.5,56642.5,15917.3,13731.8,0.0,24763.1,0.0,17077.8,26350.4,19888.0,47699.4,105794.1,128652.3,93419.7,148
756.8,174468.0,46094.0,41384.0,45606.0,41384.0,68656.5,56642.5,15917.3,13731.8,0.0,24763.1,0.0,17077.8,26365.0,19929.4,47755.4,105752.7,128652.3,93419.7,148
757.9,174468.0,46094.0,41384.0,45606.0,41384.0,68656.5,56642.5,15917.2,13731.8,0.0,24763.2,0.0,17077.4,26352.0,19893.3,47706.2,105788.9,128652.3,93419.7,148
759.0,174468.0,46094.0,41384.0,45606.0,41384.0,68656.5,56642.5,15917.2,13731.8,0.0,24763.2,0.0,17092.2,26350.5,19915.6,47727.1,105766.5,128652.3,93419.7,148
760.0,174468.0,46094.0,41384.0,45606.0,41384.0,68656.5,56642.5,15917.2,13731.8,0.0,24763.2,0.0,17081.0,26352.0,19914.9,47727.9,105767.2,128652.3,93419.7,148
761.1,174468.0,46094.0,41384.0,45606.0,41384.0,68658.2,56644.2,15918.9,13733.5,0.0,24763.2,0.0,17082.6,26357.3,19917.5,47735.8,105764.6,128652.3,93421.5,148
762.1,174468.0,46094.0,41384.0,45606.0,41384.0,68659.4,56645.4,15920.1,13734.7,0.0,24763.2,0.0,17083.6,26354.1,19913.8,47728.9,105768.3,128652.3,93422.7,148
763.3,174468.0,46094.0,41384.0,45606.0,41384.0,68659.4,56645.4,15920.1,13734.7,0.0,24763.2,0.0,17083.9,26351.1,19904.4,47716.5,105777.7,128652.3,93422.7,148
764.4,174468.0,46094.0,41384.0,45606.0,41384.0,68659.4,56645.4,15920.1,13734.7,0.0,24763.2,0.0,17083.6,26351.1,19902.8,47714.9,105779.3,128652.3,93422.7,148
765.5,174468.0,46094.0,41384.0,45606.0,41384.0,68659.4,56645.4,15920.1,13734.7,0.0,24763.2,0.0,17083.6,26350.2,19906.1,47717.3,105776.0,128652.3,93422.7,148
766.5,174468.0,46094.0,41384.0,45606.0,41384.0,68659.4,56645.4,15920.1,13734.7,0.0,24763.4,0.0,17083.6,26350.0,19907.6,47718.6,105774.5,128652.3,93422.8,148
767.5,174468.0,46094.0,41384.0,45606.0,41384.0,68659.4,56645.4,15920.1,13734.7,0.0,24763.4,0.0,17083.6,26350.0,19905.9,47716.9,105776.2,128652.3,93422.8,148
768.6,174468.0,46094.0,41384.0,45606.0,41384.0,68659.4,56645.4,15920.1,13734.7,0.0,24763.4,0.0,17083.6,26349.7,19909.2,47719.9,105772.9,128652.3,93422.8,148
769.6,174468.0,46094.0,41384.0,45606.0,41384.0,68659.4,56645.4,15920.1,13734.7,0.0,24763.4,0.0,17083.6,26349.4,19902.0,47712.4,105780.1,128652.3,93422.8,148
770.6,174468.0,46094.0,41384.0,45606.0,41384.0,68659.4,56645.4,15920.2,13734.7,0.0,24763.4,0.0,17083.6,26349.8,19899.8,47710.5,105782.4,128652.3,93422.8,148
771.6,174468.0,46094.0,41384.0,45606.0,41384.0,68659.4,56645.4,15920.2,13734.7,0.0,24763.4,0.0,17083.6,26349.8,19897.3,47708.0,105784.8,128652.3,93422.8,148
772.7,174468.0,46094.0,41384.0,45606.0,41384.0,68659.4,56645.4,15920.1,13734.7,0.0,24763.4,0.0,17087.1,26350.3,19905.0,47716.2,105777.2,128652.3,93422.9,148
773.7,174468.0,46094.0,41384.0,45606.0,41384.0,68659.4,56645.4,15920.2,13734.7,0.0,24763.4,0.0,17083.7,26349.7,19899.9,47710.6,105782.2,128652.3,93422.9,148
774.7,174468.0,46094.0,41384.0,45606.0,41384.0,68659.4,56645.4,15920.2,13734.7,0.0,24763.4,0.0,17083.7,26349.8,19899.6,47710.3,105782.6,128652.3,93422.9,148
775.7,174468.0,46094.0,41384.0,45606.0,41384.0,68659.4,56645.4,15920.1,13734.7,0.0,24763.4,0.0,17083.7,26349.6,19897.6,47708.2,105784.6,128652.3,93422.9,148
776.7,174468.0,46094.0,41384.0,45606.0,41384.0,68659.4,56645.4,15920.1,13734.7,0.0,24763.4,0.0,17083.7,26349.6,19898.3,47708.9,105783.8,128652.3,93422.9,148
777.7,174468.0,46094.0,41384.0,45606.0,41384.0,68659.4,56645.4,15920.1,13734.7,0.0,24763.4,0.0,17083.8,26349.6,19899.0,47709.6,105783.2,128652.3,93422.9,148
778.8,174468.0,46094.0,41384.0,45606.0,41384.0,68659.4,56645.4,15920.1,13734.7,0.0,24763.4,0.0,17083.8,26349.4,19899.5,47709.9,105782.6,128652.3,93422.9,148
779.8,174468.0,46094.0,41384.0,45606.0,41384.0,68659.5,56645.5,15920.2,13734.8,0.0,24763.4,0.0,17083.8,26349.1,19893.0,47703.1,105789.1,128652.3,93423.0,148
780.8,174468.0,46094.0,41384.0,45606.0,41384.0,68659.5,56645.5,15920.2,13734.8,0.0,24763.4,0.0,17083.9,26349.1,19886.5,47696.6,105795.6,128652.3,93423.0,148
781.8,174468.0,46094.0,41384.0,45606.0,41384.0,68659.5,56645.5,15920.2,13734.8,0.0,24763.6,0.0,17084.0,26349.3,19894.9,47705.2,105787.2,128652.3,93423.1,148
782.8,174468.0,46094.0,41384.0,45606.0,41384.0,68659.5,56645.5,15920.2,13734.8,0.0,24763.6,0.0,17084.0,26350.6,19894.9,47706.4,105787.3,128652.3,93423.1,148
783.9,174468.0,46094.0,41384.0,45606.0,41384.0,68659.6,56645.6,15920.3,13734.8,0.0,24763.6,0.0,17083.6,26353.7,19899.9,47714.6,105782.2,128652.3,93423.2,148
784.9,174468.0,46094.0,41384.0,45606.0,41384.0,68659.6,56645.6,15920.3,13734.8,0.0,24763.6,0.0,17083.9,26349.2,19896.3,47706.4,105785.8,128652.3,93423.2,148
785.9,174468.0,46094.0,41384.0,45606.0,41384.0,68661.6,56647.6,15922.3,13736.8,0.0,24763.6,0.0,17085.9,26349.6,19893.0,47703.6,105789.1,128652.3,93425.2,148
787.0,174468.0,46094.0,41384.0,45606.0,41384.0,68661.6,56647.6,15922.3,13736.8,0.0,24763.6,0.0,17085.9,26349.6,19893.8,47704.4,105788.3,128652.3,93425.2,148
788.0,174468.0,46094.0,41384.0,45606.0,41384.0,68661.6,56647.6,15922.3,13736.8,0.0,24763.6,0.0,17085.9,26352.3,19898.5,47711.8,105783.6,128652.3,93425.2,148
789.0,174468.0,46094.0,41384.0,45606.0,41384.0,68661.6,56647.6,15922.3,13736.8,0.0,24763.6,0.0,17086.2,26349.4,19897.7,47708.1,105784.4,128652.3,93425.2,148
790.0,174468.0,46094.0,41384.0,45606.0,41384.0,68661.6,56647.6,15922.3,13736.8,0.0,24763.7,0.0,17100.2,26348.9,19914.0,47723.9,105768.1,128652.3,93425.2,148
791.1,174468.0,46094.0,41384.0,45606.0,41384.0,68661.6,56647.6,15922.3,13736.8,0.0,24763.7,0.0,17085.9,26348.8,19897.4,47707.1,105784.7,128652.3,93425.2,148
792.2,174468.0,46094.0,41384.0,45606.0,41384.0,68661.6,56647.6,15922.3,13736.8,0.0,24763.7,0.0,17085.9,26348.7,19897.6,47707.3,105784.5,128652.3,93425.2,148
793.3,174468.0,46094.0,41384.0,45606.0,41384.0,68661.6,56647.6,15922.3,13736.8,0.0,24763.7,0.0,17086.4,26349.6,19899.6,47710.2,105782.5,128652.3,93425.2,148
794.3,174468.0,46094.0,41384.0,45606.0,41384.0,68661.6,56647.6,15922.3,13736.8,0.0,24763.7,0.0,17085.9,26349.9,19892.8,47703.7,105789.3,128652.3,93425.3,148
795.3,174468.0,46094.0,41384.0,45606.0,41384.0,68661.6,56647.6,15922.3,13736.9,0.0,24763.7,0.0,17085.9,26349.4,19893.4,47703.8,105788.7,128652.3,93425.3,148
796.4,174468.0,46094.0,41384.0,45606.0,41384.0,68661.6,56647.6,15922.3,13736.9,0.0,24763.7,0.0,17086.0,26349.5,19895.2,47705.7,105786.9,128652.3,93425.3,148
797.4,174468.0,46094.0,41384.0,45606.0,41384.0,68661.6,56647.6,15922.3,13736.9,0.0,24763.8,0.0,17086.0,26349.6,19896.4,47707.0,105785.7,128652.3,93425.4,148
798.5,174468.0,46094.0,41384.0,45606.0,41384.0,68661.6,56647.6,15922.3,13736.9,0.0,24763.8,0.0,17086.0,26349.3,19895.7,47706.0,105786.4,128652.3,93425.5,148
799.5,174468.0,46094.0,41384.0,45606.0,41384.0,68661.6,56647.6,15922.3,13736.9,0.0,24763.8,0.0,17086.2,26349.2,19892.1,47702.2,105790.0,128652.3,93425.5,148
800.6,174468.0,46094.0,41384.0,45606.0,41384.0,68661.6,56647.6,15922.3,13736.9,0.0,24763.9,0.0,17086.0,26349.2,19887.4,47697.5,105794.7,128652.3,93425.5,148
801.7,174468.0,46094.0,41384.0,45606.0,41384.0,68661.7,56647.7,15922.4,13736.9,0.0,24763.9,0.0,17056.0,26348.3,19862.7,47672.0,105819.4,128652.3,93425.5,148
802.7,174468.0,46094.0,41384.0,45606.0,41384.0,68661.7,56647.7,15922.4,13736.9,0.0,24763.9,0.0,17056.0,26349.1,19862.0,47672.1,105820.1,128652.3,93425.5,148
803.8,174468.0,46094.0,41384.0,45606.0,41384.0,68661.7,56647.7,15922.4,13736.9,0.0,24763.9,0.0,17056.0,26350.8,19882.0,47693.8,105800.1,128652.3,93425.6,148
804.8,174468.0,46094.0,41384.0,45606.0,41384.0,68661.7,56647.7,15922.4,13736.9,0.0,24763.9,0.0,17056.0,26348.6,19864.5,47674.1,105817.6,128652.3,93425.6,148
805.9,174468.0,46094.0,41384.0,45606.0,41384.0,68661.7,56647.7,15922.4,13737.0,0.0,24763.9,0.0,17056.1,26349.7,19862.5,47673.1,105819.6,128652.3,93425.6,148
806.9,174468.0,46094.0,41384.0,45606.0,41384.0,68661.7,56647.7,15922.4,13737.0,0.0,24763.9,0.0,17056.1,26350.1,19866.8,47677.8,105815.3,128652.3,93425.6,148
808.0,174468.0,46094.0,41384.0,45606.0,41384.0,68661.7,56647.7,15922.4,13737.0,0.0,24763.9,0.0,17056.0,26349.4,19862.7,47673.1,105819.4,128652.3,93425.6,148
809.1,174468.0,46094.0,41384.0,45606.0,41384.0,68664.5,56650.5,15925.2,13739.8,0.0,24763.9,0.0,17064.0,26351.6,19882.9,47695.5,105799.2,128652.3,93428.5,148
810.1,174468.0,46094.0,41384.0,45606.0,41384.0,68664.6,56650.6,15925.3,13739.8,0.0,24763.9,0.0,17058.9,26350.6,19873.7,47685.2,105808.4,128652.3,93428.5,148
811.1,174468.0,46094.0,41384.0,45606.0,41384.0,68664.6,56650.6,15925.3,13739.8,0.0,24763.9,0.0,17058.9,26350.4,19870.7,47682.1,105811.4,128652.3,93428.5,148
812.1,174468.0,46094.0,41384.0,45606.0,41384.0,68664.1,56650.1,15924.8,13739.3,0.0,24763.9,0.0,17058.4,26351.4,19870.5,47682.9,105811.6,128652.3,93428.0,148
813.2,174468.0,46094.0,41384.0,45606.0,41384.0,68664.1,56650.1,15924.8,13739.3,0.0,24764.0,0.0,17058.7,26353.0,19878.1,47692.1,105804.0,128652.3,93428.0,148
814.3,174468.0,46094.0,41384.0,45606.0,41384.0,68664.1,56650.1,15924.8,13739.3,0.0,24764.0,0.0,17058.3,26352.5,19880.8,47694.3,105801.3,128652.3,93428.0,148
815.5,174468.0,46094.0,41384.0,45606.0,41384.0,68664.1,56650.1,15924.8,13739.3,0.0,24764.0,0.0,17057.8,26352.2,19873.3,47686.5,105808.8,128652.3,93428.0,148
816.5,174468.0,46094.0,41384.0,45606.0,41384.0,68664.1,56650.1,15924.8,13739.3,0.0,24764.0,0.0,17057.8,26351.9,19872.9,47685.8,105809.2,128652.3,93428.0,148
817.5,174468.0,46094.0,41384.0,45606.0,41384.0,68664.1,56650.1,15924.8,13739.3,0.0,24764.1,0.0,17057.8,26351.2,19870.8,47683.0,105811.3,128652.3,93428.2,148
818.6,174468.0,46094.0,41384.0,45606.0,41384.0,68664.1,56650.1,15924.8,13739.3,0.0,24764.1,0.0,17057.8,26351.9,19871.8,47684.8,105810.2,128652.3,93428.2,148
819.7,174468.0,46094.0,41384.0,45606.0,41384.0,68664.1,56650.1,15924.8,13739.3,0.0,24764.1,0.0,17054.8,26351.1,19869.4,47681.5,105812.7,128652.3,93428.2,148
820.8,174468.0,46094.0,41384.0,45606.0,41384.0,68664.1,56650.1,15924.8,13739.3,0.0,24764.1,0.0,17054.7,26352.9,20047.9,47861.8,105634.2,128652.3,93428.2,148
821.8,174468.0,46094.0,41384.0,45606.0,41384.0,68664.1,56650.1,15924.8,13739.3,0.0,24764.1,0.0,17054.7,26351.8,19874.4,47687.2,105807.7,128652.3,93428.2,148
822.8,174468.0,46094.0,41384.0,45606.0,41384.0,68664.1,56650.1,15924.8,13739.3,0.0,24764.1,0.0,17056.4,26351.8,19874.8,47687.6,105807.3,128652.3,93428.2,148
823.8,174468.0,46094.0,41384.0,45606.0,41384.0,68664.1,56650.1,15924.8,13739.3,0.0,24764.1,0.0,17057.1,26351.2,19875.9,47688.1,105806.2,128652.3,93428.2,148
824.8,174468.0,46094.0,41384.0,45606.0,41384.0,68664.1,56650.1,15924.8,13739.3,0.0,24764.2,0.0,17057.4,26350.9,19875.2,47687.2,105806.8,128652.3,93428.2,148
825.9,174468.0,46094.0,41384.0,45606.0,41384.0,68665.0,56651.0,15925.8,13740.3,0.0,24764.2,0.0,17054.9,26353.3,19881.8,47696.1,105800.3,128652.3,93429.2,148
827.0,174468.0,46094.0,41384.0,45606.0,41384.0,68664.1,56650.1,15924.9,13739.4,0.0,24764.2,0.0,17055.0,26352.9,19876.1,47690.0,105806.0,128652.3,93428.3,148
828.0,174468.0,46094.0,41384.0,45606.0,41384.0,68664.1,56650.1,15924.9,13739.4,0.0,24764.2,0.0,17055.5,26354.6,19883.5,47699.1,105798.6,128652.3,93428.3,148
829.0,174468.0,46094.0,41384.0,45606.0,41384.0,68664.1,56650.1,15924.9,13739.4,0.0,24764.2,0.0,17055.0,26352.6,19873.0,47686.6,105809.1,128652.3,93428.3,148
830.0,174468.0,46094.0,41384.0,45606.0,41384.0,68664.1,56650.1,15924.9,13739.4,0.0,24764.2,0.0,17055.0,26352.2,19871.8,47685.0,105810.3,128652.3,93428.3,148
831.0,174468.0,46094.0,41384.0,45606.0,41384.0,68664.1,56650.1,15924.9,13739.4,0.0,24764.2,0.0,17055.0,26352.2,19873.3,47686.5,105808.8,128652.3,93428.3,148
832.0,174468.0,46094.0,41384.0,45606.0,41384.0,68664.1,56650.1,15924.9,13739.4,0.0,24764.2,0.0,17055.0,26351.9,19870.6,47683.6,105811.4,128652.3,93428.3,148
833.1,174468.0,46094.0,41384.0,45606.0,41384.0,68664.1,56650.1,15924.9,13739.4,0.0,24764.3,0.0,17055.0,26354.0,19899.8,47714.9,105782.2,128652.3,93428.4,148
834.2,174468.0,46094.0,41384.0,45606.0,41384.0,68664.1,56650.1,15924.9,13739.4,0.0,24764.3,0.0,17055.5,26352.2,19876.5,47689.7,105805.5,128652.3,93428.4,148
835.3,174468.0,46094.0,41384.0,45606.0,41384.0,68664.1,56650.1,15924.9,13739.4,0.0,24764.3,0.0,17055.5,26351.4,19869.3,47681.7,105812.8,128652.3,93428.4,148
836.4,174468.0,46094.0,41384.0,45606.0,41384.0,68667.6,56653.6,15928.4,13742.9,0.0,24764.4,0.0,17055.8,26351.7,19869.5,47682.3,105812.5,128652.3,93432.0,148
837.5,174468.0,46094.0,41384.0,45606.0,41384.0,68664.8,56650.8,15925.6,13740.1,0.0,24764.4,0.0,17055.8,26356.5,19899.4,47716.9,105782.7,128652.3,93429.2,148
838.6,174468.0,46094.0,41384.0,45606.0,41384.0,68664.8,56650.8,15925.6,13740.1,0.0,24764.4,0.0,17055.8,26352.0,19890.9,47703.9,105791.1,128652.3,93429.2,148
839.6,174468.0,46094.0,41384.0,45606.0,41384.0,68666.3,56652.3,15927.0,13741.5,0.0,24764.4,0.0,17072.0,26359.9,19923.1,47744.0,105759.0,128652.3,93430.7,148
840.7,174468.0,46094.0,41384.0,45606.0,41384.0,68666.3,56652.3,15927.0,13741.5,0.0,24764.4,0.0,17060.6,26351.9,19877.8,47690.8,105804.2,128652.3,93430.7,148
841.7,174468.0,46094.0,41384.0,45606.0,41384.0,68666.3,56652.3,15927.0,13741.5,0.0,24764.4,0.0,17060.4,26351.8,19877.1,47689.9,105804.9,128652.3,93430.7,148
842.8,174468.0,46094.0,41384.0,45606.0,41384.0,68666.3,56652.3,15927.0,13741.5,0.0,24764.4,0.0,17060.9,26351.2,19878.4,47690.7,105803.6,128652.3,93430.7,148
843.8,174468.0,46094.0,41384.0,45606.0,41384.0,68666.3,56652.3,15927.0,13741.5,0.0,24764.4,0.0,17060.4,26351.3,19877.7,47690.1,105804.3,128652.3,93430.7,148
844.8,174468.0,46094.0,41384.0,45606.0,41384.0,68666.3,56652.3,15927.0,13741.5,0.0,24764.4,0.0,17060.4,26351.6,19885.2,47697.9,105796.8,128652.3,93430.7,148
845.9,174468.0,46094.0,41384.0,45606.0,41384.0,68666.3,56652.3,15927.0,13741.5,0.0,24764.4,0.0,17060.4,26352.2,19883.2,47696.4,105798.8,128652.3,93430.7,148
847.0,174468.0,46094.0,41384.0,45606.0,41384.0,68666.3,56652.3,15927.0,13741.5,0.0,24764.5,0.0,17060.4,26351.5,19880.4,47693.0,105801.6,128652.3,93430.7,148
848.0,174468.0,46094.0,41384.0,45606.0,41384.0,68666.3,56652.3,15927.0,13741.5,0.0,24764.5,0.0,17060.4,26351.7,19881.8,47694.5,105800.3,128652.3,93430.7,148
849.0,174468.0,46094.0,41384.0,45606.0,41384.0,68666.3,56652.3,15927.0,13741.5,0.0,24764.5,0.0,17060.4,26368.8,19943.4,47773.3,105738.6,128652.3,93430.7,148
850.0,174468.0,46094.0,41384.0,45606.0,41384.0,68666.3,56652.3,15927.0,13741.5,0.0,24764.5,0.0,17060.3,26352.7,19888.4,47702.2,105793.6,128652.3,93430.7,148
851.0,174468.0,46094.0,41384.0,45606.0,41384.0,68666.3,56652.3,15927.0,13741.5,0.0,24764.5,0.0,17060.4,26351.7,19888.1,47700.8,105794.0,128652.3,93430.8,148
852.1,174468.0,46094.0,41384.0,45606.0,41384.0,68666.3,56652.3,15927.0,13741.5,0.0,24764.5,0.0,17060.5,26355.4,19890.9,47707.3,105791.2,128652.3,93430.8,148
853.1,174468.0,46094.0,41384.0,45606.0,41384.0,68666.3,56652.3,15927.0,13741.5,0.0,24764.5,0.0,17060.4,26352.2,19883.8,47697.1,105798.2,128652.3,93430.8,148
854.2,174468.0,46094.0,41384.0,45606.0,41384.0,68666.3,56652.3,15927.0,13741.5,0.0,24764.6,0.0,17060.4,26349.9,19880.4,47691.4,105801.6,128652.3,93430.9,148
855.3,174468.0,46094.0,41384.0,45606.0,41384.0,68666.3,56652.3,15927.0,13741.5,0.0,24764.6,0.0,17060.5,26350.5,19876.1,47687.7,105805.9,128652.3,93430.9,148
856.4,174468.0,46094.0,41384.0,45606.0,41384.0,68669.1,56655.1,15929.8,13744.4,0.0,24764.6,0.0,17062.9,26351.0,19874.7,47686.8,105807.3,128652.3,93433.8,148
857.5,174468.0,46094.0,41384.0,45606.0,41384.0,68669.1,56655.1,15929.8,13744.4,0.0,24764.6,0.0,17062.9,26355.0,19894.9,47711.0,105787.2,128652.3,93433.8,148
858.6,174468.0,46094.0,41384.0,45606.0,41384.0,68669.1,56655.1,15929.8,13744.4,0.0,24764.6,0.0,17063.0,26350.9,19877.0,47689.0,105805.0,128652.3,93433.8,148
859.7,174468.0,46094.0,41384.0,45606.0,41384.0,68670.3,56656.3,15931.0,13745.6,0.0,24764.7,0.0,17063.9,26350.8,19886.6,47698.5,105795.4,128652.3,93435.0,148
860.7,174468.0,46094.0,41384.0,45606.0,41384.0,68670.4,56656.4,15931.1,13745.7,0.0,24764.7,0.0,17064.2,26350.0,19888.8,47699.8,105793.2,128652.3,93435.1,148
861.7,174468.0,46094.0,41384.0,45606.0,41384.0,68689.8,56675.8,15950.6,13765.1,0.0,24764.7,0.0,17064.3,26350.0,19889.1,47700.2,105792.9,128652.3,93454.5,148
862.8,174468.0,46094.0,41384.0,45606.0,41384.0,68670.4,56656.4,15931.1,13745.7,0.0,24764.7,0.0,17064.4,26350.2,19882.6,47693.9,105799.4,128652.3,93435.1,148
863.8,174468.0,46094.0,41384.0,45606.0,41384.0,68670.4,56656.4,15931.1,13745.7,0.0,24764.7,0.0,17085.2,26350.4,19915.6,47727.0,105766.5,128652.3,93435.1,148
864.8,174468.0,46094.0,41384.0,45606.0,41384.0,68670.4,56656.4,15931.1,13745.7,0.0,24764.7,0.0,17064.2,26350.4,19883.7,47695.1,105798.3,128652.3,93435.1,148
865.9,174468.0,46094.0,41384.0,45606.0,41384.0,68670.4,56656.4,15931.1,13745.7,0.0,24764.7,0.0,17064.2,26349.5,19882.4,47693.0,105799.6,128652.3,93435.1,148
866.9,174468.0,46094.0,41384.0,45606.0,41384.0,68670.4,56656.4,15931.1,13745.7,0.0,24764.7,0.0,17064.2,26349.5,19882.3,47692.9,105799.7,128652.3,93435.1,148
867.9,174468.0,46094.0,41384.0,45606.0,41384.0,68670.4,56656.4,15931.1,13745.7,0.0,24764.7,0.0,17064.2,26349.3,19882.5,47692.9,105799.5,128652.3,93435.1,148
869.0,174468.0,46094.0,41384.0,45606.0,41384.0,68670.4,56656.4,15931.1,13745.7,0.0,24764.7,0.0,17066.1,26349.5,19888.3,47698.8,105793.7,128652.3,93435.1,148
870.0,174468.0,46094.0,41384.0,45606.0,41384.0,68670.4,56656.4,15931.1,13745.7,0.0,24764.9,0.0,17063.1,26349.5,19876.0,47686.5,105806.0,128652.3,93435.3,148
871.0,174468.0,46094.0,41384.0,45606.0,41384.0,68670.4,56656.4,15931.1,13745.7,0.0,24764.9,0.0,17078.8,26349.2,19894.5,47704.8,105787.5,128652.3,93435.3,148
872.1,174468.0,46094.0,41384.0,45606.0,41384.0,68670.4,56656.4,15931.1,13745.7,0.0,24764.9,0.0,17064.3,26349.2,19880.4,47690.8,105801.6,128652.3,93435.3,148
873.2,174468.0,46094.0,41384.0,45606.0,41384.0,68670.4,56656.4,15931.1,13745.7,0.0,24764.9,0.0,17064.7,26349.2,19929.2,47739.6,105752.8,128652.3,93435.3,148
874.2,174468.0,46094.0,41384.0,45606.0,41384.0,68670.4,56656.4,15931.1,13745.7,0.0,24764.9,0.0,17064.8,26349.1,19880.0,47690.2,105802.0,128652.3,93435.3,148
875.2,174468.0,46094.0,41384.0,45606.0,41384.0,68670.4,56656.4,15931.1,13745.7,0.0,24764.9,0.0,17064.8,26349.1,19874.3,47684.5,105807.7,128652.3,93435.3,148
876.2,174468.0,46094.0,41384.0,45606.0,41384.0,68670.4,56656.4,15931.1,13745.7,0.0,24764.9,0.0,17064.8,26349.1,19875.9,47686.1,105806.1,128652.3,93435.3,148
877.4,174468.0,46094.0,41384.0,45606.0,41384.0,68670.4,56656.4,15931.1,13745.7,0.0,24764.9,0.0,17064.9,26348.9,19880.2,47690.2,105801.8,128652.3,93435.3,148
878.4,174468.0,46094.0,41384.0,45606.0,41384.0,68670.4,56656.4,15931.1,13745.7,0.0,24764.9,0.0,17065.1,26348.9,19884.0,47694.0,105798.0,128652.3,93435.3,148
879.5,174468.0,46094.0,41384.0,45606.0,41384.0,68670.4,56656.4,15931.1,13745.7,0.0,24764.9,0.0,17064.9,26349.2,19877.7,47688.1,105804.3,128652.3,93435.3,148
880.5,174468.0,46094.0,41384.0,45606.0,41384.0,68670.4,56656.4,15931.1,13745.7,0.0,24764.9,0.0,17065.0,26349.2,19877.1,47687.4,105804.9,128652.3,93435.3,148
881.5,174468.0,46094.0,41384.0,45606.0,41384.0,68670.4,56656.4,15931.1,13745.7,0.0,24764.9,0.0,17064.8,26349.2,19874.5,47684.8,105807.5,128652.3,93435.4,148
882.5,174468.0,46094.0,41384.0,45606.0,41384.0,68670.4,56656.4,15931.1,13745.7,0.0,24764.9,0.0,17064.8,26349.6,19876.3,47687.0,105805.7,128652.3,93435.4,148
883.5,174468.0,46094.0,41384.0,45606.0,41384.0,68670.4,56656.4,15931.1,13745.7,0.0,24764.9,0.0,17064.8,26349.6,19877.9,47688.6,105804.1,128652.3,93435.4,148
884.6,174468.0,46094.0,41384.0,45606.0,41384.0,68670.4,56656.4,15931.1,13745.7,0.0,24765.0,0.0,17064.8,26349.6,19878.4,47689.1,105803.6,128652.3,93435.4,148
885.6,174468.0,46094.0,41384.0,45606.0,41384.0,68670.4,56656.4,15931.1,13745.7,0.0,24765.0,0.0,17064.8,26349.2,19874.7,47684.9,105807.3,128652.3,93435.4,148
886.7,174468.0,46094.0,41384.0,45606.0,41384.0,68670.4,56656.4,15931.1,13745.7,0.0,24765.0,0.0,17064.8,26348.9,19876.2,47686.2,105805.8,128652.3,93435.4,148
887.8,174468.0,46094.0,41384.0,45606.0,41384.0,68670.4,56656.4,15931.1,13745.7,0.0,24765.0,0.0,17064.8,26349.5,19881.7,47692.3,105800.3,128652.3,93435.4,148
888.8,174468.0,46094.0,41384.0,45606.0,41384.0,68670.4,56656.4,15931.1,13745.7,0.0,24765.1,0.0,17064.8,26349.5,19884.7,47695.3,105797.3,128652.3,93435.5,148
889.9,174468.0,46094.0,41384.0,45606.0,41384.0,68670.4,56656.4,15931.1,13745.7,0.0,24765.1,0.0,17064.9,26350.1,19884.8,47696.0,105797.2,128652.3,93435.5,148
891.0,174468.0,46094.0,41384.0,45606.0,41384.0,68670.4,56656.4,15931.1,13745.7,0.0,24765.1,0.0,17064.9,26349.8,19885.6,47696.5,105796.4,128652.3,93435.5,148
892.0,174468.0,46094.0,41384.0,45606.0,41384.0,68670.4,56656.4,15931.1,13745.7,0.0,24765.1,0.0,17064.9,26349.8,19886.4,47697.3,105795.6,128652.3,93435.5,148
893.1,174468.0,46094.0,41384.0,45606.0,41384.0,68670.4,56656.4,15931.1,13745.7,0.0,24765.1,0.0,17065.1,26349.8,19887.0,47697.8,105795.0,128652.3,93435.5,148
894.1,174468.0,46094.0,41384.0,45606.0,41384.0,68670.4,56656.4,15931.1,13745.7,0.0,24765.1,0.0,17065.4,26349.6,19888.4,47699.0,105793.6,128652.3,93435.5,148
895.2,174468.0,46094.0,41384.0,45606.0,41384.0,68670.4,56656.4,15931.1,13745.7,0.0,24765.1,0.0,17065.1,26349.4,19884.9,47695.5,105797.0,128652.3,93435.5,148
896.2,174468.0,46094.0,41384.0,45606.0,41384.0,68670.4,56656.4,15931.1,13745.7,0.0,24765.1,0.0,17065.6,26349.4,19884.2,47694.7,105797.8,128652.3,93435.6,148
897.3,174468.0,46094.0,41384.0,45606.0,41384.0,68670.4,56656.4,15931.1,13745.7,0.0,24765.2,0.0,17065.6,26349.4,19887.8,47698.3,105794.2,128652.3,93435.6,148
898.3,174468.0,46094.0,41384.0,45606.0,41384.0,68670.4,56656.4,15931.1,13745.7,0.0,24765.2,0.0,17072.7,26349.9,19896.8,47707.8,105785.2,128652.3,93435.6,148
899.4,174468.0,46094.0,41384.0,45606.0,41384.0,68701.1,56687.1,15961.8,13776.4,0.0,24765.2,0.0,17065.2,26349.5,19883.1,47693.7,105798.8,128652.3,93466.3,148
900.6,174468.0,46094.0,41384.0,45606.0,41384.0,68670.4,56656.4,15931.2,13745.7,0.0,24765.2,0.0,17063.1,26349.6,19884.2,47694.9,105797.8,128652.3,93435.6,148
901.6,174468.0,46094.0,41384.0,45606.0,41384.0,68670.4,56656.4,15931.2,13745.7,0.0,24765.3,0.0,17061.9,26349.7,19883.9,47694.7,105798.1,128652.3,93435.7,148
902.7,174468.0,46094.0,41384.0,45606.0,41384.0,68670.4,56656.4,15931.2,13745.7,0.0,24765.3,0.0,17061.9,26349.5,19882.4,47693.1,105799.5,128652.3,93435.7,148
903.7,174468.0,46094.0,41384.0,45606.0,41384.0,68670.4,56656.4,15931.2,13745.7,0.0,24765.3,0.0,17061.9,26349.4,19881.1,47691.6,105800.9,128652.3,93435.7,148
904.7,174468.0,46094.0,41384.0,45606.0,41384.0,68670.4,56656.4,15931.2,13745.7,0.0,24765.3,0.0,17061.9,26349.4,19878.5,47689.0,105803.4,128652.3,93435.7,148
905.8,174468.0,46094.0,41384.0,45606.0,41384.0,68670.4,56656.4,15931.2,13745.7,0.0,24765.3,0.0,17061.9,26349.4,19878.8,47689.3,105803.1,128652.3,93435.8,148
906.8,174468.0,46094.0,41384.0,45606.0,41384.0,68670.4,56656.4,15931.2,13745.7,0.0,24765.4,0.0,17061.9,26349.4,19878.4,47688.9,105803.6,128652.3,93435.8,148
907.8,174468.0,46094.0,41384.0,45606.0,41384.0,68670.4,56656.4,15931.2,13745.7,0.0,24765.4,0.0,17061.9,26349.4,19877.3,47687.8,105804.7,128652.3,93435.8,148
908.9,174468.0,46094.0,41384.0,45606.0,41384.0,68670.4,56656.4,15931.2,13745.7,0.0,24765.4,0.0,17061.9,26349.4,19883.6,47694.1,105798.4,128652.3,93435.8,148
909.9,174468.0,46094.0,41384.0,45606.0,41384.0,68670.4,56656.4,15931.2,13745.7,0.0,24765.4,0.0,17061.9,26349.7,19876.1,47687.0,105805.8,128652.3,93435.8,148
910.9,174468.0,46094.0,41384.0,45606.0,41384.0,68670.4,56656.4,15931.2,13745.7,0.0,24765.4,0.0,17061.9,26349.3,19876.1,47686.5,105805.9,128652.3,93435.8,148
911.9,174468.0,46094.0,41384.0,45606.0,41384.0,68670.4,56656.4,15931.2,13745.7,0.0,24765.4,0.0,17062.1,26349.2,19874.7,47685.0,105807.3,128652.3,93435.8,148
912.9,174468.0,46094.0,41384.0,45606.0,41384.0,68670.4,56656.4,15931.2,13745.7,0.0,24765.4,0.0,17061.9,26349.2,19873.8,47684.2,105808.1,128652.3,93435.8,148
913.9,174468.0,46094.0,41384.0,45606.0,41384.0,68670.4,56656.4,15931.2,13745.7,0.0,24765.4,0.0,17061.9,26349.0,19876.8,47686.9,105805.2,128652.3,93435.8,148
914.9,174468.0,46094.0,41384.0,45606.0,41384.0,68670.4,56656.4,15931.2,13745.7,0.0,24765.4,0.0,17061.9,26349.0,19877.6,47687.8,105804.4,128652.3,93435.8,148
916.0,174468.0,46094.0,41384.0,45606.0,41384.0,68670.4,56656.4,15931.2,13745.7,0.0,24765.4,0.0,17062.0,26349.0,19878.9,47689.0,105803.1,128652.3,93435.8,148
917.0,174468.0,46094.0,41384.0,45606.0,41384.0,68670.4,56656.4,15931.2,13745.7,0.0,24765.4,0.0,17062.0,26349.0,19879.2,47689.3,105802.8,128652.3,93435.8,148
918.0,174468.0,46094.0,41384.0,45606.0,41384.0,68670.4,56656.4,15931.2,13745.7,0.0,24765.4,0.0,17062.1,26349.0,19877.0,47687.2,105804.9,128652.3,93435.8,148
919.0,174468.0,46094.0,41384.0,45606.0,41384.0,68670.4,56656.4,15931.2,13745.7,0.0,24765.4,0.0,17062.0,26349.0,19875.6,47685.7,105806.3,128652.3,93435.8,148
920.0,174468.0,46094.0,41384.0,45606.0,41384.0,68670.4,56656.4,15931.1,13745.7,0.0,24765.4,0.0,17062.0,26349.1,19871.8,47682.0,105810.1,128652.3,93435.8,148
921.0,174468.0,46094.0,41384.0,45606.0,41384.0,68670.4,56656.4,15931.1,13745.7,0.0,24765.4,0.0,17079.1,26349.1,19888.1,47698.3,105793.9,128652.3,93435.8,148
922.1,174468.0,46094.0,41384.0,45606.0,41384.0,68670.4,56656.4,15931.1,13745.7,0.0,24765.6,0.0,17065.2,26349.2,19874.4,47684.7,105807.6,128652.3,93436.0,148
923.2,174468.0,46094.0,41384.0,45606.0,41384.0,68670.4,56656.4,15931.1,13745.7,0.0,24765.6,0.0,17065.2,26349.2,19874.2,47684.5,105807.8,128652.3,93436.0,148
924.3,174468.0,46094.0,41384.0,45606.0,41384.0,68670.4,56656.4,15931.1,13745.7,0.0,24765.6,0.0,17065.6,26349.2,19875.1,47685.4,105806.9,128652.3,93436.0,148
925.3,174468.0,46094.0,41384.0,45606.0,41384.0,68670.4,56656.4,15931.1,13745.7,0.0,24765.6,0.0,17065.6,26349.2,19875.4,47685.7,105806.6,128652.3,93436.0,148
926.3,174468.0,46094.0,41384.0,45606.0,41384.0,68670.4,56656.4,15931.1,13745.7,0.0,24765.6,0.0,17065.3,26349.2,19875.9,47686.2,105806.1,128652.3,93436.0,148
927.4,174468.0,46094.0,41384.0,45606.0,41384.0,68670.4,56656.4,15931.1,13745.7,0.0,24765.6,0.0,17065.0,26349.2,19874.2,47684.5,105807.8,128652.3,93436.0,148
928.4,174468.0,46094.0,41384.0,45606.0,41384.0,68670.4,56656.4,15931.1,13745.7,0.0,24765.6,0.0,17065.1,26349.5,19873.9,47684.5,105808.1,128652.3,93436.0,148
929.5,174468.0,46094.0,41384.0,45606.0,41384.0,68670.4,56656.4,15931.1,13745.7,0.0,24765.6,0.0,17065.0,26350.9,19868.6,47680.6,105813.4,128652.3,93436.0,148
930.5,174468.0,46094.0,41384.0,45606.0,41384.0,68670.4,56656.4,15931.1,13745.7,0.0,24765.6,0.0,17065.0,26350.1,19869.0,47680.2,105813.0,128652.3,93436.0,148
931.5,174468.0,46094.0,41384.0,45606.0,41384.0,68670.4,56656.4,15931.1,13745.7,0.0,24765.6,0.0,17065.0,26350.1,19866.8,47678.1,105815.1,128652.3,93436.0,148
932.5,174468.0,46094.0,41384.0,45606.0,41384.0,68670.4,56656.4,15931.1,13745.7,0.0,24765.6,0.0,17065.1,26350.1,19867.9,47679.1,105814.0,128652.3,93436.0,148
933.5,174468.0,46094.0,41384.0,45606.0,41384.0,68670.4,56656.4,15931.1,13745.7,0.0,24765.6,0.0,17065.1,26350.1,19869.6,47680.9,105812.3,128652.3,93436.0,148
934.6,174468.0,46094.0,41384.0,45606.0,41384.0,68670.4,56656.4,15931.1,13745.7,0.0,24765.6,0.0,17065.3,26350.1,19869.5,47680.7,105812.5,128652.3,93436.0,148
935.6,174468.0,46094.0,41384.0,45606.0,41384.0,68670.4,56656.4,15931.1,13745.7,0.0,24765.6,0.0,17065.3,26350.1,19869.3,47680.6,105812.6,128652.3,93436.0,148
936.6,174468.0,46094.0,41384.0,45606.0,41384.0,68670.4,56656.4,15931.1,13745.7,0.0,24765.6,0.0,17065.3,26350.1,19868.6,47679.9,105813.3,128652.3,93436.1,148
937.7,174468.0,46094.0,41384.0,45606.0,41384.0,68670.4,56656.4,15931.1,13745.7,0.0,24765.6,0.0,17065.3,26350.1,19869.6,47680.9,105812.3,128652.3,93436.1,148
938.7,174468.0,46094.0,41384.0,45606.0,41384.0,68670.4,56656.4,15931.1,13745.7,0.0,24765.8,0.0,17065.3,26350.3,19868.3,47679.8,105813.6,128652.3,93436.2,148
939.7,174468.0,46094.0,41384.0,45606.0,41384.0,68670.4,56656.4,15931.1,13745.7,0.0,24765.8,0.0,17065.3,26350.3,19867.2,47678.6,105814.7,128652.3,93436.2,148
940.8,174468.0,46094.0,41384.0,45606.0,41384.0,68670.4,56656.4,15931.1,13745.7,0.0,24765.8,0.0,17066.7,26350.3,19867.7,47679.2,105814.2,128652.3,93436.2,148
941.8,174468.0,46094.0,41384.0,45606.0,41384.0,68670.4,56656.4,15931.1,13745.7,0.0,24765.8,0.0,17067.4,26350.3,19867.5,47679.0,105814.4,128652.3,93436.2,148
942.8,174468.0,46094.0,41384.0,45606.0,41384.0,68670.4,56656.4,15931.1,13745.7,0.0,24765.8,0.0,17065.6,26350.3,19868.4,47679.8,105813.6,128652.3,93436.2,148
943.8,174468.0,46094.0,41384.0,45606.0,41384.0,68670.4,56656.4,15931.1,13745.7,0.0,24765.8,0.0,17065.4,26350.3,19870.0,47681.4,105812.0,128652.3,93436.2,148
944.9,174468.0,46094.0,41384.0,45606.0,41384.0,68670.4,56656.4,15931.1,13745.7,0.0,24765.8,0.0,17065.4,26350.3,19870.3,47681.8,105811.6,128652.3,93436.2,148
945.9,174468.0,46094.0,41384.0,45606.0,41384.0,68670.4,56656.4,15931.1,13745.7,0.0,24765.8,0.0,17063.9,26350.3,19870.1,47681.6,105811.8,128652.3,93436.2,148
946.9,174468.0,46094.0,41384.0,45606.0,41384.0,68670.4,56656.4,15931.1,13745.7,0.0,24765.8,0.0,17063.2,26350.3,19870.2,47681.7,105811.7,128652.3,93436.2,148
947.9,174468.0,46094.0,41384.0,45606.0,41384.0,68670.4,56656.4,15931.1,13745.7,0.0,24765.8,0.0,17063.8,26350.3,19868.5,47680.0,105813.4,128652.3,93436.2,148
949.0,174468.0,46094.0,41384.0,45606.0,41384.0,68670.4,56656.4,15931.1,13745.7,0.0,24765.8,0.0,17063.9,26350.3,19866.9,47678.3,105815.0,128652.3,93436.2,148
950.0,174468.0,46094.0,41384.0,45606.0,41384.0,68670.4,56656.4,15931.1,13745.7,0.0,24765.8,0.0,17063.9,26350.3,19866.0,47677.5,105815.9,128652.3,93436.2,148
951.1,174468.0,46094.0,41384.0,45606.0,41384.0,68670.4,56656.4,15931.1,13745.7,0.0,24765.8,0.0,17063.7,26350.3,19868.9,47680.4,105813.0,128652.3,93436.3,148
952.1,174468.0,46094.0,41384.0,45606.0,41384.0,68670.4,56656.4,15931.1,13745.7,0.0,24765.9,0.0,17078.2,26350.4,19887.3,47698.8,105794.6,128652.3,93436.3,148
953.1,174468.0,46094.0,41384.0,45606.0,41384.0,68670.4,56656.4,15931.1,13745.7,0.0,24766.0,0.0,17064.0,26350.5,19873.1,47684.7,105808.9,128652.3,93436.4,148
954.2,174468.0,46094.0,41384.0,45606.0,41384.0,68670.4,56656.4,15931.1,13745.7,0.0,24766.0,0.0,17063.9,26350.5,19872.6,47684.3,105809.3,128652.3,93436.4,148
955.2,174468.0,46094.0,41384.0,45606.0,41384.0,68670.4,56656.4,15931.1,13745.7,0.0,24766.0,0.0,17063.9,26350.5,19871.6,47683.3,105810.3,128652.3,93436.4,148
956.2,174468.0,46094.0,41384.0,45606.0,41384.0,68670.4,56656.4,15931.1,13745.7,0.0,24766.0,0.0,17064.4,26350.5,19871.3,47683.0,105810.6,128652.3,93436.4,148
957.3,174468.0,46094.0,41384.0,45606.0,41384.0,68693.8,56679.8,15954.5,13769.0,0.0,24766.0,0.0,17065.5,26352.5,19882.5,47696.2,105799.4,128652.3,93459.8,148
958.3,174468.0,46094.0,41384.0,45606.0,41384.0,68670.6,56656.6,15931.3,13745.8,0.0,24766.0,0.0,17064.5,26351.2,19868.3,47680.6,105813.6,128652.3,93436.6,148
959.4,174468.0,46094.0,41384.0,45606.0,41384.0,68670.6,56656.6,15931.3,13745.8,0.0,24766.0,0.0,17064.0,26351.2,19867.9,47680.3,105814.0,128652.3,93436.6,148
960.4,174468.0,46094.0,41384.0,45606.0,41384.0,68670.6,56656.6,15931.3,13745.8,0.0,24766.0,0.0,17064.2,26351.2,19865.9,47678.3,105816.0,128652.3,93436.6,148
961.4,174468.0,46094.0,41384.0,45606.0,41384.0,68670.6,56656.6,15931.3,13745.8,0.0,24766.0,0.0,17064.0,26351.2,19865.5,47677.9,105816.4,128652.3,93436.6,148
962.5,174468.0,46094.0,41384.0,45606.0,41384.0,68670.6,56656.6,15931.3,13745.8,0.0,24766.0,0.0,17064.7,26351.2,19864.9,47677.2,105817.0,128652.3,93436.6,148
963.5,174468.0,46094.0,41384.0,45606.0,41384.0,68670.6,56656.6,15931.3,13745.8,0.0,24766.0,0.0,17064.9,26351.2,19867.5,47679.8,105814.4,128652.3,93436.6,148
964.5,174468.0,46094.0,41384.0,45606.0,41384.0,68670.6,56656.6,15931.3,13745.8,0.0,24766.0,0.0,17064.7,26351.2,19865.6,47678.0,105816.3,128652.3,93436.6,148
