t_s,P0_use,P0_used_tok,P0_running,P0_cap_tok,P0_pressure,P0_hit,P1_use,P1_used_tok,P1_running,P1_cap_tok,P1_pressure,P1_hit,D0_use,D0_used_tok,D0_running,D0_cap_tok,D0_pressure,D0_hit,D1_use,D1_used_tok,D1_running,D1_cap_tok,D1_pressure,D1_hit
# roles: P0:P P1:P D0:D D1:D
# metric: P0:cache_occupancy P1:cache_occupancy D0:unreachable D1:unreachable
0.00,0.0001,0,0,60000,0.0000,0.0000,0.0001,0,0,60000,0.0000,0.0000,,,,,,,,,,,,
0.50,0.0689,4121,0,60000,0.0687,0.0000,0.0683,4096,0,60000,0.0683,0.0000,,,,,,,,,,,,
1.00,0.1372,8217,0,60000,0.1369,0.0099,0.0683,4096,0,60000,0.0683,0.0000,,,,,,,,,,,,
1.50,0.1372,8217,0,60000,0.1369,0.0099,0.1366,8192,0,60000,0.1365,0.0099,,,,,,,,,,,,
2.00,0.1372,8217,0,60000,0.1369,0.0099,0.1366,8192,0,60000,0.1365,0.0099,,,,,,,,,,,,
2.50,0.2737,16409,0,60000,0.2735,0.0099,0.2732,16384,0,60000,0.2731,0.0099,,,,,,,,,,,,
3.00,0.3420,20505,0,60000,0.3417,0.0000,0.3414,20480,0,60000,0.3413,0.0000,,,,,,,,,,,,
3.50,0.3420,20505,0,60000,0.3417,0.0000,0.4097,24576,0,60000,0.4096,0.0099,,,,,,,,,,,,
4.00,0.4103,16148,0,60000,0.2691,0.0099,0.4097,24576,0,60000,0.4096,0.0099,,,,,,,,,,,,
# metric: P0:cache_occupancy P1:cache_occupancy D0:cache_occupancy D1:cache_occupancy
4.50,0.4785,20244,0,60000,0.3374,0.0000,0.4779,20229,0,60000,0.3372,0.0000,0.1964,42506,1,216374,0.1964,0.0000,0.3140,67947,1,216374,0.3140,0.0000
5.00,0.4785,20244,0,60000,0.3374,0.0000,0.4779,20229,0,60000,0.3372,0.0000,0.1964,42506,1,216374,0.1964,0.0000,0.3140,67947,1,216374,0.3140,0.0000
5.50,0.5468,15877,0,60000,0.2646,0.0099,0.5462,15889,0,60000,0.2648,0.0099,0.1964,42506,1,216374,0.1964,0.0000,0.3140,67947,1,216374,0.3140,0.0000
6.00,0.5468,15877,0,60000,0.2646,0.0099,0.6145,19985,0,60000,0.3331,0.0000,0.1964,42506,1,216374,0.1964,0.0000,0.3140,67947,1,216374,0.3140,0.0000
6.50,0.6151,19973,0,60000,0.3329,0.0000,0.6145,19985,0,60000,0.3331,0.0000,0.1964,42506,1,216374,0.1964,0.0000,0.3140,67947,1,216374,0.3140,0.0000
7.00,0.6834,15605,0,60000,0.2601,0.0099,0.6827,15638,0,60000,0.2606,0.0099,0.1964,42506,1,216374,0.1964,0.0000,0.3140,67947,1,216374,0.3140,0.0000
7.50,0.6834,15605,0,60000,0.2601,0.0099,0.6827,15638,0,60000,0.2606,0.0099,0.1964,42506,1,216374,0.1964,0.0000,0.2357,50992,1,216374,0.2357,0.0000
8.00,0.7516,19701,0,60000,0.3283,0.0000,0.7510,19734,0,60000,0.3289,0.0000,0.1964,42506,1,216374,0.1964,0.0000,0.2357,50992,1,216374,0.2357,0.0000
8.50,0.8199,15358,0,60000,0.2560,0.0099,0.8193,15369,0,60000,0.2561,0.0000,0.1964,42506,1,216374,0.1964,0.0000,0.2357,50992,1,216374,0.2357,0.0000
9.00,0.8199,15358,0,60000,0.2560,0.0099,0.8193,15369,0,60000,0.2561,0.0000,0.1964,42506,1,216374,0.1964,0.0000,0.2357,50992,1,216374,0.2357,0.0000
9.50,0.8881,19454,0,60000,0.3242,0.0000,0.8458,25406,0,60000,0.4234,0.9960,0.1964,42506,1,216374,0.1964,0.0000,0.2357,50992,1,216374,0.2357,0.0000
10.00,0.8881,19454,0,60000,0.3242,0.0000,0.8458,25406,0,60000,0.4234,0.9960,0.1964,42506,1,216374,0.1964,0.0000,0.2357,50992,1,216374,0.2357,0.0000
10.50,0.9564,15086,0,60000,0.2514,0.0099,0.8464,16979,0,60000,0.2830,0.9960,0.1964,42506,1,216374,0.1964,0.0000,0.1572,34017,1,216374,0.1572,0.0000
11.00,0.9515,19182,0,60000,0.3197,0.0000,0.9153,21109,0,60000,0.3518,0.0000,0.1964,42506,1,216374,0.1964,0.0000,0.1572,34017,1,216374,0.1572,0.0000
11.50,0.9340,23278,0,60000,0.3880,0.0104,0.9835,16728,0,60000,0.2788,0.0000,0.1964,42506,1,216374,0.1964,0.0000,0.1572,34017,1,216374,0.1572,0.0000
12.00,0.9340,23278,0,60000,0.3880,0.0104,0.9835,16728,0,60000,0.2788,0.0000,0.1964,42506,1,216374,0.1964,0.0000,0.1572,34017,1,216374,0.1572,0.0000
12.50,0.9340,18925,0,60000,0.3154,0.0000,0.9832,12610,0,60000,0.2102,0.0000,0.1964,42506,1,216374,0.1964,0.0000,0.1572,34017,1,216374,0.1572,0.0000
13.00,0.9340,18925,0,60000,0.3154,0.0000,0.9832,12610,0,60000,0.2102,0.0000,0.1964,42506,1,216374,0.1964,0.0000,0.1182,25567,1,216374,0.1182,0.0000
13.50,0.8703,14573,0,60000,0.2429,0.0099,0.9750,8233,0,60000,0.1372,0.0000,0.1964,42506,1,216374,0.1964,0.0000,0.1182,25567,1,216374,0.1182,0.0000
14.00,0.9385,18669,0,60000,0.3111,0.0000,0.9750,8233,0,60000,0.1372,0.0000,0.2754,59597,1,216374,0.2754,0.0000,0.1182,25567,1,216374,0.1182,0.0000
14.50,0.9385,18669,0,60000,0.3111,0.0000,0.9801,12635,0,60000,0.2106,0.0000,0.2754,59597,1,216374,0.2754,0.0000,0.1182,25567,1,216374,0.1182,0.0000
15.00,0.9208,14288,0,60000,0.2381,0.0101,0.9801,12635,0,60000,0.2106,0.0000,0.2754,59597,1,216374,0.2754,0.0000,0.1182,25567,1,216374,0.1182,0.0000
15.50,0.9292,26827,0,60000,0.4471,0.0000,0.9633,8233,0,60000,0.1372,0.0000,0.2754,59597,1,216374,0.2754,0.0000,0.1182,25567,1,216374,0.1182,0.0000
16.00,0.9292,26827,0,60000,0.4471,0.0000,0.9682,17019,0,60000,0.2837,0.9958,0.2754,59597,1,216374,0.2754,0.0000,0.1182,25567,1,216374,0.1182,0.0000
16.50,0.9516,28960,0,60000,0.4827,0.7857,0.9682,17019,0,60000,0.2837,0.9958,0.2754,59597,1,216374,0.2754,0.0000,0.1182,25567,1,216374,0.1182,0.0000
17.00,0.9383,33056,0,60000,0.5509,0.0099,0.9682,17019,0,60000,0.2837,0.9958,0.2754,59597,1,216374,0.2754,0.0000,0.1182,25567,1,216374,0.1182,0.0000
17.50,0.9383,33056,0,60000,0.5509,0.0099,0.9682,17019,0,60000,0.2837,0.9958,0.3153,68216,2,216374,0.3153,0.0000,0.1182,25567,1,216374,0.1182,0.0000
18.00,0.8983,37152,0,60000,0.6192,0.0000,0.9682,17019,0,60000,0.2837,0.9958,0.3153,68216,2,216374,0.3153,0.0000,0.1182,25567,1,216374,0.1182,0.0000
18.50,0.8983,37152,0,60000,0.6192,0.0000,0.9682,17019,0,60000,0.2837,0.9958,0.3153,68216,2,216374,0.3153,0.0000,0.1182,25567,1,216374,0.1182,0.0000
19.00,0.9666,29886,0,60000,0.4981,0.0099,0.9682,17019,0,60000,0.2837,0.9958,0.3153,68216,2,216374,0.3153,0.0000,0.1182,25567,1,216374,0.1182,0.0000
19.50,0.9356,28440,0,60000,0.4740,0.0000,0.9682,17019,0,60000,0.2837,0.9958,0.3153,68216,2,216374,0.3153,0.0000,0.1182,25567,1,216374,0.1182,0.0000
20.00,0.9356,28440,0,60000,0.4740,0.0000,0.9682,17019,0,60000,0.2837,0.9958,0.3153,68216,2,216374,0.3153,0.0000,0.1973,42683,1,216374,0.1973,0.0000
20.50,0.8940,24059,0,60000,0.4010,0.0099,0.9688,8572,0,60000,0.1429,0.9959,0.3153,68216,2,216374,0.3153,0.0000,0.1973,42683,1,216374,0.1973,0.0000
21.00,0.9623,19685,0,60000,0.3281,0.0000,0.9694,12703,0,60000,0.2117,0.0000,0.3153,68216,2,216374,0.3153,0.0000,0.1973,42683,1,216374,0.1973,0.0000
21.50,0.9623,19685,0,60000,0.3281,0.0000,0.9604,8233,0,60000,0.1372,0.0000,0.2769,59912,1,216374,0.2769,0.0000,0.1973,42683,1,216374,0.1973,0.0000
22.00,0.9490,15284,0,60000,0.2547,0.0099,0.9604,8233,0,60000,0.1372,0.0000,0.2769,59912,1,216374,0.2769,0.0000,0.1973,42683,1,216374,0.1973,0.0000
22.50,0.9490,19380,0,60000,0.3230,0.0000,0.9604,8233,0,60000,0.1372,0.0000,0.2769,59912,1,216374,0.2769,0.0000,0.1973,42683,1,216374,0.1973,0.0000
23.00,0.9490,19380,0,60000,0.3230,0.0000,0.9604,8233,0,60000,0.1372,0.0000,0.2769,59912,1,216374,0.2769,0.0000,0.1973,42683,1,216374,0.1973,0.0000
23.50,0.8151,14978,0,60000,0.2496,0.0099,0.9651,4137,0,60000,0.0689,0.0000,0.2769,59912,1,216374,0.2769,0.0000,0.1973,42683,1,216374,0.1973,0.0000
24.00,0.8833,19074,0,60000,0.3179,0.0000,0.9048,8233,0,60000,0.1372,0.0000,0.2769,59912,1,216374,0.2769,0.0000,0.1973,42692,1,216374,0.1973,0.0000
24.50,0.8833,19074,0,60000,0.3179,0.0000,0.9048,8233,0,60000,0.1372,0.0000,0.2769,59912,1,216374,0.2769,0.0000,0.1973,42692,1,216374,0.1973,0.0000
25.00,0.9516,14701,0,60000,0.2450,0.0099,0.9048,8233,0,60000,0.1372,0.0000,0.2769,59912,1,216374,0.2769,0.0000,0.1973,42692,1,216374,0.1973,0.0000
25.50,0.9516,14701,0,60000,0.2450,0.0099,0.9048,8233,0,60000,0.1372,0.0000,0.2769,59912,1,216374,0.2769,0.0000,0.1973,42692,1,216374,0.1973,0.0000
26.00,0.8502,27270,0,60000,0.4545,0.0000,0.9101,8518,0,60000,0.1420,0.9958,0.2769,59912,1,216374,0.2769,0.0000,0.1973,42692,1,216374,0.1973,0.0000
26.50,0.9184,22843,0,60000,0.3807,0.6762,0.9101,8518,0,60000,0.1420,0.9958,0.2769,59912,1,216374,0.2769,0.0000,0.1973,42692,1,216374,0.1973,0.0000
27.00,0.9184,22843,0,60000,0.3807,0.6762,0.9789,4137,0,60000,0.0689,0.0000,0.3558,76978,1,216374,0.3558,0.0000,0.1973,42692,1,216374,0.1973,0.0000
27.50,0.9286,35437,0,60000,0.5906,0.0000,0.9149,8233,0,60000,0.1372,0.0000,0.3558,76978,1,216374,0.3558,0.0000,0.1973,42692,1,216374,0.1973,0.0000
28.00,0.9969,31020,0,60000,0.5170,0.6769,0.9149,8233,0,60000,0.1372,0.0000,0.3558,76978,1,216374,0.3558,0.0000,0.1973,42692,1,216374,0.1973,0.0000
28.50,0.9969,31020,0,60000,0.5170,0.6769,0.9149,8233,0,60000,0.1372,0.0000,0.3558,76978,1,216374,0.3558,0.0000,0.1973,42692,1,216374,0.1973,0.0000
29.00,0.9766,35116,0,60000,0.5853,0.0000,0.9149,8233,0,60000,0.1372,0.0000,0.3558,76978,1,216374,0.3558,0.0000,0.1973,42692,1,216374,0.1973,0.0000
29.50,0.9766,35116,0,60000,0.5853,0.0000,0.9149,8233,0,60000,0.1372,0.0000,0.3558,76978,1,216374,0.3558,0.0000,0.1973,42692,1,216374,0.1973,0.0000
30.00,0.9766,30730,0,60000,0.5122,0.0099,0.9201,8554,0,60000,0.1426,0.9959,0.3558,76978,1,216374,0.3558,0.0000,0.1973,42692,1,216374,0.1973,0.0000
30.50,0.9525,26317,0,60000,0.4386,0.0000,0.9201,8554,0,60000,0.1426,0.9959,0.3166,68514,1,216374,0.3166,0.0000,0.1973,42692,1,216374,0.1973,0.0000
31.00,0.9525,26317,0,60000,0.4386,0.0000,0.9201,8554,0,60000,0.1426,0.9959,0.3166,68514,1,216374,0.3166,0.0000,0.2373,51353,1,216374,0.2373,0.0000
31.50,0.9270,30413,0,60000,0.5069,0.0099,0.9890,4137,0,60000,0.0689,0.0000,0.1978,42792,1,216374,0.1978,0.0000,0.2373,51353,1,216374,0.2373,0.0000
32.00,0.9953,17464,0,60000,0.2911,0.0000,0.9890,8233,0,60000,0.1372,0.0000,0.1978,42792,1,216374,0.1978,0.0000,0.2373,51353,1,216374,0.2373,0.0000
32.50,0.9953,17464,0,60000,0.2911,0.0000,0.9890,8233,0,60000,0.1372,0.0000,0.1978,42792,1,216374,0.1978,0.0000,0.2373,51353,1,216374,0.2373,0.0000
33.00,0.8822,21560,0,60000,0.3593,0.0099,0.9890,8233,0,60000,0.1372,0.0000,0.1978,42792,1,216374,0.1978,0.0000,0.2373,51353,1,216374,0.2373,0.0000
33.50,0.8822,21560,0,60000,0.3593,0.0099,0.9890,8233,0,60000,0.1372,0.0000,0.1978,42792,1,216374,0.1978,0.0000,0.2373,51353,1,216374,0.2373,0.0000
34.00,0.9505,17167,0,60000,0.2861,0.0000,0.9890,8233,0,60000,0.1372,0.0000,0.1978,42792,1,216374,0.1978,0.0000,0.2373,51353,1,216374,0.2373,0.0000
34.50,0.9505,17167,0,60000,0.2861,0.0000,0.9890,8233,0,60000,0.1372,0.0000,0.1978,42792,1,216374,0.1978,0.0000,0.2373,51353,1,216374,0.2373,0.0000
35.00,0.9109,12744,0,60000,0.2124,0.0000,0.9890,8233,0,60000,0.1372,0.0000,0.1978,42792,1,216374,0.1978,0.0000,0.3171,68613,1,216374,0.3171,0.0000
35.51,0.9791,16840,0,60000,0.2807,0.0099,0.9890,8233,0,60000,0.1372,0.0000,0.1978,42792,1,216374,0.1978,0.0000,0.3171,68613,1,216374,0.3171,0.0000
36.01,0.9791,16840,0,60000,0.2807,0.0099,0.9932,8486,0,60000,0.1414,0.9960,0.1978,42792,1,216374,0.1978,0.0000,0.3171,68613,1,216374,0.3171,0.0000
36.51,0.9451,12478,0,60000,0.2080,0.0000,0.9932,8486,0,60000,0.1414,0.9960,0.1978,42792,1,216374,0.1978,0.0000,0.3171,68613,1,216374,0.3171,0.0000
37.01,0.9234,16574,0,60000,0.2762,0.0099,0.9932,8486,0,60000,0.1414,0.9960,0.1978,42792,1,216374,0.1978,0.0000,0.3171,68613,1,216374,0.3171,0.0000
37.51,0.9917,20670,0,60000,0.3445,0.0000,0.9932,8486,0,60000,0.1414,0.9960,0.1978,42792,1,216374,0.1978,0.0000,0.3171,68613,1,216374,0.3171,0.0000
38.01,0.9917,20670,0,60000,0.3445,0.0000,0.9932,8486,0,60000,0.1414,0.9960,0.1978,42792,1,216374,0.1978,0.0000,0.3171,68613,1,216374,0.3171,0.0000
38.51,0.9413,16270,0,60000,0.2712,0.0099,0.9932,8486,0,60000,0.1414,0.9960,0.1978,42797,1,216374,0.1978,0.0000,0.3171,68613,1,216374,0.3171,0.0000
39.01,0.9859,28872,0,60000,0.4812,0.0000,0.9932,8486,0,60000,0.1414,0.9960,0.1978,42797,1,216374,0.1978,0.0000,0.3171,68613,1,216374,0.3171,0.0000
39.51,0.9859,28872,0,60000,0.4812,0.0000,0.9932,8486,0,60000,0.1414,0.9960,0.1978,42797,1,216374,0.1978,0.0000,0.3171,68613,1,216374,0.3171,0.0000
40.01,0.9300,24455,0,60000,0.4076,0.6771,0.9932,8486,0,60000,0.1414,0.9960,0.1978,42797,1,216374,0.1978,0.0000,0.3171,68613,1,216374,0.3171,0.0000
40.51,0.9300,24455,0,60000,0.4076,0.6771,0.9887,4138,0,60000,0.0690,0.0000,0.1978,42797,1,216374,0.1978,0.0000,0.3171,68613,1,216374,0.3171,0.0000
41.01,0.9982,28551,0,60000,0.4758,0.0000,0.9887,4138,0,60000,0.0690,0.0000,0.1978,42797,1,216374,0.1978,0.0000,0.3171,68613,1,216374,0.3171,0.0000
41.51,0.9982,28551,0,60000,0.4758,0.0000,0.9887,8234,0,60000,0.1372,0.0000,0.1978,42797,1,216374,0.1978,0.0000,0.3171,68613,1,216374,0.3171,0.0000
42.01,0.9809,24129,0,60000,0.4022,0.0099,0.9887,8234,0,60000,0.1372,0.0000,0.1978,42797,1,216374,0.1978,0.0000,0.3171,68613,1,216374,0.3171,0.0000
42.51,0.9029,36730,0,60000,0.6122,0.0000,0.9887,8234,0,60000,0.1372,0.0000,0.1978,42797,1,216374,0.1978,0.0000,0.3171,68613,1,216374,0.3171,0.0000
43.01,0.9712,40826,0,60000,0.6804,0.6770,0.9887,8234,0,60000,0.1372,0.0000,0.1187,25692,1,216374,0.1187,0.0000,0.3171,68613,1,216374,0.3171,0.0000
43.51,0.9712,40826,0,60000,0.6804,0.6770,0.9887,8234,0,60000,0.1372,0.0000,0.1187,25692,1,216374,0.1187,0.0000,0.4360,94336,1,216374,0.4360,0.0000
44.01,0.9509,27847,0,60000,0.4641,0.0000,0.9887,8234,0,60000,0.1372,0.0000,0.1187,25692,1,216374,0.1187,0.0000,0.4360,94336,1,216374,0.4360,0.0000
44.51,0.9509,27847,0,60000,0.4641,0.0000,0.9887,8234,0,60000,0.1372,0.0000,0.1187,25692,1,216374,0.1187,0.0000,0.4360,94336,1,216374,0.4360,0.0000
45.01,0.9430,23385,0,60000,0.3897,0.0099,0.9887,8234,0,60000,0.1372,0.0000,0.1187,25692,1,216374,0.1187,0.0000,0.4360,94336,1,216374,0.4360,0.0000
45.51,0.9265,27481,0,60000,0.4580,0.0000,0.9887,8234,0,60000,0.1372,0.0000,0.1187,25692,1,216374,0.1187,0.0000,0.4360,94336,1,216374,0.4360,0.0000
46.01,0.9265,27481,0,60000,0.4580,0.0000,0.9895,4137,0,60000,0.0689,0.0000,0.1187,25692,1,216374,0.1187,0.0000,0.4360,94336,1,216374,0.4360,0.0000
46.51,0.9948,14504,0,60000,0.2417,0.0099,0.9895,8233,0,60000,0.1372,0.0000,0.1187,25692,1,216374,0.1187,0.0000,0.4360,94336,1,216374,0.4360,0.0000
47.01,0.9948,18600,0,60000,0.3100,0.0000,0.9895,8233,0,60000,0.1372,0.0000,0.1187,25692,1,216374,0.1187,0.0000,0.5145,111316,1,216374,0.5145,0.0000
47.51,0.9948,18600,0,60000,0.3100,0.0000,0.9764,12707,0,60000,0.2118,0.0000,0.1187,25692,1,216374,0.1187,0.0000,0.5145,111316,1,216374,0.5145,0.0000
48.01,0.8658,14176,0,60000,0.2363,0.0099,0.9160,16803,0,60000,0.2801,0.0000,0.1187,25692,1,216374,0.1187,0.0000,0.5145,111316,1,216374,0.5145,0.0000
48.51,0.9341,18272,0,60000,0.3045,0.0000,0.9160,16803,0,60000,0.2801,0.0000,0.1187,25692,1,216374,0.1187,0.0000,0.5145,111316,1,216374,0.5145,0.0000
49.01,0.9341,18272,0,60000,0.3045,0.0000,0.9890,12613,0,60000,0.2102,0.0000,0.1187,25692,1,216374,0.1187,0.0000,0.5145,111316,1,216374,0.5145,0.0000
49.51,0.9083,13826,0,60000,0.2304,0.0104,0.9890,16709,0,60000,0.2785,0.0099,0.1187,25692,1,216374,0.1187,0.0000,0.5145,111316,1,216374,0.5145,0.0000
50.01,0.9083,13826,0,60000,0.2304,0.0104,0.9890,16709,0,60000,0.2785,0.0099,0.1187,25692,1,216374,0.1187,0.0000,0.4347,94050,1,216374,0.4347,0.0000
50.51,0.9766,17922,0,60000,0.2987,0.0000,0.9838,12329,0,60000,0.2055,0.0000,0.1187,25692,1,216374,0.1187,0.0000,0.4347,94050,1,216374,0.4347,0.0000
51.01,0.9766,17922,0,60000,0.2987,0.0000,0.9778,16425,0,60000,0.2737,0.0000,0.1187,25692,1,216374,0.1187,0.0000,0.4347,94050,1,216374,0.4347,0.0000
51.51,0.9359,13471,0,60000,0.2245,0.0099,0.9778,16425,0,60000,0.2737,0.0000,0.1185,25632,1,216374,0.1185,0.0000,0.4347,94050,1,216374,0.4347,0.0000
52.01,0.9042,17567,0,60000,0.2928,0.0000,0.9778,16425,0,60000,0.2737,0.0000,0.1185,25632,1,216374,0.1185,0.0000,0.4347,94050,1,216374,0.4347,0.0000
52.51,0.9042,17567,0,60000,0.2928,0.0000,0.9865,16974,0,60000,0.2829,0.9960,0.1185,25632,1,216374,0.1185,0.0000,0.4347,94050,1,216374,0.4347,0.0000
53.01,0.9725,13094,0,60000,0.2182,0.0099,0.9865,16974,0,60000,0.2829,0.9960,0.1185,25632,1,216374,0.1185,0.0000,0.4347,94050,1,216374,0.4347,0.0000
53.51,0.8863,19003,0,60000,0.3167,0.0000,0.9823,4137,0,60000,0.0689,0.0000,0.1185,25632,1,216374,0.1185,0.0000,0.4350,94129,1,216374,0.4350,0.0000
54.01,0.8863,19003,0,60000,0.3167,0.0000,0.9823,8233,0,60000,0.1372,0.0000,0.1185,25632,1,216374,0.1185,0.0000,0.4350,94129,1,216374,0.4350,0.0000
54.51,0.9546,12761,0,60000,0.2127,0.0000,0.9823,8233,0,60000,0.1372,0.0000,0.1185,25632,1,216374,0.1185,0.0000,0.4350,94129,1,216374,0.4350,0.0000
55.01,0.9113,18670,0,60000,0.3112,0.3116,0.9823,8233,0,60000,0.1372,0.0000,0.1185,25632,1,216374,0.1185,0.0000,0.4350,94129,1,216374,0.4350,0.0000
55.51,0.9113,18670,0,60000,0.3112,0.3116,0.9832,12719,0,60000,0.2120,0.0000,0.1185,25632,1,216374,0.1185,0.0000,0.4350,94129,1,216374,0.4350,0.0000
56.01,0.9795,14212,0,60000,0.2369,0.0099,0.9832,16690,0,60000,0.2782,0.9667,0.1185,25632,1,216374,0.1185,0.0000,0.4350,94129,1,216374,0.4350,0.0000
56.51,0.9677,18308,0,60000,0.3051,0.0000,0.9832,16690,0,60000,0.2782,0.9667,0.1185,25632,1,216374,0.1185,0.0000,0.4350,94129,1,216374,0.4350,0.0000
57.01,0.9677,18308,0,60000,0.3051,0.0000,0.9880,25493,0,60000,0.4249,0.9958,0.1185,25632,1,216374,0.1185,0.0000,0.4350,94129,1,216374,0.4350,0.0000
57.51,0.9677,22404,0,60000,0.3734,0.0101,0.9880,25493,0,60000,0.4249,0.9958,0.1185,25632,1,216374,0.1185,0.0000,0.4350,94129,1,216374,0.4350,0.0000
58.01,0.9677,22404,0,60000,0.3734,0.0101,0.9887,8587,0,60000,0.1431,0.0000,0.2372,51331,1,216374,0.2372,0.0000,0.3156,68295,1,216374,0.3156,0.0000
58.51,0.9053,18009,0,60000,0.3001,0.0000,0.9887,8587,0,60000,0.1431,0.0000,0.2372,51331,1,216374,0.2372,0.0000,0.3156,68295,1,216374,0.3156,0.0000
59.01,0.9736,13590,0,60000,0.2265,0.0099,0.9887,8587,0,60000,0.1431,0.0000,0.2372,51331,1,216374,0.2372,0.0000,0.3156,68295,1,216374,0.3156,0.0000
59.51,0.9736,13590,0,60000,0.2265,0.0099,0.9887,8587,0,60000,0.1431,0.0000,0.2372,51331,1,216374,0.2372,0.0000,0.3156,68295,1,216374,0.3156,0.0000
60.01,0.9501,17686,0,60000,0.2948,0.0000,0.9887,4137,0,60000,0.0689,0.0000,0.2372,51331,1,216374,0.2372,0.0000,0.3156,68295,1,216374,0.3156,0.0000
60.51,0.9501,17686,0,60000,0.2948,0.0000,0.9887,16699,0,60000,0.2783,0.9665,0.2372,51331,1,216374,0.2372,0.0000,0.3156,68295,1,216374,0.3156,0.0000
61.01,0.9501,13234,0,60000,0.2206,0.0099,0.9873,21090,0,60000,0.3515,0.0000,0.2372,51331,1,216374,0.2372,0.0000,0.3156,68295,1,216374,0.3156,0.0000
61.51,0.8697,25862,0,60000,0.4310,0.0000,0.9873,25186,0,60000,0.4198,0.0000,0.2372,51331,1,216374,0.2372,0.0000,0.3152,68193,1,216374,0.3152,0.0000
62.01,0.8697,25862,0,60000,0.4310,0.0000,0.9873,25186,0,60000,0.4198,0.0000,0.2372,51331,1,216374,0.2372,0.0000,0.3152,68193,1,216374,0.3152,0.0000
62.51,0.9379,21505,0,60000,0.3584,0.6778,0.9929,25615,0,60000,0.4269,0.9959,0.2372,51331,1,216374,0.2372,0.0000,0.3152,68193,1,216374,0.3152,0.0000
63.01,0.9214,25601,0,60000,0.4267,0.0000,0.9929,25615,0,60000,0.4269,0.9959,0.2372,51331,1,216374,0.2372,0.0000,0.2367,51206,1,216374,0.2367,0.0000
63.51,0.9214,25601,0,60000,0.4267,0.0000,0.9929,25615,0,60000,0.4269,0.9959,0.3164,68469,1,216374,0.3164,0.0000,0.2367,51206,1,216374,0.2367,0.0000
64.01,0.9896,21144,0,60000,0.3524,0.0000,0.9929,25615,0,60000,0.4269,0.9959,0.3164,68469,1,216374,0.3164,0.0000,0.2367,51206,1,216374,0.2367,0.0000
64.51,0.9896,25240,0,60000,0.4207,0.0099,0.9929,25615,0,60000,0.4269,0.9959,0.3164,68469,1,216374,0.3164,0.0000,0.2367,51206,1,216374,0.2367,0.0000
65.01,0.9896,25240,0,60000,0.4207,0.0099,0.9935,8494,0,60000,0.1416,0.9960,0.3164,68469,1,216374,0.3164,0.0000,0.2367,51206,1,216374,0.2367,0.0000
65.51,0.9353,29336,0,60000,0.4889,0.0000,0.9898,12624,0,60000,0.2104,0.0000,0.3164,68469,1,216374,0.3164,0.0000,0.2367,51206,1,216374,0.2367,0.0000
66.01,0.9353,16427,0,60000,0.2738,0.0099,0.9898,8233,0,60000,0.1372,0.0000,0.3164,68469,1,216374,0.3164,0.0000,0.2367,51206,1,216374,0.2367,0.0000
66.51,0.9353,16427,0,60000,0.2738,0.0099,0.9898,8233,0,60000,0.1372,0.0000,0.3164,68469,1,216374,0.3164,0.0000,0.2760,59713,1,216374,0.2760,0.0000
67.01,0.9071,28970,0,60000,0.4828,0.0000,0.9898,8233,0,60000,0.1372,0.0000,0.3164,68469,1,216374,0.3164,0.0000,0.2760,59713,1,216374,0.2760,0.0000
67.51,0.9071,28970,0,60000,0.4828,0.0000,0.9898,8233,0,60000,0.1372,0.0000,0.3164,68469,1,216374,0.3164,0.0000,0.2760,59713,1,216374,0.2760,0.0000
68.01,0.9754,24631,0,60000,0.4105,0.6756,0.9898,8233,0,60000,0.1372,0.0000,0.3164,68469,1,216374,0.3164,0.0000,0.2760,59713,1,216374,0.2760,0.0000
68.51,0.9179,28727,0,60000,0.4788,0.0000,0.9876,4137,0,60000,0.0689,0.0000,0.3164,68469,1,216374,0.3164,0.0000,0.2374,51361,1,216374,0.2374,0.0000
69.01,0.9179,28727,0,60000,0.4788,0.0000,0.9876,8233,0,60000,0.1372,0.0000,0.3164,68469,1,216374,0.3164,0.0000,0.2374,51361,1,216374,0.2374,0.0000
69.51,0.9861,24270,0,60000,0.4045,0.0104,0.9876,8233,0,60000,0.1372,0.0000,0.3164,68469,1,216374,0.3164,0.0000,0.2374,51361,1,216374,0.2374,0.0000
70.01,0.9717,28366,0,60000,0.4728,0.0000,0.9876,8233,0,60000,0.1372,0.0000,0.2760,59728,1,216374,0.2760,0.0000,0.2374,51361,1,216374,0.2374,0.0000
70.51,0.9717,28366,0,60000,0.4728,0.0000,0.9922,8488,0,60000,0.1415,0.9960,0.2760,59728,1,216374,0.2760,0.0000,0.2374,51361,1,216374,0.2374,0.0000
71.01,0.9717,24014,0,60000,0.4002,0.0101,0.9922,8488,0,60000,0.1415,0.9960,0.2760,59728,1,216374,0.2760,0.0000,0.2374,51361,1,216374,0.2374,0.0000
71.51,0.8949,19629,0,60000,0.3271,0.0000,0.9922,8488,0,60000,0.1415,0.9960,0.2760,59728,1,216374,0.2760,0.0000,0.2374,51361,1,216374,0.2374,0.0000
72.01,0.8949,19629,0,60000,0.3271,0.0000,0.9922,8488,0,60000,0.1415,0.9960,0.2760,59728,1,216374,0.2760,0.0000,0.2372,51317,1,216374,0.2372,0.0000
72.51,0.9632,15259,0,60000,0.2543,0.0099,0.9922,8488,0,60000,0.1415,0.9960,0.2760,59728,1,216374,0.2760,0.0000,0.2372,51317,1,216374,0.2372,0.0000
73.01,0.9506,19355,0,60000,0.3226,0.0000,0.9838,4137,0,60000,0.0689,0.0000,0.1975,42725,1,216374,0.1975,0.0000,0.2372,51317,1,216374,0.2372,0.0000
73.51,0.9506,19355,0,60000,0.3226,0.0000,0.9829,16706,0,60000,0.2784,0.9631,0.1975,42725,1,216374,0.1975,0.0000,0.2372,51317,1,216374,0.2372,0.0000
74.01,0.9404,14891,0,60000,0.2482,0.0099,0.9829,16706,0,60000,0.2784,0.9631,0.1975,42725,1,216374,0.1975,0.0000,0.2372,51317,1,216374,0.2372,0.0000
74.51,0.9404,14891,0,60000,0.2482,0.0099,0.9883,25513,0,60000,0.4252,0.9958,0.1975,42725,1,216374,0.1975,0.0000,0.2372,51317,1,216374,0.2372,0.0000
75.01,0.9404,18987,0,60000,0.3165,0.0000,0.9883,25513,0,60000,0.4252,0.9958,0.1975,42725,1,216374,0.1975,0.0000,0.2372,51317,1,216374,0.2372,0.0000
75.51,0.9404,18987,0,60000,0.3165,0.0000,0.9883,25513,0,60000,0.4252,0.9958,0.1975,42725,1,216374,0.1975,0.0000,0.2372,51317,1,216374,0.2372,0.0000
76.01,0.8781,14571,0,60000,0.2429,0.0099,0.9883,25513,0,60000,0.4252,0.9958,0.1975,42725,1,216374,0.1975,0.0000,0.2372,51317,1,216374,0.2372,0.0000
76.51,0.9464,18667,0,60000,0.3111,0.0000,0.9883,25513,0,60000,0.4252,0.9958,0.1975,42725,1,216374,0.1975,0.0000,0.2372,51317,1,216374,0.2372,0.0000
77.01,0.9464,18667,0,60000,0.3111,0.0000,0.9883,25513,0,60000,0.4252,0.9958,0.1975,42725,1,216374,0.1975,0.0000,0.3158,68332,1,216374,0.3158,0.0000
77.51,0.9464,14213,0,60000,0.2369,0.0099,0.9883,25513,0,60000,0.4252,0.9958,0.1975,42725,1,216374,0.1975,0.0000,0.3158,68332,1,216374,0.3158,0.0000
78.01,0.9145,26809,0,60000,0.4468,0.0000,0.9881,8517,0,60000,0.1419,0.9917,0.1574,34065,1,216374,0.1574,0.0000,0.3158,68332,1,216374,0.3158,0.0000
78.51,0.9145,26809,0,60000,0.4468,0.0000,0.9881,8517,0,60000,0.1419,0.9917,0.1574,34065,1,216374,0.1574,0.0000,0.3158,68332,1,216374,0.3158,0.0000
79.01,0.9827,22455,0,60000,0.3743,0.6769,0.9881,8517,0,60000,0.1419,0.9917,0.1574,34065,1,216374,0.1574,0.0000,0.3158,68332,1,216374,0.3158,0.0000
79.51,0.8670,26551,0,60000,0.4425,0.0000,0.9881,8517,0,60000,0.1419,0.9917,0.1574,34065,1,216374,0.1574,0.0000,0.3158,68332,1,216374,0.3158,0.0000
80.01,0.8670,26551,0,60000,0.4425,0.0000,0.9881,8517,0,60000,0.1419,0.9917,0.1574,34065,1,216374,0.1574,0.0000,0.3158,68332,1,216374,0.3158,0.0000
80.51,0.9352,22161,0,60000,0.3694,0.0101,0.9881,8517,0,60000,0.1419,0.9917,0.1574,34065,1,216374,0.1574,0.0000,0.3158,68332,1,216374,0.3158,0.0000
81.01,0.9157,26257,0,60000,0.4376,0.0000,0.9893,4137,0,60000,0.0689,0.0000,0.1574,34065,1,216374,0.1574,0.0000,0.3158,68332,1,216374,0.3158,0.0000
81.51,0.9157,26257,0,60000,0.4376,0.0000,0.9893,8233,0,60000,0.1372,0.0000,0.1574,34065,1,216374,0.1574,0.0000,0.3158,68332,1,216374,0.3158,0.0000
82.01,0.9840,30353,0,60000,0.5059,0.0099,0.9893,8233,0,60000,0.1372,0.0000,0.1574,34065,1,216374,0.1574,0.0000,0.3158,68332,1,216374,0.3158,0.0000
82.51,0.9620,17434,0,60000,0.2906,0.0000,0.9893,8233,0,60000,0.1372,0.0000,0.1574,34065,1,216374,0.1574,0.0000,0.3158,68332,1,216374,0.3158,0.0000
83.01,0.9620,17434,0,60000,0.2906,0.0000,0.9893,8233,0,60000,0.1372,0.0000,0.1973,42687,1,216374,0.1973,0.0000,0.3555,76917,1,216374,0.3555,0.0000
83.51,0.9620,17434,0,60000,0.2906,0.0000,0.9893,8233,0,60000,0.1372,0.0000,0.1973,42687,1,216374,0.1973,0.0000,0.3555,76917,1,216374,0.3555,0.0000
84.01,0.9620,12968,0,60000,0.2161,0.0099,0.9893,8233,0,60000,0.1372,0.0000,0.1973,42687,1,216374,0.1973,0.0000,0.3555,76917,1,216374,0.3555,0.0000
84.51,0.9518,17064,0,60000,0.2844,0.0000,0.9893,8233,0,60000,0.1372,0.0000,0.1973,42687,1,216374,0.1973,0.0000,0.3555,76917,1,216374,0.3555,0.0000
85.01,0.9518,17064,0,60000,0.2844,0.0000,0.9877,4137,0,60000,0.0689,0.0000,0.1973,42687,1,216374,0.1973,0.0000,0.3555,76917,1,216374,0.3555,0.0000
85.51,0.9518,12712,0,60000,0.2119,0.0000,0.9877,8233,0,60000,0.1372,0.0000,0.1973,42687,1,216374,0.1973,0.0000,0.3555,76917,1,216374,0.3555,0.0000
86.01,0.8464,16808,0,60000,0.2801,0.0099,0.9877,8233,0,60000,0.1372,0.0000,0.1973,42687,1,216374,0.1973,0.0000,0.3555,76917,1,216374,0.3555,0.0000
86.51,0.8464,16808,0,60000,0.2801,0.0099,0.9940,17096,0,60000,0.2849,0.9958,0.1973,42687,1,216374,0.1973,0.0000,0.3555,76917,1,216374,0.3555,0.0000
87.01,0.9146,12381,0,60000,0.2064,0.0000,0.9940,17096,0,60000,0.2849,0.9958,0.1973,42687,1,216374,0.1973,0.0000,0.3951,85484,1,216374,0.3951,0.0000
87.51,0.9829,16477,0,60000,0.2746,0.0099,0.9940,17096,0,60000,0.2849,0.9958,0.1973,42687,1,216374,0.1973,0.0000,0.3951,85484,1,216374,0.3951,0.0000
88.01,0.9253,20573,0,60000,0.3429,0.0000,0.9940,17096,0,60000,0.2849,0.9958,0.1973,42687,1,216374,0.1973,0.0000,0.3951,85484,1,216374,0.3951,0.0000
88.51,0.9253,20573,0,60000,0.3429,0.0000,0.9940,17096,0,60000,0.2849,0.9958,0.1973,42687,1,216374,0.1973,0.0000,0.3951,85484,1,216374,0.3951,0.0000
89.01,0.9936,16200,0,60000,0.2700,0.0099,0.9946,8528,0,60000,0.1421,0.9917,0.1973,42687,1,216374,0.1973,0.0000,0.3951,85484,1,216374,0.3951,0.0000
89.51,0.9936,16200,0,60000,0.2700,0.0099,0.9946,8528,0,60000,0.1421,0.9917,0.1973,42687,1,216374,0.1973,0.0000,0.3951,85484,1,216374,0.3951,0.0000
90.01,0.9307,20296,0,60000,0.3383,0.0000,0.9946,8528,0,60000,0.1421,0.9917,0.1973,42687,1,216374,0.1973,0.0000,0.3162,68407,1,216374,0.3162,0.0000
90.51,0.9989,15927,0,60000,0.2655,0.0099,0.9946,8528,0,60000,0.1421,0.9917,0.1973,42687,1,216374,0.1973,0.0000,0.3162,68407,1,216374,0.3162,0.0000
91.01,0.9989,15927,0,60000,0.2655,0.0099,0.9915,12693,0,60000,0.2115,0.0000,0.1973,42687,1,216374,0.1973,0.0000,0.3162,68407,1,216374,0.3162,0.0000
91.51,0.9722,28471,0,60000,0.4745,0.0000,0.9915,12693,0,60000,0.2115,0.0000,0.1973,42687,1,216374,0.1973,0.0000,0.3162,68407,1,216374,0.3162,0.0000
92.01,0.9722,28471,0,60000,0.4745,0.0000,0.9915,8234,0,60000,0.1372,0.0000,0.1973,42687,1,216374,0.1973,0.0000,0.3158,68332,1,216374,0.3158,0.0000
92.51,0.9722,24050,0,60000,0.4008,0.6756,0.9915,8234,0,60000,0.1372,0.0000,0.1973,42687,1,216374,0.1973,0.0000,0.3158,68332,1,216374,0.3158,0.0000
93.01,0.9621,28146,0,60000,0.4691,0.0000,0.9915,8234,0,60000,0.1372,0.0000,0.1973,42687,1,216374,0.1973,0.0000,0.3158,68332,1,216374,0.3158,0.0000
93.51,0.9621,28146,0,60000,0.4691,0.0000,0.9915,8234,0,60000,0.1372,0.0000,0.1973,42687,1,216374,0.1973,0.0000,0.3158,68332,1,216374,0.3158,0.0000
94.01,0.9621,23742,0,60000,0.3957,0.0101,0.9915,8234,0,60000,0.1372,0.0000,0.1973,42687,1,216374,0.1973,0.0000,0.3158,68332,1,216374,0.3158,0.0000
94.51,0.8889,36319,0,60000,0.6053,0.0000,0.9912,4137,0,60000,0.0689,0.0000,0.1973,42687,1,216374,0.1973,0.0000,0.3158,68332,1,216374,0.3158,0.0000
95.01,0.8889,36319,0,60000,0.6053,0.0000,0.9858,8233,0,60000,0.1372,0.0000,0.2366,51187,1,216374,0.2366,0.0000,0.3158,68332,1,216374,0.3158,0.0000
95.51,0.9572,40415,0,60000,0.6736,0.6764,0.9858,8233,0,60000,0.1372,0.0000,0.2366,51187,1,216374,0.2366,0.0000,0.3158,68332,1,216374,0.3158,0.0000
96.01,0.9383,27532,0,60000,0.4589,0.0000,0.9918,12690,0,60000,0.2115,0.0000,0.2366,51187,1,216374,0.2366,0.0000,0.3155,68268,2,216374,0.3155,0.0000
96.51,0.9383,27532,0,60000,0.4589,0.0000,0.9918,12690,0,60000,0.2115,0.0000,0.2366,51187,1,216374,0.2366,0.0000,0.3155,68268,2,216374,0.3155,0.0000
97.01,0.8755,23186,0,60000,0.3864,0.0099,0.9816,16724,0,60000,0.2787,0.9575,0.2366,51187,1,216374,0.2366,0.0000,0.3155,68268,2,216374,0.3155,0.0000
97.51,0.9437,27282,0,60000,0.4547,0.0000,0.9816,16724,0,60000,0.2787,0.9575,0.2366,51187,1,216374,0.2366,0.0000,0.3155,68268,2,216374,0.3155,0.0000
98.01,0.9437,27282,0,60000,0.4547,0.0000,0.9816,16724,0,60000,0.2787,0.9575,0.2366,51187,1,216374,0.2366,0.0000,0.3155,68268,2,216374,0.3155,0.0000
98.51,0.9233,31378,0,60000,0.5230,0.0099,0.9816,21199,0,60000,0.3533,0.0000,0.2366,51187,1,216374,0.2366,0.0000,0.3155,68268,2,216374,0.3155,0.0000
99.01,0.9233,31378,0,60000,0.5230,0.0099,0.9816,25295,0,60000,0.4216,0.0099,0.3542,76649,1,216374,0.3542,0.0000,0.2367,51205,1,216374,0.2367,0.0000
99.51,0.9916,18378,0,60000,0.3063,0.0000,0.9816,25295,0,60000,0.4216,0.0099,0.3542,76649,1,216374,0.3542,0.0000,0.2367,51205,1,216374,0.2367,0.0000
100.01,0.9916,18378,0,60000,0.3063,0.0000,0.9755,12329,0,60000,0.2055,0.0000,0.3542,76649,1,216374,0.3542,0.0000,0.2367,51205,1,216374,0.2367,0.0000
100.51,0.9629,13951,0,60000,0.2325,0.0099,0.9755,16425,0,60000,0.2737,0.0099,0.3542,76649,1,216374,0.3542,0.0000,0.2367,51205,1,216374,0.2367,0.0000
101.01,0.9529,18047,0,60000,0.3008,0.0000,0.9755,16425,0,60000,0.2737,0.0099,0.3542,76649,1,216374,0.3542,0.0000,0.2367,51205,1,216374,0.2367,0.0000
101.51,0.9529,18047,0,60000,0.3008,0.0000,0.9749,20521,0,60000,0.3420,0.0000,0.3542,76649,1,216374,0.3542,0.0000,0.2367,51205,1,216374,0.2367,0.0000
102.01,0.9529,13695,0,60000,0.2283,0.0101,0.9695,16174,0,60000,0.2696,0.0000,0.3542,76649,1,216374,0.3542,0.0000,0.2367,51205,1,216374,0.2367,0.0000
102.51,0.8390,17791,0,60000,0.2965,0.0000,0.9695,16174,0,60000,0.2696,0.0000,0.2364,51148,1,216374,0.2364,0.0000,0.2367,51205,1,216374,0.2367,0.0000
103.01,0.8390,17791,0,60000,0.2965,0.0000,0.9826,16962,0,60000,0.2827,0.0099,0.2364,51148,1,216374,0.2364,0.0000,0.2367,51205,1,216374,0.2367,0.0000
103.51,0.9073,13374,0,60000,0.2229,0.0099,0.9826,12613,0,60000,0.2102,0.0000,0.2364,51148,1,216374,0.2364,0.0000,0.2367,51205,1,216374,0.2367,0.0000
104.01,0.9755,17470,0,60000,0.2912,0.0000,0.9766,16709,0,60000,0.2785,0.0000,0.2364,51148,1,216374,0.2364,0.0000,0.2367,51205,1,216374,0.2367,0.0000
104.51,0.9755,17470,0,60000,0.2912,0.0000,0.9766,16709,0,60000,0.2785,0.0000,0.2364,51148,1,216374,0.2364,0.0000,0.2367,51205,1,216374,0.2367,0.0000
105.01,0.9755,13115,0,60000,0.2186,0.0101,0.9827,12695,0,60000,0.2116,0.0000,0.2364,51148,1,216374,0.2364,0.0000,0.2367,51205,1,216374,0.2367,0.0000
105.51,0.9755,13115,0,60000,0.2186,0.0101,0.9812,25234,0,60000,0.4206,0.9631,0.2371,51301,1,216374,0.2371,0.0000,0.2361,51082,1,216374,0.2361,0.0000
106.01,0.9106,17211,0,60000,0.2868,0.0000,0.9812,25234,0,60000,0.4206,0.9631,0.2371,51301,1,216374,0.2371,0.0000,0.2361,51082,1,216374,0.2361,0.0000
106.52,0.9106,17211,0,60000,0.2868,0.0000,0.9866,17001,0,60000,0.2833,0.0099,0.2371,51301,1,216374,0.2371,0.0000,0.2361,51082,1,216374,0.2361,0.0000
107.02,0.9789,12825,0,60000,0.2137,0.0099,0.9866,21097,0,60000,0.3516,0.0000,0.2371,51301,1,216374,0.2371,0.0000,0.2361,51082,1,216374,0.2361,0.0000
107.52,0.9477,16921,0,60000,0.2820,0.0000,0.9866,25193,0,60000,0.4199,0.0099,0.2371,51301,1,216374,0.2371,0.0000,0.2361,51082,1,216374,0.2361,0.0000
108.02,0.9477,16921,0,60000,0.2820,0.0000,0.9811,29289,0,60000,0.4881,0.0000,0.2371,51301,1,216374,0.2371,0.0000,0.2760,59725,1,216374,0.2760,0.0000
108.52,0.9477,12581,0,60000,0.2097,0.0000,0.9811,29289,0,60000,0.4881,0.0000,0.2371,51301,1,216374,0.2371,0.0000,0.2760,59725,1,216374,0.2760,0.0000
109.02,0.9379,16677,0,60000,0.2779,0.0099,0.9793,41797,0,60000,0.6966,0.9719,0.2371,51301,1,216374,0.2371,0.0000,0.2760,59725,1,216374,0.2760,0.0000
109.52,0.9379,16677,0,60000,0.2779,0.0099,0.9793,41797,0,60000,0.6966,0.9719,0.2371,51301,1,216374,0.2371,0.0000,0.2760,59725,1,216374,0.2760,0.0000
110.02,0.9379,12346,0,60000,0.2058,0.0000,0.9793,41797,0,60000,0.6966,0.9719,0.2371,51301,1,216374,0.2371,0.0000,0.2760,59725,1,216374,0.2760,0.0000
110.52,0.9283,16442,0,60000,0.2740,0.0099,0.9867,38081,0,60000,0.6347,0.0000,0.2371,51301,1,216374,0.2371,0.0000,0.2760,59725,1,216374,0.2760,0.0000
111.02,0.9283,16442,0,60000,0.2740,0.0099,0.9867,42177,0,60000,0.7029,0.0000,0.1973,42695,1,216374,0.1973,0.0000,0.2760,59725,1,216374,0.2760,0.0000
111.52,0.9966,20538,0,60000,0.3423,0.0000,0.9867,42177,0,60000,0.7029,0.0000,0.1973,42695,1,216374,0.1973,0.0000,0.2760,59725,1,216374,0.2760,0.0000
112.02,0.9966,16135,0,60000,0.2689,0.0099,0.9914,33986,0,60000,0.5664,0.9958,0.1973,42695,1,216374,0.1973,0.0000,0.2762,59773,1,216374,0.2762,0.0000
112.52,0.9966,16135,0,60000,0.2689,0.0099,0.9914,33986,0,60000,0.5664,0.9958,0.1973,42695,1,216374,0.1973,0.0000,0.2762,59773,1,216374,0.2762,0.0000
113.02,0.9869,20231,0,60000,0.3372,0.0000,0.9914,33986,0,60000,0.5664,0.9958,0.1977,42773,1,216374,0.1977,0.0000,0.2762,59773,1,216374,0.2762,0.0000
113.52,0.9869,20231,0,60000,0.3372,0.0000,0.9914,33986,0,60000,0.5664,0.9958,0.1977,42773,1,216374,0.1977,0.0000,0.2762,59773,1,216374,0.2762,0.0000
114.02,0.9869,15892,0,60000,0.2649,0.0101,0.9920,8512,0,60000,0.1419,0.0099,0.1977,42773,1,216374,0.1977,0.0000,0.2762,59773,1,216374,0.2762,0.0000
114.52,0.9112,28525,0,60000,0.4754,0.0000,0.9860,12608,0,60000,0.2101,0.0000,0.1977,42773,1,216374,0.1977,0.0000,0.2770,59936,1,216374,0.2770,0.0000
115.02,0.9112,28525,0,60000,0.4754,0.0000,0.9860,8233,0,60000,0.1372,0.0000,0.1977,42773,1,216374,0.1977,0.0000,0.2770,59936,1,216374,0.2770,0.0000
115.52,0.9934,34230,0,60000,0.5705,0.8208,0.9860,8233,0,60000,0.1372,0.0000,0.1977,42773,1,216374,0.1977,0.0000,0.2770,59936,1,216374,0.2770,0.0000
116.02,0.9842,38326,0,60000,0.6388,0.0000,0.9824,29734,0,60000,0.4956,0.0000,0.1977,42773,1,216374,0.1977,0.0000,0.2770,59936,1,216374,0.2770,0.0000
116.52,0.9842,38326,0,60000,0.6388,0.0000,0.9883,42315,0,60000,0.7053,0.9649,0.1977,42773,1,216374,0.1977,0.0000,0.2770,59936,1,216374,0.2770,0.0000
117.02,0.9651,50844,0,60000,0.8474,0.8067,0.9883,42315,0,60000,0.7053,0.9649,0.1977,42773,1,216374,0.1977,0.0000,0.2770,59936,1,216374,0.2770,0.0000
117.52,0.9157,54940,0,60000,0.9157,0.0000,0.9935,51138,0,60000,0.8523,0.9959,0.1977,42773,1,216374,0.1977,0.0000,0.3160,68382,1,216374,0.3160,0.0000
118.02,0.9157,54940,0,60000,0.9157,0.0000,0.9941,51109,0,60000,0.8518,0.9958,0.2771,59964,1,216374,0.2771,0.0000,0.3160,68382,1,216374,0.3160,0.0000
118.52,0.9839,59036,0,60000,0.9839,0.0000,0.9889,46694,0,60000,0.7782,0.0000,0.2771,59964,1,216374,0.2771,0.0000,0.3160,68382,1,216374,0.3160,0.0000
119.02,0.9839,59036,0,60000,0.9839,0.0000,0.9889,42275,0,60000,0.7046,0.0000,0.2771,59964,1,216374,0.2771,0.0000,0.3160,68382,1,216374,0.3160,0.0000
119.52,0.9932,59590,0,60000,0.9932,0.9958,0.9889,42275,0,60000,0.7046,0.0000,0.2771,59964,1,216374,0.2771,0.0000,0.3160,68382,1,216374,0.3160,0.0000
120.02,0.9332,55204,0,60000,0.9201,0.0000,0.9889,42275,0,60000,0.7046,0.0000,0.2771,59964,1,216374,0.2771,0.0000,0.2372,51334,1,216374,0.2372,0.0000
120.52,0.9883,59300,0,60000,0.9883,0.0000,0.9933,42538,0,60000,0.7090,0.9959,0.2759,59699,2,216374,0.2759,0.0000,0.2372,51334,1,216374,0.2372,0.0000
121.02,0.9925,55201,0,60000,0.9200,0.0000,0.9844,29697,0,60000,0.4950,0.0000,0.2759,59699,2,216374,0.2759,0.0000,0.2372,51334,1,216374,0.2372,0.0000
121.52,0.9925,55201,0,60000,0.9200,0.0000,0.9844,29697,0,60000,0.4950,0.0000,0.2759,59699,2,216374,0.2759,0.0000,0.2372,51334,1,216374,0.2372,0.0000
122.02,0.9925,59297,0,60000,0.9883,0.0000,0.9826,33793,0,60000,0.5632,0.0000,0.2759,59699,2,216374,0.2759,0.0000,0.1586,34311,1,216374,0.1586,0.0000
122.52,0.9971,51058,0,60000,0.8510,0.0099,0.9826,33793,0,60000,0.5632,0.0000,0.2759,59699,2,216374,0.2759,0.0000,0.1586,34311,1,216374,0.1586,0.0000
123.02,0.9890,55154,0,60000,0.9192,0.0000,0.9826,33793,0,60000,0.5632,0.0000,0.2759,59699,2,216374,0.2759,0.0000,0.1586,34311,1,216374,0.1586,0.0000
123.52,0.9875,59250,0,60000,0.9875,0.0000,0.9826,33793,0,60000,0.5632,0.0000,0.2759,59699,2,216374,0.2759,0.0000,0.1586,34311,1,216374,0.1586,0.0000
124.02,0.9875,59250,0,60000,0.9875,0.0000,0.9876,17039,0,60000,0.2840,0.9959,0.2759,59699,2,216374,0.2759,0.0000,0.1586,34311,1,216374,0.1586,0.0000
124.52,0.9417,55136,0,60000,0.9189,0.0000,0.9882,21170,0,60000,0.3528,0.0000,0.2765,59835,1,216374,0.2765,0.0000,0.1586,34311,1,216374,0.1586,0.0000
125.02,0.9872,50762,0,60000,0.8460,0.0099,0.9882,21170,0,60000,0.3528,0.0000,0.2765,59835,1,216374,0.2765,0.0000,0.1975,42741,1,216374,0.1975,0.0000
125.52,0.9872,50762,0,60000,0.8460,0.0099,0.9882,16775,0,60000,0.2796,0.0099,0.2765,59835,1,216374,0.2765,0.0000,0.1975,42741,1,216374,0.1975,0.0000
126.02,0.9777,46327,0,60000,0.7721,0.0000,0.9836,12329,0,60000,0.2055,0.0000,0.2368,51232,1,216374,0.2368,0.0000,0.1975,42741,1,216374,0.1975,0.0000
126.52,0.9680,50423,0,60000,0.8404,0.0099,0.9836,24946,0,60000,0.4158,0.9289,0.2368,51232,1,216374,0.2368,0.0000,0.1975,42741,1,216374,0.1975,0.0000
127.02,0.9680,45966,0,60000,0.7661,0.0000,0.9836,24946,0,60000,0.4158,0.9289,0.2368,51232,1,216374,0.2368,0.0000,0.1975,42741,1,216374,0.1975,0.0000
127.52,0.9157,50062,0,60000,0.8344,0.0099,0.9836,24946,0,60000,0.4158,0.9289,0.2368,51232,1,216374,0.2368,0.0000,0.1975,42741,1,216374,0.1975,0.0000
128.02,0.9157,50062,0,60000,0.8344,0.0099,0.9899,21247,0,60000,0.3541,0.0000,0.2368,51232,1,216374,0.2368,0.0000,0.1975,42741,1,216374,0.1975,0.0000
128.52,0.9716,54202,0,60000,0.9034,0.0000,0.9899,33835,0,60000,0.5639,0.9651,0.2368,51232,1,216374,0.2368,0.0000,0.1979,42810,1,216374,0.1979,0.0000
129.02,0.9716,58298,0,60000,0.9716,0.8753,0.9899,33835,0,60000,0.5639,0.9651,0.2368,51232,1,216374,0.2368,0.0000,0.1979,42810,1,216374,0.1979,0.0000
129.52,0.9716,58298,0,60000,0.9716,0.8753,0.9925,29910,0,60000,0.4985,0.0000,0.2368,51232,1,216374,0.2368,0.0000,0.1979,42810,1,216374,0.1979,0.0000
130.02,0.9716,58298,0,60000,0.9716,0.8753,0.9925,25450,0,60000,0.4242,0.0608,0.3556,76933,1,216374,0.3556,0.0000,0.1979,42810,1,216374,0.1979,0.0000
130.52,0.9921,59525,0,60000,0.9921,0.9960,0.9867,29546,0,60000,0.4924,0.0000,0.3556,76933,1,216374,0.3556,0.0000,0.1979,42810,1,216374,0.1979,0.0000
131.02,0.9936,59618,0,60000,0.9936,0.9959,0.9867,29546,0,60000,0.4924,0.0000,0.3556,76933,1,216374,0.3556,0.0000,0.1970,42630,1,216374,0.1970,0.0000
131.52,0.9936,59618,0,60000,0.9936,0.9959,0.9824,33642,0,60000,0.5607,0.0099,0.3556,76933,1,216374,0.3556,0.0000,0.1970,42630,1,216374,0.1970,0.0000
132.02,0.9790,55252,0,60000,0.9209,0.0000,0.9824,33642,0,60000,0.5607,0.0099,0.3163,68447,1,216374,0.3163,0.0000,0.1970,42630,1,216374,0.1970,0.0000
132.52,0.9790,55252,0,60000,0.9209,0.0000,0.9824,20745,0,60000,0.3458,0.0000,0.3163,68447,1,216374,0.3163,0.0000,0.1572,34023,1,216374,0.1572,0.0000
133.02,0.9789,54638,0,60000,0.9106,0.4865,0.9824,20745,0,60000,0.3458,0.0000,0.3163,68447,1,216374,0.3163,0.0000,0.1572,34023,1,216374,0.1572,0.0000
133.52,0.9789,58734,0,60000,0.9789,0.0000,0.9824,16390,0,60000,0.2732,0.0099,0.3163,68447,1,216374,0.3163,0.0000,0.1572,34023,1,216374,0.1572,0.0000
134.02,0.9789,58734,0,60000,0.9789,0.0000,0.9721,20486,0,60000,0.3414,0.0000,0.3163,68447,1,216374,0.3163,0.0000,0.1572,34023,1,216374,0.1572,0.0000
134.52,0.9867,55139,0,60000,0.9190,0.0000,0.9721,20486,0,60000,0.3414,0.0000,0.3163,68447,1,216374,0.3163,0.0000,0.1572,34023,1,216374,0.1572,0.0000
135.02,0.9511,57067,0,60000,0.9511,0.8527,0.8338,16077,0,60000,0.2680,0.0101,0.3163,68447,1,216374,0.3163,0.0000,0.1572,34023,1,216374,0.1572,0.0000
135.52,0.9511,57067,0,60000,0.9511,0.8527,0.9020,20173,0,60000,0.3362,0.0000,0.2769,59907,1,216374,0.2769,0.0000,0.1572,34023,1,216374,0.1572,0.0000
136.02,0.9511,57067,0,60000,0.9511,0.8527,0.9020,20173,0,60000,0.3362,0.0000,0.2769,59907,1,216374,0.2769,0.0000,0.1572,34023,1,216374,0.1572,0.0000
136.52,0.9829,55186,0,60000,0.9198,0.0000,0.9703,24228,0,60000,0.4038,0.8689,0.2769,59907,1,216374,0.2769,0.0000,0.1572,34023,1,216374,0.1572,0.0000
137.02,0.9880,59282,0,60000,0.9880,0.0000,0.9703,24228,0,60000,0.4038,0.8689,0.2769,59907,1,216374,0.2769,0.0000,0.1581,34218,1,216374,0.1581,0.0000
137.52,0.9942,59651,0,60000,0.9942,0.9958,0.9703,24228,0,60000,0.4038,0.8689,0.2769,59907,1,216374,0.2769,0.0000,0.1581,34218,1,216374,0.1581,0.0000
138.02,0.9942,59651,0,60000,0.9942,0.9958,0.9871,21154,0,60000,0.3526,0.0000,0.2769,59907,1,216374,0.2769,0.0000,0.1581,34218,1,216374,0.1581,0.0000
138.52,0.9257,55540,0,60000,0.9257,0.0000,0.9871,21154,0,60000,0.3526,0.0000,0.2769,59907,1,216374,0.2769,0.0000,0.1581,34218,1,216374,0.1581,0.0000
139.02,0.9939,51070,0,60000,0.8512,0.0099,0.9871,16718,0,60000,0.2786,0.0099,0.3159,68355,1,216374,0.3159,0.0000,0.1581,34218,1,216374,0.1581,0.0000
139.52,0.9939,51070,0,60000,0.8512,0.0099,0.9815,12330,0,60000,0.2055,0.0000,0.3159,68355,1,216374,0.3159,0.0000,0.1581,34218,1,216374,0.1581,0.0000
140.02,0.9788,55166,0,60000,0.9194,0.0000,0.9815,24918,0,60000,0.4153,0.6767,0.3159,68355,1,216374,0.3159,0.0000,0.2376,51415,1,216374,0.2376,0.0000
140.52,0.9877,59262,0,60000,0.9877,0.0000,0.9815,24918,0,60000,0.4153,0.6767,0.2369,51262,2,216374,0.2369,0.0000,0.2376,51415,1,216374,0.2376,0.0000
141.02,0.9877,59262,0,60000,0.9877,0.0000,0.9669,37552,0,60000,0.6259,0.0000,0.2369,51262,2,216374,0.2369,0.0000,0.2376,51415,1,216374,0.2376,0.0000
141.52,0.9877,59262,0,60000,0.9877,0.0000,0.9669,37552,0,60000,0.6259,0.0000,0.2369,51262,2,216374,0.2369,0.0000,0.2376,51415,1,216374,0.2376,0.0000
142.02,0.9299,47232,0,60000,0.7872,0.0000,0.9569,33194,0,60000,0.5532,0.6779,0.2369,51262,2,216374,0.2369,0.0000,0.2376,51415,1,216374,0.2376,0.0000
142.52,0.9931,51051,0,60000,0.8508,0.9958,0.9203,42666,0,60000,0.7111,0.0000,0.2369,51262,2,216374,0.2369,0.0000,0.2376,51415,1,216374,0.2376,0.0000
143.02,0.9874,55183,0,60000,0.9197,0.0000,0.9203,42666,0,60000,0.7111,0.0000,0.2369,51262,2,216374,0.2369,0.0000,0.2376,51415,1,216374,0.2376,0.0000
143.52,0.9880,59279,0,60000,0.9880,0.0000,0.9885,29741,0,60000,0.4957,0.5694,0.2369,51262,2,216374,0.2369,0.0000,0.2376,51415,1,216374,0.2376,0.0000
144.02,0.9880,59279,0,60000,0.9880,0.0000,0.9885,42291,0,60000,0.7048,0.9702,0.2369,51262,2,216374,0.2369,0.0000,0.2376,51415,1,216374,0.2376,0.0000
144.52,0.9933,59600,0,60000,0.9933,0.9958,0.9885,42291,0,60000,0.7048,0.9702,0.2369,51262,2,216374,0.2369,0.0000,0.2768,59903,1,216374,0.2768,0.0000
145.02,0.9933,59600,0,60000,0.9933,0.9958,0.9885,42291,0,60000,0.7048,0.9702,0.2369,51262,2,216374,0.2369,0.0000,0.2768,59903,1,216374,0.2768,0.0000
145.52,0.9875,55245,0,60000,0.9207,0.0000,0.9835,38179,0,60000,0.6363,0.0000,0.1974,42707,1,216374,0.1974,0.0000,0.2768,59903,1,216374,0.2768,0.0000
146.02,0.9890,42300,0,60000,0.7050,0.0000,0.9835,38179,0,60000,0.6363,0.0000,0.1974,42707,1,216374,0.1974,0.0000,0.2776,60055,1,216374,0.2776,0.0000
146.52,0.9890,42300,0,60000,0.7050,0.0000,0.9765,25259,0,60000,0.4210,0.0000,0.1974,42707,1,216374,0.1974,0.0000,0.2776,60055,1,216374,0.2776,0.0000
147.02,0.9204,55225,0,60000,0.9204,0.0000,0.9828,25638,0,60000,0.4273,0.0099,0.1974,42707,1,216374,0.1974,0.0000,0.2776,60055,1,216374,0.2776,0.0000
147.52,0.9887,59321,0,60000,0.9887,0.9545,0.9828,21196,0,60000,0.3533,0.0000,0.1974,42707,1,216374,0.1974,0.0000,0.2776,60055,1,216374,0.2776,0.0000
148.02,0.9887,59321,0,60000,0.9887,0.9545,0.9740,25292,0,60000,0.4215,0.0000,0.1974,42707,1,216374,0.1974,0.0000,0.2375,51391,1,216374,0.2375,0.0000
148.52,0.9949,59694,0,60000,0.9949,0.9958,0.9931,25543,0,60000,0.4257,0.9960,0.1974,42707,1,216374,0.1974,0.0000,0.2375,51391,1,216374,0.2375,0.0000
149.02,0.9954,59724,0,60000,0.9954,0.9959,0.9196,38150,0,60000,0.6358,0.0000,0.1978,42792,1,216374,0.1978,0.0000,0.2375,51391,1,216374,0.2375,0.0000
149.52,0.9954,59724,0,60000,0.9954,0.9959,0.9196,38150,0,60000,0.6358,0.0000,0.1978,42792,1,216374,0.1978,0.0000,0.2375,51391,1,216374,0.2375,0.0000
150.02,0.9904,59422,0,60000,0.9904,0.9592,0.9879,42246,0,60000,0.7041,0.0000,0.1978,42792,1,216374,0.1978,0.0000,0.2375,51391,1,216374,0.2375,0.0000
150.52,0.9904,59422,0,60000,0.9904,0.9592,0.9879,42246,0,60000,0.7041,0.0000,0.1978,42792,1,216374,0.1978,0.0000,0.2375,51391,1,216374,0.2375,0.0000
151.02,0.9968,59808,0,60000,0.9968,0.9959,0.9872,29526,0,60000,0.4921,0.0000,0.1978,42792,1,216374,0.1978,0.0000,0.2375,51391,1,216374,0.2375,0.0000
151.52,0.9968,59808,0,60000,0.9968,0.9959,0.9872,42159,0,60000,0.7026,0.9657,0.1975,42737,1,216374,0.1975,0.0000,0.2375,51391,1,216374,0.2375,0.0000
152.02,0.9968,59808,0,60000,0.9968,0.9959,0.9909,42475,0,60000,0.7079,0.9958,0.1975,42737,1,216374,0.1975,0.0000,0.2375,51391,1,216374,0.2375,0.0000
152.52,0.9968,59808,0,60000,0.9968,0.9959,0.9909,42475,0,60000,0.7079,0.9958,0.1975,42737,1,216374,0.1975,0.0000,0.3169,68567,2,216374,0.3169,0.0000
153.02,0.9912,46856,0,60000,0.7809,0.0000,0.9909,42475,0,60000,0.7079,0.9958,0.1975,42737,1,216374,0.1975,0.0000,0.3169,68567,2,216374,0.3169,0.0000
153.52,0.9913,59481,0,60000,0.9913,0.9655,0.9909,42475,0,60000,0.7079,0.9958,0.1977,42775,1,216374,0.1977,0.0000,0.3169,68567,2,216374,0.3169,0.0000
154.02,0.9913,59481,0,60000,0.9913,0.9655,0.9915,25587,0,60000,0.4264,0.0099,0.1977,42775,1,216374,0.1977,0.0000,0.3169,68567,2,216374,0.3169,0.0000
154.52,0.9894,55360,0,60000,0.9227,0.0000,0.9764,29683,0,60000,0.4947,0.0000,0.1977,42775,1,216374,0.1977,0.0000,0.3169,68567,2,216374,0.3169,0.0000
155.02,0.9909,59456,0,60000,0.9909,0.0000,0.9664,25330,0,60000,0.4222,0.0000,0.1977,42775,1,216374,0.1977,0.0000,0.3169,68567,2,216374,0.3169,0.0000
155.52,0.9911,55370,0,60000,0.9228,0.0000,0.9719,25548,0,60000,0.4258,0.9960,0.1977,42775,1,216374,0.1977,0.0000,0.2778,60113,2,216374,0.2778,0.0000
156.02,0.9911,50924,0,60000,0.8487,0.0099,0.9719,25548,0,60000,0.4258,0.9960,0.1977,42775,1,216374,0.1977,0.0000,0.2778,60113,2,216374,0.2778,0.0000
156.52,0.9911,50924,0,60000,0.8487,0.0099,0.9725,25521,0,60000,0.4254,0.9960,0.1977,42775,1,216374,0.1977,0.0000,0.2778,60113,2,216374,0.2778,0.0000
157.02,0.9853,55020,0,60000,0.9170,0.0000,0.9725,25521,0,60000,0.4254,0.9960,0.1978,42803,1,216374,0.1978,0.0000,0.2778,60113,2,216374,0.2778,0.0000
157.52,0.9607,57644,0,60000,0.9607,0.7793,0.9730,25508,0,60000,0.4251,0.9960,0.1978,42803,1,216374,0.1978,0.0000,0.2374,51374,1,216374,0.2374,0.0000
158.02,0.9607,57644,0,60000,0.9607,0.7793,0.9730,25508,0,60000,0.4251,0.9960,0.1978,42803,1,216374,0.1978,0.0000,0.2374,51374,1,216374,0.2374,0.0000
158.52,0.9607,57644,0,60000,0.9607,0.7793,0.9736,8524,0,60000,0.1421,0.0099,0.1978,42803,1,216374,0.1978,0.0000,0.2374,51374,1,216374,0.2374,0.0000
159.02,0.9893,55265,0,60000,0.9211,0.0000,0.9736,12620,0,60000,0.2103,0.0000,0.1978,42803,1,216374,0.1978,0.0000,0.1580,34183,1,216374,0.1580,0.0000
159.52,0.9893,59361,0,60000,0.9893,0.9695,0.9355,16716,0,60000,0.2786,0.0099,0.1978,42803,1,216374,0.1978,0.0000,0.1580,34183,1,216374,0.1580,0.0000
160.02,0.9876,59258,0,60000,0.9876,0.9553,0.9142,12329,0,60000,0.2055,0.0000,0.1978,42803,1,216374,0.1978,0.0000,0.1580,34183,1,216374,0.1580,0.0000
160.52,0.9876,59258,0,60000,0.9876,0.9553,0.9824,24949,0,60000,0.4158,0.9276,0.2770,59932,1,216374,0.2770,0.0000,0.1580,34183,1,216374,0.1580,0.0000
161.02,0.9883,55200,0,60000,0.9200,0.0000,0.9824,24949,0,60000,0.4158,0.9276,0.2770,59932,1,216374,0.2770,0.0000,0.1580,34183,1,216374,0.1580,0.0000
161.52,0.9883,59296,0,60000,0.9883,0.0000,0.9824,24949,0,60000,0.4158,0.9276,0.2770,59932,1,216374,0.2770,0.0000,0.1580,34183,1,216374,0.1580,0.0000
162.02,0.9883,59296,0,60000,0.9883,0.0000,0.9936,25552,0,60000,0.4259,0.9958,0.2770,59932,1,216374,0.2770,0.0000,0.1580,34183,1,216374,0.1580,0.0000
162.52,0.9940,51123,0,60000,0.8520,0.0099,0.9936,25552,0,60000,0.4259,0.9958,0.2770,59932,1,216374,0.2770,0.0000,0.1580,34183,1,216374,0.1580,0.0000
163.02,0.9886,55219,0,60000,0.9203,0.0000,0.9942,25616,0,60000,0.4269,0.9958,0.2770,59932,1,216374,0.2770,0.0000,0.1580,34183,1,216374,0.1580,0.0000
163.52,0.9886,59315,0,60000,0.9886,0.0000,0.9942,25616,0,60000,0.4269,0.9958,0.2770,59932,1,216374,0.2770,0.0000,0.2374,51378,1,216374,0.2374,0.0000
164.02,0.9886,59315,0,60000,0.9886,0.0000,0.9897,12656,0,60000,0.2109,0.0000,0.2766,59840,1,216374,0.2766,0.0000,0.2374,51378,1,216374,0.2374,0.0000
164.52,0.9940,59640,0,60000,0.9940,0.9917,0.9897,16752,0,60000,0.2792,0.0000,0.2766,59840,1,216374,0.2766,0.0000,0.2374,51378,1,216374,0.2374,0.0000
165.02,0.9888,55230,0,60000,0.9205,0.0000,0.9897,16752,0,60000,0.2792,0.0000,0.2766,59840,1,216374,0.2766,0.0000,0.2378,51464,1,216374,0.2378,0.0000
165.52,0.9872,59234,0,60000,0.9872,0.9659,0.9897,16752,0,60000,0.2792,0.0000,0.2766,59840,1,216374,0.2766,0.0000,0.2378,51464,1,216374,0.2378,0.0000
166.02,0.9922,51002,0,60000,0.8500,0.0099,0.9897,16752,0,60000,0.2792,0.0000,0.2766,59840,1,216374,0.2766,0.0000,0.2378,51464,1,216374,0.2378,0.0000
166.52,0.9866,55098,0,60000,0.9183,0.0000,0.9897,16752,0,60000,0.2792,0.0000,0.2766,59840,1,216374,0.2766,0.0000,0.2378,51464,1,216374,0.2378,0.0000
167.02,0.9866,59194,0,60000,0.9866,0.0000,0.9897,16752,0,60000,0.2792,0.0000,0.2766,59840,1,216374,0.2766,0.0000,0.2378,51464,1,216374,0.2378,0.0000
167.52,0.9169,55013,0,60000,0.9169,0.0000,0.9961,8574,0,60000,0.1429,0.9959,0.2766,59840,1,216374,0.2766,0.0000,0.2762,59752,1,216374,0.2762,0.0000
168.02,0.9851,59109,0,60000,0.9851,0.0000,0.9912,12705,0,60000,0.2117,0.0000,0.2766,59840,1,216374,0.2766,0.0000,0.2762,59752,1,216374,0.2762,0.0000
168.52,0.9851,59109,0,60000,0.9851,0.0000,0.9912,16801,0,60000,0.2800,0.0000,0.2766,59840,1,216374,0.2766,0.0000,0.2762,59752,1,216374,0.2762,0.0000
169.02,0.9893,50932,0,60000,0.8489,0.0099,0.9912,16801,0,60000,0.2800,0.0000,0.2766,59840,1,216374,0.2766,0.0000,0.2762,59752,1,216374,0.2762,0.0000
169.52,0.9854,55028,0,60000,0.9171,0.0000,0.9912,16801,0,60000,0.2800,0.0000,0.2760,59729,1,216374,0.2760,0.0000,0.2762,59752,1,216374,0.2762,0.0000
170.02,0.9219,46818,0,60000,0.7803,0.5412,0.9912,16801,0,60000,0.2800,0.0000,0.2760,59729,1,216374,0.2760,0.0000,0.3150,68147,1,216374,0.3150,0.0000
170.52,0.9902,50914,0,60000,0.8486,0.0000,0.9912,16801,0,60000,0.2800,0.0000,0.2760,59729,1,216374,0.2760,0.0000,0.3150,68147,1,216374,0.3150,0.0000
171.02,0.9851,55010,0,60000,0.9168,0.0000,0.9955,42,0,60000,0.0007,0.0101,0.2760,59729,1,216374,0.2760,0.0000,0.3150,68147,1,216374,0.3150,0.0000
171.52,0.9851,55010,0,60000,0.9168,0.0000,0.9893,4138,0,60000,0.0690,0.0000,0.2760,59729,1,216374,0.2760,0.0000,0.3150,68147,1,216374,0.3150,0.0000
172.02,0.9851,50635,0,60000,0.8439,0.0099,0.9893,8234,0,60000,0.1372,0.0000,0.2760,59729,1,216374,0.2760,0.0000,0.3150,68147,1,216374,0.3150,0.0000
172.52,0.9851,50635,0,60000,0.8439,0.0099,0.9893,8234,0,60000,0.1372,0.0000,0.2760,59729,1,216374,0.2760,0.0000,0.3150,68147,1,216374,0.3150,0.0000
173.02,0.9805,46265,0,60000,0.7711,0.0000,0.9893,8234,0,60000,0.1372,0.0000,0.2760,59729,1,216374,0.2760,0.0000,0.3150,68147,1,216374,0.3150,0.0000
173.52,0.9805,50361,0,60000,0.8394,0.0099,0.9893,8234,0,60000,0.1372,0.0000,0.2760,59729,1,216374,0.2760,0.0000,0.3150,68147,1,216374,0.3150,0.0000
174.02,0.9805,50361,0,60000,0.8394,0.0099,0.9893,8234,0,60000,0.1372,0.0000,0.2371,51313,1,216374,0.2371,0.0000,0.3150,68147,1,216374,0.3150,0.0000
174.52,0.9759,46016,0,60000,0.7669,0.0000,0.9893,8234,0,60000,0.1372,0.0000,0.2371,51313,1,216374,0.2371,0.0000,0.3150,68147,1,216374,0.3150,0.0000
175.02,0.9759,46016,0,60000,0.7669,0.0000,0.9893,8234,0,60000,0.1372,0.0000,0.2371,51313,1,216374,0.2371,0.0000,0.3150,68147,1,216374,0.3150,0.0000
175.52,0.9759,41654,0,60000,0.6942,0.0099,0.9893,8234,0,60000,0.1372,0.0000,0.2371,51313,1,216374,0.2371,0.0000,0.3150,68147,1,216374,0.3150,0.0000
176.02,0.9759,41654,0,60000,0.6942,0.0099,0.9938,8501,0,60000,0.1417,0.9975,0.2371,51313,1,216374,0.2371,0.0000,0.3150,68147,1,216374,0.3150,0.0000
176.52,0.9717,37261,0,60000,0.6210,0.0000,0.9938,8501,0,60000,0.1417,0.9975,0.2371,51313,1,216374,0.2371,0.0000,0.2757,59655,1,216374,0.2757,0.0000
177.03,0.9717,41357,0,60000,0.6893,0.0099,0.9836,12618,0,60000,0.2103,0.0000,0.2371,51313,1,216374,0.2371,0.0000,0.2757,59655,1,216374,0.2757,0.0000
177.53,0.9717,41357,0,60000,0.6893,0.0099,0.9154,8233,0,60000,0.1372,0.0000,0.2371,51313,1,216374,0.2371,0.0000,0.2757,59655,1,216374,0.2757,0.0000
178.03,0.8998,45506,0,60000,0.7584,0.0000,0.9883,12612,0,60000,0.2102,0.0000,0.2375,51379,1,216374,0.2375,0.0000,0.2757,59655,1,216374,0.2757,0.0000
178.53,0.8998,45506,0,60000,0.7584,0.0000,0.9883,16708,0,60000,0.2785,0.0000,0.2375,51379,1,216374,0.2375,0.0000,0.2758,59676,1,216374,0.2758,0.0000
179.03,0.8998,45506,0,60000,0.7584,0.0000,0.9883,16708,0,60000,0.2785,0.0000,0.2375,51379,1,216374,0.2375,0.0000,0.2758,59676,1,216374,0.2758,0.0000
179.53,0.9680,32604,0,60000,0.5434,0.6777,0.9883,16708,0,60000,0.2785,0.0000,0.2375,51379,1,216374,0.2375,0.0000,0.2758,59676,1,216374,0.2758,0.0000
180.03,0.9093,41940,0,60000,0.6990,0.0000,0.9883,16708,0,60000,0.2785,0.0000,0.2375,51379,1,216374,0.2375,0.0000,0.2758,59676,1,216374,0.2758,0.0000
180.53,0.9093,41940,0,60000,0.6990,0.0000,0.9933,41,0,60000,0.0007,0.0099,0.2375,51379,1,216374,0.2375,0.0000,0.2758,59676,1,216374,0.2758,0.0000
181.03,0.9775,46036,0,60000,0.7673,0.5632,0.9879,4137,0,60000,0.0689,0.0000,0.2375,51379,1,216374,0.2375,0.0000,0.2758,59676,1,216374,0.2758,0.0000
181.53,0.9775,46036,0,60000,0.7673,0.5632,0.9879,8233,0,60000,0.1372,0.0000,0.2375,51379,1,216374,0.2375,0.0000,0.2758,59676,1,216374,0.2758,0.0000
182.03,0.9775,33110,0,60000,0.5518,0.0099,0.9919,16946,0,60000,0.2824,0.9958,0.2375,51379,1,216374,0.2375,0.0000,0.2758,59676,1,216374,0.2758,0.0000
182.53,0.9627,37206,0,60000,0.6201,0.0000,0.9919,16946,0,60000,0.2824,0.9958,0.2375,51379,1,216374,0.2375,0.0000,0.3151,68180,2,216374,0.3151,0.0000
183.03,0.9627,37206,0,60000,0.6201,0.0000,0.9919,16946,0,60000,0.2824,0.9958,0.2375,51379,1,216374,0.2375,0.0000,0.3151,68180,2,216374,0.3151,0.0000
183.53,0.9520,24273,0,60000,0.4046,0.0101,0.9930,8569,0,60000,0.1428,0.0099,0.2375,51379,1,216374,0.2375,0.0000,0.3151,68180,2,216374,0.3151,0.0000
184.03,0.9520,28369,0,60000,0.4728,0.0000,0.9867,12665,0,60000,0.2111,0.0000,0.2375,51379,1,216374,0.2375,0.0000,0.2366,51196,1,216374,0.2366,0.0000
184.53,0.9520,28369,0,60000,0.4728,0.0000,0.9867,16761,0,60000,0.2793,0.0000,0.2763,59790,1,216374,0.2763,0.0000,0.2366,51196,1,216374,0.2366,0.0000
185.03,0.8884,24013,0,60000,0.4002,0.0099,0.9867,16761,0,60000,0.2793,0.0000,0.2763,59790,1,216374,0.2763,0.0000,0.2366,51196,1,216374,0.2366,0.0000
185.53,0.8884,24013,0,60000,0.4002,0.0099,0.9867,16761,0,60000,0.2793,0.0000,0.2763,59790,1,216374,0.2763,0.0000,0.2366,51196,1,216374,0.2366,0.0000
186.03,0.9567,28109,0,60000,0.4685,0.0000,0.9862,12601,0,60000,0.2100,0.0000,0.2763,59790,1,216374,0.2763,0.0000,0.2366,51196,1,216374,0.2366,0.0000
186.53,0.9567,28109,0,60000,0.4685,0.0000,0.9862,16697,0,60000,0.2783,0.0000,0.2763,59790,1,216374,0.2763,0.0000,0.2366,51196,1,216374,0.2366,0.0000
187.03,0.9372,15187,0,60000,0.2531,0.0099,0.9913,17050,0,60000,0.2842,0.9959,0.3156,68286,1,216374,0.3156,0.0000,0.2366,51196,1,216374,0.2366,0.0000
187.53,0.9372,19283,0,60000,0.3214,0.0000,0.9913,17050,0,60000,0.2842,0.9959,0.3156,68286,1,216374,0.3156,0.0000,0.2366,51196,1,216374,0.2366,0.0000
188.03,0.9372,19283,0,60000,0.3214,0.0000,0.9913,17050,0,60000,0.2842,0.9959,0.3156,68286,1,216374,0.3156,0.0000,0.2366,51196,1,216374,0.2366,0.0000
188.53,0.8142,14874,0,60000,0.2479,0.0099,0.9913,17050,0,60000,0.2842,0.9959,0.1973,42688,1,216374,0.1973,0.0000,0.2366,51196,1,216374,0.2366,0.0000
189.03,0.8824,18970,0,60000,0.3162,0.0000,0.9881,12676,0,60000,0.2113,0.0000,0.1973,42688,1,216374,0.1973,0.0000,0.2366,51196,1,216374,0.2366,0.0000
189.53,0.8824,18970,0,60000,0.3162,0.0000,0.9881,8233,0,60000,0.1372,0.0000,0.1973,42688,1,216374,0.1973,0.0000,0.2366,51196,1,216374,0.2366,0.0000
190.03,0.9507,14566,0,60000,0.2428,0.0099,0.9881,8233,0,60000,0.1372,0.0000,0.2366,51194,1,216374,0.2366,0.0000,0.2366,51196,1,216374,0.2366,0.0000
190.53,0.9300,18662,0,60000,0.3110,0.0000,0.9896,12705,0,60000,0.2117,0.0000,0.2366,51194,1,216374,0.2366,0.0000,0.2374,51370,1,216374,0.2374,0.0000
191.03,0.9300,18662,0,60000,0.3110,0.0000,0.9896,16801,0,60000,0.2800,0.0000,0.2366,51194,1,216374,0.2366,0.0000,0.2374,51370,1,216374,0.2374,0.0000
191.53,0.9983,14300,0,60000,0.2383,0.0099,0.9896,16801,0,60000,0.2800,0.0000,0.2366,51194,1,216374,0.2366,0.0000,0.2374,51370,1,216374,0.2374,0.0000
192.03,0.9983,14300,0,60000,0.2383,0.0099,0.9896,16801,0,60000,0.2800,0.0000,0.2366,51194,1,216374,0.2366,0.0000,0.2374,51370,1,216374,0.2374,0.0000
192.53,0.9841,18396,0,60000,0.3066,0.0000,0.9885,12601,0,60000,0.2100,0.0000,0.2366,51194,1,216374,0.2366,0.0000,0.2374,51370,1,216374,0.2374,0.0000
193.03,0.9841,18396,0,60000,0.3066,0.0000,0.9885,16697,0,60000,0.2783,0.0000,0.2366,51194,1,216374,0.2366,0.0000,0.2374,51370,1,216374,0.2374,0.0000
193.53,0.9841,13967,0,60000,0.2328,0.0099,0.9885,16697,0,60000,0.2783,0.0000,0.2366,51194,1,216374,0.2366,0.0000,0.2374,51378,1,216374,0.2374,0.0000
194.03,0.9779,18063,0,60000,0.3010,0.0000,0.9897,12674,0,60000,0.2112,0.0000,0.2366,51194,1,216374,0.2366,0.0000,0.2374,51378,1,216374,0.2374,0.0000
194.53,0.9779,18063,0,60000,0.3010,0.0000,0.9897,16770,0,60000,0.2795,0.0000,0.2366,51194,1,216374,0.2366,0.0000,0.2374,51378,1,216374,0.2374,0.0000
195.03,0.9779,13646,0,60000,0.2274,0.0099,0.9897,16770,0,60000,0.2795,0.0000,0.2366,51194,1,216374,0.2366,0.0000,0.2374,51378,1,216374,0.2374,0.0000
195.53,0.9497,17742,0,60000,0.2957,0.0000,0.9897,16770,0,60000,0.2795,0.0000,0.2755,59619,1,216374,0.2755,0.0000,0.2374,51378,1,216374,0.2374,0.0000
196.03,0.9497,17742,0,60000,0.2957,0.0000,0.9947,16997,0,60000,0.2833,0.9960,0.2755,59619,1,216374,0.2755,0.0000,0.2374,51378,1,216374,0.2374,0.0000
196.53,0.9307,13337,0,60000,0.2223,0.0099,0.9947,16997,0,60000,0.2833,0.9960,0.2755,59619,1,216374,0.2755,0.0000,0.2374,51378,1,216374,0.2374,0.0000
197.03,0.9742,25961,0,60000,0.4327,0.0000,0.9947,16997,0,60000,0.2833,0.9960,0.2755,59619,1,216374,0.2755,0.0000,0.3166,68499,1,216374,0.3166,0.0000
197.53,0.9742,25961,0,60000,0.4327,0.0000,0.9953,8577,0,60000,0.1429,0.9959,0.2755,59619,1,216374,0.2755,0.0000,0.3166,68499,1,216374,0.3166,0.0000
198.03,0.9742,21573,0,60000,0.3595,0.6777,0.9953,8577,0,60000,0.1429,0.9959,0.2755,59619,1,216374,0.2755,0.0000,0.3166,68499,1,216374,0.3166,0.0000
198.53,0.9742,21573,0,60000,0.3595,0.6777,0.9953,8577,0,60000,0.1429,0.9959,0.2755,59619,1,216374,0.2755,0.0000,0.3166,68499,1,216374,0.3166,0.0000
199.03,0.9434,25669,0,60000,0.4278,0.0000,0.9953,8577,0,60000,0.1429,0.9959,0.1967,42560,1,216374,0.1967,0.0000,0.3166,68499,1,216374,0.3166,0.0000
199.53,0.9434,25669,0,60000,0.4278,0.0000,0.9953,8577,0,60000,0.1429,0.9959,0.1967,42560,1,216374,0.1967,0.0000,0.3166,68499,1,216374,0.3166,0.0000
200.03,0.9434,21319,0,60000,0.3553,0.0000,0.9953,8577,0,60000,0.1429,0.9959,0.1967,42560,1,216374,0.1967,0.0000,0.3166,68499,1,216374,0.3166,0.0000
200.53,0.8805,25415,0,60000,0.4236,0.0099,0.9908,4137,0,60000,0.0689,0.0000,0.1967,42560,1,216374,0.1967,0.0000,0.3166,68499,1,216374,0.3166,0.0000
201.03,0.8805,25415,0,60000,0.4236,0.0099,0.9908,16731,0,60000,0.2788,0.9591,0.1967,42560,1,216374,0.1967,0.0000,0.3166,68499,1,216374,0.3166,0.0000
201.53,0.9324,29489,0,60000,0.4915,0.0000,0.9908,16731,0,60000,0.2788,0.9591,0.1967,42560,1,216374,0.1967,0.0000,0.3561,77058,1,216374,0.3561,0.0000
202.03,0.8692,25022,0,60000,0.4170,0.6760,0.9909,21191,0,60000,0.3532,0.0000,0.1967,42560,1,216374,0.1967,0.0000,0.3561,77058,1,216374,0.3561,0.0000
202.53,0.9375,29118,0,60000,0.4853,0.0000,0.9851,25287,0,60000,0.4214,0.0099,0.1967,42560,1,216374,0.1967,0.0000,0.3561,77058,1,216374,0.3561,0.0000
203.03,0.9375,29118,0,60000,0.4853,0.0000,0.9851,29383,0,60000,0.4897,0.0000,0.1967,42560,1,216374,0.1967,0.0000,0.3561,77058,1,216374,0.3561,0.0000
203.53,0.9179,24772,0,60000,0.4129,0.0099,0.9851,29383,0,60000,0.4897,0.0000,0.1967,42560,1,216374,0.1967,0.0000,0.3561,77058,1,216374,0.3561,0.0000
204.03,0.9179,24772,0,60000,0.4129,0.0099,0.9789,16425,0,60000,0.2737,0.0000,0.1968,42580,1,216374,0.1968,0.0000,0.3561,77058,1,216374,0.3561,0.0000
204.53,0.9861,28868,0,60000,0.4811,0.0000,0.9789,16425,0,60000,0.2737,0.0000,0.1968,42580,1,216374,0.1968,0.0000,0.3561,77058,1,216374,0.3561,0.0000
205.03,0.9861,15943,0,60000,0.2657,0.0099,0.9789,16425,0,60000,0.2737,0.0000,0.1968,42580,1,216374,0.1968,0.0000,0.3561,77058,1,216374,0.3561,0.0000
205.53,0.9861,15943,0,60000,0.2657,0.0099,0.9789,16425,0,60000,0.2737,0.0000,0.1179,25503,1,216374,0.1179,0.0000,0.3561,77058,1,216374,0.3561,0.0000
206.03,0.8998,20039,0,60000,0.3340,0.0000,0.9878,8575,0,60000,0.1429,0.9959,0.1179,25503,1,216374,0.1179,0.0000,0.3164,68450,1,216374,0.3164,0.0000
206.53,0.8998,20039,0,60000,0.3340,0.0000,0.9878,8575,0,60000,0.1429,0.9959,0.1179,25503,1,216374,0.1179,0.0000,0.3164,68450,1,216374,0.3164,0.0000
207.03,0.9681,15594,0,60000,0.2599,0.0099,0.9878,8575,0,60000,0.1429,0.9959,0.1179,25503,1,216374,0.1179,0.0000,0.3164,68450,1,216374,0.3164,0.0000
207.53,0.9026,19690,0,60000,0.3282,0.0000,0.9884,4137,0,60000,0.0689,0.0000,0.1179,25503,1,216374,0.1179,0.0000,0.3164,68450,1,216374,0.3164,0.0000
208.03,0.9026,19690,0,60000,0.3282,0.0000,0.9834,8233,0,60000,0.1372,0.0000,0.1179,25503,1,216374,0.1179,0.0000,0.3164,68450,1,216374,0.3164,0.0000
208.53,0.9708,15252,0,60000,0.2542,0.0099,0.9834,8233,0,60000,0.1372,0.0000,0.1179,25503,1,216374,0.1179,0.0000,0.3164,68450,1,216374,0.3164,0.0000
209.03,0.9557,19348,0,60000,0.3225,0.0000,0.9895,17033,0,60000,0.2839,0.9960,0.1181,25553,1,216374,0.1181,0.0000,0.3164,68450,1,216374,0.3164,0.0000
209.53,0.9557,19348,0,60000,0.3225,0.0000,0.9900,12607,0,60000,0.2101,0.0000,0.1181,25553,1,216374,0.1181,0.0000,0.3164,68450,1,216374,0.3164,0.0000
210.03,0.9438,15013,0,60000,0.2502,0.0099,0.9900,16703,0,60000,0.2784,0.0000,0.1181,25553,1,216374,0.1181,0.0000,0.3164,68450,1,216374,0.3164,0.0000
210.53,0.9438,15013,0,60000,0.2502,0.0099,0.9964,8617,0,60000,0.1436,0.0099,0.1181,25553,1,216374,0.1181,0.0000,0.3955,85566,1,216374,0.3955,0.0000
211.03,0.9438,19109,0,60000,0.3185,0.0000,0.9901,12713,0,60000,0.2119,0.0000,0.1181,25553,1,216374,0.1181,0.0000,0.3955,85566,1,216374,0.3955,0.0000
211.53,0.8817,14645,0,60000,0.2441,0.0099,0.9901,16809,0,60000,0.2802,0.0000,0.1181,25553,1,216374,0.1181,0.0000,0.3955,85566,1,216374,0.3955,0.0000
212.03,0.8817,14645,0,60000,0.2441,0.0099,0.9901,16809,0,60000,0.2802,0.0000,0.1181,25553,1,216374,0.1181,0.0000,0.3551,76843,1,216374,0.3551,0.0000
212.53,0.9499,18741,0,60000,0.3124,0.0000,0.9886,12567,0,60000,0.2094,0.0000,0.1181,25553,1,216374,0.1181,0.0000,0.3551,76843,1,216374,0.3551,0.0000
213.03,0.9499,18741,0,60000,0.3124,0.0000,0.9886,16663,0,60000,0.2777,0.0099,0.2364,51157,1,216374,0.2364,0.0000,0.3551,76843,1,216374,0.3551,0.0000
213.53,0.9499,14408,0,60000,0.2401,0.0099,0.9886,16663,0,60000,0.2777,0.0099,0.2364,51157,1,216374,0.2364,0.0000,0.3551,76843,1,216374,0.3551,0.0000
214.03,0.9242,18504,0,60000,0.3084,0.0000,0.9838,12330,0,60000,0.2055,0.0000,0.2364,51157,1,216374,0.2364,0.0000,0.3551,76843,1,216374,0.3551,0.0000
214.53,0.9242,18504,0,60000,0.3084,0.0000,0.9838,16426,0,60000,0.2738,0.0000,0.2364,51157,1,216374,0.2364,0.0000,0.3551,76843,1,216374,0.3551,0.0000
215.03,0.9924,14051,0,60000,0.2342,0.0099,0.9838,16426,0,60000,0.2738,0.0000,0.2364,51157,1,216374,0.2364,0.0000,0.2765,59835,1,216374,0.2765,0.0000
215.53,0.8703,18147,0,60000,0.3024,0.0000,0.9925,8506,0,60000,0.1418,0.0099,0.2364,51157,1,216374,0.2364,0.0000,0.2765,59835,1,216374,0.2765,0.0000
216.03,0.8703,18147,0,60000,0.3024,0.0000,0.9862,12602,0,60000,0.2100,0.0000,0.2364,51157,1,216374,0.2364,0.0000,0.2765,59835,1,216374,0.2765,0.0000
216.53,0.9386,13795,0,60000,0.2299,0.0099,0.9862,16698,0,60000,0.2783,0.0000,0.2364,51157,1,216374,0.2364,0.0000,0.2765,59835,1,216374,0.2765,0.0000
217.03,0.8639,26411,0,60000,0.4402,0.0000,0.9862,16698,0,60000,0.2783,0.0000,0.2364,51157,1,216374,0.2364,0.0000,0.2765,59835,1,216374,0.2765,0.0000
217.53,0.8639,26411,0,60000,0.4402,0.0000,0.9847,12600,0,60000,0.2100,0.0000,0.2364,51157,1,216374,0.2364,0.0000,0.2765,59835,1,216374,0.2765,0.0000
218.03,0.9322,21979,0,60000,0.3663,0.6774,0.9847,16696,0,60000,0.2783,0.0000,0.2364,51157,1,216374,0.2364,0.0000,0.2370,51289,1,216374,0.2370,0.0000
218.53,0.9322,21979,0,60000,0.3663,0.6774,0.9847,16696,0,60000,0.2783,0.0000,0.2364,51157,1,216374,0.2364,0.0000,0.2370,51289,1,216374,0.2370,0.0000
219.03,0.8986,26075,0,60000,0.4346,0.0000,0.9818,12721,0,60000,0.2120,0.0000,0.2364,51157,1,216374,0.2364,0.0000,0.2370,51289,1,216374,0.2370,0.0000
219.53,0.8986,26075,0,60000,0.4346,0.0000,0.9818,12721,0,60000,0.2120,0.0000,0.2364,51157,1,216374,0.2364,0.0000,0.2370,51289,1,216374,0.2370,0.0000
220.03,0.9669,21649,0,60000,0.3608,0.0104,0.9802,16817,0,60000,0.2803,0.0000,0.2364,51157,1,216374,0.2364,0.0000,0.2370,51289,1,216374,0.2370,0.0000
220.53,0.9570,25745,0,60000,0.4291,0.0000,0.9802,16817,0,60000,0.2803,0.0000,0.2364,51157,1,216374,0.2364,0.0000,0.2370,51289,1,216374,0.2370,0.0000
221.03,0.9570,29841,0,60000,0.4974,0.0000,0.9850,12619,0,60000,0.2103,0.0000,0.2370,51281,1,216374,0.2370,0.0000,0.2370,51289,1,216374,0.2370,0.0000
221.53,0.9570,29841,0,60000,0.4974,0.0000,0.9850,16715,0,60000,0.2786,0.0000,0.2370,51281,1,216374,0.2370,0.0000,0.3547,76756,1,216374,0.3547,0.0000
222.03,0.9467,16908,0,60000,0.2818,0.0099,0.9850,16715,0,60000,0.2786,0.0000,0.2370,51281,1,216374,0.2370,0.0000,0.3547,76756,1,216374,0.3547,0.0000
222.53,0.9467,21004,0,60000,0.3501,0.0000,0.9854,12589,0,60000,0.2098,0.0000,0.2370,51281,1,216374,0.2370,0.0000,0.3547,76756,1,216374,0.3547,0.0000
223.03,0.9467,21004,0,60000,0.3501,0.0000,0.9812,16685,0,60000,0.2781,0.0000,0.2370,51281,1,216374,0.2370,0.0000,0.3547,76756,1,216374,0.3547,0.0000
223.53,0.9314,16649,0,60000,0.2775,0.0099,0.9812,16685,0,60000,0.2781,0.0000,0.2370,51281,1,216374,0.2370,0.0000,0.3547,76756,1,216374,0.3547,0.0000
224.03,0.9314,16649,0,60000,0.2775,0.0099,0.9812,16685,0,60000,0.2781,0.0000,0.2370,51281,1,216374,0.2370,0.0000,0.3547,76756,1,216374,0.3547,0.0000
224.53,0.9997,20745,0,60000,0.3458,0.0000,0.9873,12694,0,60000,0.2116,0.0000,0.2370,51281,1,216374,0.2370,0.0000,0.3161,68393,1,216374,0.3161,0.0000
225.03,0.9997,16323,0,60000,0.2721,0.0099,0.9873,25272,0,60000,0.4212,0.9599,0.2370,51281,1,216374,0.2370,0.0000,0.3161,68393,1,216374,0.3161,0.0000
225.53,0.9997,16323,0,60000,0.2721,0.0099,0.9873,25272,0,60000,0.4212,0.9599,0.2370,51281,1,216374,0.2370,0.0000,0.3161,68393,1,216374,0.3161,0.0000
226.03,0.9885,28889,0,60000,0.4815,0.0000,0.9920,21623,0,60000,0.3604,0.0000,0.2370,51281,1,216374,0.2370,0.0000,0.3161,68393,1,216374,0.3161,0.0000
226.53,0.9885,28889,0,60000,0.4815,0.0000,0.9917,25719,0,60000,0.4286,0.1082,0.2370,51281,1,216374,0.2370,0.0000,0.3161,68393,1,216374,0.3161,0.0000
227.03,0.9885,24450,0,60000,0.4075,0.6762,0.9917,25719,0,60000,0.4286,0.1082,0.2765,59825,1,216374,0.2765,0.0000,0.3161,68393,1,216374,0.3161,0.0000
227.53,0.9087,36991,0,60000,0.6165,0.0000,0.9917,29815,0,60000,0.4969,0.0000,0.2765,59825,1,216374,0.2765,0.0000,0.3153,68222,1,216374,0.3153,0.0000
228.03,0.9087,36991,0,60000,0.6165,0.0000,0.9917,29815,0,60000,0.4969,0.0000,0.2765,59825,1,216374,0.2765,0.0000,0.3153,68222,1,216374,0.3153,0.0000
228.53,0.9770,32647,0,60000,0.5441,0.6755,0.9917,25334,0,60000,0.4222,0.9850,0.2765,59825,1,216374,0.2765,0.0000,0.3153,68222,1,216374,0.3153,0.0000
229.03,0.9616,36743,0,60000,0.6124,0.0000,0.9917,25334,0,60000,0.4222,0.9850,0.2765,59825,1,216374,0.2765,0.0000,0.3153,68222,1,216374,0.3153,0.0000
229.53,0.9616,36743,0,60000,0.6124,0.0000,0.9917,25334,0,60000,0.4222,0.9850,0.2765,59825,1,216374,0.2765,0.0000,0.3153,68222,1,216374,0.3153,0.0000
230.03,0.9517,40839,0,60000,0.6806,0.0099,0.9917,25334,0,60000,0.4222,0.9850,0.1976,42761,1,216374,0.1976,0.0000,0.3153,68222,1,216374,0.3153,0.0000
230.53,0.9517,40839,0,60000,0.6806,0.0099,0.9873,12623,0,60000,0.2104,0.0000,0.1976,42761,1,216374,0.1976,0.0000,0.3153,68222,1,216374,0.3153,0.0000
231.03,0.9517,27860,0,60000,0.4643,0.0000,0.9873,16751,0,60000,0.2792,0.9643,0.1976,42761,1,216374,0.1976,0.0000,0.3153,68222,1,216374,0.3153,0.0000
231.53,0.8892,31956,0,60000,0.5326,0.0099,0.9873,16751,0,60000,0.2792,0.9643,0.1581,34203,1,216374,0.1581,0.0000,0.3157,68319,1,216374,0.3157,0.0000
232.03,0.9575,36052,0,60000,0.6009,0.0000,0.9873,16751,0,60000,0.2792,0.9643,0.1581,34203,1,216374,0.1581,0.0000,0.3157,68319,1,216374,0.3157,0.0000
232.53,0.9575,36052,0,60000,0.6009,0.0000,0.9873,16751,0,60000,0.2792,0.9643,0.1581,34203,1,216374,0.1581,0.0000,0.3157,68319,1,216374,0.3157,0.0000
233.03,0.9575,23205,0,60000,0.3867,0.0099,0.9865,12690,0,60000,0.2115,0.0000,0.1581,34203,1,216374,0.1581,0.0000,0.3157,68319,1,216374,0.3157,0.0000
233.53,0.9359,27301,0,60000,0.4550,0.0000,0.9865,25271,0,60000,0.4212,0.9568,0.1581,34203,1,216374,0.1581,0.0000,0.3160,68379,1,216374,0.3160,0.0000
234.03,0.9359,27301,0,60000,0.4550,0.0000,0.9865,25271,0,60000,0.4212,0.9568,0.1581,34203,1,216374,0.1581,0.0000,0.3160,68379,1,216374,0.3160,0.0000
234.53,0.9359,27301,0,60000,0.4550,0.0000,0.9876,21199,0,60000,0.3533,0.0000,0.1581,34203,1,216374,0.1581,0.0000,0.3160,68379,1,216374,0.3160,0.0000
235.03,0.8057,14333,0,60000,0.2389,0.0099,0.9833,33781,0,60000,0.5630,0.9679,0.1581,34203,1,216374,0.1581,0.0000,0.3160,68379,1,216374,0.3160,0.0000
235.53,0.8740,18429,0,60000,0.3071,0.0000,0.9880,34017,0,60000,0.5669,0.9958,0.1581,34203,1,216374,0.1581,0.0000,0.3160,68379,1,216374,0.3160,0.0000
236.03,0.8740,18429,0,60000,0.3071,0.0000,0.9887,25512,0,60000,0.4252,0.0099,0.1581,34203,1,216374,0.1581,0.0000,0.3548,76780,1,216374,0.3548,0.0000
236.53,0.9422,14028,0,60000,0.2338,0.0104,0.9887,29608,0,60000,0.4935,0.0000,0.1581,34203,1,216374,0.1581,0.0000,0.3548,76780,1,216374,0.3548,0.0000
237.03,0.9135,18124,0,60000,0.3021,0.0000,0.9887,33704,0,60000,0.5617,0.0000,0.1581,34203,1,216374,0.1581,0.0000,0.3548,76780,1,216374,0.3548,0.0000
237.53,0.9135,18124,0,60000,0.3021,0.0000,0.9887,33704,0,60000,0.5617,0.0000,0.1977,42767,1,216374,0.1977,0.0000,0.3548,76780,1,216374,0.3548,0.0000
238.03,0.9818,13751,0,60000,0.2292,0.0099,0.9932,17015,0,60000,0.2836,0.0000,0.1977,42767,1,216374,0.1977,0.0000,0.3548,76780,1,216374,0.3548,0.0000
238.53,0.9818,13751,0,60000,0.2292,0.0099,0.9872,12601,0,60000,0.2100,0.0000,0.1977,42767,1,216374,0.1977,0.0000,0.2760,59724,1,216374,0.2760,0.0000
239.03,0.9409,26357,0,60000,0.4393,0.0000,0.9872,12601,0,60000,0.2100,0.0000,0.1977,42767,1,216374,0.1977,0.0000,0.2760,59724,1,216374,0.2760,0.0000
239.53,0.9409,26357,0,60000,0.4393,0.0000,0.9866,16697,0,60000,0.2783,0.0000,0.1977,42767,1,216374,0.1977,0.0000,0.1579,34163,1,216374,0.1579,0.0000
240.03,0.9700,30119,0,60000,0.5020,0.8036,0.9866,16697,0,60000,0.2783,0.0000,0.1977,42767,1,216374,0.1977,0.0000,0.1579,34163,1,216374,0.1579,0.0000
240.53,0.9470,34215,0,60000,0.5703,0.0000,0.9907,12671,0,60000,0.2112,0.0000,0.1977,42767,1,216374,0.1977,0.0000,0.1579,34163,1,216374,0.1579,0.0000
241.03,0.9470,34215,0,60000,0.5703,0.0000,0.9874,25206,0,60000,0.4201,0.9673,0.2765,59819,1,216374,0.2765,0.0000,0.1579,34163,1,216374,0.1579,0.0000
241.53,0.9207,29760,0,60000,0.4960,0.0000,0.9874,25206,0,60000,0.4201,0.9673,0.2765,59819,1,216374,0.2765,0.0000,0.1579,34163,1,216374,0.1579,0.0000
242.03,0.9890,33857,0,60000,0.5643,0.0101,0.9874,25206,0,60000,0.4201,0.9673,0.2765,59819,1,216374,0.2765,0.0000,0.1579,34163,1,216374,0.1579,0.0000
242.53,0.9890,33857,0,60000,0.5643,0.0101,0.9885,21182,0,60000,0.3530,0.0000,0.2765,59819,1,216374,0.2765,0.0000,0.1579,34163,1,216374,0.1579,0.0000
243.03,0.9399,37953,0,60000,0.6325,0.0000,0.9885,25278,0,60000,0.4213,0.0396,0.2765,59819,1,216374,0.2765,0.0000,0.1579,34163,1,216374,0.1579,0.0000
243.53,0.9294,42049,0,60000,0.7008,0.0101,0.9830,29374,0,60000,0.4896,0.0000,0.2765,59819,1,216374,0.2765,0.0000,0.1579,34163,1,216374,0.1579,0.0000
244.03,0.9294,42049,0,60000,0.7008,0.0101,0.9830,29374,0,60000,0.4896,0.0000,0.2765,59819,1,216374,0.2765,0.0000,0.1579,34163,1,216374,0.1579,0.0000
244.53,0.9977,29153,0,60000,0.4859,0.0000,0.9830,25016,0,60000,0.4169,0.6760,0.2765,59819,1,216374,0.2765,0.0000,0.1579,34163,1,216374,0.1579,0.0000
245.03,0.9977,24764,0,60000,0.4127,0.0099,0.9830,25016,0,60000,0.4169,0.6760,0.2765,59819,1,216374,0.2765,0.0000,0.2366,51184,1,216374,0.2366,0.0000
245.53,0.9977,24764,0,60000,0.4127,0.0099,0.9777,29112,0,60000,0.4852,0.0000,0.2765,59819,1,216374,0.2765,0.0000,0.2366,51184,1,216374,0.2366,0.0000
246.04,0.9201,28930,0,60000,0.4822,0.0000,0.9777,24760,0,60000,0.4127,0.0000,0.2765,59819,1,216374,0.2765,0.0000,0.2366,51184,1,216374,0.2366,0.0000
246.54,0.9858,50017,0,60000,0.8336,0.8624,0.9777,24760,0,60000,0.4127,0.0000,0.2375,51386,1,216374,0.2375,0.0000,0.2366,51184,1,216374,0.2366,0.0000
247.04,0.9858,50017,0,60000,0.8336,0.8624,0.9899,33940,0,60000,0.5657,0.9960,0.2375,51386,1,216374,0.2375,0.0000,0.2366,51184,1,216374,0.2366,0.0000
247.54,0.9858,54113,0,60000,0.9019,0.0000,0.9848,21076,0,60000,0.3513,0.0000,0.2375,51386,1,216374,0.2375,0.0000,0.1972,42679,1,216374,0.1972,0.0000
248.04,0.9858,54113,0,60000,0.9019,0.0000,0.9848,25172,0,60000,0.4195,0.0000,0.2375,51386,1,216374,0.2375,0.0000,0.1972,42679,1,216374,0.1972,0.0000
248.54,0.9714,49640,0,60000,0.8273,0.6755,0.9848,25172,0,60000,0.4195,0.0000,0.2375,51386,1,216374,0.2375,0.0000,0.1972,42679,1,216374,0.1972,0.0000
249.04,0.9590,53736,0,60000,0.8956,0.0000,0.9903,33950,0,60000,0.5658,0.9960,0.2375,51386,1,216374,0.2375,0.0000,0.1972,42679,1,216374,0.1972,0.0000
249.54,0.9639,57832,0,60000,0.9639,0.0000,0.9903,33950,0,60000,0.5658,0.9960,0.2376,51404,1,216374,0.2376,0.0000,0.1972,42679,1,216374,0.1972,0.0000
250.04,0.9639,57832,0,60000,0.9639,0.0000,0.9908,25540,0,60000,0.4257,0.9958,0.2376,51404,1,216374,0.2376,0.0000,0.1974,42721,1,216374,0.1974,0.0000
250.54,0.9954,42634,0,60000,0.7106,0.0099,0.9868,29672,0,60000,0.4945,0.0000,0.2376,51404,1,216374,0.2376,0.0000,0.1974,42721,1,216374,0.1974,0.0000
251.04,0.9773,46730,0,60000,0.7788,0.0000,0.9868,33768,0,60000,0.5628,0.0099,0.2376,51404,1,216374,0.2376,0.0000,0.1974,42721,1,216374,0.1974,0.0000
251.54,0.8471,42270,0,60000,0.7045,0.0099,0.9817,37864,0,60000,0.6311,0.0000,0.2376,51404,1,216374,0.2376,0.0000,0.1979,42814,1,216374,0.1979,0.0000
252.04,0.9144,54866,0,60000,0.9144,0.0000,0.9817,37864,0,60000,0.6311,0.0000,0.2376,51404,1,216374,0.2376,0.0000,0.1979,42814,1,216374,0.1979,0.0000
252.54,0.9144,54866,0,60000,0.9144,0.0000,0.9817,37864,0,60000,0.6311,0.0000,0.2376,51404,1,216374,0.2376,0.0000,0.1979,42814,1,216374,0.1979,0.0000
253.04,0.9830,58980,0,60000,0.9830,0.9654,0.9817,24957,0,60000,0.4159,0.0099,0.2762,59758,2,216374,0.2762,0.0000,0.1979,42814,1,216374,0.1979,0.0000
253.54,0.9480,55185,0,60000,0.9197,0.0000,0.9694,20521,0,60000,0.3420,0.0000,0.2762,59758,2,216374,0.2762,0.0000,0.1979,42814,1,216374,0.1979,0.0000
254.04,0.9880,59281,0,60000,0.9880,0.0000,0.9041,24617,0,60000,0.4103,0.0000,0.2762,59758,2,216374,0.2762,0.0000,0.1979,42814,1,216374,0.1979,0.0000
254.54,0.9880,59281,0,60000,0.9880,0.0000,0.9041,24617,0,60000,0.4103,0.0000,0.2762,59758,2,216374,0.2762,0.0000,0.1976,42759,1,216374,0.1976,0.0000
255.04,0.9880,59281,0,60000,0.9880,0.0000,0.9041,24617,0,60000,0.4103,0.0000,0.2762,59758,2,216374,0.2762,0.0000,0.1976,42759,1,216374,0.1976,0.0000
255.54,0.9764,56066,0,60000,0.9344,0.0000,0.9041,24617,0,60000,0.4103,0.0000,0.2762,59758,2,216374,0.2762,0.0000,0.1976,42759,1,216374,0.1976,0.0000
256.04,0.9764,56066,0,60000,0.9344,0.0000,0.9871,12590,0,60000,0.2098,0.0000,0.1970,42616,1,216374,0.1970,0.0000,0.1976,42759,1,216374,0.1976,0.0000
256.54,0.9764,56066,0,60000,0.9344,0.0000,0.9871,12590,0,60000,0.2098,0.0000,0.1970,42616,1,216374,0.1970,0.0000,0.1982,42896,1,216374,0.1982,0.0000
257.04,0.9188,55126,0,60000,0.9188,0.0000,0.9871,8233,0,60000,0.1372,0.0000,0.1970,42616,1,216374,0.1970,0.0000,0.1982,42896,1,216374,0.1982,0.0000
257.54,0.9870,59222,0,60000,0.9870,0.9688,0.9870,12653,0,60000,0.2109,0.0000,0.1970,42616,1,216374,0.1970,0.0000,0.1982,42896,1,216374,0.1982,0.0000
258.04,0.9870,59222,0,60000,0.9870,0.9688,0.9870,16749,0,60000,0.2792,0.0000,0.1970,42616,1,216374,0.1970,0.0000,0.1982,42896,1,216374,0.1982,0.0000
258.54,0.9176,55058,0,60000,0.9176,0.0000,0.9870,16749,0,60000,0.2792,0.0000,0.1970,42616,1,216374,0.1970,0.0000,0.1982,42896,1,216374,0.1982,0.0000
259.04,0.9859,59154,0,60000,0.9859,0.0000,0.9870,16749,0,60000,0.2792,0.0000,0.1970,42616,1,216374,0.1970,0.0000,0.1982,42896,1,216374,0.1982,0.0000
259.54,0.9859,59154,0,60000,0.9859,0.0000,0.9929,17038,0,60000,0.2840,0.9960,0.1970,42616,1,216374,0.1970,0.0000,0.1982,42896,1,216374,0.1982,0.0000
260.04,0.9908,59445,0,60000,0.9908,0.9958,0.9929,17038,0,60000,0.2840,0.9960,0.1970,42616,1,216374,0.1970,0.0000,0.1982,42896,1,216374,0.1982,0.0000
260.54,0.9908,59445,0,60000,0.9908,0.9958,0.9886,12681,0,60000,0.2114,0.0000,0.1970,42616,1,216374,0.1970,0.0000,0.1982,42896,1,216374,0.1982,0.0000
261.04,0.9823,55137,0,60000,0.9190,0.0000,0.9886,12681,0,60000,0.2114,0.0000,0.2754,59583,1,216374,0.2754,0.0000,0.1982,42896,1,216374,0.1982,0.0000
261.54,0.9872,50677,0,60000,0.8446,0.0099,0.9880,8233,0,60000,0.1372,0.0099,0.2754,59583,1,216374,0.2754,0.0000,0.2378,51463,1,216374,0.2378,0.0000
262.04,0.9872,50677,0,60000,0.8446,0.0099,0.9808,12329,0,60000,0.2055,0.0000,0.2754,59583,1,216374,0.2754,0.0000,0.2378,51463,1,216374,0.2378,0.0000
262.54,0.9129,54773,0,60000,0.9129,0.0000,0.9769,24941,0,60000,0.4157,0.6773,0.2754,59583,1,216374,0.2754,0.0000,0.2378,51463,1,216374,0.2378,0.0000
263.04,0.9690,58140,0,60000,0.9690,0.8550,0.9769,24941,0,60000,0.4157,0.6773,0.2754,59583,1,216374,0.2754,0.0000,0.2378,51463,1,216374,0.2378,0.0000
263.54,0.9690,58140,0,60000,0.9690,0.8550,0.9769,29037,0,60000,0.4839,0.0000,0.2754,59583,1,216374,0.2754,0.0000,0.2378,51463,1,216374,0.2378,0.0000
264.04,0.9910,59459,0,60000,0.9910,0.9958,0.9769,29037,0,60000,0.4839,0.0000,0.2754,59583,1,216374,0.2754,0.0000,0.2378,51463,1,216374,0.2378,0.0000
264.54,0.9910,59459,0,60000,0.9910,0.9958,0.9769,24694,0,60000,0.4116,0.0099,0.2754,59583,1,216374,0.2754,0.0000,0.2378,51463,1,216374,0.2378,0.0000
265.04,0.9895,59368,0,60000,0.9895,0.9960,0.9666,28790,0,60000,0.4798,0.0000,0.2754,59583,1,216374,0.2754,0.0000,0.1980,42836,2,216374,0.1980,0.0000
265.54,0.9895,59368,0,60000,0.9895,0.9960,0.9666,28790,0,60000,0.4798,0.0000,0.2754,59583,1,216374,0.2754,0.0000,0.1980,42836,2,216374,0.1980,0.0000
266.04,0.9895,59368,0,60000,0.9895,0.9960,0.8985,24253,0,60000,0.4042,0.6766,0.3549,76798,1,216374,0.3549,0.0000,0.1980,42836,2,216374,0.1980,0.0000
266.54,0.9860,55065,0,60000,0.9177,0.0000,0.9667,28349,0,60000,0.4725,0.0000,0.3549,76798,1,216374,0.3549,0.0000,0.1980,42836,2,216374,0.1980,0.0000
267.04,0.9860,59161,0,60000,0.9860,0.0000,0.9667,28349,0,60000,0.4725,0.0000,0.3549,76798,1,216374,0.3549,0.0000,0.1980,42836,2,216374,0.1980,0.0000
267.54,0.9860,59161,0,60000,0.9860,0.0000,0.9667,23985,0,60000,0.3997,0.0099,0.3549,76798,1,216374,0.3549,0.0000,0.1968,42593,1,216374,0.1968,0.0000
268.04,0.9911,59466,0,60000,0.9911,0.9958,0.9667,23985,0,60000,0.3997,0.0099,0.3549,76798,1,216374,0.3549,0.0000,0.1968,42593,1,216374,0.1968,0.0000
268.54,0.9911,59466,0,60000,0.9911,0.9958,0.8917,36600,0,60000,0.6100,0.0000,0.3157,68308,1,216374,0.3157,0.0000,0.1968,42593,1,216374,0.1968,0.0000
269.04,0.9913,59476,0,60000,0.9913,0.9960,0.8917,36600,0,60000,0.6100,0.0000,0.3157,68308,1,216374,0.3157,0.0000,0.1968,42593,1,216374,0.1968,0.0000
269.54,0.9913,59476,0,60000,0.9913,0.9960,0.9599,40585,0,60000,0.6764,0.8066,0.3157,68308,1,216374,0.3157,0.0000,0.1968,42593,1,216374,0.1968,0.0000
270.04,0.9822,55132,0,60000,0.9189,0.0000,0.9445,36158,0,60000,0.6026,0.0000,0.3157,68308,1,216374,0.3157,0.0000,0.1968,42593,1,216374,0.1968,0.0000
270.54,0.9871,50689,0,60000,0.8448,0.0000,0.9340,40254,0,60000,0.6709,0.0000,0.2762,59761,1,216374,0.2762,0.0000,0.1968,42593,1,216374,0.1968,0.0000
271.04,0.9871,50689,0,60000,0.8448,0.0000,0.9340,40254,0,60000,0.6709,0.0000,0.2762,59761,1,216374,0.2762,0.0000,0.1968,42593,1,216374,0.1968,0.0000
271.54,0.9871,50689,0,60000,0.8448,0.0000,0.9702,42424,0,60000,0.7071,0.0101,0.2762,59761,1,216374,0.2762,0.0000,0.1968,42593,1,216374,0.1968,0.0000
272.04,0.9871,50689,0,60000,0.8448,0.0000,0.9702,38076,0,60000,0.6346,0.0000,0.2762,59761,1,216374,0.2762,0.0000,0.2366,51192,1,216374,0.2366,0.0000
272.54,0.9871,50689,0,60000,0.8448,0.0000,0.9702,38076,0,60000,0.6346,0.0000,0.1579,34155,1,216374,0.1579,0.0000,0.2366,51192,1,216374,0.2366,0.0000
273.04,0.9464,38149,0,60000,0.6358,0.0000,0.9544,33724,0,60000,0.5621,0.0099,0.1579,34155,1,216374,0.1579,0.0000,0.2366,51192,1,216374,0.2366,0.0000
273.54,0.8449,33724,0,60000,0.5621,0.0000,0.9135,26169,0,60000,0.4361,0.0000,0.1579,34155,1,216374,0.1579,0.0000,0.2366,51192,1,216374,0.2366,0.0000
274.04,0.8449,33724,0,60000,0.5621,0.0000,0.9135,26169,0,60000,0.4361,0.0000,0.1579,34155,1,216374,0.1579,0.0000,0.2366,51192,1,216374,0.2366,0.0000
274.54,0.8449,33724,0,60000,0.5621,0.0000,0.9818,30267,0,60000,0.5044,0.5714,0.1579,34155,1,216374,0.1579,0.0000,0.3159,68360,2,216374,0.3159,0.0000
275.04,0.8510,25518,0,60000,0.4253,0.9960,0.9818,30267,0,60000,0.5044,0.5714,0.1973,42698,1,216374,0.1973,0.0000,0.3159,68360,2,216374,0.3159,0.0000
275.54,0.8510,25518,0,60000,0.4253,0.9960,0.8440,33708,0,60000,0.5618,0.0000,0.1973,42698,1,216374,0.1973,0.0000,0.3159,68360,2,216374,0.3159,0.0000
276.04,0.8510,25518,0,60000,0.4253,0.9960,0.9123,37804,0,60000,0.6301,0.6571,0.1973,42698,1,216374,0.1973,0.0000,0.3159,68360,2,216374,0.3159,0.0000
276.54,0.8510,25518,0,60000,0.4253,0.9960,0.9123,37804,0,60000,0.6301,0.6571,0.1973,42698,1,216374,0.1973,0.0000,0.3159,68360,2,216374,0.3159,0.0000
277.04,0.8510,25518,0,60000,0.4253,0.9960,0.9806,32826,0,60000,0.5471,0.0099,0.1973,42698,1,216374,0.1973,0.0000,0.2375,51386,1,216374,0.2375,0.0000
277.54,0.8510,25518,0,60000,0.4253,0.9960,0.9806,32826,0,60000,0.5471,0.0099,0.1973,42698,1,216374,0.1973,0.0000,0.2375,51386,1,216374,0.2375,0.0000
278.04,0.8510,25518,0,60000,0.4253,0.9960,0.9754,28962,0,60000,0.4827,0.0000,0.1973,42698,1,216374,0.1973,0.0000,0.2375,51386,1,216374,0.2375,0.0000
278.54,0.8516,8571,0,60000,0.1429,0.9959,0.9011,33074,0,60000,0.5512,0.8061,0.1973,42698,1,216374,0.1973,0.0000,0.2375,51389,1,216374,0.2375,0.0000
279.04,0.9205,12702,0,60000,0.2117,0.0000,0.9011,33074,0,60000,0.5512,0.8061,0.1973,42698,1,216374,0.1973,0.0000,0.2375,51389,1,216374,0.2375,0.0000
279.54,0.9887,8233,0,60000,0.1372,0.0000,0.9378,45643,0,60000,0.7607,0.0000,0.1973,42698,1,216374,0.1973,0.0000,0.2375,51389,1,216374,0.2375,0.0000
280.04,0.9887,8233,0,60000,0.1372,0.0000,0.9700,58201,0,60000,0.9700,0.9211,0.1973,42698,1,216374,0.1973,0.0000,0.2375,51389,1,216374,0.2375,0.0000
280.54,0.9942,17027,0,60000,0.2838,0.9958,0.9700,58201,0,60000,0.9700,0.9211,0.3154,68248,1,216374,0.3154,0.0000,0.1583,34245,1,216374,0.1583,0.0000
281.04,0.9844,24962,0,60000,0.4160,0.9248,0.9197,46703,0,60000,0.7784,0.0000,0.3154,68248,1,216374,0.3154,0.0000,0.1583,34245,1,216374,0.1583,0.0000
281.54,0.9844,24962,0,60000,0.4160,0.9248,0.9197,46703,0,60000,0.7784,0.0000,0.3154,68248,1,216374,0.3154,0.0000,0.1583,34245,1,216374,0.1583,0.0000
282.04,0.9901,12682,0,60000,0.2114,0.0000,0.9879,50799,0,60000,0.8467,0.0099,0.3154,68248,1,216374,0.3154,0.0000,0.1583,34245,1,216374,0.1583,0.0000
282.54,0.9901,16778,0,60000,0.2796,0.0000,0.9726,46373,0,60000,0.7729,0.0000,0.2759,59701,1,216374,0.2759,0.0000,0.1583,34245,1,216374,0.1583,0.0000
283.04,0.9901,16778,0,60000,0.2796,0.0000,0.8411,50469,0,60000,0.8411,0.0099,0.2759,59701,1,216374,0.2759,0.0000,0.1583,34245,1,216374,0.1583,0.0000
283.54,0.9947,8508,0,60000,0.1418,0.0099,0.8411,50469,0,60000,0.8411,0.0099,0.2759,59701,1,216374,0.2759,0.0000,0.1583,34245,1,216374,0.1583,0.0000
284.04,0.9886,12604,0,60000,0.2101,0.0000,0.9090,54542,0,60000,0.9090,0.0000,0.2759,59701,1,216374,0.2759,0.0000,0.1583,34245,1,216374,0.1583,0.0000
284.54,0.9886,8233,0,60000,0.1372,0.0000,0.9090,54542,0,60000,0.9090,0.0000,0.2759,59701,1,216374,0.2759,0.0000,0.1578,34150,1,216374,0.1578,0.0000
285.04,0.9886,8233,0,60000,0.1372,0.0000,0.9773,41573,0,60000,0.6929,0.6759,0.2759,59701,1,216374,0.2759,0.0000,0.1578,34150,1,216374,0.1578,0.0000
285.54,0.9897,21189,0,60000,0.3532,0.0000,0.9542,45669,0,60000,0.7611,0.0000,0.2759,59701,1,216374,0.2759,0.0000,0.1578,34150,1,216374,0.1578,0.0000
286.04,0.9897,25285,0,60000,0.4214,0.0000,0.8977,49765,0,60000,0.8294,0.0099,0.3550,76823,1,216374,0.3550,0.0000,0.1578,34150,1,216374,0.1578,0.0000
286.54,0.9897,25285,0,60000,0.4214,0.0000,0.8977,49765,0,60000,0.8294,0.0099,0.3550,76823,1,216374,0.3550,0.0000,0.1578,34150,1,216374,0.1578,0.0000
287.04,0.9897,25285,0,60000,0.4214,0.0000,0.9659,36923,0,60000,0.6154,0.0000,0.3550,76823,1,216374,0.3550,0.0000,0.1578,34150,1,216374,0.1578,0.0000
287.54,0.9897,25285,0,60000,0.4214,0.0000,0.9659,41019,0,60000,0.6836,0.0099,0.3550,76823,1,216374,0.3550,0.0000,0.1578,34150,1,216374,0.1578,0.0000
288.04,0.9897,25285,0,60000,0.4214,0.0000,0.9659,41019,0,60000,0.6836,0.0099,0.3552,76846,2,216374,0.3552,0.0000,0.1578,34150,1,216374,0.1578,0.0000
288.54,0.9896,4137,0,60000,0.0689,0.0000,0.9618,45115,0,60000,0.7519,0.0000,0.3552,76846,2,216374,0.3552,0.0000,0.1972,42668,1,216374,0.1972,0.0000
289.04,0.9896,8233,0,60000,0.1372,0.0000,0.9618,45115,0,60000,0.7519,0.0000,0.3552,76846,2,216374,0.3552,0.0000,0.1972,42668,1,216374,0.1972,0.0000
289.54,0.9896,8233,0,60000,0.1372,0.0000,0.9618,32229,0,60000,0.5372,0.0099,0.3552,76846,2,216374,0.3552,0.0000,0.1972,42668,1,216374,0.1972,0.0000
290.04,0.9896,8233,0,60000,0.1372,0.0000,0.9618,32229,0,60000,0.5372,0.0099,0.3552,76846,2,216374,0.3552,0.0000,0.1972,42668,1,216374,0.1972,0.0000
290.54,0.9881,4137,0,60000,0.0689,0.0000,0.8883,44844,0,60000,0.7474,0.0000,0.3552,76846,2,216374,0.3552,0.0000,0.1972,42668,1,216374,0.1972,0.0000
291.04,0.9881,8233,0,60000,0.1372,0.0000,0.8883,44844,0,60000,0.7474,0.0000,0.3552,76846,2,216374,0.3552,0.0000,0.1972,42668,1,216374,0.1972,0.0000
291.54,0.9881,8233,0,60000,0.1372,0.0000,0.9433,48991,0,60000,0.8165,0.8070,0.3552,76846,2,216374,0.3552,0.0000,0.1972,42668,1,216374,0.1972,0.0000
292.04,0.9881,8233,0,60000,0.1372,0.0000,0.8838,53025,0,60000,0.8838,0.0000,0.3557,76972,1,216374,0.3557,0.0000,0.1976,42750,1,216374,0.1976,0.0000
292.54,0.9881,8233,0,60000,0.1372,0.0000,0.8838,53025,0,60000,0.8838,0.0000,0.3557,76972,1,216374,0.3557,0.0000,0.1976,42750,1,216374,0.1976,0.0000
293.04,0.9881,8233,0,60000,0.1372,0.0000,0.9520,42755,0,60000,0.7126,0.6761,0.3557,76972,1,216374,0.3557,0.0000,0.1976,42750,1,216374,0.1976,0.0000
293.54,0.9831,4137,0,60000,0.0689,0.0000,0.9520,42755,0,60000,0.7126,0.6761,0.3159,68342,1,216374,0.3159,0.0000,0.1976,42750,1,216374,0.1976,0.0000
294.04,0.9151,8233,0,60000,0.1372,0.0000,0.9272,44242,0,60000,0.7374,0.0000,0.3159,68342,1,216374,0.3159,0.0000,0.1976,42750,1,216374,0.1976,0.0000
294.54,0.9151,8233,0,60000,0.1372,0.0000,0.9272,44242,0,60000,0.7374,0.0000,0.3159,68342,1,216374,0.3159,0.0000,0.1976,42750,1,216374,0.1976,0.0000
295.04,0.9879,12603,0,60000,0.2100,0.0000,0.9955,31343,0,60000,0.5224,0.0099,0.3159,68342,1,216374,0.3159,0.0000,0.1976,42750,1,216374,0.1976,0.0000
295.54,0.9879,16699,0,60000,0.2783,0.0099,0.9857,35439,0,60000,0.5907,0.0000,0.3165,68476,1,216374,0.3165,0.0000,0.1976,42750,1,216374,0.1976,0.0000
296.04,0.9879,16699,0,60000,0.2783,0.0099,0.9857,39535,0,60000,0.6589,0.0099,0.3165,68476,1,216374,0.3165,0.0000,0.1976,42750,1,216374,0.1976,0.0000
296.54,0.9879,16699,0,60000,0.2783,0.0099,0.8694,35141,0,60000,0.5857,0.0000,0.3165,68476,1,216374,0.3165,0.0000,0.1976,42750,1,216374,0.1976,0.0000
297.04,0.9826,12329,0,60000,0.2055,0.0000,0.8694,35141,0,60000,0.5857,0.0000,0.3165,68476,1,216374,0.3165,0.0000,0.1976,42750,1,216374,0.1976,0.0000
297.54,0.9826,16425,0,60000,0.2737,0.0099,0.9376,39237,0,60000,0.6540,0.6777,0.3165,68476,1,216374,0.3165,0.0000,0.1976,42750,1,216374,0.1976,0.0000
298.04,0.9894,21276,0,60000,0.3546,0.0000,0.9060,43333,0,60000,0.7222,0.0000,0.2766,59848,1,216374,0.2766,0.0000,0.1976,42750,1,216374,0.1976,0.0000
298.54,0.9894,21276,0,60000,0.3546,0.0000,0.9060,43333,0,60000,0.7222,0.0000,0.2766,59848,1,216374,0.2766,0.0000,0.1976,42750,1,216374,0.1976,0.0000
299.04,0.9894,16815,0,60000,0.2802,0.1627,0.9742,38983,0,60000,0.6497,0.0099,0.2766,59848,1,216374,0.2766,0.0000,0.1976,42750,1,216374,0.1976,0.0000
299.54,0.9833,20911,0,60000,0.3485,0.0000,0.9742,38983,0,60000,0.6497,0.0099,0.2766,59848,1,216374,0.2766,0.0000,0.1976,42750,1,216374,0.1976,0.0000
300.04,0.9833,20911,0,60000,0.3485,0.0000,0.8588,34535,0,60000,0.5756,0.0000,0.3159,68362,1,216374,0.3159,0.0000,0.1976,42750,1,216374,0.1976,0.0000
300.54,0.9833,24909,0,60000,0.4152,0.6761,0.8588,34535,0,60000,0.5756,0.0000,0.3159,68362,1,216374,0.3159,0.0000,0.1976,42750,1,216374,0.1976,0.0000
301.04,0.9833,24909,0,60000,0.4152,0.6761,0.9270,30082,0,60000,0.5014,0.0099,0.3159,68362,1,216374,0.3159,0.0000,0.1976,42750,1,216374,0.1976,0.0000
301.54,0.9352,34894,0,60000,0.5816,0.0000,0.9953,34178,0,60000,0.5696,0.0000,0.3159,68362,1,216374,0.3159,0.0000,0.3549,76791,1,216374,0.3549,0.0000
302.04,0.9291,30502,0,60000,0.5084,0.5932,0.9953,34178,0,60000,0.5696,0.0000,0.3159,68362,1,216374,0.3159,0.0000,0.3549,76791,1,216374,0.3549,0.0000
302.54,0.9291,30502,0,60000,0.5084,0.5932,0.9566,21234,0,60000,0.3539,0.0000,0.1970,42629,1,216374,0.1970,0.0000,0.3549,76791,1,216374,0.3549,0.0000
303.04,0.9973,34598,0,60000,0.5766,0.0000,0.9566,21234,0,60000,0.3539,0.0000,0.1970,42629,1,216374,0.1970,0.0000,0.3549,76791,1,216374,0.3549,0.0000
303.54,0.9973,34598,0,60000,0.5766,0.0000,0.9459,25330,0,60000,0.4222,0.0099,0.1970,42629,1,216374,0.1970,0.0000,0.3549,76791,1,216374,0.3549,0.0000
304.04,0.9851,21719,0,60000,0.3620,0.0101,0.9459,29426,0,60000,0.4904,0.0000,0.1970,42629,1,216374,0.1970,0.0000,0.3549,76791,1,216374,0.3549,0.0000
304.54,0.9229,25815,0,60000,0.4303,0.0000,0.9459,29426,0,60000,0.4904,0.0000,0.1970,42629,1,216374,0.1970,0.0000,0.3549,76791,1,216374,0.3549,0.0000
305.04,0.9912,29911,0,60000,0.4985,0.0000,0.9459,29426,0,60000,0.4904,0.0000,0.1970,42629,1,216374,0.1970,0.0000,0.3549,76791,1,216374,0.3549,0.0000
305.54,0.9912,29911,0,60000,0.4985,0.0000,0.9294,16567,0,60000,0.2761,0.0099,0.1185,25631,1,216374,0.1185,0.0000,0.3549,76801,1,216374,0.3549,0.0000
306.04,0.9736,25429,0,60000,0.4238,0.0099,0.9977,20663,0,60000,0.3444,0.0000,0.1185,25631,1,216374,0.1185,0.0000,0.3549,76801,1,216374,0.3549,0.0000
306.54,0.9736,25429,0,60000,0.4238,0.0099,0.9977,20663,0,60000,0.3444,0.0000,0.1185,25631,1,216374,0.1185,0.0000,0.3549,76801,1,216374,0.3549,0.0000
307.04,0.9176,21089,0,60000,0.3515,0.0000,0.9977,16296,0,60000,0.2716,0.0099,0.1185,25631,1,216374,0.1185,0.0000,0.3944,85332,1,216374,0.3944,0.0000
307.54,0.9859,16713,0,60000,0.2786,0.0000,0.9689,20392,0,60000,0.3399,0.0000,0.1185,25631,1,216374,0.1185,0.0000,0.3944,85332,1,216374,0.3944,0.0000
308.04,0.9859,16713,0,60000,0.2786,0.0000,0.9689,20392,0,60000,0.3399,0.0000,0.1185,25631,1,216374,0.1185,0.0000,0.3944,85332,1,216374,0.3944,0.0000
308.54,0.9859,16713,0,60000,0.2786,0.0000,0.9232,15920,0,60000,0.2653,0.0099,0.1185,25631,1,216374,0.1185,0.0000,0.3944,85332,1,216374,0.3944,0.0000
309.04,0.9805,12567,0,60000,0.2094,0.0000,0.9232,15920,0,60000,0.2653,0.0099,0.1185,25631,1,216374,0.1185,0.0000,0.3939,85239,1,216374,0.3939,0.0000
309.54,0.9805,12567,0,60000,0.2094,0.0000,0.9914,20016,0,60000,0.3336,0.0000,0.1185,25631,1,216374,0.1185,0.0000,0.3939,85239,1,216374,0.3939,0.0000
310.04,0.9799,8233,0,60000,0.1372,0.0000,0.9914,15658,0,60000,0.2610,0.0099,0.1185,25631,1,216374,0.1185,0.0000,0.3939,85239,1,216374,0.3939,0.0000
310.54,0.9799,8233,0,60000,0.1372,0.0000,0.9914,15658,0,60000,0.2610,0.0099,0.1185,25631,1,216374,0.1185,0.0000,0.3939,85239,1,216374,0.3939,0.0000
311.04,0.9850,17018,0,60000,0.2836,0.9958,0.9834,28242,0,60000,0.4707,0.0000,0.1185,25631,1,216374,0.1185,0.0000,0.3939,85239,1,216374,0.3939,0.0000
311.54,0.9850,17018,0,60000,0.2836,0.9958,0.9834,28242,0,60000,0.4707,0.0000,0.1185,25631,1,216374,0.1185,0.0000,0.3939,85239,1,216374,0.3939,0.0000
312.04,0.9856,16987,0,60000,0.2831,0.9978,0.9243,25262,0,60000,0.4210,0.7086,0.1185,25631,1,216374,0.1185,0.0000,0.3939,85239,1,216374,0.3939,0.0000
312.54,0.9859,12586,0,60000,0.2098,0.0000,0.9878,37833,0,60000,0.6306,0.0000,0.1185,25631,1,216374,0.1185,0.0000,0.3939,85239,1,216374,0.3939,0.0000
313.04,0.9859,16682,0,60000,0.2780,0.0000,0.9878,37833,0,60000,0.6306,0.0000,0.1185,25631,1,216374,0.1185,0.0000,0.3939,85239,1,216374,0.3939,0.0000
313.54,0.9859,16682,0,60000,0.2780,0.0000,0.9878,33391,0,60000,0.5565,0.6763,0.1185,25631,1,216374,0.1185,0.0000,0.3545,76696,1,216374,0.3545,0.0000
314.04,0.9859,16682,0,60000,0.2780,0.0000,0.9878,33391,0,60000,0.5565,0.6763,0.1185,25631,1,216374,0.1185,0.0000,0.3545,76696,1,216374,0.3545,0.0000
314.55,0.9859,16682,0,60000,0.2780,0.0000,0.9582,45973,0,60000,0.7662,0.0000,0.1581,34216,1,216374,0.1581,0.0000,0.3545,76696,1,216374,0.3545,0.0000
315.05,0.9859,16682,0,60000,0.2780,0.0000,0.9756,58538,0,60000,0.9756,0.9411,0.1581,34216,1,216374,0.1581,0.0000,0.3545,76696,1,216374,0.3545,0.0000
315.55,0.9859,16682,0,60000,0.2780,0.0000,0.9756,58538,0,60000,0.9756,0.9411,0.1581,34216,1,216374,0.1581,0.0000,0.3545,76696,1,216374,0.3545,0.0000
316.05,0.9859,16682,0,60000,0.2780,0.0000,0.9934,42627,0,60000,0.7105,0.0101,0.1581,34216,1,216374,0.1581,0.0000,0.3155,68259,1,216374,0.3155,0.0000
316.55,0.9859,16682,0,60000,0.2780,0.0000,0.9660,38213,0,60000,0.6369,0.0000,0.1581,34216,1,216374,0.1581,0.0000,0.3155,68259,1,216374,0.3155,0.0000
317.05,0.9859,16682,0,60000,0.2780,0.0000,0.8470,42309,0,60000,0.7052,0.0099,0.1581,34216,1,216374,0.1581,0.0000,0.3155,68259,1,216374,0.3155,0.0000
317.55,0.9859,16682,0,60000,0.2780,0.0000,0.9153,37894,0,60000,0.6316,0.0000,0.1581,34216,1,216374,0.1581,0.0000,0.3155,68259,1,216374,0.3155,0.0000
318.05,0.9166,4137,0,60000,0.0689,0.0000,0.9153,37894,0,60000,0.6316,0.0000,0.1581,34216,1,216374,0.1581,0.0000,0.3155,68259,1,216374,0.3155,0.0000
318.55,0.9849,8233,0,60000,0.1372,0.0000,0.9835,33469,0,60000,0.5578,0.0101,0.1581,34216,1,216374,0.1581,0.0000,0.3155,68259,1,216374,0.3155,0.0000
319.05,0.9898,8528,0,60000,0.1421,0.0099,0.9733,37565,0,60000,0.6261,0.0000,0.1581,34216,1,216374,0.1581,0.0000,0.3155,68259,1,216374,0.3155,0.0000
319.55,0.9758,12624,0,60000,0.2104,0.0000,0.9733,37565,0,60000,0.6261,0.0000,0.1581,34216,1,216374,0.1581,0.0000,0.2761,59734,1,216374,0.2761,0.0000
320.05,0.9226,16720,0,60000,0.2787,0.0099,0.8755,24619,0,60000,0.4103,0.0099,0.2766,59857,1,216374,0.2766,0.0000,0.2761,59734,1,216374,0.2761,0.0000
320.55,0.9226,16720,0,60000,0.2787,0.0099,0.9437,28715,0,60000,0.4786,0.0000,0.2766,59857,1,216374,0.2766,0.0000,0.2761,59734,1,216374,0.2761,0.0000
321.05,0.9909,12329,0,60000,0.2055,0.0000,0.9437,28715,0,60000,0.4786,0.0000,0.2766,59857,1,216374,0.2766,0.0000,0.2761,59734,1,216374,0.2761,0.0000
321.55,0.9909,16425,0,60000,0.2737,0.0099,0.9110,32811,0,60000,0.5468,0.0101,0.2766,59857,1,216374,0.2766,0.0000,0.2761,59734,1,216374,0.2761,0.0000
322.05,0.9759,20521,0,60000,0.3420,0.0000,0.9110,32811,0,60000,0.5468,0.0101,0.2766,59857,1,216374,0.2766,0.0000,0.2371,51302,1,216374,0.2371,0.0000
322.55,0.9759,20521,0,60000,0.3420,0.0000,0.9793,28456,0,60000,0.4743,0.0000,0.2766,59857,1,216374,0.2766,0.0000,0.2371,51302,1,216374,0.2371,0.0000
323.05,0.9759,16058,0,60000,0.2676,0.0099,0.9793,28456,0,60000,0.4743,0.0000,0.2766,59857,1,216374,0.2766,0.0000,0.2371,51302,1,216374,0.2371,0.0000
323.55,0.9759,16058,0,60000,0.2676,0.0099,0.9627,15577,0,60000,0.2596,0.0099,0.3167,68522,1,216374,0.3167,0.0000,0.2371,51302,1,216374,0.2371,0.0000
324.05,0.9758,20154,0,60000,0.3359,0.0000,0.9627,15577,0,60000,0.2596,0.0099,0.3167,68522,1,216374,0.3167,0.0000,0.2371,51302,1,216374,0.2371,0.0000
324.55,0.9758,24279,0,60000,0.4047,0.6766,0.9071,19673,0,60000,0.3279,0.0000,0.3167,68522,1,216374,0.3167,0.0000,0.2371,51302,1,216374,0.2371,0.0000
325.05,0.9758,24279,0,60000,0.4047,0.6766,0.9071,19673,0,60000,0.3279,0.0000,0.3167,68522,1,216374,0.3167,0.0000,0.2371,51302,1,216374,0.2371,0.0000
325.55,0.9663,28375,0,60000,0.4729,0.0000,0.9753,15336,0,60000,0.2556,0.0099,0.3167,68522,1,216374,0.3167,0.0000,0.2371,51302,1,216374,0.2371,0.0000
326.05,0.9663,28375,0,60000,0.4729,0.0000,0.9177,24845,0,60000,0.4141,0.0000,0.3167,68522,1,216374,0.3167,0.0000,0.1980,42839,1,216374,0.1980,0.0000
326.55,0.9663,23926,0,60000,0.3988,0.0000,0.9177,24845,0,60000,0.4141,0.0000,0.3167,68522,1,216374,0.3167,0.0000,0.1980,42839,1,216374,0.1980,0.0000
327.05,0.9663,23926,0,60000,0.3988,0.0000,0.9860,20443,0,60000,0.3407,0.5711,0.2769,59906,1,216374,0.2769,0.0000,0.1980,42839,1,216374,0.1980,0.0000
327.55,0.9890,12622,0,60000,0.2104,0.0000,0.9220,35340,0,60000,0.5890,0.7266,0.2769,59906,1,216374,0.2769,0.0000,0.1980,42839,1,216374,0.1980,0.0000
328.05,0.9890,16718,0,60000,0.2786,0.0000,0.9220,35340,0,60000,0.5890,0.7266,0.2769,59906,1,216374,0.2769,0.0000,0.1980,42839,1,216374,0.1980,0.0000
328.55,0.9890,16718,0,60000,0.2786,0.0000,0.9379,35712,0,60000,0.5952,0.5421,0.2769,59906,1,216374,0.2769,0.0000,0.1980,42839,1,216374,0.1980,0.0000
329.05,0.9890,16718,0,60000,0.2786,0.0000,0.9379,35712,0,60000,0.5952,0.5421,0.1977,42780,2,216374,0.1977,0.0000,0.1980,42839,1,216374,0.1980,0.0000
329.55,0.9875,12604,0,60000,0.2101,0.0000,0.9464,56783,0,60000,0.9464,0.8518,0.1977,42780,2,216374,0.1977,0.0000,0.1980,42839,1,216374,0.1980,0.0000
330.05,0.9875,16700,0,60000,0.2783,0.0000,0.9464,56783,0,60000,0.9464,0.8518,0.1977,42780,2,216374,0.1977,0.0000,0.1980,42839,1,216374,0.1980,0.0000
330.55,0.9875,16700,0,60000,0.2783,0.0000,0.9943,59658,0,60000,0.9943,0.9960,0.1977,42780,2,216374,0.1977,0.0000,0.1980,42839,1,216374,0.1980,0.0000
331.05,0.9827,12671,0,60000,0.2112,0.0000,0.9943,59658,0,60000,0.9943,0.9960,0.1977,42780,2,216374,0.1977,0.0000,0.1586,34308,1,216374,0.1586,0.0000
331.55,0.9723,25290,0,60000,0.4215,0.9542,0.9943,59658,0,60000,0.9943,0.9960,0.1977,42780,2,216374,0.1977,0.0000,0.1586,34308,1,216374,0.1586,0.0000
332.05,0.9723,25290,0,60000,0.4215,0.9542,0.9211,46779,0,60000,0.7796,0.0000,0.1977,42780,2,216374,0.1977,0.0000,0.1586,34308,1,216374,0.1586,0.0000
332.55,0.9723,25290,0,60000,0.4215,0.9542,0.9893,50875,0,60000,0.8479,0.0000,0.1982,42892,1,216374,0.1982,0.0000,0.1586,34308,1,216374,0.1586,0.0000
333.05,0.9723,25290,0,60000,0.4215,0.9542,0.9893,50875,0,60000,0.8479,0.0000,0.1982,42892,1,216374,0.1982,0.0000,0.1586,34308,1,216374,0.1586,0.0000
333.55,0.9723,25290,0,60000,0.4215,0.9542,0.9948,42659,0,60000,0.7110,0.0099,0.1982,42892,1,216374,0.1982,0.0000,0.1586,34308,1,216374,0.1586,0.0000
334.05,0.9723,25290,0,60000,0.4215,0.9542,0.9217,38198,0,60000,0.6366,0.0000,0.1982,42892,1,216374,0.1982,0.0000,0.1586,34308,1,216374,0.1586,0.0000
334.55,0.9792,4137,0,60000,0.0689,0.0000,0.9899,33802,0,60000,0.5634,0.0099,0.1980,42852,2,216374,0.1980,0.0000,0.1586,34308,1,216374,0.1586,0.0000
335.05,0.9792,4137,0,60000,0.0689,0.0000,0.9549,29356,0,60000,0.4893,0.0000,0.1980,42852,2,216374,0.1980,0.0000,0.1586,34308,1,216374,0.1586,0.0000
335.55,0.9675,16767,0,60000,0.2794,0.9594,0.9549,29356,0,60000,0.4893,0.0000,0.1980,42852,2,216374,0.1980,0.0000,0.1586,34308,1,216374,0.1586,0.0000
336.05,0.9675,16767,0,60000,0.2794,0.9594,0.9358,33452,0,60000,0.5575,0.0000,0.1980,42852,2,216374,0.1980,0.0000,0.0395,8554,1,216374,0.0395,0.0000
336.55,0.9675,16767,0,60000,0.2794,0.9594,0.9358,33452,0,60000,0.5575,0.0000,0.1980,42852,2,216374,0.1980,0.0000,0.0395,8554,1,216374,0.0395,0.0000
337.05,0.9675,16767,0,60000,0.2794,0.9594,0.9358,33452,0,60000,0.5575,0.0000,0.1980,42852,2,216374,0.1980,0.0000,0.0395,8554,1,216374,0.0395,0.0000
337.55,0.9675,16767,0,60000,0.2794,0.9594,0.9358,33452,0,60000,0.5575,0.0000,0.0796,17220,1,216374,0.0796,0.0000,0.0395,8554,1,216374,0.0395,0.0000
338.05,0.9675,16767,0,60000,0.2794,0.9594,0.9477,25670,0,60000,0.4278,0.9959,0.0796,17220,1,216374,0.0796,0.0000,0.0395,8554,1,216374,0.0395,0.0000
338.55,0.9675,16767,0,60000,0.2794,0.9594,0.9477,25670,0,60000,0.4278,0.9959,0.0796,17220,1,216374,0.0796,0.0000,0.0395,8554,1,216374,0.0395,0.0000
339.05,0.9675,16767,0,60000,0.2794,0.9594,0.9477,25670,0,60000,0.4278,0.9959,0.0796,17220,1,216374,0.0796,0.0000,0.0395,8554,1,216374,0.0395,0.0000
339.55,0.9736,4137,0,60000,0.0689,0.0000,0.9483,17139,0,60000,0.2857,0.9959,0.0796,17220,1,216374,0.0796,0.0000,0.0395,8554,1,216374,0.0395,0.0000
340.05,0.9623,8233,0,60000,0.1372,0.0000,0.9483,17139,0,60000,0.2857,0.9959,0.0796,17217,1,216374,0.0796,0.0000,0.0395,8554,1,216374,0.0395,0.0000
340.55,0.9623,8233,0,60000,0.1372,0.0000,0.9483,17139,0,60000,0.2857,0.9959,0.0796,17217,1,216374,0.0796,0.0000,0.0395,8554,1,216374,0.0395,0.0000
341.05,0.9681,17049,0,60000,0.2842,0.9935,0.9483,17139,0,60000,0.2857,0.9959,0.0796,17217,1,216374,0.0796,0.0000,0.0395,8554,1,216374,0.0395,0.0000
341.55,0.9681,17049,0,60000,0.2842,0.9935,0.9483,17139,0,60000,0.2857,0.9959,0.0796,17217,1,216374,0.0796,0.0000,0.0395,8554,1,216374,0.0395,0.0000
342.05,0.9681,17049,0,60000,0.2842,0.9935,0.9483,17139,0,60000,0.2857,0.9959,0.0796,17217,1,216374,0.0796,0.0000,0.0395,8554,1,216374,0.0395,0.0000
342.55,0.9690,41,0,60000,0.0007,0.0099,0.9483,17139,0,60000,0.2857,0.9959,0.0796,17217,1,216374,0.0796,0.0000,0.0396,8579,1,216374,0.0396,0.0000
343.05,0.9690,4137,0,60000,0.0689,0.0000,0.9483,17139,0,60000,0.2857,0.9959,0.0796,17217,1,216374,0.0796,0.0000,0.0396,8579,1,216374,0.0396,0.0000
343.55,0.9173,8233,0,60000,0.1372,0.0000,0.9483,17139,0,60000,0.2857,0.9959,0.0796,17217,1,216374,0.0796,0.0000,0.0396,8579,1,216374,0.0396,0.0000
344.05,0.9173,8233,0,60000,0.1372,0.0000,0.9483,17139,0,60000,0.2857,0.9959,0.0796,17217,1,216374,0.0796,0.0000,0.0396,8579,1,216374,0.0396,0.0000
