elapsed_s,gpu_hbm_mb,gpu0_hbm_mb,gpu1_hbm_mb,gpu2_hbm_mb,gpu3_hbm_mb,proc_rss_mb,proc_anon_mb,proc_pss_mb,proc_pss_anon_mb,proc_locked_mb,file_cache_mb,hicache_dir_mb,anonpages_mb,reclaimable_mb,nonreclaimable_mb,mem_used_mb,mem_avail_mb,mem_total_mb,rss_plus_cache_mb,n_pids
0.0,142788.0,29164.0,42364.0,28898.0,42362.0,67872.4,56044.4,15132.6,13131.3,0.0,23450.2,0.0,16244.3,25020.4,18799.6,45231.9,106931.6,128652.3,91322.6,148
1.1,142788.0,29164.0,42364.0,28898.0,42362.0,67872.7,56044.7,15132.9,13131.7,0.0,23450.2,0.0,17026.3,25020.4,19581.6,46013.9,106149.6,128652.3,91323.0,148
2.1,143118.0,29474.0,42364.0,28918.0,42362.0,67872.9,56044.9,15133.1,13131.9,0.0,23450.2,0.0,17604.4,25020.4,20161.6,46594.0,105569.5,128652.3,91323.1,148
3.1,143120.0,29474.0,42364.0,28920.0,42362.0,68019.4,56085.8,15277.8,13172.7,0.0,23450.4,0.0,16806.2,25020.2,19477.1,45909.2,106254.1,128652.3,91469.7,148
4.1,143120.0,29474.0,42364.0,28920.0,42362.0,68020.8,56086.6,15279.1,13173.5,0.0,23450.4,0.0,16809.0,25020.2,19481.7,45913.9,106249.4,128652.3,91471.2,148
5.1,143120.0,29474.0,42364.0,28920.0,42362.0,68021.4,56087.1,15279.7,13174.0,0.0,23450.7,0.0,16809.6,25020.5,19483.6,45916.1,106247.5,128652.3,91472.1,148
6.2,143120.0,29474.0,42364.0,28920.0,42362.0,68021.7,56087.4,15280.1,13174.4,0.0,23450.7,0.0,16809.9,25020.5,19486.3,45918.7,106244.8,128652.3,91472.4,148
7.2,143122.0,29474.0,42364.0,28920.0,42364.0,68029.7,56094.3,15286.9,13181.3,0.0,23450.7,0.0,16816.5,25020.5,19494.2,45926.6,106236.9,128652.3,91480.4,148
8.3,143122.0,29474.0,42364.0,28920.0,42364.0,68035.2,56095.8,15292.3,13182.7,0.0,23450.7,0.0,16818.6,25020.3,19501.3,45933.6,106229.8,128652.3,91485.9,148
9.3,143122.0,29474.0,42364.0,28920.0,42364.0,68035.4,56096.0,15292.5,13182.9,0.0,23450.7,0.0,16818.9,25020.3,19501.7,45934.0,106229.4,128652.3,91486.1,148
10.4,143086.0,29436.0,42364.0,28920.0,42366.0,68100.4,56096.9,15357.5,13183.8,0.0,23450.7,0.0,16819.2,25020.3,19504.3,45936.6,106226.9,128652.3,91551.1,148
11.4,143088.0,29436.0,42366.0,28920.0,42366.0,68105.3,56097.8,15362.3,13184.7,0.0,23450.7,0.0,16820.3,25020.2,19578.1,46010.3,106153.0,128652.3,91556.0,148
12.4,143108.0,29436.0,42366.0,28940.0,42366.0,68110.1,56098.3,15366.9,13185.3,0.0,23450.7,0.0,16821.4,25020.2,19582.6,46014.8,106148.5,128652.3,91560.8,148
13.4,143148.0,29476.0,42366.0,28940.0,42366.0,68110.2,56098.5,15367.0,13185.4,0.0,23450.7,0.0,16821.5,25020.2,19583.0,46015.1,106148.1,128652.3,91561.0,148
14.5,143150.0,29478.0,42366.0,28940.0,42366.0,68110.4,56098.6,15367.2,13185.6,0.0,23450.7,0.0,16818.6,25020.2,19584.3,46016.4,106146.8,128652.3,91561.2,148
15.5,143152.0,29478.0,42366.0,28942.0,42366.0,68112.5,56100.7,15369.3,13187.6,0.0,23450.7,0.0,16822.8,25020.4,19595.4,46027.7,106135.7,128652.3,91563.3,148
16.5,143152.0,29478.0,42366.0,28942.0,42366.0,68113.4,56101.5,15370.1,13188.5,0.0,23450.8,0.0,16824.4,25020.4,19594.2,46026.6,106136.9,128652.3,91564.1,148
17.6,143152.0,29478.0,42366.0,28942.0,42366.0,68113.5,56101.6,15370.2,13188.6,0.0,23450.8,0.0,16823.9,25019.7,19596.9,46028.6,106134.2,128652.3,91564.2,148
18.6,143154.0,29478.0,42366.0,28944.0,42366.0,68114.5,56102.5,15371.1,13189.5,0.0,23450.8,0.0,16824.9,25019.8,19600.1,46031.8,106131.0,128652.3,91565.3,148
19.6,143194.0,29478.0,42386.0,28944.0,42386.0,68114.7,56102.6,15371.2,13189.6,0.0,23450.8,0.0,16823.3,25019.8,19603.5,46035.2,106127.6,128652.3,91565.4,148
20.6,143194.0,29478.0,42386.0,28944.0,42386.0,68114.8,56102.8,15371.4,13189.7,0.0,23450.9,0.0,16823.6,25019.9,19608.6,46040.5,106122.5,128652.3,91565.7,148
21.7,143194.0,29478.0,42386.0,28944.0,42386.0,68116.2,56104.2,15372.8,13191.1,0.0,23450.9,0.0,16824.6,25019.9,19613.3,46045.1,106117.8,128652.3,91567.1,148
22.7,143194.0,29478.0,42386.0,28944.0,42386.0,68116.3,56104.2,15372.9,13191.2,0.0,23450.9,0.0,16825.1,25019.9,19613.5,46045.3,106117.6,128652.3,91567.2,148
23.7,143194.0,29478.0,42386.0,28944.0,42386.0,68116.5,56104.4,15373.0,13191.3,0.0,23450.9,0.0,16825.3,25019.7,19606.8,46038.5,106124.3,128652.3,91567.4,148
24.7,143194.0,29478.0,42386.0,28944.0,42386.0,68116.6,56104.5,15373.2,13191.5,0.0,23451.0,0.0,16825.4,25019.8,19607.4,46039.2,106123.7,128652.3,91567.6,148
25.8,143194.0,29478.0,42386.0,28944.0,42386.0,68116.8,56104.7,15373.4,13191.7,0.0,23451.0,0.0,16825.8,25019.8,19610.7,46042.4,106120.4,128652.3,91567.8,148
26.8,143214.0,29478.0,42406.0,28944.0,42386.0,68116.9,56104.9,15373.5,13191.8,0.0,23451.1,0.0,16826.1,25019.9,19611.7,46043.5,106119.4,128652.3,91568.0,148
27.8,143234.0,29478.0,42406.0,28944.0,42406.0,68117.0,56104.9,15373.6,13191.9,0.0,23451.1,0.0,16826.1,25019.9,19612.2,46044.1,106118.9,128652.3,91568.1,148
28.8,143234.0,29478.0,42406.0,28944.0,42406.0,68117.0,56105.0,15373.6,13191.9,0.0,23451.1,0.0,16826.1,25019.9,19612.8,46044.6,106118.3,128652.3,91568.1,148
29.8,143234.0,29478.0,42406.0,28944.0,42406.0,68117.1,56105.0,15373.6,13191.9,0.0,23451.1,0.0,16826.1,25019.9,19613.7,46045.6,106117.4,128652.3,91568.1,148
30.8,143234.0,29478.0,42406.0,28944.0,42406.0,68120.6,56108.6,15377.2,13195.5,0.0,23451.2,0.0,16826.3,25019.8,19612.7,46044.4,106118.4,128652.3,91571.8,148
31.9,143238.0,29482.0,42406.0,28944.0,42406.0,68121.0,56108.9,15377.6,13195.9,0.0,23451.2,0.0,16830.1,25019.9,19620.0,46051.9,106111.1,128652.3,91572.2,148
32.9,143238.0,29482.0,42406.0,28944.0,42406.0,68124.8,56112.8,15381.4,13199.7,0.0,23451.2,0.0,16833.7,25019.7,19624.8,46056.5,106106.3,128652.3,91576.1,148
33.9,143238.0,29482.0,42406.0,28944.0,42406.0,68128.4,56116.2,15384.9,13203.2,0.0,23451.2,0.0,16837.6,25019.8,19626.6,46058.4,106104.5,128652.3,91579.6,148
34.9,143238.0,29482.0,42406.0,28944.0,42406.0,68128.7,56116.6,15385.2,13203.5,0.0,23451.2,0.0,16852.9,25019.6,19639.1,46070.6,106092.0,128652.3,91580.0,148
36.0,143238.0,29482.0,42406.0,28944.0,42406.0,68129.2,56117.0,15385.6,13204.0,0.0,23451.2,0.0,16841.8,25019.9,19629.9,46061.8,106101.2,128652.3,91580.4,148
37.0,143238.0,29482.0,42406.0,28944.0,42406.0,68129.2,56117.1,15385.7,13204.0,0.0,23451.5,0.0,16842.3,25020.1,19630.4,46062.5,106100.7,128652.3,91580.7,148
38.0,143238.0,29482.0,42406.0,28944.0,42406.0,68129.2,56117.1,15385.7,13204.0,0.0,23451.5,0.0,16841.9,25020.1,19630.7,46062.8,106100.4,128652.3,91580.7,148
39.0,143238.0,29482.0,42406.0,28944.0,42406.0,68129.3,56117.2,15385.8,13204.1,0.0,23451.5,0.0,16841.9,25020.2,19631.1,46063.2,106100.0,128652.3,91580.8,148
40.1,143238.0,29482.0,42406.0,28944.0,42406.0,68129.5,56117.4,15386.0,13204.3,0.0,23451.5,0.0,16840.5,25019.9,19632.9,46064.7,106098.2,128652.3,91581.0,148
41.1,143238.0,29482.0,42406.0,28944.0,42406.0,68129.6,56117.4,15386.0,13204.3,0.0,23451.5,0.0,16840.6,25019.9,19633.4,46065.3,106097.7,128652.3,91581.1,148
42.2,143238.0,29482.0,42406.0,28944.0,42406.0,68129.6,56117.5,15386.1,13204.4,0.0,23451.5,0.0,16840.5,25019.9,19630.8,46062.7,106100.3,128652.3,91581.1,148
43.2,143238.0,29482.0,42406.0,28944.0,42406.0,68129.8,56117.6,15386.3,13204.6,0.0,23451.5,0.0,16840.8,25019.8,19633.9,46065.7,106097.2,128652.3,91581.3,148
44.3,143238.0,29482.0,42406.0,28944.0,42406.0,68130.0,56117.8,15386.4,13204.8,0.0,23451.5,0.0,16841.2,25019.8,19631.3,46063.1,106099.8,128652.3,91581.5,148
45.3,143238.0,29482.0,42406.0,28944.0,42406.0,68130.0,56117.8,15386.4,13204.8,0.0,23451.5,0.0,16841.1,25019.6,19633.8,46065.4,106097.3,128652.3,91581.5,148
46.4,143238.0,29482.0,42406.0,28944.0,42406.0,68133.9,56121.8,15390.4,13208.7,0.0,23451.5,0.0,16841.1,25019.6,19635.7,46067.3,106095.4,128652.3,91585.5,148
47.4,143238.0,29482.0,42406.0,28944.0,42406.0,68138.3,56126.1,15394.8,13213.1,0.0,23451.6,0.0,16849.3,25019.6,19645.3,46076.9,106085.8,128652.3,91589.9,148
48.4,143238.0,29482.0,42406.0,28944.0,42406.0,68138.4,56126.2,15394.9,13213.2,0.0,23451.7,0.0,16850.0,25019.4,19641.1,46072.6,106090.0,128652.3,91590.1,148
49.5,143238.0,29482.0,42406.0,28944.0,42406.0,68138.5,56126.4,15395.0,13213.3,0.0,23451.8,0.0,16849.7,25019.5,19640.9,46072.4,106090.2,128652.3,91590.3,148
50.5,143238.0,29482.0,42406.0,28944.0,42406.0,68138.6,56126.5,15395.1,13213.4,0.0,23451.8,0.0,16850.0,25019.6,19642.9,46074.5,106088.1,128652.3,91590.5,148
51.6,143238.0,29482.0,42406.0,28944.0,42406.0,68138.7,56126.5,15395.1,13213.5,0.0,23451.8,0.0,16850.0,25019.6,19639.9,46071.5,106091.2,128652.3,91590.5,148
52.6,143238.0,29482.0,42406.0,28944.0,42406.0,68138.7,56126.6,15395.2,13213.5,0.0,23451.8,0.0,16850.0,25019.6,19638.0,46069.6,106093.1,128652.3,91590.6,148
53.6,143238.0,29482.0,42406.0,28944.0,42406.0,68138.9,56126.7,15395.4,13213.7,0.0,23451.8,0.0,16850.0,25019.6,19637.8,46069.4,106093.3,128652.3,91590.7,148
54.6,143238.0,29482.0,42406.0,28944.0,42406.0,68139.1,56127.0,15395.6,13213.9,0.0,23451.8,0.0,16850.9,25019.6,19639.4,46071.1,106091.7,128652.3,91591.0,148
55.7,143238.0,29482.0,42406.0,28944.0,42406.0,68139.4,56127.3,15395.9,13214.2,0.0,23451.8,0.0,16850.8,25019.6,19639.0,46070.6,106092.1,128652.3,91591.2,148
56.7,143238.0,29482.0,42406.0,28944.0,42406.0,68143.3,56131.1,15399.7,13218.1,0.0,23451.8,0.0,16854.7,25019.6,19644.4,46076.1,106086.6,128652.3,91595.1,148
57.7,143238.0,29482.0,42406.0,28944.0,42406.0,68143.3,56131.2,15399.8,13218.1,0.0,23451.8,0.0,16854.7,25019.6,19646.9,46078.5,106084.1,128652.3,91595.2,148
58.7,143238.0,29482.0,42406.0,28944.0,42406.0,68143.4,56131.2,15399.8,13218.2,0.0,23451.8,0.0,16855.4,25019.5,19647.3,46078.8,106083.8,128652.3,91595.2,148
59.7,143238.0,29482.0,42406.0,28944.0,42406.0,68143.4,56131.2,15399.8,13218.2,0.0,23452.0,0.0,16855.4,25019.6,19645.8,46077.5,106085.2,128652.3,91595.3,148
60.8,143238.0,29482.0,42406.0,28944.0,42406.0,68147.5,56135.4,15404.0,13222.3,0.0,23452.0,0.0,16855.4,25019.7,19645.4,46077.1,106085.7,128652.3,91599.5,148
61.8,143238.0,29482.0,42406.0,28944.0,42406.0,68147.9,56135.7,15404.3,13222.6,0.0,23452.1,0.0,16859.7,25020.1,19652.5,46084.7,106078.6,128652.3,91600.0,148
62.8,143238.0,29482.0,42406.0,28944.0,42406.0,68147.9,56135.7,15404.3,13222.6,0.0,23452.1,0.0,16859.9,25020.1,19652.9,46085.0,106078.2,128652.3,91600.0,148
63.8,143238.0,29482.0,42406.0,28944.0,42406.0,68147.9,56135.7,15404.3,13222.7,0.0,23452.1,0.0,16859.9,25020.1,19653.4,46085.5,106077.7,128652.3,91600.0,148
64.9,143238.0,29482.0,42406.0,28944.0,42406.0,68147.9,56135.8,15404.4,13222.7,0.0,23452.2,0.0,16858.7,25020.6,19650.3,46082.9,106080.8,128652.3,91600.1,148
65.9,143238.0,29482.0,42406.0,28944.0,42406.0,68148.0,56135.9,15404.5,13222.8,0.0,23452.3,0.0,16872.0,25020.9,19668.1,46101.0,106063.0,128652.3,91600.3,148
66.9,143238.0,29482.0,42406.0,28944.0,42406.0,68148.1,56136.0,15404.6,13222.9,0.0,23452.3,0.0,16860.2,25020.9,19657.1,46090.0,106074.0,128652.3,91600.4,148
68.0,143238.0,29482.0,42406.0,28944.0,42406.0,68148.2,56136.1,15404.7,13223.0,0.0,23452.3,0.0,16863.8,25020.8,19659.9,46092.7,106071.2,128652.3,91600.6,148
69.0,143238.0,29482.0,42406.0,28944.0,42406.0,68148.6,56136.5,15405.1,13223.4,0.0,23452.3,0.0,16860.6,25021.4,19655.1,46088.5,106076.0,128652.3,91600.9,148
70.0,143238.0,29482.0,42406.0,28944.0,42406.0,68148.7,56136.5,15405.1,13223.5,0.0,23452.3,0.0,16860.9,25021.4,19655.1,46088.6,106075.9,128652.3,91601.0,148
71.0,143238.0,29482.0,42406.0,28944.0,42406.0,68148.7,56136.5,15405.2,13223.5,0.0,23452.4,0.0,16860.9,25021.6,19655.5,46089.1,106075.5,128652.3,91601.1,148
72.1,143238.0,29482.0,42406.0,28944.0,42406.0,68156.1,56143.9,15412.6,13230.9,0.0,23452.4,0.0,16867.1,25021.7,19672.2,46105.9,106058.9,128652.3,91608.5,148
73.1,143238.0,29482.0,42406.0,28944.0,42406.0,68156.1,56144.0,15412.6,13230.9,0.0,23452.4,0.0,16868.5,25021.1,19674.2,46107.3,106056.9,128652.3,91608.6,148
74.2,143238.0,29482.0,42406.0,28944.0,42406.0,68156.2,56144.0,15412.6,13231.0,0.0,23452.5,0.0,16869.0,25021.1,19673.5,46106.6,106057.6,128652.3,91608.6,148
75.3,143238.0,29482.0,42406.0,28944.0,42406.0,68156.3,56144.2,15412.8,13231.1,0.0,23452.5,0.0,16868.5,25021.1,19672.2,46105.4,106058.8,128652.3,91608.8,148
76.3,143238.0,29482.0,42406.0,28944.0,42406.0,68159.8,56147.7,15416.3,13234.6,0.0,23452.5,0.0,16871.6,25020.9,19876.9,46309.8,105854.2,128652.3,91612.3,148
77.4,143238.0,29482.0,42406.0,28944.0,42406.0,68159.8,56147.7,15416.3,13234.6,0.0,23452.5,0.0,16872.4,25021.0,19681.1,46114.1,106049.9,128652.3,91612.3,148
78.4,143238.0,29482.0,42406.0,28944.0,42406.0,68159.8,56147.7,15416.3,13234.6,0.0,23452.5,0.0,16872.7,25021.0,19682.6,46115.6,106048.4,128652.3,91612.3,148
79.5,143238.0,29482.0,42406.0,28944.0,42406.0,68165.4,56153.3,15421.9,13240.2,0.0,23452.5,0.0,16877.2,25021.4,19686.4,46119.9,106044.6,128652.3,91617.9,148
80.5,143238.0,29482.0,42406.0,28944.0,42406.0,68165.9,56153.7,15422.4,13240.7,0.0,23452.5,0.0,16878.2,25021.3,19687.6,46120.9,106043.5,128652.3,91618.4,148
81.6,143238.0,29482.0,42406.0,28944.0,42406.0,68166.2,56154.0,15422.6,13241.0,0.0,23452.5,0.0,16878.5,25021.3,19687.3,46120.6,106043.8,128652.3,91618.7,148
82.6,143238.0,29482.0,42406.0,28944.0,42406.0,68166.2,56154.1,15422.7,13241.0,0.0,23452.5,0.0,16878.7,25021.3,19685.5,46118.8,106045.6,128652.3,91618.8,148
83.7,143238.0,29482.0,42406.0,28944.0,42406.0,68166.3,56154.1,15422.8,13241.1,0.0,23452.5,0.0,16878.7,25021.3,19685.6,46118.9,106045.4,128652.3,91618.8,148
84.8,143238.0,29482.0,42406.0,28944.0,42406.0,68166.3,56154.2,15422.8,13241.1,0.0,23452.5,0.0,16878.1,25021.4,19686.7,46120.1,106044.3,128652.3,91618.8,148
85.9,143262.0,29506.0,42406.0,28944.0,42406.0,68166.8,56154.7,15423.3,13241.6,0.0,23452.6,0.0,16878.2,25021.6,19690.7,46124.4,106040.3,128652.3,91619.4,148
86.9,143262.0,29506.0,42406.0,28944.0,42406.0,68167.0,56154.8,15423.5,13241.8,0.0,23452.6,0.0,16879.1,25022.0,19691.0,46125.1,106040.0,128652.3,91619.6,148
87.9,143262.0,29506.0,42406.0,28944.0,42406.0,68167.1,56154.9,15423.6,13241.9,0.0,23452.6,0.0,16879.0,25022.0,19688.6,46122.7,106042.5,128652.3,91619.7,148
88.9,143262.0,29506.0,42406.0,28944.0,42406.0,68167.1,56155.0,15423.6,13241.9,0.0,23452.6,0.0,16879.1,25022.0,19690.6,46124.7,106040.4,128652.3,91619.8,148
90.0,143262.0,29506.0,42406.0,28944.0,42406.0,68189.0,56175.5,15445.5,13262.4,0.0,23452.6,0.0,16899.0,25021.9,19710.2,46144.2,106020.8,128652.3,91641.6,148
91.0,143262.0,29506.0,42406.0,28944.0,42406.0,68189.0,56175.6,15445.5,13262.5,0.0,23452.7,0.0,16899.6,25021.7,19710.4,46144.1,106020.6,128652.3,91641.7,148
92.0,143262.0,29506.0,42406.0,28944.0,42406.0,68189.0,56175.6,15445.5,13262.5,0.0,23452.7,0.0,16899.8,25021.7,19710.4,46144.2,106020.6,128652.3,91641.8,148
93.0,143262.0,29506.0,42406.0,28944.0,42406.0,68189.1,56175.6,15445.5,13262.5,0.0,23452.7,0.0,16899.7,25021.7,19709.5,46143.3,106021.5,128652.3,91641.8,148
94.0,143262.0,29506.0,42406.0,28944.0,42406.0,68189.1,56175.6,15445.5,13262.5,0.0,23452.7,0.0,16899.7,25021.7,19710.1,46143.8,106020.9,128652.3,91641.8,148
95.0,143262.0,29506.0,42406.0,28944.0,42406.0,68189.3,56175.8,15445.7,13262.7,0.0,23452.7,0.0,16899.7,25021.7,19709.6,46143.4,106021.4,128652.3,91642.0,148
96.0,143262.0,29506.0,42406.0,28944.0,42406.0,68189.3,56175.8,15445.8,13262.7,0.0,23452.7,0.0,16896.7,25021.7,19710.8,46144.6,106020.2,128652.3,91642.0,148
97.0,143264.0,29506.0,42408.0,28944.0,42406.0,68189.6,56176.1,15446.1,13263.1,0.0,23452.8,0.0,16896.9,25021.6,19716.1,46149.7,106015.0,128652.3,91642.4,148
98.1,143264.0,29506.0,42408.0,28944.0,42406.0,68189.7,56176.2,15446.2,13263.2,0.0,23452.8,0.0,16897.2,25021.3,19713.1,46146.5,106017.9,128652.3,91642.5,148
99.2,143264.0,29506.0,42408.0,28944.0,42406.0,68189.8,56176.3,15446.3,13263.2,0.0,23452.8,0.0,16897.3,25021.3,19708.8,46142.1,106022.2,128652.3,91642.5,148
100.2,143264.0,29506.0,42408.0,28944.0,42406.0,68189.8,56176.3,15446.3,13263.2,0.0,23452.8,0.0,16897.4,25021.2,19710.5,46143.7,106020.6,128652.3,91642.5,148
101.3,143264.0,29506.0,42408.0,28944.0,42406.0,68192.7,56179.2,15449.2,13266.1,0.0,23452.8,0.0,16900.4,25021.1,19713.3,46146.4,106017.7,128652.3,91645.5,148
102.3,143264.0,29506.0,42408.0,28944.0,42406.0,68192.7,56179.2,15449.2,13266.1,0.0,23452.8,0.0,16900.3,25021.1,19710.9,46144.1,106020.1,128652.3,91645.5,148
103.3,143264.0,29506.0,42408.0,28944.0,42406.0,68192.7,56179.2,15449.2,13266.1,0.0,23452.8,0.0,16900.4,25021.1,19711.2,46144.4,106019.8,128652.3,91645.5,148
104.4,143264.0,29506.0,42408.0,28944.0,42406.0,68192.7,56179.2,15449.2,13266.2,0.0,23452.8,0.0,16900.5,25020.9,19705.8,46138.7,106025.2,128652.3,91645.5,148
105.4,143266.0,29506.0,42408.0,28944.0,42408.0,68192.7,56179.2,15449.2,13266.2,0.0,23452.8,0.0,16901.8,25020.8,19710.1,46142.9,106021.0,128652.3,91645.5,148
106.4,143266.0,29506.0,42408.0,28944.0,42408.0,68192.7,56179.2,15449.2,13266.2,0.0,23452.8,0.0,16903.2,25020.7,19712.9,46145.6,106018.1,128652.3,91645.5,148
107.4,143266.0,29506.0,42408.0,28944.0,42408.0,68192.9,56179.5,15449.4,13266.4,0.0,23452.9,0.0,16903.2,25020.8,19713.6,46146.4,106017.4,128652.3,91645.9,148
108.5,143266.0,29506.0,42408.0,28944.0,42408.0,68192.9,56179.5,15449.4,13266.4,0.0,23452.9,0.0,16903.0,25021.1,19714.7,46147.8,106016.3,128652.3,91645.9,148
109.6,143266.0,29506.0,42408.0,28944.0,42408.0,68193.0,56179.5,15449.5,13266.4,0.0,23453.1,0.0,16900.0,25021.0,19711.9,46145.0,106019.1,128652.3,91646.1,148
110.6,143266.0,29506.0,42408.0,28944.0,42408.0,68193.0,56179.5,15449.5,13266.4,0.0,23453.1,0.0,16900.5,25021.0,19719.5,46152.6,106011.5,128652.3,91646.1,148
111.6,143266.0,29506.0,42408.0,28944.0,42408.0,68193.0,56179.5,15449.5,13266.4,0.0,23453.1,0.0,16900.0,25021.1,19720.9,46154.1,106010.1,128652.3,91646.1,148
112.7,143266.0,29506.0,42408.0,28944.0,42408.0,68193.0,56179.5,15449.5,13266.4,0.0,23453.1,0.0,16900.5,25021.3,19720.1,46153.5,106010.9,128652.3,91646.1,148
113.7,143266.0,29506.0,42408.0,28944.0,42408.0,68193.0,56179.5,15449.5,13266.4,0.0,23453.1,0.0,16901.5,25021.3,19717.0,46150.4,106014.0,128652.3,91646.1,148
114.7,143266.0,29506.0,42408.0,28944.0,42408.0,68193.0,56179.5,15449.5,13266.4,0.0,23453.1,0.0,16902.2,25021.3,19719.0,46152.4,106012.0,128652.3,91646.1,148
115.7,143266.0,29506.0,42408.0,28944.0,42408.0,68193.0,56179.5,15449.5,13266.5,0.0,23453.1,0.0,16917.6,25021.2,19738.2,46171.5,105992.8,128652.3,91646.1,148
116.7,143266.0,29506.0,42408.0,28944.0,42408.0,68193.1,56179.6,15449.5,13266.5,0.0,23453.1,0.0,16903.8,25021.2,19723.2,46156.5,106007.8,128652.3,91646.2,148
117.7,143266.0,29506.0,42408.0,28944.0,42408.0,68193.1,56179.6,15449.5,13266.5,0.0,23453.1,0.0,16903.3,25021.2,19722.9,46156.2,106008.1,128652.3,91646.2,148
118.8,143266.0,29506.0,42408.0,28944.0,42408.0,68204.8,56191.4,15461.3,13278.3,0.0,23453.1,0.0,16915.5,25021.1,19734.9,46168.1,105996.1,128652.3,91658.0,148
119.9,143266.0,29506.0,42408.0,28944.0,42408.0,68210.3,56196.8,15466.8,13283.8,0.0,23453.2,0.0,16920.6,25021.2,19736.6,46169.9,105994.4,128652.3,91663.5,148
121.0,143266.0,29506.0,42408.0,28944.0,42408.0,68210.4,56196.9,15466.8,13283.8,0.0,23453.2,0.0,16920.8,25021.2,19737.0,46170.2,105994.1,128652.3,91663.5,148
122.0,143268.0,29508.0,42408.0,28944.0,42408.0,68210.4,56196.9,15466.8,13283.8,0.0,23453.4,0.0,16920.9,25021.4,19735.8,46169.3,105995.2,128652.3,91663.8,148
123.1,143268.0,29508.0,42408.0,28944.0,42408.0,68210.5,56197.0,15467.0,13284.0,0.0,23453.4,0.0,16921.4,25022.2,19736.3,46170.5,105994.7,128652.3,91663.9,148
124.1,143268.0,29508.0,42408.0,28944.0,42408.0,68210.6,56197.1,15467.1,13284.1,0.0,23453.4,0.0,16921.2,25021.0,19741.3,46174.4,105989.7,128652.3,91664.1,148
125.1,143268.0,29508.0,42408.0,28944.0,42408.0,68210.6,56197.2,15467.1,13284.1,0.0,23453.4,0.0,16921.3,25021.0,19741.9,46174.9,105989.1,128652.3,91664.1,148
126.1,143268.0,29508.0,42408.0,28944.0,42408.0,68210.7,56197.2,15467.1,13284.1,0.0,23453.5,0.0,16921.3,25021.0,19741.4,46174.5,105989.6,128652.3,91664.1,148
127.1,143268.0,29508.0,42408.0,28944.0,42408.0,68210.7,56197.2,15467.2,13284.1,0.0,23453.5,0.0,16921.3,25021.1,19742.9,46176.1,105988.1,128652.3,91664.2,148
128.1,143268.0,29508.0,42408.0,28944.0,42408.0,68210.7,56197.2,15467.2,13284.2,0.0,23453.5,0.0,16921.3,25021.1,19742.7,46176.0,105988.3,128652.3,91664.2,148
129.1,143268.0,29508.0,42408.0,28944.0,42408.0,68245.8,56228.9,15498.9,13315.9,0.0,23453.5,0.0,16952.5,25021.7,19771.1,46204.9,105959.9,128652.3,91699.3,148
130.1,143268.0,29508.0,42408.0,28944.0,42408.0,68245.8,56228.9,15498.9,13315.9,0.0,23453.5,0.0,16953.2,25021.5,19771.1,46204.6,105959.9,128652.3,91699.3,148
131.1,143268.0,29508.0,42408.0,28944.0,42408.0,68245.8,56228.9,15498.9,13315.9,0.0,23453.5,0.0,16953.2,25021.5,19771.2,46204.8,105959.8,128652.3,91699.3,148
132.1,143268.0,29508.0,42408.0,28944.0,42408.0,68245.8,56228.9,15498.9,13315.9,0.0,23453.5,0.0,16953.2,25021.5,19771.1,46204.7,105959.9,128652.3,91699.3,148
133.1,143268.0,29508.0,42408.0,28944.0,42408.0,68245.9,56229.0,15499.0,13316.0,0.0,23453.5,0.0,16953.2,25021.5,19778.2,46211.8,105952.8,128652.3,91699.4,148
134.1,143268.0,29508.0,42408.0,28944.0,42408.0,68245.9,56229.0,15499.0,13316.0,0.0,23453.5,0.0,16953.4,25021.5,19775.5,46209.2,105955.5,128652.3,91699.4,148
135.1,143268.0,29508.0,42408.0,28944.0,42408.0,68246.1,56229.2,15499.2,13316.2,0.0,23453.5,0.0,16953.5,25021.3,19776.0,46209.4,105955.0,128652.3,91699.6,148
136.2,143268.0,29508.0,42408.0,28944.0,42408.0,68250.0,56233.1,15503.0,13320.0,0.0,23453.5,0.0,16956.5,25021.3,19777.8,46211.1,105953.2,128652.3,91703.5,148
137.3,143268.0,29508.0,42408.0,28944.0,42408.0,68250.0,56233.1,15503.0,13320.0,0.0,23453.5,0.0,16957.5,25021.5,19774.7,46208.3,105956.3,128652.3,91703.5,148
138.3,143268.0,29508.0,42408.0,28944.0,42408.0,68253.6,56236.7,15506.7,13323.7,0.0,23453.5,0.0,16960.5,25021.5,19779.8,46213.4,105951.2,128652.3,91707.2,148
139.4,143268.0,29508.0,42408.0,28944.0,42408.0,68253.6,56236.8,15506.7,13323.7,0.0,23453.6,0.0,16961.2,25022.1,19781.7,46215.9,105949.3,128652.3,91707.2,148
140.4,143302.0,29508.0,42408.0,28978.0,42408.0,68253.7,56236.8,15506.8,13323.8,0.0,23453.6,0.0,16962.1,25022.1,19783.9,46218.0,105947.1,128652.3,91707.3,148
141.4,143302.0,29508.0,42408.0,28978.0,42408.0,68262.3,56245.4,15515.4,13332.4,0.0,23453.6,0.0,16972.3,25024.1,19795.4,46231.7,105935.5,128652.3,91715.9,148
142.4,143302.0,29508.0,42408.0,28978.0,42408.0,68262.3,56245.4,15515.4,13332.4,0.0,23453.7,0.0,16970.4,25022.8,19792.4,46227.4,105938.5,128652.3,91716.0,148
143.5,143302.0,29508.0,42408.0,28978.0,42408.0,68262.3,56245.4,15515.4,13332.4,0.0,23453.7,0.0,16970.0,25022.7,19790.5,46225.3,105940.4,128652.3,91716.0,148
144.6,143302.0,29508.0,42408.0,28978.0,42408.0,68262.3,56245.4,15515.4,13332.4,0.0,23453.7,0.0,16970.0,25022.4,19791.4,46225.9,105939.6,128652.3,91716.0,148
145.6,143306.0,29508.0,42412.0,28978.0,42408.0,68266.4,56246.1,15516.0,13333.0,0.0,23453.7,0.0,16981.6,25022.4,19800.0,46234.5,105931.0,128652.3,91720.1,148
146.7,143306.0,29508.0,42412.0,28978.0,42408.0,68266.4,56246.1,15516.0,13333.0,0.0,23453.7,0.0,16970.1,25022.4,19795.4,46230.0,105935.5,128652.3,91720.1,148
147.7,143306.0,29508.0,42412.0,28978.0,42408.0,68266.4,56246.2,15516.1,13333.1,0.0,23453.7,0.0,16970.8,25022.5,19791.7,46226.2,105939.3,128652.3,91720.2,148
148.7,143306.0,29508.0,42412.0,28978.0,42408.0,68266.8,56246.5,15516.5,13333.4,0.0,23453.7,0.0,16971.0,25022.4,19791.5,46226.1,105939.4,128652.3,91720.5,148
149.7,143306.0,29508.0,42412.0,28978.0,42408.0,68284.2,56263.9,15533.9,13350.9,0.0,23453.7,0.0,16971.3,25022.4,19791.8,46226.4,105939.1,128652.3,91737.9,148
150.8,143306.0,29508.0,42412.0,28978.0,42408.0,68284.3,56264.0,15534.0,13351.0,0.0,23453.8,0.0,16988.8,25022.4,19807.6,46242.1,105923.3,128652.3,91738.1,148
151.8,143306.0,29508.0,42412.0,28978.0,42408.0,68316.6,56292.6,15566.2,13379.6,0.0,23453.8,0.0,17017.8,25022.4,19836.3,46270.8,105894.7,128652.3,91770.3,148
152.8,143306.0,29508.0,42412.0,28978.0,42408.0,68316.6,56292.6,15566.2,13379.6,0.0,23453.8,0.0,17017.4,25022.5,19838.5,46273.1,105892.5,128652.3,91770.3,148
154.0,143306.0,29508.0,42412.0,28978.0,42408.0,68316.7,56292.7,15566.3,13379.7,0.0,23453.8,0.0,17017.5,25023.0,19841.7,46276.8,105889.3,128652.3,91770.5,148
155.1,143306.0,29508.0,42412.0,28978.0,42408.0,68316.7,56292.8,15566.3,13379.7,0.0,23453.8,0.0,17017.6,25023.3,19839.2,46274.6,105891.8,128652.3,91770.5,148
156.1,143306.0,29508.0,42412.0,28978.0,42408.0,68316.8,56292.8,15566.4,13379.8,0.0,23453.8,0.0,17017.6,25023.4,19848.0,46283.6,105882.9,128652.3,91770.6,148
157.1,143306.0,29508.0,42412.0,28978.0,42408.0,68316.8,56292.8,15566.4,13379.8,0.0,23453.8,0.0,17017.8,25022.8,19846.5,46281.5,105884.5,128652.3,91770.6,148
158.2,143306.0,29508.0,42412.0,28978.0,42408.0,68316.9,56292.9,15566.4,13379.8,0.0,23453.9,0.0,17017.7,25023.3,19845.7,46281.2,105885.2,128652.3,91770.8,148
159.2,143306.0,29508.0,42412.0,28978.0,42408.0,68317.1,56293.2,15566.7,13380.1,0.0,23453.9,0.0,17017.8,25023.3,19847.9,46283.4,105883.0,128652.3,91771.1,148
160.3,143306.0,29508.0,42412.0,28978.0,42408.0,68282.1,56258.1,15531.7,13345.1,0.0,23453.9,0.0,16983.1,25024.2,19798.9,46235.2,105932.1,128652.3,91736.0,148
161.3,143306.0,29508.0,42412.0,28978.0,42408.0,68282.1,56258.1,15531.7,13345.1,0.0,23453.9,0.0,16983.3,25023.5,19799.1,46234.7,105931.8,128652.3,91736.0,148
162.4,143306.0,29508.0,42412.0,28978.0,42408.0,68288.4,56264.5,15538.0,13351.4,0.0,23454.0,0.0,16989.3,25023.5,19802.7,46238.3,105928.2,128652.3,91742.4,148
163.4,143306.0,29508.0,42412.0,28978.0,42408.0,68288.4,56264.5,15538.0,13351.4,0.0,23454.0,0.0,16989.3,25023.2,19805.5,46240.9,105925.4,128652.3,91742.4,148
164.4,143306.0,29508.0,42412.0,28978.0,42408.0,68288.4,56264.5,15538.0,13351.4,0.0,23454.0,0.0,16989.4,25023.2,19807.2,46242.5,105923.8,128652.3,91742.4,148
165.5,143306.0,29508.0,42412.0,28978.0,42408.0,68304.5,56280.5,15554.1,13367.5,0.0,23454.0,0.0,17005.4,25023.7,19827.5,46263.4,105903.4,128652.3,91758.4,148
166.6,143306.0,29508.0,42412.0,28978.0,42408.0,68304.5,56280.5,15554.1,13367.5,0.0,23454.0,0.0,17005.4,25023.4,19824.9,46260.4,105906.1,128652.3,91758.4,148
167.6,143306.0,29508.0,42412.0,28978.0,42408.0,68304.5,56280.5,15554.1,13367.5,0.0,23454.0,0.0,17005.4,25023.4,19826.6,46262.2,105904.3,128652.3,91758.4,148
168.7,143306.0,29508.0,42412.0,28978.0,42408.0,68304.5,56280.5,15554.1,13367.5,0.0,23454.0,0.0,17005.3,25023.4,19824.0,46259.6,105906.9,128652.3,91758.4,148
169.7,143306.0,29508.0,42412.0,28978.0,42408.0,68304.5,56280.5,15554.1,13367.5,0.0,23454.0,0.0,17005.3,25023.4,19819.9,46255.5,105911.0,128652.3,91758.4,148
170.7,143306.0,29508.0,42412.0,28978.0,42408.0,68304.5,56280.5,15554.1,13367.5,0.0,23454.0,0.0,17005.3,25023.5,19819.6,46255.2,105911.4,128652.3,91758.5,148
171.7,143306.0,29508.0,42412.0,28978.0,42408.0,68323.9,56299.9,15573.5,13386.9,0.0,23454.0,0.0,17033.1,25024.3,19844.9,46281.3,105886.1,128652.3,91777.9,148
172.8,143306.0,29508.0,42412.0,28978.0,42408.0,68324.0,56300.0,15573.5,13386.9,0.0,23454.1,0.0,17024.8,25023.8,19837.4,46273.3,105893.5,128652.3,91778.1,148
173.8,143306.0,29508.0,42412.0,28978.0,42408.0,68324.0,56300.0,15573.6,13387.0,0.0,23454.1,0.0,17024.8,25023.5,19842.8,46278.5,105888.1,128652.3,91778.1,148
174.8,143308.0,29508.0,42412.0,28978.0,42410.0,68333.7,56306.2,15579.8,13393.2,0.0,23454.1,0.0,17024.9,25023.5,19843.2,46278.8,105887.8,128652.3,91787.8,148
175.9,143308.0,29508.0,42412.0,28978.0,42410.0,68334.3,56306.8,15580.4,13393.8,0.0,23454.1,0.0,17031.8,25023.7,19850.7,46286.5,105880.3,128652.3,91788.4,148
176.9,143308.0,29508.0,42412.0,28978.0,42410.0,68334.3,56306.8,15580.4,13393.8,0.0,23454.2,0.0,17028.7,25023.7,19851.4,46287.2,105879.5,128652.3,91788.4,148
177.9,143308.0,29508.0,42412.0,28978.0,42410.0,68334.3,56306.8,15580.4,13393.8,0.0,23454.2,0.0,17028.5,25023.4,19851.9,46287.4,105879.0,128652.3,91788.4,148
178.9,143308.0,29508.0,42412.0,28978.0,42410.0,68334.3,56306.9,15580.4,13393.8,0.0,23454.2,0.0,17028.5,25023.3,19852.8,46288.2,105878.2,128652.3,91788.4,148
179.9,143308.0,29508.0,42412.0,28978.0,42410.0,68334.3,56306.9,15580.4,13393.8,0.0,23454.2,0.0,17028.5,25023.6,19851.3,46287.0,105879.6,128652.3,91788.4,148
181.0,143308.0,29508.0,42412.0,28978.0,42410.0,68334.4,56306.9,15580.5,13393.9,0.0,23454.2,0.0,17028.5,25023.5,19850.5,46286.1,105880.5,128652.3,91788.5,148
182.0,143308.0,29508.0,42412.0,28978.0,42410.0,68334.4,56306.9,15580.5,13393.9,0.0,23454.2,0.0,17028.7,25024.0,19849.1,46285.3,105881.8,128652.3,91788.6,148
183.0,143308.0,29508.0,42412.0,28978.0,42410.0,68334.4,56306.9,15580.5,13393.9,0.0,23454.2,0.0,17028.7,25024.0,19849.5,46285.6,105881.4,128652.3,91788.6,148
184.1,143396.0,29508.0,42412.0,29066.0,42410.0,68334.4,56306.9,15580.5,13393.9,0.0,23454.2,0.0,17028.7,25023.8,19844.4,46280.4,105886.5,128652.3,91788.6,148
185.1,143396.0,29508.0,42412.0,29066.0,42410.0,68334.4,56307.0,15580.5,13393.9,0.0,23454.2,0.0,17028.7,25024.1,19847.5,46283.8,105883.4,128652.3,91788.6,148
186.1,143396.0,29508.0,42412.0,29066.0,42410.0,68334.5,56307.1,15580.7,13394.0,0.0,23454.2,0.0,17028.9,25024.2,19853.2,46289.5,105877.8,128652.3,91788.8,148
187.1,143396.0,29508.0,42412.0,29066.0,42410.0,68334.5,56307.1,15580.7,13394.0,0.0,23454.2,0.0,17029.4,25024.5,19851.6,46288.2,105879.4,128652.3,91788.8,148
188.2,143396.0,29508.0,42412.0,29066.0,42410.0,68334.6,56307.1,15580.7,13394.1,0.0,23454.2,0.0,17028.8,25024.3,19849.9,46286.4,105881.0,128652.3,91788.8,148
189.2,143396.0,29508.0,42412.0,29066.0,42410.0,68334.6,56307.1,15580.7,13394.1,0.0,23454.3,0.0,17028.8,25024.3,19850.0,46286.5,105880.9,128652.3,91788.9,148
190.2,143396.0,29508.0,42412.0,29066.0,42410.0,68334.6,56307.1,15580.7,13394.1,0.0,23454.3,0.0,17028.8,25024.2,19850.1,46286.4,105880.8,128652.3,91788.9,148
191.3,143396.0,29508.0,42412.0,29066.0,42410.0,68334.6,56307.1,15580.7,13394.1,0.0,23454.3,0.0,17028.8,25023.9,19848.9,46285.0,105882.0,128652.3,91788.9,148
192.3,143396.0,29508.0,42412.0,29066.0,42410.0,68334.6,56307.1,15580.7,13394.1,0.0,23454.3,0.0,17028.9,25023.9,19850.7,46286.8,105880.2,128652.3,91788.9,148
193.4,143396.0,29508.0,42412.0,29066.0,42410.0,68334.6,56307.1,15580.7,13394.1,0.0,23454.3,0.0,17028.8,25023.9,19851.5,46287.6,105879.4,128652.3,91788.9,148
194.4,143396.0,29508.0,42412.0,29066.0,42410.0,68334.6,56307.1,15580.7,13394.1,0.0,23454.4,0.0,17028.8,25024.0,19852.0,46288.2,105878.9,128652.3,91789.0,148
195.4,143396.0,29508.0,42412.0,29066.0,42410.0,68334.6,56307.1,15580.7,13394.1,0.0,23454.4,0.0,17028.8,25024.0,19852.2,46288.4,105878.7,128652.3,91789.0,148
196.4,143396.0,29508.0,42412.0,29066.0,42410.0,68334.6,56307.1,15580.7,13394.1,0.0,23454.4,0.0,17030.3,25024.0,19854.8,46291.0,105876.2,128652.3,91789.0,148
197.4,143396.0,29508.0,42412.0,29066.0,42410.0,68334.6,56307.1,15580.7,13394.1,0.0,23454.4,0.0,17032.2,25024.1,19857.2,46293.4,105873.7,128652.3,91789.0,148
198.5,143396.0,29508.0,42412.0,29066.0,42410.0,68334.6,56307.2,15580.7,13394.1,0.0,23454.5,0.0,17032.2,25024.2,19855.2,46291.6,105875.7,128652.3,91789.1,148
199.6,143396.0,29508.0,42412.0,29066.0,42410.0,68334.6,56307.2,15580.7,13394.1,0.0,23454.5,0.0,17032.5,25024.2,19855.5,46291.9,105875.4,128652.3,91789.1,148
200.6,143396.0,29508.0,42412.0,29066.0,42410.0,68366.7,56335.7,15609.2,13422.6,0.0,23454.5,0.0,17060.9,25023.9,19885.9,46322.0,105845.0,128652.3,91821.2,148
201.8,143396.0,29508.0,42412.0,29066.0,42410.0,68371.2,56340.2,15613.7,13427.1,0.0,23454.5,0.0,17065.1,25025.1,19889.0,46326.3,105841.9,128652.3,91825.7,148
202.8,143398.0,29508.0,42412.0,29068.0,42410.0,68371.3,56340.2,15613.8,13427.2,0.0,23454.5,0.0,17065.5,25023.8,19884.8,46320.7,105846.1,128652.3,91825.8,148
203.8,143398.0,29508.0,42412.0,29068.0,42410.0,68371.4,56340.3,15613.9,13427.3,0.0,23454.5,0.0,17065.6,25023.6,19886.2,46321.9,105844.7,128652.3,91825.9,148
204.8,143398.0,29508.0,42412.0,29068.0,42410.0,68371.4,56340.3,15613.9,13427.3,0.0,23454.5,0.0,17065.6,25023.5,19885.3,46321.0,105845.6,128652.3,91825.9,148
205.8,143398.0,29508.0,42412.0,29068.0,42410.0,68371.4,56340.3,15613.9,13427.3,0.0,23454.5,0.0,17065.8,25023.3,19894.7,46330.1,105836.2,128652.3,91825.9,148
206.9,143398.0,29508.0,42412.0,29068.0,42410.0,68371.4,56340.3,15613.9,13427.3,0.0,23454.6,0.0,17065.9,25023.6,19893.9,46329.7,105837.0,128652.3,91826.0,148
207.9,143398.0,29508.0,42412.0,29068.0,42410.0,68371.4,56340.3,15613.9,13427.3,0.0,23454.6,0.0,17065.9,25023.6,19894.0,46329.8,105836.9,128652.3,91826.0,148
208.9,143398.0,29508.0,42412.0,29068.0,42410.0,68371.4,56340.3,15613.9,13427.3,0.0,23454.6,0.0,17065.9,25023.5,19891.6,46327.4,105839.2,128652.3,91826.0,148
210.0,143398.0,29508.0,42412.0,29068.0,42410.0,68371.4,56340.4,15613.9,13427.3,0.0,23454.6,0.0,17065.9,25023.5,19891.2,46326.9,105839.7,128652.3,91826.0,148
211.0,143398.0,29508.0,42412.0,29068.0,42410.0,68371.6,56340.5,15614.0,13427.4,0.0,23454.6,0.0,17066.4,25023.4,19894.8,46330.4,105836.1,128652.3,91826.2,148
212.0,143398.0,29508.0,42412.0,29068.0,42410.0,68371.6,56340.5,15614.0,13427.4,0.0,23454.6,0.0,17066.0,25023.9,19892.1,46328.2,105838.8,128652.3,91826.2,148
213.1,143398.0,29508.0,42412.0,29068.0,42410.0,68372.1,56341.0,15614.6,13428.0,0.0,23454.6,0.0,17066.1,25024.1,19890.2,46326.5,105840.7,128652.3,91826.7,148
214.1,143398.0,29508.0,42412.0,29068.0,42410.0,68372.1,56341.0,15614.6,13428.0,0.0,23454.7,0.0,17066.7,25023.2,19894.0,46329.5,105836.9,128652.3,91826.7,148
215.2,143398.0,29508.0,42412.0,29068.0,42410.0,68372.1,56341.0,15614.6,13428.0,0.0,23454.7,0.0,17066.8,25023.3,19890.2,46325.7,105840.6,128652.3,91826.8,148
216.2,143398.0,29508.0,42412.0,29068.0,42410.0,68372.1,56341.0,15614.6,13428.0,0.0,23454.7,0.0,17066.8,25023.3,19893.6,46329.0,105837.3,128652.3,91826.8,148
217.2,143398.0,29508.0,42412.0,29068.0,42410.0,68372.1,56341.0,15614.6,13428.0,0.0,23454.7,0.0,17066.8,25023.3,19894.9,46330.3,105836.0,128652.3,91826.8,148
218.2,143398.0,29508.0,42412.0,29068.0,42410.0,68372.1,56341.0,15614.6,13428.0,0.0,23454.7,0.0,17066.9,25023.3,19894.7,46330.2,105836.2,128652.3,91826.8,148
219.2,143398.0,29508.0,42412.0,29068.0,42410.0,68372.1,56341.0,15614.6,13428.0,0.0,23454.7,0.0,17066.8,25023.3,19894.3,46329.8,105836.6,128652.3,91826.8,148
220.3,143398.0,29508.0,42412.0,29068.0,42410.0,68372.1,56341.0,15614.6,13428.0,0.0,23454.7,0.0,17066.5,25023.3,19894.4,46329.9,105836.4,128652.3,91826.8,148
221.3,143398.0,29508.0,42412.0,29068.0,42410.0,68372.1,56341.0,15614.6,13428.0,0.0,23454.7,0.0,17067.1,25023.3,19894.6,46330.1,105836.3,128652.3,91826.8,148
222.3,143398.0,29508.0,42412.0,29068.0,42410.0,68372.1,56341.1,15614.6,13428.0,0.0,23454.7,0.0,17067.2,25023.3,19895.2,46330.7,105835.7,128652.3,91826.9,148
223.4,143398.0,29508.0,42412.0,29068.0,42410.0,68372.1,56341.1,15614.6,13428.0,0.0,23454.7,0.0,17067.1,25023.3,19895.2,46330.7,105835.7,128652.3,91826.9,148
224.4,143398.0,29508.0,42412.0,29068.0,42410.0,68372.1,56341.1,15614.6,13428.0,0.0,23454.7,0.0,17067.2,25023.2,19892.9,46328.3,105838.0,128652.3,91826.9,148
225.5,143398.0,29508.0,42412.0,29068.0,42410.0,68372.5,56341.5,15615.0,13428.4,0.0,23454.7,0.0,17067.7,25023.7,19948.3,46384.2,105782.6,128652.3,91827.3,148
226.5,143398.0,29508.0,42412.0,29068.0,42410.0,68372.5,56341.5,15615.0,13428.4,0.0,23454.7,0.0,17065.9,25023.5,19903.3,46339.0,105827.6,128652.3,91827.3,148
227.6,143398.0,29508.0,42412.0,29068.0,42410.0,68372.5,56341.5,15615.0,13428.4,0.0,23454.9,0.0,17067.0,25023.4,19911.1,46346.7,105819.7,128652.3,91827.4,148
228.6,143398.0,29508.0,42412.0,29068.0,42410.0,68385.4,56354.3,15627.9,13441.3,0.0,23454.9,0.0,17067.9,25024.1,19906.9,46343.2,105823.9,128652.3,91840.3,148
229.7,143398.0,29508.0,42412.0,29068.0,42410.0,68375.1,56344.1,15617.6,13431.0,0.0,23454.9,0.0,17070.3,25023.8,19904.6,46340.6,105826.2,128652.3,91830.0,148
230.7,143398.0,29508.0,42412.0,29068.0,42410.0,68375.1,56344.1,15617.6,13431.0,0.0,23454.9,0.0,17070.3,25023.7,19905.9,46341.8,105825.0,128652.3,91830.0,148
231.8,143398.0,29508.0,42412.0,29068.0,42410.0,68375.1,56344.1,15617.6,13431.0,0.0,23454.9,0.0,17070.2,25023.7,19903.5,46339.5,105827.4,128652.3,91830.0,148
232.8,143398.0,29508.0,42412.0,29068.0,42410.0,68375.1,56344.1,15617.6,13431.0,0.0,23454.9,0.0,17070.3,25023.8,19903.8,46339.8,105827.0,128652.3,91830.0,148
233.8,143398.0,29508.0,42412.0,29068.0,42410.0,68375.1,56344.1,15617.6,13431.0,0.0,23454.9,0.0,17070.3,25023.8,19904.2,46340.1,105826.7,128652.3,91830.0,148
234.8,143398.0,29508.0,42412.0,29068.0,42410.0,68375.1,56344.1,15617.6,13431.0,0.0,23454.9,0.0,17070.3,25023.8,19904.8,46340.7,105826.1,128652.3,91830.0,148
235.9,143398.0,29508.0,42412.0,29068.0,42410.0,68375.1,56344.1,15617.6,13431.0,0.0,23454.9,0.0,17070.8,25023.8,19905.2,46341.2,105825.6,128652.3,91830.0,148
236.9,143398.0,29508.0,42412.0,29068.0,42410.0,68375.2,56344.1,15617.7,13431.1,0.0,23454.9,0.0,17070.4,25023.8,19905.7,46341.7,105825.2,128652.3,91830.1,148
237.9,143398.0,29508.0,42412.0,29068.0,42410.0,68375.2,56344.1,15617.7,13431.1,0.0,23454.9,0.0,17070.6,25023.1,19903.6,46338.9,105827.2,128652.3,91830.1,148
239.0,143398.0,29508.0,42412.0,29068.0,42410.0,68375.3,56344.3,15617.8,13431.2,0.0,23454.9,0.0,17070.5,25023.1,19901.7,46337.0,105829.1,128652.3,91830.3,148
240.0,143398.0,29508.0,42412.0,29068.0,42410.0,68375.5,56344.4,15618.0,13431.3,0.0,23454.9,0.0,17070.8,25023.4,19902.8,46338.4,105828.1,128652.3,91830.4,148
241.1,143398.0,29508.0,42412.0,29068.0,42410.0,68375.5,56344.4,15618.0,13431.3,0.0,23455.0,0.0,17070.8,25023.6,19899.4,46335.2,105831.5,128652.3,91830.4,148
242.1,143398.0,29508.0,42412.0,29068.0,42410.0,68375.5,56344.4,15618.0,13431.3,0.0,23455.0,0.0,17070.7,25023.4,19895.8,46331.5,105835.0,128652.3,91830.5,148
243.1,143398.0,29508.0,42412.0,29068.0,42410.0,68375.5,56344.4,15618.0,13431.3,0.0,23455.2,0.0,17070.8,25023.7,19895.7,46331.6,105835.2,128652.3,91830.7,148
244.1,143398.0,29508.0,42412.0,29068.0,42410.0,68375.5,56344.4,15618.0,13431.3,0.0,23455.2,0.0,17070.8,25023.7,19895.7,46331.6,105835.1,128652.3,91830.7,148
245.1,143398.0,29508.0,42412.0,29068.0,42410.0,68375.5,56344.4,15618.0,13431.3,0.0,23455.3,0.0,17070.8,25023.7,19894.8,46330.8,105836.0,128652.3,91830.7,148
246.2,143398.0,29508.0,42412.0,29068.0,42410.0,68375.5,56344.4,15618.0,13431.4,0.0,23455.3,0.0,17070.8,25023.7,19896.3,46332.3,105834.5,128652.3,91830.7,148
247.3,143398.0,29508.0,42412.0,29068.0,42410.0,68375.5,56344.4,15618.0,13431.4,0.0,23455.3,0.0,17070.7,25023.5,19897.0,46332.8,105833.8,128652.3,91830.8,148
248.3,143398.0,29508.0,42412.0,29068.0,42410.0,68375.7,56344.7,15618.2,13431.6,0.0,23455.3,0.0,17071.1,25024.1,19899.7,46336.0,105831.2,128652.3,91831.0,148
249.4,143398.0,29508.0,42412.0,29068.0,42410.0,68375.8,56344.8,15618.3,13431.7,0.0,23455.3,0.0,17071.6,25024.4,19906.8,46343.5,105824.0,128652.3,91831.1,148
250.4,143398.0,29508.0,42412.0,29068.0,42410.0,68383.9,56352.9,15626.4,13439.8,0.0,23455.4,0.0,17079.1,25028.0,19931.6,46371.9,105799.2,128652.3,91839.3,148
251.4,143398.0,29508.0,42412.0,29068.0,42410.0,68383.9,56352.9,15626.4,13439.8,0.0,23455.4,0.0,17079.8,25025.4,19908.5,46346.1,105822.4,128652.3,91839.3,148
252.5,143398.0,29508.0,42412.0,29068.0,42410.0,68383.9,56352.9,15626.4,13439.8,0.0,23455.4,0.0,17079.4,25025.2,19907.1,46344.6,105823.8,128652.3,91839.3,148
253.5,143398.0,29508.0,42412.0,29068.0,42410.0,68383.9,56352.9,15626.4,13439.8,0.0,23455.4,0.0,17079.6,25025.2,19906.9,46344.4,105823.9,128652.3,91839.3,148
254.6,143398.0,29508.0,42412.0,29068.0,42410.0,68383.9,56352.9,15626.4,13439.8,0.0,23455.5,0.0,17079.4,25024.9,19906.6,46343.7,105824.2,128652.3,91839.5,148
255.6,143398.0,29508.0,42412.0,29068.0,42410.0,68384.0,56352.9,15626.5,13439.9,0.0,23455.5,0.0,17079.5,25024.7,19907.0,46343.9,105823.8,128652.3,91839.5,148
256.6,143398.0,29508.0,42412.0,29068.0,42410.0,68384.0,56352.9,15626.5,13439.9,0.0,23455.5,0.0,17079.5,25024.7,19910.1,46347.0,105820.8,128652.3,91839.5,148
257.6,143398.0,29508.0,42412.0,29068.0,42410.0,68384.0,56352.9,15626.5,13439.9,0.0,23455.6,0.0,17076.7,25024.5,19907.3,46344.1,105823.5,128652.3,91839.5,148
258.7,143398.0,29508.0,42412.0,29068.0,42410.0,68384.0,56352.9,15626.5,13439.9,0.0,23455.6,0.0,17077.2,25024.5,19907.6,46344.4,105823.2,128652.3,91839.5,148
259.7,143398.0,29508.0,42412.0,29068.0,42410.0,68384.0,56352.9,15626.5,13439.9,0.0,23455.6,0.0,17076.8,25024.3,19907.7,46344.3,105823.1,128652.3,91839.5,148
260.7,143398.0,29508.0,42412.0,29068.0,42410.0,68384.0,56352.9,15626.5,13439.9,0.0,23455.7,0.0,17076.9,25024.4,19909.8,46346.4,105821.1,128652.3,91839.7,148
261.7,143398.0,29508.0,42412.0,29068.0,42410.0,68384.0,56352.9,15626.5,13439.9,0.0,23455.7,0.0,17076.8,25024.6,19905.7,46342.5,105825.1,128652.3,91839.7,148
262.8,143398.0,29508.0,42412.0,29068.0,42410.0,68384.0,56352.9,15626.5,13439.9,0.0,23455.7,0.0,17076.8,25024.5,19913.5,46350.2,105817.3,128652.3,91839.7,148
263.8,143398.0,29508.0,42412.0,29068.0,42410.0,68384.0,56352.9,15626.5,13439.9,0.0,23455.8,0.0,17076.9,25024.4,19908.2,46344.9,105822.6,128652.3,91839.8,148
264.9,143398.0,29508.0,42412.0,29068.0,42410.0,68384.0,56352.9,15626.5,13439.9,0.0,23455.8,0.0,17076.9,25024.6,19906.8,46343.6,105824.0,128652.3,91839.8,148
265.9,143398.0,29508.0,42412.0,29068.0,42410.0,68384.0,56352.9,15626.5,13439.9,0.0,23455.8,0.0,17076.8,25024.6,19906.5,46343.3,105824.4,128652.3,91839.8,148
266.9,143398.0,29508.0,42412.0,29068.0,42410.0,68384.0,56352.9,15626.5,13439.9,0.0,23455.9,0.0,17077.1,25024.4,19907.1,46343.7,105823.7,128652.3,91839.8,148
267.9,143398.0,29508.0,42412.0,29068.0,42410.0,68384.0,56352.9,15626.5,13439.9,0.0,23455.9,0.0,17077.1,25024.4,19907.9,46344.6,105822.9,128652.3,91839.8,148
268.9,143398.0,29508.0,42412.0,29068.0,42410.0,68384.0,56352.9,15626.5,13439.9,0.0,23455.9,0.0,17077.1,25024.3,19907.2,46343.8,105823.6,128652.3,91839.8,148
269.9,143398.0,29508.0,42412.0,29068.0,42410.0,68384.0,56352.9,15626.5,13439.9,0.0,23455.9,0.0,17077.1,25024.3,19903.5,46340.1,105827.3,128652.3,91839.9,148
270.9,143398.0,29508.0,42412.0,29068.0,42410.0,68384.0,56353.0,15626.6,13439.9,0.0,23456.0,0.0,17077.2,25024.3,19906.8,46343.3,105824.1,128652.3,91840.0,148
271.9,143398.0,29508.0,42412.0,29068.0,42410.0,68384.0,56353.0,15626.6,13439.9,0.0,23456.0,0.0,17077.2,25024.3,19909.4,46345.9,105821.4,128652.3,91840.0,148
273.0,143398.0,29508.0,42412.0,29068.0,42410.0,68384.0,56353.0,15626.6,13439.9,0.0,23456.0,0.0,17077.2,25024.3,19908.3,46344.8,105822.5,128652.3,91840.1,148
274.1,143398.0,29508.0,42412.0,29068.0,42410.0,68347.8,56316.8,15590.3,13403.7,0.0,23456.0,0.0,17088.6,25025.3,19926.2,46363.8,105804.6,128652.3,91803.9,148
275.1,143398.0,29508.0,42412.0,29068.0,42410.0,68363.8,56332.7,15606.3,13419.7,0.0,23456.1,0.0,17056.9,25024.2,19882.0,46318.4,105848.8,128652.3,91819.8,148
276.1,143398.0,29508.0,42412.0,29068.0,42410.0,68363.8,56332.7,15606.3,13419.7,0.0,23456.1,0.0,17056.9,25024.2,19884.8,46321.3,105846.0,128652.3,91819.8,148
277.2,143398.0,29508.0,42412.0,29068.0,42410.0,68363.8,56332.7,15606.3,13419.7,0.0,23456.1,0.0,17056.9,25024.4,19882.7,46319.3,105848.1,128652.3,91819.8,148
278.3,143398.0,29508.0,42412.0,29068.0,42410.0,68363.8,56332.7,15606.3,13419.7,0.0,23456.1,0.0,17074.1,25024.5,19902.0,46338.8,105828.8,128652.3,91819.8,148
279.3,143398.0,29508.0,42412.0,29068.0,42410.0,68363.8,56332.7,15606.3,13419.7,0.0,23456.3,0.0,17060.2,25024.8,19886.9,46324.0,105843.9,128652.3,91820.1,148
280.3,143398.0,29508.0,42412.0,29068.0,42410.0,68363.8,56332.7,15606.3,13419.7,0.0,23456.3,0.0,17060.2,25024.8,19887.5,46324.6,105843.3,128652.3,91820.1,148
281.4,143398.0,29508.0,42412.0,29068.0,42410.0,68363.8,56332.7,15606.3,13419.7,0.0,23456.3,0.0,17060.4,25024.8,19886.2,46323.3,105844.6,128652.3,91820.1,148
282.4,143398.0,29508.0,42412.0,29068.0,42410.0,68363.8,56332.7,15606.3,13419.7,0.0,23456.3,0.0,17060.1,25024.6,19885.6,46322.5,105845.2,128652.3,91820.1,148
283.4,143398.0,29508.0,42412.0,29068.0,42410.0,68363.8,56332.7,15606.3,13419.7,0.0,23456.3,0.0,17060.4,25024.7,19885.7,46322.6,105845.1,128652.3,91820.1,148
284.5,143398.0,29508.0,42412.0,29068.0,42410.0,68363.8,56332.7,15606.3,13419.7,0.0,23456.3,0.0,17060.0,25024.7,19887.5,46324.4,105843.3,128652.3,91820.1,148
285.6,143398.0,29508.0,42412.0,29068.0,42410.0,68363.8,56332.7,15606.3,13419.7,0.0,23456.4,0.0,17060.2,25025.2,19886.5,46324.0,105844.3,128652.3,91820.1,148
286.6,143398.0,29508.0,42412.0,29068.0,42410.0,68363.8,56332.7,15606.3,13419.7,0.0,23456.4,0.0,17060.2,25025.2,19887.0,46324.5,105843.8,128652.3,91820.1,148
287.6,143398.0,29508.0,42412.0,29068.0,42410.0,68363.8,56332.7,15606.3,13419.7,0.0,23456.4,0.0,17060.2,25025.2,19887.6,46325.1,105843.2,128652.3,91820.1,148
288.7,143398.0,29508.0,42412.0,29068.0,42410.0,68363.8,56332.7,15606.3,13419.7,0.0,23456.4,0.0,17060.2,25025.2,19886.4,46323.9,105844.4,128652.3,91820.2,148
289.7,143398.0,29508.0,42412.0,29068.0,42410.0,68363.8,56332.7,15606.3,13419.7,0.0,23456.4,0.0,17060.3,25024.8,19885.1,46322.2,105845.7,128652.3,91820.2,148
290.7,143398.0,29508.0,42412.0,29068.0,42410.0,68363.8,56332.8,15606.3,13419.7,0.0,23456.4,0.0,17060.3,25024.8,19887.9,46325.1,105842.8,128652.3,91820.2,148
291.8,143398.0,29508.0,42412.0,29068.0,42410.0,68367.7,56336.6,15610.2,13423.6,0.0,23456.4,0.0,17064.2,25025.1,19889.8,46327.3,105841.0,128652.3,91824.1,148
292.8,143398.0,29508.0,42412.0,29068.0,42410.0,68367.7,56336.6,15610.2,13423.6,0.0,23456.4,0.0,17064.2,25024.9,19890.9,46328.1,105839.9,128652.3,91824.1,148
293.9,143398.0,29508.0,42412.0,29068.0,42410.0,68367.7,56336.6,15610.2,13423.6,0.0,23456.4,0.0,17064.2,25024.9,19887.7,46324.9,105843.1,128652.3,91824.1,148
294.9,143398.0,29508.0,42412.0,29068.0,42410.0,68367.7,56336.7,15610.2,13423.6,0.0,23456.4,0.0,17064.3,25024.6,19888.0,46324.9,105842.8,128652.3,91824.2,148
296.0,143398.0,29508.0,42412.0,29068.0,42410.0,68367.7,56336.7,15610.2,13423.6,0.0,23456.4,0.0,17064.3,25025.2,19888.8,46326.3,105842.0,128652.3,91824.2,148
297.0,143398.0,29508.0,42412.0,29068.0,42410.0,68372.3,56341.3,15614.8,13428.2,0.0,23456.5,0.0,17069.0,25025.3,19892.5,46330.1,105838.2,128652.3,91828.8,148
298.0,143398.0,29508.0,42412.0,29068.0,42410.0,68372.3,56341.3,15614.8,13428.2,0.0,23456.5,0.0,17069.0,25025.5,19888.4,46326.2,105842.4,128652.3,91828.8,148
299.0,143398.0,29508.0,42412.0,29068.0,42410.0,68375.9,56344.8,15618.4,13431.8,0.0,23456.5,0.0,17072.4,25025.6,19896.9,46334.9,105833.9,128652.3,91832.4,148
300.1,143398.0,29508.0,42412.0,29068.0,42410.0,68375.9,56344.9,15618.4,13431.8,0.0,23456.6,0.0,17073.1,25025.6,19893.5,46331.4,105837.3,128652.3,91832.5,148
301.2,143398.0,29508.0,42412.0,29068.0,42410.0,68375.9,56344.9,15618.4,13431.8,0.0,23456.6,0.0,17073.3,25025.6,19894.1,46332.0,105836.7,128652.3,91832.5,148
302.2,143398.0,29508.0,42412.0,29068.0,42410.0,68375.9,56344.9,15618.4,13431.8,0.0,23456.6,0.0,17073.0,25025.6,19895.8,46333.7,105835.0,128652.3,91832.5,148
303.2,143398.0,29508.0,42412.0,29068.0,42410.0,68409.6,56378.6,15652.1,13465.5,0.0,23456.6,0.0,17044.5,25025.7,19863.2,46301.2,105867.6,128652.3,91866.2,148
304.3,143398.0,29508.0,42412.0,29068.0,42410.0,68393.1,56362.1,15635.6,13449.0,0.0,23456.6,0.0,17090.6,25025.8,19905.9,46344.0,105824.9,128652.3,91849.7,148
305.3,143398.0,29508.0,42412.0,29068.0,42410.0,68393.2,56362.1,15635.7,13449.1,0.0,23456.6,0.0,17090.4,25025.8,19904.3,46342.5,105826.4,128652.3,91849.8,148
306.3,143398.0,29508.0,42412.0,29068.0,42410.0,68393.2,56362.1,15635.7,13449.1,0.0,23456.6,0.0,17090.4,25025.8,19905.2,46343.3,105825.6,128652.3,91849.8,148
307.4,143398.0,29508.0,42412.0,29068.0,42410.0,68393.2,56362.1,15635.7,13449.1,0.0,23456.6,0.0,17090.4,25025.8,19907.7,46345.8,105823.1,128652.3,91849.8,148
308.4,143398.0,29508.0,42412.0,29068.0,42410.0,68393.2,56362.1,15635.7,13449.1,0.0,23456.6,0.0,17089.2,25025.8,19908.4,46346.5,105822.4,128652.3,91849.8,148
309.5,143398.0,29508.0,42412.0,29068.0,42410.0,68393.2,56362.1,15635.7,13449.1,0.0,23456.7,0.0,17104.7,25025.8,19931.6,46369.7,105799.2,128652.3,91849.8,148
310.5,143398.0,29508.0,42412.0,29068.0,42410.0,68393.2,56362.1,15635.7,13449.1,0.0,23456.7,0.0,17090.5,25025.9,19916.2,46354.4,105814.6,128652.3,91849.8,148
311.6,143398.0,29508.0,42412.0,29068.0,42410.0,68345.4,56314.3,15587.9,13401.3,0.0,23456.7,0.0,17042.7,25025.8,19864.2,46302.3,105866.6,128652.3,91802.1,148
312.6,143398.0,29508.0,42412.0,29068.0,42410.0,68346.5,56315.5,15589.0,13402.4,0.0,23456.7,0.0,17043.8,25026.0,19865.3,46303.6,105865.5,128652.3,91803.2,148
313.6,143398.0,29508.0,42412.0,29068.0,42410.0,68346.5,56315.5,15589.0,13402.4,0.0,23456.7,0.0,17043.9,25026.0,19865.1,46303.4,105865.6,128652.3,91803.2,148
314.7,143398.0,29508.0,42412.0,29068.0,42410.0,68346.5,56315.5,15589.0,13402.4,0.0,23456.7,0.0,17044.5,25026.0,19866.2,46304.5,105864.5,128652.3,91803.2,148
315.7,143398.0,29508.0,42412.0,29068.0,42410.0,68346.6,56315.5,15589.0,13402.4,0.0,23456.7,0.0,17044.5,25026.0,19867.0,46305.3,105863.7,128652.3,91803.2,148
316.7,143398.0,29508.0,42412.0,29068.0,42410.0,68385.6,56354.6,15628.1,13441.5,0.0,23456.7,0.0,17083.5,25026.2,19904.4,46342.9,105826.4,128652.3,91842.3,148
317.8,143398.0,29508.0,42412.0,29068.0,42410.0,68385.6,56354.6,15628.1,13441.5,0.0,23456.7,0.0,17083.6,25026.0,19904.8,46343.1,105826.0,128652.3,91842.3,148
318.8,143400.0,29508.0,42412.0,29068.0,42412.0,68385.6,56354.6,15628.1,13441.5,0.0,23456.7,0.0,17083.5,25026.0,19903.7,46342.0,105827.1,128652.3,91842.3,148
319.8,143400.0,29508.0,42412.0,29068.0,42412.0,68393.3,56362.2,15635.8,13449.1,0.0,23456.7,0.0,17091.2,25026.3,19911.6,46350.2,105819.2,128652.3,91850.0,148
320.8,143400.0,29508.0,42412.0,29068.0,42412.0,68393.3,56362.2,15635.8,13449.2,0.0,23456.7,0.0,17091.2,25025.9,19914.9,46353.1,105815.9,128652.3,91850.0,148
321.9,143400.0,29508.0,42412.0,29068.0,42412.0,68393.3,56362.3,15635.8,13449.2,0.0,23456.7,0.0,17090.8,25026.0,19910.7,46349.1,105820.0,128652.3,91850.1,148
323.0,143400.0,29508.0,42412.0,29068.0,42412.0,68393.3,56362.3,15635.8,13449.2,0.0,23456.7,0.0,17091.3,25027.1,19904.8,46344.2,105826.0,128652.3,91850.1,148
324.1,143400.0,29508.0,42412.0,29068.0,42412.0,68393.4,56362.3,15635.9,13449.3,0.0,23456.7,0.0,17091.4,25026.4,19906.4,46345.1,105824.4,128652.3,91850.1,148
325.1,143400.0,29508.0,42412.0,29068.0,42412.0,68393.4,56362.3,15635.9,13449.3,0.0,23456.9,0.0,17091.4,25026.5,19906.8,46345.6,105824.0,128652.3,91850.2,148
326.2,143400.0,29508.0,42412.0,29068.0,42412.0,68393.4,56362.4,15635.9,13449.3,0.0,23456.9,0.0,17092.0,25026.1,19907.1,46345.5,105823.7,128652.3,91850.3,148
327.2,143400.0,29508.0,42412.0,29068.0,42412.0,68393.5,56362.5,15636.0,13449.4,0.0,23457.0,0.0,17091.6,25027.8,19909.9,46350.0,105820.9,128652.3,91850.5,148
328.3,143400.0,29508.0,42412.0,29068.0,42412.0,68393.6,56362.6,15636.1,13449.5,0.0,23457.1,0.0,17092.3,25027.5,19909.7,46349.5,105821.0,128652.3,91850.7,148
329.3,143400.0,29508.0,42412.0,29068.0,42412.0,68393.6,56362.6,15636.1,13449.5,0.0,23457.1,0.0,17091.8,25027.3,19911.5,46351.1,105819.2,128652.3,91850.7,148
330.4,143400.0,29508.0,42412.0,29068.0,42412.0,68393.6,56362.6,15636.1,13449.5,0.0,23457.1,0.0,17092.6,25027.3,19912.9,46352.5,105817.9,128652.3,91850.7,148
331.5,143400.0,29508.0,42412.0,29068.0,42412.0,68394.1,56363.1,15636.6,13450.0,0.0,23457.1,0.0,17092.9,25027.7,19915.6,46355.6,105815.2,128652.3,91851.2,148
332.5,143400.0,29508.0,42412.0,29068.0,42412.0,68394.2,56363.1,15636.7,13450.1,0.0,23457.1,0.0,17092.5,25026.7,19908.9,46347.9,105821.9,128652.3,91851.3,148
333.6,143400.0,29508.0,42412.0,29068.0,42412.0,68394.2,56363.1,15636.7,13450.1,0.0,23457.4,0.0,17092.6,25027.0,19909.4,46348.7,105821.4,128652.3,91851.5,148
334.7,143400.0,29508.0,42412.0,29068.0,42412.0,68402.3,56371.3,15644.8,13458.2,0.0,23457.4,0.0,17099.8,25027.0,19915.4,46354.8,105815.3,128652.3,91859.7,148
335.7,143400.0,29508.0,42412.0,29068.0,42412.0,68402.3,56371.3,15644.8,13458.2,0.0,23457.4,0.0,17099.8,25027.1,19916.9,46356.3,105813.8,128652.3,91859.7,148
336.7,143400.0,29508.0,42412.0,29068.0,42412.0,68402.3,56371.3,15644.8,13458.2,0.0,23457.4,0.0,17099.8,25027.1,19918.4,46357.8,105812.3,128652.3,91859.7,148
337.7,143400.0,29508.0,42412.0,29068.0,42412.0,68405.5,56374.5,15648.0,13461.4,0.0,23457.4,0.0,17103.0,25028.6,19919.8,46360.7,105811.0,128652.3,91862.9,148
338.7,143400.0,29508.0,42412.0,29068.0,42412.0,68405.5,56374.5,15648.0,13461.4,0.0,23457.4,0.0,17100.6,25028.1,19915.5,46355.9,105815.3,128652.3,91862.9,148
339.8,143400.0,29508.0,42412.0,29068.0,42412.0,68405.5,56374.5,15648.0,13461.4,0.0,23457.6,0.0,17099.8,25027.9,19915.3,46355.5,105815.5,128652.3,91863.1,148
340.8,143400.0,29508.0,42412.0,29068.0,42412.0,68405.5,56374.5,15648.0,13461.4,0.0,23457.6,0.0,17099.8,25027.9,19911.7,46351.9,105819.1,128652.3,91863.1,148
341.8,143400.0,29508.0,42412.0,29068.0,42412.0,68405.5,56374.5,15648.0,13461.4,0.0,23457.6,0.0,17099.7,25027.9,19913.6,46353.8,105817.2,128652.3,91863.1,148
342.8,143400.0,29508.0,42412.0,29068.0,42412.0,68405.5,56374.5,15648.0,13461.4,0.0,23457.6,0.0,17099.8,25028.8,19918.7,46359.9,105812.0,128652.3,91863.1,148
343.9,143400.0,29508.0,42412.0,29068.0,42412.0,68355.7,56324.6,15598.2,13411.6,0.0,23457.6,0.0,17100.3,25028.0,19921.6,46361.9,105809.2,128652.3,91813.3,148
344.9,143400.0,29508.0,42412.0,29068.0,42412.0,68355.7,56324.6,15598.2,13411.6,0.0,23457.6,0.0,17050.0,25028.1,19870.6,46311.0,105860.2,128652.3,91813.3,148
345.9,143400.0,29508.0,42412.0,29068.0,42412.0,68362.0,56331.0,15604.6,13417.9,0.0,23457.6,0.0,17056.4,25027.7,19874.0,46314.1,105856.7,128652.3,91819.7,148
347.0,143400.0,29508.0,42412.0,29068.0,42412.0,68367.7,56336.7,15610.2,13423.6,0.0,23457.6,0.0,17056.5,25027.6,19874.5,46314.4,105856.3,128652.3,91825.4,148
348.0,143400.0,29508.0,42412.0,29068.0,42412.0,68367.7,56336.7,15610.2,13423.6,0.0,23457.8,0.0,17062.0,25027.5,19879.7,46319.6,105851.0,128652.3,91825.5,148
349.0,143400.0,29508.0,42412.0,29068.0,42412.0,68367.7,56336.7,15610.2,13423.6,0.0,23457.8,0.0,17062.1,25027.3,19881.7,46321.4,105849.0,128652.3,91825.5,148
350.1,143400.0,29508.0,42412.0,29068.0,42412.0,68369.0,56337.9,15611.5,13424.8,0.0,23457.8,0.0,17063.0,25027.8,19886.2,46326.4,105844.5,128652.3,91826.7,148
351.2,143400.0,29508.0,42412.0,29068.0,42412.0,68467.6,56436.6,15710.2,13523.5,0.0,23457.8,0.0,17160.9,25030.2,19991.7,46434.3,105739.0,128652.3,91925.4,148
352.2,143400.0,29508.0,42412.0,29068.0,42412.0,68467.6,56436.6,15710.2,13523.5,0.0,23457.9,0.0,17162.0,25027.6,19987.5,46427.5,105743.2,128652.3,91925.6,148
353.2,143400.0,29508.0,42412.0,29068.0,42412.0,68467.6,56436.6,15710.2,13523.5,0.0,23457.9,0.0,17162.0,25027.6,19987.1,46427.0,105743.7,128652.3,91925.6,148
354.2,143400.0,29508.0,42412.0,29068.0,42412.0,68468.7,56437.6,15711.2,13524.6,0.0,23457.9,0.0,17162.6,25028.7,19988.3,46429.3,105742.5,128652.3,91926.6,148
355.2,143400.0,29508.0,42412.0,29068.0,42412.0,68421.0,56390.0,15663.6,13476.9,0.0,23458.1,0.0,17163.1,25027.8,19986.8,46427.0,105743.9,128652.3,91879.1,148
356.2,143400.0,29508.0,42412.0,29068.0,42412.0,68449.3,56418.2,15691.8,13505.2,0.0,23458.1,0.0,17143.5,25028.0,19969.1,46409.4,105761.6,128652.3,91907.4,148
357.2,143400.0,29508.0,42412.0,29068.0,42412.0,68449.3,56418.3,15691.8,13505.2,0.0,23458.1,0.0,17143.8,25028.0,19973.9,46414.2,105756.9,128652.3,91907.4,148
358.2,143400.0,29508.0,42412.0,29068.0,42412.0,68449.3,56418.3,15691.8,13505.2,0.0,23458.1,0.0,17143.7,25028.0,19967.6,46408.0,105763.1,128652.3,91907.5,148
359.2,143400.0,29508.0,42412.0,29068.0,42412.0,68451.4,56420.3,15693.9,13507.3,0.0,23458.2,0.0,17160.1,25028.0,19985.2,46425.5,105745.6,128652.3,91909.5,148
360.2,143400.0,29508.0,42412.0,29068.0,42412.0,68451.4,56420.4,15693.9,13507.3,0.0,23458.2,0.0,17149.2,25027.8,19972.4,46412.5,105758.4,128652.3,91909.6,148
361.3,143400.0,29508.0,42412.0,29068.0,42412.0,68463.6,56432.5,15706.0,13519.4,0.0,23458.2,0.0,17161.1,25028.3,19977.4,46418.0,105753.4,128652.3,91921.7,148
362.3,143400.0,29508.0,42412.0,29068.0,42412.0,68463.6,56432.5,15706.1,13519.4,0.0,23458.2,0.0,17161.2,25028.0,19979.0,46419.4,105751.7,128652.3,91921.7,148
363.3,143400.0,29508.0,42412.0,29068.0,42412.0,68530.4,56499.3,15772.9,13586.3,0.0,23458.2,0.0,17168.7,25032.7,20029.2,46474.3,105701.5,128652.3,91988.6,148
364.5,143400.0,29508.0,42412.0,29068.0,42412.0,68482.0,56450.9,15724.5,13537.9,0.0,23458.2,0.0,17179.6,25028.3,20008.8,46449.5,105721.9,128652.3,91940.2,148
365.5,143400.0,29508.0,42412.0,29068.0,42412.0,68482.0,56450.9,15724.5,13537.9,0.0,23458.2,0.0,17179.6,25028.3,20013.6,46454.2,105717.1,128652.3,91940.2,148
366.5,143400.0,29508.0,42412.0,29068.0,42412.0,68482.4,56451.3,15724.9,13538.3,0.0,23458.2,0.0,17180.0,25028.5,20018.7,46459.6,105712.0,128652.3,91940.6,148
367.5,143400.0,29508.0,42412.0,29068.0,42412.0,68482.4,56451.3,15724.9,13538.3,0.0,23458.2,0.0,17180.0,25027.4,20010.2,46450.0,105720.5,128652.3,91940.6,148
368.5,143400.0,29508.0,42412.0,29068.0,42412.0,68482.4,56451.3,15724.9,13538.3,0.0,23458.2,0.0,17180.0,25027.4,20009.8,46449.6,105720.9,128652.3,91940.6,148
369.5,143400.0,29508.0,42412.0,29068.0,42412.0,68495.8,56464.8,15738.3,13551.7,0.0,23458.2,0.0,17190.5,25030.2,20021.6,46464.2,105709.1,128652.3,91954.0,148
370.6,143400.0,29508.0,42412.0,29068.0,42412.0,68496.1,56465.0,15738.5,13551.9,0.0,23458.2,0.0,17193.4,25029.9,20031.3,46473.5,105699.4,128652.3,91954.3,148
371.6,143400.0,29508.0,42412.0,29068.0,42412.0,68500.0,56469.0,15742.5,13555.9,0.0,23458.2,0.0,17197.6,25030.6,20042.9,46485.8,105687.8,128652.3,91958.2,148
372.6,143400.0,29508.0,42412.0,29068.0,42412.0,68501.0,56470.0,15743.5,13556.9,0.0,23458.2,0.0,17198.1,25032.5,20075.0,46519.9,105655.7,128652.3,91959.2,148
373.8,143400.0,29508.0,42412.0,29068.0,42412.0,68499.1,56468.0,15741.6,13555.0,0.0,23458.2,0.0,17196.7,25029.6,20042.3,46484.3,105688.5,128652.3,91957.3,148
374.8,143400.0,29508.0,42412.0,29068.0,42412.0,68499.1,56468.0,15741.6,13555.0,0.0,23458.2,0.0,17197.2,25029.4,20032.5,46474.3,105698.2,128652.3,91957.3,148
375.8,143400.0,29508.0,42412.0,29068.0,42412.0,68499.1,56468.0,15741.6,13555.0,0.0,23458.3,0.0,17196.7,25029.2,20034.2,46475.7,105696.5,128652.3,91957.4,148
376.9,143400.0,29508.0,42412.0,29068.0,42412.0,68510.3,56479.3,15752.8,13566.2,0.0,23458.3,0.0,17196.8,25029.1,20035.8,46477.3,105694.9,128652.3,91968.6,148
377.9,143400.0,29508.0,42412.0,29068.0,42412.0,68509.3,56478.3,15751.8,13565.2,0.0,23458.3,0.0,17206.9,25028.7,20040.6,46481.7,105690.1,128652.3,91967.7,148
379.0,143400.0,29508.0,42412.0,29068.0,42412.0,68566.1,56535.1,15808.6,13622.0,0.0,23458.4,0.0,17277.1,25030.7,20160.0,46603.0,105570.8,128652.3,92024.5,148
380.0,143400.0,29508.0,42412.0,29068.0,42412.0,68515.5,56484.4,15758.0,13571.4,0.0,23458.4,0.0,17213.1,25029.2,20052.2,46493.8,105678.5,128652.3,91973.9,148
381.0,143400.0,29508.0,42412.0,29068.0,42412.0,68515.5,56484.4,15758.0,13571.4,0.0,23458.4,0.0,17213.1,25029.2,20054.0,46495.6,105676.7,128652.3,91973.9,148
382.0,143400.0,29508.0,42412.0,29068.0,42412.0,68528.1,56497.0,15770.6,13584.0,0.0,23458.4,0.0,17202.6,25028.8,20045.7,46486.8,105685.0,128652.3,91986.4,148
383.1,143400.0,29508.0,42412.0,29068.0,42412.0,68539.6,56508.6,15782.1,13595.5,0.0,23458.4,0.0,17237.3,25029.1,20072.1,46513.5,105658.6,128652.3,91998.0,148
384.1,143400.0,29508.0,42412.0,29068.0,42412.0,68539.6,56508.6,15782.1,13595.5,0.0,23458.4,0.0,17237.3,25029.1,20070.9,46512.4,105659.8,128652.3,91998.0,148
385.2,143400.0,29508.0,42412.0,29068.0,42412.0,68539.6,56508.6,15782.1,13595.5,0.0,23458.4,0.0,17236.7,25029.0,20075.2,46516.6,105655.5,128652.3,91998.0,148
386.2,143400.0,29508.0,42412.0,29068.0,42412.0,68539.6,56508.6,15782.1,13595.5,0.0,23458.4,0.0,17236.8,25028.5,20073.3,46514.2,105657.4,128652.3,91998.0,148
387.3,143400.0,29508.0,42412.0,29068.0,42412.0,68539.6,56508.6,15782.1,13595.5,0.0,23458.4,0.0,17236.6,25028.5,20069.4,46510.2,105661.3,128652.3,91998.0,148
388.3,143400.0,29508.0,42412.0,29068.0,42412.0,68539.6,56508.6,15782.1,13595.5,0.0,23458.4,0.0,17236.7,25028.2,20070.5,46511.2,105660.1,128652.3,91998.0,148
389.4,143400.0,29508.0,42412.0,29068.0,42412.0,68539.6,56508.6,15782.1,13595.5,0.0,23458.5,0.0,17235.2,25027.8,20068.8,46509.0,105661.9,128652.3,91998.1,148
390.5,143400.0,29508.0,42412.0,29068.0,42412.0,68539.6,56508.6,15782.1,13595.5,0.0,23458.6,0.0,17249.8,25028.0,20082.6,46522.9,105648.1,128652.3,91998.2,148
391.5,143400.0,29508.0,42412.0,29068.0,42412.0,68539.6,56508.6,15782.1,13595.5,0.0,23458.6,0.0,17237.2,25028.0,20071.6,46512.0,105659.1,128652.3,91998.2,148
392.6,143400.0,29508.0,42412.0,29068.0,42412.0,68544.4,56513.3,15786.5,13600.3,0.0,23458.6,0.0,17258.3,25029.1,20095.7,46537.2,105635.0,128652.3,92003.0,148
393.6,143400.0,29508.0,42412.0,29068.0,42412.0,68544.4,56513.3,15786.9,13600.3,0.0,23458.6,0.0,17242.6,25028.8,20087.5,46528.6,105643.2,128652.3,92003.0,148
394.7,143400.0,29508.0,42412.0,29068.0,42412.0,68558.0,56526.9,15800.5,13613.9,0.0,23458.6,0.0,17256.0,25031.0,20129.8,46573.1,105600.9,128652.3,92016.6,148
395.8,143400.0,29508.0,42412.0,29068.0,42412.0,68558.0,56526.9,15800.5,13613.9,0.0,23458.6,0.0,17256.4,25028.6,20101.9,46542.9,105628.8,128652.3,92016.6,148
396.8,143400.0,29508.0,42412.0,29068.0,42412.0,68559.5,56528.4,15802.0,13615.4,0.0,23458.7,0.0,17257.6,25028.4,20102.4,46543.2,105628.3,128652.3,92018.2,148
397.8,143400.0,29508.0,42412.0,29068.0,42412.0,68559.5,56528.4,15802.0,13615.4,0.0,23458.7,0.0,17257.8,25028.1,20105.7,46546.2,105625.0,128652.3,92018.2,148
398.8,143400.0,29508.0,42412.0,29068.0,42412.0,68559.5,56528.4,15802.0,13615.4,0.0,23458.7,0.0,17257.7,25028.1,20105.8,46546.3,105624.9,128652.3,92018.2,148
399.8,143400.0,29508.0,42412.0,29068.0,42412.0,68559.5,56528.4,15802.0,13615.4,0.0,23458.7,0.0,17257.7,25028.2,20107.6,46548.1,105623.1,128652.3,92018.2,148
400.9,143400.0,29508.0,42412.0,29068.0,42412.0,68571.3,56540.2,15813.8,13627.2,0.0,23458.7,0.0,17269.6,25029.0,20118.7,46560.1,105612.0,128652.3,92030.0,148
401.9,143400.0,29508.0,42412.0,29068.0,42412.0,68573.8,56542.8,15816.3,13629.7,0.0,23458.7,0.0,17272.0,25029.7,20115.9,46558.0,105614.8,128652.3,92032.5,148
403.0,143400.0,29508.0,42412.0,29068.0,42412.0,68564.6,56533.6,15807.1,13620.5,0.0,23458.7,0.0,17262.8,25029.6,20101.2,46543.2,105629.5,128652.3,92023.3,148
404.0,143400.0,29508.0,42412.0,29068.0,42412.0,68566.4,56535.3,15808.9,13622.3,0.0,23458.7,0.0,17264.3,25029.8,20103.7,46545.9,105627.0,128652.3,92025.1,148
405.1,143400.0,29508.0,42412.0,29068.0,42412.0,68579.6,56548.6,15822.1,13635.5,0.0,23458.7,0.0,17277.2,25029.5,20118.8,46560.7,105611.9,128652.3,92038.4,148
406.2,143400.0,29508.0,42412.0,29068.0,42412.0,68580.5,56549.4,15823.0,13636.3,0.0,23458.7,0.0,17278.7,25030.1,20126.2,46568.7,105604.5,128652.3,92039.2,148
407.4,143400.0,29508.0,42412.0,29068.0,42412.0,68572.0,56541.0,15814.5,13627.9,0.0,23458.8,0.0,17269.9,25030.5,20107.4,46550.3,105623.3,128652.3,92030.8,148
408.4,143400.0,29508.0,42412.0,29068.0,42412.0,68594.1,56563.0,15836.6,13650.0,0.0,23458.8,0.0,17292.4,25030.3,20137.3,46580.1,105593.3,128652.3,92052.8,148
409.5,143400.0,29508.0,42412.0,29068.0,42412.0,68597.4,56566.3,15839.9,13653.3,0.0,23458.8,0.0,17294.8,25031.2,20147.9,46591.5,105582.7,128652.3,92056.1,148
410.6,143400.0,29508.0,42412.0,29068.0,42412.0,68598.0,56567.0,15840.5,13653.9,0.0,23458.9,0.0,17296.3,25030.2,20140.4,46583.1,105590.2,128652.3,92056.9,148
411.7,143400.0,29508.0,42412.0,29068.0,42412.0,68597.0,56566.0,15839.5,13652.9,0.0,23458.9,0.0,17295.4,25030.0,20138.3,46580.7,105592.4,128652.3,92055.9,148
412.7,143400.0,29508.0,42412.0,29068.0,42412.0,68597.0,56566.0,15839.5,13652.9,0.0,23458.9,0.0,17295.3,25029.8,20137.9,46580.1,105592.7,128652.3,92056.0,148
413.8,143400.0,29508.0,42412.0,29068.0,42412.0,68612.0,56580.9,15854.5,13667.9,0.0,23458.9,0.0,17310.1,25030.3,20152.2,46594.9,105578.5,128652.3,92070.9,148
414.9,143400.0,29508.0,42412.0,29068.0,42412.0,68569.4,56538.3,15811.9,13625.3,0.0,23458.9,0.0,17267.7,25029.7,20096.8,46538.8,105633.9,128652.3,92028.3,148
416.0,143400.0,29508.0,42412.0,29068.0,42412.0,68575.5,56544.4,15818.0,13631.4,0.0,23459.0,0.0,17273.7,25029.7,20107.6,46549.7,105623.0,128652.3,92034.5,148
417.0,143400.0,29508.0,42412.0,29068.0,42412.0,68630.1,56599.1,15872.6,13686.0,0.0,23459.0,0.0,17307.5,25029.5,20148.5,46590.4,105582.2,128652.3,92089.1,148
418.1,143400.0,29508.0,42412.0,29068.0,42412.0,68579.6,56548.6,15822.1,13635.5,0.0,23459.0,0.0,17278.0,25030.0,20105.7,46548.1,105624.9,128652.3,92038.6,148
419.2,143400.0,29508.0,42412.0,29068.0,42412.0,68579.7,56548.6,15822.2,13635.5,0.0,23459.0,0.0,17278.0,25030.0,20110.2,46552.6,105620.4,128652.3,92038.6,148
420.3,143400.0,29508.0,42412.0,29068.0,42412.0,68579.7,56548.6,15822.2,13635.5,0.0,23459.0,0.0,17275.4,25029.6,20106.4,46548.4,105624.2,128652.3,92038.6,148
421.3,143400.0,29508.0,42412.0,29068.0,42412.0,68579.7,56548.6,15822.2,13635.6,0.0,23459.0,0.0,17274.8,25029.6,20109.4,46551.4,105621.3,128652.3,92038.6,148
422.4,143400.0,29508.0,42412.0,29068.0,42412.0,68579.7,56548.6,15822.2,13635.6,0.0,23459.0,0.0,17274.8,25030.2,20108.8,46551.4,105621.9,128652.3,92038.7,148
423.4,143400.0,29508.0,42412.0,29068.0,42412.0,68579.7,56548.6,15822.2,13635.6,0.0,23459.0,0.0,17274.8,25029.6,20105.6,46547.5,105625.1,128652.3,92038.7,148
424.4,143400.0,29508.0,42412.0,29068.0,42412.0,68579.7,56548.6,15822.2,13635.6,0.0,23459.1,0.0,17274.8,25029.7,20105.2,46547.3,105625.4,128652.3,92038.8,148
425.5,143400.0,29508.0,42412.0,29068.0,42412.0,68579.7,56548.6,15822.2,13635.6,0.0,23459.1,0.0,17274.8,25029.7,20103.9,46546.0,105626.7,128652.3,92038.8,148
426.5,143400.0,29508.0,42412.0,29068.0,42412.0,68579.7,56548.6,15822.2,13635.6,0.0,23459.1,0.0,17275.0,25029.7,20103.4,46545.5,105627.2,128652.3,92038.8,148
427.6,143400.0,29508.0,42412.0,29068.0,42412.0,68579.7,56548.6,15822.2,13635.6,0.0,23459.1,0.0,17274.8,25029.3,20104.0,46545.7,105626.7,128652.3,92038.8,148
428.6,143400.0,29508.0,42412.0,29068.0,42412.0,68579.7,56548.6,15822.2,13635.6,0.0,23459.1,0.0,17275.0,25029.3,20102.1,46543.8,105628.5,128652.3,92038.8,148
429.7,143400.0,29508.0,42412.0,29068.0,42412.0,68579.7,56548.6,15822.2,13635.6,0.0,23459.1,0.0,17274.8,25029.3,20103.6,46545.3,105627.0,128652.3,92038.8,148
430.7,143400.0,29508.0,42412.0,29068.0,42412.0,68579.7,56548.6,15822.2,13635.6,0.0,23459.2,0.0,17274.6,25029.3,20102.4,46544.1,105628.3,128652.3,92038.8,148
431.7,143400.0,29508.0,42412.0,29068.0,42412.0,68579.7,56548.6,15822.2,13635.6,0.0,23459.2,0.0,17274.8,25029.3,20106.4,46548.2,105624.2,128652.3,92038.8,148
432.7,143478.0,29586.0,42412.0,29068.0,42412.0,68589.3,56558.3,15831.9,13645.2,0.0,23459.2,0.0,17274.9,25029.6,20106.9,46548.9,105623.8,128652.3,92048.5,148
433.8,143478.0,29586.0,42412.0,29068.0,42412.0,68590.8,56559.7,15833.3,13646.7,0.0,23459.2,0.0,17284.5,25029.8,20111.1,46553.3,105619.5,128652.3,92049.9,148
434.8,143478.0,29586.0,42412.0,29068.0,42412.0,68590.8,56559.7,15833.3,13646.7,0.0,23459.2,0.0,17285.9,25029.8,20112.3,46554.6,105618.3,128652.3,92049.9,148
435.8,143478.0,29586.0,42412.0,29068.0,42412.0,68590.8,56559.7,15833.3,13646.7,0.0,23459.2,0.0,17285.9,25029.8,20114.2,46556.5,105616.4,128652.3,92050.0,148
436.8,143478.0,29586.0,42412.0,29068.0,42412.0,68590.8,56559.7,15833.3,13646.7,0.0,23459.2,0.0,17286.1,25029.8,20107.0,46549.2,105623.7,128652.3,92050.0,148
437.8,143478.0,29586.0,42412.0,29068.0,42412.0,68590.8,56559.7,15833.3,13646.7,0.0,23459.2,0.0,17285.9,25030.0,20106.8,46549.2,105623.8,128652.3,92050.0,148
438.8,143478.0,29586.0,42412.0,29068.0,42412.0,68606.9,56575.9,15849.4,13662.8,0.0,23459.2,0.0,17286.0,25030.4,20157.2,46600.0,105573.4,128652.3,92066.1,148
439.8,143478.0,29586.0,42412.0,29068.0,42412.0,68606.9,56575.9,15849.4,13662.8,0.0,23459.2,0.0,17302.2,25030.2,20126.6,46569.3,105604.0,128652.3,92066.1,148
440.8,143478.0,29586.0,42412.0,29068.0,42412.0,68606.9,56575.9,15849.4,13662.8,0.0,23459.2,0.0,17305.2,25029.9,20128.0,46570.4,105602.7,128652.3,92066.2,148
441.8,143478.0,29586.0,42412.0,29068.0,42412.0,68606.9,56575.9,15849.4,13662.8,0.0,23459.2,0.0,17305.6,25029.9,20129.0,46571.4,105601.6,128652.3,92066.2,148
442.9,143478.0,29586.0,42412.0,29068.0,42412.0,68606.9,56575.9,15849.4,13662.8,0.0,23459.2,0.0,17305.4,25030.0,20129.1,46571.5,105601.6,128652.3,92066.2,148
443.9,143478.0,29586.0,42412.0,29068.0,42412.0,68606.9,56575.9,15849.4,13662.8,0.0,23459.2,0.0,17305.4,25030.0,20136.1,46578.6,105594.5,128652.3,92066.2,148
445.0,143478.0,29586.0,42412.0,29068.0,42412.0,68606.9,56575.9,15849.4,13662.8,0.0,23459.4,0.0,17305.8,25030.1,20131.0,46573.6,105599.6,128652.3,92066.3,148
446.0,143478.0,29586.0,42412.0,29068.0,42412.0,68607.0,56575.9,15849.5,13662.9,0.0,23459.4,0.0,17305.9,25030.3,20133.1,46575.8,105597.5,128652.3,92066.3,148
447.1,143478.0,29586.0,42412.0,29068.0,42412.0,68607.0,56575.9,15849.5,13662.9,0.0,23459.4,0.0,17305.7,25030.3,20134.7,46577.4,105596.0,128652.3,92066.3,148
448.1,143478.0,29586.0,42412.0,29068.0,42412.0,68607.0,56575.9,15849.5,13662.9,0.0,23459.4,0.0,17305.8,25030.3,20132.8,46575.5,105597.8,128652.3,92066.3,148
449.2,143478.0,29586.0,42412.0,29068.0,42412.0,68607.0,56575.9,15849.5,13662.9,0.0,23459.4,0.0,17305.8,25030.0,20124.6,46567.1,105606.0,128652.3,92066.4,148
450.3,143478.0,29586.0,42412.0,29068.0,42412.0,68607.0,56576.0,15849.5,13662.9,0.0,23459.4,0.0,17306.1,25029.8,20127.1,46569.3,105603.5,128652.3,92066.4,148
451.3,143478.0,29586.0,42412.0,29068.0,42412.0,68607.0,56576.0,15849.5,13662.9,0.0,23459.4,0.0,17306.1,25029.7,20127.2,46569.4,105603.4,128652.3,92066.4,148
452.3,143478.0,29586.0,42412.0,29068.0,42412.0,68607.0,56576.0,15849.5,13662.9,0.0,23459.4,0.0,17306.2,25029.7,20127.0,46569.2,105603.6,128652.3,92066.4,148
453.4,143478.0,29586.0,42412.0,29068.0,42412.0,68607.0,56576.0,15849.5,13662.9,0.0,23459.4,0.0,17306.2,25029.7,20127.0,46569.2,105603.6,128652.3,92066.4,148
454.4,143478.0,29586.0,42412.0,29068.0,42412.0,68607.0,56576.0,15849.5,13662.9,0.0,23459.4,0.0,17303.8,25029.8,20124.3,46566.6,105606.3,128652.3,92066.4,148
455.5,143478.0,29586.0,42412.0,29068.0,42412.0,68574.8,56543.8,15817.3,13630.7,0.0,23459.4,0.0,17271.4,25030.4,20093.4,46536.3,105637.2,128652.3,92034.2,148
456.5,143478.0,29586.0,42412.0,29068.0,42412.0,68574.8,56543.8,15817.3,13630.7,0.0,23459.4,0.0,17271.1,25030.4,20095.4,46538.2,105635.2,128652.3,92034.2,148
457.5,143478.0,29586.0,42412.0,29068.0,42412.0,68574.8,56543.8,15817.3,13630.7,0.0,23459.4,0.0,17271.3,25030.3,20096.7,46539.6,105633.9,128652.3,92034.3,148
458.6,143478.0,29586.0,42412.0,29068.0,42412.0,68574.9,56543.8,15817.3,13630.7,0.0,23459.4,0.0,17271.2,25030.3,20097.8,46540.6,105632.8,128652.3,92034.3,148
459.7,143478.0,29586.0,42412.0,29068.0,42412.0,68574.9,56543.8,15817.3,13630.7,0.0,23459.4,0.0,17271.2,25031.3,20102.4,46546.2,105628.2,128652.3,92034.3,148
460.8,143478.0,29586.0,42412.0,29068.0,42412.0,68574.9,56543.8,15817.3,13630.7,0.0,23459.5,0.0,17271.2,25030.6,20104.4,46547.5,105626.2,128652.3,92034.4,148
461.8,143478.0,29586.0,42412.0,29068.0,42412.0,68581.6,56550.5,15824.1,13637.5,0.0,23459.5,0.0,17278.3,25030.3,20104.4,46547.1,105626.2,128652.3,92041.1,148
462.9,143478.0,29586.0,42412.0,29068.0,42412.0,68581.6,56550.5,15824.1,13637.5,0.0,23459.5,0.0,17278.0,25031.0,20105.2,46548.7,105625.4,128652.3,92041.1,148
463.9,143478.0,29586.0,42412.0,29068.0,42412.0,68604.0,56572.9,15846.4,13659.8,0.0,23459.5,0.0,17297.6,25030.4,20128.7,46571.6,105601.9,128652.3,92063.5,148
465.0,143478.0,29586.0,42412.0,29068.0,42412.0,68604.0,56572.9,15846.4,13659.8,0.0,23459.6,0.0,17300.5,25030.0,20128.4,46570.8,105602.2,128652.3,92063.5,148
466.0,143478.0,29586.0,42412.0,29068.0,42412.0,68604.0,56572.9,15846.5,13659.9,0.0,23459.6,0.0,17300.5,25030.0,20128.6,46571.0,105602.0,128652.3,92063.5,148
467.1,143478.0,29586.0,42412.0,29068.0,42412.0,68604.0,56572.9,15846.5,13659.9,0.0,23459.6,0.0,17300.5,25029.8,20123.5,46565.7,105607.2,128652.3,92063.5,148
468.1,143478.0,29586.0,42412.0,29068.0,42412.0,68604.0,56572.9,15846.5,13659.9,0.0,23459.6,0.0,17300.6,25029.8,20124.7,46566.9,105605.9,128652.3,92063.6,148
469.2,143478.0,29586.0,42412.0,29068.0,42412.0,68604.0,56572.9,15846.5,13659.9,0.0,23459.6,0.0,17300.5,25029.3,20127.8,46569.6,105602.8,128652.3,92063.6,148
470.3,143478.0,29586.0,42412.0,29068.0,42412.0,68604.0,56572.9,15846.5,13659.9,0.0,23459.6,0.0,17324.4,25029.9,20154.2,46596.5,105576.4,128652.3,92063.6,148
471.3,143478.0,29586.0,42412.0,29068.0,42412.0,68604.0,56572.9,15846.5,13659.9,0.0,23459.6,0.0,17312.7,25029.9,20151.3,46593.6,105579.3,128652.3,92063.6,148
472.4,143478.0,29586.0,42412.0,29068.0,42412.0,68604.0,56572.9,15846.5,13659.9,0.0,23459.7,0.0,17300.7,25030.0,20140.1,46582.6,105590.5,128652.3,92063.7,148
473.4,143478.0,29586.0,42412.0,29068.0,42412.0,68605.9,56574.8,15848.4,13661.8,0.0,23459.7,0.0,17302.6,25030.3,20142.0,46584.7,105588.6,128652.3,92065.6,148
474.5,143478.0,29586.0,42412.0,29068.0,42412.0,68609.8,56578.7,15852.3,13665.7,0.0,23459.7,0.0,17303.0,25030.3,20142.0,46584.8,105588.6,128652.3,92069.5,148
475.6,143478.0,29586.0,42412.0,29068.0,42412.0,68609.8,56578.8,15852.3,13665.7,0.0,23459.7,0.0,17306.5,25030.1,20141.2,46583.9,105589.4,128652.3,92069.6,148
476.6,143478.0,29586.0,42412.0,29068.0,42412.0,68609.8,56578.8,15852.3,13665.7,0.0,23459.7,0.0,17308.3,25030.0,20144.3,46586.7,105586.3,128652.3,92069.6,148
477.7,143478.0,29586.0,42412.0,29068.0,42412.0,68609.8,56578.8,15852.3,13665.7,0.0,23459.8,0.0,17308.9,25030.0,20145.3,46587.8,105585.3,128652.3,92069.6,148
478.7,143478.0,29586.0,42412.0,29068.0,42412.0,68609.8,56578.8,15852.3,13665.7,0.0,23459.8,0.0,17308.7,25030.1,20144.4,46586.9,105586.2,128652.3,92069.6,148
479.8,143478.0,29586.0,42412.0,29068.0,42412.0,68609.9,56578.8,15852.3,13665.8,0.0,23459.8,0.0,17308.8,25029.7,20140.2,46582.4,105590.4,128652.3,92069.6,148
480.8,143478.0,29586.0,42412.0,29068.0,42412.0,68631.4,56600.3,15873.8,13687.3,0.0,23459.8,0.0,17329.9,25032.1,20167.5,46612.1,105563.1,128652.3,92091.1,148
481.9,143478.0,29586.0,42412.0,29068.0,42412.0,68571.5,56540.5,15814.0,13627.4,0.0,23459.8,0.0,17268.3,25030.1,20099.4,46542.0,105631.2,128652.3,92031.3,148
482.9,143478.0,29586.0,42412.0,29068.0,42412.0,68631.4,56600.3,15873.8,13687.3,0.0,23459.8,0.0,17328.1,25030.0,20160.9,46603.4,105569.7,128652.3,92091.1,148
483.9,143478.0,29586.0,42412.0,29068.0,42412.0,68631.5,56600.4,15873.9,13687.3,0.0,23459.8,0.0,17330.0,25030.0,20158.6,46601.1,105572.0,128652.3,92091.2,148
485.0,143478.0,29586.0,42412.0,29068.0,42412.0,68631.5,56600.4,15874.0,13687.4,0.0,23459.8,0.0,17330.4,25030.4,20156.8,46599.7,105573.8,128652.3,92091.3,148
486.0,143478.0,29586.0,42412.0,29068.0,42412.0,68631.6,56600.5,15874.1,13687.5,0.0,23459.8,0.0,17330.5,25030.3,20159.4,46602.2,105571.2,128652.3,92091.4,148
487.0,143478.0,29586.0,42412.0,29068.0,42412.0,68577.9,56546.8,15820.3,13633.8,0.0,23459.8,0.0,17330.6,25030.5,20159.1,46602.1,105571.5,128652.3,92037.7,148
488.0,143478.0,29586.0,42412.0,29068.0,42412.0,68577.9,56546.8,15820.4,13633.8,0.0,23459.8,0.0,17275.0,25029.8,20106.1,46548.4,105624.4,128652.3,92037.7,148
489.0,143478.0,29586.0,42412.0,29068.0,42412.0,68607.0,56575.9,15849.5,13662.9,0.0,23459.8,0.0,17303.7,25030.2,20128.4,46571.2,105602.1,128652.3,92066.8,148
490.1,143478.0,29586.0,42412.0,29068.0,42412.0,68607.0,56576.0,15849.5,13662.9,0.0,23459.8,0.0,17304.5,25029.9,20129.3,46571.7,105601.2,128652.3,92066.8,148
491.1,143478.0,29586.0,42412.0,29068.0,42412.0,68607.0,56576.0,15849.5,13662.9,0.0,23459.8,0.0,17304.5,25029.9,20132.3,46574.7,105598.2,128652.3,92066.9,148
492.1,143478.0,29586.0,42412.0,29068.0,42412.0,68607.0,56576.0,15849.5,13662.9,0.0,23459.8,0.0,17304.5,25029.9,20131.6,46574.0,105598.9,128652.3,92066.9,148
493.1,143478.0,29586.0,42412.0,29068.0,42412.0,68607.0,56576.0,15849.5,13662.9,0.0,23460.0,0.0,17304.5,25030.0,20132.1,46574.6,105598.5,128652.3,92067.0,148
494.1,143478.0,29586.0,42412.0,29068.0,42412.0,68607.0,56576.0,15849.5,13662.9,0.0,23460.0,0.0,17304.5,25029.9,20130.4,46572.8,105600.2,128652.3,92067.0,148
495.2,143478.0,29586.0,42412.0,29068.0,42412.0,68607.1,56576.0,15849.6,13663.0,0.0,23460.0,0.0,17305.0,25030.8,20128.1,46571.4,105602.5,128652.3,92067.1,148
496.2,143478.0,29586.0,42412.0,29068.0,42412.0,68607.1,56576.0,15849.6,13663.0,0.0,23460.1,0.0,17304.6,25030.0,20127.2,46569.8,105603.3,128652.3,92067.1,148
497.2,143478.0,29586.0,42412.0,29068.0,42412.0,68607.1,56576.1,15849.6,13663.0,0.0,23460.1,0.0,17304.7,25029.8,20123.3,46565.6,105607.3,128652.3,92067.2,148
498.2,143478.0,29586.0,42412.0,29068.0,42412.0,68572.9,56541.9,15815.4,13628.8,0.0,23460.1,0.0,17323.4,25031.3,20150.5,46594.3,105580.1,128652.3,92033.0,148
499.2,143478.0,29586.0,42412.0,29068.0,42412.0,68631.8,56600.8,15874.3,13687.7,0.0,23460.1,0.0,17283.3,25029.9,20111.4,46553.9,105619.1,128652.3,92091.9,148
500.3,143478.0,29586.0,42412.0,29068.0,42412.0,68596.8,56565.8,15839.3,13652.7,0.0,23460.1,0.0,17294.4,25029.9,20117.2,46559.7,105613.3,128652.3,92057.0,148
501.4,143478.0,29586.0,42412.0,29068.0,42412.0,68596.8,56565.8,15839.4,13652.7,0.0,23460.1,0.0,17291.2,25029.9,20115.8,46558.3,105614.7,128652.3,92057.0,148
502.4,143478.0,29586.0,42412.0,29068.0,42412.0,68596.8,56565.8,15839.4,13652.7,0.0,23460.1,0.0,17291.4,25029.9,20116.5,46558.9,105614.1,128652.3,92057.0,148
503.4,143478.0,29586.0,42412.0,29068.0,42412.0,68596.9,56565.8,15839.4,13652.7,0.0,23460.1,0.0,17291.2,25030.0,20116.8,46559.3,105613.8,128652.3,92057.0,148
504.4,143478.0,29586.0,42412.0,29068.0,42412.0,68596.9,56565.8,15839.4,13652.7,0.0,23460.1,0.0,17291.2,25029.9,20120.1,46562.5,105610.5,128652.3,92057.0,148
505.4,143478.0,29586.0,42412.0,29068.0,42412.0,68596.9,56565.8,15839.4,13652.7,0.0,23460.1,0.0,17291.7,25029.9,20117.8,46560.2,105612.8,128652.3,92057.0,148
506.5,143478.0,29586.0,42412.0,29068.0,42412.0,68596.9,56565.8,15839.4,13652.7,0.0,23460.1,0.0,17291.4,25029.9,20117.0,46559.4,105613.6,128652.3,92057.0,148
507.5,143478.0,29586.0,42412.0,29068.0,42412.0,68596.9,56565.8,15839.4,13652.7,0.0,23460.2,0.0,17291.0,25031.0,20128.9,46572.5,105601.6,128652.3,92057.0,148
508.6,143478.0,29586.0,42412.0,29068.0,42412.0,68596.9,56565.8,15839.4,13652.7,0.0,23460.3,0.0,17291.4,25030.8,20126.7,46570.1,105603.8,128652.3,92057.1,148
509.7,143478.0,29586.0,42412.0,29068.0,42412.0,68596.9,56565.8,15839.4,13652.7,0.0,23460.3,0.0,17291.5,25030.8,20124.3,46567.7,105606.2,128652.3,92057.1,148
510.7,143478.0,29586.0,42412.0,29068.0,42412.0,68628.5,56597.5,15871.0,13684.4,0.0,23460.3,0.0,17323.1,25030.6,20160.9,46604.1,105569.6,128652.3,92088.8,148
511.8,143478.0,29586.0,42412.0,29068.0,42412.0,68628.5,56597.5,15871.0,13684.4,0.0,23460.3,0.0,17323.2,25030.6,20160.5,46603.7,105570.0,128652.3,92088.8,148
512.9,143478.0,29586.0,42412.0,29068.0,42412.0,68628.5,56597.5,15871.0,13684.4,0.0,23460.3,0.0,17323.1,25030.6,20161.1,46604.3,105569.4,128652.3,92088.8,148
513.9,143478.0,29586.0,42412.0,29068.0,42412.0,68628.5,56597.5,15871.0,13684.4,0.0,23460.3,0.0,17323.1,25030.6,20160.4,46603.6,105570.1,128652.3,92088.8,148
514.9,143478.0,29586.0,42412.0,29068.0,42412.0,68628.5,56597.5,15871.0,13684.4,0.0,23460.3,0.0,17323.2,25030.5,20159.4,46602.4,105571.2,128652.3,92088.8,148
515.9,143478.0,29586.0,42412.0,29068.0,42412.0,68574.1,56543.0,15816.6,13630.0,0.0,23460.3,0.0,17326.6,25033.3,20160.4,46606.3,105570.1,128652.3,92034.4,148
517.0,143478.0,29586.0,42412.0,29068.0,42412.0,68577.2,56546.1,15819.7,13633.1,0.0,23460.3,0.0,17271.9,25030.5,20094.8,46537.9,105635.7,128652.3,92037.5,148
518.0,143478.0,29586.0,42412.0,29068.0,42412.0,68577.2,56546.2,15819.7,13633.1,0.0,23460.3,0.0,17271.9,25030.9,20095.3,46538.7,105635.2,128652.3,92037.5,148
519.0,143478.0,29586.0,42412.0,29068.0,42412.0,68577.2,56546.2,15819.7,13633.1,0.0,23460.3,0.0,17271.9,25030.9,20095.2,46538.6,105635.3,128652.3,92037.5,148
520.0,143478.0,29586.0,42412.0,29068.0,42412.0,68577.2,56546.2,15819.7,13633.1,0.0,23460.3,0.0,17269.4,25030.2,20090.8,46533.6,105639.7,128652.3,92037.5,148
521.1,143478.0,29586.0,42412.0,29068.0,42412.0,68577.2,56546.2,15819.7,13633.1,0.0,23460.3,0.0,17271.0,25030.2,20092.3,46535.0,105638.3,128652.3,92037.5,148
522.1,143478.0,29586.0,42412.0,29068.0,42412.0,68577.2,56546.2,15819.7,13633.1,0.0,23460.3,0.0,17272.6,25030.0,20095.4,46537.9,105635.2,128652.3,92037.6,148
523.1,143478.0,29586.0,42412.0,29068.0,42412.0,68590.8,56559.8,15833.3,13646.7,0.0,23460.4,0.0,17286.1,25030.2,20112.8,46555.5,105617.7,128652.3,92051.2,148
524.2,143478.0,29586.0,42412.0,29068.0,42412.0,68590.8,56559.8,15833.3,13646.7,0.0,23460.4,0.0,17286.1,25030.4,20113.5,46556.4,105617.1,128652.3,92051.2,148
525.2,143478.0,29586.0,42412.0,29068.0,42412.0,68590.8,56559.8,15833.3,13646.7,0.0,23460.4,0.0,17286.1,25030.4,20113.1,46556.1,105617.4,128652.3,92051.2,148
526.2,143478.0,29586.0,42412.0,29068.0,42412.0,68590.8,56559.8,15833.3,13646.7,0.0,23460.4,0.0,17286.1,25030.4,20113.6,46556.6,105616.9,128652.3,92051.2,148
527.3,143478.0,29586.0,42412.0,29068.0,42412.0,68590.8,56559.8,15833.3,13646.7,0.0,23460.4,0.0,17286.2,25030.4,20114.1,46557.1,105616.4,128652.3,92051.2,148
528.3,143478.0,29586.0,42412.0,29068.0,42412.0,68590.8,56559.8,15833.3,13646.7,0.0,23460.4,0.0,17286.1,25030.2,20114.2,46557.0,105616.3,128652.3,92051.2,148
529.3,143478.0,29586.0,42412.0,29068.0,42412.0,68590.8,56559.8,15833.3,13646.7,0.0,23460.5,0.0,17286.2,25030.3,20112.7,46555.6,105617.8,128652.3,92051.3,148
530.4,143478.0,29586.0,42412.0,29068.0,42412.0,68590.8,56559.8,15833.3,13646.7,0.0,23460.5,0.0,17286.1,25030.9,20110.9,46554.4,105619.6,128652.3,92051.3,148
531.4,143478.0,29586.0,42412.0,29068.0,42412.0,68590.8,56559.8,15833.3,13646.7,0.0,23460.5,0.0,17286.3,25030.9,20112.4,46555.8,105618.1,128652.3,92051.3,148
532.4,143478.0,29586.0,42412.0,29068.0,42412.0,68590.8,56559.8,15833.3,13646.7,0.0,23460.5,0.0,17286.6,25031.0,20112.4,46556.0,105618.1,128652.3,92051.3,148
533.4,143478.0,29586.0,42412.0,29068.0,42412.0,68590.9,56559.8,15833.4,13646.7,0.0,23460.5,0.0,17286.2,25031.0,20112.5,46556.1,105618.1,128652.3,92051.4,148
534.4,143478.0,29586.0,42412.0,29068.0,42412.0,68590.9,56559.8,15833.4,13646.8,0.0,23460.5,0.0,17287.3,25031.0,20113.3,46556.9,105617.2,128652.3,92051.4,148
535.5,143478.0,29586.0,42412.0,29068.0,42412.0,68594.7,56563.6,15837.2,13650.5,0.0,23460.5,0.0,17290.8,25034.0,20137.2,46583.8,105593.3,128652.3,92055.2,148
536.5,143478.0,29586.0,42412.0,29068.0,42412.0,68596.8,56565.8,15839.3,13652.7,0.0,23460.5,0.0,17292.7,25042.6,20189.2,46644.4,105541.3,128652.3,92057.3,148
537.6,143478.0,29586.0,42412.0,29068.0,42412.0,68602.8,56571.7,15845.3,13658.7,0.0,23460.5,0.0,17298.8,25031.4,20140.5,46584.5,105590.0,128652.3,92063.3,148
538.7,143478.0,29586.0,42412.0,29068.0,42412.0,68628.6,56597.6,15871.1,13684.5,0.0,23460.5,0.0,17316.2,25061.1,20239.0,46712.6,105491.5,128652.3,92089.2,148
539.7,143478.0,29586.0,42412.0,29068.0,42412.0,68590.4,56559.3,15832.9,13646.3,0.0,23460.6,0.0,17286.0,25031.9,20132.1,46576.5,105598.5,128652.3,92050.9,148
540.8,143478.0,29586.0,42412.0,29068.0,42412.0,68600.3,56569.3,15842.8,13656.2,0.0,23460.6,0.0,17296.3,25032.3,20140.8,46585.6,105589.8,128652.3,92060.9,148
541.8,143478.0,29586.0,42412.0,29068.0,42412.0,68600.3,56569.3,15842.8,13656.2,0.0,23460.6,0.0,17296.5,25032.3,20141.3,46586.1,105589.2,128652.3,92060.9,148
542.8,143478.0,29586.0,42412.0,29068.0,42412.0,68600.9,56569.9,15843.4,13656.8,0.0,23460.6,0.0,17296.3,25032.2,20138.3,46583.1,105592.2,128652.3,92061.5,148
543.8,143478.0,29586.0,42412.0,29068.0,42412.0,68601.0,56569.9,15843.5,13656.9,0.0,23460.6,0.0,17297.0,25032.0,20141.4,46586.0,105589.1,128652.3,92061.6,148
544.9,143478.0,29586.0,42412.0,29068.0,42412.0,68601.0,56569.9,15843.5,13656.9,0.0,23460.6,0.0,17297.6,25032.3,20156.1,46600.9,105574.4,128652.3,92061.6,148
545.9,143478.0,29586.0,42412.0,29068.0,42412.0,68601.0,56569.9,15843.5,13656.9,0.0,23460.7,0.0,17297.6,25032.0,20145.3,46589.9,105585.2,128652.3,92061.7,148
547.0,143478.0,29586.0,42412.0,29068.0,42412.0,68601.0,56569.9,15843.5,13656.9,0.0,23460.7,0.0,17297.6,25031.9,20145.8,46590.3,105584.7,128652.3,92061.7,148
548.1,143478.0,29586.0,42412.0,29068.0,42412.0,68618.1,56587.0,15860.6,13674.0,0.0,23460.7,0.0,17314.4,25031.1,20155.0,46598.7,105575.5,128652.3,92078.8,148
549.1,143478.0,29586.0,42412.0,29068.0,42412.0,68618.1,56587.1,15860.6,13674.0,0.0,23460.8,0.0,17314.8,25030.9,20155.3,46598.8,105575.2,128652.3,92078.9,148
550.2,143478.0,29586.0,42412.0,29068.0,42412.0,68618.1,56587.1,15860.6,13674.0,0.0,23460.8,0.0,17314.8,25030.9,20155.1,46598.6,105575.4,128652.3,92078.9,148
551.3,143478.0,29586.0,42412.0,29068.0,42412.0,68618.1,56587.1,15860.6,13674.0,0.0,23460.8,0.0,17339.2,25030.9,20181.1,46624.5,105549.4,128652.3,92078.9,148
552.3,143478.0,29586.0,42412.0,29068.0,42412.0,68618.1,56587.1,15860.6,13674.0,0.0,23460.8,0.0,17318.9,25030.7,20162.6,46605.9,105567.9,128652.3,92078.9,148
553.4,143478.0,29586.0,42412.0,29068.0,42412.0,68618.1,56587.1,15860.6,13674.0,0.0,23460.8,0.0,17315.3,25030.7,20157.0,46600.2,105573.5,128652.3,92079.0,148
554.5,143478.0,29586.0,42412.0,29068.0,42412.0,68618.1,56587.1,15860.6,13674.0,0.0,23460.8,0.0,17315.3,25030.7,20156.7,46600.0,105573.8,128652.3,92079.0,148
555.5,143478.0,29586.0,42412.0,29068.0,42412.0,68618.1,56587.1,15860.6,13674.0,0.0,23460.8,0.0,17315.2,25030.7,20160.5,46603.8,105570.0,128652.3,92079.0,148
556.6,143478.0,29586.0,42412.0,29068.0,42412.0,68618.1,56587.1,15860.6,13674.0,0.0,23460.8,0.0,17314.8,25030.7,20160.3,46603.6,105570.2,128652.3,92079.0,148
557.6,143478.0,29586.0,42412.0,29068.0,42412.0,68626.7,56595.7,15869.2,13682.6,0.0,23460.9,0.0,17323.4,25030.9,20166.5,46610.0,105564.0,128652.3,92087.6,148
558.7,143478.0,29586.0,42412.0,29068.0,42412.0,68626.8,56595.7,15869.3,13682.7,0.0,23460.9,0.0,17323.4,25030.7,20167.3,46610.6,105563.1,128652.3,92087.6,148
559.7,143478.0,29586.0,42412.0,29068.0,42412.0,68626.8,56595.7,15869.3,13682.7,0.0,23460.9,0.0,17323.4,25030.5,20168.8,46611.9,105561.7,128652.3,92087.6,148
560.8,143534.0,29642.0,42412.0,29068.0,42412.0,68626.8,56595.7,15869.3,13682.7,0.0,23460.9,0.0,17323.4,25030.3,20168.0,46610.9,105562.5,128652.3,92087.6,148
561.9,143534.0,29642.0,42412.0,29068.0,42412.0,68627.1,56596.0,15869.5,13682.9,0.0,23461.0,0.0,17323.7,25030.7,20165.7,46609.0,105564.8,128652.3,92088.0,148
562.9,143534.0,29642.0,42412.0,29068.0,42412.0,68627.1,56596.0,15869.5,13682.9,0.0,23461.0,0.0,17323.8,25030.7,20163.5,46606.8,105567.0,128652.3,92088.1,148
564.0,143534.0,29642.0,42412.0,29068.0,42412.0,68627.1,56596.0,15869.6,13682.9,0.0,23461.0,0.0,17323.7,25030.7,20162.6,46605.9,105567.9,128652.3,92088.1,148
565.0,143534.0,29642.0,42412.0,29068.0,42412.0,68627.1,56596.0,15869.5,13682.9,0.0,23461.0,0.0,17324.0,25030.7,20164.4,46607.7,105566.1,128652.3,92088.1,148
566.1,143534.0,29642.0,42412.0,29068.0,42412.0,68627.1,56596.0,15869.6,13682.9,0.0,23461.0,0.0,17324.1,25031.4,20164.6,46608.6,105565.9,128652.3,92088.1,148
567.2,143534.0,29642.0,42412.0,29068.0,42412.0,68627.1,56596.0,15869.6,13682.9,0.0,23461.1,0.0,17324.0,25030.8,20166.5,46609.9,105564.0,128652.3,92088.1,148
568.3,143534.0,29642.0,42412.0,29068.0,42412.0,68627.7,56596.7,15870.2,13683.6,0.0,23461.1,0.0,17324.8,25030.6,20162.6,46605.8,105567.8,128652.3,92088.8,148
569.4,143534.0,29642.0,42412.0,29068.0,42412.0,68627.7,56596.7,15870.2,13683.6,0.0,23461.1,0.0,17324.9,25030.6,20163.8,46607.0,105566.7,128652.3,92088.8,148
570.4,143534.0,29642.0,42412.0,29068.0,42412.0,68627.7,56596.7,15870.2,13683.6,0.0,23461.1,0.0,17325.5,25030.9,20165.4,46608.9,105565.1,128652.3,92088.8,148
571.5,143534.0,29642.0,42412.0,29068.0,42412.0,68627.7,56596.7,15870.2,13683.6,0.0,23461.1,0.0,17324.9,25030.9,20165.5,46609.0,105565.0,128652.3,92088.8,148
572.5,143534.0,29642.0,42412.0,29068.0,42412.0,68627.7,56596.7,15870.2,13683.6,0.0,23461.1,0.0,17324.9,25030.9,20166.8,46610.3,105563.7,128652.3,92088.8,148
573.6,143534.0,29642.0,42412.0,29068.0,42412.0,68635.2,56604.2,15877.7,13691.1,0.0,23461.1,0.0,17333.2,25032.3,20525.9,46970.9,105204.5,128652.3,92096.3,148
574.7,143534.0,29642.0,42412.0,29068.0,42412.0,68635.2,56604.2,15877.7,13691.1,0.0,23461.1,0.0,17332.3,25031.6,20174.0,46618.2,105556.4,128652.3,92096.3,148
575.7,143534.0,29642.0,42412.0,29068.0,42412.0,68635.2,56604.2,15877.7,13691.1,0.0,23461.1,0.0,17332.5,25031.6,20175.3,46619.5,105555.2,128652.3,92096.3,148
576.8,143534.0,29642.0,42412.0,29068.0,42412.0,68635.2,56604.2,15877.7,13691.1,0.0,23461.1,0.0,17333.0,25031.6,20175.3,46619.5,105555.1,128652.3,92096.3,148
577.8,143534.0,29642.0,42412.0,29068.0,42412.0,68635.3,56604.2,15877.8,13691.1,0.0,23461.1,0.0,17332.5,25031.6,20174.6,46618.8,105555.8,128652.3,92096.4,148
578.9,143534.0,29642.0,42412.0,29068.0,42412.0,68635.3,56604.2,15877.8,13691.1,0.0,23461.1,0.0,17332.5,25031.9,20173.4,46617.9,105557.1,128652.3,92096.4,148
579.9,143534.0,29642.0,42412.0,29068.0,42412.0,68635.3,56604.2,15877.7,13691.1,0.0,23461.1,0.0,17332.5,25031.4,20174.6,46618.6,105555.9,128652.3,92096.4,148
580.9,143534.0,29642.0,42412.0,29068.0,42412.0,68635.3,56604.2,15877.8,13691.1,0.0,23461.1,0.0,17332.5,25031.4,20176.2,46620.3,105554.2,128652.3,92096.4,148
582.0,143534.0,29642.0,42412.0,29068.0,42412.0,68610.8,56579.8,15853.3,13666.7,0.0,23461.2,0.0,17308.0,25031.2,20148.6,46592.4,105581.8,128652.3,92072.1,148
583.1,143534.0,29642.0,42412.0,29068.0,42412.0,68620.2,56589.1,15862.7,13676.1,0.0,23461.2,0.0,17314.2,25032.1,20164.2,46608.9,105566.2,128652.3,92081.4,148
584.2,143534.0,29642.0,42412.0,29068.0,42412.0,68620.2,56589.2,15862.7,13676.1,0.0,23461.2,0.0,17314.2,25031.4,20158.4,46602.4,105572.1,128652.3,92081.5,148
585.3,143534.0,29642.0,42412.0,29068.0,42412.0,68620.2,56589.2,15862.8,13676.1,0.0,23461.2,0.0,17314.2,25031.4,20162.1,46606.1,105568.4,128652.3,92081.5,148
586.3,143534.0,29642.0,42412.0,29068.0,42412.0,68620.3,56589.2,15862.8,13676.2,0.0,23461.2,0.0,17314.3,25031.4,20164.4,46608.4,105566.0,128652.3,92081.5,148
587.4,143534.0,29642.0,42412.0,29068.0,42412.0,68620.3,56589.2,15862.8,13676.2,0.0,23461.3,0.0,17314.3,25031.4,20163.1,46607.1,105567.4,128652.3,92081.5,148
588.4,143534.0,29642.0,42412.0,29068.0,42412.0,68620.3,56589.2,15862.8,13676.2,0.0,23461.3,0.0,17314.9,25031.4,20160.1,46604.1,105570.3,128652.3,92081.5,148
589.5,143534.0,29642.0,42412.0,29068.0,42412.0,68620.3,56589.2,15862.8,13676.2,0.0,23461.3,0.0,17314.3,25031.4,20159.9,46603.9,105570.5,128652.3,92081.5,148
590.6,143534.0,29642.0,42412.0,29068.0,42412.0,68620.3,56589.2,15862.8,13676.2,0.0,23461.3,0.0,17314.4,25031.0,20160.4,46604.0,105570.1,128652.3,92081.5,148
591.7,143534.0,29642.0,42412.0,29068.0,42412.0,68620.3,56589.2,15862.8,13676.2,0.0,23461.3,0.0,17314.4,25031.0,20157.6,46601.3,105572.8,128652.3,92081.5,148
592.7,143534.0,29642.0,42412.0,29068.0,42412.0,68620.3,56589.2,15862.8,13676.2,0.0,23461.3,0.0,17314.3,25031.0,20157.8,46601.5,105572.6,128652.3,92081.6,148
593.8,143534.0,29642.0,42412.0,29068.0,42412.0,68620.3,56589.2,15862.8,13676.2,0.0,23461.3,0.0,17314.4,25031.0,20157.5,46601.2,105572.9,128652.3,92081.6,148
594.8,143534.0,29642.0,42412.0,29068.0,42412.0,68620.3,56589.2,15862.8,13676.2,0.0,23461.3,0.0,17314.4,25030.7,20152.6,46595.8,105577.9,128652.3,92081.6,148
595.9,143534.0,29642.0,42412.0,29068.0,42412.0,68620.3,56589.2,15862.8,13676.2,0.0,23461.4,0.0,17314.5,25030.5,20151.3,46594.5,105579.1,128652.3,92081.7,148
597.0,143534.0,29642.0,42412.0,29068.0,42412.0,68620.3,56589.2,15862.8,13676.2,0.0,23461.5,0.0,17314.3,25031.4,20153.5,46597.6,105576.9,128652.3,92081.7,148
598.0,143534.0,29642.0,42412.0,29068.0,42412.0,68620.3,56589.2,15862.8,13676.2,0.0,23461.5,0.0,17314.4,25031.4,20155.7,46599.7,105574.8,128652.3,92081.8,148
599.0,143534.0,29642.0,42412.0,29068.0,42412.0,68620.3,56589.3,15862.8,13676.2,0.0,23461.5,0.0,17314.4,25031.5,20154.9,46599.1,105575.5,128652.3,92081.8,148
600.1,143534.0,29642.0,42412.0,29068.0,42412.0,68620.3,56589.3,15862.8,13676.2,0.0,23461.5,0.0,17314.4,25031.5,20156.2,46600.3,105574.3,128652.3,92081.8,148
601.1,143534.0,29642.0,42412.0,29068.0,42412.0,68620.3,56589.3,15862.8,13676.2,0.0,23461.5,0.0,17314.4,25031.8,20159.3,46603.7,105571.2,128652.3,92081.8,148
602.1,143534.0,29642.0,42412.0,29068.0,42412.0,68620.3,56589.3,15862.8,13676.2,0.0,23461.5,0.0,17315.8,25031.8,20159.6,46604.0,105570.9,128652.3,92081.8,148
603.2,143534.0,29642.0,42412.0,29068.0,42412.0,68620.3,56589.3,15862.8,13676.2,0.0,23461.5,0.0,17317.7,25031.8,20161.1,46605.4,105569.4,128652.3,92081.8,148
604.3,143534.0,29642.0,42412.0,29068.0,42412.0,68620.4,56589.3,15862.9,13676.3,0.0,23461.5,0.0,17317.6,25031.8,20158.6,46603.0,105571.8,128652.3,92081.9,148
605.3,143534.0,29642.0,42412.0,29068.0,42412.0,68620.4,56589.3,15862.9,13676.3,0.0,23461.5,0.0,17318.3,25031.4,20160.5,46604.6,105569.9,128652.3,92081.9,148
606.4,143534.0,29642.0,42412.0,29068.0,42412.0,68620.4,56589.3,15862.9,13676.3,0.0,23461.5,0.0,17318.8,25031.4,20160.7,46604.7,105569.8,128652.3,92081.9,148
607.5,143534.0,29642.0,42412.0,29068.0,42412.0,68620.4,56589.3,15862.9,13676.3,0.0,23461.5,0.0,17318.4,25031.9,20156.8,46601.3,105573.7,128652.3,92081.9,148
608.6,143534.0,29642.0,42412.0,29068.0,42412.0,68620.4,56589.4,15862.9,13676.3,0.0,23461.5,0.0,17318.4,25031.9,20156.3,46600.9,105574.1,128652.3,92081.9,148
609.6,143534.0,29642.0,42412.0,29068.0,42412.0,68620.4,56589.4,15862.9,13676.3,0.0,23461.5,0.0,17318.4,25032.4,20156.0,46601.0,105574.4,128652.3,92081.9,148
610.6,143534.0,29642.0,42412.0,29068.0,42412.0,68594.6,56563.6,15837.1,13650.5,0.0,23461.5,0.0,17293.1,25032.5,20132.9,46578.0,105597.5,128652.3,92056.2,148
611.6,143534.0,29642.0,42412.0,29068.0,42412.0,68594.6,56563.6,15837.1,13650.5,0.0,23461.5,0.0,17292.7,25032.2,20129.5,46574.4,105600.9,128652.3,92056.2,148
612.6,143534.0,29642.0,42412.0,29068.0,42412.0,68631.9,56600.9,15874.4,13687.8,0.0,23461.5,0.0,17330.1,25033.7,20168.1,46614.4,105562.4,128652.3,92093.5,148
613.6,143534.0,29642.0,42412.0,29068.0,42412.0,68582.4,56551.3,15824.9,13638.3,0.0,23461.5,0.0,17280.5,25032.1,20108.2,46552.9,105622.3,128652.3,92043.9,148
614.7,143534.0,29642.0,42412.0,29068.0,42412.0,68633.3,56602.3,15875.8,13689.2,0.0,23461.5,0.0,17331.5,25032.3,20164.1,46609.0,105566.4,128652.3,92094.9,148
615.7,143534.0,29642.0,42412.0,29068.0,42412.0,68584.5,56553.5,15827.0,13640.4,0.0,23461.5,0.0,17282.7,25031.2,20120.4,46564.3,105610.0,128652.3,92046.1,148
616.7,143534.0,29642.0,42412.0,29068.0,42412.0,68601.1,56570.0,15843.6,13657.0,0.0,23461.5,0.0,17299.3,25031.4,20138.9,46583.0,105591.5,128652.3,92062.6,148
617.7,143534.0,29642.0,42412.0,29068.0,42412.0,68601.1,56570.0,15843.6,13657.0,0.0,23461.7,0.0,17299.3,25031.5,20138.0,46582.2,105592.4,128652.3,92062.7,148
618.7,143534.0,29642.0,42412.0,29068.0,42412.0,68601.1,56570.0,15843.6,13657.0,0.0,23461.7,0.0,17299.4,25031.5,20134.4,46578.6,105596.0,128652.3,92062.8,148
619.7,143534.0,29642.0,42412.0,29068.0,42412.0,68601.1,56570.1,15843.6,13657.0,0.0,23461.7,0.0,17299.2,25031.4,20133.3,46577.3,105597.1,128652.3,92062.8,148
620.7,143534.0,29642.0,42412.0,29068.0,42412.0,68601.1,56570.1,15843.6,13657.0,0.0,23461.7,0.0,17299.2,25031.0,20133.2,46576.9,105597.2,128652.3,92062.8,148
621.7,143534.0,29642.0,42412.0,29068.0,42412.0,68601.1,56570.1,15843.6,13657.0,0.0,23461.7,0.0,17299.2,25031.0,20129.4,46573.1,105601.1,128652.3,92062.8,148
622.7,143534.0,29642.0,42412.0,29068.0,42412.0,68601.1,56570.1,15843.6,13657.0,0.0,23461.7,0.0,17299.2,25031.0,20131.3,46575.0,105599.1,128652.3,92062.8,148
623.7,143534.0,29642.0,42412.0,29068.0,42412.0,68601.1,56570.1,15843.6,13657.0,0.0,23461.7,0.0,17299.2,25031.1,20129.6,46573.4,105600.8,128652.3,92062.8,148
624.7,143534.0,29642.0,42412.0,29068.0,42412.0,68601.1,56570.1,15843.6,13657.0,0.0,23461.7,0.0,17299.2,25031.3,20130.2,46574.1,105600.2,128652.3,92062.8,148
625.7,143534.0,29642.0,42412.0,29068.0,42412.0,68601.1,56570.1,15843.6,13657.0,0.0,23461.7,0.0,17299.6,25031.1,20129.4,46573.2,105601.0,128652.3,92062.8,148
626.7,143534.0,29642.0,42412.0,29068.0,42412.0,68601.1,56570.1,15843.6,13657.0,0.0,23461.7,0.0,17299.3,25031.2,20127.8,46571.7,105602.6,128652.3,92062.9,148
627.7,143534.0,29642.0,42412.0,29068.0,42412.0,68601.1,56570.1,15843.6,13657.0,0.0,23461.7,0.0,17299.4,25031.0,20126.0,46569.7,105604.4,128652.3,92062.9,148
628.7,143534.0,29642.0,42412.0,29068.0,42412.0,68601.1,56570.1,15843.6,13657.0,0.0,23461.7,0.0,17299.4,25031.0,20124.1,46567.8,105606.3,128652.3,92062.9,148
629.8,143534.0,29642.0,42412.0,29068.0,42412.0,68601.2,56570.1,15843.7,13657.0,0.0,23461.7,0.0,17299.6,25031.0,20123.7,46567.4,105606.7,128652.3,92062.9,148
630.8,143534.0,29642.0,42412.0,29068.0,42412.0,68601.2,56570.1,15843.7,13657.1,0.0,23461.7,0.0,17299.5,25031.1,20125.0,46568.7,105605.4,128652.3,92062.9,148
631.8,143534.0,29642.0,42412.0,29068.0,42412.0,68601.2,56570.1,15843.7,13657.1,0.0,23461.8,0.0,17299.5,25031.1,20120.3,46564.1,105610.1,128652.3,92063.0,148
632.8,143534.0,29642.0,42412.0,29068.0,42412.0,68601.2,56570.1,15843.7,13657.1,0.0,23461.9,0.0,17298.2,25031.3,20122.2,46566.1,105608.3,128652.3,92063.1,148
633.8,143534.0,29642.0,42412.0,29068.0,42412.0,68606.0,56575.0,15848.5,13661.9,0.0,23461.9,0.0,17316.8,25032.0,20147.3,46591.9,105583.1,128652.3,92067.9,148
634.8,143534.0,29642.0,42412.0,29068.0,42412.0,68614.1,56583.0,15856.6,13670.0,0.0,23461.9,0.0,17312.0,25033.8,20155.6,46602.0,105574.8,128652.3,92076.0,148
635.8,143534.0,29642.0,42412.0,29068.0,42412.0,68614.3,56583.2,15856.7,13670.1,0.0,23461.9,0.0,17312.5,25033.2,20159.2,46605.1,105571.2,128652.3,92076.2,148
636.9,143534.0,29642.0,42412.0,29068.0,42412.0,68614.3,56583.2,15856.8,13670.1,0.0,23461.9,0.0,17312.6,25033.2,20157.5,46603.4,105572.9,128652.3,92076.2,148
637.9,143534.0,29642.0,42412.0,29068.0,42412.0,68614.3,56583.2,15856.8,13670.2,0.0,23462.0,0.0,17312.6,25032.8,20153.9,46599.4,105576.5,128652.3,92076.2,148
639.0,143534.0,29642.0,42412.0,29068.0,42412.0,68614.3,56583.2,15856.8,13670.2,0.0,23462.0,0.0,17312.6,25032.0,20152.8,46597.5,105577.6,128652.3,92076.2,148
640.0,143534.0,29642.0,42412.0,29068.0,42412.0,68614.3,56583.2,15856.8,13670.2,0.0,23462.0,0.0,17312.6,25032.6,20148.0,46593.3,105582.4,128652.3,92076.3,148
641.1,143534.0,29642.0,42412.0,29068.0,42412.0,68614.3,56583.2,15856.8,13670.2,0.0,23462.0,0.0,17312.6,25032.3,20145.6,46590.5,105584.8,128652.3,92076.3,148
642.2,143534.0,29642.0,42412.0,29068.0,42412.0,68622.2,56591.2,15864.7,13678.1,0.0,23462.0,0.0,17320.6,25032.4,20150.0,46595.1,105580.4,128652.3,92084.2,148
643.2,143534.0,29642.0,42412.0,29068.0,42412.0,68622.2,56591.2,15864.7,13678.1,0.0,23462.0,0.0,17320.6,25032.0,20151.9,46596.6,105578.5,128652.3,92084.2,148
644.3,143534.0,29642.0,42412.0,29068.0,42412.0,68622.2,56591.2,15864.7,13678.1,0.0,23462.0,0.0,17320.6,25032.0,20151.8,46596.5,105578.6,128652.3,92084.2,148
645.4,143534.0,29642.0,42412.0,29068.0,42412.0,68622.2,56591.2,15864.7,13678.1,0.0,23462.0,0.0,17320.7,25031.3,20150.8,46594.8,105579.6,128652.3,92084.2,148
646.5,143534.0,29642.0,42412.0,29068.0,42412.0,68622.2,56591.2,15864.7,13678.1,0.0,23462.0,0.0,17320.9,25031.3,20151.8,46595.7,105578.6,128652.3,92084.2,148
647.5,143534.0,29642.0,42412.0,29068.0,42412.0,68622.3,56591.2,15864.8,13678.2,0.0,23462.2,0.0,17320.8,25031.6,20150.6,46594.9,105579.8,128652.3,92084.4,148
648.6,143534.0,29642.0,42412.0,29068.0,42412.0,68622.3,56591.2,15864.8,13678.2,0.0,23462.2,0.0,17321.2,25031.6,20147.9,46592.2,105582.5,128652.3,92084.4,148
649.7,143534.0,29642.0,42412.0,29068.0,42412.0,68622.3,56591.2,15864.8,13678.2,0.0,23462.2,0.0,17320.9,25031.7,20149.9,46594.3,105580.5,128652.3,92084.4,148
650.8,143534.0,29642.0,42412.0,29068.0,42412.0,68622.3,56591.2,15864.8,13678.2,0.0,23462.2,0.0,17320.9,25031.7,20148.8,46593.2,105581.6,128652.3,92084.4,148
651.8,143534.0,29642.0,42412.0,29068.0,42412.0,68622.3,56591.2,15864.8,13678.2,0.0,23462.2,0.0,17320.9,25032.1,20148.7,46593.4,105581.7,128652.3,92084.4,148
652.8,143534.0,29642.0,42412.0,29068.0,42412.0,68622.3,56591.2,15864.8,13678.2,0.0,23462.2,0.0,17320.9,25032.1,20147.7,46592.5,105582.7,128652.3,92084.5,148
653.9,143534.0,29642.0,42412.0,29068.0,42412.0,68622.3,56591.2,15864.8,13678.2,0.0,23462.2,0.0,17320.9,25032.3,20149.4,46594.5,105581.0,128652.3,92084.5,148
654.9,143534.0,29642.0,42412.0,29068.0,42412.0,68622.3,56591.2,15864.8,13678.2,0.0,23462.2,0.0,17320.9,25032.3,20148.5,46593.5,105581.9,128652.3,92084.5,148
656.0,143534.0,29642.0,42412.0,29068.0,42412.0,68622.3,56591.3,15864.8,13678.2,0.0,23462.2,0.0,17320.9,25031.9,20149.8,46594.4,105580.6,128652.3,92084.6,148
657.0,143534.0,29642.0,42412.0,29068.0,42412.0,68622.3,56591.3,15864.8,13678.2,0.0,23462.2,0.0,17321.1,25032.0,20152.6,46597.2,105577.8,128652.3,92084.6,148
658.0,143534.0,29642.0,42412.0,29068.0,42412.0,68622.3,56591.3,15864.8,13678.2,0.0,23462.2,0.0,17321.0,25031.8,20152.4,46596.9,105578.0,128652.3,92084.6,148
659.1,143534.0,29642.0,42412.0,29068.0,42412.0,68628.6,56597.5,15871.1,13684.5,0.0,23462.3,0.0,17327.7,25032.2,20161.4,46606.2,105569.0,128652.3,92090.8,148
660.1,143534.0,29642.0,42412.0,29068.0,42412.0,68628.6,56597.5,15871.1,13684.5,0.0,23462.3,0.0,17327.2,25031.8,20153.7,46598.2,105576.7,128652.3,92090.9,148
661.2,143534.0,29642.0,42412.0,29068.0,42412.0,68609.8,56578.7,15852.3,13665.7,0.0,23462.3,0.0,17308.6,25033.9,20141.4,46587.9,105589.0,128652.3,92072.1,148
662.3,143534.0,29642.0,42412.0,29068.0,42412.0,68616.2,56585.1,15858.6,13672.0,0.0,23462.3,0.0,17308.4,25031.8,20132.5,46577.1,105597.8,128652.3,92078.5,148
663.4,143534.0,29642.0,42412.0,29068.0,42412.0,68616.2,56585.1,15858.7,13672.0,0.0,23462.3,0.0,17312.1,25031.7,20133.6,46578.0,105596.7,128652.3,92078.5,148
664.5,143534.0,29642.0,42412.0,29068.0,42412.0,68616.2,56585.1,15858.7,13672.0,0.0,23462.3,0.0,17311.7,25031.7,20133.2,46577.6,105597.2,128652.3,92078.5,148
665.6,143534.0,29642.0,42412.0,29068.0,42412.0,68616.2,56585.1,15858.7,13672.0,0.0,23462.3,0.0,17312.0,25031.7,20135.2,46579.6,105595.2,128652.3,92078.5,148
666.7,143534.0,29642.0,42412.0,29068.0,42412.0,68616.2,56585.1,15858.7,13672.0,0.0,23462.6,0.0,17311.8,25031.9,20135.5,46580.1,105594.9,128652.3,92078.7,148
667.7,143534.0,29642.0,42412.0,29068.0,42412.0,68616.8,56585.8,15859.3,13672.7,0.0,23462.6,0.0,17311.6,25031.9,20134.4,46579.1,105596.0,128652.3,92079.4,148
668.8,143534.0,29642.0,42412.0,29068.0,42412.0,68616.8,56585.8,15859.4,13672.7,0.0,23462.6,0.0,17312.3,25033.7,20149.4,46595.8,105581.0,128652.3,92079.4,148
669.8,143534.0,29642.0,42412.0,29068.0,42412.0,68616.8,56585.8,15859.4,13672.7,0.0,23462.6,0.0,17312.8,25032.9,20134.9,46580.6,105595.5,128652.3,92079.4,148
670.9,143534.0,29642.0,42412.0,29068.0,42412.0,68620.6,56589.5,15863.1,13676.5,0.0,23462.6,0.0,17316.1,25032.8,20140.8,46586.3,105589.5,128652.3,92083.2,148
672.0,143534.0,29642.0,42412.0,29068.0,42412.0,68620.6,56589.5,15863.1,13676.5,0.0,23462.6,0.0,17316.0,25032.8,20136.2,46581.6,105594.2,128652.3,92083.2,148
673.1,143534.0,29642.0,42412.0,29068.0,42412.0,68621.5,56590.4,15864.0,13677.4,0.0,23462.6,0.0,17316.9,25034.1,20160.2,46607.0,105570.2,128652.3,92084.1,148
674.1,143534.0,29642.0,42412.0,29068.0,42412.0,68621.9,56590.9,15864.5,13677.8,0.0,23462.6,0.0,17317.1,25037.0,20182.7,46632.4,105547.6,128652.3,92084.5,148
675.2,143534.0,29642.0,42412.0,29068.0,42412.0,68621.9,56590.9,15864.5,13677.8,0.0,23462.6,0.0,17317.5,25032.4,20143.7,46588.8,105586.7,128652.3,92084.6,148
676.3,143534.0,29642.0,42412.0,29068.0,42412.0,68621.9,56590.9,15864.5,13677.8,0.0,23462.7,0.0,17317.5,25032.9,20149.4,46595.1,105580.9,128652.3,92084.6,148
677.4,143534.0,29642.0,42412.0,29068.0,42412.0,68621.9,56590.9,15864.5,13677.8,0.0,23462.7,0.0,17318.0,25032.2,20150.1,46594.9,105580.3,128652.3,92084.6,148
678.4,143534.0,29642.0,42412.0,29068.0,42412.0,68622.0,56590.9,15864.5,13677.8,0.0,23462.7,0.0,17318.0,25032.6,20152.3,46597.7,105578.0,128652.3,92084.7,148
679.5,143534.0,29642.0,42412.0,29068.0,42412.0,68622.0,56590.9,15864.5,13677.9,0.0,23462.7,0.0,17317.5,25032.6,20153.1,46598.4,105577.2,128652.3,92084.7,148
680.6,143534.0,29642.0,42412.0,29068.0,42412.0,68637.1,56606.0,15879.6,13693.0,0.0,23462.7,0.0,17332.6,25032.6,20169.6,46615.0,105560.7,128652.3,92099.8,148
681.7,143534.0,29642.0,42412.0,29068.0,42412.0,68637.1,56606.0,15879.6,13693.0,0.0,23462.7,0.0,17332.6,25032.6,20170.6,46615.9,105559.7,128652.3,92099.8,148
682.7,143534.0,29642.0,42412.0,29068.0,42412.0,68637.1,56606.0,15879.6,13693.0,0.0,23462.7,0.0,17332.5,25032.6,20172.1,46617.4,105558.3,128652.3,92099.8,148
683.8,143534.0,29642.0,42412.0,29068.0,42412.0,68652.6,56621.5,15895.0,13708.4,0.0,23462.7,0.0,17359.6,25032.7,20188.9,46634.3,105541.4,128652.3,92115.3,148
684.9,143534.0,29642.0,42412.0,29068.0,42412.0,68612.0,56581.0,15854.5,13667.9,0.0,23462.9,0.0,17311.4,25033.0,20146.4,46592.2,105584.0,128652.3,92074.9,148
685.9,143534.0,29642.0,42412.0,29068.0,42412.0,68612.1,56581.0,15854.5,13667.9,0.0,23462.9,0.0,17310.6,25033.0,20144.2,46589.9,105586.2,128652.3,92074.9,148
687.0,143534.0,29642.0,42412.0,29068.0,42412.0,68612.1,56581.0,15854.5,13667.9,0.0,23462.9,0.0,17310.3,25032.7,20139.7,46585.1,105590.6,128652.3,92074.9,148
688.0,143534.0,29642.0,42412.0,29068.0,42412.0,68612.1,56581.0,15854.5,13667.9,0.0,23462.9,0.0,17310.3,25032.8,20139.5,46585.1,105590.8,128652.3,92074.9,148
689.1,143534.0,29642.0,42412.0,29068.0,42412.0,68650.3,56619.2,15892.8,13706.2,0.0,23462.9,0.0,17348.3,25033.4,20173.2,46619.3,105557.2,128652.3,92113.2,148
690.1,143534.0,29642.0,42412.0,29068.0,42412.0,68650.3,56619.2,15892.8,13706.2,0.0,23462.9,0.0,17348.4,25033.4,20172.6,46618.7,105557.7,128652.3,92113.2,148
691.2,143534.0,29642.0,42412.0,29068.0,42412.0,68650.3,56619.2,15892.8,13706.2,0.0,23462.9,0.0,17348.5,25033.4,20174.5,46620.5,105555.9,128652.3,92113.2,148
692.2,143534.0,29642.0,42412.0,29068.0,42412.0,68650.3,56619.2,15892.8,13706.2,0.0,23462.9,0.0,17348.8,25033.4,20175.3,46621.3,105555.1,128652.3,92113.2,148
693.3,143534.0,29642.0,42412.0,29068.0,42412.0,68650.3,56619.2,15892.8,13706.2,0.0,23462.9,0.0,17348.5,25033.4,20175.1,46621.2,105555.3,128652.3,92113.2,148
694.3,143534.0,29642.0,42412.0,29068.0,42412.0,68650.3,56619.2,15892.8,13706.2,0.0,23462.9,0.0,17348.5,25033.4,20175.5,46621.6,105554.9,128652.3,92113.2,148
695.4,143534.0,29642.0,42412.0,29068.0,42412.0,68650.3,56619.2,15892.8,13706.2,0.0,23462.9,0.0,17348.5,25032.9,20174.5,46620.1,105555.9,128652.3,92113.2,148
696.4,143534.0,29642.0,42412.0,29068.0,42412.0,68650.3,56619.2,15892.8,13706.2,0.0,23462.9,0.0,17348.5,25033.1,20176.2,46622.0,105554.1,128652.3,92113.2,148
697.4,143534.0,29642.0,42412.0,29068.0,42412.0,68650.3,56619.2,15892.8,13706.2,0.0,23462.9,0.0,17348.4,25033.1,20176.7,46622.6,105553.6,128652.3,92113.2,148
698.5,143534.0,29642.0,42412.0,29068.0,42412.0,68650.3,56619.2,15892.8,13706.2,0.0,23462.9,0.0,17348.5,25032.6,20177.9,46623.2,105552.5,128652.3,92113.2,148
699.6,143534.0,29642.0,42412.0,29068.0,42412.0,68604.4,56573.3,15846.9,13660.3,0.0,23462.9,0.0,17302.6,25032.8,20135.0,46580.6,105595.3,128652.3,92067.3,148
700.7,143534.0,29642.0,42412.0,29068.0,42412.0,68604.4,56573.3,15846.9,13660.3,0.0,23462.9,0.0,17302.6,25032.8,20133.0,46578.5,105597.3,128652.3,92067.3,148
701.7,143534.0,29642.0,42412.0,29068.0,42412.0,68604.4,56573.3,15846.9,13660.3,0.0,23462.9,0.0,17302.6,25033.2,20134.2,46580.1,105596.2,128652.3,92067.3,148
702.7,143534.0,29642.0,42412.0,29068.0,42412.0,68604.4,56573.3,15846.9,13660.3,0.0,23463.1,0.0,17302.6,25033.0,20135.3,46581.1,105595.0,128652.3,92067.4,148
703.8,143534.0,29642.0,42412.0,29068.0,42412.0,68604.4,56573.3,15846.9,13660.3,0.0,23463.1,0.0,17302.8,25033.0,20133.2,46579.0,105597.2,128652.3,92067.4,148
704.9,143534.0,29642.0,42412.0,29068.0,42412.0,68604.6,56573.6,15847.1,13660.5,0.0,23463.1,0.0,17302.9,25035.8,20174.7,46623.3,105555.6,128652.3,92067.7,148
705.9,143534.0,29642.0,42412.0,29068.0,42412.0,68609.2,56578.1,15851.7,13665.1,0.0,23463.1,0.0,17307.5,25033.7,20146.2,46592.6,105584.1,128652.3,92072.3,148
707.0,143534.0,29642.0,42412.0,29068.0,42412.0,68604.8,56573.8,15847.3,13660.7,0.0,23463.1,0.0,17303.2,25033.6,20139.3,46585.7,105591.0,128652.3,92067.9,148
708.0,143534.0,29642.0,42412.0,29068.0,42412.0,68621.3,56590.2,15863.8,13677.2,0.0,23463.1,0.0,17319.5,25033.3,20154.2,46600.3,105576.1,128652.3,92084.4,148
709.0,143534.0,29642.0,42412.0,29068.0,42412.0,68621.3,56590.2,15863.8,13677.2,0.0,23463.1,0.0,17319.5,25033.0,20152.8,46598.6,105577.5,128652.3,92084.4,148
710.1,143534.0,29642.0,42412.0,29068.0,42412.0,68620.4,56589.3,15862.9,13676.3,0.0,23463.1,0.0,17319.5,25033.0,20152.4,46598.2,105577.9,128652.3,92083.5,148
711.2,143534.0,29642.0,42412.0,29068.0,42412.0,68634.3,56603.2,15876.8,13690.2,0.0,23463.1,0.0,17333.0,25032.4,20168.6,46613.8,105561.8,128652.3,92097.4,148
712.2,143534.0,29642.0,42412.0,29068.0,42412.0,68648.0,56616.9,15890.5,13703.9,0.0,23463.1,0.0,17346.2,25032.8,20168.3,46613.8,105561.4,128652.3,92111.1,148
713.3,143534.0,29642.0,42412.0,29068.0,42412.0,68626.5,56595.4,15869.0,13682.4,0.0,23463.1,0.0,17323.6,25034.1,20153.6,46600.5,105576.7,128652.3,92089.6,148
714.4,143534.0,29642.0,42412.0,29068.0,42412.0,68622.5,56591.4,15865.0,13678.4,0.0,23463.2,0.0,17318.0,25034.7,20149.0,46596.5,105581.3,128652.3,92085.7,148
715.5,143534.0,29642.0,42412.0,29068.0,42412.0,68625.3,56594.3,15867.8,13681.2,0.0,23463.3,0.0,17375.8,25035.8,20214.4,46662.9,105516.0,128652.3,92088.7,148
716.5,143534.0,29642.0,42412.0,29068.0,42412.0,68625.3,56594.3,15867.8,13681.2,0.0,23463.3,0.0,17323.7,25035.0,20154.5,46602.3,105575.8,128652.3,92088.7,148
717.5,143536.0,29644.0,42412.0,29068.0,42412.0,68628.0,56596.9,15870.5,13683.9,0.0,23463.3,0.0,17326.2,25035.0,20152.9,46600.6,105577.5,128652.3,92091.3,148
718.5,143536.0,29644.0,42412.0,29068.0,42412.0,68650.9,56619.8,15893.4,13706.8,0.0,23463.3,0.0,17349.3,25033.8,20173.4,46619.9,105557.0,128652.3,92114.2,148
719.6,143536.0,29644.0,42412.0,29068.0,42412.0,68650.9,56619.8,15893.4,13706.8,0.0,23463.3,0.0,17349.3,25033.8,20176.1,46622.6,105554.2,128652.3,92114.2,148
720.6,143536.0,29644.0,42412.0,29068.0,42412.0,68668.3,56637.3,15910.8,13724.2,0.0,23463.3,0.0,17366.8,25034.7,20193.1,46640.5,105537.2,128652.3,92131.7,148
721.7,143536.0,29644.0,42412.0,29068.0,42412.0,68668.3,56637.3,15910.8,13724.2,0.0,23463.4,0.0,17366.8,25034.3,20194.5,46641.6,105535.8,128652.3,92131.7,148
722.7,143536.0,29644.0,42412.0,29068.0,42412.0,68668.3,56637.3,15910.8,13724.2,0.0,23463.4,0.0,17367.3,25034.4,20195.4,46642.5,105534.9,128652.3,92131.7,148
723.8,143536.0,29644.0,42412.0,29068.0,42412.0,68618.8,56587.7,15861.2,13674.6,0.0,23463.4,0.0,17317.2,25033.9,20141.6,46588.2,105588.7,128652.3,92082.1,148
724.8,143536.0,29644.0,42412.0,29068.0,42412.0,68618.8,56587.7,15861.2,13674.6,0.0,23463.4,0.0,17317.4,25033.4,20143.1,46589.2,105587.2,128652.3,92082.1,148
725.9,143536.0,29644.0,42412.0,29068.0,42412.0,68618.8,56587.7,15861.2,13674.6,0.0,23463.4,0.0,17317.9,25033.9,20149.5,46596.2,105580.8,128652.3,92082.1,148
726.9,143536.0,29644.0,42412.0,29068.0,42412.0,68618.8,56587.7,15861.2,13674.6,0.0,23463.4,0.0,17317.4,25033.3,20143.1,46589.2,105587.2,128652.3,92082.1,148
727.9,143536.0,29644.0,42412.0,29068.0,42412.0,68618.8,56587.7,15861.2,13674.6,0.0,23463.4,0.0,17317.4,25033.3,20141.6,46587.7,105588.7,128652.3,92082.1,148
729.0,143536.0,29644.0,42412.0,29068.0,42412.0,68618.8,56587.7,15861.2,13674.6,0.0,23463.4,0.0,17317.4,25033.3,20140.9,46586.9,105589.5,128652.3,92082.1,148
730.1,143536.0,29644.0,42412.0,29068.0,42412.0,68618.8,56587.7,15861.2,13674.6,0.0,23463.4,0.0,17317.4,25033.3,20141.8,46587.9,105588.5,128652.3,92082.1,148
731.2,143536.0,29644.0,42412.0,29068.0,42412.0,68712.0,56681.0,15954.5,13767.9,0.0,23463.4,0.0,17382.5,25035.6,20219.8,46668.2,105510.6,128652.3,92175.4,148
732.3,143536.0,29644.0,42412.0,29068.0,42412.0,68682.0,56650.9,15924.4,13737.8,0.0,23463.4,0.0,17380.8,25034.8,20208.6,46656.1,105521.7,128652.3,92145.3,148
733.4,143536.0,29644.0,42412.0,29068.0,42412.0,68682.0,56650.9,15924.4,13737.8,0.0,23463.4,0.0,17380.8,25034.6,20211.5,46658.9,105518.8,128652.3,92145.4,148
734.4,143536.0,29644.0,42412.0,29068.0,42412.0,68682.0,56650.9,15924.4,13737.8,0.0,23463.4,0.0,17380.8,25034.5,20210.0,46657.2,105520.4,128652.3,92145.4,148
735.5,143536.0,29644.0,42412.0,29068.0,42412.0,68682.0,56650.9,15924.4,13737.8,0.0,23463.4,0.0,17380.8,25034.5,20216.1,46663.3,105514.3,128652.3,92145.4,148
736.6,143536.0,29644.0,42412.0,29068.0,42412.0,68682.0,56650.9,15924.4,13737.8,0.0,23463.4,0.0,17380.8,25034.6,20208.8,46656.2,105521.5,128652.3,92145.4,148
737.6,143536.0,29644.0,42412.0,29068.0,42412.0,68682.0,56650.9,15924.4,13737.8,0.0,23463.4,0.0,17380.9,25034.4,20210.4,46657.6,105519.9,128652.3,92145.4,148
738.7,143536.0,29644.0,42412.0,29068.0,42412.0,68682.0,56650.9,15924.4,13737.8,0.0,23463.4,0.0,17380.8,25034.4,20211.6,46658.9,105518.7,128652.3,92145.4,148
739.7,143536.0,29644.0,42412.0,29068.0,42412.0,68682.0,56650.9,15924.4,13737.8,0.0,23463.6,0.0,17380.7,25034.6,20211.6,46658.9,105518.7,128652.3,92145.5,148
740.9,143536.0,29644.0,42412.0,29068.0,42412.0,68682.0,56650.9,15924.4,13737.8,0.0,23463.6,0.0,17380.8,25033.8,20215.2,46661.8,105515.1,128652.3,92145.5,148
741.9,143536.0,29644.0,42412.0,29068.0,42412.0,68682.0,56650.9,15924.4,13737.8,0.0,23463.6,0.0,17380.7,25033.8,20214.3,46660.9,105516.0,128652.3,92145.5,148
743.0,143536.0,29644.0,42412.0,29068.0,42412.0,68682.0,56650.9,15924.4,13737.8,0.0,23463.6,0.0,17382.9,25033.8,20213.7,46660.3,105516.6,128652.3,92145.5,148
744.2,143536.0,29644.0,42412.0,29068.0,42412.0,68682.5,56651.4,15925.0,13738.4,0.0,23463.6,0.0,17383.4,25034.7,20219.7,46667.2,105510.6,128652.3,92146.0,148
745.2,143536.0,29644.0,42412.0,29068.0,42412.0,68682.5,56651.4,15925.0,13738.4,0.0,23463.6,0.0,17381.2,25035.2,20219.4,46667.5,105510.9,128652.3,92146.1,148
746.4,143536.0,29644.0,42412.0,29068.0,42412.0,68636.5,56605.4,15879.0,13692.4,0.0,23463.6,0.0,17335.2,25035.9,20167.6,46616.2,105562.7,128652.3,92100.1,148
747.5,143536.0,29644.0,42412.0,29068.0,42412.0,68636.5,56605.4,15879.0,13692.4,0.0,23463.6,0.0,17333.4,25034.1,20165.8,46612.7,105564.4,128652.3,92100.1,148
748.5,143536.0,29644.0,42412.0,29068.0,42412.0,68636.5,56605.4,15879.0,13692.4,0.0,23463.6,0.0,17332.9,25034.1,20166.4,46613.2,105563.9,128652.3,92100.1,148
749.6,143536.0,29644.0,42412.0,29068.0,42412.0,68636.5,56605.4,15879.0,13692.4,0.0,23463.7,0.0,17332.9,25034.0,20163.6,46610.4,105566.7,128652.3,92100.1,148
750.6,143536.0,29644.0,42412.0,29068.0,42412.0,68636.5,56605.4,15879.0,13692.4,0.0,23463.8,0.0,17332.9,25034.1,20165.2,46612.1,105565.1,128652.3,92100.3,148
751.7,143536.0,29644.0,42412.0,29068.0,42412.0,68714.9,56683.9,15957.5,13770.8,0.0,23463.8,0.0,17393.2,25036.4,20237.2,46686.5,105493.0,128652.3,92178.7,148
752.8,143536.0,29644.0,42412.0,29068.0,42412.0,68714.9,56683.9,15957.5,13770.8,0.0,23463.8,0.0,17411.4,25034.1,20250.8,46697.7,105479.5,128652.3,92178.8,148
753.8,143536.0,29644.0,42412.0,29068.0,42412.0,68714.9,56683.9,15957.5,13770.8,0.0,23463.8,0.0,17426.2,25034.1,20264.1,46711.0,105466.2,128652.3,92178.8,148
754.9,143536.0,29644.0,42412.0,29068.0,42412.0,68714.9,56683.9,15957.4,13770.8,0.0,23463.8,0.0,17413.8,25034.1,20254.6,46701.5,105475.7,128652.3,92178.8,148
755.9,143536.0,29644.0,42412.0,29068.0,42412.0,68714.9,56683.9,15957.4,13770.8,0.0,23463.8,0.0,17414.4,25034.1,20257.0,46703.9,105473.3,128652.3,92178.8,148
756.9,143536.0,29644.0,42412.0,29068.0,42412.0,68716.5,56685.4,15959.0,13772.4,0.0,23463.8,0.0,17414.3,25034.1,20259.0,46705.9,105471.3,128652.3,92180.3,148
758.0,143536.0,29644.0,42412.0,29068.0,42412.0,68715.0,56683.9,15957.5,13770.8,0.0,23463.8,0.0,17414.3,25034.2,20248.6,46695.7,105481.6,128652.3,92178.8,148
759.1,143536.0,29644.0,42412.0,29068.0,42412.0,68715.0,56683.9,15957.5,13770.8,0.0,23463.8,0.0,17412.2,25034.0,20246.9,46693.7,105483.4,128652.3,92178.8,148
760.1,143536.0,29644.0,42412.0,29068.0,42412.0,68715.0,56683.9,15957.5,13770.8,0.0,23463.8,0.0,17412.2,25034.0,20246.3,46693.1,105484.0,128652.3,92178.8,148
761.2,143536.0,29644.0,42412.0,29068.0,42412.0,68715.0,56683.9,15957.5,13770.8,0.0,23463.8,0.0,17412.2,25034.0,20246.5,46693.3,105483.8,128652.3,92178.8,148
762.2,143536.0,29644.0,42412.0,29068.0,42412.0,68715.0,56683.9,15957.5,13770.8,0.0,23463.9,0.0,17412.2,25034.0,20247.1,46693.9,105483.2,128652.3,92178.8,148
763.2,143536.0,29644.0,42412.0,29068.0,42412.0,68715.0,56683.9,15957.5,13770.8,0.0,23463.9,0.0,17412.2,25034.0,20247.2,46694.0,105483.1,128652.3,92178.8,148
764.3,143536.0,29644.0,42412.0,29068.0,42412.0,68715.0,56683.9,15957.4,13770.8,0.0,23463.9,0.0,17412.2,25034.0,20245.0,46691.8,105485.3,128652.3,92178.8,148
765.3,143536.0,29644.0,42412.0,29068.0,42412.0,68715.0,56683.9,15957.5,13770.8,0.0,23463.9,0.0,17415.6,25034.0,20246.7,46693.5,105483.6,128652.3,92178.8,148
766.4,143536.0,29644.0,42412.0,29068.0,42412.0,68715.0,56683.9,15957.5,13770.8,0.0,23463.9,0.0,17415.4,25034.1,20251.2,46698.1,105479.1,128652.3,92178.8,148
767.4,143536.0,29644.0,42412.0,29068.0,42412.0,68715.0,56683.9,15957.5,13770.9,0.0,23463.9,0.0,17415.6,25034.1,20250.7,46697.6,105479.6,128652.3,92178.9,148
768.5,143536.0,29644.0,42412.0,29068.0,42412.0,68715.0,56683.9,15957.5,13770.9,0.0,23463.9,0.0,17415.4,25034.1,20249.8,46696.7,105480.5,128652.3,92178.9,148
769.5,143536.0,29644.0,42412.0,29068.0,42412.0,68715.0,56683.9,15957.5,13770.9,0.0,23463.9,0.0,17415.6,25034.0,20250.6,46697.5,105479.6,128652.3,92178.9,148
770.5,143536.0,29644.0,42412.0,29068.0,42412.0,68715.0,56683.9,15957.5,13770.9,0.0,23464.0,0.0,17415.6,25034.1,20252.0,46699.0,105478.2,128652.3,92179.0,148
771.6,143536.0,29644.0,42412.0,29068.0,42412.0,68715.0,56683.9,15957.5,13770.9,0.0,23464.0,0.0,17416.0,25034.1,20252.3,46699.2,105478.0,128652.3,92179.0,148
772.6,143536.0,29644.0,42412.0,29068.0,42412.0,68715.0,56683.9,15957.5,13770.9,0.0,23464.0,0.0,17416.0,25034.2,20252.3,46699.3,105477.9,128652.3,92179.0,148
773.7,143536.0,29644.0,42412.0,29068.0,42412.0,68715.0,56683.9,15957.5,13770.9,0.0,23464.0,0.0,17415.6,25034.2,20253.6,46700.6,105476.7,128652.3,92179.0,148
774.7,143536.0,29644.0,42412.0,29068.0,42412.0,68715.0,56683.9,15957.5,13770.9,0.0,23464.0,0.0,17415.3,25034.5,20249.2,46696.5,105481.1,128652.3,92179.0,148
775.7,143536.0,29644.0,42412.0,29068.0,42412.0,68701.9,56670.9,15944.4,13757.8,0.0,23464.2,0.0,17402.6,25036.8,20237.1,46686.7,105493.2,128652.3,92166.1,148
776.7,143536.0,29644.0,42412.0,29068.0,42412.0,68715.5,56684.5,15958.0,13771.4,0.0,23464.2,0.0,17402.0,25036.7,20237.0,46686.5,105493.2,128652.3,92179.7,148
777.8,143536.0,29644.0,42412.0,29068.0,42412.0,68702.0,56671.0,15944.5,13757.9,0.0,23464.2,0.0,17402.4,25036.9,20232.9,46682.7,105497.3,128652.3,92166.2,148
778.8,143536.0,29644.0,42412.0,29068.0,42412.0,68702.0,56671.0,15944.5,13757.9,0.0,23464.2,0.0,17402.4,25036.9,20233.0,46682.8,105497.2,128652.3,92166.2,148
779.8,143536.0,29644.0,42412.0,29068.0,42412.0,68702.0,56671.0,15944.5,13757.9,0.0,23464.2,0.0,17402.4,25036.9,20233.1,46682.9,105497.1,128652.3,92166.2,148
780.8,143536.0,29644.0,42412.0,29068.0,42412.0,68702.0,56671.0,15944.5,13757.9,0.0,23464.2,0.0,17402.4,25036.4,20233.2,46682.4,105497.1,128652.3,92166.3,148
781.9,143536.0,29644.0,42412.0,29068.0,42412.0,68702.0,56671.0,15944.5,13757.9,0.0,23464.2,0.0,17402.4,25036.3,20231.9,46681.1,105498.4,128652.3,92166.3,148
782.9,143536.0,29644.0,42412.0,29068.0,42412.0,68702.0,56671.0,15944.5,13757.9,0.0,23464.2,0.0,17402.4,25036.3,20229.8,46679.0,105500.4,128652.3,92166.3,148
783.9,143536.0,29644.0,42412.0,29068.0,42412.0,68702.0,56671.0,15944.5,13757.9,0.0,23464.2,0.0,17402.4,25036.3,20227.6,46676.8,105502.6,128652.3,92166.3,148
784.9,143536.0,29644.0,42412.0,29068.0,42412.0,68702.0,56671.0,15944.5,13757.9,0.0,23464.2,0.0,17402.4,25036.3,20228.1,46677.2,105502.2,128652.3,92166.3,148
786.0,143536.0,29644.0,42412.0,29068.0,42412.0,68702.0,56671.0,15944.5,13757.9,0.0,23464.2,0.0,17401.9,25036.4,20222.1,46671.3,105508.1,128652.3,92166.3,148
787.0,143536.0,29644.0,42412.0,29068.0,42412.0,68702.0,56671.0,15944.5,13757.9,0.0,23464.4,0.0,17402.3,25036.4,20220.5,46669.8,105509.7,128652.3,92166.4,148
788.0,143536.0,29644.0,42412.0,29068.0,42412.0,68702.0,56671.0,15944.5,13757.9,0.0,23464.4,0.0,17402.4,25036.4,20219.6,46668.9,105510.6,128652.3,92166.4,148
789.0,143536.0,29644.0,42412.0,29068.0,42412.0,68702.0,56671.0,15944.5,13757.9,0.0,23464.4,0.0,17402.4,25036.4,20219.2,46668.5,105511.0,128652.3,92166.4,148
790.0,143536.0,29644.0,42412.0,29068.0,42412.0,68702.0,56671.0,15944.5,13757.9,0.0,23464.4,0.0,17402.8,25036.4,20219.3,46668.6,105510.9,128652.3,92166.4,148
791.0,143536.0,29644.0,42412.0,29068.0,42412.0,68702.0,56671.0,15944.5,13757.9,0.0,23464.4,0.0,17402.8,25036.4,20219.2,46668.4,105511.1,128652.3,92166.4,148
792.1,143536.0,29644.0,42412.0,29068.0,42412.0,68702.0,56671.0,15944.5,13757.9,0.0,23464.4,0.0,17403.3,25036.4,20218.1,46667.3,105512.2,128652.3,92166.4,148
793.1,143536.0,29644.0,42412.0,29068.0,42412.0,68702.0,56671.0,15944.5,13757.9,0.0,23464.4,0.0,17402.9,25036.5,20218.6,46667.9,105511.7,128652.3,92166.4,148
794.1,143536.0,29644.0,42412.0,29068.0,42412.0,68702.0,56671.0,15944.5,13757.9,0.0,23464.4,0.0,17403.1,25036.5,20219.5,46668.9,105510.7,128652.3,92166.4,148
795.1,143536.0,29644.0,42412.0,29068.0,42412.0,68702.1,56671.0,15944.6,13757.9,0.0,23464.4,0.0,17402.3,25036.5,20225.9,46675.2,105504.3,128652.3,92166.5,148
796.2,143536.0,29644.0,42412.0,29068.0,42412.0,68702.1,56671.0,15944.5,13757.9,0.0,23464.6,0.0,17417.1,25036.6,20240.1,46689.6,105490.1,128652.3,92166.6,148
797.2,143536.0,29644.0,42412.0,29068.0,42412.0,68702.1,56671.0,15944.5,13758.0,0.0,23464.6,0.0,17404.6,25036.6,20225.7,46675.2,105504.5,128652.3,92166.6,148
798.3,143536.0,29644.0,42412.0,29068.0,42412.0,68702.2,56671.1,15944.7,13758.1,0.0,23464.6,0.0,17404.9,25036.6,20224.6,46674.1,105505.6,128652.3,92166.8,148
799.3,143536.0,29644.0,42412.0,29068.0,42412.0,68702.2,56671.1,15944.7,13758.1,0.0,23464.6,0.0,17404.9,25036.6,20224.3,46673.8,105505.9,128652.3,92166.8,148
800.4,143536.0,29644.0,42412.0,29068.0,42412.0,68702.2,56671.2,15944.7,13758.1,0.0,23464.6,0.0,17403.0,25036.7,20222.5,46672.0,105507.7,128652.3,92166.8,148
801.4,143536.0,29644.0,42412.0,29068.0,42412.0,68687.9,56656.8,15930.4,13743.8,0.0,23464.7,0.0,17388.4,25037.4,20216.3,46666.5,105514.0,128652.3,92152.6,148
802.5,143536.0,29644.0,42412.0,29068.0,42412.0,68687.9,56656.8,15930.4,13743.8,0.0,23464.7,0.0,17388.4,25037.4,20216.8,46667.1,105513.4,128652.3,92152.6,148
803.5,143536.0,29644.0,42412.0,29068.0,42412.0,68687.9,56656.8,15930.4,13743.8,0.0,23464.7,0.0,17388.4,25037.4,20215.6,46665.8,105514.6,128652.3,92152.6,148
804.6,143536.0,29644.0,42412.0,29068.0,42412.0,68687.9,56656.8,15930.4,13743.8,0.0,23464.7,0.0,17388.4,25037.4,20213.6,46663.8,105516.7,128652.3,92152.6,148
805.6,143536.0,29644.0,42412.0,29068.0,42412.0,68687.9,56656.8,15930.4,13743.8,0.0,23464.7,0.0,17388.6,25037.4,20215.5,46665.8,105514.7,128652.3,92152.6,148
806.6,143536.0,29644.0,42412.0,29068.0,42412.0,68687.9,56656.8,15930.4,13743.8,0.0,23464.7,0.0,17388.6,25037.4,20214.3,46664.6,105515.9,128652.3,92152.6,148
807.7,143536.0,29644.0,42412.0,29068.0,42412.0,68700.4,56669.3,15942.9,13756.3,0.0,23464.7,0.0,17401.1,25036.5,20230.3,46679.7,105499.9,128652.3,92165.1,148
808.7,143536.0,29644.0,42412.0,29068.0,42412.0,68700.4,56669.4,15942.9,13756.3,0.0,23464.7,0.0,17401.1,25037.9,20236.5,46687.3,105493.7,128652.3,92165.2,148
809.7,143536.0,29644.0,42412.0,29068.0,42412.0,68700.4,56669.4,15942.9,13756.3,0.0,23464.7,0.0,17401.1,25036.9,20229.2,46679.0,105501.0,128652.3,92165.2,148
810.7,143536.0,29644.0,42412.0,29068.0,42412.0,68700.4,56669.4,15942.9,13756.3,0.0,23464.8,0.0,17401.2,25036.9,20228.9,46678.7,105501.3,128652.3,92165.2,148
811.8,143536.0,29644.0,42412.0,29068.0,42412.0,68700.4,56669.4,15942.9,13756.3,0.0,23464.8,0.0,17401.4,25036.9,20228.2,46678.0,105502.0,128652.3,92165.2,148
812.8,143536.0,29644.0,42412.0,29068.0,42412.0,68700.4,56669.4,15942.9,13756.3,0.0,23464.8,0.0,17401.4,25036.9,20228.3,46678.1,105501.9,128652.3,92165.2,148
813.8,143536.0,29644.0,42412.0,29068.0,42412.0,68700.4,56669.4,15942.9,13756.3,0.0,23464.8,0.0,17401.4,25036.9,20228.6,46678.4,105501.6,128652.3,92165.2,148
814.8,143536.0,29644.0,42412.0,29068.0,42412.0,68700.4,56669.4,15942.9,13756.3,0.0,23464.8,0.0,17401.4,25036.9,20228.7,46678.5,105501.5,128652.3,92165.2,148
815.9,143536.0,29644.0,42412.0,29068.0,42412.0,68700.4,56669.4,15942.9,13756.3,0.0,23464.8,0.0,17401.4,25036.9,20229.3,46679.1,105500.9,128652.3,92165.2,148
816.9,143536.0,29644.0,42412.0,29068.0,42412.0,68700.4,56669.4,15942.9,13756.3,0.0,23464.8,0.0,17401.5,25037.1,20276.1,46726.1,105454.1,128652.3,92165.2,148
818.0,143536.0,29644.0,42412.0,29068.0,42412.0,68700.4,56669.4,15942.9,13756.3,0.0,23464.8,0.0,17401.5,25036.3,20226.8,46676.0,105503.4,128652.3,92165.2,148
819.0,143536.0,29644.0,42412.0,29068.0,42412.0,68700.4,56669.4,15942.9,13756.3,0.0,23464.8,0.0,17401.5,25036.3,20226.2,46675.4,105504.0,128652.3,92165.2,148
820.0,143536.0,29644.0,42412.0,29068.0,42412.0,68700.4,56669.4,15942.9,13756.3,0.0,23464.8,0.0,17401.5,25036.3,20226.5,46675.7,105503.7,128652.3,92165.2,148
821.0,143536.0,29644.0,42412.0,29068.0,42412.0,68700.4,56669.4,15942.9,13756.3,0.0,23464.8,0.0,17401.5,25036.3,20228.3,46677.4,105501.9,128652.3,92165.2,148
822.1,143536.0,29644.0,42412.0,29068.0,42412.0,68700.4,56669.4,15942.9,13756.3,0.0,23464.8,0.0,17401.6,25036.3,20227.4,46676.5,105502.8,128652.3,92165.2,148
823.1,143536.0,29644.0,42412.0,29068.0,42412.0,68700.4,56669.4,15942.9,13756.3,0.0,23464.9,0.0,17401.9,25036.4,20226.9,46676.2,105503.3,128652.3,92165.4,148
824.1,143536.0,29644.0,42412.0,29068.0,42412.0,68700.4,56669.4,15942.9,13756.3,0.0,23464.9,0.0,17401.9,25036.4,20226.2,46675.5,105504.0,128652.3,92165.4,148
825.1,143536.0,29644.0,42412.0,29068.0,42412.0,68700.4,56669.4,15942.9,13756.3,0.0,23464.9,0.0,17400.5,25036.4,20225.3,46674.6,105504.8,128652.3,92165.4,148
826.2,143536.0,29644.0,42412.0,29068.0,42412.0,68700.4,56669.4,15943.0,13756.3,0.0,23465.0,0.0,17397.6,25036.4,20223.5,46672.8,105506.7,128652.3,92165.4,148
827.2,143536.0,29644.0,42412.0,29068.0,42412.0,68700.4,56669.4,15943.0,13756.3,0.0,23465.0,0.0,17397.8,25036.4,20221.3,46670.6,105508.9,128652.3,92165.4,148
828.3,143536.0,29644.0,42412.0,29068.0,42412.0,68700.4,56669.4,15943.0,13756.3,0.0,23465.0,0.0,17397.4,25036.4,20221.9,46671.2,105508.3,128652.3,92165.4,148
829.3,143536.0,29644.0,42412.0,29068.0,42412.0,68700.4,56669.4,15943.0,13756.3,0.0,23465.0,0.0,17397.3,25036.4,20222.4,46671.7,105507.8,128652.3,92165.4,148
830.3,143536.0,29644.0,42412.0,29068.0,42412.0,68700.4,56669.4,15943.0,13756.3,0.0,23465.0,0.0,17397.3,25036.4,20221.6,46670.8,105508.6,128652.3,92165.4,148
831.4,143536.0,29644.0,42412.0,29068.0,42412.0,68700.2,56669.1,15942.7,13756.0,0.0,23465.0,0.0,17397.3,25036.4,20223.3,46672.6,105506.9,128652.3,92165.1,148
832.4,143536.0,29644.0,42412.0,29068.0,42412.0,68714.9,56683.9,15957.5,13770.8,0.0,23465.0,0.0,17397.0,25037.0,20228.3,46678.2,105501.9,128652.3,92179.9,148
833.5,143536.0,29644.0,42412.0,29068.0,42412.0,68687.8,56656.8,15930.4,13743.7,0.0,23465.0,0.0,17384.7,25037.5,20241.3,46691.7,105488.9,128652.3,92152.8,148
834.5,143536.0,29644.0,42412.0,29068.0,42412.0,68687.9,56656.8,15930.4,13743.8,0.0,23465.0,0.0,17384.7,25037.1,20209.0,46659.0,105521.2,128652.3,92152.9,148
835.5,143536.0,29644.0,42412.0,29068.0,42412.0,68687.9,56656.8,15930.4,13743.8,0.0,23465.0,0.0,17384.9,25037.1,20208.7,46658.7,105521.5,128652.3,92152.9,148
836.5,143536.0,29644.0,42412.0,29068.0,42412.0,68687.9,56656.8,15930.4,13743.8,0.0,23465.0,0.0,17384.9,25037.1,20210.2,46660.2,105519.9,128652.3,92152.9,148
837.6,143536.0,29644.0,42412.0,29068.0,42412.0,68687.9,56656.8,15930.4,13743.8,0.0,23465.1,0.0,17384.7,25037.2,20208.9,46659.0,105521.3,128652.3,92153.0,148
838.6,143536.0,29644.0,42412.0,29068.0,42412.0,68687.9,56656.8,15930.4,13743.8,0.0,23465.1,0.0,17384.7,25037.2,20209.6,46659.7,105520.6,128652.3,92153.0,148
839.6,143536.0,29644.0,42412.0,29068.0,42412.0,68689.1,56658.0,15931.6,13744.9,0.0,23465.1,0.0,17384.7,25037.2,20210.9,46661.0,105519.3,128652.3,92154.2,148
840.6,143536.0,29644.0,42412.0,29068.0,42412.0,68687.9,56656.9,15930.5,13743.8,0.0,23465.2,0.0,17384.8,25037.0,20214.5,46664.4,105515.6,128652.3,92153.1,148
841.6,143536.0,29644.0,42412.0,29068.0,42412.0,68687.9,56656.9,15930.5,13743.8,0.0,23465.2,0.0,17384.8,25037.0,20215.3,46665.2,105514.9,128652.3,92153.1,148
842.6,143536.0,29644.0,42412.0,29068.0,42412.0,68688.2,56657.2,15930.8,13744.1,0.0,23465.2,0.0,17384.8,25037.0,20212.2,46662.1,105518.0,128652.3,92153.4,148
843.7,143536.0,29644.0,42412.0,29068.0,42412.0,68715.5,56684.4,15958.0,13771.4,0.0,23465.2,0.0,17412.3,25036.5,20235.9,46685.3,105494.3,128652.3,92180.6,148
844.7,143536.0,29644.0,42412.0,29068.0,42412.0,68715.5,56684.4,15958.0,13771.4,0.0,23465.2,0.0,17412.3,25036.5,20236.5,46685.9,105493.7,128652.3,92180.6,148
845.7,143536.0,29644.0,42412.0,29068.0,42412.0,68715.5,56684.4,15958.0,13771.4,0.0,23465.2,0.0,17414.7,25036.5,20239.7,46689.1,105490.5,128652.3,92180.7,148
846.7,143536.0,29644.0,42412.0,29068.0,42412.0,68715.5,56684.4,15958.0,13771.4,0.0,23465.2,0.0,17415.6,25036.5,20241.1,46690.5,105489.1,128652.3,92180.7,148
847.7,143536.0,29644.0,42412.0,29068.0,42412.0,68715.5,56684.4,15958.0,13771.4,0.0,23465.2,0.0,17415.6,25036.5,20241.1,46690.6,105489.0,128652.3,92180.7,148
848.7,143536.0,29644.0,42412.0,29068.0,42412.0,68715.5,56684.4,15958.0,13771.4,0.0,23465.2,0.0,17415.6,25036.5,20241.7,46691.1,105488.5,128652.3,92180.7,148
849.7,143536.0,29644.0,42412.0,29068.0,42412.0,68715.5,56684.4,15958.0,13771.4,0.0,23465.2,0.0,17415.6,25036.5,20242.2,46691.7,105487.9,128652.3,92180.7,148
850.7,143536.0,29644.0,42412.0,29068.0,42412.0,68715.5,56684.4,15958.0,13771.4,0.0,23465.2,0.0,17415.6,25036.5,20242.5,46691.9,105487.7,128652.3,92180.7,148
851.7,143536.0,29644.0,42412.0,29068.0,42412.0,68715.5,56684.4,15958.0,13771.4,0.0,23465.2,0.0,17415.6,25036.5,20243.3,46692.7,105486.9,128652.3,92180.7,148
852.7,143536.0,29644.0,42412.0,29068.0,42412.0,68715.5,56684.4,15958.0,13771.4,0.0,23465.2,0.0,17415.6,25036.5,20243.1,46692.6,105487.0,128652.3,92180.7,148
853.8,143536.0,29644.0,42412.0,29068.0,42412.0,68715.5,56684.4,15958.0,13771.4,0.0,23465.2,0.0,17415.6,25036.5,20244.1,46693.6,105486.0,128652.3,92180.7,148
854.8,143536.0,29644.0,42412.0,29068.0,42412.0,68715.5,56684.4,15958.0,13771.4,0.0,23465.2,0.0,17415.6,25036.5,20242.8,46692.2,105487.4,128652.3,92180.7,148
855.8,143536.0,29644.0,42412.0,29068.0,42412.0,68717.4,56686.4,15959.9,13773.3,0.0,23465.2,0.0,17417.5,25037.4,20244.2,46694.5,105485.9,128652.3,92182.7,148
856.9,143536.0,29644.0,42412.0,29068.0,42412.0,68717.6,56686.5,15960.1,13773.5,0.0,23465.2,0.0,17417.6,25037.4,20242.0,46692.3,105488.2,128652.3,92182.8,148
857.9,143536.0,29644.0,42412.0,29068.0,42412.0,68722.3,56691.3,15964.8,13778.2,0.0,23465.4,0.0,17422.3,25039.0,20251.8,46703.7,105478.4,128652.3,92187.7,148
859.0,143536.0,29644.0,42412.0,29068.0,42412.0,68722.3,56691.3,15964.8,13778.2,0.0,23465.4,0.0,17422.5,25038.2,20248.7,46699.8,105481.5,128652.3,92187.7,148
860.0,143536.0,29644.0,42412.0,29068.0,42412.0,68722.3,56691.3,15964.8,13778.2,0.0,23465.4,0.0,17423.0,25038.3,20253.3,46704.5,105476.9,128652.3,92187.7,148
861.0,143536.0,29644.0,42412.0,29068.0,42412.0,68723.5,56692.5,15966.0,13779.4,0.0,23465.4,0.0,17423.5,25037.9,20258.8,46709.6,105471.4,128652.3,92188.9,148
862.1,143536.0,29644.0,42412.0,29068.0,42412.0,68724.6,56693.6,15967.1,13780.5,0.0,23465.4,0.0,17424.9,25037.8,20261.3,46712.0,105468.9,128652.3,92190.0,148
863.1,143536.0,29644.0,42412.0,29068.0,42412.0,68724.6,56693.6,15967.1,13780.5,0.0,23465.4,0.0,17424.8,25037.4,20260.2,46710.5,105469.9,128652.3,92190.0,148
864.1,143536.0,29644.0,42412.0,29068.0,42412.0,68724.6,56693.6,15967.1,13780.5,0.0,23465.4,0.0,17424.8,25037.4,20259.1,46709.4,105471.0,128652.3,92190.0,148
865.1,143536.0,29644.0,42412.0,29068.0,42412.0,68724.6,56693.6,15967.1,13780.5,0.0,23465.4,0.0,17424.8,25037.4,20259.8,46710.1,105470.3,128652.3,92190.1,148
866.1,143536.0,29644.0,42412.0,29068.0,42412.0,68724.6,56693.6,15967.1,13780.5,0.0,23465.4,0.0,17425.0,25037.4,20261.3,46711.7,105468.8,128652.3,92190.1,148
867.1,143536.0,29644.0,42412.0,29068.0,42412.0,68724.6,56693.6,15967.1,13780.5,0.0,23465.4,0.0,17424.9,25037.4,20260.4,46710.7,105469.7,128652.3,92190.1,148
868.1,143536.0,29644.0,42412.0,29068.0,42412.0,68724.6,56693.6,15967.1,13780.5,0.0,23465.4,0.0,17425.1,25037.4,20260.7,46711.0,105469.4,128652.3,92190.1,148
869.1,143536.0,29644.0,42412.0,29068.0,42412.0,68724.6,56693.6,15967.1,13780.5,0.0,23465.4,0.0,17425.1,25037.4,20258.5,46708.9,105471.6,128652.3,92190.1,148
870.1,143536.0,29644.0,42412.0,29068.0,42412.0,68724.6,56693.6,15967.1,13780.5,0.0,23465.4,0.0,17425.1,25037.4,20258.4,46708.8,105471.7,128652.3,92190.1,148
871.1,143536.0,29644.0,42412.0,29068.0,42412.0,68724.6,56693.6,15967.1,13780.5,0.0,23465.4,0.0,17425.1,25037.4,20259.4,46709.7,105470.7,128652.3,92190.1,148
872.2,143536.0,29644.0,42412.0,29068.0,42412.0,68724.6,56693.6,15967.1,13780.5,0.0,23465.6,0.0,17425.2,25037.5,20260.4,46710.9,105469.7,128652.3,92190.2,148
873.2,143536.0,29644.0,42412.0,29068.0,42412.0,68724.6,56693.6,15967.1,13780.5,0.0,23465.6,0.0,17425.0,25037.5,20260.8,46711.2,105469.3,128652.3,92190.2,148
874.2,143536.0,29644.0,42412.0,29068.0,42412.0,68724.6,56693.6,15967.1,13780.5,0.0,23465.6,0.0,17425.0,25037.5,20259.0,46709.5,105471.1,128652.3,92190.2,148
875.3,143536.0,29644.0,42412.0,29068.0,42412.0,68724.6,56693.6,15967.1,13780.5,0.0,23465.6,0.0,17425.0,25037.5,20259.8,46710.3,105470.3,128652.3,92190.2,148
876.3,143536.0,29644.0,42412.0,29068.0,42412.0,68724.6,56693.6,15967.1,13780.5,0.0,23465.6,0.0,17424.6,25037.5,20261.6,46712.1,105468.5,128652.3,92190.2,148
877.4,143536.0,29644.0,42412.0,29068.0,42412.0,68724.6,56693.6,15967.1,13780.5,0.0,23465.6,0.0,17439.3,25037.5,20280.9,46731.4,105449.2,128652.3,92190.3,148
878.4,143536.0,29644.0,42412.0,29068.0,42412.0,68724.6,56693.6,15967.1,13780.5,0.0,23465.6,0.0,17425.4,25037.5,20265.8,46716.3,105464.3,128652.3,92190.3,148
879.5,143536.0,29644.0,42412.0,29068.0,42412.0,68724.6,56693.6,15967.1,13780.5,0.0,23465.6,0.0,17425.0,25037.6,20263.4,46713.9,105466.7,128652.3,92190.3,148
880.5,143536.0,29644.0,42412.0,29068.0,42412.0,68697.6,56666.5,15940.1,13753.4,0.0,23465.6,0.0,17398.0,25037.4,20229.4,46679.8,105500.7,128652.3,92163.2,148
881.6,143536.0,29644.0,42412.0,29068.0,42412.0,68697.6,56666.5,15940.1,13753.4,0.0,23465.6,0.0,17398.0,25037.8,20228.0,46678.8,105502.1,128652.3,92163.2,148
882.6,143536.0,29644.0,42412.0,29068.0,42412.0,68697.6,56666.5,15940.0,13753.4,0.0,23465.6,0.0,17398.0,25037.8,20228.2,46679.0,105501.9,128652.3,92163.2,148
883.7,143536.0,29644.0,42412.0,29068.0,42412.0,68697.6,56666.5,15940.0,13753.4,0.0,23465.6,0.0,17398.0,25037.8,20228.4,46679.2,105501.7,128652.3,92163.2,148
884.7,143536.0,29644.0,42412.0,29068.0,42412.0,68715.2,56684.1,15957.7,13771.1,0.0,23465.6,0.0,17445.8,25040.8,20287.8,46741.6,105442.4,128652.3,92180.8,148
885.8,143536.0,29644.0,42412.0,29068.0,42412.0,68652.5,56621.4,15895.0,13708.4,0.0,23465.6,0.0,17353.0,25038.5,20185.0,46636.5,105545.1,128652.3,92118.1,148
886.8,143536.0,29644.0,42412.0,29068.0,42412.0,68652.5,56621.4,15895.0,13708.4,0.0,23465.6,0.0,17353.0,25038.5,20183.7,46635.1,105546.4,128652.3,92118.1,148
887.9,143536.0,29644.0,42412.0,29068.0,42412.0,68652.5,56621.4,15895.0,13708.4,0.0,23465.8,0.0,17355.3,25038.6,20186.0,46637.6,105544.1,128652.3,92118.3,148
889.0,143536.0,29644.0,42412.0,29068.0,42412.0,68652.5,56621.4,15895.0,13708.4,0.0,23465.8,0.0,17355.6,25038.6,20185.3,46636.9,105544.8,128652.3,92118.3,148
890.0,143536.0,29644.0,42412.0,29068.0,42412.0,68652.5,56621.4,15895.0,13708.4,0.0,23465.8,0.0,17356.1,25038.6,20185.9,46637.5,105544.2,128652.3,92118.3,148
891.1,143536.0,29644.0,42412.0,29068.0,42412.0,68652.5,56621.4,15895.0,13708.4,0.0,23465.8,0.0,17355.6,25038.6,20185.7,46637.3,105544.4,128652.3,92118.3,148
892.1,143536.0,29644.0,42412.0,29068.0,42412.0,68657.3,56626.3,15899.8,13713.2,0.0,23465.8,0.0,17448.0,25040.5,20289.1,46742.7,105441.0,128652.3,92123.1,148
893.1,143536.0,29644.0,42412.0,29068.0,42412.0,68657.4,56626.3,15899.9,13713.3,0.0,23465.8,0.0,17358.4,25038.4,20190.9,46642.3,105539.2,128652.3,92123.2,148
894.1,143536.0,29644.0,42412.0,29068.0,42412.0,68657.4,56626.3,15899.9,13713.3,0.0,23465.8,0.0,17358.4,25038.4,20188.8,46640.2,105541.3,128652.3,92123.2,148
895.1,143536.0,29644.0,42412.0,29068.0,42412.0,68657.4,56626.3,15899.9,13713.3,0.0,23465.8,0.0,17358.4,25038.4,20185.9,46637.3,105544.2,128652.3,92123.2,148
896.2,143536.0,29644.0,42412.0,29068.0,42412.0,68657.4,56626.3,15899.9,13713.3,0.0,23465.8,0.0,17358.4,25038.4,20187.6,46639.0,105542.5,128652.3,92123.2,148
897.2,143536.0,29644.0,42412.0,29068.0,42412.0,68657.4,56626.3,15899.9,13713.3,0.0,23465.8,0.0,17358.2,25038.4,20186.7,46638.1,105543.4,128652.3,92123.2,148
898.2,143536.0,29644.0,42412.0,29068.0,42412.0,68657.4,56626.3,15899.9,13713.3,0.0,23465.8,0.0,17358.4,25038.4,20187.3,46638.7,105542.8,128652.3,92123.2,148
899.2,143536.0,29644.0,42412.0,29068.0,42412.0,68657.4,56626.3,15899.9,13713.3,0.0,23465.8,0.0,17358.3,25038.4,20184.2,46635.6,105545.8,128652.3,92123.2,148
900.2,143536.0,29644.0,42412.0,29068.0,42412.0,68657.4,56626.3,15899.9,13713.3,0.0,23465.8,0.0,17358.6,25038.4,20184.5,46635.9,105545.6,128652.3,92123.2,148
901.3,143536.0,29644.0,42412.0,29068.0,42412.0,68657.4,56626.3,15899.9,13713.3,0.0,23465.8,0.0,17358.4,25038.4,20186.4,46637.8,105543.7,128652.3,92123.2,148
902.3,143536.0,29644.0,42412.0,29068.0,42412.0,68657.4,56626.3,15899.9,13713.3,0.0,23465.8,0.0,17358.2,25038.4,20186.0,46637.4,105544.1,128652.3,92123.2,148
903.4,143536.0,29644.0,42412.0,29068.0,42412.0,68657.4,56626.3,15899.9,13713.3,0.0,23465.8,0.0,17358.4,25038.4,20184.4,46635.9,105545.6,128652.3,92123.2,148
904.4,143536.0,29644.0,42412.0,29068.0,42412.0,68657.4,56626.3,15899.9,13713.3,0.0,23465.8,0.0,17358.9,25038.4,20183.8,46635.2,105546.3,128652.3,92123.2,148
905.5,143536.0,29644.0,42412.0,29068.0,42412.0,68657.4,56626.3,15899.9,13713.3,0.0,23465.9,0.0,17358.4,25038.5,20186.0,46637.4,105544.1,128652.3,92123.3,148
906.5,143536.0,29644.0,42412.0,29068.0,42412.0,68657.4,56626.3,15899.9,13713.3,0.0,23465.9,0.0,17358.4,25038.5,20186.0,46637.5,105544.1,128652.3,92123.3,148
907.6,143536.0,29644.0,42412.0,29068.0,42412.0,68657.4,56626.4,15899.9,13713.3,0.0,23466.0,0.0,17355.3,25038.6,20185.2,46636.8,105544.9,128652.3,92123.4,148
908.6,143536.0,29644.0,42412.0,29068.0,42412.0,68657.4,56626.4,15899.9,13713.3,0.0,23466.0,0.0,17355.2,25038.6,20184.7,46636.4,105545.3,128652.3,92123.4,148
909.6,143536.0,29644.0,42412.0,29068.0,42412.0,68657.5,56626.4,15900.0,13713.4,0.0,23466.0,0.0,17355.1,25038.6,20185.8,46637.4,105544.3,128652.3,92123.5,148
910.7,143536.0,29644.0,42412.0,29068.0,42412.0,68657.5,56626.4,15900.0,13713.4,0.0,23466.0,0.0,17355.4,25038.6,20186.8,46638.4,105543.3,128652.3,92123.5,148
911.7,143536.0,29644.0,42412.0,29068.0,42412.0,68657.5,56626.4,15900.0,13713.4,0.0,23466.0,0.0,17355.2,25038.6,20187.0,46638.6,105543.1,128652.3,92123.5,148
912.8,143536.0,29644.0,42412.0,29068.0,42412.0,68748.6,56717.5,15991.1,13804.5,0.0,23466.0,0.0,17355.3,25038.6,20192.2,46643.8,105537.8,128652.3,92214.6,148
913.8,143536.0,29644.0,42412.0,29068.0,42412.0,68746.9,56715.8,15989.4,13802.8,0.0,23466.0,0.0,17444.8,25039.1,20274.3,46726.4,105455.8,128652.3,92212.9,148
914.8,143536.0,29644.0,42412.0,29068.0,42412.0,68746.9,56715.8,15989.4,13802.8,0.0,23466.0,0.0,17444.8,25039.1,20273.2,46725.3,105456.9,128652.3,92212.9,148
915.9,143536.0,29644.0,42412.0,29068.0,42412.0,68746.9,56715.8,15989.4,13802.8,0.0,23466.0,0.0,17444.9,25039.1,20274.9,46727.1,105455.2,128652.3,92212.9,148
916.9,143536.0,29644.0,42412.0,29068.0,42412.0,68746.9,56715.8,15989.4,13802.8,0.0,23466.0,0.0,17444.6,25039.1,20275.7,46727.8,105454.4,128652.3,92212.9,148
918.0,143536.0,29644.0,42412.0,29068.0,42412.0,68746.9,56715.8,15989.4,13802.8,0.0,23466.0,0.0,17444.8,25039.1,20276.7,46728.9,105453.4,128652.3,92212.9,148
919.0,143536.0,29644.0,42412.0,29068.0,42412.0,68746.9,56715.8,15989.4,13802.8,0.0,23466.0,0.0,17444.8,25039.1,20275.8,46727.9,105454.3,128652.3,92212.9,148
920.0,143536.0,29644.0,42412.0,29068.0,42412.0,68746.9,56715.8,15989.4,13802.8,0.0,23466.0,0.0,17444.8,25039.1,20275.6,46727.8,105454.4,128652.3,92212.9,148
921.0,143536.0,29644.0,42412.0,29068.0,42412.0,68746.9,56715.8,15989.4,13802.8,0.0,23466.0,0.0,17444.8,25039.1,20276.9,46729.0,105453.2,128652.3,92212.9,148
922.0,143536.0,29644.0,42412.0,29068.0,42412.0,68746.9,56715.8,15989.4,13802.8,0.0,23466.1,0.0,17444.8,25039.1,20276.7,46728.8,105453.4,128652.3,92212.9,148
923.0,143536.0,29644.0,42412.0,29068.0,42412.0,68746.9,56715.8,15989.4,13802.8,0.0,23466.1,0.0,17444.8,25039.1,20273.6,46725.7,105456.5,128652.3,92212.9,148
924.1,143536.0,29644.0,42412.0,29068.0,42412.0,68746.9,56715.8,15989.4,13802.8,0.0,23466.2,0.0,17444.8,25039.3,20274.0,46726.3,105456.0,128652.3,92213.0,148
925.1,143536.0,29644.0,42412.0,29068.0,42412.0,68746.9,56715.8,15989.4,13802.8,0.0,23466.2,0.0,17444.8,25039.3,20272.9,46725.1,105457.2,128652.3,92213.0,148
926.2,143536.0,29644.0,42412.0,29068.0,42412.0,68746.9,56715.8,15989.4,13802.8,0.0,23466.2,0.0,17445.4,25039.3,20275.2,46727.5,105454.8,128652.3,92213.1,148
927.2,143536.0,29644.0,42412.0,29068.0,42412.0,68746.9,56715.8,15989.4,13802.8,0.0,23466.2,0.0,17460.1,25039.3,20288.1,46740.4,105442.0,128652.3,92213.1,148
928.2,143536.0,29644.0,42412.0,29068.0,42412.0,68746.9,56715.8,15989.4,13802.8,0.0,23466.2,0.0,17447.4,25039.3,20276.4,46728.7,105453.7,128652.3,92213.1,148
929.2,143536.0,29644.0,42412.0,29068.0,42412.0,68746.9,56715.8,15989.4,13802.8,0.0,23466.2,0.0,17448.2,25039.3,20277.6,46729.9,105452.5,128652.3,92213.1,148
930.3,143536.0,29644.0,42412.0,29068.0,42412.0,68746.9,56715.8,15989.4,13802.8,0.0,23466.2,0.0,17448.9,25039.3,20277.7,46730.0,105452.4,128652.3,92213.1,148
