elapsed_s,gpu_hbm_mb,gpu0_hbm_mb,gpu1_hbm_mb,proc_rss_mb,proc_anon_mb,proc_pss_mb,proc_pss_anon_mb,proc_locked_mb,file_cache_mb,hicache_dir_mb,anonpages_mb,reclaimable_mb,nonreclaimable_mb,mem_used_mb,mem_avail_mb,mem_total_mb,rss_plus_cache_mb,n_pids
0.1,75346.0,31662.0,43684.0,36553.5,33202.3,22537.0,21689.2,0.0,131724.2,0.0,32492.5,146684.9,536532.8,683217.7,488839.0,1031900.8,168277.7,42
1.1,75574.0,31890.0,43684.0,36627.3,33258.4,22609.8,21745.3,0.0,131724.2,0.0,32558.4,146684.9,536572.5,683257.4,488799.2,1031900.8,168351.5,42
2.1,75574.0,31890.0,43684.0,36627.7,33258.8,22610.2,21745.7,0.0,131724.2,0.0,32559.0,146685.0,536584.9,683269.9,488786.8,1031900.8,168351.9,42
3.1,75574.0,31890.0,43684.0,36627.8,33258.9,22610.3,21745.8,0.0,131724.2,0.0,32559.1,146684.9,536574.1,683259.1,488797.6,1031900.8,168352.0,42
4.1,75574.0,31890.0,43684.0,36621.9,33253.0,22604.4,21739.9,0.0,131724.2,0.0,32672.3,146685.1,536704.6,683389.7,488667.1,1031900.8,168346.1,42
5.1,75574.0,31890.0,43684.0,36618.0,33249.1,22600.5,21736.0,0.0,131724.2,0.0,32674.1,146685.1,536723.1,683408.1,488648.7,1031900.8,168342.2,42
6.1,75574.0,31890.0,43684.0,36620.2,33251.3,22602.6,21738.2,0.0,131724.2,0.0,32509.5,146685.1,536630.0,683315.1,488741.7,1031900.8,168344.4,42
7.1,75574.0,31890.0,43684.0,36626.0,33257.1,22608.5,21744.0,0.0,131146.4,0.0,32454.7,146111.7,537093.6,683205.3,488278.1,1031900.8,167772.4,42
8.1,75574.0,31890.0,43684.0,36614.0,33245.1,22596.5,21732.0,0.0,130902.5,0.0,32455.4,145869.3,537250.8,683120.1,488120.9,1031900.8,167516.5,42
9.1,75574.0,31890.0,43684.0,36614.1,33245.2,22596.5,21732.1,0.0,130902.4,0.0,32455.3,145869.4,537264.8,683134.2,488106.9,1031900.8,167516.5,42
10.1,75574.0,31890.0,43684.0,36614.1,33245.2,22596.6,21732.1,0.0,130901.8,0.0,32380.2,145868.6,537200.4,683069.0,488171.3,1031900.8,167515.9,42
11.1,75574.0,31890.0,43684.0,36554.1,33185.2,22536.6,21672.1,0.0,130902.5,0.0,32380.3,145869.4,537202.7,683072.1,488169.0,1031900.8,167456.6,42
12.1,75574.0,31890.0,43684.0,36575.3,33206.4,22557.8,21693.3,0.0,130902.5,0.0,32381.5,145872.7,537642.9,683515.6,487728.8,1031900.8,167477.8,42
13.1,75574.0,31890.0,43684.0,36465.4,33096.5,22447.9,21583.4,0.0,130083.2,0.0,32381.5,145056.1,537986.6,683042.7,487385.1,1031900.8,166548.6,42
14.1,75574.0,31890.0,43684.0,36343.4,32974.5,22325.9,21461.4,0.0,130083.2,0.0,32381.5,145056.0,537981.6,683037.7,487390.1,1031900.8,166426.6,42
15.1,75574.0,31890.0,43684.0,36255.4,32886.5,22237.9,21373.4,0.0,130083.2,0.0,32381.6,145056.1,537991.6,683047.7,487380.2,1031900.8,166338.7,42
16.1,75574.0,31890.0,43684.0,36251.4,32882.5,22233.9,21369.4,0.0,130082.7,0.0,32381.6,145055.6,538007.9,683063.5,487363.8,1031900.8,166334.2,42
17.1,75574.0,31890.0,43684.0,36286.2,32917.1,22268.6,21404.0,0.0,130083.2,0.0,32429.8,145056.2,538110.9,683167.1,487260.8,1031900.8,166369.4,42
18.1,75574.0,31890.0,43684.0,36283.5,32914.4,22265.9,21401.3,0.0,129284.8,0.0,32505.2,144263.6,538919.2,683182.8,486452.5,1031900.8,165568.3,42
19.1,75574.0,31890.0,43684.0,36261.5,32892.4,22243.9,21379.3,0.0,129284.4,0.0,32482.0,144263.3,538898.6,683161.9,486473.1,1031900.8,165545.9,42
20.1,75574.0,31890.0,43684.0,36015.9,32646.9,21998.3,21133.8,0.0,129283.5,0.0,32546.6,144262.3,538956.5,683218.8,486415.2,1031900.8,165299.4,42
21.1,75574.0,31890.0,43684.0,35717.9,32348.9,21700.3,20835.8,0.0,129284.4,0.0,32666.2,144263.2,539110.0,683373.2,486261.7,1031900.8,165002.4,42
22.1,75574.0,31890.0,43684.0,35490.1,32121.1,21472.5,20607.9,0.0,129284.5,0.0,32750.2,144263.4,539163.8,683427.2,486207.9,1031900.8,164774.6,42
23.1,75574.0,31890.0,43684.0,35299.7,31930.6,21282.1,20417.5,0.0,129284.4,0.0,32852.9,144268.1,540010.5,684278.7,485361.2,1031900.8,164584.1,42
24.1,75574.0,31890.0,43684.0,35015.7,31646.6,20998.1,20133.5,0.0,129284.4,0.0,32781.5,144269.1,540025.5,684294.6,485346.2,1031900.8,164300.1,42
25.1,75574.0,31890.0,43684.0,34763.7,31394.7,20746.1,19881.6,0.0,129284.4,0.0,32864.3,144269.2,540131.5,684400.7,485240.3,1031900.8,164048.1,42
26.1,75574.0,31890.0,43684.0,34251.7,30882.7,20234.1,19369.6,0.0,129284.4,0.0,32919.3,144269.2,540172.3,684441.5,485199.4,1031900.8,163536.1,42
27.1,75574.0,31890.0,43684.0,34098.1,30729.0,20080.5,19215.9,0.0,129284.4,0.0,32947.0,144269.2,540185.8,684455.0,485185.9,1031900.8,163382.5,42
28.1,75574.0,31890.0,43684.0,33905.6,30536.6,19888.0,19023.4,0.0,129284.4,0.0,32948.9,144274.3,540879.2,685153.5,484492.5,1031900.8,163190.1,42
29.1,75574.0,31890.0,43684.0,33649.7,30280.6,19632.1,18767.4,0.0,129284.4,0.0,32948.9,144275.2,541015.8,685291.0,484355.9,1031900.8,162934.1,42
30.1,75574.0,31890.0,43684.0,33395.7,30026.6,19378.1,18513.5,0.0,129284.4,0.0,32948.9,144275.3,541013.1,685288.4,484358.6,1031900.8,162680.1,42
31.1,75574.0,31890.0,43684.0,33139.7,29770.6,19122.1,18257.5,0.0,129284.4,0.0,32843.9,144275.3,540917.2,685192.6,484454.5,1031900.8,162424.2,42
32.1,75576.0,31892.0,43684.0,32738.4,29369.3,18720.8,17856.2,0.0,129284.4,0.0,32899.5,144275.3,540957.9,685233.2,484413.8,1031900.8,162022.8,42
33.1,75576.0,31892.0,43684.0,32645.7,29276.6,18628.1,17763.5,0.0,129284.5,0.0,32937.6,144281.0,541813.7,686094.7,483558.1,1031900.8,161930.2,42
34.1,75576.0,31892.0,43684.0,32389.7,29020.6,18372.1,17507.5,0.0,129284.5,0.0,32992.8,144281.1,541850.2,686131.3,483521.5,1031900.8,161674.2,42
35.1,75576.0,31892.0,43684.0,32073.7,28704.6,18056.1,17191.5,0.0,129284.5,0.0,32593.3,144281.2,541469.3,685750.5,483902.4,1031900.8,161358.2,42
36.1,75576.0,31892.0,43684.0,31817.8,28448.7,17800.2,16935.5,0.0,129284.5,0.0,32611.5,144281.2,541471.3,685752.4,483900.4,1031900.8,161102.2,42
37.1,75576.0,31892.0,43684.0,31572.6,28203.5,17555.0,16690.4,0.0,129284.5,0.0,32642.4,144281.2,541505.1,685786.3,483866.7,1031900.8,160857.1,42
38.1,75576.0,31892.0,43684.0,31316.7,27947.5,17299.0,16434.4,0.0,129284.5,0.0,32355.3,144281.3,541196.9,685478.2,484174.8,1031900.8,160601.1,42
39.1,75576.0,31892.0,43684.0,30742.7,27373.5,16725.0,15860.4,0.0,129284.5,0.0,32410.5,144281.3,541260.1,685541.5,484111.6,1031900.8,160027.2,42
40.1,75576.0,31892.0,43684.0,30893.2,27524.0,16875.5,16010.9,0.0,129284.5,0.0,32484.3,144281.8,541400.6,685682.4,483971.1,1031900.8,160177.7,42
41.1,75576.0,31892.0,43684.0,30884.8,27514.8,16866.3,16001.7,0.0,129284.5,0.0,32572.4,144287.3,542193.6,686481.0,483178.1,1031900.8,160169.2,42
42.1,75576.0,31892.0,43684.0,30636.8,27266.9,16618.4,15753.8,0.0,129284.5,0.0,32655.1,144287.2,542294.4,686581.7,483077.3,1031900.8,159921.3,42
43.1,75576.0,31892.0,43684.0,30380.9,27011.0,16362.5,15497.9,0.0,129284.5,0.0,32729.3,144287.3,542387.1,686674.4,482984.6,1031900.8,159665.4,42
44.1,75578.0,31892.0,43686.0,30128.9,26759.0,16110.5,15245.9,0.0,129284.5,0.0,32488.2,144287.4,542138.4,686425.8,483233.3,1031900.8,159413.4,42
45.1,75578.0,31892.0,43686.0,29616.9,26247.0,15598.5,14733.9,0.0,129284.5,0.0,32533.2,144287.5,542177.5,686464.9,483194.2,1031900.8,158901.4,42
46.1,75578.0,31892.0,43686.0,29809.8,26439.8,15791.3,14926.7,0.0,129284.5,0.0,32524.1,144287.4,542239.6,686527.0,483132.1,1031900.8,159094.2,42
47.1,75578.0,31892.0,43686.0,29759.0,26389.1,15740.6,14876.0,0.0,129284.5,0.0,32561.0,144290.7,542695.2,686986.0,482676.5,1031900.8,159043.5,42
48.1,75580.0,31892.0,43688.0,29907.2,26537.3,15888.8,15024.2,0.0,129284.5,0.0,32608.2,144293.4,543064.2,687357.6,482307.5,1031900.8,159191.7,42
49.1,75580.0,31892.0,43688.0,29651.3,26281.3,15632.9,14768.2,0.0,129284.5,0.0,32656.0,144293.6,543107.2,687400.7,482264.6,1031900.8,158935.8,42
50.1,75580.0,31892.0,43688.0,29404.9,26035.0,15386.5,14521.8,0.0,129284.5,0.0,32705.7,144293.6,543169.5,687463.1,482202.2,1031900.8,158689.4,42
51.1,75580.0,31892.0,43688.0,29162.1,25791.3,15143.7,14278.2,0.0,129284.5,0.0,32761.3,144293.7,543230.9,687524.6,482140.8,1031900.8,158446.6,42
52.1,75580.0,31892.0,43688.0,28654.8,25284.0,14636.4,13770.9,0.0,129284.5,0.0,32781.2,144293.7,543265.6,687559.4,482106.1,1031900.8,157939.3,42
53.1,75580.0,31892.0,43688.0,28400.8,25030.1,14382.4,13517.0,0.0,129284.5,0.0,32781.2,144293.7,543261.6,687555.3,482110.1,1031900.8,157685.3,42
54.1,75580.0,31892.0,43688.0,28144.9,24774.1,14126.5,13261.0,0.0,129284.5,0.0,32854.8,144293.7,543325.3,687619.0,482046.4,1031900.8,157429.4,42
55.1,75580.0,31892.0,43688.0,27894.9,24524.1,13876.5,13011.0,0.0,129284.5,0.0,32947.8,144293.8,543425.6,687719.3,481946.1,1031900.8,157179.4,42
56.1,75580.0,31892.0,43688.0,27644.9,24274.1,13626.5,12761.0,0.0,129284.5,0.0,33058.1,144293.8,543538.1,687831.9,481833.6,1031900.8,156929.3,42
57.1,75580.0,31892.0,43688.0,27394.9,24024.1,13376.5,12511.0,0.0,129284.5,0.0,33058.5,144293.6,543546.5,687840.1,481825.2,1031900.8,156679.4,42
58.1,75582.0,31894.0,43688.0,26888.9,23518.1,12870.5,12005.0,0.0,129284.5,0.0,33058.7,144293.6,543550.6,687844.2,481821.1,1031900.8,156173.4,42
59.1,75582.0,31894.0,43688.0,26642.1,23271.3,12623.7,11758.2,0.0,129284.5,0.0,33063.8,144293.8,543565.0,687858.8,481806.7,1031900.8,155926.6,42
60.1,75582.0,31894.0,43688.0,26396.2,23025.5,12377.8,11512.4,0.0,129284.5,0.0,33064.6,144294.0,543557.7,687851.7,481814.0,1031900.8,155680.7,42
61.1,75582.0,31894.0,43688.0,26140.3,22769.5,12121.9,11256.4,0.0,129284.5,0.0,33064.7,144294.0,543567.9,687861.9,481803.8,1031900.8,155424.8,42
62.1,75582.0,31894.0,43688.0,25888.3,22517.6,11869.9,11004.4,0.0,129284.5,0.0,33064.8,144294.0,543593.5,687887.5,481778.2,1031900.8,155172.8,42
63.1,75582.0,31894.0,43688.0,25632.3,22261.6,11613.9,10748.4,0.0,129284.5,0.0,32528.8,144294.0,543050.1,687344.1,482321.7,1031900.8,154916.9,42
64.1,75582.0,31894.0,43688.0,25384.4,22013.6,11365.9,10500.5,0.0,129284.5,0.0,32536.9,144294.1,543057.4,687351.5,482314.3,1031900.8,154668.9,42
65.1,75582.0,31894.0,43688.0,24884.4,21513.6,10865.9,10000.5,0.0,129284.5,0.0,32563.9,144294.0,543097.3,687391.4,482274.4,1031900.8,154168.9,42
66.1,75582.0,31894.0,43688.0,24632.4,21261.6,10614.0,9748.5,0.0,129281.6,0.0,32373.3,144291.1,542884.8,687176.0,482486.9,1031900.8,153913.9,42
67.1,75582.0,31894.0,43688.0,24389.6,21018.8,10371.2,9505.7,0.0,129281.5,0.0,32416.5,144290.8,542943.8,687234.6,482427.9,1031900.8,153671.1,42
68.1,75582.0,31894.0,43688.0,24168.9,20795.6,10147.9,9282.4,0.0,129281.5,0.0,32492.7,144291.1,543024.7,687315.8,482347.0,1031900.8,153450.4,42
69.1,75582.0,31894.0,43688.0,23913.6,20540.2,9892.5,9027.0,0.0,129281.5,0.0,32540.0,144291.2,543071.4,687362.5,482300.4,1031900.8,153195.0,42
70.1,75582.0,31894.0,43688.0,23657.6,20284.2,9636.6,8771.1,0.0,129281.5,0.0,32586.5,144291.0,543125.6,687416.6,482246.1,1031900.8,152939.1,42
71.1,75582.0,31894.0,43688.0,23141.6,19768.3,9120.6,8255.1,0.0,129281.5,0.0,32723.7,144291.0,543268.5,687559.5,482103.3,1031900.8,152423.1,42
72.1,75582.0,31894.0,43688.0,22885.7,19512.3,8864.7,7999.2,0.0,129281.5,0.0,32660.9,144291.0,543195.7,687486.7,482176.1,1031900.8,152167.2,42
73.1,75582.0,31894.0,43688.0,23238.4,19865.0,9217.4,8351.8,0.0,129281.5,0.0,32816.6,144291.0,543351.8,687642.8,482019.9,1031900.8,152519.9,42
74.1,75582.0,31894.0,43688.0,24460.4,21087.0,10439.4,9573.9,0.0,129281.6,0.0,32939.3,144294.8,543998.2,688292.9,481373.5,1031900.8,153742.0,42
75.1,75582.0,31894.0,43688.0,24619.2,21245.8,10598.2,9732.7,0.0,129281.6,0.0,32995.3,144297.3,544342.8,688640.1,481028.9,1031900.8,153900.8,42
76.1,75582.0,31894.0,43688.0,24619.2,21245.8,10598.2,9732.7,0.0,129281.6,0.0,33087.5,144297.3,544439.7,688737.0,480932.0,1031900.8,153900.8,42
77.1,75582.0,31894.0,43688.0,24619.2,21245.8,10598.2,9732.7,0.0,129281.6,0.0,33179.2,144297.3,544529.0,688826.3,480842.8,1031900.8,153900.8,42
78.1,75582.0,31894.0,43688.0,24603.2,21229.8,10582.2,9716.7,0.0,129281.6,0.0,33234.4,144297.3,544578.9,688876.3,480792.8,1031900.8,153884.8,42
79.1,75582.0,31894.0,43688.0,24605.2,21231.8,10584.2,9718.7,0.0,129281.6,0.0,33308.2,144297.4,544651.4,688948.8,480720.3,1031900.8,153886.8,42
80.1,75582.0,31894.0,43688.0,24597.2,21223.8,10576.2,9710.7,0.0,129281.6,0.0,33290.0,144297.4,544655.6,688953.0,480716.1,1031900.8,153878.8,42
81.1,75582.0,31894.0,43688.0,24555.3,21181.8,10534.2,9668.7,0.0,129281.6,0.0,33276.4,144297.3,544625.3,688922.6,480746.4,1031900.8,153836.8,42
82.1,75582.0,31894.0,43688.0,24533.3,21159.8,10512.2,9646.7,0.0,129281.6,0.0,33386.6,144297.2,544725.7,689022.9,480646.0,1031900.8,153814.8,42
83.1,75582.0,31894.0,43688.0,24537.3,21163.8,10516.2,9650.7,0.0,129281.6,0.0,33450.8,144297.1,544798.9,689096.0,480572.8,1031900.8,153818.8,42
84.1,75582.0,31894.0,43688.0,24533.3,21159.8,10512.2,9646.7,0.0,129281.6,0.0,33487.6,144297.1,544842.9,689140.1,480528.8,1031900.8,153814.8,42
85.1,75582.0,31894.0,43688.0,25714.0,22340.6,11693.0,10827.5,0.0,129281.6,0.0,33506.5,144297.1,544840.6,689137.7,480531.1,1031900.8,154995.6,42
86.1,75582.0,31894.0,43688.0,26728.0,23354.6,12707.0,11841.5,0.0,129281.6,0.0,33363.9,144302.9,545509.9,689812.8,479861.8,1031900.8,156009.6,42
87.1,75582.0,31894.0,43688.0,27482.1,24108.7,13461.1,12595.6,0.0,129281.6,0.0,33363.9,144303.4,545644.4,689947.8,479727.3,1031900.8,156763.7,42
88.1,75582.0,31894.0,43688.0,27798.1,24424.7,13777.1,12911.6,0.0,129281.1,0.0,33364.0,144306.1,546017.7,690323.8,479354.0,1031900.8,157079.2,42
89.1,75582.0,31894.0,43688.0,27828.1,24454.7,13807.1,12941.6,0.0,129281.5,0.0,33364.0,144308.9,546320.9,690629.7,479050.4,1031900.8,157109.7,42
90.1,75582.0,31894.0,43688.0,27602.1,24228.7,13581.1,12715.6,0.0,129281.5,0.0,33364.5,144309.0,546322.0,690631.0,479049.7,1031900.8,156883.7,42
91.1,75582.0,31894.0,43688.0,28387.5,25014.1,14366.5,13501.0,0.0,129281.5,0.0,33369.1,144309.2,546380.4,690689.6,478991.3,1031900.8,157669.1,42
92.1,75582.0,31894.0,43688.0,28759.5,25386.1,14738.5,13873.0,0.0,129281.5,0.0,32975.6,144315.2,546728.8,691044.0,478642.9,1031900.8,158041.1,42
93.1,75582.0,31894.0,43688.0,28529.6,25156.2,14508.5,13643.0,0.0,129281.5,0.0,32975.6,144315.2,546737.3,691052.5,478634.4,1031900.8,157811.1,42
94.1,75582.0,31894.0,43688.0,28303.6,24930.2,14282.5,13417.0,0.0,129281.6,0.0,32696.5,144315.2,546459.5,690774.7,478912.2,1031900.8,157585.1,42
95.1,75582.0,31894.0,43688.0,28085.6,24712.2,14064.5,13199.0,0.0,129281.6,0.0,32696.2,144315.3,546451.3,690766.6,478920.5,1031900.8,157367.1,42
96.1,75582.0,31894.0,43688.0,27867.6,24494.2,13846.5,12981.0,0.0,129281.6,0.0,32723.5,144315.2,546466.4,690781.6,478905.3,1031900.8,157149.1,42
97.1,75582.0,31894.0,43688.0,28813.6,25440.2,14792.6,13927.1,0.0,129281.6,0.0,32765.6,144315.2,546557.6,690872.8,478814.2,1031900.8,158095.2,42
98.1,75582.0,31894.0,43688.0,28753.6,25380.2,14732.6,13867.1,0.0,129281.6,0.0,32848.7,144320.4,547393.6,691714.0,477978.1,1031900.8,158035.2,42
99.1,75582.0,31894.0,43688.0,28529.8,25156.4,14508.7,13643.2,0.0,129281.6,0.0,32931.1,144320.4,547510.4,691830.8,477861.4,1031900.8,157811.3,42
100.1,75582.0,31894.0,43688.0,28311.8,24938.4,14290.7,13425.2,0.0,129281.6,0.0,33032.3,144320.4,547576.9,691897.2,477794.9,1031900.8,157593.3,42
101.1,75582.0,31894.0,43688.0,28109.8,24736.4,14088.7,13223.2,0.0,129281.6,0.0,33069.4,144320.4,547606.4,691926.8,477765.4,1031900.8,157391.3,42
102.1,75582.0,31894.0,43688.0,27911.8,24538.4,13890.8,13025.2,0.0,129281.6,0.0,33125.0,144320.4,547663.5,691984.0,477708.2,1031900.8,157193.3,42
103.1,75582.0,31894.0,43688.0,27714.7,24341.2,13693.6,12828.1,0.0,129281.6,0.0,33143.8,144320.9,547693.5,692014.4,477678.2,1031900.8,156996.2,42
104.1,75582.0,31894.0,43688.0,27316.7,23943.2,13295.6,12430.1,0.0,129281.6,0.0,33143.8,144321.2,547810.4,692131.6,477561.3,1031900.8,156598.2,42
105.1,75582.0,31894.0,43688.0,28920.7,25547.3,14899.7,14034.2,0.0,129281.6,0.0,33143.8,144325.0,548245.2,692570.3,477126.5,1031900.8,158202.3,42
106.1,75582.0,31894.0,43688.0,28712.8,25339.4,14691.8,13826.3,0.0,129281.6,0.0,33143.4,144326.7,548496.6,692823.3,476874.6,1031900.8,157994.4,42
107.1,75582.0,31894.0,43688.0,28476.8,25103.4,14455.8,13590.3,0.0,129281.6,0.0,33081.4,144326.7,548414.4,692741.1,476957.3,1031900.8,157758.4,42
108.1,75582.0,31894.0,43688.0,28766.7,25393.3,14745.7,13880.2,0.0,129281.6,0.0,33081.4,144326.5,548430.6,692757.1,476941.1,1031900.8,158048.3,42
109.1,75582.0,31894.0,43688.0,29262.7,25889.3,15241.7,14376.2,0.0,129281.6,0.0,33085.2,144328.0,548664.4,692992.4,476707.4,1031900.8,158544.3,42
110.1,75582.0,31894.0,43688.0,29380.9,26007.5,15359.9,14494.3,0.0,129281.6,0.0,33131.0,144329.0,548890.6,693219.6,476481.6,1031900.8,158662.5,42
111.1,75582.0,31894.0,43688.0,29174.9,25801.5,15153.9,14288.3,0.0,129281.6,0.0,33186.3,144332.3,549359.8,693692.1,476012.0,1031900.8,158456.5,42
112.1,75582.0,31894.0,43688.0,28946.9,25573.5,14925.9,14060.3,0.0,129281.6,0.0,32904.1,144332.3,549061.5,693393.8,476310.2,1031900.8,158228.5,42
113.1,75582.0,31894.0,43688.0,28696.9,25323.5,14675.9,13810.3,0.0,129281.6,0.0,32998.3,144332.3,549133.1,693465.4,476238.6,1031900.8,157978.5,42
114.1,75582.0,31894.0,43688.0,28470.9,25097.5,14449.9,13584.3,0.0,129281.6,0.0,33053.4,144332.3,549204.8,693537.1,476166.9,1031900.8,157752.5,42
115.1,75582.0,31894.0,43688.0,28282.9,24909.5,14261.9,13396.3,0.0,129281.6,0.0,33090.2,144332.3,549237.7,693570.0,476134.0,1031900.8,157564.5,42
116.1,75582.0,31894.0,43688.0,28072.9,24699.5,14051.8,13186.3,0.0,129281.6,0.0,33099.9,144332.4,549251.6,693584.0,476120.1,1031900.8,157354.5,42
117.1,75582.0,31894.0,43688.0,27665.0,24291.6,13643.9,12778.5,0.0,129281.6,0.0,33166.3,144332.4,549334.7,693667.2,476037.0,1031900.8,156946.6,42
118.1,75582.0,31894.0,43688.0,29019.0,25645.6,14997.9,14132.5,0.0,129281.6,0.0,33230.6,144335.9,549915.8,694251.7,475455.9,1031900.8,158300.6,42
119.1,75582.0,31894.0,43688.0,29915.0,26541.6,15893.9,15028.5,0.0,129281.6,0.0,33294.9,144338.6,550269.2,694607.8,475102.5,1031900.8,159196.6,42
120.1,75582.0,31894.0,43688.0,29683.0,26309.6,15661.9,14796.5,0.0,129281.6,0.0,33386.5,144338.6,550361.6,694700.2,475010.1,1031900.8,158964.6,42
121.1,75582.0,31894.0,43688.0,29451.0,26077.6,15429.9,14564.5,0.0,129281.6,0.0,33145.0,144338.5,550124.6,694463.1,475247.1,1031900.8,158732.6,42
122.1,75582.0,31894.0,43688.0,29219.0,25845.6,15197.9,14332.5,0.0,129281.6,0.0,33200.2,144338.4,550179.1,694517.6,475192.6,1031900.8,158500.6,42
123.1,75582.0,31894.0,43688.0,28987.0,25613.6,14965.9,14100.5,0.0,129281.6,0.0,32612.5,144338.7,549585.7,693924.4,475786.0,1031900.8,158268.6,42
124.1,75582.0,31894.0,43688.0,29131.0,25757.6,15109.9,14244.5,0.0,129281.6,0.0,32695.8,144338.4,549672.4,694010.8,475699.3,1031900.8,158412.6,42
125.1,75582.0,31894.0,43688.0,28971.0,25597.6,14949.9,14084.5,0.0,129281.6,0.0,32797.0,144338.5,549786.0,694124.5,475585.7,1031900.8,158252.6,42
126.1,75582.0,31894.0,43688.0,28737.0,25363.6,14715.9,13850.5,0.0,129281.6,0.0,32888.7,144338.5,549865.8,694204.3,475505.9,1031900.8,158018.6,42
127.1,75582.0,31894.0,43688.0,28507.0,25133.6,14485.9,13620.5,0.0,129281.6,0.0,32980.4,144338.4,549954.4,694292.8,475417.3,1031900.8,157788.6,42
128.1,75582.0,31894.0,43688.0,28279.0,24905.6,14257.9,13392.5,0.0,129281.6,0.0,33072.5,144338.8,550055.0,694393.8,475316.7,1031900.8,157560.6,42
129.1,75582.0,31894.0,43688.0,28068.4,24695.0,14047.4,13181.9,0.0,129281.6,0.0,33135.5,144340.2,550098.4,694438.5,475273.4,1031900.8,157350.0,42
130.1,75582.0,31894.0,43688.0,27606.5,24233.1,13585.5,12720.0,0.0,129281.6,0.0,32831.4,144338.7,549818.8,694157.5,475552.9,1031900.8,156888.1,42
131.1,75582.0,31894.0,43688.0,27380.6,24007.2,13359.5,12494.1,0.0,129281.6,0.0,33018.2,144338.6,550006.6,694345.3,475365.1,1031900.8,156662.2,42
132.1,75582.0,31894.0,43688.0,27152.6,23779.2,13131.5,12266.1,0.0,129281.6,0.0,33129.6,144339.1,550094.8,694434.0,475276.9,1031900.8,156434.2,42
133.1,75582.0,31894.0,43688.0,26922.6,23549.2,12901.5,12036.1,0.0,129281.6,0.0,33212.2,144338.9,550195.0,694533.9,475176.7,1031900.8,156204.2,42
134.1,75582.0,31894.0,43688.0,26688.6,23315.2,12667.5,11802.1,0.0,129281.6,0.0,33056.1,144339.0,550047.2,694386.2,475324.5,1031900.8,155970.2,42
135.1,75582.0,31894.0,43688.0,26456.6,23083.2,12435.5,11570.1,0.0,129281.6,0.0,33056.1,144339.0,550066.4,694405.4,475305.3,1031900.8,155738.2,42
136.1,75582.0,31894.0,43688.0,26234.6,22861.2,12213.5,11348.1,0.0,129282.5,0.0,33074.0,144340.8,550074.9,694415.7,475296.8,1031900.8,155517.1,42
137.1,75584.0,31894.0,43690.0,25786.6,22413.2,11765.5,10900.1,0.0,129282.5,0.0,33101.9,144340.3,550103.8,694444.0,475268.0,1031900.8,155069.1,42
138.1,75584.0,31894.0,43690.0,25788.6,22415.2,11767.5,10902.1,0.0,129283.4,0.0,33128.9,144340.6,550138.6,694479.2,475233.1,1031900.8,155072.0,42
139.1,75584.0,31894.0,43690.0,25562.6,22189.2,11541.5,10676.1,0.0,129283.4,0.0,33157.0,144340.8,550179.5,694520.4,475192.2,1031900.8,154846.0,42
140.1,75584.0,31894.0,43690.0,25332.6,21959.2,11311.5,10446.1,0.0,129283.4,0.0,33184.6,144340.9,550192.1,694533.0,475179.6,1031900.8,154616.0,42
141.1,75584.0,31894.0,43690.0,25106.6,21733.2,11085.5,10220.1,0.0,129283.4,0.0,32926.0,144341.2,549931.4,694272.6,475440.3,1031900.8,154390.0,42
142.1,75584.0,31894.0,43690.0,24884.6,21511.2,10863.5,9998.1,0.0,129283.4,0.0,32960.9,144341.2,549996.1,694337.3,475375.6,1031900.8,154168.0,42
143.1,75584.0,31894.0,43690.0,24810.6,21437.2,10789.5,9924.1,0.0,129283.4,0.0,32612.6,144341.3,549622.2,693963.5,475749.5,1031900.8,154094.0,42
144.1,75584.0,31894.0,43690.0,24812.6,21439.2,10791.5,9926.1,0.0,129283.4,0.0,32631.1,144341.3,549658.3,693999.7,475713.4,1031900.8,154096.0,42
145.1,75584.0,31894.0,43690.0,24814.6,21441.2,10793.5,9928.1,0.0,129283.4,0.0,32667.7,144341.1,549701.8,694042.9,475669.9,1031900.8,154098.0,42
146.1,75584.0,31894.0,43690.0,24814.6,21441.2,10793.5,9928.1,0.0,129283.4,0.0,32750.0,144341.1,549776.2,694117.2,475595.6,1031900.8,154098.0,42
147.1,75584.0,31894.0,43690.0,24812.6,21439.2,10791.5,9926.1,0.0,129283.4,0.0,32823.8,144341.3,549841.6,694182.9,475530.1,1031900.8,154096.0,42
148.1,75584.0,31894.0,43690.0,24816.6,21443.2,10795.5,9930.1,0.0,129283.4,0.0,32942.9,144341.1,549957.6,694298.7,475414.1,1031900.8,154100.0,42
149.1,75584.0,31894.0,43690.0,24806.6,21433.2,10785.5,9920.1,0.0,129283.4,0.0,33089.6,144341.1,550132.0,694473.0,475239.7,1031900.8,154090.0,42
150.1,75584.0,31894.0,43690.0,24806.6,21433.2,10785.5,9920.1,0.0,129283.4,0.0,33172.7,144340.9,550197.8,694538.7,475173.9,1031900.8,154090.0,42
151.1,75584.0,31894.0,43690.0,24812.7,21439.3,10791.6,9926.1,0.0,129283.4,0.0,33191.2,144341.3,550240.8,694582.0,475131.0,1031900.8,154096.1,42
152.1,75584.0,31894.0,43690.0,24808.7,21435.3,10787.6,9922.1,0.0,129283.4,0.0,32967.0,144341.5,550007.4,694348.9,475364.3,1031900.8,154092.1,42
153.1,75584.0,31894.0,43690.0,24812.7,21439.3,10791.6,9926.2,0.0,129283.4,0.0,32967.7,144341.6,550033.2,694374.8,475338.5,1031900.8,154096.1,42
154.1,75584.0,31894.0,43690.0,24798.7,21425.3,10777.6,9912.2,0.0,129283.4,0.0,32967.2,144341.5,550027.0,694368.6,475344.7,1031900.8,154082.1,42
155.1,75584.0,31894.0,43690.0,24800.7,21427.3,10779.6,9914.2,0.0,129283.4,0.0,32967.2,144341.5,549999.2,694340.7,475372.5,1031900.8,154084.1,42
156.1,75584.0,31894.0,43690.0,24794.7,21421.3,10773.6,9908.2,0.0,129283.4,0.0,33352.8,144341.6,550418.5,694760.1,474953.3,1031900.8,154078.1,42
157.1,75584.0,31894.0,43690.0,26008.7,22635.3,11987.6,11122.2,0.0,129283.4,0.0,33291.0,144341.5,550383.4,694724.9,474988.3,1031900.8,155292.1,42
158.1,75584.0,31894.0,43690.0,26470.7,23097.3,12449.6,11584.2,0.0,129283.4,0.0,33318.3,144347.3,551159.2,695506.6,474212.5,1031900.8,155754.1,42
159.1,75584.0,31894.0,43690.0,26272.7,22899.3,12251.6,11386.2,0.0,129283.4,0.0,33318.3,144347.2,551184.9,695532.1,474186.9,1031900.8,155556.1,42
160.1,75584.0,31894.0,43690.0,26076.7,22703.3,12055.6,11190.2,0.0,129283.4,0.0,33318.3,144347.3,551164.8,695512.1,474206.9,1031900.8,155360.1,42
161.1,75584.0,31894.0,43690.0,25888.7,22515.3,11867.6,11002.2,0.0,129283.4,0.0,33336.3,144347.3,551189.4,695536.7,474182.3,1031900.8,155172.1,42
162.1,75584.0,31894.0,43690.0,25712.7,22339.3,11691.6,10826.2,0.0,129283.4,0.0,33364.3,144347.4,551214.4,695561.7,474157.4,1031900.8,154996.1,42
163.1,75584.0,31894.0,43690.0,26685.0,23311.5,12663.9,11798.4,0.0,129283.4,0.0,33309.3,144349.5,551429.2,695778.7,473942.5,1031900.8,155968.4,42
164.1,75584.0,31894.0,43690.0,26901.0,23527.5,12879.9,12014.4,0.0,129283.4,0.0,33309.6,144353.8,551960.0,696313.8,473411.7,1031900.8,156184.4,42
165.1,75584.0,31894.0,43690.0,26715.1,23341.7,12694.0,11828.6,0.0,129283.4,0.0,33311.1,144353.8,551942.3,696296.2,473429.4,1031900.8,155998.5,42
166.1,75584.0,31894.0,43690.0,26521.1,23147.7,12500.0,11634.6,0.0,129283.4,0.0,33311.2,144353.8,551948.2,696302.1,473423.5,1031900.8,155804.5,42
167.1,75584.0,31894.0,43690.0,26347.1,22973.7,12326.0,11460.6,0.0,129283.4,0.0,33311.2,144353.9,551969.8,696323.7,473401.9,1031900.8,155630.5,42
168.1,75584.0,31894.0,43690.0,26187.1,22813.7,12166.0,11300.6,0.0,129283.4,0.0,33315.8,144353.9,551982.0,696335.9,473389.7,1031900.8,155470.5,42
169.1,75584.0,31894.0,43690.0,27273.1,23899.7,13252.1,12386.6,0.0,129283.4,0.0,33315.8,144354.3,552089.0,696443.3,473282.8,1031900.8,156556.6,42
170.1,75584.0,31894.0,43690.0,27374.1,24000.7,13353.1,12487.6,0.0,129283.4,0.0,32833.1,144360.9,552304.5,696665.4,473067.2,1031900.8,156657.5,42
171.1,75584.0,31894.0,43690.0,27154.2,23780.7,13133.1,12267.6,0.0,129283.4,0.0,32833.7,144360.8,552298.0,696658.8,473073.7,1031900.8,156437.6,42
172.1,75584.0,31894.0,43690.0,26968.2,23594.7,12947.1,12081.6,0.0,129283.4,0.0,32834.1,144360.8,552288.2,696649.0,473083.5,1031900.8,156251.6,42
173.1,75584.0,31894.0,43690.0,26801.9,23428.4,12780.8,11915.3,0.0,129283.4,0.0,32848.2,144360.8,552306.9,696667.7,473064.8,1031900.8,156085.3,42
174.1,75584.0,31894.0,43690.0,26633.7,23260.3,12612.6,11747.2,0.0,129283.4,0.0,32871.1,144360.8,552336.8,696697.6,473034.9,1031900.8,155917.1,42
175.1,75584.0,31894.0,43690.0,26465.7,23092.3,12444.6,11579.2,0.0,129283.4,0.0,32871.7,144360.7,552324.8,696685.5,473046.9,1031900.8,155749.1,42
176.1,75584.0,31894.0,43690.0,26127.8,22754.4,12106.8,11241.3,0.0,129283.4,0.0,32873.3,144360.7,552335.5,696696.1,473036.2,1031900.8,155411.3,42
177.1,75584.0,31894.0,43690.0,25947.8,22574.4,11926.8,11061.3,0.0,129283.4,0.0,32873.4,144360.7,552349.2,696709.9,473022.5,1031900.8,155231.3,42
178.1,75584.0,31894.0,43690.0,27555.8,24182.4,13534.8,12669.3,0.0,129283.4,0.0,32873.4,144363.7,552849.0,697212.8,472522.7,1031900.8,156839.3,42
179.1,75584.0,31894.0,43690.0,27671.8,24298.4,13650.8,12785.3,0.0,129283.4,0.0,32873.4,144366.4,553141.7,697508.1,472230.0,1031900.8,156955.3,42
180.1,75584.0,31894.0,43690.0,27887.8,24514.4,13866.8,13001.3,0.0,129283.4,0.0,32873.4,144365.1,553110.7,697475.8,472261.0,1031900.8,157171.3,42
181.1,75584.0,31894.0,43690.0,28969.8,25596.4,14948.8,14083.3,0.0,129283.4,0.0,32910.2,144369.5,553857.5,698227.0,471514.2,1031900.8,158253.3,42
182.5,75584.0,31894.0,43690.0,28569.8,25196.4,14548.8,13683.3,0.0,129283.4,0.0,32993.3,144370.3,554060.1,698430.4,471311.6,1031900.8,157853.3,42
183.5,75584.0,31894.0,43690.0,28367.8,24994.4,14346.8,13481.3,0.0,129283.4,0.0,33093.8,144371.3,554147.4,698518.6,471224.3,1031900.8,157651.3,42
184.5,75584.0,31894.0,43690.0,28167.8,24794.4,14146.8,13281.3,0.0,129283.4,0.0,33093.8,144371.3,554160.5,698531.8,471211.2,1031900.8,157451.3,42
185.5,75584.0,31894.0,43690.0,27971.8,24598.4,13950.8,13085.3,0.0,129283.4,0.0,33094.2,144371.3,554157.9,698529.2,471213.8,1031900.8,157255.3,42
186.5,75584.0,31894.0,43690.0,28329.8,24956.4,14308.8,13443.3,0.0,129283.4,0.0,33094.3,144371.3,554139.2,698510.5,471232.5,1031900.8,157613.3,42
187.5,75584.0,31894.0,43690.0,28951.9,25578.5,14930.9,14065.4,0.0,129283.4,0.0,33094.4,144375.4,554827.2,699202.6,470544.0,1031900.8,158235.4,42
188.5,75584.0,31894.0,43690.0,28854.2,25480.8,14833.1,13967.6,0.0,129279.5,0.0,33098.5,144372.5,554968.3,699340.8,470403.4,1031900.8,158133.7,42
189.5,75584.0,31894.0,43690.0,28666.2,25292.8,14645.1,13779.6,0.0,129279.6,0.0,33123.3,144372.2,554957.5,699329.7,470414.2,1031900.8,157945.7,42
190.5,75584.0,31894.0,43690.0,28482.2,25108.8,14461.1,13595.6,0.0,129279.8,0.0,33177.9,144372.4,555024.2,699396.6,470347.5,1031900.8,157762.0,42
191.5,75584.0,31894.0,43690.0,28292.2,24918.8,14271.1,13405.6,0.0,129279.8,0.0,33038.4,144372.4,554884.1,699256.5,470487.6,1031900.8,157572.0,42
192.5,75584.0,31894.0,43690.0,28104.2,24730.8,14083.1,13217.6,0.0,129279.8,0.0,33083.4,144372.4,554919.0,699291.4,470452.8,1031900.8,157384.0,42
193.5,75584.0,31894.0,43690.0,27736.2,24362.8,13715.1,12849.6,0.0,129279.8,0.0,33138.8,144372.4,554986.1,699358.4,470385.7,1031900.8,157016.0,42
194.5,75584.0,31894.0,43690.0,27556.3,24182.9,13535.2,12669.8,0.0,129279.8,0.0,33230.9,144372.5,555108.5,699480.9,470263.2,1031900.8,156836.1,42
195.5,75584.0,31894.0,43690.0,27372.3,23998.9,13351.2,12485.8,0.0,129279.8,0.0,33313.5,144372.3,555164.6,699537.0,470207.1,1031900.8,156652.1,42
196.5,75584.0,31894.0,43690.0,27172.3,23798.9,13151.2,12285.8,0.0,129279.8,0.0,33406.8,144372.4,555273.9,699646.3,470097.8,1031900.8,156452.1,42
197.5,75584.0,31894.0,43690.0,26980.3,23606.9,12959.2,12093.8,0.0,129279.8,0.0,33489.4,144372.3,555336.6,699708.9,470035.1,1031900.8,156260.1,42
198.5,75584.0,31894.0,43690.0,26800.3,23426.9,12779.2,11913.8,0.0,129279.8,0.0,33571.9,144372.3,555431.5,699803.9,469940.2,1031900.8,156080.1,42
199.5,75584.0,31894.0,43690.0,26418.3,23044.9,12397.2,11531.8,0.0,129279.8,0.0,33599.7,144372.2,555437.5,699809.7,469934.2,1031900.8,155698.1,42
200.5,75584.0,31894.0,43690.0,26226.3,22852.9,12205.2,11339.8,0.0,129279.8,0.0,33599.7,144374.0,555455.1,699829.1,469916.6,1031900.8,155506.1,42
201.5,75584.0,31894.0,43690.0,26372.3,22998.9,12351.2,11485.8,0.0,129279.8,0.0,33599.7,144372.7,555425.8,699798.6,469945.9,1031900.8,155652.1,42
202.5,75584.0,31894.0,43690.0,27168.3,23794.9,13147.2,12281.8,0.0,129279.8,0.0,33599.0,144373.3,555591.7,699965.0,469780.0,1031900.8,156448.1,42
203.5,75584.0,31894.0,43690.0,27360.3,23986.9,13339.2,12473.8,0.0,129279.8,0.0,33599.1,144376.9,556023.6,700400.5,469348.1,1031900.8,156640.1,42
204.5,75584.0,31894.0,43690.0,28248.3,24874.9,14227.2,13361.8,0.0,129279.8,0.0,33599.0,144379.0,556243.9,700622.9,469127.8,1031900.8,157528.1,42
205.5,75584.0,31894.0,43690.0,28480.3,25106.9,14459.2,13593.8,0.0,129279.8,0.0,33599.0,144381.0,556572.6,700953.6,468799.1,1031900.8,157760.1,42
206.5,75584.0,31894.0,43690.0,28684.3,25310.9,14663.2,13797.8,0.0,129279.8,0.0,33249.1,144383.8,556680.7,701064.5,468691.0,1031900.8,157964.1,42
207.5,75584.0,31894.0,43690.0,28460.3,25086.9,14439.2,13573.8,0.0,129279.9,0.0,33060.6,144384.6,556535.3,700919.9,468836.4,1031900.8,157740.2,42
208.5,75584.0,31894.0,43690.0,28218.3,24844.9,14197.2,13331.8,0.0,129279.9,0.0,33061.7,144384.4,556533.1,700917.5,468838.6,1031900.8,157498.2,42
209.5,75584.0,31894.0,43690.0,27992.3,24618.9,13971.2,13105.8,0.0,129279.9,0.0,33070.8,144385.1,556521.8,700906.8,468850.0,1031900.8,157272.2,42
210.5,75584.0,31894.0,43690.0,27762.3,24388.9,13741.3,12875.8,0.0,129279.9,0.0,33090.9,144384.9,556566.6,700951.4,468805.2,1031900.8,157042.2,42
211.5,75584.0,31894.0,43690.0,27656.3,24282.9,13635.3,12769.8,0.0,129279.9,0.0,32883.3,144385.0,556386.4,700771.4,468985.3,1031900.8,156936.3,42
212.5,75584.0,31894.0,43690.0,27662.3,24288.9,13641.3,12775.8,0.0,129279.9,0.0,32920.1,144385.4,556412.6,700798.0,468959.1,1031900.8,156942.3,42
213.5,75584.0,31894.0,43690.0,27666.3,24292.9,13645.3,12779.8,0.0,129279.9,0.0,32975.3,144385.2,556463.0,700848.2,468908.7,1031900.8,156946.3,42
214.5,75584.0,31894.0,43690.0,27684.3,24310.9,13663.3,12797.8,0.0,129279.9,0.0,33048.2,144385.3,556535.1,700920.4,468836.6,1031900.8,156964.3,42
215.5,75584.0,31894.0,43690.0,27688.3,24314.9,13667.3,12801.8,0.0,129279.9,0.0,33158.9,144385.6,556638.6,701024.2,468733.1,1031900.8,156968.3,42
216.5,75584.0,31894.0,43690.0,27692.3,24318.9,13671.3,12805.8,0.0,129280.0,0.0,33259.2,144385.7,556763.6,701149.3,468608.1,1031900.8,156972.3,42
217.5,75584.0,31894.0,43690.0,27694.5,24321.0,13673.4,12807.9,0.0,129280.0,0.0,33370.4,144387.0,556849.2,701236.2,468522.5,1031900.8,156974.4,42
218.5,75584.0,31894.0,43690.0,27678.5,24305.0,13657.4,12791.9,0.0,129280.0,0.0,33471.5,144387.2,556963.5,701350.7,468408.2,1031900.8,156958.4,42
219.5,75584.0,31894.0,43690.0,27700.5,24327.0,13679.4,12813.9,0.0,129280.0,0.0,33531.4,144384.9,557022.4,701407.3,468349.3,1031900.8,156980.4,42
220.5,75584.0,31894.0,43690.0,27702.5,24329.1,13681.4,12815.9,0.0,129280.0,0.0,33479.5,144385.4,557003.6,701389.0,468368.1,1031900.8,156982.4,42
221.5,75584.0,31894.0,43690.0,27684.5,24311.1,13663.4,12797.9,0.0,129280.0,0.0,33479.5,144385.3,556984.9,701370.2,468386.6,1031900.8,156964.4,42
222.5,75584.0,31894.0,43690.0,27706.5,24333.1,13685.4,12819.9,0.0,129280.0,0.0,33479.5,144385.4,557001.0,701386.4,468370.7,1031900.8,156986.4,42
223.5,75584.0,31894.0,43690.0,27714.5,24341.1,13693.4,12827.9,0.0,129280.0,0.0,33479.5,144385.4,557001.4,701386.8,468370.3,1031900.8,156994.4,42
224.5,75584.0,31894.0,43690.0,27712.5,24339.1,13691.4,12825.9,0.0,129280.0,0.0,33479.3,144385.4,556976.3,701361.7,468395.4,1031900.8,156992.4,42
225.5,75584.0,31894.0,43690.0,27682.5,24309.1,13661.5,12796.0,0.0,129280.0,0.0,33479.5,144387.1,556982.8,701369.9,468388.9,1031900.8,156962.5,42
226.5,75584.0,31894.0,43690.0,27472.5,24099.1,13451.5,12586.0,0.0,129280.0,0.0,33479.5,144387.1,556998.0,701385.1,468373.7,1031900.8,156752.5,42
227.5,75584.0,31894.0,43690.0,27258.5,23885.1,13237.5,12372.0,0.0,129280.0,0.0,33386.1,144386.6,556888.8,701275.4,468482.9,1031900.8,156538.5,42
228.5,75584.0,31894.0,43690.0,27054.5,23681.1,13033.5,12168.0,0.0,129280.0,0.0,32995.6,144386.3,556522.5,700908.9,468849.2,1031900.8,156334.5,42
229.5,75584.0,31894.0,43690.0,26842.5,23469.1,12821.5,11956.0,0.0,129280.0,0.0,32995.7,144386.3,556522.5,700908.8,468849.2,1031900.8,156122.5,42
230.5,75584.0,31894.0,43690.0,26646.5,23273.1,12625.5,11760.0,0.0,129280.0,0.0,32995.7,144386.5,556513.4,700899.9,468858.4,1031900.8,155926.5,42
231.5,75584.0,31894.0,43690.0,26228.5,22855.1,12207.5,11342.0,0.0,129280.0,0.0,32995.7,144386.6,556515.9,700902.5,468855.8,1031900.8,155508.5,42
232.5,75584.0,31894.0,43690.0,26022.5,22649.1,12001.5,11136.0,0.0,129280.0,0.0,32998.0,144386.6,556537.6,700924.2,468834.1,1031900.8,155302.5,42
233.5,75584.0,31894.0,43690.0,25820.5,22447.1,11799.5,10934.0,0.0,129280.0,0.0,32644.9,144386.6,556152.2,700538.8,469219.5,1031900.8,155100.5,42
234.5,75584.0,31894.0,43690.0,25616.5,22243.1,11595.5,10730.0,0.0,129280.0,0.0,32644.9,144386.5,556158.6,700545.1,469213.1,1031900.8,154896.5,42
235.5,75584.0,31894.0,43690.0,25386.5,22013.1,11365.5,10500.0,0.0,129280.0,0.0,32644.9,144385.9,556171.9,700557.8,469199.8,1031900.8,154666.5,42
236.5,75584.0,31894.0,43690.0,25184.5,21811.1,11163.5,10298.0,0.0,129280.0,0.0,32644.9,144386.1,556172.3,700558.4,469199.4,1031900.8,154464.5,42
237.5,75584.0,31894.0,43690.0,25554.5,22181.1,11533.5,10668.0,0.0,129280.0,0.0,32654.1,144386.0,556197.9,700584.0,469173.3,1031900.8,154834.5,42
238.5,75584.0,31894.0,43690.0,26410.5,23037.1,12389.5,11524.0,0.0,129280.0,0.0,32734.7,144386.6,556458.9,700845.5,468912.8,1031900.8,155690.5,42
239.5,75584.0,31894.0,43690.0,26796.5,23423.1,12775.5,11910.0,0.0,129280.0,0.0,32278.6,144391.6,556637.2,701028.8,468734.6,1031900.8,156076.5,42
240.5,75584.0,31894.0,43690.0,26604.5,23231.1,12583.5,11718.0,0.0,129280.0,0.0,32376.3,144391.7,556739.3,701131.0,468632.4,1031900.8,155884.5,42
241.5,75584.0,31894.0,43690.0,26412.5,23039.1,12391.5,11526.0,0.0,129280.0,0.0,32469.4,144391.7,556813.4,701205.1,468558.3,1031900.8,155692.5,42
242.5,75584.0,31894.0,43690.0,26212.5,22839.1,12191.5,11326.0,0.0,129280.0,0.0,32579.6,144391.7,556930.3,701322.0,468441.4,1031900.8,155492.5,42
243.5,75584.0,31894.0,43690.0,26010.5,22637.1,11989.5,11124.0,0.0,129280.0,0.0,32671.5,144391.8,557041.0,701432.8,468330.7,1031900.8,155290.5,42
244.5,75584.0,31894.0,43690.0,27038.5,23665.1,13017.5,12152.0,0.0,129280.0,0.0,32754.1,144391.7,557071.3,701463.0,468300.4,1031900.8,156318.5,42
245.5,75584.0,31894.0,43690.0,27520.5,24147.1,13499.5,12634.0,0.0,129280.0,0.0,32848.9,144397.2,557916.0,702313.2,467455.7,1031900.8,156800.5,42
246.5,75584.0,31894.0,43690.0,27306.5,23933.1,13285.5,12420.0,0.0,129280.0,0.0,33006.2,144397.7,558149.6,702547.2,467222.2,1031900.8,156586.5,42
247.5,75584.0,31894.0,43690.0,27104.5,23731.1,13083.5,12218.0,0.0,129280.0,0.0,32761.1,144397.7,557903.5,702301.2,467468.2,1031900.8,156384.5,42
248.5,75584.0,31894.0,43690.0,26902.5,23529.1,12881.5,12016.0,0.0,129280.0,0.0,32770.3,144397.6,557923.0,702320.6,467448.7,1031900.8,156182.5,42
249.5,75584.0,31894.0,43690.0,26716.5,23343.1,12695.5,11830.0,0.0,129280.0,0.0,32797.9,144397.7,557970.9,702368.5,467400.8,1031900.8,155996.5,42
250.5,75584.0,31894.0,43690.0,28096.5,24723.1,14075.5,13210.0,0.0,129280.0,0.0,32807.2,144397.9,558070.9,702468.8,467300.8,1031900.8,157376.5,42
251.5,75584.0,31894.0,43690.0,28604.5,25231.1,14583.5,13718.0,0.0,129280.0,0.0,32807.2,144403.1,558768.6,703171.6,466603.2,1031900.8,157884.5,42
252.5,75584.0,31894.0,43690.0,28404.5,25031.1,14383.5,13518.0,0.0,129280.0,0.0,32807.2,144403.1,558783.1,703186.3,466588.6,1031900.8,157684.5,42
253.5,75584.0,31894.0,43690.0,28202.5,24829.1,14181.5,13316.0,0.0,129280.0,0.0,32807.2,144403.2,558753.3,703156.5,466618.4,1031900.8,157482.5,42
254.5,75584.0,31894.0,43690.0,28006.5,24633.1,13985.5,13120.0,0.0,129280.0,0.0,32807.2,144403.2,558753.0,703156.2,466618.7,1031900.8,157286.5,42
255.5,75584.0,31894.0,43690.0,27822.5,24449.1,13801.5,12936.0,0.0,129280.0,0.0,32807.2,144403.1,558759.8,703162.9,466611.9,1031900.8,157102.5,42
256.5,75584.0,31894.0,43690.0,27644.5,24271.1,13623.5,12758.0,0.0,129280.0,0.0,32845.7,144402.9,558803.6,703206.5,466568.1,1031900.8,156924.5,42
257.5,75584.0,31894.0,43690.0,27484.5,24111.1,13463.5,12598.0,0.0,129280.0,0.0,32983.6,144403.8,558951.2,703355.0,466420.5,1031900.8,156764.5,42
258.5,75584.0,31894.0,43690.0,28946.5,25573.1,14925.5,14060.0,0.0,129320.4,0.0,33149.4,144448.5,559651.2,704099.7,465720.5,1031900.8,158266.9,42
259.5,75584.0,31894.0,43690.0,28820.5,25447.1,14799.5,13934.0,0.0,129524.5,0.0,33068.8,144654.6,559824.0,704478.6,465547.7,1031900.8,158345.1,42
260.5,75584.0,31894.0,43690.0,28616.5,25243.1,14595.5,13730.0,0.0,129524.5,0.0,33219.1,144654.8,559981.9,704636.6,465389.9,1031900.8,158141.1,42
261.5,75584.0,31894.0,43690.0,29786.5,26413.1,15765.5,14900.0,0.0,129524.5,0.0,33411.8,144655.9,560379.6,705035.5,464992.1,1031900.8,159311.1,42
262.5,75584.0,31894.0,43690.0,29568.5,26195.1,15548.1,14682.0,0.0,129530.0,0.0,27822.2,144661.9,554699.6,699361.4,470672.1,1031900.8,159098.5,42
263.5,75584.0,31894.0,43690.0,29852.5,26479.1,15832.1,14966.0,0.0,129657.9,0.0,27819.4,144795.3,555272.4,700067.7,470099.3,1031900.8,159510.4,42
264.5,75584.0,31894.0,43690.0,29398.5,26025.1,15379.4,14512.0,0.0,129777.8,0.0,26079.1,144916.2,553454.6,698370.8,471917.1,1031900.8,159176.4,42
265.5,75584.0,31894.0,43690.0,29172.5,25799.1,15153.4,14286.0,0.0,129777.8,0.0,26078.2,144915.2,552816.5,697731.7,472555.2,1031900.8,158950.4,42
266.5,75584.0,31894.0,43690.0,28944.5,25571.1,14925.4,14058.0,0.0,129777.8,0.0,26078.2,144915.2,552801.2,697716.4,472570.5,1031900.8,158722.4,42
267.5,75584.0,31894.0,43690.0,28722.5,25349.1,14703.4,13836.0,0.0,129773.9,0.0,26082.5,144911.2,552475.5,697386.8,472896.2,1031900.8,158496.4,42
268.5,75584.0,31894.0,43690.0,28500.6,25127.2,14481.4,13614.1,0.0,129773.9,0.0,26082.6,144911.3,552484.4,697395.6,472887.4,1031900.8,158274.5,42
269.5,75584.0,31894.0,43690.0,28274.6,24901.2,14255.4,13388.1,0.0,129773.9,0.0,26082.6,144911.3,552494.2,697405.4,472877.5,1031900.8,158048.5,42
270.5,75584.0,31894.0,43690.0,28048.6,24675.2,14029.4,13162.1,0.0,129773.9,0.0,26082.6,144911.3,552493.9,697405.2,472877.8,1031900.8,157822.5,42
271.5,75584.0,31894.0,43690.0,28830.6,25457.2,14811.4,13944.1,0.0,129713.8,0.0,26082.6,144851.3,552568.6,697419.9,472799.1,1031900.8,158544.4,42
272.6,75584.0,31894.0,43690.0,30016.6,26643.2,15997.4,15130.1,0.0,128576.6,0.0,26082.6,143719.6,553282.8,697002.4,472088.9,1031900.8,158593.2,42
273.6,75584.0,31894.0,43690.0,29818.6,26445.2,15799.4,14932.1,0.0,128576.1,0.0,26082.6,143719.2,553280.5,696999.6,472091.2,1031900.8,158394.7,42
274.6,75584.0,31894.0,43690.0,30260.6,26887.2,16241.5,15374.1,0.0,128576.1,0.0,26082.8,143719.3,553295.3,697014.7,472076.4,1031900.8,158836.7,42
275.6,75584.0,31894.0,43690.0,30064.6,26691.2,16045.5,15178.1,0.0,128576.6,0.0,26082.8,143719.9,553299.9,697019.7,472071.8,1031900.8,158641.2,42
276.6,75584.0,31894.0,43690.0,29868.6,26495.2,15849.5,14982.1,0.0,128576.6,0.0,26082.8,143719.9,553308.8,697028.6,472062.9,1031900.8,158445.2,42
277.6,75584.0,31894.0,43690.0,29470.6,26097.2,15451.5,14584.1,0.0,128576.6,0.0,26082.8,143719.9,553314.4,697034.2,472057.3,1031900.8,158047.2,42
278.6,75584.0,31894.0,43690.0,29274.6,25901.2,15255.5,14388.1,0.0,128576.2,0.0,26084.6,143719.5,553322.5,697042.0,472049.2,1031900.8,157850.8,42
279.6,75584.0,31894.0,43690.0,29192.6,25819.2,15173.5,14306.1,0.0,128576.6,0.0,26084.6,143719.9,553318.0,697037.8,472053.8,1031900.8,157769.2,42
280.6,75584.0,31894.0,43690.0,29564.7,26191.2,15545.5,14678.1,0.0,128576.6,0.0,26084.7,143719.2,553308.3,697027.4,472063.4,1031900.8,158141.3,42
281.6,75584.0,31894.0,43690.0,30374.7,27001.2,16355.5,15488.1,0.0,127740.1,0.0,26084.7,142890.2,554115.1,697005.3,471256.7,1031900.8,158114.8,42
282.6,75584.0,31894.0,43690.0,30370.7,26997.2,16351.5,15484.1,0.0,127739.9,0.0,26084.7,142890.4,554123.9,697014.4,471247.8,1031900.8,158110.6,42
283.6,75584.0,31894.0,43690.0,30364.8,26991.4,16345.6,15478.3,0.0,127740.1,0.0,26084.8,142890.6,554116.6,697007.1,471255.2,1031900.8,158104.9,42
284.6,75584.0,31894.0,43690.0,30362.8,26989.4,16343.6,15476.3,0.0,127740.1,0.0,26084.8,142890.6,554104.6,696995.1,471267.1,1031900.8,158102.9,42
285.6,75584.0,31894.0,43690.0,30352.8,26979.4,16333.6,15466.3,0.0,127739.1,0.0,26084.8,142889.6,554114.6,697004.2,471257.1,1031900.8,158091.9,42
286.6,75584.0,31894.0,43690.0,30380.8,27007.4,16361.6,15494.3,0.0,127740.1,0.0,26084.8,142888.9,554111.5,697000.4,471260.2,1031900.8,158120.9,42
287.6,75584.0,31894.0,43690.0,30380.8,27007.4,16361.6,15494.3,0.0,127740.1,0.0,26084.8,142888.4,554101.7,696990.1,471270.0,1031900.8,158120.9,42
288.6,75584.0,31894.0,43690.0,30372.3,26998.9,16353.2,15485.7,0.0,127739.7,0.0,26084.8,142887.9,554140.6,697028.5,471231.1,1031900.8,158112.0,42
289.6,75584.0,31894.0,43690.0,30708.3,27334.9,16689.2,15821.7,0.0,127740.1,0.0,26084.8,142888.8,554137.3,697026.1,471234.4,1031900.8,158448.4,42
290.6,75584.0,31894.0,43690.0,31364.3,27990.9,17345.2,16477.7,0.0,127740.1,0.0,26085.0,142888.9,554245.5,697134.3,471126.2,1031900.8,159104.4,42
291.6,75584.0,31894.0,43690.0,31698.3,28324.9,17679.2,16811.7,0.0,127568.8,0.0,26085.0,142722.1,554623.7,697345.8,470743.5,1031900.8,159267.1,42
292.6,75584.0,31894.0,43690.0,31922.3,28548.9,17903.2,17035.7,0.0,126932.1,0.0,26085.0,142086.5,554946.5,697033.0,470425.2,1031900.8,158854.4,42
293.6,75584.0,31894.0,43690.0,31918.3,28544.9,17899.2,17031.7,0.0,126931.8,0.0,26085.0,142087.7,554959.2,697046.9,470408.5,1031900.8,158850.1,42
294.6,75584.0,31894.0,43690.0,31910.3,28536.9,17891.2,17023.7,0.0,126931.8,0.0,26085.0,142087.7,554962.9,697050.6,470404.9,1031900.8,158842.1,42
295.6,75584.0,31894.0,43690.0,31912.3,28538.9,17893.2,17025.7,0.0,126931.8,0.0,26085.0,142086.6,554960.3,697046.8,470407.4,1031900.8,158844.1,42
296.6,75584.0,31894.0,43690.0,31686.3,28312.9,17667.2,16799.7,0.0,126931.8,0.0,26085.1,142086.0,554962.2,697048.2,470405.5,1031900.8,158618.1,42
297.6,75584.0,31894.0,43690.0,31458.3,28084.9,17439.2,16571.7,0.0,126931.8,0.0,26085.1,142086.8,554968.6,697055.5,470395.1,1031900.8,158390.1,42
298.6,75584.0,31894.0,43690.0,30998.6,27625.2,16979.5,16112.1,0.0,126927.8,0.0,26085.2,142083.1,554916.1,696999.2,470447.6,1031900.8,157926.4,42
299.6,75584.0,31894.0,43690.0,30768.6,27395.2,16749.5,15882.1,0.0,126927.8,0.0,26085.4,142083.2,554918.9,697002.1,470444.8,1031900.8,157696.4,42
300.6,75584.0,31894.0,43690.0,30545.0,27171.6,16525.9,15658.4,0.0,126927.8,0.0,26085.8,142082.5,554924.6,697007.2,470439.1,1031900.8,157472.8,42
301.6,75584.0,31894.0,43690.0,30315.0,26941.6,16295.9,15428.4,0.0,126927.8,0.0,26085.8,142082.5,554931.3,697013.8,470432.4,1031900.8,157242.8,42
302.6,75584.0,31894.0,43690.0,30089.0,26715.6,16069.9,15202.4,0.0,126927.8,0.0,26085.8,142082.5,554935.2,697017.8,470428.5,1031900.8,157016.8,42
303.6,75584.0,31894.0,43690.0,29863.0,26489.6,15843.9,14976.4,0.0,126927.8,0.0,26085.8,142082.5,554927.7,697010.2,470436.0,1031900.8,156790.8,42
304.6,75584.0,31894.0,43690.0,29633.0,26259.6,15613.9,14746.4,0.0,126927.8,0.0,26085.8,142082.5,554930.2,697012.7,470433.5,1031900.8,156560.8,42
305.6,75584.0,31894.0,43690.0,29189.0,25815.6,15169.9,14302.4,0.0,126927.8,0.0,26085.8,142082.5,554935.2,697017.7,470428.6,1031900.8,156116.8,42
306.6,75584.0,31894.0,43690.0,28957.0,25583.6,14937.9,14070.5,0.0,126927.8,0.0,26085.8,142082.9,554938.0,697020.9,470425.7,1031900.8,155884.8,42
307.6,75584.0,31894.0,43690.0,28737.3,25363.9,14718.2,13850.8,0.0,126927.8,0.0,26086.1,142082.9,554940.4,697023.4,470423.3,1031900.8,155665.1,42
308.6,75584.0,31894.0,43690.0,28515.3,25141.9,14496.2,13628.8,0.0,126927.8,0.0,26086.1,142083.0,554940.3,697023.3,470423.4,1031900.8,155443.1,42
309.6,75584.0,31894.0,43690.0,28291.3,24917.9,14272.2,13404.8,0.0,126927.8,0.0,26086.1,142082.9,554961.6,697044.5,470402.1,1031900.8,155219.1,42
310.6,75584.0,31894.0,43690.0,28071.3,24697.9,14052.2,13184.8,0.0,126927.8,0.0,26086.1,142082.9,554960.8,697043.6,470402.9,1031900.8,154999.1,42
311.6,75584.0,31894.0,43690.0,27611.3,24237.9,13592.2,12724.8,0.0,126927.8,0.0,26086.1,142083.1,554960.0,697043.1,470403.7,1031900.8,154539.1,42
312.6,75584.0,31894.0,43690.0,27387.3,24013.9,13368.2,12500.8,0.0,126927.8,0.0,26086.1,142083.5,554974.4,697057.9,470389.3,1031900.8,154315.1,42
313.6,75584.0,31894.0,43690.0,27159.3,23785.9,13140.2,12272.8,0.0,126927.8,0.0,26086.1,142083.5,554967.5,697051.0,470396.3,1031900.8,154087.1,42
314.6,75584.0,31894.0,43690.0,26945.3,23571.9,12926.2,12058.8,0.0,126927.8,0.0,26086.1,142083.4,554972.9,697056.3,470390.9,1031900.8,153873.1,42
315.6,75584.0,31894.0,43690.0,26733.3,23359.9,12714.2,11846.8,0.0,126927.8,0.0,26086.1,142083.5,554979.0,697062.4,470384.8,1031900.8,153661.1,42
316.6,75584.0,31894.0,43690.0,26528.6,23155.2,12509.5,11642.1,0.0,126927.8,0.0,26099.5,142085.1,554997.8,697082.9,470357.9,1031900.8,153456.5,42
317.6,75584.0,31894.0,43690.0,26318.6,22945.2,12299.5,11432.1,0.0,126927.8,0.0,26099.5,142085.1,555002.9,697088.0,470353.3,1031900.8,153246.5,42
318.6,75584.0,31894.0,43690.0,25886.6,22513.2,11867.5,11000.1,0.0,126927.8,0.0,26099.5,142083.2,555003.5,697086.7,470352.3,1031900.8,152814.5,42
319.6,75584.0,31894.0,43690.0,25698.3,22324.9,11679.2,10811.8,0.0,126927.8,0.0,26049.3,142083.3,554968.8,697052.1,470386.9,1031900.8,152626.2,42
320.6,75584.0,31894.0,43690.0,25472.3,22098.9,11453.2,10585.8,0.0,126927.8,0.0,26059.2,142083.2,554975.5,697058.7,470380.2,1031900.8,152400.2,42
321.6,75584.0,31894.0,43690.0,25308.1,21934.7,11289.0,10421.6,0.0,126927.8,0.0,26075.0,142083.4,555000.8,697084.2,470354.3,1031900.8,152236.0,42
322.6,75584.0,31894.0,43690.0,25112.2,21738.7,11093.0,10225.6,0.0,126927.8,0.0,26074.8,142083.4,554987.3,697070.7,470368.4,1031900.8,152040.0,42
323.6,75584.0,31894.0,43690.0,24910.2,21536.7,10891.0,10023.6,0.0,126927.8,0.0,26074.8,142083.4,555002.9,697086.3,470352.9,1031900.8,151838.0,42
324.6,75584.0,31894.0,43690.0,24486.2,21112.7,10467.0,9599.6,0.0,126927.8,0.0,26074.8,142083.4,554992.8,697076.2,470362.9,1031900.8,151414.0,42
325.7,75584.0,31894.0,43690.0,24280.2,20906.7,10261.0,9393.6,0.0,126927.8,0.0,26074.8,142083.4,554992.2,697075.6,470363.5,1031900.8,151208.0,42
326.7,75584.0,31894.0,43690.0,24076.2,20702.7,10057.0,9189.6,0.0,126927.4,0.0,26074.8,142083.0,555000.0,697083.1,470355.7,1031900.8,151003.6,42
327.7,75584.0,31894.0,43690.0,25782.2,22408.7,11763.0,10895.6,0.0,126927.1,0.0,26074.9,142082.5,555072.2,697154.8,470283.5,1031900.8,152709.2,42
328.7,75584.0,31894.0,43690.0,26112.2,22738.7,12093.0,11225.6,0.0,126004.2,0.0,26074.9,141165.4,555801.7,696967.1,469570.0,1031900.8,152116.4,42
329.7,75584.0,31894.0,43690.0,25910.2,22536.7,11891.0,11023.6,0.0,125998.7,0.0,26074.9,141159.9,555765.8,696925.6,469605.9,1031900.8,151908.8,42
330.7,75584.0,31894.0,43690.0,25712.2,22338.7,11693.0,10825.6,0.0,126000.3,0.0,26074.9,141161.5,555759.7,696921.2,469612.0,1031900.8,151712.4,42
331.7,75584.0,31894.0,43690.0,25326.2,21952.7,11307.0,10439.6,0.0,125996.7,0.0,26074.9,141157.9,555773.0,696930.9,469598.8,1031900.8,151322.9,42
332.7,75584.0,31894.0,43690.0,25132.2,21758.7,11113.0,10245.6,0.0,125996.7,0.0,26075.3,141157.9,555780.6,696938.5,469591.1,1031900.8,151128.9,42
333.7,75584.0,31894.0,43690.0,24947.0,21573.6,10927.9,10060.5,0.0,125996.7,0.0,26077.7,141158.9,555797.2,696956.1,469574.5,1031900.8,150943.7,42
334.7,75584.0,31894.0,43690.0,24767.0,21393.6,10747.9,9880.5,0.0,125996.7,0.0,26077.8,141158.9,555804.4,696963.3,469567.3,1031900.8,150763.7,42
335.7,75584.0,31894.0,43690.0,24581.0,21207.6,10561.9,9694.5,0.0,125996.7,0.0,26077.8,141159.4,555804.4,696963.8,469567.3,1031900.8,150577.8,42
336.7,75584.0,31894.0,43690.0,25700.3,22326.9,11681.2,10813.8,0.0,125996.7,0.0,26078.8,141158.4,555807.8,696966.2,469564.0,1031900.8,151697.0,42
337.7,75584.0,31894.0,43690.0,26990.3,23616.9,12971.2,12103.8,0.0,125309.0,0.0,26079.3,140476.2,556598.1,697074.3,468773.6,1031900.8,152299.3,42
338.7,75584.0,31894.0,43690.0,26608.3,23234.9,12589.2,11721.8,0.0,125191.0,0.0,26079.3,140358.6,556610.5,696969.1,468761.3,1031900.8,151799.3,42
339.7,75584.0,31894.0,43690.0,26416.3,23042.9,12397.2,11529.8,0.0,125191.0,0.0,26079.3,140358.6,556618.6,696977.2,468753.2,1031900.8,151607.3,42
340.7,75584.0,31894.0,43690.0,26220.3,22846.9,12201.2,11333.8,0.0,125191.0,0.0,26079.3,140358.6,556612.2,696970.8,468759.5,1031900.8,151411.3,42
341.7,75584.0,31894.0,43690.0,26036.3,22662.9,12017.2,11149.8,0.0,125191.0,0.0,26079.3,140358.6,556612.0,696970.6,468759.7,1031900.8,151227.3,42
342.7,75584.0,31894.0,43690.0,25874.3,22500.9,11855.2,10987.8,0.0,125191.0,0.0,26079.3,140358.6,556602.7,696961.3,468769.1,1031900.8,151065.3,42
343.7,75584.0,31894.0,43690.0,25714.3,22340.9,11695.2,10827.8,0.0,125191.0,0.0,26079.3,140358.6,556610.4,696969.0,468761.3,1031900.8,150905.3,42
344.7,75584.0,31894.0,43690.0,26987.3,23613.8,12968.1,12100.7,0.0,125191.0,0.0,26080.7,140359.1,556674.1,697033.2,468698.1,1031900.8,152178.2,42
345.7,75584.0,31894.0,43690.0,28255.3,24881.8,14236.1,13368.7,0.0,124393.5,0.0,26080.7,139567.3,557395.1,696962.4,467976.7,1031900.8,152648.7,42
346.7,75584.0,31894.0,43690.0,28069.3,24695.8,14050.1,13182.7,0.0,124393.5,0.0,26080.7,139567.3,557416.0,696983.3,467955.7,1031900.8,152462.7,42
347.7,75584.0,31894.0,43690.0,27883.3,24509.8,13864.1,12996.7,0.0,124393.5,0.0,26080.7,139567.3,557414.4,696981.8,467957.3,1031900.8,152276.7,42
348.7,75584.0,31894.0,43690.0,27691.3,24317.8,13672.1,12804.7,0.0,124393.5,0.0,26080.7,139567.3,557412.9,696980.3,467958.8,1031900.8,152084.7,42
349.7,75584.0,31894.0,43690.0,27581.3,24207.8,13562.1,12694.7,0.0,124393.5,0.0,26080.7,139567.3,557412.1,696979.5,467959.6,1031900.8,151974.7,42
350.7,75584.0,31894.0,43690.0,29135.3,25761.8,15116.1,14248.7,0.0,124393.5,0.0,26080.7,139566.9,557521.9,697088.7,467849.8,1031900.8,153528.7,42
351.7,75584.0,31894.0,43690.0,29803.3,26429.8,15784.1,14916.7,0.0,123577.0,0.0,26080.7,138755.6,558204.0,696959.6,467167.7,1031900.8,153380.2,42
352.7,75584.0,31894.0,43690.0,29803.3,26429.8,15784.1,14916.7,0.0,123577.0,0.0,26080.7,138755.5,558218.2,696973.7,467153.5,1031900.8,153380.2,42
353.7,75584.0,31894.0,43690.0,29797.3,26423.8,15778.1,14910.7,0.0,123577.0,0.0,26080.7,138755.5,558214.2,696969.7,467157.5,1031900.8,153374.2,42
354.7,75584.0,31894.0,43690.0,29795.3,26421.8,15776.1,14908.7,0.0,123577.0,0.0,26080.7,138755.5,558219.0,696974.5,467152.7,1031900.8,153372.2,42
355.7,75584.0,31894.0,43690.0,29773.3,26399.8,15754.1,14886.7,0.0,123577.0,0.0,26080.7,138755.5,558227.1,696982.6,467144.6,1031900.8,153350.2,42
356.7,75584.0,31894.0,43690.0,29783.3,26409.8,15764.1,14896.7,0.0,123577.0,0.0,26080.7,138756.1,558214.6,696970.7,467157.1,1031900.8,153360.2,42
357.7,75584.0,31894.0,43690.0,30509.3,27135.8,16490.1,15622.7,0.0,123577.0,0.0,26080.7,138756.1,558205.4,696961.5,467166.3,1031900.8,154086.2,42
358.7,75584.0,31894.0,43690.0,31369.3,27995.8,17350.1,16482.7,0.0,123482.5,0.0,26080.8,138664.5,558721.5,697385.9,466646.2,1031900.8,154851.7,42
359.7,75584.0,31894.0,43690.0,31583.3,28209.9,17564.2,16696.7,0.0,122761.6,0.0,26080.8,137946.6,559001.8,696948.4,466369.9,1031900.8,154344.8,42
360.7,75584.0,31894.0,43690.0,31577.3,28203.9,17558.2,16690.7,0.0,122762.0,0.0,26080.8,137947.0,559001.8,696948.7,466369.9,1031900.8,154339.2,42
361.7,75584.0,31894.0,43690.0,31577.3,28203.9,17558.2,16690.7,0.0,122761.6,0.0,26080.8,137946.6,559002.9,696949.5,466368.8,1031900.8,154338.9,42
362.7,75584.0,31894.0,43690.0,31579.3,28205.9,17560.2,16692.7,0.0,122762.0,0.0,26080.8,137947.0,559011.3,696958.3,466360.4,1031900.8,154341.3,42
363.7,75584.0,31894.0,43690.0,31581.3,28207.9,17562.2,16694.7,0.0,122762.0,0.0,26080.8,137947.0,559014.1,696961.1,466357.6,1031900.8,154343.3,42
364.7,75584.0,31894.0,43690.0,31341.3,27967.9,17322.2,16454.7,0.0,122761.5,0.0,26080.8,137946.6,559013.6,696960.2,466358.1,1031900.8,154102.8,42
365.7,75584.0,31894.0,43690.0,31141.3,27767.9,17122.2,16254.7,0.0,122760.8,0.0,26080.9,137945.9,559010.6,696956.5,466361.1,1031900.8,153902.1,42
366.7,75584.0,31894.0,43690.0,30941.3,27567.9,16922.2,16054.7,0.0,122760.8,0.0,26080.9,137945.9,559019.6,696965.5,466352.1,1031900.8,153702.1,42
367.7,75584.0,31894.0,43690.0,32669.3,29295.9,18650.2,17782.7,0.0,122760.8,0.0,26081.0,137948.9,559517.1,697466.0,465854.6,1031900.8,155430.1,42
368.7,75584.0,31894.0,43690.0,32713.3,29339.9,18694.2,17826.7,0.0,121927.6,0.0,26081.0,137118.7,559826.7,696945.4,465545.0,1031900.8,154640.9,42
369.7,75584.0,31894.0,43690.0,32259.3,28885.9,18240.2,17372.7,0.0,121927.6,0.0,26081.0,137118.7,559848.0,696966.8,465523.7,1031900.8,154186.8,42
370.7,75584.0,31894.0,43690.0,32037.3,28663.9,18018.2,17150.7,0.0,121927.1,0.0,26081.0,137118.2,559826.7,696945.0,465545.0,1031900.8,153964.4,42
371.7,75584.0,31894.0,43690.0,31817.3,28443.9,17798.2,16930.7,0.0,121927.6,0.0,26081.0,137118.7,559823.4,696942.2,465548.3,1031900.8,153744.9,42
372.7,75584.0,31894.0,43690.0,31589.3,28215.9,17570.2,16702.7,0.0,121927.6,0.0,26081.0,137118.7,559820.6,696939.4,465551.1,1031900.8,153516.9,42
373.7,75584.0,31894.0,43690.0,31365.3,27991.9,17346.2,16478.7,0.0,121927.6,0.0,26081.0,137119.2,559819.6,696938.8,465552.1,1031900.8,153292.9,42
374.7,75584.0,31894.0,43690.0,31977.3,28603.9,17958.2,17090.7,0.0,121927.6,0.0,26081.0,137118.3,559817.5,696935.8,465554.2,1031900.8,153904.9,42
375.7,75584.0,31894.0,43690.0,32307.3,28933.9,18288.2,17420.7,0.0,121927.6,0.0,26081.0,137123.8,560624.9,697748.7,464746.8,1031900.8,154234.8,42
376.7,75584.0,31894.0,43690.0,32075.3,28701.9,18056.2,17188.7,0.0,121927.6,0.0,26081.0,137123.9,560640.5,697764.4,464731.2,1031900.8,154002.8,42
377.7,75584.0,31894.0,43690.0,31613.3,28239.9,17594.2,16726.7,0.0,121927.6,0.0,26081.0,137123.9,560638.0,697761.9,464733.8,1031900.8,153540.8,42
378.7,75584.0,31894.0,43690.0,31381.3,28007.9,17362.2,16494.7,0.0,121927.6,0.0,26081.0,137123.9,560640.5,697764.4,464731.2,1031900.8,153308.8,42
379.7,75584.0,31894.0,43690.0,31149.3,27775.9,17130.2,16262.7,0.0,121927.6,0.0,26081.0,137123.9,560632.9,697756.8,464738.9,1031900.8,153076.8,42
380.7,75584.0,31894.0,43690.0,30915.3,27541.9,16896.2,16028.7,0.0,121927.6,0.0,26081.0,137123.8,560642.9,697766.7,464728.8,1031900.8,152842.8,42
381.7,75584.0,31894.0,43690.0,30681.3,27307.9,16662.2,15794.7,0.0,121927.6,0.0,26079.5,137123.7,560648.4,697772.1,464723.3,1031900.8,152608.8,42
382.7,75584.0,31894.0,43690.0,30447.3,27073.9,16428.2,15560.7,0.0,121927.6,0.0,26079.5,137124.2,560639.2,697763.4,464732.5,1031900.8,152374.8,42
383.7,75584.0,31894.0,43690.0,30625.2,27251.8,16606.1,15738.7,0.0,121927.6,0.0,26097.5,137126.4,560661.4,697787.8,464710.3,1031900.8,152552.8,42
384.7,75584.0,31894.0,43690.0,30581.2,27207.8,16562.1,15694.7,0.0,121927.6,0.0,26097.5,137125.1,560837.3,697962.4,464534.4,1031900.8,152508.8,42
385.7,75584.0,31894.0,43690.0,30607.2,27233.8,16588.1,15720.7,0.0,121927.6,0.0,26097.5,137127.7,561211.7,698339.4,464160.0,1031900.8,152534.8,42
386.7,75584.0,31894.0,43690.0,30595.2,27221.8,16576.1,15708.7,0.0,121927.6,0.0,26097.5,137130.4,561463.1,698593.5,463908.6,1031900.8,152522.8,42
387.7,75584.0,31894.0,43690.0,30363.2,26989.8,16344.1,15476.7,0.0,121927.6,0.0,26097.5,137130.2,561464.5,698594.7,463907.2,1031900.8,152290.8,42
388.7,75586.0,31894.0,43692.0,30127.2,26753.8,16108.1,15240.7,0.0,121927.6,0.0,26097.5,137129.8,561465.1,698594.9,463906.6,1031900.8,152054.8,42
389.7,75586.0,31894.0,43692.0,29869.2,26495.8,15850.1,14982.7,0.0,121927.6,0.0,26097.5,137129.6,561466.2,698595.8,463905.6,1031900.8,151796.8,42
390.7,75586.0,31894.0,43692.0,29409.8,26036.4,15390.7,14523.3,0.0,121927.6,0.0,26096.1,137132.4,561484.9,698617.3,463878.8,1031900.8,151337.4,42
391.7,75586.0,31894.0,43692.0,29167.8,25794.4,15148.7,14281.3,0.0,121927.6,0.0,26096.1,137130.5,561483.7,698614.2,463880.0,1031900.8,151095.4,42
392.7,75586.0,31894.0,43692.0,28890.6,25517.1,14871.4,14004.0,0.0,121923.6,0.0,26074.8,137126.9,561388.9,698515.8,463974.8,1031900.8,150814.1,42
393.7,75586.0,31894.0,43692.0,28664.6,25291.1,14645.4,13778.0,0.0,121923.6,0.0,26074.8,137126.9,561398.4,698525.3,463965.3,1031900.8,150588.1,42
394.7,75586.0,31894.0,43692.0,28429.2,25055.8,14410.1,13542.7,0.0,121923.6,0.0,26079.3,137127.6,561410.5,698538.1,463953.2,1031900.8,150352.8,42
395.7,75586.0,31894.0,43692.0,28209.2,24835.8,14190.1,13322.7,0.0,121923.6,0.0,26079.5,137127.4,561418.9,698546.3,463944.8,1031900.8,150132.8,42
396.7,75586.0,31894.0,43692.0,27973.2,24599.8,13954.1,13086.7,0.0,121923.6,0.0,26079.5,137127.4,561420.9,698548.3,463942.8,1031900.8,149896.8,42
397.7,75586.0,31894.0,43692.0,27516.1,24142.6,13496.9,12629.5,0.0,121923.6,0.0,26080.3,137126.8,561425.6,698552.4,463938.1,1031900.8,149439.6,42
398.7,75586.0,31894.0,43692.0,27274.1,23900.6,13254.9,12387.5,0.0,121923.6,0.0,26080.3,137126.8,561419.3,698546.1,463944.4,1031900.8,149197.7,42
399.7,75586.0,31894.0,43692.0,27052.7,23679.3,13033.6,12166.2,0.0,121923.6,0.0,26081.0,137127.2,561421.4,698548.6,463942.3,1031900.8,148976.3,42
400.7,75586.0,31894.0,43692.0,26826.7,23453.3,12807.6,11940.2,0.0,121923.6,0.0,26081.0,137127.2,561448.5,698575.7,463915.2,1031900.8,148750.3,42
401.7,75586.0,31894.0,43692.0,26592.7,23219.3,12573.6,11706.2,0.0,121923.6,0.0,26081.0,137126.4,561428.8,698555.1,463934.9,1031900.8,148516.3,42
402.7,75586.0,31894.0,43692.0,26366.7,22993.3,12347.6,11480.2,0.0,121923.6,0.0,26081.0,137126.4,561435.8,698562.2,463927.9,1031900.8,148290.3,42
403.7,75586.0,31894.0,43692.0,25900.7,22527.3,11881.6,11014.2,0.0,121923.7,0.0,26081.0,137127.4,561459.5,698586.9,463904.2,1031900.8,147824.4,42
404.7,75586.0,31894.0,43692.0,25678.7,22305.3,11659.6,10792.2,0.0,121923.7,0.0,26081.0,137126.7,561473.8,698600.6,463889.9,1031900.8,147602.4,42
405.7,75586.0,31894.0,43692.0,25442.7,22069.3,11423.6,10556.2,0.0,121923.7,0.0,26081.0,137126.3,561476.0,698602.3,463888.2,1031900.8,147366.4,42
406.7,75586.0,31894.0,43692.0,25218.7,21845.3,11199.6,10332.2,0.0,121923.7,0.0,26081.0,137126.5,561474.0,698600.5,463889.7,1031900.8,147142.4,42
407.7,75586.0,31894.0,43692.0,24998.7,21625.3,10979.6,10112.2,0.0,121923.7,0.0,26081.0,137126.4,561476.1,698602.5,463887.6,1031900.8,146922.4,42
408.7,75586.0,31894.0,43692.0,24770.7,21397.3,10751.6,9884.2,0.0,121923.7,0.0,26081.0,137127.0,561490.1,698617.1,463873.7,1031900.8,146694.4,42
409.7,75586.0,31894.0,43692.0,24554.7,21181.3,10535.6,9668.2,0.0,121923.7,0.0,26081.0,137126.9,561491.7,698618.6,463872.1,1031900.8,146478.4,42
410.7,75586.0,31894.0,43692.0,24102.7,20729.3,10083.6,9216.2,0.0,121923.7,0.0,26081.0,137127.6,561489.1,698616.8,463874.6,1031900.8,146026.4,42
411.7,75586.0,31894.0,43692.0,23888.7,20515.3,9869.6,9002.2,0.0,121923.7,0.0,26081.0,137127.1,561490.9,698618.1,463872.8,1031900.8,145812.4,42
412.7,75586.0,31894.0,43692.0,23662.7,20289.3,9643.6,8776.2,0.0,121923.7,0.0,26081.0,137127.0,561504.6,698631.6,463859.1,1031900.8,145586.4,42
413.7,75586.0,31894.0,43692.0,23442.7,20069.3,9423.6,8556.2,0.0,121915.7,0.0,26081.1,137119.0,561442.4,698561.4,463921.3,1031900.8,145358.4,42
414.7,75586.0,31894.0,43692.0,23228.7,19855.3,9209.6,8342.2,0.0,121915.7,0.0,26081.1,137119.0,561454.2,698573.3,463909.5,1031900.8,145144.4,42
415.7,75586.0,31894.0,43692.0,23041.2,19667.8,9022.1,8154.7,0.0,121915.7,0.0,26087.5,137119.4,561461.5,698580.9,463902.2,1031900.8,144956.9,42
416.7,75586.0,31894.0,43692.0,22647.2,19273.8,8628.0,7760.7,0.0,121915.7,0.0,26089.1,137119.4,561480.3,698599.8,463883.4,1031900.8,144562.9,42
417.7,75586.0,31894.0,43692.0,22505.4,19132.0,8486.3,7618.9,0.0,121915.7,0.0,26125.6,137121.2,561533.7,698654.9,463830.0,1031900.8,144421.1,42
418.7,75586.0,31894.0,43692.0,22427.4,19054.0,8408.3,7540.9,0.0,121915.7,0.0,26125.3,137121.0,561541.8,698662.8,463821.9,1031900.8,144343.1,42
419.7,75586.0,31894.0,43692.0,22427.4,19054.0,8408.3,7540.9,0.0,121915.7,0.0,26125.3,137121.0,561542.9,698663.9,463820.8,1031900.8,144343.1,42
420.7,75586.0,31894.0,43692.0,22498.4,19125.0,8479.3,7611.9,0.0,121915.7,0.0,26090.3,137119.5,561520.2,698639.7,463843.5,1031900.8,144414.1,42
421.7,75586.0,31894.0,43692.0,22494.4,19121.0,8475.3,7607.9,0.0,121915.7,0.0,26090.3,137119.5,561513.7,698633.2,463850.0,1031900.8,144410.1,42
422.8,75586.0,31894.0,43692.0,22488.4,19115.0,8469.3,7601.9,0.0,121915.7,0.0,26090.3,137119.5,561528.7,698648.2,463835.0,1031900.8,144404.1,42
423.8,75586.0,31894.0,43692.0,22486.4,19113.0,8467.3,7599.9,0.0,121915.7,0.0,26090.3,137119.5,561514.3,698633.8,463849.4,1031900.8,144402.1,42
424.8,75586.0,31894.0,43692.0,22464.4,19091.0,8445.3,7577.9,0.0,121915.7,0.0,26090.3,137119.5,561529.2,698648.7,463834.5,1031900.8,144380.1,42
425.8,75586.0,31894.0,43692.0,22448.4,19075.0,8429.3,7561.9,0.0,121915.7,0.0,26090.3,137119.5,561521.6,698641.1,463842.1,1031900.8,144364.1,42
426.8,75586.0,31894.0,43692.0,22446.4,19073.0,8427.3,7559.9,0.0,121915.7,0.0,26090.3,137119.5,561521.1,698640.6,463842.6,1031900.8,144362.1,42
427.8,75586.0,31894.0,43692.0,24084.4,20711.0,10065.3,9197.9,0.0,121915.7,0.0,26090.3,137118.7,561524.8,698643.5,463838.9,1031900.8,146000.1,42
428.8,75586.0,31894.0,43692.0,25028.4,21655.0,11009.3,10141.9,0.0,121915.7,0.0,26090.4,137124.5,562317.1,699441.6,463046.6,1031900.8,146944.1,42
429.8,75586.0,31894.0,43692.0,25026.4,21653.0,11007.3,10139.9,0.0,121915.7,0.0,26090.4,137124.5,562324.5,699449.0,463039.2,1031900.8,146942.1,42
430.8,75586.0,31894.0,43692.0,25022.4,21649.0,11003.3,10135.9,0.0,121915.7,0.0,26090.4,137124.5,562324.1,699448.7,463039.6,1031900.8,146938.1,42
431.8,75586.0,31894.0,43692.0,25004.4,21631.0,10985.3,10117.9,0.0,121915.7,0.0,26090.4,137124.5,562334.0,699458.6,463029.7,1031900.8,146920.1,42
432.8,75586.0,31894.0,43692.0,24822.4,21449.0,10803.3,9935.9,0.0,121915.7,0.0,26090.4,137124.5,562328.1,699452.7,463035.6,1031900.8,146738.1,42
433.8,75586.0,31894.0,43692.0,24636.4,21263.0,10617.3,9749.9,0.0,121915.7,0.0,26090.4,137124.5,562334.7,699459.2,463029.0,1031900.8,146552.1,42
434.8,75586.0,31894.0,43692.0,24446.4,21073.0,10427.3,9559.9,0.0,121915.7,0.0,26090.4,137124.4,562338.1,699462.5,463025.6,1031900.8,146362.1,42
435.8,75586.0,31894.0,43692.0,24286.4,20913.0,10267.3,9399.9,0.0,121915.7,0.0,26090.4,137124.8,562341.5,699466.3,463022.2,1031900.8,146202.1,42
436.8,75586.0,31894.0,43692.0,24466.4,21093.0,10447.3,9579.9,0.0,121915.7,0.0,26090.4,137125.1,562334.5,699459.6,463029.2,1031900.8,146382.1,42
437.8,75586.0,31894.0,43692.0,25879.4,22506.0,11860.3,10992.9,0.0,121915.7,0.0,26090.4,137125.9,562495.7,699621.6,462868.0,1031900.8,147795.1,42
438.8,75586.0,31894.0,43692.0,26701.5,23328.1,12682.4,11815.0,0.0,121915.7,0.0,26101.5,137132.1,563145.3,700277.5,462218.4,1031900.8,148617.2,42
439.8,75586.0,31894.0,43692.0,26515.5,23142.1,12496.4,11629.0,0.0,121915.7,0.0,26101.5,137132.1,563147.5,700279.7,462216.2,1031900.8,148431.2,42
440.8,75586.0,31894.0,43692.0,26329.5,22956.1,12310.4,11443.0,0.0,121915.7,0.0,26101.5,137132.1,563164.1,700296.2,462199.6,1031900.8,148245.2,42
441.8,75586.0,31894.0,43692.0,26139.5,22766.1,12120.4,11253.0,0.0,121915.7,0.0,26101.5,137132.1,563157.3,700289.4,462206.4,1031900.8,148055.2,42
442.8,75586.0,31894.0,43692.0,25969.5,22596.1,11950.4,11083.0,0.0,121915.7,0.0,26101.4,137132.1,563165.7,700297.8,462198.0,1031900.8,147885.2,42
443.8,75586.0,31894.0,43692.0,25673.5,22300.1,11654.4,10787.0,0.0,121915.7,0.0,26101.5,137132.1,563158.0,700290.2,462205.7,1031900.8,147589.2,42
444.8,75586.0,31894.0,43692.0,27653.8,24280.4,13634.7,12767.3,0.0,121915.7,0.0,26103.8,137134.2,563528.4,700662.5,461835.4,1031900.8,149569.5,42
445.8,75586.0,31894.0,43692.0,28359.8,24986.4,14340.7,13473.3,0.0,121915.7,0.0,26103.8,137137.8,563960.4,701098.2,461403.3,1031900.8,150275.5,42
446.8,75586.0,31894.0,43692.0,28180.0,24806.6,14160.8,13293.4,0.0,121915.7,0.0,26103.8,137137.8,563961.2,701099.0,461402.5,1031900.8,150095.7,42
447.8,75586.0,31894.0,43692.0,28010.0,24636.6,13990.8,13123.4,0.0,121915.7,0.0,26103.9,137137.8,563963.6,701101.4,461400.1,1031900.8,149925.7,42
448.8,75586.0,31894.0,43692.0,27828.0,24454.6,13808.8,12941.4,0.0,121915.7,0.0,26103.9,137137.8,563954.4,701092.2,461409.3,1031900.8,149743.7,42
449.8,75586.0,31894.0,43692.0,27462.0,24088.6,13442.8,12575.4,0.0,121915.7,0.0,26103.9,137137.8,563951.3,701089.1,461412.4,1031900.8,149377.7,42
450.8,75586.0,31894.0,43692.0,28510.0,25136.6,14490.9,13623.5,0.0,121915.7,0.0,26104.0,137137.4,563949.1,701086.6,461414.6,1031900.8,150425.7,42
451.8,75586.0,31894.0,43692.0,29358.0,25984.6,15338.9,14471.5,0.0,121915.7,0.0,26104.0,137143.0,564749.0,701892.0,460614.7,1031900.8,151273.7,42
452.8,75586.0,31894.0,43692.0,29176.0,25802.6,15156.9,14289.5,0.0,121915.7,0.0,26104.0,137143.0,564754.9,701897.9,460608.8,1031900.8,151091.7,42
453.8,75586.0,31894.0,43692.0,29006.2,25632.8,14987.0,14119.6,0.0,121915.7,0.0,26104.1,137143.0,564752.3,701895.4,460611.4,1031900.8,150921.9,42
454.8,75586.0,31894.0,43692.0,28840.2,25466.8,14821.0,13953.6,0.0,121915.7,0.0,26104.1,137143.0,564762.6,701905.6,460601.1,1031900.8,150755.9,42
455.8,75586.0,31894.0,43692.0,28682.2,25308.8,14663.0,13795.6,0.0,121915.7,0.0,26104.1,137143.0,564761.1,701904.1,460602.6,1031900.8,150597.9,42
456.8,75586.0,31894.0,43692.0,30256.2,26882.8,16237.0,15369.6,0.0,121915.7,0.0,26104.1,137143.0,564859.4,702002.4,460504.3,1031900.8,152171.9,42
457.8,75586.0,31894.0,43692.0,30730.2,27356.8,16711.0,15843.6,0.0,121915.7,0.0,26104.1,137148.1,565555.4,702703.5,459808.3,1031900.8,152645.9,42
458.8,75586.0,31894.0,43692.0,30526.2,27152.8,16507.0,15639.6,0.0,121915.7,0.0,26104.1,137148.1,565564.7,702712.9,459799.0,1031900.8,152441.9,42
459.8,75586.0,31894.0,43692.0,30324.2,26950.8,16305.0,15437.6,0.0,121915.7,0.0,26104.1,137148.1,565562.8,702710.9,459800.9,1031900.8,152239.9,42
460.8,75586.0,31894.0,43692.0,30120.2,26746.8,16101.0,15233.6,0.0,121915.7,0.0,26104.2,137148.1,565571.1,702719.2,459792.6,1031900.8,152035.9,42
461.8,75586.0,31894.0,43692.0,29916.2,26542.8,15897.0,15029.6,0.0,121915.7,0.0,26104.2,137148.1,565560.0,702708.1,459803.7,1031900.8,151831.9,42
462.8,75586.0,31894.0,43692.0,29516.2,26142.8,15497.0,14629.6,0.0,121915.7,0.0,26104.2,137148.1,565550.4,702698.6,459813.3,1031900.8,151431.9,42
463.8,75586.0,31894.0,43692.0,29318.2,25944.8,15299.0,14431.6,0.0,121915.7,0.0,26104.2,137148.3,565555.0,702703.3,459808.7,1031900.8,151233.9,42
464.8,75586.0,31894.0,43692.0,29118.2,25744.8,15099.0,14231.6,0.0,121915.7,0.0,26104.2,137148.6,565557.4,702706.0,459806.3,1031900.8,151033.9,42
465.8,75586.0,31894.0,43692.0,30176.2,26802.8,16157.0,15289.6,0.0,121915.7,0.0,26104.2,137148.6,565559.4,702708.0,459804.3,1031900.8,152091.9,42
466.8,75586.0,31894.0,43692.0,30652.2,27278.8,16633.0,15765.6,0.0,121915.7,0.0,26104.2,137152.6,566200.0,703352.6,459163.7,1031900.8,152567.9,42
467.8,75586.0,31894.0,43692.0,30432.2,27058.8,16413.0,15545.6,0.0,121915.7,0.0,26104.2,137154.0,566345.4,703499.4,459018.3,1031900.8,152347.9,42
468.8,75586.0,31894.0,43692.0,29978.2,26604.8,15959.0,15091.6,0.0,121915.7,0.0,26104.2,137154.0,566346.6,703500.6,459017.1,1031900.8,151893.9,42
469.8,75586.0,31894.0,43692.0,29754.2,26380.8,15735.0,14867.6,0.0,121915.7,0.0,26104.2,137154.0,566346.7,703500.7,459017.1,1031900.8,151669.9,42
470.8,75586.0,31894.0,43692.0,29528.2,26154.8,15509.0,14641.6,0.0,121915.7,0.0,26104.2,137154.0,566356.4,703510.4,459007.3,1031900.8,151443.9,42
471.8,75586.0,31894.0,43692.0,29300.2,25926.8,15281.0,14413.6,0.0,121915.7,0.0,26104.2,137154.0,566353.9,703507.9,459009.8,1031900.8,151215.9,42
472.8,75586.0,31894.0,43692.0,29072.2,25698.8,15053.0,14185.6,0.0,121915.7,0.0,26104.2,137154.3,566354.4,703508.6,459009.4,1031900.8,150987.9,42
473.8,75586.0,31894.0,43692.0,28848.2,25474.8,14829.0,13961.6,0.0,121915.7,0.0,26104.2,137154.3,566354.3,703508.6,459009.4,1031900.8,150763.9,42
474.8,75586.0,31894.0,43692.0,30828.2,27454.8,16809.0,15941.6,0.0,121915.7,0.0,26104.2,137158.1,566930.3,704088.4,458433.4,1031900.8,152743.9,42
475.8,75586.0,31894.0,43692.0,30378.2,27004.8,16359.0,15491.6,0.0,121915.7,0.0,26104.2,137160.1,567165.3,704325.4,458198.4,1031900.8,152293.9,42
476.8,75586.0,31894.0,43692.0,30134.2,26760.8,16115.0,15247.6,0.0,121915.7,0.0,26104.2,137160.1,567170.8,704330.9,458192.9,1031900.8,152049.9,42
477.8,75586.0,31894.0,43692.0,29886.2,26512.8,15867.0,14999.6,0.0,121915.7,0.0,26104.2,137160.1,567162.0,704322.1,458201.7,1031900.8,151801.9,42
478.8,75586.0,31894.0,43692.0,29648.2,26274.8,15629.0,14761.6,0.0,121915.7,0.0,26104.2,137160.1,567176.1,704336.2,458187.6,1031900.8,151563.9,42
479.8,75586.0,31894.0,43692.0,30944.2,27570.8,16925.0,16057.6,0.0,121915.7,0.0,26104.2,137160.2,567161.7,704321.9,458202.0,1031900.8,152859.9,42
480.8,75586.0,31894.0,43692.0,30732.2,27358.8,16713.0,15845.6,0.0,121915.7,0.0,26104.2,137162.3,567506.0,704668.2,457857.8,1031900.8,152647.9,42
481.8,75586.0,31894.0,43692.0,30864.2,27490.8,16845.0,15977.6,0.0,121915.7,0.0,26104.2,137165.3,567894.0,705059.3,457469.8,1031900.8,152779.9,42
482.8,75586.0,31894.0,43692.0,30618.2,27244.8,16599.0,15731.6,0.0,121915.7,0.0,26104.2,137166.0,567961.1,705127.1,457402.6,1031900.8,152533.9,42
483.8,75586.0,31894.0,43692.0,30368.2,26994.8,16349.0,15481.6,0.0,121915.7,0.0,26104.2,137166.4,567960.3,705126.7,457403.4,1031900.8,152283.9,42
484.8,75586.0,31894.0,43692.0,30122.2,26748.8,16103.0,15235.6,0.0,121911.7,0.0,26104.2,137163.0,567889.5,705052.5,457474.2,1031900.8,152033.9,42
485.8,75586.0,31894.0,43692.0,29874.2,26500.8,15855.0,14987.6,0.0,121911.7,0.0,26104.2,137163.0,567893.7,705056.7,457470.0,1031900.8,151785.9,42
486.8,75586.0,31894.0,43692.0,29774.2,26400.8,15755.0,14887.6,0.0,121911.7,0.0,26104.2,137162.2,567906.1,705068.3,457457.7,1031900.8,151685.9,42
487.8,75586.0,31894.0,43692.0,29772.2,26398.8,15753.0,14885.6,0.0,121911.7,0.0,26104.2,137162.3,567927.2,705089.5,457436.5,1031900.8,151683.9,42
488.8,75586.0,31894.0,43692.0,29800.2,26426.8,15781.0,14913.6,0.0,121911.7,0.0,26104.7,137164.9,567947.5,705112.3,457416.2,1031900.8,151711.9,42
489.8,75586.0,31894.0,43692.0,29812.7,26439.3,15793.5,14926.2,0.0,121911.7,0.0,26148.7,137165.1,567990.9,705156.0,457372.8,1031900.8,151724.4,42
490.8,75586.0,31894.0,43692.0,29741.6,26368.2,15722.4,14855.0,0.0,121911.7,0.0,26148.7,137165.1,567993.2,705158.3,457370.5,1031900.8,151653.3,42
491.8,75586.0,31894.0,43692.0,29747.6,26374.2,15728.4,14861.0,0.0,121911.7,0.0,26083.6,137162.0,567914.3,705076.2,457449.5,1031900.8,151659.3,42
492.8,75586.0,31894.0,43692.0,29747.6,26374.2,15728.4,14861.0,0.0,121911.7,0.0,26083.6,137161.9,567926.2,705088.1,457437.5,1031900.8,151659.3,42
493.8,75586.0,31894.0,43692.0,29725.6,26352.2,15706.4,14839.0,0.0,121911.7,0.0,26083.6,137162.0,567939.8,705101.8,457423.9,1031900.8,151637.3,42
494.8,75586.0,31894.0,43692.0,29740.8,26367.4,15721.6,14854.2,0.0,121911.7,0.0,26084.6,137162.3,567955.6,705117.9,457408.1,1031900.8,151652.5,42
495.8,75586.0,31894.0,43692.0,29742.8,26369.4,15723.6,14856.2,0.0,121911.7,0.0,26084.8,137162.5,567955.5,705118.0,457408.3,1031900.8,151654.5,42
496.8,75586.0,31894.0,43692.0,29746.8,26373.4,15727.6,14860.2,0.0,121911.7,0.0,26084.8,137162.5,567958.5,705121.0,457405.2,1031900.8,151658.5,42
497.8,75586.0,31894.0,43692.0,29714.8,26341.4,15695.6,14828.2,0.0,121911.7,0.0,26084.8,137162.5,567964.3,705126.8,457399.4,1031900.8,151626.5,42
498.8,75586.0,31894.0,43692.0,29779.3,26405.9,15760.1,14892.8,0.0,121911.8,0.0,26127.4,137166.2,568016.5,705182.6,457347.2,1031900.8,151691.0,42
499.8,75586.0,31894.0,43692.0,29783.3,26409.9,15764.1,14896.8,0.0,121911.8,0.0,26127.4,137166.2,568007.9,705174.1,457355.8,1031900.8,151695.0,42
500.8,75586.0,31894.0,43692.0,29760.5,26387.1,15741.3,14874.0,0.0,121911.8,0.0,26106.2,137163.6,568000.1,705163.7,457363.6,1031900.8,151672.2,42
501.8,75586.0,31894.0,43692.0,29748.5,26375.1,15729.3,14862.0,0.0,121911.8,0.0,26108.7,137163.6,568008.8,705172.4,457354.9,1031900.8,151660.2,42
502.8,75586.0,31894.0,43692.0,29752.5,26379.1,15733.3,14866.0,0.0,121911.8,0.0,26108.7,137163.6,568008.6,705172.1,457355.1,1031900.8,151664.2,42
503.8,75586.0,31894.0,43692.0,29528.0,26154.6,15508.9,14641.5,0.0,121911.8,0.0,26116.3,137163.3,568017.5,705180.7,457346.2,1031900.8,151439.8,42
504.8,75586.0,31894.0,43692.0,29284.0,25910.6,15264.9,14397.5,0.0,121911.8,0.0,26116.3,137163.7,568017.4,705181.1,457346.3,1031900.8,151195.8,42
505.8,75586.0,31894.0,43692.0,29048.0,25674.6,15028.9,14161.5,0.0,121911.8,0.0,26116.3,137163.7,568017.8,705181.4,457345.9,1031900.8,150959.8,42
506.8,75586.0,31894.0,43692.0,28828.0,25454.6,14808.9,13941.5,0.0,121911.8,0.0,26116.3,137163.0,568020.0,705183.0,457343.8,1031900.8,150739.8,42
507.8,75586.0,31894.0,43692.0,28360.0,24986.6,14340.9,13473.5,0.0,121911.8,0.0,26116.3,137163.1,568034.6,705197.7,457329.1,1031900.8,150271.8,42
508.8,75586.0,31894.0,43692.0,28126.0,24752.6,14106.9,13239.5,0.0,121911.8,0.0,26116.3,137163.1,568029.4,705192.5,457334.3,1031900.8,150037.8,42
509.8,75586.0,31894.0,43692.0,27910.0,24536.6,13890.9,13023.5,0.0,121911.8,0.0,26116.3,137163.3,568037.5,705200.8,457326.2,1031900.8,149821.8,42
510.8,75586.0,31894.0,43692.0,27686.0,24312.6,13666.9,12799.5,0.0,121911.8,0.0,26116.3,137163.3,568020.0,705183.3,457343.8,1031900.8,149597.8,42
511.8,75586.0,31894.0,43692.0,27460.0,24086.6,13440.9,12573.5,0.0,121911.8,0.0,26116.3,137162.4,568023.4,705185.8,457340.3,1031900.8,149371.8,42
512.8,75586.0,31894.0,43692.0,27250.0,23876.6,13230.9,12363.5,0.0,121911.8,0.0,26116.3,137162.5,568025.6,705188.0,457338.1,1031900.8,149161.8,42
513.8,75586.0,31894.0,43692.0,27026.0,23652.6,13006.9,12139.5,0.0,121912.3,0.0,26116.3,137163.0,568033.4,705196.5,457330.3,1031900.8,148938.4,42
514.8,75586.0,31894.0,43692.0,26592.0,23218.6,12572.9,11705.5,0.0,121912.3,0.0,26116.3,137163.5,568033.2,705196.7,457330.5,1031900.8,148504.4,42
515.8,75586.0,31894.0,43692.0,26378.0,23004.6,12358.9,11491.5,0.0,121912.3,0.0,26116.3,137163.5,568032.8,705196.3,457330.9,1031900.8,148290.4,42
516.8,75586.0,31894.0,43692.0,26172.0,22798.6,12152.9,11285.5,0.0,121912.3,0.0,26116.3,137163.3,568033.7,705197.0,457330.0,1031900.8,148084.4,42
517.8,75586.0,31894.0,43692.0,25972.0,22598.6,11952.9,11085.5,0.0,121912.3,0.0,26116.3,137163.3,568049.6,705212.9,457314.1,1031900.8,147884.4,42
518.8,75586.0,31894.0,43692.0,25762.0,22388.6,11742.9,10875.5,0.0,121912.3,0.0,26116.3,137163.5,568042.2,705205.7,457321.5,1031900.8,147674.4,42
519.8,75586.0,31894.0,43692.0,25564.0,22190.6,11544.9,10677.5,0.0,121912.3,0.0,26116.3,137163.8,568054.5,705218.3,457309.2,1031900.8,147476.4,42
520.8,75586.0,31894.0,43692.0,25146.0,21772.6,11126.9,10259.5,0.0,121912.3,0.0,26116.3,137164.7,568053.0,705217.7,457310.7,1031900.8,147058.4,42
521.8,75586.0,31894.0,43692.0,24954.0,21580.6,10934.9,10067.5,0.0,121912.3,0.0,26116.3,137164.3,568049.9,705214.2,457313.8,1031900.8,146866.4,42
522.8,75586.0,31894.0,43692.0,24766.0,21392.6,10746.9,9879.5,0.0,121912.3,0.0,26116.3,137164.2,568052.2,705216.4,457311.5,1031900.8,146678.4,42
523.8,75586.0,31894.0,43692.0,24576.0,21202.6,10556.9,9689.5,0.0,121912.3,0.0,26116.3,137164.4,568054.5,705218.9,457309.2,1031900.8,146488.4,42
524.8,75586.0,31894.0,43692.0,24384.0,21010.6,10364.9,9497.5,0.0,121912.3,0.0,26116.3,137164.4,568054.8,705219.2,457308.9,1031900.8,146296.4,42
525.8,75586.0,31894.0,43692.0,24196.0,20822.6,10176.9,9309.5,0.0,121912.3,0.0,26116.3,137164.4,568063.0,705227.4,457300.7,1031900.8,146108.4,42
526.8,75586.0,31894.0,43692.0,24002.0,20628.6,9982.9,9115.5,0.0,121912.3,0.0,26116.3,137164.4,568058.3,705222.7,457305.4,1031900.8,145914.4,42
527.8,75586.0,31894.0,43692.0,23660.0,20286.6,9640.9,8773.5,0.0,121912.4,0.0,26116.3,137164.4,568052.2,705216.6,457311.5,1031900.8,145572.4,42
528.8,75586.0,31894.0,43692.0,23500.0,20126.6,9480.9,8613.5,0.0,121912.4,0.0,26116.3,137164.4,568057.4,705221.8,457306.3,1031900.8,145412.4,42
529.8,75586.0,31894.0,43692.0,23342.0,19968.6,9322.9,8455.5,0.0,121912.4,0.0,26116.3,137164.4,568053.5,705217.9,457310.2,1031900.8,145254.4,42
530.8,75586.0,31894.0,43692.0,23172.0,19798.6,9152.9,8285.5,0.0,121912.4,0.0,26116.3,137164.1,568057.1,705221.2,457306.7,1031900.8,145084.4,42
531.8,75586.0,31894.0,43692.0,23219.5,19846.1,9200.4,8333.0,0.0,121912.4,0.0,26117.3,137164.0,568061.0,705225.1,457302.7,1031900.8,145131.9,42
532.8,75586.0,31894.0,43692.0,25789.5,22416.1,11770.4,10903.0,0.0,121912.4,0.0,26117.8,137168.5,568716.1,705884.5,456647.7,1031900.8,147701.9,42
533.8,75586.0,31894.0,43692.0,26807.5,23434.1,12788.4,11921.0,0.0,121912.4,0.0,26117.8,137169.8,568856.0,706025.8,456507.7,1031900.8,148719.9,42
534.8,75586.0,31894.0,43692.0,26623.5,23250.1,12604.4,11737.0,0.0,121912.4,0.0,26117.8,137169.8,568864.6,706034.4,456499.1,1031900.8,148535.9,42
535.8,75586.0,31894.0,43692.0,26443.5,23070.1,12424.4,11557.0,0.0,121912.4,0.0,26117.8,137169.8,568862.9,706032.7,456500.8,1031900.8,148355.9,42
536.8,75586.0,31894.0,43692.0,26275.5,22902.1,12256.4,11389.0,0.0,121912.4,0.0,26117.8,137169.8,568872.0,706041.8,456491.7,1031900.8,148187.9,42
537.8,75586.0,31894.0,43692.0,28088.3,24714.8,14069.1,13201.7,0.0,121912.4,0.0,26129.2,137173.8,569073.7,706247.5,456290.0,1031900.8,150000.6,42
538.8,75586.0,31894.0,43692.0,28638.2,25264.8,14619.1,13751.7,0.0,121912.4,0.0,26136.2,137178.2,569659.6,706837.7,455704.2,1031900.8,150550.6,42
539.8,75586.0,31894.0,43692.0,28444.2,25070.8,14425.1,13557.7,0.0,121912.4,0.0,26136.5,137177.5,569659.2,706836.7,455704.5,1031900.8,150356.6,42
540.8,75586.0,31894.0,43692.0,28897.9,25524.5,14878.7,14011.4,0.0,121912.4,0.0,26094.2,137175.7,569624.4,706800.0,455739.4,1031900.8,150810.2,42
541.8,75586.0,31894.0,43692.0,28707.9,25334.5,14688.7,13821.4,0.0,121912.4,0.0,26094.2,137175.7,569621.0,706796.7,455742.7,1031900.8,150620.2,42
542.8,75586.0,31894.0,43692.0,28515.9,25142.5,14496.7,13629.4,0.0,121912.4,0.0,26094.2,137175.7,569627.6,706803.3,455736.1,1031900.8,150428.2,42
543.8,75586.0,31894.0,43692.0,28319.9,24946.5,14300.7,13433.4,0.0,121912.4,0.0,26094.2,137175.7,569629.5,706805.2,455734.2,1031900.8,150232.2,42
544.8,75586.0,31894.0,43692.0,28121.9,24748.5,14102.7,13235.4,0.0,121912.4,0.0,26094.2,137175.7,569625.7,706801.4,455738.0,1031900.8,150034.2,42
545.8,75586.0,31894.0,43692.0,27939.9,24566.5,13920.7,13053.4,0.0,121912.4,0.0,26094.2,137175.7,569630.1,706805.8,455733.6,1031900.8,149852.2,42
546.8,75586.0,31894.0,43692.0,27565.9,24192.5,13546.7,12679.4,0.0,121912.4,0.0,26094.2,137175.6,569621.6,706797.3,455742.1,1031900.8,149478.2,42
547.8,75586.0,31894.0,43692.0,29433.9,26060.5,15414.7,14547.4,0.0,121912.4,0.0,26094.2,137176.1,569840.8,707016.9,455522.9,1031900.8,151346.2,42
548.8,75586.0,31894.0,43692.0,29837.9,26464.5,15818.7,14951.4,0.0,120940.1,0.0,26094.2,136208.6,570372.0,706580.6,454999.7,1031900.8,150778.0,42
549.8,75586.0,31894.0,43692.0,29627.9,26254.5,15608.7,14741.4,0.0,120940.1,0.0,26094.2,136208.6,570391.1,706599.8,454980.6,1031900.8,150568.0,42
550.8,75586.0,31894.0,43692.0,29421.9,26048.5,15402.7,14535.4,0.0,120940.1,0.0,26094.2,136208.6,570384.5,706593.1,454987.2,1031900.8,150362.0,42
551.8,75586.0,31894.0,43692.0,29229.9,25856.5,15210.7,14343.4,0.0,120940.1,0.0,26094.2,136208.6,570394.5,706603.1,454977.2,1031900.8,150170.0,42
552.8,75586.0,31894.0,43692.0,29043.9,25670.5,15024.7,14157.4,0.0,120940.1,0.0,26094.2,136208.6,570397.0,706605.6,454974.7,1031900.8,149984.0,42
553.8,75586.0,31894.0,43692.0,29923.9,26550.5,15904.7,15037.4,0.0,120940.1,0.0,26094.2,136208.5,570384.8,706593.3,454986.9,1031900.8,150864.0,42
554.8,75586.0,31894.0,43692.0,30419.9,27046.5,16400.7,15533.4,0.0,120125.1,0.0,26094.2,135399.3,571178.8,706578.1,454192.9,1031900.8,150545.0,42
555.8,75586.0,31894.0,43692.0,30193.9,26820.5,16174.7,15307.4,0.0,120121.4,0.0,26094.2,135395.6,571185.2,706580.8,454186.5,1031900.8,150315.3,42
556.8,75586.0,31894.0,43692.0,30089.9,26716.5,16070.7,15203.4,0.0,120122.9,0.0,26094.2,135397.2,571179.6,706576.7,454192.1,1031900.8,150212.8,42
557.8,75586.0,31894.0,43692.0,30089.9,26716.5,16070.7,15203.4,0.0,120122.9,0.0,26094.2,135397.2,571192.7,706589.9,454179.0,1031900.8,150212.8,42
558.8,75586.0,31894.0,43692.0,30090.0,26716.5,16070.8,15203.4,0.0,120122.9,0.0,26094.2,135397.2,571207.1,706604.3,454164.6,1031900.8,150212.9,42
559.8,75586.0,31894.0,43692.0,30092.0,26718.5,16072.8,15205.4,0.0,120122.9,0.0,26094.2,135397.7,571196.7,706594.4,454175.1,1031900.8,150214.9,42
560.8,75586.0,31894.0,43692.0,30086.0,26712.5,16066.8,15199.4,0.0,120122.9,0.0,26094.2,135398.1,571187.8,706586.0,454183.9,1031900.8,150208.9,42
561.8,75586.0,31894.0,43692.0,30994.0,27620.6,16974.9,16107.5,0.0,120122.9,0.0,26123.6,135400.3,571236.4,706636.6,454135.3,1031900.8,151116.9,42
562.8,75586.0,31894.0,43692.0,31840.0,28466.6,17820.9,16953.5,0.0,120122.9,0.0,26124.3,135403.2,572023.4,707426.6,453348.3,1031900.8,151962.9,42
563.8,75586.0,31894.0,43692.0,31820.0,28446.6,17800.9,16933.5,0.0,120122.9,0.0,26124.3,135403.5,572064.1,707467.6,453307.6,1031900.8,151942.9,42
564.8,75586.0,31894.0,43692.0,31820.0,28446.6,17800.9,16933.5,0.0,120122.9,0.0,26124.3,135403.5,572069.2,707472.7,453302.5,1031900.8,151942.9,42
565.8,75586.0,31894.0,43692.0,31830.0,28456.6,17810.9,16943.5,0.0,120122.9,0.0,26124.3,135403.5,572071.3,707474.8,453300.5,1031900.8,151952.9,42
566.8,75586.0,31894.0,43692.0,31828.0,28454.6,17808.9,16941.5,0.0,120122.9,0.0,26124.3,135403.5,572082.3,707485.8,453289.5,1031900.8,151950.9,42
567.8,75586.0,31894.0,43692.0,31818.0,28444.6,17798.9,16931.5,0.0,120122.9,0.0,26124.3,135404.3,572081.8,707486.1,453289.9,1031900.8,151940.9,42
568.8,75586.0,31894.0,43692.0,31816.0,28442.6,17796.9,16929.5,0.0,120118.9,0.0,26124.3,135400.3,571992.4,707392.7,453379.3,1031900.8,151934.9,42
569.8,75586.0,31894.0,43692.0,32654.9,29281.5,18635.8,17768.4,0.0,120118.9,0.0,26115.3,135400.6,572001.4,707402.0,453370.3,1031900.8,152773.9,42
570.8,75586.0,31894.0,43692.0,33374.9,30001.5,19355.8,18488.4,0.0,120118.9,0.0,26115.3,135406.3,572808.4,708214.7,452563.3,1031900.8,153493.9,42
571.8,75586.0,31894.0,43692.0,33370.9,29997.5,19351.8,18484.4,0.0,120118.9,0.0,26115.3,135406.3,572824.5,708230.8,452547.2,1031900.8,153489.9,42
572.8,75586.0,31894.0,43692.0,33336.9,29963.5,19317.8,18450.4,0.0,120118.9,0.0,26115.3,135406.3,572828.5,708234.8,452543.2,1031900.8,153455.9,42
573.8,75586.0,31894.0,43692.0,33102.9,29729.5,19083.8,18216.4,0.0,120118.9,0.0,26115.3,135406.3,572827.8,708234.0,452544.0,1031900.8,153221.9,42
574.8,75586.0,31894.0,43692.0,32868.9,29495.5,18849.8,17982.4,0.0,120118.9,0.0,26115.3,135406.3,572843.0,708249.3,452528.7,1031900.8,152987.9,42
575.8,75586.0,31894.0,43692.0,33524.9,30151.5,19505.8,18638.4,0.0,120118.9,0.0,26115.4,135407.5,573147.9,708555.4,452223.8,1031900.8,153643.9,42
576.8,75586.0,31894.0,43692.0,33736.9,30363.5,19717.8,18850.4,0.0,120118.9,0.0,26115.4,135411.4,573630.4,709041.7,451741.3,1031900.8,153855.9,42
577.8,75586.0,31894.0,43692.0,33490.9,30117.5,19471.8,18604.4,0.0,120118.9,0.0,26115.4,135411.1,573631.3,709042.5,451740.4,1031900.8,153609.9,42
578.8,75586.0,31894.0,43692.0,32998.9,29625.5,18979.8,18112.4,0.0,120115.0,0.0,26115.4,135407.2,573587.9,708995.1,451783.8,1031900.8,153113.9,42
579.8,75586.0,31894.0,43692.0,32752.9,29379.5,18733.8,17866.4,0.0,120114.9,0.0,26115.4,135407.2,573593.2,709000.3,451778.6,1031900.8,152867.9,42
580.8,75586.0,31894.0,43692.0,32506.9,29133.5,18487.8,17620.4,0.0,120114.9,0.0,26115.4,135407.2,573600.6,709007.7,451771.1,1031900.8,152621.9,42
581.8,75586.0,31894.0,43692.0,32260.9,28887.5,18241.8,17374.4,0.0,120114.9,0.0,26115.4,135407.2,573600.4,709007.6,451771.3,1031900.8,152375.9,42
582.8,75586.0,31894.0,43692.0,32006.9,28633.5,17987.8,17120.4,0.0,120114.9,0.0,26115.4,135408.0,573618.6,709026.6,451753.1,1031900.8,152121.9,42
583.8,75586.0,31894.0,43692.0,31758.9,28385.5,17739.8,16872.4,0.0,120114.9,0.0,26115.4,135407.4,573622.4,709029.7,451749.4,1031900.8,151873.9,42
584.8,75586.0,31894.0,43692.0,31514.9,28141.5,17495.8,16628.4,0.0,120114.9,0.0,26115.4,135406.8,573632.0,709038.8,451739.7,1031900.8,151629.9,42
585.8,75586.0,31894.0,43692.0,31718.9,28345.5,17699.8,16832.4,0.0,120119.0,0.0,26117.4,135410.8,573648.5,709059.4,451723.2,1031900.8,151837.9,42
586.8,75586.0,31894.0,43692.0,31714.9,28341.5,17695.8,16828.4,0.0,120119.0,0.0,26117.4,135411.5,573741.1,709152.6,451630.6,1031900.8,151833.9,42
587.8,75586.0,31894.0,43692.0,31566.9,28193.5,17547.8,16680.4,0.0,120119.0,0.0,26117.4,135411.5,573741.8,709153.4,451629.9,1031900.8,151685.9,42
588.8,75586.0,31894.0,43692.0,31324.9,27951.5,17305.8,16438.4,0.0,120119.0,0.0,26117.4,135412.1,573742.6,709154.7,451629.1,1031900.8,151443.9,42
589.8,75586.0,31894.0,43692.0,31084.9,27711.5,17065.8,16198.4,0.0,120115.2,0.0,26117.4,135408.4,573678.1,709086.5,451693.6,1031900.8,151200.2,42
590.8,75586.0,31894.0,43692.0,30838.9,27465.5,16819.8,15952.4,0.0,120115.2,0.0,26117.4,135408.1,573684.3,709092.3,451687.5,1031900.8,150954.2,42
591.8,75586.0,31894.0,43692.0,30594.9,27221.5,16575.8,15708.4,0.0,120115.2,0.0,26117.4,135408.0,573686.4,709094.4,451685.3,1031900.8,150710.2,42
592.8,75586.0,31894.0,43692.0,30096.9,26723.5,16077.8,15210.4,0.0,120115.2,0.0,26117.4,135408.1,573709.5,709117.6,451662.2,1031900.8,150212.2,42
593.8,75586.0,31894.0,43692.0,29854.9,26481.5,15835.8,14968.4,0.0,120115.2,0.0,26117.4,135408.0,573719.7,709127.7,451652.0,1031900.8,149970.2,42
594.8,75586.0,31894.0,43692.0,29606.9,26233.5,15587.8,14720.4,0.0,120115.3,0.0,26117.4,135408.7,573738.5,709147.2,451633.2,1031900.8,149722.2,42
595.8,75586.0,31894.0,43692.0,29362.9,25989.5,15343.8,14476.4,0.0,120115.3,0.0,26117.4,135408.8,573753.8,709162.6,451617.9,1031900.8,149478.2,42
596.8,75586.0,31894.0,43692.0,29118.9,25745.5,15099.8,14232.4,0.0,120115.3,0.0,26117.4,135408.8,573740.3,709149.1,451631.4,1031900.8,149234.2,42
597.8,75586.0,31894.0,43692.0,28873.0,25499.5,14853.8,13986.4,0.0,120115.3,0.0,26117.4,135408.8,573750.6,709159.4,451621.1,1031900.8,148988.2,42
598.8,75586.0,31894.0,43692.0,28658.6,25285.2,14639.4,13772.0,0.0,120115.3,0.0,26155.1,135411.7,573803.0,709214.7,451568.7,1031900.8,148773.8,42
599.8,75586.0,31894.0,43692.0,28156.6,24783.2,14137.4,13270.0,0.0,120107.3,0.0,26155.1,135403.6,573709.1,709112.8,451662.6,1031900.8,148263.8,42
600.8,75586.0,31894.0,43692.0,27837.7,24464.2,13818.5,12951.1,0.0,120107.3,0.0,26088.2,135400.0,573644.6,709044.6,451727.1,1031900.8,147944.9,42
601.8,75586.0,31894.0,43692.0,27601.7,24228.2,13582.5,12715.1,0.0,120107.3,0.0,26088.2,135400.0,573647.9,709047.9,451723.8,1031900.8,147708.9,42
602.8,75586.0,31894.0,43692.0,27363.3,23989.9,13344.1,12476.8,0.0,120107.3,0.0,26089.8,135400.5,573655.2,709055.6,451716.6,1031900.8,147470.6,42
603.8,75586.0,31894.0,43692.0,27139.3,23765.9,13120.1,12252.8,0.0,120107.3,0.0,26089.8,135400.5,573657.3,709057.8,451714.4,1031900.8,147246.6,42
604.8,75586.0,31894.0,43692.0,26905.3,23531.9,12886.1,12018.8,0.0,120107.3,0.0,26089.8,135400.4,573665.1,709065.5,451706.6,1031900.8,147012.6,42
605.8,75586.0,31894.0,43692.0,26454.9,23081.5,12435.8,11568.4,0.0,120107.3,0.0,26095.2,135400.9,573672.8,709073.6,451698.9,1031900.8,146562.2,42
606.8,75586.0,31894.0,43692.0,26232.9,22859.5,12213.8,11346.4,0.0,120107.3,0.0,26095.4,135400.8,573672.0,709072.8,451699.8,1031900.8,146340.2,42
607.8,75586.0,31894.0,43692.0,26002.5,22629.1,11983.4,11116.0,0.0,120107.3,0.0,26133.0,135402.7,573716.6,709119.2,451651.2,1031900.8,146109.8,42
608.8,75586.0,31894.0,43692.0,25790.5,22417.1,11771.4,10904.0,0.0,120107.3,0.0,26133.0,135402.6,573726.0,709128.6,451641.7,1031900.8,145897.8,42
609.8,75586.0,31894.0,43692.0,25560.6,22187.1,11541.4,10674.0,0.0,120107.3,0.0,26109.1,135401.7,573704.0,709105.8,451663.7,1031900.8,145667.8,42
610.8,75586.0,31894.0,43692.0,25342.6,21969.1,11323.4,10456.0,0.0,120107.3,0.0,26109.1,135401.7,573706.3,709108.0,451661.4,1031900.8,145449.8,42
611.8,75586.0,31894.0,43692.0,25121.4,21748.0,11102.3,10234.9,0.0,120107.3,0.0,26113.9,135401.4,573701.0,709102.4,451666.7,1031900.8,145228.7,42
612.8,75586.0,31894.0,43692.0,24671.4,21298.0,10652.3,9784.9,0.0,120107.3,0.0,26113.9,135401.3,573721.5,709122.8,451642.3,1031900.8,144778.7,42
613.8,75586.0,31894.0,43692.0,24441.4,21068.0,10422.3,9554.9,0.0,120107.3,0.0,26113.9,135401.3,573722.5,709123.8,451641.2,1031900.8,144548.7,42
614.8,75586.0,31894.0,43692.0,24223.4,20850.0,10204.3,9336.9,0.0,120107.3,0.0,26113.9,135401.3,573725.4,709126.7,451638.3,1031900.8,144330.7,42
615.8,75586.0,31894.0,43692.0,23993.4,20620.0,9974.3,9106.9,0.0,120107.3,0.0,26113.9,135400.9,573733.4,709134.3,451630.4,1031900.8,144100.7,42
616.8,75586.0,31894.0,43692.0,23761.4,20388.0,9742.3,8874.9,0.0,120107.3,0.0,26113.9,135400.9,573740.5,709141.4,451623.2,1031900.8,143868.7,42
617.8,75586.0,31894.0,43692.0,23531.4,20158.0,9512.3,8644.9,0.0,120107.3,0.0,26113.9,135400.1,573744.2,709144.3,451619.5,1031900.8,143638.7,42
618.8,75586.0,31894.0,43692.0,23309.4,19936.0,9290.3,8422.9,0.0,120107.3,0.0,26114.0,135400.1,573744.9,709145.1,451618.8,1031900.8,143416.7,42
619.8,75586.0,31894.0,43692.0,22877.4,19504.0,8858.3,7990.9,0.0,120107.3,0.0,26114.0,135400.6,573727.8,709128.4,451635.9,1031900.8,142984.7,42
620.8,75586.0,31894.0,43692.0,22781.4,19408.0,8762.3,7894.9,0.0,120107.3,0.0,26114.0,135400.3,573730.4,709130.8,451633.8,1031900.8,142888.7,42
621.8,75586.0,31894.0,43692.0,22563.5,19190.1,8544.3,7676.9,0.0,120107.3,0.0,26115.2,135400.1,573740.8,709140.9,451622.9,1031900.8,142670.8,42
622.8,75586.0,31894.0,43692.0,22349.5,18976.1,8330.4,7463.0,0.0,120107.3,0.0,26114.6,135400.1,573748.4,709148.5,451615.4,1031900.8,142456.8,42
623.8,75586.0,31894.0,43692.0,22137.5,18764.1,8118.4,7251.0,0.0,120107.3,0.0,26114.6,135400.1,573743.8,709143.9,451619.9,1031900.8,142244.8,42
624.8,75586.0,31894.0,43692.0,21933.6,18560.1,7914.4,7047.0,0.0,120107.3,0.0,26114.6,135400.1,573742.8,709143.0,451620.9,1031900.8,142040.9,42
625.8,75586.0,31894.0,43692.0,21561.6,18188.1,7542.4,6675.0,0.0,120107.3,0.0,26114.7,135400.1,573761.1,709161.2,451602.6,1031900.8,141668.9,42
626.8,75586.0,31894.0,43692.0,21489.6,18116.2,7470.4,6603.0,0.0,120107.3,0.0,26114.7,135400.0,573741.0,709141.0,451622.8,1031900.8,141596.9,42
627.8,75586.0,31894.0,43692.0,21489.6,18116.2,7470.4,6603.0,0.0,120107.3,0.0,26114.7,135400.3,573734.5,709134.8,451629.3,1031900.8,141596.9,42
628.8,75586.0,31894.0,43692.0,21485.6,18112.2,7466.4,6599.0,0.0,120107.3,0.0,26114.7,135400.3,573742.5,709142.8,451621.3,1031900.8,141592.9,42
629.8,75586.0,31894.0,43692.0,25201.6,21828.2,11182.4,10315.0,0.0,120107.3,0.0,26114.7,135400.8,573735.8,709136.6,451627.9,1031900.8,145308.9,42
630.8,75586.0,31894.0,43692.0,25205.6,21832.2,11186.4,10319.1,0.0,120107.3,0.0,26114.7,135400.8,573736.3,709137.1,451627.4,1031900.8,145312.9,42
631.8,75586.0,31894.0,43692.0,25203.6,21830.2,11184.4,10317.1,0.0,120107.3,0.0,26114.7,135400.8,573736.2,709137.0,451627.5,1031900.8,145310.9,42
632.8,75586.0,31894.0,43692.0,25163.6,21790.2,11144.4,10277.1,0.0,120107.3,0.0,26114.7,135400.8,573744.9,709145.7,451618.8,1031900.8,145270.9,42
633.8,75586.0,31894.0,43692.0,25161.6,21788.2,11142.4,10275.1,0.0,120107.3,0.0,26114.7,135400.8,573737.0,709137.8,451626.7,1031900.8,145268.9,42
634.8,75586.0,31894.0,43692.0,25187.6,21814.2,11168.4,10301.1,0.0,120107.3,0.0,26114.7,135400.8,573742.2,709143.0,451621.5,1031900.8,145294.9,42
635.8,75586.0,31894.0,43692.0,25189.6,21816.2,11170.4,10303.1,0.0,120107.3,0.0,26114.7,135400.8,573753.3,709154.1,451610.4,1031900.8,145296.9,42
636.8,75586.0,31894.0,43692.0,25182.2,21808.8,11163.0,10295.6,0.0,120107.3,0.0,26119.3,135401.0,573749.6,709150.6,451614.1,1031900.8,145289.5,42
637.8,75586.0,31894.0,43692.0,25180.2,21806.8,11161.0,10293.6,0.0,120107.3,0.0,26119.3,135401.3,573755.6,709156.9,451608.1,1031900.8,145287.5,42
638.8,75586.0,31894.0,43692.0,26274.2,22900.8,12255.0,11387.6,0.0,120107.3,0.0,26121.3,135401.6,573760.6,709162.2,451603.2,1031900.8,146381.5,42
639.8,75586.0,31894.0,43692.0,27272.2,23898.8,13253.0,12385.6,0.0,120107.3,0.0,26121.3,135401.5,573757.9,709159.4,451605.8,1031900.8,147379.5,42
640.8,75586.0,31894.0,43692.0,27268.2,23894.8,13249.0,12381.7,0.0,120107.3,0.0,26121.3,135401.5,573767.3,709168.8,451596.4,1031900.8,147375.5,42
641.8,75586.0,31894.0,43692.0,27248.2,23874.8,13229.0,12361.7,0.0,120107.3,0.0,26121.3,135401.5,573767.3,709168.8,451596.4,1031900.8,147355.5,42
642.8,75586.0,31894.0,43692.0,27086.2,23712.8,13067.0,12199.7,0.0,120107.3,0.0,26121.3,135401.5,573758.4,709159.9,451605.3,1031900.8,147193.5,42
643.8,75586.0,31894.0,43692.0,26912.2,23538.8,12893.0,12025.7,0.0,120107.3,0.0,26121.3,135401.5,573764.4,709165.9,451599.3,1031900.8,147019.5,42
644.8,75586.0,31894.0,43692.0,26740.2,23366.8,12721.0,11853.7,0.0,120107.3,0.0,26121.3,135401.5,573759.5,709161.1,451604.2,1031900.8,146847.5,42
645.8,75586.0,31894.0,43692.0,26458.2,23084.8,12439.0,11571.7,0.0,120107.3,0.0,26121.3,135401.5,573767.9,709169.4,451595.8,1031900.8,146565.5,42
646.8,75586.0,31894.0,43692.0,28044.0,24670.6,14024.8,13157.4,0.0,120107.3,0.0,26123.1,135401.5,573768.8,709170.3,451594.9,1031900.8,148151.3,42
647.8,75586.0,31894.0,43692.0,27884.0,24510.6,13864.8,12997.5,0.0,120107.3,0.0,26123.1,135401.5,573766.5,709168.0,451597.2,1031900.8,147991.3,42
648.8,75586.0,31894.0,43692.0,27710.0,24336.6,13690.8,12823.5,0.0,120107.3,0.0,26123.1,135401.5,573764.4,709165.9,451599.3,1031900.8,147817.3,42
649.8,75586.0,31894.0,43692.0,27554.0,24180.6,13534.8,12667.5,0.0,120107.3,0.0,26123.1,135401.5,573764.5,709166.0,451599.2,1031900.8,147661.3,42
650.8,75586.0,31894.0,43692.0,27406.0,24032.6,13386.8,12519.5,0.0,120107.3,0.0,26123.1,135401.5,573765.2,709166.7,451598.5,1031900.8,147513.3,42
651.8,75586.0,31894.0,43692.0,27090.0,23716.6,13070.8,12203.5,0.0,120107.3,0.0,26123.1,135401.5,573774.7,709176.2,451589.0,1031900.8,147197.3,42
652.8,75586.0,31894.0,43692.0,26932.0,23558.6,12912.8,12045.5,0.0,120107.3,0.0,26123.1,135401.5,573782.7,709184.2,451581.0,1031900.8,147039.3,42
653.8,75586.0,31894.0,43692.0,28262.0,24888.6,14242.9,13375.5,0.0,120107.3,0.0,26123.1,135400.0,573774.0,709174.0,451589.7,1031900.8,148369.3,42
654.8,75586.0,31894.0,43692.0,28102.0,24728.6,14082.9,13215.5,0.0,120107.3,0.0,26123.1,135400.0,573772.3,709172.3,451591.4,1031900.8,148209.3,42
655.8,75586.0,31894.0,43692.0,27950.0,24576.6,13930.9,13063.5,0.0,120107.3,0.0,26123.1,135400.0,573775.2,709175.2,451588.5,1031900.8,148057.3,42
656.8,75586.0,31894.0,43692.0,27794.0,24420.6,13774.9,12907.5,0.0,120107.3,0.0,26123.1,135400.0,573776.2,709176.2,451587.5,1031900.8,147901.3,42
657.8,75586.0,31894.0,43692.0,28958.0,25584.6,14938.9,14071.5,0.0,120107.3,0.0,26123.1,135400.0,573774.4,709174.4,451589.3,1031900.8,149065.4,42
658.8,75586.0,31894.0,43692.0,28645.0,25271.6,14625.9,13758.5,0.0,120107.3,0.0,26123.1,135403.5,573781.3,709184.8,451582.4,1031900.8,148752.4,42
659.8,75586.0,31894.0,43692.0,28430.7,25057.3,14411.6,13544.2,0.0,120107.3,0.0,26091.9,135400.9,573722.3,709123.2,451641.4,1031900.8,148538.1,42
660.8,75586.0,31894.0,43692.0,28262.7,24889.3,14243.6,13376.2,0.0,120107.3,0.0,26091.9,135400.4,573725.8,709126.2,451637.9,1031900.8,148370.1,42
661.8,75586.0,31894.0,43692.0,28282.8,24909.4,14263.7,13396.3,0.0,120107.3,0.0,26091.9,135400.2,573725.4,709125.6,451638.4,1031900.8,148390.2,42
662.8,75586.0,31894.0,43692.0,28102.8,24729.4,14083.7,13216.3,0.0,120107.3,0.0,26091.9,135399.9,573725.1,709125.0,451638.6,1031900.8,148210.2,42
663.8,75586.0,31894.0,43692.0,27932.8,24559.4,13913.7,13046.3,0.0,120107.3,0.0,26091.9,135399.9,573726.6,709126.4,451637.1,1031900.8,148040.2,42
664.8,75586.0,31894.0,43692.0,27758.8,24385.4,13739.7,12872.3,0.0,120107.3,0.0,26091.9,135399.9,573728.5,709128.4,451635.2,1031900.8,147866.2,42
665.8,75586.0,31894.0,43692.0,27420.8,24047.4,13401.7,12534.3,0.0,120107.3,0.0,26091.9,135399.9,573727.3,709127.1,451636.4,1031900.8,147528.2,42
666.8,75586.0,31894.0,43692.0,27254.8,23881.4,13235.7,12368.3,0.0,120107.3,0.0,26091.9,135399.9,573732.6,709132.5,451631.1,1031900.8,147362.2,42
667.8,75586.0,31894.0,43692.0,27084.9,23711.5,13065.7,12198.4,0.0,120107.3,0.0,26095.9,135400.3,573723.3,709123.6,451640.4,1031900.8,147192.2,42
668.8,75586.0,31894.0,43692.0,26914.9,23541.5,12895.7,12028.4,0.0,120107.3,0.0,26096.0,135400.6,573722.9,709123.5,451640.8,1031900.8,147022.2,42
669.8,75586.0,31894.0,43692.0,28510.9,25137.5,14491.7,13624.3,0.0,120107.3,0.0,26134.0,135403.0,573779.5,709182.5,451584.2,1031900.8,148618.2,42
670.8,75586.0,31894.0,43692.0,28319.1,24945.7,14300.0,13432.6,0.0,120107.3,0.0,26134.0,135402.5,573778.1,709180.6,451585.7,1031900.8,148426.5,42
671.8,75586.0,31894.0,43692.0,27949.1,24575.7,13930.0,13062.6,0.0,120107.3,0.0,26134.3,135402.5,573778.0,709180.5,451585.7,1031900.8,148056.5,42
672.8,75586.0,31894.0,43692.0,27761.1,24387.7,13742.0,12874.6,0.0,120107.3,0.0,26134.3,135402.5,573787.0,709189.5,451576.7,1031900.8,147868.5,42
673.8,75586.0,31894.0,43692.0,27577.1,24203.7,13558.0,12690.6,0.0,120103.4,0.0,26134.3,135398.5,573694.6,709093.2,451669.1,1031900.8,147680.5,42
674.8,75586.0,31894.0,43692.0,27391.1,24017.7,13372.0,12504.6,0.0,120103.4,0.0,26134.3,135398.5,573698.9,709097.5,451664.8,1031900.8,147494.5,42
675.8,75586.0,31894.0,43692.0,27156.4,23782.9,13137.2,12269.8,0.0,120103.4,0.0,26083.5,135397.5,573659.6,709057.1,451704.1,1031900.8,147259.7,42
676.8,75586.0,31894.0,43692.0,26991.2,23617.8,12972.0,12104.7,0.0,120103.4,0.0,26094.6,135397.6,573677.8,709075.4,451685.9,1031900.8,147094.6,42
677.8,75586.0,31894.0,43692.0,26823.4,23450.0,12804.2,11936.8,0.0,120103.4,0.0,26108.4,135397.6,573687.4,709085.0,451676.3,1031900.8,146926.7,42
678.8,75586.0,31894.0,43692.0,27142.8,23769.4,13123.6,12256.3,0.0,120103.4,0.0,26122.9,135397.6,573690.9,709088.5,451672.8,1031900.8,147246.1,42
679.8,75586.0,31894.0,43692.0,29250.8,25877.4,15231.6,14364.3,0.0,120103.4,0.0,26123.9,135397.6,573699.6,709097.1,451664.1,1031900.8,149354.1,42
680.8,75586.0,31894.0,43692.0,29038.8,25665.4,15019.6,14152.3,0.0,120103.4,0.0,26123.9,135397.5,573716.0,709113.5,451647.7,1031900.8,149142.1,42
681.8,75586.0,31894.0,43692.0,28818.8,25445.4,14799.6,13932.3,0.0,120103.4,0.0,26123.9,135397.5,573711.5,709109.1,451652.2,1031900.8,148922.1,42
682.8,75586.0,31894.0,43692.0,28718.8,25345.4,14699.6,13832.3,0.0,120103.4,0.0,26124.8,135397.7,573732.8,709130.4,451630.9,1031900.8,148822.1,42
683.8,75586.0,31894.0,43692.0,28500.8,25127.4,14481.6,13614.3,0.0,120103.4,0.0,26124.8,135397.7,573714.4,709112.1,451649.3,1031900.8,148604.2,42
684.8,75586.0,31894.0,43692.0,28060.8,24687.4,14041.6,13174.3,0.0,120103.4,0.0,26124.8,135397.7,573725.9,709123.5,451637.9,1031900.8,148164.2,42
685.8,75586.0,31894.0,43692.0,27844.8,24471.4,13825.6,12958.3,0.0,120103.4,0.0,26124.8,135397.7,573730.6,709128.2,451633.2,1031900.8,147948.2,42
686.8,75586.0,31894.0,43692.0,27630.8,24257.4,13611.6,12744.3,0.0,120103.4,0.0,26124.8,135397.7,573749.4,709147.1,451614.3,1031900.8,147734.2,42
687.8,75586.0,31894.0,43692.0,27418.8,24045.4,13399.6,12532.3,0.0,120103.4,0.0,26124.8,135396.7,573744.3,709140.9,451619.5,1031900.8,147522.2,42
688.8,75586.0,31894.0,43692.0,27216.8,23843.4,13197.6,12330.3,0.0,120103.4,0.0,26124.8,135396.0,573735.3,709131.3,451628.4,1031900.8,147320.2,42
689.8,75586.0,31894.0,43692.0,27010.8,23637.4,12991.6,12124.3,0.0,120103.4,0.0,26124.8,135396.5,573732.2,709128.7,451631.5,1031900.8,147114.2,42
690.8,75586.0,31894.0,43692.0,26808.8,23435.4,12789.6,11922.3,0.0,120103.4,0.0,26124.8,135397.5,573737.6,709135.1,451626.1,1031900.8,146912.2,42
691.8,75586.0,31894.0,43692.0,27054.8,23681.4,13035.6,12168.3,0.0,120103.4,0.0,26124.8,135395.9,573727.8,709123.7,451635.9,1031900.8,147158.2,42
692.8,75586.0,31894.0,43692.0,28068.8,24695.4,14049.6,13182.3,0.0,120103.4,0.0,26124.8,135396.0,573732.0,709127.9,451631.7,1031900.8,148172.2,42
693.8,75586.0,31894.0,43692.0,27878.8,24505.4,13859.6,12992.3,0.0,120103.4,0.0,26124.8,135395.9,573740.5,709136.4,451623.2,1031900.8,147982.2,42
694.8,75586.0,31894.0,43692.0,27664.8,24291.4,13645.6,12778.3,0.0,120103.4,0.0,26124.8,135395.9,573739.9,709135.8,451623.8,1031900.8,147768.2,42
695.8,75586.0,31894.0,43692.0,27576.8,24203.4,13557.6,12690.3,0.0,120103.4,0.0,26124.8,135395.8,573740.8,709136.6,451622.9,1031900.8,147680.2,42
696.8,75586.0,31894.0,43692.0,27582.8,24209.4,13563.6,12696.3,0.0,120103.4,0.0,26124.8,135396.6,573744.4,709141.0,451619.3,1031900.8,147686.2,42
697.8,75586.0,31894.0,43692.0,27574.8,24201.4,13555.6,12688.3,0.0,120103.4,0.0,26124.8,135396.6,573744.3,709140.9,451619.4,1031900.8,147678.2,42
698.8,75586.0,31894.0,43692.0,27708.8,24335.4,13689.6,12822.3,0.0,120103.4,0.0,26124.8,135396.3,573741.5,709137.8,451622.2,1031900.8,147812.2,42
699.8,75586.0,31894.0,43692.0,27712.8,24339.4,13693.6,12826.3,0.0,120103.4,0.0,26124.8,135397.5,573745.4,709142.9,451618.3,1031900.8,147816.2,42
700.8,75586.0,31894.0,43692.0,27704.8,24331.4,13685.6,12818.3,0.0,120103.4,0.0,26124.8,135397.4,573743.8,709141.2,451619.9,1031900.8,147808.2,42
701.8,75586.0,31894.0,43692.0,27720.8,24347.4,13701.6,12834.3,0.0,120103.4,0.0,26124.8,135396.9,573756.6,709153.6,451607.1,1031900.8,147824.2,42
702.8,75586.0,31894.0,43692.0,27698.8,24325.4,13679.6,12812.3,0.0,120103.4,0.0,26124.8,135397.3,573752.7,709150.0,451611.0,1031900.8,147802.2,42
703.8,75586.0,31894.0,43692.0,27751.0,24377.5,13731.8,12864.4,0.0,120103.4,0.0,26138.1,135400.4,573780.8,709181.2,451582.9,1031900.8,147854.3,42
704.8,75586.0,31894.0,43692.0,27750.6,24377.2,13731.4,12864.1,0.0,120103.4,0.0,26168.6,135399.1,573790.0,709189.2,451573.7,1031900.8,147854.0,42
705.8,75586.0,31894.0,43692.0,27766.6,24393.2,13747.4,12880.1,0.0,120103.4,0.0,26168.6,135399.1,573790.9,709190.1,451572.8,1031900.8,147870.0,42
706.8,75586.0,31894.0,43692.0,27705.5,24332.1,13686.3,12818.9,0.0,120103.4,0.0,26101.5,135396.4,573711.1,709107.6,451652.6,1031900.8,147808.9,42
707.8,75586.0,31894.0,43692.0,27689.5,24316.1,13670.3,12802.9,0.0,120103.4,0.0,26101.5,135396.4,573711.0,709107.5,451652.7,1031900.8,147792.9,42
708.8,75586.0,31894.0,43692.0,27701.5,24328.1,13682.3,12814.9,0.0,120103.4,0.0,26101.5,135396.4,573705.6,709102.0,451658.1,1031900.8,147804.9,42
709.8,75586.0,31894.0,43692.0,27713.5,24340.1,13694.3,12826.9,0.0,120103.4,0.0,26101.5,135396.4,573705.2,709101.6,451658.5,1031900.8,147816.9,42
710.8,75586.0,31894.0,43692.0,27713.5,24340.1,13694.3,12826.9,0.0,120103.4,0.0,26101.5,135395.9,573703.8,709099.7,451659.9,1031900.8,147816.9,42
711.8,75586.0,31894.0,43692.0,27671.5,24298.1,13652.3,12784.9,0.0,120103.4,0.0,26101.5,135396.4,573706.5,709102.8,451657.3,1031900.8,147774.9,42
712.8,75586.0,31894.0,43692.0,27675.5,24302.1,13656.3,12788.9,0.0,120103.4,0.0,26101.5,135396.6,573705.2,709101.8,451658.5,1031900.8,147778.9,42
713.8,75586.0,31894.0,43692.0,27481.0,24107.6,13461.8,12594.5,0.0,120103.4,0.0,26105.0,135397.3,573713.8,709111.1,451649.9,1031900.8,147584.4,42
714.8,75586.0,31894.0,43692.0,27299.0,23925.6,13279.8,12412.5,0.0,120103.4,0.0,26105.0,135397.3,573710.6,709107.9,451653.1,1031900.8,147402.4,42
715.8,75586.0,31894.0,43692.0,27138.3,23764.9,13119.1,12251.7,0.0,120103.4,0.0,26142.3,135398.8,573770.5,709169.3,451593.2,1031900.8,147241.7,42
716.8,75586.0,31894.0,43692.0,26946.3,23572.9,12927.1,12059.7,0.0,120103.4,0.0,26142.4,135398.8,573772.8,709171.5,451591.0,1031900.8,147049.7,42
717.8,75586.0,31894.0,43692.0,26746.3,23372.9,12727.1,11859.7,0.0,120103.4,0.0,26142.4,135397.7,573786.5,709184.3,451577.2,1031900.8,146849.7,42
718.8,75586.0,31894.0,43692.0,26368.3,22994.9,12349.1,11481.7,0.0,120103.4,0.0,26142.8,135397.5,573779.0,709176.5,451584.7,1031900.8,146471.7,42
719.8,75586.0,31894.0,43692.0,26186.3,22812.9,12167.1,11299.7,0.0,120103.4,0.0,26142.8,135397.5,573778.8,709176.3,451584.9,1031900.8,146289.7,42
720.8,75586.0,31894.0,43692.0,25991.2,22617.8,11972.0,11104.7,0.0,120103.4,0.0,26123.7,135398.4,573751.9,709150.3,451611.8,1031900.8,146094.6,42
721.8,75586.0,31894.0,43692.0,25805.2,22431.8,11786.0,10918.7,0.0,120103.4,0.0,26123.7,135398.4,573756.0,709154.3,451607.8,1031900.8,145908.6,42
722.8,75586.0,31894.0,43692.0,25617.2,22243.8,11598.0,10730.7,0.0,120103.4,0.0,26123.7,135398.0,573746.8,709144.9,451616.9,1031900.8,145720.6,42
723.8,75586.0,31894.0,43692.0,25445.2,22071.8,11426.0,10558.7,0.0,120103.4,0.0,26123.7,135397.5,573746.5,709144.0,451617.2,1031900.8,145548.6,42
724.8,75586.0,31894.0,43692.0,25273.2,21899.8,11254.1,10386.7,0.0,120103.4,0.0,26123.7,135396.8,573754.9,709151.7,451608.8,1031900.8,145376.6,42
725.8,75586.0,31894.0,43692.0,24955.2,21581.8,10936.1,10068.7,0.0,120103.4,0.0,26123.7,135396.8,573751.9,709148.7,451611.9,1031900.8,145058.6,42
726.8,75586.0,31894.0,43692.0,24759.2,21385.8,10740.1,9872.7,0.0,120103.4,0.0,26123.7,135396.4,573750.8,709147.2,451612.9,1031900.8,144862.6,42
727.8,75586.0,31894.0,43692.0,24621.2,21247.8,10602.1,9734.7,0.0,120103.4,0.0,26123.7,135396.7,573748.0,709144.7,451615.8,1031900.8,144724.6,42
728.8,75586.0,31894.0,43692.0,24569.2,21195.8,10550.1,9682.7,0.0,120103.4,0.0,26123.7,135396.8,573747.1,709143.9,451616.6,1031900.8,144672.6,42
729.8,75586.0,31894.0,43692.0,24429.2,21055.8,10410.1,9542.7,0.0,120103.4,0.0,26123.7,135396.5,573746.2,709142.7,451617.5,1031900.8,144532.6,42
730.8,75586.0,31894.0,43692.0,24291.2,20917.8,10272.1,9404.7,0.0,120103.4,0.0,26123.7,135396.5,573745.6,709142.2,451618.1,1031900.8,144394.6,42
731.8,75586.0,31894.0,43692.0,24011.2,20637.8,9992.1,9124.7,0.0,120103.4,0.0,26123.7,135397.1,573747.0,709144.1,451616.7,1031900.8,144114.6,42
732.8,75586.0,31894.0,43692.0,23871.2,20497.8,9852.1,8984.7,0.0,120103.4,0.0,26123.7,135396.7,573748.4,709145.1,451615.3,1031900.8,143974.6,42
733.8,75586.0,31894.0,43692.0,23719.2,20345.8,9700.1,8832.7,0.0,120103.4,0.0,26123.7,135397.5,573748.2,709145.7,451615.5,1031900.8,143822.6,42
734.8,75586.0,31894.0,43692.0,23604.0,20230.6,9584.8,8717.5,0.0,120103.4,0.0,26126.5,135397.3,573751.7,709149.0,451612.0,1031900.8,143707.4,42
735.8,75586.0,31894.0,43692.0,23460.0,20086.6,9440.8,8573.5,0.0,120103.4,0.0,26126.5,135397.9,573762.7,709160.6,451601.0,1031900.8,143563.4,42
736.8,75586.0,31894.0,43692.0,23328.0,19954.5,9308.8,8441.4,0.0,120099.4,0.0,26130.4,135394.2,573683.7,709077.9,451676.0,1031900.8,143427.4,42
737.8,75586.0,31894.0,43692.0,23194.0,19820.5,9174.8,8307.4,0.0,120099.4,0.0,26130.4,135394.2,573688.1,709082.3,451671.6,1031900.8,143293.4,42
738.8,75586.0,31894.0,43692.0,22916.0,19542.5,8896.8,8029.4,0.0,120099.4,0.0,26130.4,135394.2,573701.9,709096.2,451657.8,1031900.8,143015.4,42
