elapsed_s,gpu0_gb,gpu2_gb,gpu_total_gb,host_gb,total_gb,host_frac,host_peak_gb,host_blocks,host_flushes,host_evicted,serving_gb,park_local_gb,park_peer_gb,dropped_gb,host_evicted_gb,peer_frac_of_parked,fetch_hits,fetch_local_hits,fetch_peer_hits,fetch_host_hits,fetch_miss,fetch_already,fetch_nospace,fetched_tokens,parked_tokens,writers,stale
0.0,0.0,0.0014,0.0014,0.0,0.0014,0.0,0.0,0,0,0,0.006,0.0014,0.0,0.0,0.0,0.0,0,0,0,0,5,0,0,0,0,2,0
1.0,0.0,0.0014,0.0014,0.0,0.0014,0.0,0.0,0,0,0,0.006,0.0014,0.0,0.0,0.0,0.0,0,0,0,0,5,0,0,0,0,2,0
2.0,0.0,0.0014,0.0014,0.0,0.0014,0.0,0.0,0,0,0,0.006,0.0014,0.0,0.0,0.0,0.0,0,0,0,0,5,0,0,0,0,2,0
3.0,0.0,0.0014,0.0014,0.0,0.0014,0.0,0.0,0,0,0,0.3029,0.0014,0.0,0.0,0.0,0.0,0,0,0,0,32,0,0,0,0,2,0
4.0,0.0093,0.0014,0.0107,0.0,0.0107,0.0,0.0,0,0,0,0.2489,0.0107,0.0,0.0,0.0,0.0,0,0,0,0,37,0,0,0,0,2,0
5.0,0.0417,0.0014,0.0431,0.0,0.0431,0.0,0.0,0,0,0,0.2489,0.0431,0.0,0.0,0.0,0.0,0,0,0,0,37,0,0,0,0,2,0
6.0,0.0578,0.0014,0.0592,0.0,0.0592,0.0,0.0,0,0,0,0.2489,0.0592,0.0,0.0,0.0,0.0,0,0,0,0,37,0,0,0,0,2,0
7.0,0.1007,0.0014,0.1021,0.0,0.1021,0.0,0.0,0,0,0,0.2945,0.1021,0.0,0.0,0.0,0.0,1,1,0,0,37,0,0,13,0,2,0
8.0,0.1007,0.0014,0.1021,0.0,0.1021,0.0,0.0,0,0,0,0.3224,0.1021,0.0,0.0,0.0,0.0,4,3,1,0,37,0,0,138,0,2,0
9.0,0.142,0.0218,0.1637,0.0,0.1637,0.0,0.0,0,0,0,0.3717,0.1637,0.0,0.0,0.0,0.0,6,3,3,0,37,0,0,325,0,2,0
10.0,0.2683,0.0218,0.2901,0.0,0.2901,0.0,0.0,0,0,0,0.397,0.2901,0.0,0.0,0.0,0.0,7,4,3,0,37,0,0,479,0,2,0
11.0,0.2683,0.0218,0.2901,0.0,0.2901,0.0,0.0,0,0,0,0.397,0.2901,0.0,0.0,0.0,0.0,7,4,3,0,37,0,0,479,0,2,0
12.0,0.2683,0.1138,0.3821,0.0,0.3821,0.0,0.0,0,0,0,0.4209,0.3821,0.0,0.0,0.0,0.0,9,6,3,0,37,0,0,619,0,2,0
13.0,0.3894,0.1674,0.5568,0.0,0.5568,0.0,0.0,0,0,0,0.5416,0.5568,0.0,0.0,0.0,0.0,13,7,6,0,37,0,0,1381,0,2,0
14.0,0.6273,0.194,0.8213,0.0,0.8213,0.0,0.0,0,0,0,0.647,0.8213,0.0,0.0,0.0,0.0,15,7,8,0,38,0,0,2011,0,2,0
15.0,0.6273,0.2945,0.9218,0.0,0.9218,0.0,0.0,0,0,0,0.647,0.9218,0.0,0.0,0.0,0.0,15,7,8,0,38,0,0,2011,0,2,0
16.0,0.6273,0.5336,1.1609,0.0,1.1609,0.0,0.0,0,0,0,0.8083,1.1609,0.0,0.0,0.0,0.0,18,8,10,0,38,0,0,3070,0,2,0
17.0,0.8031,0.5336,1.3367,0.0,1.3367,0.0,0.0,0,0,0,1.0283,1.3367,0.0,0.0,0.0,0.0,22,9,13,0,38,0,0,4608,0,2,0
18.0,1.1017,0.6901,1.7918,0.0,1.7918,0.0,0.0,0,0,0,1.18,1.7918,0.0,0.0,0.0,0.0,25,11,14,0,38,0,0,5664,0,2,0
19.0,1.1017,0.6901,1.7918,0.0,1.7918,0.0,0.0,0,0,0,1.3419,1.7918,0.0,0.0,0.0,0.0,28,12,16,0,38,0,0,6829,0,2,0
20.0,1.3107,0.6901,2.0008,0.0,2.0008,0.0,0.0,0,0,0,1.5794,2.0008,0.0,0.0,0.0,0.0,31,14,17,0,38,0,0,8268,0,2,0
21.0,1.3107,0.6901,2.0008,0.0,2.0008,0.0,0.0,0,0,0,1.7495,2.0008,0.0,0.0,0.0,0.0,33,15,18,0,38,0,0,9410,0,2,0
22.0,1.3107,0.8317,2.1424,0.0,2.1424,0.0,0.0,0,0,0,1.945,2.1424,0.0,0.0,0.0,0.0,36,17,19,0,38,0,0,10806,0,2,0
23.0,1.3107,0.9125,2.2232,0.0,2.2232,0.0,0.0,0,0,0,2.0885,2.2232,0.0,0.0,0.0,0.0,39,17,22,0,38,0,0,11832,0,2,0
24.0,1.3107,0.9125,2.2232,0.0,2.2232,0.0,0.0,0,0,0,2.1232,2.2232,0.0,0.0,0.0,0.0,40,18,22,0,38,0,0,12034,0,2,0
25.0,1.3107,0.9653,2.2761,0.0,2.2761,0.0,0.0,0,0,0,2.2623,2.2761,0.0,0.0,0.0,0.0,41,18,23,0,38,0,0,12379,0,2,0
26.0,1.3107,1.0677,2.3784,0.0,2.3784,0.0,0.0,0,0,0,2.3155,2.3784,0.0,0.0,0.0,0.0,43,20,23,0,38,0,0,12715,0,2,0
27.0,1.3107,1.0677,2.3784,0.0,2.3784,0.0,0.0,0,0,0,2.5478,2.3784,0.0,0.0,0.0,0.0,47,21,26,0,39,0,0,14399,0,2,0
28.0,1.3107,1.0677,2.3784,0.0,2.3784,0.0,0.0,0,0,0,2.577,2.3784,0.0,0.0,0.0,0.0,48,22,26,0,39,0,0,14590,0,2,0
29.0,1.3107,1.0677,2.3784,0.0,2.3784,0.0,0.0,0,0,0,2.577,2.3784,0.0,0.0,0.0,0.0,48,22,26,0,39,0,0,14590,0,2,0
30.0,1.3107,1.0677,2.3784,0.0,2.3784,0.0,0.0,0,0,0,2.5833,2.3784,0.0,0.0,0.0,0.0,48,22,26,0,40,0,0,14590,0,2,0
31.0,1.3107,1.0677,2.3784,0.0,2.3784,0.0,0.0,0,0,0,2.6529,2.3784,0.0,0.0,0.0,0.0,48,22,26,0,40,1,0,14590,0,2,0
32.0,1.3107,1.0677,2.3784,0.0,2.3784,0.0,0.0,0,0,0,2.8418,2.3784,0.0,0.0,0.0,0.0,49,23,26,0,40,3,0,14889,0,2,0
33.0,1.3107,1.0677,2.3784,0.0,2.3784,0.0,0.0,0,0,0,3.0829,2.3784,0.0,0.0,0.0,0.0,49,23,26,0,43,3,0,14889,0,2,0
34.0,1.3107,1.2064,2.5171,0.0,2.5171,0.0,0.0,0,0,0,3.6857,2.5171,0.0,0.0,0.0,0.0,53,25,28,0,45,3,0,17995,0,2,0
35.0,1.3107,1.2064,2.5171,0.0,2.5171,0.0,0.0,0,0,0,4.1029,2.5171,0.0,0.0,0.0,0.0,56,27,29,0,45,3,0,20900,0,2,0
36.0,1.3107,1.3107,2.6214,0.0,2.6214,0.0,0.0,0,0,0,4.1029,2.6214,0.0,0.0,0.0,0.0,56,27,29,0,45,3,0,20900,0,2,0
37.0,1.3107,1.3107,2.6214,0.0,2.6214,0.0,0.0,0,0,0,4.3381,2.6214,0.0,0.0,0.0,0.0,59,28,31,0,46,3,0,22369,0,2,0
38.0,1.3107,1.3107,2.6214,0.0,2.6214,0.0,0.0,0,0,0,4.3922,2.6214,0.0,0.0,0.0,0.0,59,28,31,0,47,3,0,22369,0,2,0
39.0,1.3107,1.3107,2.6214,0.0,2.6214,0.0,0.0,0,0,0,4.5348,2.6214,0.0,0.0,0.0,0.0,60,28,32,0,47,3,0,23407,0,2,0
40.0,1.3107,1.3107,2.6214,0.0,2.6214,0.0,0.0,0,0,0,4.676,2.6214,0.0,0.0,0.0,0.0,63,30,33,0,47,3,0,24389,0,2,0
41.0,1.3107,1.3107,2.6214,0.0,2.6214,0.0,0.0,0,0,0,4.7544,2.6214,0.0,0.0,0.0,0.0,64,30,34,0,48,3,0,24958,0,2,0
42.0,1.3107,1.3107,2.6214,0.0,2.6214,0.0,0.0,0,0,0,5.0281,2.6214,0.0,0.0,0.0,0.0,66,31,35,0,48,3,0,26978,0,2,0
43.0,1.3107,1.3107,2.6214,0.0,2.6214,0.0,0.0,0,0,0,5.0333,2.6214,0.0,0.0,0.0,0.0,67,32,35,0,48,3,0,26979,0,2,0
44.0,1.3107,1.3107,2.6214,0.0,2.6214,0.0,0.0,0,0,0,5.1785,2.6214,0.0,0.0,0.0,0.0,69,33,36,0,48,3,0,28029,0,2,0
45.0,1.3107,1.3107,2.6214,0.0,2.6214,0.0,0.0,0,0,0,5.2292,2.6214,0.0,0.0,0.0,0.0,70,34,36,0,48,3,0,28403,0,2,0
46.0,1.3107,1.3107,2.6214,0.0,2.6214,0.0,0.0,0,0,0,5.3345,2.6214,0.0,0.0,0.0,0.0,71,34,37,0,48,3,0,29173,0,2,0
47.0,1.3107,1.3107,2.6214,0.0,2.6214,0.0,0.0,0,0,0,5.5654,2.6214,0.0,0.0,0.0,0.0,72,34,38,0,49,3,0,30036,0,2,0
48.0,1.3107,1.3107,2.6214,0.0,2.6214,0.0,0.0,0,0,0,5.7555,2.6214,0.0,0.0,0.0,0.0,73,35,38,0,49,3,0,31473,0,2,0
49.0,1.3107,1.3107,2.6214,0.0,2.6214,0.0,0.0,0,0,0,6.1545,2.6214,0.0,0.0,0.0,0.0,77,36,41,0,49,3,0,34113,0,2,0
50.0,1.3107,1.3107,2.6214,0.0,2.6214,0.0,0.0,0,0,0,6.2225,2.6214,0.0,0.0,0.0,0.0,78,37,41,0,49,3,0,34615,0,2,0
51.0,1.3107,1.3107,2.6214,0.0,2.6214,0.0,0.0,0,0,0,6.3329,2.6214,0.0,0.0,0.0,0.0,79,38,41,0,49,3,0,35435,0,2,0
52.0,1.3107,1.3107,2.6214,0.0,2.6214,0.0,0.0,0,0,0,6.511,2.6214,0.0,0.0,0.0,0.0,81,39,42,0,49,3,0,36755,0,2,0
53.0,1.3107,1.3107,2.6214,0.0,2.6214,0.0,0.0,0,0,0,6.7168,2.6214,0.0,0.0,0.0,0.0,82,40,42,0,50,3,0,38294,0,2,0
54.0,1.3107,1.3107,2.6214,0.0,2.6214,0.0,0.0,0,0,0,6.8007,2.6214,0.0,0.0,0.0,0.0,83,40,43,0,50,3,0,38911,0,2,0
55.0,1.3107,1.3107,2.6214,0.0,2.6214,0.0,0.0,0,0,0,6.8923,2.6214,0.0,0.0,0.0,0.0,84,41,43,0,50,3,0,39561,0,2,0
56.0,1.3107,1.3107,2.6214,0.0,2.6214,0.0,0.0,0,0,0,7.2073,2.6214,0.0,0.0,0.0,0.0,84,41,43,0,52,3,0,39561,0,2,0
57.0,1.3107,1.3107,2.6214,0.0,2.6214,0.0,0.0,0,0,0,7.2637,2.6214,0.0,0.0,0.0,0.0,84,41,43,0,53,3,0,39561,0,2,0
58.0,1.3107,1.3107,2.6214,0.0,2.6214,0.0,0.0,0,0,0,7.5205,2.6214,0.0,0.0,0.0,0.0,84,41,43,0,55,3,0,39561,0,2,0
59.0,1.3107,1.3107,2.6214,0.0,2.6214,0.0,0.0,0,0,0,8.1401,2.6214,0.0,0.0,0.0,0.0,87,44,43,0,58,3,0,42472,0,2,0
60.0,1.3107,1.3107,2.6214,0.0,2.6214,0.0,0.0,0,0,0,8.4088,2.6214,0.0,0.0,0.0,0.0,88,45,43,0,58,3,0,44389,0,2,0
61.0,1.3107,1.3107,2.6214,0.0,2.6214,0.0,0.0,0,0,0,8.6878,2.6214,0.0,0.0,0.0,0.0,92,48,44,0,59,3,0,46379,0,2,0
62.0,1.3107,1.3107,2.6214,0.0,2.6214,0.0,0.0,0,0,0,8.8253,2.6214,0.0,0.0,0.0,0.0,93,49,44,0,59,3,0,47415,0,2,0
63.0,1.3107,1.3107,2.6214,0.0,2.6214,0.0,0.0,0,0,0,9.0739,2.6214,0.0,0.0,0.0,0.0,94,50,44,0,59,3,0,49292,0,2,0
64.0,1.3107,1.3107,2.6214,0.0,2.6214,0.0,0.0,0,0,0,9.0739,2.6214,0.0,0.0,0.0,0.0,94,50,44,0,59,3,0,49292,0,2,0
65.0,1.3107,1.3107,2.6214,0.0,2.6214,0.0,0.0,0,0,0,9.2638,2.6214,0.0,0.0,0.0,0.0,95,51,44,0,61,3,0,49870,0,2,0
66.0,1.3107,1.3107,2.6214,0.0,2.6214,0.0,0.0,0,0,0,9.5,2.6214,0.0,0.0,0.0,0.0,96,51,45,0,61,4,0,51520,0,2,0
67.0,1.3107,1.3107,2.6214,0.0,2.6214,0.0,0.0,0,0,0,9.5,2.6214,0.0,0.0,0.0,0.0,96,51,45,0,61,4,0,51520,0,2,0
68.0,1.3107,1.3107,2.6214,0.0,2.6214,0.0,0.0,0,0,0,9.8864,2.6214,0.0,0.0,0.0,0.0,99,53,46,0,61,4,0,54374,0,2,0
69.0,1.3107,1.3107,2.6214,0.0,2.6214,0.0,0.0,0,0,0,9.8864,2.6214,0.0,0.0,0.0,0.0,99,53,46,0,61,4,0,54374,0,2,0
70.0,1.3107,1.3107,2.6214,0.0,2.6214,0.0,0.0,0,0,0,9.9387,2.6214,0.0,0.0,0.0,0.0,100,54,46,0,61,4,0,54732,0,2,0
71.0,1.3107,1.3107,2.6214,0.0,2.6214,0.0,0.0,0,0,0,9.9415,2.6214,0.0,0.0,0.0,0.0,100,54,46,0,62,4,0,54732,0,2,0
72.0,1.3107,1.3107,2.6214,0.0,2.6214,0.0,0.0,0,0,0,10.0872,2.6214,0.0,0.0,0.0,0.0,101,55,46,0,62,4,0,55772,0,2,0
73.0,1.3107,1.3107,2.6214,0.0,2.6214,0.0,0.0,0,0,0,10.172,2.6214,0.0,0.0,0.0,0.0,101,55,46,0,64,4,0,55772,0,2,0
74.0,1.3107,1.3107,2.6214,0.0,2.6214,0.0,0.0,0,0,0,10.1728,2.6214,0.0,0.0,0.0,0.0,101,55,46,0,65,4,0,55772,0,2,0
75.0,1.3107,1.3107,2.6214,0.0,2.6214,0.0,0.0,0,0,0,10.3425,2.6214,0.0,0.0,0.0,0.0,101,55,46,0,67,4,0,55772,0,2,0
76.0,1.3107,1.3107,2.6214,0.0,2.6214,0.0,0.0,0,0,0,10.8432,2.6214,0.0,0.0,0.0,0.0,101,55,46,0,69,4,0,55772,0,2,0
77.0,1.3107,1.3107,2.6214,0.0,2.6214,0.0,0.0,0,0,0,11.2621,2.6214,0.0,0.0,0.0,0.0,102,55,47,0,71,4,0,56536,0,2,0
78.0,1.3107,1.3107,2.6214,0.0,2.6214,0.0,0.0,0,0,0,11.3586,2.6214,0.0,0.0,0.0,0.0,102,55,47,0,72,4,0,56536,0,2,0
79.0,1.3107,1.3107,2.6214,0.0,2.6214,0.0,0.0,0,0,0,11.5894,2.6214,0.0,0.0,0.0,0.0,102,55,47,0,73,4,0,56536,0,2,0
80.0,1.3107,1.3107,2.6214,0.0,2.6214,0.0,0.0,0,0,0,12.0505,2.6214,0.0,0.0,0.0,0.0,103,55,48,0,74,5,0,56854,0,2,0
81.0,1.3107,1.3107,2.6214,0.0,2.6214,0.0,0.0,0,0,0,12.2233,2.6214,0.0,0.0,0.0,0.0,104,56,48,0,74,5,0,58142,0,2,0
82.0,1.3107,1.3107,2.6214,0.0,2.6214,0.0,0.0,0,0,0,12.3019,2.6214,0.0,0.0,0.0,0.0,105,57,48,0,74,5,0,58720,0,2,0
83.0,1.3107,1.3107,2.6214,0.0,2.6214,0.0,0.0,0,0,0,12.6397,2.6214,0.0,0.0,0.0,0.0,105,57,48,0,76,5,0,58720,0,2,0
84.0,1.3107,1.3107,2.6214,0.0,2.6214,0.0,0.0,0,0,0,12.8452,2.6214,0.0,0.0,0.0,0.0,105,57,48,0,77,5,0,58720,0,2,0
85.0,1.3107,1.3107,2.6214,0.0,2.6214,0.0,0.0,0,0,0,13.3665,2.6214,0.0,0.0,0.0,0.0,105,57,48,0,79,5,0,58720,0,2,0
86.0,1.3107,1.3107,2.6214,0.0,2.6214,0.0,0.0,0,0,0,13.8491,2.6214,0.0,0.0,0.0,0.0,105,57,48,0,81,6,0,58720,0,2,0
87.0,1.3107,1.3107,2.6214,0.0,2.6214,0.0,0.0,0,0,0,13.9438,2.6214,0.0,0.0,0.0,0.0,105,57,48,0,83,6,0,58720,0,2,0
88.0,1.3107,1.3107,2.6214,0.0,2.6214,0.0,0.0,0,0,0,14.7894,2.6214,0.0,0.0,0.0,0.0,106,57,49,0,87,6,0,59333,0,2,0
89.0,1.3107,1.3107,2.6214,0.0,2.6214,0.0,0.0,0,0,0,14.7894,2.6214,0.0,0.0,0.0,0.0,106,57,49,0,87,6,0,59333,0,2,0
90.0,1.3107,1.3107,2.6214,0.0,2.6214,0.0,0.0,0,0,0,14.7894,2.6214,0.0,0.0,0.0,0.0,106,57,49,0,87,6,0,59333,0,2,0
91.0,1.3107,1.3107,2.6214,0.0,2.6214,0.0,0.0,0,0,0,14.8,2.6214,0.0,0.0,0.0,0.0,109,58,51,0,87,6,0,61910,0,2,0
92.0,1.3107,1.3107,2.6214,0.0,2.6214,0.0,0.0,0,0,0,14.8726,2.6214,0.0,0.0,0.0,0.0,110,58,52,0,87,6,0,62441,0,2,0
93.0,1.3107,1.3107,2.6214,0.0,2.6214,0.0,0.0,0,0,0,14.8726,2.6214,0.0,0.0,0.0,0.0,110,58,52,0,87,6,0,62441,0,2,0
94.0,1.3107,1.3107,2.6214,0.0,2.6214,0.0,0.0,0,0,0,14.9663,2.6214,0.0,0.0,0.0,0.0,110,58,52,0,89,6,0,62441,0,2,0
95.0,1.3107,1.3107,2.6214,0.0,2.6214,0.0,0.0,0,0,0,15.2496,2.6214,0.0,0.0,0.0,0.0,110,58,52,0,91,6,0,62441,0,2,0
96.0,1.3107,1.3107,2.6214,0.0,2.6214,0.0,0.0,0,0,0,15.2408,2.6214,0.0,0.0,0.0,0.0,111,58,53,0,93,6,0,63380,0,2,0
97.0,1.3107,1.3107,2.6214,0.0,2.6214,0.0,0.0,0,0,0,15.0376,2.6214,0.0,0.0,0.0,0.0,112,58,54,0,93,6,0,65010,0,2,0
98.0,1.3107,1.3107,2.6214,0.0,2.6214,0.0,0.0,0,0,0,15.0376,2.6214,0.0,0.0,0.0,0.0,112,58,54,0,93,6,0,65010,0,2,0
99.0,1.3107,1.3107,2.6214,0.0,2.6214,0.0,0.0,0,0,0,15.0376,2.6214,0.0,0.0,0.0,0.0,112,58,54,0,93,6,0,65010,0,2,0
100.0,1.3107,1.3107,2.6214,0.0,2.6214,0.0,0.0,0,0,0,15.092,2.6214,0.0,0.0,0.0,0.0,112,58,54,0,96,6,0,65010,0,2,0
101.0,1.3107,1.3107,2.6214,0.0,2.6214,0.0,0.0,0,0,0,15.1915,2.6214,0.0,0.0,0.0,0.0,112,58,54,0,98,6,0,65010,0,2,0
102.0,1.3107,1.3107,2.6214,0.0,2.6214,0.0,0.0,0,0,0,15.3706,2.6214,0.0,0.0,0.0,0.0,112,58,54,0,101,6,0,65010,0,2,0
103.0,1.3107,1.3107,2.6214,0.0,2.6214,0.0,0.0,0,0,0,15.3576,2.6214,0.0,0.0,0.0,0.0,112,58,54,0,102,6,0,65010,0,2,0
104.0,1.3107,1.3107,2.6214,0.0,2.6214,0.0,0.0,0,0,0,15.3159,2.6214,0.0,0.0,0.0,0.0,113,58,55,0,104,6,0,65442,0,2,0
105.0,1.3107,1.3107,2.6214,0.0,2.6214,0.0,0.0,0,0,0,15.2493,2.6214,0.0,0.0,0.0,0.0,113,58,55,0,105,6,0,65442,0,2,0
106.0,1.3107,1.3107,2.6214,0.0,2.6214,0.0,0.0,0,0,0,15.2493,2.6214,0.0,0.0,0.0,0.0,113,58,55,0,105,6,0,65442,0,2,0
107.0,1.3107,1.3107,2.6214,0.0,2.6214,0.0,0.0,0,0,0,15.2493,2.6214,0.0,0.0,0.0,0.0,113,58,55,0,105,6,0,65442,0,2,0
108.0,1.3107,1.3107,2.6214,0.0,2.6214,0.0,0.0,0,0,0,15.2508,2.6214,0.0,0.0,0.0,0.0,113,58,55,0,106,6,0,65442,0,2,0
109.0,1.3107,1.3107,2.6214,0.0,2.6214,0.0,0.0,0,0,0,15.2508,2.6214,0.0,0.0,0.0,0.0,113,58,55,0,106,6,0,65442,0,2,0
110.0,1.3107,1.3107,2.6214,0.0,2.6214,0.0,0.0,0,0,0,15.3143,2.6214,0.0,0.0,0.0,0.0,113,58,55,0,107,6,0,65442,0,2,0
111.0,1.3107,1.3107,2.6214,0.0,2.6214,0.0,0.0,0,0,0,15.5871,2.6214,0.0,0.0,0.0,0.0,114,59,55,0,110,6,0,66278,0,2,0
112.0,1.3107,1.3107,2.6214,0.0,2.6214,0.0,0.0,0,0,0,15.5887,2.6214,0.0,0.0,0.0,0.0,114,59,55,0,110,6,0,66278,0,2,0
113.0,1.3107,1.3107,2.6214,0.0,2.6214,0.0,0.0,0,0,0,15.6438,2.6214,0.0,0.0,0.0,0.0,114,59,55,0,112,6,0,66278,0,2,0
114.0,1.3107,1.3107,2.6214,0.0,2.6214,0.0,0.0,0,0,0,15.6438,2.6214,0.0,0.0,0.0,0.0,114,59,55,0,112,6,0,66278,0,2,0
115.0,1.3107,1.3107,2.6214,0.0,2.6214,0.0,0.0,0,0,0,15.5981,2.6214,0.0,0.0,0.0,0.0,115,60,55,0,114,6,0,69835,0,2,0
116.0,1.3107,1.3107,2.6214,0.0,2.6214,0.0,0.0,0,0,0,15.5981,2.6214,0.0,0.0,0.0,0.0,115,60,55,0,114,6,0,69835,0,2,0
117.0,1.3107,1.3107,2.6214,0.0,2.6214,0.0,0.0,0,0,0,15.6613,2.6214,0.0,0.0,0.0,0.0,115,60,55,0,115,6,0,69835,0,2,0
118.0,1.3107,1.3107,2.6214,0.0,2.6214,0.0,0.0,0,0,0,15.5074,2.6214,0.0,0.0,0.0,0.0,115,60,55,0,116,6,0,69835,0,2,0
119.0,1.3107,1.3107,2.6214,0.0,2.6214,0.0,0.0,0,0,0,15.4723,2.6214,0.0,0.0,0.0,0.0,115,60,55,0,119,6,0,69835,0,2,0
120.0,1.3107,1.3107,2.6214,0.0,2.6214,0.0,0.0,0,0,0,15.4613,2.6214,0.0,0.0,0.0,0.0,115,60,55,0,122,6,0,69835,0,2,0
121.0,1.3107,1.3107,2.6214,0.0,2.6214,0.0,0.0,0,0,0,15.4757,2.6214,0.0,0.0,0.0,0.0,117,60,57,0,124,6,0,70973,0,2,0
122.0,1.3107,1.3107,2.6214,0.0,2.6214,0.0,0.0,0,0,0,15.3104,2.6214,0.0,0.0,0.0,0.0,118,61,57,0,126,6,0,71564,0,2,0
123.0,1.3107,1.3107,2.6214,0.0,2.6214,0.0,0.0,0,0,0,15.313,2.6214,0.0,0.0,0.0,0.0,118,61,57,0,128,6,0,71564,0,2,0
124.0,1.3107,1.3107,2.6214,0.0,2.6214,0.0,0.0,0,0,0,15.2547,2.6214,0.0,0.0,0.0,0.0,118,61,57,0,130,6,0,71564,0,2,0
125.0,1.3107,1.3107,2.6214,0.0,2.6214,0.0,0.0,0,0,0,15.0349,2.6214,0.0,0.0,0.0,0.0,119,62,57,0,130,6,0,72463,0,2,0
126.0,1.3107,1.3107,2.6214,0.0,2.6214,0.0,0.0,0,0,0,15.0349,2.6214,0.0,0.0,0.0,0.0,119,62,57,0,130,6,0,72463,0,2,0
127.0,1.3107,1.3107,2.6214,0.0,2.6214,0.0,0.0,0,0,0,15.0168,2.6214,0.0,0.0,0.0,0.0,121,63,58,0,130,6,0,77952,0,2,0
128.0,1.3107,1.3107,2.6214,0.0,2.6214,0.0,0.0,0,0,0,15.0168,2.6214,0.0,0.0,0.0,0.0,121,63,58,0,130,6,0,77952,0,2,0
129.0,1.3107,1.3107,2.6214,0.0,2.6214,0.0,0.0,0,0,0,15.0191,2.6214,0.0,0.0,0.0,0.0,121,63,58,0,131,6,0,77952,0,2,0
130.0,1.3107,1.3107,2.6214,0.0,2.6214,0.0,0.0,0,0,0,15.2265,2.6214,0.0,0.0,0.0,0.0,124,65,59,0,131,6,0,80754,0,2,0
131.0,1.3107,1.3107,2.6214,0.0,2.6214,0.0,0.0,0,0,0,15.2265,2.6214,0.0,0.0,0.0,0.0,124,65,59,0,131,6,0,80754,0,2,0
132.0,1.3107,1.3107,2.6214,0.0,2.6214,0.0,0.0,0,0,0,15.2265,2.6214,0.0,0.0,0.0,0.0,124,65,59,0,131,6,0,80754,0,2,0
133.0,1.3107,1.3107,2.6214,0.0,2.6214,0.0,0.0,0,0,0,15.1718,2.6214,0.0,0.0,0.0,0.0,126,67,59,0,131,6,0,84581,0,2,0
134.0,1.3107,1.3107,2.6214,0.0,2.6214,0.0,0.0,0,0,0,15.2062,2.6214,0.0,0.0,0.0,0.0,127,68,59,0,131,6,0,84826,0,2,0
135.0,1.3107,1.3107,2.6214,0.0,2.6214,0.0,0.0,0,0,0,15.2062,2.6214,0.0,0.0,0.0,0.0,127,68,59,0,131,6,0,84826,0,2,0
136.0,1.3107,1.3107,2.6214,0.0,2.6214,0.0,0.0,0,0,0,15.1078,2.6214,0.0,0.0,0.0,0.0,128,68,60,0,131,6,0,85788,0,2,0
137.0,1.3107,1.3107,2.6214,0.0,2.6214,0.0,0.0,0,0,0,15.1501,2.6214,0.0,0.0,0.0,0.0,128,68,60,0,133,6,0,85788,0,2,0
138.0,1.3107,1.3107,2.6214,0.0,2.6214,0.0,0.0,0,0,0,15.5368,2.6214,0.0,0.0,0.0,0.0,128,68,60,0,137,6,0,85788,0,2,0
139.0,1.3107,1.3107,2.6214,0.0,2.6214,0.0,0.0,0,0,0,15.5368,2.6214,0.0,0.0,0.0,0.0,128,68,60,0,137,6,0,85788,0,2,0
140.0,1.3107,1.3107,2.6214,0.0,2.6214,0.0,0.0,0,0,0,15.4998,2.6214,0.0,0.0,0.0,0.0,128,68,60,0,139,6,0,85788,0,2,0
141.0,1.3107,1.3107,2.6214,0.0,2.6214,0.0,0.0,0,0,0,15.0885,2.6214,0.0,0.0,0.0,0.0,128,68,60,0,144,6,0,85788,0,2,0
142.0,1.3107,1.3107,2.6214,0.0,2.6214,0.0,0.0,0,0,0,15.0712,2.6214,0.0,0.0,0.0,0.0,128,68,60,0,146,6,0,85788,0,2,0
143.0,1.3107,1.3107,2.6214,0.0,2.6214,0.0,0.0,0,0,0,14.9451,2.6214,0.0,0.0,0.0,0.0,129,69,60,0,148,6,0,86209,0,2,0
144.0,1.3107,1.3107,2.6214,0.0,2.6214,0.0,0.0,0,0,0,14.8997,2.6214,0.0,0.0,0.0,0.0,129,69,60,0,150,6,0,86209,0,2,0
145.0,1.3107,1.3107,2.6214,0.0,2.6214,0.0,0.0,0,0,0,14.736,2.6214,0.0,0.0,0.0,0.0,131,71,60,0,152,6,0,88243,0,2,0
146.0,1.3107,1.3107,2.6214,0.0,2.6214,0.0,0.0,0,0,0,14.736,2.6214,0.0,0.0,0.0,0.0,131,71,60,0,152,6,0,88243,0,2,0
147.0,1.3107,1.3107,2.6214,0.0,2.6214,0.0,0.0,0,0,0,14.7894,2.6214,0.0,0.0,0.0,0.0,131,71,60,0,153,6,0,88243,0,2,0
148.0,1.3107,1.3107,2.6214,0.0,2.6214,0.0,0.0,0,0,0,14.7894,2.6214,0.0,0.0,0.0,0.0,131,71,60,0,153,6,0,88243,0,2,0
149.0,1.3107,1.3107,2.6214,0.0,2.6214,0.0,0.0,0,0,0,14.7594,2.6214,0.0,0.0,0.0,0.0,132,72,60,0,155,6,0,90051,0,2,0
150.0,1.3107,1.3107,2.6214,0.0,2.6214,0.0,0.0,0,0,0,14.9784,2.6214,0.0,0.0,0.0,0.0,134,74,60,0,155,6,0,91658,0,2,0
151.0,1.3107,1.3107,2.6214,0.0,2.6214,0.0,0.0,0,0,0,14.9784,2.6214,0.0,0.0,0.0,0.0,134,74,60,0,155,6,0,91658,0,2,0
152.0,1.3107,1.3107,2.6214,0.0,2.6214,0.0,0.0,0,0,0,14.9784,2.6214,0.0,0.0,0.0,0.0,134,74,60,0,155,6,0,91658,0,2,0
153.0,1.3107,1.3107,2.6214,0.0,2.6214,0.0,0.0,0,0,0,14.948,2.6214,0.0,0.0,0.0,0.0,138,76,62,0,155,6,0,94734,0,2,0
154.0,1.3107,1.3107,2.6214,0.0,2.6214,0.0,0.0,0,0,0,14.7169,2.6214,0.0,0.0,0.0,0.0,138,76,62,0,157,6,0,94734,0,2,0
155.0,1.3107,1.3107,2.6214,0.0,2.6214,0.0,0.0,0,0,0,14.9218,2.6214,0.0,0.0,0.0,0.0,138,76,62,0,159,6,0,94734,0,2,0
156.0,1.3107,1.3107,2.6214,0.0,2.6214,0.0,0.0,0,0,0,15.0638,2.6214,0.0,0.0,0.0,0.0,138,76,62,0,161,6,0,94734,0,2,0
157.0,1.3107,1.3107,2.6214,0.0,2.6214,0.0,0.0,0,0,0,15.2556,2.6214,0.0,0.0,0.0,0.0,139,77,62,0,162,6,0,95540,0,2,0
158.0,1.3107,1.3107,2.6214,0.0,2.6214,0.0,0.0,0,0,0,14.7562,2.6214,0.0,0.0,0.0,0.0,142,78,64,0,163,6,0,96143,0,2,0
159.0,1.3107,1.3107,2.6214,0.0,2.6214,0.0,0.0,0,0,0,14.8177,2.6214,0.0,0.0,0.0,0.0,143,78,65,0,164,6,0,96556,0,2,0
160.0,1.3107,1.3107,2.6214,0.0,2.6214,0.0,0.0,0,0,0,14.8177,2.6214,0.0,0.0,0.0,0.0,143,78,65,0,164,6,0,96556,0,2,0
161.0,1.3107,1.3107,2.6214,0.0,2.6214,0.0,0.0,0,0,0,14.7927,2.6214,0.0,0.0,0.0,0.0,143,78,65,0,165,6,0,96556,0,2,0
162.0,1.3107,1.3107,2.6214,0.0,2.6214,0.0,0.0,0,0,0,14.5988,2.6214,0.0,0.0,0.0,0.0,145,79,66,0,165,6,0,97645,0,2,0
163.0,1.3107,1.3107,2.6214,0.0,2.6214,0.0,0.0,0,0,0,14.9404,2.6214,0.0,0.0,0.0,0.0,148,79,69,0,165,6,0,100168,0,2,0
164.0,1.3107,1.3107,2.6214,0.0,2.6214,0.0,0.0,0,0,0,14.9404,2.6214,0.0,0.0,0.0,0.0,148,79,69,0,165,6,0,100168,0,2,0
165.0,1.3107,1.3107,2.6214,0.0,2.6214,0.0,0.0,0,0,0,14.9544,2.6214,0.0,0.0,0.0,0.0,149,80,69,0,165,6,0,100254,0,2,0
166.0,1.3107,1.3107,2.6214,0.0,2.6214,0.0,0.0,0,0,0,14.9971,2.6214,0.0,0.0,0.0,0.0,149,80,69,0,169,7,0,100254,0,2,0
167.0,1.3107,1.3107,2.6214,0.0,2.6214,0.0,0.0,0,0,0,15.0523,2.6214,0.0,0.0,0.0,0.0,149,80,69,0,171,7,0,100254,0,2,0
168.0,1.3107,1.3107,2.6214,0.0,2.6214,0.0,0.0,0,0,0,15.0958,2.6214,0.0,0.0,0.0,0.0,149,80,69,0,173,7,0,100254,0,2,0
169.0,1.3107,1.3107,2.6214,0.0,2.6214,0.0,0.0,0,0,0,15.4951,2.6214,0.0,0.0,0.0,0.0,149,80,69,0,177,8,0,100254,0,2,0
170.0,1.3107,1.3107,2.6214,0.0,2.6214,0.0,0.0,0,0,0,15.5215,2.6214,0.0,0.0,0.0,0.0,149,80,69,0,178,8,0,100254,0,2,0
171.0,1.3107,1.3107,2.6214,0.0,2.6214,0.0,0.0,0,0,0,15.319,2.6214,0.0,0.0,0.0,0.0,150,81,69,0,178,8,0,101277,0,2,0
172.0,1.3107,1.3107,2.6214,0.0,2.6214,0.0,0.0,0,0,0,15.319,2.6214,0.0,0.0,0.0,0.0,150,81,69,0,178,8,0,101277,0,2,0
173.0,1.3107,1.3107,2.6214,0.0,2.6214,0.0,0.0,0,0,0,15.3138,2.6214,0.0,0.0,0.0,0.0,153,81,72,0,179,8,0,103284,0,2,0
174.0,1.3107,1.3107,2.6214,0.0,2.6214,0.0,0.0,0,0,0,15.4801,2.6214,0.0,0.0,0.0,0.0,155,83,72,0,179,8,0,104254,0,2,0
175.0,1.3107,1.3107,2.6214,0.0,2.6214,0.0,0.0,0,0,0,15.3413,2.6214,0.0,0.0,0.0,0.0,156,83,73,0,179,8,0,105075,0,2,0
176.0,1.3107,1.3107,2.6214,0.0,2.6214,0.0,0.0,0,0,0,15.3413,2.6214,0.0,0.0,0.0,0.0,156,83,73,0,179,8,0,105075,0,2,0
177.0,1.3107,1.3107,2.6214,0.0,2.6214,0.0,0.0,0,0,0,15.4379,2.6214,0.0,0.0,0.0,0.0,158,84,74,0,179,8,0,105756,0,2,0
178.0,1.3107,1.3107,2.6214,0.0,2.6214,0.0,0.0,0,0,0,15.4096,2.6214,0.0,0.0,0.0,0.0,160,84,76,0,179,8,0,106410,0,2,0
179.0,1.3107,1.3107,2.6214,0.0,2.6214,0.0,0.0,0,0,0,15.2046,2.6214,0.0,0.0,0.0,0.0,162,85,77,0,181,8,0,108603,0,2,0
180.0,1.3107,1.3107,2.6214,0.0,2.6214,0.0,0.0,0,0,0,15.2471,2.6214,0.0,0.0,0.0,0.0,163,85,78,0,181,8,0,108908,0,2,0
181.0,1.3107,1.3107,2.6214,0.0,2.6214,0.0,0.0,0,0,0,15.3776,2.6214,0.0,0.0,0.0,0.0,164,85,79,0,182,8,0,108916,0,2,0
182.0,1.3107,1.3107,2.6214,0.0,2.6214,0.0,0.0,0,0,0,15.2452,2.6214,0.0,0.0,0.0,0.0,165,86,79,0,182,8,0,109601,0,2,0
183.0,1.3107,1.3107,2.6214,0.0,2.6214,0.0,0.0,0,0,0,15.3472,2.6214,0.0,0.0,0.0,0.0,165,86,79,0,184,8,0,109601,0,2,0
184.0,1.3107,1.3107,2.6214,0.0,2.6214,0.0,0.0,0,0,0,15.302,2.6214,0.0,0.0,0.0,0.0,165,86,79,0,189,8,0,109601,0,2,0
185.0,1.3107,1.3107,2.6214,0.0,2.6214,0.0,0.0,0,0,0,15.2743,2.6214,0.0,0.0,0.0,0.0,166,87,79,0,190,8,0,109671,0,2,0
186.0,1.3107,1.3107,2.6214,0.0,2.6214,0.0,0.0,0,0,0,15.6581,2.6214,0.0,0.0,0.0,0.0,166,87,79,0,193,9,0,109671,0,2,0
187.0,1.3107,1.3107,2.6214,0.0,2.6214,0.0,0.0,0,0,0,15.6581,2.6214,0.0,0.0,0.0,0.0,166,87,79,0,193,9,0,109671,0,2,0
188.0,1.3107,1.3107,2.6214,0.0,2.6214,0.0,0.0,0,0,0,15.5243,2.6214,0.0,0.0,0.0,0.0,166,87,79,0,194,9,0,109671,0,2,0
189.0,1.3107,1.3107,2.6214,0.0,2.6214,0.0,0.0,0,0,0,14.7789,2.6214,0.0,0.0,0.0,0.0,169,88,81,0,194,9,0,112585,0,2,0
190.0,1.3107,1.3107,2.6214,0.0,2.6214,0.0,0.0,0,0,0,14.9418,2.6214,0.0,0.0,0.0,0.0,171,88,83,0,194,9,0,113713,0,2,0
191.0,1.3107,1.3107,2.6214,0.0,2.6214,0.0,0.0,0,0,0,14.9418,2.6214,0.0,0.0,0.0,0.0,171,88,83,0,194,9,0,113713,0,2,0
192.0,1.3107,1.3107,2.6214,0.0,2.6214,0.0,0.0,0,0,0,15.1258,2.6214,0.0,0.0,0.0,0.0,173,89,84,0,196,9,0,115065,0,2,0
193.0,1.3107,1.3107,2.6214,0.0,2.6214,0.0,0.0,0,0,0,15.2497,2.6214,0.0,0.0,0.0,0.0,173,89,84,0,197,9,0,115065,0,2,0
194.0,1.3107,1.3107,2.6214,0.0,2.6214,0.0,0.0,0,0,0,15.338,2.6214,0.0,0.0,0.0,0.0,174,90,84,0,197,9,0,115673,0,2,0
195.0,1.3107,1.3107,2.6214,0.0,2.6214,0.0,0.0,0,0,0,14.5631,2.6214,0.0,0.0,0.0,0.0,176,91,85,0,197,10,0,116750,0,2,0
196.0,1.3107,1.3107,2.6214,0.0,2.6214,0.0,0.0,0,0,0,14.5631,2.6214,0.0,0.0,0.0,0.0,176,91,85,0,197,10,0,116750,0,2,0
197.0,1.3107,1.3107,2.6214,0.0,2.6214,0.0,0.0,0,0,0,14.6895,2.6214,0.0,0.0,0.0,0.0,176,91,85,0,198,10,0,116750,0,2,0
198.0,1.3107,1.3107,2.6214,0.0,2.6214,0.0,0.0,0,0,0,14.7679,2.6214,0.0,0.0,0.0,0.0,177,91,86,0,198,10,0,117327,0,2,0
199.0,1.3107,1.3107,2.6214,0.0,2.6214,0.0,0.0,0,0,0,14.4228,2.6214,0.0,0.0,0.0,0.0,179,92,87,0,199,10,0,118432,0,2,0
200.0,1.3107,1.3107,2.6214,0.0,2.6214,0.0,0.0,0,0,0,14.5212,2.6214,0.0,0.0,0.0,0.0,180,93,87,0,199,10,0,119105,0,2,0
201.0,1.3107,1.3107,2.6214,0.0,2.6214,0.0,0.0,0,0,0,14.6084,2.6214,0.0,0.0,0.0,0.0,181,94,87,0,199,10,0,119747,0,2,0
202.0,1.3107,1.3107,2.6214,0.0,2.6214,0.0,0.0,0,0,0,14.7691,2.6214,0.0,0.0,0.0,0.0,183,94,89,0,200,10,0,120916,0,2,0
203.0,1.3107,1.3107,2.6214,0.0,2.6214,0.0,0.0,0,0,0,14.8967,2.6214,0.0,0.0,0.0,0.0,183,94,89,0,202,10,0,120916,0,2,0
204.0,1.3107,1.3107,2.6214,0.0,2.6214,0.0,0.0,0,0,0,14.9883,2.6214,0.0,0.0,0.0,0.0,183,94,89,0,204,10,0,120916,0,2,0
205.0,1.3107,1.3107,2.6214,0.0,2.6214,0.0,0.0,0,0,0,15.1319,2.6214,0.0,0.0,0.0,0.0,183,94,89,0,205,10,0,120916,0,2,0
206.0,1.3107,1.3107,2.6214,0.0,2.6214,0.0,0.0,0,0,0,15.0759,2.6214,0.0,0.0,0.0,0.0,184,94,90,0,207,10,0,120970,0,2,0
207.0,1.3107,1.3107,2.6214,0.0,2.6214,0.0,0.0,0,0,0,15.3054,2.6214,0.0,0.0,0.0,0.0,184,94,90,0,210,10,0,120970,0,2,0
208.0,1.3107,1.3107,2.6214,0.0,2.6214,0.0,0.0,0,0,0,14.7271,2.6214,0.0,0.0,0.0,0.0,187,95,92,0,210,10,0,122446,0,2,0
209.0,1.3107,1.3107,2.6214,0.0,2.6214,0.0,0.0,0,0,0,14.7553,2.6214,0.0,0.0,0.0,0.0,188,96,92,0,210,10,0,122634,0,2,0
210.0,1.3107,1.3107,2.6214,0.0,2.6214,0.0,0.0,0,0,0,14.8305,2.6214,0.0,0.0,0.0,0.0,189,97,92,0,210,10,0,123190,0,2,0
211.0,1.3107,1.3107,2.6214,0.0,2.6214,0.0,0.0,0,0,0,14.8305,2.6214,0.0,0.0,0.0,0.0,189,97,92,0,210,10,0,123190,0,2,0
212.0,1.3107,1.3107,2.6214,0.0,2.6214,0.0,0.0,0,0,0,15.1614,2.6214,0.0,0.0,0.0,0.0,189,97,92,0,212,10,0,123190,0,2,0
213.0,1.3107,1.3107,2.6214,0.0,2.6214,0.0,0.0,0,0,0,14.9149,2.6214,0.0,0.0,0.0,0.0,190,98,92,0,212,10,0,123393,0,2,0
214.0,1.3107,1.3107,2.6214,0.0,2.6214,0.0,0.0,0,0,0,15.0631,2.6214,0.0,0.0,0.0,0.0,192,99,93,0,214,10,0,124434,0,2,0
215.0,1.3107,1.3107,2.6214,0.0,2.6214,0.0,0.0,0,0,0,15.3306,2.6214,0.0,0.0,0.0,0.0,194,101,93,0,216,10,0,125514,0,2,0
216.0,1.3107,1.3107,2.6214,0.0,2.6214,0.0,0.0,0,0,0,15.3306,2.6214,0.0,0.0,0.0,0.0,194,101,93,0,216,10,0,125514,0,2,0
217.0,1.3107,1.3107,2.6214,0.0,2.6214,0.0,0.0,0,0,0,15.0991,2.6214,0.0,0.0,0.0,0.0,198,103,95,0,217,10,0,127763,0,2,0
218.0,1.3107,1.3107,2.6214,0.0,2.6214,0.0,0.0,0,0,0,14.7002,2.6214,0.0,0.0,0.0,0.0,198,103,95,0,218,10,0,127763,0,2,0
219.0,1.3107,1.3107,2.6214,0.0,2.6214,0.0,0.0,0,0,0,14.7278,2.6214,0.0,0.0,0.0,0.0,199,104,95,0,218,10,0,127946,0,2,0
220.0,1.3107,1.3107,2.6214,0.0,2.6214,0.0,0.0,0,0,0,14.7278,2.6214,0.0,0.0,0.0,0.0,199,104,95,0,218,10,0,127946,0,2,0
221.0,1.3107,1.3107,2.6214,0.0,2.6214,0.0,0.0,0,0,0,14.9482,2.6214,0.0,0.0,0.0,0.0,200,104,96,0,220,10,0,131275,0,2,0
222.0,1.3107,1.3107,2.6214,0.0,2.6214,0.0,0.0,0,0,0,14.9392,2.6214,0.0,0.0,0.0,0.0,200,104,96,0,222,10,0,131275,0,2,0
223.0,1.3107,1.3107,2.6214,0.0,2.6214,0.0,0.0,0,0,0,15.0029,2.6214,0.0,0.0,0.0,0.0,200,104,96,0,224,10,0,131275,0,2,0
224.0,1.3107,1.3107,2.6214,0.0,2.6214,0.0,0.0,0,0,0,15.0931,2.6214,0.0,0.0,0.0,0.0,202,104,98,0,224,10,0,136340,0,2,0
225.0,1.3107,1.3107,2.6214,0.0,2.6214,0.0,0.0,0,0,0,15.0931,2.6214,0.0,0.0,0.0,0.0,202,104,98,0,224,10,0,136340,0,2,0
226.0,1.3107,1.3107,2.6214,0.0,2.6214,0.0,0.0,0,0,0,14.8035,2.6214,0.0,0.0,0.0,0.0,203,105,98,0,224,10,0,136980,0,2,0
227.0,1.3107,1.3107,2.6214,0.0,2.6214,0.0,0.0,0,0,0,15.0117,2.6214,0.0,0.0,0.0,0.0,205,105,100,0,225,10,0,138410,0,2,0
228.0,1.3107,1.3107,2.6214,0.0,2.6214,0.0,0.0,0,0,0,15.0094,2.6214,0.0,0.0,0.0,0.0,208,106,102,0,229,10,0,142064,0,2,0
229.0,1.3107,1.3107,2.6214,0.0,2.6214,0.0,0.0,0,0,0,15.011,2.6214,0.0,0.0,0.0,0.0,208,106,102,0,230,10,0,142064,0,2,0
230.0,1.3107,1.3107,2.6214,0.0,2.6214,0.0,0.0,0,0,0,15.011,2.6214,0.0,0.0,0.0,0.0,208,106,102,0,230,10,0,142064,0,2,0
231.0,1.3107,1.3107,2.6214,0.0,2.6214,0.0,0.0,0,0,0,15.011,2.6214,0.0,0.0,0.0,0.0,208,106,102,0,230,10,0,142064,0,2,0
232.0,1.3107,1.3107,2.6214,0.0,2.6214,0.0,0.0,0,0,0,15.011,2.6214,0.0,0.0,0.0,0.0,208,106,102,0,230,10,0,142064,0,2,0
233.0,1.3107,1.3107,2.6214,0.0,2.6214,0.0,0.0,0,0,0,15.0877,2.6214,0.0,0.0,0.0,0.0,208,106,102,0,233,10,0,142064,0,2,0
234.0,1.3107,1.3107,2.6214,0.0,2.6214,0.0,0.0,0,0,0,15.1404,2.6214,0.0,0.0,0.0,0.0,208,106,102,0,235,10,0,142064,0,2,0
235.0,1.3107,1.3107,2.6214,0.0,2.6214,0.0,0.0,0,0,0,15.2802,2.6214,0.0,0.0,0.0,0.0,208,106,102,0,238,10,0,142064,0,2,0
236.0,1.3107,1.3107,2.6214,0.0,2.6214,0.0,0.0,0,0,0,15.2802,2.6214,0.0,0.0,0.0,0.0,208,106,102,0,238,10,0,142064,0,2,0
237.0,1.3107,1.3107,2.6214,0.0,2.6214,0.0,0.0,0,0,0,15.2872,2.6214,0.0,0.0,0.0,0.0,209,107,102,0,238,10,0,142090,0,2,0
238.0,1.3107,1.3107,2.6214,0.0,2.6214,0.0,0.0,0,0,0,15.3964,2.6214,0.0,0.0,0.0,0.0,211,108,103,0,240,11,0,143359,0,2,0
239.0,1.3107,1.3107,2.6214,0.0,2.6214,0.0,0.0,0,0,0,15.2245,2.6214,0.0,0.0,0.0,0.0,212,108,104,0,242,11,0,144470,0,2,0
240.0,1.3107,1.3107,2.6214,0.0,2.6214,0.0,0.0,0,0,0,15.442,2.6214,0.0,0.0,0.0,0.0,213,108,105,0,242,11,0,146117,0,2,0
241.0,1.3107,1.3107,2.6214,0.0,2.6214,0.0,0.0,0,0,0,15.4505,2.6214,0.0,0.0,0.0,0.0,213,108,105,0,243,11,0,146117,0,2,0
242.0,1.3107,1.3107,2.6214,0.0,2.6214,0.0,0.0,0,0,0,15.5518,2.6214,0.0,0.0,0.0,0.0,214,109,105,0,243,11,0,146869,0,2,0
243.0,1.3107,1.3107,2.6214,0.0,2.6214,0.0,0.0,0,0,0,15.1401,2.6214,0.0,0.0,0.0,0.0,215,110,105,0,245,11,0,147565,0,2,0
244.0,1.3107,1.3107,2.6214,0.0,2.6214,0.0,0.0,0,0,0,15.0578,2.6214,0.0,0.0,0.0,0.0,215,110,105,0,247,11,0,147565,0,2,0
245.0,1.3107,1.3107,2.6214,0.0,2.6214,0.0,0.0,0,0,0,15.021,2.6214,0.0,0.0,0.0,0.0,215,110,105,0,248,11,0,147565,0,2,0
246.0,1.3107,1.3107,2.6214,0.0,2.6214,0.0,0.0,0,0,0,15.1566,2.6214,0.0,0.0,0.0,0.0,216,111,105,0,248,11,0,148588,0,2,0
247.0,1.3107,1.3107,2.6214,0.0,2.6214,0.0,0.0,0,0,0,15.0439,2.6214,0.0,0.0,0.0,0.0,217,111,106,0,249,11,0,149078,0,2,0
248.0,1.3107,1.3107,2.6214,0.0,2.6214,0.0,0.0,0,0,0,15.046,2.6214,0.0,0.0,0.0,0.0,217,111,106,0,249,11,0,149078,0,2,0
249.0,1.3107,1.3107,2.6214,0.0,2.6214,0.0,0.0,0,0,0,15.1274,2.6214,0.0,0.0,0.0,0.0,217,111,106,0,251,11,0,149078,0,2,0
250.0,1.3107,1.3107,2.6214,0.0,2.6214,0.0,0.0,0,0,0,15.0916,2.6214,0.0,0.0,0.0,0.0,217,111,106,0,255,11,0,149078,0,2,0
251.0,1.3107,1.3107,2.6214,0.0,2.6214,0.0,0.0,0,0,0,15.0916,2.6214,0.0,0.0,0.0,0.0,217,111,106,0,255,11,0,149078,0,2,0
252.0,1.3107,1.3107,2.6214,0.0,2.6214,0.0,0.0,0,0,0,15.2466,2.6214,0.0,0.0,0.0,0.0,218,111,107,0,256,11,0,149780,0,2,0
253.0,1.3107,1.3107,2.6214,0.0,2.6214,0.0,0.0,0,0,0,15.2466,2.6214,0.0,0.0,0.0,0.0,218,111,107,0,256,11,0,149780,0,2,0
254.0,1.3107,1.3107,2.6214,0.0,2.6214,0.0,0.0,0,0,0,15.0915,2.6214,0.0,0.0,0.0,0.0,220,112,108,0,257,11,0,150935,0,2,0
255.0,1.3107,1.3107,2.6214,0.0,2.6214,0.0,0.0,0,0,0,15.0915,2.6214,0.0,0.0,0.0,0.0,220,112,108,0,257,11,0,150935,0,2,0
256.0,1.3107,1.3107,2.6214,0.0,2.6214,0.0,0.0,0,0,0,15.1484,2.6214,0.0,0.0,0.0,0.0,220,112,108,0,258,12,0,150935,0,2,0
257.0,1.3107,1.3107,2.6214,0.0,2.6214,0.0,0.0,0,0,0,15.0089,2.6214,0.0,0.0,0.0,0.0,222,113,109,0,258,12,0,151865,0,2,0
258.0,1.3107,1.3107,2.6214,0.0,2.6214,0.0,0.0,0,0,0,15.0441,2.6214,0.0,0.0,0.0,0.0,222,113,109,0,259,12,0,151865,0,2,0
259.0,1.3107,1.3107,2.6214,0.0,2.6214,0.0,0.0,0,0,0,15.0441,2.6214,0.0,0.0,0.0,0.0,222,113,109,0,259,12,0,151865,0,2,0
260.0,1.3107,1.3107,2.6214,0.0,2.6214,0.0,0.0,0,0,0,15.0937,2.6214,0.0,0.0,0.0,0.0,224,113,111,0,259,12,0,157238,0,2,0
261.0,1.3107,1.3107,2.6214,0.0,2.6214,0.0,0.0,0,0,0,15.2138,2.6214,0.0,0.0,0.0,0.0,225,114,111,0,260,12,0,158085,0,2,0
262.0,1.3107,1.3107,2.6214,0.0,2.6214,0.0,0.0,0,0,0,15.3301,2.6214,0.0,0.0,0.0,0.0,226,114,112,0,261,12,0,158901,0,2,0
263.0,1.3107,1.3107,2.6214,0.0,2.6214,0.0,0.0,0,0,0,15.2456,2.6214,0.0,0.0,0.0,0.0,226,114,112,0,262,12,0,158901,0,2,0
264.0,1.3107,1.3107,2.6214,0.0,2.6214,0.0,0.0,0,0,0,15.2456,2.6214,0.0,0.0,0.0,0.0,226,114,112,0,262,12,0,158901,0,2,0
265.0,1.3107,1.3107,2.6214,0.0,2.6214,0.0,0.0,0,0,0,15.4256,2.6214,0.0,0.0,0.0,0.0,227,115,112,0,262,12,0,160261,0,2,0
266.0,1.3107,1.3107,2.6214,0.0,2.6214,0.0,0.0,0,0,0,15.3248,2.6214,0.0,0.0,0.0,0.0,230,116,114,0,262,12,0,161919,0,2,0
267.0,1.3107,1.3107,2.6214,0.0,2.6214,0.0,0.0,0,0,0,15.3248,2.6214,0.0,0.0,0.0,0.0,230,116,114,0,262,12,0,161919,0,2,0
268.0,1.3107,1.3107,2.6214,0.0,2.6214,0.0,0.0,0,0,0,15.3248,2.6214,0.0,0.0,0.0,0.0,230,116,114,0,262,12,0,161919,0,2,0
269.0,1.3107,1.3107,2.6214,0.0,2.6214,0.0,0.0,0,0,0,15.3854,2.6214,0.0,0.0,0.0,0.0,230,116,114,0,263,12,0,161919,0,2,0
270.0,1.3107,1.3107,2.6214,0.0,2.6214,0.0,0.0,0,0,0,15.5105,2.6214,0.0,0.0,0.0,0.0,230,116,114,0,268,12,0,161919,0,2,0
271.0,1.3107,1.3107,2.6214,0.0,2.6214,0.0,0.0,0,0,0,15.597,2.6214,0.0,0.0,0.0,0.0,230,116,114,0,269,12,0,161919,0,2,0
272.0,1.3107,1.3107,2.6214,0.0,2.6214,0.0,0.0,0,0,0,15.5995,2.6214,0.0,0.0,0.0,0.0,230,116,114,0,271,12,0,161919,0,2,0
273.0,1.3107,1.3107,2.6214,0.0,2.6214,0.0,0.0,0,0,0,15.0784,2.6214,0.0,0.0,0.0,0.0,231,116,115,0,274,12,0,162490,0,2,0
274.0,1.3107,1.3107,2.6214,0.0,2.6214,0.0,0.0,0,0,0,15.2299,2.6214,0.0,0.0,0.0,0.0,233,117,116,0,274,12,0,163616,0,2,0
275.0,1.3107,1.3107,2.6214,0.0,2.6214,0.0,0.0,0,0,0,15.2485,2.6214,0.0,0.0,0.0,0.0,233,117,116,0,275,12,0,163616,0,2,0
276.0,1.3107,1.3107,2.6214,0.0,2.6214,0.0,0.0,0,0,0,15.1139,2.6214,0.0,0.0,0.0,0.0,234,118,116,0,277,12,0,164188,0,2,0
277.0,1.3107,1.3107,2.6214,0.0,2.6214,0.0,0.0,0,0,0,15.6053,2.6214,0.0,0.0,0.0,0.0,235,119,116,0,279,12,0,165850,0,2,0
278.0,1.3107,1.3107,2.6214,0.0,2.6214,0.0,0.0,0,0,0,15.5879,2.6214,0.0,0.0,0.0,0.0,236,119,117,0,280,12,0,165893,0,2,0
279.0,1.3107,1.3107,2.6214,0.0,2.6214,0.0,0.0,0,0,0,15.0725,2.6214,0.0,0.0,0.0,0.0,240,121,119,0,280,12,0,172603,0,2,0
280.0,1.3107,1.3107,2.6214,0.0,2.6214,0.0,0.0,0,0,0,15.0725,2.6214,0.0,0.0,0.0,0.0,240,121,119,0,280,12,0,172603,0,2,0
281.0,1.3107,1.3107,2.6214,0.0,2.6214,0.0,0.0,0,0,0,15.2308,2.6214,0.0,0.0,0.0,0.0,241,122,119,0,280,12,0,173706,0,2,0
282.0,1.3107,1.3107,2.6214,0.0,2.6214,0.0,0.0,0,0,0,15.2308,2.6214,0.0,0.0,0.0,0.0,241,122,119,0,280,12,0,173706,0,2,0
283.0,1.3107,1.3107,2.6214,0.0,2.6214,0.0,0.0,0,0,0,15.4367,2.6214,0.0,0.0,0.0,0.0,242,123,119,0,280,12,0,175258,0,2,0
284.0,1.3107,1.3107,2.6214,0.0,2.6214,0.0,0.0,0,0,0,15.4367,2.6214,0.0,0.0,0.0,0.0,242,123,119,0,280,12,0,175258,0,2,0
285.0,1.3107,1.3107,2.6214,0.0,2.6214,0.0,0.0,0,0,0,15.1198,2.6214,0.0,0.0,0.0,0.0,243,123,120,0,280,12,0,176599,0,2,0
286.0,1.3107,1.3107,2.6214,0.0,2.6214,0.0,0.0,0,0,0,15.2063,2.6214,0.0,0.0,0.0,0.0,244,123,121,0,280,12,0,177234,0,2,0
287.0,1.3107,1.3107,2.6214,0.0,2.6214,0.0,0.0,0,0,0,15.2063,2.6214,0.0,0.0,0.0,0.0,244,123,121,0,280,12,0,177234,0,2,0
288.0,1.3107,1.3107,2.6214,0.0,2.6214,0.0,0.0,0,0,0,15.5011,2.6214,0.0,0.0,0.0,0.0,249,125,124,0,280,12,0,182784,0,2,0
289.0,1.3107,1.3107,2.6214,0.0,2.6214,0.0,0.0,0,0,0,15.5011,2.6214,0.0,0.0,0.0,0.0,249,125,124,0,280,12,0,182784,0,2,0
290.0,1.3107,1.3107,2.6214,0.0,2.6214,0.0,0.0,0,0,0,15.5787,2.6214,0.0,0.0,0.0,0.0,250,126,124,0,280,12,0,183359,0,2,0
291.0,1.3107,1.3107,2.6214,0.0,2.6214,0.0,0.0,0,0,0,15.0049,2.6214,0.0,0.0,0.0,0.0,252,127,125,0,280,12,0,184424,0,2,0
292.0,1.3107,1.3107,2.6214,0.0,2.6214,0.0,0.0,0,0,0,15.0096,2.6214,0.0,0.0,0.0,0.0,253,127,126,0,280,12,0,184428,0,2,0
293.0,1.3107,1.3107,2.6214,0.0,2.6214,0.0,0.0,0,0,0,14.6216,2.6214,0.0,0.0,0.0,0.0,254,128,126,0,280,12,0,185039,0,2,0
294.0,1.3107,1.3107,2.6214,0.0,2.6214,0.0,0.0,0,0,0,14.6216,2.6214,0.0,0.0,0.0,0.0,254,128,126,0,280,12,0,185039,0,2,0
295.0,1.3107,1.3107,2.6214,0.0,2.6214,0.0,0.0,0,0,0,14.4047,2.6214,0.0,0.0,0.0,0.0,256,130,126,0,280,12,0,186018,0,2,0
296.0,1.3107,1.3107,2.6214,0.0,2.6214,0.0,0.0,0,0,0,14.4047,2.6214,0.0,0.0,0.0,0.0,256,130,126,0,280,12,0,186018,0,2,0
297.0,1.3107,1.3107,2.6214,0.0,2.6214,0.0,0.0,0,0,0,14.4047,2.6214,0.0,0.0,0.0,0.0,256,130,126,0,280,12,0,186018,0,2,0
298.0,1.3107,1.3107,2.6214,0.0,2.6214,0.0,0.0,0,0,0,14.7664,2.6214,0.0,0.0,0.0,0.0,258,131,127,0,281,12,0,188679,0,2,0
299.0,1.3107,1.3107,2.6214,0.0,2.6214,0.0,0.0,0,0,0,14.7664,2.6214,0.0,0.0,0.0,0.0,258,131,127,0,283,12,0,188679,0,2,0
300.0,1.3107,1.3107,2.6214,0.0,2.6214,0.0,0.0,0,0,0,14.7664,2.6214,0.0,0.0,0.0,0.0,258,131,127,0,283,12,0,188679,0,2,0
301.0,1.3107,1.3107,2.6214,0.0,2.6214,0.0,0.0,0,0,0,14.9718,2.6214,0.0,0.0,0.0,0.0,259,132,127,0,284,12,0,189466,0,2,0
302.0,1.3107,1.3107,2.6214,0.0,2.6214,0.0,0.0,0,0,0,15.1171,2.6214,0.0,0.0,0.0,0.0,259,132,127,0,288,12,0,189466,0,2,0
303.0,1.3107,1.3107,2.6214,0.0,2.6214,0.0,0.0,0,0,0,15.382,2.6214,0.0,0.0,0.0,0.0,259,132,127,0,291,12,0,189466,0,2,0
304.0,1.3107,1.3107,2.6214,0.0,2.6214,0.0,0.0,0,0,0,14.8797,2.6214,0.0,0.0,0.0,0.0,259,132,127,0,292,12,0,189466,0,2,0
305.0,1.3107,1.3107,2.6214,0.0,2.6214,0.0,0.0,0,0,0,15.0247,2.6214,0.0,0.0,0.0,0.0,259,132,127,0,293,12,0,189466,0,2,0
306.0,1.3107,1.3107,2.6214,0.0,2.6214,0.0,0.0,0,0,0,15.1673,2.6214,0.0,0.0,0.0,0.0,259,132,127,0,295,12,0,189466,0,2,0
307.0,1.3107,1.3107,2.6214,0.0,2.6214,0.0,0.0,0,0,0,15.1121,2.6214,0.0,0.0,0.0,0.0,261,134,127,0,297,12,0,191454,0,2,0
308.0,1.3107,1.3107,2.6214,0.0,2.6214,0.0,0.0,0,0,0,15.2256,2.6214,0.0,0.0,0.0,0.0,261,134,127,0,298,12,0,191454,0,2,0
309.0,1.3107,1.3107,2.6214,0.0,2.6214,0.0,0.0,0,0,0,15.3353,2.6214,0.0,0.0,0.0,0.0,261,134,127,0,300,12,0,191454,0,2,0
310.0,1.3107,1.3107,2.6214,0.0,2.6214,0.0,0.0,0,0,0,15.3112,2.6214,0.0,0.0,0.0,0.0,263,134,129,0,302,12,0,193790,0,2,0
311.0,1.3107,1.3107,2.6214,0.0,2.6214,0.0,0.0,0,0,0,15.3526,2.6214,0.0,0.0,0.0,0.0,263,134,129,0,303,12,0,193790,0,2,0
312.0,1.3107,1.3107,2.6214,0.0,2.6214,0.0,0.0,0,0,0,15.444,2.6214,0.0,0.0,0.0,0.0,263,134,129,0,304,12,0,193790,0,2,0
313.0,1.3107,1.3107,2.6214,0.0,2.6214,0.0,0.0,0,0,0,15.4464,2.6214,0.0,0.0,0.0,0.0,263,134,129,0,305,12,0,193790,0,2,0
314.0,1.3107,1.3107,2.6214,0.0,2.6214,0.0,0.0,0,0,0,15.4464,2.6214,0.0,0.0,0.0,0.0,263,134,129,0,305,12,0,193790,0,2,0
315.0,1.3107,1.3107,2.6214,0.0,2.6214,0.0,0.0,0,0,0,15.4228,2.6214,0.0,0.0,0.0,0.0,265,134,131,0,308,12,0,194173,0,2,0
316.0,1.3107,1.3107,2.6214,0.0,2.6214,0.0,0.0,0,0,0,15.1379,2.6214,0.0,0.0,0.0,0.0,267,134,133,0,308,12,0,195545,0,2,0
317.0,1.3107,1.3107,2.6214,0.0,2.6214,0.0,0.0,0,0,0,15.2161,2.6214,0.0,0.0,0.0,0.0,268,135,133,0,308,12,0,196080,0,2,0
318.0,1.3107,1.3107,2.6214,0.0,2.6214,0.0,0.0,0,0,0,15.2403,2.6214,0.0,0.0,0.0,0.0,268,135,133,0,309,12,0,196080,0,2,0
319.0,1.3107,1.3107,2.6214,0.0,2.6214,0.0,0.0,0,0,0,15.2509,2.6214,0.0,0.0,0.0,0.0,269,136,133,0,309,12,0,196139,0,2,0
320.0,1.3107,1.3107,2.6214,0.0,2.6214,0.0,0.0,0,0,0,15.1992,2.6214,0.0,0.0,0.0,0.0,271,136,135,0,309,12,0,196306,0,2,0
321.0,1.3107,1.3107,2.6214,0.0,2.6214,0.0,0.0,0,0,0,14.976,2.6214,0.0,0.0,0.0,0.0,272,136,136,0,309,12,0,197657,0,2,0
322.0,1.3107,1.3107,2.6214,0.0,2.6214,0.0,0.0,0,0,0,14.6268,2.6214,0.0,0.0,0.0,0.0,273,136,137,0,309,12,0,198147,0,2,0
323.0,1.3107,1.3107,2.6214,0.0,2.6214,0.0,0.0,0,0,0,15.1839,2.6214,0.0,0.0,0.0,0.0,275,136,139,0,309,12,0,202347,0,2,0
324.0,1.3107,1.3107,2.6214,0.0,2.6214,0.0,0.0,0,0,0,15.2244,2.6214,0.0,0.0,0.0,0.0,277,137,140,0,310,12,0,202501,0,2,0
325.0,1.3107,1.3107,2.6214,0.0,2.6214,0.0,0.0,0,0,0,15.204,2.6214,0.0,0.0,0.0,0.0,277,137,140,0,312,12,0,202501,0,2,0
326.0,1.3107,1.3107,2.6214,0.0,2.6214,0.0,0.0,0,0,0,14.9676,2.6214,0.0,0.0,0.0,0.0,279,137,142,0,312,12,0,204359,0,2,0
327.0,1.3107,1.3107,2.6214,0.0,2.6214,0.0,0.0,0,0,0,14.9724,2.6214,0.0,0.0,0.0,0.0,280,137,143,0,312,12,0,204366,0,2,0
328.0,1.3107,1.3107,2.6214,0.0,2.6214,0.0,0.0,0,0,0,15.1944,2.6214,0.0,0.0,0.0,0.0,283,139,144,0,312,12,0,205963,0,2,0
329.0,1.3107,1.3107,2.6214,0.0,2.6214,0.0,0.0,0,0,0,15.2306,2.6214,0.0,0.0,0.0,0.0,284,140,144,0,314,12,0,206195,0,2,0
330.0,1.3107,1.3107,2.6214,0.0,2.6214,0.0,0.0,0,0,0,15.3529,2.6214,0.0,0.0,0.0,0.0,285,141,144,0,315,12,0,206706,0,2,0
331.0,1.3107,1.3107,2.6214,0.0,2.6214,0.0,0.0,0,0,0,15.3614,2.6214,0.0,0.0,0.0,0.0,285,141,144,0,316,12,0,206706,0,2,0
332.0,1.3107,1.3107,2.6214,0.0,2.6214,0.0,0.0,0,0,0,15.3647,2.6214,0.0,0.0,0.0,0.0,285,141,144,0,317,12,0,206706,0,2,0
333.0,1.3107,1.3107,2.6214,0.0,2.6214,0.0,0.0,0,0,0,15.3851,2.6214,0.0,0.0,0.0,0.0,285,141,144,0,318,12,0,206706,0,2,0
334.0,1.3107,1.3107,2.6214,0.0,2.6214,0.0,0.0,0,0,0,15.1543,2.6214,0.0,0.0,0.0,0.0,288,143,145,0,318,12,0,207496,0,2,0
335.0,1.3107,1.3107,2.6214,0.0,2.6214,0.0,0.0,0,0,0,15.1097,2.6214,0.0,0.0,0.0,0.0,289,143,146,0,319,12,0,209033,0,2,0
336.0,1.3107,1.3107,2.6214,0.0,2.6214,0.0,0.0,0,0,0,15.2092,2.6214,0.0,0.0,0.0,0.0,290,144,146,0,321,12,0,209235,0,2,0
337.0,1.3107,1.3107,2.6214,0.0,2.6214,0.0,0.0,0,0,0,14.9408,2.6214,0.0,0.0,0.0,0.0,290,144,146,0,322,12,0,209235,0,2,0
338.0,1.3107,1.3107,2.6214,0.0,2.6214,0.0,0.0,0,0,0,15.0642,2.6214,0.0,0.0,0.0,0.0,290,144,146,0,323,12,0,209235,0,2,0
339.0,1.3107,1.3107,2.6214,0.0,2.6214,0.0,0.0,0,0,0,15.1822,2.6214,0.0,0.0,0.0,0.0,292,145,147,0,323,12,0,209944,0,2,0
340.0,1.3107,1.3107,2.6214,0.0,2.6214,0.0,0.0,0,0,0,15.1869,2.6214,0.0,0.0,0.0,0.0,292,145,147,0,324,12,0,209944,0,2,0
341.0,1.3107,1.3107,2.6214,0.0,2.6214,0.0,0.0,0,0,0,15.4694,2.6214,0.0,0.0,0.0,0.0,292,145,147,0,327,13,0,209944,0,2,0
342.0,1.3107,1.3107,2.6214,0.0,2.6214,0.0,0.0,0,0,0,15.5007,2.6214,0.0,0.0,0.0,0.0,292,145,147,0,328,13,0,209944,0,2,0
343.0,1.3107,1.3107,2.6214,0.0,2.6214,0.0,0.0,0,0,0,15.4845,2.6214,0.0,0.0,0.0,0.0,292,145,147,0,332,13,0,209944,0,2,0
344.0,1.3107,1.3107,2.6214,0.0,2.6214,0.0,0.0,0,0,0,15.3652,2.6214,0.0,0.0,0.0,0.0,292,145,147,0,333,13,0,209944,0,2,0
345.0,1.3107,1.3107,2.6214,0.0,2.6214,0.0,0.0,0,0,0,15.369,2.6214,0.0,0.0,0.0,0.0,292,145,147,0,334,13,0,209944,0,2,0
346.0,1.3107,1.3107,2.6214,0.0,2.6214,0.0,0.0,0,0,0,15.3759,2.6214,0.0,0.0,0.0,0.0,292,145,147,0,335,13,0,209944,0,2,0
347.0,1.3107,1.3107,2.6214,0.0,2.6214,0.0,0.0,0,0,0,15.3784,2.6214,0.0,0.0,0.0,0.0,292,145,147,0,336,13,0,209944,0,2,0
348.0,1.3107,1.3107,2.6214,0.0,2.6214,0.0,0.0,0,0,0,15.6791,2.6214,0.0,0.0,0.0,0.0,295,146,149,0,336,13,0,211864,0,2,0
349.0,1.3107,1.3107,2.6214,0.0,2.6214,0.0,0.0,0,0,0,15.6746,2.6214,0.0,0.0,0.0,0.0,297,148,149,0,336,13,0,212895,0,2,0
350.0,1.3107,1.3107,2.6214,0.0,2.6214,0.0,0.0,0,0,0,15.6746,2.6214,0.0,0.0,0.0,0.0,297,148,149,0,336,13,0,212895,0,2,0
351.0,1.3107,1.3107,2.6214,0.0,2.6214,0.0,0.0,0,0,0,15.505,2.6214,0.0,0.0,0.0,0.0,299,148,151,0,337,13,0,213500,0,2,0
352.0,1.3107,1.3107,2.6214,0.0,2.6214,0.0,0.0,0,0,0,15.5175,2.6214,0.0,0.0,0.0,0.0,299,148,151,0,339,13,0,213500,0,2,0
353.0,1.3107,1.3107,2.6214,0.0,2.6214,0.0,0.0,0,0,0,15.0916,2.6214,0.0,0.0,0.0,0.0,301,149,152,0,340,13,0,215281,0,2,0
354.0,1.3107,1.3107,2.6214,0.0,2.6214,0.0,0.0,0,0,0,15.2105,2.6214,0.0,0.0,0.0,0.0,303,150,153,0,340,13,0,216128,0,2,0
355.0,1.3107,1.3107,2.6214,0.0,2.6214,0.0,0.0,0,0,0,15.1835,2.6214,0.0,0.0,0.0,0.0,303,150,153,0,341,13,0,216128,0,2,0
356.0,1.3107,1.3107,2.6214,0.0,2.6214,0.0,0.0,0,0,0,15.4248,2.6214,0.0,0.0,0.0,0.0,308,154,154,0,342,13,0,218874,0,2,0
357.0,1.3107,1.3107,2.6214,0.0,2.6214,0.0,0.0,0,0,0,15.4265,2.6214,0.0,0.0,0.0,0.0,308,154,154,0,343,13,0,218874,0,2,0
358.0,1.3107,1.3107,2.6214,0.0,2.6214,0.0,0.0,0,0,0,15.4265,2.6214,0.0,0.0,0.0,0.0,308,154,154,0,343,13,0,218874,0,2,0
359.0,1.3107,1.3107,2.6214,0.0,2.6214,0.0,0.0,0,0,0,15.4265,2.6214,0.0,0.0,0.0,0.0,308,154,154,0,345,13,0,218874,0,2,0
360.0,1.3107,1.3107,2.6214,0.0,2.6214,0.0,0.0,0,0,0,15.4352,2.6214,0.0,0.0,0.0,0.0,309,155,154,0,345,13,0,218918,0,2,0
361.0,1.3107,1.3107,2.6214,0.0,2.6214,0.0,0.0,0,0,0,15.5143,2.6214,0.0,0.0,0.0,0.0,311,155,156,0,345,13,0,219665,0,2,0
362.0,1.3107,1.3107,2.6214,0.0,2.6214,0.0,0.0,0,0,0,15.5162,2.6214,0.0,0.0,0.0,0.0,315,158,157,0,345,13,0,223869,0,2,0
363.0,1.3107,1.3107,2.6214,0.0,2.6214,0.0,0.0,0,0,0,15.4324,2.6214,0.0,0.0,0.0,0.0,316,159,157,0,345,13,0,224612,0,2,0
364.0,1.3107,1.3107,2.6214,0.0,2.6214,0.0,0.0,0,0,0,15.4961,2.6214,0.0,0.0,0.0,0.0,317,159,158,0,345,13,0,225008,0,2,0
365.0,1.3107,1.3107,2.6214,0.0,2.6214,0.0,0.0,0,0,0,15.4961,2.6214,0.0,0.0,0.0,0.0,317,159,158,0,345,13,0,225008,0,2,0
366.0,1.3107,1.3107,2.6214,0.0,2.6214,0.0,0.0,0,0,0,15.4698,2.6214,0.0,0.0,0.0,0.0,319,161,158,0,345,13,0,226790,0,2,0
367.0,1.3107,1.3107,2.6214,0.0,2.6214,0.0,0.0,0,0,0,15.5643,2.6214,0.0,0.0,0.0,0.0,320,161,159,0,347,13,0,226889,0,2,0
368.0,1.3107,1.3107,2.6214,0.0,2.6214,0.0,0.0,0,0,0,15.5438,2.6214,0.0,0.0,0.0,0.0,320,161,159,0,350,13,0,226889,0,2,0
369.0,1.3107,1.3107,2.6214,0.0,2.6214,0.0,0.0,0,0,0,15.5466,2.6214,0.0,0.0,0.0,0.0,321,161,160,0,352,13,0,227710,0,2,0
370.0,1.3107,1.3107,2.6214,0.0,2.6214,0.0,0.0,0,0,0,15.4103,2.6214,0.0,0.0,0.0,0.0,322,162,160,0,352,13,0,228150,0,2,0
371.0,1.3107,1.3107,2.6214,0.0,2.6214,0.0,0.0,0,0,0,15.5995,2.6214,0.0,0.0,0.0,0.0,323,163,160,0,352,13,0,229573,0,2,0
372.0,1.3107,1.3107,2.6214,0.0,2.6214,0.0,0.0,0,0,0,15.5995,2.6214,0.0,0.0,0.0,0.0,323,163,160,0,352,13,0,229573,0,2,0
373.0,1.3107,1.3107,2.6214,0.0,2.6214,0.0,0.0,0,0,0,15.5454,2.6214,0.0,0.0,0.0,0.0,324,163,161,0,353,13,0,230613,0,2,0
374.0,1.3107,1.3107,2.6214,0.0,2.6214,0.0,0.0,0,0,0,15.6086,2.6214,0.0,0.0,0.0,0.0,324,163,161,0,354,13,0,230613,0,2,0
375.0,1.3107,1.3107,2.6214,0.0,2.6214,0.0,0.0,0,0,0,15.6108,2.6214,0.0,0.0,0.0,0.0,324,163,161,0,355,13,0,230613,0,2,0
376.0,1.3107,1.3107,2.6214,0.0,2.6214,0.0,0.0,0,0,0,15.2197,2.6214,0.0,0.0,0.0,0.0,325,164,161,0,357,14,0,231247,0,2,0
377.0,1.3107,1.3107,2.6214,0.0,2.6214,0.0,0.0,0,0,0,15.1721,2.6214,0.0,0.0,0.0,0.0,327,164,163,0,357,14,0,233409,0,2,0
378.0,1.3107,1.3107,2.6214,0.0,2.6214,0.0,0.0,0,0,0,15.2439,2.6214,0.0,0.0,0.0,0.0,331,165,166,0,357,14,0,235615,0,2,0
379.0,1.3107,1.3107,2.6214,0.0,2.6214,0.0,0.0,0,0,0,15.0206,2.6214,0.0,0.0,0.0,0.0,332,165,167,0,358,14,0,235709,0,2,0
380.0,1.3107,1.3107,2.6214,0.0,2.6214,0.0,0.0,0,0,0,15.1028,2.6214,0.0,0.0,0.0,0.0,333,165,168,0,358,14,0,236164,0,2,0
381.0,1.3107,1.3107,2.6214,0.0,2.6214,0.0,0.0,0,0,0,15.1509,2.6214,0.0,0.0,0.0,0.0,334,165,169,0,359,14,0,236446,0,2,0
382.0,1.3107,1.3107,2.6214,0.0,2.6214,0.0,0.0,0,0,0,15.1509,2.6214,0.0,0.0,0.0,0.0,334,165,169,0,359,14,0,236446,0,2,0
383.0,1.3107,1.3107,2.6214,0.0,2.6214,0.0,0.0,0,0,0,15.1587,2.6214,0.0,0.0,0.0,0.0,335,165,170,0,359,14,0,236480,0,2,0
384.0,1.3107,1.3107,2.6214,0.0,2.6214,0.0,0.0,0,0,0,15.1587,2.6214,0.0,0.0,0.0,0.0,335,165,170,0,359,14,0,236480,0,2,0
385.0,1.3107,1.3107,2.6214,0.0,2.6214,0.0,0.0,0,0,0,15.1587,2.6214,0.0,0.0,0.0,0.0,335,165,170,0,359,14,0,236480,0,2,0
386.0,1.3107,1.3107,2.6214,0.0,2.6214,0.0,0.0,0,0,0,15.2485,2.6214,0.0,0.0,0.0,0.0,335,165,170,0,360,14,0,236480,0,2,0
387.0,1.3107,1.3107,2.6214,0.0,2.6214,0.0,0.0,0,0,0,15.5155,2.6214,0.0,0.0,0.0,0.0,335,165,170,0,362,14,0,236480,0,2,0
388.0,1.3107,1.3107,2.6214,0.0,2.6214,0.0,0.0,0,0,0,15.4057,2.6214,0.0,0.0,0.0,0.0,338,166,172,0,363,14,0,239182,0,2,0
389.0,1.3107,1.3107,2.6214,0.0,2.6214,0.0,0.0,0,0,0,15.4086,2.6214,0.0,0.0,0.0,0.0,338,166,172,0,364,14,0,239182,0,2,0
390.0,1.3107,1.3107,2.6214,0.0,2.6214,0.0,0.0,0,0,0,15.5006,2.6214,0.0,0.0,0.0,0.0,338,166,172,0,366,14,0,239182,0,2,0
391.0,1.3107,1.3107,2.6214,0.0,2.6214,0.0,0.0,0,0,0,15.6074,2.6214,0.0,0.0,0.0,0.0,338,166,172,0,367,14,0,239182,0,2,0
392.0,1.3107,1.3107,2.6214,0.0,2.6214,0.0,0.0,0,0,0,15.1742,2.6214,0.0,0.0,0.0,0.0,340,168,172,0,368,15,0,242098,0,2,0
393.0,1.3107,1.3107,2.6214,0.0,2.6214,0.0,0.0,0,0,0,15.1742,2.6214,0.0,0.0,0.0,0.0,340,168,172,0,368,15,0,242098,0,2,0
394.0,1.3107,1.3107,2.6214,0.0,2.6214,0.0,0.0,0,0,0,15.4783,2.6214,0.0,0.0,0.0,0.0,343,168,175,0,368,15,0,244336,0,2,0
395.0,1.3107,1.3107,2.6214,0.0,2.6214,0.0,0.0,0,0,0,15.4783,2.6214,0.0,0.0,0.0,0.0,343,168,175,0,368,15,0,244336,0,2,0
396.0,1.3107,1.3107,2.6214,0.0,2.6214,0.0,0.0,0,0,0,15.347,2.6214,0.0,0.0,0.0,0.0,344,168,176,0,370,15,0,246770,0,2,0
397.0,1.3107,1.3107,2.6214,0.0,2.6214,0.0,0.0,0,0,0,15.6086,2.6214,0.0,0.0,0.0,0.0,344,168,176,0,373,15,0,246770,0,2,0
398.0,1.3107,1.3107,2.6214,0.0,2.6214,0.0,0.0,0,0,0,15.5297,2.6214,0.0,0.0,0.0,0.0,344,168,176,0,375,15,0,246770,0,2,0
399.0,1.3107,1.3107,2.6214,0.0,2.6214,0.0,0.0,0,0,0,15.4211,2.6214,0.0,0.0,0.0,0.0,345,168,177,0,375,15,0,249736,0,2,0
400.0,1.3107,1.3107,2.6214,0.0,2.6214,0.0,0.0,0,0,0,15.4211,2.6214,0.0,0.0,0.0,0.0,345,168,177,0,375,15,0,249736,0,2,0
401.0,1.3107,1.3107,2.6214,0.0,2.6214,0.0,0.0,0,0,0,15.3264,2.6214,0.0,0.0,0.0,0.0,347,169,178,0,375,15,0,251974,0,2,0
402.0,1.3107,1.3107,2.6214,0.0,2.6214,0.0,0.0,0,0,0,15.1396,2.6214,0.0,0.0,0.0,0.0,348,170,178,0,375,15,0,253959,0,2,0
403.0,1.3107,1.3107,2.6214,0.0,2.6214,0.0,0.0,0,0,0,15.1975,2.6214,0.0,0.0,0.0,0.0,349,171,178,0,375,15,0,254369,0,2,0
404.0,1.3107,1.3107,2.6214,0.0,2.6214,0.0,0.0,0,0,0,15.4677,2.6214,0.0,0.0,0.0,0.0,352,173,179,0,377,15,0,256238,0,2,0
405.0,1.3107,1.3107,2.6214,0.0,2.6214,0.0,0.0,0,0,0,15.4677,2.6214,0.0,0.0,0.0,0.0,352,173,179,0,377,15,0,256238,0,2,0
406.0,1.3107,1.3107,2.6214,0.0,2.6214,0.0,0.0,0,0,0,15.0565,2.6214,0.0,0.0,0.0,0.0,353,174,179,0,377,15,0,258175,0,2,0
407.0,1.3107,1.3107,2.6214,0.0,2.6214,0.0,0.0,0,0,0,15.0565,2.6214,0.0,0.0,0.0,0.0,353,174,179,0,377,15,0,258175,0,2,0
408.0,1.3107,1.3107,2.6214,0.0,2.6214,0.0,0.0,0,0,0,15.0565,2.6214,0.0,0.0,0.0,0.0,353,174,179,0,377,15,0,258175,0,2,0
409.0,1.3107,1.3107,2.6214,0.0,2.6214,0.0,0.0,0,0,0,15.0586,2.6214,0.0,0.0,0.0,0.0,353,174,179,0,378,15,0,258175,0,2,0
410.0,1.3107,1.3107,2.6214,0.0,2.6214,0.0,0.0,0,0,0,14.9328,2.6214,0.0,0.0,0.0,0.0,353,174,179,0,379,15,0,258175,0,2,0
411.0,1.3107,1.3107,2.6214,0.0,2.6214,0.0,0.0,0,0,0,14.9803,2.6214,0.0,0.0,0.0,0.0,353,174,179,0,383,15,0,258175,0,2,0
412.0,1.3107,1.3107,2.6214,0.0,2.6214,0.0,0.0,0,0,0,15.0228,2.6214,0.0,0.0,0.0,0.0,353,174,179,0,386,15,0,258175,0,2,0
413.0,1.3107,1.3107,2.6214,0.0,2.6214,0.0,0.0,0,0,0,15.3165,2.6214,0.0,0.0,0.0,0.0,353,174,179,0,388,15,0,258175,0,2,0
414.0,1.3107,1.3107,2.6214,0.0,2.6214,0.0,0.0,0,0,0,15.1623,2.6214,0.0,0.0,0.0,0.0,356,175,181,0,388,15,0,261564,0,2,0
415.0,1.3107,1.3107,2.6214,0.0,2.6214,0.0,0.0,0,0,0,15.0304,2.6214,0.0,0.0,0.0,0.0,357,175,182,0,388,15,0,262530,0,2,0
416.0,1.3107,1.3107,2.6214,0.0,2.6214,0.0,0.0,0,0,0,15.0304,2.6214,0.0,0.0,0.0,0.0,357,175,182,0,388,15,0,262530,0,2,0
417.0,1.3107,1.3107,2.6214,0.0,2.6214,0.0,0.0,0,0,0,15.251,2.6214,0.0,0.0,0.0,0.0,358,176,182,0,389,15,0,263895,0,2,0
418.0,1.3107,1.3107,2.6214,0.0,2.6214,0.0,0.0,0,0,0,15.2538,2.6214,0.0,0.0,0.0,0.0,358,176,182,0,390,15,0,263895,0,2,0
419.0,1.3107,1.3107,2.6214,0.0,2.6214,0.0,0.0,0,0,0,15.3487,2.6214,0.0,0.0,0.0,0.0,358,176,182,0,393,15,0,263895,0,2,0
420.0,1.3107,1.3107,2.6214,0.0,2.6214,0.0,0.0,0,0,0,15.1298,2.6214,0.0,0.0,0.0,0.0,360,176,184,0,393,15,0,265509,0,2,0
421.0,1.3107,1.3107,2.6214,0.0,2.6214,0.0,0.0,0,0,0,14.9646,2.6214,0.0,0.0,0.0,0.0,361,176,185,0,393,15,0,266040,0,2,0
422.0,1.3107,1.3107,2.6214,0.0,2.6214,0.0,0.0,0,0,0,14.9646,2.6214,0.0,0.0,0.0,0.0,361,176,185,0,393,15,0,266040,0,2,0
423.0,1.3107,1.3107,2.6214,0.0,2.6214,0.0,0.0,0,0,0,14.9646,2.6214,0.0,0.0,0.0,0.0,361,176,185,0,393,15,0,266040,0,2,0
424.0,1.3107,1.3107,2.6214,0.0,2.6214,0.0,0.0,0,0,0,14.5928,2.6214,0.0,0.0,0.0,0.0,362,177,185,0,394,15,0,266075,0,2,0
425.0,1.3107,1.3107,2.6214,0.0,2.6214,0.0,0.0,0,0,0,15.0846,2.6214,0.0,0.0,0.0,0.0,365,178,187,0,394,15,0,269675,0,2,0
426.0,1.3107,1.3107,2.6214,0.0,2.6214,0.0,0.0,0,0,0,14.5022,2.6214,0.0,0.0,0.0,0.0,366,179,187,0,394,15,0,270480,0,2,0
427.0,1.3107,1.3107,2.6214,0.0,2.6214,0.0,0.0,0,0,0,14.5919,2.6214,0.0,0.0,0.0,0.0,367,180,187,0,394,15,0,271099,0,2,0
428.0,1.3107,1.3107,2.6214,0.0,2.6214,0.0,0.0,0,0,0,15.0581,2.6214,0.0,0.0,0.0,0.0,369,181,188,0,394,15,0,274561,0,2,0
429.0,1.3107,1.3107,2.6214,0.0,2.6214,0.0,0.0,0,0,0,15.0796,2.6214,0.0,0.0,0.0,0.0,369,181,188,0,396,15,0,274561,0,2,0
430.0,1.3107,1.3107,2.6214,0.0,2.6214,0.0,0.0,0,0,0,15.1819,2.6214,0.0,0.0,0.0,0.0,369,181,188,0,397,15,0,274561,0,2,0
431.0,1.3107,1.3107,2.6214,0.0,2.6214,0.0,0.0,0,0,0,15.3121,2.6214,0.0,0.0,0.0,0.0,369,181,188,0,399,15,0,274561,0,2,0
432.0,1.3107,1.3107,2.6214,0.0,2.6214,0.0,0.0,0,0,0,15.4483,2.6214,0.0,0.0,0.0,0.0,369,181,188,0,400,15,0,274561,0,2,0
433.0,1.3107,1.3107,2.6214,0.0,2.6214,0.0,0.0,0,0,0,15.3434,2.6214,0.0,0.0,0.0,0.0,370,182,188,0,402,15,0,275457,0,2,0
434.0,1.3107,1.3107,2.6214,0.0,2.6214,0.0,0.0,0,0,0,15.3716,2.6214,0.0,0.0,0.0,0.0,370,182,188,0,404,15,0,275457,0,2,0
435.0,1.3107,1.3107,2.6214,0.0,2.6214,0.0,0.0,0,0,0,15.5322,2.6214,0.0,0.0,0.0,0.0,370,182,188,0,405,15,0,275457,0,2,0
436.0,1.3107,1.3107,2.6214,0.0,2.6214,0.0,0.0,0,0,0,15.6693,2.6214,0.0,0.0,0.0,0.0,370,182,188,0,406,15,0,275457,0,2,0
437.0,1.3107,1.3107,2.6214,0.0,2.6214,0.0,0.0,0,0,0,15.0129,2.6214,0.0,0.0,0.0,0.0,372,182,190,0,407,15,0,277066,0,2,0
438.0,1.3107,1.3107,2.6214,0.0,2.6214,0.0,0.0,0,0,0,15.0275,2.6214,0.0,0.0,0.0,0.0,372,182,190,0,407,15,0,277066,0,2,0
439.0,1.3107,1.3107,2.6214,0.0,2.6214,0.0,0.0,0,0,0,14.9442,2.6214,0.0,0.0,0.0,0.0,374,183,191,0,407,15,0,278296,0,2,0
440.0,1.3107,1.3107,2.6214,0.0,2.6214,0.0,0.0,0,0,0,14.9847,2.6214,0.0,0.0,0.0,0.0,375,183,192,0,407,15,0,278559,0,2,0
441.0,1.3107,1.3107,2.6214,0.0,2.6214,0.0,0.0,0,0,0,15.0321,2.6214,0.0,0.0,0.0,0.0,376,184,192,0,407,15,0,278886,0,2,0
442.0,1.3107,1.3107,2.6214,0.0,2.6214,0.0,0.0,0,0,0,15.0399,2.6214,0.0,0.0,0.0,0.0,376,184,192,0,408,15,0,278886,0,2,0
443.0,1.3107,1.3107,2.6214,0.0,2.6214,0.0,0.0,0,0,0,15.0416,2.6214,0.0,0.0,0.0,0.0,376,184,192,0,409,15,0,278886,0,2,0
444.0,1.3107,1.3107,2.6214,0.0,2.6214,0.0,0.0,0,0,0,15.0416,2.6214,0.0,0.0,0.0,0.0,376,184,192,0,409,15,0,278886,0,2,0
445.0,1.3107,1.3107,2.6214,0.0,2.6214,0.0,0.0,0,0,0,15.221,2.6214,0.0,0.0,0.0,0.0,377,185,192,0,411,15,0,279608,0,2,0
446.0,1.3107,1.3107,2.6214,0.0,2.6214,0.0,0.0,0,0,0,15.3976,2.6214,0.0,0.0,0.0,0.0,379,187,192,0,411,15,0,280937,0,2,0
447.0,1.3107,1.3107,2.6214,0.0,2.6214,0.0,0.0,0,0,0,15.4015,2.6214,0.0,0.0,0.0,0.0,379,187,192,0,412,15,0,280937,0,2,0
448.0,1.3107,1.3107,2.6214,0.0,2.6214,0.0,0.0,0,0,0,15.4129,2.6214,0.0,0.0,0.0,0.0,379,187,192,0,413,15,0,280937,0,2,0
449.0,1.3107,1.3107,2.6214,0.0,2.6214,0.0,0.0,0,0,0,15.2522,2.6214,0.0,0.0,0.0,0.0,379,187,192,0,417,15,0,280937,0,2,0
450.0,1.3107,1.3107,2.6214,0.0,2.6214,0.0,0.0,0,0,0,15.4644,2.6214,0.0,0.0,0.0,0.0,379,187,192,0,419,15,0,280937,0,2,0
451.0,1.3107,1.3107,2.6214,0.0,2.6214,0.0,0.0,0,0,0,15.5738,2.6214,0.0,0.0,0.0,0.0,379,187,192,0,422,15,0,280937,0,2,0
452.0,1.3107,1.3107,2.6214,0.0,2.6214,0.0,0.0,0,0,0,15.2861,2.6214,0.0,0.0,0.0,0.0,382,190,192,0,422,15,0,284635,0,2,0
453.0,1.3107,1.3107,2.6214,0.0,2.6214,0.0,0.0,0,0,0,15.3063,2.6214,0.0,0.0,0.0,0.0,385,192,193,0,422,15,0,288385,0,2,0
454.0,1.3107,1.3107,2.6214,0.0,2.6214,0.0,0.0,0,0,0,15.1789,2.6214,0.0,0.0,0.0,0.0,387,193,194,0,422,15,0,289360,0,2,0
455.0,1.3107,1.3107,2.6214,0.0,2.6214,0.0,0.0,0,0,0,15.2328,2.6214,0.0,0.0,0.0,0.0,388,193,195,0,422,15,0,289745,0,2,0
456.0,1.3107,1.3107,2.6214,0.0,2.6214,0.0,0.0,0,0,0,15.2328,2.6214,0.0,0.0,0.0,0.0,388,193,195,0,422,15,0,289745,0,2,0
457.0,1.3107,1.3107,2.6214,0.0,2.6214,0.0,0.0,0,0,0,15.3451,2.6214,0.0,0.0,0.0,0.0,390,193,197,0,422,15,0,290520,0,2,0
458.0,1.3107,1.3107,2.6214,0.0,2.6214,0.0,0.0,0,0,0,15.2504,2.6214,0.0,0.0,0.0,0.0,391,194,197,0,422,15,0,294725,0,2,0
459.0,1.3107,1.3107,2.6214,0.0,2.6214,0.0,0.0,0,0,0,14.8765,2.6214,0.0,0.0,0.0,0.0,392,195,197,0,422,15,0,295748,0,2,0
460.0,1.3107,1.3107,2.6214,0.0,2.6214,0.0,0.0,0,0,0,14.8765,2.6214,0.0,0.0,0.0,0.0,392,195,197,0,422,15,0,295748,0,2,0
461.0,1.3107,1.3107,2.6214,0.0,2.6214,0.0,0.0,0,0,0,15.0766,2.6214,0.0,0.0,0.0,0.0,394,196,198,0,422,15,0,297156,0,2,0
462.0,1.3107,1.3107,2.6214,0.0,2.6214,0.0,0.0,0,0,0,14.779,2.6214,0.0,0.0,0.0,0.0,395,196,199,0,422,15,0,297970,0,2,0
463.0,1.3107,1.3107,2.6214,0.0,2.6214,0.0,0.0,0,0,0,14.9793,2.6214,0.0,0.0,0.0,0.0,396,197,199,0,423,15,0,299023,0,2,0
464.0,1.3107,1.3107,2.6214,0.0,2.6214,0.0,0.0,0,0,0,14.9793,2.6214,0.0,0.0,0.0,0.0,396,197,199,0,423,15,0,299023,0,2,0
465.0,1.3107,1.3107,2.6214,0.0,2.6214,0.0,0.0,0,0,0,15.173,2.6214,0.0,0.0,0.0,0.0,398,197,201,0,423,15,0,300452,0,2,0
466.0,1.3107,1.3107,2.6214,0.0,2.6214,0.0,0.0,0,0,0,14.899,2.6214,0.0,0.0,0.0,0.0,399,197,202,0,423,15,0,301387,0,2,0
467.0,1.3107,1.3107,2.6214,0.0,2.6214,0.0,0.0,0,0,0,14.9607,2.6214,0.0,0.0,0.0,0.0,400,198,202,0,424,15,0,301796,0,2,0
468.0,1.3107,1.3107,2.6214,0.0,2.6214,0.0,0.0,0,0,0,15.1007,2.6214,0.0,0.0,0.0,0.0,401,198,203,0,424,15,0,302612,0,2,0
469.0,1.3107,1.3107,2.6214,0.0,2.6214,0.0,0.0,0,0,0,15.2277,2.6214,0.0,0.0,0.0,0.0,402,199,203,0,424,15,0,303525,0,2,0
470.0,1.3107,1.3107,2.6214,0.0,2.6214,0.0,0.0,0,0,0,15.2854,2.6214,0.0,0.0,0.0,0.0,402,199,203,0,427,15,0,303525,0,2,0
471.0,1.3107,1.3107,2.6214,0.0,2.6214,0.0,0.0,0,0,0,15.1404,2.6214,0.0,0.0,0.0,0.0,402,199,203,0,429,15,0,303525,0,2,0
472.0,1.3107,1.3107,2.6214,0.0,2.6214,0.0,0.0,0,0,0,15.0028,2.6214,0.0,0.0,0.0,0.0,404,199,205,0,430,15,0,306909,0,2,0
473.0,1.3107,1.3107,2.6214,0.0,2.6214,0.0,0.0,0,0,0,15.076,2.6214,0.0,0.0,0.0,0.0,405,200,205,0,430,15,0,307468,0,2,0
474.0,1.3107,1.3107,2.6214,0.0,2.6214,0.0,0.0,0,0,0,15.1678,2.6214,0.0,0.0,0.0,0.0,406,201,205,0,431,15,0,308055,0,2,0
475.0,1.3107,1.3107,2.6214,0.0,2.6214,0.0,0.0,0,0,0,15.1678,2.6214,0.0,0.0,0.0,0.0,406,201,205,0,431,15,0,308055,0,2,0
476.0,1.3107,1.3107,2.6214,0.0,2.6214,0.0,0.0,0,0,0,15.1678,2.6214,0.0,0.0,0.0,0.0,406,201,205,0,431,15,0,308055,0,2,0
477.0,1.3107,1.3107,2.6214,0.0,2.6214,0.0,0.0,0,0,0,15.1678,2.6214,0.0,0.0,0.0,0.0,406,201,205,0,431,15,0,308055,0,2,0
478.0,1.3107,1.3107,2.6214,0.0,2.6214,0.0,0.0,0,0,0,15.2504,2.6214,0.0,0.0,0.0,0.0,406,201,205,0,433,15,0,308055,0,2,0
479.0,1.3107,1.3107,2.6214,0.0,2.6214,0.0,0.0,0,0,0,15.458,2.6214,0.0,0.0,0.0,0.0,406,201,205,0,437,15,0,308055,0,2,0
480.0,1.3107,1.3107,2.6214,0.0,2.6214,0.0,0.0,0,0,0,15.4498,2.6214,0.0,0.0,0.0,0.0,406,201,205,0,439,15,0,308055,0,2,0
481.0,1.3107,1.3107,2.6214,0.0,2.6214,0.0,0.0,0,0,0,15.4863,2.6214,0.0,0.0,0.0,0.0,406,201,205,0,440,15,0,308055,0,2,0
482.0,1.3107,1.3107,2.6214,0.0,2.6214,0.0,0.0,0,0,0,15.2586,2.6214,0.0,0.0,0.0,0.0,408,202,206,0,440,15,0,309274,0,2,0
483.0,1.3107,1.3107,2.6214,0.0,2.6214,0.0,0.0,0,0,0,15.3821,2.6214,0.0,0.0,0.0,0.0,408,202,206,0,441,15,0,309274,0,2,0
484.0,1.3107,1.3107,2.6214,0.0,2.6214,0.0,0.0,0,0,0,15.3885,2.6214,0.0,0.0,0.0,0.0,408,202,206,0,443,15,0,309274,0,2,0
485.0,1.3107,1.3107,2.6214,0.0,2.6214,0.0,0.0,0,0,0,15.3885,2.6214,0.0,0.0,0.0,0.0,408,202,206,0,443,15,0,309274,0,2,0
486.0,1.3107,1.3107,2.6214,0.0,2.6214,0.0,0.0,0,0,0,15.3479,2.6214,0.0,0.0,0.0,0.0,408,202,206,0,444,15,0,309274,0,2,0
487.0,1.3107,1.3107,2.6214,0.0,2.6214,0.0,0.0,0,0,0,15.4377,2.6214,0.0,0.0,0.0,0.0,408,202,206,0,447,15,0,309274,0,2,0
488.0,1.3107,1.3107,2.6214,0.0,2.6214,0.0,0.0,0,0,0,15.5736,2.6214,0.0,0.0,0.0,0.0,408,202,206,0,448,15,0,309274,0,2,0
489.0,1.3107,1.3107,2.6214,0.0,2.6214,0.0,0.0,0,0,0,15.3917,2.6214,0.0,0.0,0.0,0.0,409,203,206,0,450,15,0,310545,0,2,0
490.0,1.3107,1.3107,2.6214,0.0,2.6214,0.0,0.0,0,0,0,15.3917,2.6214,0.0,0.0,0.0,0.0,409,203,206,0,450,15,0,310545,0,2,0
491.0,1.3107,1.3107,2.6214,0.0,2.6214,0.0,0.0,0,0,0,15.2227,2.6214,0.0,0.0,0.0,0.0,413,204,209,0,450,15,0,314658,0,2,0
492.0,1.3107,1.3107,2.6214,0.0,2.6214,0.0,0.0,0,0,0,15.2227,2.6214,0.0,0.0,0.0,0.0,413,204,209,0,450,15,0,314658,0,2,0
493.0,1.3107,1.3107,2.6214,0.0,2.6214,0.0,0.0,0,0,0,14.8507,2.6214,0.0,0.0,0.0,0.0,414,205,209,0,450,15,0,315384,0,2,0
494.0,1.3107,1.3107,2.6214,0.0,2.6214,0.0,0.0,0,0,0,15.0619,2.6214,0.0,0.0,0.0,0.0,416,206,210,0,450,15,0,316941,0,2,0
495.0,1.3107,1.3107,2.6214,0.0,2.6214,0.0,0.0,0,0,0,15.0838,2.6214,0.0,0.0,0.0,0.0,417,206,211,0,450,15,0,317071,0,2,0
496.0,1.3107,1.3107,2.6214,0.0,2.6214,0.0,0.0,0,0,0,15.1251,2.6214,0.0,0.0,0.0,0.0,418,206,212,0,450,15,0,317365,0,2,0
497.0,1.3107,1.3107,2.6214,0.0,2.6214,0.0,0.0,0,0,0,15.1251,2.6214,0.0,0.0,0.0,0.0,418,206,212,0,450,15,0,317365,0,2,0
498.0,1.3107,1.3107,2.6214,0.0,2.6214,0.0,0.0,0,0,0,14.8297,2.6214,0.0,0.0,0.0,0.0,421,208,213,0,450,15,0,319848,0,2,0
499.0,1.3107,1.3107,2.6214,0.0,2.6214,0.0,0.0,0,0,0,15.1254,2.6214,0.0,0.0,0.0,0.0,421,208,213,0,453,15,0,319848,0,2,0
500.0,1.3107,1.3107,2.6214,0.0,2.6214,0.0,0.0,0,0,0,15.1254,2.6214,0.0,0.0,0.0,0.0,421,208,213,0,453,15,0,319848,0,2,0
501.0,1.3107,1.3107,2.6214,0.0,2.6214,0.0,0.0,0,0,0,15.1254,2.6214,0.0,0.0,0.0,0.0,421,208,213,0,453,15,0,319848,0,2,0
502.0,1.3107,1.3107,2.6214,0.0,2.6214,0.0,0.0,0,0,0,15.3125,2.6214,0.0,0.0,0.0,0.0,421,208,213,0,457,16,0,319848,0,2,0
503.0,1.3107,1.3107,2.6214,0.0,2.6214,0.0,0.0,0,0,0,15.4171,2.6214,0.0,0.0,0.0,0.0,421,208,213,0,458,16,0,319848,0,2,0
504.0,1.3107,1.3107,2.6214,0.0,2.6214,0.0,0.0,0,0,0,14.778,2.6214,0.0,0.0,0.0,0.0,422,208,214,0,461,17,0,320174,0,2,0
505.0,1.3107,1.3107,2.6214,0.0,2.6214,0.0,0.0,0,0,0,14.905,2.6214,0.0,0.0,0.0,0.0,422,208,214,0,462,17,0,320174,0,2,0
506.0,1.3107,1.3107,2.6214,0.0,2.6214,0.0,0.0,0,0,0,14.9106,2.6214,0.0,0.0,0.0,0.0,422,208,214,0,463,17,0,320174,0,2,0
507.0,1.3107,1.3107,2.6214,0.0,2.6214,0.0,0.0,0,0,0,14.9149,2.6214,0.0,0.0,0.0,0.0,422,208,214,0,464,18,0,320174,0,2,0
508.0,1.3107,1.3107,2.6214,0.0,2.6214,0.0,0.0,0,0,0,15.2456,2.6214,0.0,0.0,0.0,0.0,422,208,214,0,466,18,0,320174,0,2,0
509.0,1.3107,1.3107,2.6214,0.0,2.6214,0.0,0.0,0,0,0,15.3155,2.6214,0.0,0.0,0.0,0.0,422,208,214,0,469,18,0,320174,0,2,0
510.0,1.3107,1.3107,2.6214,0.0,2.6214,0.0,0.0,0,0,0,15.3155,2.6214,0.0,0.0,0.0,0.0,422,208,214,0,469,18,0,320174,0,2,0
511.0,1.3107,1.3107,2.6214,0.0,2.6214,0.0,0.0,0,0,0,15.3044,2.6214,0.0,0.0,0.0,0.0,424,210,214,0,469,19,0,322003,0,2,0
512.0,1.3107,1.3107,2.6214,0.0,2.6214,0.0,0.0,0,0,0,15.4108,2.6214,0.0,0.0,0.0,0.0,425,211,214,0,469,19,0,322763,0,2,0
513.0,1.3107,1.3107,2.6214,0.0,2.6214,0.0,0.0,0,0,0,14.7198,2.6214,0.0,0.0,0.0,0.0,426,212,214,0,469,19,0,323427,0,2,0
514.0,1.3107,1.3107,2.6214,0.0,2.6214,0.0,0.0,0,0,0,14.7198,2.6214,0.0,0.0,0.0,0.0,426,212,214,0,469,19,0,323427,0,2,0
515.0,1.3107,1.3107,2.6214,0.0,2.6214,0.0,0.0,0,0,0,14.7198,2.6214,0.0,0.0,0.0,0.0,426,212,214,0,469,19,0,323427,0,2,0
516.0,1.3107,1.3107,2.6214,0.0,2.6214,0.0,0.0,0,0,0,14.7628,2.6214,0.0,0.0,0.0,0.0,427,213,214,0,469,19,0,323723,0,2,0
517.0,1.3107,1.3107,2.6214,0.0,2.6214,0.0,0.0,0,0,0,14.7628,2.6214,0.0,0.0,0.0,0.0,427,213,214,0,469,19,0,323723,0,2,0
518.0,1.3107,1.3107,2.6214,0.0,2.6214,0.0,0.0,0,0,0,14.6772,2.6214,0.0,0.0,0.0,0.0,430,215,215,0,470,19,0,325947,0,2,0
519.0,1.3107,1.3107,2.6214,0.0,2.6214,0.0,0.0,0,0,0,14.8228,2.6214,0.0,0.0,0.0,0.0,430,215,215,0,472,19,0,325947,0,2,0
520.0,1.3107,1.3107,2.6214,0.0,2.6214,0.0,0.0,0,0,0,14.8326,2.6214,0.0,0.0,0.0,0.0,430,215,215,0,473,19,0,325947,0,2,0
521.0,1.3107,1.3107,2.6214,0.0,2.6214,0.0,0.0,0,0,0,14.8921,2.6214,0.0,0.0,0.0,0.0,430,215,215,0,474,19,0,325947,0,2,0
522.0,1.3107,1.3107,2.6214,0.0,2.6214,0.0,0.0,0,0,0,14.6809,2.6214,0.0,0.0,0.0,0.0,430,215,215,0,476,19,0,325947,0,2,0
523.0,1.3107,1.3107,2.6214,0.0,2.6214,0.0,0.0,0,0,0,14.6841,2.6214,0.0,0.0,0.0,0.0,430,215,215,0,477,19,0,325947,0,2,0
524.0,1.3107,1.3107,2.6214,0.0,2.6214,0.0,0.0,0,0,0,14.6841,2.6214,0.0,0.0,0.0,0.0,430,215,215,0,477,19,0,325947,0,2,0
525.0,1.3107,1.3107,2.6214,0.0,2.6214,0.0,0.0,0,0,0,14.6841,2.6214,0.0,0.0,0.0,0.0,430,215,215,0,477,19,0,325947,0,2,0
526.0,1.3107,1.3107,2.6214,0.0,2.6214,0.0,0.0,0,0,0,14.6841,2.6214,0.0,0.0,0.0,0.0,430,215,215,0,477,19,0,325947,0,2,0
527.0,1.3107,1.3107,2.6214,0.0,2.6214,0.0,0.0,0,0,0,14.3526,2.6214,0.0,0.0,0.0,0.0,431,215,216,0,477,19,0,326391,0,2,0
528.0,1.3107,1.3107,2.6214,0.0,2.6214,0.0,0.0,0,0,0,14.4915,2.6214,0.0,0.0,0.0,0.0,432,216,216,0,478,19,0,327414,0,2,0
529.0,1.3107,1.3107,2.6214,0.0,2.6214,0.0,0.0,0,0,0,14.4933,2.6214,0.0,0.0,0.0,0.0,432,216,216,0,479,19,0,327414,0,2,0
530.0,1.3107,1.3107,2.6214,0.0,2.6214,0.0,0.0,0,0,0,14.5014,2.6214,0.0,0.0,0.0,0.0,432,216,216,0,480,19,0,327414,0,2,0
531.0,1.3107,1.3107,2.6214,0.0,2.6214,0.0,0.0,0,0,0,14.5481,2.6214,0.0,0.0,0.0,0.0,432,216,216,0,481,19,0,327414,0,2,0
532.0,1.3107,1.3107,2.6214,0.0,2.6214,0.0,0.0,0,0,0,14.5481,2.6214,0.0,0.0,0.0,0.0,432,216,216,0,481,19,0,327414,0,2,0
533.0,1.3107,1.3107,2.6214,0.0,2.6214,0.0,0.0,0,0,0,14.8417,2.6214,0.0,0.0,0.0,0.0,432,216,216,0,484,19,0,327414,0,2,0
534.0,1.3107,1.3107,2.6214,0.0,2.6214,0.0,0.0,0,0,0,14.9263,2.6214,0.0,0.0,0.0,0.0,435,218,217,0,484,19,0,333019,0,2,0
535.0,1.3107,1.3107,2.6214,0.0,2.6214,0.0,0.0,0,0,0,14.9263,2.6214,0.0,0.0,0.0,0.0,435,218,217,0,484,19,0,333019,0,2,0
536.0,1.3107,1.3107,2.6214,0.0,2.6214,0.0,0.0,0,0,0,15.124,2.6214,0.0,0.0,0.0,0.0,437,220,217,0,484,19,0,334507,0,2,0
537.0,1.3107,1.3107,2.6214,0.0,2.6214,0.0,0.0,0,0,0,14.9173,2.6214,0.0,0.0,0.0,0.0,438,220,218,0,485,19,0,335259,0,2,0
538.0,1.3107,1.3107,2.6214,0.0,2.6214,0.0,0.0,0,0,0,14.9199,2.6214,0.0,0.0,0.0,0.0,438,220,218,0,486,19,0,335259,0,2,0
539.0,1.3107,1.3107,2.6214,0.0,2.6214,0.0,0.0,0,0,0,15.1226,2.6214,0.0,0.0,0.0,0.0,438,220,218,0,491,19,0,335259,0,2,0
540.0,1.3107,1.3107,2.6214,0.0,2.6214,0.0,0.0,0,0,0,15.1716,2.6214,0.0,0.0,0.0,0.0,439,220,219,0,493,19,0,335290,0,2,0
541.0,1.3107,1.3107,2.6214,0.0,2.6214,0.0,0.0,0,0,0,15.1716,2.6214,0.0,0.0,0.0,0.0,439,220,219,0,493,19,0,335290,0,2,0
542.0,1.3107,1.3107,2.6214,0.0,2.6214,0.0,0.0,0,0,0,15.4419,2.6214,0.0,0.0,0.0,0.0,439,220,219,0,495,19,0,335290,0,2,0
543.0,1.3107,1.3107,2.6214,0.0,2.6214,0.0,0.0,0,0,0,14.72,2.6214,0.0,0.0,0.0,0.0,440,220,220,0,495,19,0,336101,0,2,0
544.0,1.3107,1.3107,2.6214,0.0,2.6214,0.0,0.0,0,0,0,14.8396,2.6214,0.0,0.0,0.0,0.0,442,220,222,0,498,19,0,336892,0,2,0
545.0,1.3107,1.3107,2.6214,0.0,2.6214,0.0,0.0,0,0,0,14.72,2.6214,0.0,0.0,0.0,0.0,443,220,223,0,498,19,0,337915,0,2,0
546.0,1.3107,1.3107,2.6214,0.0,2.6214,0.0,0.0,0,0,0,14.72,2.6214,0.0,0.0,0.0,0.0,443,220,223,0,498,19,0,337915,0,2,0
547.0,1.3107,1.3107,2.6214,0.0,2.6214,0.0,0.0,0,0,0,14.7986,2.6214,0.0,0.0,0.0,0.0,444,221,223,0,499,19,0,338415,0,2,0
548.0,1.3107,1.3107,2.6214,0.0,2.6214,0.0,0.0,0,0,0,14.7986,2.6214,0.0,0.0,0.0,0.0,444,221,223,0,499,19,0,338415,0,2,0
549.0,1.3107,1.3107,2.6214,0.0,2.6214,0.0,0.0,0,0,0,14.7986,2.6214,0.0,0.0,0.0,0.0,444,221,223,0,499,19,0,338415,0,2,0
550.0,1.3107,1.3107,2.6214,0.0,2.6214,0.0,0.0,0,0,0,14.9433,2.6214,0.0,0.0,0.0,0.0,445,221,224,0,500,19,0,339466,0,2,0
551.0,1.3107,1.3107,2.6214,0.0,2.6214,0.0,0.0,0,0,0,14.9433,2.6214,0.0,0.0,0.0,0.0,445,221,224,0,500,19,0,339466,0,2,0
552.0,1.3107,1.3107,2.6214,0.0,2.6214,0.0,0.0,0,0,0,14.9456,2.6214,0.0,0.0,0.0,0.0,445,221,224,0,501,19,0,339466,0,2,0
553.0,1.3107,1.3107,2.6214,0.0,2.6214,0.0,0.0,0,0,0,15.0878,2.6214,0.0,0.0,0.0,0.0,445,221,224,0,503,19,0,339466,0,2,0
554.0,1.3107,1.3107,2.6214,0.0,2.6214,0.0,0.0,0,0,0,15.0878,2.6214,0.0,0.0,0.0,0.0,445,221,224,0,503,19,0,339466,0,2,0
555.0,1.3107,1.3107,2.6214,0.0,2.6214,0.0,0.0,0,0,0,15.138,2.6214,0.0,0.0,0.0,0.0,445,221,224,0,505,19,0,339466,0,2,0
556.0,1.3107,1.3107,2.6214,0.0,2.6214,0.0,0.0,0,0,0,14.9916,2.6214,0.0,0.0,0.0,0.0,445,221,224,0,506,19,0,339466,0,2,0
557.0,1.3107,1.3107,2.6214,0.0,2.6214,0.0,0.0,0,0,0,15.1699,2.6214,0.0,0.0,0.0,0.0,445,221,224,0,511,19,0,339466,0,2,0
558.0,1.3107,1.3107,2.6214,0.0,2.6214,0.0,0.0,0,0,0,14.4707,2.6214,0.0,0.0,0.0,0.0,447,222,225,0,511,19,0,340165,0,2,0
559.0,1.3107,1.3107,2.6214,0.0,2.6214,0.0,0.0,0,0,0,14.4707,2.6214,0.0,0.0,0.0,0.0,447,222,225,0,511,19,0,340165,0,2,0
560.0,1.3107,1.3107,2.6214,0.0,2.6214,0.0,0.0,0,0,0,14.6316,2.6214,0.0,0.0,0.0,0.0,448,223,225,0,512,19,0,341290,0,2,0
561.0,1.3107,1.3107,2.6214,0.0,2.6214,0.0,0.0,0,0,0,14.6316,2.6214,0.0,0.0,0.0,0.0,448,223,225,0,512,19,0,341290,0,2,0
562.0,1.3107,1.3107,2.6214,0.0,2.6214,0.0,0.0,0,0,0,14.6316,2.6214,0.0,0.0,0.0,0.0,448,223,225,0,512,19,0,341290,0,2,0
563.0,1.3107,1.3107,2.6214,0.0,2.6214,0.0,0.0,0,0,0,15.0132,2.6214,0.0,0.0,0.0,0.0,448,223,225,0,513,19,0,341290,0,2,0
564.0,1.3107,1.3107,2.6214,0.0,2.6214,0.0,0.0,0,0,0,15.099,2.6214,0.0,0.0,0.0,0.0,449,223,226,0,513,19,0,341779,0,2,0
565.0,1.3107,1.3107,2.6214,0.0,2.6214,0.0,0.0,0,0,0,14.6356,2.6214,0.0,0.0,0.0,0.0,450,223,227,0,513,19,0,342020,0,2,0
566.0,1.3107,1.3107,2.6214,0.0,2.6214,0.0,0.0,0,0,0,14.6385,2.6214,0.0,0.0,0.0,0.0,450,223,227,0,514,19,0,342020,0,2,0
567.0,1.3107,1.3107,2.6214,0.0,2.6214,0.0,0.0,0,0,0,14.7856,2.6214,0.0,0.0,0.0,0.0,451,223,228,0,514,19,0,343043,0,2,0
568.0,1.3107,1.3107,2.6214,0.0,2.6214,0.0,0.0,0,0,0,14.7886,2.6214,0.0,0.0,0.0,0.0,451,223,228,0,514,20,0,343043,0,2,0
569.0,1.3107,1.3107,2.6214,0.0,2.6214,0.0,0.0,0,0,0,15.0194,2.6214,0.0,0.0,0.0,0.0,451,223,228,0,516,20,0,343043,0,2,0
570.0,1.3107,1.3107,2.6214,0.0,2.6214,0.0,0.0,0,0,0,15.3632,2.6214,0.0,0.0,0.0,0.0,452,223,229,0,519,20,0,344288,0,2,0
571.0,1.3107,1.3107,2.6214,0.0,2.6214,0.0,0.0,0,0,0,15.3594,2.6214,0.0,0.0,0.0,0.0,452,223,229,0,520,20,0,344288,0,2,0
572.0,1.3107,1.3107,2.6214,0.0,2.6214,0.0,0.0,0,0,0,15.499,2.6214,0.0,0.0,0.0,0.0,452,223,229,0,521,20,0,344288,0,2,0
573.0,1.3107,1.3107,2.6214,0.0,2.6214,0.0,0.0,0,0,0,15.312,2.6214,0.0,0.0,0.0,0.0,452,223,229,0,523,20,0,344288,0,2,0
574.0,1.3107,1.3107,2.6214,0.0,2.6214,0.0,0.0,0,0,0,15.481,2.6214,0.0,0.0,0.0,0.0,452,223,229,0,524,20,0,344288,0,2,0
575.0,1.3107,1.3107,2.6214,0.0,2.6214,0.0,0.0,0,0,0,15.5779,2.6214,0.0,0.0,0.0,0.0,452,223,229,0,526,20,0,344288,0,2,0
576.0,1.3107,1.3107,2.6214,0.0,2.6214,0.0,0.0,0,0,0,14.9924,2.6214,0.0,0.0,0.0,0.0,454,224,230,0,526,20,0,345305,0,2,0
577.0,1.3107,1.3107,2.6214,0.0,2.6214,0.0,0.0,0,0,0,15.1237,2.6214,0.0,0.0,0.0,0.0,455,224,231,0,526,20,0,346290,0,2,0
578.0,1.3107,1.3107,2.6214,0.0,2.6214,0.0,0.0,0,0,0,14.9481,2.6214,0.0,0.0,0.0,0.0,457,224,233,0,526,20,0,347560,0,2,0
579.0,1.3107,1.3107,2.6214,0.0,2.6214,0.0,0.0,0,0,0,15.0847,2.6214,0.0,0.0,0.0,0.0,458,225,233,0,526,20,0,348583,0,2,0
580.0,1.3107,1.3107,2.6214,0.0,2.6214,0.0,0.0,0,0,0,15.3112,2.6214,0.0,0.0,0.0,0.0,459,225,234,0,526,20,0,350297,0,2,0
581.0,1.3107,1.3107,2.6214,0.0,2.6214,0.0,0.0,0,0,0,15.2969,2.6214,0.0,0.0,0.0,0.0,460,226,234,0,526,20,0,351831,0,2,0
582.0,1.3107,1.3107,2.6214,0.0,2.6214,0.0,0.0,0,0,0,15.222,2.6214,0.0,0.0,0.0,0.0,461,226,235,0,526,20,0,354566,0,2,0
583.0,1.3107,1.3107,2.6214,0.0,2.6214,0.0,0.0,0,0,0,15.222,2.6214,0.0,0.0,0.0,0.0,461,226,235,0,526,20,0,354566,0,2,0
584.0,1.3107,1.3107,2.6214,0.0,2.6214,0.0,0.0,0,0,0,15.222,2.6214,0.0,0.0,0.0,0.0,461,226,235,0,526,20,0,354566,0,2,0
585.0,1.3107,1.3107,2.6214,0.0,2.6214,0.0,0.0,0,0,0,15.5803,2.6214,0.0,0.0,0.0,0.0,463,228,235,0,528,20,0,356175,0,2,0
586.0,1.3107,1.3107,2.6214,0.0,2.6214,0.0,0.0,0,0,0,15.4274,2.6214,0.0,0.0,0.0,0.0,465,228,237,0,528,20,0,357993,0,2,0
587.0,1.3107,1.3107,2.6214,0.0,2.6214,0.0,0.0,0,0,0,15.1279,2.6214,0.0,0.0,0.0,0.0,466,229,237,0,528,20,0,359183,0,2,0
588.0,1.3107,1.3107,2.6214,0.0,2.6214,0.0,0.0,0,0,0,14.6102,2.6214,0.0,0.0,0.0,0.0,468,231,237,0,528,20,0,361321,0,2,0
589.0,1.3107,1.3107,2.6214,0.0,2.6214,0.0,0.0,0,0,0,14.6102,2.6214,0.0,0.0,0.0,0.0,468,231,237,0,528,20,0,361321,0,2,0
590.0,1.3107,1.3107,2.6214,0.0,2.6214,0.0,0.0,0,0,0,14.5195,2.6214,0.0,0.0,0.0,0.0,469,232,237,0,528,20,0,364888,0,2,0
591.0,1.3107,1.3107,2.6214,0.0,2.6214,0.0,0.0,0,0,0,14.6261,2.6214,0.0,0.0,0.0,0.0,470,233,237,0,528,20,0,365701,0,2,0
592.0,1.3107,1.3107,2.6214,0.0,2.6214,0.0,0.0,0,0,0,14.6293,2.6214,0.0,0.0,0.0,0.0,470,233,237,0,528,20,0,365701,0,2,0
593.0,1.3107,1.3107,2.6214,0.0,2.6214,0.0,0.0,0,0,0,14.6293,2.6214,0.0,0.0,0.0,0.0,470,233,237,0,528,20,0,365701,0,2,0
594.0,1.3107,1.3107,2.6214,0.0,2.6214,0.0,0.0,0,0,0,14.7166,2.6214,0.0,0.0,0.0,0.0,470,233,237,0,530,20,0,365701,0,2,0
595.0,1.3107,1.3107,2.6214,0.0,2.6214,0.0,0.0,0,0,0,14.7166,2.6214,0.0,0.0,0.0,0.0,470,233,237,0,530,20,0,365701,0,2,0
596.0,1.3107,1.3107,2.6214,0.0,2.6214,0.0,0.0,0,0,0,14.8404,2.6214,0.0,0.0,0.0,0.0,470,233,237,0,531,20,0,365701,0,2,0
597.0,1.3107,1.3107,2.6214,0.0,2.6214,0.0,0.0,0,0,0,14.8404,2.6214,0.0,0.0,0.0,0.0,470,233,237,0,531,20,0,365701,0,2,0
598.0,1.3107,1.3107,2.6214,0.0,2.6214,0.0,0.0,0,0,0,14.9298,2.6214,0.0,0.0,0.0,0.0,470,233,237,0,532,20,0,365701,0,2,0
599.0,1.3107,1.3107,2.6214,0.0,2.6214,0.0,0.0,0,0,0,14.9433,2.6214,0.0,0.0,0.0,0.0,470,233,237,0,535,20,0,365701,0,2,0
600.0,1.3107,1.3107,2.6214,0.0,2.6214,0.0,0.0,0,0,0,14.9471,2.6214,0.0,0.0,0.0,0.0,470,233,237,0,536,20,0,365701,0,2,0
601.0,1.3107,1.3107,2.6214,0.0,2.6214,0.0,0.0,0,0,0,14.9349,2.6214,0.0,0.0,0.0,0.0,470,233,237,0,538,20,0,365701,0,2,0
602.0,1.3107,1.3107,2.6214,0.0,2.6214,0.0,0.0,0,0,0,15.0134,2.6214,0.0,0.0,0.0,0.0,470,233,237,0,542,20,0,365701,0,2,0
603.0,1.3107,1.3107,2.6214,0.0,2.6214,0.0,0.0,0,0,0,15.1996,2.6214,0.0,0.0,0.0,0.0,472,235,237,0,542,20,0,367089,0,2,0
604.0,1.3107,1.3107,2.6214,0.0,2.6214,0.0,0.0,0,0,0,14.6565,2.6214,0.0,0.0,0.0,0.0,473,235,238,0,542,20,0,368200,0,2,0
605.0,1.3107,1.3107,2.6214,0.0,2.6214,0.0,0.0,0,0,0,14.6565,2.6214,0.0,0.0,0.0,0.0,473,235,238,0,542,20,0,368200,0,2,0
606.0,1.3107,1.3107,2.6214,0.0,2.6214,0.0,0.0,0,0,0,14.6565,2.6214,0.0,0.0,0.0,0.0,473,235,238,0,542,20,0,368200,0,2,0
607.0,1.3107,1.3107,2.6214,0.0,2.6214,0.0,0.0,0,0,0,14.8263,2.6214,0.0,0.0,0.0,0.0,475,235,240,0,542,20,0,369416,0,2,0
608.0,1.3107,1.3107,2.6214,0.0,2.6214,0.0,0.0,0,0,0,14.8448,2.6214,0.0,0.0,0.0,0.0,475,235,240,0,543,20,0,369416,0,2,0
609.0,1.3107,1.3107,2.6214,0.0,2.6214,0.0,0.0,0,0,0,14.8917,2.6214,0.0,0.0,0.0,0.0,475,235,240,0,544,20,0,369416,0,2,0
610.0,1.3107,1.3107,2.6214,0.0,2.6214,0.0,0.0,0,0,0,14.9963,2.6214,0.0,0.0,0.0,0.0,475,235,240,0,545,20,0,369416,0,2,0
611.0,1.3107,1.3107,2.6214,0.0,2.6214,0.0,0.0,0,0,0,15.1028,2.6214,0.0,0.0,0.0,0.0,475,235,240,0,548,20,0,369416,0,2,0
612.0,1.3107,1.3107,2.6214,0.0,2.6214,0.0,0.0,0,0,0,15.5138,2.6214,0.0,0.0,0.0,0.0,475,235,240,0,552,20,0,369416,0,2,0
613.0,1.3107,1.3107,2.6214,0.0,2.6214,0.0,0.0,0,0,0,15.556,2.6214,0.0,0.0,0.0,0.0,475,235,240,0,553,20,0,369416,0,2,0
614.0,1.3107,1.3107,2.6214,0.0,2.6214,0.0,0.0,0,0,0,15.0714,2.6214,0.0,0.0,0.0,0.0,479,236,243,0,556,20,0,371217,0,2,0
615.0,1.3107,1.3107,2.6214,0.0,2.6214,0.0,0.0,0,0,0,15.1281,2.6214,0.0,0.0,0.0,0.0,480,236,244,0,556,20,0,371631,0,2,0
616.0,1.3107,1.3107,2.6214,0.0,2.6214,0.0,0.0,0,0,0,15.23,2.6214,0.0,0.0,0.0,0.0,481,236,245,0,556,20,0,372312,0,2,0
617.0,1.3107,1.3107,2.6214,0.0,2.6214,0.0,0.0,0,0,0,15.2412,2.6214,0.0,0.0,0.0,0.0,481,236,245,0,557,20,0,372312,0,2,0
618.0,1.3107,1.3107,2.6214,0.0,2.6214,0.0,0.0,0,0,0,15.3764,2.6214,0.0,0.0,0.0,0.0,481,236,245,0,559,20,0,372312,0,2,0
619.0,1.3107,1.3107,2.6214,0.0,2.6214,0.0,0.0,0,0,0,15.4073,2.6214,0.0,0.0,0.0,0.0,481,236,245,0,559,21,0,372312,0,2,0
620.0,1.3107,1.3107,2.6214,0.0,2.6214,0.0,0.0,0,0,0,15.4073,2.6214,0.0,0.0,0.0,0.0,481,236,245,0,559,21,0,372312,0,2,0
621.0,1.3107,1.3107,2.6214,0.0,2.6214,0.0,0.0,0,0,0,15.2506,2.6214,0.0,0.0,0.0,0.0,482,237,245,0,559,21,0,379608,0,2,0
622.0,1.3107,1.3107,2.6214,0.0,2.6214,0.0,0.0,0,0,0,15.2535,2.6214,0.0,0.0,0.0,0.0,482,237,245,0,560,21,0,379608,0,2,0
623.0,1.3107,1.3107,2.6214,0.0,2.6214,0.0,0.0,0,0,0,15.3201,2.6214,0.0,0.0,0.0,0.0,482,237,245,0,561,21,0,379608,0,2,0
624.0,1.3107,1.3107,2.6214,0.0,2.6214,0.0,0.0,0,0,0,15.2933,2.6214,0.0,0.0,0.0,0.0,482,237,245,0,563,21,0,379608,0,2,0
625.0,1.3107,1.3107,2.6214,0.0,2.6214,0.0,0.0,0,0,0,15.3803,2.6214,0.0,0.0,0.0,0.0,482,237,245,0,565,21,0,379608,0,2,0
626.0,1.3107,1.3107,2.6214,0.0,2.6214,0.0,0.0,0,0,0,15.5386,2.6214,0.0,0.0,0.0,0.0,482,237,245,0,566,22,0,379608,0,2,0
627.0,1.3107,1.3107,2.6214,0.0,2.6214,0.0,0.0,0,0,0,15.6489,2.6214,0.0,0.0,0.0,0.0,482,237,245,0,568,22,0,379608,0,2,0
628.0,1.3107,1.3107,2.6214,0.0,2.6214,0.0,0.0,0,0,0,15.5936,2.6214,0.0,0.0,0.0,0.0,483,238,245,0,568,22,0,380082,0,2,0
629.0,1.3107,1.3107,2.6214,0.0,2.6214,0.0,0.0,0,0,0,14.8152,2.6214,0.0,0.0,0.0,0.0,487,240,247,0,568,22,0,383766,0,2,0
630.0,1.3107,1.3107,2.6214,0.0,2.6214,0.0,0.0,0,0,0,14.816,2.6214,0.0,0.0,0.0,0.0,487,240,247,0,569,22,0,383766,0,2,0
631.0,1.3107,1.3107,2.6214,0.0,2.6214,0.0,0.0,0,0,0,14.8773,2.6214,0.0,0.0,0.0,0.0,488,241,247,0,569,22,0,384191,0,2,0
632.0,1.3107,1.3107,2.6214,0.0,2.6214,0.0,0.0,0,0,0,14.8773,2.6214,0.0,0.0,0.0,0.0,488,241,247,0,569,22,0,384191,0,2,0
633.0,1.3107,1.3107,2.6214,0.0,2.6214,0.0,0.0,0,0,0,15.0152,2.6214,0.0,0.0,0.0,0.0,489,241,248,0,569,22,0,385223,0,2,0
634.0,1.3107,1.3107,2.6214,0.0,2.6214,0.0,0.0,0,0,0,14.8644,2.6214,0.0,0.0,0.0,0.0,491,242,249,0,569,22,0,385795,0,2,0
635.0,1.3107,1.3107,2.6214,0.0,2.6214,0.0,0.0,0,0,0,14.8982,2.6214,0.0,0.0,0.0,0.0,492,242,250,0,569,22,0,385957,0,2,0
636.0,1.3107,1.3107,2.6214,0.0,2.6214,0.0,0.0,0,0,0,14.899,2.6214,0.0,0.0,0.0,0.0,492,242,250,0,570,22,0,385957,0,2,0
637.0,1.3107,1.3107,2.6214,0.0,2.6214,0.0,0.0,0,0,0,14.899,2.6214,0.0,0.0,0.0,0.0,492,242,250,0,570,22,0,385957,0,2,0
638.0,1.3107,1.3107,2.6214,0.0,2.6214,0.0,0.0,0,0,0,14.8269,2.6214,0.0,0.0,0.0,0.0,492,242,250,0,572,22,0,385957,0,2,0
639.0,1.3107,1.3107,2.6214,0.0,2.6214,0.0,0.0,0,0,0,14.8299,2.6214,0.0,0.0,0.0,0.0,493,242,251,0,573,22,0,385965,0,2,0
640.0,1.3107,1.3107,2.6214,0.0,2.6214,0.0,0.0,0,0,0,14.9358,2.6214,0.0,0.0,0.0,0.0,494,242,252,0,573,22,0,386741,0,2,0
641.0,1.3107,1.3107,2.6214,0.0,2.6214,0.0,0.0,0,0,0,14.9358,2.6214,0.0,0.0,0.0,0.0,494,242,252,0,573,22,0,386741,0,2,0
642.0,1.3107,1.3107,2.6214,0.0,2.6214,0.0,0.0,0,0,0,15.0296,2.6214,0.0,0.0,0.0,0.0,494,242,252,0,574,22,0,386741,0,2,0
643.0,1.3107,1.3107,2.6214,0.0,2.6214,0.0,0.0,0,0,0,14.9659,2.6214,0.0,0.0,0.0,0.0,497,242,255,0,574,22,0,392119,0,2,0
644.0,1.3107,1.3107,2.6214,0.0,2.6214,0.0,0.0,0,0,0,15.0709,2.6214,0.0,0.0,0.0,0.0,498,242,256,0,577,22,0,392140,0,2,0
645.0,1.3107,1.3107,2.6214,0.0,2.6214,0.0,0.0,0,0,0,15.2241,2.6214,0.0,0.0,0.0,0.0,498,242,256,0,582,22,0,392140,0,2,0
646.0,1.3107,1.3107,2.6214,0.0,2.6214,0.0,0.0,0,0,0,15.2269,2.6214,0.0,0.0,0.0,0.0,498,242,256,0,583,22,0,392140,0,2,0
647.0,1.3107,1.3107,2.6214,0.0,2.6214,0.0,0.0,0,0,0,15.2269,2.6214,0.0,0.0,0.0,0.0,498,242,256,0,583,22,0,392140,0,2,0
648.0,1.3107,1.3107,2.6214,0.0,2.6214,0.0,0.0,0,0,0,15.1881,2.6214,0.0,0.0,0.0,0.0,498,242,256,0,586,22,0,392140,0,2,0
649.0,1.3107,1.3107,2.6214,0.0,2.6214,0.0,0.0,0,0,0,15.2854,2.6214,0.0,0.0,0.0,0.0,499,243,256,0,587,22,0,392574,0,2,0
650.0,1.3107,1.3107,2.6214,0.0,2.6214,0.0,0.0,0,0,0,15.2854,2.6214,0.0,0.0,0.0,0.0,499,243,256,0,587,22,0,392574,0,2,0
651.0,1.3107,1.3107,2.6214,0.0,2.6214,0.0,0.0,0,0,0,15.4339,2.6214,0.0,0.0,0.0,0.0,499,243,256,0,588,22,0,392574,0,2,0
652.0,1.3107,1.3107,2.6214,0.0,2.6214,0.0,0.0,0,0,0,15.393,2.6214,0.0,0.0,0.0,0.0,501,244,257,0,589,22,0,392819,0,2,0
653.0,1.3107,1.3107,2.6214,0.0,2.6214,0.0,0.0,0,0,0,15.393,2.6214,0.0,0.0,0.0,0.0,501,244,257,0,589,22,0,392819,0,2,0
654.0,1.3107,1.3107,2.6214,0.0,2.6214,0.0,0.0,0,0,0,15.393,2.6214,0.0,0.0,0.0,0.0,501,244,257,0,589,22,0,392819,0,2,0
655.0,1.3107,1.3107,2.6214,0.0,2.6214,0.0,0.0,0,0,0,15.4852,2.6214,0.0,0.0,0.0,0.0,501,244,257,0,590,22,0,392819,0,2,0
656.0,1.3107,1.3107,2.6214,0.0,2.6214,0.0,0.0,0,0,0,15.3685,2.6214,0.0,0.0,0.0,0.0,502,245,257,0,590,22,0,393768,0,2,0
657.0,1.3107,1.3107,2.6214,0.0,2.6214,0.0,0.0,0,0,0,14.8727,2.6214,0.0,0.0,0.0,0.0,504,245,259,0,592,22,0,393878,0,2,0
658.0,1.3107,1.3107,2.6214,0.0,2.6214,0.0,0.0,0,0,0,14.8161,2.6214,0.0,0.0,0.0,0.0,505,246,259,0,593,22,0,397690,0,2,0
659.0,1.3107,1.3107,2.6214,0.0,2.6214,0.0,0.0,0,0,0,14.9267,2.6214,0.0,0.0,0.0,0.0,506,246,260,0,597,22,0,398486,0,2,0
660.0,1.3107,1.3107,2.6214,0.0,2.6214,0.0,0.0,0,0,0,14.9286,2.6214,0.0,0.0,0.0,0.0,506,246,260,0,598,22,0,398486,0,2,0
661.0,1.3107,1.3107,2.6214,0.0,2.6214,0.0,0.0,0,0,0,14.9286,2.6214,0.0,0.0,0.0,0.0,506,246,260,0,598,22,0,398486,0,2,0
662.0,1.3107,1.3107,2.6214,0.0,2.6214,0.0,0.0,0,0,0,15.1125,2.6214,0.0,0.0,0.0,0.0,506,246,260,0,600,23,0,398486,0,2,0
663.0,1.3107,1.3107,2.6214,0.0,2.6214,0.0,0.0,0,0,0,15.1899,2.6214,0.0,0.0,0.0,0.0,506,246,260,0,602,23,0,398486,0,2,0
664.0,1.3107,1.3107,2.6214,0.0,2.6214,0.0,0.0,0,0,0,15.1531,2.6214,0.0,0.0,0.0,0.0,508,246,262,0,602,23,0,399292,0,2,0
665.0,1.3107,1.3107,2.6214,0.0,2.6214,0.0,0.0,0,0,0,15.1531,2.6214,0.0,0.0,0.0,0.0,508,246,262,0,602,23,0,399292,0,2,0
666.0,1.3107,1.3107,2.6214,0.0,2.6214,0.0,0.0,0,0,0,15.3721,2.6214,0.0,0.0,0.0,0.0,511,249,262,0,603,23,0,400710,0,2,0
667.0,1.3107,1.3107,2.6214,0.0,2.6214,0.0,0.0,0,0,0,15.3875,2.6214,0.0,0.0,0.0,0.0,512,250,262,0,603,23,0,400808,0,2,0
668.0,1.3107,1.3107,2.6214,0.0,2.6214,0.0,0.0,0,0,0,15.5238,2.6214,0.0,0.0,0.0,0.0,513,251,262,0,603,24,0,402584,0,2,0
669.0,1.3107,1.3107,2.6214,0.0,2.6214,0.0,0.0,0,0,0,15.5238,2.6214,0.0,0.0,0.0,0.0,513,251,262,0,603,24,0,402584,0,2,0
670.0,1.3107,1.3107,2.6214,0.0,2.6214,0.0,0.0,0,0,0,15.6206,2.6214,0.0,0.0,0.0,0.0,514,252,262,0,603,24,0,403293,0,2,0
671.0,1.3107,1.3107,2.6214,0.0,2.6214,0.0,0.0,0,0,0,15.5723,2.6214,0.0,0.0,0.0,0.0,515,253,262,0,603,24,0,403559,0,2,0
672.0,1.3107,1.3107,2.6214,0.0,2.6214,0.0,0.0,0,0,0,15.561,2.6214,0.0,0.0,0.0,0.0,517,255,262,0,604,24,0,405582,0,2,0
673.0,1.3107,1.3107,2.6214,0.0,2.6214,0.0,0.0,0,0,0,15.5362,2.6214,0.0,0.0,0.0,0.0,519,257,262,0,605,24,0,406858,0,2,0
674.0,1.3107,1.3107,2.6214,0.0,2.6214,0.0,0.0,0,0,0,15.6003,2.6214,0.0,0.0,0.0,0.0,519,257,262,0,606,24,0,406858,0,2,0
675.0,1.3107,1.3107,2.6214,0.0,2.6214,0.0,0.0,0,0,0,15.4419,2.6214,0.0,0.0,0.0,0.0,519,257,262,0,606,25,0,406858,0,2,0
676.0,1.3107,1.3107,2.6214,0.0,2.6214,0.0,0.0,0,0,0,15.448,2.6214,0.0,0.0,0.0,0.0,521,257,264,0,609,25,0,408145,0,2,0
677.0,1.3107,1.3107,2.6214,0.0,2.6214,0.0,0.0,0,0,0,15.3293,2.6214,0.0,0.0,0.0,0.0,521,257,264,0,610,25,0,408145,0,2,0
678.0,1.3107,1.3107,2.6214,0.0,2.6214,0.0,0.0,0,0,0,15.0632,2.6214,0.0,0.0,0.0,0.0,523,257,266,0,611,25,0,410212,0,2,0
679.0,1.3107,1.3107,2.6214,0.0,2.6214,0.0,0.0,0,0,0,15.0632,2.6214,0.0,0.0,0.0,0.0,523,257,266,0,611,25,0,410212,0,2,0
680.0,1.3107,1.3107,2.6214,0.0,2.6214,0.0,0.0,0,0,0,15.0899,2.6214,0.0,0.0,0.0,0.0,525,258,267,0,611,26,0,410387,0,2,0
681.0,1.3107,1.3107,2.6214,0.0,2.6214,0.0,0.0,0,0,0,14.8845,2.6214,0.0,0.0,0.0,0.0,527,258,269,0,611,26,0,410934,0,2,0
682.0,1.3107,1.3107,2.6214,0.0,2.6214,0.0,0.0,0,0,0,14.8845,2.6214,0.0,0.0,0.0,0.0,527,258,269,0,611,26,0,410934,0,2,0
683.0,1.3107,1.3107,2.6214,0.0,2.6214,0.0,0.0,0,0,0,14.8845,2.6214,0.0,0.0,0.0,0.0,527,258,269,0,611,26,0,410934,0,2,0
684.0,1.3107,1.3107,2.6214,0.0,2.6214,0.0,0.0,0,0,0,14.9789,2.6214,0.0,0.0,0.0,0.0,528,259,269,0,611,26,0,411636,0,2,0
685.0,1.3107,1.3107,2.6214,0.0,2.6214,0.0,0.0,0,0,0,14.9789,2.6214,0.0,0.0,0.0,0.0,528,259,269,0,611,26,0,411636,0,2,0
686.0,1.3107,1.3107,2.6214,0.0,2.6214,0.0,0.0,0,0,0,15.0092,2.6214,0.0,0.0,0.0,0.0,529,259,270,0,611,26,0,411849,0,2,0
687.0,1.3107,1.3107,2.6214,0.0,2.6214,0.0,0.0,0,0,0,15.2812,2.6214,0.0,0.0,0.0,0.0,529,259,270,0,614,26,0,411849,0,2,0
688.0,1.3107,1.3107,2.6214,0.0,2.6214,0.0,0.0,0,0,0,15.3277,2.6214,0.0,0.0,0.0,0.0,529,259,270,0,615,26,0,411849,0,2,0
689.1,1.3107,1.3107,2.6214,0.0,2.6214,0.0,0.0,0,0,0,15.6493,2.6214,0.0,0.0,0.0,0.0,529,259,270,0,619,26,0,411849,0,2,0
690.1,1.3107,1.3107,2.6214,0.0,2.6214,0.0,0.0,0,0,0,15.3565,2.6214,0.0,0.0,0.0,0.0,532,260,272,0,619,26,0,414020,0,2,0
691.1,1.3107,1.3107,2.6214,0.0,2.6214,0.0,0.0,0,0,0,15.1157,2.6214,0.0,0.0,0.0,0.0,534,261,273,0,619,26,0,415433,0,2,0
692.1,1.3107,1.3107,2.6214,0.0,2.6214,0.0,0.0,0,0,0,15.2956,2.6214,0.0,0.0,0.0,0.0,535,262,273,0,619,26,0,416776,0,2,0
693.1,1.3107,1.3107,2.6214,0.0,2.6214,0.0,0.0,0,0,0,15.2956,2.6214,0.0,0.0,0.0,0.0,535,262,273,0,619,26,0,416776,0,2,0
694.1,1.3107,1.3107,2.6214,0.0,2.6214,0.0,0.0,0,0,0,15.3858,2.6214,0.0,0.0,0.0,0.0,536,262,274,0,620,26,0,417417,0,2,0
695.1,1.3107,1.3107,2.6214,0.0,2.6214,0.0,0.0,0,0,0,15.4306,2.6214,0.0,0.0,0.0,0.0,536,262,274,0,623,26,0,417417,0,2,0
696.1,1.3107,1.3107,2.6214,0.0,2.6214,0.0,0.0,0,0,0,15.4306,2.6214,0.0,0.0,0.0,0.0,536,262,274,0,623,26,0,417417,0,2,0
697.1,1.3107,1.3107,2.6214,0.0,2.6214,0.0,0.0,0,0,0,15.4306,2.6214,0.0,0.0,0.0,0.0,536,262,274,0,623,26,0,417417,0,2,0
698.1,1.3107,1.3107,2.6214,0.0,2.6214,0.0,0.0,0,0,0,15.4257,2.6214,0.0,0.0,0.0,0.0,538,262,276,0,623,26,0,419724,0,2,0
699.1,1.3107,1.3107,2.6214,0.0,2.6214,0.0,0.0,0,0,0,15.4257,2.6214,0.0,0.0,0.0,0.0,538,262,276,0,623,26,0,419724,0,2,0
700.1,1.3107,1.3107,2.6214,0.0,2.6214,0.0,0.0,0,0,0,15.4257,2.6214,0.0,0.0,0.0,0.0,538,262,276,0,623,26,0,419724,0,2,0
701.1,1.3107,1.3107,2.6214,0.0,2.6214,0.0,0.0,0,0,0,15.5291,2.6214,0.0,0.0,0.0,0.0,538,262,276,0,625,26,0,419724,0,2,0
702.1,1.3107,1.3107,2.6214,0.0,2.6214,0.0,0.0,0,0,0,15.5563,2.6214,0.0,0.0,0.0,0.0,538,262,276,0,626,26,0,419724,0,2,0
703.1,1.3107,1.3107,2.6214,0.0,2.6214,0.0,0.0,0,0,0,15.1361,2.6214,0.0,0.0,0.0,0.0,540,263,277,0,627,26,0,420901,0,2,0
704.1,1.3107,1.3107,2.6214,0.0,2.6214,0.0,0.0,0,0,0,15.197,2.6214,0.0,0.0,0.0,0.0,542,265,277,0,628,26,0,421324,0,2,0
705.1,1.3107,1.3107,2.6214,0.0,2.6214,0.0,0.0,0,0,0,15.197,2.6214,0.0,0.0,0.0,0.0,542,265,277,0,628,26,0,421324,0,2,0
706.1,1.3107,1.3107,2.6214,0.0,2.6214,0.0,0.0,0,0,0,15.2017,2.6214,0.0,0.0,0.0,0.0,542,265,277,0,630,26,0,421324,0,2,0
707.1,1.3107,1.3107,2.6214,0.0,2.6214,0.0,0.0,0,0,0,15.2017,2.6214,0.0,0.0,0.0,0.0,542,265,277,0,630,26,0,421324,0,2,0
708.1,1.3107,1.3107,2.6214,0.0,2.6214,0.0,0.0,0,0,0,14.9115,2.6214,0.0,0.0,0.0,0.0,542,265,277,0,632,26,0,421324,0,2,0
709.1,1.3107,1.3107,2.6214,0.0,2.6214,0.0,0.0,0,0,0,15.1813,2.6214,0.0,0.0,0.0,0.0,542,265,277,0,635,26,0,421324,0,2,0
710.1,1.3107,1.3107,2.6214,0.0,2.6214,0.0,0.0,0,0,0,15.4014,2.6214,0.0,0.0,0.0,0.0,542,265,277,0,637,26,0,421324,0,2,0
711.1,1.3107,1.3107,2.6214,0.0,2.6214,0.0,0.0,0,0,0,15.4107,2.6214,0.0,0.0,0.0,0.0,542,265,277,0,639,26,0,421324,0,2,0
712.1,1.3107,1.3107,2.6214,0.0,2.6214,0.0,0.0,0,0,0,15.1764,2.6214,0.0,0.0,0.0,0.0,544,266,278,0,639,27,0,424068,0,2,0
713.1,1.3107,1.3107,2.6214,0.0,2.6214,0.0,0.0,0,0,0,15.3451,2.6214,0.0,0.0,0.0,0.0,545,267,278,0,639,27,0,425332,0,2,0
714.1,1.3107,1.3107,2.6214,0.0,2.6214,0.0,0.0,0,0,0,15.386,2.6214,0.0,0.0,0.0,0.0,546,268,278,0,639,27,0,425582,0,2,0
715.1,1.3107,1.3107,2.6214,0.0,2.6214,0.0,0.0,0,0,0,15.386,2.6214,0.0,0.0,0.0,0.0,546,268,278,0,639,27,0,425582,0,2,0
716.1,1.3107,1.3107,2.6214,0.0,2.6214,0.0,0.0,0,0,0,15.3669,2.6214,0.0,0.0,0.0,0.0,547,268,279,0,639,27,0,426519,0,2,0
717.1,1.3107,1.3107,2.6214,0.0,2.6214,0.0,0.0,0,0,0,15.5438,2.6214,0.0,0.0,0.0,0.0,549,270,279,0,639,27,0,429865,0,2,0
718.1,1.3107,1.3107,2.6214,0.0,2.6214,0.0,0.0,0,0,0,15.3532,2.6214,0.0,0.0,0.0,0.0,550,271,279,0,639,27,0,431259,0,2,0
719.1,1.3107,1.3107,2.6214,0.0,2.6214,0.0,0.0,0,0,0,15.3532,2.6214,0.0,0.0,0.0,0.0,550,271,279,0,641,27,0,431259,0,2,0
720.1,1.3107,1.3107,2.6214,0.0,2.6214,0.0,0.0,0,0,0,15.3532,2.6214,0.0,0.0,0.0,0.0,550,271,279,0,641,27,0,431259,0,2,0
721.1,1.3107,1.3107,2.6214,0.0,2.6214,0.0,0.0,0,0,0,15.4117,2.6214,0.0,0.0,0.0,0.0,551,271,280,0,641,27,0,431689,0,2,0
722.1,1.3107,1.3107,2.6214,0.0,2.6214,0.0,0.0,0,0,0,15.4567,2.6214,0.0,0.0,0.0,0.0,551,271,280,0,644,27,0,431689,0,2,0
723.1,1.3107,1.3107,2.6214,0.0,2.6214,0.0,0.0,0,0,0,14.7946,2.6214,0.0,0.0,0.0,0.0,554,272,282,0,644,27,0,434037,0,2,0
724.1,1.3107,1.3107,2.6214,0.0,2.6214,0.0,0.0,0,0,0,15.0848,2.6214,0.0,0.0,0.0,0.0,556,274,282,0,644,27,0,436213,0,2,0
725.1,1.3107,1.3107,2.6214,0.0,2.6214,0.0,0.0,0,0,0,15.0848,2.6214,0.0,0.0,0.0,0.0,556,274,282,0,644,27,0,436213,0,2,0
726.1,1.3107,1.3107,2.6214,0.0,2.6214,0.0,0.0,0,0,0,15.2442,2.6214,0.0,0.0,0.0,0.0,558,275,283,0,644,27,0,437386,0,2,0
727.1,1.3107,1.3107,2.6214,0.0,2.6214,0.0,0.0,0,0,0,15.346,2.6214,0.0,0.0,0.0,0.0,559,275,284,0,644,27,0,438141,0,2,0
728.1,1.3107,1.3107,2.6214,0.0,2.6214,0.0,0.0,0,0,0,15.4152,2.6214,0.0,0.0,0.0,0.0,559,275,284,0,645,27,0,438141,0,2,0
729.1,1.3107,1.3107,2.6214,0.0,2.6214,0.0,0.0,0,0,0,15.2842,2.6214,0.0,0.0,0.0,0.0,560,276,284,0,645,27,0,440160,0,2,0
730.1,1.3107,1.3107,2.6214,0.0,2.6214,0.0,0.0,0,0,0,15.1572,2.6214,0.0,0.0,0.0,0.0,560,276,284,0,647,27,0,440160,0,2,0
731.1,1.3107,1.3107,2.6214,0.0,2.6214,0.0,0.0,0,0,0,15.3122,2.6214,0.0,0.0,0.0,0.0,560,276,284,0,651,27,0,440160,0,2,0
732.1,1.3107,1.3107,2.6214,0.0,2.6214,0.0,0.0,0,0,0,15.3131,2.6214,0.0,0.0,0.0,0.0,560,276,284,0,652,27,0,440160,0,2,0
733.1,1.3107,1.3107,2.6214,0.0,2.6214,0.0,0.0,0,0,0,15.4337,2.6214,0.0,0.0,0.0,0.0,560,276,284,0,654,27,0,440160,0,2,0
734.1,1.3107,1.3107,2.6214,0.0,2.6214,0.0,0.0,0,0,0,15.4337,2.6214,0.0,0.0,0.0,0.0,560,276,284,0,654,27,0,440160,0,2,0
735.1,1.3107,1.3107,2.6214,0.0,2.6214,0.0,0.0,0,0,0,15.3648,2.6214,0.0,0.0,0.0,0.0,563,278,285,0,654,27,0,441228,0,2,0
736.1,1.3107,1.3107,2.6214,0.0,2.6214,0.0,0.0,0,0,0,15.2564,2.6214,0.0,0.0,0.0,0.0,564,278,286,0,654,27,0,442251,0,2,0
737.1,1.3107,1.3107,2.6214,0.0,2.6214,0.0,0.0,0,0,0,15.3804,2.6214,0.0,0.0,0.0,0.0,566,278,288,0,654,27,0,443169,0,2,0
738.1,1.3107,1.3107,2.6214,0.0,2.6214,0.0,0.0,0,0,0,15.3804,2.6214,0.0,0.0,0.0,0.0,566,278,288,0,654,27,0,443169,0,2,0
739.1,1.3107,1.3107,2.6214,0.0,2.6214,0.0,0.0,0,0,0,15.5797,2.6214,0.0,0.0,0.0,0.0,567,279,288,0,658,27,0,444024,0,2,0
740.1,1.3107,1.3107,2.6214,0.0,2.6214,0.0,0.0,0,0,0,15.6259,2.6214,0.0,0.0,0.0,0.0,567,279,288,0,659,27,0,444024,0,2,0
741.1,1.3107,1.3107,2.6214,0.0,2.6214,0.0,0.0,0,0,0,15.5594,2.6214,0.0,0.0,0.0,0.0,568,279,289,0,661,27,0,444347,0,2,0
742.1,1.3107,1.3107,2.6214,0.0,2.6214,0.0,0.0,0,0,0,15.5594,2.6214,0.0,0.0,0.0,0.0,568,279,289,0,661,27,0,444347,0,2,0
743.1,1.3107,1.3107,2.6214,0.0,2.6214,0.0,0.0,0,0,0,15.5594,2.6214,0.0,0.0,0.0,0.0,568,279,289,0,661,27,0,444347,0,2,0
744.1,1.3107,1.3107,2.6214,0.0,2.6214,0.0,0.0,0,0,0,15.5594,2.6214,0.0,0.0,0.0,0.0,568,279,289,0,661,27,0,444347,0,2,0
745.1,1.3107,1.3107,2.6214,0.0,2.6214,0.0,0.0,0,0,0,15.5569,2.6214,0.0,0.0,0.0,0.0,568,279,289,0,664,27,0,444347,0,2,0
746.1,1.3107,1.3107,2.6214,0.0,2.6214,0.0,0.0,0,0,0,15.616,2.6214,0.0,0.0,0.0,0.0,568,279,289,0,665,27,0,444347,0,2,0
747.1,1.3107,1.3107,2.6214,0.0,2.6214,0.0,0.0,0,0,0,14.8714,2.6214,0.0,0.0,0.0,0.0,569,280,289,0,666,27,0,445325,0,2,0
748.1,1.3107,1.3107,2.6214,0.0,2.6214,0.0,0.0,0,0,0,14.9223,2.6214,0.0,0.0,0.0,0.0,570,280,290,0,666,27,0,445666,0,2,0
749.1,1.3107,1.3107,2.6214,0.0,2.6214,0.0,0.0,0,0,0,14.961,2.6214,0.0,0.0,0.0,0.0,571,280,291,0,667,27,0,445918,0,2,0
750.1,1.3107,1.3107,2.6214,0.0,2.6214,0.0,0.0,0,0,0,14.961,2.6214,0.0,0.0,0.0,0.0,571,280,291,0,667,27,0,445918,0,2,0
751.1,1.3107,1.3107,2.6214,0.0,2.6214,0.0,0.0,0,0,0,14.9992,2.6214,0.0,0.0,0.0,0.0,575,283,292,0,667,27,0,448936,0,2,0
752.1,1.3107,1.3107,2.6214,0.0,2.6214,0.0,0.0,0,0,0,15.1358,2.6214,0.0,0.0,0.0,0.0,576,283,293,0,667,27,0,449959,0,2,0
753.1,1.3107,1.3107,2.6214,0.0,2.6214,0.0,0.0,0,0,0,15.1358,2.6214,0.0,0.0,0.0,0.0,576,283,293,0,667,27,0,449959,0,2,0
754.1,1.3107,1.3107,2.6214,0.0,2.6214,0.0,0.0,0,0,0,15.1427,2.6214,0.0,0.0,0.0,0.0,576,283,293,0,669,27,0,449959,0,2,0
755.1,1.3107,1.3107,2.6214,0.0,2.6214,0.0,0.0,0,0,0,15.088,2.6214,0.0,0.0,0.0,0.0,579,284,295,0,671,27,0,451966,0,2,0
756.1,1.3107,1.3107,2.6214,0.0,2.6214,0.0,0.0,0,0,0,15.0912,2.6214,0.0,0.0,0.0,0.0,579,284,295,0,672,27,0,451966,0,2,0
757.1,1.3107,1.3107,2.6214,0.0,2.6214,0.0,0.0,0,0,0,15.3059,2.6214,0.0,0.0,0.0,0.0,579,284,295,0,674,28,0,451966,0,2,0
758.1,1.3107,1.3107,2.6214,0.0,2.6214,0.0,0.0,0,0,0,15.4306,2.6214,0.0,0.0,0.0,0.0,579,284,295,0,674,29,0,451966,0,2,0
759.1,1.3107,1.3107,2.6214,0.0,2.6214,0.0,0.0,0,0,0,15.5586,2.6214,0.0,0.0,0.0,0.0,579,284,295,0,674,30,0,451966,0,2,0
760.1,1.3107,1.3107,2.6214,0.0,2.6214,0.0,0.0,0,0,0,15.473,2.6214,0.0,0.0,0.0,0.0,582,284,298,0,675,30,0,453057,0,2,0
761.1,1.3107,1.3107,2.6214,0.0,2.6214,0.0,0.0,0,0,0,15.3316,2.6214,0.0,0.0,0.0,0.0,583,284,299,0,675,30,0,453750,0,2,0
762.1,1.3107,1.3107,2.6214,0.0,2.6214,0.0,0.0,0,0,0,15.5644,2.6214,0.0,0.0,0.0,0.0,586,284,302,0,675,30,0,455360,0,2,0
763.1,1.3107,1.3107,2.6214,0.0,2.6214,0.0,0.0,0,0,0,15.5644,2.6214,0.0,0.0,0.0,0.0,586,284,302,0,675,30,0,455360,0,2,0
764.1,1.3107,1.3107,2.6214,0.0,2.6214,0.0,0.0,0,0,0,15.1669,2.6214,0.0,0.0,0.0,0.0,588,286,302,0,675,30,0,456214,0,2,0
765.1,1.3107,1.3107,2.6214,0.0,2.6214,0.0,0.0,0,0,0,14.802,2.6214,0.0,0.0,0.0,0.0,590,286,304,0,675,30,0,457225,0,2,0
766.1,1.3107,1.3107,2.6214,0.0,2.6214,0.0,0.0,0,0,0,14.8241,2.6214,0.0,0.0,0.0,0.0,591,286,305,0,678,30,0,457315,0,2,0
767.1,1.3107,1.3107,2.6214,0.0,2.6214,0.0,0.0,0,0,0,14.9126,2.6214,0.0,0.0,0.0,0.0,591,286,305,0,679,30,0,457315,0,2,0
768.1,1.3107,1.3107,2.6214,0.0,2.6214,0.0,0.0,0,0,0,14.9126,2.6214,0.0,0.0,0.0,0.0,591,286,305,0,679,30,0,457315,0,2,0
769.1,1.3107,1.3107,2.6214,0.0,2.6214,0.0,0.0,0,0,0,15.0691,2.6214,0.0,0.0,0.0,0.0,591,286,305,0,681,31,0,457315,0,2,0
770.1,1.3107,1.3107,2.6214,0.0,2.6214,0.0,0.0,0,0,0,14.8136,2.6214,0.0,0.0,0.0,0.0,592,286,306,0,681,31,0,458338,0,2,0
771.1,1.3107,1.3107,2.6214,0.0,2.6214,0.0,0.0,0,0,0,14.8204,2.6214,0.0,0.0,0.0,0.0,593,287,306,0,681,31,0,458375,0,2,0
772.1,1.3107,1.3107,2.6214,0.0,2.6214,0.0,0.0,0,0,0,14.8392,2.6214,0.0,0.0,0.0,0.0,593,287,306,0,682,31,0,458375,0,2,0
773.1,1.3107,1.3107,2.6214,0.0,2.6214,0.0,0.0,0,0,0,15.0409,2.6214,0.0,0.0,0.0,0.0,593,287,306,0,683,33,0,458375,0,2,0
774.1,1.3107,1.3107,2.6214,0.0,2.6214,0.0,0.0,0,0,0,15.2167,2.6214,0.0,0.0,0.0,0.0,593,287,306,0,685,33,0,458375,0,2,0
775.1,1.3107,1.3107,2.6214,0.0,2.6214,0.0,0.0,0,0,0,14.9691,2.6214,0.0,0.0,0.0,0.0,597,287,310,0,685,33,0,459910,0,2,0
776.1,1.3107,1.3107,2.6214,0.0,2.6214,0.0,0.0,0,0,0,15.0598,2.6214,0.0,0.0,0.0,0.0,598,287,311,0,685,33,0,460585,0,2,0
777.1,1.3107,1.3107,2.6214,0.0,2.6214,0.0,0.0,0,0,0,15.1324,2.6214,0.0,0.0,0.0,0.0,599,288,311,0,685,33,0,461139,0,2,0
778.1,1.3107,1.3107,2.6214,0.0,2.6214,0.0,0.0,0,0,0,15.1518,2.6214,0.0,0.0,0.0,0.0,600,288,312,0,685,33,0,462346,0,2,0
779.1,1.3107,1.3107,2.6214,0.0,2.6214,0.0,0.0,0,0,0,15.1518,2.6214,0.0,0.0,0.0,0.0,600,288,312,0,687,33,0,462346,0,2,0
780.1,1.3107,1.3107,2.6214,0.0,2.6214,0.0,0.0,0,0,0,15.4582,2.6214,0.0,0.0,0.0,0.0,602,290,312,0,688,33,0,465384,0,2,0
781.1,1.3107,1.3107,2.6214,0.0,2.6214,0.0,0.0,0,0,0,15.1633,2.6214,0.0,0.0,0.0,0.0,603,290,313,0,688,33,0,466043,0,2,0
782.1,1.3107,1.3107,2.6214,0.0,2.6214,0.0,0.0,0,0,0,15.1633,2.6214,0.0,0.0,0.0,0.0,603,290,313,0,688,33,0,466043,0,2,0
783.1,1.3107,1.3107,2.6214,0.0,2.6214,0.0,0.0,0,0,0,15.2564,2.6214,0.0,0.0,0.0,0.0,604,290,314,0,688,33,0,466721,0,2,0
784.1,1.3107,1.3107,2.6214,0.0,2.6214,0.0,0.0,0,0,0,15.0531,2.6214,0.0,0.0,0.0,0.0,607,292,315,0,688,33,0,468284,0,2,0
785.1,1.3107,1.3107,2.6214,0.0,2.6214,0.0,0.0,0,0,0,15.1527,2.6214,0.0,0.0,0.0,0.0,608,293,315,0,688,33,0,469022,0,2,0
786.1,1.3107,1.3107,2.6214,0.0,2.6214,0.0,0.0,0,0,0,15.1562,2.6214,0.0,0.0,0.0,0.0,608,293,315,0,689,33,0,469022,0,2,0
787.1,1.3107,1.3107,2.6214,0.0,2.6214,0.0,0.0,0,0,0,15.3306,2.6214,0.0,0.0,0.0,0.0,609,293,316,0,690,33,0,470045,0,2,0
788.1,1.3107,1.3107,2.6214,0.0,2.6214,0.0,0.0,0,0,0,15.5189,2.6214,0.0,0.0,0.0,0.0,609,293,316,0,694,33,0,470045,0,2,0
789.1,1.3107,1.3107,2.6214,0.0,2.6214,0.0,0.0,0,0,0,15.5267,2.6214,0.0,0.0,0.0,0.0,609,293,316,0,695,34,0,470045,0,2,0
790.1,1.3107,1.3107,2.6214,0.0,2.6214,0.0,0.0,0,0,0,14.6953,2.6214,0.0,0.0,0.0,0.0,609,293,316,0,696,34,0,470045,0,2,0
791.1,1.3107,1.3107,2.6214,0.0,2.6214,0.0,0.0,0,0,0,14.6085,2.6214,0.0,0.0,0.0,0.0,609,293,316,0,697,34,0,470045,0,2,0
792.1,1.3107,1.3107,2.6214,0.0,2.6214,0.0,0.0,0,0,0,14.7457,2.6214,0.0,0.0,0.0,0.0,609,293,316,0,698,34,0,470045,0,2,0
793.1,1.3107,1.3107,2.6214,0.0,2.6214,0.0,0.0,0,0,0,14.4,2.6214,0.0,0.0,0.0,0.0,612,294,318,0,698,34,0,471890,0,2,0
794.1,1.3107,1.3107,2.6214,0.0,2.6214,0.0,0.0,0,0,0,14.766,2.6214,0.0,0.0,0.0,0.0,615,296,319,0,698,34,0,474614,0,2,0
795.1,1.3107,1.3107,2.6214,0.0,2.6214,0.0,0.0,0,0,0,14.7685,2.6214,0.0,0.0,0.0,0.0,615,296,319,0,699,34,0,474614,0,2,0
796.1,1.3107,1.3107,2.6214,0.0,2.6214,0.0,0.0,0,0,0,14.7696,2.6214,0.0,0.0,0.0,0.0,615,296,319,0,700,34,0,474614,0,2,0
797.1,1.3107,1.3107,2.6214,0.0,2.6214,0.0,0.0,0,0,0,14.7696,2.6214,0.0,0.0,0.0,0.0,615,296,319,0,700,34,0,474614,0,2,0
798.1,1.3107,1.3107,2.6214,0.0,2.6214,0.0,0.0,0,0,0,14.8076,2.6214,0.0,0.0,0.0,0.0,616,296,320,0,701,34,0,474615,0,2,0
799.1,1.3107,1.3107,2.6214,0.0,2.6214,0.0,0.0,0,0,0,15.0032,2.6214,0.0,0.0,0.0,0.0,616,296,320,0,703,34,0,474615,0,2,0
800.1,1.3107,1.3107,2.6214,0.0,2.6214,0.0,0.0,0,0,0,14.9966,2.6214,0.0,0.0,0.0,0.0,616,296,320,0,704,34,0,474615,0,2,0
801.1,1.3107,1.3107,2.6214,0.0,2.6214,0.0,0.0,0,0,0,15.168,2.6214,0.0,0.0,0.0,0.0,617,297,320,0,706,34,0,476024,0,2,0
802.1,1.3107,1.3107,2.6214,0.0,2.6214,0.0,0.0,0,0,0,15.168,2.6214,0.0,0.0,0.0,0.0,617,297,320,0,706,34,0,476024,0,2,0
803.1,1.3107,1.3107,2.6214,0.0,2.6214,0.0,0.0,0,0,0,15.1929,2.6214,0.0,0.0,0.0,0.0,617,297,320,0,707,34,0,476024,0,2,0
804.1,1.3107,1.3107,2.6214,0.0,2.6214,0.0,0.0,0,0,0,15.1929,2.6214,0.0,0.0,0.0,0.0,617,297,320,0,707,34,0,476024,0,2,0
805.1,1.3107,1.3107,2.6214,0.0,2.6214,0.0,0.0,0,0,0,15.1929,2.6214,0.0,0.0,0.0,0.0,617,297,320,0,707,34,0,476024,0,2,0
806.1,1.3107,1.3107,2.6214,0.0,2.6214,0.0,0.0,0,0,0,14.6712,2.6214,0.0,0.0,0.0,0.0,618,297,321,0,708,34,0,476727,0,2,0
807.1,1.3107,1.3107,2.6214,0.0,2.6214,0.0,0.0,0,0,0,14.6712,2.6214,0.0,0.0,0.0,0.0,618,297,321,0,708,34,0,476727,0,2,0
808.1,1.3107,1.3107,2.6214,0.0,2.6214,0.0,0.0,0,0,0,15.1829,2.6214,0.0,0.0,0.0,0.0,620,298,322,0,708,34,0,480551,0,2,0
809.1,1.3107,1.3107,2.6214,0.0,2.6214,0.0,0.0,0,0,0,15.0697,2.6214,0.0,0.0,0.0,0.0,623,299,324,0,708,34,0,483869,0,2,0
810.1,1.3107,1.3107,2.6214,0.0,2.6214,0.0,0.0,0,0,0,15.137,2.6214,0.0,0.0,0.0,0.0,624,300,324,0,708,34,0,484310,0,2,0
811.1,1.3107,1.3107,2.6214,0.0,2.6214,0.0,0.0,0,0,0,15.2566,2.6214,0.0,0.0,0.0,0.0,625,301,324,0,708,34,0,485196,0,2,0
812.1,1.3107,1.3107,2.6214,0.0,2.6214,0.0,0.0,0,0,0,15.351,2.6214,0.0,0.0,0.0,0.0,626,302,324,0,710,34,0,485388,0,2,0
813.1,1.3107,1.3107,2.6214,0.0,2.6214,0.0,0.0,0,0,0,15.4282,2.6214,0.0,0.0,0.0,0.0,626,302,324,0,712,34,0,485388,0,2,0
814.1,1.3107,1.3107,2.6214,0.0,2.6214,0.0,0.0,0,0,0,15.5193,2.6214,0.0,0.0,0.0,0.0,626,302,324,0,713,34,0,485388,0,2,0
815.1,1.3107,1.3107,2.6214,0.0,2.6214,0.0,0.0,0,0,0,15.2871,2.6214,0.0,0.0,0.0,0.0,627,303,324,0,713,34,0,486014,0,2,0
816.1,1.3107,1.3107,2.6214,0.0,2.6214,0.0,0.0,0,0,0,15.0659,2.6214,0.0,0.0,0.0,0.0,628,303,325,0,713,34,0,486413,0,2,0
817.1,1.3107,1.3107,2.6214,0.0,2.6214,0.0,0.0,0,0,0,15.2728,2.6214,0.0,0.0,0.0,0.0,629,303,326,0,713,34,0,487961,0,2,0
818.1,1.3107,1.3107,2.6214,0.0,2.6214,0.0,0.0,0,0,0,15.3782,2.6214,0.0,0.0,0.0,0.0,630,304,326,0,713,34,0,488430,0,2,0
819.1,1.3107,1.3107,2.6214,0.0,2.6214,0.0,0.0,0,0,0,15.097,2.6214,0.0,0.0,0.0,0.0,631,305,326,0,713,34,0,489453,0,2,0
820.1,1.3107,1.3107,2.6214,0.0,2.6214,0.0,0.0,0,0,0,15.097,2.6214,0.0,0.0,0.0,0.0,631,305,326,0,713,34,0,489453,0,2,0
821.1,1.3107,1.3107,2.6214,0.0,2.6214,0.0,0.0,0,0,0,15.2487,2.6214,0.0,0.0,0.0,0.0,633,306,327,0,713,34,0,490428,0,2,0
822.1,1.3107,1.3107,2.6214,0.0,2.6214,0.0,0.0,0,0,0,15.358,2.6214,0.0,0.0,0.0,0.0,634,307,327,0,713,34,0,491243,0,2,0
823.1,1.3107,1.3107,2.6214,0.0,2.6214,0.0,0.0,0,0,0,15.3594,2.6214,0.0,0.0,0.0,0.0,634,307,327,0,714,34,0,491243,0,2,0
824.1,1.3107,1.3107,2.6214,0.0,2.6214,0.0,0.0,0,0,0,15.4196,2.6214,0.0,0.0,0.0,0.0,634,307,327,0,716,34,0,491243,0,2,0
825.1,1.3107,1.3107,2.6214,0.0,2.6214,0.0,0.0,0,0,0,15.4196,2.6214,0.0,0.0,0.0,0.0,634,307,327,0,716,34,0,491243,0,2,0
826.1,1.3107,1.3107,2.6214,0.0,2.6214,0.0,0.0,0,0,0,15.5556,2.6214,0.0,0.0,0.0,0.0,635,308,327,0,717,34,0,492399,0,2,0
827.1,1.3107,1.3107,2.6214,0.0,2.6214,0.0,0.0,0,0,0,15.4628,2.6214,0.0,0.0,0.0,0.0,638,309,329,0,717,34,0,494384,0,2,0
828.1,1.3107,1.3107,2.6214,0.0,2.6214,0.0,0.0,0,0,0,15.6158,2.6214,0.0,0.0,0.0,0.0,638,309,329,0,720,34,0,494384,0,2,0
829.1,1.3107,1.3107,2.6214,0.0,2.6214,0.0,0.0,0,0,0,15.4164,2.6214,0.0,0.0,0.0,0.0,640,310,330,0,721,34,0,497948,0,2,0
830.1,1.3107,1.3107,2.6214,0.0,2.6214,0.0,0.0,0,0,0,15.4164,2.6214,0.0,0.0,0.0,0.0,640,310,330,0,721,34,0,497948,0,2,0
831.1,1.3107,1.3107,2.6214,0.0,2.6214,0.0,0.0,0,0,0,15.5894,2.6214,0.0,0.0,0.0,0.0,640,310,330,0,724,34,0,497948,0,2,0
832.1,1.3107,1.3107,2.6214,0.0,2.6214,0.0,0.0,0,0,0,15.5894,2.6214,0.0,0.0,0.0,0.0,640,310,330,0,724,34,0,497948,0,2,0
833.1,1.3107,1.3107,2.6214,0.0,2.6214,0.0,0.0,0,0,0,15.6251,2.6214,0.0,0.0,0.0,0.0,641,310,331,0,725,34,0,498184,0,2,0
834.1,1.3107,1.3107,2.6214,0.0,2.6214,0.0,0.0,0,0,0,15.4117,2.6214,0.0,0.0,0.0,0.0,642,311,331,0,725,34,0,498893,0,2,0
835.1,1.3107,1.3107,2.6214,0.0,2.6214,0.0,0.0,0,0,0,15.1148,2.6214,0.0,0.0,0.0,0.0,644,313,331,0,725,34,0,500398,0,2,0
836.1,1.3107,1.3107,2.6214,0.0,2.6214,0.0,0.0,0,0,0,15.1918,2.6214,0.0,0.0,0.0,0.0,645,313,332,0,726,34,0,504147,0,2,0
837.1,1.3107,1.3107,2.6214,0.0,2.6214,0.0,0.0,0,0,0,15.1918,2.6214,0.0,0.0,0.0,0.0,645,313,332,0,726,34,0,504147,0,2,0
838.1,1.3107,1.3107,2.6214,0.0,2.6214,0.0,0.0,0,0,0,15.226,2.6214,0.0,0.0,0.0,0.0,646,314,332,0,726,34,0,504384,0,2,0
839.1,1.3107,1.3107,2.6214,0.0,2.6214,0.0,0.0,0,0,0,15.332,2.6214,0.0,0.0,0.0,0.0,647,315,332,0,730,34,0,504716,0,2,0
840.1,1.3107,1.3107,2.6214,0.0,2.6214,0.0,0.0,0,0,0,15.3251,2.6214,0.0,0.0,0.0,0.0,647,315,332,0,732,34,0,504716,0,2,0
841.1,1.3107,1.3107,2.6214,0.0,2.6214,0.0,0.0,0,0,0,15.177,2.6214,0.0,0.0,0.0,0.0,647,315,332,0,737,34,0,504716,0,2,0
842.1,1.3107,1.3107,2.6214,0.0,2.6214,0.0,0.0,0,0,0,15.5365,2.6214,0.0,0.0,0.0,0.0,648,315,333,0,739,34,0,506455,0,2,0
843.1,1.3107,1.3107,2.6214,0.0,2.6214,0.0,0.0,0,0,0,15.4778,2.6214,0.0,0.0,0.0,0.0,650,315,335,0,739,34,0,508377,0,2,0
844.1,1.3107,1.3107,2.6214,0.0,2.6214,0.0,0.0,0,0,0,15.4778,2.6214,0.0,0.0,0.0,0.0,650,315,335,0,739,34,0,508377,0,2,0
845.1,1.3107,1.3107,2.6214,0.0,2.6214,0.0,0.0,0,0,0,15.1129,2.6214,0.0,0.0,0.0,0.0,652,316,336,0,739,34,0,509741,0,2,0
846.1,1.3107,1.3107,2.6214,0.0,2.6214,0.0,0.0,0,0,0,14.9952,2.6214,0.0,0.0,0.0,0.0,653,317,336,0,739,34,0,510438,0,2,0
847.1,1.3107,1.3107,2.6214,0.0,2.6214,0.0,0.0,0,0,0,15.0764,2.6214,0.0,0.0,0.0,0.0,654,318,336,0,739,34,0,511034,0,2,0
848.1,1.3107,1.3107,2.6214,0.0,2.6214,0.0,0.0,0,0,0,15.1275,2.6214,0.0,0.0,0.0,0.0,655,318,337,0,739,34,0,511381,0,2,0
849.1,1.3107,1.3107,2.6214,0.0,2.6214,0.0,0.0,0,0,0,15.6159,2.6214,0.0,0.0,0.0,0.0,657,319,338,0,740,34,0,513497,0,2,0
850.1,1.3107,1.3107,2.6214,0.0,2.6214,0.0,0.0,0,0,0,15.6159,2.6214,0.0,0.0,0.0,0.0,657,319,338,0,740,34,0,513497,0,2,0
851.1,1.3107,1.3107,2.6214,0.0,2.6214,0.0,0.0,0,0,0,15.5394,2.6214,0.0,0.0,0.0,0.0,657,319,338,0,742,34,0,513497,0,2,0
852.1,1.3107,1.3107,2.6214,0.0,2.6214,0.0,0.0,0,0,0,15.5394,2.6214,0.0,0.0,0.0,0.0,657,319,338,0,742,34,0,513497,0,2,0
853.1,1.3107,1.3107,2.6214,0.0,2.6214,0.0,0.0,0,0,0,15.4847,2.6214,0.0,0.0,0.0,0.0,658,319,339,0,743,34,0,514108,0,2,0
854.1,1.3107,1.3107,2.6214,0.0,2.6214,0.0,0.0,0,0,0,15.4459,2.6214,0.0,0.0,0.0,0.0,659,319,340,0,743,34,0,514837,0,2,0
855.1,1.3107,1.3107,2.6214,0.0,2.6214,0.0,0.0,0,0,0,15.3412,2.6214,0.0,0.0,0.0,0.0,659,319,340,0,745,34,0,514837,0,2,0
856.1,1.3107,1.3107,2.6214,0.0,2.6214,0.0,0.0,0,0,0,15.402,2.6214,0.0,0.0,0.0,0.0,659,319,340,0,747,34,0,514837,0,2,0
857.1,1.3107,1.3107,2.6214,0.0,2.6214,0.0,0.0,0,0,0,15.3754,2.6214,0.0,0.0,0.0,0.0,659,319,340,0,748,34,0,514837,0,2,0
858.1,1.3107,1.3107,2.6214,0.0,2.6214,0.0,0.0,0,0,0,15.4236,2.6214,0.0,0.0,0.0,0.0,659,319,340,0,748,35,0,514837,0,2,0
859.1,1.3107,1.3107,2.6214,0.0,2.6214,0.0,0.0,0,0,0,15.4236,2.6214,0.0,0.0,0.0,0.0,659,319,340,0,748,35,0,514837,0,2,0
860.1,1.3107,1.3107,2.6214,0.0,2.6214,0.0,0.0,0,0,0,15.4466,2.6214,0.0,0.0,0.0,0.0,661,321,340,0,748,36,0,516649,0,2,0
861.1,1.3107,1.3107,2.6214,0.0,2.6214,0.0,0.0,0,0,0,15.4493,2.6214,0.0,0.0,0.0,0.0,661,321,340,0,748,36,0,516649,0,2,0
862.1,1.3107,1.3107,2.6214,0.0,2.6214,0.0,0.0,0,0,0,15.6939,2.6214,0.0,0.0,0.0,0.0,662,322,340,0,748,36,0,517534,0,2,0
863.1,1.3107,1.3107,2.6214,0.0,2.6214,0.0,0.0,0,0,0,15.6939,2.6214,0.0,0.0,0.0,0.0,662,322,340,0,748,36,0,517534,0,2,0
864.1,1.3107,1.3107,2.6214,0.0,2.6214,0.0,0.0,0,0,0,15.3308,2.6214,0.0,0.0,0.0,0.0,663,323,340,0,748,36,0,518557,0,2,0
865.1,1.3107,1.3107,2.6214,0.0,2.6214,0.0,0.0,0,0,0,15.0974,2.6214,0.0,0.0,0.0,0.0,665,323,342,0,748,36,0,519495,0,2,0
866.1,1.3107,1.3107,2.6214,0.0,2.6214,0.0,0.0,0,0,0,15.197,2.6214,0.0,0.0,0.0,0.0,666,324,342,0,748,36,0,520231,0,2,0
867.1,1.3107,1.3107,2.6214,0.0,2.6214,0.0,0.0,0,0,0,15.197,2.6214,0.0,0.0,0.0,0.0,666,324,342,0,748,36,0,520231,0,2,0
868.1,1.3107,1.3107,2.6214,0.0,2.6214,0.0,0.0,0,0,0,15.197,2.6214,0.0,0.0,0.0,0.0,666,324,342,0,748,36,0,520231,0,2,0
869.1,1.3107,1.3107,2.6214,0.0,2.6214,0.0,0.0,0,0,0,15.2307,2.6214,0.0,0.0,0.0,0.0,666,324,342,0,748,37,0,520231,0,2,0
870.1,1.3107,1.3107,2.6214,0.0,2.6214,0.0,0.0,0,0,0,15.3185,2.6214,0.0,0.0,0.0,0.0,666,324,342,0,749,37,0,520231,0,2,0
871.1,1.3107,1.3107,2.6214,0.0,2.6214,0.0,0.0,0,0,0,15.0747,2.6214,0.0,0.0,0.0,0.0,666,324,342,0,750,37,0,520231,0,2,0
872.1,1.3107,1.3107,2.6214,0.0,2.6214,0.0,0.0,0,0,0,15.3032,2.6214,0.0,0.0,0.0,0.0,666,324,342,0,753,37,0,520231,0,2,0
873.1,1.3107,1.3107,2.6214,0.0,2.6214,0.0,0.0,0,0,0,15.3522,2.6214,0.0,0.0,0.0,0.0,666,324,342,0,753,38,0,520231,0,2,0
874.1,1.3107,1.3107,2.6214,0.0,2.6214,0.0,0.0,0,0,0,14.636,2.6214,0.0,0.0,0.0,0.0,668,325,343,0,753,38,0,522906,0,2,0
875.1,1.3107,1.3107,2.6214,0.0,2.6214,0.0,0.0,0,0,0,14.636,2.6214,0.0,0.0,0.0,0.0,668,325,343,0,753,38,0,522906,0,2,0
876.1,1.3107,1.3107,2.6214,0.0,2.6214,0.0,0.0,0,0,0,14.2883,2.6214,0.0,0.0,0.0,0.0,668,325,343,0,754,38,0,522906,0,2,0
877.1,1.3107,1.3107,2.6214,0.0,2.6214,0.0,0.0,0,0,0,14.315,2.6214,0.0,0.0,0.0,0.0,669,325,344,0,754,38,0,523094,0,2,0
878.1,1.3107,1.3107,2.6214,0.0,2.6214,0.0,0.0,0,0,0,14.3681,2.6214,0.0,0.0,0.0,0.0,670,326,344,0,754,38,0,523404,0,2,0
879.1,1.3107,1.3107,2.6214,0.0,2.6214,0.0,0.0,0,0,0,14.6401,2.6214,0.0,0.0,0.0,0.0,672,328,344,0,754,38,0,525426,0,2,0
880.1,1.3107,1.3107,2.6214,0.0,2.6214,0.0,0.0,0,0,0,14.6401,2.6214,0.0,0.0,0.0,0.0,672,328,344,0,754,38,0,525426,0,2,0
881.1,1.3107,1.3107,2.6214,0.0,2.6214,0.0,0.0,0,0,0,14.6401,2.6214,0.0,0.0,0.0,0.0,672,328,344,0,754,38,0,525426,0,2,0
882.1,1.3107,1.3107,2.6214,0.0,2.6214,0.0,0.0,0,0,0,14.6786,2.6214,0.0,0.0,0.0,0.0,673,328,345,0,754,38,0,525703,0,2,0
883.1,1.3107,1.3107,2.6214,0.0,2.6214,0.0,0.0,0,0,0,14.6786,2.6214,0.0,0.0,0.0,0.0,673,328,345,0,754,38,0,525703,0,2,0
884.1,1.3107,1.3107,2.6214,0.0,2.6214,0.0,0.0,0,0,0,14.6786,2.6214,0.0,0.0,0.0,0.0,673,328,345,0,754,38,0,525703,0,2,0
885.1,1.3107,1.3107,2.6214,0.0,2.6214,0.0,0.0,0,0,0,14.7006,2.6214,0.0,0.0,0.0,0.0,673,328,345,0,754,39,0,525703,0,2,0
886.1,1.3107,1.3107,2.6214,0.0,2.6214,0.0,0.0,0,0,0,14.7006,2.6214,0.0,0.0,0.0,0.0,673,328,345,0,754,39,0,525703,0,2,0
887.1,1.3107,1.3107,2.6214,0.0,2.6214,0.0,0.0,0,0,0,14.9748,2.6214,0.0,0.0,0.0,0.0,673,328,345,0,756,39,0,525703,0,2,0
888.1,1.3107,1.3107,2.6214,0.0,2.6214,0.0,0.0,0,0,0,14.9748,2.6214,0.0,0.0,0.0,0.0,673,328,345,0,756,39,0,525703,0,2,0
889.1,1.3107,1.3107,2.6214,0.0,2.6214,0.0,0.0,0,0,0,15.1958,2.6214,0.0,0.0,0.0,0.0,674,329,345,0,756,39,0,527368,0,2,0
890.1,1.3107,1.3107,2.6214,0.0,2.6214,0.0,0.0,0,0,0,15.4044,2.6214,0.0,0.0,0.0,0.0,675,330,345,0,756,39,0,528943,0,2,0
891.1,1.3107,1.3107,2.6214,0.0,2.6214,0.0,0.0,0,0,0,15.4044,2.6214,0.0,0.0,0.0,0.0,675,330,345,0,756,39,0,528943,0,2,0
892.1,1.3107,1.3107,2.6214,0.0,2.6214,0.0,0.0,0,0,0,15.4044,2.6214,0.0,0.0,0.0,0.0,675,330,345,0,756,39,0,528943,0,2,0
893.1,1.3107,1.3107,2.6214,0.0,2.6214,0.0,0.0,0,0,0,15.4044,2.6214,0.0,0.0,0.0,0.0,675,330,345,0,756,39,0,528943,0,2,0
894.1,1.3107,1.3107,2.6214,0.0,2.6214,0.0,0.0,0,0,0,15.4243,2.6214,0.0,0.0,0.0,0.0,675,330,345,0,757,39,0,528943,0,2,0
895.1,1.3107,1.3107,2.6214,0.0,2.6214,0.0,0.0,0,0,0,15.4243,2.6214,0.0,0.0,0.0,0.0,675,330,345,0,757,39,0,528943,0,2,0
896.1,1.3107,1.3107,2.6214,0.0,2.6214,0.0,0.0,0,0,0,15.4619,2.6214,0.0,0.0,0.0,0.0,675,330,345,0,758,40,0,528943,0,2,0
897.1,1.3107,1.3107,2.6214,0.0,2.6214,0.0,0.0,0,0,0,15.4619,2.6214,0.0,0.0,0.0,0.0,675,330,345,0,758,40,0,528943,0,2,0
898.1,1.3107,1.3107,2.6214,0.0,2.6214,0.0,0.0,0,0,0,15.4619,2.6214,0.0,0.0,0.0,0.0,675,330,345,0,758,40,0,528943,0,2,0
899.1,1.3107,1.3107,2.6214,0.0,2.6214,0.0,0.0,0,0,0,15.5099,2.6214,0.0,0.0,0.0,0.0,675,330,345,0,761,40,0,528943,0,2,0
900.1,1.3107,1.3107,2.6214,0.0,2.6214,0.0,0.0,0,0,0,15.5099,2.6214,0.0,0.0,0.0,0.0,675,330,345,0,761,40,0,528943,0,2,0
901.1,1.3107,1.3107,2.6214,0.0,2.6214,0.0,0.0,0,0,0,15.4766,2.6214,0.0,0.0,0.0,0.0,675,330,345,0,762,40,0,528943,0,2,0
902.1,1.3107,1.3107,2.6214,0.0,2.6214,0.0,0.0,0,0,0,15.4766,2.6214,0.0,0.0,0.0,0.0,675,330,345,0,762,40,0,528943,0,2,0
903.1,1.3107,1.3107,2.6214,0.0,2.6214,0.0,0.0,0,0,0,15.0476,2.6214,0.0,0.0,0.0,0.0,676,331,345,0,762,41,0,529100,0,2,0
904.1,1.3107,1.3107,2.6214,0.0,2.6214,0.0,0.0,0,0,0,15.049,2.6214,0.0,0.0,0.0,0.0,676,331,345,0,762,41,0,529100,0,2,0
905.1,1.3107,1.3107,2.6214,0.0,2.6214,0.0,0.0,0,0,0,15.049,2.6214,0.0,0.0,0.0,0.0,676,331,345,0,762,41,0,529100,0,2,0
906.1,1.3107,1.3107,2.6214,0.0,2.6214,0.0,0.0,0,0,0,15.049,2.6214,0.0,0.0,0.0,0.0,676,331,345,0,762,41,0,529100,0,2,0
907.1,1.3107,1.3107,2.6214,0.0,2.6214,0.0,0.0,0,0,0,15.049,2.6214,0.0,0.0,0.0,0.0,676,331,345,0,762,41,0,529100,0,2,0
908.1,1.3107,1.3107,2.6214,0.0,2.6214,0.0,0.0,0,0,0,15.049,2.6214,0.0,0.0,0.0,0.0,676,331,345,0,762,41,0,529100,0,2,0
909.1,1.3107,1.3107,2.6214,0.0,2.6214,0.0,0.0,0,0,0,14.9562,2.6214,0.0,0.0,0.0,0.0,676,331,345,0,763,41,0,529100,0,2,0
910.1,1.3107,1.3107,2.6214,0.0,2.6214,0.0,0.0,0,0,0,14.9562,2.6214,0.0,0.0,0.0,0.0,676,331,345,0,763,41,0,529100,0,2,0
911.1,1.3107,1.3107,2.6214,0.0,2.6214,0.0,0.0,0,0,0,14.9562,2.6214,0.0,0.0,0.0,0.0,676,331,345,0,763,41,0,529100,0,2,0
912.1,1.3107,1.3107,2.6214,0.0,2.6214,0.0,0.0,0,0,0,14.9562,2.6214,0.0,0.0,0.0,0.0,676,331,345,0,763,41,0,529100,0,2,0
913.1,1.3107,1.3107,2.6214,0.0,2.6214,0.0,0.0,0,0,0,14.9562,2.6214,0.0,0.0,0.0,0.0,676,331,345,0,763,41,0,529100,0,2,0
914.1,1.3107,1.3107,2.6214,0.0,2.6214,0.0,0.0,0,0,0,15.1576,2.6214,0.0,0.0,0.0,0.0,677,332,345,0,763,41,0,530591,0,2,0
915.1,1.3107,1.3107,2.6214,0.0,2.6214,0.0,0.0,0,0,0,15.1576,2.6214,0.0,0.0,0.0,0.0,677,332,345,0,763,41,0,530591,0,2,0
916.1,1.3107,1.3107,2.6214,0.0,2.6214,0.0,0.0,0,0,0,14.8203,2.6214,0.0,0.0,0.0,0.0,678,332,346,0,763,41,0,532823,0,2,0
917.1,1.3107,1.3107,2.6214,0.0,2.6214,0.0,0.0,0,0,0,14.8203,2.6214,0.0,0.0,0.0,0.0,678,332,346,0,763,41,0,532823,0,2,0
918.1,1.3107,1.3107,2.6214,0.0,2.6214,0.0,0.0,0,0,0,14.8203,2.6214,0.0,0.0,0.0,0.0,678,332,346,0,763,41,0,532823,0,2,0
919.1,1.3107,1.3107,2.6214,0.0,2.6214,0.0,0.0,0,0,0,14.8203,2.6214,0.0,0.0,0.0,0.0,678,332,346,0,763,41,0,532823,0,2,0
920.1,1.3107,1.3107,2.6214,0.0,2.6214,0.0,0.0,0,0,0,14.8203,2.6214,0.0,0.0,0.0,0.0,678,332,346,0,763,41,0,532823,0,2,0
921.1,1.3107,1.3107,2.6214,0.0,2.6214,0.0,0.0,0,0,0,14.8679,2.6214,0.0,0.0,0.0,0.0,679,333,346,0,763,41,0,533163,0,2,0
922.1,1.3107,1.3107,2.6214,0.0,2.6214,0.0,0.0,0,0,0,14.8679,2.6214,0.0,0.0,0.0,0.0,679,333,346,0,763,41,0,533163,0,2,0
923.1,1.3107,1.3107,2.6214,0.0,2.6214,0.0,0.0,0,0,0,14.8679,2.6214,0.0,0.0,0.0,0.0,679,333,346,0,763,41,0,533163,0,2,0
924.1,1.3107,1.3107,2.6214,0.0,2.6214,0.0,0.0,0,0,0,14.8679,2.6214,0.0,0.0,0.0,0.0,679,333,346,0,763,41,0,533163,0,2,0
925.1,1.3107,1.3107,2.6214,0.0,2.6214,0.0,0.0,0,0,0,14.8679,2.6214,0.0,0.0,0.0,0.0,679,333,346,0,763,41,0,533163,0,2,0
926.1,1.3107,1.3107,2.6214,0.0,2.6214,0.0,0.0,0,0,0,14.8679,2.6214,0.0,0.0,0.0,0.0,679,333,346,0,763,41,0,533163,0,2,0
927.1,1.3107,1.3107,2.6214,0.0,2.6214,0.0,0.0,0,0,0,14.8679,2.6214,0.0,0.0,0.0,0.0,679,333,346,0,763,41,0,533163,0,2,0
928.1,1.3107,1.3107,2.6214,0.0,2.6214,0.0,0.0,0,0,0,14.8679,2.6214,0.0,0.0,0.0,0.0,679,333,346,0,763,41,0,533163,0,2,0
929.1,1.3107,1.3107,2.6214,0.0,2.6214,0.0,0.0,0,0,0,14.8679,2.6214,0.0,0.0,0.0,0.0,679,333,346,0,763,41,0,533163,0,2,0
930.1,1.3107,1.3107,2.6214,0.0,2.6214,0.0,0.0,0,0,0,14.8679,2.6214,0.0,0.0,0.0,0.0,679,333,346,0,763,41,0,533163,0,2,0
931.1,1.3107,1.3107,2.6214,0.0,2.6214,0.0,0.0,0,0,0,14.8679,2.6214,0.0,0.0,0.0,0.0,679,333,346,0,763,41,0,533163,0,2,0
932.1,1.3107,1.3107,2.6214,0.0,2.6214,0.0,0.0,0,0,0,14.8679,2.6214,0.0,0.0,0.0,0.0,679,333,346,0,763,41,0,533163,0,2,0
933.1,1.3107,1.3107,2.6214,0.0,2.6214,0.0,0.0,0,0,0,14.8679,2.6214,0.0,0.0,0.0,0.0,679,333,346,0,763,41,0,533163,0,2,0
934.1,1.3107,1.3107,2.6214,0.0,2.6214,0.0,0.0,0,0,0,14.8679,2.6214,0.0,0.0,0.0,0.0,679,333,346,0,763,41,0,533163,0,2,0
935.1,1.3107,1.3107,2.6214,0.0,2.6214,0.0,0.0,0,0,0,14.8679,2.6214,0.0,0.0,0.0,0.0,679,333,346,0,763,41,0,533163,0,2,0
936.1,1.3107,1.3107,2.6214,0.0,2.6214,0.0,0.0,0,0,0,14.8679,2.6214,0.0,0.0,0.0,0.0,679,333,346,0,763,41,0,533163,0,2,0
937.1,1.3107,1.3107,2.6214,0.0,2.6214,0.0,0.0,0,0,0,14.8679,2.6214,0.0,0.0,0.0,0.0,679,333,346,0,763,41,0,533163,0,2,0
938.1,1.3107,1.3107,2.6214,0.0,2.6214,0.0,0.0,0,0,0,14.8679,2.6214,0.0,0.0,0.0,0.0,679,333,346,0,763,41,0,533163,0,2,0
939.1,1.3107,1.3107,2.6214,0.0,2.6214,0.0,0.0,0,0,0,14.8679,2.6214,0.0,0.0,0.0,0.0,679,333,346,0,763,41,0,533163,0,2,0
940.1,1.3107,1.3107,2.6214,0.0,2.6214,0.0,0.0,0,0,0,14.8679,2.6214,0.0,0.0,0.0,0.0,679,333,346,0,763,41,0,533163,0,2,0
941.1,1.3107,1.3107,2.6214,0.0,2.6214,0.0,0.0,0,0,0,14.3195,2.6214,0.0,0.0,0.0,0.0,680,334,346,0,763,41,0,534037,0,2,0
942.1,1.3107,1.3107,2.6214,0.0,2.6214,0.0,0.0,0,0,0,14.3195,2.6214,0.0,0.0,0.0,0.0,680,334,346,0,763,41,0,534037,0,2,0
943.1,1.3107,1.3107,2.6214,0.0,2.6214,0.0,0.0,0,0,0,14.3195,2.6214,0.0,0.0,0.0,0.0,680,334,346,0,763,41,0,534037,0,2,0
944.1,1.3107,1.3107,2.6214,0.0,2.6214,0.0,0.0,0,0,0,14.3195,2.6214,0.0,0.0,0.0,0.0,680,334,346,0,763,41,0,534037,0,2,0
945.1,1.3107,1.3107,2.6214,0.0,2.6214,0.0,0.0,0,0,0,14.3195,2.6214,0.0,0.0,0.0,0.0,680,334,346,0,763,41,0,534037,0,2,0
946.1,1.3107,1.3107,2.6214,0.0,2.6214,0.0,0.0,0,0,0,14.3195,2.6214,0.0,0.0,0.0,0.0,680,334,346,0,763,41,0,534037,0,2,0
947.1,1.3107,1.3107,2.6214,0.0,2.6214,0.0,0.0,0,0,0,14.3195,2.6214,0.0,0.0,0.0,0.0,680,334,346,0,763,41,0,534037,0,2,0
948.1,1.3107,1.3107,2.6214,0.0,2.6214,0.0,0.0,0,0,0,14.3195,2.6214,0.0,0.0,0.0,0.0,680,334,346,0,763,41,0,534037,0,2,0
949.1,1.3107,1.3107,2.6214,0.0,2.6214,0.0,0.0,0,0,0,14.3195,2.6214,0.0,0.0,0.0,0.0,680,334,346,0,763,41,0,534037,0,2,0
950.1,1.3107,1.3107,2.6214,0.0,2.6214,0.0,0.0,0,0,0,14.3195,2.6214,0.0,0.0,0.0,0.0,680,334,346,0,763,41,0,534037,0,2,0
