elapsed_s,gpu0_gb,gpu1_gb,gpu2_gb,gpu3_gb,gpu_total_gb,host_gb,total_gb,host_frac,host_peak_gb,host_blocks,host_flushes,host_evicted,serving_gb,park_local_gb,park_peer_gb,dropped_gb,host_evicted_gb,peer_frac_of_parked,fetch_hits,fetch_local_hits,fetch_peer_hits,fetch_host_hits,fetch_miss,fetch_already,fetch_nospace,fetched_tokens,parked_tokens,writers,stale
0.0,0.0,0.0,0.0014,0.0,0.0014,0.0,0.0014,0.0,0.0,0,0,0,0.006,0.0014,0.0,0.0,0.0,0.0,0,0,0,0,5,0,0,0,0,2,0
1.0,0.0,0.0,0.0014,0.0,0.0014,0.0,0.0014,0.0,0.0,0,0,0,0.006,0.0014,0.0,0.0,0.0,0.0,0,0,0,0,5,0,0,0,0,2,0
2.0,0.0,0.0,0.0014,0.0,0.0014,0.0,0.0014,0.0,0.0,0,0,0,0.006,0.0014,0.0,0.0,0.0,0.0,0,0,0,0,5,0,0,0,0,2,0
3.0,0.0,0.0,0.0014,0.0,0.0014,0.0,0.0014,0.0,0.0,0,0,0,0.2074,0.0014,0.0,0.0,0.0,0.0,0,0,0,0,23,0,0,0,0,2,0
4.0,0.0,0.0214,0.0014,0.0,0.0228,0.0,0.0228,0.0,0.0,0,0,0,0.2488,0.0014,0.0214,0.0,0.0,0.9368,0,0,0,0,37,0,0,0,0,2,0
5.0,0.0,0.0439,0.0014,0.0,0.0454,0.0,0.0454,0.0,0.0,0,0,0,0.2488,0.0014,0.0439,0.0,0.0,0.9682,0,0,0,0,37,0,0,0,0,2,0
6.0,0.0,0.0603,0.0014,0.0,0.0617,0.0,0.0617,0.0,0.0,0,0,0,0.2488,0.0014,0.0603,0.0,0.0,0.9766,0,0,0,0,37,0,0,0,0,2,0
7.0,0.0257,0.0603,0.0014,0.0,0.0874,0.0,0.0874,0.0,0.0,0,0,0,0.2641,0.0271,0.0603,0.0,0.0,0.6897,2,0,2,0,37,0,0,49,0,2,0
8.0,0.0257,0.0603,0.0014,0.0,0.0874,0.0,0.0874,0.0,0.0,0,0,0,0.3144,0.0271,0.0603,0.0,0.0,0.6897,5,0,5,0,37,0,0,224,0,2,0
9.0,0.0257,0.1416,0.0809,0.0,0.2481,0.0,0.2481,0.0,0.0,0,0,0,0.3144,0.1066,0.1416,0.0,0.0,0.5705,5,0,5,0,37,0,0,224,0,2,0
10.0,0.0257,0.1416,0.1072,0.0,0.2745,0.0,0.2745,0.0,0.0,0,0,0,0.3144,0.1329,0.1416,0.0,0.0,0.5158,5,0,5,0,37,0,0,224,0,2,0
11.0,0.0257,0.1416,0.1072,0.0,0.2745,0.0,0.2745,0.0,0.0,0,0,0,0.3405,0.1329,0.1416,0.0,0.0,0.5158,6,1,5,0,37,0,0,384,0,2,0
12.0,0.0257,0.1416,0.1982,0.0,0.3654,0.0,0.3654,0.0,0.0,0,0,0,0.4481,0.2239,0.1416,0.0,0.0,0.3874,10,2,8,0,37,0,0,1048,0,2,0
13.0,0.0257,0.1416,0.3092,0.0,0.4764,0.0,0.4764,0.0,0.0,0,0,0,0.4935,0.3349,0.1416,0.0,0.0,0.2971,12,3,9,0,37,0,0,1350,0,2,0
14.0,0.0257,0.1416,0.3951,0.0,0.5623,0.0,0.5623,0.0,0.0,0,0,0,0.5117,0.4207,0.1416,0.0,0.0,0.2517,12,3,9,0,38,0,0,1350,0,2,0
15.0,0.0257,0.1957,0.4705,0.0,0.6919,0.0,0.6919,0.0,0.0,0,0,0,0.6571,0.4962,0.1957,0.0,0.0,0.2828,15,5,10,0,38,0,0,2347,0,2,0
16.0,0.0257,0.512,0.4705,0.0,1.0082,0.0,1.0082,0.0,0.0,0,0,0,0.7138,0.4962,0.512,0.0,0.0,0.5078,16,6,10,0,39,0,0,2705,0,2,0
17.0,0.0257,0.8804,0.4705,0.0,1.3766,0.0,1.3766,0.0,0.0,0,0,0,0.8508,0.4962,0.8804,0.0,0.0,0.6395,18,6,12,0,39,0,0,3633,0,2,0
18.0,0.0257,1.1312,0.4705,0.0,1.6274,0.0,1.6274,0.0,0.0,0,0,0,1.0781,0.4962,1.1312,0.0,0.0,0.6951,22,6,16,0,39,0,0,5290,0,2,0
19.0,0.0257,1.2178,0.4705,0.0,1.714,0.0,1.714,0.0,0.0,0,0,0,1.18,0.4962,1.2178,0.0,0.0,0.7105,24,6,18,0,39,0,0,5991,0,2,0
20.0,0.0257,1.2178,0.4705,0.0,1.714,0.0,1.714,0.0,0.0,0,0,0,1.4877,0.4962,1.2178,0.0,0.0,0.7105,28,6,22,0,39,0,0,8123,0,2,0
21.0,0.0257,1.2616,0.4705,0.0,1.7578,0.0,1.7578,0.0,0.0,0,0,0,1.6499,0.4962,1.2616,0.0,0.0,0.7177,29,6,23,0,39,1,0,8756,0,2,0
22.0,0.0257,1.2616,0.4705,0.0,1.7578,0.0,1.7578,0.0,0.0,0,0,0,1.8071,0.4962,1.2616,0.0,0.0,0.7177,31,6,25,0,39,1,0,9917,0,2,0
23.0,0.0257,1.3638,0.4705,0.1884,2.0484,0.0,2.0484,0.0,0.0,0,0,0,1.818,0.4962,1.5522,0.0,0.0,0.7577,32,6,26,0,39,1,0,9970,0,2,0
24.0,0.0257,1.3638,0.4705,0.1884,2.0484,0.0,2.0484,0.0,0.0,0,0,0,1.818,0.4962,1.5522,0.0,0.0,0.7577,32,6,26,0,39,1,0,9970,0,2,0
25.0,0.0257,1.3638,0.4705,0.5772,2.4373,0.0,2.4373,0.0,0.0,0,0,0,1.818,0.4962,1.941,0.0,0.0,0.7964,32,6,26,0,39,1,0,9970,0,2,0
26.0,0.0257,1.3638,0.4705,0.8226,2.6827,0.0,2.6827,0.0,0.0,0,0,0,2.022,0.4962,2.1864,0.0,0.0,0.815,35,6,29,0,39,1,0,11459,0,2,0
27.0,0.0257,1.3638,0.4705,0.9314,2.7914,0.0,2.7914,0.0,0.0,0,0,0,2.022,0.4962,2.2952,0.0,0.0,0.8222,35,6,29,0,39,1,0,11459,0,2,0
28.0,0.0257,1.3638,0.4705,1.0554,2.9154,0.0,2.9154,0.0,0.0,0,0,0,2.313,0.4962,2.4192,0.0,0.0,0.8298,39,6,33,0,40,1,0,13551,0,2,0
29.0,0.0257,1.3638,0.5951,1.2899,3.2744,0.0,3.2744,0.0,0.0,0,0,0,2.4137,0.6208,2.6537,0.0,0.0,0.8104,41,6,35,0,40,1,0,14235,0,2,0
30.0,0.0257,1.371,1.262,1.2899,3.9485,0.0,3.9485,0.0,0.0,0,0,0,2.4227,1.2877,2.6609,0.0,0.0,0.6739,42,6,36,0,40,1,0,14272,0,2,0
31.0,0.0257,1.371,1.262,1.2899,3.9485,0.0,3.9485,0.0,0.0,0,0,0,2.4227,1.2877,2.6609,0.0,0.0,0.6739,42,6,36,0,40,1,0,14272,0,2,0
32.0,0.0257,1.371,1.262,1.2899,3.9485,0.0,3.9485,0.0,0.0,0,0,0,2.726,1.2877,2.6609,0.0,0.0,0.6739,46,8,38,0,40,1,0,16204,0,2,0
33.0,0.0257,1.371,1.262,1.3107,3.9694,0.0,3.9694,0.0,0.0,0,0,0,3.3435,1.2877,2.6817,0.0,0.0,0.6756,50,10,40,0,40,2,0,18763,0,2,0
34.0,0.0257,1.6688,1.262,1.3107,4.2672,0.0,4.2672,0.0,0.0,0,0,0,3.8201,1.2877,2.9795,0.0,0.0,0.6982,54,10,44,0,41,2,0,21936,0,2,0
35.0,0.0257,1.8182,1.262,1.3107,4.4166,0.0,4.4166,0.0,0.0,0,0,0,4.0825,1.2877,3.129,0.0,0.0,0.7085,56,10,46,0,41,2,0,23885,0,2,0
36.0,0.0257,1.948,1.262,1.3107,4.5464,0.0,4.5464,0.0,0.0,0,0,0,4.3015,1.2877,3.2587,0.0,0.0,0.7168,58,10,48,0,42,2,0,24961,0,2,0
37.0,0.0257,1.948,1.262,1.3107,4.5464,0.0,4.5464,0.0,0.0,0,0,0,4.4701,1.2877,3.2587,0.0,0.0,0.7168,59,10,49,0,42,2,0,26123,0,2,0
38.0,0.0257,1.948,1.262,1.3107,4.5464,0.0,4.5464,0.0,0.0,0,0,0,4.6541,1.2877,3.2587,0.0,0.0,0.7168,61,10,51,0,43,2,0,27443,0,2,0
39.0,0.0257,1.948,1.2719,1.3107,4.5563,0.0,4.5563,0.0,0.0,0,0,0,4.8512,1.2976,3.2587,0.0,0.0,0.7152,63,10,53,0,43,2,0,28867,0,2,0
40.0,0.0257,1.948,1.2719,1.3107,4.5563,0.0,4.5563,0.0,0.0,0,0,0,4.9967,1.2976,3.2587,0.0,0.0,0.7152,64,10,54,0,43,2,0,29963,0,2,0
41.0,0.0257,1.948,1.2719,1.3107,4.5563,0.0,4.5563,0.0,0.0,0,0,0,4.9967,1.2976,3.2587,0.0,0.0,0.7152,64,10,54,0,43,2,0,29963,0,2,0
42.0,0.0257,1.948,1.2854,1.3107,4.5698,0.0,4.5698,0.0,0.0,0,0,0,5.3274,1.3111,3.2587,0.0,0.0,0.7131,67,11,56,0,43,2,0,32404,0,2,0
43.0,0.0257,1.948,1.2854,1.3107,4.5698,0.0,4.5698,0.0,0.0,0,0,0,5.5928,1.3111,3.2587,0.0,0.0,0.7131,69,11,58,0,43,2,0,34319,0,2,0
44.0,0.0257,1.948,1.2854,1.3107,4.5698,0.0,4.5698,0.0,0.0,0,0,0,5.6993,1.3111,3.2587,0.0,0.0,0.7131,70,11,59,0,43,2,0,35119,0,2,0
45.0,0.0257,1.948,1.2854,1.3107,4.5698,0.0,4.5698,0.0,0.0,0,0,0,5.8828,1.3111,3.2587,0.0,0.0,0.7131,72,12,60,0,43,2,0,36456,0,2,0
46.0,0.0257,1.948,1.2854,1.3107,4.5698,0.0,4.5698,0.0,0.0,0,0,0,6.0149,1.3111,3.2587,0.0,0.0,0.7131,74,12,62,0,43,2,0,37216,0,2,0
47.0,0.0257,1.948,1.2854,1.3107,4.5698,0.0,4.5698,0.0,0.0,0,0,0,6.2077,1.3111,3.2587,0.0,0.0,0.7131,75,12,63,0,43,2,0,38654,0,2,0
48.0,0.0257,2.2,1.2854,1.3107,4.8219,0.0,4.8219,0.0,0.0,0,0,0,6.2077,1.3111,3.5108,0.0,0.0,0.7281,75,12,63,0,43,2,0,38654,0,2,0
49.0,0.2456,2.602,1.2854,1.3107,5.4438,0.0,5.4438,0.0,0.0,0,0,0,6.5505,1.5311,3.9128,0.0,0.0,0.7188,77,12,65,0,43,2,0,40908,0,2,0
50.0,0.4729,2.602,1.2854,1.3107,5.6711,0.0,5.6711,0.0,0.0,0,0,0,6.6389,1.7583,3.9128,0.0,0.0,0.6899,78,12,66,0,43,2,0,41563,0,2,0
51.0,0.4729,2.602,1.2854,1.3107,5.6711,0.0,5.6711,0.0,0.0,0,0,0,6.8012,1.7583,3.9128,0.0,0.0,0.6899,80,12,68,0,43,2,0,42668,0,2,0
52.0,0.4729,2.602,1.2854,1.3107,5.6711,0.0,5.6711,0.0,0.0,0,0,0,7.124,1.7583,3.9128,0.0,0.0,0.6899,83,12,71,0,43,2,0,45048,0,2,0
53.0,0.4729,2.602,1.2854,1.3107,5.6711,0.0,5.6711,0.0,0.0,0,0,0,7.8862,1.7583,3.9128,0.0,0.0,0.6899,85,12,73,0,46,2,0,47497,0,2,0
54.0,0.9352,2.602,1.2854,1.3107,6.1334,0.0,6.1334,0.0,0.0,0,0,0,7.9959,2.2206,3.9128,0.0,0.0,0.6379,86,12,74,0,46,2,0,48312,0,2,0
55.0,0.9352,2.602,1.2854,1.3107,6.1334,0.0,6.1334,0.0,0.0,0,0,0,8.2277,2.2206,3.9128,0.0,0.0,0.6379,88,12,76,0,46,2,0,50010,0,2,0
56.0,1.002,2.602,1.2854,1.3107,6.2002,0.0,6.2002,0.0,0.0,0,0,0,8.2277,2.2875,3.9128,0.0,0.0,0.6311,88,12,76,0,46,2,0,50010,0,2,0
57.0,1.2517,2.602,1.2854,1.5531,6.6923,0.0,6.6923,0.0,0.0,0,0,0,8.531,2.5372,4.1551,0.0,0.0,0.6209,91,15,76,0,46,2,0,52181,0,2,0
58.0,1.2517,2.602,1.2937,1.5531,6.7005,0.0,6.7005,0.0,0.0,0,0,0,8.5612,2.5454,4.1551,0.0,0.0,0.6201,92,15,77,0,47,2,0,52344,0,2,0
59.0,1.2517,2.602,1.2937,1.5531,6.7005,0.0,6.7005,0.0,0.0,0,0,0,8.5612,2.5454,4.1551,0.0,0.0,0.6201,92,15,77,0,49,2,0,52344,0,2,0
60.0,1.2517,2.602,1.2937,1.8741,7.0215,0.0,7.0215,0.0,0.0,0,0,0,8.8734,2.5454,4.4761,0.0,0.0,0.6375,94,15,79,0,49,2,0,54554,0,2,0
61.0,1.2517,2.6214,1.2937,2.3896,7.5564,0.0,7.5564,0.0,0.0,0,0,0,8.9454,2.5454,5.011,0.0,0.0,0.6631,96,16,80,0,49,2,0,55076,0,2,0
62.0,1.2517,2.6214,1.2937,2.3896,7.5564,0.0,7.5564,0.0,0.0,0,0,0,9.2406,2.5454,5.011,0.0,0.0,0.6631,97,16,81,0,49,2,0,57217,0,2,0
63.0,1.2517,2.6214,1.2937,2.3896,7.5564,0.0,7.5564,0.0,0.0,0,0,0,9.6656,2.5454,5.011,0.0,0.0,0.6631,100,16,84,0,49,2,0,60412,0,2,0
64.0,1.2517,2.6214,1.2937,2.3896,7.5564,0.0,7.5564,0.0,0.0,0,0,0,9.9228,2.5454,5.011,0.0,0.0,0.6631,102,16,86,0,49,2,0,62337,0,2,0
65.0,1.2517,2.6214,1.2937,2.3896,7.5564,0.0,7.5564,0.0,0.0,0,0,0,10.5091,2.5454,5.011,0.0,0.0,0.6631,105,16,89,0,51,2,0,66135,0,2,0
66.0,1.2517,2.6214,1.2937,2.3896,7.5564,0.0,7.5564,0.0,0.0,0,0,0,10.512,2.5454,5.011,0.0,0.0,0.6631,105,16,89,0,52,2,0,66135,0,2,0
67.0,1.2642,2.6214,1.2937,2.3896,7.5689,0.0,7.5689,0.0,0.0,0,0,0,10.5173,2.5579,5.011,0.0,0.0,0.6621,106,16,90,0,52,2,0,66157,0,2,0
68.0,1.2642,2.6214,1.2937,2.482,7.6613,0.0,7.6613,0.0,0.0,0,0,0,10.6377,2.5579,5.1034,0.0,0.0,0.6661,107,16,91,0,52,2,0,67019,0,2,0
69.0,1.2642,2.6214,1.2937,2.482,7.6613,0.0,7.6613,0.0,0.0,0,0,0,10.6972,2.5579,5.1034,0.0,0.0,0.6661,108,16,92,0,52,2,0,67449,0,2,0
70.0,1.2642,2.6214,1.2937,2.482,7.6613,0.0,7.6613,0.0,0.0,0,0,0,10.7868,2.5579,5.1034,0.0,0.0,0.6661,110,17,93,0,52,2,0,68091,0,2,0
71.0,1.2642,2.6214,1.2937,2.482,7.6613,0.0,7.6613,0.0,0.0,0,0,0,10.8845,2.5579,5.1034,0.0,0.0,0.6661,112,17,95,0,52,2,0,68764,0,2,0
72.0,1.2642,2.6214,1.2937,2.482,7.6613,0.0,7.6613,0.0,0.0,0,0,0,11.2504,2.5579,5.1034,0.0,0.0,0.6661,113,17,96,0,52,4,0,70294,0,2,0
73.0,1.2642,2.6214,1.2937,2.482,7.6613,0.0,7.6613,0.0,0.0,0,0,0,11.332,2.5579,5.1034,0.0,0.0,0.6661,114,17,97,0,52,4,0,70873,0,2,0
74.0,1.2642,2.6214,1.2937,2.482,7.6613,0.0,7.6613,0.0,0.0,0,0,0,11.4113,2.5579,5.1034,0.0,0.0,0.6661,115,17,98,0,53,4,0,71101,0,2,0
75.0,1.2642,2.6214,1.2937,2.482,7.6613,0.0,7.6613,0.0,0.0,0,0,0,12.0475,2.5579,5.1034,0.0,0.0,0.6661,119,17,102,0,53,4,0,75745,0,2,0
76.0,1.2642,2.6214,1.2937,2.6019,7.7812,0.0,7.7812,0.0,0.0,0,0,0,12.0483,2.5579,5.2234,0.0,0.0,0.6713,119,17,102,0,54,4,0,75745,0,2,0
77.0,1.2642,2.6214,1.2937,2.6019,7.7812,0.0,7.7812,0.0,0.0,0,0,0,12.4334,2.5579,5.2234,0.0,0.0,0.6713,121,17,104,0,54,5,0,77597,0,2,0
78.0,1.2642,2.6214,1.2937,2.6019,7.7812,0.0,7.7812,0.0,0.0,0,0,0,12.4334,2.5579,5.2234,0.0,0.0,0.6713,121,17,104,0,54,5,0,77597,0,2,0
79.0,1.2642,2.6214,1.2937,2.6019,7.7812,0.0,7.7812,0.0,0.0,0,0,0,12.4364,2.5579,5.2234,0.0,0.0,0.6713,121,17,104,0,55,5,0,77597,0,2,0
80.0,1.2642,2.6214,1.2937,2.6019,7.7812,0.0,7.7812,0.0,0.0,0,0,0,12.4364,2.5579,5.2234,0.0,0.0,0.6713,121,17,104,0,55,5,0,77597,0,2,0
81.0,1.2642,2.6214,1.2937,2.6019,7.7812,0.0,7.7812,0.0,0.0,0,0,0,12.5155,2.5579,5.2234,0.0,0.0,0.6713,121,17,104,0,55,6,0,77597,0,2,0
82.0,1.2642,2.6214,1.2937,2.6019,7.7812,0.0,7.7812,0.0,0.0,0,0,0,12.5171,2.5579,5.2234,0.0,0.0,0.6713,121,17,104,0,56,6,0,77597,0,2,0
83.0,1.2642,2.6214,1.2937,2.6019,7.7812,0.0,7.7812,0.0,0.0,0,0,0,12.9177,2.5579,5.2234,0.0,0.0,0.6713,122,17,105,0,57,7,0,78254,0,2,0
84.0,1.2642,2.6214,1.2937,2.6019,7.7812,0.0,7.7812,0.0,0.0,0,0,0,13.534,2.5579,5.2234,0.0,0.0,0.6713,124,17,107,0,57,7,0,80693,0,2,0
85.0,1.2642,2.6214,1.2937,2.6019,7.7812,0.0,7.7812,0.0,0.0,0,0,0,13.5357,2.5579,5.2234,0.0,0.0,0.6713,124,17,107,0,58,7,0,80693,0,2,0
86.0,1.2642,2.6214,1.2937,2.6019,7.7812,0.0,7.7812,0.0,0.0,0,0,0,13.7112,2.5579,5.2234,0.0,0.0,0.6713,125,17,108,0,59,7,0,82014,0,2,0
87.0,1.2642,2.6214,1.2937,2.6019,7.7812,0.0,7.7812,0.0,0.0,0,0,0,13.7173,2.5579,5.2234,0.0,0.0,0.6713,125,17,108,0,60,7,0,82014,0,2,0
88.0,1.2642,2.6214,1.2937,2.6019,7.7812,0.0,7.7812,0.0,0.0,0,0,0,14.0698,2.5579,5.2234,0.0,0.0,0.6713,126,17,109,0,60,7,0,83643,0,2,0
89.0,1.2642,2.6214,1.2937,2.6019,7.7812,0.0,7.7812,0.0,0.0,0,0,0,14.1449,2.5579,5.2234,0.0,0.0,0.6713,127,17,110,0,61,8,0,83701,0,2,0
90.0,1.2642,2.6214,1.2937,2.6019,7.7812,0.0,7.7812,0.0,0.0,0,0,0,14.1449,2.5579,5.2234,0.0,0.0,0.6713,127,17,110,0,61,8,0,83701,0,2,0
91.0,1.2642,2.6214,1.2937,2.6019,7.7812,0.0,7.7812,0.0,0.0,0,0,0,14.1243,2.5579,5.2234,0.0,0.0,0.6713,128,17,111,0,63,10,0,84425,0,2,0
92.0,1.304,2.6214,1.2937,2.6019,7.8211,0.0,7.8211,0.0,0.0,0,0,0,14.2302,2.5977,5.2234,0.0,0.0,0.6679,128,17,111,0,64,10,0,84425,0,2,0
93.0,1.304,2.6214,1.2937,2.6019,7.8211,0.0,7.8211,0.0,0.0,0,0,0,14.3104,2.5977,5.2234,0.0,0.0,0.6679,128,17,111,0,65,10,0,84425,0,2,0
94.0,1.304,2.6214,1.2937,2.6019,7.8211,0.0,7.8211,0.0,0.0,0,0,0,14.4333,2.5977,5.2234,0.0,0.0,0.6679,130,17,113,0,65,11,0,85580,0,2,0
95.0,1.304,2.6214,1.2937,2.6019,7.8211,0.0,7.8211,0.0,0.0,0,0,0,14.3984,2.5977,5.2234,0.0,0.0,0.6679,133,18,115,0,66,11,0,88145,0,2,0
96.0,1.304,2.6214,1.2937,2.6019,7.8211,0.0,7.8211,0.0,0.0,0,0,0,14.3984,2.5977,5.2234,0.0,0.0,0.6679,133,18,115,0,66,11,0,88145,0,2,0
97.0,1.304,2.6214,1.2937,2.6019,7.8211,0.0,7.8211,0.0,0.0,0,0,0,14.3984,2.5977,5.2234,0.0,0.0,0.6679,133,18,115,0,66,11,0,88145,0,2,0
98.0,1.304,2.6214,1.2937,2.6019,7.8211,0.0,7.8211,0.0,0.0,0,0,0,15.0416,2.5977,5.2234,0.0,0.0,0.6679,134,18,116,0,66,13,0,91229,0,2,0
99.0,1.304,2.6214,1.2937,2.6019,7.8211,0.0,7.8211,0.0,0.0,0,0,0,15.0416,2.5977,5.2234,0.0,0.0,0.6679,134,18,116,0,66,13,0,91229,0,2,0
100.0,1.304,2.6214,1.2937,2.6019,7.8211,0.0,7.8211,0.0,0.0,0,0,0,15.0416,2.5977,5.2234,0.0,0.0,0.6679,134,18,116,0,66,13,0,91229,0,2,0
101.0,1.304,2.6214,1.2937,2.6019,7.8211,0.0,7.8211,0.0,0.0,0,0,0,15.0416,2.5977,5.2234,0.0,0.0,0.6679,134,18,116,0,66,13,0,91229,0,2,0
102.0,1.304,2.6214,1.2937,2.6019,7.8211,0.0,7.8211,0.0,0.0,0,0,0,15.1315,2.5977,5.2234,0.0,0.0,0.6679,135,18,117,0,66,13,0,91902,0,2,0
103.0,1.304,2.6214,1.2937,2.6019,7.8211,0.0,7.8211,0.0,0.0,0,0,0,15.1949,2.5977,5.2234,0.0,0.0,0.6679,135,18,117,0,68,13,0,91902,0,2,0
104.0,1.304,2.6214,1.2937,2.6019,7.8211,0.0,7.8211,0.0,0.0,0,0,0,15.5209,2.5977,5.2234,0.0,0.0,0.6679,135,18,117,0,70,13,0,91902,0,2,0
105.0,1.304,2.6214,1.2937,2.6019,7.8211,0.0,7.8211,0.0,0.0,0,0,0,15.5143,2.5977,5.2234,0.0,0.0,0.6679,135,18,117,0,70,13,0,91902,0,2,0
106.0,1.304,2.6214,1.2937,2.6019,7.8211,0.0,7.8211,0.0,0.0,0,0,0,15.2037,2.5977,5.2234,0.0,0.0,0.6679,138,18,120,0,70,13,0,95086,0,2,0
107.0,1.304,2.6214,1.2937,2.6019,7.8211,0.0,7.8211,0.0,0.0,0,0,0,15.2037,2.5977,5.2234,0.0,0.0,0.6679,138,18,120,0,70,13,0,95086,0,2,0
108.0,1.304,2.6214,1.2937,2.6019,7.8211,0.0,7.8211,0.0,0.0,0,0,0,14.8799,2.5977,5.2234,0.0,0.0,0.6679,142,18,124,0,70,13,0,98819,0,2,0
109.0,1.304,2.6214,1.2937,2.6019,7.8211,0.0,7.8211,0.0,0.0,0,0,0,14.9641,2.5977,5.2234,0.0,0.0,0.6679,143,18,125,0,70,13,0,99439,0,2,0
110.0,1.304,2.6214,1.2937,2.6019,7.8211,0.0,7.8211,0.0,0.0,0,0,0,14.727,2.5977,5.2234,0.0,0.0,0.6679,144,18,126,0,70,14,0,100179,0,2,0
111.0,1.304,2.6214,1.2937,2.6019,7.8211,0.0,7.8211,0.0,0.0,0,0,0,14.42,2.5977,5.2234,0.0,0.0,0.6679,145,18,127,0,70,14,0,101458,0,2,0
112.0,1.304,2.6214,1.2937,2.6019,7.8211,0.0,7.8211,0.0,0.0,0,0,0,14.42,2.5977,5.2234,0.0,0.0,0.6679,145,18,127,0,70,14,0,101458,0,2,0
113.0,1.304,2.6214,1.2937,2.6019,7.8211,0.0,7.8211,0.0,0.0,0,0,0,14.5091,2.5977,5.2234,0.0,0.0,0.6679,146,18,128,0,70,14,0,102113,0,2,0
114.0,1.304,2.6214,1.2937,2.6019,7.8211,0.0,7.8211,0.0,0.0,0,0,0,14.6883,2.5977,5.2234,0.0,0.0,0.6679,148,18,130,0,70,14,0,103345,0,2,0
115.0,1.304,2.6214,1.2937,2.6019,7.8211,0.0,7.8211,0.0,0.0,0,0,0,14.6883,2.5977,5.2234,0.0,0.0,0.6679,148,18,130,0,70,14,0,103345,0,2,0
116.0,1.304,2.6214,1.2937,2.6019,7.8211,0.0,7.8211,0.0,0.0,0,0,0,14.6883,2.5977,5.2234,0.0,0.0,0.6679,148,18,130,0,70,14,0,103345,0,2,0
117.0,1.304,2.6214,1.2937,2.6019,7.8211,0.0,7.8211,0.0,0.0,0,0,0,14.6883,2.5977,5.2234,0.0,0.0,0.6679,148,18,130,0,70,14,0,103345,0,2,0
118.0,1.304,2.6214,1.2937,2.6019,7.8211,0.0,7.8211,0.0,0.0,0,0,0,15.0113,2.5977,5.2234,0.0,0.0,0.6679,148,18,130,0,76,14,0,103345,0,2,0
119.0,1.304,2.6214,1.2937,2.6019,7.8211,0.0,7.8211,0.0,0.0,0,0,0,15.334,2.5977,5.2234,0.0,0.0,0.6679,149,18,131,0,78,15,0,105233,0,2,0
120.0,1.304,2.6214,1.2937,2.6019,7.8211,0.0,7.8211,0.0,0.0,0,0,0,15.3143,2.5977,5.2234,0.0,0.0,0.6679,149,18,131,0,80,15,0,105233,0,2,0
121.0,1.304,2.6214,1.2937,2.6019,7.8211,0.0,7.8211,0.0,0.0,0,0,0,15.5662,2.5977,5.2234,0.0,0.0,0.6679,149,18,131,0,81,17,0,105233,0,2,0
122.0,1.304,2.6214,1.2937,2.6019,7.8211,0.0,7.8211,0.0,0.0,0,0,0,15.4242,2.5977,5.2234,0.0,0.0,0.6679,150,18,132,0,82,19,0,106191,0,2,0
123.0,1.304,2.6214,1.2937,2.6019,7.8211,0.0,7.8211,0.0,0.0,0,0,0,14.9992,2.5977,5.2234,0.0,0.0,0.6679,151,18,133,0,82,19,0,106675,0,2,0
124.0,1.304,2.6214,1.2937,2.6019,7.8211,0.0,7.8211,0.0,0.0,0,0,0,14.9549,2.5977,5.2234,0.0,0.0,0.6679,153,18,135,0,82,19,0,108656,0,2,0
125.0,1.304,2.6214,1.2937,2.6019,7.8211,0.0,7.8211,0.0,0.0,0,0,0,14.9549,2.5977,5.2234,0.0,0.0,0.6679,153,18,135,0,82,19,0,108656,0,2,0
126.0,1.304,2.6214,1.2937,2.6019,7.8211,0.0,7.8211,0.0,0.0,0,0,0,14.9549,2.5977,5.2234,0.0,0.0,0.6679,153,18,135,0,82,19,0,108656,0,2,0
127.0,1.304,2.6214,1.2937,2.6019,7.8211,0.0,7.8211,0.0,0.0,0,0,0,14.9549,2.5977,5.2234,0.0,0.0,0.6679,153,18,135,0,82,19,0,108656,0,2,0
128.0,1.304,2.6214,1.2937,2.6019,7.8211,0.0,7.8211,0.0,0.0,0,0,0,14.9549,2.5977,5.2234,0.0,0.0,0.6679,153,18,135,0,82,19,0,108656,0,2,0
129.0,1.304,2.6214,1.2937,2.6019,7.8211,0.0,7.8211,0.0,0.0,0,0,0,14.9549,2.5977,5.2234,0.0,0.0,0.6679,153,18,135,0,82,19,0,108656,0,2,0
130.0,1.304,2.6214,1.2937,2.6019,7.8211,0.0,7.8211,0.0,0.0,0,0,0,14.5558,2.5977,5.2234,0.0,0.0,0.6679,155,18,137,0,82,19,0,109802,0,2,0
131.0,1.304,2.6214,1.2937,2.6019,7.8211,0.0,7.8211,0.0,0.0,0,0,0,14.6554,2.5977,5.2234,0.0,0.0,0.6679,156,18,138,0,82,19,0,110551,0,2,0
132.0,1.304,2.6214,1.2937,2.6019,7.8211,0.0,7.8211,0.0,0.0,0,0,0,14.6554,2.5977,5.2234,0.0,0.0,0.6679,156,18,138,0,82,19,0,110551,0,2,0
133.0,1.304,2.6214,1.2937,2.6019,7.8211,0.0,7.8211,0.0,0.0,0,0,0,14.6554,2.5977,5.2234,0.0,0.0,0.6679,156,18,138,0,82,19,0,110551,0,2,0
134.0,1.304,2.6214,1.2937,2.6019,7.8211,0.0,7.8211,0.0,0.0,0,0,0,14.7183,2.5977,5.2234,0.0,0.0,0.6679,157,18,139,0,85,19,0,110947,0,2,0
135.0,1.304,2.6214,1.2937,2.6019,7.8211,0.0,7.8211,0.0,0.0,0,0,0,15.2101,2.5977,5.2234,0.0,0.0,0.6679,158,18,140,0,86,19,0,112612,0,2,0
136.0,1.304,2.6214,1.2937,2.6019,7.8211,0.0,7.8211,0.0,0.0,0,0,0,15.2759,2.5977,5.2234,0.0,0.0,0.6679,159,18,141,0,86,19,0,113085,0,2,0
137.0,1.304,2.6214,1.2937,2.6019,7.8211,0.0,7.8211,0.0,0.0,0,0,0,15.3812,2.5977,5.2234,0.0,0.0,0.6679,160,18,142,0,86,19,0,113871,0,2,0
138.0,1.304,2.6214,1.2937,2.6019,7.8211,0.0,7.8211,0.0,0.0,0,0,0,14.7868,2.5977,5.2234,0.0,0.0,0.6679,161,18,143,0,86,19,0,114752,0,2,0
139.0,1.304,2.6214,1.2937,2.6019,7.8211,0.0,7.8211,0.0,0.0,0,0,0,14.7942,2.5977,5.2234,0.0,0.0,0.6679,162,18,144,0,88,19,0,117176,0,2,0
140.0,1.304,2.6214,1.2937,2.6019,7.8211,0.0,7.8211,0.0,0.0,0,0,0,14.8877,2.5977,5.2234,0.0,0.0,0.6679,162,18,144,0,90,19,0,117176,0,2,0
141.0,1.304,2.6214,1.2937,2.6019,7.8211,0.0,7.8211,0.0,0.0,0,0,0,14.9236,2.5977,5.2234,0.0,0.0,0.6679,162,18,144,0,92,20,0,117176,0,2,0
142.0,1.304,2.6214,1.2937,2.6019,7.8211,0.0,7.8211,0.0,0.0,0,0,0,15.0544,2.5977,5.2234,0.0,0.0,0.6679,162,18,144,0,93,21,0,117176,0,2,0
143.0,1.304,2.6214,1.3027,2.6019,7.8301,0.0,7.8301,0.0,0.0,0,0,0,15.0876,2.6068,5.2234,0.0,0.0,0.6671,162,18,144,0,94,21,0,117176,0,2,0
144.0,1.304,2.6214,1.3027,2.6019,7.8301,0.0,7.8301,0.0,0.0,0,0,0,15.3827,2.6068,5.2234,0.0,0.0,0.6671,162,18,144,0,96,21,0,117176,0,2,0
145.0,1.304,2.6214,1.3027,2.6019,7.8301,0.0,7.8301,0.0,0.0,0,0,0,15.4193,2.6068,5.2234,0.0,0.0,0.6671,162,18,144,0,98,21,0,117176,0,2,0
146.0,1.304,2.6214,1.3102,2.6019,7.8376,0.0,7.8376,0.0,0.0,0,0,0,15.4249,2.6142,5.2234,0.0,0.0,0.6664,163,18,145,0,98,21,0,117191,0,2,0
147.0,1.304,2.6214,1.3102,2.6019,7.8376,0.0,7.8376,0.0,0.0,0,0,0,15.4723,2.6142,5.2234,0.0,0.0,0.6664,164,18,146,0,98,21,0,117523,0,2,0
148.0,1.304,2.6214,1.3102,2.6019,7.8376,0.0,7.8376,0.0,0.0,0,0,0,15.3661,2.6142,5.2234,0.0,0.0,0.6664,165,18,147,0,98,22,0,117808,0,2,0
149.0,1.304,2.6214,1.3102,2.6019,7.8376,0.0,7.8376,0.0,0.0,0,0,0,15.3922,2.6142,5.2234,0.0,0.0,0.6664,167,18,149,0,100,22,0,118049,0,2,0
150.0,1.304,2.6214,1.3102,2.6019,7.8376,0.0,7.8376,0.0,0.0,0,0,0,15.5181,2.6142,5.2234,0.0,0.0,0.6664,167,18,149,0,100,24,0,118049,0,2,0
151.0,1.304,2.6214,1.3102,2.6019,7.8376,0.0,7.8376,0.0,0.0,0,0,0,15.5784,2.6142,5.2234,0.0,0.0,0.6664,167,18,149,0,101,24,0,118049,0,2,0
152.0,1.304,2.6214,1.3102,2.6019,7.8376,0.0,7.8376,0.0,0.0,0,0,0,15.498,2.6142,5.2234,0.0,0.0,0.6664,169,18,151,0,102,24,0,119833,0,2,0
153.0,1.304,2.6214,1.3102,2.6019,7.8376,0.0,7.8376,0.0,0.0,0,0,0,15.3425,2.6142,5.2234,0.0,0.0,0.6664,171,18,153,0,103,24,0,121064,0,2,0
154.0,1.304,2.6214,1.3102,2.6019,7.8376,0.0,7.8376,0.0,0.0,0,0,0,15.2202,2.6142,5.2234,0.0,0.0,0.6664,173,18,155,0,104,24,0,122127,0,2,0
155.0,1.304,2.6214,1.3102,2.6019,7.8376,0.0,7.8376,0.0,0.0,0,0,0,15.239,2.6142,5.2234,0.0,0.0,0.6664,174,18,156,0,106,24,0,122197,0,2,0
156.0,1.304,2.6214,1.3102,2.6019,7.8376,0.0,7.8376,0.0,0.0,0,0,0,15.3354,2.6142,5.2234,0.0,0.0,0.6664,175,18,157,0,106,24,0,122844,0,2,0
157.0,1.304,2.6214,1.3102,2.6019,7.8376,0.0,7.8376,0.0,0.0,0,0,0,15.3497,2.6142,5.2234,0.0,0.0,0.6664,176,18,158,0,106,24,0,122895,0,2,0
158.0,1.304,2.6214,1.3102,2.6019,7.8376,0.0,7.8376,0.0,0.0,0,0,0,15.6479,2.6142,5.2234,0.0,0.0,0.6664,178,18,160,0,106,25,0,124032,0,2,0
159.0,1.304,2.6214,1.3102,2.6019,7.8376,0.0,7.8376,0.0,0.0,0,0,0,15.5146,2.6142,5.2234,0.0,0.0,0.6664,179,18,161,0,106,25,0,124854,0,2,0
160.0,1.304,2.6214,1.3102,2.6019,7.8376,0.0,7.8376,0.0,0.0,0,0,0,15.588,2.6142,5.2234,0.0,0.0,0.6664,180,18,162,0,106,25,0,125376,0,2,0
161.0,1.304,2.6214,1.3102,2.6019,7.8376,0.0,7.8376,0.0,0.0,0,0,0,15.4075,2.6142,5.2234,0.0,0.0,0.6664,182,18,164,0,106,25,0,125962,0,2,0
162.0,1.304,2.6214,1.3102,2.6019,7.8376,0.0,7.8376,0.0,0.0,0,0,0,15.4075,2.6142,5.2234,0.0,0.0,0.6664,182,18,164,0,106,25,0,125962,0,2,0
163.0,1.304,2.6214,1.3102,2.6019,7.8376,0.0,7.8376,0.0,0.0,0,0,0,15.5596,2.6142,5.2234,0.0,0.0,0.6664,184,18,166,0,106,25,0,126541,0,2,0
164.0,1.304,2.6214,1.3102,2.6019,7.8376,0.0,7.8376,0.0,0.0,0,0,0,15.4824,2.6142,5.2234,0.0,0.0,0.6664,187,18,169,0,106,25,0,129711,0,2,0
165.0,1.304,2.6214,1.3102,2.6019,7.8376,0.0,7.8376,0.0,0.0,0,0,0,15.4824,2.6142,5.2234,0.0,0.0,0.6664,187,18,169,0,106,25,0,129711,0,2,0
166.0,1.304,2.6214,1.3102,2.6019,7.8376,0.0,7.8376,0.0,0.0,0,0,0,15.5742,2.6142,5.2234,0.0,0.0,0.6664,188,18,170,0,107,25,0,130368,0,2,0
167.0,1.304,2.6214,1.3102,2.6019,7.8376,0.0,7.8376,0.0,0.0,0,0,0,15.5754,2.6142,5.2234,0.0,0.0,0.6664,188,18,170,0,108,25,0,130368,0,2,0
168.0,1.304,2.6214,1.3102,2.6019,7.8376,0.0,7.8376,0.0,0.0,0,0,0,15.5778,2.6142,5.2234,0.0,0.0,0.6664,188,18,170,0,109,25,0,130368,0,2,0
169.0,1.304,2.6214,1.3102,2.6019,7.8376,0.0,7.8376,0.0,0.0,0,0,0,15.5248,2.6142,5.2234,0.0,0.0,0.6664,190,18,172,0,110,25,0,130758,0,2,0
170.0,1.304,2.6214,1.3102,2.6019,7.8376,0.0,7.8376,0.0,0.0,0,0,0,15.5094,2.6142,5.2234,0.0,0.0,0.6664,191,18,173,0,112,25,0,131067,0,2,0
171.0,1.304,2.6214,1.3102,2.6019,7.8376,0.0,7.8376,0.0,0.0,0,0,0,15.1717,2.6142,5.2234,0.0,0.0,0.6664,193,18,175,0,112,25,0,131540,0,2,0
172.0,1.304,2.6214,1.3102,2.6167,7.8524,0.0,7.8524,0.0,0.0,0,0,0,15.0995,2.6142,5.2382,0.0,0.0,0.6671,197,18,179,0,112,25,0,134186,0,2,0
173.0,1.304,2.6214,1.3102,2.6167,7.8524,0.0,7.8524,0.0,0.0,0,0,0,15.0995,2.6142,5.2382,0.0,0.0,0.6671,197,18,179,0,112,25,0,134186,0,2,0
174.0,1.304,2.6214,1.3102,2.6167,7.8524,0.0,7.8524,0.0,0.0,0,0,0,14.5752,2.6142,5.2382,0.0,0.0,0.6671,199,18,181,0,112,25,0,135282,0,2,0
175.0,1.304,2.6214,1.3102,2.6167,7.8524,0.0,7.8524,0.0,0.0,0,0,0,14.6,2.6142,5.2382,0.0,0.0,0.6671,200,18,182,0,112,25,0,135425,0,2,0
176.0,1.304,2.6214,1.3102,2.6167,7.8524,0.0,7.8524,0.0,0.0,0,0,0,14.8092,2.6142,5.2382,0.0,0.0,0.6671,201,18,183,0,112,25,0,136989,0,2,0
177.0,1.304,2.6214,1.3102,2.6167,7.8524,0.0,7.8524,0.0,0.0,0,0,0,14.8813,2.6142,5.2382,0.0,0.0,0.6671,202,18,184,0,112,25,0,137519,0,2,0
178.0,1.304,2.6214,1.3102,2.6167,7.8524,0.0,7.8524,0.0,0.0,0,0,0,14.5721,2.6142,5.2382,0.0,0.0,0.6671,205,18,187,0,113,25,0,138473,0,2,0
179.0,1.304,2.6214,1.3102,2.6167,7.8524,0.0,7.8524,0.0,0.0,0,0,0,14.8063,2.6142,5.2382,0.0,0.0,0.6671,206,18,188,0,115,25,0,140241,0,2,0
180.0,1.304,2.6214,1.3102,2.6167,7.8524,0.0,7.8524,0.0,0.0,0,0,0,14.8533,2.6142,5.2382,0.0,0.0,0.6671,207,18,189,0,115,25,0,140587,0,2,0
181.0,1.304,2.6214,1.3102,2.6167,7.8524,0.0,7.8524,0.0,0.0,0,0,0,14.8533,2.6142,5.2382,0.0,0.0,0.6671,207,18,189,0,115,25,0,140587,0,2,0
182.0,1.304,2.6214,1.3102,2.6167,7.8524,0.0,7.8524,0.0,0.0,0,0,0,15.2181,2.6142,5.2382,0.0,0.0,0.6671,209,18,191,0,115,25,0,142414,0,2,0
183.0,1.304,2.6214,1.3102,2.6167,7.8524,0.0,7.8524,0.0,0.0,0,0,0,15.5632,2.6142,5.2382,0.0,0.0,0.6671,209,18,191,0,117,27,0,142414,0,2,0
184.0,1.304,2.6214,1.3102,2.6167,7.8524,0.0,7.8524,0.0,0.0,0,0,0,15.4702,2.6142,5.2382,0.0,0.0,0.6671,210,18,192,0,119,28,0,145137,0,2,0
185.0,1.304,2.6214,1.3102,2.6167,7.8524,0.0,7.8524,0.0,0.0,0,0,0,15.2696,2.6142,5.2382,0.0,0.0,0.6671,215,18,197,0,120,28,0,149848,0,2,0
186.0,1.304,2.6214,1.3102,2.6167,7.8524,0.0,7.8524,0.0,0.0,0,0,0,15.3869,2.6142,5.2382,0.0,0.0,0.6671,216,18,198,0,120,28,0,150720,0,2,0
187.0,1.304,2.6214,1.3102,2.6167,7.8524,0.0,7.8524,0.0,0.0,0,0,0,15.3869,2.6142,5.2382,0.0,0.0,0.6671,216,18,198,0,120,28,0,150720,0,2,0
188.0,1.304,2.6214,1.3102,2.6167,7.8524,0.0,7.8524,0.0,0.0,0,0,0,15.4973,2.6142,5.2382,0.0,0.0,0.6671,218,18,200,0,120,28,0,154419,0,2,0
189.0,1.304,2.6214,1.3102,2.6167,7.8524,0.0,7.8524,0.0,0.0,0,0,0,15.0608,2.6142,5.2382,0.0,0.0,0.6671,220,18,202,0,120,28,0,154885,0,2,0
190.0,1.304,2.6214,1.3102,2.6167,7.8524,0.0,7.8524,0.0,0.0,0,0,0,15.2348,2.6142,5.2382,0.0,0.0,0.6671,222,18,204,0,120,28,0,156101,0,2,0
191.0,1.304,2.6214,1.3102,2.6167,7.8524,0.0,7.8524,0.0,0.0,0,0,0,15.2348,2.6142,5.2382,0.0,0.0,0.6671,222,18,204,0,120,28,0,156101,0,2,0
192.0,1.304,2.6214,1.3102,2.6167,7.8524,0.0,7.8524,0.0,0.0,0,0,0,14.8562,2.6142,5.2382,0.0,0.0,0.6671,223,18,205,0,120,28,0,156970,0,2,0
193.0,1.304,2.6214,1.3102,2.6167,7.8524,0.0,7.8524,0.0,0.0,0,0,0,14.8991,2.6142,5.2382,0.0,0.0,0.6671,224,18,206,0,120,28,0,157284,0,2,0
194.0,1.304,2.6214,1.3102,2.6167,7.8524,0.0,7.8524,0.0,0.0,0,0,0,15.2024,2.6142,5.2382,0.0,0.0,0.6671,224,18,206,0,123,28,0,157284,0,2,0
195.0,1.304,2.6214,1.3102,2.6167,7.8524,0.0,7.8524,0.0,0.0,0,0,0,14.8316,2.6142,5.2382,0.0,0.0,0.6671,227,18,209,0,127,28,0,159889,0,2,0
196.0,1.304,2.6214,1.3102,2.6167,7.8524,0.0,7.8524,0.0,0.0,0,0,0,14.8316,2.6142,5.2382,0.0,0.0,0.6671,227,18,209,0,127,28,0,159889,0,2,0
197.0,1.304,2.6214,1.3102,2.6167,7.8524,0.0,7.8524,0.0,0.0,0,0,0,14.8316,2.6142,5.2382,0.0,0.0,0.6671,227,18,209,0,127,28,0,159889,0,2,0
198.0,1.304,2.6214,1.3102,2.6167,7.8524,0.0,7.8524,0.0,0.0,0,0,0,14.9485,2.6142,5.2382,0.0,0.0,0.6671,228,18,210,0,128,28,0,160141,0,2,0
199.0,1.304,2.6214,1.3102,2.6167,7.8524,0.0,7.8524,0.0,0.0,0,0,0,15.1222,2.6142,5.2382,0.0,0.0,0.6671,231,19,212,0,128,28,0,161105,0,2,0
200.0,1.304,2.6214,1.3102,2.6167,7.8524,0.0,7.8524,0.0,0.0,0,0,0,15.1809,2.6142,5.2382,0.0,0.0,0.6671,231,19,212,0,130,28,0,161105,0,2,0
201.0,1.304,2.6214,1.3102,2.6167,7.8524,0.0,7.8524,0.0,0.0,0,0,0,15.4204,2.6142,5.2382,0.0,0.0,0.6671,231,19,212,0,132,28,0,161105,0,2,0
202.0,1.304,2.6214,1.3102,2.6167,7.8524,0.0,7.8524,0.0,0.0,0,0,0,15.3842,2.6142,5.2382,0.0,0.0,0.6671,231,19,212,0,134,28,0,161105,0,2,0
203.0,1.304,2.6214,1.3102,2.6167,7.8524,0.0,7.8524,0.0,0.0,0,0,0,15.1826,2.6142,5.2382,0.0,0.0,0.6671,234,19,215,0,134,28,0,163040,0,2,0
204.0,1.304,2.6214,1.3102,2.6167,7.8524,0.0,7.8524,0.0,0.0,0,0,0,15.2542,2.6142,5.2382,0.0,0.0,0.6671,236,19,217,0,134,28,0,163550,0,2,0
205.0,1.304,2.6214,1.3102,2.6167,7.8524,0.0,7.8524,0.0,0.0,0,0,0,15.0358,2.6142,5.2382,0.0,0.0,0.6671,238,19,219,0,134,28,0,164750,0,2,0
206.0,1.304,2.6214,1.3102,2.6167,7.8524,0.0,7.8524,0.0,0.0,0,0,0,14.7565,2.6142,5.2382,0.0,0.0,0.6671,240,19,221,0,134,28,0,167095,0,2,0
207.0,1.304,2.6214,1.3102,2.6167,7.8524,0.0,7.8524,0.0,0.0,0,0,0,14.7565,2.6142,5.2382,0.0,0.0,0.6671,240,19,221,0,134,28,0,167095,0,2,0
208.0,1.304,2.6214,1.3102,2.6167,7.8524,0.0,7.8524,0.0,0.0,0,0,0,14.7565,2.6142,5.2382,0.0,0.0,0.6671,240,19,221,0,134,28,0,167095,0,2,0
209.0,1.304,2.6214,1.3102,2.6167,7.8524,0.0,7.8524,0.0,0.0,0,0,0,15.122,2.6142,5.2382,0.0,0.0,0.6671,242,19,223,0,136,29,0,168608,0,2,0
210.0,1.304,2.6214,1.3102,2.6167,7.8524,0.0,7.8524,0.0,0.0,0,0,0,15.122,2.6142,5.2382,0.0,0.0,0.6671,242,19,223,0,136,29,0,168608,0,2,0
211.0,1.304,2.6214,1.3102,2.6167,7.8524,0.0,7.8524,0.0,0.0,0,0,0,15.2586,2.6142,5.2382,0.0,0.0,0.6671,242,19,223,0,139,29,0,168608,0,2,0
212.0,1.304,2.6214,1.3102,2.6167,7.8524,0.0,7.8524,0.0,0.0,0,0,0,15.2586,2.6142,5.2382,0.0,0.0,0.6671,242,19,223,0,139,29,0,168608,0,2,0
213.0,1.304,2.6214,1.3102,2.6167,7.8524,0.0,7.8524,0.0,0.0,0,0,0,15.4332,2.6142,5.2382,0.0,0.0,0.6671,242,19,223,0,143,30,0,168608,0,2,0
214.0,1.304,2.6214,1.3102,2.6167,7.8524,0.0,7.8524,0.0,0.0,0,0,0,14.7191,2.6142,5.2382,0.0,0.0,0.6671,246,19,227,0,143,30,0,169874,0,2,0
215.0,1.304,2.6214,1.3102,2.6167,7.8524,0.0,7.8524,0.0,0.0,0,0,0,14.7191,2.6142,5.2382,0.0,0.0,0.6671,246,19,227,0,143,30,0,169874,0,2,0
216.0,1.304,2.6214,1.3102,2.6167,7.8524,0.0,7.8524,0.0,0.0,0,0,0,14.3758,2.6142,5.2382,0.0,0.0,0.6671,248,19,229,0,143,30,0,172328,0,2,0
217.0,1.304,2.6214,1.3102,2.6167,7.8524,0.0,7.8524,0.0,0.0,0,0,0,14.3861,2.6142,5.2382,0.0,0.0,0.6671,248,19,229,0,144,30,0,172328,0,2,0
218.0,1.304,2.6214,1.3102,2.6167,7.8524,0.0,7.8524,0.0,0.0,0,0,0,14.3861,2.6142,5.2382,0.0,0.0,0.6671,248,19,229,0,144,30,0,172328,0,2,0
219.0,1.304,2.6214,1.3102,2.6167,7.8524,0.0,7.8524,0.0,0.0,0,0,0,14.5417,2.6142,5.2382,0.0,0.0,0.6671,250,19,231,0,144,30,0,173484,0,2,0
220.0,1.304,2.6214,1.3102,2.6167,7.8524,0.0,7.8524,0.0,0.0,0,0,0,14.8865,2.6142,5.2382,0.0,0.0,0.6671,251,19,232,0,149,30,0,173585,0,2,0
221.0,1.304,2.6214,1.3102,2.6167,7.8524,0.0,7.8524,0.0,0.0,0,0,0,14.8865,2.6142,5.2382,0.0,0.0,0.6671,251,19,232,0,149,30,0,173585,0,2,0
222.0,1.304,2.6214,1.3102,2.6167,7.8524,0.0,7.8524,0.0,0.0,0,0,0,15.1171,2.6142,5.2382,0.0,0.0,0.6671,251,19,232,0,151,30,0,173585,0,2,0
223.0,1.304,2.6214,1.3102,2.6167,7.8524,0.0,7.8524,0.0,0.0,0,0,0,15.238,2.6142,5.2382,0.0,0.0,0.6671,251,19,232,0,152,30,0,173585,0,2,0
224.0,1.304,2.6214,1.3102,2.6167,7.8524,0.0,7.8524,0.0,0.0,0,0,0,15.2463,2.6142,5.2382,0.0,0.0,0.6671,254,19,235,0,152,30,0,176936,0,2,0
225.0,1.304,2.6214,1.3102,2.6167,7.8524,0.0,7.8524,0.0,0.0,0,0,0,15.3538,2.6142,5.2382,0.0,0.0,0.6671,254,19,235,0,153,31,0,176936,0,2,0
226.0,1.304,2.6214,1.3102,2.6167,7.8524,0.0,7.8524,0.0,0.0,0,0,0,15.3573,2.6142,5.2382,0.0,0.0,0.6671,254,19,235,0,154,31,0,176936,0,2,0
227.0,1.304,2.6214,1.3102,2.6167,7.8524,0.0,7.8524,0.0,0.0,0,0,0,15.4305,2.6142,5.2382,0.0,0.0,0.6671,254,19,235,0,156,32,0,176936,0,2,0
228.0,1.304,2.6214,1.3102,2.6167,7.8524,0.0,7.8524,0.0,0.0,0,0,0,15.3215,2.6142,5.2382,0.0,0.0,0.6671,254,19,235,0,158,32,0,176936,0,2,0
229.0,1.304,2.6214,1.3102,2.6167,7.8524,0.0,7.8524,0.0,0.0,0,0,0,15.3492,2.6142,5.2382,0.0,0.0,0.6671,254,19,235,0,159,32,0,176936,0,2,0
230.0,1.304,2.6214,1.3102,2.6167,7.8524,0.0,7.8524,0.0,0.0,0,0,0,14.9818,2.6142,5.2382,0.0,0.0,0.6671,255,19,236,0,160,32,0,177886,0,2,0
231.0,1.304,2.6214,1.3102,2.6167,7.8524,0.0,7.8524,0.0,0.0,0,0,0,14.9935,2.6142,5.2382,0.0,0.0,0.6671,256,19,237,0,161,32,0,177929,0,2,0
232.0,1.304,2.6214,1.3102,2.6167,7.8524,0.0,7.8524,0.0,0.0,0,0,0,14.9935,2.6142,5.2382,0.0,0.0,0.6671,256,19,237,0,161,32,0,177929,0,2,0
233.0,1.304,2.6214,1.3102,2.6167,7.8524,0.0,7.8524,0.0,0.0,0,0,0,14.9965,2.6142,5.2382,0.0,0.0,0.6671,256,19,237,0,162,32,0,177929,0,2,0
234.0,1.304,2.6214,1.3102,2.6167,7.8524,0.0,7.8524,0.0,0.0,0,0,0,15.0881,2.6142,5.2382,0.0,0.0,0.6671,256,19,237,0,163,33,0,177929,0,2,0
235.0,1.304,2.6214,1.3102,2.6167,7.8524,0.0,7.8524,0.0,0.0,0,0,0,15.0485,2.6142,5.2382,0.0,0.0,0.6671,256,19,237,0,164,33,0,177929,0,2,0
236.0,1.304,2.6214,1.3102,2.6167,7.8524,0.0,7.8524,0.0,0.0,0,0,0,15.0614,2.6142,5.2382,0.0,0.0,0.6671,256,19,237,0,165,33,0,177929,0,2,0
237.0,1.304,2.6214,1.3102,2.6167,7.8524,0.0,7.8524,0.0,0.0,0,0,0,15.2856,2.6142,5.2382,0.0,0.0,0.6671,258,19,239,0,168,33,0,180950,0,2,0
238.0,1.304,2.6214,1.3102,2.6167,7.8524,0.0,7.8524,0.0,0.0,0,0,0,15.5218,2.6142,5.2382,0.0,0.0,0.6671,258,19,239,0,169,34,0,180950,0,2,0
239.0,1.304,2.6214,1.3102,2.6167,7.8524,0.0,7.8524,0.0,0.0,0,0,0,15.5879,2.6142,5.2382,0.0,0.0,0.6671,258,19,239,0,172,34,0,180950,0,2,0
240.0,1.304,2.6214,1.3102,2.6167,7.8524,0.0,7.8524,0.0,0.0,0,0,0,15.539,2.6142,5.2382,0.0,0.0,0.6671,258,19,239,0,175,34,0,180950,0,2,0
241.0,1.304,2.6214,1.3102,2.6167,7.8524,0.0,7.8524,0.0,0.0,0,0,0,15.5324,2.6142,5.2382,0.0,0.0,0.6671,259,19,240,0,175,34,0,182939,0,2,0
242.0,1.304,2.6214,1.3102,2.6167,7.8524,0.0,7.8524,0.0,0.0,0,0,0,15.5391,2.6142,5.2382,0.0,0.0,0.6671,259,19,240,0,176,34,0,182939,0,2,0
243.0,1.304,2.6214,1.3102,2.6167,7.8524,0.0,7.8524,0.0,0.0,0,0,0,15.5391,2.6142,5.2382,0.0,0.0,0.6671,259,19,240,0,176,34,0,182939,0,2,0
244.0,1.304,2.6214,1.3102,2.6167,7.8524,0.0,7.8524,0.0,0.0,0,0,0,15.6598,2.6142,5.2382,0.0,0.0,0.6671,261,19,242,0,177,34,0,184471,0,2,0
245.0,1.304,2.6214,1.3102,2.6167,7.8524,0.0,7.8524,0.0,0.0,0,0,0,15.6598,2.6142,5.2382,0.0,0.0,0.6671,261,19,242,0,177,34,0,184471,0,2,0
246.0,1.304,2.6214,1.3102,2.6167,7.8524,0.0,7.8524,0.0,0.0,0,0,0,15.5158,2.6142,5.2382,0.0,0.0,0.6671,262,19,243,0,177,34,0,184766,0,2,0
247.0,1.304,2.6214,1.3102,2.6167,7.8524,0.0,7.8524,0.0,0.0,0,0,0,15.3264,2.6142,5.2382,0.0,0.0,0.6671,263,19,244,0,177,34,0,185426,0,2,0
248.0,1.304,2.6214,1.3102,2.6167,7.8524,0.0,7.8524,0.0,0.0,0,0,0,15.4613,2.6142,5.2382,0.0,0.0,0.6671,266,19,247,0,177,34,0,188188,0,2,0
249.0,1.304,2.6214,1.3102,2.6167,7.8524,0.0,7.8524,0.0,0.0,0,0,0,15.4613,2.6142,5.2382,0.0,0.0,0.6671,266,19,247,0,177,34,0,188188,0,2,0
250.0,1.304,2.6214,1.3102,2.6167,7.8524,0.0,7.8524,0.0,0.0,0,0,0,15.423,2.6142,5.2382,0.0,0.0,0.6671,270,19,251,0,177,34,0,190849,0,2,0
251.0,1.304,2.6214,1.3102,2.6167,7.8524,0.0,7.8524,0.0,0.0,0,0,0,15.423,2.6142,5.2382,0.0,0.0,0.6671,270,19,251,0,177,34,0,190849,0,2,0
252.0,1.304,2.6214,1.3102,2.6167,7.8524,0.0,7.8524,0.0,0.0,0,0,0,15.2994,2.6142,5.2382,0.0,0.0,0.6671,270,19,251,0,179,34,0,190849,0,2,0
253.0,1.304,2.6214,1.3102,2.6167,7.8524,0.0,7.8524,0.0,0.0,0,0,0,15.3709,2.6142,5.2382,0.0,0.0,0.6671,271,19,252,0,180,35,0,191234,0,2,0
254.0,1.304,2.6214,1.3102,2.6167,7.8524,0.0,7.8524,0.0,0.0,0,0,0,15.1272,2.6142,5.2382,0.0,0.0,0.6671,272,19,253,0,181,35,0,192006,0,2,0
255.0,1.304,2.6214,1.3102,2.6167,7.8524,0.0,7.8524,0.0,0.0,0,0,0,14.9174,2.6142,5.2382,0.0,0.0,0.6671,272,19,253,0,183,35,0,192006,0,2,0
256.0,1.304,2.6214,1.3102,2.6167,7.8524,0.0,7.8524,0.0,0.0,0,0,0,14.9908,2.6142,5.2382,0.0,0.0,0.6671,273,19,254,0,183,35,0,192519,0,2,0
257.0,1.304,2.6214,1.3102,2.6167,7.8524,0.0,7.8524,0.0,0.0,0,0,0,15.0304,2.6142,5.2382,0.0,0.0,0.6671,274,19,255,0,183,35,0,192796,0,2,0
258.0,1.304,2.6214,1.3102,2.6167,7.8524,0.0,7.8524,0.0,0.0,0,0,0,15.0304,2.6142,5.2382,0.0,0.0,0.6671,274,19,255,0,183,35,0,192796,0,2,0
259.0,1.304,2.6214,1.3102,2.6167,7.8524,0.0,7.8524,0.0,0.0,0,0,0,15.1227,2.6142,5.2382,0.0,0.0,0.6671,275,19,256,0,183,35,0,193447,0,2,0
260.0,1.304,2.6214,1.3102,2.6167,7.8524,0.0,7.8524,0.0,0.0,0,0,0,15.1505,2.6142,5.2382,0.0,0.0,0.6671,276,19,257,0,183,35,0,194607,0,2,0
261.0,1.304,2.6214,1.3102,2.6167,7.8524,0.0,7.8524,0.0,0.0,0,0,0,15.1505,2.6142,5.2382,0.0,0.0,0.6671,276,19,257,0,183,35,0,194607,0,2,0
262.0,1.304,2.6214,1.3102,2.6167,7.8524,0.0,7.8524,0.0,0.0,0,0,0,15.1505,2.6142,5.2382,0.0,0.0,0.6671,276,19,257,0,183,35,0,194607,0,2,0
263.0,1.304,2.6214,1.3102,2.6167,7.8524,0.0,7.8524,0.0,0.0,0,0,0,15.0699,2.6142,5.2382,0.0,0.0,0.6671,277,19,258,0,184,35,0,195630,0,2,0
264.0,1.304,2.6214,1.3102,2.6167,7.8524,0.0,7.8524,0.0,0.0,0,0,0,15.0699,2.6142,5.2382,0.0,0.0,0.6671,277,19,258,0,184,35,0,195630,0,2,0
265.0,1.304,2.6214,1.3102,2.6167,7.8524,0.0,7.8524,0.0,0.0,0,0,0,15.0745,2.6142,5.2382,0.0,0.0,0.6671,277,19,258,0,185,35,0,195630,0,2,0
266.0,1.304,2.6214,1.3102,2.6167,7.8524,0.0,7.8524,0.0,0.0,0,0,0,15.1835,2.6142,5.2382,0.0,0.0,0.6671,277,19,258,0,187,35,0,195630,0,2,0
267.0,1.304,2.6214,1.3102,2.6167,7.8524,0.0,7.8524,0.0,0.0,0,0,0,15.2913,2.6142,5.2382,0.0,0.0,0.6671,278,19,259,0,187,35,0,196421,0,2,0
268.0,1.304,2.6214,1.3102,2.6167,7.8524,0.0,7.8524,0.0,0.0,0,0,0,15.2913,2.6142,5.2382,0.0,0.0,0.6671,278,19,259,0,187,35,0,196421,0,2,0
269.0,1.304,2.6214,1.3102,2.6167,7.8524,0.0,7.8524,0.0,0.0,0,0,0,15.5483,2.6142,5.2382,0.0,0.0,0.6671,279,19,260,0,190,35,0,197031,0,2,0
270.0,1.304,2.6214,1.3102,2.6167,7.8524,0.0,7.8524,0.0,0.0,0,0,0,15.5392,2.6142,5.2382,0.0,0.0,0.6671,279,19,260,0,191,35,0,197031,0,2,0
271.0,1.304,2.6214,1.3102,2.6167,7.8524,0.0,7.8524,0.0,0.0,0,0,0,15.5542,2.6142,5.2382,0.0,0.0,0.6671,279,19,260,0,194,35,0,197031,0,2,0
272.0,1.304,2.6214,1.3102,2.6167,7.8524,0.0,7.8524,0.0,0.0,0,0,0,15.5542,2.6142,5.2382,0.0,0.0,0.6671,279,19,260,0,194,35,0,197031,0,2,0
273.0,1.304,2.6214,1.3102,2.6167,7.8524,0.0,7.8524,0.0,0.0,0,0,0,15.5936,2.6142,5.2382,0.0,0.0,0.6671,279,19,260,0,196,36,0,197031,0,2,0
274.0,1.304,2.6214,1.3102,2.6167,7.8524,0.0,7.8524,0.0,0.0,0,0,0,15.5048,2.6142,5.2382,0.0,0.0,0.6671,281,19,262,0,196,36,0,199506,0,2,0
275.0,1.304,2.6214,1.3102,2.6167,7.8524,0.0,7.8524,0.0,0.0,0,0,0,15.2521,2.6142,5.2382,0.0,0.0,0.6671,285,19,266,0,196,36,0,203066,0,2,0
276.0,1.304,2.6214,1.3102,2.6167,7.8524,0.0,7.8524,0.0,0.0,0,0,0,15.3152,2.6142,5.2382,0.0,0.0,0.6671,286,19,267,0,197,36,0,203301,0,2,0
277.0,1.304,2.6214,1.3102,2.6167,7.8524,0.0,7.8524,0.0,0.0,0,0,0,15.1122,2.6142,5.2382,0.0,0.0,0.6671,287,19,268,0,197,36,0,204324,0,2,0
278.0,1.304,2.6214,1.3102,2.6167,7.8524,0.0,7.8524,0.0,0.0,0,0,0,15.1122,2.6142,5.2382,0.0,0.0,0.6671,287,19,268,0,197,36,0,204324,0,2,0
279.0,1.304,2.6214,1.3102,2.6167,7.8524,0.0,7.8524,0.0,0.0,0,0,0,15.3323,2.6142,5.2382,0.0,0.0,0.6671,289,19,270,0,197,36,0,205916,0,2,0
280.0,1.304,2.6214,1.3102,2.6167,7.8524,0.0,7.8524,0.0,0.0,0,0,0,15.4695,2.6142,5.2382,0.0,0.0,0.6671,289,19,270,0,197,37,0,205916,0,2,0
281.0,1.304,2.6214,1.3102,2.6167,7.8524,0.0,7.8524,0.0,0.0,0,0,0,15.3623,2.6142,5.2382,0.0,0.0,0.6671,290,19,271,0,197,37,0,207621,0,2,0
282.0,1.304,2.6214,1.3102,2.6167,7.8524,0.0,7.8524,0.0,0.0,0,0,0,15.558,2.6142,5.2382,0.0,0.0,0.6671,292,19,273,0,197,37,0,210740,0,2,0
283.0,1.304,2.6214,1.3102,2.6167,7.8524,0.0,7.8524,0.0,0.0,0,0,0,14.967,2.6142,5.2382,0.0,0.0,0.6671,295,19,276,0,199,37,0,212083,0,2,0
284.0,1.304,2.6214,1.3102,2.6167,7.8524,0.0,7.8524,0.0,0.0,0,0,0,15.4568,2.6142,5.2382,0.0,0.0,0.6671,297,19,278,0,199,37,0,215746,0,2,0
285.0,1.304,2.6214,1.3102,2.6167,7.8524,0.0,7.8524,0.0,0.0,0,0,0,15.4568,2.6142,5.2382,0.0,0.0,0.6671,297,19,278,0,199,37,0,215746,0,2,0
286.0,1.304,2.6214,1.3102,2.6167,7.8524,0.0,7.8524,0.0,0.0,0,0,0,15.2574,2.6142,5.2382,0.0,0.0,0.6671,298,19,279,0,199,37,0,217422,0,2,0
287.0,1.304,2.6214,1.3102,2.6167,7.8524,0.0,7.8524,0.0,0.0,0,0,0,15.2574,2.6142,5.2382,0.0,0.0,0.6671,298,19,279,0,199,37,0,217422,0,2,0
288.0,1.304,2.6214,1.3102,2.6167,7.8524,0.0,7.8524,0.0,0.0,0,0,0,15.4404,2.6142,5.2382,0.0,0.0,0.6671,300,19,281,0,200,37,0,218040,0,2,0
289.0,1.304,2.6214,1.3102,2.6167,7.8524,0.0,7.8524,0.0,0.0,0,0,0,15.4404,2.6142,5.2382,0.0,0.0,0.6671,300,19,281,0,200,37,0,218040,0,2,0
290.0,1.304,2.6214,1.3102,2.6167,7.8524,0.0,7.8524,0.0,0.0,0,0,0,15.2112,2.6142,5.2382,0.0,0.0,0.6671,302,19,283,0,200,37,0,220034,0,2,0
291.0,1.304,2.6214,1.3102,2.6167,7.8524,0.0,7.8524,0.0,0.0,0,0,0,15.2112,2.6142,5.2382,0.0,0.0,0.6671,302,19,283,0,200,37,0,220034,0,2,0
292.0,1.304,2.6214,1.3102,2.6167,7.8524,0.0,7.8524,0.0,0.0,0,0,0,15.2112,2.6142,5.2382,0.0,0.0,0.6671,302,19,283,0,200,37,0,220034,0,2,0
293.0,1.304,2.6214,1.3102,2.6167,7.8524,0.0,7.8524,0.0,0.0,0,0,0,15.2675,2.6142,5.2382,0.0,0.0,0.6671,304,19,285,0,200,37,0,223085,0,2,0
294.0,1.304,2.6214,1.3102,2.6167,7.8524,0.0,7.8524,0.0,0.0,0,0,0,15.41,2.6142,5.2382,0.0,0.0,0.6671,304,19,285,0,203,37,0,223085,0,2,0
295.0,1.304,2.6214,1.3102,2.6167,7.8524,0.0,7.8524,0.0,0.0,0,0,0,15.2574,2.6142,5.2382,0.0,0.0,0.6671,305,19,286,0,203,37,0,226413,0,2,0
296.0,1.304,2.6214,1.3102,2.6167,7.8524,0.0,7.8524,0.0,0.0,0,0,0,15.2975,2.6142,5.2382,0.0,0.0,0.6671,306,19,287,0,203,37,0,226696,0,2,0
297.0,1.304,2.6214,1.3102,2.6167,7.8524,0.0,7.8524,0.0,0.0,0,0,0,15.1494,2.6142,5.2382,0.0,0.0,0.6671,308,19,289,0,203,37,0,228039,0,2,0
298.0,1.304,2.6214,1.3102,2.6167,7.8524,0.0,7.8524,0.0,0.0,0,0,0,14.9894,2.6142,5.2382,0.0,0.0,0.6671,309,19,290,0,204,37,0,228673,0,2,0
299.0,1.304,2.6214,1.3102,2.6167,7.8524,0.0,7.8524,0.0,0.0,0,0,0,15.0684,2.6142,5.2382,0.0,0.0,0.6671,309,19,290,0,207,37,0,228673,0,2,0
300.0,1.304,2.6214,1.3102,2.6167,7.8524,0.0,7.8524,0.0,0.0,0,0,0,15.1867,2.6142,5.2382,0.0,0.0,0.6671,310,19,291,0,208,37,0,228901,0,2,0
301.0,1.304,2.6214,1.3102,2.6167,7.8524,0.0,7.8524,0.0,0.0,0,0,0,15.3224,2.6142,5.2382,0.0,0.0,0.6671,310,19,291,0,210,37,0,228901,0,2,0
302.0,1.304,2.6214,1.3102,2.6167,7.8524,0.0,7.8524,0.0,0.0,0,0,0,15.4249,2.6142,5.2382,0.0,0.0,0.6671,310,19,291,0,211,37,0,228901,0,2,0
303.0,1.304,2.6214,1.3102,2.6167,7.8524,0.0,7.8524,0.0,0.0,0,0,0,15.5742,2.6142,5.2382,0.0,0.0,0.6671,311,19,292,0,213,37,0,229458,0,2,0
304.0,1.304,2.6214,1.3102,2.6167,7.8524,0.0,7.8524,0.0,0.0,0,0,0,15.5742,2.6142,5.2382,0.0,0.0,0.6671,311,19,292,0,213,37,0,229458,0,2,0
305.0,1.304,2.6214,1.3102,2.6167,7.8524,0.0,7.8524,0.0,0.0,0,0,0,15.5742,2.6142,5.2382,0.0,0.0,0.6671,311,19,292,0,213,37,0,229458,0,2,0
306.0,1.304,2.6214,1.3102,2.6167,7.8524,0.0,7.8524,0.0,0.0,0,0,0,15.575,2.6142,5.2382,0.0,0.0,0.6671,311,19,292,0,214,37,0,229458,0,2,0
307.0,1.304,2.6214,1.3102,2.6167,7.8524,0.0,7.8524,0.0,0.0,0,0,0,15.5658,2.6142,5.2382,0.0,0.0,0.6671,311,19,292,0,215,37,0,229458,0,2,0
308.0,1.304,2.6214,1.3102,2.6167,7.8524,0.0,7.8524,0.0,0.0,0,0,0,15.5672,2.6142,5.2382,0.0,0.0,0.6671,311,19,292,0,216,37,0,229458,0,2,0
309.0,1.304,2.6214,1.3102,2.6167,7.8524,0.0,7.8524,0.0,0.0,0,0,0,15.3858,2.6142,5.2382,0.0,0.0,0.6671,311,19,292,0,219,37,0,229458,0,2,0
310.0,1.304,2.6214,1.3102,2.6167,7.8524,0.0,7.8524,0.0,0.0,0,0,0,15.4508,2.6142,5.2382,0.0,0.0,0.6671,311,19,292,0,221,37,0,229458,0,2,0
311.0,1.304,2.6214,1.3102,2.6167,7.8524,0.0,7.8524,0.0,0.0,0,0,0,15.4795,2.6142,5.2382,0.0,0.0,0.6671,312,19,293,0,222,37,0,229748,0,2,0
312.0,1.304,2.6214,1.3102,2.6167,7.8524,0.0,7.8524,0.0,0.0,0,0,0,15.3155,2.6142,5.2382,0.0,0.0,0.6671,316,19,297,0,222,37,0,232352,0,2,0
313.0,1.304,2.6214,1.3102,2.6167,7.8524,0.0,7.8524,0.0,0.0,0,0,0,15.6107,2.6142,5.2382,0.0,0.0,0.6671,316,19,297,0,225,37,0,232352,0,2,0
314.0,1.304,2.6214,1.3102,2.6167,7.8524,0.0,7.8524,0.0,0.0,0,0,0,15.059,2.6142,5.2382,0.0,0.0,0.6671,319,19,300,0,227,37,0,234144,0,2,0
315.0,1.304,2.6214,1.3102,2.6167,7.8524,0.0,7.8524,0.0,0.0,0,0,0,15.1426,2.6142,5.2382,0.0,0.0,0.6671,322,19,303,0,228,37,0,238239,0,2,0
316.0,1.304,2.6214,1.3102,2.6167,7.8524,0.0,7.8524,0.0,0.0,0,0,0,15.0007,2.6142,5.2382,0.0,0.0,0.6671,323,19,304,0,230,38,0,239795,0,2,0
317.0,1.304,2.6214,1.3102,2.6167,7.8524,0.0,7.8524,0.0,0.0,0,0,0,15.3353,2.6142,5.2382,0.0,0.0,0.6671,324,19,305,0,230,38,0,242316,0,2,0
318.0,1.304,2.6214,1.3102,2.6167,7.8524,0.0,7.8524,0.0,0.0,0,0,0,15.369,2.6142,5.2382,0.0,0.0,0.6671,325,19,306,0,230,38,0,242559,0,2,0
319.0,1.304,2.6214,1.3102,2.6167,7.8524,0.0,7.8524,0.0,0.0,0,0,0,15.3805,2.6142,5.2382,0.0,0.0,0.6671,326,19,307,0,230,39,0,242606,0,2,0
320.0,1.304,2.6214,1.3102,2.6167,7.8524,0.0,7.8524,0.0,0.0,0,0,0,15.4276,2.6142,5.2382,0.0,0.0,0.6671,327,19,308,0,231,39,0,242650,0,2,0
321.0,1.304,2.6214,1.3102,2.6167,7.8524,0.0,7.8524,0.0,0.0,0,0,0,15.4533,2.6142,5.2382,0.0,0.0,0.6671,328,19,309,0,231,39,0,242823,0,2,0
322.0,1.304,2.6214,1.3102,2.6167,7.8524,0.0,7.8524,0.0,0.0,0,0,0,15.4533,2.6142,5.2382,0.0,0.0,0.6671,328,19,309,0,231,39,0,242823,0,2,0
323.0,1.304,2.6214,1.3102,2.6167,7.8524,0.0,7.8524,0.0,0.0,0,0,0,15.4783,2.6142,5.2382,0.0,0.0,0.6671,329,19,310,0,232,39,0,242990,0,2,0
324.0,1.3105,2.6214,1.3102,2.6167,7.8588,0.0,7.8588,0.0,0.0,0,0,0,15.4455,2.6207,5.2382,0.0,0.0,0.6665,330,19,311,0,232,39,0,243567,0,2,0
325.0,1.3105,2.6214,1.3102,2.6167,7.8588,0.0,7.8588,0.0,0.0,0,0,0,15.4833,2.6207,5.2382,0.0,0.0,0.6665,330,19,311,0,233,39,0,243567,0,2,0
326.0,1.3105,2.6214,1.3102,2.6167,7.8588,0.0,7.8588,0.0,0.0,0,0,0,15.488,2.6207,5.2382,0.0,0.0,0.6665,331,19,312,0,233,39,0,243574,0,2,0
327.0,1.3105,2.6214,1.3102,2.6167,7.8588,0.0,7.8588,0.0,0.0,0,0,0,15.4734,2.6207,5.2382,0.0,0.0,0.6665,332,19,313,0,234,39,0,244428,0,2,0
328.0,1.3105,2.6214,1.3102,2.6167,7.8588,0.0,7.8588,0.0,0.0,0,0,0,15.4749,2.6207,5.2382,0.0,0.0,0.6665,332,19,313,0,235,39,0,244428,0,2,0
329.0,1.3105,2.6214,1.3102,2.6167,7.8588,0.0,7.8588,0.0,0.0,0,0,0,15.5783,2.6207,5.2382,0.0,0.0,0.6665,332,19,313,0,238,40,0,244428,0,2,0
330.0,1.3105,2.6214,1.3102,2.6167,7.8588,0.0,7.8588,0.0,0.0,0,0,0,15.531,2.6207,5.2382,0.0,0.0,0.6665,332,19,313,0,240,40,0,244428,0,2,0
331.0,1.3105,2.6214,1.3102,2.6167,7.8588,0.0,7.8588,0.0,0.0,0,0,0,15.6387,2.6207,5.2382,0.0,0.0,0.6665,332,19,313,0,242,40,0,244428,0,2,0
332.0,1.3105,2.6214,1.3102,2.6167,7.8588,0.0,7.8588,0.0,0.0,0,0,0,15.6096,2.6207,5.2382,0.0,0.0,0.6665,335,19,316,0,242,40,0,246006,0,2,0
333.0,1.3105,2.6214,1.3102,2.6167,7.8588,0.0,7.8588,0.0,0.0,0,0,0,15.6052,2.6207,5.2382,0.0,0.0,0.6665,337,19,318,0,243,40,0,247042,0,2,0
334.0,1.3105,2.6214,1.3102,2.6167,7.8588,0.0,7.8588,0.0,0.0,0,0,0,15.4744,2.6207,5.2382,0.0,0.0,0.6665,338,19,319,0,244,40,0,247343,0,2,0
335.0,1.3105,2.6214,1.3102,2.6167,7.8588,0.0,7.8588,0.0,0.0,0,0,0,15.1543,2.6207,5.2382,0.0,0.0,0.6665,339,19,320,0,244,40,0,247923,0,2,0
336.0,1.3105,2.6214,1.3102,2.6167,7.8588,0.0,7.8588,0.0,0.0,0,0,0,15.0485,2.6207,5.2382,0.0,0.0,0.6665,341,19,322,0,246,40,0,249083,0,2,0
337.0,1.3105,2.6214,1.3102,2.6167,7.8588,0.0,7.8588,0.0,0.0,0,0,0,15.1865,2.6207,5.2382,0.0,0.0,0.6665,342,19,323,0,247,40,0,249480,0,2,0
338.0,1.3105,2.6214,1.3102,2.6167,7.8588,0.0,7.8588,0.0,0.0,0,0,0,15.3584,2.6207,5.2382,0.0,0.0,0.6665,342,19,323,0,248,41,0,249480,0,2,0
339.0,1.3105,2.6214,1.3102,2.6167,7.8588,0.0,7.8588,0.0,0.0,0,0,0,15.3584,2.6207,5.2382,0.0,0.0,0.6665,342,19,323,0,248,41,0,249480,0,2,0
340.0,1.3105,2.6214,1.3102,2.6167,7.8588,0.0,7.8588,0.0,0.0,0,0,0,14.9514,2.6207,5.2382,0.0,0.0,0.6665,344,19,325,0,249,41,0,250353,0,2,0
341.0,1.3105,2.6214,1.3102,2.6167,7.8588,0.0,7.8588,0.0,0.0,0,0,0,14.9624,2.6207,5.2382,0.0,0.0,0.6665,345,19,326,0,250,41,0,250398,0,2,0
342.0,1.3105,2.6214,1.3102,2.6167,7.8588,0.0,7.8588,0.0,0.0,0,0,0,14.9845,2.6207,5.2382,0.0,0.0,0.6665,345,19,326,0,250,41,0,250398,0,2,0
343.0,1.3105,2.6214,1.3102,2.6167,7.8588,0.0,7.8588,0.0,0.0,0,0,0,14.9883,2.6207,5.2382,0.0,0.0,0.6665,345,19,326,0,251,41,0,250398,0,2,0
344.0,1.3105,2.6214,1.3102,2.6167,7.8588,0.0,7.8588,0.0,0.0,0,0,0,15.1045,2.6207,5.2382,0.0,0.0,0.6665,346,19,327,0,253,41,0,252623,0,2,0
345.0,1.3105,2.6214,1.3102,2.6167,7.8588,0.0,7.8588,0.0,0.0,0,0,0,15.2003,2.6207,5.2382,0.0,0.0,0.6665,348,19,329,0,253,41,0,253313,0,2,0
346.0,1.3105,2.6214,1.3102,2.6167,7.8588,0.0,7.8588,0.0,0.0,0,0,0,15.4728,2.6207,5.2382,0.0,0.0,0.6665,349,19,330,0,256,41,0,253429,0,2,0
347.0,1.3105,2.6214,1.3102,2.6167,7.8588,0.0,7.8588,0.0,0.0,0,0,0,15.3965,2.6207,5.2382,0.0,0.0,0.6665,349,19,330,0,259,41,0,253429,0,2,0
348.0,1.3105,2.6214,1.3102,2.6167,7.8588,0.0,7.8588,0.0,0.0,0,0,0,15.3965,2.6207,5.2382,0.0,0.0,0.6665,349,19,330,0,259,41,0,253429,0,2,0
349.0,1.3105,2.6214,1.3102,2.6167,7.8588,0.0,7.8588,0.0,0.0,0,0,0,15.3581,2.6207,5.2382,0.0,0.0,0.6665,349,19,330,0,261,41,0,253429,0,2,0
350.0,1.3105,2.6214,1.3102,2.6167,7.8588,0.0,7.8588,0.0,0.0,0,0,0,15.4464,2.6207,5.2382,0.0,0.0,0.6665,350,19,331,0,262,41,0,253747,0,2,0
351.0,1.3105,2.6214,1.3102,2.6167,7.8588,0.0,7.8588,0.0,0.0,0,0,0,15.4219,2.6207,5.2382,0.0,0.0,0.6665,351,19,332,0,262,41,0,254301,0,2,0
352.0,1.3105,2.6214,1.3102,2.6167,7.8588,0.0,7.8588,0.0,0.0,0,0,0,15.3501,2.6207,5.2382,0.0,0.0,0.6665,352,19,333,0,262,41,0,254991,0,2,0
353.0,1.3105,2.6214,1.3102,2.6167,7.8588,0.0,7.8588,0.0,0.0,0,0,0,15.3501,2.6207,5.2382,0.0,0.0,0.6665,352,19,333,0,262,41,0,254991,0,2,0
354.0,1.3105,2.6214,1.3102,2.6167,7.8588,0.0,7.8588,0.0,0.0,0,0,0,15.5796,2.6207,5.2382,0.0,0.0,0.6665,354,19,335,0,263,41,0,256606,0,2,0
355.0,1.3105,2.6214,1.3102,2.6167,7.8588,0.0,7.8588,0.0,0.0,0,0,0,15.3981,2.6207,5.2382,0.0,0.0,0.6665,356,19,337,0,263,41,0,257666,0,2,0
356.0,1.3105,2.6214,1.3102,2.6167,7.8588,0.0,7.8588,0.0,0.0,0,0,0,15.104,2.6207,5.2382,0.0,0.0,0.6665,358,19,339,0,263,41,0,259112,0,2,0
357.0,1.3105,2.6214,1.3102,2.6167,7.8588,0.0,7.8588,0.0,0.0,0,0,0,15.1864,2.6207,5.2382,0.0,0.0,0.6665,359,19,340,0,263,41,0,259723,0,2,0
358.0,1.3105,2.6214,1.3102,2.6167,7.8588,0.0,7.8588,0.0,0.0,0,0,0,15.2825,2.6207,5.2382,0.0,0.0,0.6665,360,19,341,0,263,41,0,260439,0,2,0
359.0,1.3105,2.6214,1.3102,2.6167,7.8588,0.0,7.8588,0.0,0.0,0,0,0,15.356,2.6207,5.2382,0.0,0.0,0.6665,365,19,346,0,265,41,0,263549,0,2,0
360.0,1.3105,2.6214,1.3102,2.6167,7.8588,0.0,7.8588,0.0,0.0,0,0,0,15.356,2.6207,5.2382,0.0,0.0,0.6665,365,19,346,0,265,41,0,263549,0,2,0
361.0,1.3105,2.6214,1.3102,2.6167,7.8588,0.0,7.8588,0.0,0.0,0,0,0,15.5564,2.6207,5.2382,0.0,0.0,0.6665,366,19,347,0,266,41,0,265010,0,2,0
362.0,1.3105,2.6214,1.3102,2.6167,7.8588,0.0,7.8588,0.0,0.0,0,0,0,15.5293,2.6207,5.2382,0.0,0.0,0.6665,367,19,348,0,266,41,0,266448,0,2,0
363.0,1.3105,2.6214,1.3102,2.6167,7.8588,0.0,7.8588,0.0,0.0,0,0,0,15.6645,2.6207,5.2382,0.0,0.0,0.6665,369,19,350,0,266,41,0,267353,0,2,0
364.0,1.3105,2.6214,1.3102,2.6167,7.8588,0.0,7.8588,0.0,0.0,0,0,0,15.6645,2.6207,5.2382,0.0,0.0,0.6665,369,19,350,0,266,41,0,267353,0,2,0
365.0,1.3105,2.6214,1.3102,2.6167,7.8588,0.0,7.8588,0.0,0.0,0,0,0,15.6662,2.6207,5.2382,0.0,0.0,0.6665,369,19,350,0,267,41,0,267353,0,2,0
366.0,1.3105,2.6214,1.3102,2.6167,7.8588,0.0,7.8588,0.0,0.0,0,0,0,15.1724,2.6207,5.2382,0.0,0.0,0.6665,372,19,353,0,267,41,0,269825,0,2,0
367.0,1.3105,2.6214,1.3102,2.6167,7.8588,0.0,7.8588,0.0,0.0,0,0,0,15.1724,2.6207,5.2382,0.0,0.0,0.6665,372,19,353,0,267,41,0,269825,0,2,0
368.0,1.3105,2.6214,1.3102,2.6167,7.8588,0.0,7.8588,0.0,0.0,0,0,0,15.4758,2.6207,5.2382,0.0,0.0,0.6665,375,19,356,0,267,41,0,271983,0,2,0
369.0,1.3105,2.6214,1.3102,2.6167,7.8588,0.0,7.8588,0.0,0.0,0,0,0,15.4775,2.6207,5.2382,0.0,0.0,0.6665,375,19,356,0,268,42,0,271983,0,2,0
370.0,1.3105,2.6214,1.3102,2.6167,7.8588,0.0,7.8588,0.0,0.0,0,0,0,15.1266,2.6207,5.2382,0.0,0.0,0.6665,375,19,356,0,269,42,0,271983,0,2,0
371.0,1.3105,2.6214,1.3102,2.6167,7.8588,0.0,7.8588,0.0,0.0,0,0,0,15.3792,2.6207,5.2382,0.0,0.0,0.6665,377,19,358,0,269,42,0,273665,0,2,0
372.0,1.3105,2.6214,1.3102,2.6167,7.8588,0.0,7.8588,0.0,0.0,0,0,0,15.134,2.6207,5.2382,0.0,0.0,0.6665,378,19,359,0,270,42,0,274672,0,2,0
373.0,1.3105,2.6214,1.3102,2.6167,7.8588,0.0,7.8588,0.0,0.0,0,0,0,15.3648,2.6207,5.2382,0.0,0.0,0.6665,378,19,359,0,271,43,0,274672,0,2,0
374.0,1.3105,2.6214,1.3102,2.6167,7.8588,0.0,7.8588,0.0,0.0,0,0,0,15.3648,2.6207,5.2382,0.0,0.0,0.6665,378,19,359,0,271,43,0,274672,0,2,0
375.0,1.3105,2.6214,1.3102,2.6167,7.8588,0.0,7.8588,0.0,0.0,0,0,0,15.3691,2.6207,5.2382,0.0,0.0,0.6665,381,19,362,0,271,43,0,276961,0,2,0
376.0,1.3105,2.6214,1.3102,2.6167,7.8588,0.0,7.8588,0.0,0.0,0,0,0,15.4791,2.6207,5.2382,0.0,0.0,0.6665,382,19,363,0,272,43,0,277755,0,2,0
377.0,1.3105,2.6214,1.3102,2.6167,7.8588,0.0,7.8588,0.0,0.0,0,0,0,15.3713,2.6207,5.2382,0.0,0.0,0.6665,383,19,364,0,272,43,0,278907,0,2,0
378.0,1.3105,2.6214,1.3102,2.6167,7.8588,0.0,7.8588,0.0,0.0,0,0,0,15.3713,2.6207,5.2382,0.0,0.0,0.6665,383,19,364,0,272,43,0,278907,0,2,0
379.0,1.3105,2.6214,1.3102,2.6167,7.8588,0.0,7.8588,0.0,0.0,0,0,0,15.239,2.6207,5.2382,0.0,0.0,0.6665,385,19,366,0,273,43,0,279792,0,2,0
380.0,1.3105,2.6214,1.3102,2.6167,7.8588,0.0,7.8588,0.0,0.0,0,0,0,15.2941,2.6207,5.2382,0.0,0.0,0.6665,386,19,367,0,273,43,0,280196,0,2,0
381.0,1.3105,2.6214,1.3102,2.6167,7.8588,0.0,7.8588,0.0,0.0,0,0,0,15.2296,2.6207,5.2382,0.0,0.0,0.6665,386,19,367,0,276,43,0,280196,0,2,0
382.0,1.3105,2.6214,1.3102,2.6167,7.8588,0.0,7.8588,0.0,0.0,0,0,0,15.4273,2.6207,5.2382,0.0,0.0,0.6665,386,19,367,0,277,43,0,280196,0,2,0
383.0,1.3105,2.6214,1.3102,2.6167,7.8588,0.0,7.8588,0.0,0.0,0,0,0,15.2608,2.6207,5.2382,0.0,0.0,0.6665,387,19,368,0,280,43,0,280513,0,2,0
384.0,1.3105,2.6214,1.3102,2.6167,7.8588,0.0,7.8588,0.0,0.0,0,0,0,15.2771,2.6207,5.2382,0.0,0.0,0.6665,388,19,369,0,281,43,0,280598,0,2,0
385.0,1.3105,2.6214,1.3102,2.6167,7.8588,0.0,7.8588,0.0,0.0,0,0,0,15.114,2.6207,5.2382,0.0,0.0,0.6665,389,19,370,0,281,43,0,282013,0,2,0
386.0,1.3105,2.6214,1.3102,2.6167,7.8588,0.0,7.8588,0.0,0.0,0,0,0,15.1847,2.6207,5.2382,0.0,0.0,0.6665,391,19,372,0,281,43,0,284682,0,2,0
387.0,1.3105,2.6214,1.3102,2.6167,7.8588,0.0,7.8588,0.0,0.0,0,0,0,15.1847,2.6207,5.2382,0.0,0.0,0.6665,391,19,372,0,281,43,0,284682,0,2,0
388.0,1.3105,2.6214,1.3102,2.6167,7.8588,0.0,7.8588,0.0,0.0,0,0,0,15.4312,2.6207,5.2382,0.0,0.0,0.6665,393,19,374,0,281,44,0,287677,0,2,0
389.0,1.3105,2.6214,1.3102,2.6167,7.8588,0.0,7.8588,0.0,0.0,0,0,0,14.9999,2.6207,5.2382,0.0,0.0,0.6665,396,19,377,0,281,44,0,289320,0,2,0
390.0,1.3105,2.6214,1.3102,2.6167,7.8588,0.0,7.8588,0.0,0.0,0,0,0,15.1231,2.6207,5.2382,0.0,0.0,0.6665,397,19,378,0,281,44,0,290240,0,2,0
391.0,1.3105,2.6214,1.3102,2.6167,7.8588,0.0,7.8588,0.0,0.0,0,0,0,15.2114,2.6207,5.2382,0.0,0.0,0.6665,398,19,379,0,281,44,0,290886,0,2,0
392.0,1.3105,2.6214,1.3102,2.6167,7.8588,0.0,7.8588,0.0,0.0,0,0,0,15.2114,2.6207,5.2382,0.0,0.0,0.6665,398,19,379,0,281,44,0,290886,0,2,0
393.0,1.3105,2.6214,1.3102,2.6167,7.8588,0.0,7.8588,0.0,0.0,0,0,0,14.9345,2.6207,5.2382,0.0,0.0,0.6665,399,19,380,0,281,44,0,291909,0,2,0
394.0,1.3105,2.6214,1.3102,2.6167,7.8588,0.0,7.8588,0.0,0.0,0,0,0,15.0395,2.6207,5.2382,0.0,0.0,0.6665,401,19,382,0,281,44,0,292621,0,2,0
395.0,1.3105,2.6214,1.3102,2.6167,7.8588,0.0,7.8588,0.0,0.0,0,0,0,15.1247,2.6207,5.2382,0.0,0.0,0.6665,402,19,383,0,282,44,0,293231,0,2,0
396.0,1.3105,2.6214,1.3102,2.6167,7.8588,0.0,7.8588,0.0,0.0,0,0,0,15.1247,2.6207,5.2382,0.0,0.0,0.6665,402,19,383,0,282,44,0,293231,0,2,0
397.0,1.3105,2.6214,1.3102,2.6167,7.8588,0.0,7.8588,0.0,0.0,0,0,0,15.2754,2.6207,5.2382,0.0,0.0,0.6665,402,19,383,0,283,45,0,293231,0,2,0
398.0,1.3105,2.6214,1.3102,2.6167,7.8588,0.0,7.8588,0.0,0.0,0,0,0,15.3662,2.6207,5.2382,0.0,0.0,0.6665,402,19,383,0,284,45,0,293231,0,2,0
399.0,1.3105,2.6214,1.3102,2.6167,7.8588,0.0,7.8588,0.0,0.0,0,0,0,15.3978,2.6207,5.2382,0.0,0.0,0.6665,402,19,383,0,287,45,0,293231,0,2,0
400.0,1.3105,2.6214,1.3102,2.6167,7.8588,0.0,7.8588,0.0,0.0,0,0,0,15.5967,2.6207,5.2382,0.0,0.0,0.6665,402,19,383,0,292,45,0,293231,0,2,0
401.0,1.3105,2.6214,1.3102,2.6167,7.8588,0.0,7.8588,0.0,0.0,0,0,0,15.5339,2.6207,5.2382,0.0,0.0,0.6665,403,19,384,0,294,45,0,294714,0,2,0
402.0,1.3105,2.6214,1.3102,2.6167,7.8588,0.0,7.8588,0.0,0.0,0,0,0,15.5386,2.6207,5.2382,0.0,0.0,0.6665,403,19,384,0,296,45,0,294714,0,2,0
403.0,1.3105,2.6214,1.3102,2.6167,7.8588,0.0,7.8588,0.0,0.0,0,0,0,15.2375,2.6207,5.2382,0.0,0.0,0.6665,404,19,385,0,296,45,0,295469,0,2,0
404.0,1.3105,2.6214,1.3102,2.6167,7.8588,0.0,7.8588,0.0,0.0,0,0,0,15.2375,2.6207,5.2382,0.0,0.0,0.6665,404,19,385,0,297,45,0,295469,0,2,0
405.0,1.3105,2.6214,1.3102,2.6167,7.8588,0.0,7.8588,0.0,0.0,0,0,0,15.4505,2.6207,5.2382,0.0,0.0,0.6665,404,19,385,0,297,45,0,295469,0,2,0
406.0,1.3105,2.6214,1.3102,2.6167,7.8588,0.0,7.8588,0.0,0.0,0,0,0,15.1555,2.6207,5.2382,0.0,0.0,0.6665,407,19,388,0,297,45,0,297680,0,2,0
407.0,1.3105,2.6214,1.3102,2.6167,7.8588,0.0,7.8588,0.0,0.0,0,0,0,14.9281,2.6207,5.2382,0.0,0.0,0.6665,408,19,389,0,297,45,0,298758,0,2,0
408.0,1.3105,2.6214,1.3102,2.6167,7.8588,0.0,7.8588,0.0,0.0,0,0,0,14.9281,2.6207,5.2382,0.0,0.0,0.6665,408,19,389,0,297,45,0,298758,0,2,0
409.0,1.3105,2.6214,1.3102,2.6167,7.8588,0.0,7.8588,0.0,0.0,0,0,0,15.0081,2.6207,5.2382,0.0,0.0,0.6665,410,19,391,0,298,46,0,301706,0,2,0
410.0,1.3105,2.6214,1.3102,2.6167,7.8588,0.0,7.8588,0.0,0.0,0,0,0,14.8347,2.6207,5.2382,0.0,0.0,0.6665,411,19,392,0,298,46,0,303223,0,2,0
411.0,1.3105,2.6214,1.3102,2.6167,7.8588,0.0,7.8588,0.0,0.0,0,0,0,14.9096,2.6207,5.2382,0.0,0.0,0.6665,412,19,393,0,298,46,0,303774,0,2,0
412.0,1.3105,2.6214,1.3102,2.6167,7.8588,0.0,7.8588,0.0,0.0,0,0,0,15.2646,2.6207,5.2382,0.0,0.0,0.6665,414,19,395,0,298,46,0,306427,0,2,0
413.0,1.3105,2.6214,1.3102,2.6167,7.8588,0.0,7.8588,0.0,0.0,0,0,0,15.3553,2.6207,5.2382,0.0,0.0,0.6665,414,19,395,0,299,46,0,306427,0,2,0
414.0,1.3105,2.6214,1.3102,2.6167,7.8588,0.0,7.8588,0.0,0.0,0,0,0,15.3932,2.6207,5.2382,0.0,0.0,0.6665,414,19,395,0,300,46,0,306427,0,2,0
415.0,1.3105,2.6214,1.3102,2.6167,7.8588,0.0,7.8588,0.0,0.0,0,0,0,15.1734,2.6207,5.2382,0.0,0.0,0.6665,414,19,395,0,302,46,0,306427,0,2,0
416.0,1.3105,2.6214,1.3102,2.6167,7.8588,0.0,7.8588,0.0,0.0,0,0,0,15.3007,2.6207,5.2382,0.0,0.0,0.6665,414,19,395,0,304,46,0,306427,0,2,0
417.0,1.3105,2.6214,1.3102,2.6167,7.8588,0.0,7.8588,0.0,0.0,0,0,0,15.4584,2.6207,5.2382,0.0,0.0,0.6665,414,19,395,0,305,46,0,306427,0,2,0
418.0,1.3105,2.6214,1.3102,2.6167,7.8588,0.0,7.8588,0.0,0.0,0,0,0,15.4584,2.6207,5.2382,0.0,0.0,0.6665,414,19,395,0,305,46,0,306427,0,2,0
419.0,1.3105,2.6214,1.3102,2.6167,7.8588,0.0,7.8588,0.0,0.0,0,0,0,15.3791,2.6207,5.2382,0.0,0.0,0.6665,417,19,398,0,307,46,0,308192,0,2,0
420.0,1.3105,2.6214,1.3102,2.6167,7.8588,0.0,7.8588,0.0,0.0,0,0,0,15.0552,2.6207,5.2382,0.0,0.0,0.6665,418,19,399,0,307,46,0,309215,0,2,0
421.0,1.3105,2.6214,1.3102,2.6167,7.8588,0.0,7.8588,0.0,0.0,0,0,0,15.0552,2.6207,5.2382,0.0,0.0,0.6665,418,19,399,0,307,46,0,309215,0,2,0
422.0,1.3105,2.6214,1.3102,2.6167,7.8588,0.0,7.8588,0.0,0.0,0,0,0,14.5255,2.6207,5.2382,0.0,0.0,0.6665,419,19,400,0,307,46,0,309603,0,2,0
423.0,1.3105,2.6214,1.3102,2.6167,7.8588,0.0,7.8588,0.0,0.0,0,0,0,14.7516,2.6207,5.2382,0.0,0.0,0.6665,421,19,402,0,308,46,0,310767,0,2,0
424.0,1.3105,2.6214,1.3102,2.6167,7.8588,0.0,7.8588,0.0,0.0,0,0,0,14.7516,2.6207,5.2382,0.0,0.0,0.6665,421,19,402,0,308,46,0,310767,0,2,0
425.0,1.3105,2.6214,1.3102,2.6167,7.8588,0.0,7.8588,0.0,0.0,0,0,0,14.8242,2.6207,5.2382,0.0,0.0,0.6665,422,19,403,0,308,46,0,311256,0,2,0
426.0,1.3105,2.6214,1.3102,2.6167,7.8588,0.0,7.8588,0.0,0.0,0,0,0,14.7915,2.6207,5.2382,0.0,0.0,0.6665,422,19,403,0,310,46,0,311256,0,2,0
427.0,1.3105,2.6214,1.3102,2.6167,7.8588,0.0,7.8588,0.0,0.0,0,0,0,14.8096,2.6207,5.2382,0.0,0.0,0.6665,424,19,405,0,310,46,0,313581,0,2,0
428.0,1.3105,2.6214,1.3102,2.6167,7.8588,0.0,7.8588,0.0,0.0,0,0,0,15.0545,2.6207,5.2382,0.0,0.0,0.6665,425,19,406,0,310,46,0,314394,0,2,0
429.0,1.3105,2.6214,1.3102,2.6167,7.8588,0.0,7.8588,0.0,0.0,0,0,0,14.9623,2.6207,5.2382,0.0,0.0,0.6665,427,19,408,0,310,46,0,316773,0,2,0
430.0,1.3105,2.6214,1.3102,2.6167,7.8588,0.0,7.8588,0.0,0.0,0,0,0,14.466,2.6207,5.2382,0.0,0.0,0.6665,428,19,409,0,312,46,0,317355,0,2,0
431.0,1.3105,2.6214,1.3102,2.6167,7.8588,0.0,7.8588,0.0,0.0,0,0,0,14.5515,2.6207,5.2382,0.0,0.0,0.6665,429,19,410,0,312,46,0,317996,0,2,0
432.0,1.3105,2.6214,1.3102,2.6167,7.8588,0.0,7.8588,0.0,0.0,0,0,0,14.5743,2.6207,5.2382,0.0,0.0,0.6665,429,19,410,0,314,46,0,317996,0,2,0
433.0,1.3105,2.6214,1.3102,2.6167,7.8588,0.0,7.8588,0.0,0.0,0,0,0,14.6944,2.6207,5.2382,0.0,0.0,0.6665,430,19,411,0,314,46,0,318885,0,2,0
434.0,1.3105,2.6214,1.3102,2.6167,7.8588,0.0,7.8588,0.0,0.0,0,0,0,14.6944,2.6207,5.2382,0.0,0.0,0.6665,430,19,411,0,314,46,0,318885,0,2,0
435.0,1.3105,2.6214,1.3102,2.6167,7.8588,0.0,7.8588,0.0,0.0,0,0,0,15.2852,2.6207,5.2382,0.0,0.0,0.6665,433,19,414,0,317,46,0,322113,0,2,0
436.0,1.3105,2.6214,1.3102,2.6167,7.8588,0.0,7.8588,0.0,0.0,0,0,0,15.5492,2.6207,5.2382,0.0,0.0,0.6665,434,19,415,0,317,46,0,324111,0,2,0
437.0,1.3105,2.6214,1.3102,2.6167,7.8588,0.0,7.8588,0.0,0.0,0,0,0,15.4103,2.6207,5.2382,0.0,0.0,0.6665,435,19,416,0,318,46,0,324708,0,2,0
438.0,1.3105,2.6214,1.3102,2.6167,7.8588,0.0,7.8588,0.0,0.0,0,0,0,15.418,2.6207,5.2382,0.0,0.0,0.6665,435,19,416,0,319,46,0,324708,0,2,0
439.0,1.3105,2.6214,1.3102,2.6167,7.8588,0.0,7.8588,0.0,0.0,0,0,0,15.3809,2.6207,5.2382,0.0,0.0,0.6665,436,19,417,0,319,46,0,326992,0,2,0
440.0,1.3105,2.6214,1.3102,2.6167,7.8588,0.0,7.8588,0.0,0.0,0,0,0,14.9558,2.6207,5.2382,0.0,0.0,0.6665,438,19,419,0,320,46,0,329044,0,2,0
441.0,1.3105,2.6214,1.3102,2.6167,7.8588,0.0,7.8588,0.0,0.0,0,0,0,14.9558,2.6207,5.2382,0.0,0.0,0.6665,438,19,419,0,320,46,0,329044,0,2,0
442.0,1.3105,2.6214,1.3102,2.6167,7.8588,0.0,7.8588,0.0,0.0,0,0,0,15.0011,2.6207,5.2382,0.0,0.0,0.6665,438,19,419,0,322,46,0,329044,0,2,0
443.0,1.3105,2.6214,1.3102,2.6167,7.8588,0.0,7.8588,0.0,0.0,0,0,0,15.0209,2.6207,5.2382,0.0,0.0,0.6665,441,19,422,0,323,46,0,330094,0,2,0
444.0,1.3105,2.6214,1.3102,2.6167,7.8588,0.0,7.8588,0.0,0.0,0,0,0,15.1046,2.6207,5.2382,0.0,0.0,0.6665,442,19,423,0,323,46,0,330718,0,2,0
445.0,1.3105,2.6214,1.3102,2.6167,7.8588,0.0,7.8588,0.0,0.0,0,0,0,15.1064,2.6207,5.2382,0.0,0.0,0.6665,442,19,423,0,324,46,0,330718,0,2,0
446.0,1.3105,2.6214,1.3102,2.6167,7.8588,0.0,7.8588,0.0,0.0,0,0,0,15.1161,2.6207,5.2382,0.0,0.0,0.6665,443,19,424,0,324,46,0,330774,0,2,0
447.0,1.3105,2.6214,1.3102,2.6167,7.8588,0.0,7.8588,0.0,0.0,0,0,0,15.1161,2.6207,5.2382,0.0,0.0,0.6665,443,19,424,0,324,46,0,330774,0,2,0
448.0,1.3105,2.6214,1.3102,2.6167,7.8588,0.0,7.8588,0.0,0.0,0,0,0,15.1161,2.6207,5.2382,0.0,0.0,0.6665,443,19,424,0,324,46,0,330774,0,2,0
449.0,1.3105,2.6214,1.3102,2.6167,7.8588,0.0,7.8588,0.0,0.0,0,0,0,15.1102,2.6207,5.2382,0.0,0.0,0.6665,444,19,425,0,324,46,0,332706,0,2,0
450.0,1.3105,2.6214,1.3102,2.6167,7.8588,0.0,7.8588,0.0,0.0,0,0,0,15.4155,2.6207,5.2382,0.0,0.0,0.6665,448,19,429,0,326,46,0,336167,0,2,0
451.0,1.3105,2.6214,1.3102,2.6167,7.8588,0.0,7.8588,0.0,0.0,0,0,0,15.4493,2.6207,5.2382,0.0,0.0,0.6665,449,19,430,0,326,46,0,336310,0,2,0
452.0,1.3105,2.6214,1.3102,2.6167,7.8588,0.0,7.8588,0.0,0.0,0,0,0,15.4493,2.6207,5.2382,0.0,0.0,0.6665,449,19,430,0,326,46,0,336310,0,2,0
453.0,1.3105,2.6214,1.3102,2.6167,7.8588,0.0,7.8588,0.0,0.0,0,0,0,15.5049,2.6207,5.2382,0.0,0.0,0.6665,449,19,430,0,328,46,0,336310,0,2,0
454.0,1.3105,2.6214,1.3102,2.6167,7.8588,0.0,7.8588,0.0,0.0,0,0,0,15.4989,2.6207,5.2382,0.0,0.0,0.6665,451,19,432,0,328,46,0,337219,0,2,0
455.0,1.3105,2.6214,1.3102,2.6167,7.8588,0.0,7.8588,0.0,0.0,0,0,0,15.5377,2.6207,5.2382,0.0,0.0,0.6665,451,19,432,0,332,46,0,337219,0,2,0
456.0,1.3105,2.6214,1.3102,2.6167,7.8588,0.0,7.8588,0.0,0.0,0,0,0,15.5377,2.6207,5.2382,0.0,0.0,0.6665,451,19,432,0,332,46,0,337219,0,2,0
457.0,1.3105,2.6214,1.3102,2.6167,7.8588,0.0,7.8588,0.0,0.0,0,0,0,15.3304,2.6207,5.2382,0.0,0.0,0.6665,453,19,434,0,333,46,0,340510,0,2,0
458.0,1.3105,2.6214,1.3102,2.6167,7.8588,0.0,7.8588,0.0,0.0,0,0,0,15.5074,2.6207,5.2382,0.0,0.0,0.6665,454,19,435,0,335,46,0,340802,0,2,0
459.0,1.3105,2.6214,1.3102,2.6167,7.8588,0.0,7.8588,0.0,0.0,0,0,0,14.9444,2.6207,5.2382,0.0,0.0,0.6665,455,19,436,0,335,46,0,341825,0,2,0
460.0,1.3105,2.6214,1.3102,2.6167,7.8588,0.0,7.8588,0.0,0.0,0,0,0,14.9444,2.6207,5.2382,0.0,0.0,0.6665,455,19,436,0,335,46,0,341825,0,2,0
461.0,1.3105,2.6214,1.3102,2.6167,7.8588,0.0,7.8588,0.0,0.0,0,0,0,14.9444,2.6207,5.2382,0.0,0.0,0.6665,455,19,436,0,335,46,0,341825,0,2,0
462.0,1.3105,2.6214,1.3102,2.6167,7.8588,0.0,7.8588,0.0,0.0,0,0,0,15.41,2.6207,5.2382,0.0,0.0,0.6665,457,19,438,0,335,46,0,345312,0,2,0
463.0,1.3105,2.6214,1.3102,2.6167,7.8588,0.0,7.8588,0.0,0.0,0,0,0,15.4425,2.6207,5.2382,0.0,0.0,0.6665,458,19,439,0,335,46,0,345547,0,2,0
464.0,1.3105,2.6214,1.3102,2.6167,7.8588,0.0,7.8588,0.0,0.0,0,0,0,15.4318,2.6207,5.2382,0.0,0.0,0.6665,458,19,439,0,338,46,0,345547,0,2,0
465.0,1.3105,2.6214,1.3102,2.6167,7.8588,0.0,7.8588,0.0,0.0,0,0,0,15.4765,2.6207,5.2382,0.0,0.0,0.6665,458,19,439,0,343,46,0,345547,0,2,0
466.0,1.3105,2.6214,1.3102,2.6167,7.8588,0.0,7.8588,0.0,0.0,0,0,0,15.4893,2.6207,5.2382,0.0,0.0,0.6665,458,19,439,0,343,46,0,345547,0,2,0
467.0,1.3105,2.6214,1.3102,2.6167,7.8588,0.0,7.8588,0.0,0.0,0,0,0,15.408,2.6207,5.2382,0.0,0.0,0.6665,459,19,440,0,347,46,0,345761,0,2,0
468.0,1.3105,2.6214,1.3102,2.6167,7.8588,0.0,7.8588,0.0,0.0,0,0,0,14.9619,2.6207,5.2382,0.0,0.0,0.6665,461,19,442,0,348,46,0,347509,0,2,0
469.0,1.3105,2.6214,1.3102,2.6167,7.8588,0.0,7.8588,0.0,0.0,0,0,0,15.0634,2.6207,5.2382,0.0,0.0,0.6665,462,19,443,0,348,46,0,348252,0,2,0
470.0,1.3105,2.6214,1.3102,2.6167,7.8588,0.0,7.8588,0.0,0.0,0,0,0,15.0673,2.6207,5.2382,0.0,0.0,0.6665,462,19,443,0,349,46,0,348252,0,2,0
471.0,1.3105,2.6214,1.3102,2.6167,7.8588,0.0,7.8588,0.0,0.0,0,0,0,15.148,2.6207,5.2382,0.0,0.0,0.6665,462,19,443,0,351,46,0,348252,0,2,0
472.0,1.3105,2.6214,1.3102,2.6167,7.8588,0.0,7.8588,0.0,0.0,0,0,0,15.0758,2.6207,5.2382,0.0,0.0,0.6665,463,19,444,0,352,46,0,349091,0,2,0
473.0,1.3105,2.6214,1.3102,2.6167,7.8588,0.0,7.8588,0.0,0.0,0,0,0,15.0345,2.6207,5.2382,0.0,0.0,0.6665,466,19,447,0,352,46,0,351924,0,2,0
474.0,1.3105,2.6214,1.3102,2.6167,7.8588,0.0,7.8588,0.0,0.0,0,0,0,15.0345,2.6207,5.2382,0.0,0.0,0.6665,466,19,447,0,352,46,0,351924,0,2,0
475.0,1.3105,2.6214,1.3102,2.6167,7.8588,0.0,7.8588,0.0,0.0,0,0,0,15.0345,2.6207,5.2382,0.0,0.0,0.6665,466,19,447,0,352,46,0,351924,0,2,0
476.0,1.3105,2.6214,1.3102,2.6167,7.8588,0.0,7.8588,0.0,0.0,0,0,0,15.0345,2.6207,5.2382,0.0,0.0,0.6665,466,19,447,0,352,46,0,351924,0,2,0
477.0,1.3105,2.6214,1.3102,2.6167,7.8588,0.0,7.8588,0.0,0.0,0,0,0,15.0648,2.6207,5.2382,0.0,0.0,0.6665,467,19,448,0,352,46,0,352111,0,2,0
478.0,1.3105,2.6214,1.3102,2.6167,7.8588,0.0,7.8588,0.0,0.0,0,0,0,15.191,2.6207,5.2382,0.0,0.0,0.6665,467,19,448,0,354,46,0,352111,0,2,0
479.0,1.3105,2.6214,1.3102,2.6167,7.8588,0.0,7.8588,0.0,0.0,0,0,0,15.288,2.6207,5.2382,0.0,0.0,0.6665,469,19,450,0,356,46,0,352801,0,2,0
480.0,1.3105,2.6214,1.3102,2.6167,7.8588,0.0,7.8588,0.0,0.0,0,0,0,14.9064,2.6207,5.2382,0.0,0.0,0.6665,470,19,451,0,356,46,0,353479,0,2,0
481.0,1.3105,2.6214,1.3102,2.6167,7.8588,0.0,7.8588,0.0,0.0,0,0,0,15.2732,2.6207,5.2382,0.0,0.0,0.6665,473,19,454,0,356,46,0,356072,0,2,0
482.0,1.3105,2.6214,1.3102,2.6167,7.8588,0.0,7.8588,0.0,0.0,0,0,0,15.2732,2.6207,5.2382,0.0,0.0,0.6665,473,19,454,0,356,46,0,356072,0,2,0
483.0,1.3105,2.6214,1.3102,2.6167,7.8588,0.0,7.8588,0.0,0.0,0,0,0,15.2732,2.6207,5.2382,0.0,0.0,0.6665,473,19,454,0,356,46,0,356072,0,2,0
484.0,1.3105,2.6214,1.3102,2.6167,7.8588,0.0,7.8588,0.0,0.0,0,0,0,15.2732,2.6207,5.2382,0.0,0.0,0.6665,473,19,454,0,356,46,0,356072,0,2,0
485.0,1.3105,2.6214,1.3102,2.6167,7.8588,0.0,7.8588,0.0,0.0,0,0,0,15.2758,2.6207,5.2382,0.0,0.0,0.6665,473,19,454,0,357,46,0,356072,0,2,0
486.0,1.3105,2.6214,1.3102,2.6167,7.8588,0.0,7.8588,0.0,0.0,0,0,0,15.3525,2.6207,5.2382,0.0,0.0,0.6665,473,19,454,0,361,46,0,356072,0,2,0
487.0,1.3105,2.6214,1.3102,2.6167,7.8588,0.0,7.8588,0.0,0.0,0,0,0,15.4361,2.6207,5.2382,0.0,0.0,0.6665,473,19,454,0,363,46,0,356072,0,2,0
488.0,1.3105,2.6214,1.3102,2.6167,7.8588,0.0,7.8588,0.0,0.0,0,0,0,15.4247,2.6207,5.2382,0.0,0.0,0.6665,473,19,454,0,364,46,0,356072,0,2,0
489.0,1.3105,2.6214,1.3102,2.6167,7.8588,0.0,7.8588,0.0,0.0,0,0,0,15.4286,2.6207,5.2382,0.0,0.0,0.6665,473,19,454,0,365,47,0,356072,0,2,0
490.0,1.3105,2.6214,1.3102,2.6167,7.8588,0.0,7.8588,0.0,0.0,0,0,0,15.3397,2.6207,5.2382,0.0,0.0,0.6665,475,19,456,0,365,47,0,358021,0,2,0
491.0,1.3105,2.6214,1.3102,2.6167,7.8588,0.0,7.8588,0.0,0.0,0,0,0,15.4484,2.6207,5.2382,0.0,0.0,0.6665,477,19,458,0,365,47,0,358739,0,2,0
492.0,1.3105,2.6214,1.3102,2.6167,7.8588,0.0,7.8588,0.0,0.0,0,0,0,15.4855,2.6207,5.2382,0.0,0.0,0.6665,478,19,459,0,365,47,0,358990,0,2,0
493.0,1.3105,2.6214,1.3102,2.6167,7.8588,0.0,7.8588,0.0,0.0,0,0,0,15.545,2.6207,5.2382,0.0,0.0,0.6665,480,19,461,0,366,47,0,362109,0,2,0
494.0,1.3105,2.6214,1.3102,2.6167,7.8588,0.0,7.8588,0.0,0.0,0,0,0,15.545,2.6207,5.2382,0.0,0.0,0.6665,480,19,461,0,366,47,0,362109,0,2,0
495.0,1.3105,2.6214,1.3102,2.6167,7.8588,0.0,7.8588,0.0,0.0,0,0,0,15.3459,2.6207,5.2382,0.0,0.0,0.6665,480,19,461,0,367,47,0,362109,0,2,0
496.0,1.3105,2.6214,1.3102,2.6167,7.8588,0.0,7.8588,0.0,0.0,0,0,0,15.3459,2.6207,5.2382,0.0,0.0,0.6665,480,19,461,0,367,47,0,362109,0,2,0
497.0,1.3105,2.6214,1.3102,2.6167,7.8588,0.0,7.8588,0.0,0.0,0,0,0,15.3629,2.6207,5.2382,0.0,0.0,0.6665,481,19,462,0,370,47,0,363409,0,2,0
498.0,1.3105,2.6214,1.3102,2.6167,7.8588,0.0,7.8588,0.0,0.0,0,0,0,15.1241,2.6207,5.2382,0.0,0.0,0.6665,481,19,462,0,371,48,0,363409,0,2,0
499.0,1.3105,2.6214,1.3102,2.6167,7.8588,0.0,7.8588,0.0,0.0,0,0,0,14.6005,2.6207,5.2382,0.0,0.0,0.6665,482,19,463,0,371,48,0,364660,0,2,0
500.0,1.3105,2.6214,1.3102,2.6167,7.8588,0.0,7.8588,0.0,0.0,0,0,0,14.8822,2.6207,5.2382,0.0,0.0,0.6665,483,19,464,0,372,48,0,366598,0,2,0
501.0,1.3105,2.6214,1.3102,2.6167,7.8588,0.0,7.8588,0.0,0.0,0,0,0,15.0587,2.6207,5.2382,0.0,0.0,0.6665,484,19,465,0,373,48,0,367870,0,2,0
502.0,1.3105,2.6214,1.3102,2.6167,7.8588,0.0,7.8588,0.0,0.0,0,0,0,15.3353,2.6207,5.2382,0.0,0.0,0.6665,484,19,465,0,374,48,0,367870,0,2,0
503.0,1.3105,2.6214,1.3102,2.6167,7.8588,0.0,7.8588,0.0,0.0,0,0,0,15.3353,2.6207,5.2382,0.0,0.0,0.6665,484,19,465,0,374,48,0,367870,0,2,0
504.0,1.3105,2.6214,1.3102,2.6167,7.8588,0.0,7.8588,0.0,0.0,0,0,0,15.3404,2.6207,5.2382,0.0,0.0,0.6665,484,19,465,0,376,48,0,367870,0,2,0
505.0,1.3105,2.6214,1.3102,2.6167,7.8588,0.0,7.8588,0.0,0.0,0,0,0,15.2146,2.6207,5.2382,0.0,0.0,0.6665,486,19,467,0,376,48,0,370917,0,2,0
506.0,1.3105,2.6214,1.3102,2.6167,7.8588,0.0,7.8588,0.0,0.0,0,0,0,15.3004,2.6207,5.2382,0.0,0.0,0.6665,486,19,467,0,377,49,0,370917,0,2,0
507.0,1.3105,2.6214,1.3102,2.6167,7.8588,0.0,7.8588,0.0,0.0,0,0,0,15.3543,2.6207,5.2382,0.0,0.0,0.6665,486,19,467,0,378,49,0,370917,0,2,0
508.0,1.3105,2.6214,1.3102,2.6167,7.8588,0.0,7.8588,0.0,0.0,0,0,0,15.3057,2.6207,5.2382,0.0,0.0,0.6665,486,19,467,0,380,49,0,370917,0,2,0
509.0,1.3105,2.6214,1.3102,2.6167,7.8588,0.0,7.8588,0.0,0.0,0,0,0,15.3057,2.6207,5.2382,0.0,0.0,0.6665,486,19,467,0,380,49,0,370917,0,2,0
510.0,1.3105,2.6214,1.3102,2.6167,7.8588,0.0,7.8588,0.0,0.0,0,0,0,15.5433,2.6207,5.2382,0.0,0.0,0.6665,488,19,469,0,380,49,0,372704,0,2,0
511.0,1.3105,2.6214,1.3102,2.6167,7.8588,0.0,7.8588,0.0,0.0,0,0,0,15.3698,2.6207,5.2382,0.0,0.0,0.6665,489,19,470,0,380,49,0,373186,0,2,0
512.0,1.3105,2.6214,1.3102,2.6167,7.8588,0.0,7.8588,0.0,0.0,0,0,0,15.3709,2.6207,5.2382,0.0,0.0,0.6665,489,19,470,0,381,49,0,373186,0,2,0
513.0,1.3105,2.6214,1.3102,2.6167,7.8588,0.0,7.8588,0.0,0.0,0,0,0,15.4724,2.6207,5.2382,0.0,0.0,0.6665,491,19,472,0,382,49,0,376025,0,2,0
514.0,1.3105,2.6214,1.3102,2.6167,7.8588,0.0,7.8588,0.0,0.0,0,0,0,14.7857,2.6207,5.2382,0.0,0.0,0.6665,494,19,475,0,382,49,0,376429,0,2,0
515.0,1.3105,2.6214,1.3102,2.6167,7.8588,0.0,7.8588,0.0,0.0,0,0,0,14.7857,2.6207,5.2382,0.0,0.0,0.6665,494,19,475,0,382,49,0,376429,0,2,0
516.0,1.3105,2.6214,1.3102,2.6167,7.8588,0.0,7.8588,0.0,0.0,0,0,0,14.7857,2.6207,5.2382,0.0,0.0,0.6665,494,19,475,0,382,49,0,376429,0,2,0
517.0,1.3105,2.6214,1.3102,2.6167,7.8588,0.0,7.8588,0.0,0.0,0,0,0,14.7857,2.6207,5.2382,0.0,0.0,0.6665,494,19,475,0,382,49,0,376429,0,2,0
518.0,1.3105,2.6214,1.3102,2.6167,7.8588,0.0,7.8588,0.0,0.0,0,0,0,14.7955,2.6207,5.2382,0.0,0.0,0.6665,494,19,475,0,383,49,0,376429,0,2,0
519.0,1.3105,2.6214,1.3102,2.6167,7.8588,0.0,7.8588,0.0,0.0,0,0,0,14.7955,2.6207,5.2382,0.0,0.0,0.6665,494,19,475,0,383,49,0,376429,0,2,0
520.0,1.3105,2.6214,1.3102,2.6167,7.8588,0.0,7.8588,0.0,0.0,0,0,0,14.9359,2.6207,5.2382,0.0,0.0,0.6665,495,19,476,0,383,49,0,377472,0,2,0
521.0,1.3105,2.6214,1.3102,2.6167,7.8588,0.0,7.8588,0.0,0.0,0,0,0,14.9729,2.6207,5.2382,0.0,0.0,0.6665,496,19,477,0,384,49,0,377609,0,2,0
522.0,1.3105,2.6214,1.3102,2.6167,7.8588,0.0,7.8588,0.0,0.0,0,0,0,14.8303,2.6207,5.2382,0.0,0.0,0.6665,497,19,478,0,386,49,0,378570,0,2,0
523.0,1.3105,2.6214,1.3102,2.6167,7.8588,0.0,7.8588,0.0,0.0,0,0,0,14.8321,2.6207,5.2382,0.0,0.0,0.6665,497,19,478,0,387,49,0,378570,0,2,0
524.0,1.3105,2.6214,1.3102,2.6167,7.8588,0.0,7.8588,0.0,0.0,0,0,0,14.9581,2.6207,5.2382,0.0,0.0,0.6665,497,19,478,0,387,50,0,378570,0,2,0
525.0,1.3105,2.6214,1.3102,2.6167,7.8588,0.0,7.8588,0.0,0.0,0,0,0,15.0186,2.6207,5.2382,0.0,0.0,0.6665,497,19,478,0,389,50,0,378570,0,2,0
526.0,1.3105,2.6214,1.3102,2.6167,7.8588,0.0,7.8588,0.0,0.0,0,0,0,15.0186,2.6207,5.2382,0.0,0.0,0.6665,497,19,478,0,389,50,0,378570,0,2,0
527.0,1.3105,2.6214,1.3102,2.6167,7.8588,0.0,7.8588,0.0,0.0,0,0,0,14.8495,2.6207,5.2382,0.0,0.0,0.6665,498,19,479,0,389,50,0,379500,0,2,0
528.0,1.3105,2.6214,1.3102,2.6167,7.8588,0.0,7.8588,0.0,0.0,0,0,0,14.8495,2.6207,5.2382,0.0,0.0,0.6665,498,19,479,0,389,50,0,379500,0,2,0
529.0,1.3105,2.6214,1.3102,2.6167,7.8588,0.0,7.8588,0.0,0.0,0,0,0,15.1396,2.6207,5.2382,0.0,0.0,0.6665,500,19,481,0,390,50,0,381578,0,2,0
530.0,1.3105,2.6214,1.3102,2.6167,7.8588,0.0,7.8588,0.0,0.0,0,0,0,15.189,2.6207,5.2382,0.0,0.0,0.6665,501,19,482,0,391,50,0,381613,0,2,0
531.0,1.3105,2.6214,1.3102,2.6167,7.8588,0.0,7.8588,0.0,0.0,0,0,0,15.189,2.6207,5.2382,0.0,0.0,0.6665,501,19,482,0,391,50,0,381613,0,2,0
532.0,1.3105,2.6214,1.3102,2.6167,7.8588,0.0,7.8588,0.0,0.0,0,0,0,15.189,2.6207,5.2382,0.0,0.0,0.6665,501,19,482,0,391,50,0,381613,0,2,0
533.0,1.3105,2.6214,1.3102,2.6167,7.8588,0.0,7.8588,0.0,0.0,0,0,0,15.189,2.6207,5.2382,0.0,0.0,0.6665,501,19,482,0,391,50,0,381613,0,2,0
534.0,1.3105,2.6214,1.3102,2.6167,7.8588,0.0,7.8588,0.0,0.0,0,0,0,15.2646,2.6207,5.2382,0.0,0.0,0.6665,501,19,482,0,392,50,0,381613,0,2,0
535.0,1.3105,2.6214,1.3102,2.6167,7.8588,0.0,7.8588,0.0,0.0,0,0,0,15.3844,2.6207,5.2382,0.0,0.0,0.6665,501,19,482,0,394,50,0,381613,0,2,0
536.0,1.3105,2.6214,1.3102,2.6167,7.8588,0.0,7.8588,0.0,0.0,0,0,0,15.629,2.6207,5.2382,0.0,0.0,0.6665,503,19,484,0,396,50,0,382689,0,2,0
537.0,1.3105,2.6214,1.3102,2.6167,7.8588,0.0,7.8588,0.0,0.0,0,0,0,15.6193,2.6207,5.2382,0.0,0.0,0.6665,503,19,484,0,397,50,0,382689,0,2,0
538.0,1.3105,2.6214,1.3102,2.6167,7.8588,0.0,7.8588,0.0,0.0,0,0,0,15.5577,2.6207,5.2382,0.0,0.0,0.6665,503,19,484,0,399,50,0,382689,0,2,0
539.0,1.3105,2.6214,1.3102,2.6167,7.8588,0.0,7.8588,0.0,0.0,0,0,0,14.5128,2.6207,5.2382,0.0,0.0,0.6665,504,19,485,0,401,51,0,383602,0,2,0
540.0,1.3105,2.6214,1.3102,2.6167,7.8588,0.0,7.8588,0.0,0.0,0,0,0,14.6008,2.6207,5.2382,0.0,0.0,0.6665,505,19,486,0,402,51,0,384021,0,2,0
541.0,1.3105,2.6214,1.3102,2.6167,7.8588,0.0,7.8588,0.0,0.0,0,0,0,14.8004,2.6207,5.2382,0.0,0.0,0.6665,507,19,488,0,402,51,0,385467,0,2,0
542.0,1.3105,2.6214,1.3102,2.6167,7.8588,0.0,7.8588,0.0,0.0,0,0,0,14.8666,2.6207,5.2382,0.0,0.0,0.6665,507,19,488,0,403,51,0,385467,0,2,0
543.0,1.3105,2.6214,1.3102,2.6167,7.8588,0.0,7.8588,0.0,0.0,0,0,0,14.9374,2.6207,5.2382,0.0,0.0,0.6665,507,19,488,0,404,51,0,385467,0,2,0
544.0,1.3105,2.6214,1.3102,2.6167,7.8588,0.0,7.8588,0.0,0.0,0,0,0,14.9374,2.6207,5.2382,0.0,0.0,0.6665,507,19,488,0,404,51,0,385467,0,2,0
545.0,1.3105,2.6214,1.3102,2.6167,7.8588,0.0,7.8588,0.0,0.0,0,0,0,15.4305,2.6207,5.2382,0.0,0.0,0.6665,509,19,490,0,405,51,0,388948,0,2,0
546.0,1.3105,2.6214,1.3102,2.6167,7.8588,0.0,7.8588,0.0,0.0,0,0,0,15.4305,2.6207,5.2382,0.0,0.0,0.6665,509,19,490,0,405,51,0,388948,0,2,0
547.0,1.3105,2.6214,1.3102,2.6167,7.8588,0.0,7.8588,0.0,0.0,0,0,0,15.5033,2.6207,5.2382,0.0,0.0,0.6665,509,19,490,0,406,51,0,388948,0,2,0
548.0,1.3105,2.6214,1.3102,2.6167,7.8588,0.0,7.8588,0.0,0.0,0,0,0,15.5033,2.6207,5.2382,0.0,0.0,0.6665,509,19,490,0,406,51,0,388948,0,2,0
549.0,1.3105,2.6214,1.3102,2.6167,7.8588,0.0,7.8588,0.0,0.0,0,0,0,15.0566,2.6207,5.2382,0.0,0.0,0.6665,511,19,492,0,406,51,0,391984,0,2,0
550.0,1.3105,2.6214,1.3102,2.6167,7.8588,0.0,7.8588,0.0,0.0,0,0,0,15.1139,2.6207,5.2382,0.0,0.0,0.6665,512,19,493,0,407,51,0,392238,0,2,0
551.0,1.3105,2.6214,1.3102,2.6167,7.8588,0.0,7.8588,0.0,0.0,0,0,0,15.3717,2.6207,5.2382,0.0,0.0,0.6665,514,19,495,0,407,51,0,394107,0,2,0
552.0,1.3105,2.6214,1.3102,2.6167,7.8588,0.0,7.8588,0.0,0.0,0,0,0,15.4223,2.6207,5.2382,0.0,0.0,0.6665,516,19,497,0,407,51,0,397189,0,2,0
553.0,1.3105,2.6214,1.3102,2.6167,7.8588,0.0,7.8588,0.0,0.0,0,0,0,15.4223,2.6207,5.2382,0.0,0.0,0.6665,516,19,497,0,407,51,0,397189,0,2,0
554.0,1.3105,2.6214,1.3102,2.6167,7.8588,0.0,7.8588,0.0,0.0,0,0,0,15.1822,2.6207,5.2382,0.0,0.0,0.6665,518,19,499,0,407,51,0,399432,0,2,0
555.0,1.3105,2.6214,1.3102,2.6167,7.8588,0.0,7.8588,0.0,0.0,0,0,0,15.3249,2.6207,5.2382,0.0,0.0,0.6665,519,19,500,0,408,51,0,400471,0,2,0
556.0,1.3105,2.6214,1.3102,2.6167,7.8588,0.0,7.8588,0.0,0.0,0,0,0,15.3249,2.6207,5.2382,0.0,0.0,0.6665,519,19,500,0,408,51,0,400471,0,2,0
557.0,1.3105,2.6214,1.3102,2.6167,7.8588,0.0,7.8588,0.0,0.0,0,0,0,15.1258,2.6207,5.2382,0.0,0.0,0.6665,521,19,502,0,408,51,0,401945,0,2,0
558.0,1.3105,2.6214,1.3102,2.6167,7.8588,0.0,7.8588,0.0,0.0,0,0,0,15.1258,2.6207,5.2382,0.0,0.0,0.6665,521,19,502,0,408,51,0,401945,0,2,0
559.0,1.3105,2.6214,1.3102,2.6167,7.8588,0.0,7.8588,0.0,0.0,0,0,0,15.0396,2.6207,5.2382,0.0,0.0,0.6665,521,19,502,0,409,51,0,401945,0,2,0
560.0,1.3105,2.6214,1.3102,2.6167,7.8588,0.0,7.8588,0.0,0.0,0,0,0,15.1661,2.6207,5.2382,0.0,0.0,0.6665,523,19,504,0,409,51,0,408624,0,2,0
561.0,1.3105,2.6214,1.3102,2.6167,7.8588,0.0,7.8588,0.0,0.0,0,0,0,15.2552,2.6207,5.2382,0.0,0.0,0.6665,524,19,505,0,409,51,0,409260,0,2,0
562.0,1.3105,2.6214,1.3102,2.6167,7.8588,0.0,7.8588,0.0,0.0,0,0,0,14.8858,2.6207,5.2382,0.0,0.0,0.6665,525,19,506,0,409,51,0,409603,0,2,0
563.0,1.3105,2.6214,1.3102,2.6167,7.8588,0.0,7.8588,0.0,0.0,0,0,0,14.986,2.6207,5.2382,0.0,0.0,0.6665,526,19,507,0,410,51,0,410238,0,2,0
564.0,1.3105,2.6214,1.3102,2.6167,7.8588,0.0,7.8588,0.0,0.0,0,0,0,14.986,2.6207,5.2382,0.0,0.0,0.6665,526,19,507,0,410,51,0,410238,0,2,0
565.0,1.3105,2.6214,1.3102,2.6167,7.8588,0.0,7.8588,0.0,0.0,0,0,0,15.4093,2.6207,5.2382,0.0,0.0,0.6665,527,19,508,0,411,51,0,411913,0,2,0
566.0,1.3105,2.6214,1.3102,2.6167,7.8588,0.0,7.8588,0.0,0.0,0,0,0,15.3578,2.6207,5.2382,0.0,0.0,0.6665,529,19,510,0,411,51,0,413800,0,2,0
567.0,1.3105,2.6214,1.3102,2.6167,7.8588,0.0,7.8588,0.0,0.0,0,0,0,15.1374,2.6207,5.2382,0.0,0.0,0.6665,531,19,512,0,412,51,0,416969,0,2,0
568.0,1.3105,2.6214,1.3102,2.6167,7.8588,0.0,7.8588,0.0,0.0,0,0,0,15.1716,2.6207,5.2382,0.0,0.0,0.6665,531,19,512,0,413,51,0,416969,0,2,0
569.0,1.3105,2.6214,1.3102,2.6167,7.8588,0.0,7.8588,0.0,0.0,0,0,0,15.1716,2.6207,5.2382,0.0,0.0,0.6665,531,19,512,0,413,51,0,416969,0,2,0
570.0,1.3105,2.6214,1.3102,2.6167,7.8588,0.0,7.8588,0.0,0.0,0,0,0,15.1716,2.6207,5.2382,0.0,0.0,0.6665,531,19,512,0,413,51,0,416969,0,2,0
571.0,1.3105,2.6214,1.3102,2.6167,7.8588,0.0,7.8588,0.0,0.0,0,0,0,15.0922,2.6207,5.2382,0.0,0.0,0.6665,532,19,513,0,414,51,0,417775,0,2,0
572.0,1.3105,2.6214,1.3102,2.6167,7.8588,0.0,7.8588,0.0,0.0,0,0,0,14.9345,2.6207,5.2382,0.0,0.0,0.6665,533,19,514,0,414,52,0,418798,0,2,0
573.0,1.3105,2.6214,1.3102,2.6167,7.8588,0.0,7.8588,0.0,0.0,0,0,0,15.1577,2.6207,5.2382,0.0,0.0,0.6665,534,19,515,0,414,52,0,420481,0,2,0
574.0,1.3105,2.6214,1.3102,2.6167,7.8588,0.0,7.8588,0.0,0.0,0,0,0,15.1612,2.6207,5.2382,0.0,0.0,0.6665,534,19,515,0,415,52,0,420481,0,2,0
575.0,1.3105,2.6214,1.3102,2.6167,7.8588,0.0,7.8588,0.0,0.0,0,0,0,14.8773,2.6207,5.2382,0.0,0.0,0.6665,535,19,516,0,415,52,0,421266,0,2,0
576.0,1.3105,2.6214,1.3102,2.6167,7.8588,0.0,7.8588,0.0,0.0,0,0,0,14.9503,2.6207,5.2382,0.0,0.0,0.6665,536,19,517,0,415,52,0,421801,0,2,0
577.0,1.3105,2.6214,1.3102,2.6167,7.8588,0.0,7.8588,0.0,0.0,0,0,0,15.1295,2.6207,5.2382,0.0,0.0,0.6665,537,19,518,0,415,52,0,423133,0,2,0
578.0,1.3105,2.6214,1.3102,2.6167,7.8588,0.0,7.8588,0.0,0.0,0,0,0,14.4743,2.6207,5.2382,0.0,0.0,0.6665,539,19,520,0,417,52,0,425656,0,2,0
579.0,1.3105,2.6214,1.3102,2.6167,7.8588,0.0,7.8588,0.0,0.0,0,0,0,14.7114,2.6207,5.2382,0.0,0.0,0.6665,539,19,520,0,417,52,0,425656,0,2,0
580.0,1.3105,2.6214,1.3102,2.6167,7.8588,0.0,7.8588,0.0,0.0,0,0,0,14.7164,2.6207,5.2382,0.0,0.0,0.6665,539,19,520,0,418,52,0,425656,0,2,0
581.0,1.3105,2.6214,1.3102,2.6167,7.8588,0.0,7.8588,0.0,0.0,0,0,0,14.7968,2.6207,5.2382,0.0,0.0,0.6665,539,19,520,0,419,52,0,425656,0,2,0
582.0,1.3105,2.6214,1.3102,2.6167,7.8588,0.0,7.8588,0.0,0.0,0,0,0,14.7968,2.6207,5.2382,0.0,0.0,0.6665,539,19,520,0,419,52,0,425656,0,2,0
583.0,1.3105,2.6214,1.3102,2.6167,7.8588,0.0,7.8588,0.0,0.0,0,0,0,14.8132,2.6207,5.2382,0.0,0.0,0.6665,539,19,520,0,423,52,0,425656,0,2,0
584.0,1.3105,2.6214,1.3102,2.6167,7.8588,0.0,7.8588,0.0,0.0,0,0,0,14.7461,2.6207,5.2382,0.0,0.0,0.6665,539,19,520,0,425,52,0,425656,0,2,0
585.0,1.3105,2.6214,1.3102,2.6167,7.8588,0.0,7.8588,0.0,0.0,0,0,0,14.7461,2.6207,5.2382,0.0,0.0,0.6665,539,19,520,0,425,52,0,425656,0,2,0
586.0,1.3105,2.6214,1.3102,2.6167,7.8588,0.0,7.8588,0.0,0.0,0,0,0,15.1112,2.6207,5.2382,0.0,0.0,0.6665,539,19,520,0,428,53,0,425656,0,2,0
587.0,1.3105,2.6214,1.3102,2.6167,7.8588,0.0,7.8588,0.0,0.0,0,0,0,15.2822,2.6207,5.2382,0.0,0.0,0.6665,539,19,520,0,430,53,0,425656,0,2,0
588.0,1.3105,2.6214,1.3102,2.6167,7.8588,0.0,7.8588,0.0,0.0,0,0,0,15.2822,2.6207,5.2382,0.0,0.0,0.6665,539,19,520,0,430,53,0,425656,0,2,0
589.0,1.3105,2.6214,1.3102,2.6167,7.8588,0.0,7.8588,0.0,0.0,0,0,0,15.0686,2.6207,5.2382,0.0,0.0,0.6665,541,19,522,0,432,53,0,426657,0,2,0
590.0,1.3105,2.6214,1.3102,2.6167,7.8588,0.0,7.8588,0.0,0.0,0,0,0,15.2047,2.6207,5.2382,0.0,0.0,0.6665,542,19,523,0,432,53,0,427680,0,2,0
591.0,1.3105,2.6214,1.3102,2.6167,7.8588,0.0,7.8588,0.0,0.0,0,0,0,15.3211,2.6207,5.2382,0.0,0.0,0.6665,543,19,524,0,432,53,0,428549,0,2,0
592.0,1.3105,2.6214,1.3102,2.6167,7.8588,0.0,7.8588,0.0,0.0,0,0,0,15.3211,2.6207,5.2382,0.0,0.0,0.6665,543,19,524,0,432,53,0,428549,0,2,0
593.0,1.3105,2.6214,1.3102,2.6167,7.8588,0.0,7.8588,0.0,0.0,0,0,0,14.8062,2.6207,5.2382,0.0,0.0,0.6665,544,19,525,0,432,53,0,428574,0,2,0
594.0,1.3105,2.6214,1.3102,2.6167,7.8588,0.0,7.8588,0.0,0.0,0,0,0,14.8199,2.6207,5.2382,0.0,0.0,0.6665,545,19,526,0,433,53,0,428612,0,2,0
595.0,1.3105,2.6214,1.3102,2.6167,7.8588,0.0,7.8588,0.0,0.0,0,0,0,14.9565,2.6207,5.2382,0.0,0.0,0.6665,546,19,527,0,433,53,0,429635,0,2,0
596.0,1.3105,2.6214,1.3102,2.6167,7.8588,0.0,7.8588,0.0,0.0,0,0,0,14.9565,2.6207,5.2382,0.0,0.0,0.6665,546,19,527,0,433,53,0,429635,0,2,0
597.0,1.3105,2.6214,1.3102,2.6167,7.8588,0.0,7.8588,0.0,0.0,0,0,0,15.0558,2.6207,5.2382,0.0,0.0,0.6665,547,19,528,0,433,53,0,430118,0,2,0
598.0,1.3105,2.6214,1.3102,2.6167,7.8588,0.0,7.8588,0.0,0.0,0,0,0,15.0572,2.6207,5.2382,0.0,0.0,0.6665,547,19,528,0,434,53,0,430118,0,2,0
599.0,1.3105,2.6214,1.3102,2.6167,7.8588,0.0,7.8588,0.0,0.0,0,0,0,15.0572,2.6207,5.2382,0.0,0.0,0.6665,547,19,528,0,436,53,0,430118,0,2,0
600.0,1.3105,2.6214,1.3102,2.6167,7.8588,0.0,7.8588,0.0,0.0,0,0,0,15.1071,2.6207,5.2382,0.0,0.0,0.6665,547,19,528,0,437,53,0,430118,0,2,0
601.0,1.3105,2.6214,1.3102,2.6167,7.8588,0.0,7.8588,0.0,0.0,0,0,0,14.4382,2.6207,5.2382,0.0,0.0,0.6665,548,19,529,0,439,53,0,430653,0,2,0
602.0,1.3105,2.6214,1.3102,2.6167,7.8588,0.0,7.8588,0.0,0.0,0,0,0,14.5384,2.6207,5.2382,0.0,0.0,0.6665,549,19,530,0,439,53,0,431400,0,2,0
603.0,1.3105,2.6214,1.3102,2.6167,7.8588,0.0,7.8588,0.0,0.0,0,0,0,14.5962,2.6207,5.2382,0.0,0.0,0.6665,549,19,530,0,442,53,0,431400,0,2,0
604.0,1.3105,2.6214,1.3102,2.6167,7.8588,0.0,7.8588,0.0,0.0,0,0,0,14.7242,2.6207,5.2382,0.0,0.0,0.6665,550,19,531,0,444,53,0,433754,0,2,0
605.0,1.3105,2.6214,1.3102,2.6167,7.8588,0.0,7.8588,0.0,0.0,0,0,0,14.7242,2.6207,5.2382,0.0,0.0,0.6665,550,19,531,0,444,53,0,433754,0,2,0
606.0,1.3105,2.6214,1.3102,2.6167,7.8588,0.0,7.8588,0.0,0.0,0,0,0,15.0895,2.6207,5.2382,0.0,0.0,0.6665,552,19,533,0,445,53,0,435729,0,2,0
607.0,1.3105,2.6214,1.3102,2.6167,7.8588,0.0,7.8588,0.0,0.0,0,0,0,15.0939,2.6207,5.2382,0.0,0.0,0.6665,553,19,534,0,445,53,0,435762,0,2,0
608.0,1.3105,2.6214,1.3102,2.6167,7.8588,0.0,7.8588,0.0,0.0,0,0,0,15.3337,2.6207,5.2382,0.0,0.0,0.6665,553,19,534,0,445,54,0,435762,0,2,0
609.0,1.3105,2.6214,1.3102,2.6167,7.8588,0.0,7.8588,0.0,0.0,0,0,0,15.3466,2.6207,5.2382,0.0,0.0,0.6665,553,19,534,0,446,54,0,435762,0,2,0
610.0,1.3105,2.6214,1.3102,2.6167,7.8588,0.0,7.8588,0.0,0.0,0,0,0,14.8092,2.6207,5.2382,0.0,0.0,0.6665,553,19,534,0,448,54,0,435762,0,2,0
611.0,1.3105,2.6214,1.3102,2.6167,7.8588,0.0,7.8588,0.0,0.0,0,0,0,14.8092,2.6207,5.2382,0.0,0.0,0.6665,553,19,534,0,448,54,0,435762,0,2,0
612.0,1.3105,2.6214,1.3102,2.6167,7.8588,0.0,7.8588,0.0,0.0,0,0,0,14.384,2.6207,5.2382,0.0,0.0,0.6665,555,19,536,0,449,54,0,441384,0,2,0
613.0,1.3105,2.6214,1.3102,2.6167,7.8588,0.0,7.8588,0.0,0.0,0,0,0,14.428,2.6207,5.2382,0.0,0.0,0.6665,556,19,537,0,449,54,0,441698,0,2,0
614.0,1.3105,2.6214,1.3102,2.6167,7.8588,0.0,7.8588,0.0,0.0,0,0,0,14.428,2.6207,5.2382,0.0,0.0,0.6665,556,19,537,0,449,54,0,441698,0,2,0
615.0,1.3105,2.6214,1.3102,2.6167,7.8588,0.0,7.8588,0.0,0.0,0,0,0,14.428,2.6207,5.2382,0.0,0.0,0.6665,556,19,537,0,449,54,0,441698,0,2,0
616.0,1.3105,2.6214,1.3102,2.6167,7.8588,0.0,7.8588,0.0,0.0,0,0,0,14.5264,2.6207,5.2382,0.0,0.0,0.6665,556,19,537,0,450,54,0,441698,0,2,0
617.0,1.3105,2.6214,1.3102,2.6167,7.8588,0.0,7.8588,0.0,0.0,0,0,0,14.9511,2.6207,5.2382,0.0,0.0,0.6665,556,19,537,0,452,54,0,441698,0,2,0
618.0,1.3105,2.6214,1.3102,2.6167,7.8588,0.0,7.8588,0.0,0.0,0,0,0,14.4118,2.6207,5.2382,0.0,0.0,0.6665,557,19,538,0,453,54,0,442969,0,2,0
619.0,1.3105,2.6214,1.3102,2.6167,7.8588,0.0,7.8588,0.0,0.0,0,0,0,14.4928,2.6207,5.2382,0.0,0.0,0.6665,558,19,539,0,454,54,0,443463,0,2,0
620.0,1.3105,2.6214,1.3102,2.6167,7.8588,0.0,7.8588,0.0,0.0,0,0,0,14.5839,2.6207,5.2382,0.0,0.0,0.6665,560,19,541,0,454,54,0,444117,0,2,0
621.0,1.3105,2.6214,1.3102,2.6167,7.8588,0.0,7.8588,0.0,0.0,0,0,0,14.7794,2.6207,5.2382,0.0,0.0,0.6665,563,19,544,0,455,54,0,445514,0,2,0
622.0,1.3105,2.6214,1.3102,2.6167,7.8588,0.0,7.8588,0.0,0.0,0,0,0,15.0433,2.6207,5.2382,0.0,0.0,0.6665,563,19,544,0,456,54,0,445514,0,2,0
623.0,1.3105,2.6214,1.3102,2.6167,7.8588,0.0,7.8588,0.0,0.0,0,0,0,15.1163,2.6207,5.2382,0.0,0.0,0.6665,563,19,544,0,458,54,0,445514,0,2,0
624.0,1.3105,2.6214,1.3102,2.6167,7.8588,0.0,7.8588,0.0,0.0,0,0,0,15.1163,2.6207,5.2382,0.0,0.0,0.6665,563,19,544,0,458,54,0,445514,0,2,0
625.0,1.3105,2.6214,1.3102,2.6167,7.8588,0.0,7.8588,0.0,0.0,0,0,0,15.1171,2.6207,5.2382,0.0,0.0,0.6665,563,19,544,0,459,54,0,445514,0,2,0
626.0,1.3105,2.6214,1.3102,2.6167,7.8588,0.0,7.8588,0.0,0.0,0,0,0,15.1171,2.6207,5.2382,0.0,0.0,0.6665,563,19,544,0,459,54,0,445514,0,2,0
627.0,1.3105,2.6214,1.3102,2.6167,7.8588,0.0,7.8588,0.0,0.0,0,0,0,15.1171,2.6207,5.2382,0.0,0.0,0.6665,563,19,544,0,459,54,0,445514,0,2,0
628.0,1.3105,2.6214,1.3102,2.6167,7.8588,0.0,7.8588,0.0,0.0,0,0,0,15.1216,2.6207,5.2382,0.0,0.0,0.6665,564,19,545,0,459,54,0,445538,0,2,0
629.0,1.3105,2.6214,1.3102,2.6167,7.8588,0.0,7.8588,0.0,0.0,0,0,0,15.1216,2.6207,5.2382,0.0,0.0,0.6665,564,19,545,0,459,54,0,445538,0,2,0
630.0,1.3105,2.6214,1.3102,2.6167,7.8588,0.0,7.8588,0.0,0.0,0,0,0,15.1216,2.6207,5.2382,0.0,0.0,0.6665,564,19,545,0,459,54,0,445538,0,2,0
631.0,1.3105,2.6214,1.3102,2.6167,7.8588,0.0,7.8588,0.0,0.0,0,0,0,14.8237,2.6207,5.2382,0.0,0.0,0.6665,565,19,546,0,462,54,0,446871,0,2,0
632.0,1.3105,2.6214,1.3102,2.6167,7.8588,0.0,7.8588,0.0,0.0,0,0,0,14.8305,2.6207,5.2382,0.0,0.0,0.6665,565,19,546,0,463,54,0,446871,0,2,0
633.0,1.3105,2.6214,1.3102,2.6167,7.8588,0.0,7.8588,0.0,0.0,0,0,0,14.9817,2.6207,5.2382,0.0,0.0,0.6665,565,19,546,0,464,54,0,446871,0,2,0
634.0,1.3105,2.6214,1.3102,2.6167,7.8588,0.0,7.8588,0.0,0.0,0,0,0,15.1805,2.6207,5.2382,0.0,0.0,0.6665,568,19,549,0,464,54,0,448178,0,2,0
635.0,1.3105,2.6214,1.3102,2.6167,7.8588,0.0,7.8588,0.0,0.0,0,0,0,15.1838,2.6207,5.2382,0.0,0.0,0.6665,568,19,549,0,465,54,0,448178,0,2,0
636.0,1.3105,2.6214,1.3102,2.6167,7.8588,0.0,7.8588,0.0,0.0,0,0,0,15.2298,2.6207,5.2382,0.0,0.0,0.6665,569,19,550,0,468,54,0,448737,0,2,0
637.0,1.3105,2.6214,1.3102,2.6167,7.8588,0.0,7.8588,0.0,0.0,0,0,0,15.1611,2.6207,5.2382,0.0,0.0,0.6665,571,19,552,0,468,54,0,452080,0,2,0
638.0,1.3105,2.6214,1.3102,2.6167,7.8588,0.0,7.8588,0.0,0.0,0,0,0,14.9535,2.6207,5.2382,0.0,0.0,0.6665,572,19,553,0,469,54,0,452171,0,2,0
639.0,1.3105,2.6214,1.3102,2.6167,7.8588,0.0,7.8588,0.0,0.0,0,0,0,14.5879,2.6207,5.2382,0.0,0.0,0.6665,573,19,554,0,469,54,0,453140,0,2,0
640.0,1.3105,2.6214,1.3102,2.6167,7.8588,0.0,7.8588,0.0,0.0,0,0,0,14.5879,2.6207,5.2382,0.0,0.0,0.6665,573,19,554,0,469,54,0,453140,0,2,0
641.0,1.3105,2.6214,1.3102,2.6167,7.8588,0.0,7.8588,0.0,0.0,0,0,0,14.5879,2.6207,5.2382,0.0,0.0,0.6665,573,19,554,0,469,54,0,453140,0,2,0
642.0,1.3105,2.6214,1.3102,2.6167,7.8588,0.0,7.8588,0.0,0.0,0,0,0,14.6052,2.6207,5.2382,0.0,0.0,0.6665,576,19,557,0,470,54,0,461439,0,2,0
643.0,1.3105,2.6214,1.3102,2.6167,7.8588,0.0,7.8588,0.0,0.0,0,0,0,14.6052,2.6207,5.2382,0.0,0.0,0.6665,576,19,557,0,470,54,0,461439,0,2,0
644.0,1.3105,2.6214,1.3102,2.6167,7.8588,0.0,7.8588,0.0,0.0,0,0,0,14.6107,2.6207,5.2382,0.0,0.0,0.6665,576,19,557,0,471,54,0,461439,0,2,0
645.0,1.3105,2.6214,1.3102,2.6167,7.8588,0.0,7.8588,0.0,0.0,0,0,0,14.7989,2.6207,5.2382,0.0,0.0,0.6665,576,19,557,0,474,54,0,461439,0,2,0
646.0,1.3105,2.6214,1.3102,2.6167,7.8588,0.0,7.8588,0.0,0.0,0,0,0,14.7093,2.6207,5.2382,0.0,0.0,0.6665,577,19,558,0,475,54,0,461606,0,2,0
647.0,1.3105,2.6214,1.3102,2.6167,7.8588,0.0,7.8588,0.0,0.0,0,0,0,14.7135,2.6207,5.2382,0.0,0.0,0.6665,577,19,558,0,476,54,0,461606,0,2,0
648.0,1.3105,2.6214,1.3102,2.6167,7.8588,0.0,7.8588,0.0,0.0,0,0,0,14.7776,2.6207,5.2382,0.0,0.0,0.6665,577,19,558,0,478,54,0,461606,0,2,0
649.0,1.3105,2.6214,1.3102,2.6167,7.8588,0.0,7.8588,0.0,0.0,0,0,0,15.0028,2.6207,5.2382,0.0,0.0,0.6665,577,19,558,0,479,54,0,461606,0,2,0
650.0,1.3105,2.6214,1.3102,2.6167,7.8588,0.0,7.8588,0.0,0.0,0,0,0,15.0028,2.6207,5.2382,0.0,0.0,0.6665,577,19,558,0,479,54,0,461606,0,2,0
651.0,1.3105,2.6214,1.3102,2.6167,7.8588,0.0,7.8588,0.0,0.0,0,0,0,15.005,2.6207,5.2382,0.0,0.0,0.6665,577,19,558,0,480,54,0,461606,0,2,0
652.0,1.3105,2.6214,1.3102,2.6167,7.8588,0.0,7.8588,0.0,0.0,0,0,0,15.1456,2.6207,5.2382,0.0,0.0,0.6665,579,19,560,0,480,54,0,462648,0,2,0
653.0,1.3105,2.6214,1.3102,2.6167,7.8588,0.0,7.8588,0.0,0.0,0,0,0,15.1456,2.6207,5.2382,0.0,0.0,0.6665,579,19,560,0,480,54,0,462648,0,2,0
654.0,1.3105,2.6214,1.3102,2.6167,7.8588,0.0,7.8588,0.0,0.0,0,0,0,15.1542,2.6207,5.2382,0.0,0.0,0.6665,580,19,561,0,481,54,0,462677,0,2,0
655.0,1.3105,2.6214,1.3102,2.6167,7.8588,0.0,7.8588,0.0,0.0,0,0,0,15.1562,2.6207,5.2382,0.0,0.0,0.6665,580,19,561,0,482,54,0,462677,0,2,0
656.0,1.3105,2.6214,1.3102,2.6167,7.8588,0.0,7.8588,0.0,0.0,0,0,0,15.1736,2.6207,5.2382,0.0,0.0,0.6665,580,19,561,0,484,54,0,462677,0,2,0
657.0,1.3105,2.6214,1.3102,2.6167,7.8588,0.0,7.8588,0.0,0.0,0,0,0,15.0671,2.6207,5.2382,0.0,0.0,0.6665,580,19,561,0,487,54,0,462677,0,2,0
658.0,1.3105,2.6214,1.3102,2.6167,7.8588,0.0,7.8588,0.0,0.0,0,0,0,15.3131,2.6207,5.2382,0.0,0.0,0.6665,581,19,562,0,490,54,0,462772,0,2,0
659.0,1.3105,2.6214,1.3102,2.6167,7.8588,0.0,7.8588,0.0,0.0,0,0,0,15.4421,2.6207,5.2382,0.0,0.0,0.6665,581,19,562,0,493,54,0,462772,0,2,0
660.0,1.3105,2.6214,1.3102,2.6167,7.8588,0.0,7.8588,0.0,0.0,0,0,0,15.4876,2.6207,5.2382,0.0,0.0,0.6665,582,19,563,0,493,54,0,463059,0,2,0
661.0,1.3105,2.6214,1.3102,2.6167,7.8588,0.0,7.8588,0.0,0.0,0,0,0,15.6337,2.6207,5.2382,0.0,0.0,0.6665,583,19,564,0,493,54,0,463430,0,2,0
662.0,1.3105,2.6214,1.3102,2.6167,7.8588,0.0,7.8588,0.0,0.0,0,0,0,15.6602,2.6207,5.2382,0.0,0.0,0.6665,584,19,565,0,493,54,0,463618,0,2,0
663.0,1.3105,2.6214,1.3102,2.6167,7.8588,0.0,7.8588,0.0,0.0,0,0,0,15.5033,2.6207,5.2382,0.0,0.0,0.6665,584,19,565,0,497,54,0,463618,0,2,0
664.0,1.3105,2.6214,1.3102,2.6167,7.8588,0.0,7.8588,0.0,0.0,0,0,0,15.5063,2.6207,5.2382,0.0,0.0,0.6665,584,19,565,0,498,54,0,463618,0,2,0
665.0,1.3105,2.6214,1.3102,2.6167,7.8588,0.0,7.8588,0.0,0.0,0,0,0,15.5087,2.6207,5.2382,0.0,0.0,0.6665,584,19,565,0,499,54,0,463618,0,2,0
666.0,1.3105,2.6214,1.3102,2.6167,7.8588,0.0,7.8588,0.0,0.0,0,0,0,15.4154,2.6207,5.2382,0.0,0.0,0.6665,585,19,566,0,501,54,0,463650,0,2,0
667.0,1.3105,2.6214,1.3102,2.6167,7.8588,0.0,7.8588,0.0,0.0,0,0,0,15.4685,2.6207,5.2382,0.0,0.0,0.6665,586,19,567,0,501,54,0,464007,0,2,0
668.0,1.3105,2.6214,1.3102,2.6167,7.8588,0.0,7.8588,0.0,0.0,0,0,0,15.4273,2.6207,5.2382,0.0,0.0,0.6665,586,19,567,0,503,54,0,464007,0,2,0
669.0,1.3105,2.6214,1.3102,2.6167,7.8588,0.0,7.8588,0.0,0.0,0,0,0,15.5668,2.6207,5.2382,0.0,0.0,0.6665,586,19,567,0,505,54,0,464007,0,2,0
670.0,1.3105,2.6214,1.3102,2.6167,7.8588,0.0,7.8588,0.0,0.0,0,0,0,15.4173,2.6207,5.2382,0.0,0.0,0.6665,590,19,571,0,505,54,0,465906,0,2,0
671.0,1.3105,2.6214,1.3102,2.6167,7.8588,0.0,7.8588,0.0,0.0,0,0,0,15.4173,2.6207,5.2382,0.0,0.0,0.6665,590,19,571,0,505,54,0,465906,0,2,0
672.0,1.3105,2.6214,1.3102,2.6167,7.8588,0.0,7.8588,0.0,0.0,0,0,0,15.439,2.6207,5.2382,0.0,0.0,0.6665,591,19,572,0,505,54,0,466046,0,2,0
673.0,1.3105,2.6214,1.3102,2.6167,7.8588,0.0,7.8588,0.0,0.0,0,0,0,15.439,2.6207,5.2382,0.0,0.0,0.6665,591,19,572,0,505,54,0,466046,0,2,0
674.0,1.3105,2.6214,1.3102,2.6167,7.8588,0.0,7.8588,0.0,0.0,0,0,0,14.6688,2.6207,5.2382,0.0,0.0,0.6665,592,19,573,0,505,54,0,467041,0,2,0
675.0,1.3105,2.6214,1.3102,2.6167,7.8588,0.0,7.8588,0.0,0.0,0,0,0,14.7368,2.6207,5.2382,0.0,0.0,0.6665,592,19,573,0,506,54,0,467041,0,2,0
676.0,1.3105,2.6214,1.3102,2.6167,7.8588,0.0,7.8588,0.0,0.0,0,0,0,14.1883,2.6207,5.2382,0.0,0.0,0.6665,594,19,575,0,506,54,0,469415,0,2,0
677.0,1.3105,2.6214,1.3102,2.6167,7.8588,0.0,7.8588,0.0,0.0,0,0,0,14.1902,2.6207,5.2382,0.0,0.0,0.6665,594,19,575,0,507,54,0,469415,0,2,0
678.0,1.3105,2.6214,1.3102,2.6167,7.8588,0.0,7.8588,0.0,0.0,0,0,0,14.5119,2.6207,5.2382,0.0,0.0,0.6665,594,19,575,0,509,54,0,469415,0,2,0
679.0,1.3105,2.6214,1.3102,2.6167,7.8588,0.0,7.8588,0.0,0.0,0,0,0,14.571,2.6207,5.2382,0.0,0.0,0.6665,594,19,575,0,510,54,0,469415,0,2,0
680.0,1.3105,2.6214,1.3102,2.6167,7.8588,0.0,7.8588,0.0,0.0,0,0,0,14.7887,2.6207,5.2382,0.0,0.0,0.6665,594,19,575,0,513,54,0,469415,0,2,0
681.0,1.3105,2.6214,1.3102,2.6167,7.8588,0.0,7.8588,0.0,0.0,0,0,0,14.7443,2.6207,5.2382,0.0,0.0,0.6665,598,19,579,0,513,54,0,474424,0,2,0
682.0,1.3105,2.6214,1.3102,2.6167,7.8588,0.0,7.8588,0.0,0.0,0,0,0,14.932,2.6207,5.2382,0.0,0.0,0.6665,599,19,580,0,513,54,0,475833,0,2,0
683.0,1.3105,2.6214,1.3102,2.6167,7.8588,0.0,7.8588,0.0,0.0,0,0,0,14.932,2.6207,5.2382,0.0,0.0,0.6665,599,19,580,0,513,54,0,475833,0,2,0
684.0,1.3105,2.6214,1.3102,2.6167,7.8588,0.0,7.8588,0.0,0.0,0,0,0,14.932,2.6207,5.2382,0.0,0.0,0.6665,599,19,580,0,513,54,0,475833,0,2,0
685.0,1.3105,2.6214,1.3102,2.6167,7.8588,0.0,7.8588,0.0,0.0,0,0,0,15.1582,2.6207,5.2382,0.0,0.0,0.6665,602,19,583,0,513,54,0,477464,0,2,0
686.0,1.3105,2.6214,1.3102,2.6167,7.8588,0.0,7.8588,0.0,0.0,0,0,0,15.1582,2.6207,5.2382,0.0,0.0,0.6665,602,19,583,0,513,54,0,477464,0,2,0
687.0,1.3105,2.6214,1.3102,2.6167,7.8588,0.0,7.8588,0.0,0.0,0,0,0,15.3238,2.6207,5.2382,0.0,0.0,0.6665,603,19,584,0,514,54,0,478476,0,2,0
688.0,1.3105,2.6214,1.3102,2.6167,7.8588,0.0,7.8588,0.0,0.0,0,0,0,15.4409,2.6207,5.2382,0.0,0.0,0.6665,605,19,586,0,514,54,0,479328,0,2,0
689.0,1.3105,2.6214,1.3102,2.6167,7.8588,0.0,7.8588,0.0,0.0,0,0,0,15.5193,2.6207,5.2382,0.0,0.0,0.6665,607,19,588,0,514,54,0,481359,0,2,0
690.0,1.3105,2.6214,1.3102,2.6167,7.8588,0.0,7.8588,0.0,0.0,0,0,0,15.4388,2.6207,5.2382,0.0,0.0,0.6665,609,19,590,0,514,54,0,482943,0,2,0
691.1,1.3105,2.6214,1.3102,2.6167,7.8588,0.0,7.8588,0.0,0.0,0,0,0,15.4388,2.6207,5.2382,0.0,0.0,0.6665,609,19,590,0,514,54,0,482943,0,2,0
692.1,1.3105,2.6214,1.3102,2.6167,7.8588,0.0,7.8588,0.0,0.0,0,0,0,15.5337,2.6207,5.2382,0.0,0.0,0.6665,610,19,591,0,514,54,0,483638,0,2,0
693.1,1.3105,2.6214,1.3102,2.6167,7.8588,0.0,7.8588,0.0,0.0,0,0,0,14.8393,2.6207,5.2382,0.0,0.0,0.6665,611,19,592,0,514,54,0,484114,0,2,0
694.1,1.3105,2.6214,1.3102,2.6167,7.8588,0.0,7.8588,0.0,0.0,0,0,0,14.8393,2.6207,5.2382,0.0,0.0,0.6665,611,19,592,0,514,54,0,484114,0,2,0
695.1,1.3105,2.6214,1.3102,2.6167,7.8588,0.0,7.8588,0.0,0.0,0,0,0,15.0283,2.6207,5.2382,0.0,0.0,0.6665,612,19,593,0,516,54,0,484473,0,2,0
696.1,1.3105,2.6214,1.3102,2.6167,7.8588,0.0,7.8588,0.0,0.0,0,0,0,15.1194,2.6207,5.2382,0.0,0.0,0.6665,612,19,593,0,517,54,0,484473,0,2,0
697.1,1.3105,2.6214,1.3102,2.6167,7.8588,0.0,7.8588,0.0,0.0,0,0,0,15.2564,2.6207,5.2382,0.0,0.0,0.6665,612,19,593,0,518,54,0,484473,0,2,0
698.1,1.3105,2.6214,1.3102,2.6167,7.8588,0.0,7.8588,0.0,0.0,0,0,0,15.6294,2.6207,5.2382,0.0,0.0,0.6665,613,19,594,0,518,54,0,487299,0,2,0
699.1,1.3105,2.6214,1.3102,2.6167,7.8588,0.0,7.8588,0.0,0.0,0,0,0,15.6294,2.6207,5.2382,0.0,0.0,0.6665,613,19,594,0,518,54,0,487299,0,2,0
700.1,1.3105,2.6214,1.3102,2.6167,7.8588,0.0,7.8588,0.0,0.0,0,0,0,15.6043,2.6207,5.2382,0.0,0.0,0.6665,614,19,595,0,518,54,0,488172,0,2,0
701.1,1.3105,2.6214,1.3102,2.6167,7.8588,0.0,7.8588,0.0,0.0,0,0,0,15.606,2.6207,5.2382,0.0,0.0,0.6665,614,19,595,0,519,54,0,488172,0,2,0
702.1,1.3105,2.6214,1.3102,2.6167,7.8588,0.0,7.8588,0.0,0.0,0,0,0,15.4215,2.6207,5.2382,0.0,0.0,0.6665,615,19,596,0,520,54,0,488559,0,2,0
703.1,1.3105,2.6214,1.3102,2.6167,7.8588,0.0,7.8588,0.0,0.0,0,0,0,15.4215,2.6207,5.2382,0.0,0.0,0.6665,615,19,596,0,520,54,0,488559,0,2,0
704.1,1.3105,2.6214,1.3102,2.6167,7.8588,0.0,7.8588,0.0,0.0,0,0,0,15.4215,2.6207,5.2382,0.0,0.0,0.6665,615,19,596,0,520,54,0,488559,0,2,0
705.1,1.3105,2.6214,1.3102,2.6167,7.8588,0.0,7.8588,0.0,0.0,0,0,0,15.4205,2.6207,5.2382,0.0,0.0,0.6665,615,19,596,0,521,54,0,488559,0,2,0
706.1,1.3105,2.6214,1.3102,2.6167,7.8588,0.0,7.8588,0.0,0.0,0,0,0,15.2496,2.6207,5.2382,0.0,0.0,0.6665,615,19,596,0,523,54,0,488559,0,2,0
707.1,1.3105,2.6214,1.3102,2.6167,7.8588,0.0,7.8588,0.0,0.0,0,0,0,15.1724,2.6207,5.2382,0.0,0.0,0.6665,616,19,597,0,525,54,0,489282,0,2,0
708.1,1.3105,2.6214,1.3102,2.6167,7.8588,0.0,7.8588,0.0,0.0,0,0,0,15.5457,2.6207,5.2382,0.0,0.0,0.6665,616,19,597,0,527,54,0,489282,0,2,0
709.1,1.3105,2.6214,1.3102,2.6167,7.8588,0.0,7.8588,0.0,0.0,0,0,0,15.1078,2.6207,5.2382,0.0,0.0,0.6665,619,19,600,0,528,54,0,490512,0,2,0
710.1,1.3105,2.6214,1.3102,2.6167,7.8588,0.0,7.8588,0.0,0.0,0,0,0,15.1078,2.6207,5.2382,0.0,0.0,0.6665,619,19,600,0,528,54,0,490512,0,2,0
711.1,1.3105,2.6214,1.3102,2.6167,7.8588,0.0,7.8588,0.0,0.0,0,0,0,15.0313,2.6207,5.2382,0.0,0.0,0.6665,619,19,600,0,531,54,0,490512,0,2,0
712.1,1.3105,2.6214,1.3102,2.6167,7.8588,0.0,7.8588,0.0,0.0,0,0,0,15.0341,2.6207,5.2382,0.0,0.0,0.6665,619,19,600,0,532,54,0,490512,0,2,0
713.1,1.3105,2.6214,1.3102,2.6167,7.8588,0.0,7.8588,0.0,0.0,0,0,0,15.0118,2.6207,5.2382,0.0,0.0,0.6665,620,19,601,0,533,54,0,491469,0,2,0
714.1,1.3105,2.6214,1.3102,2.6167,7.8588,0.0,7.8588,0.0,0.0,0,0,0,15.2172,2.6207,5.2382,0.0,0.0,0.6665,621,19,602,0,533,54,0,493017,0,2,0
715.1,1.3105,2.6214,1.3102,2.6167,7.8588,0.0,7.8588,0.0,0.0,0,0,0,15.2172,2.6207,5.2382,0.0,0.0,0.6665,621,19,602,0,533,54,0,493017,0,2,0
716.1,1.3105,2.6214,1.3102,2.6167,7.8588,0.0,7.8588,0.0,0.0,0,0,0,15.2172,2.6207,5.2382,0.0,0.0,0.6665,621,19,602,0,533,54,0,493017,0,2,0
717.1,1.3105,2.6214,1.3102,2.6167,7.8588,0.0,7.8588,0.0,0.0,0,0,0,15.2379,2.6207,5.2382,0.0,0.0,0.6665,622,19,603,0,533,54,0,493162,0,2,0
718.1,1.3105,2.6214,1.3102,2.6167,7.8588,0.0,7.8588,0.0,0.0,0,0,0,15.2379,2.6207,5.2382,0.0,0.0,0.6665,622,19,603,0,533,54,0,493162,0,2,0
719.1,1.3105,2.6214,1.3102,2.6167,7.8588,0.0,7.8588,0.0,0.0,0,0,0,14.4663,2.6207,5.2382,0.0,0.0,0.6665,625,20,605,0,535,54,0,494974,0,2,0
720.1,1.3105,2.6214,1.3102,2.6167,7.8588,0.0,7.8588,0.0,0.0,0,0,0,14.4681,2.6207,5.2382,0.0,0.0,0.6665,625,20,605,0,536,54,0,494974,0,2,0
721.1,1.3105,2.6214,1.3102,2.6167,7.8588,0.0,7.8588,0.0,0.0,0,0,0,14.6864,2.6207,5.2382,0.0,0.0,0.6665,625,20,605,0,539,54,0,494974,0,2,0
722.1,1.3105,2.6214,1.3102,2.6167,7.8588,0.0,7.8588,0.0,0.0,0,0,0,14.6898,2.6207,5.2382,0.0,0.0,0.6665,626,21,605,0,539,54,0,494981,0,2,0
723.1,1.3105,2.6214,1.3102,2.6167,7.8588,0.0,7.8588,0.0,0.0,0,0,0,14.7535,2.6207,5.2382,0.0,0.0,0.6665,626,21,605,0,541,54,0,494981,0,2,0
724.1,1.3105,2.6214,1.3102,2.6167,7.8588,0.0,7.8588,0.0,0.0,0,0,0,14.8815,2.6207,5.2382,0.0,0.0,0.6665,626,21,605,0,543,54,0,494981,0,2,0
725.1,1.3105,2.6214,1.3102,2.6167,7.8588,0.0,7.8588,0.0,0.0,0,0,0,15.0273,2.6207,5.2382,0.0,0.0,0.6665,626,21,605,0,545,54,0,494981,0,2,0
726.1,1.3105,2.6214,1.3102,2.6167,7.8588,0.0,7.8588,0.0,0.0,0,0,0,15.1445,2.6207,5.2382,0.0,0.0,0.6665,627,21,606,0,545,54,0,495854,0,2,0
727.1,1.3105,2.6214,1.3102,2.6167,7.8588,0.0,7.8588,0.0,0.0,0,0,0,14.8746,2.6207,5.2382,0.0,0.0,0.6665,628,21,607,0,546,54,0,497725,0,2,0
728.1,1.3105,2.6214,1.3102,2.6167,7.8588,0.0,7.8588,0.0,0.0,0,0,0,14.8862,2.6207,5.2382,0.0,0.0,0.6665,629,21,608,0,546,54,0,497801,0,2,0
729.1,1.3105,2.6214,1.3102,2.6167,7.8588,0.0,7.8588,0.0,0.0,0,0,0,15.0245,2.6207,5.2382,0.0,0.0,0.6665,629,21,608,0,547,54,0,497801,0,2,0
730.1,1.3105,2.6214,1.3102,2.6167,7.8588,0.0,7.8588,0.0,0.0,0,0,0,15.0245,2.6207,5.2382,0.0,0.0,0.6665,629,21,608,0,547,54,0,497801,0,2,0
731.1,1.3105,2.6214,1.3102,2.6167,7.8588,0.0,7.8588,0.0,0.0,0,0,0,14.9457,2.6207,5.2382,0.0,0.0,0.6665,632,21,611,0,547,54,0,499870,0,2,0
732.1,1.3105,2.6214,1.3102,2.6167,7.8588,0.0,7.8588,0.0,0.0,0,0,0,15.184,2.6207,5.2382,0.0,0.0,0.6665,635,21,614,0,548,54,0,501308,0,2,0
733.1,1.3105,2.6214,1.3102,2.6167,7.8588,0.0,7.8588,0.0,0.0,0,0,0,15.2154,2.6207,5.2382,0.0,0.0,0.6665,636,21,615,0,548,54,0,501513,0,2,0
734.1,1.3105,2.6214,1.3102,2.6167,7.8588,0.0,7.8588,0.0,0.0,0,0,0,15.0741,2.6207,5.2382,0.0,0.0,0.6665,637,21,616,0,549,54,0,502536,0,2,0
735.1,1.3105,2.6214,1.3102,2.6167,7.8588,0.0,7.8588,0.0,0.0,0,0,0,15.0741,2.6207,5.2382,0.0,0.0,0.6665,637,21,616,0,549,54,0,502536,0,2,0
736.1,1.3105,2.6214,1.3102,2.6167,7.8588,0.0,7.8588,0.0,0.0,0,0,0,14.8946,2.6207,5.2382,0.0,0.0,0.6665,638,21,617,0,549,54,0,503882,0,2,0
737.1,1.3105,2.6214,1.3102,2.6167,7.8588,0.0,7.8588,0.0,0.0,0,0,0,14.9547,2.6207,5.2382,0.0,0.0,0.6665,639,21,618,0,549,54,0,504322,0,2,0
738.1,1.3105,2.6214,1.3102,2.6167,7.8588,0.0,7.8588,0.0,0.0,0,0,0,14.9587,2.6207,5.2382,0.0,0.0,0.6665,640,21,619,0,549,54,0,504331,0,2,0
739.1,1.3105,2.6214,1.3102,2.6167,7.8588,0.0,7.8588,0.0,0.0,0,0,0,15.2139,2.6207,5.2382,0.0,0.0,0.6665,641,21,620,0,551,54,0,505354,0,2,0
740.1,1.3105,2.6214,1.3102,2.6167,7.8588,0.0,7.8588,0.0,0.0,0,0,0,15.5741,2.6207,5.2382,0.0,0.0,0.6665,641,21,620,0,553,54,0,505354,0,2,0
741.1,1.3105,2.6214,1.3102,2.6167,7.8588,0.0,7.8588,0.0,0.0,0,0,0,15.3711,2.6207,5.2382,0.0,0.0,0.6665,641,21,620,0,555,54,0,505354,0,2,0
742.1,1.3105,2.6214,1.3102,2.6167,7.8588,0.0,7.8588,0.0,0.0,0,0,0,15.4367,2.6207,5.2382,0.0,0.0,0.6665,642,21,621,0,555,55,0,505584,0,2,0
743.1,1.3105,2.6214,1.3102,2.6167,7.8588,0.0,7.8588,0.0,0.0,0,0,0,14.5512,2.6207,5.2382,0.0,0.0,0.6665,645,21,624,0,555,55,0,507808,0,2,0
744.1,1.3105,2.6214,1.3102,2.6167,7.8588,0.0,7.8588,0.0,0.0,0,0,0,14.5512,2.6207,5.2382,0.0,0.0,0.6665,645,21,624,0,555,55,0,507808,0,2,0
745.1,1.3105,2.6214,1.3102,2.6167,7.8588,0.0,7.8588,0.0,0.0,0,0,0,14.6029,2.6207,5.2382,0.0,0.0,0.6665,645,21,624,0,556,55,0,507808,0,2,0
746.1,1.3105,2.6214,1.3102,2.6167,7.8588,0.0,7.8588,0.0,0.0,0,0,0,14.5174,2.6207,5.2382,0.0,0.0,0.6665,647,21,626,0,556,55,0,510795,0,2,0
747.1,1.3105,2.6214,1.3102,2.6167,7.8588,0.0,7.8588,0.0,0.0,0,0,0,14.7185,2.6207,5.2382,0.0,0.0,0.6665,649,21,628,0,557,55,0,511645,0,2,0
748.1,1.3105,2.6214,1.3102,2.6167,7.8588,0.0,7.8588,0.0,0.0,0,0,0,14.7185,2.6207,5.2382,0.0,0.0,0.6665,649,21,628,0,557,55,0,511645,0,2,0
749.1,1.3105,2.6214,1.3102,2.6167,7.8588,0.0,7.8588,0.0,0.0,0,0,0,14.6938,2.6207,5.2382,0.0,0.0,0.6665,649,21,628,0,559,55,0,511645,0,2,0
750.1,1.3105,2.6214,1.3102,2.6167,7.8588,0.0,7.8588,0.0,0.0,0,0,0,14.735,2.6207,5.2382,0.0,0.0,0.6665,650,21,629,0,559,55,0,511929,0,2,0
751.1,1.3105,2.6214,1.3102,2.6167,7.8588,0.0,7.8588,0.0,0.0,0,0,0,14.7841,2.6207,5.2382,0.0,0.0,0.6665,651,21,630,0,560,55,0,512269,0,2,0
752.1,1.3105,2.6214,1.3102,2.6167,7.8588,0.0,7.8588,0.0,0.0,0,0,0,14.3347,2.6207,5.2382,0.0,0.0,0.6665,652,21,631,0,561,56,0,513223,0,2,0
753.1,1.3105,2.6214,1.3102,2.6167,7.8588,0.0,7.8588,0.0,0.0,0,0,0,14.4163,2.6207,5.2382,0.0,0.0,0.6665,653,21,632,0,561,56,0,513831,0,2,0
754.1,1.3105,2.6214,1.3102,2.6167,7.8588,0.0,7.8588,0.0,0.0,0,0,0,14.4405,2.6207,5.2382,0.0,0.0,0.6665,654,21,633,0,561,56,0,513992,0,2,0
755.1,1.3105,2.6214,1.3102,2.6167,7.8588,0.0,7.8588,0.0,0.0,0,0,0,14.4405,2.6207,5.2382,0.0,0.0,0.6665,654,21,633,0,561,56,0,513992,0,2,0
756.1,1.3105,2.6214,1.3102,2.6167,7.8588,0.0,7.8588,0.0,0.0,0,0,0,14.4454,2.6207,5.2382,0.0,0.0,0.6665,654,21,633,0,562,56,0,513992,0,2,0
757.1,1.3105,2.6214,1.3102,2.6167,7.8588,0.0,7.8588,0.0,0.0,0,0,0,14.6635,2.6207,5.2382,0.0,0.0,0.6665,657,21,636,0,562,56,0,515584,0,2,0
758.1,1.3105,2.6214,1.3102,2.6167,7.8588,0.0,7.8588,0.0,0.0,0,0,0,14.7858,2.6207,5.2382,0.0,0.0,0.6665,658,21,637,0,563,56,0,516460,0,2,0
759.1,1.3105,2.6214,1.3102,2.6167,7.8588,0.0,7.8588,0.0,0.0,0,0,0,14.7858,2.6207,5.2382,0.0,0.0,0.6665,658,21,637,0,563,56,0,516460,0,2,0
760.1,1.3105,2.6214,1.3102,2.6167,7.8588,0.0,7.8588,0.0,0.0,0,0,0,14.7858,2.6207,5.2382,0.0,0.0,0.6665,658,21,637,0,563,56,0,516460,0,2,0
761.1,1.3105,2.6214,1.3102,2.6167,7.8588,0.0,7.8588,0.0,0.0,0,0,0,14.6094,2.6207,5.2382,0.0,0.0,0.6665,659,21,638,0,564,56,0,517124,0,2,0
762.1,1.3105,2.6214,1.3102,2.6167,7.8588,0.0,7.8588,0.0,0.0,0,0,0,14.6306,2.6207,5.2382,0.0,0.0,0.6665,660,21,639,0,566,56,0,517192,0,2,0
763.1,1.3105,2.6214,1.3102,2.6167,7.8588,0.0,7.8588,0.0,0.0,0,0,0,14.887,2.6207,5.2382,0.0,0.0,0.6665,662,21,641,0,566,56,0,519101,0,2,0
764.1,1.3105,2.6214,1.3102,2.6167,7.8588,0.0,7.8588,0.0,0.0,0,0,0,15.2654,2.6207,5.2382,0.0,0.0,0.6665,663,21,642,0,567,57,0,520995,0,2,0
765.1,1.3105,2.6214,1.3102,2.6167,7.8588,0.0,7.8588,0.0,0.0,0,0,0,14.7877,2.6207,5.2382,0.0,0.0,0.6665,665,21,644,0,567,57,0,524464,0,2,0
766.1,1.3105,2.6214,1.3102,2.6167,7.8588,0.0,7.8588,0.0,0.0,0,0,0,15.2104,2.6207,5.2382,0.0,0.0,0.6665,667,21,646,0,570,57,0,525762,0,2,0
767.1,1.3105,2.6214,1.3102,2.6167,7.8588,0.0,7.8588,0.0,0.0,0,0,0,15.1363,2.6207,5.2382,0.0,0.0,0.6665,668,21,647,0,570,58,0,527557,0,2,0
768.1,1.3105,2.6214,1.3102,2.6167,7.8588,0.0,7.8588,0.0,0.0,0,0,0,15.1363,2.6207,5.2382,0.0,0.0,0.6665,668,21,647,0,570,58,0,527557,0,2,0
769.1,1.3105,2.6214,1.3102,2.6167,7.8588,0.0,7.8588,0.0,0.0,0,0,0,14.7727,2.6207,5.2382,0.0,0.0,0.6665,669,21,648,0,570,58,0,528580,0,2,0
770.1,1.3105,2.6214,1.3102,2.6167,7.8588,0.0,7.8588,0.0,0.0,0,0,0,14.7999,2.6207,5.2382,0.0,0.0,0.6665,670,21,649,0,570,58,0,528787,0,2,0
771.1,1.3105,2.6214,1.3102,2.6167,7.8588,0.0,7.8588,0.0,0.0,0,0,0,14.9413,2.6207,5.2382,0.0,0.0,0.6665,671,21,650,0,570,58,0,529810,0,2,0
772.1,1.3105,2.6214,1.3102,2.6167,7.8588,0.0,7.8588,0.0,0.0,0,0,0,14.9413,2.6207,5.2382,0.0,0.0,0.6665,671,21,650,0,570,58,0,529810,0,2,0
773.1,1.3105,2.6214,1.3102,2.6167,7.8588,0.0,7.8588,0.0,0.0,0,0,0,15.3349,2.6207,5.2382,0.0,0.0,0.6665,672,21,651,0,570,59,0,531727,0,2,0
774.1,1.3105,2.6214,1.3102,2.6167,7.8588,0.0,7.8588,0.0,0.0,0,0,0,15.008,2.6207,5.2382,0.0,0.0,0.6665,676,21,655,0,570,59,0,537169,0,2,0
775.1,1.3105,2.6214,1.3102,2.6167,7.8588,0.0,7.8588,0.0,0.0,0,0,0,15.008,2.6207,5.2382,0.0,0.0,0.6665,676,21,655,0,570,59,0,537169,0,2,0
776.1,1.3105,2.6214,1.3102,2.6167,7.8588,0.0,7.8588,0.0,0.0,0,0,0,15.0877,2.6207,5.2382,0.0,0.0,0.6665,677,21,656,0,570,59,0,537760,0,2,0
777.1,1.3105,2.6214,1.3102,2.6167,7.8588,0.0,7.8588,0.0,0.0,0,0,0,14.9515,2.6207,5.2382,0.0,0.0,0.6665,679,21,658,0,570,59,0,539981,0,2,0
778.1,1.3105,2.6214,1.3102,2.6167,7.8588,0.0,7.8588,0.0,0.0,0,0,0,14.9868,2.6207,5.2382,0.0,0.0,0.6665,680,21,659,0,570,59,0,540236,0,2,0
779.1,1.3105,2.6214,1.3102,2.6167,7.8588,0.0,7.8588,0.0,0.0,0,0,0,14.9891,2.6207,5.2382,0.0,0.0,0.6665,680,21,659,0,573,59,0,540236,0,2,0
780.1,1.3105,2.6214,1.3102,2.6167,7.8588,0.0,7.8588,0.0,0.0,0,0,0,14.9891,2.6207,5.2382,0.0,0.0,0.6665,680,21,659,0,573,59,0,540236,0,2,0
781.1,1.3105,2.6214,1.3102,2.6167,7.8588,0.0,7.8588,0.0,0.0,0,0,0,15.1283,2.6207,5.2382,0.0,0.0,0.6665,680,21,659,0,574,60,0,540236,0,2,0
782.1,1.3105,2.6214,1.3102,2.6167,7.8588,0.0,7.8588,0.0,0.0,0,0,0,15.1758,2.6207,5.2382,0.0,0.0,0.6665,681,21,660,0,574,60,0,540531,0,2,0
783.1,1.3105,2.6214,1.3102,2.6167,7.8588,0.0,7.8588,0.0,0.0,0,0,0,15.1148,2.6207,5.2382,0.0,0.0,0.6665,682,21,661,0,575,60,0,542424,0,2,0
784.1,1.3105,2.6214,1.3102,2.6167,7.8588,0.0,7.8588,0.0,0.0,0,0,0,15.1336,2.6207,5.2382,0.0,0.0,0.6665,682,21,661,0,576,60,0,542424,0,2,0
785.1,1.3105,2.6214,1.3102,2.6167,7.8588,0.0,7.8588,0.0,0.0,0,0,0,15.3293,2.6207,5.2382,0.0,0.0,0.6665,683,21,662,0,578,60,0,543125,0,2,0
786.1,1.3105,2.6214,1.3102,2.6167,7.8588,0.0,7.8588,0.0,0.0,0,0,0,14.8304,2.6207,5.2382,0.0,0.0,0.6665,686,21,665,0,578,60,0,544185,0,2,0
787.1,1.3105,2.6214,1.3102,2.6167,7.8588,0.0,7.8588,0.0,0.0,0,0,0,14.899,2.6207,5.2382,0.0,0.0,0.6665,687,21,666,0,578,60,0,544694,0,2,0
788.1,1.3105,2.6214,1.3102,2.6167,7.8588,0.0,7.8588,0.0,0.0,0,0,0,14.9025,2.6207,5.2382,0.0,0.0,0.6665,687,21,666,0,579,60,0,544694,0,2,0
789.1,1.3105,2.6214,1.3102,2.6167,7.8588,0.0,7.8588,0.0,0.0,0,0,0,14.9423,2.6207,5.2382,0.0,0.0,0.6665,687,21,666,0,581,60,0,544694,0,2,0
790.1,1.3105,2.6214,1.3102,2.6167,7.8588,0.0,7.8588,0.0,0.0,0,0,0,15.0231,2.6207,5.2382,0.0,0.0,0.6665,688,21,667,0,583,60,0,546500,0,2,0
791.1,1.3105,2.6214,1.3102,2.6167,7.8588,0.0,7.8588,0.0,0.0,0,0,0,15.4082,2.6207,5.2382,0.0,0.0,0.6665,688,21,667,0,584,60,0,546500,0,2,0
792.1,1.3105,2.6214,1.3102,2.6167,7.8588,0.0,7.8588,0.0,0.0,0,0,0,15.4082,2.6207,5.2382,0.0,0.0,0.6665,688,21,667,0,584,60,0,546500,0,2,0
793.1,1.3105,2.6214,1.3102,2.6167,7.8588,0.0,7.8588,0.0,0.0,0,0,0,15.1678,2.6207,5.2382,0.0,0.0,0.6665,689,21,668,0,584,60,0,547232,0,2,0
794.1,1.3105,2.6214,1.3102,2.6167,7.8588,0.0,7.8588,0.0,0.0,0,0,0,15.1678,2.6207,5.2382,0.0,0.0,0.6665,689,21,668,0,584,60,0,547232,0,2,0
795.1,1.3105,2.6214,1.3102,2.6167,7.8588,0.0,7.8588,0.0,0.0,0,0,0,15.151,2.6207,5.2382,0.0,0.0,0.6665,692,21,671,0,584,60,0,549225,0,2,0
796.1,1.3105,2.6214,1.3102,2.6167,7.8588,0.0,7.8588,0.0,0.0,0,0,0,15.3036,2.6207,5.2382,0.0,0.0,0.6665,694,21,673,0,584,60,0,550294,0,2,0
797.1,1.3105,2.6214,1.3102,2.6167,7.8588,0.0,7.8588,0.0,0.0,0,0,0,15.1987,2.6207,5.2382,0.0,0.0,0.6665,696,21,675,0,584,60,0,552485,0,2,0
798.1,1.3105,2.6214,1.3102,2.6167,7.8588,0.0,7.8588,0.0,0.0,0,0,0,15.3732,2.6207,5.2382,0.0,0.0,0.6665,698,21,677,0,584,60,0,553670,0,2,0
799.1,1.3105,2.6214,1.3102,2.6167,7.8588,0.0,7.8588,0.0,0.0,0,0,0,15.0189,2.6207,5.2382,0.0,0.0,0.6665,700,21,679,0,584,60,0,554857,0,2,0
800.1,1.3105,2.6214,1.3102,2.6167,7.8588,0.0,7.8588,0.0,0.0,0,0,0,15.0212,2.6207,5.2382,0.0,0.0,0.6665,700,21,679,0,584,60,0,554857,0,2,0
801.1,1.3105,2.6214,1.3102,2.6167,7.8588,0.0,7.8588,0.0,0.0,0,0,0,15.0223,2.6207,5.2382,0.0,0.0,0.6665,700,21,679,0,585,60,0,554857,0,2,0
802.1,1.3105,2.6214,1.3102,2.6167,7.8588,0.0,7.8588,0.0,0.0,0,0,0,15.3616,2.6207,5.2382,0.0,0.0,0.6665,701,21,680,0,588,60,0,555880,0,2,0
803.1,1.3105,2.6214,1.3102,2.6167,7.8588,0.0,7.8588,0.0,0.0,0,0,0,15.0958,2.6207,5.2382,0.0,0.0,0.6665,702,21,681,0,588,60,0,556358,0,2,0
804.1,1.3105,2.6214,1.3102,2.6167,7.8588,0.0,7.8588,0.0,0.0,0,0,0,15.3388,2.6207,5.2382,0.0,0.0,0.6665,704,21,683,0,588,60,0,558123,0,2,0
805.1,1.3105,2.6214,1.3102,2.6167,7.8588,0.0,7.8588,0.0,0.0,0,0,0,14.5942,2.6207,5.2382,0.0,0.0,0.6665,706,21,685,0,588,60,0,559764,0,2,0
806.1,1.3105,2.6214,1.3102,2.6167,7.8588,0.0,7.8588,0.0,0.0,0,0,0,14.5942,2.6207,5.2382,0.0,0.0,0.6665,706,21,685,0,588,60,0,559764,0,2,0
807.1,1.3105,2.6214,1.3102,2.6167,7.8588,0.0,7.8588,0.0,0.0,0,0,0,14.5942,2.6207,5.2382,0.0,0.0,0.6665,706,21,685,0,588,60,0,559764,0,2,0
808.1,1.3105,2.6214,1.3102,2.6167,7.8588,0.0,7.8588,0.0,0.0,0,0,0,14.6375,2.6207,5.2382,0.0,0.0,0.6665,706,21,685,0,589,60,0,559764,0,2,0
809.1,1.3105,2.6214,1.3102,2.6167,7.8588,0.0,7.8588,0.0,0.0,0,0,0,14.7161,2.6207,5.2382,0.0,0.0,0.6665,708,21,687,0,589,60,0,560317,0,2,0
810.1,1.3105,2.6214,1.3102,2.6167,7.8588,0.0,7.8588,0.0,0.0,0,0,0,14.741,2.6207,5.2382,0.0,0.0,0.6665,708,21,687,0,590,60,0,560317,0,2,0
811.1,1.3105,2.6214,1.3102,2.6167,7.8588,0.0,7.8588,0.0,0.0,0,0,0,14.8325,2.6207,5.2382,0.0,0.0,0.6665,709,21,688,0,592,60,0,560941,0,2,0
812.1,1.3105,2.6214,1.3102,2.6167,7.8588,0.0,7.8588,0.0,0.0,0,0,0,14.8865,2.6207,5.2382,0.0,0.0,0.6665,710,21,689,0,592,60,0,561147,0,2,0
813.1,1.3105,2.6214,1.3102,2.6167,7.8588,0.0,7.8588,0.0,0.0,0,0,0,15.0358,2.6207,5.2382,0.0,0.0,0.6665,712,21,691,0,593,60,0,562204,0,2,0
814.1,1.3105,2.6214,1.3102,2.6167,7.8588,0.0,7.8588,0.0,0.0,0,0,0,15.172,2.6207,5.2382,0.0,0.0,0.6665,713,21,692,0,593,60,0,563212,0,2,0
815.1,1.3105,2.6214,1.3102,2.6167,7.8588,0.0,7.8588,0.0,0.0,0,0,0,15.172,2.6207,5.2382,0.0,0.0,0.6665,713,21,692,0,593,60,0,563212,0,2,0
816.1,1.3105,2.6214,1.3102,2.6167,7.8588,0.0,7.8588,0.0,0.0,0,0,0,15.2772,2.6207,5.2382,0.0,0.0,0.6665,714,21,693,0,593,60,0,563820,0,2,0
817.1,1.3105,2.6214,1.3102,2.6167,7.8588,0.0,7.8588,0.0,0.0,0,0,0,15.1317,2.6207,5.2382,0.0,0.0,0.6665,715,21,694,0,593,60,0,565881,0,2,0
818.1,1.3105,2.6214,1.3102,2.6167,7.8588,0.0,7.8588,0.0,0.0,0,0,0,15.2855,2.6207,5.2382,0.0,0.0,0.6665,715,21,694,0,595,60,0,565881,0,2,0
819.1,1.3105,2.6214,1.3102,2.6167,7.8588,0.0,7.8588,0.0,0.0,0,0,0,15.4547,2.6207,5.2382,0.0,0.0,0.6665,716,21,695,0,596,60,0,566072,0,2,0
820.1,1.3105,2.6214,1.3102,2.6167,7.8588,0.0,7.8588,0.0,0.0,0,0,0,15.1548,2.6207,5.2382,0.0,0.0,0.6665,717,21,696,0,597,61,0,566487,0,2,0
821.1,1.3105,2.6214,1.3102,2.6167,7.8588,0.0,7.8588,0.0,0.0,0,0,0,15.1548,2.6207,5.2382,0.0,0.0,0.6665,717,21,696,0,597,61,0,566487,0,2,0
822.1,1.3105,2.6214,1.3102,2.6167,7.8588,0.0,7.8588,0.0,0.0,0,0,0,15.021,2.6207,5.2382,0.0,0.0,0.6665,719,21,698,0,599,61,0,568376,0,2,0
823.1,1.3105,2.6214,1.3102,2.6167,7.8588,0.0,7.8588,0.0,0.0,0,0,0,15.021,2.6207,5.2382,0.0,0.0,0.6665,719,21,698,0,599,61,0,568376,0,2,0
824.1,1.3105,2.6214,1.3102,2.6167,7.8588,0.0,7.8588,0.0,0.0,0,0,0,15.296,2.6207,5.2382,0.0,0.0,0.6665,720,21,699,0,599,61,0,570444,0,2,0
825.1,1.3105,2.6214,1.3102,2.6167,7.8588,0.0,7.8588,0.0,0.0,0,0,0,15.5733,2.6207,5.2382,0.0,0.0,0.6665,721,21,700,0,600,61,0,571268,0,2,0
826.1,1.3105,2.6214,1.3102,2.6167,7.8588,0.0,7.8588,0.0,0.0,0,0,0,15.4955,2.6207,5.2382,0.0,0.0,0.6665,723,21,702,0,600,61,0,571610,0,2,0
827.1,1.3105,2.6214,1.3102,2.6167,7.8588,0.0,7.8588,0.0,0.0,0,0,0,15.5438,2.6207,5.2382,0.0,0.0,0.6665,723,21,702,0,602,61,0,571610,0,2,0
828.1,1.3105,2.6214,1.3102,2.6167,7.8588,0.0,7.8588,0.0,0.0,0,0,0,15.6529,2.6207,5.2382,0.0,0.0,0.6665,724,21,703,0,602,61,0,572423,0,2,0
829.1,1.3105,2.6214,1.3102,2.6167,7.8588,0.0,7.8588,0.0,0.0,0,0,0,15.5984,2.6207,5.2382,0.0,0.0,0.6665,725,21,704,0,605,61,0,573145,0,2,0
830.1,1.3105,2.6214,1.3102,2.6167,7.8588,0.0,7.8588,0.0,0.0,0,0,0,15.0216,2.6207,5.2382,0.0,0.0,0.6665,727,21,706,0,606,61,0,574770,0,2,0
831.1,1.3105,2.6214,1.3102,2.6167,7.8588,0.0,7.8588,0.0,0.0,0,0,0,14.8992,2.6207,5.2382,0.0,0.0,0.6665,728,21,707,0,606,61,0,575705,0,2,0
832.1,1.3105,2.6214,1.3102,2.6167,7.8588,0.0,7.8588,0.0,0.0,0,0,0,15.0903,2.6207,5.2382,0.0,0.0,0.6665,728,21,707,0,608,61,0,575705,0,2,0
833.1,1.3105,2.6214,1.3102,2.6167,7.8588,0.0,7.8588,0.0,0.0,0,0,0,15.313,2.6207,5.2382,0.0,0.0,0.6665,731,21,710,0,609,61,0,577315,0,2,0
834.1,1.3105,2.6214,1.3102,2.6167,7.8588,0.0,7.8588,0.0,0.0,0,0,0,15.292,2.6207,5.2382,0.0,0.0,0.6665,731,21,710,0,611,61,0,577315,0,2,0
835.1,1.3105,2.6214,1.3102,2.6167,7.8588,0.0,7.8588,0.0,0.0,0,0,0,15.3886,2.6207,5.2382,0.0,0.0,0.6665,732,21,711,0,611,61,0,578041,0,2,0
836.1,1.3105,2.6214,1.3102,2.6167,7.8588,0.0,7.8588,0.0,0.0,0,0,0,15.4381,2.6207,5.2382,0.0,0.0,0.6665,733,21,712,0,611,61,0,578287,0,2,0
837.1,1.3105,2.6214,1.3102,2.6167,7.8588,0.0,7.8588,0.0,0.0,0,0,0,15.4711,2.6207,5.2382,0.0,0.0,0.6665,734,21,713,0,611,61,0,578515,0,2,0
838.1,1.3105,2.6214,1.3102,2.6167,7.8588,0.0,7.8588,0.0,0.0,0,0,0,15.663,2.6207,5.2382,0.0,0.0,0.6665,735,21,714,0,611,61,0,579955,0,2,0
839.1,1.3105,2.6214,1.3102,2.6167,7.8588,0.0,7.8588,0.0,0.0,0,0,0,15.663,2.6207,5.2382,0.0,0.0,0.6665,735,21,714,0,613,61,0,579955,0,2,0
840.1,1.3105,2.6214,1.3102,2.6167,7.8588,0.0,7.8588,0.0,0.0,0,0,0,15.3114,2.6207,5.2382,0.0,0.0,0.6665,736,21,715,0,613,61,0,580356,0,2,0
841.1,1.3105,2.6214,1.3102,2.6167,7.8588,0.0,7.8588,0.0,0.0,0,0,0,14.8585,2.6207,5.2382,0.0,0.0,0.6665,740,21,719,0,613,61,0,581679,0,2,0
842.1,1.3105,2.6214,1.3102,2.6167,7.8588,0.0,7.8588,0.0,0.0,0,0,0,14.8617,2.6207,5.2382,0.0,0.0,0.6665,740,21,719,0,613,61,0,581679,0,2,0
843.1,1.3105,2.6214,1.3102,2.6167,7.8588,0.0,7.8588,0.0,0.0,0,0,0,15.0172,2.6207,5.2382,0.0,0.0,0.6665,742,21,721,0,613,61,0,582826,0,2,0
844.1,1.3105,2.6214,1.3102,2.6167,7.8588,0.0,7.8588,0.0,0.0,0,0,0,14.7215,2.6207,5.2382,0.0,0.0,0.6665,744,21,723,0,613,61,0,584097,0,2,0
845.1,1.3105,2.6214,1.3102,2.6167,7.8588,0.0,7.8588,0.0,0.0,0,0,0,14.7215,2.6207,5.2382,0.0,0.0,0.6665,744,21,723,0,613,61,0,584097,0,2,0
846.1,1.3105,2.6214,1.3102,2.6167,7.8588,0.0,7.8588,0.0,0.0,0,0,0,14.9866,2.6207,5.2382,0.0,0.0,0.6665,746,21,725,0,613,61,0,586079,0,2,0
847.1,1.3105,2.6214,1.3102,2.6167,7.8588,0.0,7.8588,0.0,0.0,0,0,0,15.0654,2.6207,5.2382,0.0,0.0,0.6665,749,21,728,0,613,61,0,589668,0,2,0
848.1,1.3105,2.6214,1.3102,2.6167,7.8588,0.0,7.8588,0.0,0.0,0,0,0,15.4179,2.6207,5.2382,0.0,0.0,0.6665,749,21,728,0,617,62,0,589668,0,2,0
849.1,1.3105,2.6214,1.3102,2.6167,7.8588,0.0,7.8588,0.0,0.0,0,0,0,15.4179,2.6207,5.2382,0.0,0.0,0.6665,749,21,728,0,617,62,0,589668,0,2,0
850.1,1.3105,2.6214,1.3102,2.6167,7.8588,0.0,7.8588,0.0,0.0,0,0,0,14.5274,2.6207,5.2382,0.0,0.0,0.6665,751,21,730,0,617,62,0,593121,0,2,0
851.1,1.3105,2.6214,1.3102,2.6167,7.8588,0.0,7.8588,0.0,0.0,0,0,0,14.5082,2.6207,5.2382,0.0,0.0,0.6665,752,21,731,0,617,62,0,594682,0,2,0
852.1,1.3105,2.6214,1.3102,2.6167,7.8588,0.0,7.8588,0.0,0.0,0,0,0,14.4921,2.6207,5.2382,0.0,0.0,0.6665,754,21,733,0,617,62,0,597334,0,2,0
853.1,1.3105,2.6214,1.3102,2.6167,7.8588,0.0,7.8588,0.0,0.0,0,0,0,14.7356,2.6207,5.2382,0.0,0.0,0.6665,756,21,735,0,617,62,0,599148,0,2,0
854.1,1.3105,2.6214,1.3102,2.6167,7.8588,0.0,7.8588,0.0,0.0,0,0,0,14.8117,2.6207,5.2382,0.0,0.0,0.6665,758,21,737,0,617,62,0,599678,0,2,0
855.1,1.3105,2.6214,1.3102,2.6167,7.8588,0.0,7.8588,0.0,0.0,0,0,0,14.7196,2.6207,5.2382,0.0,0.0,0.6665,759,21,738,0,617,62,0,600012,0,2,0
856.1,1.3105,2.6214,1.3102,2.6167,7.8588,0.0,7.8588,0.0,0.0,0,0,0,14.8299,2.6207,5.2382,0.0,0.0,0.6665,760,21,739,0,617,62,0,600835,0,2,0
857.1,1.3105,2.6214,1.3102,2.6167,7.8588,0.0,7.8588,0.0,0.0,0,0,0,14.8299,2.6207,5.2382,0.0,0.0,0.6665,760,21,739,0,617,62,0,600835,0,2,0
858.1,1.3105,2.6214,1.3102,2.6167,7.8588,0.0,7.8588,0.0,0.0,0,0,0,14.7025,2.6207,5.2382,0.0,0.0,0.6665,762,21,741,0,617,62,0,602738,0,2,0
859.1,1.3105,2.6214,1.3102,2.6167,7.8588,0.0,7.8588,0.0,0.0,0,0,0,14.7864,2.6207,5.2382,0.0,0.0,0.6665,762,21,741,0,618,62,0,602738,0,2,0
860.1,1.3105,2.6214,1.3102,2.6167,7.8588,0.0,7.8588,0.0,0.0,0,0,0,15.334,2.6207,5.2382,0.0,0.0,0.6665,763,21,742,0,619,62,0,604150,0,2,0
861.1,1.3105,2.6214,1.3102,2.6167,7.8588,0.0,7.8588,0.0,0.0,0,0,0,15.1034,2.6207,5.2382,0.0,0.0,0.6665,763,21,742,0,619,63,0,604150,0,2,0
862.1,1.3105,2.6214,1.3102,2.6167,7.8588,0.0,7.8588,0.0,0.0,0,0,0,15.1034,2.6207,5.2382,0.0,0.0,0.6665,763,21,742,0,619,63,0,604150,0,2,0
863.1,1.3105,2.6214,1.3102,2.6167,7.8588,0.0,7.8588,0.0,0.0,0,0,0,15.2969,2.6207,5.2382,0.0,0.0,0.6665,763,21,742,0,621,63,0,604150,0,2,0
864.1,1.3105,2.6214,1.3102,2.6167,7.8588,0.0,7.8588,0.0,0.0,0,0,0,15.4371,2.6207,5.2382,0.0,0.0,0.6665,764,21,743,0,621,63,0,605152,0,2,0
865.1,1.3105,2.6214,1.3102,2.6167,7.8588,0.0,7.8588,0.0,0.0,0,0,0,15.4711,2.6207,5.2382,0.0,0.0,0.6665,765,21,744,0,621,64,0,607375,0,2,0
866.1,1.3105,2.6214,1.3102,2.6167,7.8588,0.0,7.8588,0.0,0.0,0,0,0,15.4711,2.6207,5.2382,0.0,0.0,0.6665,765,21,744,0,621,64,0,607375,0,2,0
867.1,1.3105,2.6214,1.3102,2.6167,7.8588,0.0,7.8588,0.0,0.0,0,0,0,15.3835,2.6207,5.2382,0.0,0.0,0.6665,767,21,746,0,621,64,0,608469,0,2,0
868.1,1.3105,2.6214,1.3102,2.6167,7.8588,0.0,7.8588,0.0,0.0,0,0,0,15.1851,2.6207,5.2382,0.0,0.0,0.6665,768,21,747,0,621,64,0,609874,0,2,0
869.1,1.3105,2.6214,1.3102,2.6167,7.8588,0.0,7.8588,0.0,0.0,0,0,0,15.1851,2.6207,5.2382,0.0,0.0,0.6665,768,21,747,0,621,64,0,609874,0,2,0
870.1,1.3105,2.6214,1.3102,2.6167,7.8588,0.0,7.8588,0.0,0.0,0,0,0,15.1851,2.6207,5.2382,0.0,0.0,0.6665,768,21,747,0,621,64,0,609874,0,2,0
871.1,1.3105,2.6214,1.3102,2.6167,7.8588,0.0,7.8588,0.0,0.0,0,0,0,15.1851,2.6207,5.2382,0.0,0.0,0.6665,768,21,747,0,621,64,0,609874,0,2,0
872.1,1.3105,2.6214,1.3102,2.6167,7.8588,0.0,7.8588,0.0,0.0,0,0,0,15.1851,2.6207,5.2382,0.0,0.0,0.6665,768,21,747,0,621,64,0,609874,0,2,0
873.1,1.3105,2.6214,1.3102,2.6167,7.8588,0.0,7.8588,0.0,0.0,0,0,0,15.1851,2.6207,5.2382,0.0,0.0,0.6665,768,21,747,0,621,64,0,609874,0,2,0
874.1,1.3105,2.6214,1.3102,2.6167,7.8588,0.0,7.8588,0.0,0.0,0,0,0,15.1851,2.6207,5.2382,0.0,0.0,0.6665,768,21,747,0,621,64,0,609874,0,2,0
875.1,1.3105,2.6214,1.3102,2.6167,7.8588,0.0,7.8588,0.0,0.0,0,0,0,15.2603,2.6207,5.2382,0.0,0.0,0.6665,769,21,748,0,621,64,0,610154,0,2,0
876.1,1.3105,2.6214,1.3102,2.6167,7.8588,0.0,7.8588,0.0,0.0,0,0,0,15.2603,2.6207,5.2382,0.0,0.0,0.6665,769,21,748,0,621,64,0,610154,0,2,0
877.1,1.3105,2.6214,1.3102,2.6167,7.8588,0.0,7.8588,0.0,0.0,0,0,0,15.3615,2.6207,5.2382,0.0,0.0,0.6665,769,21,748,0,622,65,0,610154,0,2,0
878.1,1.3105,2.6214,1.3102,2.6167,7.8588,0.0,7.8588,0.0,0.0,0,0,0,15.1559,2.6207,5.2382,0.0,0.0,0.6665,771,21,750,0,622,65,0,612284,0,2,0
879.1,1.3105,2.6214,1.3102,2.6167,7.8588,0.0,7.8588,0.0,0.0,0,0,0,15.1089,2.6207,5.2382,0.0,0.0,0.6665,772,21,751,0,622,65,0,615271,0,2,0
880.1,1.3105,2.6214,1.3102,2.6167,7.8588,0.0,7.8588,0.0,0.0,0,0,0,15.1089,2.6207,5.2382,0.0,0.0,0.6665,772,21,751,0,622,65,0,615271,0,2,0
881.1,1.3105,2.6214,1.3102,2.6167,7.8588,0.0,7.8588,0.0,0.0,0,0,0,15.1089,2.6207,5.2382,0.0,0.0,0.6665,772,21,751,0,622,65,0,615271,0,2,0
882.1,1.3105,2.6214,1.3102,2.6167,7.8588,0.0,7.8588,0.0,0.0,0,0,0,14.705,2.6207,5.2382,0.0,0.0,0.6665,774,21,753,0,622,65,0,616779,0,2,0
883.1,1.3105,2.6214,1.3102,2.6167,7.8588,0.0,7.8588,0.0,0.0,0,0,0,14.705,2.6207,5.2382,0.0,0.0,0.6665,774,21,753,0,622,65,0,616779,0,2,0
884.1,1.3105,2.6214,1.3102,2.6167,7.8588,0.0,7.8588,0.0,0.0,0,0,0,14.705,2.6207,5.2382,0.0,0.0,0.6665,774,21,753,0,622,65,0,616779,0,2,0
885.1,1.3105,2.6214,1.3102,2.6167,7.8588,0.0,7.8588,0.0,0.0,0,0,0,14.705,2.6207,5.2382,0.0,0.0,0.6665,774,21,753,0,622,65,0,616779,0,2,0
886.1,1.3105,2.6214,1.3102,2.6167,7.8588,0.0,7.8588,0.0,0.0,0,0,0,14.9324,2.6207,5.2382,0.0,0.0,0.6665,775,21,754,0,622,65,0,618484,0,2,0
887.1,1.3105,2.6214,1.3102,2.6167,7.8588,0.0,7.8588,0.0,0.0,0,0,0,14.9324,2.6207,5.2382,0.0,0.0,0.6665,775,21,754,0,622,65,0,618484,0,2,0
888.1,1.3105,2.6214,1.3102,2.6167,7.8588,0.0,7.8588,0.0,0.0,0,0,0,14.9324,2.6207,5.2382,0.0,0.0,0.6665,775,21,754,0,622,65,0,618484,0,2,0
889.1,1.3105,2.6214,1.3102,2.6167,7.8588,0.0,7.8588,0.0,0.0,0,0,0,14.9324,2.6207,5.2382,0.0,0.0,0.6665,775,21,754,0,622,65,0,618484,0,2,0
890.1,1.3105,2.6214,1.3102,2.6167,7.8588,0.0,7.8588,0.0,0.0,0,0,0,15.0383,2.6207,5.2382,0.0,0.0,0.6665,776,21,755,0,622,65,0,619270,0,2,0
891.1,1.3105,2.6214,1.3102,2.6167,7.8588,0.0,7.8588,0.0,0.0,0,0,0,15.0383,2.6207,5.2382,0.0,0.0,0.6665,776,21,755,0,622,65,0,619270,0,2,0
892.1,1.3105,2.6214,1.3102,2.6167,7.8588,0.0,7.8588,0.0,0.0,0,0,0,15.0383,2.6207,5.2382,0.0,0.0,0.6665,776,21,755,0,622,65,0,619270,0,2,0
893.1,1.3105,2.6214,1.3102,2.6167,7.8588,0.0,7.8588,0.0,0.0,0,0,0,15.0383,2.6207,5.2382,0.0,0.0,0.6665,776,21,755,0,622,65,0,619270,0,2,0
894.1,1.3105,2.6214,1.3102,2.6167,7.8588,0.0,7.8588,0.0,0.0,0,0,0,15.0383,2.6207,5.2382,0.0,0.0,0.6665,776,21,755,0,622,65,0,619270,0,2,0
895.1,1.3105,2.6214,1.3102,2.6167,7.8588,0.0,7.8588,0.0,0.0,0,0,0,15.0383,2.6207,5.2382,0.0,0.0,0.6665,776,21,755,0,622,65,0,619270,0,2,0
896.1,1.3105,2.6214,1.3102,2.6167,7.8588,0.0,7.8588,0.0,0.0,0,0,0,15.0383,2.6207,5.2382,0.0,0.0,0.6665,776,21,755,0,622,65,0,619270,0,2,0
897.1,1.3105,2.6214,1.3102,2.6167,7.8588,0.0,7.8588,0.0,0.0,0,0,0,15.0383,2.6207,5.2382,0.0,0.0,0.6665,776,21,755,0,622,65,0,619270,0,2,0
898.1,1.3105,2.6214,1.3102,2.6167,7.8588,0.0,7.8588,0.0,0.0,0,0,0,15.0383,2.6207,5.2382,0.0,0.0,0.6665,776,21,755,0,622,65,0,619270,0,2,0
899.1,1.3105,2.6214,1.3102,2.6167,7.8588,0.0,7.8588,0.0,0.0,0,0,0,15.1562,2.6207,5.2382,0.0,0.0,0.6665,776,21,755,0,625,65,0,619270,0,2,0
900.1,1.3105,2.6214,1.3102,2.6167,7.8588,0.0,7.8588,0.0,0.0,0,0,0,15.4784,2.6207,5.2382,0.0,0.0,0.6665,777,21,756,0,626,65,0,620846,0,2,0
901.1,1.3105,2.6214,1.3102,2.6167,7.8588,0.0,7.8588,0.0,0.0,0,0,0,15.5508,2.6207,5.2382,0.0,0.0,0.6665,778,21,757,0,626,65,0,621366,0,2,0
902.1,1.3105,2.6214,1.3102,2.6167,7.8588,0.0,7.8588,0.0,0.0,0,0,0,15.5508,2.6207,5.2382,0.0,0.0,0.6665,778,21,757,0,626,65,0,621366,0,2,0
903.1,1.3105,2.6214,1.3102,2.6167,7.8588,0.0,7.8588,0.0,0.0,0,0,0,15.5508,2.6207,5.2382,0.0,0.0,0.6665,778,21,757,0,626,65,0,621366,0,2,0
904.1,1.3105,2.6214,1.3102,2.6167,7.8588,0.0,7.8588,0.0,0.0,0,0,0,15.5063,2.6207,5.2382,0.0,0.0,0.6665,778,21,757,0,626,65,0,621366,0,2,0
905.1,1.3105,2.6214,1.3102,2.6167,7.8588,0.0,7.8588,0.0,0.0,0,0,0,15.2871,2.6207,5.2382,0.0,0.0,0.6665,779,21,758,0,626,65,0,621394,0,2,0
906.1,1.3105,2.6214,1.3102,2.6167,7.8588,0.0,7.8588,0.0,0.0,0,0,0,15.2871,2.6207,5.2382,0.0,0.0,0.6665,779,21,758,0,626,65,0,621394,0,2,0
907.1,1.3105,2.6214,1.3102,2.6167,7.8588,0.0,7.8588,0.0,0.0,0,0,0,14.889,2.6207,5.2382,0.0,0.0,0.6665,780,21,759,0,626,65,0,622270,0,2,0
908.1,1.3105,2.6214,1.3102,2.6167,7.8588,0.0,7.8588,0.0,0.0,0,0,0,14.9495,2.6207,5.2382,0.0,0.0,0.6665,781,21,760,0,626,65,0,622708,0,2,0
909.1,1.3105,2.6214,1.3102,2.6167,7.8588,0.0,7.8588,0.0,0.0,0,0,0,14.9495,2.6207,5.2382,0.0,0.0,0.6665,781,21,760,0,626,65,0,622708,0,2,0
910.1,1.3105,2.6214,1.3102,2.6167,7.8588,0.0,7.8588,0.0,0.0,0,0,0,14.9495,2.6207,5.2382,0.0,0.0,0.6665,781,21,760,0,626,65,0,622708,0,2,0
911.1,1.3105,2.6214,1.3102,2.6167,7.8588,0.0,7.8588,0.0,0.0,0,0,0,14.9495,2.6207,5.2382,0.0,0.0,0.6665,781,21,760,0,626,65,0,622708,0,2,0
912.1,1.3105,2.6214,1.3102,2.6167,7.8588,0.0,7.8588,0.0,0.0,0,0,0,15.0894,2.6207,5.2382,0.0,0.0,0.6665,781,21,760,0,627,65,0,622708,0,2,0
913.1,1.3105,2.6214,1.3102,2.6167,7.8588,0.0,7.8588,0.0,0.0,0,0,0,15.0894,2.6207,5.2382,0.0,0.0,0.6665,781,21,760,0,627,65,0,622708,0,2,0
914.1,1.3105,2.6214,1.3102,2.6167,7.8588,0.0,7.8588,0.0,0.0,0,0,0,15.0894,2.6207,5.2382,0.0,0.0,0.6665,781,21,760,0,627,65,0,622708,0,2,0
915.1,1.3105,2.6214,1.3102,2.6167,7.8588,0.0,7.8588,0.0,0.0,0,0,0,15.0894,2.6207,5.2382,0.0,0.0,0.6665,781,21,760,0,627,65,0,622708,0,2,0
916.1,1.3105,2.6214,1.3102,2.6167,7.8588,0.0,7.8588,0.0,0.0,0,0,0,14.4491,2.6207,5.2382,0.0,0.0,0.6665,782,21,761,0,627,66,0,622955,0,2,0
917.1,1.3105,2.6214,1.3102,2.6167,7.8588,0.0,7.8588,0.0,0.0,0,0,0,14.4491,2.6207,5.2382,0.0,0.0,0.6665,782,21,761,0,627,66,0,622955,0,2,0
918.1,1.3105,2.6214,1.3102,2.6167,7.8588,0.0,7.8588,0.0,0.0,0,0,0,14.4491,2.6207,5.2382,0.0,0.0,0.6665,782,21,761,0,627,66,0,622955,0,2,0
919.1,1.3105,2.6214,1.3102,2.6167,7.8588,0.0,7.8588,0.0,0.0,0,0,0,14.4491,2.6207,5.2382,0.0,0.0,0.6665,782,21,761,0,627,66,0,622955,0,2,0
920.1,1.3105,2.6214,1.3102,2.6167,7.8588,0.0,7.8588,0.0,0.0,0,0,0,14.5528,2.6207,5.2382,0.0,0.0,0.6665,783,21,762,0,627,66,0,623730,0,2,0
921.1,1.3105,2.6214,1.3102,2.6167,7.8588,0.0,7.8588,0.0,0.0,0,0,0,14.4382,2.6207,5.2382,0.0,0.0,0.6665,784,21,763,0,627,66,0,626874,0,2,0
922.1,1.3105,2.6214,1.3102,2.6167,7.8588,0.0,7.8588,0.0,0.0,0,0,0,14.4382,2.6207,5.2382,0.0,0.0,0.6665,784,21,763,0,627,66,0,626874,0,2,0
923.1,1.3105,2.6214,1.3102,2.6167,7.8588,0.0,7.8588,0.0,0.0,0,0,0,14.4647,2.6207,5.2382,0.0,0.0,0.6665,785,21,764,0,627,66,0,627065,0,2,0
924.1,1.3105,2.6214,1.3102,2.6167,7.8588,0.0,7.8588,0.0,0.0,0,0,0,14.8169,2.6207,5.2382,0.0,0.0,0.6665,786,21,765,0,627,66,0,629713,0,2,0
925.1,1.3105,2.6214,1.3102,2.6167,7.8588,0.0,7.8588,0.0,0.0,0,0,0,14.8169,2.6207,5.2382,0.0,0.0,0.6665,786,21,765,0,627,66,0,629713,0,2,0
926.1,1.3105,2.6214,1.3102,2.6167,7.8588,0.0,7.8588,0.0,0.0,0,0,0,14.8169,2.6207,5.2382,0.0,0.0,0.6665,786,21,765,0,627,66,0,629713,0,2,0
927.1,1.3105,2.6214,1.3102,2.6167,7.8588,0.0,7.8588,0.0,0.0,0,0,0,14.8245,2.6207,5.2382,0.0,0.0,0.6665,787,21,766,0,627,66,0,629749,0,2,0
928.1,1.3105,2.6214,1.3102,2.6167,7.8588,0.0,7.8588,0.0,0.0,0,0,0,14.8245,2.6207,5.2382,0.0,0.0,0.6665,787,21,766,0,627,66,0,629749,0,2,0
929.1,1.3105,2.6214,1.3102,2.6167,7.8588,0.0,7.8588,0.0,0.0,0,0,0,14.8759,2.6207,5.2382,0.0,0.0,0.6665,788,21,767,0,627,66,0,630124,0,2,0
930.1,1.3105,2.6214,1.3102,2.6167,7.8588,0.0,7.8588,0.0,0.0,0,0,0,14.5756,2.6207,5.2382,0.0,0.0,0.6665,789,21,768,0,627,66,0,630558,0,2,0
931.1,1.3105,2.6214,1.3102,2.6167,7.8588,0.0,7.8588,0.0,0.0,0,0,0,14.5756,2.6207,5.2382,0.0,0.0,0.6665,789,21,768,0,627,66,0,630558,0,2,0
932.1,1.3105,2.6214,1.3102,2.6167,7.8588,0.0,7.8588,0.0,0.0,0,0,0,14.5756,2.6207,5.2382,0.0,0.0,0.6665,789,21,768,0,627,66,0,630558,0,2,0
933.1,1.3105,2.6214,1.3102,2.6167,7.8588,0.0,7.8588,0.0,0.0,0,0,0,14.5756,2.6207,5.2382,0.0,0.0,0.6665,789,21,768,0,627,66,0,630558,0,2,0
934.1,1.3105,2.6214,1.3102,2.6167,7.8588,0.0,7.8588,0.0,0.0,0,0,0,14.5756,2.6207,5.2382,0.0,0.0,0.6665,789,21,768,0,627,66,0,630558,0,2,0
935.1,1.3105,2.6214,1.3102,2.6167,7.8588,0.0,7.8588,0.0,0.0,0,0,0,14.5756,2.6207,5.2382,0.0,0.0,0.6665,789,21,768,0,627,66,0,630558,0,2,0
936.1,1.3105,2.6214,1.3102,2.6167,7.8588,0.0,7.8588,0.0,0.0,0,0,0,14.6097,2.6207,5.2382,0.0,0.0,0.6665,790,21,769,0,627,66,0,630795,0,2,0
937.1,1.3105,2.6214,1.3102,2.6167,7.8588,0.0,7.8588,0.0,0.0,0,0,0,14.6097,2.6207,5.2382,0.0,0.0,0.6665,790,21,769,0,627,66,0,630795,0,2,0
938.1,1.3105,2.6214,1.3102,2.6167,7.8588,0.0,7.8588,0.0,0.0,0,0,0,14.6097,2.6207,5.2382,0.0,0.0,0.6665,790,21,769,0,627,66,0,630795,0,2,0
939.1,1.3105,2.6214,1.3102,2.6167,7.8588,0.0,7.8588,0.0,0.0,0,0,0,14.6097,2.6207,5.2382,0.0,0.0,0.6665,790,21,769,0,627,66,0,630795,0,2,0
940.1,1.3105,2.6214,1.3102,2.6167,7.8588,0.0,7.8588,0.0,0.0,0,0,0,14.6097,2.6207,5.2382,0.0,0.0,0.6665,790,21,769,0,627,66,0,630795,0,2,0
941.1,1.3105,2.6214,1.3102,2.6167,7.8588,0.0,7.8588,0.0,0.0,0,0,0,14.6097,2.6207,5.2382,0.0,0.0,0.6665,790,21,769,0,627,66,0,630795,0,2,0
942.1,1.3105,2.6214,1.3102,2.6167,7.8588,0.0,7.8588,0.0,0.0,0,0,0,14.6097,2.6207,5.2382,0.0,0.0,0.6665,790,21,769,0,627,66,0,630795,0,2,0
943.1,1.3105,2.6214,1.3102,2.6167,7.8588,0.0,7.8588,0.0,0.0,0,0,0,14.6097,2.6207,5.2382,0.0,0.0,0.6665,790,21,769,0,627,66,0,630795,0,2,0
944.1,1.3105,2.6214,1.3102,2.6167,7.8588,0.0,7.8588,0.0,0.0,0,0,0,14.6097,2.6207,5.2382,0.0,0.0,0.6665,790,21,769,0,627,66,0,630795,0,2,0
945.1,1.3105,2.6214,1.3102,2.6167,7.8588,0.0,7.8588,0.0,0.0,0,0,0,14.6097,2.6207,5.2382,0.0,0.0,0.6665,790,21,769,0,627,66,0,630795,0,2,0
946.1,1.3105,2.6214,1.3102,2.6167,7.8588,0.0,7.8588,0.0,0.0,0,0,0,14.6097,2.6207,5.2382,0.0,0.0,0.6665,790,21,769,0,627,66,0,630795,0,2,0
947.1,1.3105,2.6214,1.3102,2.6167,7.8588,0.0,7.8588,0.0,0.0,0,0,0,14.6097,2.6207,5.2382,0.0,0.0,0.6665,790,21,769,0,627,66,0,630795,0,2,0
948.1,1.3105,2.6214,1.3102,2.6167,7.8588,0.0,7.8588,0.0,0.0,0,0,0,14.6097,2.6207,5.2382,0.0,0.0,0.6665,790,21,769,0,627,66,0,630795,0,2,0
949.1,1.3105,2.6214,1.3102,2.6167,7.8588,0.0,7.8588,0.0,0.0,0,0,0,14.6097,2.6207,5.2382,0.0,0.0,0.6665,790,21,769,0,627,66,0,630795,0,2,0
950.1,1.3105,2.6214,1.3102,2.6167,7.8588,0.0,7.8588,0.0,0.0,0,0,0,14.6097,2.6207,5.2382,0.0,0.0,0.6665,790,21,769,0,627,66,0,630795,0,2,0
951.1,1.3105,2.6214,1.3102,2.6167,7.8588,0.0,7.8588,0.0,0.0,0,0,0,14.6097,2.6207,5.2382,0.0,0.0,0.6665,790,21,769,0,627,66,0,630795,0,2,0
952.1,1.3105,2.6214,1.3102,2.6167,7.8588,0.0,7.8588,0.0,0.0,0,0,0,14.6097,2.6207,5.2382,0.0,0.0,0.6665,790,21,769,0,627,66,0,630795,0,2,0
953.1,1.3105,2.6214,1.3102,2.6167,7.8588,0.0,7.8588,0.0,0.0,0,0,0,14.6097,2.6207,5.2382,0.0,0.0,0.6665,790,21,769,0,627,66,0,630795,0,2,0
954.1,1.3105,2.6214,1.3102,2.6167,7.8588,0.0,7.8588,0.0,0.0,0,0,0,14.6097,2.6207,5.2382,0.0,0.0,0.6665,790,21,769,0,627,66,0,630795,0,2,0
955.1,1.3105,2.6214,1.3102,2.6167,7.8588,0.0,7.8588,0.0,0.0,0,0,0,14.3232,2.6207,5.2382,0.0,0.0,0.6665,791,21,770,0,627,66,0,635169,0,2,0
956.1,1.3105,2.6214,1.3102,2.6167,7.8588,0.0,7.8588,0.0,0.0,0,0,0,14.3232,2.6207,5.2382,0.0,0.0,0.6665,791,21,770,0,627,66,0,635169,0,2,0
957.1,1.3105,2.6214,1.3102,2.6167,7.8588,0.0,7.8588,0.0,0.0,0,0,0,14.3232,2.6207,5.2382,0.0,0.0,0.6665,791,21,770,0,627,66,0,635169,0,2,0
958.1,1.3105,2.6214,1.3102,2.6167,7.8588,0.0,7.8588,0.0,0.0,0,0,0,14.3232,2.6207,5.2382,0.0,0.0,0.6665,791,21,770,0,627,66,0,635169,0,2,0
959.1,1.3105,2.6214,1.3102,2.6167,7.8588,0.0,7.8588,0.0,0.0,0,0,0,14.3232,2.6207,5.2382,0.0,0.0,0.6665,791,21,770,0,629,66,0,635169,0,2,0
960.1,1.3105,2.6214,1.3102,2.6167,7.8588,0.0,7.8588,0.0,0.0,0,0,0,14.3232,2.6207,5.2382,0.0,0.0,0.6665,791,21,770,0,629,66,0,635169,0,2,0
961.1,1.3105,2.6214,1.3102,2.6167,7.8588,0.0,7.8588,0.0,0.0,0,0,0,14.3232,2.6207,5.2382,0.0,0.0,0.6665,791,21,770,0,629,66,0,635169,0,2,0
