t_s,P0_use,P0_used_tok,P0_running,P0_cap_tok,P0_pressure,P0_hit,P1_use,P1_used_tok,P1_running,P1_cap_tok,P1_pressure,P1_hit,D0_use,D0_used_tok,D0_running,D0_cap_tok,D0_pressure,D0_hit,D1_use,D1_used_tok,D1_running,D1_cap_tok,D1_pressure,D1_hit
# roles: P0:P P1:P D0:D D1:D
# metric: P0:cache_occupancy P1:cache_occupancy D0:unreachable D1:unreachable
0.00,0.0000,0,0,209038,0.0000,0.0000,0.0000,0,0,209038,0.0000,0.0000,,,,,,,,,,,,
0.50,0.0196,4096,0,209038,0.0196,0.0000,0.0196,4096,0,209038,0.0196,0.0000,,,,,,,,,,,,
1.00,0.0392,8192,0,209038,0.0392,0.0000,0.0392,8192,0,209038,0.0392,0.0000,,,,,,,,,,,,
1.50,0.0392,8192,0,209038,0.0392,0.0000,0.0392,8192,0,209038,0.0392,0.0000,,,,,,,,,,,,
2.00,0.0392,8192,0,209038,0.0392,0.0000,0.0392,8192,0,209038,0.0392,0.0000,,,,,,,,,,,,
2.50,0.0784,16384,0,209038,0.0784,0.0000,0.0784,16384,0,209038,0.0784,0.0000,,,,,,,,,,,,
3.00,0.0574,11996,0,209038,0.0574,0.0000,0.0574,12003,0,209038,0.0574,0.0000,,,,,,,,,,,,
3.50,0.0770,16092,0,209038,0.0770,0.0000,0.0770,16099,0,209038,0.0770,0.0000,,,,,,,,,,,,
4.00,0.0559,11684,0,209038,0.0559,0.0000,0.0770,16099,0,209038,0.0770,0.0000,,,,,,,,,,,,
4.50,0.0559,11684,0,209038,0.0559,0.0000,0.0560,11711,0,209038,0.0560,0.0000,,,,,,,,,,,,
# metric: P0:cache_occupancy P1:cache_occupancy D0:cache_occupancy D1:unreachable
5.00,0.0755,15780,0,209038,0.0755,0.0000,0.0756,15807,0,209038,0.0756,0.0000,0.7461,161440,2,216374,0.7461,0.0000,,,,,,
5.50,0.0544,11382,0,209038,0.0544,0.0000,0.0545,11398,0,209038,0.0545,0.0000,0.7461,161440,2,216374,0.7461,0.0000,,,,,,
6.00,0.0740,15478,0,209038,0.0740,0.0000,0.0741,15494,0,209038,0.0741,0.0000,0.7461,161440,2,216374,0.7461,0.0000,,,,,,
6.50,0.0530,11072,0,209038,0.0530,0.0000,0.0531,11110,0,209038,0.0531,0.0000,0.7461,161440,2,216374,0.7461,0.0000,,,,,,
7.00,0.0726,15168,0,209038,0.0726,0.0000,0.0531,11110,0,209038,0.0531,0.0000,0.7461,161440,2,216374,0.7461,0.0000,,,,,,
# metric: P0:cache_occupancy P1:cache_occupancy D0:cache_occupancy D1:cache_occupancy
7.50,0.0726,15168,0,209038,0.0726,0.0000,0.0727,15206,0,209038,0.0727,0.0000,0.7070,152971,1,216374,0.7070,0.0000,0.3929,85009,1,216374,0.3929,0.0000
8.00,0.0515,10759,0,209038,0.0515,0.0000,0.0517,10806,0,209038,0.0517,0.0000,0.7070,152971,1,216374,0.7070,0.0000,0.3929,85009,1,216374,0.3929,0.0000
8.50,0.0711,14855,0,209038,0.0711,0.0000,0.0713,14902,0,209038,0.0713,0.0000,0.7070,152971,1,216374,0.7070,0.0000,0.3929,85009,1,216374,0.3929,0.0000
9.00,0.0500,10461,0,209038,0.0500,0.0000,0.0503,10514,0,209038,0.0503,0.0000,0.7070,152971,1,216374,0.7070,0.0000,0.3929,85009,1,216374,0.3929,0.0000
9.50,0.0696,14557,0,209038,0.0696,0.0000,0.0503,10514,0,209038,0.0503,0.0000,0.7070,152971,1,216374,0.7070,0.0000,0.3929,85009,1,216374,0.3929,0.0000
10.00,0.0696,14557,0,209038,0.0696,0.0000,0.0699,14610,0,209038,0.0699,0.0000,0.7070,152971,1,216374,0.7070,0.0000,0.3929,85009,1,216374,0.3929,0.0000
10.50,0.0486,10162,0,209038,0.0486,0.0000,0.0488,10207,0,209038,0.0488,0.0000,0.7070,152971,1,216374,0.7070,0.0000,0.3933,85092,1,216374,0.3933,0.0000
11.00,0.0682,14258,0,209038,0.0682,0.0000,0.0684,14303,0,209038,0.0684,0.0000,0.7070,152971,1,216374,0.7070,0.0000,0.3933,85092,1,216374,0.3933,0.0000
11.50,0.0471,9836,0,209038,0.0471,0.0000,0.0474,9913,0,209038,0.0474,0.0000,0.7070,152971,1,216374,0.7070,0.0000,0.3933,85092,1,216374,0.3933,0.0000
12.00,0.0666,13932,0,209038,0.0666,0.0000,0.0474,9913,0,209038,0.0474,0.0000,0.7070,152971,1,216374,0.7070,0.0000,0.3933,85092,1,216374,0.3933,0.0000
12.50,0.0457,9552,0,209038,0.0457,0.0000,0.0670,14009,0,209038,0.0670,0.0000,0.6681,144555,1,216374,0.6681,0.0000,0.3933,85092,1,216374,0.3933,0.0000
13.00,0.0457,9552,0,209038,0.0457,0.0000,0.0460,9625,0,209038,0.0460,0.0000,0.6681,144555,1,216374,0.6681,0.0000,0.3936,85168,1,216374,0.3936,0.0000
13.50,0.0653,13648,0,209038,0.0653,0.0000,0.0656,13721,0,209038,0.0656,0.0000,0.6681,144555,1,216374,0.6681,0.0000,0.3936,85168,1,216374,0.3936,0.0000
14.00,0.0442,9241,0,209038,0.0442,0.0000,0.0447,9341,0,209038,0.0447,0.0000,0.6681,144555,1,216374,0.6681,0.0000,0.3936,85168,1,216374,0.3936,0.0000
14.50,0.0638,13337,0,209038,0.0638,0.0000,0.0643,13437,0,209038,0.0643,0.0000,0.6681,144555,1,216374,0.6681,0.0000,0.3936,85168,1,216374,0.3936,0.0000
15.00,0.0428,8939,0,209038,0.0428,0.0000,0.0643,13437,0,209038,0.0643,0.0000,0.6293,136173,1,216374,0.6293,0.0000,0.3936,85168,1,216374,0.3936,0.0000
15.50,0.0428,8939,0,209038,0.0428,0.0000,0.0431,9016,0,209038,0.0431,0.0000,0.6293,136173,1,216374,0.6293,0.0000,0.3936,85168,1,216374,0.3936,0.0000
16.00,0.0624,13035,0,209038,0.0624,0.0000,0.0627,13112,0,209038,0.0627,0.0000,0.6293,136173,1,216374,0.6293,0.0000,0.3936,85168,1,216374,0.3936,0.0000
16.50,0.0413,8643,0,209038,0.0413,0.0000,0.0417,8719,0,209038,0.0417,0.0000,0.6293,136173,1,216374,0.6293,0.0000,0.3936,85168,1,216374,0.3936,0.0000
17.00,0.0609,12739,0,209038,0.0609,0.0000,0.0613,12815,0,209038,0.0613,0.0000,0.6293,136173,1,216374,0.6293,0.0000,0.3936,85168,1,216374,0.3936,0.0000
17.50,0.0398,8328,0,209038,0.0398,0.0000,0.0613,12815,0,209038,0.0613,0.0000,0.5902,127708,1,216374,0.5902,0.0000,0.3936,85168,1,216374,0.3936,0.0000
18.00,0.0594,12424,0,209038,0.0594,0.0000,0.0402,8413,0,209038,0.0402,0.0000,0.5902,127708,1,216374,0.5902,0.0000,0.3936,85168,1,216374,0.3936,0.0000
18.50,0.0594,12424,0,209038,0.0594,0.0000,0.0598,12509,0,209038,0.0598,0.0000,0.5902,127708,1,216374,0.5902,0.0000,0.3936,85168,1,216374,0.3936,0.0000
19.00,0.0790,16520,0,209038,0.0790,0.0000,0.0794,16605,0,209038,0.0794,0.0000,0.5902,127708,1,216374,0.5902,0.0000,0.3936,85168,1,216374,0.3936,0.0000
19.50,0.0580,12125,0,209038,0.0580,0.0000,0.0583,12193,0,209038,0.0583,0.0000,0.5902,127708,1,216374,0.5902,0.0000,0.3936,85168,1,216374,0.3936,0.0000
20.00,0.0776,16221,0,209038,0.0776,0.0000,0.0583,12193,0,209038,0.0583,0.0000,0.5907,127810,1,216374,0.5907,0.0000,0.3936,85168,1,216374,0.3936,0.0000
20.50,0.0566,11823,0,209038,0.0566,0.0000,0.0779,16289,0,209038,0.0779,0.0000,0.5907,127810,1,216374,0.5907,0.0000,0.3936,85168,1,216374,0.3936,0.0000
21.00,0.0566,11823,0,209038,0.0566,0.0000,0.0569,11896,0,209038,0.0569,0.0000,0.5907,127810,1,216374,0.5907,0.0000,0.3936,85168,1,216374,0.3936,0.0000
21.50,0.0762,15919,0,209038,0.0762,0.0000,0.0765,15992,0,209038,0.0765,0.0000,0.5907,127810,1,216374,0.5907,0.0000,0.3936,85168,1,216374,0.3936,0.0000
22.00,0.0551,11519,0,209038,0.0551,0.0000,0.0555,11600,0,209038,0.0555,0.0000,0.5124,110874,1,216374,0.5124,0.0000,0.3936,85168,1,216374,0.3936,0.0000
22.50,0.0747,15615,0,209038,0.0747,0.0000,0.0555,11600,0,209038,0.0555,0.0000,0.5124,110874,1,216374,0.5124,0.0000,0.3936,85168,1,216374,0.3936,0.0000
23.00,0.0535,11175,0,209038,0.0535,0.0000,0.0751,15696,0,209038,0.0751,0.0000,0.5124,110874,1,216374,0.5124,0.0000,0.5909,127866,1,216374,0.5909,0.0000
23.50,0.0731,15271,0,209038,0.0731,0.0000,0.0539,11272,0,209038,0.0539,0.0000,0.5124,110874,1,216374,0.5124,0.0000,0.5909,127866,1,216374,0.5909,0.0000
24.00,0.0731,15271,0,209038,0.0731,0.0000,0.0735,15368,0,209038,0.0735,0.0000,0.5124,110874,1,216374,0.5124,0.0000,0.5909,127866,1,216374,0.5909,0.0000
24.50,0.0520,10868,0,209038,0.0520,0.0000,0.0524,10946,0,209038,0.0524,0.0000,0.5124,110874,1,216374,0.5124,0.0000,0.5909,127866,1,216374,0.5909,0.0000
25.00,0.0716,14964,0,209038,0.0716,0.0000,0.0524,10946,0,209038,0.0524,0.0000,0.5124,110874,1,216374,0.5124,0.0000,0.5909,127866,1,216374,0.5909,0.0000
25.50,0.0504,10530,0,209038,0.0504,0.0000,0.0720,15042,0,209038,0.0720,0.0000,0.4733,102402,1,216374,0.4733,0.0000,0.5909,127866,1,216374,0.5909,0.0000
26.00,0.0700,14626,0,209038,0.0700,0.0000,0.0507,10600,0,209038,0.0507,0.0000,0.4733,102402,1,216374,0.4733,0.0000,0.5909,127866,1,216374,0.5909,0.0000
26.50,0.0700,14626,0,209038,0.0700,0.0000,0.0703,14696,0,209038,0.0703,0.0000,0.4733,102402,1,216374,0.4733,0.0000,0.6306,136451,1,216374,0.6306,0.0000
27.00,0.0488,10198,0,209038,0.0488,0.0000,0.0491,10274,0,209038,0.0491,0.0000,0.4733,102402,1,216374,0.4733,0.0000,0.6306,136451,1,216374,0.6306,0.0000
27.50,0.0684,14294,0,209038,0.0684,0.0000,0.0491,10274,0,209038,0.0491,0.0000,0.4733,102402,1,216374,0.4733,0.0000,0.6306,136451,1,216374,0.6306,0.0000
28.00,0.0471,9838,0,209038,0.0471,0.0000,0.0687,14370,0,209038,0.0687,0.0000,0.4733,102402,1,216374,0.4733,0.0000,0.6306,136451,1,216374,0.6306,0.0000
28.50,0.0667,13934,0,209038,0.0667,0.0000,0.0475,9938,0,209038,0.0475,0.0000,0.5128,110964,1,216374,0.5128,0.0000,0.6306,136451,1,216374,0.6306,0.0000
29.00,0.0667,13934,0,209038,0.0667,0.0000,0.0671,14034,0,209038,0.0671,0.0000,0.5128,110964,1,216374,0.5128,0.0000,0.6306,136451,1,216374,0.6306,0.0000
29.50,0.0455,9520,0,209038,0.0455,0.0000,0.0459,9591,0,209038,0.0459,0.0000,0.5128,110964,1,216374,0.5128,0.0000,0.6311,136557,1,216374,0.6311,0.0000
30.00,0.0651,13616,0,209038,0.0651,0.0000,0.0459,9591,0,209038,0.0459,0.0000,0.5128,110964,1,216374,0.5128,0.0000,0.6311,136557,1,216374,0.6311,0.0000
30.50,0.0440,9202,0,209038,0.0440,0.0000,0.0655,13687,0,209038,0.0655,0.0000,0.5128,110964,1,216374,0.5128,0.0000,0.6311,136557,1,216374,0.6311,0.0000
31.00,0.0636,13298,0,209038,0.0636,0.0000,0.0442,9244,0,209038,0.0442,0.0000,0.5128,110964,1,216374,0.5128,0.0000,0.6311,136557,1,216374,0.6311,0.0000
31.50,0.0832,17394,0,209038,0.0832,0.0000,0.0638,13340,0,209038,0.0638,0.0000,0.5128,110964,1,216374,0.5128,0.0000,0.6311,136557,1,216374,0.6311,0.0000
32.00,0.0832,17394,0,209038,0.0832,0.0000,0.0834,17436,0,209038,0.0834,0.0000,0.5128,110964,1,216374,0.5128,0.0000,0.6311,136557,1,216374,0.6311,0.0000
32.50,0.0620,12962,0,209038,0.0620,0.0000,0.0834,17436,0,209038,0.0834,0.0000,0.4739,102537,1,216374,0.4739,0.0000,0.6314,136625,1,216374,0.6314,0.0000
33.00,0.0408,8536,0,209038,0.0408,0.0000,0.0623,13014,0,209038,0.0623,0.0000,0.4739,102537,1,216374,0.4739,0.0000,0.6314,136625,1,216374,0.6314,0.0000
33.50,0.0604,12632,0,209038,0.0604,0.0000,0.0411,8585,0,209038,0.0411,0.0000,0.4739,102537,1,216374,0.4739,0.0000,0.6314,136625,1,216374,0.6314,0.0000
34.00,0.0800,16728,0,209038,0.0800,0.0000,0.0607,12681,0,209038,0.0607,0.0000,0.4739,102537,1,216374,0.4739,0.0000,0.6314,136625,1,216374,0.6314,0.0000
34.51,0.0800,16728,0,209038,0.0800,0.0000,0.0394,8244,0,209038,0.0394,0.0000,0.4739,102537,1,216374,0.4739,0.0000,0.5531,119670,1,216374,0.5531,0.0000
35.01,0.0588,12283,0,209038,0.0588,0.0000,0.0394,8244,0,209038,0.0394,0.0000,0.4739,102537,1,216374,0.4739,0.0000,0.5531,119670,1,216374,0.5531,0.0000
35.51,0.0784,16379,0,209038,0.0784,0.0000,0.0590,12340,0,209038,0.0590,0.0000,0.4739,102537,1,216374,0.4739,0.0000,0.5531,119670,1,216374,0.5531,0.0000
36.01,0.0572,11950,0,209038,0.0572,0.0000,0.0786,16436,0,209038,0.0786,0.0000,0.4739,102537,1,216374,0.4739,0.0000,0.5531,119670,1,216374,0.5531,0.0000
36.51,0.0768,16046,0,209038,0.0768,0.0000,0.0575,12012,0,209038,0.0575,0.0000,0.4739,102537,1,216374,0.4739,0.0000,0.5531,119670,1,216374,0.5531,0.0000
37.01,0.0768,16046,0,209038,0.0768,0.0000,0.0575,12012,0,209038,0.0575,0.0000,0.4739,102537,1,216374,0.4739,0.0000,0.5531,119670,1,216374,0.5531,0.0000
37.51,0.0556,11619,0,209038,0.0556,0.0000,0.0771,16108,0,209038,0.0771,0.0000,0.4739,102537,1,216374,0.4739,0.0000,0.5139,111185,1,216374,0.5139,0.0000
38.01,0.0752,15715,0,209038,0.0752,0.0000,0.0559,11690,0,209038,0.0559,0.0000,0.4739,102537,1,216374,0.4739,0.0000,0.5139,111185,1,216374,0.5139,0.0000
38.51,0.0540,11279,0,209038,0.0540,0.0000,0.0755,15786,0,209038,0.0755,0.0000,0.6324,136845,1,216374,0.6324,0.0000,0.5139,111185,1,216374,0.5139,0.0000
39.01,0.0736,15375,0,209038,0.0736,0.0000,0.0543,11345,0,209038,0.0543,0.0000,0.6324,136845,1,216374,0.6324,0.0000,0.5139,111185,1,216374,0.5139,0.0000
39.51,0.0736,15375,0,209038,0.0736,0.0000,0.0543,11345,0,209038,0.0543,0.0000,0.6324,136845,1,216374,0.6324,0.0000,0.5139,111185,1,216374,0.5139,0.0000
40.01,0.0524,10949,0,209038,0.0524,0.0000,0.0739,15441,0,209038,0.0739,0.0000,0.6324,136845,1,216374,0.6324,0.0000,0.5139,111185,1,216374,0.5139,0.0000
40.51,0.0720,15045,0,209038,0.0720,0.0000,0.0526,10986,0,209038,0.0526,0.0000,0.6324,136845,1,216374,0.6324,0.0000,0.5139,111185,1,216374,0.5139,0.0000
41.01,0.0506,10587,0,209038,0.0506,0.0000,0.0721,15082,0,209038,0.0721,0.0000,0.5932,128346,1,216374,0.5932,0.0000,0.5139,111185,1,216374,0.5139,0.0000
41.51,0.0702,14683,0,209038,0.0702,0.0000,0.0510,10655,0,209038,0.0510,0.0000,0.5932,128346,1,216374,0.5932,0.0000,0.5139,111185,1,216374,0.5139,0.0000
42.01,0.0702,14683,0,209038,0.0702,0.0000,0.0510,10655,0,209038,0.0510,0.0000,0.5932,128346,1,216374,0.5932,0.0000,0.5139,111185,1,216374,0.5139,0.0000
42.51,0.0489,10213,0,209038,0.0489,0.0000,0.0706,14751,0,209038,0.0706,0.0000,0.5932,128346,1,216374,0.5932,0.0000,0.4746,102685,1,216374,0.4746,0.0000
43.01,0.0685,14309,0,209038,0.0685,0.0000,0.0493,10315,0,209038,0.0493,0.0000,0.5932,128346,1,216374,0.5932,0.0000,0.4746,102685,1,216374,0.4746,0.0000
43.51,0.0471,9845,0,209038,0.0471,0.0000,0.0689,14411,0,209038,0.0689,0.0000,0.5932,128346,1,216374,0.5932,0.0000,0.4746,102685,1,216374,0.4746,0.0000
44.01,0.0667,13941,0,209038,0.0667,0.0000,0.0477,9965,0,209038,0.0477,0.0000,0.5539,119841,1,216374,0.5539,0.0000,0.4746,102685,1,216374,0.4746,0.0000
44.51,0.0454,9491,0,209038,0.0454,0.0000,0.0477,9965,0,209038,0.0477,0.0000,0.5539,119841,1,216374,0.5539,0.0000,0.4746,102685,1,216374,0.4746,0.0000
45.01,0.0454,9491,0,209038,0.0454,0.0000,0.0673,14061,0,209038,0.0673,0.0000,0.5539,119841,1,216374,0.5539,0.0000,0.4746,102685,1,216374,0.4746,0.0000
45.51,0.0650,13587,0,209038,0.0650,0.0000,0.0461,9629,0,209038,0.0461,0.0000,0.5539,119841,1,216374,0.5539,0.0000,0.5147,111376,1,216374,0.5147,0.0000
46.01,0.0436,9108,0,209038,0.0436,0.0000,0.0657,13725,0,209038,0.0657,0.0000,0.5539,119841,1,216374,0.5539,0.0000,0.5147,111376,1,216374,0.5147,0.0000
46.51,0.0632,13204,0,209038,0.0632,0.0000,0.0442,9249,0,209038,0.0442,0.0000,0.5539,119841,1,216374,0.5539,0.0000,0.5147,111376,1,216374,0.5147,0.0000
47.01,0.0417,8725,0,209038,0.0417,0.0000,0.0442,9249,0,209038,0.0442,0.0000,0.5539,119841,1,216374,0.5539,0.0000,0.5147,111376,1,216374,0.5147,0.0000
47.51,0.0417,8725,0,209038,0.0417,0.0000,0.0638,13345,0,209038,0.0638,0.0000,0.5539,119841,1,216374,0.5539,0.0000,0.5148,111400,1,216374,0.5148,0.0000
48.01,0.0613,12821,0,209038,0.0613,0.0000,0.0425,8887,0,209038,0.0425,0.0000,0.5539,119841,1,216374,0.5539,0.0000,0.5148,111400,1,216374,0.5148,0.0000
48.51,0.0400,8353,0,209038,0.0400,0.0000,0.0621,12983,0,209038,0.0621,0.0000,0.5539,119841,1,216374,0.5539,0.0000,0.5148,111400,1,216374,0.5148,0.0000
49.01,0.0596,12449,0,209038,0.0596,0.0000,0.0621,12983,0,209038,0.0621,0.0000,0.5539,119841,1,216374,0.5539,0.0000,0.5148,111400,1,216374,0.5148,0.0000
49.51,0.0791,16545,0,209038,0.0791,0.0000,0.0409,8544,0,209038,0.0409,0.0000,0.5543,119935,1,216374,0.5543,0.0000,0.5148,111400,1,216374,0.5148,0.0000
50.01,0.0791,16545,0,209038,0.0791,0.0000,0.0605,12640,0,209038,0.0605,0.0000,0.5543,119935,1,216374,0.5543,0.0000,0.5148,111400,1,216374,0.5148,0.0000
50.51,0.0578,12087,0,209038,0.0578,0.0000,0.0801,16736,0,209038,0.0801,0.0000,0.5543,119935,1,216374,0.5543,0.0000,0.5148,111400,1,216374,0.5148,0.0000
51.01,0.0774,16183,0,209038,0.0774,0.0000,0.0586,12258,0,209038,0.0586,0.0000,0.5543,119935,1,216374,0.5543,0.0000,0.5148,111400,1,216374,0.5148,0.0000
51.51,0.0561,11721,0,209038,0.0561,0.0000,0.0586,12258,0,209038,0.0586,0.0000,0.5543,119935,1,216374,0.5543,0.0000,0.5148,111400,1,216374,0.5148,0.0000
52.01,0.0757,15817,0,209038,0.0757,0.0000,0.0782,16354,0,209038,0.0782,0.0000,0.5543,119935,1,216374,0.5543,0.0000,0.5548,120048,1,216374,0.5548,0.0000
52.51,0.0757,15817,0,209038,0.0757,0.0000,0.0569,11896,0,209038,0.0569,0.0000,0.5543,119935,1,216374,0.5543,0.0000,0.5548,120048,1,216374,0.5548,0.0000
53.01,0.0543,11359,0,209038,0.0543,0.0000,0.0765,15992,0,209038,0.0765,0.0000,0.5543,119935,1,216374,0.5543,0.0000,0.5548,120048,1,216374,0.5548,0.0000
53.51,0.0739,15455,0,209038,0.0739,0.0000,0.0765,15992,0,209038,0.0765,0.0000,0.5152,111471,1,216374,0.5152,0.0000,0.5548,120048,1,216374,0.5548,0.0000
54.01,0.0526,10992,0,209038,0.0526,0.0000,0.0550,11500,0,209038,0.0550,0.0000,0.5152,111471,1,216374,0.5152,0.0000,0.5548,120048,1,216374,0.5548,0.0000
54.51,0.0722,15088,0,209038,0.0722,0.0000,0.0746,15596,0,209038,0.0746,0.0000,0.5152,111471,1,216374,0.5152,0.0000,0.5548,120048,1,216374,0.5548,0.0000
55.01,0.0722,15088,0,209038,0.0722,0.0000,0.0532,11128,0,209038,0.0532,0.0000,0.5152,111471,1,216374,0.5152,0.0000,0.5548,120048,1,216374,0.5548,0.0000
55.51,0.0508,10617,0,209038,0.0508,0.0000,0.0728,15224,0,209038,0.0728,0.0000,0.4360,94345,1,216374,0.4360,0.0000,0.5548,120048,1,216374,0.5548,0.0000
56.01,0.0704,14713,0,209038,0.0704,0.0000,0.0728,15224,0,209038,0.0728,0.0000,0.4360,94345,1,216374,0.4360,0.0000,0.5548,120048,1,216374,0.5548,0.0000
56.51,0.0490,10251,0,209038,0.0490,0.0000,0.0515,10774,0,209038,0.0515,0.0000,0.4360,94345,1,216374,0.4360,0.0000,0.5948,128706,1,216374,0.5948,0.0000
57.01,0.0686,14347,0,209038,0.0686,0.0000,0.0711,14870,0,209038,0.0711,0.0000,0.4360,94345,1,216374,0.4360,0.0000,0.5948,128706,1,216374,0.5948,0.0000
57.51,0.0686,14347,0,209038,0.0686,0.0000,0.0498,10405,0,209038,0.0498,0.0000,0.4360,94345,1,216374,0.4360,0.0000,0.5948,128706,1,216374,0.5948,0.0000
58.01,0.0472,9871,0,209038,0.0472,0.0000,0.0694,14501,0,209038,0.0694,0.0000,0.4360,94345,1,216374,0.4360,0.0000,0.5948,128706,1,216374,0.5948,0.0000
58.51,0.0668,13967,0,209038,0.0668,0.0000,0.0694,14501,0,209038,0.0694,0.0000,0.5553,120147,1,216374,0.5553,0.0000,0.5948,128706,1,216374,0.5948,0.0000
59.01,0.0454,9495,0,209038,0.0454,0.0000,0.0479,10020,0,209038,0.0479,0.0000,0.5553,120147,1,216374,0.5553,0.0000,0.5948,128706,1,216374,0.5948,0.0000
59.51,0.0650,13591,0,209038,0.0650,0.0000,0.0675,14116,0,209038,0.0675,0.0000,0.5553,120147,1,216374,0.5553,0.0000,0.5948,128706,1,216374,0.5948,0.0000
60.01,0.0650,13591,0,209038,0.0650,0.0000,0.0462,9651,0,209038,0.0462,0.0000,0.5553,120147,1,216374,0.5553,0.0000,0.5555,120191,1,216374,0.5555,0.0000
60.51,0.0434,9077,0,209038,0.0434,0.0000,0.0658,13747,0,209038,0.0658,0.0000,0.5553,120147,1,216374,0.5553,0.0000,0.5555,120191,1,216374,0.5555,0.0000
61.01,0.0630,13173,0,209038,0.0630,0.0000,0.0658,13747,0,209038,0.0658,0.0000,0.5553,120147,1,216374,0.5553,0.0000,0.5555,120191,1,216374,0.5555,0.0000
61.51,0.0414,8659,0,209038,0.0414,0.0000,0.0444,9287,0,209038,0.0444,0.0000,0.5947,128682,1,216374,0.5947,0.0000,0.5555,120191,1,216374,0.5555,0.0000
62.01,0.0610,12755,0,209038,0.0610,0.0000,0.0640,13383,0,209038,0.0640,0.0000,0.5947,128682,1,216374,0.5947,0.0000,0.5555,120191,1,216374,0.5555,0.0000
62.51,0.0395,8261,0,209038,0.0395,0.0000,0.0427,8929,0,209038,0.0427,0.0000,0.5947,128682,1,216374,0.5947,0.0000,0.4762,103036,2,216374,0.4762,0.0000
63.01,0.0395,8261,0,209038,0.0395,0.0000,0.0427,8929,0,209038,0.0427,0.0000,0.5947,128682,1,216374,0.5947,0.0000,0.4762,103036,2,216374,0.4762,0.0000
63.51,0.0591,12357,0,209038,0.0591,0.0000,0.0623,13025,0,209038,0.0623,0.0000,0.5947,128682,1,216374,0.5947,0.0000,0.4762,103036,2,216374,0.4762,0.0000
64.01,0.0787,16453,0,209038,0.0787,0.0000,0.0409,8548,0,209038,0.0409,0.0000,0.5947,128682,1,216374,0.5947,0.0000,0.4762,103036,2,216374,0.4762,0.0000
64.51,0.0571,11940,0,209038,0.0571,0.0000,0.0605,12644,0,209038,0.0605,0.0000,0.5947,128682,1,216374,0.5947,0.0000,0.4762,103036,2,216374,0.4762,0.0000
65.01,0.0571,11940,0,209038,0.0571,0.0000,0.0801,16740,0,209038,0.0801,0.0000,0.5947,128682,1,216374,0.5947,0.0000,0.4762,103036,2,216374,0.4762,0.0000
65.51,0.0767,16036,0,209038,0.0767,0.0000,0.0801,16740,0,209038,0.0801,0.0000,0.5947,128682,1,216374,0.5947,0.0000,0.4762,103036,2,216374,0.4762,0.0000
66.01,0.0552,11539,0,209038,0.0552,0.0000,0.0586,12247,0,209038,0.0586,0.0000,0.5947,128682,1,216374,0.5947,0.0000,0.4762,103036,2,216374,0.4762,0.0000
66.51,0.0748,15635,0,209038,0.0748,0.0000,0.0782,16343,0,209038,0.0782,0.0000,0.6341,137212,1,216374,0.6341,0.0000,0.4762,103036,2,216374,0.4762,0.0000
67.01,0.0533,11142,0,209038,0.0533,0.0000,0.0568,11880,0,209038,0.0568,0.0000,0.6341,137212,1,216374,0.6341,0.0000,0.5545,119978,1,216374,0.5545,0.0000
67.51,0.0533,11142,0,209038,0.0533,0.0000,0.0568,11880,0,209038,0.0568,0.0000,0.6341,137212,1,216374,0.6341,0.0000,0.5545,119978,1,216374,0.5545,0.0000
68.01,0.0729,15238,0,209038,0.0729,0.0000,0.0764,15976,0,209038,0.0764,0.0000,0.6341,137212,1,216374,0.6341,0.0000,0.5545,119978,1,216374,0.5545,0.0000
68.51,0.0514,10740,0,209038,0.0514,0.0000,0.0549,11471,0,209038,0.0549,0.0000,0.6341,137212,1,216374,0.6341,0.0000,0.5545,119978,1,216374,0.5545,0.0000
69.01,0.0710,14836,0,209038,0.0710,0.0000,0.0745,15567,0,209038,0.0745,0.0000,0.6341,137212,1,216374,0.6341,0.0000,0.5545,119978,1,216374,0.5545,0.0000
69.51,0.0495,10339,0,209038,0.0495,0.0000,0.0529,11068,0,209038,0.0529,0.0000,0.6341,137212,1,216374,0.6341,0.0000,0.5926,128226,1,216374,0.5926,0.0000
70.01,0.0495,10339,0,209038,0.0495,0.0000,0.0529,11068,0,209038,0.0529,0.0000,0.6341,137212,1,216374,0.6341,0.0000,0.5926,128226,1,216374,0.5926,0.0000
70.51,0.0691,14435,0,209038,0.0691,0.0000,0.0725,15164,0,209038,0.0725,0.0000,0.5940,128536,1,216374,0.5940,0.0000,0.5926,128226,1,216374,0.5926,0.0000
71.01,0.0475,9935,0,209038,0.0475,0.0000,0.0511,10682,0,209038,0.0511,0.0000,0.5940,128536,1,216374,0.5940,0.0000,0.5926,128226,1,216374,0.5926,0.0000
71.51,0.0671,14031,0,209038,0.0671,0.0000,0.0707,14778,0,209038,0.0707,0.0000,0.5940,128536,1,216374,0.5940,0.0000,0.5926,128226,1,216374,0.5926,0.0000
72.01,0.0455,9520,0,209038,0.0455,0.0000,0.0707,14778,0,209038,0.0707,0.0000,0.5940,128536,1,216374,0.5940,0.0000,0.5926,128226,1,216374,0.5926,0.0000
72.51,0.0455,9520,0,209038,0.0455,0.0000,0.0492,10293,0,209038,0.0492,0.0000,0.5940,128536,1,216374,0.5940,0.0000,0.5926,128226,1,216374,0.5926,0.0000
73.01,0.0651,13616,0,209038,0.0651,0.0000,0.0688,14389,0,209038,0.0688,0.0000,0.5940,128536,1,216374,0.5940,0.0000,0.5926,128226,1,216374,0.5926,0.0000
73.51,0.0436,9109,0,209038,0.0436,0.0000,0.0475,9936,0,209038,0.0475,0.0000,0.4745,102678,1,216374,0.4745,0.0000,0.5926,128226,1,216374,0.5926,0.0000
74.01,0.0632,13205,0,209038,0.0632,0.0000,0.0671,14032,0,209038,0.0671,0.0000,0.4745,102678,1,216374,0.4745,0.0000,0.5926,128226,1,216374,0.5926,0.0000
74.51,0.0417,8710,0,209038,0.0417,0.0000,0.0671,14032,0,209038,0.0671,0.0000,0.4745,102678,1,216374,0.4745,0.0000,0.7102,153673,1,216374,0.7102,0.0000
75.01,0.0417,8710,0,209038,0.0417,0.0000,0.0455,9521,0,209038,0.0455,0.0000,0.4745,102678,1,216374,0.4745,0.0000,0.7102,153673,1,216374,0.7102,0.0000
75.51,0.0613,12806,0,209038,0.0613,0.0000,0.0651,13617,0,209038,0.0651,0.0000,0.4745,102678,1,216374,0.4745,0.0000,0.7102,153673,1,216374,0.7102,0.0000
76.01,0.0403,8425,0,209038,0.0403,0.0000,0.0437,9129,0,209038,0.0437,0.0000,0.4745,102678,1,216374,0.4745,0.0000,0.7102,153673,1,216374,0.7102,0.0000
76.51,0.0599,12521,0,209038,0.0599,0.0000,0.0437,9129,0,209038,0.0437,0.0000,0.4745,102678,1,216374,0.4745,0.0000,0.7102,153673,1,216374,0.7102,0.0000
77.01,0.0795,16617,0,209038,0.0795,0.0000,0.0633,13225,0,209038,0.0633,0.0000,0.4745,102678,1,216374,0.4745,0.0000,0.7102,153673,1,216374,0.7102,0.0000
77.51,0.0795,16617,0,209038,0.0795,0.0000,0.0419,8751,0,209038,0.0419,0.0000,0.4745,102678,1,216374,0.4745,0.0000,0.6311,136550,2,216374,0.6311,0.0000
78.01,0.0585,12229,0,209038,0.0585,0.0000,0.0615,12847,0,209038,0.0615,0.0000,0.4745,102678,1,216374,0.4745,0.0000,0.6311,136550,2,216374,0.6311,0.0000
78.51,0.0781,16325,0,209038,0.0781,0.0000,0.0400,8354,0,209038,0.0400,0.0000,0.4745,102678,1,216374,0.4745,0.0000,0.6311,136550,2,216374,0.6311,0.0000
79.01,0.0571,11935,0,209038,0.0571,0.0000,0.0400,8354,0,209038,0.0400,0.0000,0.4745,102678,1,216374,0.4745,0.0000,0.6311,136550,2,216374,0.6311,0.0000
79.51,0.0767,16031,0,209038,0.0767,0.0000,0.0596,12450,0,209038,0.0596,0.0000,0.4745,102678,1,216374,0.4745,0.0000,0.6311,136550,2,216374,0.6311,0.0000
80.01,0.0767,16031,0,209038,0.0767,0.0000,0.0792,16546,0,209038,0.0792,0.0000,0.6710,145184,1,216374,0.6710,0.0000,0.5130,110995,1,216374,0.5130,0.0000
80.51,0.0552,11533,0,209038,0.0552,0.0000,0.0581,12136,0,209038,0.0581,0.0000,0.6710,145184,1,216374,0.6710,0.0000,0.5130,110995,1,216374,0.5130,0.0000
81.01,0.0748,15629,0,209038,0.0748,0.0000,0.0581,12136,0,209038,0.0581,0.0000,0.6710,145184,1,216374,0.6710,0.0000,0.5130,110995,1,216374,0.5130,0.0000
81.51,0.0537,11226,0,209038,0.0537,0.0000,0.0777,16232,0,209038,0.0777,0.0000,0.6710,145184,1,216374,0.6710,0.0000,0.5130,110995,1,216374,0.5130,0.0000
82.01,0.0733,15322,0,209038,0.0733,0.0000,0.0562,11739,0,209038,0.0562,0.0000,0.6710,145184,1,216374,0.6710,0.0000,0.5130,110995,1,216374,0.5130,0.0000
82.51,0.0733,15322,0,209038,0.0733,0.0000,0.0758,15835,0,209038,0.0758,0.0000,0.6706,145094,1,216374,0.6706,0.0000,0.5130,110995,1,216374,0.5130,0.0000
83.01,0.0523,10927,0,209038,0.0523,0.0000,0.0758,15835,0,209038,0.0758,0.0000,0.6706,145094,1,216374,0.6706,0.0000,0.5130,110995,1,216374,0.5130,0.0000
83.51,0.0719,15023,0,209038,0.0719,0.0000,0.0541,11308,0,209038,0.0541,0.0000,0.6706,145094,1,216374,0.6706,0.0000,0.5130,110995,1,216374,0.5130,0.0000
84.01,0.0508,10613,0,209038,0.0508,0.0000,0.0737,15404,0,209038,0.0737,0.0000,0.6706,145094,1,216374,0.6706,0.0000,0.5130,110995,1,216374,0.5130,0.0000
84.51,0.0508,10613,0,209038,0.0508,0.0000,0.0521,10901,0,209038,0.0521,0.0000,0.6706,145094,1,216374,0.6706,0.0000,0.5130,110995,1,216374,0.5130,0.0000
85.01,0.0704,14709,0,209038,0.0704,0.0000,0.0717,14997,0,209038,0.0717,0.0000,0.6307,136465,1,216374,0.6307,0.0000,0.5130,110995,1,216374,0.5130,0.0000
85.51,0.0493,10311,0,209038,0.0493,0.0000,0.0717,14997,0,209038,0.0717,0.0000,0.6307,136465,1,216374,0.6307,0.0000,0.5130,110995,1,216374,0.5130,0.0000
86.01,0.0689,14407,0,209038,0.0689,0.0000,0.0503,10512,0,209038,0.0503,0.0000,0.6307,136465,1,216374,0.6307,0.0000,0.5130,110995,1,216374,0.5130,0.0000
86.51,0.0478,9983,0,209038,0.0478,0.0000,0.0699,14608,0,209038,0.0699,0.0000,0.6307,136465,1,216374,0.6307,0.0000,0.5911,127908,1,216374,0.5911,0.0000
87.01,0.0478,9983,0,209038,0.0478,0.0000,0.0488,10202,0,209038,0.0488,0.0000,0.6307,136465,1,216374,0.6307,0.0000,0.5911,127908,1,216374,0.5911,0.0000
87.51,0.0674,14079,0,209038,0.0674,0.0000,0.0488,10202,0,209038,0.0488,0.0000,0.5125,110898,1,216374,0.5125,0.0000,0.5911,127908,1,216374,0.5911,0.0000
88.01,0.0674,14079,0,209038,0.0674,0.0000,0.0684,14298,0,209038,0.0684,0.0000,0.5125,110898,1,216374,0.5125,0.0000,0.5911,127908,1,216374,0.5911,0.0000
88.51,0.0603,12606,0,209038,0.0603,0.0000,0.0474,9911,0,209038,0.0474,0.0000,0.5125,110898,1,216374,0.5125,0.0000,0.5911,127908,1,216374,0.5911,0.0000
89.01,0.0392,8192,0,209038,0.0392,0.0000,0.0670,14007,0,209038,0.0670,0.0000,0.5125,110898,1,216374,0.5125,0.0000,0.5911,127908,1,216374,0.5911,0.0000
89.51,0.0392,8192,0,209038,0.0392,0.0000,0.0454,9491,0,209038,0.0454,0.0000,0.4340,93914,1,216374,0.4340,0.0000,0.5911,127908,1,216374,0.5911,0.0000
90.01,0.0196,4096,0,209038,0.0196,0.0000,0.0454,9491,0,209038,0.0454,0.0000,0.4340,93914,1,216374,0.4340,0.0000,0.5911,127908,1,216374,0.5911,0.0000
90.51,0.0196,4096,0,209038,0.0196,0.0000,0.0650,13587,0,209038,0.0650,0.0000,0.4340,93914,1,216374,0.4340,0.0000,0.5911,127908,1,216374,0.5911,0.0000
91.01,0.0392,8192,0,209038,0.0392,0.0000,0.0435,9087,0,209038,0.0435,0.0000,0.4340,93914,1,216374,0.4340,0.0000,0.5911,127908,1,216374,0.5911,0.0000
91.51,0.0604,12632,0,209038,0.0604,0.0000,0.0631,13183,0,209038,0.0631,0.0000,0.4340,93914,1,216374,0.4340,0.0000,0.5911,127908,1,216374,0.5911,0.0000
92.01,0.0392,8192,0,209038,0.0392,0.0000,0.0631,13183,0,209038,0.0631,0.0000,0.4340,93914,1,216374,0.4340,0.0000,0.7091,153427,2,216374,0.7091,0.0000
92.51,0.0392,8192,0,209038,0.0392,0.0000,0.0420,8789,0,209038,0.0420,0.0000,0.4340,93914,1,216374,0.4340,0.0000,0.7091,153427,2,216374,0.7091,0.0000
93.01,0.0196,4096,0,209038,0.0196,0.0000,0.0616,12885,0,209038,0.0616,0.0000,0.4340,93914,1,216374,0.4340,0.0000,0.7091,153427,2,216374,0.7091,0.0000
93.51,0.0392,8192,0,209038,0.0392,0.0000,0.0402,8396,0,209038,0.0402,0.0000,0.4340,93914,1,216374,0.4340,0.0000,0.7091,153427,2,216374,0.7091,0.0000
94.01,0.0392,8192,0,209038,0.0392,0.0000,0.0402,8396,0,209038,0.0402,0.0000,0.4340,93914,1,216374,0.4340,0.0000,0.7091,153427,2,216374,0.7091,0.0000
94.51,0.0392,8192,0,209038,0.0392,0.0000,0.0598,12492,0,209038,0.0598,0.0000,0.4340,93914,1,216374,0.4340,0.0000,0.7091,153427,2,216374,0.7091,0.0000
95.01,0.0392,8192,0,209038,0.0392,0.0000,0.0794,16588,0,209038,0.0794,0.0000,0.5119,110762,1,216374,0.5119,0.0000,0.5910,127885,1,216374,0.5910,0.0000
95.51,0.0196,4096,0,209038,0.0196,0.0000,0.0583,12192,0,209038,0.0583,0.0000,0.5119,110762,1,216374,0.5119,0.0000,0.5910,127885,1,216374,0.5910,0.0000
96.01,0.0392,8192,0,209038,0.0392,0.0000,0.0779,16288,0,209038,0.0779,0.0000,0.5119,110762,1,216374,0.5119,0.0000,0.5910,127885,1,216374,0.5910,0.0000
96.51,0.0392,8192,0,209038,0.0392,0.0000,0.0779,16288,0,209038,0.0779,0.0000,0.5119,110762,1,216374,0.5119,0.0000,0.5910,127885,1,216374,0.5910,0.0000
97.01,0.0604,12620,0,209038,0.0604,0.0000,0.0563,11759,0,209038,0.0563,0.0000,0.5119,110762,1,216374,0.5119,0.0000,0.5910,127885,1,216374,0.5910,0.0000
97.51,0.0392,8192,0,209038,0.0392,0.0000,0.0758,15855,0,209038,0.0758,0.0000,0.5119,110762,1,216374,0.5119,0.0000,0.5910,127885,1,216374,0.5910,0.0000
98.01,0.0392,8192,0,209038,0.0392,0.0000,0.0549,11473,0,209038,0.0549,0.0000,0.5119,110762,1,216374,0.5119,0.0000,0.5120,110784,1,216374,0.5120,0.0000
98.51,0.0392,8192,0,209038,0.0392,0.0000,0.0549,11473,0,209038,0.0549,0.0000,0.5119,110762,1,216374,0.5119,0.0000,0.5120,110784,1,216374,0.5120,0.0000
99.01,0.0392,8192,0,209038,0.0392,0.0000,0.0745,15569,0,209038,0.0745,0.0000,0.5119,110762,1,216374,0.5119,0.0000,0.5120,110784,1,216374,0.5120,0.0000
99.51,0.0392,8192,0,209038,0.0392,0.0000,0.0529,11057,0,209038,0.0529,0.0000,0.5119,110762,1,216374,0.5119,0.0000,0.5120,110784,1,216374,0.5120,0.0000
100.01,0.0392,8192,0,209038,0.0392,0.0000,0.0725,15153,0,209038,0.0725,0.0000,0.5119,110762,1,216374,0.5119,0.0000,0.5120,110784,1,216374,0.5120,0.0000
100.51,0.0392,8192,0,209038,0.0392,0.0000,0.0516,10781,0,209038,0.0516,0.0000,0.5119,110762,1,216374,0.5119,0.0000,0.5120,110784,1,216374,0.5120,0.0000
101.01,0.0392,8192,0,209038,0.0392,0.0000,0.0516,10781,0,209038,0.0516,0.0000,0.5119,110762,1,216374,0.5119,0.0000,0.5120,110784,1,216374,0.5120,0.0000
101.51,0.0196,4096,0,209038,0.0196,0.0000,0.0712,14877,0,209038,0.0712,0.0000,0.5119,110762,1,216374,0.5119,0.0000,0.5120,110784,1,216374,0.5120,0.0000
102.01,0.0392,8192,0,209038,0.0392,0.0000,0.0501,10474,0,209038,0.0501,0.0000,0.5119,110762,1,216374,0.5119,0.0000,0.5120,110784,1,216374,0.5120,0.0000
102.51,0.0392,8192,0,209038,0.0392,0.0000,0.0697,14570,0,209038,0.0697,0.0000,0.5119,110762,1,216374,0.5119,0.0000,0.5120,110784,1,216374,0.5120,0.0000
103.01,0.0392,8192,0,209038,0.0392,0.0000,0.0697,14570,0,209038,0.0697,0.0000,0.5119,110762,1,216374,0.5119,0.0000,0.4726,102261,2,216374,0.4726,0.0000
103.51,0.0000,0,0,209038,0.0000,0.0000,0.0486,10157,0,209038,0.0486,0.0000,0.5119,110762,1,216374,0.5119,0.0000,0.4726,102261,2,216374,0.4726,0.0000
104.01,0.0196,4096,0,209038,0.0196,0.0000,0.0682,14253,0,209038,0.0682,0.0000,0.5119,110762,1,216374,0.5119,0.0000,0.4726,102261,2,216374,0.4726,0.0000
104.51,0.0392,8192,0,209038,0.0392,0.0000,0.0471,9842,0,209038,0.0471,0.0000,0.5119,110762,1,216374,0.5119,0.0000,0.4726,102261,2,216374,0.4726,0.0000
105.01,0.0392,8192,0,209038,0.0392,0.0000,0.0471,9842,0,209038,0.0471,0.0000,0.5119,110762,1,216374,0.5119,0.0000,0.4726,102261,2,216374,0.4726,0.0000
105.52,0.0392,8192,0,209038,0.0392,0.0000,0.0667,13938,0,209038,0.0667,0.0000,0.5119,110762,1,216374,0.5119,0.0000,0.4726,102261,2,216374,0.4726,0.0000
106.02,0.0392,8192,0,209038,0.0392,0.0000,0.0456,9525,0,209038,0.0456,0.0000,0.5119,110762,1,216374,0.5119,0.0000,0.4334,93768,1,216374,0.4334,0.0000
106.52,0.0196,4096,0,209038,0.0196,0.0000,0.0652,13621,0,209038,0.0652,0.0000,0.5119,110762,1,216374,0.5119,0.0000,0.4334,93768,1,216374,0.4334,0.0000
107.02,0.0392,8192,0,209038,0.0392,0.0000,0.0436,9104,0,209038,0.0436,0.0000,0.6703,145029,1,216374,0.6703,0.0000,0.4334,93768,1,216374,0.4334,0.0000
107.52,0.0588,12288,0,209038,0.0588,0.0000,0.0436,9104,0,209038,0.0436,0.0000,0.6703,145029,1,216374,0.6703,0.0000,0.4334,93768,1,216374,0.4334,0.0000
108.02,0.0588,12288,0,209038,0.0588,0.0000,0.0631,13200,0,209038,0.0631,0.0000,0.6703,145029,1,216374,0.6703,0.0000,0.4334,93768,1,216374,0.4334,0.0000
108.52,0.0784,16384,0,209038,0.0784,0.0000,0.0420,8783,0,209038,0.0420,0.0000,0.6703,145029,1,216374,0.6703,0.0000,0.4334,93768,1,216374,0.4334,0.0000
109.02,0.0571,11937,0,209038,0.0571,0.0000,0.0616,12879,0,209038,0.0616,0.0000,0.6703,145029,1,216374,0.6703,0.0000,0.4334,93768,1,216374,0.4334,0.0000
109.52,0.0767,16033,0,209038,0.0767,0.0000,0.0616,12879,0,209038,0.0616,0.0000,0.6703,145029,1,216374,0.6703,0.0000,0.3546,76732,1,216374,0.3546,0.0000
110.02,0.0553,11570,0,209038,0.0553,0.0000,0.0405,8476,0,209038,0.0405,0.0000,0.6703,145029,1,216374,0.6703,0.0000,0.3546,76732,1,216374,0.3546,0.0000
110.52,0.0553,11570,0,209038,0.0553,0.0000,0.0601,12572,0,209038,0.0601,0.0000,0.6703,145029,1,216374,0.6703,0.0000,0.3546,76732,1,216374,0.3546,0.0000
111.02,0.0749,15666,0,209038,0.0749,0.0000,0.0797,16668,0,209038,0.0797,0.0000,0.6703,145029,1,216374,0.6703,0.0000,0.3546,76732,1,216374,0.3546,0.0000
111.52,0.0749,15666,0,209038,0.0749,0.0000,0.0797,16668,0,209038,0.0797,0.0000,0.6697,144895,1,216374,0.6697,0.0000,0.3546,76732,1,216374,0.3546,0.0000
112.02,0.0196,4096,0,209038,0.0196,0.0000,0.0583,12195,0,209038,0.0583,0.0000,0.6697,144895,1,216374,0.6697,0.0000,0.3546,76732,1,216374,0.3546,0.0000
112.52,0.0392,8192,0,209038,0.0392,0.0000,0.0779,16291,0,209038,0.0779,0.0000,0.6697,144895,1,216374,0.6697,0.0000,0.3546,76732,1,216374,0.3546,0.0000
113.02,0.0588,12288,0,209038,0.0588,0.0000,0.0569,11887,0,209038,0.0569,0.0000,0.6697,144895,1,216374,0.6697,0.0000,0.3546,76732,1,216374,0.3546,0.0000
113.52,0.0784,16384,0,209038,0.0784,0.0000,0.0765,15983,0,209038,0.0765,0.0000,0.6697,144895,1,216374,0.6697,0.0000,0.3546,76732,1,216374,0.3546,0.0000
114.02,0.0784,16384,0,209038,0.0784,0.0000,0.0765,15983,0,209038,0.0765,0.0000,0.7487,162009,2,216374,0.7487,0.0000,0.3546,76732,1,216374,0.3546,0.0000
114.52,0.0575,12013,0,209038,0.0575,0.0000,0.0553,11568,0,209038,0.0553,0.0000,0.7487,162009,2,216374,0.7487,0.0000,0.3546,76732,1,216374,0.3546,0.0000
115.02,0.0771,16109,0,209038,0.0771,0.0000,0.0749,15664,0,209038,0.0749,0.0000,0.7487,162009,2,216374,0.7487,0.0000,0.3546,76732,1,216374,0.3546,0.0000
115.52,0.0411,8594,0,209038,0.0411,0.0000,0.0539,11268,0,209038,0.0539,0.0000,0.7487,162009,2,216374,0.7487,0.0000,0.3546,76732,1,216374,0.3546,0.0000
116.02,0.0607,12690,0,209038,0.0607,0.0000,0.0539,11268,0,209038,0.0539,0.0000,0.7487,162009,2,216374,0.7487,0.0000,0.3546,76732,1,216374,0.3546,0.0000
116.52,0.0392,8192,0,209038,0.0392,0.0000,0.0735,15364,0,209038,0.0735,0.0000,0.7487,162009,2,216374,0.7487,0.0000,0.3546,76732,1,216374,0.3546,0.0000
117.02,0.0588,12288,0,209038,0.0588,0.0000,0.0523,10942,0,209038,0.0523,0.0000,0.6706,145098,1,216374,0.6706,0.0000,0.3546,76732,1,216374,0.3546,0.0000
117.52,0.0784,16384,0,209038,0.0784,0.0000,0.0719,15038,0,209038,0.0719,0.0000,0.6706,145098,1,216374,0.6706,0.0000,0.3546,76732,1,216374,0.3546,0.0000
118.02,0.0784,16384,0,209038,0.0784,0.0000,0.0719,15038,0,209038,0.0719,0.0000,0.6706,145098,1,216374,0.6706,0.0000,0.3546,76732,1,216374,0.3546,0.0000
118.52,0.0765,15997,0,209038,0.0765,0.0000,0.0703,14690,0,209038,0.0703,0.0000,0.6706,145098,1,216374,0.6706,0.0000,0.3546,76732,1,216374,0.3546,0.0000
119.02,0.0765,15997,0,209038,0.0765,0.0000,0.0703,14690,0,209038,0.0703,0.0000,0.6706,145098,1,216374,0.6706,0.0000,0.5121,110803,1,216374,0.5121,0.0000
119.52,0.0553,11559,0,209038,0.0553,0.0000,0.0492,10291,0,209038,0.0492,0.0000,0.6706,145098,1,216374,0.6706,0.0000,0.5121,110803,1,216374,0.5121,0.0000
120.02,0.0749,15655,0,209038,0.0749,0.0000,0.0688,14387,0,209038,0.0688,0.0000,0.6706,145098,1,216374,0.6706,0.0000,0.5121,110803,1,216374,0.5121,0.0000
120.52,0.0749,15655,0,209038,0.0749,0.0000,0.0688,14387,0,209038,0.0688,0.0000,0.6706,145098,1,216374,0.6706,0.0000,0.5121,110803,1,216374,0.5121,0.0000
121.02,0.0538,11250,0,209038,0.0538,0.0000,0.0476,9950,0,209038,0.0476,0.0000,0.6706,145098,1,216374,0.6706,0.0000,0.5121,110803,1,216374,0.5121,0.0000
121.52,0.0734,15346,0,209038,0.0734,0.0000,0.0672,14046,0,209038,0.0672,0.0000,0.6706,145098,1,216374,0.6706,0.0000,0.5121,110803,1,216374,0.5121,0.0000
122.02,0.0521,10895,0,209038,0.0521,0.0000,0.0460,9617,0,209038,0.0460,0.0000,0.6706,145098,1,216374,0.6706,0.0000,0.4339,93876,2,216374,0.4339,0.0000
122.52,0.0717,14991,0,209038,0.0717,0.0000,0.0460,9617,0,209038,0.0460,0.0000,0.6706,145098,1,216374,0.6706,0.0000,0.4339,93876,2,216374,0.4339,0.0000
123.02,0.0717,14991,0,209038,0.0717,0.0000,0.0656,13713,0,209038,0.0656,0.0000,0.6706,145098,1,216374,0.6706,0.0000,0.4339,93876,2,216374,0.4339,0.0000
123.52,0.0501,10473,0,209038,0.0501,0.0000,0.0443,9269,0,209038,0.0443,0.0000,0.6706,145098,1,216374,0.6706,0.0000,0.4339,93876,2,216374,0.4339,0.0000
124.02,0.0697,14569,0,209038,0.0697,0.0000,0.0639,13365,0,209038,0.0639,0.0000,0.6706,145098,1,216374,0.6706,0.0000,0.4339,93876,2,216374,0.4339,0.0000
124.52,0.0485,10139,0,209038,0.0485,0.0000,0.0426,8905,0,209038,0.0426,0.0000,0.6706,145098,1,216374,0.6706,0.0000,0.3946,85387,1,216374,0.3946,0.0000
125.02,0.0681,14235,0,209038,0.0681,0.0000,0.0426,8905,0,209038,0.0426,0.0000,0.6706,145098,1,216374,0.6706,0.0000,0.3946,85387,1,216374,0.3946,0.0000
125.52,0.0681,14235,0,209038,0.0681,0.0000,0.0622,13001,0,209038,0.0622,0.0000,0.6706,145098,1,216374,0.6706,0.0000,0.3946,85387,1,216374,0.3946,0.0000
126.02,0.0468,9777,0,209038,0.0468,0.0000,0.0412,8613,0,209038,0.0412,0.0000,0.6706,145098,1,216374,0.6706,0.0000,0.2762,59752,1,216374,0.2762,0.0000
126.52,0.0664,13873,0,209038,0.0664,0.0000,0.0608,12709,0,209038,0.0608,0.0000,0.6706,145098,1,216374,0.6706,0.0000,0.2762,59752,1,216374,0.2762,0.0000
127.02,0.0448,9355,0,209038,0.0448,0.0000,0.0608,12709,0,209038,0.0608,0.0000,0.8288,179322,1,216374,0.8288,0.0000,0.2762,59752,1,216374,0.2762,0.0000
127.52,0.0643,13451,0,209038,0.0643,0.0000,0.0397,8302,0,209038,0.0397,0.0000,0.8288,179322,1,216374,0.8288,0.0000,0.2762,59752,1,216374,0.2762,0.0000
128.02,0.0643,13451,0,209038,0.0643,0.0000,0.0593,12398,0,209038,0.0593,0.0000,0.8288,179322,1,216374,0.8288,0.0000,0.2762,59752,1,216374,0.2762,0.0000
128.52,0.0429,8971,0,209038,0.0429,0.0000,0.0789,16494,0,209038,0.0789,0.0000,0.8288,179322,1,216374,0.8288,0.0000,0.2762,59752,1,216374,0.2762,0.0000
129.02,0.0625,13067,0,209038,0.0625,0.0000,0.0789,16494,0,209038,0.0789,0.0000,0.7893,170774,1,216374,0.7893,0.0000,0.2762,59752,1,216374,0.2762,0.0000
129.52,0.0411,8593,0,209038,0.0411,0.0000,0.0578,12073,0,209038,0.0578,0.0000,0.7893,170774,1,216374,0.7893,0.0000,0.2762,59752,1,216374,0.2762,0.0000
130.02,0.0607,12689,0,209038,0.0607,0.0000,0.0773,16169,0,209038,0.0773,0.0000,0.7893,170774,1,216374,0.7893,0.0000,0.2762,59752,1,216374,0.2762,0.0000
130.52,0.0607,12689,0,209038,0.0607,0.0000,0.0561,11721,0,209038,0.0561,0.0000,0.7893,170774,1,216374,0.7893,0.0000,0.2762,59752,1,216374,0.2762,0.0000
131.02,0.0395,8256,0,209038,0.0395,0.0000,0.0757,15817,0,209038,0.0757,0.0000,0.7893,170774,1,216374,0.7893,0.0000,0.2762,59752,1,216374,0.2762,0.0000
131.52,0.0591,12352,0,209038,0.0591,0.0000,0.0757,15817,0,209038,0.0757,0.0000,0.8290,179375,1,216374,0.8290,0.0000,0.2762,59752,1,216374,0.2762,0.0000
132.02,0.0787,16448,0,209038,0.0787,0.0000,0.0546,11423,0,209038,0.0546,0.0000,0.8290,179375,1,216374,0.8290,0.0000,0.2762,59752,1,216374,0.2762,0.0000
132.52,0.0787,16448,0,209038,0.0787,0.0000,0.0742,15519,0,209038,0.0742,0.0000,0.8290,179375,1,216374,0.8290,0.0000,0.2762,59752,1,216374,0.2762,0.0000
133.02,0.0576,12037,0,209038,0.0576,0.0000,0.0528,11043,0,209038,0.0528,0.0000,0.7503,162351,1,216374,0.7503,0.0000,0.2762,59752,1,216374,0.2762,0.0000
133.52,0.0772,16133,0,209038,0.0772,0.0000,0.0528,11043,0,209038,0.0528,0.0000,0.7503,162351,1,216374,0.7503,0.0000,0.2762,59752,1,216374,0.2762,0.0000
134.02,0.0561,11730,0,209038,0.0561,0.0000,0.0724,15139,0,209038,0.0724,0.0000,0.7503,162351,1,216374,0.7503,0.0000,0.2762,59752,1,216374,0.2762,0.0000
134.52,0.0757,15826,0,209038,0.0757,0.0000,0.0511,10688,0,209038,0.0511,0.0000,0.7503,162351,1,216374,0.7503,0.0000,0.2762,59752,1,216374,0.2762,0.0000
135.02,0.0757,15826,0,209038,0.0757,0.0000,0.0707,14784,0,209038,0.0707,0.0000,0.7503,162351,1,216374,0.7503,0.0000,0.3163,68446,1,216374,0.3163,0.0000
135.52,0.0543,11360,0,209038,0.0543,0.0000,0.0707,14784,0,209038,0.0707,0.0000,0.7508,162458,1,216374,0.7508,0.0000,0.3163,68446,1,216374,0.3163,0.0000
136.02,0.0739,15456,0,209038,0.0739,0.0000,0.0493,10296,0,209038,0.0493,0.0000,0.7508,162458,1,216374,0.7508,0.0000,0.3163,68446,1,216374,0.3163,0.0000
136.52,0.0524,10947,0,209038,0.0524,0.0000,0.0688,14392,0,209038,0.0688,0.0000,0.7508,162458,1,216374,0.7508,0.0000,0.3163,68446,1,216374,0.3163,0.0000
137.02,0.0720,15043,0,209038,0.0720,0.0000,0.0477,9962,0,209038,0.0477,0.0000,0.7508,162458,1,216374,0.7508,0.0000,0.4342,93945,1,216374,0.4342,0.0000
137.52,0.0720,15043,0,209038,0.0720,0.0000,0.0673,14058,0,209038,0.0673,0.0000,0.7508,162458,1,216374,0.7508,0.0000,0.4342,93945,1,216374,0.4342,0.0000
138.02,0.0505,10559,0,209038,0.0505,0.0000,0.0673,14058,0,209038,0.0673,0.0000,0.7508,162458,1,216374,0.7508,0.0000,0.4342,93945,1,216374,0.4342,0.0000
138.52,0.0701,14655,0,209038,0.0701,0.0000,0.0462,9650,0,209038,0.0462,0.0000,0.7113,153905,1,216374,0.7113,0.0000,0.4342,93945,1,216374,0.4342,0.0000
139.02,0.0489,10227,0,209038,0.0489,0.0000,0.0658,13746,0,209038,0.0658,0.0000,0.7113,153905,1,216374,0.7113,0.0000,0.4342,93945,1,216374,0.4342,0.0000
139.52,0.0685,14323,0,209038,0.0685,0.0000,0.0445,9297,0,209038,0.0445,0.0000,0.7113,153905,1,216374,0.7113,0.0000,0.4342,93945,1,216374,0.4342,0.0000
140.02,0.0685,14323,0,209038,0.0685,0.0000,0.0445,9297,0,209038,0.0445,0.0000,0.7113,153905,1,216374,0.7113,0.0000,0.4342,93945,1,216374,0.4342,0.0000
140.52,0.0474,9907,0,209038,0.0474,0.0000,0.0641,13393,0,209038,0.0641,0.0000,0.7113,153905,1,216374,0.7113,0.0000,0.4342,93945,1,216374,0.4342,0.0000
141.02,0.0670,14003,0,209038,0.0670,0.0000,0.0429,8977,0,209038,0.0429,0.0000,0.7113,153905,1,216374,0.7113,0.0000,0.4342,93945,1,216374,0.4342,0.0000
141.52,0.0670,14003,0,209038,0.0670,0.0000,0.0625,13073,0,209038,0.0625,0.0000,0.7113,153905,1,216374,0.7113,0.0000,0.4351,94149,1,216374,0.4351,0.0000
142.02,0.0670,14003,0,209038,0.0670,0.0000,0.0413,8636,0,209038,0.0413,0.0000,0.7113,153905,1,216374,0.7113,0.0000,0.4351,94149,1,216374,0.4351,0.0000
142.52,0.0196,4096,0,209038,0.0196,0.0000,0.0413,8636,0,209038,0.0413,0.0000,0.6325,136856,1,216374,0.6325,0.0000,0.4351,94149,1,216374,0.4351,0.0000
143.02,0.0196,4096,0,209038,0.0196,0.0000,0.0609,12732,0,209038,0.0609,0.0000,0.6325,136856,1,216374,0.6325,0.0000,0.4351,94149,1,216374,0.4351,0.0000
143.52,0.0392,8192,0,209038,0.0392,0.0000,0.0400,8353,0,209038,0.0400,0.0000,0.6325,136856,1,216374,0.6325,0.0000,0.4351,94149,1,216374,0.4351,0.0000
144.02,0.0606,12676,0,209038,0.0606,0.0000,0.0596,12449,0,209038,0.0596,0.0000,0.6325,136856,1,216374,0.6325,0.0000,0.4351,94149,1,216374,0.4351,0.0000
144.52,0.0392,8192,0,209038,0.0392,0.0000,0.0596,12449,0,209038,0.0596,0.0000,0.6326,136885,1,216374,0.6326,0.0000,0.4351,94149,1,216374,0.4351,0.0000
145.02,0.0392,8192,0,209038,0.0392,0.0000,0.0791,16545,0,209038,0.0791,0.0000,0.6326,136885,1,216374,0.6326,0.0000,0.4351,94149,1,216374,0.4351,0.0000
145.52,0.0588,12288,0,209038,0.0588,0.0000,0.0579,12103,0,209038,0.0579,0.0000,0.6326,136885,1,216374,0.6326,0.0000,0.4351,94149,1,216374,0.4351,0.0000
146.02,0.0784,16384,0,209038,0.0784,0.0000,0.0775,16199,0,209038,0.0775,0.0000,0.6326,136885,1,216374,0.6326,0.0000,0.4351,94149,1,216374,0.4351,0.0000
146.52,0.0605,12644,0,209038,0.0605,0.0000,0.0775,16199,0,209038,0.0775,0.0000,0.6722,145442,1,216374,0.6722,0.0000,0.4351,94149,1,216374,0.4351,0.0000
147.02,0.0605,12644,0,209038,0.0605,0.0000,0.0562,11748,0,209038,0.0562,0.0000,0.6722,145442,1,216374,0.6722,0.0000,0.4351,94149,1,216374,0.4351,0.0000
147.52,0.0392,8192,0,209038,0.0392,0.0000,0.0758,15844,0,209038,0.0758,0.0000,0.6722,145442,1,216374,0.6722,0.0000,0.4351,94149,1,216374,0.4351,0.0000
148.02,0.0392,8192,0,209038,0.0392,0.0000,0.0546,11407,0,209038,0.0546,0.0000,0.6722,145442,1,216374,0.6722,0.0000,0.4351,94149,1,216374,0.4351,0.0000
148.52,0.0196,4096,0,209038,0.0196,0.0000,0.0546,11407,0,209038,0.0546,0.0000,0.6722,145442,1,216374,0.6722,0.0000,0.5140,111218,1,216374,0.5140,0.0000
149.02,0.0392,8192,0,209038,0.0392,0.0000,0.0742,15503,0,209038,0.0742,0.0000,0.5933,128379,1,216374,0.5933,0.0000,0.5140,111218,1,216374,0.5140,0.0000
149.52,0.0392,8192,0,209038,0.0392,0.0000,0.0527,11022,0,209038,0.0527,0.0000,0.5933,128379,1,216374,0.5933,0.0000,0.5140,111218,1,216374,0.5140,0.0000
150.02,0.0606,12669,0,209038,0.0606,0.0000,0.0723,15118,0,209038,0.0723,0.0000,0.5933,128379,1,216374,0.5933,0.0000,0.5140,111218,1,216374,0.5140,0.0000
150.52,0.0392,8192,0,209038,0.0392,0.0000,0.0513,10718,0,209038,0.0513,0.0000,0.5933,128379,1,216374,0.5933,0.0000,0.5140,111218,1,216374,0.5140,0.0000
151.02,0.0411,8582,0,209038,0.0411,0.0000,0.0513,10718,0,209038,0.0513,0.0000,0.5933,128379,1,216374,0.5933,0.0000,0.5140,111218,1,216374,0.5140,0.0000
151.52,0.0606,12678,0,209038,0.0606,0.0000,0.0709,14814,0,209038,0.0709,0.0000,0.5933,128379,1,216374,0.5933,0.0000,0.5140,111218,1,216374,0.5140,0.0000
152.02,0.0392,8192,0,209038,0.0392,0.0000,0.0496,10373,0,209038,0.0496,0.0000,0.5930,128312,1,216374,0.5930,0.0000,0.5140,111218,1,216374,0.5140,0.0000
152.52,0.0588,12288,0,209038,0.0588,0.0000,0.0692,14469,0,209038,0.0692,0.0000,0.5930,128312,1,216374,0.5930,0.0000,0.5140,111218,1,216374,0.5140,0.0000
153.02,0.0784,16384,0,209038,0.0784,0.0000,0.0692,14469,0,209038,0.0692,0.0000,0.5930,128312,1,216374,0.5930,0.0000,0.5939,128514,1,216374,0.5939,0.0000
153.52,0.0784,16384,0,209038,0.0784,0.0000,0.0479,10011,0,209038,0.0479,0.0000,0.5930,128312,1,216374,0.5930,0.0000,0.5939,128514,1,216374,0.5939,0.0000
154.02,0.0573,11988,0,209038,0.0573,0.0000,0.0675,14107,0,209038,0.0675,0.0000,0.5930,128312,1,216374,0.5930,0.0000,0.5939,128514,1,216374,0.5939,0.0000
154.52,0.0769,16084,0,209038,0.0769,0.0000,0.0460,9621,0,209038,0.0460,0.0000,0.5930,128312,1,216374,0.5930,0.0000,0.5939,128514,1,216374,0.5939,0.0000
155.02,0.0555,11611,0,209038,0.0555,0.0000,0.0460,9621,0,209038,0.0460,0.0000,0.5930,128312,1,216374,0.5930,0.0000,0.5939,128514,1,216374,0.5939,0.0000
155.52,0.0751,15707,0,209038,0.0751,0.0000,0.0656,13717,0,209038,0.0656,0.0000,0.5140,111223,1,216374,0.5140,0.0000,0.5939,128514,1,216374,0.5939,0.0000
156.02,0.0751,15707,0,209038,0.0751,0.0000,0.0443,9252,0,209038,0.0443,0.0000,0.5140,111223,1,216374,0.5140,0.0000,0.6336,137093,1,216374,0.6336,0.0000
156.52,0.0539,11258,0,209038,0.0539,0.0000,0.0639,13348,0,209038,0.0639,0.0000,0.5140,111223,1,216374,0.5140,0.0000,0.6336,137093,1,216374,0.6336,0.0000
157.02,0.0735,15354,0,209038,0.0735,0.0000,0.0424,8868,0,209038,0.0424,0.0000,0.5140,111223,1,216374,0.5140,0.0000,0.6336,137093,1,216374,0.6336,0.0000
157.52,0.0522,10920,0,209038,0.0522,0.0000,0.0424,8868,0,209038,0.0424,0.0000,0.5140,111223,1,216374,0.5140,0.0000,0.6336,137093,1,216374,0.6336,0.0000
158.02,0.0718,15016,0,209038,0.0718,0.0000,0.0620,12964,0,209038,0.0620,0.0000,0.5140,111223,1,216374,0.5140,0.0000,0.6336,137093,1,216374,0.6336,0.0000
158.52,0.0718,15016,0,209038,0.0718,0.0000,0.0405,8469,0,209038,0.0405,0.0000,0.4351,94140,1,216374,0.4351,0.0000,0.6336,137093,1,216374,0.6336,0.0000
159.02,0.0504,10540,0,209038,0.0504,0.0000,0.0601,12565,0,209038,0.0601,0.0000,0.4351,94140,1,216374,0.4351,0.0000,0.6336,137093,1,216374,0.6336,0.0000
159.52,0.0700,14636,0,209038,0.0700,0.0000,0.0601,12565,0,209038,0.0601,0.0000,0.4351,94140,1,216374,0.4351,0.0000,0.7916,171279,1,216374,0.7916,0.0000
160.02,0.0485,10143,0,209038,0.0485,0.0000,0.0797,16661,0,209038,0.0797,0.0000,0.4351,94140,1,216374,0.4351,0.0000,0.7916,171279,1,216374,0.7916,0.0000
160.52,0.0681,14239,0,209038,0.0681,0.0000,0.0582,12168,0,209038,0.0582,0.0000,0.4351,94140,1,216374,0.4351,0.0000,0.7916,171279,1,216374,0.7916,0.0000
161.02,0.0681,14239,0,209038,0.0681,0.0000,0.0778,16264,0,209038,0.0778,0.0000,0.4351,94140,1,216374,0.4351,0.0000,0.7916,171279,1,216374,0.7916,0.0000
161.52,0.0469,9809,0,209038,0.0469,0.0000,0.0778,16264,0,209038,0.0778,0.0000,0.4351,94140,1,216374,0.4351,0.0000,0.7916,171279,1,216374,0.7916,0.0000
162.02,0.0665,13905,0,209038,0.0665,0.0000,0.0566,11842,0,209038,0.0566,0.0000,0.4351,94140,1,216374,0.4351,0.0000,0.7916,171279,1,216374,0.7916,0.0000
162.52,0.0455,9508,0,209038,0.0455,0.0000,0.0762,15938,0,209038,0.0762,0.0000,0.4351,94140,1,216374,0.4351,0.0000,0.6728,145573,1,216374,0.6728,0.0000
163.02,0.0455,9508,0,209038,0.0455,0.0000,0.0550,11497,0,209038,0.0550,0.0000,0.4351,94140,1,216374,0.4351,0.0000,0.6728,145573,1,216374,0.6728,0.0000
163.52,0.0651,13604,0,209038,0.0651,0.0000,0.0746,15593,0,209038,0.0746,0.0000,0.4351,94140,1,216374,0.4351,0.0000,0.6728,145573,1,216374,0.6728,0.0000
164.02,0.0440,9201,0,209038,0.0440,0.0000,0.0746,15593,0,209038,0.0746,0.0000,0.4743,102623,1,216374,0.4743,0.0000,0.6728,145573,1,216374,0.6728,0.0000
164.52,0.0636,13297,0,209038,0.0636,0.0000,0.0530,11078,0,209038,0.0530,0.0000,0.4743,102623,1,216374,0.4743,0.0000,0.6728,145573,1,216374,0.6728,0.0000
165.02,0.0422,8813,0,209038,0.0422,0.0000,0.0726,15174,0,209038,0.0726,0.0000,0.4743,102623,1,216374,0.4743,0.0000,0.6335,137072,1,216374,0.6335,0.0000
165.52,0.0422,8813,0,209038,0.0422,0.0000,0.0513,10717,0,209038,0.0513,0.0000,0.4743,102623,1,216374,0.4743,0.0000,0.6335,137072,1,216374,0.6335,0.0000
166.02,0.0618,12909,0,209038,0.0618,0.0000,0.0513,10717,0,209038,0.0513,0.0000,0.4743,102623,1,216374,0.4743,0.0000,0.6335,137072,1,216374,0.6335,0.0000
166.52,0.0407,8516,0,209038,0.0407,0.0000,0.0709,14813,0,209038,0.0709,0.0000,0.5530,119661,1,216374,0.5530,0.0000,0.6335,137072,1,216374,0.6335,0.0000
167.02,0.0603,12612,0,209038,0.0603,0.0000,0.0495,10344,0,209038,0.0495,0.0000,0.5530,119661,1,216374,0.5530,0.0000,0.6335,137072,1,216374,0.6335,0.0000
167.52,0.0799,16708,0,209038,0.0799,0.0000,0.0691,14440,0,209038,0.0691,0.0000,0.5530,119661,1,216374,0.5530,0.0000,0.6335,137072,1,216374,0.6335,0.0000
168.02,0.0799,16708,0,209038,0.0799,0.0000,0.0691,14440,0,209038,0.0691,0.0000,0.4740,102570,1,216374,0.4740,0.0000,0.6335,137072,1,216374,0.6335,0.0000
168.52,0.0585,12238,0,209038,0.0585,0.0000,0.0478,9995,0,209038,0.0478,0.0000,0.4740,102570,1,216374,0.4740,0.0000,0.6335,137072,1,216374,0.6335,0.0000
169.02,0.0781,16334,0,209038,0.0781,0.0000,0.0674,14091,0,209038,0.0674,0.0000,0.4740,102570,1,216374,0.4740,0.0000,0.6335,137072,1,216374,0.6335,0.0000
169.52,0.0572,11947,0,209038,0.0572,0.0000,0.0458,9580,0,209038,0.0458,0.0000,0.4740,102570,1,216374,0.4740,0.0000,0.6335,137072,1,216374,0.6335,0.0000
170.02,0.0572,11947,0,209038,0.0572,0.0000,0.0654,13676,0,209038,0.0654,0.0000,0.4740,102570,1,216374,0.4740,0.0000,0.6335,137072,1,216374,0.6335,0.0000
170.52,0.0767,16043,0,209038,0.0767,0.0000,0.0654,13676,0,209038,0.0654,0.0000,0.4740,102570,1,216374,0.4740,0.0000,0.6335,137072,1,216374,0.6335,0.0000
171.02,0.0554,11585,0,209038,0.0554,0.0000,0.0444,9290,0,209038,0.0444,0.0000,0.4740,102570,1,216374,0.4740,0.0000,0.6729,145592,1,216374,0.6729,0.0000
171.52,0.0750,15681,0,209038,0.0750,0.0000,0.0640,13386,0,209038,0.0640,0.0000,0.4740,102570,1,216374,0.4740,0.0000,0.6729,145592,1,216374,0.6729,0.0000
172.02,0.0535,11189,0,209038,0.0535,0.0000,0.0425,8885,0,209038,0.0425,0.0000,0.4740,102570,1,216374,0.4740,0.0000,0.6729,145592,1,216374,0.6729,0.0000
172.52,0.0535,11189,0,209038,0.0535,0.0000,0.0425,8885,0,209038,0.0425,0.0000,0.4740,102570,1,216374,0.4740,0.0000,0.6729,145592,1,216374,0.6729,0.0000
173.02,0.0731,15285,0,209038,0.0731,0.0000,0.0621,12981,0,209038,0.0621,0.0000,0.4740,102570,1,216374,0.4740,0.0000,0.6729,145592,1,216374,0.6729,0.0000
173.52,0.0519,10858,0,209038,0.0519,0.0000,0.0407,8515,0,209038,0.0407,0.0000,0.5133,111074,1,216374,0.5133,0.0000,0.5934,128396,1,216374,0.5934,0.0000
174.02,0.0715,14954,0,209038,0.0715,0.0000,0.0603,12611,0,209038,0.0603,0.0000,0.5133,111074,1,216374,0.5133,0.0000,0.5934,128396,1,216374,0.5934,0.0000
174.53,0.0500,10450,0,209038,0.0500,0.0000,0.0603,12611,0,209038,0.0603,0.0000,0.5133,111074,1,216374,0.5133,0.0000,0.5934,128396,1,216374,0.5934,0.0000
175.03,0.0500,10450,0,209038,0.0500,0.0000,0.0799,16707,0,209038,0.0799,0.0000,0.5133,111074,1,216374,0.5133,0.0000,0.5934,128396,1,216374,0.5934,0.0000
175.53,0.0696,14546,0,209038,0.0696,0.0000,0.0583,12188,0,209038,0.0583,0.0000,0.5133,111074,1,216374,0.5133,0.0000,0.5934,128396,1,216374,0.5934,0.0000
176.03,0.0481,10065,0,209038,0.0481,0.0000,0.0779,16284,0,209038,0.0779,0.0000,0.5133,111074,1,216374,0.5133,0.0000,0.5532,119706,1,216374,0.5532,0.0000
176.53,0.0677,14161,0,209038,0.0677,0.0000,0.0779,16284,0,209038,0.0779,0.0000,0.5133,111074,1,216374,0.5133,0.0000,0.5532,119706,1,216374,0.5532,0.0000
177.03,0.0466,9740,0,209038,0.0466,0.0000,0.0566,11842,0,209038,0.0566,0.0000,0.5133,111074,1,216374,0.5133,0.0000,0.5532,119706,1,216374,0.5532,0.0000
177.53,0.0466,9740,0,209038,0.0466,0.0000,0.0762,15938,0,209038,0.0762,0.0000,0.5133,111074,1,216374,0.5133,0.0000,0.5532,119706,1,216374,0.5532,0.0000
178.03,0.0662,13836,0,209038,0.0662,0.0000,0.0549,11474,0,209038,0.0549,0.0000,0.5133,111074,1,216374,0.5133,0.0000,0.4743,102619,1,216374,0.4743,0.0000
178.53,0.0447,9343,0,209038,0.0447,0.0000,0.0745,15570,0,209038,0.0745,0.0000,0.5133,111074,1,216374,0.5133,0.0000,0.4743,102619,1,216374,0.4743,0.0000
179.03,0.0643,13439,0,209038,0.0643,0.0000,0.0745,15570,0,209038,0.0745,0.0000,0.5133,111074,1,216374,0.5133,0.0000,0.4743,102619,1,216374,0.4743,0.0000
179.53,0.0643,13439,0,209038,0.0643,0.0000,0.0533,11146,0,209038,0.0533,0.0000,0.6318,136704,1,216374,0.6318,0.0000,0.4743,102619,1,216374,0.4743,0.0000
180.03,0.0433,9058,0,209038,0.0433,0.0000,0.0729,15242,0,209038,0.0729,0.0000,0.6318,136704,1,216374,0.6318,0.0000,0.4743,102619,1,216374,0.4743,0.0000
180.53,0.0629,13154,0,209038,0.0629,0.0000,0.0519,10847,0,209038,0.0519,0.0000,0.6318,136704,1,216374,0.6318,0.0000,0.4743,102619,1,216374,0.4743,0.0000
181.03,0.0419,8758,0,209038,0.0419,0.0000,0.0519,10847,0,209038,0.0519,0.0000,0.5534,119744,1,216374,0.5534,0.0000,0.4743,102619,1,216374,0.4743,0.0000
181.53,0.0615,12854,0,209038,0.0615,0.0000,0.0715,14943,0,209038,0.0715,0.0000,0.5534,119744,1,216374,0.5534,0.0000,0.4743,102619,1,216374,0.4743,0.0000
182.03,0.0615,12854,0,209038,0.0615,0.0000,0.0501,10470,0,209038,0.0501,0.0000,0.5534,119744,1,216374,0.5534,0.0000,0.4743,102619,1,216374,0.4743,0.0000
182.53,0.0400,8353,0,209038,0.0400,0.0000,0.0697,14566,0,209038,0.0697,0.0000,0.5534,119744,1,216374,0.5534,0.0000,0.4743,102619,1,216374,0.4743,0.0000
183.03,0.0596,12449,0,209038,0.0596,0.0000,0.0697,14566,0,209038,0.0697,0.0000,0.5534,119744,1,216374,0.5534,0.0000,0.4743,102619,1,216374,0.4743,0.0000
183.53,0.0791,16545,0,209038,0.0791,0.0000,0.0483,10093,0,209038,0.0483,0.0000,0.5534,119744,1,216374,0.5534,0.0000,0.4743,102619,1,216374,0.4743,0.0000
184.03,0.0575,12029,0,209038,0.0575,0.0000,0.0679,14189,0,209038,0.0679,0.0000,0.4741,102577,1,216374,0.4741,0.0000,0.4743,102619,1,216374,0.4743,0.0000
184.53,0.0575,12029,0,209038,0.0575,0.0000,0.0464,9702,0,209038,0.0464,0.0000,0.4741,102577,1,216374,0.4741,0.0000,0.7109,153829,1,216374,0.7109,0.0000
185.03,0.0771,16125,0,209038,0.0771,0.0000,0.0660,13798,0,209038,0.0660,0.0000,0.4741,102577,1,216374,0.4741,0.0000,0.7109,153829,1,216374,0.7109,0.0000
185.53,0.0556,11626,0,209038,0.0556,0.0000,0.0660,13798,0,209038,0.0660,0.0000,0.4741,102577,1,216374,0.4741,0.0000,0.7109,153829,1,216374,0.7109,0.0000
186.03,0.0752,15722,0,209038,0.0752,0.0000,0.0445,9311,0,209038,0.0445,0.0000,0.4741,102577,1,216374,0.4741,0.0000,0.7109,153829,1,216374,0.7109,0.0000
186.53,0.0752,15722,0,209038,0.0752,0.0000,0.0641,13407,0,209038,0.0641,0.0000,0.4741,102577,1,216374,0.4741,0.0000,0.7103,153696,1,216374,0.7103,0.0000
187.03,0.0539,11264,0,209038,0.0539,0.0000,0.0425,8891,0,209038,0.0425,0.0000,0.4741,102577,1,216374,0.4741,0.0000,0.7103,153696,1,216374,0.7103,0.0000
187.53,0.0735,15360,0,209038,0.0735,0.0000,0.0425,8891,0,209038,0.0425,0.0000,0.4741,102577,1,216374,0.4741,0.0000,0.7103,153696,1,216374,0.7103,0.0000
188.03,0.0526,10985,0,209038,0.0526,0.0000,0.0621,12987,0,209038,0.0621,0.0000,0.5129,110973,1,216374,0.5129,0.0000,0.7103,153696,1,216374,0.7103,0.0000
188.53,0.0721,15081,0,209038,0.0721,0.0000,0.0410,8578,0,209038,0.0410,0.0000,0.5129,110973,1,216374,0.5129,0.0000,0.7103,153696,1,216374,0.7103,0.0000
189.03,0.0721,15081,0,209038,0.0721,0.0000,0.0410,8578,0,209038,0.0410,0.0000,0.5129,110973,1,216374,0.5129,0.0000,0.7103,153696,1,216374,0.7103,0.0000
189.53,0.0510,10666,0,209038,0.0510,0.0000,0.0606,12674,0,209038,0.0606,0.0000,0.5129,110973,1,216374,0.5129,0.0000,0.7103,153696,1,216374,0.7103,0.0000
190.03,0.0706,14762,0,209038,0.0706,0.0000,0.0802,16770,0,209038,0.0802,0.0000,0.5129,110973,1,216374,0.5129,0.0000,0.6714,145282,1,216374,0.6714,0.0000
190.53,0.0494,10332,0,209038,0.0494,0.0000,0.0586,12249,0,209038,0.0586,0.0000,0.5129,110973,1,216374,0.5129,0.0000,0.6714,145282,1,216374,0.6714,0.0000
191.03,0.0690,14428,0,209038,0.0690,0.0000,0.0782,16345,0,209038,0.0782,0.0000,0.5129,110973,1,216374,0.5129,0.0000,0.6714,145282,1,216374,0.6714,0.0000
191.53,0.0690,14428,0,209038,0.0690,0.0000,0.0782,16345,0,209038,0.0782,0.0000,0.5129,110973,1,216374,0.5129,0.0000,0.6315,136650,1,216374,0.6315,0.0000
192.03,0.0480,10037,0,209038,0.0480,0.0000,0.0566,11837,0,209038,0.0566,0.0000,0.5129,110973,1,216374,0.5129,0.0000,0.6315,136650,1,216374,0.6315,0.0000
192.53,0.0676,14133,0,209038,0.0676,0.0000,0.0762,15933,0,209038,0.0762,0.0000,0.5129,110973,1,216374,0.5129,0.0000,0.6315,136650,1,216374,0.6315,0.0000
193.03,0.0466,9737,0,209038,0.0466,0.0000,0.0547,11433,0,209038,0.0547,0.0000,0.5129,110973,1,216374,0.5129,0.0000,0.6315,136650,1,216374,0.6315,0.0000
193.53,0.0662,13833,0,209038,0.0662,0.0000,0.0743,15529,0,209038,0.0743,0.0000,0.5129,110973,1,216374,0.5129,0.0000,0.6315,136650,1,216374,0.6315,0.0000
194.03,0.0662,13833,0,209038,0.0662,0.0000,0.0743,15529,0,209038,0.0743,0.0000,0.5131,111031,1,216374,0.5131,0.0000,0.6315,136650,1,216374,0.6315,0.0000
194.53,0.0445,9311,0,209038,0.0445,0.0000,0.0534,11154,0,209038,0.0534,0.0000,0.5131,111031,1,216374,0.5131,0.0000,0.6315,136650,1,216374,0.6315,0.0000
195.03,0.0641,13407,0,209038,0.0641,0.0000,0.0730,15250,0,209038,0.0730,0.0000,0.5131,111031,1,216374,0.5131,0.0000,0.6315,136650,1,216374,0.6315,0.0000
195.53,0.0426,8913,0,209038,0.0426,0.0000,0.0514,10735,0,209038,0.0514,0.0000,0.5131,111031,1,216374,0.5131,0.0000,0.6697,144905,1,216374,0.6697,0.0000
196.03,0.0426,8913,0,209038,0.0426,0.0000,0.0514,10735,0,209038,0.0514,0.0000,0.5131,111031,1,216374,0.5131,0.0000,0.6697,144905,1,216374,0.6697,0.0000
196.53,0.0622,13009,0,209038,0.0622,0.0000,0.0709,14831,0,209038,0.0709,0.0000,0.5131,111031,1,216374,0.5131,0.0000,0.6697,144905,1,216374,0.6697,0.0000
197.03,0.0409,8558,0,209038,0.0409,0.0000,0.0496,10365,0,209038,0.0496,0.0000,0.4736,102478,1,216374,0.4736,0.0000,0.6697,144905,1,216374,0.6697,0.0000
197.53,0.0605,12654,0,209038,0.0605,0.0000,0.0692,14461,0,209038,0.0692,0.0000,0.4736,102478,1,216374,0.4736,0.0000,0.6697,144905,1,216374,0.6697,0.0000
198.03,0.0395,8258,0,209038,0.0395,0.0000,0.0692,14461,0,209038,0.0692,0.0000,0.4736,102478,1,216374,0.4736,0.0000,0.6692,144807,1,216374,0.6692,0.0000
198.53,0.0395,8258,0,209038,0.0395,0.0000,0.0481,10052,0,209038,0.0481,0.0000,0.4736,102478,1,216374,0.4736,0.0000,0.6692,144807,1,216374,0.6692,0.0000
199.03,0.0591,12354,0,209038,0.0591,0.0000,0.0677,14148,0,209038,0.0677,0.0000,0.4736,102478,1,216374,0.4736,0.0000,0.6692,144807,1,216374,0.6692,0.0000
199.53,0.0787,16450,0,209038,0.0787,0.0000,0.0465,9717,0,209038,0.0465,0.0000,0.4736,102478,1,216374,0.4736,0.0000,0.6692,144807,1,216374,0.6692,0.0000
200.03,0.0573,11984,0,209038,0.0573,0.0000,0.0661,13813,0,209038,0.0661,0.0000,0.4736,102478,1,216374,0.4736,0.0000,0.6692,144807,1,216374,0.6692,0.0000
200.53,0.0769,16080,0,209038,0.0769,0.0000,0.0661,13813,0,209038,0.0661,0.0000,0.4736,102478,1,216374,0.4736,0.0000,0.6692,144807,1,216374,0.6692,0.0000
201.03,0.0769,16080,0,209038,0.0769,0.0000,0.0447,9336,0,209038,0.0447,0.0000,0.4736,102478,1,216374,0.4736,0.0000,0.5909,127848,1,216374,0.5909,0.0000
201.53,0.0603,12601,0,209038,0.0603,0.0000,0.0643,13432,0,209038,0.0643,0.0000,0.4736,102478,1,216374,0.4736,0.0000,0.5909,127848,1,216374,0.5909,0.0000
202.03,0.0392,8192,0,209038,0.0392,0.0000,0.0430,8995,0,209038,0.0430,0.0000,0.4739,102533,1,216374,0.4739,0.0000,0.5909,127848,1,216374,0.5909,0.0000
202.53,0.0392,8192,0,209038,0.0392,0.0000,0.0430,8995,0,209038,0.0430,0.0000,0.4739,102533,1,216374,0.4739,0.0000,0.5909,127848,1,216374,0.5909,0.0000
203.03,0.0604,12622,0,209038,0.0604,0.0000,0.0626,13091,0,209038,0.0626,0.0000,0.4739,102533,1,216374,0.4739,0.0000,0.5909,127848,1,216374,0.5909,0.0000
203.53,0.0392,8192,0,209038,0.0392,0.0000,0.0417,8715,0,209038,0.0417,0.0000,0.4739,102533,1,216374,0.4739,0.0000,0.5909,127848,1,216374,0.5909,0.0000
204.03,0.0588,12288,0,209038,0.0588,0.0000,0.0613,12811,0,209038,0.0613,0.0000,0.4739,102533,1,216374,0.4739,0.0000,0.5909,127848,1,216374,0.5909,0.0000
204.53,0.0784,16384,0,209038,0.0784,0.0000,0.0397,8306,0,209038,0.0397,0.0000,0.4739,102533,1,216374,0.4739,0.0000,0.5909,127848,1,216374,0.5909,0.0000
205.03,0.0784,16384,0,209038,0.0784,0.0000,0.0397,8306,0,209038,0.0397,0.0000,0.4738,102525,1,216374,0.4738,0.0000,0.5909,127848,1,216374,0.5909,0.0000
205.53,0.0607,12693,0,209038,0.0607,0.0000,0.0593,12402,0,209038,0.0593,0.0000,0.4738,102525,1,216374,0.4738,0.0000,0.5909,127848,1,216374,0.5909,0.0000
206.03,0.0392,8192,0,209038,0.0392,0.0000,0.0789,16498,0,209038,0.0789,0.0000,0.4738,102525,1,216374,0.4738,0.0000,0.5909,127848,1,216374,0.5909,0.0000
206.53,0.0392,8192,0,209038,0.0392,0.0000,0.0580,12124,0,209038,0.0580,0.0000,0.4738,102525,1,216374,0.4738,0.0000,0.5909,127848,1,216374,0.5909,0.0000
207.03,0.0588,12288,0,209038,0.0588,0.0000,0.0580,12124,0,209038,0.0580,0.0000,0.4738,102525,1,216374,0.4738,0.0000,0.5909,127848,1,216374,0.5909,0.0000
207.53,0.0784,16384,0,209038,0.0784,0.0000,0.0776,16220,0,209038,0.0776,0.0000,0.4738,102525,1,216374,0.4738,0.0000,0.5909,127848,1,216374,0.5909,0.0000
208.03,0.0574,11994,0,209038,0.0574,0.0000,0.0566,11827,0,209038,0.0566,0.0000,0.4342,93944,1,216374,0.4342,0.0000,0.5909,127848,1,216374,0.5909,0.0000
208.53,0.0770,16090,0,209038,0.0770,0.0000,0.0762,15923,0,209038,0.0762,0.0000,0.4342,93944,1,216374,0.4342,0.0000,0.5909,127848,1,216374,0.5909,0.0000
209.03,0.0770,16090,0,209038,0.0770,0.0000,0.0762,15923,0,209038,0.0762,0.0000,0.4342,93944,1,216374,0.4342,0.0000,0.6709,145169,1,216374,0.6709,0.0000
209.53,0.0556,11617,0,209038,0.0556,0.0000,0.0550,11503,0,209038,0.0550,0.0000,0.4342,93944,1,216374,0.4342,0.0000,0.6709,145169,1,216374,0.6709,0.0000
210.03,0.0752,15713,0,209038,0.0752,0.0000,0.0746,15599,0,209038,0.0746,0.0000,0.4342,93944,1,216374,0.4342,0.0000,0.6709,145169,1,216374,0.6709,0.0000
210.53,0.0752,15713,0,209038,0.0752,0.0000,0.0533,11136,0,209038,0.0533,0.0000,0.4342,93944,1,216374,0.4342,0.0000,0.6709,145169,1,216374,0.6709,0.0000
211.03,0.0752,15713,0,209038,0.0752,0.0000,0.0533,11136,0,209038,0.0533,0.0000,0.3949,85450,1,216374,0.3949,0.0000,0.6709,145169,1,216374,0.6709,0.0000
211.53,0.0196,4096,0,209038,0.0196,0.0000,0.0729,15232,0,209038,0.0729,0.0000,0.3949,85450,1,216374,0.3949,0.0000,0.6709,145169,1,216374,0.6709,0.0000
212.03,0.0392,8192,0,209038,0.0392,0.0000,0.0519,10847,0,209038,0.0519,0.0000,0.3949,85450,1,216374,0.3949,0.0000,0.6709,145169,1,216374,0.6709,0.0000
212.53,0.0407,8501,0,209038,0.0407,0.0000,0.0715,14943,0,209038,0.0715,0.0000,0.3949,85450,1,216374,0.3949,0.0000,0.6709,145169,1,216374,0.6709,0.0000
213.03,0.0603,12597,0,209038,0.0603,0.0000,0.0501,10465,0,209038,0.0501,0.0000,0.3949,85450,1,216374,0.3949,0.0000,0.7104,153705,1,216374,0.7104,0.0000
213.53,0.0392,8192,0,209038,0.0392,0.0000,0.0501,10465,0,209038,0.0501,0.0000,0.3949,85450,1,216374,0.3949,0.0000,0.7104,153705,1,216374,0.7104,0.0000
214.03,0.0392,8192,0,209038,0.0392,0.0000,0.0697,14561,0,209038,0.0697,0.0000,0.3949,85450,1,216374,0.3949,0.0000,0.7104,153705,1,216374,0.7104,0.0000
214.53,0.0392,8192,0,209038,0.0392,0.0000,0.0483,10104,0,209038,0.0483,0.0000,0.3949,85450,1,216374,0.3949,0.0000,0.7104,153705,1,216374,0.7104,0.0000
215.03,0.0196,4096,0,209038,0.0196,0.0000,0.0679,14200,0,209038,0.0679,0.0000,0.3949,85450,1,216374,0.3949,0.0000,0.7104,153705,1,216374,0.7104,0.0000
215.53,0.0392,8192,0,209038,0.0392,0.0000,0.0679,14200,0,209038,0.0679,0.0000,0.3949,85450,1,216374,0.3949,0.0000,0.6316,136664,1,216374,0.6316,0.0000
216.03,0.0392,8192,0,209038,0.0392,0.0000,0.0467,9771,0,209038,0.0467,0.0000,0.3949,85450,1,216374,0.3949,0.0000,0.6316,136664,1,216374,0.6316,0.0000
216.53,0.0196,4096,0,209038,0.0196,0.0000,0.0663,13867,0,209038,0.0663,0.0000,0.5525,119541,1,216374,0.5525,0.0000,0.6316,136664,1,216374,0.6316,0.0000
217.03,0.0392,8192,0,209038,0.0392,0.0000,0.0448,9359,0,209038,0.0448,0.0000,0.5525,119541,1,216374,0.5525,0.0000,0.6316,136664,1,216374,0.6316,0.0000
217.53,0.0392,8192,0,209038,0.0392,0.0000,0.0448,9359,0,209038,0.0448,0.0000,0.5525,119541,1,216374,0.5525,0.0000,0.6316,136664,1,216374,0.6316,0.0000
218.03,0.0604,12631,0,209038,0.0604,0.0000,0.0644,13455,0,209038,0.0644,0.0000,0.5525,119541,1,216374,0.5525,0.0000,0.6316,136664,1,216374,0.6316,0.0000
218.53,0.0392,8192,0,209038,0.0392,0.0000,0.0433,9058,0,209038,0.0433,0.0000,0.5525,119541,1,216374,0.5525,0.0000,0.6316,136664,1,216374,0.6316,0.0000
219.03,0.0588,12288,0,209038,0.0588,0.0000,0.0629,13154,0,209038,0.0629,0.0000,0.5525,119541,1,216374,0.5525,0.0000,0.6316,136664,1,216374,0.6316,0.0000
219.53,0.0784,16384,0,209038,0.0784,0.0000,0.0418,8740,0,209038,0.0418,0.0000,0.5525,119541,1,216374,0.5525,0.0000,0.6316,136664,1,216374,0.6316,0.0000
220.03,0.0784,16384,0,209038,0.0784,0.0000,0.0418,8740,0,209038,0.0418,0.0000,0.5525,119541,1,216374,0.5525,0.0000,0.6316,136664,1,216374,0.6316,0.0000
220.53,0.0784,16384,0,209038,0.0784,0.0000,0.0614,12836,0,209038,0.0614,0.0000,0.5525,119541,1,216374,0.5525,0.0000,0.6316,136664,1,216374,0.6316,0.0000
221.03,0.0196,4096,0,209038,0.0196,0.0000,0.0398,8328,0,209038,0.0398,0.0000,0.5525,119541,1,216374,0.5525,0.0000,0.6316,136664,1,216374,0.6316,0.0000
221.53,0.0392,8192,0,209038,0.0392,0.0000,0.0594,12424,0,209038,0.0594,0.0000,0.5525,119541,1,216374,0.5525,0.0000,0.6316,136664,1,216374,0.6316,0.0000
222.03,0.0602,12590,0,209038,0.0602,0.0000,0.0594,12424,0,209038,0.0594,0.0000,0.5525,119541,1,216374,0.5525,0.0000,0.6316,136664,1,216374,0.6316,0.0000
222.53,0.0392,8192,0,209038,0.0392,0.0000,0.0790,16520,0,209038,0.0790,0.0000,0.5525,119541,1,216374,0.5525,0.0000,0.5918,128051,1,216374,0.5918,0.0000
223.03,0.0392,8192,0,209038,0.0392,0.0000,0.0579,12113,0,209038,0.0579,0.0000,0.5525,119541,1,216374,0.5525,0.0000,0.5918,128051,1,216374,0.5918,0.0000
223.53,0.0588,12288,0,209038,0.0588,0.0000,0.0775,16209,0,209038,0.0775,0.0000,0.5525,119541,1,216374,0.5525,0.0000,0.5918,128051,1,216374,0.5918,0.0000
224.03,0.0784,16384,0,209038,0.0784,0.0000,0.0775,16209,0,209038,0.0775,0.0000,0.5525,119541,1,216374,0.5525,0.0000,0.5918,128051,1,216374,0.5918,0.0000
224.53,0.0573,11968,0,209038,0.0573,0.0000,0.0564,11800,0,209038,0.0564,0.0000,0.5525,119541,1,216374,0.5525,0.0000,0.5918,128051,1,216374,0.5918,0.0000
225.03,0.0573,11968,0,209038,0.0573,0.0000,0.0760,15896,0,209038,0.0760,0.0000,0.5524,119534,1,216374,0.5524,0.0000,0.5918,128051,1,216374,0.5918,0.0000
225.53,0.0768,16064,0,209038,0.0768,0.0000,0.0549,11468,0,209038,0.0549,0.0000,0.5524,119534,1,216374,0.5524,0.0000,0.5918,128051,1,216374,0.5918,0.0000
226.03,0.0604,12625,0,209038,0.0604,0.0000,0.0745,15564,0,209038,0.0745,0.0000,0.5524,119534,1,216374,0.5524,0.0000,0.5918,128051,1,216374,0.5918,0.0000
226.53,0.0392,8192,0,209038,0.0392,0.0000,0.0745,15564,0,209038,0.0745,0.0000,0.5130,110990,1,216374,0.5130,0.0000,0.5922,128141,1,216374,0.5922,0.0000
227.03,0.0392,8192,0,209038,0.0392,0.0000,0.0534,11173,0,209038,0.0534,0.0000,0.5130,110990,1,216374,0.5130,0.0000,0.5922,128141,1,216374,0.5922,0.0000
227.53,0.0604,12633,0,209038,0.0604,0.0000,0.0730,15269,0,209038,0.0730,0.0000,0.5130,110990,1,216374,0.5130,0.0000,0.5922,128141,1,216374,0.5922,0.0000
228.03,0.0392,8192,0,209038,0.0392,0.0000,0.0521,10885,0,209038,0.0521,0.0000,0.5130,110990,1,216374,0.5130,0.0000,0.5922,128141,1,216374,0.5922,0.0000
228.53,0.0392,8192,0,209038,0.0392,0.0000,0.0521,10885,0,209038,0.0521,0.0000,0.5130,110990,1,216374,0.5130,0.0000,0.5922,128141,1,216374,0.5922,0.0000
229.03,0.0392,8192,0,209038,0.0392,0.0000,0.0717,14981,0,209038,0.0717,0.0000,0.5130,110990,1,216374,0.5130,0.0000,0.5922,128141,1,216374,0.5922,0.0000
229.53,0.0392,8192,0,209038,0.0392,0.0000,0.0505,10556,0,209038,0.0505,0.0000,0.5130,110990,1,216374,0.5130,0.0000,0.5922,128141,1,216374,0.5922,0.0000
230.03,0.0392,8192,0,209038,0.0392,0.0000,0.0701,14652,0,209038,0.0701,0.0000,0.5130,110990,1,216374,0.5130,0.0000,0.5922,128141,1,216374,0.5922,0.0000
230.53,0.0392,8192,0,209038,0.0392,0.0000,0.0701,14652,0,209038,0.0701,0.0000,0.5130,110990,1,216374,0.5130,0.0000,0.5926,128230,1,216374,0.5926,0.0000
231.03,0.0196,4096,0,209038,0.0196,0.0000,0.0490,10243,0,209038,0.0490,0.0000,0.5130,110990,1,216374,0.5130,0.0000,0.5926,128230,1,216374,0.5926,0.0000
231.53,0.0392,8192,0,209038,0.0392,0.0000,0.0686,14339,0,209038,0.0686,0.0000,0.5130,110990,1,216374,0.5130,0.0000,0.5926,128230,1,216374,0.5926,0.0000
232.03,0.0392,8192,0,209038,0.0392,0.0000,0.0469,9810,0,209038,0.0469,0.0000,0.5130,110990,1,216374,0.5130,0.0000,0.5926,128230,1,216374,0.5926,0.0000
232.53,0.0588,12288,0,209038,0.0588,0.0000,0.0665,13906,0,209038,0.0665,0.0000,0.5130,110990,1,216374,0.5130,0.0000,0.5926,128230,1,216374,0.5926,0.0000
233.03,0.0784,16384,0,209038,0.0784,0.0000,0.0665,13906,0,209038,0.0665,0.0000,0.6321,136777,2,216374,0.6321,0.0000,0.5926,128230,1,216374,0.5926,0.0000
233.53,0.0570,11907,0,209038,0.0570,0.0000,0.0451,9420,0,209038,0.0451,0.0000,0.6321,136777,2,216374,0.6321,0.0000,0.5926,128230,1,216374,0.5926,0.0000
234.03,0.0570,11907,0,209038,0.0570,0.0000,0.0647,13516,0,209038,0.0647,0.0000,0.6321,136777,2,216374,0.6321,0.0000,0.5926,128230,1,216374,0.5926,0.0000
234.53,0.0766,16003,0,209038,0.0766,0.0000,0.0431,9015,0,209038,0.0431,0.0000,0.6321,136777,2,216374,0.6321,0.0000,0.5926,128230,1,216374,0.5926,0.0000
235.03,0.0554,11585,0,209038,0.0554,0.0000,0.0431,9015,0,209038,0.0431,0.0000,0.6321,136777,2,216374,0.6321,0.0000,0.5926,128230,1,216374,0.5926,0.0000
235.53,0.0750,15681,0,209038,0.0750,0.0000,0.0627,13111,0,209038,0.0627,0.0000,0.6321,136777,2,216374,0.6321,0.0000,0.5923,128158,1,216374,0.5923,0.0000
236.03,0.0539,11277,0,209038,0.0539,0.0000,0.0415,8668,0,209038,0.0415,0.0000,0.5917,128038,1,216374,0.5917,0.0000,0.5923,128158,1,216374,0.5923,0.0000
236.53,0.0539,11277,0,209038,0.0539,0.0000,0.0611,12764,0,209038,0.0611,0.0000,0.5917,128038,1,216374,0.5917,0.0000,0.5923,128158,1,216374,0.5923,0.0000
237.03,0.0735,15373,0,209038,0.0735,0.0000,0.0395,8252,0,209038,0.0395,0.0000,0.5917,128038,1,216374,0.5917,0.0000,0.5923,128158,1,216374,0.5923,0.0000
237.53,0.0521,10893,0,209038,0.0521,0.0000,0.0395,8252,0,209038,0.0395,0.0000,0.5917,128038,1,216374,0.5917,0.0000,0.5923,128158,1,216374,0.5923,0.0000
238.03,0.0717,14989,0,209038,0.0717,0.0000,0.0591,12348,0,209038,0.0591,0.0000,0.5917,128038,1,216374,0.5917,0.0000,0.5923,128158,1,216374,0.5923,0.0000
238.53,0.0717,14989,0,209038,0.0717,0.0000,0.0787,16444,0,209038,0.0787,0.0000,0.5917,128038,1,216374,0.5917,0.0000,0.5132,111052,2,216374,0.5132,0.0000
239.03,0.0507,10595,0,209038,0.0507,0.0000,0.0573,11978,0,209038,0.0573,0.0000,0.5917,128038,1,216374,0.5917,0.0000,0.5132,111052,2,216374,0.5132,0.0000
239.53,0.0703,14691,0,209038,0.0703,0.0000,0.0573,11978,0,209038,0.0573,0.0000,0.5917,128038,1,216374,0.5917,0.0000,0.5132,111052,2,216374,0.5132,0.0000
240.03,0.0490,10248,0,209038,0.0490,0.0000,0.0769,16074,0,209038,0.0769,0.0000,0.5917,128038,1,216374,0.5917,0.0000,0.5132,111052,2,216374,0.5132,0.0000
240.53,0.0686,14344,0,209038,0.0686,0.0000,0.0557,11644,0,209038,0.0557,0.0000,0.5917,128038,1,216374,0.5917,0.0000,0.5132,111052,2,216374,0.5132,0.0000
241.03,0.0686,14344,0,209038,0.0686,0.0000,0.0753,15740,0,209038,0.0753,0.0000,0.5917,128038,1,216374,0.5917,0.0000,0.5132,111052,2,216374,0.5132,0.0000
241.53,0.0476,9960,0,209038,0.0476,0.0000,0.0753,15740,0,209038,0.0753,0.0000,0.5917,128038,1,216374,0.5917,0.0000,0.4345,94004,1,216374,0.4345,0.0000
242.03,0.0672,14056,0,209038,0.0672,0.0000,0.0539,11274,0,209038,0.0539,0.0000,0.5917,128038,1,216374,0.5917,0.0000,0.4345,94004,1,216374,0.4345,0.0000
242.53,0.0457,9544,0,209038,0.0457,0.0000,0.0735,15370,0,209038,0.0735,0.0000,0.7104,153708,1,216374,0.7104,0.0000,0.4345,94004,1,216374,0.4345,0.0000
243.03,0.0653,13640,0,209038,0.0653,0.0000,0.0524,10960,0,209038,0.0524,0.0000,0.7104,153708,1,216374,0.7104,0.0000,0.4345,94004,1,216374,0.4345,0.0000
243.53,0.0653,13640,0,209038,0.0653,0.0000,0.0720,15056,0,209038,0.0720,0.0000,0.7104,153708,1,216374,0.7104,0.0000,0.4345,94004,1,216374,0.4345,0.0000
244.03,0.0443,9251,0,209038,0.0443,0.0000,0.0720,15056,0,209038,0.0720,0.0000,0.7104,153708,1,216374,0.7104,0.0000,0.4345,94004,1,216374,0.4345,0.0000
244.53,0.0638,13347,0,209038,0.0638,0.0000,0.0509,10648,0,209038,0.0509,0.0000,0.7104,153708,1,216374,0.7104,0.0000,0.4345,94004,1,216374,0.4345,0.0000
245.03,0.0425,8893,0,209038,0.0425,0.0000,0.0705,14744,0,209038,0.0705,0.0000,0.6716,145322,1,216374,0.6716,0.0000,0.4345,94004,1,216374,0.4345,0.0000
245.53,0.0425,8893,0,209038,0.0425,0.0000,0.0494,10317,0,209038,0.0494,0.0000,0.6716,145322,1,216374,0.6716,0.0000,0.4345,94004,1,216374,0.4345,0.0000
246.04,0.0621,12989,0,209038,0.0621,0.0000,0.0494,10317,0,209038,0.0494,0.0000,0.6716,145322,1,216374,0.6716,0.0000,0.4737,102496,1,216374,0.4737,0.0000
246.54,0.0409,8551,0,209038,0.0409,0.0000,0.0689,14413,0,209038,0.0689,0.0000,0.6716,145322,1,216374,0.6716,0.0000,0.4737,102496,1,216374,0.4737,0.0000
247.04,0.0605,12657,0,209038,0.0605,0.0000,0.0478,9989,0,209038,0.0478,0.0000,0.6716,145322,1,216374,0.6716,0.0000,0.4737,102496,1,216374,0.4737,0.0000
247.54,0.0392,8192,0,209038,0.0392,0.0000,0.0674,14085,0,209038,0.0674,0.0000,0.6716,145322,1,216374,0.6716,0.0000,0.4739,102532,1,216374,0.4739,0.0000
248.04,0.0392,8192,0,209038,0.0392,0.0000,0.0461,9629,0,209038,0.0461,0.0000,0.6716,145322,1,216374,0.6716,0.0000,0.4739,102532,1,216374,0.4739,0.0000
248.54,0.0603,12615,0,209038,0.0603,0.0000,0.0461,9629,0,209038,0.0461,0.0000,0.6716,145322,1,216374,0.6716,0.0000,0.4739,102532,1,216374,0.4739,0.0000
249.04,0.0392,8192,0,209038,0.0392,0.0000,0.0657,13725,0,209038,0.0657,0.0000,0.6716,145322,1,216374,0.6716,0.0000,0.4739,102532,1,216374,0.4739,0.0000
249.54,0.0588,12288,0,209038,0.0588,0.0000,0.0441,9227,0,209038,0.0441,0.0000,0.6716,145322,1,216374,0.6716,0.0000,0.4739,102532,1,216374,0.4739,0.0000
250.04,0.0588,12288,0,209038,0.0588,0.0000,0.0637,13323,0,209038,0.0637,0.0000,0.6716,145322,1,216374,0.6716,0.0000,0.4739,102532,1,216374,0.4739,0.0000
250.54,0.0784,16384,0,209038,0.0784,0.0000,0.0637,13323,0,209038,0.0637,0.0000,0.6324,136845,1,216374,0.6324,0.0000,0.4739,102532,1,216374,0.4739,0.0000
251.04,0.0569,11895,0,209038,0.0569,0.0000,0.0426,8895,0,209038,0.0426,0.0000,0.6324,136845,1,216374,0.6324,0.0000,0.4739,102532,1,216374,0.4739,0.0000
251.54,0.0765,15991,0,209038,0.0765,0.0000,0.0621,12991,0,209038,0.0621,0.0000,0.6324,136845,1,216374,0.6324,0.0000,0.4739,102532,1,216374,0.4739,0.0000
252.04,0.0551,11528,0,209038,0.0551,0.0000,0.0410,8572,0,209038,0.0410,0.0000,0.6324,136845,1,216374,0.6324,0.0000,0.4739,102532,1,216374,0.4739,0.0000
252.54,0.0551,11528,0,209038,0.0551,0.0000,0.0410,8572,0,209038,0.0410,0.0000,0.6324,136845,1,216374,0.6324,0.0000,0.4739,102532,1,216374,0.4739,0.0000
253.04,0.0747,15624,0,209038,0.0747,0.0000,0.0606,12668,0,209038,0.0606,0.0000,0.5928,128260,1,216374,0.5928,0.0000,0.4739,102532,1,216374,0.4739,0.0000
253.54,0.0534,11164,0,209038,0.0534,0.0000,0.0802,16764,0,209038,0.0802,0.0000,0.5928,128260,1,216374,0.5928,0.0000,0.4739,102532,1,216374,0.4739,0.0000
254.04,0.0730,15260,0,209038,0.0730,0.0000,0.0586,12251,0,209038,0.0586,0.0000,0.5928,128260,1,216374,0.5928,0.0000,0.4739,102532,1,216374,0.4739,0.0000
254.54,0.0409,8555,0,209038,0.0409,0.0000,0.0782,16347,0,209038,0.0782,0.0000,0.5928,128260,1,216374,0.5928,0.0000,0.4739,102532,1,216374,0.4739,0.0000
255.04,0.0605,12651,0,209038,0.0605,0.0000,0.0782,16347,0,209038,0.0782,0.0000,0.4742,102613,1,216374,0.4742,0.0000,0.6309,136520,1,216374,0.6309,0.0000
255.54,0.0392,8192,0,209038,0.0392,0.0000,0.0568,11882,0,209038,0.0568,0.0000,0.4742,102613,1,216374,0.4742,0.0000,0.6309,136520,1,216374,0.6309,0.0000
256.04,0.0392,8192,0,209038,0.0392,0.0000,0.0764,15978,0,209038,0.0764,0.0000,0.4742,102613,1,216374,0.4742,0.0000,0.6309,136520,1,216374,0.6309,0.0000
256.54,0.0588,12288,0,209038,0.0588,0.0000,0.0553,11559,0,209038,0.0553,0.0000,0.4742,102613,1,216374,0.4742,0.0000,0.6309,136520,1,216374,0.6309,0.0000
257.04,0.0784,16384,0,209038,0.0784,0.0000,0.0553,11559,0,209038,0.0553,0.0000,0.4742,102613,1,216374,0.4742,0.0000,0.6313,136600,1,216374,0.6313,0.0000
257.54,0.0574,11998,0,209038,0.0574,0.0000,0.0749,15655,0,209038,0.0749,0.0000,0.4742,102613,1,216374,0.4742,0.0000,0.6313,136600,1,216374,0.6313,0.0000
258.04,0.0770,16094,0,209038,0.0770,0.0000,0.0539,11277,0,209038,0.0539,0.0000,0.4742,102613,1,216374,0.4742,0.0000,0.6313,136600,1,216374,0.6313,0.0000
258.54,0.0770,16094,0,209038,0.0770,0.0000,0.0735,15373,0,209038,0.0735,0.0000,0.4746,102688,1,216374,0.4746,0.0000,0.6313,136600,1,216374,0.6313,0.0000
259.04,0.0555,11596,0,209038,0.0555,0.0000,0.0735,15373,0,209038,0.0735,0.0000,0.4746,102688,1,216374,0.4746,0.0000,0.6313,136600,1,216374,0.6313,0.0000
259.54,0.0751,15692,0,209038,0.0751,0.0000,0.0523,10942,0,209038,0.0523,0.0000,0.4746,102688,1,216374,0.4746,0.0000,0.6313,136600,1,216374,0.6313,0.0000
260.04,0.0411,8591,0,209038,0.0411,0.0000,0.0719,15038,0,209038,0.0719,0.0000,0.4746,102688,1,216374,0.4746,0.0000,0.6313,136600,1,216374,0.6313,0.0000
260.54,0.0607,12687,0,209038,0.0607,0.0000,0.0507,10606,0,209038,0.0507,0.0000,0.4746,102688,1,216374,0.4746,0.0000,0.6317,136691,1,216374,0.6317,0.0000
261.04,0.0392,8192,0,209038,0.0392,0.0000,0.0703,14702,0,209038,0.0703,0.0000,0.4746,102688,1,216374,0.4746,0.0000,0.6317,136691,1,216374,0.6317,0.0000
261.54,0.0392,8192,0,209038,0.0392,0.0000,0.0703,14702,0,209038,0.0703,0.0000,0.4746,102688,1,216374,0.4746,0.0000,0.6317,136691,1,216374,0.6317,0.0000
262.04,0.0392,8192,0,209038,0.0392,0.0000,0.0490,10250,0,209038,0.0490,0.0000,0.4746,102688,1,216374,0.4746,0.0000,0.6317,136691,1,216374,0.6317,0.0000
262.54,0.0392,8192,0,209038,0.0392,0.0000,0.0686,14346,0,209038,0.0686,0.0000,0.4746,102688,1,216374,0.4746,0.0000,0.6317,136691,1,216374,0.6317,0.0000
263.04,0.0196,4096,0,209038,0.0196,0.0000,0.0473,9882,0,209038,0.0473,0.0000,0.4746,102688,1,216374,0.4746,0.0000,0.6315,136639,1,216374,0.6315,0.0000
263.54,0.0392,8192,0,209038,0.0392,0.0000,0.0473,9882,0,209038,0.0473,0.0000,0.4746,102688,1,216374,0.4746,0.0000,0.6315,136639,1,216374,0.6315,0.0000
264.04,0.0392,8192,0,209038,0.0392,0.0000,0.0669,13978,0,209038,0.0669,0.0000,0.4746,102688,1,216374,0.4746,0.0000,0.6315,136639,1,216374,0.6315,0.0000
264.54,0.0607,12682,0,209038,0.0607,0.0000,0.0454,9483,0,209038,0.0454,0.0000,0.4746,102688,1,216374,0.4746,0.0000,0.6315,136639,1,216374,0.6315,0.0000
265.04,0.0392,8192,0,209038,0.0392,0.0000,0.0650,13579,0,209038,0.0650,0.0000,0.4746,102688,1,216374,0.4746,0.0000,0.6315,136639,1,216374,0.6315,0.0000
265.54,0.0392,8192,0,209038,0.0392,0.0000,0.0650,13579,0,209038,0.0650,0.0000,0.5921,128110,1,216374,0.5921,0.0000,0.6315,136639,1,216374,0.6315,0.0000
266.04,0.0588,12288,0,209038,0.0588,0.0000,0.0436,9110,0,209038,0.0436,0.0000,0.5921,128110,1,216374,0.5921,0.0000,0.6315,136639,1,216374,0.6315,0.0000
266.54,0.0784,16384,0,209038,0.0784,0.0000,0.0632,13206,0,209038,0.0632,0.0000,0.5921,128110,1,216374,0.5921,0.0000,0.6315,136639,1,216374,0.6315,0.0000
267.04,0.0573,11985,0,209038,0.0573,0.0000,0.0420,8781,0,209038,0.0420,0.0000,0.5921,128110,1,216374,0.5921,0.0000,0.6315,136639,1,216374,0.6315,0.0000
267.54,0.0769,16081,0,209038,0.0769,0.0000,0.0616,12877,0,209038,0.0616,0.0000,0.5921,128110,1,216374,0.5921,0.0000,0.6315,136639,1,216374,0.6315,0.0000
268.04,0.0769,16081,0,209038,0.0769,0.0000,0.0616,12877,0,209038,0.0616,0.0000,0.5133,111058,1,216374,0.5133,0.0000,0.6315,136639,1,216374,0.6315,0.0000
268.54,0.0555,11594,0,209038,0.0555,0.0000,0.0403,8416,0,209038,0.0403,0.0000,0.5133,111058,1,216374,0.5133,0.0000,0.6315,136639,1,216374,0.6315,0.0000
269.04,0.0751,15690,0,209038,0.0751,0.0000,0.0599,12512,0,209038,0.0599,0.0000,0.5133,111058,1,216374,0.5133,0.0000,0.6315,136639,1,216374,0.6315,0.0000
269.54,0.0541,11304,0,209038,0.0541,0.0000,0.0794,16608,0,209038,0.0794,0.0000,0.3948,85428,1,216374,0.3948,0.0000,0.6315,136639,1,216374,0.6315,0.0000
270.04,0.0737,15400,0,209038,0.0737,0.0000,0.0794,16608,0,209038,0.0794,0.0000,0.3948,85428,1,216374,0.3948,0.0000,0.6315,136639,1,216374,0.6315,0.0000
270.54,0.0737,15400,0,209038,0.0737,0.0000,0.0584,12203,0,209038,0.0584,0.0000,0.3948,85428,1,216374,0.3948,0.0000,0.6315,136639,1,216374,0.6315,0.0000
271.04,0.0522,10910,0,209038,0.0522,0.0000,0.0780,16299,0,209038,0.0780,0.0000,0.3948,85428,1,216374,0.3948,0.0000,0.6315,136639,1,216374,0.6315,0.0000
271.54,0.0718,15006,0,209038,0.0718,0.0000,0.0565,11820,0,209038,0.0565,0.0000,0.3553,76878,1,216374,0.3553,0.0000,0.6315,136639,1,216374,0.6315,0.0000
272.04,0.0503,10507,0,209038,0.0503,0.0000,0.0761,15916,0,209038,0.0761,0.0000,0.3553,76878,1,216374,0.3553,0.0000,0.6315,136639,1,216374,0.6315,0.0000
272.54,0.0503,10507,0,209038,0.0503,0.0000,0.0761,15916,0,209038,0.0761,0.0000,0.3553,76878,1,216374,0.3553,0.0000,0.7498,162234,1,216374,0.7498,0.0000
273.04,0.0699,14603,0,209038,0.0699,0.0000,0.0550,11488,0,209038,0.0550,0.0000,0.3553,76878,1,216374,0.3553,0.0000,0.7498,162234,1,216374,0.7498,0.0000
273.54,0.0489,10212,0,209038,0.0489,0.0000,0.0746,15584,0,209038,0.0746,0.0000,0.3553,76878,1,216374,0.3553,0.0000,0.7498,162234,1,216374,0.7498,0.0000
274.04,0.0684,14308,0,209038,0.0684,0.0000,0.0530,11083,0,209038,0.0530,0.0000,0.3553,76878,1,216374,0.3553,0.0000,0.7498,162234,1,216374,0.7498,0.0000
274.54,0.0472,9875,0,209038,0.0472,0.0000,0.0530,11083,0,209038,0.0530,0.0000,0.3553,76878,1,216374,0.3553,0.0000,0.7498,162234,1,216374,0.7498,0.0000
275.04,0.0472,9875,0,209038,0.0472,0.0000,0.0726,15179,0,209038,0.0726,0.0000,0.3947,85410,1,216374,0.3947,0.0000,0.7498,162234,1,216374,0.7498,0.0000
275.54,0.0668,13971,0,209038,0.0668,0.0000,0.0516,10785,0,209038,0.0516,0.0000,0.3947,85410,1,216374,0.3947,0.0000,0.7498,162234,1,216374,0.7498,0.0000
276.04,0.0457,9563,0,209038,0.0457,0.0000,0.0712,14881,0,209038,0.0712,0.0000,0.3947,85410,1,216374,0.3947,0.0000,0.7498,162234,1,216374,0.7498,0.0000
276.54,0.0653,13659,0,209038,0.0653,0.0000,0.0712,14881,0,209038,0.0712,0.0000,0.3947,85410,1,216374,0.3947,0.0000,0.7892,170763,1,216374,0.7892,0.0000
277.04,0.0441,9220,0,209038,0.0441,0.0000,0.0498,10402,0,209038,0.0498,0.0000,0.3558,76984,1,216374,0.3558,0.0000,0.7892,170763,1,216374,0.7892,0.0000
277.54,0.0441,9220,0,209038,0.0441,0.0000,0.0694,14498,0,209038,0.0694,0.0000,0.3558,76984,1,216374,0.3558,0.0000,0.7892,170763,1,216374,0.7892,0.0000
278.04,0.0637,13316,0,209038,0.0637,0.0000,0.0482,10080,0,209038,0.0482,0.0000,0.3558,76984,1,216374,0.3558,0.0000,0.7892,170763,1,216374,0.7892,0.0000
278.54,0.0427,8917,0,209038,0.0427,0.0000,0.0678,14176,0,209038,0.0678,0.0000,0.3558,76984,1,216374,0.3558,0.0000,0.7892,170763,1,216374,0.7892,0.0000
279.04,0.0623,13013,0,209038,0.0623,0.0000,0.0678,14176,0,209038,0.0678,0.0000,0.3558,76984,1,216374,0.3558,0.0000,0.7892,170763,1,216374,0.7892,0.0000
279.54,0.0623,13013,0,209038,0.0623,0.0000,0.0463,9675,0,209038,0.0463,0.0000,0.3558,76984,1,216374,0.3558,0.0000,0.7892,170763,1,216374,0.7892,0.0000
280.04,0.0407,8499,0,209038,0.0407,0.0000,0.0659,13771,0,209038,0.0659,0.0000,0.3558,76984,1,216374,0.3558,0.0000,0.7892,170763,1,216374,0.7892,0.0000
280.54,0.0603,12595,0,209038,0.0603,0.0000,0.0446,9325,0,209038,0.0446,0.0000,0.3558,76984,1,216374,0.3558,0.0000,0.7893,170782,1,216374,0.7893,0.0000
281.04,0.0798,16691,0,209038,0.0798,0.0000,0.0446,9325,0,209038,0.0446,0.0000,0.3558,76984,1,216374,0.3558,0.0000,0.7893,170782,1,216374,0.7893,0.0000
281.54,0.0587,12266,0,209038,0.0587,0.0000,0.0642,13421,0,209038,0.0642,0.0000,0.3558,76984,1,216374,0.3558,0.0000,0.7893,170782,1,216374,0.7893,0.0000
282.04,0.0587,12266,0,209038,0.0587,0.0000,0.0429,8977,0,209038,0.0429,0.0000,0.3558,76984,1,216374,0.3558,0.0000,0.7501,162298,1,216374,0.7501,0.0000
282.54,0.0783,16362,0,209038,0.0783,0.0000,0.0625,13073,0,209038,0.0625,0.0000,0.4341,93921,1,216374,0.4341,0.0000,0.7501,162298,1,216374,0.7501,0.0000
283.04,0.0569,11893,0,209038,0.0569,0.0000,0.0415,8676,0,209038,0.0415,0.0000,0.4341,93921,1,216374,0.4341,0.0000,0.7501,162298,1,216374,0.7501,0.0000
283.54,0.0765,15989,0,209038,0.0765,0.0000,0.0415,8676,0,209038,0.0415,0.0000,0.4341,93921,1,216374,0.4341,0.0000,0.7501,162298,1,216374,0.7501,0.0000
284.04,0.0765,15989,0,209038,0.0765,0.0000,0.0611,12772,0,209038,0.0611,0.0000,0.4341,93921,1,216374,0.4341,0.0000,0.7501,162298,1,216374,0.7501,0.0000
284.54,0.0553,11561,0,209038,0.0553,0.0000,0.0397,8298,0,209038,0.0397,0.0000,0.4341,93921,1,216374,0.4341,0.0000,0.7501,162298,1,216374,0.7501,0.0000
285.04,0.0749,15657,0,209038,0.0749,0.0000,0.0593,12394,0,209038,0.0593,0.0000,0.4341,93921,1,216374,0.4341,0.0000,0.7507,162442,1,216374,0.7507,0.0000
285.54,0.0533,11143,0,209038,0.0533,0.0000,0.0593,12394,0,209038,0.0593,0.0000,0.4341,93921,1,216374,0.4341,0.0000,0.7507,162442,1,216374,0.7507,0.0000
286.04,0.0729,15239,0,209038,0.0729,0.0000,0.0789,16490,0,209038,0.0789,0.0000,0.4341,93921,1,216374,0.4341,0.0000,0.7507,162442,1,216374,0.7507,0.0000
286.54,0.0729,15239,0,209038,0.0729,0.0000,0.0578,12082,0,209038,0.0578,0.0000,0.3947,85394,1,216374,0.3947,0.0000,0.7507,162442,1,216374,0.7507,0.0000
287.04,0.0518,10830,0,209038,0.0518,0.0000,0.0774,16178,0,209038,0.0774,0.0000,0.3947,85394,1,216374,0.3947,0.0000,0.7507,162442,1,216374,0.7507,0.0000
287.54,0.0714,14926,0,209038,0.0714,0.0000,0.0774,16178,0,209038,0.0774,0.0000,0.3947,85394,1,216374,0.3947,0.0000,0.7900,170936,1,216374,0.7900,0.0000
288.04,0.0501,10472,0,209038,0.0501,0.0000,0.0560,11702,0,209038,0.0560,0.0000,0.3947,85394,1,216374,0.3947,0.0000,0.7900,170936,1,216374,0.7900,0.0000
288.54,0.0697,14568,0,209038,0.0697,0.0000,0.0756,15798,0,209038,0.0756,0.0000,0.3947,85394,1,216374,0.3947,0.0000,0.7900,170936,1,216374,0.7900,0.0000
289.04,0.0697,14568,0,209038,0.0697,0.0000,0.0543,11349,0,209038,0.0543,0.0000,0.3947,85394,1,216374,0.3947,0.0000,0.7900,170936,1,216374,0.7900,0.0000
289.54,0.0485,10135,0,209038,0.0485,0.0000,0.0739,15445,0,209038,0.0739,0.0000,0.3947,85394,1,216374,0.3947,0.0000,0.7900,170936,1,216374,0.7900,0.0000
290.04,0.0681,14231,0,209038,0.0681,0.0000,0.0739,15445,0,209038,0.0739,0.0000,0.3949,85440,1,216374,0.3949,0.0000,0.7900,170936,1,216374,0.7900,0.0000
290.54,0.0466,9750,0,209038,0.0466,0.0000,0.0528,11033,0,209038,0.0528,0.0000,0.3949,85440,1,216374,0.3949,0.0000,0.7900,170936,1,216374,0.7900,0.0000
291.04,0.0466,9750,0,209038,0.0466,0.0000,0.0724,15129,0,209038,0.0724,0.0000,0.3949,85440,1,216374,0.3949,0.0000,0.7498,162243,1,216374,0.7498,0.0000
291.54,0.0662,13846,0,209038,0.0662,0.0000,0.0508,10629,0,209038,0.0508,0.0000,0.3949,85440,1,216374,0.3949,0.0000,0.7498,162243,1,216374,0.7498,0.0000
292.04,0.0449,9385,0,209038,0.0449,0.0000,0.0508,10629,0,209038,0.0508,0.0000,0.3949,85440,1,216374,0.3949,0.0000,0.7498,162243,1,216374,0.7498,0.0000
292.54,0.0645,13481,0,209038,0.0645,0.0000,0.0704,14725,0,209038,0.0704,0.0000,0.3949,85440,1,216374,0.3949,0.0000,0.7102,153664,1,216374,0.7102,0.0000
293.04,0.0431,9002,0,209038,0.0431,0.0000,0.0489,10231,0,209038,0.0489,0.0000,0.3949,85440,1,216374,0.3949,0.0000,0.7102,153664,1,216374,0.7102,0.0000
293.54,0.0431,9002,0,209038,0.0431,0.0000,0.0685,14327,0,209038,0.0685,0.0000,0.3949,85440,1,216374,0.3949,0.0000,0.7102,153664,1,216374,0.7102,0.0000
294.04,0.0627,13098,0,209038,0.0627,0.0000,0.0476,9950,0,209038,0.0476,0.0000,0.3949,85440,1,216374,0.3949,0.0000,0.7102,153664,1,216374,0.7102,0.0000
294.54,0.0415,8681,0,209038,0.0415,0.0000,0.0476,9950,0,209038,0.0476,0.0000,0.3949,85440,1,216374,0.3949,0.0000,0.5917,128024,1,216374,0.5917,0.0000
295.04,0.0611,12777,0,209038,0.0611,0.0000,0.0672,14046,0,209038,0.0672,0.0000,0.3949,85440,1,216374,0.3949,0.0000,0.5917,128024,1,216374,0.5917,0.0000
295.54,0.0399,8346,0,209038,0.0399,0.0000,0.0460,9626,0,209038,0.0460,0.0000,0.3949,85440,1,216374,0.3949,0.0000,0.5917,128024,1,216374,0.5917,0.0000
296.04,0.0399,8346,0,209038,0.0399,0.0000,0.0656,13722,0,209038,0.0656,0.0000,0.3949,85440,1,216374,0.3949,0.0000,0.5917,128024,1,216374,0.5917,0.0000
296.54,0.0595,12442,0,209038,0.0595,0.0000,0.0656,13722,0,209038,0.0656,0.0000,0.3949,85440,1,216374,0.3949,0.0000,0.5917,128024,1,216374,0.5917,0.0000
297.04,0.0791,16538,0,209038,0.0791,0.0000,0.0446,9325,0,209038,0.0446,0.0000,0.5528,119621,1,216374,0.5528,0.0000,0.5917,128024,1,216374,0.5917,0.0000
297.54,0.0575,12029,0,209038,0.0575,0.0000,0.0642,13421,0,209038,0.0642,0.0000,0.5528,119621,1,216374,0.5528,0.0000,0.5917,128024,1,216374,0.5917,0.0000
298.04,0.0771,16125,0,209038,0.0771,0.0000,0.0431,9009,0,209038,0.0431,0.0000,0.5528,119621,1,216374,0.5528,0.0000,0.5917,128024,1,216374,0.5917,0.0000
298.54,0.0771,16125,0,209038,0.0771,0.0000,0.0431,9009,0,209038,0.0431,0.0000,0.5528,119621,1,216374,0.5528,0.0000,0.5917,128024,1,216374,0.5917,0.0000
299.04,0.0561,11727,0,209038,0.0561,0.0000,0.0627,13105,0,209038,0.0627,0.0000,0.5528,119621,1,216374,0.5528,0.0000,0.5528,119611,1,216374,0.5528,0.0000
299.54,0.0757,15823,0,209038,0.0757,0.0000,0.0413,8638,0,209038,0.0413,0.0000,0.5528,119621,1,216374,0.5528,0.0000,0.5528,119611,1,216374,0.5528,0.0000
300.04,0.0548,11448,0,209038,0.0548,0.0000,0.0609,12734,0,209038,0.0609,0.0000,0.5528,119621,1,216374,0.5528,0.0000,0.5528,119611,1,216374,0.5528,0.0000
300.54,0.0548,11448,0,209038,0.0548,0.0000,0.0395,8266,0,209038,0.0395,0.0000,0.5528,119621,1,216374,0.5528,0.0000,0.5528,119611,1,216374,0.5528,0.0000
301.04,0.0744,15544,0,209038,0.0744,0.0000,0.0395,8266,0,209038,0.0395,0.0000,0.5923,128150,1,216374,0.5923,0.0000,0.4345,94004,1,216374,0.4345,0.0000
301.54,0.0529,11055,0,209038,0.0529,0.0000,0.0591,12362,0,209038,0.0591,0.0000,0.5923,128150,1,216374,0.5923,0.0000,0.4345,94004,1,216374,0.4345,0.0000
302.04,0.0725,15151,0,209038,0.0725,0.0000,0.0787,16458,0,209038,0.0787,0.0000,0.5923,128150,1,216374,0.5923,0.0000,0.4345,94004,1,216374,0.4345,0.0000
302.54,0.0514,10755,0,209038,0.0514,0.0000,0.0572,11954,0,209038,0.0572,0.0000,0.5923,128150,1,216374,0.5923,0.0000,0.4345,94004,1,216374,0.4345,0.0000
303.04,0.0514,10755,0,209038,0.0514,0.0000,0.0572,11954,0,209038,0.0572,0.0000,0.5923,128150,1,216374,0.5923,0.0000,0.4345,94004,1,216374,0.4345,0.0000
303.54,0.0710,14851,0,209038,0.0710,0.0000,0.0768,16050,0,209038,0.0768,0.0000,0.5923,128150,1,216374,0.5923,0.0000,0.4345,94004,1,216374,0.4345,0.0000
304.04,0.0497,10382,0,209038,0.0497,0.0000,0.0554,11589,0,209038,0.0554,0.0000,0.5923,128150,1,216374,0.5923,0.0000,0.4341,93929,1,216374,0.4341,0.0000
304.54,0.0693,14478,0,209038,0.0693,0.0000,0.0750,15685,0,209038,0.0750,0.0000,0.5923,128150,1,216374,0.5923,0.0000,0.4341,93929,1,216374,0.4341,0.0000
305.04,0.0693,14478,0,209038,0.0693,0.0000,0.0750,15685,0,209038,0.0750,0.0000,0.6322,136783,1,216374,0.6322,0.0000,0.4341,93929,1,216374,0.4341,0.0000
305.54,0.0480,10030,0,209038,0.0480,0.0000,0.0541,11305,0,209038,0.0541,0.0000,0.6322,136783,1,216374,0.6322,0.0000,0.4341,93929,1,216374,0.4341,0.0000
306.04,0.0676,14126,0,209038,0.0676,0.0000,0.0737,15401,0,209038,0.0737,0.0000,0.6322,136783,1,216374,0.6322,0.0000,0.4341,93929,1,216374,0.4341,0.0000
306.54,0.0465,9715,0,209038,0.0465,0.0000,0.0522,10905,0,209038,0.0522,0.0000,0.6322,136783,1,216374,0.6322,0.0000,0.4341,93929,1,216374,0.4341,0.0000
307.04,0.0661,13811,0,209038,0.0661,0.0000,0.0718,15001,0,209038,0.0718,0.0000,0.6322,136783,1,216374,0.6322,0.0000,0.4341,93929,1,216374,0.4341,0.0000
307.54,0.0661,13811,0,209038,0.0661,0.0000,0.0718,15001,0,209038,0.0718,0.0000,0.5534,119736,1,216374,0.5534,0.0000,0.4341,93929,1,216374,0.4341,0.0000
308.04,0.0448,9360,0,209038,0.0448,0.0000,0.0506,10581,0,209038,0.0506,0.0000,0.5534,119736,1,216374,0.5534,0.0000,0.4341,93929,1,216374,0.4341,0.0000
308.54,0.0644,13456,0,209038,0.0644,0.0000,0.0702,14677,0,209038,0.0702,0.0000,0.5534,119736,1,216374,0.5534,0.0000,0.4341,93929,1,216374,0.4341,0.0000
309.04,0.0430,8989,0,209038,0.0430,0.0000,0.0489,10213,0,209038,0.0489,0.0000,0.5534,119736,1,216374,0.5534,0.0000,0.4341,93929,1,216374,0.4341,0.0000
309.54,0.0430,8989,0,209038,0.0430,0.0000,0.0489,10213,0,209038,0.0489,0.0000,0.5534,119736,1,216374,0.5534,0.0000,0.4341,93929,1,216374,0.4341,0.0000
310.04,0.0626,13085,0,209038,0.0626,0.0000,0.0685,14309,0,209038,0.0685,0.0000,0.5534,119736,1,216374,0.5534,0.0000,0.4341,93929,1,216374,0.4341,0.0000
310.54,0.0411,8583,0,209038,0.0411,0.0000,0.0472,9867,0,209038,0.0472,0.0000,0.4345,94008,1,216374,0.4345,0.0000,0.4341,93929,1,216374,0.4341,0.0000
311.04,0.0607,12679,0,209038,0.0607,0.0000,0.0668,13963,0,209038,0.0668,0.0000,0.4345,94008,1,216374,0.4345,0.0000,0.4341,93929,1,216374,0.4341,0.0000
311.54,0.0802,16775,0,209038,0.0802,0.0000,0.0458,9582,0,209038,0.0458,0.0000,0.4345,94008,1,216374,0.4345,0.0000,0.5136,111131,1,216374,0.5136,0.0000
312.04,0.0802,16775,0,209038,0.0802,0.0000,0.0458,9582,0,209038,0.0458,0.0000,0.4345,94008,1,216374,0.4345,0.0000,0.5136,111131,1,216374,0.5136,0.0000
312.54,0.0587,12272,0,209038,0.0587,0.0000,0.0654,13678,0,209038,0.0654,0.0000,0.4345,94008,1,216374,0.4345,0.0000,0.5136,111131,1,216374,0.5136,0.0000
313.04,0.0783,16368,0,209038,0.0783,0.0000,0.0440,9203,0,209038,0.0440,0.0000,0.4345,94008,1,216374,0.4345,0.0000,0.5136,111131,1,216374,0.5136,0.0000
313.54,0.0571,11938,0,209038,0.0571,0.0000,0.0636,13299,0,209038,0.0636,0.0000,0.4345,94008,1,216374,0.4345,0.0000,0.4746,102694,1,216374,0.4746,0.0000
314.04,0.0767,16034,0,209038,0.0767,0.0000,0.0636,13299,0,209038,0.0636,0.0000,0.4345,94008,1,216374,0.4345,0.0000,0.4746,102694,1,216374,0.4746,0.0000
314.54,0.0767,16034,0,209038,0.0767,0.0000,0.0421,8795,0,209038,0.0421,0.0000,0.3949,85447,1,216374,0.3949,0.0000,0.4746,102694,1,216374,0.4746,0.0000
315.04,0.0552,11538,0,209038,0.0552,0.0000,0.0617,12891,0,209038,0.0617,0.0000,0.3949,85447,1,216374,0.3949,0.0000,0.4746,102694,1,216374,0.4746,0.0000
315.55,0.0748,15634,0,209038,0.0748,0.0000,0.0403,8427,0,209038,0.0403,0.0000,0.3949,85447,1,216374,0.3949,0.0000,0.4746,102694,1,216374,0.4746,0.0000
316.05,0.0533,11147,0,209038,0.0533,0.0000,0.0403,8427,0,209038,0.0403,0.0000,0.3949,85447,1,216374,0.3949,0.0000,0.4746,102694,1,216374,0.4746,0.0000
316.55,0.0533,11147,0,209038,0.0533,0.0000,0.0599,12523,0,209038,0.0599,0.0000,0.3949,85447,1,216374,0.3949,0.0000,0.4746,102694,1,216374,0.4746,0.0000
317.05,0.0729,15243,0,209038,0.0729,0.0000,0.0795,16619,0,209038,0.0795,0.0000,0.3949,85447,1,216374,0.3949,0.0000,0.4746,102694,1,216374,0.4746,0.0000
317.55,0.0514,10744,0,209038,0.0514,0.0000,0.0583,12177,0,209038,0.0583,0.0000,0.3949,85447,1,216374,0.3949,0.0000,0.4746,102694,1,216374,0.4746,0.0000
318.05,0.0710,14840,0,209038,0.0710,0.0000,0.0778,16273,0,209038,0.0778,0.0000,0.3949,85447,1,216374,0.3949,0.0000,0.4746,102694,1,216374,0.4746,0.0000
318.55,0.0495,10338,0,209038,0.0495,0.0000,0.0778,16273,0,209038,0.0778,0.0000,0.3153,68231,1,216374,0.3153,0.0000,0.4749,102753,1,216374,0.4749,0.0000
319.05,0.0495,10338,0,209038,0.0495,0.0000,0.0566,11830,0,209038,0.0566,0.0000,0.3153,68231,1,216374,0.3153,0.0000,0.4749,102753,1,216374,0.4749,0.0000
319.55,0.0690,14434,0,209038,0.0690,0.0000,0.0762,15926,0,209038,0.0762,0.0000,0.3153,68231,1,216374,0.3153,0.0000,0.4749,102753,1,216374,0.4749,0.0000
320.05,0.0476,9956,0,209038,0.0476,0.0000,0.0547,11442,0,209038,0.0547,0.0000,0.3153,68231,1,216374,0.3153,0.0000,0.4749,102753,1,216374,0.4749,0.0000
320.55,0.0672,14052,0,209038,0.0672,0.0000,0.0547,11442,0,209038,0.0547,0.0000,0.3153,68231,1,216374,0.3153,0.0000,0.4749,102753,1,216374,0.4749,0.0000
321.05,0.0459,9586,0,209038,0.0459,0.0000,0.0743,15538,0,209038,0.0743,0.0000,0.2760,59720,2,216374,0.2760,0.0000,0.4749,102753,1,216374,0.4749,0.0000
321.55,0.0459,9586,0,209038,0.0459,0.0000,0.0534,11160,0,209038,0.0534,0.0000,0.2760,59720,2,216374,0.2760,0.0000,0.4749,102753,1,216374,0.4749,0.0000
322.05,0.0655,13682,0,209038,0.0655,0.0000,0.0730,15256,0,209038,0.0730,0.0000,0.2760,59720,2,216374,0.2760,0.0000,0.4749,102753,1,216374,0.4749,0.0000
322.55,0.0439,9183,0,209038,0.0439,0.0000,0.0519,10853,0,209038,0.0519,0.0000,0.2760,59720,2,216374,0.2760,0.0000,0.4749,102753,1,216374,0.4749,0.0000
323.05,0.0635,13279,0,209038,0.0635,0.0000,0.0519,10853,0,209038,0.0519,0.0000,0.2760,59720,2,216374,0.2760,0.0000,0.4749,102753,1,216374,0.4749,0.0000
323.55,0.0635,13279,0,209038,0.0635,0.0000,0.0715,14949,0,209038,0.0715,0.0000,0.2760,59720,2,216374,0.2760,0.0000,0.4749,102753,1,216374,0.4749,0.0000
324.05,0.0419,8757,0,209038,0.0419,0.0000,0.0500,10453,0,209038,0.0500,0.0000,0.2760,59720,2,216374,0.2760,0.0000,0.5147,111366,2,216374,0.5147,0.0000
324.55,0.0615,12853,0,209038,0.0615,0.0000,0.0696,14549,0,209038,0.0696,0.0000,0.2760,59720,2,216374,0.2760,0.0000,0.5147,111366,2,216374,0.5147,0.0000
325.05,0.0401,8375,0,209038,0.0401,0.0000,0.0696,14549,0,209038,0.0696,0.0000,0.2760,59720,2,216374,0.2760,0.0000,0.5147,111366,2,216374,0.5147,0.0000
325.55,0.0401,8375,0,209038,0.0401,0.0000,0.0483,10093,0,209038,0.0483,0.0000,0.2760,59720,2,216374,0.2760,0.0000,0.5147,111366,2,216374,0.5147,0.0000
326.05,0.0606,12671,0,209038,0.0606,0.0000,0.0679,14189,0,209038,0.0679,0.0000,0.2760,59720,2,216374,0.2760,0.0000,0.3956,85608,1,216374,0.3956,0.0000
326.55,0.0392,8192,0,209038,0.0392,0.0000,0.0467,9758,0,209038,0.0467,0.0000,0.2368,51232,1,216374,0.2368,0.0000,0.3956,85608,1,216374,0.3956,0.0000
327.05,0.0392,8192,0,209038,0.0392,0.0000,0.0467,9758,0,209038,0.0467,0.0000,0.2368,51232,1,216374,0.2368,0.0000,0.3956,85608,1,216374,0.3956,0.0000
327.55,0.0392,8192,0,209038,0.0392,0.0000,0.0663,13854,0,209038,0.0663,0.0000,0.2368,51232,1,216374,0.2368,0.0000,0.3956,85608,1,216374,0.3956,0.0000
328.05,0.0392,8192,0,209038,0.0392,0.0000,0.0450,9406,0,209038,0.0450,0.0000,0.2368,51232,1,216374,0.2368,0.0000,0.3956,85608,1,216374,0.3956,0.0000
328.55,0.0196,4096,0,209038,0.0196,0.0000,0.0646,13502,0,209038,0.0646,0.0000,0.2368,51232,1,216374,0.2368,0.0000,0.3956,85608,1,216374,0.3956,0.0000
329.05,0.0392,8192,0,209038,0.0392,0.0000,0.0434,9070,0,209038,0.0434,0.0000,0.2368,51232,1,216374,0.2368,0.0000,0.3166,68497,1,216374,0.3166,0.0000
329.55,0.0392,8192,0,209038,0.0392,0.0000,0.0434,9070,0,209038,0.0434,0.0000,0.2368,51232,1,216374,0.2368,0.0000,0.3166,68497,1,216374,0.3166,0.0000
330.05,0.0607,12683,0,209038,0.0607,0.0000,0.0630,13166,0,209038,0.0630,0.0000,0.2368,51232,1,216374,0.2368,0.0000,0.3166,68497,1,216374,0.3166,0.0000
330.55,0.0392,8192,0,209038,0.0392,0.0000,0.0419,8757,0,209038,0.0419,0.0000,0.1977,42787,1,216374,0.1977,0.0000,0.3166,68497,1,216374,0.3166,0.0000
331.05,0.0608,12706,0,209038,0.0608,0.0000,0.0615,12853,0,209038,0.0615,0.0000,0.1977,42787,1,216374,0.1977,0.0000,0.3166,68497,1,216374,0.3166,0.0000
331.55,0.0608,12706,0,209038,0.0608,0.0000,0.0615,12853,0,209038,0.0615,0.0000,0.1977,42787,1,216374,0.1977,0.0000,0.3166,68497,1,216374,0.3166,0.0000
332.05,0.0392,8192,0,209038,0.0392,0.0000,0.0399,8349,0,209038,0.0399,0.0000,0.1977,42787,1,216374,0.1977,0.0000,0.3166,68497,1,216374,0.3166,0.0000
332.55,0.0606,12675,0,209038,0.0606,0.0000,0.0595,12445,0,209038,0.0595,0.0000,0.1977,42787,1,216374,0.1977,0.0000,0.3166,68497,1,216374,0.3166,0.0000
333.05,0.0392,8192,0,209038,0.0392,0.0000,0.0791,16541,0,209038,0.0791,0.0000,0.1977,42787,1,216374,0.1977,0.0000,0.3166,68497,1,216374,0.3166,0.0000
333.55,0.0392,8192,0,209038,0.0392,0.0000,0.0791,16541,0,209038,0.0791,0.0000,0.1977,42787,1,216374,0.1977,0.0000,0.3166,68497,1,216374,0.3166,0.0000
334.05,0.0606,12660,0,209038,0.0606,0.0000,0.0580,12127,0,209038,0.0580,0.0000,0.1977,42787,1,216374,0.1977,0.0000,0.3167,68515,1,216374,0.3167,0.0000
334.55,0.0392,8192,0,209038,0.0392,0.0000,0.0776,16223,0,209038,0.0776,0.0000,0.1977,42787,1,216374,0.1977,0.0000,0.3167,68515,1,216374,0.3167,0.0000
335.05,0.0392,8192,0,209038,0.0392,0.0000,0.0562,11740,0,209038,0.0562,0.0000,0.1977,42787,1,216374,0.1977,0.0000,0.3167,68515,1,216374,0.3167,0.0000
335.55,0.0392,8192,0,209038,0.0392,0.0000,0.0758,15836,0,209038,0.0758,0.0000,0.1977,42787,1,216374,0.1977,0.0000,0.3167,68515,1,216374,0.3167,0.0000
336.05,0.0392,8192,0,209038,0.0392,0.0000,0.0758,15836,0,209038,0.0758,0.0000,0.1977,42787,1,216374,0.1977,0.0000,0.2375,51383,1,216374,0.2375,0.0000
336.55,0.0392,8192,0,209038,0.0392,0.0000,0.0545,11389,0,209038,0.0545,0.0000,0.1977,42787,1,216374,0.1977,0.0000,0.2375,51383,1,216374,0.2375,0.0000
337.05,0.0196,4096,0,209038,0.0196,0.0000,0.0741,15485,0,209038,0.0741,0.0000,0.1977,42787,1,216374,0.1977,0.0000,0.2375,51383,1,216374,0.2375,0.0000
337.55,0.0392,8192,0,209038,0.0392,0.0000,0.0528,11029,0,209038,0.0528,0.0000,0.1977,42787,1,216374,0.1977,0.0000,0.2375,51383,1,216374,0.2375,0.0000
338.05,0.0605,12642,0,209038,0.0605,0.0000,0.0528,11029,0,209038,0.0528,0.0000,0.1977,42787,1,216374,0.1977,0.0000,0.2375,51383,1,216374,0.2375,0.0000
338.55,0.0392,8192,0,209038,0.0392,0.0000,0.0724,15125,0,209038,0.0724,0.0000,0.1977,42787,1,216374,0.1977,0.0000,0.2375,51383,1,216374,0.2375,0.0000
339.05,0.0392,8192,0,209038,0.0392,0.0000,0.0512,10710,0,209038,0.0512,0.0000,0.1977,42787,1,216374,0.1977,0.0000,0.2375,51383,1,216374,0.2375,0.0000
339.55,0.0607,12695,0,209038,0.0607,0.0000,0.0708,14806,0,209038,0.0708,0.0000,0.1977,42787,1,216374,0.1977,0.0000,0.2375,51383,1,216374,0.2375,0.0000
340.05,0.0392,8192,0,209038,0.0392,0.0000,0.0493,10296,0,209038,0.0493,0.0000,0.2775,60053,1,216374,0.2775,0.0000,0.1191,25771,1,216374,0.1191,0.0000
340.55,0.0392,8192,0,209038,0.0392,0.0000,0.0493,10296,0,209038,0.0493,0.0000,0.2775,60053,1,216374,0.2775,0.0000,0.1191,25771,1,216374,0.1191,0.0000
341.05,0.0392,8192,0,209038,0.0392,0.0000,0.0688,14392,0,209038,0.0688,0.0000,0.2775,60053,1,216374,0.2775,0.0000,0.1191,25771,1,216374,0.1191,0.0000
341.55,0.0392,8192,0,209038,0.0392,0.0000,0.0473,9879,0,209038,0.0473,0.0000,0.2775,60053,1,216374,0.2775,0.0000,0.1191,25771,1,216374,0.1191,0.0000
342.05,0.0196,4096,0,209038,0.0196,0.0000,0.0669,13975,0,209038,0.0669,0.0000,0.2775,60053,1,216374,0.2775,0.0000,0.1191,25771,1,216374,0.1191,0.0000
342.55,0.0392,8192,0,209038,0.0392,0.0000,0.0669,13975,0,209038,0.0669,0.0000,0.2775,60053,1,216374,0.2775,0.0000,0.1191,25771,1,216374,0.1191,0.0000
343.05,0.0588,12288,0,209038,0.0588,0.0000,0.0453,9474,0,209038,0.0453,0.0000,0.2775,60053,1,216374,0.2775,0.0000,0.1191,25771,1,216374,0.1191,0.0000
343.55,0.0784,16384,0,209038,0.0784,0.0000,0.0649,13570,0,209038,0.0649,0.0000,0.2775,60053,1,216374,0.2775,0.0000,0.1191,25771,1,216374,0.1191,0.0000
344.05,0.0784,16384,0,209038,0.0784,0.0000,0.0438,9158,0,209038,0.0438,0.0000,0.1979,42818,1,216374,0.1979,0.0000,0.1190,25744,1,216374,0.1190,0.0000
344.55,0.0784,16384,0,209038,0.0784,0.0000,0.0634,13254,0,209038,0.0634,0.0000,0.1979,42818,1,216374,0.1979,0.0000,0.1190,25744,1,216374,0.1190,0.0000
345.05,0.0784,16384,0,209038,0.0784,0.0000,0.0634,13254,0,209038,0.0634,0.0000,0.1979,42818,1,216374,0.1979,0.0000,0.1190,25744,1,216374,0.1190,0.0000
345.55,0.0784,16384,0,209038,0.0784,0.0000,0.0418,8741,0,209038,0.0418,0.0000,0.1191,25771,1,216374,0.1191,0.0000,0.1190,25744,1,216374,0.1190,0.0000
346.05,0.0784,16384,0,209038,0.0784,0.0000,0.0614,12837,0,209038,0.0614,0.0000,0.1191,25771,1,216374,0.1191,0.0000,0.1190,25744,1,216374,0.1190,0.0000
346.55,0.0784,16384,0,209038,0.0784,0.0000,0.0400,8370,0,209038,0.0400,0.0000,0.1191,25771,1,216374,0.1191,0.0000,0.1190,25744,1,216374,0.1190,0.0000
347.05,0.0196,4096,0,209038,0.0196,0.0000,0.0400,8370,0,209038,0.0400,0.0000,0.1191,25771,1,216374,0.1191,0.0000,0.1190,25744,1,216374,0.1190,0.0000
347.55,0.0392,8192,0,209038,0.0392,0.0000,0.0596,12466,0,209038,0.0596,0.0000,0.1191,25771,1,216374,0.1191,0.0000,0.1190,25744,1,216374,0.1190,0.0000
348.05,0.0392,8192,0,209038,0.0392,0.0000,0.0792,16562,0,209038,0.0792,0.0000,0.1191,25771,1,216374,0.1191,0.0000,0.1190,25744,1,216374,0.1190,0.0000
348.55,0.0605,12640,0,209038,0.0605,0.0000,0.0578,12089,0,209038,0.0578,0.0000,0.1191,25771,1,216374,0.1191,0.0000,0.1190,25744,1,216374,0.1190,0.0000
349.05,0.0392,8192,0,209038,0.0392,0.0000,0.0578,12089,0,209038,0.0578,0.0000,0.1191,25771,1,216374,0.1191,0.0000,0.1190,25744,1,216374,0.1190,0.0000
349.55,0.0392,8192,0,209038,0.0392,0.0000,0.0774,16185,0,209038,0.0774,0.0000,0.1191,25771,1,216374,0.1191,0.0000,0.1190,25744,1,216374,0.1190,0.0000
350.05,0.0392,8192,0,209038,0.0392,0.0000,0.0607,12683,0,209038,0.0607,0.0000,0.0794,17187,1,216374,0.0794,0.0000,0.1190,25744,1,216374,0.1190,0.0000
350.55,0.0392,8192,0,209038,0.0392,0.0000,0.0392,8192,0,209038,0.0392,0.0000,0.0794,17187,1,216374,0.0794,0.0000,0.0397,8592,1,216374,0.0397,0.0000
351.05,0.0392,8192,0,209038,0.0392,0.0000,0.0392,8192,0,209038,0.0392,0.0000,0.0794,17187,1,216374,0.0794,0.0000,0.0397,8592,1,216374,0.0397,0.0000
351.55,0.0392,8192,0,209038,0.0392,0.0000,0.0607,12694,0,209038,0.0607,0.0000,0.0794,17187,1,216374,0.0794,0.0000,0.0397,8592,1,216374,0.0397,0.0000
352.05,0.0392,8192,0,209038,0.0392,0.0000,0.0607,12694,0,209038,0.0607,0.0000,0.0794,17187,1,216374,0.0794,0.0000,0.0397,8592,1,216374,0.0397,0.0000
352.55,0.0392,8192,0,209038,0.0392,0.0000,0.0392,8192,0,209038,0.0392,0.0000,0.0794,17187,1,216374,0.0794,0.0000,0.0397,8592,1,216374,0.0397,0.0000
353.05,0.0392,8192,0,209038,0.0392,0.0000,0.0588,12288,0,209038,0.0588,0.0000,0.0794,17187,1,216374,0.0794,0.0000,0.0397,8592,1,216374,0.0397,0.0000
353.55,0.0392,8192,0,209038,0.0392,0.0000,0.0784,16384,0,209038,0.0784,0.0000,0.0794,17187,1,216374,0.0794,0.0000,0.0397,8592,1,216374,0.0397,0.0000
354.05,0.0392,8192,0,209038,0.0392,0.0000,0.0784,16384,0,209038,0.0784,0.0000,0.0794,17187,1,216374,0.0794,0.0000,0.0397,8592,1,216374,0.0397,0.0000
354.55,0.0392,8192,0,209038,0.0392,0.0000,0.0784,16384,0,209038,0.0784,0.0000,0.0794,17187,1,216374,0.0794,0.0000,0.0397,8592,1,216374,0.0397,0.0000
