t_s,P0_use,P0_used_tok,P0_running,P0_cap_tok,P0_pressure,P0_hit,P1_use,P1_used_tok,P1_running,P1_cap_tok,P1_pressure,P1_hit,D0_use,D0_used_tok,D0_running,D0_cap_tok,D0_pressure,D0_hit,D1_use,D1_used_tok,D1_running,D1_cap_tok,D1_pressure,D1_hit
# roles: P0:P P1:P D0:D D1:D
# metric: P0:cache_occupancy P1:cache_occupancy D0:unreachable D1:unreachable
0.00,0.0001,0,0,60000,0.0000,0.0000,0.0001,0,0,60000,0.0000,0.0000,,,,,,,,,,,,
0.50,0.0689,4121,0,60000,0.0687,0.0000,0.0683,4096,0,60000,0.0683,0.0000,,,,,,,,,,,,
1.00,0.1372,8217,0,60000,0.1369,0.0099,0.0683,4096,0,60000,0.0683,0.0000,,,,,,,,,,,,
1.50,0.1372,8217,0,60000,0.1369,0.0099,0.0683,4096,0,60000,0.0683,0.0000,,,,,,,,,,,,
2.00,0.1372,8217,0,60000,0.1369,0.0099,0.1366,8192,0,60000,0.1365,0.0099,,,,,,,,,,,,
2.50,0.2737,16409,0,60000,0.2735,0.0099,0.2732,16384,0,60000,0.2731,0.0099,,,,,,,,,,,,
3.00,0.3420,12069,0,60000,0.2011,0.0000,0.2732,16384,0,60000,0.2731,0.0099,,,,,,,,,,,,
3.50,0.4103,16165,0,60000,0.2694,0.0099,0.3414,12037,0,60000,0.2006,0.0000,,,,,,,,,,,,
4.00,0.4103,16165,0,60000,0.2694,0.0099,0.4097,16133,0,60000,0.2689,0.0099,,,,,,,,,,,,
4.50,0.4785,11808,0,60000,0.1968,0.0000,0.4779,11766,0,60000,0.1961,0.0000,,,,,,,,,,,,
5.00,0.5468,15904,0,60000,0.2651,0.0099,0.5462,15862,0,60000,0.2644,0.0099,,,,,,,,,,,,
# metric: P0:cache_occupancy P1:cache_occupancy D0:unreachable D1:cache_occupancy
5.50,0.6151,11561,0,60000,0.1927,0.0000,0.6145,11494,0,60000,0.1916,0.0000,,,,,,,0.2752,42464,1,154304,0.2752,0.0000
6.00,0.6834,15657,0,60000,0.2610,0.0099,0.6145,11494,0,60000,0.1916,0.0000,,,,,,,0.2752,42464,1,154304,0.2752,0.0000
# metric: P0:cache_occupancy P1:cache_occupancy D0:cache_occupancy D1:cache_occupancy
6.50,0.7516,11292,0,60000,0.1882,0.0000,0.6827,15590,0,60000,0.2598,0.0099,0.3306,51016,1,154304,0.3306,0.0000,0.2752,42464,1,154304,0.2752,0.0000
7.00,0.7516,11292,0,60000,0.1882,0.0000,0.7510,11237,0,60000,0.1873,0.0000,0.3306,51016,1,154304,0.3306,0.0000,0.2752,42464,1,154304,0.2752,0.0000
7.50,0.8199,15388,0,60000,0.2565,0.0099,0.8193,15333,0,60000,0.2555,0.0099,0.3306,51016,1,154304,0.3306,0.0000,0.2752,42464,1,154304,0.2752,0.0000
8.00,0.8881,11041,0,60000,0.1840,0.0000,0.8875,10965,0,60000,0.1827,0.0000,0.3306,51016,1,154304,0.3306,0.0000,0.2752,42464,1,154304,0.2752,0.0000
8.50,0.9564,15137,0,60000,0.2523,0.0101,0.8875,10965,0,60000,0.1827,0.0000,0.3306,51016,1,154304,0.3306,0.0000,0.2752,42464,1,154304,0.2752,0.0000
9.00,0.9564,15137,0,60000,0.2523,0.0101,0.9558,15061,0,60000,0.2510,0.0099,0.3306,51016,1,154304,0.3306,0.0000,0.2752,42464,1,154304,0.2752,0.0000
9.50,0.9518,19233,0,60000,0.3206,0.0000,0.9558,15061,0,60000,0.2510,0.0099,0.3306,51016,1,154304,0.3306,0.0000,0.2752,42464,1,154304,0.2752,0.0000
10.00,0.9434,14879,0,60000,0.2480,0.0099,0.9509,10680,0,60000,0.1780,0.0000,0.2758,42556,1,154304,0.2758,0.0000,0.2752,42464,1,154304,0.2752,0.0000
10.50,0.9434,10533,0,60000,0.1756,0.0000,0.9422,14776,0,60000,0.2463,0.0099,0.2758,42556,1,154304,0.2758,0.0000,0.3860,59565,1,154304,0.3860,0.0000
11.00,0.9349,14629,0,60000,0.2438,0.0000,0.9422,10417,0,60000,0.1736,0.0000,0.2758,42556,1,154304,0.2758,0.0000,0.3860,59565,1,154304,0.3860,0.0000
11.50,0.9349,14629,0,60000,0.2438,0.0000,0.9331,14513,0,60000,0.2419,0.0099,0.2758,42556,1,154304,0.2758,0.0000,0.3860,59565,1,154304,0.3860,0.0000
12.00,0.9349,14629,0,60000,0.2438,0.0000,0.9331,14513,0,60000,0.2419,0.0099,0.2758,42556,1,154304,0.2758,0.0000,0.3314,51130,1,154304,0.3314,0.0000
12.50,0.9349,14629,0,60000,0.2438,0.0000,0.9331,10174,0,60000,0.1696,0.0000,0.2758,42556,1,154304,0.2758,0.0000,0.3314,51130,1,154304,0.3314,0.0000
13.00,0.9741,8491,0,60000,0.1415,0.9960,0.9243,14270,0,60000,0.2378,0.0099,0.2758,42556,1,154304,0.2758,0.0000,0.3314,51130,1,154304,0.3314,0.0000
13.50,0.9741,8491,0,60000,0.1415,0.9960,0.9926,9911,0,60000,0.1652,0.0000,0.2758,42556,1,154304,0.2758,0.0000,0.3314,51130,1,154304,0.3314,0.0000
14.00,0.9747,8484,0,60000,0.1414,0.9960,0.9926,14007,0,60000,0.2334,0.0099,0.2758,42556,1,154304,0.2758,0.0000,0.3314,51130,1,154304,0.3314,0.0000
14.50,0.9747,8484,0,60000,0.1414,0.9960,0.9926,14007,0,60000,0.2334,0.0099,0.2758,42556,1,154304,0.2758,0.0000,0.4423,68243,1,154304,0.4423,0.0000
15.00,0.9752,8503,0,60000,0.1417,0.9960,0.9838,9631,0,60000,0.1605,0.0000,0.1658,25586,1,154304,0.1658,0.0000,0.4423,68243,1,154304,0.4423,0.0000
15.50,0.9752,8503,0,60000,0.1417,0.9960,0.9838,13727,0,60000,0.2288,0.0099,0.1658,25586,1,154304,0.1658,0.0000,0.4423,68243,1,154304,0.4423,0.0000
16.00,0.9752,8503,0,60000,0.1417,0.9960,0.9838,13727,0,60000,0.2288,0.0099,0.1658,25586,1,154304,0.1658,0.0000,0.4423,68243,1,154304,0.4423,0.0000
16.50,0.9752,8503,0,60000,0.1417,0.9960,0.9695,13437,0,60000,0.2240,0.0099,0.1658,25586,1,154304,0.1658,0.0000,0.4423,68243,1,154304,0.4423,0.0000
17.00,0.9752,8503,0,60000,0.1417,0.9960,0.9695,13437,0,60000,0.2240,0.0099,0.1658,25586,1,154304,0.1658,0.0000,0.4423,68243,1,154304,0.4423,0.0000
17.50,0.9752,8503,0,60000,0.1417,0.9960,0.9611,9060,0,60000,0.1510,0.0000,0.1658,25586,1,154304,0.1658,0.0000,0.4423,68251,1,154304,0.4423,0.0000
18.00,0.9752,8503,0,60000,0.1417,0.9960,0.9611,13156,0,60000,0.2193,0.0099,0.1658,25586,1,154304,0.1658,0.0000,0.4423,68251,1,154304,0.4423,0.0000
18.50,0.9752,8503,0,60000,0.1417,0.9960,0.9432,8754,0,60000,0.1459,0.0000,0.1658,25586,1,154304,0.1658,0.0000,0.4423,68251,1,154304,0.4423,0.0000
19.00,0.9752,8503,0,60000,0.1417,0.9960,0.9432,8754,0,60000,0.1459,0.0000,0.1658,25586,1,154304,0.1658,0.0000,0.4423,68251,1,154304,0.4423,0.0000
19.50,0.9752,8503,0,60000,0.1417,0.9960,0.8802,12850,0,60000,0.2142,0.0000,0.1658,25586,1,154304,0.1658,0.0000,0.4423,68251,1,154304,0.4423,0.0000
20.00,0.9752,8503,0,60000,0.1417,0.9960,0.9485,16946,0,60000,0.2824,0.0099,0.1658,25586,1,154304,0.1658,0.0000,0.4423,68251,1,154304,0.4423,0.0000
20.50,0.8261,8480,0,60000,0.1413,0.9918,0.9485,12547,0,60000,0.2091,0.0000,0.1658,25586,1,154304,0.1658,0.0000,0.4423,68251,1,154304,0.4423,0.0000
21.00,0.8261,8480,0,60000,0.1413,0.9918,0.9299,16643,0,60000,0.2774,0.0099,0.1658,25586,1,154304,0.1658,0.0000,0.4423,68251,1,154304,0.4423,0.0000
21.50,0.8261,8480,0,60000,0.1413,0.9918,0.9982,12256,0,60000,0.2043,0.0000,0.1658,25586,1,154304,0.1658,0.0000,0.4427,68303,1,154304,0.4427,0.0000
22.00,0.8261,8480,0,60000,0.1413,0.9918,0.9982,12256,0,60000,0.2043,0.0000,0.1658,25586,1,154304,0.1658,0.0000,0.4427,68303,1,154304,0.4427,0.0000
22.50,0.8261,8480,0,60000,0.1413,0.9918,0.9982,16352,0,60000,0.2725,0.0099,0.1658,25586,1,154304,0.1658,0.0000,0.4427,68303,1,154304,0.4427,0.0000
23.00,0.8261,8480,0,60000,0.1413,0.9918,0.9347,11971,0,60000,0.1995,0.0000,0.1658,25586,1,154304,0.1658,0.0000,0.4427,68303,1,154304,0.4427,0.0000
23.50,0.9683,8502,0,60000,0.1417,0.9918,0.8570,16067,0,60000,0.2678,0.0099,0.1658,25586,1,154304,0.1658,0.0000,0.4427,68303,1,154304,0.4427,0.0000
24.00,0.9683,8502,0,60000,0.1417,0.9918,0.9252,11665,0,60000,0.1944,0.0000,0.3884,59927,1,154304,0.3884,0.0000,0.4427,68303,1,154304,0.4427,0.0000
24.50,0.9683,8502,0,60000,0.1417,0.9918,0.9252,11665,0,60000,0.1944,0.0000,0.3884,59927,1,154304,0.3884,0.0000,0.4427,68303,1,154304,0.4427,0.0000
25.00,0.9695,8550,0,60000,0.1425,0.9959,0.9935,15761,0,60000,0.2627,0.0099,0.3884,59927,1,154304,0.3884,0.0000,0.3323,51273,1,154304,0.3323,0.0000
25.50,0.9695,8550,0,60000,0.1425,0.9959,0.9738,11346,0,60000,0.1891,0.0000,0.3884,59927,1,154304,0.3884,0.0000,0.3323,51273,1,154304,0.3323,0.0000
26.00,0.9701,4137,0,60000,0.0689,0.0000,0.9738,15442,0,60000,0.2574,0.0099,0.3884,59927,1,154304,0.3884,0.0000,0.3323,51273,1,154304,0.3323,0.0000
26.50,0.9701,4137,0,60000,0.0689,0.0000,0.9639,11049,0,60000,0.1842,0.0000,0.3884,59927,1,154304,0.3884,0.0000,0.3318,51197,1,154304,0.3318,0.0000
27.00,0.9390,15388,0,60000,0.2565,0.8159,0.9639,11049,0,60000,0.1842,0.0000,0.3884,59927,1,154304,0.3884,0.0000,0.3318,51197,1,154304,0.3318,0.0000
27.50,0.9615,25476,0,60000,0.4246,0.9918,0.9639,15145,0,60000,0.2524,0.0099,0.3884,59927,1,154304,0.3884,0.0000,0.3318,51197,1,154304,0.3318,0.0000
28.00,0.9615,25476,0,60000,0.4246,0.9918,0.9639,15145,0,60000,0.2524,0.0099,0.3884,59927,1,154304,0.3884,0.0000,0.3318,51197,1,154304,0.3318,0.0000
28.50,0.9615,25476,0,60000,0.4246,0.9918,0.9549,14885,0,60000,0.2481,0.0104,0.3884,59927,1,154304,0.3884,0.0000,0.3318,51197,1,154304,0.3318,0.0000
29.00,0.9615,25476,0,60000,0.4246,0.9918,0.9439,10468,0,60000,0.1745,0.0000,0.3884,59927,1,154304,0.3884,0.0000,0.2223,34306,1,154304,0.2223,0.0000
29.50,0.9579,8496,0,60000,0.1416,0.9918,0.9439,10468,0,60000,0.1745,0.0000,0.3884,59927,1,154304,0.3884,0.0000,0.2223,34306,1,154304,0.2223,0.0000
30.00,0.9579,8496,0,60000,0.1416,0.9918,0.9285,14564,0,60000,0.2427,0.0099,0.3884,59927,1,154304,0.3884,0.0000,0.2223,34306,1,154304,0.2223,0.0000
30.50,0.9590,8499,0,60000,0.1416,0.9978,0.9968,10169,0,60000,0.1695,0.0000,0.3883,59923,1,154304,0.3883,0.0000,0.2223,34306,1,154304,0.2223,0.0000
31.00,0.9590,8499,0,60000,0.1416,0.9978,0.9968,14265,0,60000,0.2377,0.0099,0.3883,59923,1,154304,0.3883,0.0000,0.2223,34306,1,154304,0.2223,0.0000
31.50,0.9590,8499,0,60000,0.1416,0.9978,0.9711,9841,0,60000,0.1640,0.0000,0.3883,59923,1,154304,0.3883,0.0000,0.2221,34278,1,154304,0.2221,0.0000
32.01,0.9594,8554,0,60000,0.1426,0.9959,0.9711,9841,0,60000,0.1640,0.0000,0.3883,59923,1,154304,0.3883,0.0000,0.2221,34278,1,154304,0.2221,0.0000
32.51,0.9599,12685,0,60000,0.2114,0.0000,0.9925,13937,0,60000,0.2323,0.0101,0.3883,59923,1,154304,0.3883,0.0000,0.2221,34278,1,154304,0.2221,0.0000
33.01,0.8477,8233,0,60000,0.1372,0.0000,0.9242,9521,0,60000,0.1587,0.0000,0.3883,59923,1,154304,0.3883,0.0000,0.2221,34278,1,154304,0.2221,0.0000
33.51,0.9219,12685,0,60000,0.2114,0.0000,0.9925,13617,0,60000,0.2270,0.0099,0.3883,59923,1,154304,0.3883,0.0000,0.2221,34278,1,154304,0.2221,0.0000
34.01,0.9901,16758,0,60000,0.2793,0.9587,0.9725,9205,0,60000,0.1534,0.0000,0.5549,85617,1,154304,0.5549,0.0000,0.2221,34278,1,154304,0.2221,0.0000
34.51,0.9901,16758,0,60000,0.2793,0.9587,0.9725,9205,0,60000,0.1534,0.0000,0.5549,85617,1,154304,0.5549,0.0000,0.2221,34278,1,154304,0.2221,0.0000
35.01,0.9953,25609,0,60000,0.4268,0.9917,0.9725,13301,0,60000,0.2217,0.0099,0.5549,85617,1,154304,0.5549,0.0000,0.2221,34278,1,154304,0.2221,0.0000
35.51,0.9953,25609,0,60000,0.4268,0.9917,0.9622,8865,0,60000,0.1477,0.0000,0.5549,85617,1,154304,0.5549,0.0000,0.2221,34278,1,154304,0.2221,0.0000
36.01,0.9953,25609,0,60000,0.4268,0.9917,0.9622,12961,0,60000,0.2160,0.0000,0.5549,85617,1,154304,0.5549,0.0000,0.2221,34278,1,154304,0.2221,0.0000
36.51,0.9953,25609,0,60000,0.4268,0.9917,0.9517,17057,0,60000,0.2843,0.0099,0.5549,85617,1,154304,0.5549,0.0000,0.2221,34278,1,154304,0.2221,0.0000
37.01,0.9964,41,0,60000,0.0007,0.0099,0.9517,17057,0,60000,0.2843,0.0099,0.5533,85377,1,154304,0.5533,0.0000,0.2221,34278,1,154304,0.2221,0.0000
37.51,0.9225,4137,0,60000,0.0689,0.0000,0.9517,12635,0,60000,0.2106,0.0000,0.5533,85377,1,154304,0.5533,0.0000,0.2221,34278,1,154304,0.2221,0.0000
38.01,0.9817,16165,0,60000,0.2694,0.8991,0.8467,16731,0,60000,0.2788,0.0099,0.5533,85377,1,154304,0.5533,0.0000,0.2221,34278,1,154304,0.2221,0.0000
38.51,0.9224,21156,0,60000,0.3526,0.0000,0.9150,12293,0,60000,0.2049,0.0000,0.5533,85377,1,154304,0.5533,0.0000,0.2221,34278,1,154304,0.2221,0.0000
39.01,0.9224,21156,0,60000,0.3526,0.0000,0.9150,12293,0,60000,0.2049,0.0000,0.5533,85377,1,154304,0.5533,0.0000,0.3891,60035,1,154304,0.3891,0.0000
39.51,0.9907,16776,0,60000,0.2796,0.0000,0.9832,16389,0,60000,0.2732,0.0099,0.3865,59645,1,154304,0.3865,0.0000,0.3891,60035,1,154304,0.3891,0.0000
40.01,0.9907,16776,0,60000,0.2796,0.0000,0.9364,11966,0,60000,0.1994,0.0000,0.3865,59645,1,154304,0.3865,0.0000,0.3891,60035,1,154304,0.3891,0.0000
40.51,0.9907,16776,0,60000,0.2796,0.0000,0.9258,16062,0,60000,0.2677,0.0099,0.3865,59645,1,154304,0.3865,0.0000,0.3891,60035,1,154304,0.3891,0.0000
41.01,0.9907,16776,0,60000,0.2796,0.0000,0.9941,11592,0,60000,0.1932,0.0000,0.3865,59645,1,154304,0.3865,0.0000,0.3891,60035,1,154304,0.3891,0.0000
41.51,0.9907,16776,0,60000,0.2796,0.0000,0.9941,11592,0,60000,0.1932,0.0000,0.3865,59645,1,154304,0.3865,0.0000,0.3891,60035,1,154304,0.3891,0.0000
42.01,0.9907,16776,0,60000,0.2796,0.0000,0.9941,15688,0,60000,0.2615,0.0099,0.3865,59645,1,154304,0.3865,0.0000,0.3326,51319,1,154304,0.3326,0.0000
42.51,0.9967,8517,0,60000,0.1419,0.9960,0.9831,11237,0,60000,0.1873,0.0000,0.3865,59645,1,154304,0.3865,0.0000,0.3326,51319,1,154304,0.3326,0.0000
43.01,0.9967,8517,0,60000,0.1419,0.9960,0.9831,15333,0,60000,0.2555,0.0099,0.3865,59645,1,154304,0.3865,0.0000,0.3326,51319,1,154304,0.3326,0.0000
43.51,0.9967,8517,0,60000,0.1419,0.9960,0.9664,10939,0,60000,0.1823,0.0000,0.3865,59645,1,154304,0.3865,0.0000,0.3326,51319,1,154304,0.3326,0.0000
44.01,0.9967,8517,0,60000,0.1419,0.9960,0.9664,10939,0,60000,0.1823,0.0000,0.3865,59644,1,154304,0.3865,0.0000,0.3326,51319,1,154304,0.3326,0.0000
44.51,0.9967,8517,0,60000,0.1419,0.9960,0.9664,15035,0,60000,0.2506,0.0099,0.3865,59644,1,154304,0.3865,0.0000,0.3326,51319,1,154304,0.3326,0.0000
45.01,0.9913,4137,0,60000,0.0689,0.0000,0.9552,10562,0,60000,0.1760,0.0000,0.3865,59644,1,154304,0.3865,0.0000,0.3326,51319,1,154304,0.3326,0.0000
45.51,0.9913,4137,0,60000,0.0689,0.0000,0.9552,14658,0,60000,0.2443,0.0101,0.3865,59644,1,154304,0.3865,0.0000,0.3326,51319,1,154304,0.3326,0.0000
46.01,0.9905,16710,0,60000,0.2785,0.9574,0.9552,14658,0,60000,0.2443,0.0101,0.3865,59644,1,154304,0.3865,0.0000,0.3326,51319,1,154304,0.3326,0.0000
46.51,0.9905,16710,0,60000,0.2785,0.9574,0.8926,10309,0,60000,0.1718,0.0000,0.3865,59644,1,154304,0.3865,0.0000,0.3326,51319,1,154304,0.3326,0.0000
47.01,0.9224,12720,0,60000,0.2120,0.0000,0.9609,14405,0,60000,0.2401,0.0099,0.3865,59644,1,154304,0.3865,0.0000,0.3326,51319,1,154304,0.3326,0.0000
47.51,0.9907,8234,0,60000,0.1372,0.0000,0.9381,10049,0,60000,0.1675,0.0000,0.3317,51179,2,154304,0.3317,0.0000,0.3326,51319,1,154304,0.3326,0.0000
48.01,0.9907,8234,0,60000,0.1372,0.0000,0.9259,14145,0,60000,0.2357,0.0099,0.3317,51179,2,154304,0.3317,0.0000,0.3326,51319,1,154304,0.3326,0.0000
48.51,0.9907,8234,0,60000,0.1372,0.0000,0.9259,14145,0,60000,0.2357,0.0099,0.3317,51179,2,154304,0.3317,0.0000,0.3326,51319,1,154304,0.3326,0.0000
49.01,0.9907,8234,0,60000,0.1372,0.0000,0.9942,9728,0,60000,0.1621,0.0000,0.3317,51179,2,154304,0.3317,0.0000,0.3326,51319,1,154304,0.3326,0.0000
49.51,0.9907,8234,0,60000,0.1372,0.0000,0.9942,13824,0,60000,0.2304,0.0101,0.3317,51179,2,154304,0.3317,0.0000,0.3326,51319,1,154304,0.3326,0.0000
50.01,0.9907,8234,0,60000,0.1372,0.0000,0.9833,9482,0,60000,0.1580,0.0000,0.3317,51179,2,154304,0.3317,0.0000,0.3326,51319,1,154304,0.3326,0.0000
50.51,0.9907,8234,0,60000,0.1372,0.0000,0.9833,13578,0,60000,0.2263,0.0099,0.3317,51179,2,154304,0.3317,0.0000,0.3326,51319,1,154304,0.3326,0.0000
51.01,0.9907,8234,0,60000,0.1372,0.0000,0.9833,13578,0,60000,0.2263,0.0099,0.3317,51179,2,154304,0.3317,0.0000,0.3326,51319,1,154304,0.3326,0.0000
51.51,0.9907,8234,0,60000,0.1372,0.0000,0.9721,9126,0,60000,0.1521,0.0000,0.3317,51179,2,154304,0.3317,0.0000,0.4432,68386,1,154304,0.4432,0.0000
52.01,0.9219,4137,0,60000,0.0689,0.0000,0.9721,13222,0,60000,0.2204,0.0099,0.3317,51179,2,154304,0.3317,0.0000,0.4432,68386,1,154304,0.4432,0.0000
52.51,0.9902,8233,0,60000,0.1372,0.0000,0.9616,8883,0,60000,0.1480,0.0000,0.3871,59729,1,154304,0.3871,0.0000,0.4432,68386,1,154304,0.4432,0.0000
53.01,0.9220,12685,0,60000,0.2114,0.0000,0.9616,8883,0,60000,0.1480,0.0000,0.3871,59729,1,154304,0.3871,0.0000,0.4432,68386,1,154304,0.4432,0.0000
53.51,0.9220,12685,0,60000,0.2114,0.0000,0.9616,12979,0,60000,0.2163,0.0099,0.3871,59729,1,154304,0.3871,0.0000,0.4432,68386,1,154304,0.4432,0.0000
54.01,0.9902,8233,0,60000,0.1372,0.0000,0.9530,8628,0,60000,0.1438,0.0000,0.3871,59729,1,154304,0.3871,0.0000,0.4432,68386,1,154304,0.4432,0.0000
54.51,0.9902,8233,0,60000,0.1372,0.0000,0.9530,12724,0,60000,0.2121,0.0000,0.3871,59729,1,154304,0.3871,0.0000,0.4432,68386,1,154304,0.4432,0.0000
55.01,0.9902,8233,0,60000,0.1372,0.0000,0.9433,8363,0,60000,0.1394,0.0099,0.2766,42686,1,154304,0.2766,0.0000,0.4432,68386,1,154304,0.4432,0.0000
55.51,0.9889,4138,0,60000,0.0690,0.0000,0.9433,8363,0,60000,0.1394,0.0099,0.2766,42686,1,154304,0.2766,0.0000,0.4432,68386,1,154304,0.4432,0.0000
56.01,0.9889,4138,0,60000,0.0690,0.0000,0.9433,12459,0,60000,0.2077,0.0000,0.2766,42686,1,154304,0.2766,0.0000,0.4432,68386,1,154304,0.4432,0.0000
56.51,0.9889,8234,0,60000,0.1372,0.0000,0.9339,16555,0,60000,0.2759,0.0099,0.2766,42686,1,154304,0.2766,0.0000,0.4432,68386,1,154304,0.4432,0.0000
57.01,0.9882,12606,0,60000,0.2101,0.0000,0.9339,12098,0,60000,0.2016,0.0000,0.2766,42686,1,154304,0.2766,0.0000,0.4432,68386,1,154304,0.4432,0.0000
57.51,0.9837,8233,0,60000,0.1372,0.0000,0.9238,16194,0,60000,0.2699,0.0099,0.2766,42686,1,154304,0.2766,0.0000,0.4421,68220,1,154304,0.4421,0.0000
58.01,0.9837,8233,0,60000,0.1372,0.0000,0.9238,16194,0,60000,0.2699,0.0099,0.2766,42686,1,154304,0.2766,0.0000,0.4421,68220,1,154304,0.4421,0.0000
58.51,0.9879,16961,0,60000,0.2827,0.9957,0.9921,11842,0,60000,0.1974,0.0000,0.2766,42686,1,154304,0.2766,0.0000,0.4421,68220,1,154304,0.4421,0.0000
59.01,0.9879,16961,0,60000,0.2827,0.9957,0.9921,15938,0,60000,0.2656,0.0099,0.2766,42686,1,154304,0.2766,0.0000,0.4421,68220,1,154304,0.4421,0.0000
59.51,0.9885,4138,0,60000,0.0690,0.0000,0.9821,11465,0,60000,0.1911,0.0000,0.2766,42686,1,154304,0.2766,0.0000,0.3874,59778,1,154304,0.3874,0.0000
60.01,0.9868,8234,0,60000,0.1372,0.0000,0.9821,15562,0,60000,0.2594,0.0101,0.2766,42686,1,154304,0.2766,0.0000,0.3874,59778,1,154304,0.3874,0.0000
60.51,0.9868,8234,0,60000,0.1372,0.0000,0.9821,15562,0,60000,0.2594,0.0101,0.2766,42686,1,154304,0.2766,0.0000,0.3874,59778,1,154304,0.3874,0.0000
61.01,0.9868,8234,0,60000,0.1372,0.0000,0.9738,11104,0,60000,0.1851,0.0000,0.2766,42686,1,154304,0.2766,0.0000,0.3874,59778,1,154304,0.3874,0.0000
61.51,0.9180,4137,0,60000,0.0689,0.0000,0.9738,15200,0,60000,0.2533,0.0099,0.2766,42686,1,154304,0.2766,0.0000,0.3874,59778,1,154304,0.3874,0.0000
62.01,0.9863,8233,0,60000,0.1372,0.0000,0.9652,10750,0,60000,0.1792,0.0000,0.2766,42686,1,154304,0.2766,0.0000,0.3874,59778,1,154304,0.3874,0.0000
62.51,0.9863,8233,0,60000,0.1372,0.0000,0.9652,10750,0,60000,0.1792,0.0000,0.2766,42686,1,154304,0.2766,0.0000,0.3874,59778,1,154304,0.3874,0.0000
63.01,0.9863,8233,0,60000,0.1372,0.0000,0.9652,14846,0,60000,0.2474,0.0099,0.3867,59665,1,154304,0.3867,0.0000,0.3866,59653,1,154304,0.3866,0.0000
63.51,0.9863,8233,0,60000,0.1372,0.0000,0.9613,10475,0,60000,0.1746,0.0000,0.3867,59665,1,154304,0.3867,0.0000,0.3866,59653,1,154304,0.3866,0.0000
64.01,0.9863,8233,0,60000,0.1372,0.0000,0.9613,14571,0,60000,0.2429,0.0099,0.3867,59665,1,154304,0.3867,0.0000,0.3866,59653,1,154304,0.3866,0.0000
64.51,0.9863,8233,0,60000,0.1372,0.0000,0.9510,10214,0,60000,0.1702,0.0000,0.3867,59665,1,154304,0.3867,0.0000,0.3866,59653,1,154304,0.3866,0.0000
65.01,0.9863,8233,0,60000,0.1372,0.0000,0.9510,10214,0,60000,0.1702,0.0000,0.3867,59665,1,154304,0.3867,0.0000,0.3866,59653,1,154304,0.3866,0.0000
65.51,0.9863,8233,0,60000,0.1372,0.0000,0.9405,14310,0,60000,0.2385,0.0099,0.3867,59665,1,154304,0.3867,0.0000,0.3866,59653,1,154304,0.3866,0.0000
66.01,0.9863,8233,0,60000,0.1372,0.0000,0.9405,9927,0,60000,0.1655,0.0000,0.3867,59665,1,154304,0.3867,0.0000,0.3866,59653,1,154304,0.3866,0.0000
66.51,0.9856,4137,0,60000,0.0689,0.0000,0.9216,14023,0,60000,0.2337,0.0099,0.3867,59665,1,154304,0.3867,0.0000,0.3866,59653,1,154304,0.3866,0.0000
67.01,0.9856,16715,0,60000,0.2786,0.9611,0.9216,14023,0,60000,0.2337,0.0099,0.3867,59665,1,154304,0.3867,0.0000,0.3870,59709,1,154304,0.3870,0.0000
67.51,0.9856,16715,0,60000,0.2786,0.9611,0.9899,9634,0,60000,0.1606,0.0000,0.3867,59665,1,154304,0.3867,0.0000,0.3870,59709,1,154304,0.3870,0.0000
68.01,0.9854,21156,0,60000,0.3526,0.0000,0.9899,13730,0,60000,0.2288,0.0099,0.3867,59665,1,154304,0.3867,0.0000,0.3870,59709,1,154304,0.3870,0.0000
68.51,0.9808,16751,0,60000,0.2792,0.0000,0.9734,9339,0,60000,0.1557,0.0000,0.4430,68354,1,154304,0.4430,0.0000,0.3870,59709,1,154304,0.3870,0.0000
69.01,0.9857,12624,0,60000,0.2104,0.0000,0.9734,13435,0,60000,0.2239,0.0099,0.4430,68354,1,154304,0.4430,0.0000,0.3870,59709,1,154304,0.3870,0.0000
69.51,0.9815,8233,0,60000,0.1372,0.0000,0.9734,13435,0,60000,0.2239,0.0099,0.4430,68354,1,154304,0.4430,0.0000,0.3870,59709,1,154304,0.3870,0.0000
70.01,0.9815,8233,0,60000,0.1372,0.0000,0.9644,9081,0,60000,0.1514,0.0000,0.4430,68354,1,154304,0.4430,0.0000,0.3870,59709,1,154304,0.3870,0.0000
70.51,0.9868,12652,0,60000,0.2109,0.0000,0.9644,13177,0,60000,0.2196,0.0099,0.4430,68354,1,154304,0.4430,0.0000,0.3870,59709,1,154304,0.3870,0.0000
71.01,0.9816,8233,0,60000,0.1372,0.0000,0.9007,8794,0,60000,0.1466,0.0000,0.3324,51293,1,154304,0.3324,0.0000,0.2767,42698,1,154304,0.2767,0.0000
71.51,0.9816,8233,0,60000,0.1372,0.0000,0.9007,8794,0,60000,0.1466,0.0000,0.3324,51293,1,154304,0.3324,0.0000,0.2767,42698,1,154304,0.2767,0.0000
72.01,0.9870,17063,0,60000,0.2844,0.9958,0.9690,12890,0,60000,0.2148,0.0000,0.3324,51293,1,154304,0.3324,0.0000,0.2767,42698,1,154304,0.2767,0.0000
72.51,0.9870,17063,0,60000,0.2844,0.9958,0.9494,8505,0,60000,0.1417,0.0099,0.3324,51293,1,154304,0.3324,0.0000,0.2767,42698,1,154304,0.2767,0.0000
73.01,0.9876,4137,0,60000,0.0689,0.0000,0.9494,12601,0,60000,0.2100,0.0000,0.3324,51293,1,154304,0.3324,0.0000,0.2772,42770,1,154304,0.2772,0.0000
73.51,0.9834,8233,0,60000,0.1372,0.0000,0.9397,16697,0,60000,0.2783,0.0099,0.3324,51293,1,154304,0.3324,0.0000,0.2772,42770,1,154304,0.2772,0.0000
74.01,0.9834,8233,0,60000,0.1372,0.0000,0.9397,16697,0,60000,0.2783,0.0099,0.3327,51338,1,154304,0.3327,0.0000,0.2772,42770,1,154304,0.2772,0.0000
74.51,0.9883,17040,0,60000,0.2840,0.9959,0.9397,12302,0,60000,0.2050,0.0000,0.3327,51338,1,154304,0.3327,0.0000,0.2772,42770,1,154304,0.2772,0.0000
75.01,0.9883,17040,0,60000,0.2840,0.9959,0.9299,16398,0,60000,0.2733,0.0099,0.3327,51338,1,154304,0.3327,0.0000,0.2772,42770,1,154304,0.2772,0.0000
75.51,0.9883,17040,0,60000,0.2840,0.9959,0.9299,16398,0,60000,0.2733,0.0099,0.3327,51338,1,154304,0.3327,0.0000,0.2772,42770,1,154304,0.2772,0.0000
76.01,0.9889,8578,0,60000,0.1430,0.9959,0.9939,16086,0,60000,0.2681,0.0101,0.3327,51338,1,154304,0.3327,0.0000,0.2772,42770,1,154304,0.2772,0.0000
76.51,0.9889,8578,0,60000,0.1430,0.9959,0.9939,16086,0,60000,0.2681,0.0101,0.3327,51338,1,154304,0.3327,0.0000,0.2772,42770,1,154304,0.2772,0.0000
77.01,0.9894,41,0,60000,0.0007,0.0099,0.9848,11717,0,60000,0.1953,0.0000,0.2782,42925,1,154304,0.2782,0.0000,0.2772,42770,1,154304,0.2772,0.0000
77.51,0.9894,4137,0,60000,0.0689,0.0000,0.9848,15813,0,60000,0.2636,0.0099,0.2782,42925,1,154304,0.2782,0.0000,0.2772,42770,1,154304,0.2772,0.0000
78.01,0.9894,8234,0,60000,0.1372,0.0101,0.9752,11443,0,60000,0.1907,0.0000,0.2782,42925,1,154304,0.2782,0.0000,0.2772,42770,1,154304,0.2772,0.0000
78.51,0.9840,12330,0,60000,0.2055,0.0000,0.9752,11443,0,60000,0.1907,0.0000,0.2782,42925,1,154304,0.2782,0.0000,0.2772,42770,1,154304,0.2772,0.0000
79.01,0.9840,24910,0,60000,0.4152,0.6765,0.9752,15539,0,60000,0.2590,0.0099,0.2782,42925,1,154304,0.2782,0.0000,0.3320,51225,1,154304,0.3320,0.0000
79.51,0.9791,20564,0,60000,0.3427,0.0000,0.9654,11091,0,60000,0.1848,0.0000,0.2782,42925,1,154304,0.2782,0.0000,0.3320,51225,1,154304,0.3320,0.0000
80.01,0.9791,20564,0,60000,0.3427,0.0000,0.9654,15187,0,60000,0.2531,0.0101,0.2782,42925,1,154304,0.2782,0.0000,0.3320,51225,1,154304,0.3320,0.0000
80.51,0.9791,24660,0,60000,0.4110,0.0099,0.9654,15187,0,60000,0.2531,0.0101,0.2782,42925,1,154304,0.2782,0.0000,0.3320,51225,1,154304,0.3320,0.0000
81.01,0.9736,20229,0,60000,0.3372,0.0000,0.9552,10802,0,60000,0.1800,0.0000,0.2782,42925,1,154304,0.2782,0.0000,0.3320,51225,1,154304,0.3320,0.0000
81.51,0.9736,15820,0,60000,0.2637,0.0000,0.8820,14898,0,60000,0.2483,0.0099,0.2782,42925,1,154304,0.2782,0.0000,0.3320,51225,1,154304,0.3320,0.0000
82.01,0.9736,15820,0,60000,0.2637,0.0000,0.9503,10413,0,60000,0.1736,0.0000,0.4433,68401,1,154304,0.4433,0.0000,0.3320,51225,1,154304,0.3320,0.0000
82.51,0.9736,15820,0,60000,0.2637,0.0000,0.9405,14509,0,60000,0.2418,0.0099,0.4433,68401,1,154304,0.4433,0.0000,0.3320,51225,1,154304,0.3320,0.0000
83.01,0.9736,15820,0,60000,0.2637,0.0000,0.9405,14509,0,60000,0.2418,0.0099,0.4433,68401,1,154304,0.4433,0.0000,0.2765,42660,1,154304,0.2765,0.0000
83.51,0.9736,15820,0,60000,0.2637,0.0000,0.9405,10082,0,60000,0.1680,0.0000,0.4433,68401,1,154304,0.4433,0.0000,0.2765,42660,1,154304,0.2765,0.0000
84.01,0.9884,4137,0,60000,0.0689,0.0000,0.9314,14178,0,60000,0.2363,0.0099,0.4433,68401,1,154304,0.4433,0.0000,0.2765,42660,1,154304,0.2765,0.0000
84.51,0.9884,8233,0,60000,0.1372,0.0000,0.9997,9721,0,60000,0.1620,0.0000,0.4433,68401,1,154304,0.4433,0.0000,0.2765,42660,1,154304,0.2765,0.0000
85.01,0.9884,8233,0,60000,0.1372,0.0000,0.9997,9721,0,60000,0.1620,0.0000,0.4433,68401,1,154304,0.4433,0.0000,0.2765,42660,1,154304,0.2765,0.0000
85.51,0.9884,8233,0,60000,0.1372,0.0000,0.9997,13817,0,60000,0.2303,0.0099,0.4977,76803,1,154304,0.4977,0.0000,0.2765,42660,1,154304,0.2765,0.0000
86.01,0.9938,8540,0,60000,0.1423,0.9958,0.9893,9390,0,60000,0.1565,0.0000,0.4977,76803,1,154304,0.4977,0.0000,0.2765,42660,1,154304,0.2765,0.0000
86.51,0.9881,12673,0,60000,0.2112,0.0000,0.9893,13486,0,60000,0.2248,0.0099,0.4977,76803,1,154304,0.4977,0.0000,0.2765,42660,1,154304,0.2765,0.0000
87.01,0.9839,8234,0,60000,0.1372,0.0000,0.9786,9069,0,60000,0.1512,0.0000,0.4977,76803,1,154304,0.4977,0.0000,0.2765,42660,1,154304,0.2765,0.0000
87.51,0.9839,8234,0,60000,0.1372,0.0000,0.9786,9069,0,60000,0.1512,0.0000,0.4981,76855,1,154304,0.4981,0.0000,0.2765,42660,1,154304,0.2765,0.0000
88.01,0.9839,8234,0,60000,0.1372,0.0000,0.9786,13165,0,60000,0.2194,0.0099,0.4981,76855,1,154304,0.4981,0.0000,0.2765,42660,1,154304,0.2765,0.0000
88.51,0.9839,8234,0,60000,0.1372,0.0000,0.9673,8705,0,60000,0.1451,0.0000,0.4981,76855,1,154304,0.4981,0.0000,0.2765,42660,1,154304,0.2765,0.0000
89.01,0.9900,4137,0,60000,0.0689,0.0000,0.9673,8705,0,60000,0.1451,0.0000,0.4981,76855,1,154304,0.4981,0.0000,0.2765,42660,1,154304,0.2765,0.0000
89.51,0.9900,8233,0,60000,0.1372,0.0000,0.9601,12801,0,60000,0.2134,0.0000,0.4981,76855,1,154304,0.4981,0.0000,0.2765,42660,1,154304,0.2765,0.0000
90.01,0.9900,8233,0,60000,0.1372,0.0000,0.9486,16897,0,60000,0.2816,0.0099,0.4981,76855,1,154304,0.4981,0.0000,0.2765,42660,1,154304,0.2765,0.0000
90.51,0.9900,8233,0,60000,0.1372,0.0000,0.9486,12476,0,60000,0.2079,0.0000,0.4981,76855,1,154304,0.4981,0.0000,0.2765,42660,1,154304,0.2765,0.0000
91.01,0.9864,4137,0,60000,0.0689,0.0000,0.9371,16572,0,60000,0.2762,0.0099,0.4413,68101,1,154304,0.4413,0.0000,0.2765,42660,1,154304,0.2765,0.0000
91.51,0.9853,8233,0,60000,0.1372,0.0000,0.9371,16572,0,60000,0.2762,0.0099,0.4413,68101,1,154304,0.4413,0.0000,0.3332,51419,1,154304,0.3332,0.0000
92.01,0.9853,8233,0,60000,0.1372,0.0000,0.9371,12207,0,60000,0.2034,0.0000,0.4413,68101,1,154304,0.4413,0.0000,0.3332,51419,1,154304,0.3332,0.0000
92.51,0.9853,8233,0,60000,0.1372,0.0000,0.9262,16303,0,60000,0.2717,0.0099,0.4413,68101,1,154304,0.4413,0.0000,0.3332,51419,1,154304,0.3332,0.0000
93.01,0.9853,8233,0,60000,0.1372,0.0000,0.9945,11950,0,60000,0.1992,0.0000,0.4413,68101,1,154304,0.4413,0.0000,0.3332,51419,1,154304,0.3332,0.0000
93.51,0.9787,8522,0,60000,0.1420,0.9935,0.9945,16046,0,60000,0.2674,0.0099,0.4413,68101,1,154304,0.4413,0.0000,0.3332,51419,1,154304,0.3332,0.0000
94.01,0.9787,8522,0,60000,0.1420,0.9935,0.9945,16046,0,60000,0.2674,0.0099,0.4413,68101,1,154304,0.4413,0.0000,0.3332,51419,1,154304,0.3332,0.0000
94.51,0.9796,4137,0,60000,0.0689,0.0000,0.9830,11640,0,60000,0.1940,0.0000,0.3862,59590,1,154304,0.3862,0.0000,0.3332,51419,1,154304,0.3332,0.0000
95.01,0.9160,8233,0,60000,0.1372,0.0099,0.9830,15736,0,60000,0.2623,0.0099,0.3862,59590,1,154304,0.3862,0.0000,0.3332,51419,1,154304,0.3332,0.0000
95.51,0.9160,8233,0,60000,0.1372,0.0099,0.8960,11381,0,60000,0.1897,0.0000,0.3862,59590,1,154304,0.3862,0.0000,0.3332,51419,1,154304,0.3332,0.0000
96.01,0.9843,12329,0,60000,0.2055,0.0000,0.8960,11381,0,60000,0.1897,0.0000,0.3862,59590,1,154304,0.3862,0.0000,0.3332,51419,1,154304,0.3332,0.0000
96.51,0.9837,16425,0,60000,0.2737,0.0099,0.9643,15477,0,60000,0.2580,0.0099,0.3862,59590,1,154304,0.3862,0.0000,0.3332,51419,1,154304,0.3332,0.0000
97.01,0.9629,12063,0,60000,0.2011,0.0000,0.8985,11136,0,60000,0.1856,0.0000,0.2755,42512,1,154304,0.2755,0.0000,0.3332,51419,1,154304,0.3332,0.0000
97.51,0.9042,16159,0,60000,0.2693,0.0000,0.9667,15232,0,60000,0.2539,0.0099,0.2755,42512,1,154304,0.2755,0.0000,0.3332,51419,1,154304,0.3332,0.0000
98.01,0.9042,16159,0,60000,0.2693,0.0000,0.9667,15232,0,60000,0.2539,0.0099,0.2755,42512,1,154304,0.2755,0.0000,0.3888,59987,1,154304,0.3888,0.0000
98.51,0.9042,16159,0,60000,0.2693,0.0000,0.9568,10852,0,60000,0.1809,0.0000,0.2755,42512,1,154304,0.2755,0.0000,0.3888,59987,1,154304,0.3888,0.0000
99.01,0.9042,16159,0,60000,0.2693,0.0000,0.9568,14949,0,60000,0.2492,0.0101,0.2755,42512,1,154304,0.2755,0.0000,0.3888,59987,1,154304,0.3888,0.0000
99.51,0.9868,4137,0,60000,0.0689,0.0000,0.9481,10483,0,60000,0.1747,0.0000,0.2755,42512,1,154304,0.2755,0.0000,0.3888,59987,1,154304,0.3888,0.0000
100.01,0.9868,16691,0,60000,0.2782,0.9648,0.9386,14579,0,60000,0.2430,0.0101,0.2755,42512,1,154304,0.2755,0.0000,0.3888,59987,1,154304,0.3888,0.0000
100.51,0.9868,16691,0,60000,0.2782,0.9648,0.9386,14579,0,60000,0.2430,0.0101,0.2755,42512,1,154304,0.2755,0.0000,0.3888,59987,1,154304,0.3888,0.0000
101.01,0.9868,16691,0,60000,0.2782,0.9648,0.9386,10151,0,60000,0.1692,0.0000,0.2755,42512,1,154304,0.2755,0.0000,0.3888,59987,1,154304,0.3888,0.0000
101.52,0.9868,16691,0,60000,0.2782,0.9648,0.9291,14247,0,60000,0.2374,0.0099,0.2755,42512,1,154304,0.2755,0.0000,0.3888,59987,1,154304,0.3888,0.0000
102.02,0.9868,16691,0,60000,0.2782,0.9648,0.9974,9916,0,60000,0.1653,0.0000,0.2763,42629,1,154304,0.2763,0.0000,0.3888,59987,1,154304,0.3888,0.0000
102.52,0.9868,16691,0,60000,0.2782,0.9648,0.9974,9916,0,60000,0.1653,0.0000,0.2763,42629,1,154304,0.2763,0.0000,0.3888,59987,1,154304,0.3888,0.0000
103.02,0.9868,16691,0,60000,0.2782,0.9648,0.9974,14012,0,60000,0.2335,0.0099,0.2763,42629,1,154304,0.2763,0.0000,0.3888,59987,1,154304,0.3888,0.0000
103.52,0.9868,16691,0,60000,0.2782,0.9648,0.9890,9672,0,60000,0.1612,0.0000,0.2763,42629,1,154304,0.2763,0.0000,0.3888,59987,1,154304,0.3888,0.0000
104.02,0.9920,8509,0,60000,0.1418,0.9978,0.9890,13768,0,60000,0.2295,0.0099,0.2763,42629,1,154304,0.2763,0.0000,0.3888,59987,1,154304,0.3888,0.0000
104.52,0.9920,8509,0,60000,0.1418,0.9978,0.9644,9421,0,60000,0.1570,0.0000,0.2763,42629,1,154304,0.2763,0.0000,0.3888,59987,1,154304,0.3888,0.0000
105.02,0.9862,4138,0,60000,0.0690,0.0000,0.9644,9421,0,60000,0.1570,0.0000,0.2216,34187,1,154304,0.2216,0.0000,0.4988,76964,1,154304,0.4988,0.0000
105.52,0.9862,4138,0,60000,0.0690,0.0000,0.9318,13517,0,60000,0.2253,0.0099,0.2216,34187,1,154304,0.2216,0.0000,0.4988,76964,1,154304,0.4988,0.0000
106.02,0.9862,8234,0,60000,0.1372,0.0000,0.9010,9060,0,60000,0.1510,0.0000,0.2216,34187,1,154304,0.2216,0.0000,0.4988,76964,1,154304,0.4988,0.0000
106.52,0.9862,12583,0,60000,0.2097,0.0000,0.9693,13156,0,60000,0.2193,0.0099,0.2216,34187,1,154304,0.2216,0.0000,0.4988,76964,1,154304,0.4988,0.0000
107.02,0.9862,8233,0,60000,0.1372,0.0000,0.9693,13156,0,60000,0.2193,0.0099,0.2216,34187,1,154304,0.2216,0.0000,0.4988,76964,1,154304,0.4988,0.0000
107.52,0.9862,8233,0,60000,0.1372,0.0000,0.9576,8682,0,60000,0.1447,0.0000,0.2216,34187,1,154304,0.2216,0.0000,0.4982,76870,1,154304,0.4982,0.0000
108.02,0.9168,12605,0,60000,0.2101,0.0000,0.9576,12778,0,60000,0.2130,0.0000,0.2216,34187,1,154304,0.2216,0.0000,0.4982,76870,1,154304,0.4982,0.0000
108.52,0.9850,16720,0,60000,0.2787,0.9637,0.9482,8325,0,60000,0.1388,0.0099,0.2216,34187,1,154304,0.2216,0.0000,0.4982,76870,1,154304,0.4982,0.0000
109.02,0.9850,16720,0,60000,0.2787,0.9637,0.9482,8325,0,60000,0.1388,0.0099,0.2216,34187,1,154304,0.2216,0.0000,0.4982,76870,1,154304,0.4982,0.0000
109.52,0.9850,16720,0,60000,0.2787,0.9637,0.9482,12421,0,60000,0.2070,0.0000,0.2216,34187,1,154304,0.2216,0.0000,0.4982,76870,1,154304,0.4982,0.0000
110.02,0.9850,16720,0,60000,0.2787,0.9637,0.9402,16517,0,60000,0.2753,0.0099,0.2216,34187,1,154304,0.2216,0.0000,0.3315,51154,1,154304,0.3315,0.0000
110.52,0.9904,17010,0,60000,0.2835,0.9958,0.9402,12134,0,60000,0.2022,0.0000,0.2216,34187,1,154304,0.2216,0.0000,0.3315,51154,1,154304,0.3315,0.0000
111.02,0.9904,17010,0,60000,0.2835,0.9958,0.9319,16230,0,60000,0.2705,0.0099,0.2216,34187,1,154304,0.2216,0.0000,0.3315,51154,1,154304,0.3315,0.0000
111.52,0.9904,17010,0,60000,0.2835,0.9958,0.9319,16230,0,60000,0.2705,0.0099,0.2771,42763,1,154304,0.2771,0.0000,0.3315,51154,1,154304,0.3315,0.0000
112.02,0.9904,17010,0,60000,0.2835,0.9958,0.9319,11789,0,60000,0.1965,0.0000,0.2771,42763,1,154304,0.2771,0.0000,0.3315,51154,1,154304,0.3315,0.0000
112.52,0.9904,17010,0,60000,0.2835,0.9958,0.9217,15885,0,60000,0.2647,0.0099,0.2771,42763,1,154304,0.2771,0.0000,0.3315,51154,1,154304,0.3315,0.0000
113.02,0.9904,17010,0,60000,0.2835,0.9958,0.9217,15885,0,60000,0.2647,0.0099,0.2771,42763,1,154304,0.2771,0.0000,0.3876,59806,1,154304,0.3876,0.0000
113.52,0.9910,8564,0,60000,0.1427,0.9959,0.9819,11496,0,60000,0.1916,0.0000,0.2771,42763,1,154304,0.2771,0.0000,0.3876,59806,1,154304,0.3876,0.0000
114.02,0.9910,8564,0,60000,0.1427,0.9959,0.9819,15592,0,60000,0.2599,0.0099,0.2771,42763,1,154304,0.2771,0.0000,0.3876,59806,1,154304,0.3876,0.0000
114.52,0.9916,17081,0,60000,0.2847,0.9959,0.9696,11217,0,60000,0.1870,0.0000,0.2771,42763,1,154304,0.2771,0.0000,0.3876,59806,1,154304,0.3876,0.0000
115.02,0.9827,12654,0,60000,0.2109,0.0000,0.9696,15313,0,60000,0.2552,0.0099,0.2771,42763,1,154304,0.2771,0.0000,0.3876,59806,1,154304,0.3876,0.0000
115.52,0.9728,8233,0,60000,0.1372,0.0000,0.9696,15313,0,60000,0.2552,0.0099,0.2771,42763,1,154304,0.2771,0.0000,0.3876,59806,1,154304,0.3876,0.0000
116.02,0.9772,8499,0,60000,0.1416,0.0099,0.9589,10943,0,60000,0.1824,0.0000,0.2771,42763,1,154304,0.2771,0.0000,0.3876,59806,1,154304,0.3876,0.0000
116.52,0.9772,12595,0,60000,0.2099,0.0000,0.9589,15039,0,60000,0.2506,0.0099,0.2771,42763,1,154304,0.2771,0.0000,0.3876,59806,1,154304,0.3876,0.0000
117.02,0.9134,16691,0,60000,0.2782,0.0099,0.9484,10623,0,60000,0.1771,0.0000,0.3876,59805,1,154304,0.3876,0.0000,0.3876,59806,1,154304,0.3876,0.0000
117.52,0.9817,12329,0,60000,0.2055,0.0000,0.9484,10623,0,60000,0.1771,0.0000,0.3876,59805,1,154304,0.3876,0.0000,0.3876,59806,1,154304,0.3876,0.0000
118.02,0.9771,16425,0,60000,0.2737,0.0000,0.9377,14720,0,60000,0.2453,0.0101,0.3876,59805,1,154304,0.3876,0.0000,0.3879,59850,1,154304,0.3879,0.0000
118.52,0.9771,16425,0,60000,0.2737,0.0000,0.9377,10285,0,60000,0.1714,0.0000,0.3876,59805,1,154304,0.3876,0.0000,0.3879,59850,1,154304,0.3879,0.0000
119.02,0.9869,8562,0,60000,0.1427,0.0000,0.8060,14381,0,60000,0.2397,0.0099,0.3876,59805,1,154304,0.3876,0.0000,0.3879,59850,1,154304,0.3879,0.0000
119.52,0.9869,8562,0,60000,0.1427,0.0000,0.8743,9958,0,60000,0.1660,0.0000,0.3876,59805,1,154304,0.3876,0.0000,0.2771,42764,1,154304,0.2771,0.0000
120.02,0.9869,4137,0,60000,0.0689,0.0000,0.8743,9958,0,60000,0.1660,0.0000,0.3876,59805,1,154304,0.3876,0.0000,0.2771,42764,1,154304,0.2771,0.0000
120.52,0.9869,4137,0,60000,0.0689,0.0000,0.9425,14054,0,60000,0.2342,0.0099,0.3876,59805,1,154304,0.3876,0.0000,0.2771,42764,1,154304,0.2771,0.0000
121.02,0.9869,16691,0,60000,0.2782,0.9578,0.9240,9622,0,60000,0.1604,0.0000,0.3876,59805,1,154304,0.3876,0.0000,0.2771,42764,1,154304,0.2771,0.0000
121.52,0.9869,16691,0,60000,0.2782,0.9578,0.9923,13718,0,60000,0.2286,0.0099,0.3876,59805,1,154304,0.3876,0.0000,0.2771,42764,1,154304,0.2771,0.0000
122.02,0.9937,17002,0,60000,0.2834,0.0099,0.9923,13718,0,60000,0.2286,0.0099,0.3877,59827,1,154304,0.3877,0.0000,0.2771,42764,1,154304,0.2771,0.0000
122.52,0.9890,21098,0,60000,0.3516,0.0000,0.9692,9344,0,60000,0.1557,0.0000,0.3877,59827,1,154304,0.3877,0.0000,0.2771,42764,1,154304,0.2771,0.0000
123.02,0.9890,16717,0,60000,0.2786,0.0000,0.9593,13440,0,60000,0.2240,0.0099,0.3877,59827,1,154304,0.3877,0.0000,0.2771,42764,1,154304,0.2771,0.0000
123.52,0.9890,16717,0,60000,0.2786,0.0000,0.9593,9078,0,60000,0.1513,0.0000,0.2769,42729,1,154304,0.2769,0.0000,0.2771,42764,1,154304,0.2771,0.0000
124.02,0.9890,16717,0,60000,0.2786,0.0000,0.9593,9078,0,60000,0.1513,0.0000,0.2769,42729,1,154304,0.2769,0.0000,0.4443,68558,1,154304,0.4443,0.0000
124.52,0.9890,16717,0,60000,0.2786,0.0000,0.9280,13174,0,60000,0.2196,0.0099,0.2769,42729,1,154304,0.2769,0.0000,0.4443,68558,1,154304,0.4443,0.0000
125.02,0.9890,16717,0,60000,0.2786,0.0000,0.9963,8768,0,60000,0.1461,0.0000,0.2769,42729,1,154304,0.2769,0.0000,0.4443,68558,1,154304,0.4443,0.0000
125.52,0.9890,16717,0,60000,0.2786,0.0000,0.9622,12864,0,60000,0.2144,0.0000,0.2769,42729,1,154304,0.2769,0.0000,0.4443,68558,1,154304,0.4443,0.0000
126.02,0.9890,16717,0,60000,0.2786,0.0000,0.9511,8376,0,60000,0.1396,0.0099,0.2769,42729,1,154304,0.2769,0.0000,0.4443,68558,1,154304,0.4443,0.0000
126.52,0.9934,41,0,60000,0.0007,0.0099,0.9511,8376,0,60000,0.1396,0.0099,0.2769,42729,1,154304,0.2769,0.0000,0.4443,68558,1,154304,0.4443,0.0000
127.02,0.9873,4137,0,60000,0.0689,0.0000,0.9511,12472,0,60000,0.2079,0.0000,0.2769,42729,1,154304,0.2769,0.0000,0.4443,68558,1,154304,0.4443,0.0000
127.52,0.9873,8233,0,60000,0.1372,0.0000,0.9401,16568,0,60000,0.2761,0.0099,0.2769,42729,1,154304,0.2769,0.0000,0.4443,68558,1,154304,0.4443,0.0000
128.02,0.9869,21088,0,60000,0.3515,0.0000,0.9401,12192,0,60000,0.2032,0.0000,0.2769,42729,1,154304,0.2769,0.0000,0.4443,68558,1,154304,0.4443,0.0000
128.52,0.9869,16692,0,60000,0.2782,0.0000,0.9401,12192,0,60000,0.2032,0.0000,0.3881,59879,1,154304,0.3881,0.0000,0.4443,68558,1,154304,0.4443,0.0000
129.02,0.9869,16692,0,60000,0.2782,0.0000,0.9298,16289,0,60000,0.2715,0.0101,0.3881,59879,1,154304,0.3881,0.0000,0.4443,68558,1,154304,0.4443,0.0000
129.52,0.9869,16692,0,60000,0.2782,0.0000,0.9981,11887,0,60000,0.1981,0.0000,0.3881,59879,1,154304,0.3881,0.0000,0.3888,59986,1,154304,0.3888,0.0000
130.02,0.9869,16692,0,60000,0.2782,0.0000,0.9981,15983,0,60000,0.2664,0.0099,0.3881,59879,1,154304,0.3881,0.0000,0.3888,59986,1,154304,0.3888,0.0000
130.52,0.9869,16692,0,60000,0.2782,0.0000,0.9981,15983,0,60000,0.2664,0.0099,0.2775,42824,2,154304,0.2775,0.0000,0.3888,59986,1,154304,0.3888,0.0000
131.02,0.9869,16692,0,60000,0.2782,0.0000,0.9890,11564,0,60000,0.1927,0.0000,0.2775,42824,2,154304,0.2775,0.0000,0.3888,59986,1,154304,0.3888,0.0000
131.52,0.9869,16692,0,60000,0.2782,0.0000,0.9890,15660,0,60000,0.2610,0.0099,0.2775,42824,2,154304,0.2775,0.0000,0.3888,59986,1,154304,0.3888,0.0000
132.02,0.9869,16692,0,60000,0.2782,0.0000,0.9890,15660,0,60000,0.2610,0.0099,0.2775,42824,2,154304,0.2775,0.0000,0.3888,59986,1,154304,0.3888,0.0000
132.52,0.9834,4137,0,60000,0.0689,0.0000,0.9722,11249,0,60000,0.1875,0.0000,0.2775,42824,2,154304,0.2775,0.0000,0.3888,59986,1,154304,0.3888,0.0000
133.02,0.9818,8233,0,60000,0.1372,0.0000,0.9722,15345,0,60000,0.2557,0.0099,0.2775,42824,2,154304,0.2775,0.0000,0.3888,59986,1,154304,0.3888,0.0000
133.52,0.9818,8233,0,60000,0.1372,0.0000,0.9610,10941,0,60000,0.1824,0.0000,0.2775,42824,2,154304,0.2775,0.0000,0.3888,59986,1,154304,0.3888,0.0000
134.02,0.9875,17112,0,60000,0.2852,0.9959,0.9610,15037,0,60000,0.2506,0.0099,0.2775,42824,2,154304,0.2775,0.0000,0.3888,59986,1,154304,0.3888,0.0000
134.52,0.9881,12710,0,60000,0.2118,0.0000,0.9512,10567,0,60000,0.1761,0.0000,0.2775,42824,2,154304,0.2775,0.0000,0.5005,77232,1,154304,0.5005,0.0000
135.02,0.9881,8233,0,60000,0.1372,0.0000,0.9512,10567,0,60000,0.1761,0.0000,0.2775,42824,2,154304,0.2775,0.0000,0.5005,77232,1,154304,0.5005,0.0000
135.52,0.9881,8233,0,60000,0.1372,0.0000,0.9407,14664,0,60000,0.2444,0.0101,0.2775,42824,2,154304,0.2775,0.0000,0.5005,77232,1,154304,0.5005,0.0000
136.02,0.9874,21060,0,60000,0.3510,0.0000,0.9407,10204,0,60000,0.1701,0.0000,0.2775,42824,2,154304,0.2775,0.0000,0.3334,51438,1,154304,0.3334,0.0000
136.52,0.9874,16705,0,60000,0.2784,0.0000,0.9301,14300,0,60000,0.2383,0.0099,0.4425,68279,1,154304,0.4425,0.0000,0.3334,51438,1,154304,0.3334,0.0000
137.02,0.9874,16705,0,60000,0.2784,0.0000,0.9301,14300,0,60000,0.2383,0.0099,0.4425,68279,1,154304,0.4425,0.0000,0.3334,51438,1,154304,0.3334,0.0000
137.52,0.9879,12588,0,60000,0.2098,0.0000,0.9984,9842,0,60000,0.1640,0.0000,0.4425,68279,1,154304,0.4425,0.0000,0.3334,51438,1,154304,0.3334,0.0000
138.02,0.9879,12588,0,60000,0.2098,0.0000,0.9984,13938,0,60000,0.2323,0.0099,0.4425,68279,1,154304,0.4425,0.0000,0.3334,51438,1,154304,0.3334,0.0000
138.52,0.9879,8233,0,60000,0.1372,0.0000,0.8702,9471,0,60000,0.1578,0.0000,0.4425,68279,1,154304,0.4425,0.0000,0.3334,51438,1,154304,0.3334,0.0000
139.02,0.9871,12580,0,60000,0.2097,0.0000,0.8702,9471,0,60000,0.1578,0.0000,0.4425,68279,1,154304,0.4425,0.0000,0.3334,51438,1,154304,0.3334,0.0000
139.52,0.9871,8233,0,60000,0.1372,0.0000,0.9384,13567,0,60000,0.2261,0.0099,0.3869,59698,1,154304,0.3869,0.0000,0.3334,51438,1,154304,0.3334,0.0000
140.02,0.9916,16954,0,60000,0.2826,0.9960,0.9091,9157,0,60000,0.1526,0.0000,0.3869,59698,1,154304,0.3869,0.0000,0.3877,59823,1,154304,0.3877,0.0000
140.52,0.9916,16954,0,60000,0.2826,0.9960,0.9773,13253,0,60000,0.2209,0.0099,0.3869,59698,1,154304,0.3869,0.0000,0.3877,59823,1,154304,0.3877,0.0000
141.02,0.9916,16954,0,60000,0.2826,0.9960,0.9650,8836,0,60000,0.1473,0.0000,0.3869,59698,1,154304,0.3869,0.0000,0.3877,59823,1,154304,0.3877,0.0000
141.52,0.9916,16954,0,60000,0.2826,0.9960,0.9650,8836,0,60000,0.1473,0.0000,0.3869,59698,1,154304,0.3869,0.0000,0.2770,42736,1,154304,0.2770,0.0000
142.02,0.9916,16954,0,60000,0.2826,0.9960,0.9650,12932,0,60000,0.2155,0.0099,0.3869,59698,1,154304,0.3869,0.0000,0.2770,42736,1,154304,0.2770,0.0000
142.52,0.9916,16954,0,60000,0.2826,0.9960,0.9030,8563,0,60000,0.1427,0.0000,0.3320,51222,1,154304,0.3320,0.0000,0.2770,42736,1,154304,0.2770,0.0000
143.02,0.9870,12614,0,60000,0.2102,0.0000,0.9713,12659,0,60000,0.2110,0.0000,0.3320,51222,1,154304,0.3320,0.0000,0.2770,42736,1,154304,0.2770,0.0000
143.52,0.9870,12614,0,60000,0.2102,0.0000,0.9713,12659,0,60000,0.2110,0.0000,0.3320,51222,1,154304,0.3320,0.0000,0.2770,42736,1,154304,0.2770,0.0000
144.02,0.9801,16710,0,60000,0.2785,0.0000,0.9478,8235,0,60000,0.1373,0.0099,0.3320,51222,1,154304,0.3320,0.0000,0.2770,42736,1,154304,0.2770,0.0000
144.52,0.9859,17067,0,60000,0.2844,0.9958,0.9478,12331,0,60000,0.2055,0.0000,0.3320,51222,1,154304,0.3320,0.0000,0.2770,42736,1,154304,0.2770,0.0000
145.02,0.9859,17067,0,60000,0.2844,0.9958,0.9356,16427,0,60000,0.2738,0.0099,0.3320,51222,1,154304,0.3320,0.0000,0.2770,42736,1,154304,0.2770,0.0000
145.52,0.9859,17067,0,60000,0.2844,0.9958,0.9356,16427,0,60000,0.2738,0.0099,0.3320,51222,1,154304,0.3320,0.0000,0.2770,42736,1,154304,0.2770,0.0000
146.02,0.9859,17067,0,60000,0.2844,0.9958,0.9356,12017,0,60000,0.2003,0.0000,0.3320,51222,1,154304,0.3320,0.0000,0.2770,42736,1,154304,0.2770,0.0000
146.52,0.9859,17067,0,60000,0.2844,0.9958,0.9242,16113,0,60000,0.2686,0.0099,0.3320,51222,1,154304,0.3320,0.0000,0.2770,42736,1,154304,0.2770,0.0000
147.02,0.9188,4137,0,60000,0.0689,0.0000,0.9925,11681,0,60000,0.1947,0.0000,0.3320,51222,1,154304,0.3320,0.0000,0.2770,42736,1,154304,0.2770,0.0000
147.52,0.9188,4137,0,60000,0.0689,0.0000,0.9925,11681,0,60000,0.1947,0.0000,0.3320,51222,1,154304,0.3320,0.0000,0.2770,42736,1,154304,0.2770,0.0000
148.02,0.9871,16710,0,60000,0.2785,0.9553,0.9925,15777,0,60000,0.2630,0.0099,0.3320,51222,1,154304,0.3320,0.0000,0.2770,42736,1,154304,0.2770,0.0000
148.52,0.9871,16710,0,60000,0.2785,0.9553,0.9819,11344,0,60000,0.1891,0.0000,0.3320,51222,1,154304,0.3320,0.0000,0.2770,42736,1,154304,0.2770,0.0000
149.02,0.9197,12650,0,60000,0.2108,0.0000,0.9819,15440,0,60000,0.2573,0.0099,0.3320,51222,1,154304,0.3320,0.0000,0.2770,42736,1,154304,0.2770,0.0000
149.52,0.9879,16746,0,60000,0.2791,0.0099,0.9720,10986,0,60000,0.1831,0.0000,0.3320,51222,1,154304,0.3320,0.0000,0.2770,42736,1,154304,0.2770,0.0000
150.02,0.9825,12329,0,60000,0.2055,0.0000,0.9720,10986,0,60000,0.1831,0.0000,0.3320,51222,1,154304,0.3320,0.0000,0.3876,59806,1,154304,0.3876,0.0000
150.52,0.9825,12329,0,60000,0.2055,0.0000,0.9720,15082,0,60000,0.2514,0.0099,0.3320,51222,1,154304,0.3320,0.0000,0.3876,59806,1,154304,0.3876,0.0000
151.02,0.9791,16425,0,60000,0.2737,0.0099,0.9619,10725,0,60000,0.1787,0.0000,0.3869,59696,1,154304,0.3869,0.0000,0.3876,59806,1,154304,0.3876,0.0000
151.52,0.9791,11994,0,60000,0.1999,0.0000,0.9619,14821,0,60000,0.2470,0.0099,0.3869,59696,1,154304,0.3869,0.0000,0.3876,59806,1,154304,0.3876,0.0000
152.02,0.9791,16090,0,60000,0.2682,0.0000,0.9619,14821,0,60000,0.2470,0.0099,0.3869,59696,1,154304,0.3869,0.0000,0.3876,59806,1,154304,0.3876,0.0000
152.52,0.9791,16090,0,60000,0.2682,0.0000,0.9513,10463,0,60000,0.1744,0.0000,0.3869,59696,1,154304,0.3869,0.0000,0.3324,51296,1,154304,0.3324,0.0000
153.02,0.9954,8554,0,60000,0.1426,0.9959,0.9513,14559,0,60000,0.2427,0.0099,0.3869,59696,1,154304,0.3869,0.0000,0.3324,51296,1,154304,0.3324,0.0000
153.52,0.9902,12685,0,60000,0.2114,0.0000,0.9404,10119,0,60000,0.1686,0.0000,0.3869,59696,1,154304,0.3869,0.0000,0.3324,51296,1,154304,0.3324,0.0000
154.02,0.9902,8233,0,60000,0.1372,0.0000,0.9404,10119,0,60000,0.1686,0.0000,0.3869,59696,1,154304,0.3869,0.0000,0.3324,51296,1,154304,0.3324,0.0000
154.52,0.9902,8233,0,60000,0.1372,0.0000,0.9292,14215,0,60000,0.2369,0.0099,0.3873,59762,1,154304,0.3873,0.0000,0.3324,51296,1,154304,0.3324,0.0000
155.02,0.9887,12572,0,60000,0.2095,0.0000,0.9975,9842,0,60000,0.1640,0.0000,0.3873,59762,1,154304,0.3873,0.0000,0.3324,51296,1,154304,0.3324,0.0000
155.52,0.9887,16761,0,60000,0.2793,0.6776,0.9975,13938,0,60000,0.2323,0.0099,0.3873,59762,1,154304,0.3873,0.0000,0.3324,51296,1,154304,0.3324,0.0000
156.02,0.9827,20857,0,60000,0.3476,0.0000,0.9859,9549,0,60000,0.1592,0.0000,0.3873,59762,1,154304,0.3873,0.0000,0.3323,51273,1,154304,0.3323,0.0000
156.52,0.9827,20857,0,60000,0.3476,0.0000,0.9859,9549,0,60000,0.1592,0.0000,0.3873,59762,1,154304,0.3873,0.0000,0.3323,51273,1,154304,0.3323,0.0000
157.02,0.9827,24953,0,60000,0.4159,0.0099,0.9859,13645,0,60000,0.2274,0.0099,0.3873,59762,1,154304,0.3873,0.0000,0.3323,51273,1,154304,0.3323,0.0000
157.52,0.9726,20623,0,60000,0.3437,0.0000,0.9756,9245,0,60000,0.1541,0.0000,0.3885,59947,1,154304,0.3885,0.0000,0.3323,51273,1,154304,0.3323,0.0000
158.02,0.9563,16157,0,60000,0.2693,0.0000,0.9756,13342,0,60000,0.2224,0.0101,0.3885,59947,1,154304,0.3885,0.0000,0.3323,51273,1,154304,0.3323,0.0000
158.52,0.9720,8612,0,60000,0.1435,0.0099,0.9756,13342,0,60000,0.2224,0.0101,0.3885,59947,1,154304,0.3885,0.0000,0.3323,51273,1,154304,0.3323,0.0000
159.02,0.9079,12708,0,60000,0.2118,0.0000,0.9668,8890,0,60000,0.1482,0.0000,0.3885,59947,1,154304,0.3885,0.0000,0.3315,51154,1,154304,0.3315,0.0000
159.52,0.9762,16667,0,60000,0.2778,0.6752,0.9668,12987,0,60000,0.2165,0.0101,0.3885,59947,1,154304,0.3885,0.0000,0.3315,51154,1,154304,0.3315,0.0000
160.02,0.9762,20763,0,60000,0.3461,0.0000,0.9300,8634,0,60000,0.1439,0.0000,0.3885,59947,1,154304,0.3885,0.0000,0.3315,51154,1,154304,0.3315,0.0000
160.52,0.9096,28956,0,60000,0.4826,0.5026,0.9300,8634,0,60000,0.1439,0.0000,0.3885,59947,1,154304,0.3885,0.0000,0.3315,51154,1,154304,0.3315,0.0000
161.02,0.9096,28956,0,60000,0.4826,0.5026,0.9983,12730,0,60000,0.2122,0.0000,0.3885,59947,1,154304,0.3885,0.0000,0.3315,51154,1,154304,0.3315,0.0000
161.52,0.9779,24597,0,60000,0.4099,0.0000,0.9879,8327,0,60000,0.1388,0.0099,0.3885,59947,1,154304,0.3885,0.0000,0.3866,59651,1,154304,0.3866,0.0000
162.02,0.9779,24597,0,60000,0.4099,0.0000,0.9879,12423,0,60000,0.2071,0.0000,0.3885,59947,1,154304,0.3885,0.0000,0.3866,59651,1,154304,0.3866,0.0000
162.52,0.9779,24597,0,60000,0.4099,0.0000,0.9879,12423,0,60000,0.2071,0.0000,0.3885,59947,1,154304,0.3885,0.0000,0.3866,59651,1,154304,0.3866,0.0000
163.02,0.9779,24597,0,60000,0.4099,0.0000,0.9416,16519,0,60000,0.2753,0.0099,0.2775,42812,1,154304,0.2775,0.0000,0.3319,51215,1,154304,0.3319,0.0000
163.52,0.9854,4137,0,60000,0.0689,0.0000,0.9316,12059,0,60000,0.2010,0.0000,0.2775,42812,1,154304,0.2775,0.0000,0.3319,51215,1,154304,0.3319,0.0000
164.02,0.9854,8233,0,60000,0.1372,0.0000,0.9999,16155,0,60000,0.2692,0.0099,0.2775,42812,1,154304,0.2775,0.0000,0.3319,51215,1,154304,0.3319,0.0000
164.52,0.9854,8233,0,60000,0.1372,0.0000,0.9999,11788,0,60000,0.1965,0.0000,0.2775,42812,1,154304,0.2775,0.0000,0.3319,51215,1,154304,0.3319,0.0000
165.02,0.9854,8233,0,60000,0.1372,0.0000,0.9999,11788,0,60000,0.1965,0.0000,0.2775,42812,1,154304,0.2775,0.0000,0.3319,51215,1,154304,0.3319,0.0000
165.52,0.9854,8233,0,60000,0.1372,0.0000,0.9575,15884,0,60000,0.2647,0.0099,0.2775,42812,1,154304,0.2775,0.0000,0.3319,51215,1,154304,0.3319,0.0000
166.02,0.9807,4137,0,60000,0.0689,0.0000,0.9575,11416,0,60000,0.1903,0.0000,0.3326,51314,1,154304,0.3326,0.0000,0.3319,51215,1,154304,0.3319,0.0000
166.52,0.9694,16693,0,60000,0.2782,0.9676,0.9058,15513,0,60000,0.2586,0.0101,0.3326,51314,1,154304,0.3326,0.0000,0.3319,51215,1,154304,0.3319,0.0000
167.02,0.9694,16693,0,60000,0.2782,0.9676,0.9058,15513,0,60000,0.2586,0.0101,0.3326,51314,1,154304,0.3326,0.0000,0.3319,51215,1,154304,0.3319,0.0000
167.52,0.9694,16693,0,60000,0.2782,0.9676,0.9740,11122,0,60000,0.1854,0.0000,0.3326,51314,1,154304,0.3326,0.0000,0.3319,51215,1,154304,0.3319,0.0000
168.02,0.9694,16693,0,60000,0.2782,0.9676,0.9740,15218,0,60000,0.2536,0.0099,0.3326,51314,1,154304,0.3326,0.0000,0.4980,76841,1,154304,0.4980,0.0000
168.52,0.9694,16693,0,60000,0.2782,0.9676,0.9647,10817,0,60000,0.1803,0.0000,0.3326,51314,1,154304,0.3326,0.0000,0.4980,76841,1,154304,0.4980,0.0000
169.02,0.9694,16693,0,60000,0.2782,0.9676,0.9647,10817,0,60000,0.1803,0.0000,0.3326,51314,1,154304,0.3326,0.0000,0.4980,76841,1,154304,0.4980,0.0000
169.52,0.9694,16693,0,60000,0.2782,0.9676,0.9647,14913,0,60000,0.2485,0.0099,0.3326,51314,1,154304,0.3326,0.0000,0.4980,76841,1,154304,0.4980,0.0000
170.02,0.9694,16693,0,60000,0.2782,0.9676,0.9535,10506,0,60000,0.1751,0.0000,0.3326,51314,1,154304,0.3326,0.0000,0.4431,68376,1,154304,0.4431,0.0000
170.52,0.9694,16693,0,60000,0.2782,0.9676,0.9535,14602,0,60000,0.2434,0.0099,0.3326,51314,1,154304,0.3326,0.0000,0.4431,68376,1,154304,0.4431,0.0000
171.02,0.9694,16693,0,60000,0.2782,0.9676,0.9535,14602,0,60000,0.2434,0.0099,0.3326,51314,1,154304,0.3326,0.0000,0.4431,68376,1,154304,0.4431,0.0000
171.53,0.9694,16693,0,60000,0.2782,0.9676,0.9429,10177,0,60000,0.1696,0.0000,0.3326,51314,1,154304,0.3326,0.0000,0.4431,68376,1,154304,0.4431,0.0000
172.03,0.9694,16693,0,60000,0.2782,0.9676,0.9322,14273,0,60000,0.2379,0.0099,0.3326,51314,1,154304,0.3326,0.0000,0.4431,68376,1,154304,0.4431,0.0000
172.53,0.9694,16693,0,60000,0.2782,0.9676,0.9322,9911,0,60000,0.1652,0.0000,0.3326,51314,1,154304,0.3326,0.0000,0.4431,68376,1,154304,0.4431,0.0000
173.03,0.9694,16693,0,60000,0.2782,0.9676,0.9211,14007,0,60000,0.2334,0.0099,0.3326,51314,1,154304,0.3326,0.0000,0.4431,68376,1,154304,0.4431,0.0000
173.53,0.9694,16693,0,60000,0.2782,0.9676,0.9211,14007,0,60000,0.2334,0.0099,0.3326,51314,1,154304,0.3326,0.0000,0.4431,68376,1,154304,0.4431,0.0000
174.03,0.9694,16693,0,60000,0.2782,0.9676,0.9893,9571,0,60000,0.1595,0.0000,0.3326,51314,1,154304,0.3326,0.0000,0.4431,68376,1,154304,0.4431,0.0000
174.53,0.9694,16693,0,60000,0.2782,0.9676,0.9893,13667,0,60000,0.2278,0.0099,0.3326,51314,1,154304,0.3326,0.0000,0.4431,68376,1,154304,0.4431,0.0000
175.03,0.9694,16693,0,60000,0.2782,0.9676,0.9794,9247,0,60000,0.1541,0.0000,0.3326,51314,1,154304,0.3326,0.0000,0.3882,59896,1,154304,0.3882,0.0000
175.53,0.9742,4137,0,60000,0.0689,0.0000,0.9794,9247,0,60000,0.1541,0.0000,0.3326,51314,1,154304,0.3326,0.0000,0.3882,59896,1,154304,0.3882,0.0000
176.03,0.9109,8233,0,60000,0.1372,0.0000,0.9794,13344,0,60000,0.2224,0.0101,0.3326,51314,1,154304,0.3326,0.0000,0.3882,59896,1,154304,0.3882,0.0000
176.53,0.9109,8233,0,60000,0.1372,0.0000,0.9691,8957,0,60000,0.1493,0.0000,0.4432,68393,1,154304,0.4432,0.0000,0.3882,59896,1,154304,0.3882,0.0000
177.03,0.9842,12629,0,60000,0.2105,0.0000,0.9691,13053,0,60000,0.2175,0.0099,0.4432,68393,1,154304,0.4432,0.0000,0.3882,59896,1,154304,0.3882,0.0000
177.53,0.9842,8233,0,60000,0.1372,0.0000,0.9691,13053,0,60000,0.2175,0.0099,0.4432,68393,1,154304,0.4432,0.0000,0.3882,59896,1,154304,0.3882,0.0000
178.03,0.9842,8233,0,60000,0.1372,0.0000,0.9585,8660,0,60000,0.1443,0.0000,0.4432,68393,1,154304,0.4432,0.0000,0.3882,59896,1,154304,0.3882,0.0000
178.53,0.9905,8608,0,60000,0.1435,0.0000,0.9585,12756,0,60000,0.2126,0.0000,0.4432,68393,1,154304,0.4432,0.0000,0.3882,59896,1,154304,0.3882,0.0000
179.03,0.9905,8608,0,60000,0.1435,0.0000,0.9485,8317,0,60000,0.1386,0.0099,0.4432,68393,1,154304,0.4432,0.0000,0.3333,51424,1,154304,0.3333,0.0000
179.53,0.9905,8608,0,60000,0.1435,0.0000,0.9485,8317,0,60000,0.1386,0.0099,0.4432,68393,1,154304,0.4432,0.0000,0.3333,51424,1,154304,0.3333,0.0000
180.03,0.9905,8608,0,60000,0.1435,0.0000,0.9485,12413,0,60000,0.2069,0.0000,0.4432,68393,1,154304,0.4432,0.0000,0.3333,51424,1,154304,0.3333,0.0000
180.53,0.9905,8608,0,60000,0.1435,0.0000,0.9384,16509,0,60000,0.2752,0.0099,0.4994,77064,1,154304,0.4994,0.0000,0.3333,51424,1,154304,0.3333,0.0000
181.03,0.9905,8608,0,60000,0.1435,0.0000,0.9384,16509,0,60000,0.2752,0.0099,0.4994,77064,1,154304,0.4994,0.0000,0.3333,51424,1,154304,0.3333,0.0000
181.53,0.9905,8608,0,60000,0.1435,0.0000,0.9952,16213,0,60000,0.2702,0.0101,0.4994,77064,1,154304,0.4994,0.0000,0.3333,51424,1,154304,0.3333,0.0000
182.03,0.9905,8608,0,60000,0.1435,0.0000,0.9952,16213,0,60000,0.2702,0.0101,0.4994,77064,1,154304,0.4994,0.0000,0.3333,51424,1,154304,0.3333,0.0000
182.53,0.9905,8608,0,60000,0.1435,0.0000,0.9438,11809,0,60000,0.1968,0.0000,0.4994,77064,1,154304,0.4994,0.0000,0.3333,51424,1,154304,0.3333,0.0000
183.03,0.9905,8608,0,60000,0.1435,0.0000,0.7074,15905,0,60000,0.2651,0.0099,0.4994,77064,1,154304,0.4994,0.0000,0.3333,51424,1,154304,0.3333,0.0000
183.53,0.9905,8608,0,60000,0.1435,0.0000,0.7756,11504,0,60000,0.1917,0.0000,0.4994,77064,1,154304,0.4994,0.0000,0.3333,51424,1,154304,0.3333,0.0000
184.03,0.9905,8608,0,60000,0.1435,0.0000,0.7756,11504,0,60000,0.1917,0.0000,0.4994,77064,1,154304,0.4994,0.0000,0.3333,51424,1,154304,0.3333,0.0000
184.53,0.9905,8608,0,60000,0.1435,0.0000,0.9854,15600,0,60000,0.2600,0.0099,0.4994,77064,1,154304,0.4994,0.0000,0.2772,42779,1,154304,0.2772,0.0000
185.03,0.9905,8608,0,60000,0.1435,0.0000,0.9242,11191,0,60000,0.1865,0.0000,0.4994,77064,1,154304,0.4994,0.0000,0.2772,42779,1,154304,0.2772,0.0000
185.53,0.9905,8507,0,60000,0.1418,0.9918,0.9925,15287,0,60000,0.2548,0.0099,0.4994,77064,1,154304,0.4994,0.0000,0.2772,42779,1,154304,0.2772,0.0000
186.03,0.9905,8507,0,60000,0.1418,0.9918,0.9925,15287,0,60000,0.2548,0.0099,0.4994,77064,1,154304,0.4994,0.0000,0.2772,42779,1,154304,0.2772,0.0000
186.53,0.9905,8507,0,60000,0.1418,0.9918,0.9549,10860,0,60000,0.1810,0.0000,0.4994,77064,1,154304,0.4994,0.0000,0.2772,42779,1,154304,0.2772,0.0000
187.03,0.9905,8507,0,60000,0.1418,0.9918,0.8915,14956,0,60000,0.2493,0.0101,0.4994,77064,1,154304,0.4994,0.0000,0.2772,42779,1,154304,0.2772,0.0000
187.53,0.9905,8507,0,60000,0.1418,0.9918,0.9598,10577,0,60000,0.1763,0.0000,0.4994,77064,1,154304,0.4994,0.0000,0.2772,42779,1,154304,0.2772,0.0000
188.03,0.9916,8512,0,60000,0.1419,0.9918,0.9598,14674,0,60000,0.2446,0.0101,0.4994,77064,1,154304,0.4994,0.0000,0.2772,42779,1,154304,0.2772,0.0000
188.53,0.9916,8512,0,60000,0.1419,0.9918,0.9598,14674,0,60000,0.2446,0.0101,0.5004,77220,1,154304,0.5004,0.0000,0.2772,42779,1,154304,0.2772,0.0000
189.03,0.9916,8512,0,60000,0.1419,0.9918,0.9389,10238,0,60000,0.1706,0.0000,0.5004,77220,1,154304,0.5004,0.0000,0.2220,34257,1,154304,0.2220,0.0000
189.53,0.9928,8577,0,60000,0.1429,0.9959,0.8062,14334,0,60000,0.2389,0.0099,0.5004,77220,1,154304,0.5004,0.0000,0.2220,34257,1,154304,0.2220,0.0000
190.03,0.9928,8577,0,60000,0.1429,0.9959,0.8744,9899,0,60000,0.1650,0.0000,0.5004,77220,1,154304,0.5004,0.0000,0.2220,34257,1,154304,0.2220,0.0000
190.53,0.9934,8483,0,60000,0.1414,0.6754,0.8744,9899,0,60000,0.1650,0.0000,0.5004,77220,1,154304,0.5004,0.0000,0.2220,34257,1,154304,0.2220,0.0000
191.03,0.9890,12579,0,60000,0.2097,0.0000,0.9427,13995,0,60000,0.2333,0.0099,0.5004,77220,1,154304,0.5004,0.0000,0.2220,34257,1,154304,0.2220,0.0000
191.53,0.9890,16675,0,60000,0.2779,0.0000,0.9237,9552,0,60000,0.1592,0.0000,0.5004,77220,1,154304,0.5004,0.0000,0.2220,34257,1,154304,0.2220,0.0000
192.03,0.9945,17033,0,60000,0.2839,0.9959,0.9920,13648,0,60000,0.2275,0.0099,0.5004,77220,1,154304,0.5004,0.0000,0.2762,42622,1,154304,0.2762,0.0000
192.53,0.9945,17033,0,60000,0.2839,0.9959,0.9920,13648,0,60000,0.2275,0.0099,0.5004,77220,1,154304,0.5004,0.0000,0.2762,42622,1,154304,0.2762,0.0000
193.03,0.9945,17033,0,60000,0.2839,0.9959,0.9765,9188,0,60000,0.1531,0.0000,0.5566,85892,1,154304,0.5566,0.0000,0.2762,42622,1,154304,0.2762,0.0000
193.53,0.9945,17033,0,60000,0.2839,0.9959,0.9765,13284,0,60000,0.2214,0.0099,0.5566,85892,1,154304,0.5566,0.0000,0.2762,42622,1,154304,0.2762,0.0000
194.03,0.9951,41,0,60000,0.0007,0.0099,0.9765,8829,0,60000,0.1472,0.0000,0.5566,85892,1,154304,0.5566,0.0000,0.2762,42622,1,154304,0.2762,0.0000
194.53,0.9900,4137,0,60000,0.0689,0.0000,0.9765,8829,0,60000,0.1472,0.0000,0.5566,85892,1,154304,0.5566,0.0000,0.2762,42622,1,154304,0.2762,0.0000
195.03,0.9900,8234,0,60000,0.1372,0.0101,0.9765,12925,0,60000,0.2154,0.0000,0.5566,85892,1,154304,0.5566,0.0000,0.2762,42622,1,154304,0.2762,0.0000
195.53,0.9850,12330,0,60000,0.2055,0.0000,0.9550,8542,0,60000,0.1424,0.0099,0.5566,85892,1,154304,0.5566,0.0000,0.3318,51199,1,154304,0.3318,0.0000
196.03,0.9850,24877,0,60000,0.4146,0.9382,0.9550,12638,0,60000,0.2106,0.0000,0.5566,85892,1,154304,0.5566,0.0000,0.3318,51199,1,154304,0.3318,0.0000
196.53,0.9850,24877,0,60000,0.4146,0.9382,0.9436,16734,0,60000,0.2789,0.0099,0.5566,85892,1,154304,0.5566,0.0000,0.3318,51199,1,154304,0.3318,0.0000
197.03,0.9850,24877,0,60000,0.4146,0.9382,0.9436,16734,0,60000,0.2789,0.0099,0.5001,77164,1,154304,0.5001,0.0000,0.3318,51199,1,154304,0.3318,0.0000
197.53,0.9850,24877,0,60000,0.4146,0.9382,0.9436,12311,0,60000,0.2052,0.0000,0.5001,77164,1,154304,0.5001,0.0000,0.3318,51199,1,154304,0.3318,0.0000
198.03,0.9850,24877,0,60000,0.4146,0.9382,0.8810,16408,0,60000,0.2735,0.0101,0.5001,77164,1,154304,0.5001,0.0000,0.3318,51199,1,154304,0.3318,0.0000
198.53,0.9850,24877,0,60000,0.4146,0.9382,0.9492,11976,0,60000,0.1996,0.0000,0.3896,60113,1,154304,0.3896,0.0000,0.3318,51199,1,154304,0.3318,0.0000
199.03,0.9850,24877,0,60000,0.4146,0.9382,0.9492,11976,0,60000,0.1996,0.0000,0.3896,60113,1,154304,0.3896,0.0000,0.3318,51199,1,154304,0.3318,0.0000
199.53,0.9850,24877,0,60000,0.4146,0.9382,0.9261,16072,0,60000,0.2679,0.0099,0.3896,60113,1,154304,0.3896,0.0000,0.3318,51199,1,154304,0.3318,0.0000
200.03,0.9943,8493,0,60000,0.1416,0.9960,0.9943,11643,0,60000,0.1941,0.0000,0.3896,60113,1,154304,0.3896,0.0000,0.3318,51199,1,154304,0.3318,0.0000
200.53,0.9886,12624,0,60000,0.2104,0.0000,0.9943,15739,0,60000,0.2623,0.0099,0.3896,60113,1,154304,0.3896,0.0000,0.3318,51199,1,154304,0.3318,0.0000
201.03,0.9776,16692,0,60000,0.2782,0.9556,0.9943,15739,0,60000,0.2623,0.0099,0.3896,60113,1,154304,0.3896,0.0000,0.3318,51199,1,154304,0.3318,0.0000
201.53,0.9776,16692,0,60000,0.2782,0.9556,0.9823,11265,0,60000,0.1878,0.0000,0.3334,51447,1,154304,0.3334,0.0000,0.3318,51199,1,154304,0.3318,0.0000
202.03,0.9206,29668,0,60000,0.4945,0.0000,0.9823,15361,0,60000,0.2560,0.0099,0.3334,51447,1,154304,0.3334,0.0000,0.4437,68472,1,154304,0.4437,0.0000
202.53,0.9889,25210,0,60000,0.4202,0.0000,0.9715,10933,0,60000,0.1822,0.0000,0.3334,51447,1,154304,0.3334,0.0000,0.4437,68472,1,154304,0.4437,0.0000
203.03,0.9882,21088,0,60000,0.3515,0.0000,0.9715,10933,0,60000,0.1822,0.0000,0.3334,51447,1,154304,0.3334,0.0000,0.4437,68472,1,154304,0.4437,0.0000
203.53,0.9882,21088,0,60000,0.3515,0.0000,0.9715,15029,0,60000,0.2505,0.0099,0.3334,51447,1,154304,0.3334,0.0000,0.4437,68472,1,154304,0.4437,0.0000
204.03,0.9818,25184,0,60000,0.4197,0.0000,0.9613,10592,0,60000,0.1765,0.0000,0.3334,51447,1,154304,0.3334,0.0000,0.4437,68472,1,154304,0.4437,0.0000
204.53,0.9818,25184,0,60000,0.4197,0.0000,0.9613,14688,0,60000,0.2448,0.0099,0.3334,51447,1,154304,0.3334,0.0000,0.3323,51270,1,154304,0.3323,0.0000
205.03,0.9818,25184,0,60000,0.4197,0.0000,0.9502,10241,0,60000,0.1707,0.0000,0.3334,51447,1,154304,0.3334,0.0000,0.3323,51270,1,154304,0.3323,0.0000
205.53,0.9177,12579,0,60000,0.2097,0.0000,0.9502,10241,0,60000,0.1707,0.0000,0.3334,51447,1,154304,0.3334,0.0000,0.3323,51270,1,154304,0.3323,0.0000
206.03,0.9860,8233,0,60000,0.1372,0.0000,0.9391,14337,0,60000,0.2389,0.0099,0.3334,51447,1,154304,0.3334,0.0000,0.3323,51270,1,154304,0.3323,0.0000
206.53,0.9905,16997,0,60000,0.2833,0.9958,0.9391,9983,0,60000,0.1664,0.0000,0.3334,51447,1,154304,0.3334,0.0000,0.3323,51270,1,154304,0.3323,0.0000
207.03,0.9905,16997,0,60000,0.2833,0.9958,0.9273,14080,0,60000,0.2347,0.0101,0.3332,51409,1,154304,0.3332,0.0000,0.3323,51270,1,154304,0.3323,0.0000
207.53,0.9905,16997,0,60000,0.2833,0.9958,0.9273,14080,0,60000,0.2347,0.0101,0.3332,51409,1,154304,0.3332,0.0000,0.3323,51270,1,154304,0.3323,0.0000
208.03,0.9911,8471,0,60000,0.1412,0.9978,0.9955,9608,0,60000,0.1601,0.0000,0.3332,51409,1,154304,0.3332,0.0000,0.3323,51270,1,154304,0.3323,0.0000
208.53,0.9911,8471,0,60000,0.1412,0.9978,0.9955,13704,0,60000,0.2284,0.0099,0.3332,51409,1,154304,0.3332,0.0000,0.4437,68457,1,154304,0.4437,0.0000
209.03,0.9911,8471,0,60000,0.1412,0.9978,0.9837,9336,0,60000,0.1556,0.0000,0.3332,51409,1,154304,0.3332,0.0000,0.4437,68457,1,154304,0.4437,0.0000
209.53,0.9911,8471,0,60000,0.1412,0.9978,0.9837,9336,0,60000,0.1556,0.0000,0.3332,51409,1,154304,0.3332,0.0000,0.4437,68457,1,154304,0.4437,0.0000
210.03,0.9914,8505,0,60000,0.1417,0.9978,0.9837,13432,0,60000,0.2239,0.0099,0.3332,51409,1,154304,0.3332,0.0000,0.4437,68457,1,154304,0.4437,0.0000
210.53,0.9868,12620,0,60000,0.2103,0.0000,0.9725,8954,0,60000,0.1492,0.0000,0.3332,51409,1,154304,0.3332,0.0000,0.3888,59991,1,154304,0.3888,0.0000
211.03,0.9868,12620,0,60000,0.2103,0.0000,0.9725,13050,0,60000,0.2175,0.0099,0.3324,51292,1,154304,0.3324,0.0000,0.3888,59991,1,154304,0.3888,0.0000
211.53,0.9868,8233,0,60000,0.1372,0.0000,0.9609,8600,0,60000,0.1433,0.0000,0.3324,51292,1,154304,0.3324,0.0000,0.3888,59991,1,154304,0.3888,0.0000
212.03,0.9848,12567,0,60000,0.2094,0.0000,0.9609,8600,0,60000,0.1433,0.0000,0.3324,51292,1,154304,0.3324,0.0000,0.3888,59991,1,154304,0.3888,0.0000
212.53,0.9848,16683,0,60000,0.2781,0.6756,0.9609,12696,0,60000,0.2116,0.0000,0.3324,51292,1,154304,0.3324,0.0000,0.3888,59991,1,154304,0.3888,0.0000
213.03,0.9781,20779,0,60000,0.3463,0.0000,0.9508,8279,0,60000,0.1380,0.0099,0.3324,51292,1,154304,0.3324,0.0000,0.3888,59991,1,154304,0.3888,0.0000
213.53,0.9781,20779,0,60000,0.3463,0.0000,0.9508,12375,0,60000,0.2062,0.0000,0.3324,51292,1,154304,0.3324,0.0000,0.3888,59991,1,154304,0.3888,0.0000
214.03,0.9751,24875,0,60000,0.4146,0.0000,0.9508,12375,0,60000,0.2062,0.0000,0.2768,42712,1,154304,0.2768,0.0000,0.3888,59991,1,154304,0.3888,0.0000
214.53,0.9751,24875,0,60000,0.4146,0.0000,0.9402,16471,0,60000,0.2745,0.0099,0.2768,42712,1,154304,0.2768,0.0000,0.3888,59991,1,154304,0.3888,0.0000
215.03,0.9751,24875,0,60000,0.4146,0.0000,0.9402,12004,0,60000,0.2001,0.0000,0.2768,42712,1,154304,0.2768,0.0000,0.3888,59991,1,154304,0.3888,0.0000
215.53,0.9751,24875,0,60000,0.4146,0.0000,0.9294,16100,0,60000,0.2683,0.0099,0.2768,42712,1,154304,0.2768,0.0000,0.3325,51301,1,154304,0.3325,0.0000
216.03,0.9850,4137,0,60000,0.0689,0.0000,0.9294,16100,0,60000,0.2683,0.0099,0.2768,42712,1,154304,0.2768,0.0000,0.3325,51301,1,154304,0.3325,0.0000
216.53,0.9850,4137,0,60000,0.0689,0.0000,0.9977,11748,0,60000,0.1958,0.0000,0.2768,42712,1,154304,0.2768,0.0000,0.3325,51301,1,154304,0.3325,0.0000
217.03,0.9850,8233,0,60000,0.1372,0.0000,0.9977,15844,0,60000,0.2641,0.0099,0.2768,42712,1,154304,0.2768,0.0000,0.3325,51301,1,154304,0.3325,0.0000
217.53,0.9910,8590,0,60000,0.1432,0.0099,0.9868,11380,0,60000,0.1897,0.0000,0.3329,51369,1,154304,0.3329,0.0000,0.3325,51301,1,154304,0.3325,0.0000
218.03,0.9811,12686,0,60000,0.2114,0.0000,0.9868,15476,0,60000,0.2579,0.0099,0.3329,51369,1,154304,0.3329,0.0000,0.3325,51301,1,154304,0.3325,0.0000
218.53,0.9806,16718,0,60000,0.2786,0.9667,0.9868,15476,0,60000,0.2579,0.0099,0.3329,51369,1,154304,0.3329,0.0000,0.3325,51301,1,154304,0.3325,0.0000
219.03,0.9806,16718,0,60000,0.2786,0.9667,0.9746,11050,0,60000,0.1842,0.0000,0.3329,51369,1,154304,0.3329,0.0000,0.3325,51301,1,154304,0.3325,0.0000
219.53,0.9806,16718,0,60000,0.2786,0.9667,0.9746,15146,0,60000,0.2524,0.0099,0.3329,51369,1,154304,0.3329,0.0000,0.4981,76862,1,154304,0.4981,0.0000
220.03,0.9855,41,0,60000,0.0007,0.0099,0.9633,10674,0,60000,0.1779,0.0000,0.3329,51369,1,154304,0.3329,0.0000,0.4981,76862,1,154304,0.4981,0.0000
220.53,0.9855,4137,0,60000,0.0689,0.0000,0.9633,10674,0,60000,0.1779,0.0000,0.3329,51369,1,154304,0.3329,0.0000,0.4981,76862,1,154304,0.4981,0.0000
221.03,0.9815,8233,0,60000,0.1372,0.0000,0.9633,14772,0,60000,0.2462,0.0104,0.3329,51369,1,154304,0.3329,0.0000,0.4981,76862,1,154304,0.4981,0.0000
221.53,0.9855,17020,0,60000,0.2837,0.9959,0.9518,10312,0,60000,0.1719,0.0000,0.3329,51369,1,154304,0.3329,0.0000,0.4981,76862,1,154304,0.4981,0.0000
222.03,0.9861,12721,0,60000,0.2120,0.0000,0.9518,14408,0,60000,0.2401,0.0099,0.3329,51369,1,154304,0.3329,0.0000,0.4981,76862,1,154304,0.4981,0.0000
222.53,0.9861,16817,0,60000,0.2803,0.0000,0.9518,14408,0,60000,0.2401,0.0099,0.3329,51369,1,154304,0.3329,0.0000,0.3878,59832,2,154304,0.3878,0.0000
223.03,0.9861,16817,0,60000,0.2803,0.0000,0.9413,10073,0,60000,0.1679,0.0000,0.3329,51369,1,154304,0.3329,0.0000,0.3878,59832,2,154304,0.3878,0.0000
223.53,0.9879,12695,0,60000,0.2116,0.0000,0.9255,14169,0,60000,0.2361,0.0099,0.3329,51369,1,154304,0.3329,0.0000,0.3878,59832,2,154304,0.3878,0.0000
224.03,0.9879,8234,0,60000,0.1372,0.0000,0.9938,9789,0,60000,0.1631,0.0000,0.3329,51369,1,154304,0.3329,0.0000,0.3878,59832,2,154304,0.3878,0.0000
224.53,0.9823,12590,0,60000,0.2098,0.0000,0.9938,9789,0,60000,0.1631,0.0000,0.3329,51369,1,154304,0.3329,0.0000,0.3878,59832,2,154304,0.3878,0.0000
225.03,0.9145,8234,0,60000,0.1372,0.0000,0.9821,13885,0,60000,0.2314,0.0099,0.3869,59698,1,154304,0.3869,0.0000,0.3878,59832,2,154304,0.3878,0.0000
225.53,0.9145,8234,0,60000,0.1372,0.0000,0.9821,9497,0,60000,0.1583,0.0000,0.3869,59698,1,154304,0.3869,0.0000,0.3878,59832,2,154304,0.3878,0.0000
226.03,0.9874,12606,0,60000,0.2101,0.0000,0.9704,13593,0,60000,0.2266,0.0099,0.3869,59698,1,154304,0.3869,0.0000,0.3878,59832,2,154304,0.3878,0.0000
226.53,0.9874,8233,0,60000,0.1372,0.0000,0.9704,9126,0,60000,0.1521,0.0000,0.3869,59698,1,154304,0.3869,0.0000,0.2760,42595,1,154304,0.2760,0.0000
227.03,0.9859,12602,0,60000,0.2100,0.0000,0.9704,9126,0,60000,0.1521,0.0000,0.3869,59698,1,154304,0.3869,0.0000,0.2760,42595,1,154304,0.2760,0.0000
227.53,0.9859,12602,0,60000,0.2100,0.0000,0.9289,13222,0,60000,0.2204,0.0099,0.3869,59698,1,154304,0.3869,0.0000,0.2760,42595,1,154304,0.2760,0.0000
228.03,0.9819,8233,0,60000,0.1372,0.0101,0.9971,8799,0,60000,0.1467,0.0000,0.3861,59574,1,154304,0.3861,0.0000,0.2760,42595,1,154304,0.2760,0.0000
228.53,0.9819,12329,0,60000,0.2055,0.0000,0.9635,12896,0,60000,0.2149,0.0101,0.3861,59574,1,154304,0.3861,0.0000,0.2760,42595,1,154304,0.2760,0.0000
229.03,0.9754,16425,0,60000,0.2737,0.0000,0.9635,12896,0,60000,0.2149,0.0101,0.3861,59574,1,154304,0.3861,0.0000,0.2760,42595,1,154304,0.2760,0.0000
229.53,0.9754,16425,0,60000,0.2737,0.0000,0.9534,8556,0,60000,0.1426,0.0000,0.3861,59574,1,154304,0.3861,0.0000,0.2760,42595,1,154304,0.2760,0.0000
230.03,0.9754,16425,0,60000,0.2737,0.0000,0.9534,12652,0,60000,0.2109,0.0000,0.3861,59574,1,154304,0.3861,0.0000,0.2760,42595,1,154304,0.2760,0.0000
230.53,0.9754,16425,0,60000,0.2737,0.0000,0.9447,8285,0,60000,0.1381,0.0099,0.3861,59574,1,154304,0.3861,0.0000,0.2764,42642,1,154304,0.2764,0.0000
231.03,0.9849,4138,0,60000,0.0690,0.0000,0.9447,8285,0,60000,0.1381,0.0099,0.3861,59574,1,154304,0.3861,0.0000,0.2764,42642,1,154304,0.2764,0.0000
231.53,0.9788,8234,0,60000,0.1372,0.0000,0.9447,12381,0,60000,0.2064,0.0000,0.3861,59574,1,154304,0.3861,0.0000,0.2764,42642,1,154304,0.2764,0.0000
232.03,0.9788,8234,0,60000,0.1372,0.0000,0.9352,16479,0,60000,0.2747,0.0104,0.3861,59574,1,154304,0.3861,0.0000,0.2764,42642,1,154304,0.2764,0.0000
232.53,0.9848,12691,0,60000,0.2115,0.0000,0.9352,12093,0,60000,0.2016,0.0000,0.3861,59574,1,154304,0.3861,0.0000,0.2764,42642,1,154304,0.2764,0.0000
233.03,0.9811,8233,0,60000,0.1372,0.0000,0.9241,16189,0,60000,0.2698,0.0099,0.3861,59574,1,154304,0.3861,0.0000,0.2213,34148,1,154304,0.2213,0.0000
233.53,0.9857,8511,0,60000,0.1419,0.0099,0.9241,16189,0,60000,0.2698,0.0099,0.3861,59574,1,154304,0.3861,0.0000,0.2213,34148,1,154304,0.2213,0.0000
234.03,0.9857,12607,0,60000,0.2101,0.0000,0.9924,11751,0,60000,0.1958,0.0000,0.3861,59574,1,154304,0.3861,0.0000,0.2213,34148,1,154304,0.2213,0.0000
234.53,0.9857,16736,0,60000,0.2789,0.9655,0.9924,15847,0,60000,0.2641,0.0099,0.3861,59574,1,154304,0.3861,0.0000,0.2213,34148,1,154304,0.2213,0.0000
235.03,0.9857,16736,0,60000,0.2789,0.9655,0.9808,11461,0,60000,0.1910,0.0000,0.4419,68186,1,154304,0.4419,0.0000,0.2213,34148,1,154304,0.2213,0.0000
235.53,0.9857,16736,0,60000,0.2789,0.9655,0.9808,11461,0,60000,0.1910,0.0000,0.4419,68186,1,154304,0.4419,0.0000,0.2213,34148,1,154304,0.2213,0.0000
236.03,0.9857,16736,0,60000,0.2789,0.9655,0.9808,15557,0,60000,0.2593,0.0099,0.4419,68186,1,154304,0.4419,0.0000,0.2213,34148,1,154304,0.2213,0.0000
236.53,0.9862,4137,0,60000,0.0689,0.0000,0.9713,11213,0,60000,0.1869,0.0000,0.4419,68186,1,154304,0.4419,0.0000,0.2769,42720,1,154304,0.2769,0.0000
237.03,0.9862,8233,0,60000,0.1372,0.0000,0.9713,15309,0,60000,0.2551,0.0101,0.4419,68186,1,154304,0.4419,0.0000,0.2769,42720,1,154304,0.2769,0.0000
237.53,0.9862,8233,0,60000,0.1372,0.0000,0.9713,15309,0,60000,0.2551,0.0101,0.4419,68186,1,154304,0.4419,0.0000,0.2769,42720,1,154304,0.2769,0.0000
238.03,0.9908,8534,0,60000,0.1422,0.0104,0.9627,10960,0,60000,0.1827,0.0000,0.4419,68186,1,154304,0.4419,0.0000,0.2769,42720,1,154304,0.2769,0.0000
238.53,0.9862,12630,0,60000,0.2105,0.0000,0.9627,15057,0,60000,0.2510,0.0101,0.4419,68186,1,154304,0.4419,0.0000,0.2769,42720,1,154304,0.2769,0.0000
239.03,0.9862,16726,0,60000,0.2788,0.0000,0.9534,10668,0,60000,0.1778,0.0000,0.4419,68186,1,154304,0.4419,0.0000,0.2769,42720,1,154304,0.2769,0.0000
239.53,0.9862,16726,0,60000,0.2788,0.0000,0.9534,10668,0,60000,0.1778,0.0000,0.4430,68360,1,154304,0.4430,0.0000,0.2769,42720,1,154304,0.2769,0.0000
240.04,0.9862,16726,0,60000,0.2788,0.0000,0.9534,14764,0,60000,0.2461,0.0099,0.4430,68360,1,154304,0.4430,0.0000,0.2769,42720,1,154304,0.2769,0.0000
240.54,0.9862,16726,0,60000,0.2788,0.0000,0.9428,10396,0,60000,0.1733,0.0000,0.4430,68360,1,154304,0.4430,0.0000,0.2769,42720,1,154304,0.2769,0.0000
241.04,0.9916,8487,0,60000,0.1414,0.9978,0.9323,14492,0,60000,0.2415,0.0099,0.4430,68360,1,154304,0.4430,0.0000,0.2769,42720,1,154304,0.2769,0.0000
241.54,0.9916,8487,0,60000,0.1414,0.9978,0.9323,10117,0,60000,0.1686,0.0000,0.4430,68360,1,154304,0.4430,0.0000,0.2769,42720,1,154304,0.2769,0.0000
242.04,0.9916,8487,0,60000,0.1414,0.9978,0.9323,10117,0,60000,0.1686,0.0000,0.4430,68360,1,154304,0.4430,0.0000,0.3319,51218,1,154304,0.3319,0.0000
242.54,0.9919,8532,0,60000,0.1422,0.9959,0.9234,14213,0,60000,0.2369,0.0099,0.2773,42789,1,154304,0.2773,0.0000,0.3319,51218,1,154304,0.3319,0.0000
243.04,0.9925,17085,0,60000,0.2848,0.9977,0.9916,9789,0,60000,0.1631,0.0000,0.2773,42789,1,154304,0.2773,0.0000,0.3319,51218,1,154304,0.3319,0.0000
243.54,0.9886,12675,0,60000,0.2112,0.0000,0.9916,13885,0,60000,0.2314,0.0099,0.2773,42789,1,154304,0.2773,0.0000,0.3319,51218,1,154304,0.3319,0.0000
244.04,0.9826,16771,0,60000,0.2795,0.0000,0.9916,13885,0,60000,0.2314,0.0099,0.2773,42789,1,154304,0.2773,0.0000,0.3319,51218,1,154304,0.3319,0.0000
244.54,0.9826,16771,0,60000,0.2795,0.0000,0.9833,9478,0,60000,0.1580,0.0000,0.2773,42789,1,154304,0.2773,0.0000,0.3319,51218,1,154304,0.3319,0.0000
245.04,0.9877,12637,0,60000,0.2106,0.0000,0.9833,13574,0,60000,0.2262,0.0099,0.2773,42789,1,154304,0.2773,0.0000,0.3319,51218,1,154304,0.3319,0.0000
245.54,0.9877,8233,0,60000,0.1372,0.0000,0.9742,9169,0,60000,0.1528,0.0000,0.3323,51269,1,154304,0.3323,0.0000,0.4423,68252,1,154304,0.4423,0.0000
246.04,0.9873,12576,0,60000,0.2096,0.0000,0.9742,9169,0,60000,0.1528,0.0000,0.3323,51269,1,154304,0.3323,0.0000,0.4423,68252,1,154304,0.4423,0.0000
246.54,0.9873,8233,0,60000,0.1372,0.0000,0.9742,13266,0,60000,0.2211,0.0101,0.3323,51269,1,154304,0.3323,0.0000,0.4423,68252,1,154304,0.4423,0.0000
247.04,0.9873,8233,0,60000,0.1372,0.0000,0.9648,8877,0,60000,0.1479,0.0000,0.3323,51269,1,154304,0.3323,0.0000,0.4423,68252,1,154304,0.4423,0.0000
247.54,0.9873,8233,0,60000,0.1372,0.0000,0.9648,12973,0,60000,0.2162,0.0099,0.3323,51269,1,154304,0.3323,0.0000,0.4423,68252,1,154304,0.4423,0.0000
248.04,0.9933,41,0,60000,0.0007,0.0099,0.9556,8570,0,60000,0.1428,0.0000,0.3323,51269,1,154304,0.3323,0.0000,0.3876,59802,1,154304,0.3876,0.0000
248.54,0.9833,4137,0,60000,0.0689,0.0000,0.9556,8570,0,60000,0.1428,0.0000,0.3323,51269,1,154304,0.3323,0.0000,0.3876,59802,1,154304,0.3876,0.0000
249.04,0.9830,8233,0,60000,0.1372,0.0099,0.9500,12666,0,60000,0.2111,0.0000,0.3323,51269,1,154304,0.3323,0.0000,0.3876,59802,1,154304,0.3876,0.0000
249.54,0.9830,12329,0,60000,0.2055,0.0000,0.9394,16762,0,60000,0.2794,0.0099,0.3323,51269,1,154304,0.3323,0.0000,0.3876,59802,1,154304,0.3876,0.0000
250.04,0.9830,24864,0,60000,0.4144,0.9288,0.9394,12340,0,60000,0.2057,0.0000,0.3323,51269,1,154304,0.3323,0.0000,0.3876,59802,1,154304,0.3876,0.0000
250.54,0.9830,24864,0,60000,0.4144,0.9288,0.9394,12340,0,60000,0.2057,0.0000,0.3323,51269,1,154304,0.3323,0.0000,0.3876,59802,1,154304,0.3876,0.0000
251.04,0.9830,24864,0,60000,0.4144,0.9288,0.9291,16436,0,60000,0.2739,0.0099,0.2774,42807,1,154304,0.2774,0.0000,0.3876,59802,1,154304,0.3876,0.0000
251.54,0.9939,8514,0,60000,0.1419,0.0099,0.9973,11963,0,60000,0.1994,0.0000,0.2774,42807,1,154304,0.2774,0.0000,0.3876,59802,1,154304,0.3876,0.0000
252.04,0.9883,12610,0,60000,0.2102,0.0000,0.9973,16060,0,60000,0.2677,0.0101,0.2774,42807,1,154304,0.2774,0.0000,0.5534,85388,1,154304,0.5534,0.0000
252.54,0.9883,8233,0,60000,0.1372,0.0000,0.9973,16060,0,60000,0.2677,0.0101,0.2774,42807,1,154304,0.2774,0.0000,0.5534,85388,1,154304,0.5534,0.0000
253.04,0.9883,8233,0,60000,0.1372,0.0000,0.9873,11660,0,60000,0.1943,0.0000,0.2774,42807,1,154304,0.2774,0.0000,0.5534,85388,1,154304,0.5534,0.0000
253.54,0.9868,12582,0,60000,0.2097,0.0000,0.9873,15756,0,60000,0.2626,0.0099,0.2774,42807,1,154304,0.2774,0.0000,0.5534,85388,1,154304,0.5534,0.0000
254.04,0.9868,8233,0,60000,0.1372,0.0000,0.9773,11378,0,60000,0.1896,0.0000,0.2774,42807,1,154304,0.2774,0.0000,0.4989,76988,1,154304,0.4989,0.0000
254.54,0.9868,8233,0,60000,0.1372,0.0000,0.9773,11378,0,60000,0.1896,0.0000,0.2774,42807,1,154304,0.2774,0.0000,0.4989,76988,1,154304,0.4989,0.0000
255.04,0.9868,8233,0,60000,0.1372,0.0000,0.9773,15474,0,60000,0.2579,0.0099,0.2774,42807,1,154304,0.2774,0.0000,0.4989,76988,1,154304,0.4989,0.0000
255.54,0.9868,8233,0,60000,0.1372,0.0000,0.9667,11090,0,60000,0.1848,0.0000,0.2774,42807,1,154304,0.2774,0.0000,0.4989,76988,1,154304,0.4989,0.0000
256.04,0.9877,4137,0,60000,0.0689,0.0000,0.9667,15187,0,60000,0.2531,0.0101,0.2774,42807,1,154304,0.2774,0.0000,0.4989,76988,1,154304,0.4989,0.0000
256.54,0.9877,8233,0,60000,0.1372,0.0000,0.9550,10777,0,60000,0.1796,0.0000,0.2762,42619,1,154304,0.2762,0.0000,0.4989,76988,1,154304,0.4989,0.0000
257.04,0.9933,8573,0,60000,0.1429,0.0099,0.9550,10777,0,60000,0.1796,0.0000,0.2762,42619,1,154304,0.2762,0.0000,0.4989,76988,1,154304,0.4989,0.0000
257.54,0.9873,12669,0,60000,0.2112,0.0000,0.9550,14873,0,60000,0.2479,0.0099,0.2762,42619,1,154304,0.2762,0.0000,0.4989,76988,1,154304,0.4989,0.0000
258.04,0.9873,8233,0,60000,0.1372,0.0000,0.8821,10518,0,60000,0.1753,0.0000,0.2762,42619,1,154304,0.2762,0.0000,0.4988,76967,1,154304,0.4988,0.0000
258.54,0.9880,12647,0,60000,0.2108,0.0000,0.9504,14614,0,60000,0.2436,0.0099,0.2762,42619,1,154304,0.2762,0.0000,0.4988,76967,1,154304,0.4988,0.0000
259.04,0.9880,8233,0,60000,0.1372,0.0000,0.9504,14614,0,60000,0.2436,0.0099,0.2762,42619,1,154304,0.2762,0.0000,0.4988,76967,1,154304,0.4988,0.0000
259.54,0.9880,8233,0,60000,0.1372,0.0000,0.9392,10203,0,60000,0.1701,0.0000,0.2762,42619,1,154304,0.2762,0.0000,0.4988,76967,1,154304,0.4988,0.0000
260.04,0.9926,17042,0,60000,0.2840,0.9935,0.9294,14300,0,60000,0.2383,0.0101,0.2762,42619,1,154304,0.2762,0.0000,0.4988,76967,1,154304,0.4988,0.0000
260.54,0.9926,17042,0,60000,0.2840,0.9935,0.9977,9895,0,60000,0.1649,0.0000,0.2762,42619,1,154304,0.2762,0.0000,0.4988,76967,1,154304,0.4988,0.0000
261.04,0.9888,4137,0,60000,0.0689,0.0000,0.9977,9895,0,60000,0.1649,0.0000,0.2766,42680,1,154304,0.2766,0.0000,0.4988,76967,1,154304,0.4988,0.0000
261.54,0.9888,8233,0,60000,0.1372,0.0000,0.9933,13991,0,60000,0.2332,0.0099,0.2766,42680,1,154304,0.2766,0.0000,0.4988,76967,1,154304,0.4988,0.0000
262.04,0.9888,8233,0,60000,0.1372,0.0000,0.9832,18087,0,60000,0.3014,0.0000,0.2766,42680,1,154304,0.2766,0.0000,0.4434,68423,1,154304,0.4434,0.0000
262.54,0.9895,12623,0,60000,0.2104,0.0000,0.9832,18087,0,60000,0.3014,0.0000,0.2766,42680,1,154304,0.2766,0.0000,0.4434,68423,1,154304,0.4434,0.0000
263.04,0.9895,8234,0,60000,0.1372,0.0000,0.9688,9205,0,60000,0.1534,0.0000,0.2766,42680,1,154304,0.2766,0.0000,0.4434,68423,1,154304,0.4434,0.0000
263.54,0.9951,8568,0,60000,0.1428,0.0099,0.9688,9205,0,60000,0.1534,0.0000,0.1658,25580,1,154304,0.1658,0.0000,0.4434,68423,1,154304,0.4434,0.0000
264.04,0.9890,12664,0,60000,0.2111,0.0000,0.9688,13302,0,60000,0.2217,0.0101,0.1658,25580,1,154304,0.1658,0.0000,0.4434,68423,1,154304,0.4434,0.0000
264.54,0.9834,8233,0,60000,0.1372,0.0099,0.9585,8877,0,60000,0.1479,0.0000,0.1658,25580,1,154304,0.1658,0.0000,0.4434,68423,1,154304,0.4434,0.0000
265.04,0.9834,12329,0,60000,0.2055,0.0000,0.9585,12973,0,60000,0.2162,0.0099,0.1658,25580,1,154304,0.1658,0.0000,0.4434,68423,1,154304,0.4434,0.0000
265.54,0.9781,24941,0,60000,0.4157,0.6773,0.9585,12973,0,60000,0.2162,0.0099,0.1658,25580,1,154304,0.1658,0.0000,0.4434,68423,1,154304,0.4434,0.0000
266.04,0.9781,24941,0,60000,0.4157,0.6773,0.9585,12973,0,60000,0.2162,0.0099,0.1658,25580,1,154304,0.1658,0.0000,0.4430,68359,1,154304,0.4430,0.0000
266.54,0.9781,20585,0,60000,0.3431,0.0000,0.8689,12631,0,60000,0.2105,0.0000,0.1658,25580,1,154304,0.1658,0.0000,0.4430,68359,1,154304,0.4430,0.0000
267.04,0.9040,33166,0,60000,0.5528,0.9011,0.9371,8278,0,60000,0.1380,0.0099,0.1658,25580,1,154304,0.1658,0.0000,0.4430,68359,1,154304,0.4430,0.0000
267.54,0.9879,29662,0,60000,0.4944,0.0000,0.9371,8278,0,60000,0.1380,0.0099,0.2217,34210,1,154304,0.2217,0.0000,0.4430,68359,1,154304,0.4430,0.0000
268.04,0.9879,29662,0,60000,0.4944,0.0000,0.9371,12374,0,60000,0.2062,0.0000,0.2217,34210,1,154304,0.2217,0.0000,0.4430,68359,1,154304,0.4430,0.0000
268.54,0.9823,25207,0,60000,0.4201,0.0099,0.8419,16470,0,60000,0.2745,0.0099,0.2217,34210,1,154304,0.2217,0.0000,0.4430,68359,1,154304,0.4430,0.0000
269.04,0.9823,20850,0,60000,0.3475,0.0000,0.9102,12068,0,60000,0.2011,0.0000,0.2217,34210,1,154304,0.2217,0.0000,0.4430,68359,1,154304,0.4430,0.0000
269.54,0.9823,16425,0,60000,0.2737,0.0099,0.9102,12068,0,60000,0.2011,0.0000,0.2217,34210,1,154304,0.2217,0.0000,0.4425,68278,1,154304,0.4425,0.0000
270.04,0.9780,12062,0,60000,0.2010,0.0000,0.9784,16164,0,60000,0.2694,0.0099,0.2217,34210,1,154304,0.2217,0.0000,0.4425,68278,1,154304,0.4425,0.0000
270.54,0.9780,12062,0,60000,0.2010,0.0000,0.9209,11800,0,60000,0.1967,0.0000,0.2217,34210,1,154304,0.2217,0.0000,0.4425,68278,1,154304,0.4425,0.0000
271.04,0.9679,20254,0,60000,0.3376,0.5025,0.9891,15897,0,60000,0.2650,0.0101,0.2217,34210,1,154304,0.2217,0.0000,0.4425,68278,1,154304,0.4425,0.0000
271.54,0.9663,15794,0,60000,0.2632,0.0000,0.9779,11484,0,60000,0.1914,0.0000,0.2221,34266,1,154304,0.2221,0.0000,0.4425,68278,1,154304,0.4425,0.0000
272.04,0.9663,15794,0,60000,0.2632,0.0000,0.9779,11484,0,60000,0.1914,0.0000,0.2221,34266,1,154304,0.2221,0.0000,0.4425,68278,1,154304,0.4425,0.0000
272.54,0.9859,12623,0,60000,0.2104,0.0000,0.9779,15580,0,60000,0.2597,0.0099,0.2221,34266,1,154304,0.2221,0.0000,0.4425,68278,1,154304,0.4425,0.0000
273.04,0.9859,25240,0,60000,0.4207,0.9578,0.9209,11197,0,60000,0.1866,0.0000,0.2221,34266,1,154304,0.2221,0.0000,0.3879,59854,1,154304,0.3879,0.0000
273.54,0.9859,25240,0,60000,0.4207,0.9578,0.9891,15293,0,60000,0.2549,0.0099,0.2221,34266,1,154304,0.2221,0.0000,0.3879,59854,1,154304,0.3879,0.0000
274.04,0.9859,25240,0,60000,0.4207,0.9578,0.9891,15293,0,60000,0.2549,0.0099,0.2221,34266,1,154304,0.2221,0.0000,0.3879,59854,1,154304,0.3879,0.0000
274.54,0.9859,25240,0,60000,0.4207,0.9578,0.9622,10822,0,60000,0.1804,0.0000,0.2221,34266,1,154304,0.2221,0.0000,0.3879,59854,1,154304,0.3879,0.0000
275.04,0.9772,4137,0,60000,0.0689,0.0000,0.9622,14918,0,60000,0.2486,0.0099,0.2221,34266,1,154304,0.2221,0.0000,0.3879,59854,1,154304,0.3879,0.0000
275.54,0.9152,16682,0,60000,0.2780,0.9581,0.9528,10574,0,60000,0.1762,0.0000,0.2221,34266,1,154304,0.2221,0.0000,0.2762,42616,1,154304,0.2762,0.0000
276.04,0.9896,21149,0,60000,0.3525,0.0000,0.9528,10574,0,60000,0.1762,0.0000,0.2221,34266,1,154304,0.2221,0.0000,0.2762,42616,1,154304,0.2762,0.0000
276.54,0.9896,25187,0,60000,0.4198,0.9597,0.9528,14670,0,60000,0.2445,0.0099,0.2221,34266,1,154304,0.2221,0.0000,0.2762,42616,1,154304,0.2762,0.0000
277.04,0.9896,25187,0,60000,0.4198,0.9597,0.9433,10221,0,60000,0.1704,0.0000,0.2221,34266,1,154304,0.2221,0.0000,0.2762,42616,1,154304,0.2762,0.0000
277.54,0.9851,21174,0,60000,0.3529,0.0000,0.9285,14318,0,60000,0.2386,0.0101,0.6084,93878,1,154304,0.6084,0.0000,0.2762,42616,1,154304,0.2762,0.0000
278.04,0.9838,25270,0,60000,0.4212,0.0000,0.9968,9840,0,60000,0.1640,0.0000,0.6084,93878,1,154304,0.6084,0.0000,0.2762,42616,1,154304,0.2762,0.0000
278.54,0.9838,25270,0,60000,0.4212,0.0000,0.9968,9840,0,60000,0.1640,0.0000,0.6084,93878,1,154304,0.6084,0.0000,0.2762,42616,1,154304,0.2762,0.0000
279.04,0.9881,21108,0,60000,0.3518,0.0000,0.9968,13936,0,60000,0.2323,0.0099,0.6084,93878,1,154304,0.6084,0.0000,0.3308,51045,1,154304,0.3308,0.0000
279.54,0.9881,16682,0,60000,0.2780,0.0099,0.9858,9599,0,60000,0.1600,0.0000,0.6084,93878,1,154304,0.6084,0.0000,0.3308,51045,1,154304,0.3308,0.0000
280.04,0.9820,12330,0,60000,0.2055,0.0000,0.9858,13695,0,60000,0.2283,0.0099,0.4419,68194,1,154304,0.4419,0.0000,0.3308,51045,1,154304,0.3308,0.0000
280.54,0.9820,24894,0,60000,0.4149,0.9354,0.9858,13695,0,60000,0.2283,0.0099,0.4419,68194,1,154304,0.4419,0.0000,0.3308,51045,1,154304,0.3308,0.0000
281.04,0.9820,24894,0,60000,0.4149,0.9354,0.9754,9308,0,60000,0.1551,0.0000,0.4419,68194,1,154304,0.4419,0.0000,0.3308,51045,1,154304,0.3308,0.0000
281.54,0.9820,24894,0,60000,0.4149,0.9354,0.9754,13404,0,60000,0.2234,0.0099,0.4419,68194,1,154304,0.4419,0.0000,0.3308,51045,1,154304,0.3308,0.0000
282.04,0.9820,24894,0,60000,0.4149,0.9354,0.9654,9061,0,60000,0.1510,0.0000,0.4419,68194,1,154304,0.4419,0.0000,0.2206,34041,1,154304,0.2206,0.0000
282.54,0.9918,41,0,60000,0.0007,0.0099,0.9654,9061,0,60000,0.1510,0.0000,0.3874,59779,1,154304,0.3874,0.0000,0.2206,34041,1,154304,0.2206,0.0000
283.04,0.9860,4137,0,60000,0.0689,0.0000,0.9654,13157,0,60000,0.2193,0.0099,0.3874,59779,1,154304,0.3874,0.0000,0.2206,34041,1,154304,0.2206,0.0000
283.54,0.9860,8233,0,60000,0.1372,0.0000,0.8530,8766,0,60000,0.1461,0.0000,0.3874,59779,1,154304,0.3874,0.0000,0.2206,34041,1,154304,0.2206,0.0000
284.04,0.9860,8233,0,60000,0.1372,0.0000,0.9213,12862,0,60000,0.2144,0.0000,0.3874,59779,1,154304,0.3874,0.0000,0.2206,34041,1,154304,0.2206,0.0000
284.54,0.9906,8504,0,60000,0.1417,0.9960,0.9896,8464,0,60000,0.1411,0.0099,0.3874,59779,1,154304,0.3874,0.0000,0.2210,34095,1,154304,0.2210,0.0000
285.04,0.9911,8515,0,60000,0.1419,0.9958,0.9896,8464,0,60000,0.1411,0.0099,0.3874,59779,1,154304,0.3874,0.0000,0.2210,34095,1,154304,0.2210,0.0000
285.54,0.9911,8515,0,60000,0.1419,0.9958,0.9481,12560,0,60000,0.2093,0.0000,0.3879,59850,1,154304,0.3879,0.0000,0.2210,34095,1,154304,0.2210,0.0000
286.04,0.9911,8515,0,60000,0.1419,0.9958,0.9377,16656,0,60000,0.2776,0.0099,0.3879,59850,1,154304,0.3879,0.0000,0.2210,34095,1,154304,0.2210,0.0000
286.54,0.9911,8515,0,60000,0.1419,0.9958,0.9377,12259,0,60000,0.2043,0.0000,0.3879,59850,1,154304,0.3879,0.0000,0.2210,34095,1,154304,0.2210,0.0000
287.04,0.9911,8515,0,60000,0.1419,0.9958,0.9377,12259,0,60000,0.2043,0.0000,0.3879,59850,1,154304,0.3879,0.0000,0.2210,34095,1,154304,0.2210,0.0000
287.54,0.9911,8515,0,60000,0.1419,0.9958,0.9288,16355,0,60000,0.2726,0.0099,0.2773,42786,1,154304,0.2773,0.0000,0.2210,34095,1,154304,0.2210,0.0000
288.04,0.9917,8508,0,60000,0.1418,0.9958,0.9971,11991,0,60000,0.1998,0.0000,0.2773,42786,1,154304,0.2773,0.0000,0.2210,34095,1,154304,0.2210,0.0000
288.54,0.9923,8538,0,60000,0.1423,0.9958,0.9971,16087,0,60000,0.2681,0.0099,0.2773,42786,1,154304,0.2773,0.0000,0.2210,34095,1,154304,0.2210,0.0000
289.04,0.9923,8538,0,60000,0.1423,0.9958,0.9971,16087,0,60000,0.2681,0.0099,0.2773,42786,1,154304,0.2773,0.0000,0.2210,34095,1,154304,0.2210,0.0000
289.54,0.9929,17084,0,60000,0.2847,0.9959,0.9881,11739,0,60000,0.1956,0.0000,0.2773,42786,1,154304,0.2773,0.0000,0.2210,34095,1,154304,0.2210,0.0000
290.04,0.9929,17084,0,60000,0.2847,0.9959,0.9881,15835,0,60000,0.2639,0.0099,0.2773,42786,1,154304,0.2773,0.0000,0.3883,59909,1,154304,0.3883,0.0000
290.54,0.9881,4137,0,60000,0.0689,0.0000,0.9791,11479,0,60000,0.1913,0.0000,0.2773,42786,1,154304,0.2773,0.0000,0.3883,59909,1,154304,0.3883,0.0000
291.04,0.9881,8233,0,60000,0.1372,0.0099,0.9791,11479,0,60000,0.1913,0.0000,0.2773,42786,1,154304,0.2773,0.0000,0.3883,59909,1,154304,0.3883,0.0000
291.54,0.9881,8233,0,60000,0.1372,0.0099,0.9791,15575,0,60000,0.2596,0.0099,0.2777,42847,1,154304,0.2777,0.0000,0.3883,59909,1,154304,0.3883,0.0000
292.04,0.9826,12329,0,60000,0.2055,0.0000,0.9691,11117,0,60000,0.1853,0.0000,0.2777,42847,1,154304,0.2777,0.0000,0.3883,59909,1,154304,0.3883,0.0000
292.54,0.9826,16425,0,60000,0.2737,0.0099,0.9691,15213,0,60000,0.2535,0.0099,0.2777,42847,1,154304,0.2777,0.0000,0.3883,59909,1,154304,0.3883,0.0000
293.04,0.9784,12088,0,60000,0.2015,0.0000,0.9591,10759,0,60000,0.1793,0.0000,0.2777,42847,1,154304,0.2777,0.0000,0.3883,59909,1,154304,0.3883,0.0000
293.54,0.9778,24717,0,60000,0.4119,0.6778,0.9591,10759,0,60000,0.1793,0.0000,0.2777,42847,1,154304,0.2777,0.0000,0.3883,59909,1,154304,0.3883,0.0000
294.04,0.9778,24717,0,60000,0.4119,0.6778,0.9591,14855,0,60000,0.2476,0.0099,0.2777,42847,1,154304,0.2777,0.0000,0.5544,85548,1,154304,0.5544,0.0000
294.54,0.9627,20319,0,60000,0.3387,0.0000,0.9496,10394,0,60000,0.1732,0.0000,0.2777,42847,1,154304,0.2777,0.0000,0.5544,85548,1,154304,0.5544,0.0000
295.04,0.8997,24415,0,60000,0.4069,0.0099,0.9409,14490,0,60000,0.2415,0.0099,0.2777,42847,1,154304,0.2777,0.0000,0.5544,85548,1,154304,0.5544,0.0000
295.54,0.9680,20070,0,60000,0.3345,0.0000,0.9409,14490,0,60000,0.2415,0.0099,0.2766,42678,1,154304,0.2766,0.0000,0.5544,85548,1,154304,0.5544,0.0000
296.04,0.9680,24031,0,60000,0.4005,0.8586,0.9409,10103,0,60000,0.1684,0.0000,0.2766,42678,1,154304,0.2766,0.0000,0.4985,76916,1,154304,0.4985,0.0000
296.54,0.9680,24031,0,60000,0.4005,0.8586,0.9324,14200,0,60000,0.2367,0.0101,0.2766,42678,1,154304,0.2766,0.0000,0.4985,76916,1,154304,0.4985,0.0000
297.04,0.9912,16994,0,60000,0.2832,0.0099,0.9324,9777,0,60000,0.1630,0.0000,0.2766,42678,1,154304,0.2766,0.0000,0.4985,76916,1,154304,0.4985,0.0000
297.54,0.9808,21090,0,60000,0.3515,0.0000,0.9324,9777,0,60000,0.1630,0.0000,0.2766,42678,1,154304,0.2766,0.0000,0.4985,76916,1,154304,0.4985,0.0000
298.04,0.8429,33680,0,60000,0.5613,0.9663,0.9221,13873,0,60000,0.2312,0.0099,0.2766,42678,1,154304,0.2766,0.0000,0.4985,76916,1,154304,0.4985,0.0000
298.54,0.9162,29588,0,60000,0.4931,0.0000,0.9903,9496,0,60000,0.1583,0.0000,0.2215,34183,1,154304,0.2215,0.0000,0.4985,76916,1,154304,0.4985,0.0000
299.04,0.9844,25218,0,60000,0.4203,0.0101,0.9903,13592,0,60000,0.2265,0.0099,0.2215,34183,1,154304,0.2215,0.0000,0.4985,76916,1,154304,0.4985,0.0000
299.54,0.9844,25218,0,60000,0.4203,0.0101,0.9783,9149,0,60000,0.1525,0.0000,0.2215,34183,1,154304,0.2215,0.0000,0.4985,76916,1,154304,0.4985,0.0000
300.04,0.9799,20860,0,60000,0.3477,0.0000,0.9783,9149,0,60000,0.1525,0.0000,0.2215,34183,1,154304,0.2215,0.0000,0.4421,68223,1,154304,0.4421,0.0000
300.54,0.9799,24956,0,60000,0.4159,0.0099,0.9783,13245,0,60000,0.2208,0.0099,0.2215,34183,1,154304,0.2215,0.0000,0.4421,68223,1,154304,0.4421,0.0000
301.04,0.9621,20522,0,60000,0.3420,0.0000,0.9461,8818,0,60000,0.1470,0.0000,0.2224,34311,1,154304,0.2224,0.0000,0.4421,68223,1,154304,0.4421,0.0000
301.54,0.9621,20522,0,60000,0.3420,0.0000,0.9351,12914,0,60000,0.2152,0.0000,0.2224,34311,1,154304,0.2224,0.0000,0.4421,68223,1,154304,0.4421,0.0000
302.04,0.8304,24629,0,60000,0.4105,0.9051,0.9351,12914,0,60000,0.2152,0.0000,0.2224,34311,1,154304,0.2224,0.0000,0.3868,59679,1,154304,0.3868,0.0000
302.54,0.9136,21100,0,60000,0.3517,0.0000,0.9351,8480,0,60000,0.1413,0.0099,0.2224,34311,1,154304,0.2224,0.0000,0.3868,59679,1,154304,0.3868,0.0000
303.04,0.9819,25196,0,60000,0.4199,0.0000,0.9193,12576,0,60000,0.2096,0.0000,0.2224,34311,1,154304,0.2224,0.0000,0.3868,59679,1,154304,0.3868,0.0000
303.54,0.9819,25196,0,60000,0.4199,0.0000,0.9876,16672,0,60000,0.2779,0.0099,0.2224,34311,1,154304,0.2224,0.0000,0.3868,59679,1,154304,0.3868,0.0000
304.04,0.9819,25196,0,60000,0.4199,0.0000,0.9876,16672,0,60000,0.2779,0.0099,0.2224,34311,1,154304,0.2224,0.0000,0.3868,59679,1,154304,0.3868,0.0000
304.54,0.9819,25196,0,60000,0.4199,0.0000,0.9404,12239,0,60000,0.2040,0.0000,0.2224,34322,1,154304,0.2224,0.0000,0.3868,59679,1,154304,0.3868,0.0000
305.04,0.9870,8516,0,60000,0.1419,0.9958,0.9299,16335,0,60000,0.2722,0.0099,0.2224,34322,1,154304,0.2224,0.0000,0.3320,51228,1,154304,0.3320,0.0000
305.54,0.9877,12648,0,60000,0.2108,0.0000,0.9982,11893,0,60000,0.1982,0.0000,0.2224,34322,1,154304,0.2224,0.0000,0.3320,51228,1,154304,0.3320,0.0000
306.04,0.9877,8234,0,60000,0.1372,0.0101,0.9982,15989,0,60000,0.2665,0.0099,0.2224,34322,1,154304,0.2224,0.0000,0.3320,51228,1,154304,0.3320,0.0000
306.54,0.9780,12330,0,60000,0.2055,0.0000,0.9982,15989,0,60000,0.2665,0.0099,0.2224,34322,1,154304,0.2224,0.0000,0.3320,51228,1,154304,0.3320,0.0000
307.04,0.9780,12330,0,60000,0.2055,0.0000,0.9346,11607,0,60000,0.1935,0.0000,0.2224,34322,1,154304,0.2224,0.0000,0.3320,51228,1,154304,0.3320,0.0000
307.54,0.9677,24945,0,60000,0.4158,0.9283,0.8761,17573,0,60000,0.2929,0.3181,0.2224,34322,1,154304,0.2224,0.0000,0.3877,59829,1,154304,0.3877,0.0000
308.04,0.9787,21137,0,60000,0.3523,0.0000,0.9443,13217,0,60000,0.2203,0.0099,0.2224,34322,1,154304,0.2224,0.0000,0.3877,59829,1,154304,0.3877,0.0000
308.55,0.9154,25309,0,60000,0.4218,0.9546,0.9443,13217,0,60000,0.2203,0.0099,0.2224,34322,1,154304,0.2224,0.0000,0.3877,59829,1,154304,0.3877,0.0000
309.05,0.9154,25309,0,60000,0.4218,0.9546,0.9332,17313,0,60000,0.2885,0.0000,0.2224,34322,1,154304,0.2224,0.0000,0.2774,42803,1,154304,0.2774,0.0000
309.55,0.9154,25309,0,60000,0.4218,0.9546,0.9332,12943,0,60000,0.2157,0.0000,0.3328,51348,1,154304,0.3328,0.0000,0.2774,42803,1,154304,0.2774,0.0000
310.05,0.9905,21258,0,60000,0.3543,0.0000,0.9219,8485,0,60000,0.1414,0.0099,0.3328,51348,1,154304,0.3328,0.0000,0.2774,42803,1,154304,0.2774,0.0000
310.55,0.9905,16790,0,60000,0.2798,0.0000,0.9219,8485,0,60000,0.1414,0.0099,0.3328,51348,1,154304,0.3328,0.0000,0.2774,42803,1,154304,0.2774,0.0000
311.05,0.9959,8555,0,60000,0.1426,0.0099,0.9902,12581,0,60000,0.2097,0.0000,0.3328,51348,1,154304,0.3328,0.0000,0.2774,42803,1,154304,0.2774,0.0000
311.55,0.9905,12651,0,60000,0.2109,0.0000,0.9902,16677,0,60000,0.2779,0.0099,0.3328,51348,1,154304,0.3328,0.0000,0.2774,42803,1,154304,0.2774,0.0000
312.05,0.9905,16747,0,60000,0.2791,0.0099,0.9788,12264,0,60000,0.2044,0.0000,0.2765,42665,1,154304,0.2765,0.0000,0.2774,42803,1,154304,0.2774,0.0000
312.55,0.9843,12329,0,60000,0.2055,0.0000,0.9788,12264,0,60000,0.2044,0.0000,0.2765,42665,1,154304,0.2765,0.0000,0.2774,42803,1,154304,0.2774,0.0000
313.05,0.9843,16425,0,60000,0.2737,0.0000,0.9683,16360,0,60000,0.2727,0.0099,0.2765,42665,1,154304,0.2765,0.0000,0.2774,42803,1,154304,0.2774,0.0000
313.55,0.9843,16425,0,60000,0.2737,0.0000,0.9683,11968,0,60000,0.1995,0.0000,0.2765,42665,1,154304,0.2765,0.0000,0.4425,68287,1,154304,0.4425,0.0000
314.05,0.9843,16425,0,60000,0.2737,0.0000,0.9592,16064,0,60000,0.2677,0.0099,0.2765,42665,1,154304,0.2765,0.0000,0.4425,68287,1,154304,0.4425,0.0000
314.55,0.9843,16425,0,60000,0.2737,0.0000,0.9592,16064,0,60000,0.2677,0.0099,0.2765,42665,1,154304,0.2765,0.0000,0.4425,68287,1,154304,0.4425,0.0000
315.05,0.9823,4137,0,60000,0.0689,0.0000,0.9592,11595,0,60000,0.1933,0.0000,0.2765,42665,1,154304,0.2765,0.0000,0.4425,68287,1,154304,0.4425,0.0000
315.55,0.9778,8233,0,60000,0.1372,0.0000,0.9503,15693,0,60000,0.2616,0.0104,0.2765,42665,1,154304,0.2765,0.0000,0.4425,68287,1,154304,0.4425,0.0000
316.05,0.9830,21158,0,60000,0.3526,0.0000,0.9503,11231,0,60000,0.1872,0.0000,0.2765,42665,1,154304,0.2765,0.0000,0.4425,68287,1,154304,0.4425,0.0000
316.55,0.9830,21158,0,60000,0.3526,0.0000,0.9026,15327,0,60000,0.2555,0.0099,0.2765,42665,1,154304,0.2765,0.0000,0.3319,51221,1,154304,0.3319,0.0000
317.05,0.9816,16782,0,60000,0.2797,0.0000,0.9026,15327,0,60000,0.2555,0.0099,0.4424,68271,1,154304,0.4424,0.0000,0.3319,51221,1,154304,0.3319,0.0000
317.55,0.9865,16964,0,60000,0.2827,0.0099,0.9708,10948,0,60000,0.1825,0.0000,0.4424,68271,1,154304,0.4424,0.0000,0.3319,51221,1,154304,0.3319,0.0000
318.05,0.9865,21060,0,60000,0.3510,0.0000,0.9606,15044,0,60000,0.2507,0.0099,0.4424,68271,1,154304,0.4424,0.0000,0.3319,51221,1,154304,0.3319,0.0000
318.55,0.9865,16703,0,60000,0.2784,0.0000,0.9595,10617,0,60000,0.1769,0.0000,0.4424,68271,1,154304,0.4424,0.0000,0.3319,51221,1,154304,0.3319,0.0000
319.05,0.9865,16703,0,60000,0.2784,0.0000,0.9595,10617,0,60000,0.1769,0.0000,0.3869,59706,1,154304,0.3869,0.0000,0.3319,51221,1,154304,0.3319,0.0000
319.55,0.9865,16703,0,60000,0.2784,0.0000,0.9595,14713,0,60000,0.2452,0.0099,0.3869,59706,1,154304,0.3869,0.0000,0.3319,51221,1,154304,0.3319,0.0000
320.05,0.9865,16703,0,60000,0.2784,0.0000,0.9535,10374,0,60000,0.1729,0.0000,0.3869,59706,1,154304,0.3869,0.0000,0.3313,51115,1,154304,0.3313,0.0000
320.55,0.9865,16703,0,60000,0.2784,0.0000,0.9424,14470,0,60000,0.2412,0.0099,0.3869,59706,1,154304,0.3869,0.0000,0.3313,51115,1,154304,0.3313,0.0000
321.05,0.9865,16703,0,60000,0.2784,0.0000,0.9424,14470,0,60000,0.2412,0.0099,0.3869,59706,1,154304,0.3869,0.0000,0.3313,51115,1,154304,0.3313,0.0000
321.55,0.9904,8494,0,60000,0.1416,0.9960,0.9424,10020,0,60000,0.1670,0.0000,0.3869,59706,1,154304,0.3869,0.0000,0.3313,51115,1,154304,0.3313,0.0000
322.05,0.9904,8494,0,60000,0.1416,0.9960,0.9259,14117,0,60000,0.2353,0.0101,0.3869,59706,1,154304,0.3869,0.0000,0.3313,51115,1,154304,0.3313,0.0000
322.55,0.9904,8494,0,60000,0.1416,0.9960,0.9941,9750,0,60000,0.1625,0.0000,0.3324,51294,2,154304,0.3324,0.0000,0.3313,51115,1,154304,0.3313,0.0000
323.05,0.9910,8471,0,60000,0.1412,0.9960,0.9941,13846,0,60000,0.2308,0.0099,0.3324,51294,2,154304,0.3324,0.0000,0.3313,51115,1,154304,0.3313,0.0000
323.55,0.9910,8471,0,60000,0.1412,0.9960,0.9941,13846,0,60000,0.2308,0.0099,0.3324,51294,2,154304,0.3324,0.0000,0.3313,51115,1,154304,0.3313,0.0000
324.05,0.9910,8471,0,60000,0.1412,0.9960,0.9833,9456,0,60000,0.1576,0.0000,0.3324,51294,2,154304,0.3324,0.0000,0.3313,51115,1,154304,0.3313,0.0000
324.55,0.9910,8471,0,60000,0.1412,0.9960,0.9833,13552,0,60000,0.2259,0.0099,0.3324,51294,2,154304,0.3324,0.0000,0.3313,51115,1,154304,0.3313,0.0000
325.05,0.9910,8471,0,60000,0.1412,0.9960,0.9548,9184,0,60000,0.1531,0.0000,0.3324,51294,2,154304,0.3324,0.0000,0.3311,51090,1,154304,0.3311,0.0000
325.55,0.9910,8471,0,60000,0.1412,0.9960,0.9548,9184,0,60000,0.1531,0.0000,0.3324,51294,2,154304,0.3324,0.0000,0.3311,51090,1,154304,0.3311,0.0000
326.05,0.9910,8471,0,60000,0.1412,0.9960,0.9453,13282,0,60000,0.2214,0.0104,0.3324,51294,2,154304,0.3324,0.0000,0.3311,51090,1,154304,0.3311,0.0000
326.55,0.9910,8471,0,60000,0.1412,0.9960,0.9453,8898,0,60000,0.1483,0.0000,0.3324,51294,2,154304,0.3324,0.0000,0.3311,51090,1,154304,0.3311,0.0000
327.05,0.9677,4137,0,60000,0.0689,0.0000,0.9353,12994,0,60000,0.2166,0.0099,0.3324,51294,2,154304,0.3324,0.0000,0.3311,51090,1,154304,0.3311,0.0000
327.55,0.9129,16697,0,60000,0.2783,0.9587,0.9353,8588,0,60000,0.1431,0.0000,0.3324,51294,2,154304,0.3324,0.0000,0.3311,51090,1,154304,0.3311,0.0000
328.05,0.9129,16697,0,60000,0.2783,0.9587,0.9353,8588,0,60000,0.1431,0.0000,0.4432,68385,1,154304,0.4432,0.0000,0.3311,51090,1,154304,0.3311,0.0000
328.55,0.9872,21160,0,60000,0.3527,0.0000,0.9180,12684,0,60000,0.2114,0.0000,0.4432,68385,1,154304,0.4432,0.0000,0.3311,51090,1,154304,0.3311,0.0000
329.05,0.9872,16734,0,60000,0.2789,0.0000,0.9862,8236,0,60000,0.1373,0.0099,0.4432,68385,1,154304,0.4432,0.0000,0.3311,51090,1,154304,0.3311,0.0000
329.55,0.9876,12635,0,60000,0.2106,0.0000,0.9433,12332,0,60000,0.2055,0.0000,0.4432,68385,1,154304,0.4432,0.0000,0.4975,76772,1,154304,0.4975,0.0000
330.05,0.9876,12635,0,60000,0.2106,0.0000,0.9433,12332,0,60000,0.2055,0.0000,0.4432,68385,1,154304,0.4432,0.0000,0.4975,76772,1,154304,0.4975,0.0000
330.55,0.9817,16731,0,60000,0.2788,0.0000,0.9338,16428,0,60000,0.2738,0.0099,0.4432,68385,1,154304,0.4432,0.0000,0.4975,76772,1,154304,0.4975,0.0000
331.05,0.9817,16731,0,60000,0.2788,0.0000,0.9338,12015,0,60000,0.2003,0.0000,0.4432,68385,1,154304,0.4432,0.0000,0.4975,76772,1,154304,0.4975,0.0000
331.55,0.9817,16731,0,60000,0.2788,0.0000,0.9244,16112,0,60000,0.2685,0.0101,0.4432,68385,1,154304,0.4432,0.0000,0.4975,76772,1,154304,0.4975,0.0000
332.05,0.9871,8563,0,60000,0.1427,0.9977,0.9244,16112,0,60000,0.2685,0.0101,0.2212,34134,1,154304,0.2212,0.0000,0.4975,76772,1,154304,0.4975,0.0000
332.55,0.9871,8563,0,60000,0.1427,0.9977,0.9927,11720,0,60000,0.1953,0.0000,0.2212,34134,1,154304,0.2212,0.0000,0.4975,76772,1,154304,0.4975,0.0000
333.05,0.9871,8563,0,60000,0.1427,0.9977,0.9927,15816,0,60000,0.2636,0.0101,0.2212,34134,1,154304,0.2212,0.0000,0.3869,59705,1,154304,0.3869,0.0000
333.55,0.9871,8563,0,60000,0.1427,0.9977,0.9834,11461,0,60000,0.1910,0.0000,0.2212,34134,1,154304,0.2212,0.0000,0.3869,59705,1,154304,0.3869,0.0000
334.05,0.9874,8539,0,60000,0.1423,0.9958,0.9834,15557,0,60000,0.2593,0.0099,0.2212,34134,1,154304,0.2212,0.0000,0.3869,59705,1,154304,0.3869,0.0000
334.55,0.9874,8539,0,60000,0.1423,0.9958,0.9834,15557,0,60000,0.2593,0.0099,0.2212,34134,1,154304,0.2212,0.0000,0.3869,59705,1,154304,0.3869,0.0000
335.05,0.9874,8539,0,60000,0.1423,0.9958,0.9672,11148,0,60000,0.1858,0.0000,0.3328,51349,1,154304,0.3328,0.0000,0.3869,59705,1,154304,0.3869,0.0000
335.55,0.9880,4137,0,60000,0.0689,0.0000,0.9672,15244,0,60000,0.2541,0.0099,0.3328,51349,1,154304,0.3328,0.0000,0.3869,59705,1,154304,0.3869,0.0000
336.05,0.9790,8233,0,60000,0.1372,0.0000,0.9560,10829,0,60000,0.1805,0.0000,0.3328,51349,1,154304,0.3328,0.0000,0.3869,59705,1,154304,0.3869,0.0000
336.55,0.9846,8565,0,60000,0.1427,0.0099,0.9560,10829,0,60000,0.1805,0.0000,0.3328,51349,1,154304,0.3328,0.0000,0.3869,59705,1,154304,0.3869,0.0000
337.05,0.9840,12661,0,60000,0.2110,0.0000,0.9560,14925,0,60000,0.2487,0.0099,0.3328,51349,1,154304,0.3328,0.0000,0.3869,59705,1,154304,0.3869,0.0000
337.55,0.9840,8233,0,60000,0.1372,0.0000,0.9458,10588,0,60000,0.1765,0.0000,0.3328,51349,1,154304,0.3328,0.0000,0.3322,51266,1,154304,0.3322,0.0000
338.05,0.9840,8233,0,60000,0.1372,0.0000,0.9366,14684,0,60000,0.2447,0.0099,0.3328,51349,1,154304,0.3328,0.0000,0.3322,51266,1,154304,0.3322,0.0000
338.55,0.9840,8233,0,60000,0.1372,0.0000,0.9366,14684,0,60000,0.2447,0.0099,0.3328,51350,1,154304,0.3328,0.0000,0.3322,51266,1,154304,0.3322,0.0000
339.05,0.9840,8233,0,60000,0.1372,0.0000,0.9316,10274,0,60000,0.1712,0.0000,0.3328,51350,1,154304,0.3328,0.0000,0.3322,51266,1,154304,0.3322,0.0000
339.55,0.9889,4138,0,60000,0.0690,0.0000,0.9998,14370,0,60000,0.2395,0.0099,0.3328,51350,1,154304,0.3328,0.0000,0.3322,51266,1,154304,0.3322,0.0000
340.05,0.9883,8234,0,60000,0.1372,0.0000,0.8730,9997,0,60000,0.1666,0.0000,0.3328,51350,1,154304,0.3328,0.0000,0.3322,51266,1,154304,0.3322,0.0000
340.55,0.9883,8234,0,60000,0.1372,0.0000,0.8730,9997,0,60000,0.1666,0.0000,0.3328,51350,1,154304,0.3328,0.0000,0.3322,51266,1,154304,0.3322,0.0000
341.05,0.9883,8234,0,60000,0.1372,0.0000,0.9119,14093,0,60000,0.2349,0.0099,0.3328,51350,1,154304,0.3328,0.0000,0.3322,51266,1,154304,0.3322,0.0000
341.55,0.9883,8234,0,60000,0.1372,0.0000,0.9801,9692,0,60000,0.1615,0.0000,0.2782,42922,1,154304,0.2782,0.0000,0.3322,51266,1,154304,0.3322,0.0000
342.05,0.9883,8234,0,60000,0.1372,0.0000,0.9801,13788,0,60000,0.2298,0.0099,0.2782,42922,1,154304,0.2782,0.0000,0.3322,51266,1,154304,0.3322,0.0000
342.55,0.9883,8234,0,60000,0.1372,0.0000,0.9709,9361,0,60000,0.1560,0.0000,0.2782,42922,1,154304,0.2782,0.0000,0.3881,59890,1,154304,0.3881,0.0000
343.05,0.9897,4137,0,60000,0.0689,0.0000,0.9709,9361,0,60000,0.1560,0.0000,0.2782,42922,1,154304,0.2782,0.0000,0.3881,59890,1,154304,0.3881,0.0000
343.55,0.9897,4137,0,60000,0.0689,0.0000,0.9709,13457,0,60000,0.2243,0.0099,0.2782,42922,1,154304,0.2782,0.0000,0.3881,59890,1,154304,0.3881,0.0000
344.05,0.9897,8233,0,60000,0.1372,0.0000,0.8589,9095,0,60000,0.1516,0.0000,0.2782,42922,1,154304,0.2782,0.0000,0.3881,59890,1,154304,0.3881,0.0000
344.55,0.9897,8233,0,60000,0.1372,0.0000,0.9271,13191,0,60000,0.2198,0.0099,0.2782,42922,1,154304,0.2782,0.0000,0.3881,59890,1,154304,0.3881,0.0000
345.05,0.9897,8233,0,60000,0.1372,0.0000,0.9271,13191,0,60000,0.2198,0.0099,0.2782,42922,1,154304,0.2782,0.0000,0.2776,42833,1,154304,0.2776,0.0000
345.55,0.9897,8233,0,60000,0.1372,0.0000,0.9954,8750,0,60000,0.1458,0.0000,0.2782,42922,1,154304,0.2782,0.0000,0.2776,42833,1,154304,0.2776,0.0000
346.05,0.9897,8233,0,60000,0.1372,0.0000,0.9565,12846,0,60000,0.2141,0.0000,0.2782,42922,1,154304,0.2782,0.0000,0.2776,42833,1,154304,0.2776,0.0000
346.55,0.9897,8233,0,60000,0.1372,0.0000,0.8493,8407,0,60000,0.1401,0.0099,0.2782,42922,1,154304,0.2782,0.0000,0.2776,42833,1,154304,0.2776,0.0000
347.05,0.9897,8233,0,60000,0.1372,0.0000,0.8493,8407,0,60000,0.1401,0.0099,0.2782,42922,1,154304,0.2782,0.0000,0.2776,42833,1,154304,0.2776,0.0000
347.55,0.9897,8233,0,60000,0.1372,0.0000,0.9175,12503,0,60000,0.2084,0.0000,0.2782,42922,1,154304,0.2782,0.0000,0.2776,42833,1,154304,0.2776,0.0000
348.05,0.9897,8233,0,60000,0.1372,0.0000,0.9175,12503,0,60000,0.2084,0.0000,0.2782,42922,1,154304,0.2782,0.0000,0.2776,42833,1,154304,0.2776,0.0000
348.55,0.9897,8233,0,60000,0.1372,0.0000,0.9359,12151,0,60000,0.2025,0.0000,0.2782,42922,1,154304,0.2782,0.0000,0.2776,42833,1,154304,0.2776,0.0000
349.05,0.9897,8233,0,60000,0.1372,0.0000,0.9259,16247,0,60000,0.2708,0.0101,0.2782,42922,1,154304,0.2782,0.0000,0.2776,42833,1,154304,0.2776,0.0000
349.55,0.9897,8233,0,60000,0.1372,0.0000,0.9259,16247,0,60000,0.2708,0.0101,0.2782,42922,1,154304,0.2782,0.0000,0.2776,42833,1,154304,0.2776,0.0000
350.05,0.9897,8233,0,60000,0.1372,0.0000,0.9942,11792,0,60000,0.1965,0.0000,0.2782,42922,1,154304,0.2782,0.0000,0.2776,42833,1,154304,0.2776,0.0000
350.55,0.9897,8233,0,60000,0.1372,0.0000,0.9942,15888,0,60000,0.2648,0.0099,0.2782,42922,1,154304,0.2782,0.0000,0.2776,42833,1,154304,0.2776,0.0000
351.05,0.9897,8233,0,60000,0.1372,0.0000,0.9840,11443,0,60000,0.1907,0.0000,0.2782,42922,1,154304,0.2782,0.0000,0.2776,42833,1,154304,0.2776,0.0000
351.55,0.9897,8233,0,60000,0.1372,0.0000,0.9840,11443,0,60000,0.1907,0.0000,0.2782,42922,1,154304,0.2782,0.0000,0.2776,42833,1,154304,0.2776,0.0000
352.05,0.9897,8233,0,60000,0.1372,0.0000,0.9840,15539,0,60000,0.2590,0.0099,0.3338,51503,1,154304,0.3338,0.0000,0.2776,42833,1,154304,0.2776,0.0000
352.55,0.9897,8233,0,60000,0.1372,0.0000,0.9726,11066,0,60000,0.1844,0.0000,0.3338,51503,1,154304,0.3338,0.0000,0.2776,42833,1,154304,0.2776,0.0000
353.05,0.9897,8233,0,60000,0.1372,0.0000,0.9726,15162,0,60000,0.2527,0.0099,0.3338,51503,1,154304,0.3338,0.0000,0.2776,42833,1,154304,0.2776,0.0000
353.55,0.9897,8233,0,60000,0.1372,0.0000,0.9726,15162,0,60000,0.2527,0.0099,0.3338,51503,1,154304,0.3338,0.0000,0.2776,42833,1,154304,0.2776,0.0000
354.05,0.9897,8233,0,60000,0.1372,0.0000,0.8911,10699,0,60000,0.1783,0.0000,0.3338,51503,1,154304,0.3338,0.0000,0.2776,42833,1,154304,0.2776,0.0000
354.55,0.9897,8233,0,60000,0.1372,0.0000,0.9593,14795,0,60000,0.2466,0.0099,0.3338,51503,1,154304,0.3338,0.0000,0.1662,25638,1,154304,0.1662,0.0000
355.05,0.9897,8233,0,60000,0.1372,0.0000,0.9564,10424,0,60000,0.1737,0.0000,0.3338,51503,1,154304,0.3338,0.0000,0.1662,25638,1,154304,0.1662,0.0000
355.55,0.9897,8233,0,60000,0.1372,0.0000,0.9564,14520,0,60000,0.2420,0.0099,0.3338,51503,1,154304,0.3338,0.0000,0.1662,25638,1,154304,0.1662,0.0000
356.05,0.9897,8233,0,60000,0.1372,0.0000,0.9564,14520,0,60000,0.2420,0.0099,0.3338,51503,1,154304,0.3338,0.0000,0.1662,25638,1,154304,0.1662,0.0000
356.55,0.9897,8233,0,60000,0.1372,0.0000,0.9445,10095,0,60000,0.1683,0.0000,0.3338,51503,1,154304,0.3338,0.0000,0.1662,25638,1,154304,0.1662,0.0000
357.05,0.9897,8233,0,60000,0.1372,0.0000,0.9327,14191,0,60000,0.2365,0.0099,0.3338,51503,1,154304,0.3338,0.0000,0.1662,25638,1,154304,0.1662,0.0000
357.55,0.9897,8233,0,60000,0.1372,0.0000,0.9327,9746,0,60000,0.1624,0.0000,0.2781,42919,1,154304,0.2781,0.0000,0.1662,25638,1,154304,0.1662,0.0000
358.05,0.9895,4137,0,60000,0.0689,0.0000,0.9327,9746,0,60000,0.1624,0.0000,0.2781,42919,1,154304,0.2781,0.0000,0.1662,25638,1,154304,0.1662,0.0000
358.55,0.9895,4137,0,60000,0.0689,0.0000,0.9206,13842,0,60000,0.2307,0.0099,0.2781,42919,1,154304,0.2781,0.0000,0.1662,25638,1,154304,0.1662,0.0000
359.05,0.9895,8233,0,60000,0.1372,0.0000,0.9889,9405,0,60000,0.1568,0.0000,0.2781,42919,1,154304,0.2781,0.0000,0.1662,25638,1,154304,0.1662,0.0000
359.55,0.9947,17029,0,60000,0.2838,0.9917,0.9889,13501,0,60000,0.2250,0.0099,0.2781,42919,1,154304,0.2781,0.0000,0.1662,25638,1,154304,0.1662,0.0000
360.05,0.9947,17029,0,60000,0.2838,0.9917,0.9889,13501,0,60000,0.2250,0.0099,0.2781,42919,1,154304,0.2781,0.0000,0.1667,25716,1,154304,0.1667,0.0000
360.55,0.9947,17029,0,60000,0.2838,0.9917,0.9765,9039,0,60000,0.1507,0.0000,0.2781,42919,1,154304,0.2781,0.0000,0.1667,25716,1,154304,0.1667,0.0000
361.05,0.9947,17029,0,60000,0.2838,0.9917,0.9765,13135,0,60000,0.2189,0.0099,0.2781,42919,1,154304,0.2781,0.0000,0.1667,25716,1,154304,0.1667,0.0000
361.55,0.9947,17029,0,60000,0.2838,0.9917,0.9658,8739,0,60000,0.1457,0.0000,0.1112,17155,1,154304,0.1112,0.0000,0.1667,25716,1,154304,0.1667,0.0000
362.05,0.9947,17029,0,60000,0.2838,0.9917,0.9658,12835,0,60000,0.2139,0.0000,0.1112,17155,1,154304,0.1112,0.0000,0.1667,25716,1,154304,0.1667,0.0000
362.55,0.9947,17029,0,60000,0.2838,0.9917,0.9658,12835,0,60000,0.2139,0.0000,0.1112,17155,1,154304,0.1112,0.0000,0.1667,25716,1,154304,0.1667,0.0000
363.05,0.9947,17029,0,60000,0.2838,0.9917,0.9557,16939,0,60000,0.2823,0.9720,0.1112,17155,1,154304,0.1112,0.0000,0.0000,0,1,154304,0.0000,0.0000
363.55,0.9947,17029,0,60000,0.2838,0.9917,0.9531,25653,0,60000,0.4275,0.9917,0.1112,17155,1,154304,0.1112,0.0000,0.0000,0,1,154304,0.0000,0.0000
364.05,0.9947,17029,0,60000,0.2838,0.9917,0.9531,25653,0,60000,0.4275,0.9917,0.1112,17155,1,154304,0.1112,0.0000,0.0000,0,1,154304,0.0000,0.0000
364.55,0.9958,41,0,60000,0.0007,0.0099,0.9531,25653,0,60000,0.4275,0.9917,0.1112,17155,1,154304,0.1112,0.0000,0.0000,0,1,154304,0.0000,0.0000
365.05,0.9900,4137,0,60000,0.0689,0.0000,0.9531,25653,0,60000,0.4275,0.9917,0.0559,8621,1,154304,0.0559,0.0000,0.0000,0,1,154304,0.0000,0.0000
365.55,0.9900,8233,0,60000,0.1372,0.0000,0.9531,25653,0,60000,0.4275,0.9917,0.0559,8621,1,154304,0.0559,0.0000,0.0000,0,1,154304,0.0000,0.0000
366.05,0.9900,8233,0,60000,0.1372,0.0000,0.9531,25653,0,60000,0.4275,0.9917,0.0559,8621,1,154304,0.0559,0.0000,0.0000,0,1,154304,0.0000,0.0000
366.55,0.9900,8233,0,60000,0.1372,0.0000,0.9531,25653,0,60000,0.4275,0.9917,0.0559,8621,1,154304,0.0559,0.0000,0.0000,0,1,154304,0.0000,0.0000
367.05,0.9900,8233,0,60000,0.1372,0.0000,0.9531,25653,0,60000,0.4275,0.9917,0.0559,8621,1,154304,0.0559,0.0000,0.0000,0,1,154304,0.0000,0.0000
367.55,0.9900,8233,0,60000,0.1372,0.0000,0.9531,25653,0,60000,0.4275,0.9917,0.0559,8621,1,154304,0.0559,0.0000,0.0000,0,1,154304,0.0000,0.0000
368.05,0.9900,8233,0,60000,0.1372,0.0000,0.9531,25653,0,60000,0.4275,0.9917,0.0559,8621,1,154304,0.0559,0.0000,0.0000,0,1,154304,0.0000,0.0000
368.55,0.9900,8233,0,60000,0.1372,0.0000,0.9531,25653,0,60000,0.4275,0.9917,0.0559,8621,1,154304,0.0559,0.0000,0.0000,0,1,154304,0.0000,0.0000
369.05,0.9900,8233,0,60000,0.1372,0.0000,0.9531,25653,0,60000,0.4275,0.9917,0.0559,8621,1,154304,0.0559,0.0000,0.0000,0,1,154304,0.0000,0.0000
369.55,0.9900,8233,0,60000,0.1372,0.0000,0.9531,25653,0,60000,0.4275,0.9917,0.0559,8621,1,154304,0.0559,0.0000,0.0000,0,1,154304,0.0000,0.0000
370.05,0.9900,8233,0,60000,0.1372,0.0000,0.9543,8533,0,60000,0.1422,0.9917,0.0559,8621,1,154304,0.0559,0.0000,0.0000,0,1,154304,0.0000,0.0000
370.55,0.9900,8233,0,60000,0.1372,0.0000,0.9543,8533,0,60000,0.1422,0.9917,0.0559,8621,1,154304,0.0559,0.0000,0.0000,0,1,154304,0.0000,0.0000
